$MeshFormat
4.1 0 8
$EndMeshFormat
$Entities
0 0 0 1
1 -63.3166 -54.13 -57.5014 63.5999 97.13509999999999 57.7189 0 0 
$EndEntities
$Nodes
1 2542 1 2542
3 1 0 2542
1
2
3
4
5
6
7
8
9
10
11
12
13
14
15
16
17
18
19
20
21
22
23
24
25
26
27
28
29
30
31
32
33
34
35
36
37
38
39
40
41
42
43
44
45
46
47
48
49
50
51
52
53
54
55
56
57
58
59
60
61
62
63
64
65
66
67
68
69
70
71
72
73
74
75
76
77
78
79
80
81
82
83
84
85
86
87
88
89
90
91
92
93
94
95
96
97
98
99
100
101
102
103
104
105
106
107
108
109
110
111
112
113
114
115
116
117
118
119
120
121
122
123
124
125
126
127
128
129
130
131
132
133
134
135
136
137
138
139
140
141
142
143
144
145
146
147
148
149
150
151
152
153
154
155
156
157
158
159
160
161
162
163
164
165
166
167
168
169
170
171
172
173
174
175
176
177
178
179
180
181
182
183
184
185
186
187
188
189
190
191
192
193
194
195
196
197
198
199
200
201
202
203
204
205
206
207
208
209
210
211
212
213
214
215
216
217
218
219
220
221
222
223
224
225
226
227
228
229
230
231
232
233
234
235
236
237
238
239
240
241
242
243
244
245
246
247
248
249
250
251
252
253
254
255
256
257
258
259
260
261
262
263
264
265
266
267
268
269
270
271
272
273
274
275
276
277
278
279
280
281
282
283
284
285
286
287
288
289
290
291
292
293
294
295
296
297
298
299
300
301
302
303
304
305
306
307
308
309
310
311
312
313
314
315
316
317
318
319
320
321
322
323
324
325
326
327
328
329
330
331
332
333
334
335
336
337
338
339
340
341
342
343
344
345
346
347
348
349
350
351
352
353
354
355
356
357
358
359
360
361
362
363
364
365
366
367
368
369
370
371
372
373
374
375
376
377
378
379
380
381
382
383
384
385
386
387
388
389
390
391
392
393
394
395
396
397
398
399
400
401
402
403
404
405
406
407
408
409
410
411
412
413
414
415
416
417
418
419
420
421
422
423
424
425
426
427
428
429
430
431
432
433
434
435
436
437
438
439
440
441
442
443
444
445
446
447
448
449
450
451
452
453
454
455
456
457
458
459
460
461
462
463
464
465
466
467
468
469
470
471
472
473
474
475
476
477
478
479
480
481
482
483
484
485
486
487
488
489
490
491
492
493
494
495
496
497
498
499
500
501
502
503
504
505
506
507
508
509
510
511
512
513
514
515
516
517
518
519
520
521
522
523
524
525
526
527
528
529
530
531
532
533
534
535
536
537
538
539
540
541
542
543
544
545
546
547
548
549
550
551
552
553
554
555
556
557
558
559
560
561
562
563
564
565
566
567
568
569
570
571
572
573
574
575
576
577
578
579
580
581
582
583
584
585
586
587
588
589
590
591
592
593
594
595
596
597
598
599
600
601
602
603
604
605
606
607
608
609
610
611
612
613
614
615
616
617
618
619
620
621
622
623
624
625
626
627
628
629
630
631
632
633
634
635
636
637
638
639
640
641
642
643
644
645
646
647
648
649
650
651
652
653
654
655
656
657
658
659
660
661
662
663
664
665
666
667
668
669
670
671
672
673
674
675
676
677
678
679
680
681
682
683
684
685
686
687
688
689
690
691
692
693
694
695
696
697
698
699
700
701
702
703
704
705
706
707
708
709
710
711
712
713
714
715
716
717
718
719
720
721
722
723
724
725
726
727
728
729
730
731
732
733
734
735
736
737
738
739
740
741
742
743
744
745
746
747
748
749
750
751
752
753
754
755
756
757
758
759
760
761
762
763
764
765
766
767
768
769
770
771
772
773
774
775
776
777
778
779
780
781
782
783
784
785
786
787
788
789
790
791
792
793
794
795
796
797
798
799
800
801
802
803
804
805
806
807
808
809
810
811
812
813
814
815
816
817
818
819
820
821
822
823
824
825
826
827
828
829
830
831
832
833
834
835
836
837
838
839
840
841
842
843
844
845
846
847
848
849
850
851
852
853
854
855
856
857
858
859
860
861
862
863
864
865
866
867
868
869
870
871
872
873
874
875
876
877
878
879
880
881
882
883
884
885
886
887
888
889
890
891
892
893
894
895
896
897
898
899
900
901
902
903
904
905
906
907
908
909
910
911
912
913
914
915
916
917
918
919
920
921
922
923
924
925
926
927
928
929
930
931
932
933
934
935
936
937
938
939
940
941
942
943
944
945
946
947
948
949
950
951
952
953
954
955
956
957
958
959
960
961
962
963
964
965
966
967
968
969
970
971
972
973
974
975
976
977
978
979
980
981
982
983
984
985
986
987
988
989
990
991
992
993
994
995
996
997
998
999
1000
1001
1002
1003
1004
1005
1006
1007
1008
1009
1010
1011
1012
1013
1014
1015
1016
1017
1018
1019
1020
1021
1022
1023
1024
1025
1026
1027
1028
1029
1030
1031
1032
1033
1034
1035
1036
1037
1038
1039
1040
1041
1042
1043
1044
1045
1046
1047
1048
1049
1050
1051
1052
1053
1054
1055
1056
1057
1058
1059
1060
1061
1062
1063
1064
1065
1066
1067
1068
1069
1070
1071
1072
1073
1074
1075
1076
1077
1078
1079
1080
1081
1082
1083
1084
1085
1086
1087
1088
1089
1090
1091
1092
1093
1094
1095
1096
1097
1098
1099
1100
1101
1102
1103
1104
1105
1106
1107
1108
1109
1110
1111
1112
1113
1114
1115
1116
1117
1118
1119
1120
1121
1122
1123
1124
1125
1126
1127
1128
1129
1130
1131
1132
1133
1134
1135
1136
1137
1138
1139
1140
1141
1142
1143
1144
1145
1146
1147
1148
1149
1150
1151
1152
1153
1154
1155
1156
1157
1158
1159
1160
1161
1162
1163
1164
1165
1166
1167
1168
1169
1170
1171
1172
1173
1174
1175
1176
1177
1178
1179
1180
1181
1182
1183
1184
1185
1186
1187
1188
1189
1190
1191
1192
1193
1194
1195
1196
1197
1198
1199
1200
1201
1202
1203
1204
1205
1206
1207
1208
1209
1210
1211
1212
1213
1214
1215
1216
1217
1218
1219
1220
1221
1222
1223
1224
1225
1226
1227
1228
1229
1230
1231
1232
1233
1234
1235
1236
1237
1238
1239
1240
1241
1242
1243
1244
1245
1246
1247
1248
1249
1250
1251
1252
1253
1254
1255
1256
1257
1258
1259
1260
1261
1262
1263
1264
1265
1266
1267
1268
1269
1270
1271
1272
1273
1274
1275
1276
1277
1278
1279
1280
1281
1282
1283
1284
1285
1286
1287
1288
1289
1290
1291
1292
1293
1294
1295
1296
1297
1298
1299
1300
1301
1302
1303
1304
1305
1306
1307
1308
1309
1310
1311
1312
1313
1314
1315
1316
1317
1318
1319
1320
1321
1322
1323
1324
1325
1326
1327
1328
1329
1330
1331
1332
1333
1334
1335
1336
1337
1338
1339
1340
1341
1342
1343
1344
1345
1346
1347
1348
1349
1350
1351
1352
1353
1354
1355
1356
1357
1358
1359
1360
1361
1362
1363
1364
1365
1366
1367
1368
1369
1370
1371
1372
1373
1374
1375
1376
1377
1378
1379
1380
1381
1382
1383
1384
1385
1386
1387
1388
1389
1390
1391
1392
1393
1394
1395
1396
1397
1398
1399
1400
1401
1402
1403
1404
1405
1406
1407
1408
1409
1410
1411
1412
1413
1414
1415
1416
1417
1418
1419
1420
1421
1422
1423
1424
1425
1426
1427
1428
1429
1430
1431
1432
1433
1434
1435
1436
1437
1438
1439
1440
1441
1442
1443
1444
1445
1446
1447
1448
1449
1450
1451
1452
1453
1454
1455
1456
1457
1458
1459
1460
1461
1462
1463
1464
1465
1466
1467
1468
1469
1470
1471
1472
1473
1474
1475
1476
1477
1478
1479
1480
1481
1482
1483
1484
1485
1486
1487
1488
1489
1490
1491
1492
1493
1494
1495
1496
1497
1498
1499
1500
1501
1502
1503
1504
1505
1506
1507
1508
1509
1510
1511
1512
1513
1514
1515
1516
1517
1518
1519
1520
1521
1522
1523
1524
1525
1526
1527
1528
1529
1530
1531
1532
1533
1534
1535
1536
1537
1538
1539
1540
1541
1542
1543
1544
1545
1546
1547
1548
1549
1550
1551
1552
1553
1554
1555
1556
1557
1558
1559
1560
1561
1562
1563
1564
1565
1566
1567
1568
1569
1570
1571
1572
1573
1574
1575
1576
1577
1578
1579
1580
1581
1582
1583
1584
1585
1586
1587
1588
1589
1590
1591
1592
1593
1594
1595
1596
1597
1598
1599
1600
1601
1602
1603
1604
1605
1606
1607
1608
1609
1610
1611
1612
1613
1614
1615
1616
1617
1618
1619
1620
1621
1622
1623
1624
1625
1626
1627
1628
1629
1630
1631
1632
1633
1634
1635
1636
1637
1638
1639
1640
1641
1642
1643
1644
1645
1646
1647
1648
1649
1650
1651
1652
1653
1654
1655
1656
1657
1658
1659
1660
1661
1662
1663
1664
1665
1666
1667
1668
1669
1670
1671
1672
1673
1674
1675
1676
1677
1678
1679
1680
1681
1682
1683
1684
1685
1686
1687
1688
1689
1690
1691
1692
1693
1694
1695
1696
1697
1698
1699
1700
1701
1702
1703
1704
1705
1706
1707
1708
1709
1710
1711
1712
1713
1714
1715
1716
1717
1718
1719
1720
1721
1722
1723
1724
1725
1726
1727
1728
1729
1730
1731
1732
1733
1734
1735
1736
1737
1738
1739
1740
1741
1742
1743
1744
1745
1746
1747
1748
1749
1750
1751
1752
1753
1754
1755
1756
1757
1758
1759
1760
1761
1762
1763
1764
1765
1766
1767
1768
1769
1770
1771
1772
1773
1774
1775
1776
1777
1778
1779
1780
1781
1782
1783
1784
1785
1786
1787
1788
1789
1790
1791
1792
1793
1794
1795
1796
1797
1798
1799
1800
1801
1802
1803
1804
1805
1806
1807
1808
1809
1810
1811
1812
1813
1814
1815
1816
1817
1818
1819
1820
1821
1822
1823
1824
1825
1826
1827
1828
1829
1830
1831
1832
1833
1834
1835
1836
1837
1838
1839
1840
1841
1842
1843
1844
1845
1846
1847
1848
1849
1850
1851
1852
1853
1854
1855
1856
1857
1858
1859
1860
1861
1862
1863
1864
1865
1866
1867
1868
1869
1870
1871
1872
1873
1874
1875
1876
1877
1878
1879
1880
1881
1882
1883
1884
1885
1886
1887
1888
1889
1890
1891
1892
1893
1894
1895
1896
1897
1898
1899
1900
1901
1902
1903
1904
1905
1906
1907
1908
1909
1910
1911
1912
1913
1914
1915
1916
1917
1918
1919
1920
1921
1922
1923
1924
1925
1926
1927
1928
1929
1930
1931
1932
1933
1934
1935
1936
1937
1938
1939
1940
1941
1942
1943
1944
1945
1946
1947
1948
1949
1950
1951
1952
1953
1954
1955
1956
1957
1958
1959
1960
1961
1962
1963
1964
1965
1966
1967
1968
1969
1970
1971
1972
1973
1974
1975
1976
1977
1978
1979
1980
1981
1982
1983
1984
1985
1986
1987
1988
1989
1990
1991
1992
1993
1994
1995
1996
1997
1998
1999
2000
2001
2002
2003
2004
2005
2006
2007
2008
2009
2010
2011
2012
2013
2014
2015
2016
2017
2018
2019
2020
2021
2022
2023
2024
2025
2026
2027
2028
2029
2030
2031
2032
2033
2034
2035
2036
2037
2038
2039
2040
2041
2042
2043
2044
2045
2046
2047
2048
2049
2050
2051
2052
2053
2054
2055
2056
2057
2058
2059
2060
2061
2062
2063
2064
2065
2066
2067
2068
2069
2070
2071
2072
2073
2074
2075
2076
2077
2078
2079
2080
2081
2082
2083
2084
2085
2086
2087
2088
2089
2090
2091
2092
2093
2094
2095
2096
2097
2098
2099
2100
2101
2102
2103
2104
2105
2106
2107
2108
2109
2110
2111
2112
2113
2114
2115
2116
2117
2118
2119
2120
2121
2122
2123
2124
2125
2126
2127
2128
2129
2130
2131
2132
2133
2134
2135
2136
2137
2138
2139
2140
2141
2142
2143
2144
2145
2146
2147
2148
2149
2150
2151
2152
2153
2154
2155
2156
2157
2158
2159
2160
2161
2162
2163
2164
2165
2166
2167
2168
2169
2170
2171
2172
2173
2174
2175
2176
2177
2178
2179
2180
2181
2182
2183
2184
2185
2186
2187
2188
2189
2190
2191
2192
2193
2194
2195
2196
2197
2198
2199
2200
2201
2202
2203
2204
2205
2206
2207
2208
2209
2210
2211
2212
2213
2214
2215
2216
2217
2218
2219
2220
2221
2222
2223
2224
2225
2226
2227
2228
2229
2230
2231
2232
2233
2234
2235
2236
2237
2238
2239
2240
2241
2242
2243
2244
2245
2246
2247
2248
2249
2250
2251
2252
2253
2254
2255
2256
2257
2258
2259
2260
2261
2262
2263
2264
2265
2266
2267
2268
2269
2270
2271
2272
2273
2274
2275
2276
2277
2278
2279
2280
2281
2282
2283
2284
2285
2286
2287
2288
2289
2290
2291
2292
2293
2294
2295
2296
2297
2298
2299
2300
2301
2302
2303
2304
2305
2306
2307
2308
2309
2310
2311
2312
2313
2314
2315
2316
2317
2318
2319
2320
2321
2322
2323
2324
2325
2326
2327
2328
2329
2330
2331
2332
2333
2334
2335
2336
2337
2338
2339
2340
2341
2342
2343
2344
2345
2346
2347
2348
2349
2350
2351
2352
2353
2354
2355
2356
2357
2358
2359
2360
2361
2362
2363
2364
2365
2366
2367
2368
2369
2370
2371
2372
2373
2374
2375
2376
2377
2378
2379
2380
2381
2382
2383
2384
2385
2386
2387
2388
2389
2390
2391
2392
2393
2394
2395
2396
2397
2398
2399
2400
2401
2402
2403
2404
2405
2406
2407
2408
2409
2410
2411
2412
2413
2414
2415
2416
2417
2418
2419
2420
2421
2422
2423
2424
2425
2426
2427
2428
2429
2430
2431
2432
2433
2434
2435
2436
2437
2438
2439
2440
2441
2442
2443
2444
2445
2446
2447
2448
2449
2450
2451
2452
2453
2454
2455
2456
2457
2458
2459
2460
2461
2462
2463
2464
2465
2466
2467
2468
2469
2470
2471
2472
2473
2474
2475
2476
2477
2478
2479
2480
2481
2482
2483
2484
2485
2486
2487
2488
2489
2490
2491
2492
2493
2494
2495
2496
2497
2498
2499
2500
2501
2502
2503
2504
2505
2506
2507
2508
2509
2510
2511
2512
2513
2514
2515
2516
2517
2518
2519
2520
2521
2522
2523
2524
2525
2526
2527
2528
2529
2530
2531
2532
2533
2534
2535
2536
2537
2538
2539
2540
2541
2542
-51.1796 67.23220000000001 -57.5014
-53.1582 66.50449999999999 -57.3845
27.2325 -9.98146 18.2358
-56.8559 58.8703 -55.6923
-53.0296 68.90819999999999 -54.5182
-30.8732 -53.6859 9.90765
-57.3007 61.8968 -52.8043
-52.8308 76.7152 -52.5964
-51.3908 74.7328 -54.7921
-7.99194 19.6181 30.5747
-20.6344 -22.8984 7.94318
-49.6802 74.91800000000001 -53.8419
-41.5958 -23.6379 10.3012
-56.2048 69.48269999999999 -54.8845
-56.4004 73.9298 -51.3291
-58.5258 58.2955 -52.215
-53.9922 65.9161 -54.5307
-32.4928 -1.29055 20.7671
-57.4651 66.6241 -53.8363
-60.4092 60.9027 -52.5686
-4.35478 2.58961 38.1923
-55.4452 75.9507 -45.6887
-56.8303 59.7258 -52.1619
-21.633 5.62808 26.0195
-56.4246 64.9584 -49.3472
-60.6463 64.5624 -47.1859
-55.3116 70.5663 -48.0532
-56.4417 64.0438 -47.6641
-59.2473 68.67789999999999 -50.5016
0.33842 61.6283 -48.651
-15.0553 -5.64156 11.4337
-1.47716 59.0826 -48.5094
-55.9848 69.7079 -48.8106
-60.8602 68.0634 -46.6571
-53.5653 72.4393 -47.4047
-60.4363 58.8614 -46.0904
-55.4895 62.098 -46.4049
-57.891 70.18170000000001 -47.1736
-59.6133 72.9444 -45.2792
-2.34582 58.8401 -46.177
-27.4493 17.2479 18.5987
32.1273 9.11505 9.952769999999999
-58.0633 58.8757 -46.4932
-58.8772 71.107 -46.1023
-58.5231 75.5977 -44.9566
-48.2034 84.5213 -45.4502
2.71223 58.9197 -47.5636
-61.9975 61.6891 -46.6543
-0.699978 64.0068 -41.9206
-61.7085 64.824 -44.4224
2.67424 60.9921 -46.1599
-54.0887 66.4881 -46.1025
-50.9173 81.8626 -45.5458
25.474 57.7865 20.4603
5.47511 56.3828 -43.6594
17.97 42.4637 27.0871
-2.22876 60.7938 -45.6603
-27.219 43.1008 9.90676
-53.5409 82.9286 -44.1095
-53.094 75.0879 -46.577
-54.6283 76.8137 -43.1931
-0.144887 57.4977 -45.3716
-5.54775 59.5961 -43.9434
-62.258 59.9896 -44.3541
20.7281 76.4576 18.8937
52.4349 81.1614 -43.261
-4.94808 57.184 -43.3895
-54.8004 63.5539 -41.6672
-52.3316 73.20740000000001 -41.612
-59.9132 75.1408 -41.7737
57.5035 77.29130000000001 -42.6632
33.1979 -15.5421 6.42428
0.750767 55.026 -42.0623
-60.5384 58.0866 -42.8784
4.7426 87.82080000000001 15.9319
-56.4153 59.5973 -45.9919
-62.4637 67.28749999999999 -44.006
-52.1643 70.47239999999999 -42.4362
57.9156 75.7457 -43.8212
-57.6786 76.2195 -42.0294
54.9342 83.0012 -41.8312
-1.98559 54.7968 -40.9354
-52.7447 65.1262 -39.6561
-61.012 72.37860000000001 -41.5656
-57.0817 78.6849 -40.7567
-50.7453 78.3361 -41.0551
2.63884 54.3674 -40.0408
6.60662 60.1829 -43.5672
-62.8797 63.0013 -44.1929
17.6548 80.70610000000001 11.0147
61.0944 75.639 -40.4773
-2.54551 62.3253 -42.0514
17.7672 32.0942 10.6642
-57.3698 58.4947 -41.6959
58.7052 70.26519999999999 -37.2502
-50.275 75.19929999999999 -39.2812
-51.688 80.092 -39.8232
-54.2189 80.4973 -38.8397
8.188829999999999 61.3003 -37.404
-53.7221 68.0193 -41.8975
35.0667 -2.09163 5.67858
59.8675 73.54600000000001 -41.7636
57.4292 74.71339999999999 -38.0463
55.3413 79.7488 -42.4374
2.48732 63.7988 -40.0163
-51.6447 68.4517 -38.2842
58.3456 81.3951 -38.0746
-24.0893 -36.5525 19.2909
-21.978 22.1648 19.4372
-62.1581 60.0597 -38.6632
-6.71697 61.3225 -40.7894
-54.3623 61.4145 -40.5096
-1.33587 64.3357 -39.3325
5.30859 55.7882 -39.7521
7.16491 57.7079 -39.3409
-50.2376 77.44840000000001 -38.6133
-24.8002 44.1176 21.2939
-1.43485 66.1395 -36.711
16.0698 -30.2268 8.84174
60.0318 77.7915 -35.1907
48.1318 88.5416 -40.6103
-7.08532 58.5678 -39.7187
2.87962 65.8925 -36.6121
-61.7534 69.693 -39.3852
-61.3657 70.4224 -35.9027
-60.859 74.2967 -38.2106
-5.89983 -2.16455 46.6337
-56.2122 79.8176 -38.885
50.9449 86.6461 -34.2749
2.27134 54.0339 -36.2274
19.8546 -11.546 19.3209
-4.73262 55.7242 -39.3622
-8.707090000000001 60.1523 -33.6442
-62.9166 63.872 -37.822
14.6762 -21.8035 9.563129999999999
62.6727 72.6537 -35.6683
57.1358 76.8484 -37.3281
-52.0731 76.739 -35.3216
52.931 86.0971 -38.0125
-2.62168 15.2913 29.9012
-52.9211 59.9233 -35.323
32.2621 -16.871 13.0237
-22.2105 -17.609 10.3032
60.4565 76.3074 -38.121
56.0566 74.7608 -36.2306
-59.6203 75.8926 -37.9435
30.5034 0.7823560000000001 19.3134
4.02426 55.3855 -34.1104
-57.4071 58.4308 -36.7414
-18.1443 -8.712910000000001 10.5248
-39.9078 -36.5461 18.0725
27.5352 -5.7616 19.8106
60.1958 75.8267 -35.8193
54.5988 78.69540000000001 -36.367
54.1673 81.52079999999999 -36.9965
-2.26483 55.3502 -35.395
1.51755 66.43340000000001 38.5728
-20.2833 7.57921 25.8141
50.0759 85.9173 -38.647
7.58012 58.4399 -36.0567
-61.6844 60.824 -35.8064
56.7126 70.8552 -36.3094
-49.4097 70.477 -33.4209
-0.709817 69.13379999999999 -34.5623
-22.1459 37.0732 4.99343
-7.26542 22.6323 31.4634
3.20551 3.94346 29.8865
52.382 88.01390000000001 -35.3967
-0.761589 54.0535 -35.1871
-59.5503 60.2349 -32.5776
4.02802 63.0831 -37.7028
21.6574 40.5648 6.42732
4.28752 68.07170000000001 -33.9243
37.03 -50.2766 12.6285
-21.8836 24.0554 11.5739
20.3137 12.6411 21.933
16.8799 26.9732 9.71144
17.6595 -53.361 13.8163
2.11046 55.2238 -34.6678
-22.9988 45.7372 26.4749
62.0017 69.5621 -34.9712
-6.94479 71.26309999999999 -33.7948
-21.1776 27.0809 15.7891
-57.5928 78.44329999999999 -36.4098
54.0251 80.2026 -34.1674
55.2565 81.8664 -34.0922
58.1872 81.2105 -32.0189
27.1765 47.6932 12.6751
-61.7483 64.877 -34.2298
24.1303 69.5108 17.8726
54.4254 86.8601 -35.6649
-33.9494 53.0631 10.8653
8.14981 64.0809 -30.3981
-7.97286 62.935 -35.6135
37.3408 61.1848 8.60596
58.5171 67.51649999999999 -34.3003
-2.81362 70.3982 -33.5666
15.2843 40.8679 30.5836
-17.858 40.8598 30.7431
-5.17659 55.3108 -36.1013
-55.9752 58.7639 -34.1165
25.6037 70.5891 11.4848
8.66412 58.9445 -32.8769
-51.3708 63.4188 -35.4695
-3.31441 64.6915 -34.3728
7.34736 70.5765 -33.8113
-59.9405 74.0431 -34.1221
-3.85515 73.5489 -30.9785
-1.48525 51.0421 -31.4802
-56.6338 56.6793 -32.8882
-51.0501 56.8188 -34.9229
-49.3671 57.3221 -30.0792
3.81753 56.4577 -31.4465
-4.45748 66.247 -32.8814
5.73796 65.2482 -31.1564
-61.1184 68.90089999999999 -33.5231
-19.2084 81.601 16.4761
59.1099 67.0433 -31.4113
1.86787 90.12520000000001 11.2078
-50.0838 73.9479 -34.3352
-53.0889 76.37439999999999 -33.0292
56.9254 82.75060000000001 -32.2505
-5.20572 56.8961 -34.6148
-5.44991 53.3082 -29.7535
-25.5055 62.557 27.4515
-47.8995 66.5989 -32.4729
63.5999 72.3081 -31.973
53.601 75.5637 -33.5148
51.5633 79.3064 -31.491
1.49851 51.4419 -31.395
-11.1327 87.40689999999999 4.66933
-7.50302 67.73699999999999 -32.4462
-8.74371 73.95480000000001 -27.9674
-8.740869999999999 89.19110000000001 7.06863
51.9429 82.6674 -33.4031
-48.2383 54.0225 -30.2563
-28.1199 -41.1277 9.170500000000001
-23.2291 -39.81 13.9668
61.8659 68.0718 -29.603
34.5313 -52.5519 8.09075
-55.1679 74.1776 -29.6492
59.8042 79.9151 -33.9534
55.8566 84.99339999999999 -28.9466
11.0571 77.3661 31.5527
-7.01898 64.494 -31.46
-4.82971 -8.199949999999999 57.7189
8.29321 69.1472 -31.2229
53.8987 72.60899999999999 -30.6538
-17.403 92.7726 -31.1324
-17.8313 96.3329 -30.5079
5.93201 55.8355 -28.8599
16.4382 -17.7743 12.6442
2.56178 71.87009999999999 -29.9705
-12.3887 87.7084 -26.339
-10.5252 89.5026 -29.9593
12.9157 -7.1938 12.0874
-3.76045 51.8065 -30.9439
4.42471 52.7355 -29.6777
-7.17654 60.0883 -30.7319
55.7575 68.1915 -31.8864
-44.1264 63.1502 -26.6104
-60.1722 65.095 -30.9743
-58.3974 72.10590000000001 -29.4398
8.107250000000001 71.81610000000001 -32.1219
-47.8986 72.45869999999999 -30.3795
21.6528 -43.5652 10.8441
49.0396 89.7347 -34.0795
20.7416 -38.2867 30.7967
-16.6478 91.60420000000001 -26.8643
-21.98 95.9915 -31.6122
0.597025 52.0686 -27.8218
23.0501 -10.4571 19.8575
-9.01591 62.4781 -29.9836
-60.5175 69.5885 -27.7685
-44.3249 70.0966 -30.9803
50.9089 70.2034 -24.8193
-44.4979 -45.5198 7.15007
3.91286 74.70050000000001 -30.0666
11.5897 83.01690000000001 -29.0886
13.5337 87.3192 -29.7247
-33.3748 14.1838 12.1045
-0.9955580000000001 4.07297 37.6013
-21.8319 96.9465 -29.1984
-57.6187 54.6565 -28.9064
-61.9659 60.9235 -27.8128
-9.0054 61.8289 -26.7314
6.14035 59.0786 -29.7865
-61.5081 64.7069 -29.4068
-29.5839 -38.5482 6.96963
-28.7303 -4.11633 21.3389
54.4847 64.691 -27.4126
-9.464499999999999 71.6978 -28.2432
9.94781 73.6255 -24.2325
-52.6018 73.81319999999999 -30.8689
52.8014 75.7043 -29.7634
-0.285688 75.7366 -29.5183
-20.1746 28.3122 10.4916
-20.0513 33.1365 12.1725
14.8798 94.2908 -26.6474
-27.2089 -36.3839 6.84016
-53.2222 53.8553 -30.6507
-27.5581 44.8393 8.54405
-7.33067 76.09990000000001 -29.2908
61.3485 78.52500000000001 -32.0541
2.37663 16.342 30.3859
-2.83622 17.8893 30.4562
49.6611 84.07989999999999 -27.4176
57.0168 84.01909999999999 -30.1959
2.28538 17.9688 29.8939
-33.5048 58.5435 10.8552
-2.40916 6.39218 19.2109
-53.5066 52.2162 -26.6299
25.5557 8.01243 23.4603
-46.1066 58.9526 -28.1155
-58.3746 72.452 -25.6734
26.6322 67.8569 9.20485
5.28318 73.27160000000001 -29.1157
62.7864 74.32940000000001 -28.1035
-10.823 85.7555 -30.3035
49.2471 86.61239999999999 -26.9225
10.4207 83.6486 -25.9341
50.1308 90.8227 -31.7739
-22.0975 93.4659 -27.7174
34.8854 47.7771 10.3929
-5.11739 56.3249 -25.811
9.89381 68.9222 35.0779
52.9187 60.3518 -27.2902
-11.6118 63.8923 -27.9557
-20.8682 37.5007 17.1877
8.33888 88.44670000000001 10.3557
-11.6248 26.0161 30.439
-49.5964 -53.3414 11.7972
-11.3358 85.3848 -27.7229
-48.177 -47.9419 6.44821
-11.0976 28.9753 30.7495
16.3711 91.69799999999999 -28.6475
-12.7899 94.9939 -27.5487
34.0842 -22.4169 9.432700000000001
19.3432 95.2166 -28.5526
-49.7044 51.2536 -26.0196
4.01128 56.3814 -25.0038
-29.874 59.2387 19.2257
52.4302 67.6516 -27.228
59.1299 65.3372 -28.8466
8.883179999999999 66.3633 -27.6667
8.838900000000001 70.6917 -26.1641
-41.9325 -13.6013 7.46156
-27.8999 65.75920000000001 20.2586
7.92901 75.9466 -27.6418
-0.471327 77.62050000000001 -27.2298
35.1871 -47.3254 11.1229
9.056929999999999 85.4466 -27.3595
-7.97356 87.51260000000001 -27.6504
-1.62774 -7.94901 52.5995
22.7315 95.9859 -26.7776
56.253 61.935 -26.6235
8.811859999999999 62.973 -27.7627
50.7601 80.3094 -28.5254
2.00773 79.3436 -26.5961
-25.2052 -53.8528 18.1726
20.3462 53.1588 30.3723
-60.8343 57.8457 -28.7884
12.2586 -6.17173 8.922549999999999
49.5371 61.3276 -28.0022
11.5668 64.453 -25.2879
33.2354 -25.21 11.0364
-51.0632 74.30200000000001 -24.6526
20.2314 58.7017 30.7234
4.78006 77.9329 -26.6909
-40.2239 1.03856 7.56671
-25.7257 -52.3195 26.0013
-40.4874 -14.5832 13.454
-0.669672 83.93899999999999 28.9422
-6.74184 12.9787 28.4984
-45.6281 52.2608 -25.6221
-31.7288 -49.5091 25.3504
-57.7375 53.9982 -24.11
-43.6728 59.3482 -24.5807
7.18298 61.0959 -23.7846
-3.94695 5.88152 9.31282
-63.3132 63.6017 -25.5083
63.2962 70.11799999999999 -29.0718
59.8738 78.25749999999999 -24.6179
9.49991 78.2769 -25.9836
-9.888949999999999 79.2984 -26.0548
-5.66973 78.47499999999999 -26.1477
-4.21087 79.8402 -26.5046
58.0097 83.1966 -26.7829
28.4084 14.0301 9.98541
-19.0183 71.2135 30.1921
22.8827 -53.6447 27.7213
-17.0892 97.1046 -27.2461
20.7842 97.13509999999999 -24.6344
16.4549 71.9238 29.3322
6.34558 2.18284 11.9629
8.0138 60.0562 -26.1974
-60.3488 57.1538 -22.4719
-25.2295 -44.3345 14.2261
57.6277 64.95180000000001 -26.6346
-6.61968 71.10899999999999 36.538
-28.0953 -21.74 21.2016
48.6732 77.84529999999999 -23.5678
31.4376 -18.2417 19.2251
-6.66455 81.73520000000001 -25.0884
55.5925 83.54470000000001 -26.2283
18.2622 22.1094 5.55116
-20.9493 22.2222 5.59821
-18.9743 87.8223 -24.3821
5.63492 3.3599 19.7297
-20.8973 24.5223 8.7112
30.653 -16.8058 16.086
48.6149 58.8213 -26.1693
48.4534 59.5836 -22.9066
60.3505 63.1985 -23.3355
14.2825 60.3085 35.7621
-44.0872 71.52589999999999 -24.179
-22.3747 25.4017 15.5582
-40.8298 -19.6023 17.7837
-11.1077 75.6939 -25.7266
51.1305 75.8372 -27.3306
19.7629 -52.7753 31.6858
19.3128 29.2713 12.7906
-23.0408 70.28579999999999 24.3543
18.3243 34.4757 11.9803
48.721 81.49760000000001 -26.6817
7.19585 81.1208 -23.6201
16.2971 -49.2007 32.2075
-27.7109 -7.80448 19.254
-20.5426 93.9769 -25.7411
18.1801 93.2389 -26.2258
-17.9725 31.4405 23.8707
13.3313 93.49930000000001 -22.7119
-1.78892 52.9829 -26.8968
15.9267 -44.9767 29.5103
20.211 -44.5579 29.2251
49.1861 66.6271 -24.0418
30.8949 -36.0827 18.4149
-2.73093 -7.27317 46.7887
-45.957 73.01690000000001 -26.7487
7.43651 78.2372 -24.5442
53.2171 86.976 -26.9915
37.0776 47.9604 9.133609999999999
-18.6167 86.2726 -23.0097
-12.8035 0.233319 19.801
-47.9171 50.2864 -22.3499
29.5703 62.3008 13.0617
-46.2486 54.9818 -24.8215
-38.4613 -41.2726 11.0338
-12.1499 63.6355 -24.3192
-45.1962 67.8099 -27.6015
-42.0275 69.4855 -24.6397
3.45221 13.8438 28.603
22.0095 74.48139999999999 9.30364
-56.6479 73.0886 -22.7325
61.0223 74.61199999999999 -23.6861
7.85843 88.00530000000001 -23.331
-8.79529 90.49469999999999 -25.1172
-31.063 9.71261 23.0718
-31.8893 13.9549 19.0764
-7.0757 59.599 -21.5395
61.9177 70.0898 -24.0658
27.0289 -44.5065 23.8628
10.7949 77.4123 -25.1924
-6.39813 85.565 -24.2863
14.68 89.64870000000001 -24.5957
-14.4366 95.8647 -24.1138
46.6217 57.0674 -23.8963
51.9633 56.6803 -24.4619
60.8815 67.32680000000001 -22.341
31.0526 -45.2509 10.8121
19.7314 -43.4945 12.2324
4.30323 80.66289999999999 -22.2525
20.0698 75.1936 7.8809
-2.05469 80.9735 -23.6808
-14.8682 87.6866 -23.9723
-17.2756 95.87269999999999 -24.0168
-4.1671 55.3391 -21.6628
6.40974 69.3687 36.5167
12.0272 63.704 -23.0232
-17.1522 83.35509999999999 9.285970000000001
-40.9016 66.8884 -24.0992
-62.0355 66.99509999999999 -23.8658
-13.5843 69.477 -24.2057
-50.2041 73.4654 -22.0899
-9.735860000000001 81.524 -22.5566
-4.77116 83.8139 -22.3019
22.0084 93.8379 -24.3068
9.828469999999999 83.928 23.4545
32.834 -20.26 13.4225
-42.0333 -18.5827 11.9822
-41.9089 59.6418 -21.9038
-42.346 64.3694 -22.5731
-5.46676 88.8201 16.5214
9.26801 37.8056 30.3735
25.6576 65.6598 19.4803
9.51172 80.02419999999999 -22.2312
57.0516 80.9867 -21.7749
14.5868 -20.9755 19.6481
-16.4045 83.8022 -22.305
54.7624 85.1969 -23.924
25.2306 -53.239 5.8318
1.30163 54.4235 -20.4322
44.2064 54.5228 -21.5076
3.35258 55.1901 -22.6424
56.5724 58.4048 -24.1411
58.9099 58.5613 -20.7198
5.92277 58.817 -20.2199
-63.3166 59.9607 -22.0395
47.5925 68.9102 -21.4864
12.624 69.9439 -22.4954
59.7949 70.471 -20.358
48.1909 73.91200000000001 -21.4466
51.722 85.2675 -22.6834
-38.8017 -39.1087 18.2643
20.6978 90.63890000000001 -22.1695
-18.3519 -7.24384 15.6028
-8.64602 90.1748 -21.5948
-52.3428 50.4813 -21.4596
25.4067 -26.8849 27.6453
-38.8425 4.95285 11.232
-6.1578 0.575307 34.1497
-39.231 62.3028 -21.8693
9.044029999999999 63.0373 -23.5377
-38.9949 65.64870000000001 -21.9793
-36.6455 9.52237 11.1218
-11.8042 77.4015 -22.3718
-13.5111 79.75279999999999 -22.147
48.8057 83.7047 -23.4562
53.8129 83.6846 -20.78
-9.82147 89.1327 -19.1718
24.1638 65.1093 21.5
-43.453 51.758 -22.6985
50.4826 53.7494 -22.1896
-1.92506 54.3206 -20.6711
-38.7706 59.0707 -22.0414
-43.144 70.91160000000001 -20.9679
-62.2535 68.81789999999999 -21.2798
-13.7531 74.02889999999999 -21.3802
-58.9637 72.1641 -19.9958
12.4686 37.8623 27.2449
50.0943 80.54349999999999 -20.2473
-38.8457 -21.5511 20.4813
1.51259 82.4987 -22.8772
15.0817 84.5051 -21.1757
-17.8075 89.4663 -22.2775
15.5559 92.943 -20.7423
-15.4003 75.6683 29.736
7.91232 63.0092 -20.6903
-52.0939 72.90949999999999 -19.8062
24.5508 -6.9663 21.0882
20.0517 -8.00995 20.6736
6.87085 13.8596 27.1122
17.0991 81.9222 -19.8298
21.8126 -22.2683 26.0103
-29.8244 64.434 11.7297
-9.66872 60.605 38.3496
-40.8617 54.1959 -22.8316
8.48868 70.7577 36.0329
4.22602 70.2495 37.3986
44.1167 63.9574 -17.6777
-9.61378 64.0039 -21.9409
-13.9958 66.15430000000001 -21.3314
13.5127 68.48350000000001 -16.652
61.9184 65.5776 -18.2152
5.26463 19.2693 30.566
18.3393 -30.4501 7.91196
21.7752 -31.6485 8.791090000000001
-8.139480000000001 89.24809999999999 14.6042
-33.609 -4.56522 18.7575
-55.2189 51.9727 -18.7511
31.8309 -26.2446 7.58186
53.0187 53.3563 -19.6515
-62.5934 57.5453 -20.8629
47.2087 62.0528 -21.6032
11.9582 76.5508 -21.1278
6.50874 83.2895 -20.1565
-15.4839 82.89790000000001 -20.669
-7.50988 88.01390000000001 -20.3864
17.6576 -49.4741 12.821
-57.4979 54.7479 -18.0814
-44.5446 -45.5889 12.9621
-33.4504 11.4365 20.1534
45.3866 57.0284 -19.3129
-43.8925 -43.9555 9.946619999999999
-24.8548 -41.769 14.2582
-40.8505 -42.1156 13.3008
-23.5342 18.9883 21.2872
-0.439765 84.657 -18.5492
16.7285 89.6999 -19.1195
0.381027 11.8671 30.8667
-15.3733 92.9178 -21.0673
-13.9079 15.2333 27.8645
18.6281 -38.1362 12.9455
-63.1329 64.5059 -20.0586
12.8293 72.0899 -18.7431
57.5694 73.1658 -17.791
59.8864 74.5676 -21.1573
-1.61737 21.6543 31.6088
54.5615 80.3888 -18.7398
-24.1495 41.8091 23.6443
31.2765 -31.2903 11.5262
47.2762 51.8019 -19.8729
-39.3813 54.2133 -16.6674
-37.8439 57.5111 -16.4866
5.46148 21.9272 31.199
-27.6797 -11.2967 15.9057
-37.8565 62.5415 -18.7671
-39.4326 66.3814 -17.365
-55.3606 70.0303 -17.2161
11.7279 76.9971 -15.483
57.3167 79.6584 -20.1058
-34.731 -15.4276 19.3135
32.4163 -25.4176 13.3274
-46.4289 49.9248 -19.0362
8.49174 26.73 31.3781
-44.5424 49.98 -17.3233
46.6455 49.9808 -16.9859
-11.4643 15.593 27.4563
41.8769 52.9877 -18.3991
4.92924 56.7435 -18.4814
-61.0975 64.62130000000001 -16.0644
8.186360000000001 61.7321 -16.5009
-46.3409 71.8128 -19.8844
-21.9596 -10.9862 13.2702
48.7769 75.9254 -18.5712
3.47198 83.5245 -18.3922
11.0885 26.4821 29.9601
2.79535 -2.46547 37.3153
-8.092919999999999 5.72052 6.62888
61.6525 67.96680000000001 -16.5266
59.6225 71.995 -15.7806
-5.15115 85.35639999999999 -19.1745
-12.1907 87.1703 -17.8451
-13.9087 34.5316 30.572
40.4346 55.6865 -18.1815
4.36873 57.0192 -16.9702
2.19814 3.70041 11.9775
-51.1791 71.5963 -17.3386
44.98 74.44499999999999 -18.5162
53.7785 75.9562 -16.5414
-14.1218 75.3492 -17.4246
-14.3762 39.8642 29.7951
8.790150000000001 41.431 33.8449
51.2222 51.1541 -18.2045
22.2199 18.7744 10.1553
0.261071 54.2695 -17.7221
5.83298 74.6307 35.3284
-34.4788 -38.0911 22.8284
-9.35191 61.2147 -17.3755
-16.4689 66.0055 -15.9849
-11.6035 66.3925 -17.1787
46.3281 71.1973 -19.5668
-15.331 72.1635 -16.9469
18.8327 -28.7305 27.7565
11.8653 78.2723 -17.0081
-10.9763 80.0348 -16.3476
12.3995 80.8612 -16.4407
10.2749 85.5415 -16.354
-5.27067 56.5859 -18.0416
-19.9733 48.7909 31.2374
38.6093 58.743 -15.9663
61.6472 62.5326 -18.4446
42.3512 59.1643 -15.6251
10.3942 66.3308 -18.9449
18.4884 53.3948 31.4504
-15.3099 70.3159 -19.565
-46.0578 70.72880000000001 -16.709
-38.0754 -26.6438 21.3296
-30.2063 56.7231 13.2119
34.5249 51.5466 13.0219
8.67136 87.5685 -18.9605
-49.0754 50.2012 -15.0601
-44.0472 51.2062 -15.8511
-60.6244 56.6098 -15.3025
-25.1595 41.4013 6.6652
0.403204 48.4025 35.3912
9.77993 63.6771 -14.6425
-2.4832 2.15243 28.0889
-28.712 70.39709999999999 11.5829
-53.9774 68.85809999999999 -14.1702
-20.6809 77.4452 21.7287
-21.307 -29.9398 8.75651
10.1295 82.70999999999999 -15.3847
-7.67572 84.9674 -14.7403
-20.6489 79.4931 11.37
19.0302 -19.1046 23.0515
56.452 54.936 -17.4642
16.8683 70.3498 30.444
62.9549 63.4602 -15.835
23.9938 -4.84147 20.9614
-23.2319 -3.92241 22.543
-5.73419 -1.87741 50.927
-40.8378 68.73050000000001 -18.2648
-17.4182 69.7637 -14.3579
54.7068 75.76779999999999 -14.6178
50.2903 76.3413 -15.3903
-11.4374 81.8486 -17.0449
25.6864 -50.2315 25.2891
-9.17159 44.6204 -15.1928
0.464213 -1.06461 46.1637
43.7743 49.3971 -14.9615
-39.8303 49.7234 -14.8987
24.5361 -1.70199 22.8601
-40.5395 51.9408 -15.8256
38.0695 61.757 -14.1171
-1.2028 67.438 37.8399
-28.1598 69.8223 9.832079999999999
-19.4117 63.81 -14.6096
-3.44345 70.5878 37.6359
8.13133 77.6863 32.7494
28.9493 -1.6496 20.3137
-59.6009 68.25530000000001 -16.2391
4.26004 6.60909 24.5777
-4.59915 47.0872 -14.2197
-15.2477 48.4058 -15.1832
26.2245 -43.2679 13.3167
5.31828 56.4268 -13.9692
-25.1072 -49.1342 25.6891
23.7913 -41.5534 14.0978
4.29969 5.96638 21.8954
-38.1397 61.4326 -15.4324
16.0415 -53.6033 30.5397
22.5118 53.947 25.896
41.7017 65.50369999999999 -13.9277
22.389 -36.4057 12.1455
-4.80815 86.09820000000001 -14.0518
-23.3742 -35.1924 9.83817
5.86243 43.4256 -14.6036
-13.2389 42.71 -14.6513
-24.5201 73.5488 9.67168
54.6773 52.3824 -13.7333
-34.3788 52.8467 -13.4245
-4.89738 -0.236057 31.463
-55.3948 55.1162 -13.1787
-3.97039 54.9884 -15.3115
3.30903 0.683236 34.5531
15.8431 82.0885 18.2144
19.1632 70.06789999999999 29.2356
-38.8896 63.9587 -14.4218
9.92794 56.8026 36.7246
-17.9752 35.1785 23.0846
-12.8535 77.98520000000001 -14.0828
7.1617 83.4855 -14.1736
-40.1289 -30.7583 12.1637
10.0948 42.1059 -13.9565
2.09398 42.241 -13.8727
-4.11893 42.0213 -13.8295
10.1418 47.2727 -14.4573
-5.41927 66.782 38.396
50.4611 50.0006 -14.7594
-52.5758 51.4273 -14.9109
2.24029 53.2781 -14.3514
11.6426 55.334 36.9487
-28.8561 53.8902 19.5537
-19.628 -9.709860000000001 14.1749
-27.2179 54.1521 24.1729
-34.2578 56.8414 -14.1228
-8.38434 57.1804 -14.698
10.8046 67.6557 -12.0513
-0.712157 24.6204 31.212
-48.621 70.3939 -14.0966
45.0184 74.3625 -14.8068
-26.1621 69.00530000000001 21.071
7.93226 0.789226 14.0271
33.9959 -2.62649 13.4549
-8.78185 82.6784 -13.6697
-9.50897 38.0085 -13.6359
-8.03166 27.0261 31.7539
-17.6061 45.5848 -13.8348
-38.0747 1.69116 15.3519
-0.448082 -5.49438 36.5196
-16.0237 82.43559999999999 21.144
-34.2747 6.8774 20.6024
-19.001 55.9948 34.629
33.7548 5.38694 11.2643
7.78837 55.1945 -13.2395
-59.3257 59.7883 -13.1621
-0.441295 89.51779999999999 16.8607
-12.4136 66.36750000000001 -14.2566
2.3722 -0.431601 31.358
-55.9421 67.44110000000001 -11.6403
40.2511 68.9759 -15.0203
9.881550000000001 79.79470000000001 -12.6514
-14.9474 38.9828 -12.4558
13.629 42.7337 -12.9403
4.37643 47.7832 -13.9247
-34.0465 -45.3627 23.2101
-10.0937 49.7736 -14.9119
-26.5983 42.6802 17.2067
-12.4694 56.1547 -12.888
39.8257 52.4869 -15.1115
-25.2638 5.3564 25.8378
-48.2622 -45.7216 10.2972
-30.6403 60.016 -9.8125
9.5297 59.9093 -12.8096
-13.6252 61.1419 -13.0476
4.33574 24.9216 31.7198
-43.4172 68.3222 -13.4397
35.7045 55.8028 12.4388
-16.2828 72.3015 -12.9173
13.0675 74.6339 -15.4415
-36.5187 9.35397 15.0756
-38.5143 -34.7635 20.5284
28.3944 10.2238 20.302
7.1533 38.1977 -12.9402
-30.5781 -43.7075 8.74982
-27.012 -27.563 22.033
-34.4254 13.0337 15.8342
-43.4553 50.4378 -13.3425
27.0491 65.0839 14.0096
13.234 -30.86 21.8892
-2.99016 52.9125 -13.9434
9.37762 32.0501 30.9418
10.5156 52.918 -12.8431
-15.2182 53.1004 -13.9673
-19.2286 79.9064 13.9275
-35.9097 -38.7563 7.13936
-17.9763 57.1181 -12.718
-23.6364 55.4501 28.0318
-13.8673 86.8248 13.1053
16.1652 67.36409999999999 -14.4631
23.8406 14.714 17.7551
9.2263 36.0314 31.0771
59.5024 70.039 -10.7107
-31.7521 16.0814 16.3819
-0.257276 47.2579 -11.8546
-37.0984 49.7439 -13.446
-9.630179999999999 37.7588 31.3435
-47.2612 50.5759 -7.73237
-8.675660000000001 58.9544 37.9413
-9.918810000000001 54.0099 -11.7201
35.4237 -47.1972 14.077
60.6886 59.4415 -14.587
-17.1339 62.7274 -12.0104
15.5485 -6.09413 20.1662
-42.0485 65.736 -11.4095
-24.9419 58.6808 28.0551
-0.5831190000000001 85.93729999999999 -15.2047
6.95888 35.9678 -11.2325
-5.76158 37.1193 -11.5558
15.8779 -35.9191 13.064
0.94702 41.4419 -11.98
-17.9391 9.109920000000001 26.3763
-1.60855 44.0623 -12.0331
30.3709 -34.1363 14.8114
12.7713 -23.5693 11.4041
-20.2372 50.4307 -13.1788
-17.1518 52.1771 -13.3601
58.1889 56.2395 -14.0163
-17.4973 55.6751 -11.4354
40.9079 51.7417 -13.1393
-20.9387 56.5488 32.0149
18.3415 65.4676 30.5386
-33.58 63.889 -10.3926
25.262 12.053 20.8719
-52.4124 66.2946 -10.8998
-19.5239 67.2349 -13.0877
14.498 -19.4655 13.3058
-24.5536 -15.6109 10.2561
-12.3597 78.84739999999999 -11.3161
3.92894 84.46599999999999 -11.6867
-2.32024 39.0637 -10.4226
-17.461 40.3971 -11.5039
-38.7517 47.9163 -10.0869
-19.3573 25.4398 22.074
-12.1202 23.6547 29.9019
-48.8021 51.4046 -12.8839
5.29351 51.8182 -11.7958
-22.8077 56.2337 -12.0371
13.2429 -9.431760000000001 13.9387
-20.5037 55.7103 -11.4183
-51.951 58.0948 -9.44298
-16.6644 72.1103 30.5937
13.2635 58.272 -12.0643
-22.9346 61.2152 -12.5898
38.3882 58.3188 -11.0099
38.8532 65.14700000000001 -13.0921
19.2014 67.12869999999999 -10.622
-39.4391 -12.5648 11.8532
40.4517 66.7059 -9.511749999999999
-18.2906 71.0063 -10.527
47.0554 72.68640000000001 -9.6683
22.8631 42.5453 18.9844
56.0414 73.5077 -11.2378
48.0318 74.94280000000001 -12.4323
10.9138 65.0819 36.6494
-21.7574 47.965 -11.3797
-45.3173 48.0323 -8.57371
45.2354 49.4168 -11.8605
48.1156 49.2686 -12.2699
23.6224 52.3052 20.9734
13.2282 56.9919 -10.6312
31.1671 10.5834 11.2172
-25.6722 67.7122 24.0579
-31.1076 16.3089 12.031
-58.2062 64.13460000000001 -11.6103
-13.8925 77.68089999999999 -12.5804
2.9716 37.7807 -12.0364
1.50784 37.4015 -9.491910000000001
13.1294 39.2073 -11.4433
17.7025 3.87743 25.1794
37.6095 52.2139 -10.1653
-23.7453 52.7855 -9.724679999999999
17.7949 50.0492 -11.5087
-51.3067 54.5365 -10.5061
-5.39076 6.0166 31.5281
17.4195 65.6994 -12.9197
13.6536 64.55589999999999 -9.381779999999999
3.02714 86.4175 24.5295
-37.3629 64.8429 -12.3591
-5.52667 9.627610000000001 29.672
62.7019 63.908 -9.55025
-47.347 67.98999999999999 -11.1727
-28.8378 52.4059 13.5074
20.8027 5.19661 25.3705
50.7014 74.17749999999999 -10.1037
7.44179 82.0701 -11.0817
17.7906 -52.7841 26.0666
-1.0514 36.7592 -9.967930000000001
-16.4254 24.6868 26.2848
-23.4909 -53.0608 23.1486
29.0204 -51.3133 21.6814
-26.5538 17.1654 9.40611
14.6288 52.3057 -12.4542
-24.6931 58.0597 -10.1015
-26.458 62.5177 -8.477600000000001
17.4663 61.5907 -9.516450000000001
-22.9072 65.4894 -11.8574
-37.0972 -43.6995 20.1277
-49.8533 65.749 -9.469099999999999
10.1493 81.2351 28.236
2.51746 26.7698 31.6841
20.1683 22.6044 9.42323
42.1507 70.0335 -12.0685
-15.9643 74.6062 -9.61853
-12.6423 79.28700000000001 -7.34105
-20.0958 30.8473 7.92976
13.9063 -39.7912 21.9121
-9.341189999999999 34.4975 -10.0622
20.0411 -15.9352 19.9118
1.92088 32.385 -9.54518
12.11 34.1629 -8.09165
19.1084 47.9762 -10.544
-6.41763 31.9228 32.2009
22.9318 43.7238 17.6964
-29.9107 50.4395 -8.95509
52.7141 50.8612 -10.6837
-4.16707 88.6482 19.0573
24.9662 -15.8253 20.1014
-37.614 -30.999 21.5791
20.7022 59.08 -9.59398
-9.99658 83.3207 26.4703
-53.7484 62.4114 -10.4523
-33.9143 61.9533 -13.1073
24.3241 48.6287 17.286
12.0469 77.2016 -11.9829
-9.151630000000001 80.7118 29.3782
-5.23408 85.96899999999999 -9.33062
-4.75502 29.4706 -8.779030000000001
-31.1419 49.1206 -9.77736
29.6815 -44.4257 15.2615
16.2703 -45.2632 15.8941
-28.6994 55.6966 18.2571
-26.844 53.5207 -9.30049
3.81335 34.2304 32.1312
55.3263 53.5432 -9.086819999999999
17.9269 57.1573 -8.182130000000001
36.0609 57.4872 -8.54904
-27.6789 56.4272 -9.53486
-27.3131 46.8279 17.6422
62.8351 62.2117 -11.8108
16.9774 70.474 -9.65094
-37.4186 51.732 8.735200000000001
-39.7419 54.9046 7.89628
-14.8129 36.6061 27.7101
2.1139 85.4834 -8.49653
-43.2854 -53.751 -9.748200000000001
4.20827 29.1091 -8.35778
37.7036 47.9984 -8.99056
-27.717 49.3081 -7.17682
13.0766 -33.2576 16.0693
-41.98 -26.2508 14.0692
-20.432 -26.8532 10.558
-41.9637 -22.0092 14.941
-19.3167 40.4738 25.2688
-9.807219999999999 82.31480000000001 -8.148440000000001
1.60499 60.7892 39.5701
-7.72913 87.3837 -8.47669
15.0076 42.7336 30.5114
-24.1525 48.4826 -8.09939
-2.76076 4.99156 23.5698
-5.36225 46.1126 37.8462
30.5448 52.2863 -7.44056
-20.5452 53.9042 32.7974
-40.7005 -53.0869 17.1609
-28.7145 71.00700000000001 8.027150000000001
59.5359 56.471 -10.4791
-31.8333 -52.6713 20.7432
-25.8631 74.2726 12.2541
-24.0208 73.53740000000001 5.57395
3.0876 88.8673 -7.35382
-11.8397 -2.25743 12.3128
8.6493 56.4333 38.1872
-12.8576 34.8445 -9.462440000000001
13.5118 83.5646 5.53725
50.3936 50.7442 -9.36074
32.9286 55.236 -8.074920000000001
-3.92309 6.57451 15.9357
-21.6571 24.2059 20.6855
36.9667 59.5079 -9.13096
-13.627 56.2418 37.472
21.3674 61.6773 -10.1725
-24.04 71.6264 23.1108
-22.7368 67.5569 -9.77678
15.5423 71.8913 -8.023759999999999
-21.3548 77.3357 19.8247
-9.51703 9.171150000000001 26.6828
-7.82337 34.2337 -7.2986
-29.7747 57.0131 16.7748
-24.2213 41.4792 15.7729
20.9744 43.1339 -5.46951
41.5378 47.1141 -4.30939
-10.9934 77.59569999999999 31.9041
-5.29438 -2.76754 54.2971
21.8584 49.6159 -6.37536
-45.6912 -52.7092 9.64193
20.9258 56.6067 -7.78888
-47.165 62.3126 -5.81417
57.6426 62.2297 -3.90898
40.6052 64.72369999999999 -7.01851
4.18116 81.1467 30.9271
14.0961 74.3038 -8.736789999999999
11.5237 78.28019999999999 -6.62432
7.50593 82.3586 -7.60772
31.6328 53.6231 14.8011
-0.090507 89.5925 7.31575
24.2952 69.9644 20.3598
-42.5968 -50.3902 -7.43511
-4.49454 27.5039 -6.74398
2.89 27.3754 -6.67275
-8.84315 30.2194 -6.68787
-11.6316 32.273 -4.40865
18.13 42.5878 -9.21885
39.743 48.3735 -9.51178
50.9678 51.721 -6.2259
-29.3603 66.52 13.6724
12.7379 82.8561 21.0991
-25.4174 73.60129999999999 14.1683
25.7448 62.2043 18.36
-45.3221 65.0997 -8.68661
-34.2633 65.49120000000001 -7.84114
6.28151 85.9432 23.2903
-13.1035 45.236 34.8641
-22.0804 71.4804 -3.71514
-1.69284 10.0301 32.2869
13.0637 75.87909999999999 -5.89396
14.9048 76.6769 29.136
-13.646 83.03230000000001 -7.2946
-6.12655 -4.5098 48.4088
-5.46909 89.3592 -7.57071
-0.806964 89.93089999999999 -7.26821
0.885192 24.2638 -6.8111
32.8301 -18.3459 9.58681
16.8054 8.98512 24.6394
9.8636 32.7775 -6.70231
16.1164 37.1766 -6.59483
-19.4031 41.6967 -10.6358
35.3115 45.2263 -4.12151
26.6377 52.412 -5.97444
27.9842 55.211 -6.32706
-50.0331 59.5854 -7.41694
58.7567 56.726 -6.80109
27.732 -44.1012 9.46119
58.3223 71.437 -7.70661
-23.3173 70.01730000000001 -5.53949
0.184998 29.2417 31.4277
-17.7475 77.7512 -5.78181
-28.6463 -40.3828 22.6873
11.4182 82.9974 -6.75267
22.7663 65.1139 26.0829
-9.558299999999999 87.95910000000001 -6.41317
-33.975 -39.6393 22.1106
8.02487 32.8298 -6.14361
-11.8904 86.9212 16.9619
-23.012 41.9376 -4.91403
-35.5228 46.6279 -6.98516
48.8002 50.9489 -7.28818
53.1079 53.3272 -6.5018
-16.3033 27.5875 27.1809
-6.75263 88.72750000000001 17.608
-34.848 -33.9228 22.6588
26.9599 -31.8126 27.557
-28.3318 62.3816 -7.99838
32.182 -33.5991 19.9146
-45.227 66.1335 -5.26727
21.1512 -39.9046 14.3829
-15.6982 76.7505 -6.69084
28.6939 -37.0774 14.4037
7.6215 86.82040000000001 -6.98991
-52.2739 -53.6789 -5.24216
1.04455 22.7785 -5.80325
-7.71044 24.0515 -5.40405
0.988212 75.3755 35.8493
-32.7954 47.4624 -8.348789999999999
-47.6925 49.6722 -5.04501
31.628 -53.7865 18.726
29.3473 -30.816 8.55677
-40.2097 -32.5307 8.71773
29.306 58.0418 -5.41774
27.892 59.84 -5.36488
-34.9486 -24.055 22.8346
32.2445 -28.79 11.8884
-50.4479 -52.5832 -6.48979
0.239939 20.6009 -6.32797
-6.64281 20.2443 -4.89465
-6.45672 22.7797 -4.73639
-18.4204 44.2794 30.6181
-8.99724 28.8206 -5.08501
-16.0041 38.176 -10.6692
18.7996 37.6648 0.31615
-25.5001 -14.4291 12.9879
30.4286 49.0589 -5.89305
-48.7648 56.1327 -4.71571
23.6989 59.6439 -5.88034
39.6688 62.683 -6.17321
-28.9757 65.71850000000001 -3.15399
-6.15664 -1.84545 38.0793
18.1833 -52.7893 21.02
53.4582 70.5427 -7.49473
46.9494 68.2176 -4.91046
-37.9743 -8.020569999999999 12.8943
28.1092 -53.0547 -6.34105
-40.8822 -50.2072 -7.6555
28.3315 -50.7091 -5.89134
1.26898 17.8169 -4.46159
4.71784 23.4868 -5.32088
6.3999 27.7761 -4.79153
17.6989 57.2028 33.2527
10.087 2.36921 20.4703
32.9008 -11.188 7.07576
32.146 59.627 -7.47575
-15.2912 0.72814 22.4809
-10.1779 4.48009 21.3941
58.1206 68.2657 -4.46726
-26.1951 68.41240000000001 -4.78384
24.0737 -38.3316 30.1069
14.9461 78.1191 -5.80706
-14.3779 82.92449999999999 -3.76093
9.33329 86.0625 -4.91612
3.82874 89.0651 -4.49791
27.0087 -52.5687 -0.705858
-2.11589 16.2801 -5.0364
-17.569 66.27460000000001 33.8069
25.594 -37.2853 12.1311
-5.83091 4.193 30.263
-22.6938 -11.5693 10.8163
10.2121 28.9334 -2.18287
8.31911 29.565 -5.71399
22.0791 46.477 -4.30313
-48.773 52.3748 -3.01831
-20.4824 30.8072 16.6224
-40.8664 -3.95454 9.030110000000001
-42.4356 65.0515 -2.9736
44.1337 69.33759999999999 -7.53077
8.78073 75.71120000000001 32.5414
-23.4995 -47.4357 18.4075
35.0751 -3.49873 9.26037
-2.95106 85.1305 26.3528
-22.2959 75.1431 -4.23726
-4.57726 -5.75169 41.7576
-9.659610000000001 75.7747 33
16.9346 24.2307 21.1284
34.6206 1.39947 11.099
15.7551 20.111 24.0438
38.3258 45.7483 -5.15898
32.7382 58.0663 14.0604
-28.7231 46.8787 -3.78414
48.8566 55.7621 -2.43088
-47.896 62.3332 -2.37383
24.1655 64.5973 -3.58962
-30.7119 62.9769 14.6267
-11.4189 3.28569 6.95778
-40.1308 66.37430000000001 -7.1306
24.3196 72.5697 15.987
55.5093 69.5107 -5.06119
0.726391 -2.12964 32.9816
-17.3697 79.7641 -4.60533
22.3828 74.05759999999999 13.4686
-9.812760000000001 86.7974 -4.56057
-2.65728 89.4466 -3.51754
-10.582 47.8921 36.9868
-26.7709 46.8437 20.2541
-40.1348 -52.6168 -7.04595
18.6668 79.10720000000001 12.7333
24.1611 51.9136 22.5213
3.18155 15.0443 -3.0679
4.01826 19.3137 -4.39474
-28.2263 55.5439 21.2982
-9.952830000000001 27.2635 -2.54844
-15.092 33.7456 -4.87288
-19.0937 36.5046 -3.35358
-9.95778 13.0796 28.2801
-29.3153 63.005 20.2931
31.8077 46.7952 -6.84302
26.2013 47.5137 -3.9703
6.46042 88.4298 14.2081
28.8626 -44.0138 20.1193
14.1113 -53.2548 20.1971
30.6799 -53.2508 12.9202
12.8436 -49.953 29.6064
4.03717 87.9106 -2.91942
17.886 -43.6366 15.6285
2.19235 89.1923 -3.18584
-0.647177 26.7104 32.805
-36.623 -7.91907 -3.396
8.08206 45.306 35.2913
-0.5672 11.8032 -3.72383
-1.11965 14.303 -3.69656
-47.9755 -49.0362 13.5976
13.8702 33.0522 -3.88949
-25.5852 -48.0631 14.2651
-34.6939 45.7393 -2.11657
9.53839 15.8806 26.9476
41.6676 45.7059 -0.629033
-42.8824 48.5616 -4.53601
46.505 49.3107 -6.62754
51.5138 56.5661 -3.48128
33.2755 62.4649 -3.69358
8.981669999999999 47.6773 36.1721
41.6236 63.6244 -2.51634
18.1306 75.8904 -3.93133
-2.97419 46.8976 35.3581
-7.12069 34.8362 33.7436
14.4373 79.8626 -2.10522
-10.968 86.65649999999999 -2.67641
-9.0322 88.4494 -2.93238
-5.62564 89.1755 -4.54302
35.7345 -54.13 -3.101
-23.4148 -47.5827 22.8575
-36.1748 -48.9337 22.1736
34.9052 -51.1552 -2.5646
-36.0749 -49.5182 -1.51598
-39.3596 -13.6736 -1.95011
-2.96629 -6.57967 48.8519
-34.1634 -6.5579 -2.19275
-2.28948 -6.29885 44.1554
17.2683 -41.3301 16.48
3.356 12.9801 -0.904657
-5.94806 17.5401 -3.72831
5.54125 21.5371 -2.41153
-28.5467 -43.9996 23.2568
-8.974970000000001 17.3715 28.9046
-38.5254 47.1197 -4.11104
-0.889539 50.0033 39.0258
-22.2502 -33.7439 16.6832
3.87494 36.8086 32.0821
44.8065 62.2919 -0.892637
-22.7092 -51.9261 18.5309
53.027 64.23050000000001 -1.36712
1.74392 0.307517 40.9765
-13.391 21.4042 27.965
-22.8071 74.26130000000001 -3.37897
-20.1228 76.42659999999999 -1.55679
13.9244 81.34010000000001 -4.379
-28.1775 -35.2972 22.8422
-22.3442 -19.0792 14.2732
-28.9335 47.6339 10.7489
27.6203 -7.08506 -2.63242
27.7016 -3.22603 -2.69875
-33.6232 -0.772352 -2.61978
20.563 -3.27454 -2.20551
-33.1708 2.64011 -1.96876
-7.70106 20.8679 -2.40151
39.0112 55.8688 9.285909999999999
20.4438 39.8583 1.41778
-18.2028 42.9196 31.7504
-29.8836 -27.3885 22.8322
53.7759 58.611 -2.0326
11.136 42.8242 33.3661
27.9482 63.3261 -2.18407
18.9822 69.9053 -1.81532
-15.1664 81.1845 -3.37733
-32.044 -20.8706 22.1269
-38.5605 60.6929 7.25679
25.4769 -51.7356 -3.47354
-11.9338 55.0629 37.3071
29.804 -19.5227 23.1423
-35.0402 -20.782 22.7771
-32.2824 62.0378 9.63584
-40.2723 -5.64085 -1.57851
-28.444 -4.28084 -2.25512
-14.347 51.5488 36.674
16.8012 -2.69931 -0.823346
-35.9483 -0.887059 -1.80389
-24.3314 -1.17085 -1.8163
20.0317 1.2016 -2.07898
-29.2167 65.1515 5.91673
3.77775 88.1309 19.414
27.0066 0.706445 -1.85747
21.4542 -4.09296 22.6424
-29.8938 0.155059 -2.53775
-6.09161 4.03688 13.1807
24.3441 1.27809 -2.48797
-5.2473 14.087 -2.87397
-29.4931 67.44070000000001 7.85177
7.44734 27.2997 -1.90386
28.9767 -32.9786 26.0483
25.8003 69.58280000000001 8.34844
-16.6748 34.8983 -2.35639
19.1963 40.4903 -5.11383
22.2826 43.0755 1.48352
-26.124 46.972 -4.08529
26.9077 13.6844 17.4866
-49.1344 57.0941 -1.66886
24.6103 16.4803 14.6053
17.6674 65.2659 32.2237
48.6478 60.6982 -1.44271
-40.8489 -27.1751 18.4835
-20.1727 63.866 32.0944
21.7544 67.557 -4.43088
30.076 -18.7105 -0.5209240000000001
30.539 -14.2956 -2.08296
22.0038 40.0424 12.5035
-34.4619 -12.0445 -1.39437
-33.6237 4.14191 21.3838
-41.947 -53.4964 14.9371
23.4685 -8.619619999999999 -1.93399
-10.2897 8.76056 24.4507
24.1773 43.037 10.7592
2.39567 3.17823 36.2756
-27.868 47.1379 14.4588
-23.419 6.54625 -1.57696
-13.7245 32.0181 28.6699
-5.09631 11.7293 -3.26568
8.61337 17.416 -1.21329
7.94192 23.1946 -1.53351
-15.1567 30.9179 -0.463762
-23.9175 14.4596 23.8318
-21.2308 38.5554 -2.81878
-5.8339 -3.41117 43.5055
-29.5118 60.0622 14.5978
-32.1502 45.4823 0.095725
-42.2531 50.3242 1.61231
36.8509 61.4414 -4.99
49.8822 66.56359999999999 -3.85157
-26.7103 69.2265 -0.149345
33.7335 -54.0475 12.0894
-15.4677 81.736 0.532762
36.1258 -53.1352 13.2026
7.82999 87.0254 -3.02161
-3.71964 88.506 -3.47809
37.3944 -52.4449 -2.88343
-41.4685 -53.4474 -4.64518
21.6889 68.3133 24.66
-24.3449 75.9157 15.4868
-36.3079 -52.9946 -0.14957
0.164654 78.4534 34.2006
-2.02541 -2.39744 32.5941
-40.3786 -48.8307 -0.056627
-19.1787 28.8795 22.4239
26.203 -49.8065 -3.83796
22.9314 -47.2461 3.47255
-38.6796 -47.4787 -1.41453
17.2494 29.2298 19.666
16.6686 82.5001 14.0957
-11.9382 86.7466 15.0837
22.8373 39.8821 20.4468
-7.65441 80.4104 31.548
-29.4588 7.22193 -1.1168
21.1952 42.4999 22.3381
0.187707 -5.04655 49.1303
4.17797 15.7987 -1.53437
-14.5263 19.1701 -0.37649
25.5266 60.7607 21.813
-23.6316 -21.0098 18.1032
46.3526 51.2442 -1.12984
-42.571 -46.5609 15.7994
20.6806 69.49039999999999 -0.699539
-26.6751 71.925 -0.723151
2.53005 29.3408 33.1371
29.006 -51.8146 -3.01446
-46.3364 -50.6698 -2.97984
-51.255 -50.094 -3.43566
14.7217 -19.487 17.0624
-1.28684 -5.66089 54.501
-34.885 -46.3231 0.497222
-35.0831 -18.6225 -0.733434
28.1851 -11.0425 -0.9396099999999999
-13.9887 83.3933 20.5772
25.4297 -11.3837 -1.0154
-22.4133 -5.49819 0.205894
-36.665 -4.07939 -1.18457
-9.04975 85.7778 23.0391
6.72153 34.2348 33.8658
-4.51512 86.5236 23.5663
15.5571 5.25601 -0.726587
-22.6637 -8.41203 18.264
-35.2396 -41.8486 8.51521
-22.1893 -35.7962 14.8246
-5.71789 37.6776 32.9553
-1.98406 8.20851 -1.56141
-40.1914 -35.8904 12.0834
-28.1478 -53.8423 23.4917
-27.6662 8.78739 -0.940366
2.30503 11.3475 -1.80646
9.303739999999999 10.2102 -0.268534
-3.88561 36.6842 32.9645
-40.919 -32.6296 14.9402
31.108 -31.6619 15.2929
12.9582 31.9397 -0.9484939999999999
-25.8451 -52.0212 14.3778
-24.2162 44.5737 -3.13707
-22.4532 -28.4304 17.0567
11.5672 -25.8826 13.8683
44.2291 49.6866 0.478365
-44.4309 51.6083 -0.039345
-45.2737 55.0328 0.603419
45.6305 59.3649 0.6960769999999999
40.1404 62.3963 2.76249
12.4899 56.839 35.9094
-22.3018 -21.9942 16.2642
-21.2516 76.36320000000001 -0.141859
13.5267 82.5932 -0.032485
-1.55255 90.23480000000001 3.40246
-42.3853 -52.5439 -1.43759
34.9724 -6.90988 9.308730000000001
15.1521 -40.0594 26.0583
-36.5258 -20.4164 0.00717
-7.26254 8.511659999999999 25.5834
26.4911 -16.7606 0.06926300000000001
21.2564 -13.6533 0.762758
-40.7081 -11.089 -2.32126
18.755 -8.03204 -0.140986
-30.2339 -7.2778 -1.97863
-30.2462 -37.5319 23.2832
-26.6424 -8.53511 0.201312
31.3946 -6.59384 -0.595521
-39.5999 -3.83954 1.46985
-37.9505 -17.2278 19.5287
-40.461 -30.1012 7.0333
-10.013 56.8404 38.5201
28.1417 4.99418 0.50742
30.7535 -10.5388 13.3135
-33.08 -29.6466 23.1101
-20.2102 5.08723 -0.747424
22.853 6.84246 -1.32981
-4.45235 10.2336 -1.43093
-28.7934 -15.9735 19.1722
32.4972 -22.5342 21.6052
6.75609 13.142 -0.340084
-8.108499999999999 14.5267 -1.18468
-38.7104 -3.17454 14.3308
23.4429 -17.1298 22.6317
31.6303 44.7538 -1.2597
32.5002 3.0021 15.836
23.1687 68.07980000000001 1.322
21.0714 72.8937 -0.07932699999999999
-33.4864 -51.708 0.365924
27.8231 -50.7926 3.37539
-34.7991 -48.7235 -0.882196
-48.2106 -47.552 -2.12394
-39.8184 -46.3955 1.89937
-35.9018 -15.5635 -0.236541
-32.5787 1.422 22.0023
-41.9802 -6.7174 0.289275
-2.8006 52.6463 39.0317
-17.4096 -0.27765 1.35062
-26.1264 1.44639 24.7613
0.6113189999999999 7.43748 0.305528
13.9281 -47.1917 19.9999
18.7477 24.6363 13.2869
-26.5181 -39.4785 21.9632
20.9992 10.4787 -0.162981
16.1972 11.7356 0.537686
18.5147 34.8995 15.4367
15.4387 15.195 0.49628
11.7147 17.4762 -0.466264
11.6592 23.4006 1.52527
-20.7097 35.5381 10.978
-20.3149 35.4091 -1.13784
-14.9334 73.7436 31.7068
-1.14352 1.71999 42.3797
-5.24548 6.80785 19.8384
28.6773 52.2552 15.27
17.3712 76.1468 -1.13708
-24.7963 73.11369999999999 1.46453
21.326 10.0731 24.2447
10.9536 84.1249 -3.06036
-29.4281 62.1773 16.8209
-4.52061 -9.856579999999999 53.798
1.30344 5.76876 19.3725
-29.4866 64.8707 16.7932
-6.71955 -6.30521 52.8961
31.8744 -11.3784 -0.746485
-18.7632 -2.18413 2.95502
13.8865 2.26272 -0.094065
-13.9999 60.4102 37.2408
-18.4125 2.77397 -0.02507
-36.7814 4.59877 1.07743
-4.88233 7.08367 0.066329
14.848 26.8764 26.1576
-16.0376 6.7024 0.888613
-17.9901 82.8395 13.6145
-17.7616 33.4261 26.26
-14.8878 -4.51644 16.338
19.842 12.2039 0.9778019999999999
-19.5555 11.5403 0.698313
11.6074 86.33499999999999 10.7373
-7.47261 11.1651 0.48536
14.9208 35.2155 25.1837
-19.1937 38.3492 22.785
2.62665 8.174200000000001 31.1972
-39.4304 65.6504 -1.40143
-17.9574 77.78189999999999 0.581958
-33.7473 -53.6039 2.2233
12.2995 33.7403 29.9707
30.4256 -51.5494 0.761311
23.0375 -52.8482 13.2636
26.7455 -48.2762 -0.012549
-41.6661 -50.4741 17.0093
-39.352 -17.7351 1.04716
-42.6455 -12.2715 0.922241
-29.855 -12.1526 0.407953
-17.1631 -5.10612 9.47892
-25.6146 -44.0109 20.5625
-31.5982 -7.62713 18.4923
-25.3933 54.479 25.7508
10.9942 6.91722 1.19773
27.2948 -41.8211 16.1454
-24.3509 21.3838 9.361269999999999
3.90168 8.93582 1.75546
29.3207 -40.4141 18.3593
-0.586843 -6.81729 42.6356
15.7175 80.2206 23.9765
-13.8794 83.32640000000001 22.7298
25.2921 44.6806 1.893
-44.7679 60.481 0.09024699999999999
-28.0483 66.57040000000001 3.34273
-11.9645 85.7315 3.08715
-41.2986 -30.1133 16.6312
-44.7851 -52.6357 -0.497605
29.7648 -53.2067 17.4801
30.4236 -47.6591 2.88574
-38.992 -44.7281 4.10091
-29.6229 -23.0393 1.33813
-26.0375 -23.2381 1.64193
-25.5362 -20.2728 1.63702
23.484 -20.6956 2.59931
-29.0047 -20.4109 0.8048149999999999
-12.1965 58.2474 36.9639
-25.6354 -18.1787 3.08465
-31.8619 -17.3123 -0.413733
12.2745 -50.0583 24.1326
-28.0489 57.2503 23.9316
29.528 -46.4956 21.2103
-0.03158 9.73709 -1.35067
25.9302 8.91733 1.80755
-13.8255 10.9089 1.00141
-24.6954 10.7618 0.04836
24.7056 15.5852 5.74788
28.9325 -40.8333 23.0414
-16.6395 16.8062 0.410543
-14.6438 16.7477 0.211338
-18.2632 22.0795 4.07824
17.1626 49.1262 31.9415
31.1055 47.8221 12.3777
15.4191 -11.7586 13.4143
-14.9664 23.466 1.47287
14.7386 -41.0327 22.1827
-33.8439 66.328 -0.016996
-9.75878 67.8948 37.1012
-18.4627 50.877 34.0187
22.5725 72.21169999999999 1.60707
-16.2202 81.02070000000001 2.31523
35.4237 -54.0661 -0.829847
18.7127 55.2187 30.8761
2.28002 5.20005 23.3692
2.70859 52.79 38.9042
12.539 -4.95157 18.2899
-12.1621 -2.17743 16.6638
-36.4291 57.3373 10.0427
-33.0044 -24.7834 1.79181
11.421 -1.48406 19.4217
-38.6185 -21.3318 1.57488
-26.9127 -11.6983 2.42885
10.4003 21.3116 28.5498
-6.64527 -9.93811 56.1913
12.9124 -1.02373 1.20989
0.308962 52.1405 38.376
14.9174 22.4041 23.2609
31.114 6.89609 17.346
-25.9097 14.5528 3.40049
-30.2245 62.6621 11.1973
23.2389 56.764 25.8578
7.68217 66.81570000000001 37.6007
31.4786 9.37486 14.7033
15.0725 30.7046 2.95161
17.7501 35.8589 0.195872
-23.4369 40.4367 -1.17531
-28.5689 46.1489 3.0051
-38.4616 46.7708 1.45738
45.7341 55.4974 2.27757
-29.7857 6.16863 24.2829
-26.2455 -45.6782 11.4988
-14.3826 80.608 25.8425
21.3935 21.2216 12.4155
18.6319 22.0645 20.1973
13.882 72.57429999999999 32.5745
-26.3124 62.8583 25.8629
-32.5603 -47.2559 4.79704
15.1824 -43.8046 20.935
-36.1424 -25.1512 1.9519
-39.0429 -23.0194 2.0288
-8.18825 69.4889 35.9916
33.5061 -16.4785 0.687626
31.6041 -9.649800000000001 1.02593
-18.3717 81.7885 11.0158
-2.33314 4.90958 2.02853
-11.2729 8.298970000000001 2.13212
14.9955 13.977 25.5993
-7.20277 77.9222 33.6365
-13.3522 28.6629 -0.226897
-18.9862 30.9444 6.55367
-25.6151 43.3502 2.88233
43.0326 46.5189 1.54831
-4.85849 90.52460000000001 9.99469
-40.6639 63.2077 2.77818
34.9685 63.6769 0.780351
22.0199 76.1695 14.8606
18.1815 75.8185 0.934739
-14.1415 82.41419999999999 2.87841
35.566 -53.1842 2.44983
-56.216 -53.0214 2.37304
22.3493 -52.909 2.99476
17.9122 30.8049 20.2854
-15.8944 84.4147 16.8247
-5.73014 0.590633 38.2135
-43.1297 -47.0895 1.88356
-49.1827 -53.5455 10.1791
24.7507 -22.8442 2.18251
27.8995 -21.3521 2.52347
1.26829 57.0772 39.4465
0.921166 89.18810000000001 16.0956
-40.5964 -15.513 1.99618
-23.3025 43.9239 23.8799
34.1155 -12.3504 2.05762
-14.6625 12.9733 26.6049
17.1996 -10.2788 2.33538
-4.74751 35.588 34.0454
33.5313 -5.94577 1.84096
-25.4875 48.0345 23.7956
34.5119 -53.4069 16.6666
31.3163 0.556732 1.35472
22.905 44.5235 21.8638
3.39849 5.93655 4.65827
-32.4138 10.2989 2.59201
24.0687 11.9278 2.46271
-28.4416 12.9976 3.5601
35.2477 -49.7905 8.18951
-17.8952 29.8682 6.82919
2.33472 47.6125 38.3385
16.7552 35.2148 2.5908
5.38013 44.6183 36.7576
17.1832 -39.5039 29.0487
-9.18463 40.0794 33.759
-42.1835 58.7752 3.95173
32.5502 -49.8086 8.035550000000001
10.2966 85.7653 3.61381
21.8552 72.9481 22.3783
20.4968 75.071 22.8841
-53.4557 -48.7404 3.48167
19.1428 39.3912 26.314
-23.7542 -40.9359 17.8545
-2.226 40.885 34.3659
-29.674 -28.4712 2.4024
-22.4413 -24.8062 4.37224
-40.2186 -38.8108 14.0369
-42.0249 -19.9673 3.03712
-30.5782 -15.3382 0.44648
-40.9774 -1.53841 5.42574
-38.4201 1.13447 0.810952
1.4519 7.52097 3.3757
7.82924 4.60075 3.4738
-10.7512 0.451269 12.6687
8.56382 58.6882 38.1124
-33.9329 46.2589 4.29869
17.1424 -16.5819 17.2623
-35.4872 65.821 2.44821
23.7103 70.286 0.763145
-17.2616 -3.17548 21.0136
27.113 -33.6146 9.21425
14.6172 79.1926 2.58924
19.4657 -35.5141 10.5788
-27.6702 -14.6313 16.003
-41.7459 -53.7368 2.58519
27.4025 -52.7082 4.3938
21.9369 -49.3145 2.78631
-38.6567 -12.9085 13.9727
14.7635 54.9073 34.8095
-25.6069 -46.1086 23.9455
-33.5156 -30.1111 4.26448
-36.1348 -28.4295 3.18149
-18.6317 57.2157 33.8924
26.3205 -40.6401 26.596
34.5352 -14.6165 4.06286
0.013943 58.8829 38.416
32.0087 -1.73452 0.381623
32.9709 -29.847 17.7131
13.9832 -30.1379 11.0206
29.0464 10.1589 4.33155
-41.199 -29.1417 9.535769999999999
22.644 51.8266 27.1787
-21.3758 20.0537 3.78509
12.5442 -31.6497 19.0288
17.577 -21.9566 24.2619
-18.0478 75.48909999999999 27.5706
-24.4725 -27.9382 20.1459
35.7047 44.8038 0.8194090000000001
8.910909999999999 -1.64091 14.948
44.268 62.3695 1.07715
23.0434 56.6891 27.3996
27.6812 -20.4583 25.0515
-25.1415 56.3424 25.3767
12.1608 67.9969 35.457
30.0809 64.9391 2.68872
-10.9642 -0.121397 16.0728
6.49966 88.577 3.73548
-9.817460000000001 88.19410000000001 2.13668
15.33 -0.806994 23.101
-5.38692 89.79989999999999 3.09557
-46.7668 -53.5143 1.07287
-54.2445 -50.2 5.73556
25.481 1.14138 23.4179
-48.5301 -52.1807 3.69603
34.2851 -48.9728 3.42505
-25.358 -27.2385 3.17936
13.3302 3.35109 23.5038
-10.9813 72.05119999999999 34.9209
28.297 -26.2032 4.77963
21.8413 -22.8191 3.41618
-41.0867 -23.1447 5.04336
-1.11365 7.5862 13.5725
-5.0607 -12.3411 57.3502
32.8749 -19.3729 2.61169
22.7241 -40.484 28.9742
-42.6037 -17.7113 4.63716
16.9128 -18.1044 9.38758
-42.7923 -18.2284 9.5861
30.1019 11.7034 15.8634
14.6673 -6.19538 2.7512
17.3655 74.334 28.2275
10.6273 -0.830437 4.04483
14.0393 -36.2626 25.0727
-28.1352 17.7033 14.1448
8.302379999999999 4.06839 22.6735
14.2816 7.49998 25.3454
-25.538 20.7744 14.6788
14.6549 20.8619 2.24197
16.1965 24.4009 6.53358
19.5687 37.8559 2.20969
24.1951 5.50495 24.4304
20.8129 38.8618 3.96394
34.3115 45.0456 4.88022
-22.3961 70.3689 26.8537
3.33322 76.5796 34.3251
-42.9579 55.1547 3.39426
19.7233 38.8994 19.5757
-10.3446 69.4567 35.1666
23.9052 41.4158 12.156
25.3349 69.8035 3.04651
16.5731 76.8982 2.64023
-2.06316 -5.61463 38.2585
14.8345 80.9568 4.42376
-26.9887 47.5478 16.4374
-36.1073 -53.7506 2.4567
-2.22293 59.4108 39.1455
-25.6943 9.56995 25.6412
26.1304 -48.2288 4.30467
32.4685 -46.7879 3.6225
-28.9059 13.0639 22.9103
16.9202 -11.4838 17.3332
-38.4346 -29.9174 5.3707
20.9837 71.7089 25.2027
-16.6649 73.732 28.995
18.2326 28.2219 14.6866
-4.10482 -4.38779 36.1899
30.6169 -21.0522 4.14461
-18.0464 17.7947 25.4243
19.4691 -17.2778 4.8265
-41.8789 -10.6646 4.43491
-18.7248 20.2398 24.6616
-38.5114 -45.2619 19.9294
-6.81407 7.84801 2.70039
-20.9327 32.38 16.3575
-12.2369 69.2102 35.4898
6.90343 3.01811 7.90441
-3.83834 6.01629 34.3774
17.2052 80.42310000000001 15.9335
24.9088 -44.5034 8.857060000000001
16.3901 28.8386 8.27603
11.7243 27.3849 0.86787
-40.1624 1.67641 10.4495
17.3311 32.4659 8.82821
38.056 47.8351 7.1071
10.7628 85.6452 15.52
16.7577 32.2664 23.4415
6.50484 87.79219999999999 17.424
-0.11798 5.7101 7.66017
18.0744 36.764 20.3253
-8.657909999999999 88.2336 4.79692
-3.64953 89.48739999999999 4.41928
24.9168 -53.3487 3.96184
31.8207 -53.1307 7.19393
21.4448 44.1171 24.4846
27.3326 -47.3553 5.8793
23.0416 51.2621 24.9574
-6.49414 42.1391 34.1633
-30.9721 -35.7942 5.35382
-32.7512 -33.0334 4.86193
-42.0034 -53.064 13.0649
-2.80096 -10.7988 56.3565
-8.104839999999999 3.35901 17.5775
24.3361 55.718 24.8274
-11.5729 43.9352 35.4999
-25.8273 -15.4054 5.2057
24.2895 64.51519999999999 23.4607
33.1933 -49.3805 17.2708
11.3142 -2.09609 6.01421
-38.4099 4.58158 3.76961
-13.4915 5.43728 2.68412
9.72701 11.4992 26.9119
4.88932 3.1267 7.79897
22.9372 65.08 24.064
17.4043 -32.0401 27.809
32.2938 -46.6387 16.4716
-22.2576 14.9176 2.56899
17.2235 18.8402 2.21453
-40.2795 -43.229 16.3936
-19.7877 34.9226 4.03887
-17.8791 34.2268 1.58605
-21.7117 73.2274 24.7809
42.9008 50.1021 5.1152
-40.4245 50.0761 4.01908
45.1036 50.3984 4.90924
23.6137 -44.6938 27.729
45.653 58.1105 4.24285
5.66931 41.5662 33.0465
7.74889 83.21420000000001 26.6718
-37.5482 64.30249999999999 5.05494
30.8448 65.0659 7.34399
-27.0776 72.1014 2.71159
-20.0694 77.35380000000001 4.86619
26.8799 15.9194 11.2235
13.0361 81.7679 4.13963
14.6336 -39.244 17.8737
4.11489 88.63590000000001 4.80664
29.5663 -53.6613 5.6886
-35.5799 -53.0793 6.81969
-31.2801 -52.6882 5.80926
10.8757 48.5093 35.3019
20.1149 -53.326 4.47693
-0.625288 64.0378 39.145
-49.1065 -50.5601 4.32244
19.6768 -48.4491 5.03343
-15.3932 46.2324 34.6213
-8.516769999999999 84.21259999999999 24.6443
23.6261 43.0816 15.7823
5.50706 84.6177 24.5455
25.652 -27.3076 4.22201
33.3184 -24.7893 19.176
-27.2659 -15.5076 2.57728
15.8147 -9.17123 5.12456
-24.5982 -10.3434 4.21083
33.5539 -22.3668 17.1474
-38.6276 5.56941 6.45434
-32.6089 -52.9282 24.6724
31.3337 5.48886 3.31317
33.4439 4.76183 6.77415
19.1443 14.9945 3.01246
-18.5386 26.5629 7.17008
-30.73 -45.5741 24.5873
23.2769 -34.2108 29.7206
26.9795 -46.2473 25.4086
40.3882 48.5728 5.63784
43.7637 55.7235 5.52546
-33.0663 -13.337 16.4228
-29.2116 69.69159999999999 3.98298
-33.8017 -9.470599999999999 16.0608
-21.2764 74.9141 5.63484
13.2538 -45.6876 24.137
-7.4524 84.4442 26.5631
-40.9726 -52.6941 7.41113
33.8923 -51.4105 7.20021
40.0051 -53.0187 4.94269
30.2675 -38.0997 23.5288
-20.4926 59.4431 33.2324
24.9888 54.6321 18.148
-32.3728 -53.4751 23.9148
20.9723 -25.0755 5.03538
-40.9638 -27.0086 5.25242
18.5883 -19.5792 6.16629
29.4604 -25.6435 25.6568
11.3628 -6.58329 13.7138
32.3815 -5.74666 15.2096
-36.4316 -5.66676 16.0307
14.8157 -26.9788 23.8635
-31.4816 50.3657 10.939
-50.3459 -48.8355 9.947319999999999
-2.06605 -3.34986 54.2117
10.7554 59.2454 37.3997
26.0432 -22.5714 26.3927
-35.6472 11.2128 8.595879999999999
-36.5362 0.334678 18.1693
-19.4023 0.214216 24.3779
7.0946 1.94392 15.7628
20.8904 0.268203 24.2755
-21.6366 -1.97654 23.5002
12.6465 -26.3937 18.9217
30.4093 4.2858 18.9496
41.4608 55.9972 7.05136
-36.4098 7.17106 17.0018
26.1978 67.3505 2.80145
12.9414 -53.2903 25.7985
8.034689999999999 87.52330000000001 5.09811
-2.81402 0.538697 46.2436
3.15637 89.59829999999999 4.68943
19.934 -53.601 9.620620000000001
-51.6298 -52.34 5.03231
-47.1503 -53.2745 7.70629
-0.279069 2.05537 27.866
39.2342 -49.2298 7.47167
-29.102 -47.4811 8.80458
32.1759 62.7561 11.1121
23.2026 -44.4325 5.86625
-15.0132 6.03619 25.2832
32.0461 -29.003 22.4736
-43.7149 -45.3576 3.6507
20.6844 16.0012 19.0542
-35.7167 -31.9443 4.75105
-25.5032 -32.0176 5.11264
-7.91761 74.9958 34.851
10.0176 6.61253 25.2202
-5.2467 76.2534 34.6512
35.0159 -6.44299 4.73963
-40.8793 -6.78891 6.41698
-5.7794 6.73448 25.5057
7.63055 9.218719999999999 26.3463
-34.9405 10.1581 4.95718
-8.22016 46.2844 36.7672
29.2248 44.6067 3.2199
19.6852 45.8531 28.1192
-30.868 47.1888 6.9643
-37.9572 48.5483 6.34252
42.2152 60.0007 4.58943
36.5895 63.4058 4.48088
-27.8109 70.9729 15.7649
28.7809 56.5142 15.6076
-39.2535 -36.9385 10.0188
-17.7757 81.4954 7.5245
-3.2449 90.4795 6.24045
2.34706 90.1656 6.1632
16.4886 81.0712 12.3687
41.0984 -53.6726 5.83545
15.2348 -43.7097 26.9068
-53.4744 -52.577 6.46165
30.7856 -46.371 7.11923
-35.4967 -44.782 4.72974
-39.4053 -43.1696 8.1469
21.4294 75.41330000000001 17.3533
-35.9846 -36.6679 7.11734
-37.1731 -33.98 6.48
22.5587 -28.6149 6.43008
26.1869 -30.3927 6.25066
17.4493 -25.292 6.14133
-42.4759 -22.83 6.77954
12.6949 16.2981 26.1211
32.2416 -20.081 6.08742
-2.13449 57.7005 39.5234
-21.8195 -21.5935 5.60712
15.624 -12.5039 8.15488
-23.7542 -12.0154 8.4854
-17.5551 81.9397 15.0258
-16.2127 21.2586 25.3278
-18.2241 -4.41813 5.61566
4.67836 10.1986 26.6822
14.8653 83.1974 16.9632
10.4574 85.9455 18.7083
-1.39479 -2.19487 30.9984
-30.1797 14.9107 7.26136
13.7933 31.1268 26.5671
22.3299 17.0435 6.59626
-1.48278 90.6367 11.8739
27.5663 -37.9904 27.3205
1.23793 -3.92698 45.4133
26.1933 44.7931 7.00223
31.5965 44.9871 7.55619
-27.9947 -53.1273 19.3027
-42.9345 -51.163 0.121943
-43.2366 -52.0055 -4.61619
-46.7299 -47.8375 4.00899
51.7177 84.876 -30.1913
53.7179 85.6057 -28.1241
-12.0192 46.6108 -2.1813
-32.6056 -33.4554 14.6182
21.663 -13.7771 13.4207
51.5752 61.4371 -10.9807
-54.7651 60.7077 -27.719
26.6838 -22.3047 10.5013
7.11933 44.7748 -4.56207
-32.3118 -13.1908 6.95871
-1.44159 27.2939 2.87101
19.6074 -30.2661 15.5209
2.69466 76.88339999999999 10.3157
-56.2741 66.271 -34.9569
4.29983 35.7381 2.90829
-10.526 75.2199 -0.806689
50.794 67.4747 -14.247
-47.308 61.208 -15.8676
-9.675470000000001 19.1661 13.8766
-0.691279 70.4324 -18.0415
20.5627 -35.3042 17.0544
-43.1574 58.002 -16.9591
22.7589 0.727131 11.8107
-7.36851 71.2628 30.8543
-4.11079 43.5623 15.9335
9.96576 34.0564 17.853
14.293 48.2774 -4.1719
4.63485 78.6019 1.24608
-5.08641 25.9637 21.2081
0.507363 61.3081 2.29928
9.870380000000001 53.9485 12.9748
-22.5504 57.9885 0.312923
-37.3341 -49.9781 2.22479
27.9663 -1.55836 14.2009
-5.33366 36.1186 1.8804
-20.9529 66.5553 12.8032
38.0442 54.9946 -0.227813
47.6446 65.4688 -9.894869999999999
-9.90845 82.3892 -3.64736
-11.9392 19.1341 6.7555
23.7796 -6.07177 14.8935
-34.5386 -22.4886 18.0866
55.4579 68.0401 -22.662
-56.56 64.6497 -20.895
-31.1938 54.6797 0.546147
-46.5617 67.3417 -22.4498
-0.332545 85.7021 -4.66209
18.4489 50.753 9.937799999999999
-33.7472 -30.6482 9.868270000000001
15.8094 69.8507 4.9216
-5.82941 78.37609999999999 16.4074
27.3942 -5.30646 7.09179
26.7103 -15.7143 9.52796
-52.5731 68.0496 -24.6257
-3.9999 82.4667 1.26522
-1.13217 59.0867 -38.516
-18.2142 51.0685 -7.36378
-7.13863 63.0313 -10.8853
-27.5639 7.46802 14.7921
29.0269 -25.8595 10.7743
-29.3377 55.4398 6.81499
-2.54757 15.6343 7.89229
-10.2453 60.1717 23.7794
-58.4773 62.2488 -43.374
-25.7325 50.0198 6.4192
-6.23698 16.706 21.06
-23.482 66.91379999999999 7.30959
-3.63668 79.88120000000001 -18.2571
-7.04669 34.9115 22.8658
18.7552 65.3514 11.6629
-9.99788 19.6353 23.9271
-7.56688 31.861 -0.7534960000000001
23.9199 1.15757 17.6532
22.5483 -21.6333 8.062989999999999
-7.21294 84.813 -0.917485
-3.50997 73.9038 -8.52586
-35.2793 -18.1735 5.42847
26.2528 -7.49254 2.4377
-21.3067 58.4847 9.098710000000001
17.1422 9.600350000000001 11.6696
8.773059999999999 40.241 -7.76692
2.85733 86.04859999999999 -5.35055
27.338 5.27189 11.9356
10.5614 68.2689 28.0959
15.0173 48.6926 18.8526
-18.9236 53.3349 18.0641
-8.91005 12.8446 7.11693
43.4957 54.9614 -14.7666
-26.8575 -38.1576 16.0976
2.26359 18.2353 21.2587
5.98974 26.5755 10.8971
-11.4648 51.2604 27.3471
26.8705 -12.9131 4.38169
-2.25925 12.7866 17.505
4.53932 67.059 -16.3182
5.44764 34.1199 24.3711
21.8363 -22.8324 16.642
11.9203 25.3665 14.2914
-6.91474 29.503 26.0786
-17.7279 17.309 18.9813
12.6427 15.5815 8.23324
-35.9732 -34.2142 11.6374
2.81877 67.3419 -23.6781
-5.60516 25.2575 0.0280633
12.2098 40.3908 -1.31161
-28.3481 -22.1813 8.22879
-14.6597 24.6317 13.2028
-35.711 -28.8724 16.6176
4.46118 79.7624 17.8965
7.97108 46.1778 24.9136
-27.0445 12.502 12.4354
22.0124 57.9168 11.3408
22.805 -47.4582 14.6624
5.67601 70.7641 30.6671
-0.013057 56.9863 -6.02243
0.300626 16.6409 -0.705298
-20.2918 69.6373 3.12265
23.5236 10.4942 12.3698
12.5057 75.2628 9.275930000000001
21.5116 7.28134 18.2582
-27.0155 -33.0194 13.6634
-8.059710000000001 12.8362 24.0254
-22.5237 59.8366 18.2799
25.0198 55.799 2.66701
19.6932 -37.38 22.8189
10.1476 79.8595 -2.81433
1.27335 44.4267 -6.56701
27.7721 54.9222 8.95219
-38.9674 -19.9265 7.60805
18.4717 68.84869999999999 19.6588
9.100720000000001 80.5659 -18.4286
-23.657 8.419890000000001 7.1128
-0.416553 60.2324 -19.2026
-20.0095 61.1542 -5.6161
1.02466 26.9888 24.7221
-8.56326 42.604 -8.76966
29.8219 51.1731 0.701269
6.25448 76.63800000000001 26.3492
-1.74406 57.5027 -30.2324
-11.598 11.3128 16.4615
-37.2266 -28.8219 9.04055
3.51931 60.6639 -26.4335
21.3897 -17.3107 8.96871
0.433457 80.81529999999999 -15.1208
5.37735 74.5017 -18.8338
51.5245 71.2988 -18.0938
15.9322 -0.327946 13.9062
-17.2284 16.7564 6.20555
2.17642 31.0253 -1.05042
57.0417 64.6661 -13.3806
6.41874 26.0091 4.40994
25.8334 -33.9587 17.9327
14.9524 58.9286 20.8175
-21.7911 65.6712 -1.39544
-13.3863 46.4119 29.3936
50.755 59.5087 -16.9819
22.6856 3.23531 4.98384
0.0191464 58.8869 -13.516
-12.5509 33.2485 23.1687
-37.1893 -8.781929999999999 2.15962
-31.2836 3.61687 6.23544
11.4241 11.3148 19.8072
-56.958 65.6871 -26.6874
18.2556 -25.2954 12.6705
-27.3011 -10.3636 11.2323
6.77963 68.26090000000001 -2.39826
-54.1101 76.9658 -39.6162
-8.92084 28.8016 7.54501
-19.9452 46.1805 10.1929
-34.528 -11.4295 11.4565
-2.51263 71.5635 -24.5544
-21.6416 0.897271 14.4891
15.241 5.25515 17.4353
-11.562 42.1178 22.05
26.3374 -31.3151 13.6511
-3.69965 42.406 25.8817
-55.7178 72.977 -33.811
-6.07125 10.8579 12.1475
12.1757 39.211 20.9759
18.3488 54.3053 17.369
49.3436 55.2682 -17.7902
-14.613 68.6067 -11.1274
9.03608 6.98067 18.542
-56.5975 71.5213 -42.1968
-21.1678 50.5409 0.396215
8.128130000000001 10.051 8.077809999999999
-9.241490000000001 30.9092 15.737
-24.171 52.4941 -4.04335
-21.563 48.4653 -4.05865
13.7278 32.6985 14.211
36.8148 57.5317 4.51017
-58.3194 62.6597 -38.4255
-25.0715 63.3266 13.93
-11.3409 32.5476 3.70754
5.94546 6.7414 10.6926
-30.1934 -17.9647 5.98486
-1.15234 82.98350000000001 16.7436
2.77121 10.2295 7.81643
2.4744 83.17570000000001 -0.749482
3.41329 21.7954 25.6874
6.86505 34.5621 10.4444
0.923681 78.90009999999999 -6.17658
0.796261 82.5835 6.51301
5.41061 13.7751 14.836
-35.2593 51.2963 2.31047
-19.5012 11.0809 20.2711
18.6926 -29.1994 11.7352
10.617 18.2108 19.7784
-0.884778 36.6735 -3.19701
27.0308 -19.4928 6.75152
-57.7567 72.9597 -36.8352
21.9114 65.2029 6.49853
6.45956 12.2038 21.9179
40.8642 58.3882 -3.23452
-17.713 67.6131 -5.4928
-26.0974 58.4604 -4.29773
-28.3752 60.3509 1.70898
-20.6283 73.0317 -0.952965
-15.7011 59.2929 -9.578670000000001
-44.8919 56.3259 -10.1422
-38.9452 53.5425 -3.00786
-4.26369 77.97580000000001 24.3063
-19.6659 4.58497 19.518
-49.8729 61.538 -23.1843
-9.524100000000001 72.2886 -13.804
-28.6612 -24.778 14.8196
-5.76858 35.3524 28.088
20.9558 11.4848 7.29957
-15.505 73.8686 -2.0161
-3.00879 55.6026 29.6987
20.4219 50.1563 1.81447
-2.67488 77.29430000000001 -24.1931
50.137 55.8986 -12.0566
17.498 -32.26 19.6249
27.2273 -25.9718 16.7474
5.7868 83.2453 3.23268
15.8086 72.6414 14.6453
11.1301 4.83766 14.3312
-32.9233 60.6265 -3.78535
-17.2965 54.1823 27.1443
-12.9022 55.9471 31.207
-11.2543 7.22329 11.7786
10.1412 70.92189999999999 -6.25364
-35.0705 -0.8699210000000001 5.29616
57.308 64.55540000000001 -19.6814
14.5873 76.87909999999999 13.125
13.4196 68.599 -9.091950000000001
-30.5531 -34.8978 10.2728
6.59944 45.8877 6.32092
-17.6253 45.7862 18.9973
16.8658 44.0834 -0.800604
-28.3881 -2.85605 13.1766
-32.0803 3.22539 14.9727
-24.8041 62.442 21.4424
55.1183 70.00539999999999 -14.7339
-51.65 57.0902 -17.8496
44.4766 54.8493 -6.2893
10.9381 75.2723 20.205
4.38337 61.4403 30.1217
-37.759 56.2368 1.71873
-49.7976 69.4718 -20.7342
-26.1373 -19.8094 11.6155
-17.8307 24.0365 17.6451
-11.4454 61.5632 3.02611
-13.1071 46.4282 -9.8888
-16.2148 40.587 0.965343
16.6718 63.8301 24.5716
-17.1388 30.9001 10.6095
6.38227 24.8923 26.2269
-7.69164 81.001 -18.8666
-16.7268 0.412101 16.301
-10.7473 71.5727 -18.454
14.8436 19.7168 19.6668
-0.536983 58.0164 -23.5669
22.2102 -42.1352 19.9552
-20.137 68.8853 18.7648
7.00006 31.7148 0.895585
-33.5054 -25.1455 6.9358
14.9139 38.6483 1.2586
-11.0916 25.8935 24.7985
-39.9043 -48.7838 5.6277
18.5695 73.0128 19.8144
37.7878 51.2923 -4.44284
18.6211 57.6681 -0.743853
-36.3682 -18.5985 13.9194
29.3209 -16.6992 3.65477
-11.0774 79.8561 0.239942
-12.3512 80.72880000000001 -4.6062
30.4697 -2.60005 4.75498
18.3177 -21.2938 14.4965
19.1556 -4.9653 9.69598
13.5454 80.3438 14.7414
-1.68145 48.6883 28.5799
-33.5823 51.3761 -3.86295
-5.73064 35.4558 31.6875
-3.30101 53.5499 19.325
7.97596 44.5965 31.0532
28.2088 58.4869 -0.386326
-25.9093 4.92799 19.9261
-3.35099 14.0331 2.02278
-13.8303 72.9117 5.76788
2.0154 73.6776 -25.2862
-0.931796 4.95715 31.1772
30.2194 54.7345 -2.27092
-33.1389 -36.138 16.2058
-16.2337 22.2165 8.86919
-44.3965 -49.7268 6.96358
-0.390576 56.3777 -32.9561
1.89616 50.5585 0.107787
-26.3833 59.1067 10.4427
13.9397 72.67789999999999 0.875652
51.362 61.1772 -5.81938
2.5764 55.8962 33.1275
-1.03922 63.2497 -29.1302
19.7865 11.7639 15.9501
-32.1489 7.84223 15.3183
12.5839 37.4303 7.70328
-9.91142 42.5132 29.1912
-10.2644 73.3319 -6.94213
26.7826 -20.5149 17.3529
5.82171 35.4032 28.4845
-29.5484 -30.0825 7.26361
-29.9134 -29.5111 17.6113
-44.4151 65.17019999999999 -17.3592
7.41647 67.3736 -22.4932
-33.8011 58.78 5.00656
29.742 -12.7356 2.00167
7.15086 65.1003 11.0505
5.18291 39.235 -9.48926
5.17346 73.9474 -11.2129
10.8691 36.8116 -4.25525
-11.8245 39.3359 -9.061159999999999
-5.28233 26.0047 -3.52082
5.91795 31.38 -2.99749
12.4843 80.7645 18.1669
-34.5996 1.46131 10.3309
-23.1395 50.5327 12.8812
-9.869529999999999 77.1039 -4.72224
-3.79693 56.8024 -10.0732
2.4181 25.6635 -0.986778
22.1024 -32.1574 24.4518
-6.63137 76.5813 6.15144
-4.09828 23.3726 26.4766
-27.1633 -49.6364 21.8385
2.48315 52.0148 34.7676
-1.80514 54.3205 34.5648
23.601 61.799 1.76629
-26.3664 63.1274 10.1145
-54.1844 69.1033 -29.4276
9.385210000000001 77.0603 4.51543
-1.80935 -0.626012 38.9877
41.9252 52.9251 -2.38749
-11.0532 67.74509999999999 -1.89278
1.48137 60.4238 -31.7666
-36.6547 -33.3084 16.6561
-1.93944 1.74462 34.0141
-4.14048 85.09999999999999 8.14423
22.1348 -46.8026 22.8744
-20.3365 16.6366 12.5396
8.120760000000001 76.8964 -17.1941
18.1269 -47.7362 25.8807
23.1793 -49.8045 6.64361
25.0588 2.26825 1.58763
-0.765839 73.822 28.8819
2.40037 67.0198 20.9391
5.5793 64.6414 -24.8043
-29.0483 -14.4822 9.996040000000001
21.8768 46.593 5.08866
10.3249 65.3588 31.8991
4.11508 60.8963 -14.4153
15.3879 20.0412 9.66737
-32.0229 9.855650000000001 11.1458
56.2023 66.8282 -9.08282
-0.0501237 65.8338 -10.3312
4.89847 23.1822 1.52568
6.10694 75.56270000000001 -4.97348
6.63075 58.6917 33.5621
11.6785 31.933 8.969760000000001
36.0296 50.3053 2.35984
-50.1736 63.0827 -13.0211
9.35618 74.8263 -7.47308
0.585431 85.8518 2.88153
40.4607 56.1475 2.98962
-48.0698 59.3034 -11.5372
-3.20236 40.1023 29.8888
6.46117 16.8682 23.3083
-29.0356 10.0337 18.6581
8.853960000000001 73.83410000000001 -13.8989
-5.34276 30.9355 -4.30728
26.633 -47.3289 17.5092
-11.1612 76.33110000000001 9.152229999999999
26.1795 -47.3993 11.8795
7.28734 54.5067 26.2377
20.2059 -3.88564 17.7388
-16.5555 21.1981 20.8642
6.91123 82.9091 -3.44698
25.0136 -37.2461 22.709
15.5311 29.4544 12.2836
19.9797 -46.8775 18.545
-2.12866 17.7834 24.8254
13.6192 60.3408 -4.2296
-14.5839 10.0625 7.21841
-14.5418 37.1558 5.41961
21.945 -36.9212 26.5479
3.18317 40.8824 24.7413
-36.9968 -37.5206 12.8508
10.2404 45.1451 -9.49286
44.0124 60.5527 -9.909000000000001
26.2077 -23.785 21.346
-29.3578 -38.1451 19.3364
17.3608 50.2148 -6.95781
-33.4608 -5.17274 2.79977
-23.8164 54.4273 18.9949
-5.53116 84.74299999999999 -5.05024
18.1014 71.09439999999999 1.89529
-22.5107 7.25074 21.8616
-18.9671 56.1337 -6.47044
4.59055 39.3456 -3.42237
-22.3997 63.6945 -8.040839999999999
48.2306 57.723 -6.70746
-14.2464 49.965 -11.5563
24.8207 -5.94111 17.9928
24.262 -38.4603 17.7031
4.87571 24.5207 19.3225
-25.7161 -26.8123 9.296860000000001
-6.23962 83.6502 13.5753
-9.010579999999999 39.2513 -2.88625
27.0562 8.2159 15.5152
-36.252 -15.2234 11.4777
25.4433 -24.4491 7.19627
22.7381 -2.78978 4.07116
16.9563 42.7619 4.55472
-4.99088 67.9966 12.8419
-13.7473 27.5256 8.74536
10.0339 55.0668 3.22775
54.3223 81.5069 -29.1958
53.6218 77.4049 -22.6964
52.4793 81.042 -24.6638
10.1045 61.5316 25.9346
-10.0336 58.6972 -8.19961
-54.388 63.9195 -14.8305
-35.3495 3.14113 6.08073
18.2835 70.5984 10.2277
27.6783 -14.4328 9.137919999999999
-3.62626 75.8647 -1.8056
28.3115 60.295 8.141550000000001
19.619 65.5774 24.7918
9.85918 19.0277 4.67514
-24.8519 62.7335 4.62182
20.1681 -6.97167 4.4545
-6.68519 52.8332 -3.39824
50.0796 54.7881 -8.3729
-47.5107 54.7585 -16.3389
-6.96108 67.3935 -14.3096
-1.0552 67.81699999999999 -30.0967
2.71948 25.0782 27.989
-11.6945 81.199 12.6958
-12.7135 64.3288 16.0377
-32.8651 61.9411 1.56576
12.1427 24.0758 19.2655
-26.0836 -21.7665 15.0714
-39.1176 59.7756 -3.53377
16.8186 64.06529999999999 1.23415
19.1764 65.7647 -1.72297
0.994609 22.3209 7.65571
38.5442 58.393 -6.04276
26.9998 -15.9134 6.09063
1.31411 86.2368 -1.71938
-42.2799 61.9264 -15.7981
-18.896 44.1414 -2.14239
-14.3294 78.2616 0.812631
13.1832 66.45 -3.2008
-46.692 58.5587 -20.5689
-13.5423 3.99338 14.8468
-5.38065 85.56740000000001 3.92696
13.9819 15.0887 14.8301
-30.935 -19.0374 15.0478
-11.4041 45.6375 6.91185
8.322279999999999 69.6507 4.79903
6.249 64.12949999999999 -9.38813
0.0389259 35.5303 27.9056
47.0365 53.1806 -10.9146
19.9267 3.58465 20.9137
6.75584 80.1546 22.9913
-29.1238 1.48726 18.5002
28.1787 2.26568 7.00979
-14.9553 27.2748 22.8582
-26.108 12.4683 7.68271
-26.3069 4.94058 3.24028
-30.405 54.3407 -6.0732
-2.88054 62.8917 31.9475
17.7721 0.589601 3.74913
8.65016 76.6377 14.6728
1.57128 61.9304 34.4837
-2.17211 68.7589 32.1578
-21.2849 -1.72485 18.6165
12.1879 27.3214 9.751620000000001
-27.5037 50.5621 -3.50033
14.6466 34.3396 10.8527
-32.5159 -16.8915 3.24982
-28.0196 -20.8724 4.57597
-9.90455 45.8783 31.9679
-2.16388 59.9674 34.9386
1.98822 72.78270000000001 32.298
42.3401 59.8486 -0.410569
-42.3834 52.2752 -8.111510000000001
4.95892 78.3503 -8.97734
4.51591 43.4787 -10.4198
-10.8559 75.42270000000001 -12.079
-9.746919999999999 83.0166 16.3225
14.2715 -0.334867 4.60346
4.94188 79.0759 -14.1085
-33.5356 0.228489 1.49946
-33.9621 -3.85725 10.6271
19.1316 -42.7917 23.8711
17.5253 39.9044 1.72028
-8.489100000000001 24.6378 27.9186
-28.8534 60.927 7.8225
11.0877 42.0188 4.27089
13.76 38.8305 15.0105
1.29679 55.049 36.4262
18.4461 54.2046 -4.25874
18.0443 67.84310000000001 0.77323
7.44837 44.9512 16.1489
14.9144 31.4669 10.2074
-0.864614 39.0817 -6.55506
-3.23126 43.1406 -1.11574
-13.9066 38.7325 -4.39144
-14.5793 41.1567 -9.86838
-10.8351 25.0711 18.3936
29.6655 -17.3055 8.13236
-45.1364 53.9928 -13.2987
56.9857 75.3917 -23.9656
-11.5954 50.963 -6.27693
57.8618 75.41249999999999 -29.014
54.8184 77.7073 -26.6938
-2.0117 58.0092 36.8223
-5.19237 76.3865 -13.6812
15.6831 39.8619 18.6607
-6.1215 56.9267 34.0632
18.8064 42.5963 17.6296
18.5946 45.0604 12.0734
$EndNodes
$Elements
1 9199 1 9199
3 1 4 9199
1 8 35 12 60 
2 2008 2053 2074 2143 
3 923 1836 2148 2488 
4 2048 955 2180 2542 
5 1982 1617 1503 2457 
6 864 1225 2221 2506 
7 1467 1830 1498 2132 
8 1727 2236 2382 2468 
9 2015 2201 2317 2519 
10 2101 2098 2371 2448 
11 2200 2269 2386 2424 
12 324 799 2128 670 
13 1426 1944 1140 2052 
14 831 826 812 2451 
15 1253 1086 2221 2294 
16 673 2022 2453 2532 
17 1491 2183 2204 2213 
18 1388 1268 1390 2078 
19 1062 1101 1136 2340 
20 262 2007 2014 2163 
21 1924 1727 1668 2236 
22 857 834 2215 2419 
23 1236 1237 2075 2414 
24 2116 1372 2375 2448 
25 113 123 171 105 
26 628 736 1186 2351 
27 171 123 215 173 
28 101 1878 2289 2486 
29 1193 1133 1363 1242 
30 1990 813 2096 2269 
31 190 1184 2130 2282 
32 2035 2427 2478 2527 
33 405 497 2438 2536 
34 217 1389 2457 1982 
35 2128 2124 2137 2368 
36 1400 828 2318 2385 
37 1945 1680 1162 2244 
38 544 589 553 515 
39 370 1802 1162 2336 
40 1612 1582 2077 2278 
41 1083 1065 2081 2331 
42 1167 1426 1904 2052 
43 1995 188 2128 2368 
44 711 690 703 2073 
45 1527 819 180 2240 
46 1707 1269 1437 2289 
47 1978 1776 1706 2537 
48 1582 1545 2196 2501 
49 183 1660 2268 2434 
50 39 84 44 2184 
51 1848 488 931 2484 
52 1822 1143 2140 2474 
53 795 2115 2401 2480 
54 20 36 16 43 
55 636 795 2370 717 
56 436 291 343 2043 
57 2151 2375 2448 2465 
58 2205 2045 2260 2326 
59 595 664 2145 2325 
60 408 443 429 323 
61 671 576 456 321 
62 808 459 582 2387 
63 1956 763 2193 2276 
64 301 236 212 312 
65 262 189 216 2014 
66 1677 448 1958 2406 
67 1798 737 1986 2292 
68 1674 1232 676 2293 
69 2105 2009 2418 2519 
70 1485 1630 2311 2415 
71 2166 2028 2350 2376 
72 1958 817 1970 2406 
73 1738 400 1614 2024 
74 909 948 2197 1395 
75 473 90 1773 2119 
76 234 1626 568 2426 
77 501 1813 1667 2392 
78 226 261 450 2224 
79 1135 1196 1372 2116 
80 82 132 156 2056 
81 1952 1600 2045 2065 
82 1240 787 929 1792 
83 1240 998 995 1520 
84 560 574 2017 2156 
85 616 867 2532 672 
86 982 984 2042 2285 
87 1368 2024 2222 1621 
88 52 34 50 100 
89 1166 1239 1525 2344 
90 1456 1378 1320 2464 
91 507 2133 2142 2274 
92 1463 1644 1521 2077 
93 2090 2029 2135 2424 
94 192 1581 2061 2326 
95 710 1165 1765 2138 
96 814 892 868 2027 
97 192 1907 1952 2061 
98 92 51 62 57 
99 1953 973 1907 1952 
100 1402 1958 2102 2406 
101 981 1855 2021 2234 
102 1496 1588 2492 2511 
103 1039 1102 1116 2333 
104 1631 2287 2342 2391 
105 1622 1568 2168 2434 
106 1535 1605 2051 2222 
107 1087 1226 1376 2257 
108 760 944 2099 768 
109 2330 2376 2381 2507 
110 2010 1790 1644 347 
111 975 1504 1333 634 
112 50 77 134 124 
113 2138 2109 2258 2365 
114 797 813 615 2269 
115 1408 803 1540 151 
116 2225 2076 2454 2538 
117 28 76 2064 43 
118 2103 215 2314 2455 
119 1505 516 1690 2496 
120 67 92 62 40 
121 176 1938 2315 2476 
122 1548 1789 2074 2143 
123 303 386 233 2171 
124 1407 1649 1400 2295 
125 1110 1070 1109 2298 
126 413 468 2156 2181 
127 728 746 805 2508 
128 2328 2030 2433 2479 
129 429 591 269 476 
130 2251 2432 2435 2519 
131 671 432 546 589 
132 1970 1971 1958 2102 
133 1869 1899 1972 2430 
134 721 739 836 910 
135 37 68 28 2064 
136 1926 1811 1424 2382 
137 15 35 8 60 
138 1351 1061 1190 2047 
139 1405 1682 1248 1556 
140 1335 1336 2375 2448 
141 77 50 68 124 
142 1626 234 2357 2426 
143 1428 1387 1521 2077 
144 1282 2229 2288 2471 
145 147 1919 2034 2073 
146 1407 2227 2295 2385 
147 1355 1048 2036 2276 
148 1548 2143 2210 2467 
149 1720 1419 1230 2505 
150 50 48 64 89 
151 1289 1297 2326 2459 
152 303 386 419 233 
153 730 1887 707 996 
154 1002 1684 1524 2271 
155 372 1698 2285 2429 
156 2022 2384 2453 2532 
157 1139 1915 2183 2238 
158 935 881 2182 2215 
159 2084 2114 2138 2365 
160 184 263 221 241 
161 1277 2042 2226 2323 
162 1536 2137 2231 2368 
163 2054 2044 2163 2224 
164 1387 1463 1521 2077 
165 482 454 2044 2163 
166 1042 1309 2427 2528 
167 2097 949 2005 940 
168 1551 1825 2196 2501 
169 567 2012 2175 2207 
170 1039 2149 2333 2340 
171 764 1719 2147 2238 
172 200 132 122 223 
173 1667 1813 240 1347 
174 943 1043 2027 2407 
175 1658 1656 1559 2489 
176 1790 2010 2160 2170 
177 2067 2079 2348 2449 
178 764 256 363 2147 
179 1436 1873 2252 2412 
180 1698 372 879 2429 
181 579 1128 178 2399 
182 433 502 271 504 
183 635 583 663 2088 
184 114 130 179 2056 
185 694 834 2182 857 
186 492 522 607 2469 
187 871 818 2134 2219 
188 494 56 2110 989 
189 1706 987 2377 2494 
190 213 179 230 2308 
191 758 659 649 2158 
192 1560 1506 2228 1879 
193 1276 1645 199 600 
194 810 1188 202 2070 
195 159 186 139 235 
196 1325 458 2387 773 
197 1687 686 498 2097 
198 1307 1895 1993 2397 
199 669 1593 2310 2518 
200 1160 1416 1225 2506 
201 2220 2022 2384 2469 
202 1524 1182 2172 2271 
203 374 1429 2122 2400 
204 308 243 191 2001 
205 1149 2126 1488 2396 
206 399 414 469 2043 
207 255 249 269 337 
208 388 383 497 2536 
209 737 2282 1798 65 
210 2310 1593 2348 2518 
211 1461 1383 1113 1382 
212 1407 1076 2295 2481 
213 2202 1034 2396 2507 
214 253 215 173 247 
215 576 426 456 321 
216 944 1333 634 2227 
217 2012 2021 2152 2234 
218 286 2171 2314 2455 
219 1187 936 1058 1282 
220 245 273 259 286 
221 2221 1123 2462 2506 
222 73 88 114 55 
223 2223 1328 2206 1935 
224 1453 949 1722 2320 
225 2063 2024 2433 2458 
226 1748 490 2129 2429 
227 1519 1381 1151 1361 
228 559 478 706 2495 
229 1731 1541 2000 1998 
230 1061 1150 2047 1001 
231 2279 2317 2432 2519 
232 59 128 85 98 
233 2099 335 2280 2517 
234 405 2002 243 2436 
235 249 283 270 269 
236 1060 1061 1351 2047 
237 1007 2037 2283 2466 
238 1478 2151 2375 2448 
239 1297 2217 2449 2518 
240 2147 2080 2492 2511 
241 1180 1320 927 2464 
242 653 779 651 2272 
243 2011 2116 2375 2465 
244 1628 1419 1955 2191 
245 2013 2342 2445 2479 
246 1161 1504 741 1794 
247 2093 1430 2286 2467 
248 1687 858 2290 1384 
249 961 1827 2390 2392 
250 1647 2100 2140 2206 
251 942 1065 1220 2331 
252 2017 2150 2255 2373 
253 2317 2519 2520 2542 
254 2110 2293 2297 2393 
255 34 77 50 100 
256 857 1014 928 2419 
257 1089 1333 2280 2487 
258 733 1988 678 2356 
259 176 2273 2162 1620 
260 867 616 2532 673 
261 2116 1250 2340 2375 
262 1262 1422 1486 2218 
263 1070 1110 1124 2298 
264 724 934 880 2038 
265 1920 1884 2379 2383 
266 1649 1407 944 2295 
267 1455 1173 765 2034 
268 135 1974 2074 2164 
269 645 2080 2315 2476 
270 245 214 232 2455 
271 536 416 451 2046 
272 1163 1028 1537 1179 
273 994 819 852 2240 
274 275 450 481 451 
275 113 92 49 2056 
276 848 871 847 2057 
277 630 564 2150 2245 
278 891 1374 54 2153 
279 2048 1897 2112 2180 
280 1292 1572 2092 2155 
281 2352 2214 2383 2505 
282 205 123 2314 2354 
283 1800 177 2398 2497 
284 133 223 205 259 
285 1658 1989 2372 2488 
286 2233 1006 2452 2482 
287 1168 909 1868 2222 
288 13 982 2042 2285 
289 708 869 834 875 
290 834 875 2134 2419 
291 1248 1372 2116 2198 
292 1019 914 1341 2310 
293 1084 1636 1366 2510 
294 435 698 391 2361 
295 2023 2034 2041 2052 
296 1407 965 1076 2481 
297 282 1330 2351 2356 
298 1273 1115 1116 2116 
299 2071 2066 2122 2140 
300 1879 1474 1506 2228 
301 778 2426 1992 2197 
302 1308 1770 2212 2443 
303 549 609 2054 2261 
304 629 1684 2242 1182 
305 452 1985 2090 2213 
306 964 990 2188 980 
307 1050 1028 930 2384 
308 499 408 443 475 
309 439 294 2054 367 
310 2107 417 175 2263 
311 1794 1161 298 2268 
312 205 214 2314 2455 
313 757 946 969 2490 
314 1157 1306 2277 2334 
315 2084 2259 2365 2439 
316 187 304 383 2535 
317 1538 1851 1887 2067 
318 303 386 2171 2232 
319 1639 1219 332 1026 
320 1767 1510 2179 1809 
321 2132 2059 2161 2172 
322 935 1097 2229 2319 
323 983 1421 2262 2461 
324 1465 1945 1790 2160 
325 2289 2363 2431 2486 
326 532 447 2453 2473 
327 271 433 341 2139 
328 1790 2010 1644 2160 
329 1505 31 516 2271 
330 2293 1232 2346 2502 
331 1860 740 753 2393 
332 1027 1124 967 2284 
333 426 456 321 352 
334 2148 2087 2019 2402 
335 2223 2402 2206 2474 
336 2243 908 2472 2480 
337 629 1830 2402 1619 
338 698 1518 1128 2390 
339 1049 54 531 2153 
340 1708 1094 1936 2152 
341 389 1710 893 2118 
342 1903 835 256 1579 
343 773 1325 2253 2316 
344 179 169 230 2308 
345 461 343 399 2043 
346 993 979 902 2283 
347 1881 1240 998 376 
348 1031 1848 2138 2484 
349 1339 165 1839 2266 
350 93 422 1475 2398 
351 531 54 1374 2153 
352 2063 1723 2240 819 
353 735 790 2339 758 
354 1887 707 1305 2067 
355 1700 1251 1525 2344 
356 1396 1496 1296 2492 
357 292 286 2171 561 
358 1911 519 554 2409 
359 1805 1987 2109 2335 
360 1437 1269 1268 2078 
361 1979 1676 2106 2501 
362 1884 1415 1625 2379 
363 2171 386 419 2232 
364 90 1962 2119 2246 
365 1197 1250 1135 2116 
366 1282 1263 1187 1097 
367 338 1977 571 2008 
368 2090 2135 2200 2424 
369 2061 2045 2205 2326 
370 1308 1188 453 2443 
371 1113 1383 1100 1382 
372 1198 963 2123 2413 
373 283 392 476 429 
374 2214 1418 2257 2420 
375 692 1371 127 1925 
376 719 1096 2275 2423 
377 1047 1534 2258 2335 
378 1281 1485 2311 2415 
379 2057 850 2417 2534 
380 1874 613 2235 2320 
381 1033 783 2381 2507 
382 346 345 2325 2366 
383 84 125 124 2211 
384 2491 706 2494 2495 
385 2082 1211 2199 2396 
386 2269 2208 2386 2424 
387 1981 1984 1873 2165 
388 514 151 2305 2406 
389 1413 1717 2226 2323 
390 2037 2137 2283 2379 
391 1825 2106 143 2262 
392 1549 2196 1545 2501 
393 238 585 1673 2089 
394 1219 1908 1639 332 
395 1900 1711 1440 2141 
396 1183 1051 1570 1513 
397 1370 1767 2539 2541 
398 321 336 280 352 
399 1093 926 1126 2216 
400 2135 760 2343 2456 
401 2066 2094 2122 2140 
402 2384 905 2453 2532 
403 1545 1582 2196 2500 
404 1117 1572 2155 660 
405 786 868 826 2508 
406 1892 1858 2033 2281 
407 1856 330 2203 1924 
408 1785 422 1471 177 
409 9 27 35 15 
410 1264 1149 2126 1488 
411 2149 2011 2333 2340 
412 1428 1612 1582 2077 
413 1266 983 2262 11 
414 463 384 440 496 
415 1225 1105 1160 2506 
416 1044 1022 1226 2257 
417 1664 1834 268 2404 
418 1555 961 1207 1827 
419 1053 2092 2502 2155 
420 2008 2074 2210 2430 
421 269 392 466 337 
422 2326 2217 2459 2518 
423 721 608 607 2469 
424 2241 1011 1572 1292 
425 635 663 661 2088 
426 835 870 256 2394 
427 1693 725 2012 2021 
428 1389 1535 1605 2051 
429 1016 816 217 1982 
430 1658 1948 1656 2372 
431 342 963 1489 2123 
432 607 491 2022 2469 
433 1458 1460 1242 2033 
434 1393 1090 2051 2510 
435 744 2049 2102 2141 
436 100 78 27 2184 
437 2119 1771 2311 2350 
438 1545 1546 1549 2501 
439 876 851 791 2088 
440 1483 1328 1429 2122 
441 944 760 2099 1076 
442 2152 2012 2234 2341 
443 2080 2162 2315 2476 
444 1101 1116 2104 2333 
445 563 972 801 2247 
446 1342 1177 2294 2498 
447 783 683 2131 2512 
448 770 520 2253 2336 
449 1239 1700 1525 2344 
450 158 1338 843 2206 
451 2008 2097 2235 2320 
452 652 762 2017 2146 
453 1755 2213 1942 2183 
454 1326 1026 1639 332 
455 1876 1240 1898 995 
456 2276 2051 2391 2457 
457 589 430 465 546 
458 2328 2070 2435 2463 
459 481 536 451 2046 
460 290 2299 1468 1917 
461 2020 2068 2145 2232 
462 1732 1671 1863 1928 
463 1505 1690 2271 2496 
464 195 1176 2446 799 
465 1290 1392 1438 2160 
466 698 1542 918 1128 
467 583 663 2088 2156 
468 1882 654 519 2341 
469 237 806 2089 2305 
470 656 2225 2272 2538 
471 2107 175 2306 2359 
472 2191 2137 2298 2304 
473 2224 2018 2256 2473 
474 449 292 483 561 
475 84 124 2184 2211 
476 361 665 723 2085 
477 944 1233 828 634 
478 1411 1221 1166 1258 
479 2047 1150 1213 2082 
480 642 975 2174 2318 
481 1297 1538 1305 2067 
482 836 1095 1163 1183 
483 2223 2059 2299 2416 
484 2078 2052 2289 2431 
485 1545 1582 2278 2501 
486 296 208 2171 2232 
487 850 848 815 2421 
488 2059 2132 2161 2372 
489 1385 700 692 1909 
490 2130 394 2267 2447 
491 334 1908 1929 1026 
492 2226 2278 2285 2477 
493 1458 1775 1356 1515 
494 1820 1326 995 1520 
495 563 664 759 2388 
496 1827 961 1835 2392 
497 210 236 212 301 
498 1161 937 1794 298 
499 1645 1276 199 1117 
500 1048 763 1956 2276 
501 744 1408 2102 2355 
502 652 512 625 2146 
503 1876 376 1898 998 
504 918 698 2358 2361 
505 700 1385 692 1371 
506 2045 1342 2294 2498 
507 252 1747 2005 2143 
508 2390 1128 698 2358 
509 1747 135 2074 2290 
510 779 651 2225 2454 
511 1703 852 1896 2063 
512 1814 56 1951 2085 
513 2208 2098 2273 2476 
514 595 575 2145 2360 
515 2252 2172 2485 2496 
516 2311 1281 2415 2523 
517 2098 1364 2190 2460 
518 2031 2085 2393 2524 
519 347 1746 2077 2129 
520 1404 1332 1559 2489 
521 773 1325 2316 2485 
522 2257 2283 2352 2466 
523 1126 1538 1570 2459 
524 1418 1317 1178 2420 
525 604 757 2220 2506 
526 630 564 689 2150 
527 810 202 316 2070 
528 2051 2342 2391 2426 
529 1172 1501 1364 2460 
530 77 34 44 2184 
531 1416 1417 2221 2506 
532 1377 1892 2307 2281 
533 1138 853 1576 2267 
534 95 181 102 136 
535 1507 1558 2148 2402 
536 1292 1286 2092 2241 
537 2030 2328 2435 2479 
538 2195 2186 2198 2204 
539 734 872 905 2256 
540 1153 1319 873 2063 
541 2330 2076 2374 2376 
542 1937 1544 277 2281 
543 1250 1136 1101 2340 
544 484 416 623 2261 
545 1425 1353 1242 1356 
546 1076 944 2295 2481 
547 629 380 2178 2242 
548 1959 1631 1617 2391 
549 698 2390 2358 1555 
550 1909 1024 1493 1385 
551 634 975 828 2227 
552 2200 598 2343 2400 
553 644 617 750 2181 
554 1092 519 1902 2341 
555 11 983 2262 2425 
556 668 1318 2042 2108 
557 1443 2005 2041 2444 
558 1491 1742 2094 2204 
559 1415 1884 1842 2379 
560 1030 880 2038 2408 
561 1286 1053 1292 2092 
562 982 13 2042 2108 
563 1830 629 2402 1182 
564 1371 1244 1059 127 
565 894 423 2254 2276 
566 1103 1943 2364 2504 
567 1092 2341 2397 2404 
568 624 1121 606 2165 
569 675 2065 58 2169 
570 1240 1892 2281 1858 
571 1418 1257 1317 2420 
572 2071 1791 1983 2395 
573 2140 2206 2359 2402 
574 1668 1854 1005 2236 
575 313 147 2073 1919 
576 1985 720 1947 713 
577 1575 1632 1352 1241 
578 491 557 2022 2473 
579 187 228 242 2535 
580 1185 1029 1259 2373 
581 937 1880 297 410 
582 1089 1360 431 2487 
583 2100 2107 2263 2395 
584 574 2017 2156 2245 
585 1728 1539 2075 2475 
586 1649 1233 944 1214 
587 493 948 2051 2426 
588 1062 1040 1039 2340 
589 1193 1999 1133 1038 
590 2070 2112 2435 2463 
591 863 1119 784 2529 
592 1488 2126 2236 2396 
593 1809 1475 2026 2520 
594 1674 676 1847 2293 
595 232 208 292 2455 
596 7 16 28 20 
597 2318 2293 1817 2176 
598 643 989 494 2297 
599 1473 1396 2157 2228 
600 2020 2076 2330 2538 
601 1310 1043 2081 2105 
602 1856 1727 2382 2468 
603 1377 2307 1820 581 
604 626 743 2144 2512 
605 733 1155 521 2356 
606 625 640 696 2146 
607 2085 1370 2539 2541 
608 613 1409 1708 2235 
609 1106 698 1542 391 
610 1667 470 1966 2392 
611 2047 2082 2199 2202 
612 773 1913 2253 1325 
613 1908 1219 1639 1026 
614 1531 1682 1655 2198 
615 465 321 671 456 
616 914 1331 1267 2337 
617 911 140 1055 590 
618 724 705 663 2408 
619 2127 862 2136 844 
620 813 1380 1394 965 
621 1350 1488 2236 2396 
622 1873 1291 1436 2252 
623 2113 1518 2362 2392 
624 1944 1426 1167 2289 
625 1142 2223 2271 2496 
626 790 831 2440 2534 
627 573 674 397 2044 
628 1267 1952 1907 2065 
629 1767 1510 1672 56 
630 1265 1435 2305 2410 
631 560 2006 2038 2408 
632 276 420 2437 2533 
633 1459 501 1815 1778 
634 1610 1858 1859 1932 
635 1221 806 1604 1932 
636 2145 2103 2302 2325 
637 231 2357 2426 2457 
638 92 67 122 111 
639 1541 1461 1382 1731 
640 1667 1659 351 1347 
641 1898 1240 998 995 
642 1470 579 962 2399 
643 744 1408 1402 2102 
644 1940 2248 2322 300 
645 2038 1345 2312 2373 
646 1999 1193 977 1038 
647 2440 831 2451 2534 
648 75 1643 219 2197 
649 1757 41 1754 2359 
650 1016 2051 2276 2457 
651 1323 2432 2542 172 
652 1052 1868 1298 2109 
653 1359 1425 1695 1998 
654 116 138 97 98 
655 975 1333 2159 2227 
656 1420 1138 1576 2393 
657 1097 1263 1077 2218 
658 1820 1219 581 1026 
659 2347 2284 2463 2464 
660 787 1221 929 398 
661 1364 1635 1475 2190 
662 1385 692 354 1493 
663 1705 1615 2286 2327 
664 1888 1886 1698 2170 
665 1896 1153 1703 1319 
666 509 436 276 2043 
667 2457 217 1982 1016 
668 890 791 889 2088 
669 197 164 253 2455 
670 846 1384 2164 2290 
671 1493 692 1244 1059 
672 2339 2115 2440 2451 
673 1936 1895 2152 1094 
674 978 1040 1137 2334 
675 946 980 2490 2498 
676 622 677 2095 2370 
677 812 826 2115 2339 
678 517 530 254 578 
679 777 734 580 2256 
680 2048 2031 2112 2435 
681 569 290 1526 2252 
682 1361 1132 1381 1285 
683 1628 2037 2191 2298 
684 967 892 2411 2522 
685 1418 2214 2257 2352 
686 222 235 186 2436 
687 579 1861 1927 178 
688 1653 1877 1442 2486 
689 357 215 345 193 
690 1969 1798 1629 1194 
691 581 1820 1026 2307 
692 158 2206 2223 2416 
693 2124 1069 2137 2231 
694 1533 1170 1246 2351 
695 1406 1474 1476 2101 
696 1159 1025 943 2411 
697 1557 1710 1657 2228 
698 830 2491 2503 2540 
699 1806 1475 1635 2026 
700 400 1941 1943 2024 
701 1286 2092 2241 2540 
702 1811 1730 2382 2475 
703 2032 2079 2264 2449 
704 1557 1442 2157 2363 
705 2097 2012 2164 2235 
706 849 966 2006 2233 
707 941 2209 2334 2418 
708 579 266 2113 2362 
709 1129 916 884 2255 
710 1003 1685 740 2377 
711 1056 2243 2311 2376 
712 498 1715 1906 2097 
713 1049 810 446 2112 
714 2169 329 2403 2478 
715 788 815 715 2421 
716 692 1371 354 1244 
717 1256 1847 494 2321 
718 842 746 826 2508 
719 1997 1858 1932 6 
720 774 2241 1572 1703 
721 1383 2000 1734 1461 
722 2023 2073 2147 2394 
723 1791 592 2071 1983 
724 1209 832 351 1835 
725 397 2007 2224 2256 
726 2342 1539 2391 2457 
727 743 838 2144 861 
728 2174 2092 2176 2296 
729 1273 1116 2104 2116 
730 1559 1836 1592 2132 
731 1794 298 2187 2268 
732 1146 1092 2404 1882 
733 380 2062 2178 2198 
734 2130 2258 2328 2365 
735 207 146 184 2211 
736 1957 1176 2128 2446 
737 745 805 900 2081 
738 1918 1709 1414 2012 
739 2134 2215 2264 2353 
740 1998 1462 1638 2281 
741 798 693 608 2324 
742 1353 1193 1242 1356 
743 1178 1376 1602 2352 
744 1808 1832 1655 2195 
745 807 108 1265 2323 
746 180 660 2155 2240 
747 1324 1215 1432 2160 
748 93 2190 2499 2525 
749 1618 1401 1500 1469 
750 56 1510 540 2179 
751 1371 1925 692 700 
752 1753 1834 2125 2234 
753 237 2089 2248 2305 
754 1847 1663 1216 2297 
755 1925 1909 692 700 
756 1032 1015 2243 2247 
757 798 739 836 2324 
758 313 1919 2073 2120 
759 435 1664 1745 2515 
760 1108 1971 1782 2141 
761 2266 2003 2470 2478 
762 126 146 207 2211 
763 1722 1287 1902 2409 
764 2029 2019 2066 2530 
765 2111 41 2206 2359 
766 1565 1860 2110 2297 
767 598 565 2456 605 
768 959 1018 1041 2389 
769 2013 1924 2203 330 
770 845 1098 2152 2175 
771 583 413 574 2156 
772 627 1501 1586 2269 
773 1258 1997 921 2344 
774 1842 1920 1885 2383 
775 768 2099 2343 2517 
776 2168 2107 2187 2434 
777 973 192 1907 1952 
778 704 809 2506 2532 
779 225 1896 2063 1319 
780 1866 1393 2051 2510 
781 2491 2230 2503 2540 
782 2042 2108 2141 2278 
783 413 503 467 533 
784 743 626 2131 2512 
785 2453 447 2256 2473 
786 1099 1149 2082 2396 
787 2331 1083 2334 2418 
788 884 1129 2255 2373 
789 828 1817 1400 2318 
790 1109 1007 1344 2304 
791 911 140 1946 374 
792 1227 1178 2420 2452 
793 1161 937 1660 297 
794 1662 1120 2279 2516 
795 2257 2408 2420 2482 
796 561 651 649 2454 
797 225 2063 2254 1319 
798 1056 1234 2126 2311 
799 1647 1788 2071 2100 
800 721 910 2220 2462 
801 1176 670 1035 2128 
802 92 205 2056 113 
803 1027 1124 2284 2522 
804 925 871 2134 2417 
805 1685 1595 2377 2494 
806 865 920 2395 2487 
807 610 655 575 2360 
808 1768 1153 2063 2241 
809 2052 2289 2431 2486 
810 1518 501 2362 2392 
811 52 38 33 25 
812 480 1617 2391 2457 
813 83 204 2014 2192 
814 1584 1678 1741 2129 
815 1583 1915 1139 2238 
816 1797 906 1055 2303 
817 1479 1020 329 2169 
818 938 1753 2125 2234 
819 832 1209 174 1827 
820 307 358 2001 2436 
821 2214 2037 2352 2383 
822 1485 1231 1147 1234 
823 455 383 318 2535 
824 318 227 382 2535 
825 2201 2249 2317 2519 
826 232 197 182 208 
827 804 313 2120 2428 
828 404 386 387 474 
829 2068 766 2270 2538 
830 747 714 699 2136 
831 787 1221 1525 2344 
832 908 2401 2472 2480 
833 129 159 139 235 
834 2095 2020 2103 2133 
835 1945 2160 2412 2514 
836 1664 435 1964 2515 
837 1748 347 879 2429 
838 2248 237 2305 2406 
839 1322 1321 1615 2286 
840 946 1177 980 2294 
841 2144 766 958 726 
842 1689 1770 1456 1922 
843 355 336 430 339 
844 1593 1341 2310 2348 
845 1165 244 2084 2138 
846 2032 2079 2185 2264 
847 2237 2070 2328 2443 
848 903 990 887 2057 
849 931 1534 2258 2484 
850 64 50 110 2064 
851 942 805 2081 900 
852 1137 1306 1158 2334 
853 397 2007 2044 2224 
854 2045 2294 2490 2498 
855 1853 1560 2118 2228 
856 761 680 2261 2380 
857 1676 1736 682 2425 
858 1793 1808 1682 2300 
859 228 187 185 2535 
860 1833 1826 1374 531 
861 868 776 717 2115 
862 1062 1039 1116 2333 
863 477 460 2133 2274 
864 420 358 2438 2536 
865 1702 1782 1701 2141 
866 1977 1787 2210 2531 
867 1331 1774 1020 2337 
868 567 1693 725 2012 
869 1776 749 1862 2503 
870 1072 1029 2006 2312 
871 424 2432 2317 1323 
872 1257 2038 2312 2408 
873 2361 2358 2399 2515 
874 1250 1101 1197 1135 
875 525 520 2253 2316 
876 1126 1570 2239 2459 
877 784 1119 2332 2529 
878 357 193 287 2142 
879 759 1032 2243 2247 
880 769 729 2265 2529 
881 1510 823 2321 1990 
882 1717 1255 108 2323 
883 2085 56 2110 2179 
884 2027 943 2407 2411 
885 69 96 2167 2211 
886 2397 1704 2404 2515 
887 1809 1475 2520 2539 
888 373 1031 1357 2364 
889 1867 1323 2541 2542 
890 1309 2266 2403 2427 
891 421 391 918 2361 
892 861 917 2507 2512 
893 511 631 596 2255 
894 1867 1769 1367 1323 
895 1734 1863 1929 2307 
896 1203 1609 1554 2254 
897 897 800 742 2509 
898 510 293 346 2325 
899 140 452 590 2400 
900 2071 2019 2100 2395 
901 2229 1514 2301 2471 
902 1903 1719 1579 2147 
903 2094 1483 2140 2178 
904 2020 2095 2145 2330 
905 824 630 2150 2255 
906 1412 1624 1599 2470 
907 1386 1610 1967 2033 
908 1278 1029 1072 2312 
909 2209 2149 2334 2418 
910 1244 1059 127 438 
911 1463 1324 2010 2500 
912 1708 1409 2152 2235 
913 864 960 1104 827 
914 202 1308 2070 2443 
915 1160 1123 1314 1417 
916 1261 866 166 2517 
917 2037 2214 2283 2466 
918 1733 1761 2073 2483 
919 1530 923 1836 2148 
920 1273 1116 1102 2104 
921 2194 1660 2268 2403 
922 1789 1431 2093 2467 
923 1410 2105 2279 2331 
924 836 2018 2324 2469 
925 1979 1676 1546 1547 
926 784 769 2529 729 
927 2221 2045 2205 2294 
928 599 497 611 2437 
929 436 343 276 2043 
930 1759 1758 2371 2448 
931 773 1921 802 2316 
932 1124 1280 1110 1180 
933 2069 2159 2174 2187 
934 384 426 321 352 
935 914 2061 2310 2337 
936 1251 1700 1881 2344 
937 563 664 510 479 
938 1724 415 2369 1316 
939 2324 491 2469 2473 
940 599 529 497 2438 
941 1159 2027 2231 2411 
942 1186 736 780 2356 
943 2253 1913 2336 2514 
944 1364 1501 1990 2460 
945 1318 1540 982 2108 
946 2004 2102 2305 2355 
947 392 476 269 466 
948 1111 668 2042 2108 
949 435 427 434 2361 
950 2171 2103 2314 2455 
951 1739 1641 1640 2430 
952 1517 1543 1735 1241 
953 942 839 1065 2081 
954 175 109 1757 2359 
955 2049 2121 2226 2323 
956 1737 1064 901 2173 
957 1607 1471 2273 2460 
958 971 1072 2150 997 
959 613 489 2008 2320 
960 208 296 350 2232 
961 418 1439 2042 2285 
962 2153 2130 2328 2439 
963 978 941 1040 2149 
964 58 1624 2065 675 
965 1689 473 1456 1770 
966 2128 324 2137 2379 
967 698 1845 2358 2361 
968 2259 2313 2494 2503 
969 359 369 426 472 
970 986 1081 1189 988 
971 2015 2105 2418 2519 
972 949 2097 2005 2320 
973 147 313 2073 1761 
974 954 854 794 1093 
975 2029 2091 2187 2424 
976 1364 2026 2190 2460 
977 2126 1854 2236 2350 
978 2152 1409 2175 2235 
979 1345 1130 1129 2038 
980 288 381 285 2163 
981 1286 1191 2092 2540 
982 385 319 333 404 
983 27 52 38 33 
984 1754 825 895 2111 
985 697 577 485 527 
986 1396 1296 1446 2157 
987 1997 1792 929 1221 
988 331 866 2280 2517 
989 2154 2134 2216 2419 
990 1689 473 1573 1456 
991 1974 1709 2164 846 
992 1299 1269 2289 2431 
993 1250 1335 1336 2375 
994 485 419 385 386 
995 295 276 248 2533 
996 51 88 55 47 
997 1225 829 1105 2506 
998 1567 1781 2005 2041 
999 274 263 315 2349 
1000 465 671 432 456 
1001 1479 329 2187 2403 
1002 249 250 392 337 
1003 1061 1237 1351 1190 
1004 2063 2123 2254 2276 
1005 1153 873 2024 2063 
1006 1774 1192 963 970 
1007 1130 1164 882 2038 
1008 1782 1741 1900 2141 
1009 857 881 1014 2215 
1010 1924 1668 1508 2236 
1011 163 294 2177 2349 
1012 801 610 575 595 
1013 1433 1293 1750 2450 
1014 2109 2138 2258 2484 
1015 905 867 751 2453 
1016 2136 2332 2528 2529 
1017 320 307 2002 441 
1018 1117 1053 1276 2155 
1019 701 890 791 889 
1020 624 755 150 2252 
1021 256 764 1719 2147 
1022 729 767 2136 2332 
1023 1526 569 2252 2514 
1024 2174 2025 2403 2478 
1025 2182 935 2319 2509 
1026 440 384 426 496 
1027 104 120 107 137 
1028 2207 1899 1974 2164 
1029 2021 2012 2152 2175 
1030 1032 2243 2381 2388 
1031 1353 1193 1363 1242 
1032 964 2188 2216 2490 
1033 640 625 599 2437 
1034 769 784 2529 863 
1035 1110 1280 1228 1141 
1036 744 2102 2108 2355 
1037 533 468 467 413 
1038 1730 1351 2382 2475 
1039 609 2044 2054 2261 
1040 1537 1163 1627 2462 
1041 1427 1569 2125 2515 
1042 1976 1590 1174 2208 
1043 436 291 356 413 
1044 2179 2026 2520 2539 
1045 507 504 2133 2274 
1046 525 1912 281 2372 
1047 1550 1497 1768 2241 
1048 319 255 249 254 
1049 112 94 149 2192 
1050 205 123 164 2455 
1051 464 632 485 486 
1052 123 118 205 164 
1053 51 32 57 30 
1054 1294 2244 1681 1438 
1055 1005 1508 2119 2292 
1056 2020 2225 2454 2538 
1057 2114 478 2259 2369 
1058 132 82 156 169 
1059 834 818 796 2219 
1060 1503 1366 2457 820 
1061 526 2068 2232 2270 
1062 1231 1056 1281 2311 
1063 1324 1523 1434 2412 
1064 120 228 137 145 
1065 1890 434 1210 2361 
1066 1779 1815 1667 1966 
1067 1919 1455 2034 2083 
1068 311 991 1985 2094 
1069 1931 240 1894 1963 
1070 2002 307 2436 2438 
1071 2076 2202 2338 2445 
1072 1697 1812 1778 2362 
1073 1431 1430 2093 2467 
1074 778 2426 2197 493 
1075 2135 2090 2200 2343 
1076 228 154 137 145 
1077 1576 368 1594 2153 
1078 559 647 2114 2504 
1079 1810 234 1366 2426 
1080 1415 2037 2352 2379 
1081 1199 1118 2072 2389 
1082 1541 1461 1731 2000 
1083 16 28 20 43 
1084 2025 2250 2296 2478 
1085 1847 1256 1674 2385 
1086 1829 370 2244 2442 
1087 271 213 230 2308 
1088 614 532 447 2453 
1089 2127 2309 2451 2527 
1090 1122 1950 1454 2137 
1091 2070 2031 2328 2435 
1092 1353 1193 1133 1363 
1093 1359 1999 1038 1363 
1094 1334 1556 1218 1447 
1095 1193 1133 977 1038 
1096 1193 1353 1999 977 
1097 424 93 2190 2499 
1098 1999 1133 1038 1363 
1099 1425 1359 1353 1999 
1100 2115 2030 2309 2435 
1101 1383 1461 1734 1731 
1102 1461 1383 1382 1731 
1103 111 133 223 194 
1104 1271 1268 2078 1327 
1105 719 1529 1154 2423 
1106 373 2138 2222 2484 
1107 1610 1967 1398 806 
1108 2237 1798 2258 2282 
1109 350 296 2171 2232 
1110 1353 1193 1999 1133 
1111 1245 1294 2412 1270 
1112 2203 2357 2382 2475 
1113 706 559 2495 2504 
1114 1359 1353 1363 1242 
1115 1359 1425 1353 1242 
1116 1897 955 2048 2112 
1117 2080 2162 2173 2315 
1118 2031 2030 2296 2328 
1119 2023 2041 2073 2394 
1120 1359 1425 1242 1356 
1121 1249 1304 2116 2300 
1122 1680 1829 2244 1681 
1123 2230 2092 2293 2502 
1124 1359 1353 1999 1363 
1125 1999 1353 1133 1363 
1126 812 826 2339 2451 
1127 1283 1277 1111 2042 
1128 124 125 2014 2211 
1129 2023 2080 2118 2157 
1130 539 454 609 2044 
1131 2281 1610 2033 1967 
1132 2214 2383 1419 2037 
1133 585 237 398 806 
1134 41 2111 2206 2387 
1135 2229 1097 2288 2338 
1136 792 1603 1777 2299 
1137 1946 991 911 2303 
1138 482 594 381 2044 
1139 1295 1495 1391 1467 
1140 277 1937 2281 2307 
1141 2021 725 2152 2423 
1142 24 1777 158 2416 
1143 1736 1675 2106 2501 
1144 2068 2270 2272 2538 
1145 1037 531 1354 2130 
1146 92 223 2056 205 
1147 448 2281 1377 1968 
1148 794 969 2216 2490 
1149 933 406 645 2371 
1150 161 110 134 2192 
1151 2281 1932 1858 1610 
1152 1240 1892 1520 2281 
1153 1383 1100 1382 1731 
1154 2008 2060 2207 2430 
1155 288 262 274 2163 
1156 978 941 2149 2334 
1157 1395 1866 2051 2222 
1158 2047 958 2202 2414 
1159 80 70 45 2184 
1160 690 703 2073 2394 
1161 2069 2025 2174 2176 
1162 1274 1884 1804 2379 
1163 1252 618 2071 2122 
1164 2317 2201 2520 2524 
1165 1450 1372 2198 2448 
1166 946 1086 1222 2294 
1167 1051 1570 1513 2239 
1168 473 1773 1771 2119 
1169 1642 1706 1685 2377 
1170 595 801 2360 2388 
1171 2287 1282 2288 2471 
1172 2206 1338 2387 2416 
1173 366 1112 613 2060 
1174 1246 1340 1482 2351 
1175 379 523 357 2366 
1176 2025 2069 2174 2187 
1177 402 541 625 2437 
1178 603 673 2532 2022 
1179 2034 2023 2041 2073 
1180 1748 347 372 879 
1181 1839 1480 1339 2266 
1182 1979 1551 1547 2501 
1183 2231 2027 2251 2435 
1184 560 2006 2017 2038 
1185 1333 975 634 2227 
1186 2146 2017 2245 2255 
1187 1443 1904 2034 2041 
1188 338 366 489 2060 
1189 2095 2330 2374 2480 
1190 1695 1359 1998 2281 
1191 1675 1545 2106 2501 
1192 166 598 10 2343 
1193 131 1781 551 2041 
1194 1447 1334 1304 1218 
1195 1294 1272 1681 2513 
1196 2129 490 2285 2429 
1197 1763 324 442 2379 
1198 617 644 602 2181 
1199 946 1222 1342 2294 
1200 814 868 748 2407 
1201 1182 1524 1684 2271 
1202 1524 31 1002 2271 
1203 595 293 510 2325 
1204 798 761 667 2324 
1205 1387 1552 1463 2500 
1206 1024 1587 1385 246 
1207 751 518 2256 2453 
1208 2030 2031 2309 2435 
1209 1409 1112 2175 2235 
1210 1588 1750 1293 2511 
1211 1475 424 2499 2520 
1212 1678 1521 1746 2129 
1213 1088 947 1006 2452 
1214 1810 231 2357 2426 
1215 1407 1214 944 1076 
1216 2032 2045 2061 2217 
1217 740 1685 1910 2377 
1218 1064 1737 1756 2173 
1219 1149 2126 2396 1079 
1220 1676 1979 1546 2501 
1221 1514 2218 2229 2301 
1222 1621 2024 2222 2364 
1223 1324 1245 1215 2160 
1224 2239 2221 2462 2490 
1225 1197 1372 1250 2116 
1226 100 38 27 52 
1227 1976 1620 1831 2162 
1228 2019 2107 2168 2434 
1229 1597 1410 2277 2317 
1230 1983 1791 865 2395 
1231 1546 1979 1547 2501 
1232 117 1331 1020 789 
1233 1414 1918 2012 2164 
1234 2029 2066 2071 2530 
1235 141 201 2014 2192 
1236 1351 2055 2075 2414 
1237 1718 2137 1763 2379 
1238 931 1057 2138 2258 
1239 1334 1447 1304 1509 
1240 2048 2231 2432 2435 
1241 1206 1805 2109 2493 
1242 325 433 2139 2274 
1243 2072 1042 2194 2427 
1244 1562 1836 1507 2148 
1245 183 1161 2107 2268 
1246 654 1834 2234 2341 
1247 1860 2297 2345 2393 
1248 1521 1584 2077 2129 
1249 2217 2061 2449 2518 
1250 2030 2296 2328 2433 
1251 561 2020 2103 2171 
1252 1997 1258 921 360 
1253 1036 219 2197 2203 
1254 1656 1948 1499 2442 
1255 754 963 1198 2413 
1256 2096 2026 2269 2424 
1257 262 2192 2014 170 
1258 876 968 902 2466 
1259 2094 1483 2122 2140 
1260 1091 950 1444 2108 
1261 105 51 73 2056 
1262 1064 901 2173 2483 
1263 1337 1118 2072 1622 
1264 687 849 2156 2233 
1265 390 1319 1764 2063 
1266 1291 1391 1495 1436 
1267 461 399 469 2043 
1268 45 61 2184 22 
1269 61 59 85 98 
1270 581 277 584 2307 
1271 370 1802 2336 2442 
1272 1223 1831 552 2213 
1273 1020 1511 329 2250 
1274 1137 1158 978 2334 
1275 1161 431 1360 2487 
1276 1205 1122 1069 2137 
1277 1426 1140 1443 2052 
1278 1029 2006 2312 2373 
1279 356 436 413 2245 
1280 1243 1324 1215 1432 
1281 2079 2086 2123 2413 
1282 2015 2277 2317 2378 
1283 61 45 2184 80 
1284 1568 2040 2104 2168 
1285 1538 1851 2067 2117 
1286 1107 601 1112 2060 
1287 2086 1723 2123 2413 
1288 1952 2045 2061 2065 
1289 201 210 212 2007 
1290 1945 1465 1438 2160 
1291 20 7 16 4 
1292 7 23 16 4 
1293 2076 2020 2454 2538 
1294 134 64 50 110 
1295 33 29 19 25 
1296 1735 1543 1779 1241 
1297 882 762 885 2017 
1298 341 396 287 2142 
1299 1188 190 2070 1184 
1300 2045 2032 2061 2065 
1301 1638 1541 1998 2000 
1302 2113 1518 2390 2399 
1303 1600 1342 2045 2498 
1304 2044 454 2054 2163 
1305 1257 1720 1230 2505 
1306 294 2054 2349 265 
1307 925 834 875 2134 
1308 508 285 381 397 
1309 1308 202 1188 2443 
1310 2162 2208 2273 2476 
1311 1124 1027 1069 2522 
1312 676 1589 2345 2346 
1313 2263 1161 2487 2530 
1314 1878 1653 2289 2486 
1315 111 57 67 63 
1316 622 795 677 2370 
1317 738 688 394 2267 
1318 309 452 2090 2386 
1319 1033 1056 2126 2381 
1320 261 491 2224 378 
1321 245 449 292 328 
1322 1225 864 888 2506 
1323 2043 276 2146 2533 
1324 51 92 49 57 
1325 1832 395 1796 2195 
1326 1416 1343 1225 2221 
1327 1454 1068 1122 2137 
1328 16 7 28 23 
1329 190 495 531 2130 
1330 1798 2258 2282 2335 
1331 1028 1123 1071 2220 
1332 1405 1248 2116 2300 
1333 201 210 211 212 
1334 34 26 25 28 
1335 424 2432 1323 172 
1336 1161 183 2107 2263 
1337 2063 2024 2365 2433 
1338 2200 2135 2343 2456 
1339 1878 775 42 2083 
1340 571 1977 1787 2008 
1341 200 223 257 156 
1342 1029 912 2150 2373 
1343 1483 1822 1143 2140 
1344 1554 1198 342 2254 
1345 889 1226 1087 2482 
1346 1223 552 565 2386 
1347 335 768 331 2517 
1348 2096 1076 2135 2456 
1349 2258 1534 2282 2335 
1350 51 92 62 49 
1351 610 683 2131 783 
1352 856 680 761 2380 
1353 188 1995 1329 2368 
1354 40 67 57 63 
1355 1599 675 2266 1624 
1356 1248 1217 2116 1218 
1357 1871 1825 2010 2196 
1358 2022 2018 2384 2469 
1359 1679 1871 2010 2500 
1360 220 138 96 2177 
1361 1590 1172 2273 2460 
1362 1506 1473 1657 2228 
1363 1681 1829 2244 2442 
1364 998 376 1403 2344 
1365 1996 1995 2128 2137 
1366 2137 1718 1068 2379 
1367 283 250 249 270 
1368 2239 2260 2459 2462 
1369 1419 1720 1954 2505 
1370 599 625 541 2437 
1371 826 868 2115 2127 
1372 2169 1020 2250 2337 
1373 273 133 245 259 
1374 1419 195 1955 2191 
1375 732 603 704 2506 
1376 1021 1159 2027 2251 
1377 2134 2154 2215 2419 
1378 245 292 2171 2455 
1379 2005 2041 2052 2291 
1380 989 2110 494 2297 
1381 2155 1053 2318 2502 
1382 92 62 40 57 
1383 1958 448 817 2406 
1384 2023 2147 2291 2394 
1385 631 640 2255 884 
1386 759 2095 2330 2388 
1387 898 2329 746 899 
1388 794 721 2462 854 
1389 1749 1313 389 2118 
1390 2330 2166 2374 2480 
1391 273 133 194 245 
1392 1006 890 1087 2482 
1393 123 118 113 171 
1394 286 292 449 561 
1395 123 205 2314 2455 
1396 62 32 40 57 
1397 133 223 194 205 
1398 2102 2305 2355 2406 
1399 1917 1468 2223 2299 
1400 57 111 67 92 
1401 2367 1886 2429 2477 
1402 1973 1107 2060 2175 
1403 176 855 1487 2120 
1404 454 537 315 482 
1405 1840 1660 2194 2403 
1406 608 522 492 524 
1407 194 133 205 259 
1408 133 194 245 259 
1409 245 194 205 259 
1410 571 1739 2060 2430 
1411 337 475 269 254 
1412 255 319 353 333 
1413 491 492 2324 2469 
1414 744 13 982 2141 
1415 633 632 684 2270 
1416 67 122 111 63 
1417 197 182 205 214 
1418 809 829 2506 2532 
1419 254 485 464 578 
1420 264 293 317 346 
1421 2046 2054 2224 2261 
1422 214 232 197 182 
1423 432 465 546 589 
1424 1950 1205 1536 2137 
1425 67 92 40 57 
1426 2065 2045 2185 2498 
1427 2089 2004 2410 2121 
1428 1242 1356 1458 2033 
1429 1518 1128 2390 2399 
1430 1342 1222 2205 2294 
1431 633 530 684 578 
1432 1882 268 1834 2404 
1433 2073 690 2394 2422 
1434 1528 1683 1796 2186 
1435 149 94 110 2192 
1436 223 92 122 111 
1437 92 223 122 2056 
1438 269 283 429 392 
1439 1089 865 2487 920 
1440 1703 1497 1550 2241 
1441 990 1085 1067 2189 
1442 135 846 2164 2290 
1443 1083 1410 2331 2334 
1444 1683 1531 1655 2186 
1445 17 5 1 2 
1446 35 15 8 9 
1447 94 74 149 110 
1448 2079 2036 2123 2458 
1449 2019 2087 2140 2402 
1450 77 50 100 68 
1451 2025 2096 2201 2405 
1452 224 259 325 2139 
1453 557 532 447 375 
1454 1004 1200 1042 2528 
1455 454 537 2044 539 
1456 337 591 466 269 
1457 2065 2079 2169 2185 
1458 1123 1537 1417 2462 
1459 897 881 2182 935 
1460 2011 2035 2072 2168 
1461 930 856 913 2380 
1462 1418 2214 2352 2505 
1463 133 111 223 122 
1464 1312 990 2188 2189 
1465 2301 2264 2433 2458 
1466 1154 725 1096 2423 
1467 837 2063 2123 2254 
1468 1125 876 2408 2466 
1469 804 1313 1749 2428 
1470 617 750 2181 2482 
1471 76 37 68 112 
1472 1045 1227 1088 2452 
1473 1958 1970 2102 2406 
1474 38 52 34 28 
1475 15 35 60 22 
1476 723 2085 2153 2180 
1477 367 484 454 2054 
1478 1099 1001 976 2082 
1479 1809 1475 1806 2026 
1480 829 867 2220 2532 
1481 2004 2049 2108 2323 
1482 1159 1021 2027 2411 
1483 1204 1536 1950 1205 
1484 2267 1823 1594 2153 
1485 8 35 9 12 
1486 714 788 2265 2534 
1487 1054 1262 1486 2218 
1488 14 33 29 19 
1489 531 2130 2153 2267 
1490 2348 1297 2449 2518 
1491 52 38 34 100 
1492 8 15 60 22 
1493 2108 2049 2141 2278 
1494 1067 887 990 2189 
1495 35 15 27 22 
1496 27 15 44 22 
1497 35 27 44 22 
1498 2029 2090 2135 2343 
1499 44 15 39 22 
1500 15 45 39 22 
1501 1034 2082 2202 2396 
1502 644 687 2181 731 
1503 1528 1796 2080 2186 
1504 19 26 25 29 
1505 5 33 14 19 
1506 38 34 25 28 
1507 1831 1223 2162 2213 
1508 38 14 33 29 
1509 33 38 29 25 
1510 1338 587 1788 2100 
1511 719 2113 2275 2399 
1512 161 134 189 2192 
1513 1442 1557 2157 2486 
1514 405 388 497 2536 
1515 5 14 1 2 
1516 34 52 50 28 
1517 76 28 23 43 
1518 1474 2080 2101 2186 
1519 52 38 25 28 
1520 100 77 68 124 
1521 19 14 17 2 
1522 221 138 184 98 
1523 94 141 112 149 
1524 1624 2065 2169 2185 
1525 2317 2201 2378 2499 
1526 18 569 2253 2485 
1527 295 187 2436 2535 
1528 20 36 43 48 
1529 161 262 2192 189 
1530 2002 320 441 2001 
1531 1907 1952 2061 2065 
1532 1856 1727 1924 2236 
1533 2027 1043 2105 2407 
1534 425 358 307 2438 
1535 868 717 752 2115 
1536 439 484 2054 2261 
1537 1479 165 2169 2403 
1538 506 414 505 2245 
1539 629 1793 1619 2087 
1540 26 34 50 28 
1541 26 43 20 28 
1542 43 26 20 48 
1543 1218 1447 1556 2300 
1544 2237 2119 2328 2493 
1545 914 1907 2061 2065 
1546 14 5 17 2 
1547 26 29 34 25 
1548 29 38 34 25 
1549 669 1907 192 2061 
1550 14 5 19 17 
1551 138 221 184 2177 
1552 1068 1718 2283 2379 
1553 25 5 19 33 
1554 5 25 19 17 
1555 52 83 100 68 
1556 1686 1601 1953 2205 
1557 211 201 212 141 
1558 1474 1528 2080 2186 
1559 1076 932 2096 2321 
1560 1737 1756 2162 2183 
1561 514 448 1677 2406 
1562 1388 1390 1430 2327 
1563 889 851 1044 2257 
1564 1767 1323 2520 2539 
1565 492 522 481 524 
1566 1730 1351 1811 2382 
1567 739 721 954 910 
1568 811 1714 1918 2234 
1569 1624 1600 2065 2185 
1570 2011 2072 2104 2168 
1571 34 77 100 2184 
1572 309 552 452 2386 
1573 594 573 2044 621 
1574 1953 1601 1843 2205 
1575 1272 1301 2489 2513 
1576 1466 1589 2346 2521 
1577 78 60 2184 69 
1578 636 646 752 2158 
1579 1196 1218 1248 2116 
1580 1323 2317 2520 2542 
1581 2541 891 2085 1654 
1582 134 64 89 50 
1583 808 582 2316 2387 
1584 1956 1046 2036 2193 
1585 1098 1691 1154 2175 
1586 2117 2215 2218 2229 
1587 2092 2176 2293 2318 
1588 1245 1392 2160 2412 
1589 271 341 213 2139 
1590 223 257 156 2308 
1591 1510 2026 2096 2179 
1592 141 83 112 2192 
1593 1278 1317 1259 2312 
1594 1478 1335 1477 2448 
1595 579 178 2113 2399 
1596 2134 871 2219 2417 
1597 201 161 170 2192 
1598 1828 2147 2291 2511 
1599 262 274 2163 2349 
1600 1181 1341 555 2193 
1601 2095 2145 2330 2388 
1602 1853 389 1313 2118 
1603 1235 1189 1236 2075 
1604 46 59 97 98 
1605 566 1899 2207 1972 
1606 59 61 97 98 
1607 531 1354 2130 2447 
1608 2275 2113 2390 2399 
1609 2052 2034 2289 2486 
1610 1478 1336 1335 2448 
1611 745 805 2329 2508 
1612 489 613 1874 2320 
1613 1655 1796 2186 2195 
1614 2257 2088 2408 2482 
1615 75 1206 2013 2203 
1616 2034 1167 2052 2289 
1617 1336 1306 2340 2375 
1618 900 745 2081 2407 
1619 1718 1950 2137 1454 
1620 1085 990 1412 2189 
1621 664 523 548 2325 
1622 1796 1655 1832 2195 
1623 1906 2409 554 2341 
1624 1954 1720 1418 2505 
1625 1808 1655 1682 2198 
1626 730 685 816 2036 
1627 59 53 97 86 
1628 2259 2114 2365 2495 
1629 2057 2003 2185 2189 
1630 1450 1406 2101 2186 
1631 1510 1809 1806 2026 
1632 976 1001 2047 2082 
1633 1849 1688 1297 2459 
1634 69 163 96 220 
1635 1477 1335 1450 2448 
1636 2252 1291 2412 1295 
1637 1410 2105 2277 2279 
1638 1803 424 2317 2499 
1639 2019 2094 2140 2178 
1640 2087 2019 2140 2178 
1641 2202 2028 2376 2396 
1642 1406 1474 2101 2186 
1643 1412 1312 2185 2189 
1644 887 1067 2057 2189 
1645 1624 1312 1600 2185 
1646 2020 2068 2272 2538 
1647 855 804 2120 2428 
1648 1042 1018 2072 2389 
1649 1531 1683 1406 2186 
1650 53 59 61 86 
1651 53 46 97 86 
1652 49 51 105 2056 
1653 46 59 53 97 
1654 637 1915 395 2195 
1655 2463 1456 2464 2523 
1656 380 2062 2087 2178 
1657 2062 1742 2094 2178 
1658 1600 1952 2045 2205 
1659 1813 501 1209 2392 
1660 900 942 1066 2331 
1661 269 408 429 323 
1662 2503 2346 2537 2540 
1663 540 1510 2096 2179 
1664 913 1050 930 2380 
1665 466 530 337 517 
1666 596 2043 2146 2533 
1667 275 163 450 265 
1668 836 2384 2018 2469 
1669 450 275 265 439 
1670 445 312 447 340 
1671 2068 2020 2144 2538 
1672 2069 2025 2096 2201 
1673 629 380 2087 2178 
1674 347 1790 879 2170 
1675 61 59 97 86 
1676 616 2532 614 672 
1677 1742 1008 2094 2178 
1678 315 482 274 2163 
1679 2313 1003 2377 2521 
1680 1131 1888 2170 2514 
1681 1010 1125 1344 2466 
1682 1589 1578 2345 2521 
1683 241 367 454 315 
1684 1603 1777 2299 2387 
1685 1344 1419 2214 2505 
1686 1629 1194 1188 2237 
1687 1344 2037 2304 2466 
1688 2015 2149 2209 2418 
1689 1360 183 1161 2263 
1690 424 1760 2516 1762 
1691 2073 2147 2394 2483 
1692 549 454 484 2054 
1693 2093 2053 2143 2467 
1694 1887 1851 1000 2067 
1695 2109 2138 2222 2365 
1696 2257 902 2283 2466 
1697 2277 2015 2331 2418 
1698 2086 2264 2458 2478 
1699 1343 1843 1601 2205 
1700 2154 1126 2216 2217 
1701 485 385 404 386 
1702 1997 1240 998 787 
1703 2287 2288 2338 2471 
1704 1325 1464 2253 2485 
1705 1687 252 2005 2290 
1706 1008 2140 2178 2242 
1707 118 205 2056 2354 
1708 950 1540 2108 2355 
1709 621 537 2044 594 
1710 472 440 496 2360 
1711 1572 1117 2155 1865 
1712 411 142 489 2008 
1713 1660 1840 1839 2403 
1714 337 530 591 475 
1715 2076 2144 2202 2507 
1716 2221 1417 2260 2462 
1717 217 681 2457 772 
1718 273 449 245 328 
1719 1856 1727 2236 2382 
1720 520 525 2336 2442 
1721 2312 1227 2420 2452 
1722 1834 1753 2125 2404 
1723 686 554 2097 2409 
1724 871 869 903 925 
1725 2145 2020 2232 2302 
1726 1978 830 2537 2540 
1727 1149 1264 2126 1079 
1728 1236 1730 1728 2075 
1729 1976 1620 2162 2208 
1730 1974 1899 2074 2164 
1731 507 620 636 2133 
1732 822 855 2120 2428 
1733 2048 2124 2128 2368 
1734 2023 2083 2118 2120 
1735 2151 2011 2340 2375 
1736 1538 1297 2217 2449 
1737 2071 2029 2280 2343 
1738 1237 1351 1236 2075 
1739 2055 2028 2203 2445 
1740 532 614 447 445 
1741 532 447 375 445 
1742 274 381 2163 482 
1743 250 283 249 392 
1744 968 1007 2283 2466 
1745 494 1847 643 2297 
1746 653 800 2225 2509 
1747 292 208 2171 2455 
1748 100 106 2184 2211 
1749 2140 2206 2402 2474 
1750 1281 1457 1485 2415 
1751 1456 1180 1922 2347 
1752 1770 1456 1922 2212 
1753 452 552 2213 2386 
1754 310 2061 2326 2518 
1755 666 653 651 2272 
1756 732 604 2506 757 
1757 1087 1376 1178 2257 
1758 433 504 341 2274 
1759 1584 1613 1612 2077 
1760 1036 1856 2203 2382 
1761 2013 2328 2433 2479 
1762 1650 1707 1437 2289 
1763 633 697 577 485 
1764 1263 1097 1514 2229 
1765 1252 598 306 2343 
1766 1646 1616 1494 2327 
1767 1532 1561 1895 2397 
1768 485 419 386 526 
1769 1704 1993 1561 2397 
1770 1787 1641 1739 2430 
1771 2066 2019 2094 2140 
1772 551 2041 2394 2422 
1773 156 132 200 2056 
1774 828 1400 1233 2295 
1775 1508 1805 2013 2493 
1776 145 162 153 2535 
1777 447 236 375 340 
1778 1205 1069 1025 2231 
1779 1057 394 2084 2258 
1780 2185 2057 2417 2534 
1781 491 2022 2469 2473 
1782 232 214 197 2455 
1783 707 730 2036 2067 
1784 1417 1123 2221 2506 
1785 2152 1307 2341 2397 
1786 1298 75 1052 2109 
1787 2069 2029 2096 2135 
1788 1027 967 2411 2522 
1789 1722 949 1287 2320 
1790 1796 2186 2195 2238 
1791 275 416 439 450 
1792 589 430 515 465 
1793 1797 1055 1512 2303 
1794 875 708 928 834 
1795 1192 117 1774 2250 
1796 2115 2058 2339 2440 
1797 1199 2072 2104 2333 
1798 2045 1342 2205 2294 
1799 2027 2105 2251 2519 
1800 1095 836 1163 1050 
1801 1346 1486 2117 2218 
1802 1781 131 2005 2041 
1803 2196 2106 2278 2501 
1804 2029 2091 2424 2465 
1805 704 864 702 827 
1806 1099 1034 1079 1149 
1807 2532 616 2453 673 
1808 842 2127 2329 2508 
1809 854 1051 794 1093 
1810 1953 973 1952 2205 
1811 1456 1573 1378 2415 
1812 249 392 269 337 
1813 994 852 1703 2240 
1814 2010 1679 1324 1523 
1815 891 1823 1374 2153 
1816 548 507 2133 2366 
1817 608 522 524 607 
1818 1253 1343 1601 2221 
1819 1463 1243 1644 2160 
1820 1910 1138 2439 415 
1821 1121 859 2262 2367 
1822 1701 1675 2278 2322 
1823 522 608 492 607 
1824 2063 2086 2092 2240 
1825 778 948 493 2197 
1826 449 561 483 562 
1827 1628 1955 1725 2191 
1828 2091 2098 2448 2497 
1829 492 608 524 693 
1830 536 524 481 451 
1831 524 536 492 693 
1832 536 524 492 481 
1833 666 562 651 650 
1834 1643 1298 778 2197 
1835 2115 2030 2401 2480 
1836 2463 2464 2472 2523 
1837 1303 1299 2363 2431 
1838 2013 2328 2365 2433 
1839 2112 2284 2435 2463 
1840 791 635 661 2088 
1841 369 278 317 2302 
1842 1095 1028 1163 1179 
1843 1206 75 2013 2109 
1844 1120 1275 1310 2516 
1845 1889 1422 1514 2218 
1846 2251 2105 2279 2519 
1847 1824 1817 1665 2502 
1848 1767 1867 1323 2541 
1849 1449 1874 1870 2320 
1850 1954 195 1419 2191 
1851 1899 1972 2074 2164 
1852 667 638 623 2261 
1853 1633 1671 1732 1928 
1854 101 1944 1167 2289 
1855 2016 2301 2342 2471 
1856 1804 1763 442 2379 
1857 711 147 2034 2073 
1858 829 888 809 2506 
1859 976 1001 1061 2047 
1860 2131 610 783 2360 
1861 1328 1647 2140 2206 
1862 2230 2293 2345 2346 
1863 856 680 2380 2441 
1864 986 2076 2338 2538 
1865 2106 2278 2322 2425 
1866 387 359 474 350 
1867 2020 2068 2232 2272 
1868 1655 1808 2195 2198 
1869 2009 2249 2309 2418 
1870 2312 1257 2408 2420 
1871 2077 2106 2196 2285 
1872 2319 2076 2338 2445 
1873 1110 1109 1228 2298 
1874 2011 2091 2168 2465 
1875 2142 2139 2314 2354 
1876 893 1749 2118 2428 
1877 1028 1123 1537 1179 
1878 2147 256 2291 2394 
1879 806 398 2089 2410 
1880 862 899 842 2526 
1881 1123 1537 1314 1417 
1882 183 410 297 1880 
1883 190 1184 1188 2130 
1884 2031 2070 2112 2435 
1885 2161 2252 2253 2336 
1886 2062 1793 2087 2300 
1887 1346 1379 1851 1486 
1888 1028 1050 1095 1163 
1889 2062 2116 2300 2465 
1890 2375 2116 2448 2465 
1891 1948 2161 2372 2442 
1892 2275 2125 2397 2423 
1893 2030 2115 2309 2451 
1894 142 489 2008 2531 
1895 693 623 536 2046 
1896 2118 2080 2120 2315 
1897 26 43 28 2064 
1898 474 472 543 2068 
1899 1693 1709 841 2207 
1900 1935 158 2206 2223 
1901 2296 2031 2393 2524 
1902 2138 373 2222 2364 
1903 1466 1978 2537 2540 
1904 461 248 2533 2535 
1905 481 492 536 2046 
1906 709 706 2495 2504 
1907 1274 1920 2379 2383 
1908 1615 1705 1646 2327 
1909 888 1225 829 1105 
1910 2208 1586 2269 2386 
1911 723 1712 361 2085 
1912 1139 1737 2173 2183 
1913 1548 1789 2143 2467 
1914 549 609 454 2054 
1915 2244 2161 2336 2514 
1916 1913 770 2336 2514 
1917 860 936 935 2509 
1918 897 2182 2509 935 
1919 2105 1066 2279 2331 
1920 415 1724 2369 886 
1921 1614 749 2491 2495 
1922 1282 1263 1097 1514 
1923 990 980 1312 2498 
1924 1954 1920 2191 2383 
1925 11 1676 983 2425 
1926 2025 2035 2403 2478 
1927 1479 165 675 2169 
1928 958 986 2202 2414 
1929 1725 1922 2347 2446 
1930 2126 1056 2376 2381 
1931 838 726 2068 2144 
1932 298 937 1839 1623 
1933 640 916 696 2146 
1934 2138 2114 2364 2365 
1935 1656 1948 2161 2372 
1936 1866 1535 2051 2222 
1937 2159 2280 2487 2530 
1938 2378 2398 2497 2525 
1939 2252 2244 2412 2514 
1940 2086 2063 2092 2296 
1941 1209 1542 2390 2392 
1942 1416 1123 1160 1417 
1943 1331 117 1020 1774 
1944 682 983 1676 2425 
1945 1997 787 2344 1221 
1946 410 417 2107 183 
1947 1034 917 783 2507 
1948 1427 1753 1664 2125 
1949 1067 887 2057 2265 
1950 2311 2119 2350 2479 
1951 1036 1960 1626 1992 
1952 2185 2003 2264 2478 
1953 1248 1405 1556 2300 
1954 649 659 2133 2158 
1955 1717 807 401 2226 
1956 1944 1650 2052 2289 
1957 2225 656 2509 2538 
1958 408 545 269 429 
1959 1391 1291 1495 1295 
1960 2032 2154 2217 2449 
1961 1767 2179 2539 1809 
1962 597 596 611 2533 
1963 485 385 333 404 
1964 1786 771 1358 2351 
1965 404 485 486 464 
1966 1287 403 1449 2320 
1967 1348 1263 1282 1514 
1968 545 269 591 475 
1969 2500 1551 2196 1552 
1970 829 1160 1105 2506 
1971 2338 2202 2414 2445 
1972 476 392 269 429 
1973 545 408 443 429 
1974 1502 1558 1507 2402 
1975 1775 1859 1515 2033 
1976 359 472 2232 2302 
1977 836 1163 2462 1183 
1978 633 499 545 475 
1979 1165 244 394 2084 
1980 319 353 333 404 
1981 390 873 2063 2276 
1982 683 610 655 657 
1983 1468 1464 2299 2485 
1984 1813 1209 1667 2392 
1985 269 429 270 323 
1986 255 250 249 337 
1987 591 429 269 545 
1988 526 697 656 485 
1989 1063 142 2444 2531 
1990 337 353 254 255 
1991 1190 1213 1424 2468 
1992 1983 920 1261 2280 
1993 2136 2332 2427 2528 
1994 577 499 485 527 
1995 2080 1396 2228 2492 
1996 499 633 545 577 
1997 499 545 443 577 
1998 426 384 321 496 
1999 204 83 141 2192 
2000 779 653 651 650 
2001 2079 2086 2264 2458 
2002 2444 2053 2467 2531 
2003 1545 1552 2500 1549 
2004 1378 1457 1281 2415 
2005 461 276 2043 2533 
2006 711 690 2073 2422 
2007 1972 1973 2060 2175 
2008 1888 1526 2252 2514 
2009 303 350 208 296 
2010 632 464 485 578 
2011 333 485 404 464 
2012 457 517 475 254 
2013 618 1647 592 2071 
2014 1602 2352 2383 2505 
2015 424 2516 1662 2317 
2016 2109 1047 2484 2335 
2017 582 458 773 2387 
2018 512 420 402 2437 
2019 576 626 543 472 
2020 2074 135 2164 2290 
2021 2047 1351 2055 2468 
2022 766 860 2509 2538 
2023 385 303 386 419 
2024 530 466 337 591 
2025 1237 1061 1351 1060 
2026 353 457 254 464 
2027 489 142 1063 2531 
2028 353 333 404 464 
2029 728 805 745 2508 
2030 492 607 2324 2469 
2031 337 475 591 269 
2032 255 319 333 254 
2033 353 255 333 254 
2034 269 255 337 254 
2035 249 255 269 254 
2036 337 530 475 517 
2037 2257 2420 2452 2482 
2038 269 476 591 466 
2039 517 475 337 457 
2040 754 1198 756 2413 
2041 545 408 269 475 
2042 408 545 443 475 
2043 545 499 443 475 
2044 1853 645 1991 2228 
2045 333 353 254 464 
2046 633 545 591 475 
2047 530 633 591 475 
2048 499 633 577 475 
2049 577 633 485 475 
2050 499 577 485 475 
2051 517 530 475 254 
2052 1067 769 2265 2529 
2053 85 184 146 2167 
2054 876 902 2257 2466 
2055 156 87 73 2056 
2056 1657 1473 1557 2228 
2057 485 333 254 464 
2058 1311 1159 1021 2251 
2059 1537 1666 2260 2462 
2060 1392 1215 1245 2160 
2061 632 633 684 578 
2062 164 197 214 2455 
2063 1482 1127 2351 1340 
2064 350 303 386 387 
2065 886 1595 2369 2377 
2066 2287 2016 2338 2445 
2067 2027 2309 2249 2435 
2068 1140 1063 142 2444 
2069 1277 401 807 2226 
2070 578 457 254 517 
2071 1926 1213 1211 2468 
2072 952 1023 2222 957 
2073 2287 1539 2342 2475 
2074 571 1787 1739 2430 
2075 2087 2148 2019 2040 
2076 771 1186 1358 2351 
2077 2207 1899 2164 1972 
2078 1710 389 1560 2228 
2079 1556 1405 2116 2300 
2080 664 510 479 2325 
2081 261 492 2046 2224 
2082 607 608 2324 2469 
2083 779 653 650 694 
2084 1628 1228 2037 2298 
2085 935 1097 1054 2229 
2086 621 712 896 2441 
2087 204 226 163 2014 
2088 2080 2101 2186 2476 
2089 345 510 2325 365 
2090 51 171 73 88 
2091 457 578 254 464 
2092 540 2110 2179 2405 
2093 633 485 475 578 
2094 530 633 475 578 
2095 2098 2371 2448 2497 
2096 2190 2378 2398 2497 
2097 1940 2248 300 727 
2098 475 485 254 578 
2099 530 475 254 578 
2100 991 911 140 1946 
2101 1607 1590 1172 2273 
2102 2076 2225 2509 2538 
2103 1330 736 2351 2356 
2104 1097 1058 1187 936 
2105 1617 816 2391 2457 
2106 215 253 173 2455 
2107 525 1875 1912 2442 
2108 1060 1237 1081 988 
2109 2284 2212 2347 2463 
2110 1762 2432 424 172 
2111 944 1407 1076 2295 
2112 494 1847 2297 2405 
2113 1343 1766 1843 2260 
2114 720 1985 1947 2213 
2115 1803 1662 1597 2317 
2116 152 711 2034 2422 
2117 1973 1869 1972 2430 
2118 1170 1127 1340 2351 
2119 1801 1759 1800 2497 
2120 691 1917 1690 2496 
2121 739 608 721 2469 
2122 1456 2347 2463 2464 
2123 2249 2027 2435 2519 
2124 1217 1248 2116 1405 
2125 1066 1310 2081 2105 
2126 1890 1470 1611 2361 
2127 67 92 122 2056 
2128 292 483 561 2272 
2129 883 1867 1767 2541 
2130 602 644 533 2181 
2131 601 845 1409 2175 
2132 1058 1097 1187 1077 
2133 2249 2015 2418 2519 
2134 598 2200 2343 2456 
2135 1309 1840 2194 2403 
2136 1506 1474 1528 2228 
2137 2157 1296 2363 2492 
2138 2085 56 2179 2539 
2139 2095 2020 2133 2374 
2140 329 2174 2187 2403 
2141 1630 1771 2311 2415 
2142 1058 1187 1282 1148 
2143 1234 1264 1033 2126 
2144 2470 2003 2528 2529 
2145 1632 1735 1352 1241 
2146 1475 424 2190 2499 
2147 1331 1020 2169 2337 
2148 1169 1077 1263 2218 
2149 224 259 286 325 
2150 653 666 651 650 
2151 1853 1991 1560 2228 
2152 1297 1538 2067 2449 
2153 1150 1149 1211 1099 
2154 219 75 2197 2203 
2155 986 1081 1058 1189 
2156 1855 841 981 2021 
2157 1439 542 418 2042 
2158 546 299 465 432 
2159 494 56 540 2110 
2160 1508 1986 2292 1365 
2161 1899 1869 1740 2430 
2162 1801 1800 1597 2497 
2163 1478 1759 1801 2497 
2164 2004 2049 2102 2108 
2165 1129 2017 2255 2373 
2166 1052 1868 909 1298 
2167 934 652 762 2017 
2168 2023 2157 2431 2492 
2169 1081 1189 1148 1058 
2170 611 497 383 2533 
2171 2119 2050 2328 2479 
2172 1869 1973 1739 2430 
2173 1800 1759 177 2497 
2174 2069 2099 2135 2481 
2175 1740 1869 1640 2430 
2176 187 2436 2535 2536 
2177 1424 1213 1926 2468 
2178 838 632 588 726 
2179 1192 756 2413 754 
2180 833 849 2150 2156 
2181 2006 2017 2038 2373 
2182 2066 2029 2071 2343 
2183 946 1342 1104 1177 
2184 1187 936 1282 1097 
2185 2029 2069 2099 2135 
2186 208 303 2171 2232 
2187 716 266 1799 2392 
2188 273 449 286 245 
2189 2096 932 2269 2321 
2190 1498 1502 1445 2132 
2191 2003 2057 2185 2534 
2192 2016 2319 2338 2445 
2193 910 836 2220 2462 
2194 1777 792 2299 2416 
2195 1099 1034 1149 2396 
2196 1703 852 2063 2240 
2197 2231 2027 2435 2522 
2198 1066 1220 1598 2279 
2199 1892 1775 1695 2033 
2200 621 777 2044 2441 
2201 896 777 621 2441 
2202 1685 1642 2377 2521 
2203 915 1487 2120 2483 
2204 533 583 602 2181 
2205 1978 1642 2521 2537 
2206 182 208 233 292 
2207 303 350 2232 208 
2208 563 664 595 510 
2209 604 721 2022 2220 
2210 1824 1053 1949 2502 
2211 41 459 2111 2387 
2212 1560 1991 1879 2228 
2213 896 953 777 2441 
2214 1884 1274 1920 2379 
2215 433 325 477 2274 
2216 556 749 1776 2503 
2217 2237 2130 2258 2328 
2218 1950 1718 2137 1763 
2219 1888 2165 2170 2514 
2220 341 504 2142 2274 
2221 326 478 2114 2369 
2222 266 1934 1799 2362 
2223 1128 2358 2390 2399 
2224 663 876 2088 2408 
2225 2259 2377 2393 2439 
2226 1482 1260 1994 2351 
2227 1004 784 1119 2332 
2228 913 856 761 2380 
2229 1824 1817 992 1665 
2230 2003 2136 2265 2534 
2231 1052 1868 2109 2484 
2232 653 666 650 694 
2233 671 465 432 589 
2234 598 309 306 2400 
2235 683 576 658 2131 
2236 41 1780 459 2387 
2237 783 2360 2388 2512 
2238 1918 1906 811 2234 
2239 2009 2249 2418 2519 
2240 2130 2070 2237 2443 
2241 61 85 80 2167 
2242 929 1251 1525 2410 
2243 2264 2296 2433 2458 
2244 2040 2019 2306 2359 
2245 286 292 245 449 
2246 449 292 328 483 
2247 1443 142 411 2444 
2248 182 232 208 292 
2249 1160 829 1123 2506 
2250 450 2046 2054 2224 
2251 328 449 483 562 
2252 2342 2030 2353 2445 
2253 1145 928 2419 926 
2254 419 2171 2232 2272 
2255 813 1990 2096 2321 
2256 1247 841 2021 593 
2257 2076 2319 2338 2509 
2258 1123 1416 1160 2506 
2259 398 1525 2089 2410 
2260 1611 2361 2399 2515 
2261 783 2330 2381 2507 
2262 1089 331 920 2280 
2263 582 459 458 2387 
2264 491 522 607 535 
2265 485 486 632 2270 
2266 758 735 2158 2339 
2267 1693 841 2012 2207 
2268 2280 2343 2099 2517 
2269 1207 462 2275 2390 
2270 720 1491 1985 2213 
2271 2026 2269 2424 2460 
2272 1798 737 2292 2335 
2273 1452 1802 770 2336 
2274 1564 1373 2040 2148 
2275 2174 2025 2187 2403 
2276 2220 757 2462 2506 
2277 1904 2034 2041 2422 
2278 1032 801 1015 2247 
2279 1576 723 2085 2153 
2280 1704 1993 2397 2404 
2281 2088 876 2257 2408 
2282 909 1868 2222 2484 
2283 2007 285 2044 2163 
2284 1590 1174 2208 2273 
2285 802 808 2316 2372 
2286 2031 2030 2328 2435 
2287 1996 188 1566 2128 
2288 1798 1969 2237 2246 
2289 972 563 821 2247 
2290 1388 1322 1494 2327 
2291 2026 1990 2096 2269 
2292 2062 2094 2204 2465 
2293 68 50 2064 2192 
2294 1041 1042 2072 2389 
2295 2028 2055 2199 2445 
2296 1880 2107 2306 2434 
2297 2086 2063 2123 2240 
2298 1777 458 1780 2387 
2299 1986 1047 1987 2335 
2300 1050 930 2380 2384 
2301 1729 1583 2147 2394 
2302 2046 439 2054 2261 
2303 1737 2162 2173 2183 
2304 2093 1789 2143 2450 
2305 715 699 788 2265 
2306 473 2237 2246 2443 
2307 1780 458 459 2387 
2308 2287 2016 2342 2471 
2309 767 939 840 2332 
2310 1989 1592 923 2488 
2311 2015 2025 2035 2201 
2312 976 1034 2202 2507 
2313 2144 2076 2330 2507 
2314 917 976 861 2507 
2315 11 1979 2106 2262 
2316 2226 2121 2322 2425 
2317 1641 1430 1548 2286 
2318 851 2088 2257 2482 
2319 829 867 905 2220 
2320 462 1561 1207 2275 
2321 1188 202 2070 2443 
2322 2152 1936 2235 2409 
2323 916 882 885 2017 
2324 2028 2199 2236 2396 
2325 458 1777 1603 2387 
2326 770 1802 520 2336 
2327 1211 1350 2199 2396 
2328 2094 1491 2204 2213 
2329 335 1333 2099 2280 
2330 708 857 928 834 
2331 853 2084 2267 2369 
2332 1077 1187 1169 1263 
2333 920 331 866 2280 
2334 1311 1275 1762 2432 
2335 708 694 834 650 
2336 1598 1410 1662 2279 
2337 2301 2342 2391 2433 
2338 2091 2101 2204 2448 
2339 1066 1598 1120 2279 
2340 737 1534 1047 2335 
2341 1986 1987 1805 2335 
2342 1120 1310 1066 2279 
2343 920 866 1261 2280 
2344 1598 1220 1410 2279 
2345 117 2086 1192 1651 
2346 2216 2045 2217 2239 
2347 2120 2118 2315 2428 
2348 2134 834 2215 2219 
2349 1631 1348 2287 2471 
2350 835 2147 256 1579 
2351 1292 1865 1572 2155 
2352 860 936 1097 935 
2353 990 1312 2188 2498 
2354 1066 1310 2105 2279 
2355 2166 2243 2330 2376 
2356 2229 2016 2301 2353 
2357 1299 1303 1269 2431 
2358 2279 2015 2317 2519 
2359 1271 1303 1296 2431 
2360 1312 1177 1600 2498 
2361 290 428 2252 2496 
2362 1274 799 195 2191 
2363 1408 1402 2102 2355 
2364 109 1009 1791 2395 
2365 1312 980 1177 2498 
2366 1910 2439 2377 2369 
2367 757 2221 2462 2506 
2368 1606 2273 2371 2476 
2369 2114 2364 2365 2495 
2370 953 856 2380 2441 
2371 1831 1756 1942 2162 
2372 2009 2127 2329 2418 
2373 1269 1303 1271 2431 
2374 881 897 2182 800 
2375 1169 1097 2218 1054 
2376 2117 2154 2264 2449 
2377 1062 1116 1101 2333 
2378 2166 2030 2435 2479 
2379 41 1338 1780 2387 
2380 123 215 173 2314 
2381 1803 424 1662 2317 
2382 1335 1250 1372 2375 
2383 1597 1662 1410 2317 
2384 1455 147 1919 2034 
2385 2231 2251 2432 2435 
2386 2256 2018 2453 2473 
2387 2090 2200 2343 2400 
2388 1442 1710 2486 1877 
2389 2357 2342 2426 2457 
2390 1453 686 940 2097 
2391 2008 2060 2175 2207 
2392 1029 912 1072 2150 
2393 1595 2259 2369 2377 
2394 1983 2280 2395 2487 
2395 188 1329 2048 2368 
2396 2208 2098 2424 2460 
2397 2029 2019 2187 2465 
2398 1940 1819 1818 2322 
2399 931 710 1848 2138 
2400 462 1555 2358 2390 
2401 1933 1176 446 2446 
2402 783 956 2330 2388 
2403 2026 2179 2520 2524 
2404 565 309 2200 2386 
2405 985 2155 2174 2250 
2406 1918 1414 498 2164 
2407 1847 1674 2293 2385 
2408 1987 1807 1805 2109 
2409 1951 1816 1814 2085 
2410 490 13 1748 2129 
2411 796 2182 2219 2440 
2412 195 1920 1274 2191 
2413 212 236 340 312 
2414 1491 2183 2195 2204 
2415 760 598 2343 2456 
2416 851 902 1044 2257 
2417 1499 1272 2161 2513 
2418 2262 1121 2367 2477 
2419 1725 1628 2191 2298 
2420 728 786 746 2508 
2421 263 216 2177 2349 
2422 1582 2196 2278 2501 
2423 508 381 594 2044 
2424 604 732 2506 603 
2425 2080 2147 2173 2238 
2426 1223 2208 2162 2386 
2427 2012 2152 2235 2341 
2428 942 900 2081 2331 
2429 2024 2222 2364 2365 
2430 2330 2202 2376 2507 
2431 179 171 2056 2354 
2432 2345 2313 2346 2521 
2433 11 1266 143 2262 
2434 854 721 910 954 
2435 2201 2151 2277 2378 
2436 1232 1817 2293 2385 
2437 1207 1561 1532 2275 
2438 2079 2067 2264 2449 
2439 960 980 946 1104 
2440 2100 2140 2206 2359 
2441 2208 2090 2386 2424 
2442 324 1996 2137 2379 
2443 2028 2126 2236 2350 
2444 1212 1569 1611 2275 
2445 1829 1681 1499 2442 
2446 2208 1590 2273 2460 
2447 817 1398 2248 2406 
2448 185 186 235 2436 
2449 2162 2204 2208 2476 
2450 1015 2243 2247 2472 
2451 1940 1736 2322 2425 
2452 1880 1564 1568 2306 
2453 1848 931 2138 2484 
2454 516 1524 2172 2271 
2455 1726 1822 1684 2474 
2456 1619 629 2087 2402 
2457 2316 2253 2336 2372 
2458 1123 1537 1179 1314 
2459 2037 2283 2352 2379 
2460 1766 1416 1417 2221 
2461 861 976 2202 2507 
2462 2408 2312 2006 2038 
2463 51 32 30 47 
2464 2204 2091 2448 2465 
2465 229 185 235 2436 
2466 976 958 2144 2202 
2467 2069 2096 2187 2201 
2468 231 1539 2357 2457 
2469 1586 1223 565 2386 
2470 97 86 116 2167 
2471 1034 1033 2376 2507 
2472 794 721 854 954 
2473 925 871 834 2134 
2474 989 1565 2110 2297 
2475 2103 548 2133 2366 
2476 2142 215 2314 2366 
2477 1275 1311 2251 2516 
2478 147 1455 765 2034 
2479 990 964 2188 903 
2480 1530 1836 1713 2148 
2481 1253 1601 2205 2221 
2482 1294 2412 1270 2513 
2483 2196 1552 1549 2500 
2484 1280 1124 1110 2298 
2485 234 1810 2357 2426 
2486 2046 2018 2224 2324 
2487 1901 1899 1740 2074 
2488 2168 2194 2268 2403 
2489 514 1677 151 2406 
2490 940 949 1453 2097 
2491 2029 2066 2090 2400 
2492 1585 1434 1523 2412 
2493 925 834 869 875 
2494 2072 2104 2168 2194 
2495 1223 2162 2213 2386 
2496 2190 2091 2378 2497 
2497 1048 1046 679 2036 
2498 1016 816 1982 2457 
2499 820 231 2426 2457 
2500 1337 1622 2072 2194 
2501 2273 2098 2371 2476 
2502 1386 1460 1610 2033 
2503 2020 2171 2232 2302 
2504 347 1748 2129 2429 
2505 2055 2287 2342 2475 
2506 867 672 2453 2532 
2507 1920 1842 1884 2383 
2508 1663 1847 676 2297 
2509 1841 423 1013 2276 
2510 675 1599 2266 165 
2511 492 450 261 2046 
2512 958 976 2047 2202 
2513 1567 256 870 2291 
2514 2183 2162 2204 2213 
2515 1284 1289 1581 2326 
2516 2019 2040 2168 2465 
2517 1278 1259 1029 2312 
2518 1393 1866 1389 2510 
2519 1625 1224 1884 2379 
2520 2287 2342 2391 2471 
2521 1052 1047 488 2109 
2522 2284 2401 2435 2463 
2523 2022 2220 2384 2532 
2524 192 2061 2205 2326 
2525 1729 901 1916 2483 
2526 1224 1415 2352 2379 
2527 1527 1198 1723 2413 
2528 502 433 534 2274 
2529 1036 1811 1926 2382 
2530 1328 1017 1429 2122 
2531 1191 1949 1053 2502 
2532 504 507 2142 2274 
2533 2015 2105 2277 2331 
2534 2293 2092 2318 2502 
2535 862 2127 2136 2526 
2536 555 1593 1297 2348 
2537 2029 2096 2135 2424 
2538 69 86 61 2167 
2539 1439 1698 612 2285 
2540 2101 2080 2371 2476 
2541 2124 2112 2128 2446 
2542 889 1087 890 2482 
2543 1995 2128 2137 2368 
2544 1981 859 2165 2367 
2545 263 274 262 2349 
2546 666 562 483 2272 
2547 596 2146 2437 2533 
2548 1581 1289 310 2326 
2549 561 562 651 2272 
2550 109 175 2263 2359 
2551 507 379 2142 2366 
2552 1256 823 1394 2321 
2553 2182 935 2215 2319 
2554 1718 1224 2283 2379 
2555 1679 1551 2500 1552 
2556 892 2115 795 776 
2557 868 892 2115 2401 
2558 790 2339 2440 831 
2559 2053 2093 2143 2444 
2560 533 644 572 2181 
2561 193 171 99 203 
2562 1957 1484 2112 2128 
2563 563 972 821 801 
2564 2085 2179 2524 2539 
2565 2093 72 2286 2327 
2566 768 166 331 2517 
2567 932 2096 2269 2456 
2568 266 2113 2362 2392 
2569 399 356 414 2245 
2570 1856 1924 2203 2236 
2571 772 1389 2051 2457 
2572 2133 2158 2374 2454 
2573 508 573 397 2044 
2574 717 636 2158 2370 
2575 2099 2029 2135 2343 
2576 2020 2068 2144 2145 
2577 934 762 882 2017 
2578 268 1146 1745 2404 
2579 1746 1521 1644 2077 
2580 662 833 689 2150 
2581 944 768 335 2099 
2582 1833 1823 2267 1374 
2583 306 1252 2343 2400 
2584 1199 2072 2333 2389 
2585 1971 1108 2102 2141 
2586 587 41 2100 2206 
2587 836 721 910 2220 
2588 151 1402 2355 2406 
2589 1741 1782 1702 2141 
2590 1299 2289 2363 2431 
2591 588 474 543 2068 
2592 2104 2011 2168 2465 
2593 205 245 259 2314 
2594 80 85 146 2167 
2595 762 652 625 2146 
2596 2076 2020 2330 2374 
2597 2080 2118 2228 2315 
2598 927 967 2284 2401 
2599 1675 1736 1545 2501 
2600 2128 2191 2298 2446 
2601 187 388 308 2436 
2602 2128 799 2191 2446 
2603 1806 1990 1510 2026 
2604 2096 2026 2201 2405 
2605 612 1698 1886 2285 
2606 846 1384 498 2164 
2607 1969 1798 1194 2246 
2608 472 2145 2232 2302 
2609 1647 618 1328 2122 
2610 1851 1346 1486 2117 
2611 157 478 2494 2495 
2612 685 1048 999 730 
2613 1824 1949 1817 2502 
2614 814 924 2027 2407 
2615 943 904 2407 2411 
2616 1281 1015 972 2247 
2617 941 2149 2209 2389 
2618 1220 1065 1410 2331 
2619 2491 2259 2494 2503 
2620 1527 180 2086 2240 
2621 1972 2164 2207 2430 
2622 1785 1471 2098 2398 
2623 374 1429 1017 2122 
2624 74 94 43 2064 
2625 1627 1513 2459 2462 
2626 2011 2072 2149 2389 
2627 229 295 185 2436 
2628 612 1283 2042 2477 
2629 1018 1042 1004 939 
2630 2124 2128 2298 2446 
2631 2280 2395 2487 2530 
2632 1849 1289 1284 2326 
2633 374 1017 1202 2122 
2634 2256 2007 312 377 
2635 846 498 1414 2164 
2636 2050 2070 2212 2443 
2637 2020 2133 2374 2454 
2638 559 706 709 2504 
2639 612 2042 2285 2477 
2640 1601 1343 2205 2221 
2641 1388 1494 1616 2327 
2642 828 944 2227 2295 
2643 2103 561 2171 2314 
2644 830 556 1776 2503 
2645 841 1709 981 2012 
2646 1297 1289 2326 2518 
2647 707 999 1048 730 
2648 2187 2107 2268 2434 
2649 2230 2313 2491 2503 
2650 1155 911 2303 1946 
2651 1020 600 985 2250 
2652 179 2056 2308 2354 
2653 1008 1483 2094 2178 
2654 1582 1675 1545 2278 
2655 1572 2092 2155 2240 
2656 1983 920 2280 2487 
2657 2040 1273 2104 2300 
2658 769 1067 863 2529 
2659 2278 2106 2285 2477 
2660 1825 1551 1979 2501 
2661 357 215 2142 2366 
2662 1833 368 1080 2267 
2663 1658 2132 2488 2489 
2664 1180 2284 2347 2464 
2665 973 192 2205 2326 
2666 936 986 1058 2288 
2667 1763 1996 324 2379 
2668 314 226 2007 2224 
2669 1557 1473 1446 2157 
2670 2161 1295 2412 2513 
2671 1118 1337 2072 1042 
2672 1338 1780 2387 2416 
2673 143 1825 1979 2501 
2674 538 666 483 2272 
2675 2040 2019 2107 2306 
2676 39 44 22 2184 
2677 1002 31 1505 2271 
2678 292 538 483 2272 
2679 2224 492 2324 2473 
2680 1625 1415 1224 2379 
2681 1098 437 845 2152 
2682 1300 835 1729 2394 
2683 616 2453 532 614 
2684 1014 1075 1145 2419 
2685 963 2310 2123 2413 
2686 1736 1676 1546 2501 
2687 872 2256 2380 2384 
2688 365 479 510 2325 
2689 479 523 664 2325 
2690 1043 1310 1021 2251 
2691 1581 192 973 2326 
2692 2408 2233 2420 2482 
2693 229 358 295 2536 
2694 1811 1036 2357 2382 
2695 1209 1542 1827 2390 
2696 1526 606 2165 2252 
2697 1774 2086 2337 2413 
2698 905 1071 1123 2220 
2699 233 419 538 2272 
2700 2151 2149 2277 2340 
2701 1152 1196 2116 1218 
2702 2158 2058 2374 2454 
2703 410 175 407 2306 
2704 1609 423 225 2254 
2705 685 1617 816 2391 
2706 1056 2243 2376 2381 
2707 1167 1426 2052 2289 
2708 2144 861 2202 2507 
2709 1622 1623 1840 1337 
2710 379 504 507 2142 
2711 1624 1412 2185 2470 
2712 2132 2148 2359 2402 
2713 1136 1040 1062 2340 
2714 2132 1495 2172 2489 
2715 1067 2057 2189 2470 
2716 1794 298 2159 2187 
2717 2058 2182 2319 2454 
2718 2013 2051 2109 2197 
2719 518 445 2256 2453 
2720 2059 2299 2316 2485 
2721 1669 1037 2130 2282 
2722 630 631 511 2255 
2723 180 819 660 2240 
2724 1256 1847 2321 2405 
2725 1924 1508 1805 2013 
2726 2182 779 2225 2454 
2727 569 1913 2253 2514 
2728 2045 1952 2061 2205 
2729 45 39 22 2184 
2730 723 1816 2085 2180 
2731 1118 1199 2333 2389 
2732 1420 740 2377 2393 
2733 864 1225 1086 2221 
2734 2138 1357 1031 2364 
2735 1880 1660 937 297 
2736 986 1189 2039 2414 
2737 2059 2172 2223 2299 
2738 2055 2342 2357 2475 
2739 1168 1866 1395 2222 
2740 1406 1528 1474 2186 
2741 1460 1386 1242 2033 
2742 1868 373 1168 2222 
2743 1784 547 2024 2222 
2744 1726 1684 1002 2271 
2745 204 226 2014 2349 
2746 552 1223 2213 2386 
2747 1283 401 2042 2477 
2748 1272 1301 1369 2489 
2749 345 523 2325 2366 
2750 2112 2070 2212 2463 
2751 734 674 777 580 
2752 962 579 2113 2399 
2753 1366 1503 2457 1982 
2754 2357 2013 2197 2426 
2755 1247 1569 1212 2275 
2756 2296 2031 2328 2365 
2757 767 784 1004 2332 
2758 1751 1057 1534 2258 
2759 512 276 420 2437 
2760 964 757 946 969 
2761 1230 1344 2214 2505 
2762 876 902 851 2257 
2763 2084 2138 2258 2365 
2764 2025 2035 2478 2527 
2765 294 241 2177 2349 
2766 864 946 2294 1086 
2767 215 2103 2314 2366 
2768 1212 719 1247 2275 
2769 1528 1828 2511 2080 
2770 1494 1322 1615 2327 
2771 2519 2249 2524 2542 
2772 1034 783 1033 2507 
2773 2157 2363 2431 2492 
2774 2164 2008 2207 2430 
2775 308 243 2001 2436 
2776 1419 1344 1230 2505 
2777 2147 1729 2394 2483 
2778 2298 1725 2347 2446 
2779 2037 1419 2191 2383 
2780 1791 1788 2100 2395 
2781 1920 195 1954 2191 
2782 1247 719 1096 2275 
2783 804 855 1313 2428 
2784 1124 1180 2284 2347 
2785 946 704 2294 732 
2786 183 2434 2268 2107 
2787 1086 1225 1253 2221 
2788 1702 1701 1612 2278 
2789 1416 1766 1343 2221 
2790 1013 1355 1016 2276 
2791 491 607 604 535 
2792 1468 24 2223 2416 
2793 2100 109 2263 2359 
2794 1504 975 1333 2159 
2795 2176 2092 2293 2296 
2796 1620 1756 1831 2162 
2797 569 290 2252 2485 
2798 1891 373 2222 1168 
2799 864 704 702 809 
2800 888 809 864 702 
2801 729 784 767 2332 
2802 375 447 340 445 
2803 407 1530 2148 2359 
2804 1004 939 767 2332 
2805 763 423 894 2276 
2806 1121 624 1156 2165 
2807 1477 1406 2101 2448 
2808 1885 1954 1846 2383 
2809 2226 401 2461 2477 
2810 2176 1817 2318 2385 
2811 2265 2003 2470 2529 
2812 1118 1041 2072 2389 
2813 1602 1846 1418 2383 
2814 28 68 52 2064 
2815 1413 983 2425 2461 
2816 2031 2365 2393 2439 
2817 565 605 1586 2200 
2818 370 1829 1875 2442 
2819 2208 1223 2162 1976 
2820 1016 1355 816 2276 
2821 2328 2130 2365 2439 
2822 1576 2153 2393 2439 
2823 1993 1092 2397 2404 
2824 840 939 1018 2332 
2825 2124 1069 2231 2522 
2826 64 110 74 2064 
2827 1368 957 1891 2222 
2828 1756 1737 2162 2173 
2829 603 604 2220 2506 
2830 1667 501 1815 1857 
2831 212 236 447 340 
2832 1427 938 1753 2125 
2833 44 35 22 2184 
2834 711 1904 152 2034 
2835 783 2330 2507 2512 
2836 447 212 340 312 
2837 1416 1123 1417 2506 
2838 309 565 552 2386 
2839 1701 1675 1582 2278 
2840 314 204 2007 226 
2841 1784 390 1764 2276 
2842 2114 2084 2259 2365 
2843 2401 2166 2435 2472 
2844 1284 974 2260 2326 
2845 1674 1256 1407 2385 
2846 680 609 2261 2441 
2847 2132 2111 2206 2359 
2848 1499 1948 1829 2442 
2849 604 491 557 2022 
2850 1784 873 390 2276 
2851 1225 1416 2221 2506 
2852 856 896 781 2441 
2853 1201 1339 2266 2528 
2854 828 1400 2227 2385 
2855 608 739 2324 2469 
2856 402 625 512 2437 
2857 2057 2265 2421 2534 
2858 1674 1232 2293 2385 
2859 2040 1568 2306 2434 
2860 647 1765 1165 2504 
2861 1418 1720 1257 2505 
2862 215 357 345 2366 
2863 1529 1207 1532 2275 
2864 1232 1674 1817 2385 
2865 2259 2084 2369 2439 
2866 1123 2220 2462 2506 
2867 796 2058 2182 2440 
2868 616 603 532 673 
2869 2020 2225 2272 2454 
2870 1266 1421 1375 2461 
2871 2117 1054 2215 2154 
2872 839 1083 2081 2329 
2873 417 109 175 2263 
2874 2030 2058 2115 2440 
2875 176 1607 2273 1174 
2876 2190 2378 2499 2525 
2877 2154 2032 2264 2449 
2878 245 286 2314 2455 
2879 2131 610 2360 655 
2880 1703 2063 1319 2241 
2881 445 312 518 447 
2882 1323 2432 2317 2542 
2883 2342 2013 2357 2426 
2884 1431 1433 1648 2450 
2885 1093 794 2216 2239 
2886 2042 401 2226 2477 
2887 173 123 2314 2455 
2888 1287 1449 1902 2409 
2889 2018 2224 2256 2441 
2890 2092 2155 2174 2318 
2891 454 609 2044 2054 
2892 1938 2162 2273 2476 
2893 1437 1269 2078 2289 
2894 1622 1118 2072 1199 
2895 1605 1866 952 2222 
2896 1236 1728 1235 2075 
2897 2030 2342 2433 2479 
2898 2030 2166 2401 2480 
2899 2139 205 2314 2354 
2900 1528 1406 1683 2186 
2901 2215 2182 2319 2353 
2902 1006 947 2233 2452 
2903 734 953 777 872 
2904 2059 2253 2316 2372 
2905 2076 2202 2330 2507 
2906 2376 2202 2396 2507 
2907 1808 637 2195 2198 
2908 1175 979 1068 2283 
2909 770 1452 2336 2514 
2910 740 1860 2377 2393 
2911 616 2453 673 532 
2912 1178 1087 2257 2452 
2913 2010 2165 2412 2514 
2914 1144 824 912 2373 
2915 1221 1792 929 1932 
2916 1850 316 2212 2446 
2917 1901 1747 2074 2143 
2918 1692 1854 2126 2350 
2919 1499 2161 2442 2513 
2920 2101 2186 2204 2448 
2921 973 1953 1843 2205 
2922 1509 1451 2087 2300 
2923 1572 2092 2240 2241 
2924 2015 2105 2331 2418 
2925 1801 1597 1157 2277 
2926 1222 1686 1342 2205 
2927 290 691 428 2496 
2928 706 478 157 2495 
2929 1943 709 400 2495 
2930 1028 1050 1163 2462 
2931 717 795 2370 2480 
2932 1992 1626 2357 2426 
2933 816 1355 1048 2036 
2934 2104 1622 2168 2194 
2935 490 372 2285 2429 
2936 1306 1336 2151 2375 
2937 187 185 295 2436 
2938 1259 1345 1185 2373 
2939 2520 2519 2524 2542 
2940 1739 1640 1869 2430 
2941 1389 2051 2457 2510 
2942 1319 2063 2254 2276 
2943 2051 2426 2457 2510 
2944 1145 1126 926 2419 
2945 595 440 2145 575 
2946 588 838 2068 2144 
2947 1904 1426 1443 2052 
2948 549 623 638 2261 
2949 1824 1665 642 2318 
2950 929 398 806 2410 
2951 1952 192 2061 2205 
2952 2221 2045 2239 2260 
2953 1706 1862 2494 2503 
2954 1962 90 1194 2246 
2955 2005 1980 2291 2450 
2956 1257 1230 2214 2505 
2957 2342 2030 2445 2479 
2958 2131 472 2360 2512 
2959 1079 1034 2126 2396 
2960 1938 1607 1606 2273 
2961 1874 613 1870 2235 
2962 2164 2175 2012 2207 
2963 399 414 2043 2245 
2964 637 409 2183 1491 
2965 1783 1669 2130 2282 
2966 2188 1312 2185 2498 
2967 2020 2095 2330 2374 
2968 329 741 2159 2174 
2969 703 1300 2073 2394 
2970 1808 1618 1793 1682 
2971 887 847 2057 2421 
2972 1781 835 551 2394 
2973 950 1540 1318 2108 
2974 978 1158 1083 2334 
2975 726 766 2068 2144 
2976 1623 1660 1840 1839 
2977 706 1614 709 2495 
2978 828 944 634 2227 
2979 544 657 658 2131 
2980 613 2008 2060 2235 
2981 2119 473 2246 2443 
2982 1064 1620 176 2162 
2983 1168 1891 1866 2222 
2984 1002 1505 1580 2271 
2985 1973 1972 2060 2430 
2986 714 747 844 2136 
2987 684 632 2068 2270 
2988 2157 2023 2431 2486 
2989 2079 2061 2310 2449 
2990 1882 519 1092 2341 
2991 1771 1234 2311 1692 
2992 1097 1282 2229 2288 
2993 450 481 451 2046 
2994 1623 1660 298 937 
2995 2288 2229 2338 2471 
2996 221 207 184 2177 
2997 1043 2027 2105 2251 
2998 1708 1409 1094 2152 
2999 1892 1520 1377 1820 
3000 1589 1466 1978 2521 
3001 1805 330 1924 2013 
3002 1622 1840 2194 1337 
3003 2117 1538 2154 2449 
3004 368 1576 853 2267 
3005 1862 987 1706 2494 
3006 1785 1364 2098 2460 
3007 866 331 166 2517 
3008 1004 1018 939 2332 
3009 1501 813 2269 627 
3010 1785 1364 1475 2190 
3011 1216 1860 1279 2297 
3012 1991 406 1837 2371 
3013 1298 75 2109 2197 
3014 22 69 61 2184 
3015 1839 298 2268 1479 
3016 474 359 472 2232 
3017 2030 2115 2374 2480 
3018 1422 1889 1486 2218 
3019 1488 1668 1350 2236 
3020 1555 1827 922 2390 
3021 1082 1078 1251 2410 
3022 1592 1658 2132 2488 
3023 485 632 578 2270 
3024 697 656 485 2270 
3025 2055 2203 2382 2475 
3026 1397 516 755 2252 
3027 2037 1344 2214 2466 
3028 1410 2277 2331 2334 
3029 1306 1336 1478 2151 
3030 2031 2048 2112 2180 
3031 1373 1273 1199 1568 
3032 1396 2157 2228 2492 
3033 528 402 425 2438 
3034 2030 2264 2440 2451 
3035 1463 2010 2077 2500 
3036 2063 2123 2276 2458 
3037 96 69 220 2177 
3038 371 921 1403 2344 
3039 2237 2119 2246 2443 
3040 1332 1445 2132 2489 
3041 865 1089 2487 1360 
3042 472 543 2068 2144 
3043 1331 963 1774 914 
3044 2105 2015 2277 2279 
3045 526 538 419 2272 
3046 948 1395 2051 2197 
3047 609 2044 2261 2441 
3048 2226 1413 2425 2461 
3049 919 941 2209 2389 
3050 49 105 113 2056 
3051 808 2111 2316 2372 
3052 1431 1789 2093 2450 
3053 164 123 173 2455 
3054 1627 1688 1849 2459 
3055 1664 2125 2404 2515 
3056 1896 837 2063 852 
3057 1508 1005 2119 2350 
3058 617 602 583 2181 
3059 1418 1257 2214 2505 
3060 706 1862 2491 2494 
3061 1173 1167 765 2034 
3062 72 1063 2444 2531 
3063 1072 971 2150 912 
3064 810 446 2112 2446 
3065 1642 1003 1578 2521 
3066 1082 929 2305 2410 
3067 919 959 941 2389 
3068 613 1708 1870 2235 
3069 967 1027 2284 2522 
3070 469 414 564 2245 
3071 1761 915 2120 2483 
3072 389 1710 2118 2228 
3073 2063 2092 2230 2241 
3074 2293 2318 1817 2502 
3075 897 2182 800 2509 
3076 2136 729 2332 2529 
3077 1420 1699 753 2393 
3078 924 967 892 2411 
3079 652 934 724 2017 
3080 985 1117 199 642 
3081 980 964 2490 2498 
3082 555 1046 2193 2348 
3083 614 447 445 2453 
3084 1707 1650 101 2289 
3085 39 70 84 2184 
3086 720 1755 409 2183 
3087 762 696 885 2146 
3088 716 719 2113 2390 
3089 2199 1350 2236 2396 
3090 1351 2047 2055 2414 
3091 868 892 776 2115 
3092 948 493 2197 2426 
3093 519 654 554 2341 
3094 1092 1936 1307 2341 
3095 1539 231 2357 2475 
3096 2106 1545 2278 2501 
3097 297 1660 2434 1880 
3098 1294 2412 2244 1392 
3099 1350 1149 1488 2396 
3100 926 925 875 2419 
3101 1617 1631 480 2391 
3102 468 506 505 2156 
3103 694 708 834 857 
3104 937 1161 1660 298 
3105 855 313 1487 2120 
3106 1784 2051 2222 2458 
3107 2036 816 2276 2391 
3108 2134 2264 2417 2440 
3109 925 2188 964 903 
3110 1263 1187 1097 1077 
3111 2194 1309 2403 2427 
3112 1094 845 2152 1409 
3113 1936 1870 1708 2235 
3114 1964 1569 1427 2515 
3115 401 1448 2461 2477 
3116 1546 1547 1549 2501 
3117 899 919 2209 2526 
3118 1623 1622 1840 1660 
3119 1972 2074 2164 2430 
3120 712 609 680 2441 
3121 2137 2128 2191 2298 
3122 890 2088 889 2482 
3123 1070 1007 1109 2304 
3124 683 610 2131 655 
3125 1548 1740 1640 2430 
3126 789 1020 58 1331 
3127 1291 1301 1270 2513 
3128 490 1748 372 2429 
3129 2119 2246 2292 2493 
3130 2133 2158 2370 2374 
3131 1558 2087 2148 2402 
3132 709 1614 400 2495 
3133 1741 1702 1612 2278 
3134 1379 1262 1422 1486 
3135 1828 1528 1796 2080 
3136 1124 927 967 2284 
3137 2091 2011 2151 2465 
3138 2175 1972 2207 2430 
3139 2048 2249 2519 2542 
3140 2092 2063 2240 2241 
3141 2035 2194 2403 2427 
3142 227 162 260 2535 
3143 1631 1959 1574 2391 
3144 1462 1359 1363 2033 
3145 760 768 2099 2343 
3146 418 490 372 2285 
3147 743 683 783 2512 
3148 709 1943 1103 2495 
3149 2084 326 2114 2369 
3150 1262 1169 1263 2218 
3151 1673 1472 2089 2410 
3152 2136 2003 2427 2527 
3153 1062 1039 2333 2340 
3154 756 1192 2413 1651 
3155 92 194 223 205 
3156 600 789 117 1020 
3157 1046 707 2193 2348 
3158 1882 1834 654 2341 
3159 1959 2301 685 1852 
3160 1039 1040 2149 2340 
3161 1161 1504 2159 741 
3162 2006 1029 2150 2373 
3163 603 604 2022 2220 
3164 1007 993 902 2283 
3165 1723 837 2123 2254 
3166 2012 1709 2164 2207 
3167 2069 2096 2405 2481 
3168 1784 1841 1716 2276 
3169 1803 2317 2378 2499 
3170 2353 2219 2182 2440 
3171 1157 1597 1410 2277 
3172 2008 2074 2097 2143 
3173 232 197 208 2455 
3174 1502 1830 1558 2402 
3175 1407 1817 2385 1400 
3176 2037 2191 2379 2383 
3177 233 292 2171 2272 
3178 1158 1157 1083 2334 
3179 979 1044 902 2283 
3180 1218 1556 2116 2300 
3181 1654 1370 2085 2541 
3182 1711 1900 1741 2141 
3183 1613 1612 2077 2278 
3184 149 201 141 2192 
3185 1795 1768 1497 1153 
3186 706 749 1614 2495 
3187 286 561 460 2314 
3188 1464 18 2253 2485 
3189 1031 373 2138 2364 
3190 298 1839 2268 1660 
3191 1272 1369 2161 2513 
3192 826 2115 2339 2451 
3193 1918 1906 2012 2097 
3194 2200 605 2269 2456 
3195 1619 1509 1558 2087 
3196 1192 117 970 1774 
3197 158 1935 24 2223 
3198 1862 2491 2494 2503 
3199 1142 1690 1914 2496 
3200 836 1050 913 2018 
3201 509 560 574 2017 
3202 680 2261 2380 2441 
3203 1872 1750 2291 2450 
3204 955 1484 2048 2112 
3205 606 1886 2170 2367 
3206 2053 2093 2444 2467 
3207 460 659 477 2133 
3208 605 797 2269 2456 
3209 1665 828 642 2318 
3210 1185 1129 1074 2373 
3211 676 1216 1663 2297 
3212 1705 72 1140 2327 
3213 215 173 2314 2455 
3214 1345 1129 1185 2373 
3215 2088 2233 2408 2482 
3216 1983 1261 2071 2280 
3217 1390 1388 2093 2327 
3218 345 253 215 2103 
3219 1129 884 1074 2373 
3220 2083 1710 2157 2228 
3221 2010 2165 2170 2367 
3222 2276 2036 2391 2458 
3223 1444 1091 2108 2323 
3224 2253 525 2316 2336 
3225 1019 963 1331 914 
3226 875 925 2134 2419 
3227 872 905 2256 2384 
3228 151 803 2305 2355 
3229 892 2027 2411 2522 
3230 884 824 1074 2373 
3231 1589 1642 1578 2521 
3232 536 623 416 2046 
3233 763 894 2254 2276 
3234 1624 58 2065 302 
3235 2236 2199 2382 2468 
3236 65 1534 737 2282 
3237 1167 1904 765 2052 
3238 56 989 1565 2110 
3239 2085 2110 2393 2524 
3240 2222 2051 2365 2433 
3241 1756 1620 1064 2162 
3242 1746 1521 2077 2129 
3243 2215 935 2229 2319 
3244 1668 1423 1854 2236 
3245 135 1974 1901 2074 
3246 1363 1242 1386 2033 
3247 1363 1386 1462 2033 
3248 1460 1458 1610 2033 
3249 1102 1039 1118 2333 
3250 2041 2023 2291 2394 
3251 394 1751 1783 2282 
3252 1462 1967 1544 2033 
3253 1610 1515 1859 2033 
3254 1242 1359 1356 2033 
3255 730 685 2036 2301 
3256 2006 2038 2312 2373 
3257 2031 2085 2153 2393 
3258 632 588 726 2068 
3259 1396 1496 2492 2511 
3260 308 388 405 2436 
3261 920 1089 2280 2487 
3262 2243 759 2330 2388 
3263 1803 93 424 2499 
3264 2179 2026 2405 2524 
3265 512 509 276 2146 
3266 1968 1544 1967 2281 
3267 1317 1257 2312 2420 
3268 228 120 242 2535 
3269 1901 1740 1548 2074 
3270 667 761 2261 2324 
3271 1895 437 1532 2397 
3272 96 86 69 2167 
3273 1398 1610 2281 1967 
3274 2010 1523 2160 2412 
3275 1948 1656 2161 2442 
3276 2016 2342 2353 2445 
3277 1321 1322 1430 2286 
3278 1344 1628 1228 2037 
3279 1379 1054 1262 1486 
3280 1307 1993 1092 2397 
3281 1379 1346 1054 1486 
3282 1090 493 2051 2426 
3283 401 1277 2042 2226 
3284 999 707 1048 679 
3285 1342 1600 1177 2498 
3286 902 1044 2257 2283 
3287 1346 1538 1851 1887 
3288 1874 411 489 2320 
3289 1379 1346 1851 1887 
3290 1370 1654 883 2541 
3291 1895 1561 1993 2397 
3292 2058 758 2158 2339 
3293 2045 2260 2326 2459 
3294 259 325 2139 2314 
3295 403 1874 1449 2320 
3296 2342 2391 2426 2457 
3297 1887 730 2067 1000 
3298 894 1203 2254 1609 
3299 1810 2357 1811 234 
3300 1280 1110 1228 2298 
3301 555 679 707 1305 
3302 190 1049 2130 2070 
3303 2067 1538 2117 2449 
3304 1887 707 996 1305 
3305 1306 2151 2340 2375 
3306 1622 1840 1660 2194 
3307 1153 1896 1703 1497 
3308 2110 2296 2393 2524 
3309 2252 2253 2336 2514 
3310 2115 717 2158 2370 
3311 1190 1061 1213 2047 
3312 2006 2312 2420 2452 
3313 949 411 403 2320 
3314 2028 2126 2350 2376 
3315 1312 2188 2185 2189 
3316 2026 2201 2405 2524 
3317 826 868 2127 2508 
3318 1363 1359 1242 2033 
3319 2225 2076 2319 2454 
3320 1458 1775 1515 2033 
3321 2203 1856 2236 2382 
3322 110 161 149 2192 
3323 760 1076 932 2456 
3324 2066 2029 2343 2400 
3325 2115 717 2370 2480 
3326 1670 1783 1751 2282 
3327 13 2042 2141 2285 
3328 414 662 564 2245 
3329 147 1904 711 2034 
3330 1271 1433 1327 2431 
3331 808 281 2111 2372 
3332 1528 1474 2080 2228 
3333 1023 952 2222 1605 
3334 1744 1321 1787 2286 
3335 1090 1393 1084 2510 
3336 1029 1144 912 2373 
3337 1591 1749 1596 2428 
3338 765 1904 147 2034 
3339 2376 1033 2381 2507 
3340 1251 787 1525 2344 
3341 685 816 2036 2301 
3342 2123 2036 2193 2276 
3343 287 213 2142 2354 
3344 1231 1485 1056 2311 
3345 808 582 802 2316 
3346 262 161 2192 170 
3347 818 834 2134 2219 
3348 2022 2018 2469 2473 
3349 1662 2279 2317 2516 
3350 177 2098 2398 2497 
3351 474 387 350 2232 
3352 2013 1206 2109 2493 
3353 1793 380 2062 2087 
3354 2016 2229 2319 2353 
3355 568 778 2426 1992 
3356 1617 816 1982 1503 
3357 1723 2063 2240 2123 
3358 324 1996 2128 2137 
3359 1355 763 2276 1013 
3360 1150 1061 2047 1213 
3361 201 170 2014 2192 
3362 1636 1393 2510 1084 
3363 1995 1996 1950 2137 
3364 1521 1678 1584 2129 
3365 2258 2237 2328 2493 
3366 525 1912 2372 2442 
3367 235 358 2436 2001 
3368 676 1847 2293 2297 
3369 112 68 2064 2192 
3370 2023 2034 2052 2486 
3371 876 851 2088 2257 
3372 1369 1272 2489 2513 
3373 1378 1281 2464 2523 
3374 2054 2044 2224 2261 
3375 1392 1438 2160 2412 
3376 2040 2104 2168 2465 
3377 416 439 2046 2261 
3378 187 222 185 2436 
3379 930 1071 2380 2384 
3380 317 253 2103 2302 
3381 1254 1949 1232 992 
3382 1269 1271 2078 2431 
3383 735 646 2133 2158 
3384 1595 478 2259 2494 
3385 1962 1365 1005 1508 
3386 2124 2128 2137 2298 
3387 2166 2028 2445 2479 
3388 1492 348 1489 2193 
3389 1433 1431 2078 2450 
3390 746 842 2329 2508 
3391 916 1129 882 2017 
3392 1282 1058 1148 2288 
3393 379 548 523 2366 
3394 652 724 509 2017 
3395 1815 1799 2362 2392 
3396 958 976 1061 2047 
3397 1650 1437 2078 2289 
3398 906 911 1055 2303 
3399 537 454 2044 482 
3400 1351 1237 1236 1730 
3401 1666 1627 2260 2462 
3402 2079 2310 2348 2449 
3403 923 1754 2111 2359 
3404 824 884 2255 2373 
3405 2204 2090 2213 2386 
3406 1190 1811 1351 1424 
3407 92 62 49 2056 
3408 189 125 216 2014 
3409 2097 2074 2164 2290 
3410 961 1555 1207 2390 
3411 2036 1956 2193 2276 
3412 1744 1705 1615 2286 
3413 320 513 307 441 
3414 727 2089 2121 2248 
3415 216 262 2014 2349 
3416 568 1992 2426 1626 
3417 1011 1550 1286 2241 
3418 1489 1341 1181 2193 
3419 1046 707 2036 2193 
3420 223 2139 2308 2354 
3421 1980 1567 2005 2291 
3422 414 469 2043 2245 
3423 2049 1701 2141 2278 
3424 606 1397 624 2165 
3425 501 1815 2362 2392 
3426 1605 1784 1389 2051 
3427 21 282 1482 2351 
3428 1006 1087 1045 2452 
3429 380 1793 629 2087 
3430 1903 256 1719 2147 
3431 1866 1605 952 1535 
3432 176 1938 822 2315 
3433 373 1891 2222 1368 
3434 269 283 270 429 
3435 1439 612 1288 2042 
3436 237 585 238 2089 
3437 1944 1650 1616 2052 
3438 1351 1730 2075 2475 
3439 758 649 796 2058 
3440 2154 2134 2215 2264 
3441 1643 1206 75 219 
3442 712 621 2044 2441 
3443 1595 2259 2377 2494 
3444 153 304 120 2535 
3445 321 384 352 279 
3446 1357 710 2138 1031 
3447 1346 1054 1486 2218 
3448 2132 2059 2172 2223 
3449 2028 2166 2350 2479 
3450 1854 1423 2126 2236 
3451 2358 1128 2361 2399 
3452 918 698 1128 2358 
3453 1706 1776 2503 2537 
3454 849 2006 2150 2156 
3455 241 263 2177 2349 
3456 1107 1691 601 2175 
3457 226 314 261 2224 
3458 1698 879 2170 2429 
3459 2029 2090 2343 2400 
3460 1560 389 1853 2118 
3461 730 1000 999 685 
3462 312 447 2224 2256 
3463 1904 1443 2034 2052 
3464 1054 1346 2117 2218 
3465 1889 1000 730 685 
3466 1510 2321 540 2096 
3467 2463 2050 2472 2479 
3468 2166 2330 2374 2376 
3469 1582 2077 2196 2500 
3470 2036 2264 2301 2458 
3471 1914 1690 1917 2496 
3472 123 118 171 2354 
3473 2246 2335 2493 2258 
3474 2080 2023 2120 2173 
3475 1610 1458 1515 2033 
3476 188 955 1484 2048 
3477 681 2457 772 2051 
3478 1312 1600 2185 2498 
3479 949 403 1287 2320 
3480 2435 2463 2472 2479 
3481 1859 1775 1858 2033 
3482 1858 1610 1859 2033 
3483 1600 2065 2185 2498 
3484 1145 1538 1126 2154 
3485 1967 1462 1386 2033 
3486 166 768 2343 2517 
3487 403 411 1874 2320 
3488 2076 2166 2374 2376 
3489 779 653 694 2182 
3490 2149 2011 2151 2277 
3491 1161 1794 2187 2268 
3492 656 526 485 2270 
3493 1476 1477 2101 2448 
3494 1092 1146 2404 1993 
3495 546 299 393 430 
3496 2031 2249 2309 2435 
3497 1542 698 1518 1128 
3498 1526 1888 1905 2514 
3499 1941 1481 2024 1738 
3500 1765 647 1103 2504 
3501 2079 2310 2337 2413 
3502 1885 1846 1602 2383 
3503 1518 2113 2390 2392 
3504 478 559 2114 2495 
3505 459 281 825 2111 
3506 618 1017 1647 1328 
3507 1441 1191 1286 1466 
3508 830 1441 1466 1978 
3509 1743 1821 1490 1587 
3510 2266 2169 2403 2478 
3511 993 1069 1122 2304 
3512 2074 2008 2164 2430 
3513 2115 2127 2309 2451 
3514 1817 1407 2385 1674 
3515 819 994 660 2240 
3516 1746 1741 1678 2129 
3517 2059 2111 2132 2372 
3518 1943 1368 1621 1357 
3519 1211 1213 2082 2468 
3520 189 124 2014 2192 
3521 730 1048 707 2036 
3522 478 2114 2259 2494 
3523 2199 2055 2203 2382 
3524 889 851 2257 2482 
3525 1017 618 1647 592 
3526 1370 56 1814 2085 
3527 608 492 607 2324 
3528 1802 370 520 2442 
3529 357 396 379 2366 
3530 1950 1996 1763 2137 
3531 1418 1602 2383 2505 
3532 1947 1831 2162 2213 
3533 1605 2222 1023 547 
3534 1463 1644 2010 2160 
3535 1601 1222 1253 2205 
3536 2175 2164 2012 2235 
3537 766 684 726 2068 
3538 759 664 2095 2388 
3539 859 143 1266 2262 
3540 2066 1252 2071 2122 
3541 346 317 2103 2302 
3542 438 1340 127 1246 
3543 1738 873 2024 1768 
3544 883 945 1867 2541 
3545 1329 1995 172 2368 
3546 976 1034 2082 2202 
3547 1784 2024 2063 2458 
3548 1545 1675 2106 2278 
3549 596 597 511 2533 
3550 2063 2230 2491 2540 
3551 48 26 50 2064 
3552 1896 225 2063 837 
3553 1324 1463 2010 2160 
3554 956 783 2330 2381 
3555 1042 1337 2072 2194 
3556 97 116 98 2167 
3557 1356 1359 1695 2033 
3558 2313 1003 2345 2377 
3559 36 43 48 2064 
3560 1394 965 1256 2321 
3561 407 1530 1713 2148 
3562 492 693 2046 2324 
3563 1279 1860 989 2297 
3564 1173 2034 2083 2486 
3565 1879 1991 2101 2228 
3566 1320 1281 878 2247 
3567 1949 1824 1817 992 
3568 1949 1817 1232 992 
3569 2005 2052 2444 2450 
3570 955 2541 891 2085 
3571 1550 1571 556 1768 
3572 1022 1044 2283 2352 
3573 1572 1292 2092 2241 
3574 2144 861 2507 2512 
3575 1468 1603 792 2299 
3576 1906 2012 2097 2234 
3577 263 221 2177 207 
3578 562 666 651 2272 
3579 1121 1694 2367 2477 
3580 1390 1431 1430 2093 
3581 2062 2116 2198 2300 
3582 1417 1766 2221 2260 
3583 2225 2182 2319 2509 
3584 1987 1047 2109 2335 
3585 2112 1957 2128 2446 
3586 396 357 2142 2366 
3587 1005 1854 2119 2350 
3588 1916 2073 2394 2483 
3589 2069 2025 2176 2405 
3590 2114 2364 2495 2504 
3591 1320 878 927 2464 
3592 43 26 48 2064 
3593 298 329 741 2159 
3594 884 640 916 695 
3595 673 603 2532 704 
3596 48 64 36 2064 
3597 1337 1309 1840 2194 
3598 2258 1047 2335 2484 
3599 1987 1047 1052 2109 
3600 1968 584 277 2281 
3601 2079 2065 2169 2337 
3602 1627 1513 1688 2459 
3603 716 719 266 2113 
3604 595 463 440 575 
3605 1854 1005 2236 2350 
3606 1020 58 1331 2169 
3607 1107 601 2060 2175 
3608 1010 876 1125 2466 
3609 58 302 1331 2337 
3610 774 2241 1011 1572 
3611 1550 774 2241 1011 
3612 596 640 2146 2255 
3613 946 1342 1177 2294 
3614 868 2027 2401 2435 
3615 2127 826 2136 2451 
3616 1124 2124 2284 2522 
3617 759 908 2247 2480 
3618 1272 1294 1270 2513 
3619 618 1017 2122 1202 
3620 1788 592 1647 2071 
3621 714 826 831 2451 
3622 1616 1140 2078 2093 
3623 678 1946 1155 2303 
3624 94 112 76 2064 
3625 2227 2176 2318 2385 
3626 36 64 74 2064 
3627 1302 1008 2178 2242 
3628 1397 624 2165 2252 
3629 2208 2204 2213 2386 
3630 2319 2016 2353 2445 
3631 1597 1803 2317 2378 
3632 1235 2039 2075 2287 
3633 2022 532 2453 2473 
3634 1943 1103 2495 2504 
3635 2431 1293 2450 2492 
3636 153 162 227 2535 
3637 313 1591 1919 2428 
3638 2077 2129 2278 2285 
3639 1862 706 157 2494 
3640 2158 2115 2370 2480 
3641 1608 647 326 558 
3642 1433 2078 2431 2450 
3643 2106 2226 2278 2425 
3644 636 2133 2158 2370 
3645 1194 473 2237 2246 
3646 759 2243 2330 2480 
3647 783 917 743 2512 
3648 1527 2086 1723 2240 
3649 1191 1286 1466 2540 
3650 164 173 253 2455 
3651 1596 893 2083 2428 
3652 2098 2190 2398 2497 
3653 1311 1205 2231 1536 
3654 878 1281 972 2247 
3655 338 489 2008 2060 
3656 598 309 2200 2456 
3657 1595 987 157 2494 
3658 665 1576 2085 2153 
3659 2380 872 1071 953 
3660 787 1881 998 2344 
3661 245 232 292 2455 
3662 1272 1270 1301 2513 
3663 2137 2037 2191 2379 
3664 1577 1512 167 713 
3665 2042 2226 2278 2285 
3666 1512 991 1985 1577 
3667 2098 2091 2204 2424 
3668 744 982 2108 2141 
3669 1189 986 988 2414 
3670 2167 80 2184 2211 
3671 1565 1699 665 2393 
3672 2079 2185 2264 2478 
3673 1240 376 1876 998 
3674 2124 2048 2231 2368 
3675 2296 2063 2433 2458 
3676 1441 830 1466 2540 
3677 1553 1128 1470 2361 
3678 656 742 641 2225 
3679 1927 1518 501 2362 
3680 1495 1291 2252 1295 
3681 2244 1681 2442 2513 
3682 171 113 105 2056 
3683 813 1516 823 1394 
3684 748 904 924 2407 
3685 1124 2124 2298 2347 
3686 1875 520 370 2442 
3687 1504 1333 431 2159 
3688 879 347 2170 2429 
3689 1979 11 2106 2425 
3690 2162 2173 2183 2238 
3691 652 509 512 2146 
3692 1930 678 1988 2356 
3693 2040 1564 2148 2306 
3694 1595 157 478 2494 
3695 965 1256 2321 2481 
3696 645 1606 933 2371 
3697 1374 1833 531 2267 
3698 2053 2008 2074 2210 
3699 142 2053 2444 2531 
3700 1250 1336 1306 2340 
3701 2196 1549 1551 2501 
3702 764 363 1828 2147 
3703 1500 1793 1682 2300 
3704 2431 1433 1293 1271 
3705 1748 1746 347 2129 
3706 921 371 1239 2344 
3707 2036 2079 2264 2458 
3708 1034 1079 1149 2396 
3709 1695 1541 1731 1998 
3710 244 1057 2084 2138 
3711 1064 176 2120 2315 
3712 2097 554 1906 2409 
3713 1513 1051 2239 2462 
3714 617 583 2088 2181 
3715 929 1398 2305 806 
3716 1159 1205 1025 2231 
3717 1122 979 993 2283 
3718 2187 2424 2096 2029 
3719 468 505 413 2156 
3720 1590 1174 1607 1172 
3721 1018 1042 2072 2427 
3722 1342 1952 1600 2205 
3723 1938 1606 2315 2476 
3724 1182 1984 1524 2172 
3725 588 626 838 2144 
3726 552 305 309 452 
3727 1068 979 1204 2283 
3728 1135 1101 2116 2340 
3729 1638 1544 1937 2281 
3730 1296 1303 2363 2431 
3731 2059 2161 2253 2372 
3732 509 724 560 2017 
3733 472 2144 2145 2512 
3734 1787 1977 2286 2531 
3735 1942 2162 2183 2213 
3736 973 192 1952 2205 
3737 909 1298 2109 2197 
3738 1155 1797 2303 906 
3739 911 1797 906 1055 
3740 1378 1573 1457 2415 
3741 1635 1990 1806 2026 
3742 2058 779 2182 2454 
3743 1796 2080 2186 2238 
3744 2200 2135 2269 2424 
3745 1823 891 1594 2153 
3746 1919 2073 2120 2428 
3747 2050 2463 2472 2523 
3748 646 502 534 2133 
3749 128 98 184 2167 
3750 1402 2102 2355 2406 
3751 2005 1567 2041 2291 
3752 612 1283 1288 2042 
3753 2074 1548 2143 2210 
3754 2024 1784 2222 2458 
3755 2060 2008 2175 2235 
3756 1329 1867 955 2542 
3757 69 106 2177 2211 
3758 252 858 135 2290 
3759 2391 2051 2426 2457 
3760 1873 1585 2010 2412 
3761 1879 1991 1837 2371 
3762 198 56 494 989 
3763 1949 1232 2502 2540 
3764 1909 1925 692 1024 
3765 1117 1276 199 642 
3766 753 740 1420 2393 
3767 831 812 2339 2451 
3768 199 1276 1824 642 
3769 1824 1276 1053 642 
3770 2042 1277 2108 2323 
3771 199 1824 1665 642 
3772 1043 1021 2027 2251 
3773 1100 1113 1382 1731 
3774 1092 1902 1936 2341 
3775 2011 2015 2091 2151 
3776 2060 2175 2207 2430 
3777 1207 1555 462 2390 
3778 1818 1971 2248 1819 
3779 1734 1731 2000 1998 
3780 1036 2197 2357 2203 
3781 1149 1211 1099 2082 
3782 459 808 2111 2387 
3783 1671 334 1732 1863 
3784 1098 1154 1529 2423 
3785 626 472 2131 2512 
3786 912 689 2150 630 
3787 983 1266 2262 1421 
3788 2083 2023 2157 2486 
3789 868 814 2027 2407 
3790 1124 1280 1180 2347 
3791 418 984 542 1318 
3792 156 179 2056 2308 
3793 2212 1456 2463 2523 
3794 1018 2136 2427 2526 
3795 1188 1969 2237 2282 
3796 892 927 908 2401 
3797 649 779 2058 2454 
3798 1881 1240 787 998 
3799 950 1111 2108 668 
3800 2161 2244 2442 2513 
3801 65 1798 2237 2282 
3802 1377 1892 1820 2307 
3803 966 2006 2233 2452 
3804 1991 2101 2228 2371 
3805 1004 1018 2332 2528 
3806 1404 1656 1369 2489 
3807 1544 1398 1968 1967 
3808 1991 1879 2101 2371 
3809 2084 2130 2258 2282 
3810 2019 2029 2066 2090 
3811 520 525 2253 2336 
3812 2030 2115 2401 2435 
3813 334 1908 1732 1863 
3814 223 156 2056 2308 
3815 1326 1026 1219 1820 
3816 2154 1538 2217 2449 
3817 2162 176 2315 2476 
3818 2130 1188 2237 2282 
3819 1969 65 2237 2282 
3820 1879 1837 2101 2371 
3821 335 331 2280 2517 
3822 1838 1377 581 586 
3823 1825 2106 2196 2501 
3824 127 1925 1637 21 
3825 1240 1876 1898 998 
3826 2136 2127 2451 2527 
3827 713 1512 1985 1577 
3828 1377 1838 448 586 
3829 949 3 411 2005 
3830 1018 862 2136 2526 
3831 1246 1925 1340 127 
3832 2519 2317 2520 2524 
3833 332 1520 995 1326 
3834 1475 1767 2520 2539 
3835 2196 1549 1545 2500 
3836 676 1216 2297 2345 
3837 1157 1158 1306 2334 
3838 1326 998 995 1898 
3839 1859 6 1411 1932 
3840 1858 6 1859 1932 
3841 1702 1613 1741 1612 
3842 1997 1892 1240 1858 
3843 585 398 1673 1525 
3844 649 779 796 2058 
3845 1792 1240 1997 929 
3846 1461 1734 1731 2000 
3847 1113 1541 1382 1731 
3848 1049 531 2130 2153 
3849 1247 2021 2125 2275 
3850 1908 1639 1929 1026 
3851 1695 1734 1731 1929 
3852 2004 2102 2248 2305 
3853 1326 998 1820 995 
3854 1828 1528 2511 1752 
3855 1340 438 127 1059 
3856 2281 1240 1997 1792 
3857 1162 1945 2244 2514 
3858 1396 1446 1473 2157 
3859 2239 2221 2260 2462 
3860 2076 2353 2374 2445 
3861 209 257 2139 2308 
3862 1820 1326 1520 1219 
3863 1377 1820 1520 1219 
3864 69 2167 2184 2211 
3865 411 949 2005 2320 
3866 381 482 2044 2163 
3867 1967 1544 2033 2281 
3868 1908 1732 1863 1928 
3869 1971 1970 2049 2102 
3870 1135 1372 1197 2116 
3871 950 1091 803 2355 
3872 1633 1863 1671 1928 
3873 817 237 289 2248 
3874 27 35 44 2184 
3875 1670 65 1669 2282 
3876 507 622 548 2370 
3877 1240 2281 1997 1858 
3878 1382 1638 1541 1998 
3879 1732 1639 1965 1928 
3880 1732 1633 1928 1965 
3881 2162 2183 2204 2238 
3882 1787 2008 2210 2430 
3883 334 1908 1671 1732 
3884 2047 2055 2199 2468 
3885 921 1997 360 1403 
3886 371 1898 376 1403 
3887 1798 2237 2258 2246 
3888 1018 1042 1041 2389 
3889 209 169 156 2308 
3890 1366 1636 1982 2457 
3891 1353 1775 1356 1695 
3892 1425 1353 1356 1695 
3893 1461 1638 1937 2000 
3894 394 1783 2130 2282 
3895 1974 1899 1901 2074 
3896 1534 1751 2258 2282 
3897 1359 1425 1356 1695 
3898 2177 2167 184 138 
3899 209 156 257 2308 
3900 1638 1382 1541 1461 
3901 224 223 2139 2308 
3902 1184 1969 1188 2282 
3903 271 230 209 2308 
3904 944 1076 2099 2227 
3905 176 855 2120 2315 
3906 277 793 581 584 
3907 230 169 209 2308 
3908 1377 1820 1219 581 
3909 192 310 669 2061 
3910 2070 1188 2130 190 
3911 1878 42 1710 2486 
3912 1219 1908 793 1026 
3913 223 224 257 2308 
3914 1619 1793 1509 2087 
3915 334 1908 1863 1929 
3916 2028 2199 2202 2445 
3917 1863 1908 1928 1929 
3918 1908 1639 1928 1929 
3919 2158 2370 2374 2480 
3920 1838 2281 1377 448 
3921 1670 1751 1534 2282 
3922 271 209 2139 2308 
3923 1526 290 428 2252 
3924 1140 72 2093 2327 
3925 2084 394 2130 2282 
3926 2166 2076 2374 2445 
3927 394 2084 2258 2282 
3928 1184 1188 2130 2282 
3929 868 2009 2127 2508 
3930 1670 1534 65 2282 
3931 56 1565 2085 2110 
3932 1755 2213 2183 720 
3933 1892 998 1240 1520 
3934 1693 119 1709 2207 
3935 1544 1937 277 1968 
3936 411 142 2053 2444 
3937 1967 1462 1544 1386 
3938 1770 2050 2212 2443 
3939 184 146 2167 2211 
3940 1413 2121 2226 2425 
3941 1970 817 2248 2406 
3942 1624 2169 2266 2470 
3943 868 2009 2027 2309 
3944 2146 276 2437 2533 
3945 1968 1377 448 586 
3946 2117 2215 2229 2353 
3947 955 2085 2180 2542 
3948 1703 1153 2241 1319 
3949 2194 2168 2268 2434 
3950 586 514 448 1677 
3951 2039 2287 2338 2445 
3952 2092 2230 2241 2540 
3953 568 1366 234 2426 
3954 853 1316 2084 2369 
3955 936 986 2288 2338 
3956 1514 1574 1852 2471 
3957 980 990 2188 2498 
3958 1777 2299 2387 2416 
3959 1751 394 2258 2282 
3960 2379 799 1274 2191 
3961 1611 1470 962 2399 
3962 1630 1573 473 2415 
3963 2317 2279 2432 2516 
3964 1868 1052 488 2484 
3965 581 1968 584 586 
3966 101 1650 1944 2289 
3967 1421 1266 2262 2461 
3968 1761 313 2073 2120 
3969 618 1647 2071 2122 
3970 581 1377 1968 586 
3971 1658 1559 2132 2489 
3972 1332 1295 1445 2489 
3973 85 61 98 2167 
3974 1925 1127 1482 1340 
3975 1404 1369 1332 2489 
3976 473 1573 1456 2050 
3977 1373 1563 2040 2148 
3978 1088 1227 1072 2312 
3979 93 1803 1800 2525 
3980 2313 2230 2345 2346 
3981 411 2005 2053 2320 
3982 395 1832 637 2195 
3983 1286 1191 1053 2092 
3984 1435 1078 1082 2410 
3985 997 966 1072 2006 
3986 174 1349 1931 1963 
3987 2223 2402 2132 2206 
3988 1341 914 669 2310 
3989 1029 1185 1144 2373 
3990 1372 1250 2116 2375 
3991 1567 1781 1687 2005 
3992 1768 556 2241 2491 
3993 1076 2099 2227 2481 
3994 138 184 98 2167 
3995 1364 1990 1635 2026 
3996 252 1747 1980 2005 
3997 801 595 563 2388 
3998 1223 1976 1831 2162 
3999 2183 2195 2204 2238 
4000 892 967 2401 2522 
4001 1703 1153 1497 2241 
4002 2099 1076 2135 2481 
4003 876 2257 2408 2466 
4004 496 575 2131 2360 
4005 108 1255 1399 2089 
4006 1445 1295 1498 2489 
4007 1552 1545 2500 1582 
4008 1742 1008 311 2094 
4009 1964 435 2361 2515 
4010 2025 2249 2296 2524 
4011 1387 1463 2077 2500 
4012 1091 950 2108 2355 
4013 580 397 674 2044 
4014 1323 424 1767 2520 
4015 1929 1892 1695 2307 
4016 712 539 609 2044 
4017 2136 2003 2451 2534 
4018 462 1555 1883 2358 
4019 1789 1901 2074 2143 
4020 1710 2083 2157 2486 
4021 1301 1295 1332 2489 
4022 128 85 98 2167 
4023 2090 2200 2386 2424 
4024 974 1843 1766 2260 
4025 2205 1253 2221 2294 
4026 84 70 126 2211 
4027 860 935 897 2509 
4028 900 1310 1043 2081 
4029 1717 1413 2226 2461 
4030 2299 691 2485 2496 
4031 1301 1332 1369 2489 
4032 645 1991 2228 2371 
4033 1828 2080 2147 2511 
4034 559 2114 2495 2504 
4035 916 2017 2146 2255 
4036 1939 1702 1782 1701 
4037 2051 2109 2197 2222 
4038 1261 10 1252 2071 
4039 1056 956 1032 2381 
4040 1587 1385 246 1490 
4041 178 1518 2113 2399 
4042 1406 1450 2101 2448 
4043 787 1251 1881 2344 
4044 330 1856 2203 219 
4045 1534 737 2282 2335 
4046 461 276 343 2043 
4047 929 787 398 1525 
4048 799 324 2128 2379 
4049 2003 2266 2470 2528 
4050 1782 1613 1741 1702 
4051 2055 1351 2382 2468 
4052 1687 2097 2005 940 
4053 985 1117 2155 2250 
4054 1015 1056 2243 2311 
4055 1554 342 1203 2254 
4056 755 31 1524 516 
4057 411 142 2008 2053 
4058 1056 1485 1234 2311 
4059 1538 1346 2117 2154 
4060 1787 1977 1744 2286 
4061 1483 1946 311 2094 
4062 985 600 1645 2250 
4063 1140 2052 2093 2444 
4064 2264 2003 2451 2478 
4065 1327 1433 2078 2431 
4066 964 946 980 2490 
4067 777 573 621 2044 
4068 537 539 712 2044 
4069 704 603 2220 2506 
4070 176 2273 1938 2162 
4071 856 930 953 2380 
4072 520 802 1921 2316 
4073 1802 1162 2336 2514 
4074 1003 740 2345 2377 
4075 2260 1627 2459 2462 
4076 272 3 2041 2422 
4077 24 158 2223 2416 
4078 1710 2083 2118 2228 
4079 1886 2170 2367 2429 
4080 1388 1437 1268 2078 
4081 1390 1268 1327 2078 
4082 2096 2135 2269 2456 
4083 1328 2223 2206 2140 
4084 1770 1308 453 2443 
4085 1206 75 219 2203 
4086 2161 2172 2252 2489 
4087 1325 1603 2299 2387 
4088 2015 2011 2149 2277 
4089 2245 291 399 356 
4090 528 513 529 2438 
4091 1097 1263 2218 2229 
4092 824 631 630 2255 
4093 590 991 1512 2303 
4094 2329 899 2418 2526 
4095 706 1862 749 2491 
4096 80 69 2167 2184 
4097 749 706 2491 2495 
4098 1428 1582 1387 2500 
4099 428 606 1526 2252 
4100 862 842 2127 2526 
4101 757 946 2490 732 
4102 1985 1491 2094 2213 
4103 1685 1706 987 2377 
4104 2134 2219 2353 2440 
4105 790 2339 758 2440 
4106 1069 1205 2137 2231 
4107 1888 1131 1905 2514 
4108 272 3 949 2005 
4109 469 511 461 2043 
4110 343 461 399 260 
4111 770 773 2253 1921 
4112 613 1112 1409 2235 
4113 891 1654 1816 2085 
4114 842 899 2127 2526 
4115 50 134 2064 2192 
4116 902 968 1007 2283 
4117 865 920 1983 2395 
4118 190 1184 810 2070 
4119 716 1529 719 2390 
4120 1452 1802 2336 2514 
4121 1389 217 2457 772 
4122 810 1184 1188 2070 
4123 108 1255 2089 2121 
4124 231 1810 2357 2475 
4125 489 366 613 2060 
4126 610 783 2360 2388 
4127 1333 335 2099 2227 
4128 1176 799 2128 2446 
4129 1090 1366 2426 2510 
4130 2077 2010 2196 2500 
4131 2243 1015 2311 2472 
4132 1559 1656 1404 2489 
4133 861 743 917 2512 
4134 1343 2205 2221 2260 
4135 721 607 2022 2469 
4136 2088 617 2181 2482 
4137 1837 1476 2101 2448 
4138 830 2503 2537 2540 
4139 606 1694 1886 2367 
4140 881 857 2182 2215 
4141 691 2299 290 1917 
4142 1909 246 1024 1385 
4143 310 1289 1593 2518 
4144 1370 56 2085 2539 
4145 1131 1162 1905 2514 
4146 1790 1945 347 879 
4147 1694 1121 2262 2477 
4148 473 1188 2237 2443 
4149 620 646 2133 502 
4150 1088 966 947 2452 
4151 1344 1125 1230 2214 
4152 567 1973 1972 2175 
4153 1455 1919 1591 2083 
4154 1385 692 1493 1909 
4155 891 883 945 1195 
4156 773 770 2253 1913 
4157 1710 42 2083 2486 
4158 1871 1551 1825 2196 
4159 1053 642 2155 2318 
4160 1148 1235 1348 2287 
4161 305 140 306 309 
4162 1677 1958 1402 2406 
4163 1194 473 1188 2237 
4164 2222 2138 2364 2365 
4165 2081 1083 2331 2418 
4166 1421 1717 1375 2461 
4167 413 574 2156 2245 
4168 571 338 2008 2060 
4169 1098 1154 2152 2175 
4170 571 1107 1112 2060 
4171 401 1717 2226 2461 
4172 2079 2123 2310 2413 
4173 561 2020 2272 2454 
4174 1564 1563 1373 2148 
4175 1043 900 2081 2407 
4176 2145 2020 2330 2512 
4177 816 2276 2391 2457 
4178 685 1959 1617 2391 
4179 2081 2009 2329 2418 
4180 630 469 2245 511 
4181 580 397 2044 2256 
4182 1800 1597 2378 2525 
4183 1888 606 1886 2170 
4184 1615 1321 1744 2286 
4185 2106 2226 2262 2477 
4186 1074 824 1144 2373 
4187 1710 1557 2157 2228 
4188 571 1973 1107 2060 
4189 757 964 946 732 
4190 752 812 2115 2339 
4191 2172 516 2271 2496 
4192 550 690 152 2422 
4193 1829 1680 2244 370 
4194 1447 1304 1509 2300 
4195 1836 923 1592 2488 
4196 1996 1763 2137 2379 
4197 1294 2244 2513 1681 
4198 598 768 2343 166 
4199 1724 326 2084 2369 
4200 473 453 1188 2443 
4201 291 436 356 2245 
4202 2291 2023 2431 2492 
4203 2346 1466 2537 2540 
4204 757 794 2462 2490 
4205 2156 663 2233 2408 
4206 1295 1498 1495 1467 
4207 1750 2450 2492 2511 
4208 2031 2249 2296 2309 
4209 2028 2126 2376 2396 
4210 117 600 1020 2250 
4211 2182 2225 2319 2454 
4212 727 1399 1255 2121 
4213 2119 2237 2246 2493 
4214 2310 963 2337 2413 
4215 1399 727 238 2089 
4216 2005 1443 2053 2444 
4217 1971 1819 1939 2049 
4218 1468 290 18 2485 
4219 659 735 646 2133 
4220 1870 1874 2235 2320 
4221 1468 18 1464 2485 
4222 2284 2401 2463 2464 
4223 13 1975 1748 2129 
4224 1742 380 2178 2198 
4225 1178 1317 1227 2420 
4226 2159 2029 2280 2530 
4227 347 1644 2010 2077 
4228 2305 151 2355 2406 
4229 804 1591 313 2428 
4230 42 893 1710 2083 
4231 2281 1932 1610 1398 
4232 1343 1843 2205 2260 
4233 2249 2317 2519 2524 
4234 2264 2030 2296 2478 
4235 2015 2091 2151 2201 
4236 1257 1418 2214 2420 
4237 736 1330 2303 2356 
4238 2012 2097 2234 2341 
4239 300 1818 2248 2322 
4240 2108 2049 2226 2323 
4241 1178 1045 1087 2452 
4242 1637 1786 521 2351 
4243 2027 2401 2435 2522 
4244 1304 1451 1509 2300 
4245 373 1031 2138 2484 
4246 2070 1308 2212 2443 
4247 2003 2185 2189 2470 
4248 510 345 2325 346 
4249 1586 1590 2208 2460 
4250 759 907 2247 908 
4251 1570 1297 1688 2459 
4252 905 2256 2384 2453 
4253 100 77 124 2184 
4254 2065 2032 2079 2185 
4255 1399 727 2089 2121 
4256 1048 730 816 2036 
4257 870 1781 1567 2394 
4258 709 1103 559 2504 
4259 502 620 507 2133 
4260 572 687 2156 2181 
4261 1690 1142 2271 2496 
4262 468 572 2156 2181 
4263 1364 2098 2190 2398 
4264 1576 368 2153 2267 
4265 216 207 2177 2211 
4266 1913 770 2253 2336 
4267 1000 1889 2067 2117 
4268 2186 1655 2195 2198 
4269 1972 1899 2074 2430 
4270 1562 1563 1564 2148 
4271 2030 2031 2296 2309 
4272 1774 1331 914 2337 
4273 290 2299 2485 1468 
4274 188 955 2048 2542 
4275 1489 342 2123 2254 
4276 758 649 2058 2158 
4277 406 1759 1758 2371 
4278 1090 1366 493 2426 
4279 561 2103 2133 2314 
4280 2029 2071 2280 2530 
4281 865 1791 1009 2395 
4282 400 1614 2024 2495 
4283 2284 927 2401 2464 
4284 1417 1537 2260 2462 
4285 2214 2257 2408 2420 
4286 1930 991 678 2303 
4287 106 2014 2177 2211 
4288 272 940 2005 949 
4289 126 80 146 2211 
4290 2204 2090 2208 2424 
4291 447 2453 2256 445 
4292 422 1800 2398 93 
4293 1546 1545 1736 2501 
4294 310 192 1581 2061 
4295 714 844 826 2136 
4296 1126 926 2154 2216 
4297 703 1733 711 2073 
4298 798 608 739 2324 
4299 2059 2161 2172 2252 
4300 1007 968 1344 2466 
4301 2034 711 2073 2422 
4302 2043 2146 2245 2255 
4303 2039 2055 2075 2287 
4304 1675 2106 2278 2322 
4305 893 1710 2083 2118 
4306 1009 109 417 2263 
4307 1430 1390 2093 2327 
4308 1921 773 2253 2316 
4309 72 1063 1140 2444 
4310 2090 309 2200 2400 
4311 990 2057 2188 2189 
4312 958 988 986 2414 
4313 944 2227 2295 2481 
4314 2072 2104 2333 2389 
4315 725 2012 2021 2175 
4316 1884 1842 2379 2383 
4317 1929 334 1026 2307 
4318 991 1930 1577 2303 
4319 1293 1496 1588 2492 
4320 2151 1801 2378 2497 
4321 2003 2136 2427 2528 
4322 1142 444 1690 2271 
4323 936 1097 2319 2338 
4324 627 615 813 2269 
4325 2222 1171 2024 1368 
4326 1166 1221 1997 2344 
4327 1851 1000 2067 2117 
4328 721 604 757 2220 
4329 1002 1580 1726 2271 
4330 446 316 1850 2446 
4331 1023 2222 1171 2024 
4332 2206 2132 2359 2402 
4333 2246 2237 2258 2493 
4334 852 819 1723 2063 
4335 1785 1475 422 2398 
4336 2230 2293 2346 2502 
4337 1429 1946 374 911 
4338 2154 1075 2215 2419 
4339 423 1764 2254 2276 
4340 1479 329 298 2187 
4341 1206 1805 75 2109 
4342 492 608 693 2324 
4343 1856 1036 219 1961 
4344 1346 1054 2117 2154 
4345 871 818 834 2134 
4346 27 78 35 2184 
4347 1433 2431 1293 2450 
4348 1377 581 1968 2281 
4349 3 1904 2041 2422 
4350 56 540 2110 2179 
4351 2233 2006 2420 2452 
4352 662 689 564 2150 
4353 2118 822 2315 2428 
4354 1137 1040 1136 2340 
4355 1450 1531 1406 2186 
4356 2305 2004 2323 2410 
4357 687 833 506 2156 
4358 798 667 693 2324 
4359 491 2224 378 2473 
4360 926 2154 2216 2419 
4361 1834 2125 2341 2404 
4362 2151 2091 2448 2497 
4363 2106 143 2262 1979 
4364 177 1471 2098 2371 
4365 2011 2104 2333 2340 
4366 1484 188 2048 2112 
4367 880 876 877 2408 
4368 266 716 2113 2392 
4369 2058 2115 2339 2374 
4370 2093 2005 2444 2450 
4371 531 1037 190 2130 
4372 1488 1234 1423 2126 
4373 2202 2076 2376 2445 
4374 123 171 215 2354 
4375 2335 2246 2493 2292 
4376 2138 2109 2222 2484 
4377 440 293 2145 2302 
4378 1301 1291 1295 2513 
4379 714 699 2136 2265 
4380 2185 1412 2189 2470 
4381 1054 1169 1262 2218 
4382 2025 2069 2187 2201 
4383 849 731 966 2233 
4384 1341 2193 2310 2348 
4385 711 1733 147 2073 
4386 1313 822 2118 2428 
4387 109 2100 2263 2395 
4388 963 914 2310 2337 
4389 1966 1073 1815 2392 
4390 458 1325 2387 1603 
4391 2004 1091 2323 2355 
4392 41 109 2359 1757 
4393 1878 101 1173 2486 
4394 719 1529 2275 2390 
4395 1889 2036 2067 2117 
4396 967 2284 2401 2522 
4397 246 1821 1743 1587 
4398 1499 1681 1272 2513 
4399 1758 1478 1477 2448 
4400 1897 54 2112 2180 
4401 1789 1980 2143 2450 
4402 316 202 1308 2070 
4403 2123 2193 2254 2276 
4404 1210 918 1553 2361 
4405 682 727 1399 1255 
4406 2139 341 2142 2274 
4407 1807 1987 1052 2109 
4408 630 912 824 2150 
4409 2301 1574 2391 2471 
4410 1471 177 2098 2398 
4411 831 788 2265 2421 
4412 1112 366 571 2060 
4413 455 461 2533 2535 
4414 1162 370 2336 2514 
4415 370 1162 2244 2514 
4416 826 714 2136 2451 
4417 2126 1034 2376 2396 
4418 873 1319 390 2063 
4419 2151 2015 2201 2277 
4420 2280 2071 2395 2530 
4421 1560 389 2118 2228 
4422 366 338 571 2060 
4423 2029 2069 2096 2187 
4424 226 204 2007 2349 
4425 10 1252 2071 2343 
4426 532 673 2022 2453 
4427 1209 1813 1667 1347 
4428 1758 1759 1478 2448 
4429 1528 1496 1396 2511 
4430 783 2131 2360 2512 
4431 635 791 619 2088 
4432 862 844 747 2136 
4433 816 2036 2301 2391 
4434 1372 2116 2198 2448 
4435 822 1315 2118 2315 
4436 975 828 2069 2318 
4437 2420 2233 2452 2482 
4438 941 1039 1040 2389 
4439 680 638 761 2261 
4440 97 61 86 2167 
4441 767 840 747 2136 
4442 2201 2025 2405 2524 
4443 80 61 69 2184 
4444 875 928 926 2419 
4445 38 34 100 2184 
4446 1587 1385 1490 1493 
4447 741 329 1511 2174 
4448 911 991 140 590 
4449 2059 2161 2252 2253 
4450 984 13 490 2285 
4451 1182 2242 2402 2474 
4452 2069 2029 2099 2187 
4453 444 1822 1726 2474 
4454 933 1759 406 2371 
4455 2035 2015 2209 2527 
4456 2249 2025 2478 2527 
4457 1140 2052 2078 2093 
4458 1542 698 2390 1518 
4459 899 842 2127 2329 
4460 2045 2221 2239 2294 
4461 1742 2195 2198 2204 
4462 1583 1139 2173 2238 
4463 769 887 2057 2421 
4464 852 1723 837 2063 
4465 561 649 2133 2454 
4466 1660 2194 2268 2434 
4467 675 1624 2169 2266 
4468 2014 216 2177 2211 
4469 1914 1917 2223 2496 
4470 141 112 149 2192 
4471 213 271 2139 2308 
4472 1440 1782 1900 2141 
4473 1273 1199 1568 2104 
4474 2275 462 2358 2390 
4475 1277 807 1265 2323 
4476 100 124 2014 2184 
4477 2030 2166 2374 2445 
4478 1583 835 1579 2147 
4479 2052 2078 2093 2450 
4480 1628 1419 2037 2214 
4481 462 1704 2275 2515 
4482 2014 163 2177 2349 
4483 2158 2058 2339 2374 
4484 801 759 1032 2388 
4485 1954 1418 2383 2505 
4486 1938 1606 645 2315 
4487 1000 1486 1889 2117 
4488 2116 2062 2198 2448 
4489 692 1371 1244 1059 
4490 1854 90 2119 1773 
4491 1529 961 1207 2390 
4492 2172 2223 2299 2496 
4493 760 1076 2135 2343 
4494 2221 732 2294 2506 
4495 1972 567 2175 2207 
4496 801 610 595 2360 
4497 2101 2080 2228 2371 
4498 56 1565 665 2085 
4499 31 755 1524 150 
4500 813 2096 2269 2321 
4501 1837 1476 1879 2101 
4502 1690 1580 2271 444 
4503 2137 2124 2298 2304 
4504 1139 1755 1737 2183 
4505 2029 2099 2159 2280 
4506 1260 1533 1772 628 
4507 2141 2042 2278 2285 
4508 1718 1884 1224 2379 
4509 127 1127 1925 1340 
4510 2256 2018 2380 2384 
4511 1908 793 1026 2307 
4512 1033 2126 2376 2381 
4513 1487 1064 2120 2483 
4514 1819 1675 1701 2322 
4515 1618 380 1808 1793 
4516 1843 974 973 2205 
4517 171 73 114 2056 
4518 276 509 2043 2146 
4519 410 1880 2107 2306 
4520 1250 1101 1135 2340 
4521 2037 2137 2191 2304 
4522 1483 1946 991 311 
4523 767 840 2136 2332 
4524 2026 2096 2179 2405 
4525 630 511 2245 2255 
4526 1884 1718 1804 2379 
4527 1482 1637 21 2351 
4528 929 1398 448 2305 
4529 2012 1918 2097 2164 
4530 2090 2094 2204 2213 
4531 1695 1892 2033 2281 
4532 1021 1043 2027 2411 
4533 1481 873 1784 2024 
4534 146 80 2167 2211 
4535 1718 2137 1068 1454 
4536 1559 1332 2132 2489 
4537 216 125 207 2211 
4538 710 244 1165 2138 
4539 1334 1304 1451 1509 
4540 60 69 22 2184 
4541 1692 1771 1773 2119 
4542 1392 1290 1215 2160 
4543 454 315 2054 2163 
4544 1256 1407 2385 2481 
4545 1359 1462 1998 2281 
4546 1912 1948 2372 2442 
4547 58 1331 2169 2337 
4548 986 2039 2288 2338 
4549 1684 629 2242 1302 
4550 1946 1483 1328 1429 
4551 1261 2071 2280 2517 
4552 1833 1594 368 2267 
4553 928 875 834 2419 
4554 1480 1839 1840 2266 
4555 2171 2020 2232 2272 
4556 1790 1945 879 2170 
4557 523 548 2325 2366 
4558 1112 613 2060 2235 
4559 1804 442 1274 2379 
4560 857 834 2182 2215 
4561 2313 2259 2491 2503 
4562 1410 1157 2277 2334 
4563 651 561 2272 2454 
4564 1798 2246 2258 2335 
4565 1076 2099 2135 2343 
4566 286 460 2274 2314 
4567 1769 1329 1323 2542 
4568 1818 1819 2248 2322 
4569 35 60 22 2184 
4570 1020 675 58 2169 
4571 1259 1029 2312 2373 
4572 2017 2150 2156 2245 
4573 1114 1101 2104 2116 
4574 1686 1953 1952 2205 
4575 2072 1622 2104 2194 
4576 2061 2065 2310 2337 
4577 1739 1973 571 2060 
4578 799 442 2379 1274 
4579 1482 1330 2351 282 
4580 1142 1328 2223 1935 
4581 286 245 2171 2455 
4582 907 972 821 2247 
4583 1311 172 1995 2368 
4584 509 2043 2017 436 
4585 263 221 241 2177 
4586 1620 2162 2208 2273 
4587 1818 300 1940 2322 
4588 2311 2166 2472 2479 
4589 248 276 461 2533 
4590 396 357 287 2142 
4591 13 2042 2108 2141 
4592 281 895 825 2111 
4593 259 245 286 2314 
4594 798 913 761 2324 
4595 1830 1502 1558 1619 
4596 2026 1990 2269 2460 
4597 1954 1418 1846 2383 
4598 2227 1400 2295 2385 
4599 1849 1289 2326 2459 
4600 1558 1509 1563 2087 
4601 2076 2166 2376 2445 
4602 205 164 214 2455 
4603 1124 1180 927 2464 
4604 2093 2005 2143 2444 
4605 1511 985 975 2174 
4606 2149 941 2209 2334 
4607 2209 2072 2149 2035 
4608 1866 957 952 2222 
4609 44 38 27 2184 
4610 651 779 2225 2272 
4611 2019 2066 2071 2100 
4612 1511 985 2174 2250 
4613 665 361 1951 2085 
4614 1524 516 2172 2252 
4615 1563 1507 2148 1562 
4616 1029 1072 2006 2150 
4617 1189 1236 2075 2414 
4618 683 658 657 2131 
4619 971 833 997 2150 
4620 1040 1137 2149 2340 
4621 1097 936 2288 2338 
4622 736 1186 2351 2356 
4623 1590 1586 2269 2460 
4624 2186 2198 2204 2448 
4625 1782 1440 1108 2141 
4626 975 985 642 2174 
4627 884 916 2146 2255 
4628 2044 580 2256 2441 
4629 1544 1462 2033 2281 
4630 1128 1470 2361 2399 
4631 2091 2168 2187 2201 
4632 744 1540 1408 2108 
4633 2126 2311 2350 2376 
4634 286 292 2171 245 
4635 2210 2286 2467 2531 
4636 1726 1822 1302 1684 
4637 2185 2045 2188 2498 
4638 1219 581 1026 2307 
4639 1064 1756 2162 2173 
4640 1194 90 473 2246 
4641 1653 1442 2363 2486 
4642 1341 1489 1019 2123 
4643 822 2120 2315 2428 
4644 2116 1248 2198 2300 
4645 2259 2313 2377 2494 
4646 237 1398 2305 2406 
4647 1101 1116 1114 2104 
4648 1019 1489 963 2123 
4649 1258 1239 1166 2344 
4650 2364 2024 2365 2495 
4651 1866 1891 957 2222 
4652 1335 1406 1477 1450 
4653 936 1097 935 2319 
4654 1451 1563 1509 2087 
4655 2076 2319 2353 2445 
4656 682 1255 1413 2121 
4657 946 732 2294 2490 
4658 2182 2058 2319 2353 
4659 1701 1939 2049 2141 
4660 908 2243 2247 2480 
4661 1057 2084 2138 2258 
4662 1539 1631 2287 2342 
4663 44 124 77 2184 
4664 1622 1199 2072 2104 
4665 1524 516 31 2271 
4666 1726 1580 444 2271 
4667 1646 1140 1616 2327 
4668 2128 2137 2191 2379 
4669 1616 1140 2093 2327 
4670 699 767 747 2136 
4671 778 568 2426 493 
4672 1128 918 2358 2361 
4673 2003 2266 2427 2478 
4674 625 696 762 2146 
4675 1006 1087 2452 2482 
4676 492 2046 2224 2324 
4677 1525 1673 2089 2410 
4678 2168 2091 2187 2465 
4679 2293 676 2345 2346 
4680 357 523 345 2366 
4681 848 850 2057 2421 
4682 2264 2134 2353 2440 
4683 2013 2203 2342 2357 
4684 386 350 387 2232 
4685 864 2221 2294 2506 
4686 778 1992 1643 2197 
4687 60 78 2184 35 
4688 783 610 956 2388 
4689 2042 2108 2226 2323 
4690 1587 1024 1385 1493 
4691 2035 2025 2249 2527 
4692 722 421 391 918 
4693 1756 1755 1942 2183 
4694 1802 520 2336 2442 
4695 1324 1245 2160 2412 
4696 2456 565 2200 605 
4697 1482 1127 1637 2351 
4698 1221 1411 1166 1997 
4699 1845 2358 2361 2515 
4700 1918 1714 2012 2234 
4701 1528 1396 2492 2511 
4702 106 78 100 2184 
4703 899 2209 2418 2526 
4704 243 2002 2001 2436 
4705 407 1713 1564 2148 
4706 2225 651 2272 2454 
4707 163 69 2177 220 
4708 1210 918 1923 1553 
4709 148 179 213 2354 
4710 2023 2080 2157 2492 
4711 677 2095 2370 2480 
4712 2088 889 2482 851 
4713 1368 373 1357 2364 
4714 1180 1124 2284 2464 
4715 859 143 1121 1266 
4716 1471 2098 2273 2460 
4717 2076 2020 2374 2454 
4718 2188 2045 2216 2498 
4719 460 561 2133 2314 
4720 735 812 2158 2339 
4721 1297 2067 2348 2449 
4722 18 290 569 2485 
4723 1020 1479 675 2169 
4724 1815 1517 1543 1667 
4725 2066 2019 2090 2094 
4726 1551 1679 2500 1871 
4727 2412 1294 2244 2513 
4728 780 167 1930 2303 
4729 1436 1434 1585 2412 
4730 61 97 98 2167 
4731 1695 1892 2281 2307 
4732 2353 2030 2374 2445 
4733 2091 2026 2190 2201 
4734 2127 2136 2526 2527 
4735 500 529 513 2438 
4736 641 653 2225 2509 
4737 842 826 844 2508 
4738 1687 252 1567 2005 
4739 1889 1514 2117 2218 
4740 343 291 399 2043 
4741 2013 2028 2350 2479 
4742 962 1212 579 471 
4743 1881 718 376 2344 
4744 704 2294 2506 864 
4745 2138 1765 2364 2504 
4746 1867 1769 1323 2542 
4747 1821 246 1490 1587 
4748 2025 2296 2309 2478 
4749 440 575 496 2360 
4750 1933 446 316 1850 
4751 180 1117 1645 2250 
4752 2044 2007 2163 2224 
4753 2231 1025 2411 2522 
4754 1323 2520 2539 2541 
4755 1501 1172 1590 2460 
4756 2136 2427 2526 2527 
4757 1277 1265 1444 2323 
4758 966 997 849 2006 
4759 2125 2021 2341 2397 
4760 183 1660 2434 297 
4761 1647 1788 2100 2206 
4762 350 296 278 2302 
4763 491 261 2224 492 
4764 779 796 2058 2182 
4765 2003 2185 2470 2478 
4766 1567 1781 2041 2291 
4767 1819 1675 1940 1818 
4768 687 2156 2181 2233 
4769 2230 2293 2313 2345 
4770 349 440 369 2302 
4771 1859 1775 6 1858 
4772 794 757 969 2490 
4773 2003 2136 2451 2527 
4774 692 1909 1024 1493 
4775 2077 1582 2196 2278 
4776 2015 2035 2249 2527 
4777 1631 1539 231 2457 
4778 1212 1611 962 2399 
4779 1792 448 1838 929 
4780 1712 1816 1951 2085 
4781 1458 1610 1515 1859 
4782 398 1221 1166 1525 
4783 1922 1180 1280 2347 
4784 237 817 806 1398 
4785 1470 1611 2361 2399 
4786 1801 1597 2277 2378 
4787 2202 2076 2330 2376 
4788 1725 1280 2298 2347 
4789 2091 2151 2201 2378 
4790 1153 1319 2063 2241 
4791 2007 2054 2163 2224 
4792 1236 1351 1730 2075 
4793 3 1443 411 2005 
4794 1266 1448 2461 1375 
4795 1922 1850 2212 2446 
4796 1384 498 2164 2290 
4797 1932 1997 6 1221 
4798 1128 1208 579 178 
4799 1886 1448 612 2477 
4800 929 1221 806 1604 
4801 1221 929 398 1604 
4802 398 929 806 1604 
4803 2201 2015 2249 2519 
4804 1539 2342 2357 2457 
4805 1617 480 1503 2457 
4806 6 1221 1411 1932 
4807 1932 1792 1997 1221 
4808 2281 1997 1932 1792 
4809 1398 1610 806 1932 
4810 1892 1997 1240 998 
4811 1792 1932 2281 1398 
4812 2281 1792 448 1838 
4813 1792 448 929 1398 
4814 1932 1398 1792 806 
4815 929 1792 806 1932 
4816 1221 929 806 1932 
4817 693 667 2046 2324 
4818 2281 1997 1858 1932 
4819 927 878 908 2464 
4820 820 1503 480 2457 
4821 1793 1509 2087 2300 
4822 1283 1448 401 2477 
4823 2137 2037 2283 2304 
4824 2027 2231 2411 2522 
4825 474 472 2068 2232 
4826 2235 1449 2320 2409 
4827 1536 1995 1950 2137 
4828 1556 1469 1682 2300 
4829 556 1550 1768 2241 
4830 256 870 2291 2394 
4831 1997 6 1221 1411 
4832 1229 1860 2297 2345 
4833 1117 1276 642 2155 
4834 1583 835 2147 2394 
4835 2398 1800 2497 2525 
4836 2345 1578 1216 1229 
4837 2363 1296 2431 2492 
4838 1012 1027 1124 927 
4839 2106 2196 2285 2477 
4840 2026 1475 2190 2520 
4841 6 1411 1997 360 
4842 2196 2367 2429 2477 
4843 1166 1258 1997 360 
4844 1411 1166 1997 360 
4845 1166 1411 1258 360 
4846 2147 2023 2291 2492 
4847 277 1544 1968 2281 
4848 899 1083 2329 2418 
4849 698 1542 2390 922 
4850 1898 371 376 1876 
4851 1783 1354 394 2447 
4852 738 394 1354 2447 
4853 1229 740 1860 2345 
4854 376 1898 998 1403 
4855 1477 1837 2448 1476 
4856 1704 462 2275 2397 
4857 1673 238 108 1399 
4858 2249 2201 2317 2524 
4859 691 290 2485 2496 
4860 1229 1003 740 2345 
4861 1578 1003 1229 2345 
4862 2293 676 2297 2345 
4863 152 690 711 2422 
4864 1906 1753 2234 1834 
4865 787 929 1251 1525 
4866 1631 1348 1539 2287 
4867 1189 1235 2039 2075 
4868 787 1221 398 1525 
4869 69 78 106 2184 
4870 2103 346 2302 2325 
4871 2020 561 2103 2133 
4872 1280 1124 2298 2347 
4873 775 1173 2083 2486 
4874 943 1027 2411 1025 
4875 1412 1312 1624 2185 
4876 1611 1890 2361 2515 
4877 2025 2174 2250 2478 
4878 1450 1335 1372 2448 
4879 1165 1765 2138 2504 
4880 72 1705 2286 2327 
4881 1239 371 718 2344 
4882 1154 567 2175 1691 
4883 1252 1202 618 2122 
4884 2007 2014 2163 2349 
4885 984 542 1318 2042 
4886 1557 1473 2157 2228 
4887 1854 1773 2119 2350 
4888 1966 470 1073 2392 
4889 769 2057 2265 2421 
4890 2346 1466 2521 2537 
4891 1555 961 1827 2390 
4892 2166 2243 2472 2480 
4893 1709 1414 2012 2164 
4894 1018 2136 2332 2427 
4895 439 484 367 2054 
4896 2104 1273 2116 2300 
4897 2137 1068 2283 2379 
4898 1056 1032 2243 2381 
4899 2278 2226 2322 2425 
4900 1628 1344 1419 2214 
4901 2264 2185 2417 2534 
4902 674 573 777 2044 
4903 2243 2330 2381 2388 
4904 983 682 1255 1413 
4905 1448 1694 2461 2477 
4906 734 953 2256 2441 
4907 1321 1641 1787 2286 
4908 72 2444 2467 2531 
4909 1583 1729 2147 2173 
4910 2266 2003 2427 2528 
4911 2045 2221 2205 2260 
4912 1798 1365 1962 2292 
4913 2417 2219 2440 2534 
4914 1341 1593 2193 2348 
4915 1471 933 1606 2371 
4916 265 450 439 2054 
4917 1072 997 2006 2150 
4918 1209 1652 1347 1349 
4919 1536 1995 2137 2368 
4920 2049 2108 2226 2278 
4921 2109 2258 2335 2484 
4922 2229 2215 2319 2353 
4923 2224 2018 2261 2441 
4924 1213 1150 1211 2082 
4925 2155 180 2240 2250 
4926 131 940 1687 2005 
4927 1638 1541 2000 1461 
4928 252 1980 1567 2005 
4929 2028 2013 2342 2445 
4930 2018 2046 2261 2324 
4931 428 1397 2252 2496 
4932 1778 501 1815 2362 
4933 2309 2249 2478 2527 
4934 246 1821 1490 1385 
4935 749 1571 1614 2491 
4936 2057 1067 2265 2470 
4937 793 1219 1026 2307 
4938 2056 223 2308 2354 
4939 2291 2147 2492 2511 
4940 2098 2026 2424 2460 
4941 1448 1266 2461 1694 
4942 447 378 2224 2473 
4943 2009 868 2027 2407 
4944 2253 2161 2336 2372 
4945 1753 1906 2234 811 
4946 131 1687 1781 2005 
4947 2367 2262 1825 859 
4948 1872 1431 1648 2450 
4949 1618 1500 1793 1682 
4950 1069 1025 2231 2522 
4951 317 278 253 2302 
4952 2051 2391 2433 2458 
4953 1267 1331 302 2337 
4954 2126 1056 2311 2376 
4955 473 90 2119 2246 
4956 1702 1741 2141 2278 
4957 2107 1161 2187 2268 
4958 2309 2027 2249 2009 
4959 868 786 2407 2508 
4960 1022 1175 1224 2283 
4961 2116 2104 2300 2465 
4962 1045 1088 1006 2452 
4963 354 692 1244 1493 
4964 169 87 156 2056 
4965 1260 1482 1994 700 
4966 692 1371 1385 354 
4967 472 626 2144 2512 
4968 1925 1371 127 700 
4969 3 1443 2005 2041 
4970 1733 915 2483 1916 
4971 2080 2186 2238 2476 
4972 1052 75 1807 2109 
4973 1821 354 1490 1385 
4974 1868 909 1298 2109 
4975 1199 1102 1118 2333 
4976 1868 488 1848 2484 
4977 2364 1943 2495 2504 
4978 1212 962 2113 2399 
4979 2261 2018 2324 2380 
4980 1069 2124 2137 2304 
4981 1490 354 1493 1385 
4982 716 961 1529 2390 
4983 763 1355 2276 1048 
4984 540 2096 2321 2405 
4985 2024 1768 2063 2491 
4986 2091 2098 2101 2448 
4987 472 2145 2360 2512 
4988 1698 879 1131 2170 
4989 644 750 731 2181 
4990 1794 741 1161 2159 
4991 1371 692 127 1059 
4992 424 2317 2499 2520 
4993 1792 1398 929 806 
4994 1925 1127 1637 1482 
4995 1060 958 2047 2414 
4996 1127 127 1925 1637 
4997 1670 1669 1783 2282 
4998 1155 1637 1797 906 
4999 1415 1376 1022 2352 
5000 2299 1325 2387 2485 
5001 1663 1847 1216 643 
5002 683 743 2131 2512 
5003 791 889 2088 851 
5004 899 941 1083 2418 
5005 1715 1906 554 654 
5006 1737 1729 2173 2483 
5007 933 1471 1759 2371 
5008 2051 1784 2276 2458 
5009 1022 1226 2257 2352 
5010 904 1027 967 2411 
5011 1122 1204 979 2283 
5012 1945 1438 2244 2412 
5013 837 1609 225 2254 
5014 1408 151 1402 2355 
5015 1925 1482 1637 21 
5016 2214 2257 2352 2466 
5017 1267 302 2065 2337 
5018 773 2316 2387 2485 
5019 1571 556 1768 2491 
5020 1614 1768 2024 2491 
5021 828 2227 2318 2385 
5022 1758 1837 2101 2448 
5023 1564 1713 1562 2148 
5024 2113 719 2275 2390 
5025 446 1176 1957 2446 
5026 1786 521 2351 2356 
5027 911 1155 2303 906 
5028 1991 645 406 2371 
5029 2233 2006 2408 2420 
5030 2149 1039 2333 2389 
5031 2296 2031 2365 2393 
5032 1250 1135 2116 2340 
5033 2104 1101 2333 2340 
5034 2313 2259 2377 2393 
5035 1626 1036 1992 2357 
5036 981 1918 1709 1414 
5037 761 2261 2324 2380 
5038 1085 1067 2189 2470 
5039 1886 1694 1448 2477 
5040 2286 72 2467 2531 
5041 1415 1022 1224 2352 
5042 2117 2229 2301 2353 
5043 1333 431 2159 2487 
5044 1069 1070 2298 2304 
5045 1510 2321 2096 1990 
5046 1837 406 1758 2371 
5047 1007 1070 993 2304 
5048 2072 2035 2209 2427 
5049 2018 1050 2380 2384 
5050 1929 1026 1892 2307 
5051 348 763 894 2254 
5052 964 980 2188 2498 
5053 2197 1036 2357 1992 
5054 1613 1741 1612 2278 
5055 1400 1407 2295 2385 
5056 493 1366 568 2426 
5057 1495 1291 1873 2252 
5058 2063 1768 2241 2491 
5059 1366 820 1810 2426 
5060 706 157 2494 2495 
5061 1057 1751 394 2258 
5062 838 976 958 2144 
5063 950 803 1540 2355 
5064 177 1759 1471 2371 
5065 1471 1785 2098 2460 
5066 964 2188 2490 2498 
5067 1232 676 2293 2346 
5068 2080 645 2228 2371 
5069 409 637 2183 1915 
5070 1799 1815 1073 2392 
5071 1101 2104 2116 2340 
5072 16 28 43 23 
5073 1534 1057 931 2258 
5074 67 122 132 2056 
5075 780 736 2303 2356 
5076 1127 1637 1786 521 
5077 1797 1637 2356 21 
5078 1737 1755 1756 2183 
5079 2063 2086 2123 2458 
5080 966 731 947 2233 
5081 1990 1510 2026 2096 
5082 1862 749 2491 2503 
5083 2243 2330 2376 2381 
5084 2224 2044 2256 2441 
5085 1123 829 2220 2506 
5086 805 839 2081 2329 
5087 120 145 153 2535 
5088 2080 1828 2147 2238 
5089 1850 1725 1955 2446 
5090 2106 2077 2278 2285 
5091 214 245 2314 2455 
5092 1155 1637 2356 1797 
5093 1807 75 1805 2109 
5094 926 969 925 2216 
5095 1174 1590 1607 2273 
5096 1808 2062 2198 2300 
5097 892 908 795 2401 
5098 498 1906 1918 2097 
5099 840 862 747 2136 
5100 1018 2072 2209 2427 
5101 1436 1585 1873 2412 
5102 2035 2072 2168 2194 
5103 849 833 687 2156 
5104 1742 1491 637 2195 
5105 72 1744 1977 2286 
5106 1975 1741 1746 2129 
5107 1044 1022 2257 2352 
5108 2214 2037 2283 2352 
5109 1920 1274 2191 2383 
5110 2203 2055 2342 2357 
5111 1672 494 56 540 
5112 1797 1155 2303 2356 
5113 1693 567 566 2207 
5114 2021 2152 2397 2423 
5115 488 1534 931 2484 
5116 1070 1109 2298 2304 
5117 1228 2037 2298 2304 
5118 1209 470 1667 2392 
5119 1042 1309 1337 2194 
5120 1637 1155 2356 521 
5121 2147 2073 2173 2483 
5122 1615 1322 2286 2327 
5123 1669 65 1969 2282 
5124 1224 1175 1718 2283 
5125 849 687 731 2233 
5126 190 1037 1969 2282 
5127 2095 2133 2370 2374 
5128 563 801 759 2247 
5129 1122 1069 2137 2304 
5130 984 418 2042 2285 
5131 1330 1055 1797 282 
5132 190 1969 1184 2282 
5133 637 1832 1808 2195 
5134 1202 2400 2122 1252 
5135 925 969 964 2216 
5136 2037 1007 2283 2304 
5137 1788 1647 843 2206 
5138 2037 2191 2298 2304 
5139 2169 2185 2266 2470 
5140 1745 1664 268 2404 
5141 1296 1293 1271 2492 
5142 1462 1544 1638 2281 
5143 157 987 1862 2494 
5144 2145 2330 2388 2512 
5145 2080 2023 2147 2492 
5146 806 237 1398 2305 
5147 1070 1069 993 2304 
5148 887 769 2057 2265 
5149 1401 1500 1469 2300 
5150 2023 2073 2083 2120 
5151 1214 1076 1380 932 
5152 2036 2067 2117 2264 
5153 946 964 969 2490 
5154 244 710 931 2138 
5155 2162 2080 2238 2476 
5156 991 140 590 2400 
5157 1697 1634 1812 2362 
5158 930 1071 953 2380 
5159 1534 488 1047 2484 
5160 1076 1214 760 932 
5161 918 1923 1553 1208 
5162 2217 1126 2239 2459 
5163 1260 1533 628 1994 
5164 793 334 277 2307 
5165 877 724 880 2408 
5166 1109 1344 1228 2304 
5167 1055 1330 1797 1512 
5168 929 514 1082 2305 
5169 2081 2009 2105 2407 
5170 2017 2150 2245 2255 
5171 1043 2081 2105 2407 
5172 2313 1706 2377 2494 
5173 1007 993 2283 2304 
5174 2143 2053 2210 2467 
5175 1155 678 2303 2356 
5176 1186 1358 2351 2356 
5177 1122 2137 2283 2304 
5178 648 1082 514 2305 
5179 1971 2248 2049 1970 
5180 21 282 2351 2356 
5181 1109 1228 2298 2304 
5182 2124 1069 2298 2304 
5183 1226 1376 2257 2352 
5184 1198 1554 2123 2254 
5185 1765 1103 1943 2364 
5186 2209 2418 2526 2527 
5187 1224 1022 2283 2352 
5188 1228 1344 2037 2304 
5189 2202 2076 2338 2414 
5190 953 734 777 2441 
5191 2117 2154 2215 2353 
5192 2154 2117 2264 2353 
5193 1602 1376 1415 2352 
5194 1178 1602 1418 2352 
5195 1412 1085 2189 2470 
5196 1044 2257 2283 2352 
5197 1022 1376 1226 2352 
5198 1376 1178 2257 2352 
5199 736 1260 2351 628 
5200 2264 2117 2301 2353 
5201 2215 2134 2219 2353 
5202 1178 1418 2257 2352 
5203 520 1875 525 2442 
5204 1116 1102 2104 2333 
5205 516 1505 2271 2496 
5206 1925 1340 1482 700 
5207 2098 2204 2208 2424 
5208 2059 2206 2387 2416 
5209 1246 1925 127 700 
5210 733 521 1358 2356 
5211 724 877 705 2408 
5212 1925 1246 1340 700 
5213 1340 1246 1482 700 
5214 1482 1246 1994 700 
5215 438 1371 1994 700 
5216 1246 438 1994 700 
5217 1371 1244 127 700 
5218 1244 1371 438 700 
5219 127 1244 438 700 
5220 1246 127 438 700 
5221 1518 579 2113 2362 
5222 1660 1839 2268 2403 
5223 759 677 908 2480 
5224 1873 2165 2252 2412 
5225 1178 2257 2420 2452 
5226 2078 2052 2431 2450 
5227 1945 1790 2160 2170 
5228 2259 2296 2365 2393 
5229 334 2000 277 2307 
5230 295 248 2535 2536 
5231 2223 1917 2299 2496 
5232 828 1665 1817 2318 
5233 1602 1418 2352 2505 
5234 1788 1338 2100 2206 
5235 2058 2030 2353 2440 
5236 862 842 844 2127 
5237 2100 2019 2140 2359 
5238 1754 41 2111 2359 
5239 2293 2313 2345 2393 
5240 152 3 550 2422 
5241 2029 2159 2187 2530 
5242 816 1016 2276 2457 
5243 1585 1523 2010 2412 
5244 981 938 2234 1714 
5245 664 548 2095 2325 
5246 1148 1058 2039 2288 
5247 1890 1964 2361 2515 
5248 966 1088 2312 2452 
5249 1957 1176 1035 2128 
5250 1033 1079 1034 2126 
5251 1292 1053 1865 2155 
5252 744 1711 13 2141 
5253 1989 895 281 2372 
5254 685 816 2301 2391 
5255 1714 981 2012 2234 
5256 2311 2050 2472 2523 
5257 2183 1915 2195 2238 
5258 101 1167 1173 2289 
5259 580 570 377 2256 
5260 1644 347 1746 2077 
5261 1742 2062 2094 2204 
5262 1542 922 1827 2390 
5263 350 359 2232 2302 
5264 1787 1641 2210 2286 
5265 1173 101 2289 2486 
5266 1714 1918 981 1414 
5267 1257 2214 2408 2420 
5268 2299 691 290 2485 
5269 41 2100 2206 2359 
5270 1704 1561 462 2397 
5271 2252 1291 1436 2412 
5272 205 223 2056 2354 
5273 1583 1719 1915 2238 
5274 1631 480 2391 2457 
5275 2092 1053 2502 1191 
5276 1210 1553 1890 2361 
5277 2103 2142 2274 2314 
5278 1087 1226 2257 2482 
5279 1230 1125 1030 2408 
5280 2034 1167 2289 2486 
5281 1001 1099 1150 2082 
5282 404 2068 486 2270 
5283 1329 172 1323 2542 
5284 439 450 2046 2054 
5285 681 217 2457 1016 
5286 1182 1830 2132 2402 
5287 1723 1198 2123 2413 
5288 1519 1697 1459 1778 
5289 841 1247 2021 1855 
5290 2316 2299 2387 2485 
5291 2198 2062 2204 2465 
5292 1128 918 1553 1208 
5293 2071 2066 2343 2400 
5294 1528 1588 2511 1752 
5295 1750 1828 1588 1752 
5296 1899 566 2207 1974 
5297 1539 1631 2391 2457 
5298 110 94 2064 2192 
5299 1664 1427 2125 2515 
5300 516 2172 2252 2496 
5301 1753 1664 2125 2404 
5302 2031 2085 2524 2542 
5303 846 858 1384 2290 
5304 2297 2293 2345 2393 
5305 205 113 118 2056 
5306 1295 2161 2252 2489 
5307 2043 596 2146 2255 
5308 863 1067 2528 2529 
5309 158 1777 1338 2416 
5310 1106 1652 1542 1827 
5311 923 1530 1757 2359 
5312 2106 2077 2196 2278 
5313 1311 1275 2432 2516 
5314 1878 1710 1877 2486 
5315 1456 2050 2415 2523 
5316 1797 282 21 2356 
5317 238 1673 108 2089 
5318 373 1848 2484 1868 
5319 2086 1645 117 2250 
5320 349 293 440 2302 
5321 224 223 259 2139 
5322 1667 501 2392 1815 
5323 1603 1468 1325 2299 
5324 1593 555 2193 2348 
5325 472 496 2131 2360 
5326 1306 1478 1801 2151 
5327 1338 41 2206 2387 
5328 70 84 2184 2211 
5329 1358 521 1786 2356 
5330 1799 266 2362 2392 
5331 1472 108 2089 2410 
5332 1797 1330 2356 2303 
5333 1211 1150 1099 2082 
5334 2172 1495 2252 2489 
5335 525 2316 2336 2372 
5336 1264 1234 1488 2126 
5337 1630 1771 1485 2311 
5338 37 76 68 2064 
5339 788 715 2265 2421 
5340 955 1897 2048 2180 
5341 1760 1762 1275 2516 
5342 678 1155 733 2356 
5343 1249 1451 1304 2300 
5344 2111 808 2316 2387 
5345 2313 1706 2503 2537 
5346 1523 1324 2010 2160 
5347 1319 1764 2063 2276 
5348 2210 1787 2286 2531 
5349 1248 1531 1372 2198 
5350 1469 1556 1401 2300 
5351 920 1983 2395 2487 
5352 656 766 2509 2538 
5353 1725 1922 1280 2347 
5354 1664 1753 1834 2404 
5355 741 1794 298 2159 
5356 2541 955 891 945 
5357 1423 1488 2126 2236 
5358 725 1154 2152 2423 
5359 1631 2287 2391 2471 
5360 1890 1964 434 2361 
5361 1456 1922 2212 2347 
5362 162 103 145 153 
5363 1616 1140 1944 2052 
5364 2227 2176 2385 2481 
5365 607 491 604 2022 
5366 359 369 472 2302 
5367 1813 1893 1735 1667 
5368 1861 1864 1927 2362 
5369 1811 1351 1424 2382 
5370 2403 2035 2427 2478 
5371 498 1687 2097 2290 
5372 2097 2008 2143 2320 
5373 1766 1343 2221 2260 
5374 2222 2051 2433 2458 
5375 1128 1208 1470 579 
5376 1489 348 1203 2254 
5377 2266 2403 2427 2478 
5378 2134 2032 2216 2417 
5379 878 907 908 2247 
5380 2085 955 2541 2542 
5381 228 248 145 2535 
5382 2345 2313 2377 2393 
5383 1025 1159 2231 2411 
5384 1079 1033 1264 2126 
5385 309 2090 2200 2386 
5386 2293 2110 2296 2393 
5387 1697 1519 1362 1778 
5388 822 1315 1313 2118 
5389 1500 1682 1469 2300 
5390 2124 2231 2284 2522 
5391 707 2036 2193 2348 
5392 2061 914 2065 2337 
5393 1041 1118 1039 2389 
5394 659 735 2133 2158 
5395 2020 561 2133 2454 
5396 1281 2311 2472 2523 
5397 1210 427 722 918 
5398 1372 1531 1450 2198 
5399 2026 1809 2520 2539 
5400 1448 1283 612 2477 
5401 640 884 916 2146 
5402 2095 548 2103 2325 
5403 96 138 2167 2177 
5404 1568 2040 2168 2434 
5405 423 1784 1764 2276 
5406 647 1608 326 1165 
5407 2106 2262 2367 2477 
5408 1816 891 2085 2180 
5409 1548 1640 1641 2210 
5410 478 2114 2494 2495 
5411 1839 1479 2268 2403 
5412 41 587 2100 2359 
5413 257 224 2139 2308 
5414 2201 2190 2499 2520 
5415 1349 240 174 1931 
5416 722 427 421 918 
5417 2048 2231 2368 2432 
5418 2019 2040 2107 2434 
5419 1209 1652 1349 1827 
5420 421 698 435 1845 
5421 698 421 435 391 
5422 383 455 2533 2535 
5423 823 813 1394 2321 
5424 1518 579 1927 178 
5425 226 450 2054 2224 
5426 2018 2256 2380 2441 
5427 1349 240 1931 1963 
5428 1014 857 2215 2419 
5429 1182 2172 2271 2474 
5430 1495 1295 2252 2489 
5431 1608 1165 2084 2114 
5432 994 1572 660 2240 
5433 2284 2231 2435 2522 
5434 2148 2040 2306 2359 
5435 2009 868 2127 2309 
5436 2230 2259 2296 2365 
5437 1803 93 2499 2525 
5438 1205 1536 2137 2231 
5439 543 588 2068 2144 
5440 1747 1980 2005 2143 
5441 1143 444 1142 2223 
5442 2012 2152 2175 2235 
5443 435 434 1664 1964 
5444 722 1210 918 1923 
5445 1553 1128 1208 1470 
5446 1927 1634 1861 2362 
5447 917 783 2507 2512 
5448 862 1018 2136 840 
5449 1438 1945 2160 2412 
5450 2285 2196 2429 2477 
5451 221 220 294 2177 
5452 1812 1634 501 2362 
5453 462 1561 2275 2397 
5454 1209 1667 351 1347 
5455 2201 2026 2520 2524 
5456 551 272 2041 2422 
5457 2019 2062 2094 2178 
5458 2107 2100 2263 2359 
5459 1368 2024 1621 1171 
5460 1597 1803 2378 2525 
5461 507 548 2133 2370 
5462 1035 670 1566 2128 
5463 1325 773 2387 2485 
5464 1475 1767 424 2520 
5465 346 2145 2302 2325 
5466 149 161 201 2192 
5467 2019 2040 2148 2359 
5468 1591 1596 2083 2428 
5469 1572 1703 994 774 
5470 2342 2301 2391 2471 
5471 2027 1159 2231 2251 
5472 1943 400 2024 2495 
5473 2094 2066 2122 2400 
5474 1845 462 2358 2515 
5475 2076 2058 2319 2454 
5476 961 1207 1827 1835 
5477 859 1825 143 2262 
5478 1895 2152 1094 437 
5479 1235 1148 2039 2287 
5480 1005 1508 2236 2350 
5481 923 1757 1754 2359 
5482 1508 2013 2236 2350 
5483 1232 1589 1254 676 
5484 2035 2072 2194 2427 
5485 1381 1151 1285 1132 
5486 1680 1438 1681 2244 
5487 1861 1864 579 1927 
5488 665 1576 2153 2393 
5489 1652 1106 1542 1209 
5490 2070 1049 2130 2153 
5491 175 2107 2263 2359 
5492 987 1685 2377 2494 
5493 1415 1842 2037 2379 
5494 963 1192 754 970 
5495 501 1459 1815 1696 
5496 1050 836 2220 2384 
5497 556 830 2491 2503 
5498 976 1034 1099 2082 
5499 1520 1892 1377 2281 
5500 1977 72 2286 2531 
5501 2115 2030 2440 2451 
5502 462 2275 2358 2515 
5503 777 580 2044 2441 
5504 2219 2134 2417 2440 
5505 1042 1018 1004 2528 
5506 1459 1697 1812 1778 
5507 2378 1803 2499 2525 
5508 2085 665 2153 2393 
5509 1542 1652 1209 1827 
5510 270 429 283 323 
5511 326 647 478 558 
5512 1532 1098 1529 2423 
5513 2107 2168 2187 2530 
5514 1268 1271 2078 1269 
5515 1865 1053 1117 2155 
5516 1614 1571 1768 2491 
5517 2330 2144 2507 2512 
5518 1675 1736 2106 2322 
5519 1813 1893 1667 240 
5520 1459 1812 1696 501 
5521 1106 1542 922 1827 
5522 936 1058 1282 2288 
5523 1364 1785 1172 2460 
5524 1857 1459 1815 1667 
5525 1459 1812 501 1778 
5526 1857 1459 1696 1815 
5527 1902 1449 1870 2409 
5528 1565 665 2085 2393 
5529 1517 1857 1459 1696 
5530 1296 1446 2157 2363 
5531 1653 1299 2289 2363 
5532 1697 1519 1459 1812 
5533 836 721 2220 2469 
5534 1366 1636 2457 2510 
5535 1344 968 1010 2466 
5536 1446 1557 2157 2363 
5537 1812 1927 1634 1861 
5538 431 1161 2159 2487 
5539 489 1063 2008 2531 
5540 866 1261 2280 2517 
5541 1829 1948 1875 2442 
5542 2120 2080 2173 2315 
5543 168 243 2001 191 
5544 2118 2083 2157 2228 
5545 2190 93 2398 2525 
5546 424 2516 2432 1762 
5547 1860 1565 2110 2393 
5548 2450 2291 2492 2511 
5549 1857 1696 501 1815 
5550 1927 1634 2362 501 
5551 1238 1575 1352 1241 
5552 2230 2293 2296 2393 
5553 52 50 28 2064 
5554 2011 2149 2151 2340 
5555 446 810 316 2446 
5556 2098 2091 2190 2497 
5557 1388 1430 1322 2327 
5558 2269 2208 2424 2460 
5559 290 2252 2485 2496 
5560 478 559 647 2114 
5561 326 1608 2084 2114 
5562 491 604 557 535 
5563 2251 1311 2368 2432 
5564 1296 1303 1446 2363 
5565 2231 2251 2368 2432 
5566 2095 2103 2145 2325 
5567 379 396 2142 2366 
5568 2117 2036 2264 2301 
5569 1250 1137 2340 1306 
5570 1831 1985 2213 1947 
5571 1436 1291 1434 2412 
5572 1051 854 2239 2462 
5573 2051 2013 2109 2365 
5574 2127 2329 2418 2526 
5575 1873 1981 2165 2367 
5576 2427 2209 2526 2527 
5577 137 185 228 120 
5578 300 237 727 2248 
5579 2161 1295 2252 2412 
5580 1049 190 2130 495 
5581 1056 1234 1033 2126 
5582 75 2013 2197 2203 
5583 1591 804 1749 2428 
5584 1608 326 1165 2114 
5585 1611 1212 2275 2399 
5586 1798 1969 65 2237 
5587 547 1784 1605 2222 
5588 2109 909 2222 2484 
5589 484 623 549 2261 
5590 2003 2057 2265 2470 
5591 1518 178 1128 2399 
5592 626 543 472 2144 
5593 1556 1447 1401 2300 
5594 2275 1611 2399 2515 
5595 772 1716 681 2051 
5596 721 607 604 2022 
5597 1143 444 2223 2474 
5598 1863 334 1929 2307 
5599 1767 1323 2539 2541 
5600 2045 2032 2216 2217 
5601 143 1979 11 2262 
5602 2309 2030 2451 2478 
5603 62 82 73 2056 
5604 326 1608 688 2084 
5605 1065 1083 1410 2331 
5606 1248 1372 1196 2116 
5607 949 1453 2097 2320 
5608 2098 2208 2273 2460 
5609 2030 2264 2451 2478 
5610 253 215 2103 2455 
5611 263 184 221 207 
5612 603 557 532 2022 
5613 345 523 365 2325 
5614 664 2095 2145 2325 
5615 380 1302 2178 2242 
5616 1058 986 1189 2039 
5617 1892 1026 1820 2307 
5618 871 903 2057 2417 
5619 1704 1845 1745 2515 
5620 334 1908 1026 2307 
5621 2230 2259 2313 2393 
5622 560 663 2156 2408 
5623 1154 1098 2152 2423 
5624 2103 253 2171 2302 
5625 1318 668 950 2108 
5626 302 1600 1952 2065 
5627 752 2115 2158 2339 
5628 1119 1004 2332 2528 
5629 1245 1434 1270 2412 
5630 2168 2019 2187 2530 
5631 398 585 806 2089 
5632 58 2065 2337 2169 
5633 940 272 2005 131 
5634 803 648 151 2305 
5635 1096 719 1154 2423 
5636 749 556 2491 2503 
5637 2139 213 2308 2354 
5638 2041 2005 2052 2444 
5639 1443 1140 142 2444 
5640 1182 2132 2172 2402 
5641 581 584 2281 2307 
5642 2166 2243 2311 2472 
5643 878 1320 2247 2472 
5644 1055 911 590 2303 
5645 1878 775 2083 2486 
5646 2050 1456 2212 2523 
5647 70 80 126 2211 
5648 2115 2158 2374 2480 
5649 1906 1918 2012 2234 
5650 1992 1036 1643 2197 
5651 1660 1622 2194 2434 
5652 1936 1708 2152 2235 
5653 1444 1265 1091 2323 
5654 2088 2181 2233 2482 
5655 2049 1971 2102 2141 
5656 1980 256 1872 363 
5657 2082 2047 2199 2468 
5658 1076 965 1380 2321 
5659 231 480 1631 2457 
5660 2262 2226 2425 2461 
5661 1593 1341 669 2310 
5662 377 397 580 2256 
5663 350 303 2232 386 
5664 785 745 900 2407 
5665 2275 1704 2397 2515 
5666 859 1981 1825 2367 
5667 2097 2005 2143 2290 
5668 632 633 578 2270 
5669 2021 981 2012 841 
5670 348 1489 2193 2254 
5671 293 317 346 2302 
5672 2083 2023 2118 2157 
5673 201 212 141 2007 
5674 1913 18 569 2253 
5675 2119 1508 2350 2493 
5676 2101 1450 2186 2448 
5677 551 550 272 2422 
5678 811 1753 1714 2234 
5679 2332 1018 2427 2528 
5680 231 820 480 2457 
5681 858 1687 2290 252 
5682 624 1156 2165 2252 
5683 878 972 907 2247 
5684 1213 2047 2082 2468 
5685 18 1325 1464 2253 
5686 1019 963 914 2310 
5687 868 786 748 2407 
5688 667 623 2046 2261 
5689 522 491 607 2469 
5690 298 329 2159 2187 
5691 1339 1599 165 2266 
5692 2150 824 2255 2373 
5693 297 183 1880 2107 
5694 1710 1442 2486 1557 
5695 860 986 2338 2509 
5696 1650 1616 2052 2078 
5697 1645 2086 117 1651 
5698 831 2339 2440 2451 
5699 58 2065 302 2337 
5700 663 560 724 2408 
5701 1282 1348 1514 2471 
5702 919 862 1018 2526 
5703 543 626 588 2144 
5704 1593 1297 2348 2518 
5705 938 981 2234 1855 
5706 583 413 2156 2181 
5707 1156 1524 2165 2252 
5708 1643 75 1298 2197 
5709 1825 1873 1585 2367 
5710 2222 1171 1368 957 
5711 272 550 3 2422 
5712 225 1764 1319 2254 
5713 2296 2063 2365 2433 
5714 2009 2027 2105 2407 
5715 606 428 1397 2252 
5716 1889 2036 2117 2301 
5717 1539 1631 2342 2391 
5718 883 2541 891 945 
5719 716 470 961 2392 
5720 496 575 655 2131 
5721 106 100 83 2014 
5722 152 1904 3 2422 
5723 1549 1547 1551 2501 
5724 941 899 919 2209 
5725 885 696 916 2146 
5726 1637 1127 1786 2351 
5727 1536 1311 1995 2368 
5728 1709 1974 2164 119 
5729 903 925 2188 2417 
5730 1064 176 1487 2120 
5731 1567 1781 2291 2394 
5732 2036 2301 2391 2458 
5733 1046 555 707 2348 
5734 1618 1500 1682 1469 
5735 1981 1873 1825 2367 
5736 1524 150 755 2252 
5737 48 50 64 2064 
5738 2020 2103 2171 2302 
5739 1819 1701 2049 2322 
5740 1799 1073 716 2392 
5741 1781 835 131 551 
5742 928 1145 2419 1014 
5743 1468 24 1917 2223 
5744 1328 2223 2140 1143 
5745 1868 373 2222 2484 
5746 1833 1354 531 2447 
5747 2004 1091 2305 2323 
5748 145 260 162 2535 
5749 1741 13 2141 2278 
5750 1023 1171 547 2024 
5751 724 560 2038 2408 
5752 2086 2079 2264 2478 
5753 1397 1690 516 2496 
5754 2074 1548 2210 2430 
5755 533 468 413 2181 
5756 958 726 838 2144 
5757 898 1083 2329 899 
5758 803 1091 648 2305 
5759 225 2063 837 2254 
5760 1539 1728 1810 2475 
5761 1809 2026 2179 2539 
5762 1729 2147 2173 2483 
5763 1958 1108 1402 2102 
5764 2070 2050 2212 2463 
5765 914 1267 2065 2337 
5766 2018 2022 2384 2453 
5767 870 1567 2291 2394 
5768 2076 986 2338 2414 
5769 1962 1365 1508 2292 
5770 654 1834 1906 2234 
5771 1741 1613 1584 2129 
5772 1167 1173 2289 2486 
5773 1926 1036 1856 1961 
5774 213 179 2308 2354 
5775 1771 2050 2311 2415 
5776 790 812 2339 831 
5777 1675 1940 1736 2322 
5778 1333 2159 2280 2487 
5779 2106 143 1979 2501 
5780 1622 1660 1568 2434 
5781 1096 725 2021 2423 
5782 2044 397 2224 2256 
5783 2172 2059 2252 2485 
5784 1978 1642 1589 2521 
5785 2098 177 2371 2497 
5786 2017 436 2043 2245 
5787 725 567 2012 2175 
5788 1622 2168 2194 2434 
5789 2006 560 2017 2156 
5790 126 125 84 2211 
5791 1886 1698 2170 2429 
5792 1810 231 1539 2475 
5793 865 1009 2263 2395 
5794 1723 1554 1609 2254 
5795 2114 1165 2138 2504 
5796 1213 1190 2047 2468 
5797 2282 737 1798 2335 
5798 1415 1842 1602 2383 
5799 2062 1742 2178 2198 
5800 1529 1207 2275 2390 
5801 1420 740 1910 2377 
5802 523 479 365 2325 
5803 1644 1522 1790 2160 
5804 1643 1036 219 2197 
5805 2011 2149 2333 2389 
5806 1655 1683 1796 1832 
5807 2179 2520 2524 2539 
5808 2096 1076 2321 2481 
5809 1308 316 2070 2212 
5810 1290 1438 1465 2160 
5811 1168 1395 909 2197 
5812 1697 1519 1812 1151 
5813 1683 1828 1528 1796 
5814 2099 2069 2227 2481 
5815 1198 963 342 2123 
5816 689 833 971 2150 
5817 1161 1794 2159 2187 
5818 1142 1914 24 2223 
5819 2015 2277 2279 2317 
5820 647 1165 2114 2504 
5821 725 2021 2152 2175 
5822 1863 2000 334 2307 
5823 1509 1793 1447 2300 
5824 1665 1817 2318 2502 
5825 825 41 459 2111 
5826 310 669 2061 2518 
5827 2149 2015 2334 2418 
5828 1456 1378 2464 2523 
5829 1694 1886 2367 2477 
5830 2035 2015 2149 2209 
5831 1837 1477 2448 1758 
5832 576 671 658 2131 
5833 1476 1477 1406 2101 
5834 494 540 823 2321 
5835 205 259 2139 2314 
5836 1212 719 2275 2399 
5837 117 2086 2250 1192 
5838 629 1182 2242 2402 
5839 2174 2069 2176 2318 
5840 1030 1257 1230 2408 
5841 2204 2162 2208 2213 
5842 1161 1660 183 297 
5843 1554 1723 1198 2123 
5844 1032 610 2388 956 
5845 1638 1998 2281 2307 
5846 1174 2273 176 1620 
5847 943 1043 1021 2411 
5848 1286 1550 1441 2540 
5849 2057 903 2188 2417 
5850 715 769 2265 2421 
5851 2080 2023 2118 2120 
5852 969 964 2216 2490 
5853 38 44 34 2184 
5854 660 1117 180 2155 
5855 2072 2011 2104 2389 
5856 1854 1962 1005 2119 
5857 2048 2112 2284 2435 
5858 2081 2009 2407 2508 
5859 918 1128 1553 2361 
5860 1960 234 1811 2357 
5861 2045 2061 2217 2326 
5862 533 413 583 2181 
5863 1789 2093 2143 2467 
5864 720 1985 1577 713 
5865 892 967 927 2401 
5866 1297 1593 1289 2518 
5867 1512 590 452 1985 
5868 416 439 450 2046 
5869 1273 1249 1115 2116 
5870 444 1143 1822 2474 
5871 2000 1734 1998 2307 
5872 642 985 2155 2174 
5873 636 507 2133 2370 
5874 2016 2287 2338 2471 
5875 2061 2310 2449 2518 
5876 2231 2048 2284 2435 
5877 1642 1706 2377 2521 
5878 885 916 2017 2146 
5879 256 764 1903 1719 
5880 2024 1614 2491 2495 
5881 1000 1889 730 2067 
5882 1667 240 1659 1347 
5883 2279 2251 2432 2516 
5884 1304 1218 1152 2116 
5885 745 805 2081 2329 
5886 1773 1692 2119 2350 
5887 1644 1463 2010 2077 
5888 840 1018 2136 2332 
5889 2121 1940 2322 2425 
5890 1985 1831 2213 552 
5891 2071 1791 2395 1788 
5892 780 1988 1186 2356 
5893 1789 1747 1901 2143 
5894 2017 2043 2146 2245 
5895 1210 427 918 2361 
5896 1848 710 1031 2138 
5897 311 720 1491 1985 
5898 1769 1867 1329 2542 
5899 1886 2285 2429 2477 
5900 1533 1260 1772 2351 
5901 2037 1415 2352 2383 
5902 1768 1738 1614 2024 
5903 36 74 43 2064 
5904 447 314 212 2224 
5905 925 926 2216 2419 
5906 1941 1171 1943 2024 
5907 645 1853 2118 2228 
5908 641 538 526 2272 
5909 576 472 496 2131 
5910 2225 2020 2272 2538 
5911 520 1921 770 2253 
5912 565 598 2456 309 
5913 2085 2048 2180 2542 
5914 1989 281 1912 2372 
5915 525 808 802 2372 
5916 1673 1525 1472 2410 
5917 1248 1682 2198 2300 
5918 764 1828 1796 2238 
5919 1510 1767 2179 56 
5920 805 746 2329 2508 
5921 760 598 605 797 
5922 2190 1475 2499 2520 
5923 955 188 1329 2542 
5924 1419 1628 2037 2191 
5925 1369 1656 1499 2161 
5926 1162 1680 370 2244 
5927 2161 1369 2489 2513 
5928 2165 2010 2170 2514 
5929 2256 953 2380 2441 
5930 1935 843 1647 2206 
5931 1774 2086 2250 2337 
5932 370 2244 2336 2514 
5933 902 968 2283 2466 
5934 311 720 1985 1577 
5935 2090 452 2213 2386 
5936 750 1006 2233 2482 
5937 1028 1071 930 2384 
5938 2168 2035 2187 2201 
5939 256 1872 363 2291 
5940 797 932 2269 2456 
5941 1867 945 955 2542 
5942 2165 606 2170 2367 
5943 56 665 1951 2085 
5944 2028 2199 2203 2236 
5945 2176 2025 2296 2405 
5946 993 1122 2283 2304 
5947 991 590 1512 1985 
5948 2167 96 2177 2211 
5949 277 2000 1937 2307 
5950 1524 1981 2165 1984 
5951 1550 1286 2241 2540 
5952 1328 1142 2223 1143 
5953 108 1265 2323 2410 
5954 1359 1695 2033 2281 
5955 2049 744 2108 2141 
5956 982 13 2108 2141 
5957 1817 1949 1232 2502 
5958 2099 2029 2159 2187 
5959 2096 2069 2135 2481 
5960 235 222 2001 2436 
5961 980 946 2294 2498 
5962 424 1475 2190 2398 
5963 1409 1112 601 2175 
5964 183 1360 865 2263 
5965 991 311 1985 1577 
5966 1889 730 2036 2301 
5967 1152 1249 1304 2116 
5968 125 126 207 2211 
5969 2167 2177 184 2211 
5970 1478 1801 2151 2497 
5971 793 581 1219 2307 
5972 1442 2157 2363 2486 
5973 2067 2117 2264 2449 
5974 734 953 872 2256 
5975 1578 1003 2345 2521 
5976 1704 1745 2404 2515 
5977 1124 1069 1070 2298 
5978 1984 1182 1495 2172 
5979 2077 2129 2285 2429 
5980 1464 1325 2299 2485 
5981 381 274 2163 288 
5982 285 381 2044 2163 
5983 861 976 838 2144 
5984 2159 329 2174 2187 
5985 1945 1438 1680 2244 
5986 43 94 76 2064 
5987 1789 1872 2450 1431 
5988 2289 1653 2363 2486 
5989 690 550 551 2422 
5990 924 904 967 2411 
5991 868 2115 2309 2435 
5992 219 330 1206 2203 
5993 1076 2096 2135 2481 
5994 1692 1773 1854 2350 
5995 1813 1517 1735 1632 
5996 1970 817 289 2248 
5997 818 790 796 2219 
5998 1729 1139 2173 1583 
5999 564 662 2150 2245 
6000 662 414 506 2245 
6001 548 2103 2325 2366 
6002 506 572 2156 468 
6003 2006 560 2156 2408 
6004 1971 2248 1819 2049 
6005 427 421 918 2361 
6006 1825 1585 2010 2367 
6007 1325 2253 2316 2485 
6008 1083 941 2334 2418 
6009 941 899 2209 2418 
6010 2000 1863 1734 2307 
6011 2169 1624 2185 2470 
6012 135 846 1974 2164 
6013 2013 2119 2350 2493 
6014 1309 2266 2427 2528 
6015 2070 2031 2153 2328 
6016 1974 119 566 2207 
6017 1301 1295 2489 2513 
6018 2010 347 2077 2429 
6019 1940 2121 2248 727 
6020 1507 1563 2148 1558 
6021 363 1796 764 1828 
6022 808 281 459 2111 
6023 2031 2048 2085 2542 
6024 1534 1047 2258 2484 
6025 96 69 2177 2211 
6026 435 1745 1845 2515 
6027 183 2434 2107 297 
6028 334 793 1908 2307 
6029 293 349 317 2302 
6030 2059 2172 2299 2485 
6031 690 152 711 703 
6032 915 1733 2483 1761 
6033 1584 1613 2077 2129 
6034 2161 2132 2172 2489 
6035 1943 1357 1765 2364 
6036 516 1524 755 2252 
6037 1047 2109 2484 488 
6038 68 50 52 2064 
6039 1020 1774 2250 2337 
6040 1258 921 1239 2344 
6041 1408 744 2108 2355 
6042 2008 411 2053 2320 
6043 830 1550 556 2540 
6044 1949 1191 1466 2540 
6045 419 233 2171 2272 
6046 303 233 208 2171 
6047 643 198 989 1279 
6048 2087 629 2242 2402 
6049 1970 289 1818 2248 
6050 518 614 445 2453 
6051 718 1700 1239 2344 
6052 2063 2230 2296 2365 
6053 2162 1064 2173 2315 
6054 605 760 797 2456 
6055 215 203 287 2354 
6056 1392 2244 1294 1438 
6057 2150 630 2245 2255 
6058 1989 2111 2372 2488 
6059 1659 351 174 1931 
6060 1374 531 2153 2267 
6061 2024 2222 2433 2458 
6062 1684 1302 2242 2474 
6063 1877 1653 1878 2486 
6064 2006 2017 2150 2156 
6065 1812 501 1778 2362 
6066 1660 1161 183 2268 
6067 1653 1442 1299 2363 
6068 1489 2123 2193 2254 
6069 1076 1380 932 2321 
6070 2089 2004 2248 2305 
6071 1345 1259 2312 2373 
6072 2092 2230 2293 2296 
6073 944 1076 2227 2481 
6074 2051 948 2197 2426 
6075 903 871 925 2417 
6076 1937 1638 2281 2307 
6077 2053 2008 2210 2531 
6078 2258 2328 2365 2493 
6079 1906 654 2234 2341 
6080 175 410 2107 2306 
6081 1351 1060 2047 2414 
6082 1734 1695 1731 2307 
6083 1781 551 2041 2394 
6084 1538 1126 2217 2459 
6085 1768 1153 2024 2063 
6086 2115 868 2401 2435 
6087 2050 2311 2472 2479 
6088 1069 1124 2124 2298 
6089 730 1887 2067 707 
6090 2239 2045 2294 2490 
6091 2068 404 486 474 
6092 1048 1956 1046 2036 
6093 1855 938 1569 2125 
6094 1451 1249 1273 2300 
6095 2165 2252 2412 2514 
6096 1737 1064 1756 901 
6097 901 915 1916 2483 
6098 764 395 1915 2238 
6099 900 1066 1310 2081 
6100 2220 704 2506 2532 
6101 2365 2024 2491 2495 
6102 724 560 2017 2038 
6103 2186 2204 2238 2476 
6104 2204 2162 2238 2476 
6105 1729 1916 1300 2394 
6106 1839 1840 2266 2403 
6107 956 1032 2381 2388 
6108 1154 725 2152 2175 
6109 1472 1525 1078 2410 
6110 1917 691 2299 2496 
6111 2159 1161 2187 2487 
6112 402 358 425 2438 
6113 590 452 1985 2400 
6114 900 1066 2081 2331 
6115 1872 1648 1750 2450 
6116 671 544 658 2131 
6117 2311 2166 2350 2376 
6118 1209 1349 174 1827 
6119 1615 1646 1494 2327 
6120 775 1596 42 2083 
6121 2091 2151 2378 2497 
6122 1784 547 1481 2024 
6123 469 511 2043 2245 
6124 765 1904 2034 2052 
6125 128 184 85 2167 
6126 681 1016 2051 2276 
6127 1398 1968 1967 2281 
6128 2073 2083 2120 2428 
6129 1341 1489 2123 2193 
6130 2023 2052 2291 2431 
6131 1901 1548 1789 2074 
6132 690 551 1300 2394 
6133 2080 1474 2101 2228 
6134 2226 2106 2262 2425 
6135 633 485 578 2270 
6136 1704 462 1845 2515 
6137 2068 472 2145 2232 
6138 682 727 2121 2425 
6139 2092 2155 2318 2502 
6140 163 106 2014 2177 
6141 1772 1260 628 2351 
6142 1053 1824 2318 2502 
6143 1065 839 1083 2081 
6144 640 916 695 696 
6145 1719 1583 2147 2238 
6146 1159 1311 2231 2251 
6147 171 105 73 2056 
6148 2281 1610 1858 2033 
6149 473 1456 1770 2050 
6150 1265 2305 2323 2410 
6151 1389 2457 1636 2510 
6152 826 844 2127 2136 
6153 1096 2021 2275 2423 
6154 2019 2066 2100 2140 
6155 135 1901 1747 2074 
6156 1481 547 1171 2024 
6157 68 100 124 2192 
6158 1370 883 1367 1767 
6159 1412 990 1312 2189 
6160 2105 1410 2277 2331 
6161 855 822 2120 2315 
6162 1366 820 2426 2457 
6163 2277 2331 2334 2418 
6164 2144 2020 2145 2512 
6165 1915 1719 764 2238 
6166 1592 1989 1658 2488 
6167 719 1212 471 2113 
6168 2097 1906 2234 2341 
6169 580 777 2256 2441 
6170 653 641 2225 2272 
6171 378 261 314 2224 
6172 1329 172 1769 1323 
6173 2050 473 2119 2443 
6174 2002 307 2001 2436 
6175 1249 1152 1135 2116 
6176 688 1724 326 2084 
6177 1694 2262 2461 2477 
6178 2102 2248 2305 2406 
6179 1822 2140 2242 2474 
6180 1302 1822 2242 2474 
6181 2293 1847 2385 2405 
6182 1227 1317 2312 2420 
6183 1075 1014 2215 2419 
6184 1528 1396 2080 2492 
6185 2023 2052 2431 2486 
6186 2147 835 256 2394 
6187 1763 1804 1718 2379 
6188 2098 2091 2101 2204 
6189 2383 2214 1419 2505 
6190 2229 2016 2338 2471 
6191 1642 1706 2521 2537 
6192 473 1771 2050 2119 
6193 1591 1596 1455 2083 
6194 2106 1825 143 2501 
6195 650 779 694 2182 
6196 2140 2019 2148 2359 
6197 1459 1381 1151 1519 
6198 2013 2028 2236 2350 
6199 2283 1224 2352 2379 
6200 1542 1518 2390 2392 
6201 1882 1834 2341 2404 
6202 2111 2132 2372 2488 
6203 775 1455 1596 2083 
6204 2317 2432 2519 2542 
6205 831 850 815 2421 
6206 684 697 633 2270 
6207 1034 2376 2396 2507 
6208 1910 1595 2377 1685 
6209 1518 579 178 2113 
6210 326 1595 478 2369 
6211 1523 1679 1871 2010 
6212 2151 2011 2375 2465 
6213 2229 2016 2319 2338 
6214 1813 501 1667 1857 
6215 1916 1733 703 2073 
6216 1984 1524 2172 2252 
6217 1621 1943 1171 2024 
6218 595 440 293 2145 
6219 1506 1560 2228 1657 
6220 640 884 2146 2255 
6221 2370 2095 2374 2480 
6222 1662 1760 1598 1120 
6223 1053 1824 642 2318 
6224 750 617 890 2482 
6225 1003 1685 2377 2521 
6226 793 277 581 2307 
6227 1381 1519 1134 1361 
6228 1398 817 448 2406 
6229 1711 1741 13 2141 
6230 613 2008 2235 2320 
6231 2132 2161 2372 2488 
6232 735 812 752 2158 
6233 1911 1722 1902 2409 
6234 1485 1457 1630 2415 
6235 1664 1964 1427 2515 
6236 710 1357 2138 1765 
6237 2074 2008 2097 2164 
6238 1984 1495 1873 2252 
6239 1704 1146 1993 2404 
6240 311 1008 1483 2094 
6241 1692 2126 2311 2350 
6242 224 271 257 2139 
6243 2259 2369 2377 2439 
6244 2121 108 2323 2410 
6245 1906 554 654 2341 
6246 1323 2520 2541 2542 
6247 1673 585 1525 2089 
6248 2071 1647 2100 2122 
6249 1036 2203 2357 2382 
6250 1764 390 2063 2276 
6251 171 118 2056 2354 
6252 1033 956 1056 2381 
6253 1508 2119 2292 2493 
6254 1768 873 1153 1795 
6255 1524 1156 150 2252 
6256 1513 1570 1688 2459 
6257 927 908 2401 2472 
6258 1819 1701 1939 2049 
6259 660 1572 2155 2240 
6260 1034 1033 2126 2376 
6261 1108 744 2102 2141 
6262 2055 1351 2075 2475 
6263 1267 1907 914 2065 
6264 2125 2275 2397 2515 
6265 1997 787 998 2344 
6266 744 982 1540 2108 
6267 1813 1857 1517 1632 
6268 2191 1725 2298 2446 
6269 959 1039 941 2389 
6270 1317 1257 1345 2312 
6271 1711 1108 1440 2141 
6272 486 588 632 2068 
6273 437 1098 1532 2423 
6274 873 1768 1153 2024 
6275 341 504 379 2142 
6276 2520 2085 2541 2542 
6277 1388 1616 2078 2327 
6278 1336 1478 1335 1477 
6279 148 171 179 2354 
6280 288 285 262 2007 
6281 900 1043 785 2407 
6282 609 712 2044 2441 
6283 830 556 2491 2540 
6284 2104 2011 2333 2389 
6285 140 306 309 2400 
6286 1255 1399 2089 2121 
6287 876 705 877 2408 
6288 739 721 836 2469 
6289 1949 1466 2346 2540 
6290 2019 2107 2395 2530 
6291 599 497 2437 2438 
6292 1277 1111 2042 2108 
6293 68 112 83 2192 
6294 1805 2292 2335 2493 
6295 263 216 207 2177 
6296 2093 72 2444 2467 
6297 2009 868 2407 2508 
6298 1096 725 593 2021 
6299 1778 1815 1934 2362 
6300 73 87 114 2056 
6301 2263 865 2395 2487 
6302 716 1073 470 2392 
6303 2155 2092 2174 2250 
6304 804 313 855 2120 
6305 2157 2080 2228 2492 
6306 1915 395 2195 2238 
6307 1167 765 2034 2052 
6308 860 986 936 2338 
6309 1601 1686 1222 2205 
6310 1316 688 853 2084 
6311 92 67 62 2056 
6312 1257 1030 2038 2408 
6313 249 283 269 392 
6314 2252 2059 2253 2485 
6315 2078 1431 2093 2450 
6316 2346 2230 2502 2540 
6317 2025 2069 2096 2405 
6318 1116 1114 2104 2116 
6319 2061 2032 2217 2449 
6320 200 223 156 2056 
6321 62 51 49 2056 
6322 1342 1600 2045 2205 
6323 763 1013 423 2276 
6324 1498 1495 2132 2489 
6325 2016 2287 2342 2445 
6326 1450 1531 2186 2198 
6327 256 1980 1872 2291 
6328 266 471 579 2113 
6329 536 492 693 2046 
6330 1054 1145 1075 2154 
6331 2161 2244 2252 2514 
6332 1015 801 972 2247 
6333 561 483 562 2272 
6334 847 887 769 2421 
6335 1956 763 348 2193 
6336 350 369 359 2302 
6337 762 885 2017 2146 
6338 2080 1528 2492 2511 
6339 2026 2190 2201 2520 
6340 1729 1916 2394 2483 
6341 1246 1994 1533 2351 
6342 1082 1251 929 2410 
6343 871 925 834 869 
6344 2102 1970 2248 2406 
6345 766 656 697 2270 
6346 2165 1888 2252 2514 
6347 2456 565 309 2200 
6348 1841 1016 681 2276 
6349 518 377 570 2256 
6350 687 644 2181 572 
6351 293 346 2145 2302 
6352 1936 1870 2235 2409 
6353 2061 669 2310 2518 
6354 1543 1735 1779 1667 
6355 1148 2039 2287 2288 
6356 1107 601 571 1112 
6357 2151 1801 2277 2378 
6358 341 287 213 2142 
6359 131 551 272 2041 
6360 2021 2152 2234 2341 
6361 927 1027 967 951 
6362 1886 612 2285 2477 
6363 1049 190 810 2070 
6364 1893 1813 1735 1632 
6365 2049 2004 2102 2248 
6366 1857 1575 1517 1632 
6367 834 796 2182 2219 
6368 240 1659 174 1931 
6369 1815 1517 1667 1459 
6370 1517 1667 1735 1543 
6371 2259 2230 2296 2393 
6372 1459 1813 1857 1517 
6373 1311 172 2368 2432 
6374 1415 1602 2352 2383 
6375 1349 1652 174 1827 
6376 287 341 213 251 
6377 1517 1667 1813 1735 
6378 1459 1813 1517 1667 
6379 295 420 2533 2536 
6380 1815 1779 1667 1543 
6381 2196 2106 2367 2477 
6382 286 460 325 2274 
6383 2296 2030 2309 2478 
6384 1350 1211 2199 2236 
6385 1347 240 1349 1963 
6386 1692 1423 1234 2126 
6387 501 1347 1813 1209 
6388 470 1209 1667 351 
6389 1853 1313 1315 2118 
6390 1471 1606 2273 2371 
6391 2061 2217 2326 2518 
6392 1652 1106 1209 1347 
6393 1606 645 2315 2476 
6394 832 1209 1827 1835 
6395 845 1094 2152 437 
6396 1347 501 1813 1857 
6397 961 351 1835 470 
6398 470 1209 351 1835 
6399 1514 2117 2218 2301 
6400 832 1209 351 174 
6401 351 1209 1347 174 
6402 1659 351 1347 174 
6403 2384 836 2018 1050 
6404 240 1347 1349 174 
6405 240 1659 1347 174 
6406 240 1659 1931 1894 
6407 1349 1209 174 1347 
6408 2112 2124 2347 2446 
6409 1962 1194 1798 2246 
6410 2028 2013 2203 2342 
6411 1297 1289 1849 2459 
6412 2121 1413 2226 2323 
6413 1810 820 231 2426 
6414 288 285 2007 2163 
6415 537 621 2044 712 
6416 1910 886 2369 2377 
6417 1791 1788 587 2100 
6418 575 655 2131 2360 
6419 872 2380 1071 2384 
6420 50 68 124 2192 
6421 188 2048 2112 2128 
6422 2432 2048 2435 2519 
6423 2042 2226 2285 2477 
6424 1149 1350 1211 2082 
6425 1373 1273 1568 2040 
6426 2242 2140 2402 2474 
6427 2115 2158 2339 2374 
6428 2110 2085 2179 2524 
6429 2147 1583 2173 2238 
6430 1810 1730 1811 2475 
6431 1668 1005 1508 2236 
6432 1083 2081 2329 2418 
6433 1472 1435 1265 2410 
6434 1252 2066 2071 2400 
6435 1817 2176 2293 2385 
6436 760 932 797 2456 
6437 647 326 2114 1165 
6438 1641 1787 2210 2430 
6439 584 277 2281 2307 
6440 843 1935 158 2206 
6441 2317 2201 2499 2520 
6442 225 423 1764 2254 
6443 1456 1320 1180 2464 
6444 2101 2098 2204 2476 
6445 1354 1783 2130 2447 
6446 506 833 662 2245 
6447 1835 961 470 2392 
6448 1217 2116 1218 1556 
6449 873 1784 2063 2276 
6450 1682 1808 2198 2300 
6451 1958 1971 1108 2102 
6452 1830 1502 2132 2402 
6453 2006 2156 2233 2408 
6454 598 760 605 2456 
6455 876 663 705 2408 
6456 494 1672 56 198 
6457 2215 2154 2264 2353 
6458 1537 1666 1417 2260 
6459 368 1594 2153 2267 
6460 1019 1341 2123 2310 
6461 1516 1806 1990 1510 
6462 686 1453 554 2409 
6463 2017 2006 2150 2373 
6464 1571 749 556 2491 
6465 809 888 864 2506 
6466 1076 760 2135 2456 
6467 2391 2301 2433 2458 
6468 2166 2311 2350 2479 
6469 792 1468 2299 2416 
6470 1087 2257 2452 2482 
6471 1483 1008 2140 2178 
6472 2036 2079 2193 2348 
6473 1586 2200 2269 2386 
6474 2082 2199 2202 2396 
6475 2172 2402 2223 2474 
6476 1684 1182 2271 2474 
6477 2040 2019 2168 2434 
6478 1232 1949 2346 2540 
6479 1320 1281 2247 2472 
6480 1968 581 584 2281 
6481 1984 1873 2165 2252 
6482 2039 1189 2075 2414 
6483 341 213 2139 2142 
6484 2026 2091 2098 2424 
6485 1230 1257 2214 2408 
6486 823 1990 1510 1516 
6487 1051 854 794 2239 
6488 813 1501 2269 1990 
6489 633 697 485 2270 
6490 1396 1296 2157 2492 
6491 1867 1367 1767 1323 
6492 1060 1351 1237 2414 
6493 2133 2103 2274 2314 
6494 880 724 2038 2408 
6495 418 1698 1439 2285 
6496 1177 980 2294 2498 
6497 729 767 699 2136 
6498 2086 2063 2296 2458 
6499 362 397 377 2007 
6500 1223 1586 2208 2386 
6501 841 1709 2012 2207 
6502 1589 1232 2346 676 
6503 1589 1232 1254 1949 
6504 50 134 110 2064 
6505 76 28 2064 37 
6506 1254 1589 1661 676 
6507 1286 1441 1466 2540 
6508 1103 709 2495 2504 
6509 2032 2134 2264 2417 
6510 2135 2200 2269 2456 
6511 1097 1169 2218 1077 
6512 1032 759 2243 2388 
6513 1782 1971 1939 2141 
6514 975 741 1511 2174 
6515 2052 2093 2444 2450 
6516 1003 1642 1685 2521 
6517 2188 2216 2490 2498 
6518 1568 1564 2040 2306 
6519 1362 1697 1778 2362 
6520 2281 1792 1377 1240 
6521 1943 2024 2364 2495 
6522 345 346 253 2103 
6523 941 1040 2149 2389 
6524 94 74 110 2064 
6525 1910 2439 2369 415 
6526 256 363 2147 2291 
6527 2520 2085 2524 2539 
6528 822 1313 855 2428 
6529 198 643 989 494 
6530 507 504 502 2133 
6531 281 808 525 2372 
6532 2187 2159 2487 2530 
6533 2269 2321 932 813 
6534 1658 1989 1948 2372 
6535 1748 1975 1746 2129 
6536 50 26 28 2064 
6537 2358 2275 2390 2399 
6538 676 1661 1216 1589 
6539 891 1823 723 1195 
6540 561 286 2171 2314 
6541 2139 325 2274 2314 
6542 1736 2106 2322 2425 
6543 180 1645 2086 2250 
6544 2112 2212 2284 2463 
6545 796 779 834 2182 
6546 865 1009 183 2263 
6547 1666 1627 1284 2260 
6548 1284 1766 1666 2260 
6549 2015 2201 2277 2378 
6550 2294 946 2490 2498 
6551 394 244 1057 2084 
6552 489 1063 338 2008 
6553 891 955 2085 2180 
6554 2161 2252 2336 2514 
6555 259 286 325 2314 
6556 2118 645 2228 2315 
6557 2283 2214 2352 2466 
6558 588 838 726 2068 
6559 1321 1430 1641 2286 
6560 617 791 2088 619 
6561 2008 2097 2164 2235 
6562 1816 1712 1951 1814 
6563 1576 1699 1420 2393 
6564 1668 1727 1350 2236 
6565 923 895 1989 2111 
6566 137 185 154 228 
6567 2203 2055 2357 2475 
6568 1692 1771 2119 2350 
6569 296 350 2171 2302 
6570 1824 1665 2318 2502 
6571 2249 2025 2296 2309 
6572 665 1576 723 2085 
6573 1704 1745 1146 2404 
6574 1008 1302 1822 2242 
6575 932 813 797 2269 
6576 1888 1698 1131 2170 
6577 1502 1507 2132 2402 
6578 1745 1664 2404 2515 
6579 2035 2168 2187 2403 
6580 968 876 1010 2466 
6581 335 331 1089 2280 
6582 1138 1910 2439 1420 
6583 1969 1629 1184 1188 
6584 1311 1536 2231 2368 
6585 649 651 779 2454 
6586 2034 1443 2041 2052 
6587 315 454 482 2163 
6588 891 883 1195 1654 
6589 998 1403 1997 2344 
6590 1933 1955 2446 1850 
6591 1162 1802 1452 2514 
6592 1705 1140 1646 2327 
6593 794 969 1093 2216 
6594 2041 2023 2052 2291 
6595 1631 1574 1348 2471 
6596 1053 1292 2092 2155 
6597 1701 1702 2141 2278 
6598 2103 2133 2142 2366 
6599 752 812 826 2115 
6600 1489 1181 1046 2193 
6601 54 891 2153 2180 
6602 2085 2031 2153 2180 
6603 116 96 138 2167 
6604 424 1323 2317 2520 
6605 2069 2176 2227 2481 
6606 1296 1271 2431 2492 
6607 1161 1660 298 2268 
6608 2076 986 2202 2538 
6609 905 751 2256 2453 
6610 636 752 717 2158 
6611 1389 1716 772 2051 
6612 2014 100 2184 2211 
6613 1196 1152 2116 1135 
6614 316 810 2070 2212 
6615 1716 1389 1784 2051 
6616 2032 2154 2216 2217 
6617 812 752 2158 2339 
6618 2112 2153 2031 2180 
6619 2111 2059 2132 2206 
6620 1595 1910 2377 886 
6621 1531 1655 2186 2198 
6622 1276 1053 642 2155 
6623 1397 516 2252 2496 
6624 2148 2140 2359 2402 
6625 2088 583 2156 2181 
6626 981 2021 2012 2234 
6627 119 1693 566 2207 
6628 1712 723 1816 2085 
6629 2047 976 2082 2202 
6630 266 719 471 2113 
6631 2070 2130 2237 2328 
6632 1843 974 2205 2260 
6633 371 376 718 2344 
6634 890 1006 750 2482 
6635 1514 1889 2117 2301 
6636 938 1427 1569 2125 
6637 1683 1655 1796 2186 
6638 2328 2119 2479 2493 
6639 997 849 2006 2150 
6640 2162 2080 2173 2238 
6641 935 1054 881 2215 
6642 435 421 427 2361 
6643 1883 1845 462 2358 
6644 2130 2070 2153 2328 
6645 1212 962 579 2113 
6646 2230 2092 2502 2540 
6647 2005 2093 2143 2450 
6648 1721 1833 368 1080 
6649 2004 2121 2323 2410 
6650 1124 927 2284 2464 
6651 890 791 2088 617 
6652 272 3 2005 2041 
6653 2087 629 2178 2242 
6654 430 355 339 393 
6655 605 1586 2200 2269 
6656 1051 1126 1570 2239 
6657 1370 56 1767 1672 
6658 2343 2280 2099 2029 
6659 452 309 2090 2400 
6660 598 306 2343 2400 
6661 2108 2042 2226 2278 
6662 131 272 2005 2041 
6663 1491 720 2183 2213 
6664 54 1049 2112 2180 
6665 2169 165 2266 2403 
6666 335 1089 1333 2280 
6667 541 529 599 2438 
6668 751 867 672 2453 
6669 1005 1962 1508 2292 
6670 2357 1810 1811 2475 
6671 1964 1890 1611 2515 
6672 94 112 2064 2192 
6673 569 2252 2253 2485 
6674 677 759 2095 2480 
6675 2342 2051 2391 2433 
6676 348 763 2254 2276 
6677 1726 1684 2271 2474 
6678 200 132 223 2056 
6679 2086 2169 2250 2337 
6680 919 1018 2209 2526 
6681 1206 330 2013 2203 
6682 1281 1015 2247 2472 
6683 1855 1569 1247 2125 
6684 1926 1856 2382 2468 
6685 955 945 2541 2542 
6686 18 1913 1325 2253 
6687 1731 1695 1998 2307 
6688 988 958 1060 2414 
6689 2107 2040 2306 2434 
6690 1225 888 829 2506 
6691 1449 1287 2320 2409 
6692 2176 2293 2385 2405 
6693 1388 2078 2093 2327 
6694 237 817 1398 2248 
6695 1548 2210 2286 2467 
6696 2037 1007 2304 2466 
6697 1613 2077 2129 2278 
6698 2121 1940 2248 2322 
6699 472 440 2145 2302 
6700 364 468 327 413 
6701 955 54 2180 891 
6702 1339 1599 2266 2470 
6703 2319 936 2338 2509 
6704 1848 373 2484 1031 
6705 2205 974 2326 2260 
6706 1393 1636 2510 1389 
6707 185 107 187 242 
6708 1092 1882 2341 2404 
6709 2086 2092 2250 2296 
6710 2367 2106 1825 2262 
6711 1985 452 2090 2400 
6712 2204 2090 2424 2465 
6713 1955 1933 2446 195 
6714 1395 2051 2197 2222 
6715 395 764 1796 2238 
6716 807 1277 2226 2323 
6717 2086 1527 1723 2413 
6718 359 474 350 2232 
6719 1273 1249 2116 2300 
6720 1629 1194 453 1188 
6721 974 1766 1284 2260 
6722 615 627 1586 2269 
6723 1504 1161 2159 431 
6724 2260 1627 2326 2459 
6725 1451 2040 2087 2300 
6726 909 778 2197 948 
6727 367 454 315 2054 
6728 1523 1324 2160 2412 
6729 1961 1924 330 1856 
6730 293 595 2145 2325 
6731 2058 2030 2115 2374 
6732 2313 1706 2494 2503 
6733 1872 1789 2450 1980 
6734 1828 1588 1752 2511 
6735 891 723 1594 2153 
6736 1730 1728 2075 2475 
6737 1535 1389 1866 2051 
6738 69 163 2177 106 
6739 1161 2107 2187 2530 
6740 891 723 2153 2180 
6741 2153 2112 2031 2070 
6742 1729 835 1583 2394 
6743 2261 2018 2380 2441 
6744 1542 1209 1518 2392 
6745 849 2006 2156 2233 
6746 629 1302 380 2242 
6747 525 802 2316 2372 
6748 548 2095 2103 2133 
6749 731 750 947 2233 
6750 2073 2023 2147 2173 
6751 732 757 2221 2490 
6752 2008 571 2060 2430 
6753 1351 1424 2382 2468 
6754 1716 1841 681 2276 
6755 986 958 2202 2538 
6756 1819 2049 2248 2322 
6757 1090 493 1393 2051 
6758 2185 2032 2264 2417 
6759 2152 437 2397 2423 
6760 262 288 2007 2163 
6761 658 544 589 553 
6762 1635 1364 2026 2190 
6763 1556 1334 1218 1217 
6764 1888 1526 606 2165 
6765 2127 2009 2329 2508 
6766 2267 1080 738 368 
6767 606 1888 2165 2170 
6768 2073 1761 2120 2483 
6769 493 1395 1393 2051 
6770 493 948 1395 2051 
6771 1395 1866 1393 2051 
6772 394 1608 1165 2084 
6773 1816 723 891 2180 
6774 2217 1297 2459 2518 
6775 2259 2491 2494 2495 
6776 714 831 788 2534 
6777 1961 330 219 1856 
6778 2062 1742 2198 2204 
6779 444 1142 2223 2271 
6780 455 597 383 2533 
6781 140 305 452 2400 
6782 1977 1787 2008 2210 
6783 1510 1809 2026 2179 
6784 575 440 2145 2360 
6785 2052 2291 2431 2450 
6786 1258 1166 1997 2344 
6787 511 461 2043 2533 
6788 1660 1880 1568 2434 
6789 547 1023 2024 2222 
6790 1297 2326 2459 2518 
6791 1706 2313 2377 2521 
6792 1586 2208 2269 2460 
6793 2293 2230 2313 2393 
6794 2267 1823 2153 1374 
6795 299 546 465 430 
6796 1310 2251 2279 2516 
6797 1498 1295 1495 2489 
6798 285 397 362 2007 
6799 325 286 2274 2314 
6800 1129 1345 2038 2373 
6801 72 1140 2093 2444 
6802 1413 1255 1717 2121 
6803 2023 2080 2147 2173 
6804 1981 1121 1156 2165 
6805 363 1828 2147 2291 
6806 2043 509 2017 2146 
6807 841 1693 2012 2021 
6808 397 377 2007 2256 
6809 2032 2134 2154 2264 
6810 470 1209 1835 2392 
6811 1574 1959 2301 2391 
6812 118 113 171 2056 
6813 2134 2032 2154 2216 
6814 38 100 27 2184 
6815 1841 1784 423 2276 
6816 1121 1266 1694 2262 
6817 750 731 2181 2233 
6818 2032 2061 2079 2449 
6819 2027 892 2401 2522 
6820 1957 1049 446 2112 
6821 460 649 659 2133 
6822 1020 1774 117 2250 
6823 457 475 337 254 
6824 1080 2267 738 2447 
6825 2048 2124 2231 2284 
6826 1645 600 117 2250 
6827 1046 1492 1489 2193 
6828 1775 1356 1695 2033 
6829 124 125 189 2014 
6830 1771 2050 2119 2311 
6831 671 496 2131 576 
6832 639 652 512 625 
6833 2296 2110 2405 2524 
6834 1860 2345 2377 2393 
6835 828 975 2069 2227 
6836 1305 1297 2067 2348 
6837 835 1781 870 2394 
6838 1576 665 1699 2393 
6839 1227 1278 1072 2312 
6840 955 1897 1484 2112 
6841 1346 1145 1054 2154 
6842 1401 1447 1500 2300 
6843 362 377 284 2007 
6844 453 1194 473 1188 
6845 1231 1378 1457 1281 
6846 518 672 614 2453 
6847 968 1109 1344 1141 
6848 1682 1248 2198 1531 
6849 1261 10 2071 2517 
6850 843 1338 1788 2206 
6851 809 867 829 2532 
6852 908 795 2401 2480 
6853 534 659 735 646 
6854 109 1791 587 2395 
6855 1257 1164 2038 1030 
6856 2124 1124 2284 2347 
6857 292 561 2171 2272 
6858 2021 2152 2341 2397 
6859 1844 1885 1846 1602 
6860 2055 2047 2202 2414 
6861 1501 1590 1586 2269 
6862 2270 656 2272 2538 
6863 2034 2023 2083 2486 
6864 1273 1373 1451 2040 
6865 2110 2293 2296 2405 
6866 881 1054 1075 2215 
6867 2301 2016 2342 2353 
6868 1068 1122 2137 2283 
6869 1836 1592 2132 2488 
6870 2058 2076 2374 2454 
6871 163 294 220 2177 
6872 1212 579 471 2113 
6873 893 42 1596 2083 
6874 1076 760 2099 2343 
6875 743 576 683 2131 
6876 2176 2069 2405 2481 
6877 2169 2086 2250 2478 
6878 2182 2058 2353 2440 
6879 2195 2186 2204 2238 
6880 171 203 215 2354 
6881 2008 1977 2210 2531 
6882 868 2115 2127 2309 
6883 748 785 904 2407 
6884 2044 2224 2261 2441 
6885 1755 1947 2213 720 
6886 185 222 186 2436 
6887 481 450 492 2046 
6888 2012 2097 2341 2409 
6889 1727 1211 2236 2468 
6890 2162 2208 2213 2386 
6891 1412 1339 1085 2470 
6892 2227 1407 2295 2481 
6893 1593 669 310 2518 
6894 2121 2049 2226 2322 
6895 1452 569 1905 2514 
6896 2160 1945 2170 2514 
6897 1018 1042 2427 2528 
6898 641 800 653 2509 
6899 1122 1068 1204 2283 
6900 284 301 210 2007 
6901 2040 1563 2087 2148 
6902 821 563 759 2247 
6903 686 1687 940 2097 
6904 156 169 179 2308 
6905 2047 1150 2082 1001 
6906 1192 1774 963 2413 
6907 109 41 2359 587 
6908 2091 2204 2424 2465 
6909 2126 2028 2236 2396 
6910 106 100 2014 2211 
6911 1329 188 2048 2542 
6912 1121 859 1266 2262 
6913 1344 1125 2214 2466 
6914 675 1624 2065 2169 
6915 2045 2032 2188 2216 
6916 1257 1130 1345 2038 
6917 661 663 876 2088 
6918 2427 2003 2478 2527 
6919 2059 2132 2206 2223 
6920 1860 2110 2297 2393 
6921 116 86 96 2167 
6922 534 659 646 2133 
6923 1209 501 1518 2392 
6924 2010 2077 2196 2429 
6925 2136 2003 2265 2529 
6926 482 537 594 2044 
6927 1462 1359 2033 2281 
6928 1338 587 2100 2206 
6929 1687 498 1384 2290 
6930 2039 2055 2287 2445 
6931 1774 1192 2086 2413 
6932 1691 1973 567 2175 
6933 100 83 2014 2192 
6934 2123 1341 2193 2310 
6935 1457 1281 1485 1231 
6936 897 742 860 2509 
6937 2055 2039 2414 2445 
6938 1050 1028 2220 2462 
6939 2079 2123 2193 2310 
6940 1942 1947 2162 2213 
6941 2368 2048 2432 2542 
6942 1277 1444 1111 2108 
6943 2342 2301 2353 2433 
6944 2055 2075 2287 2475 
6945 2063 1703 1319 1896 
6946 329 1511 2174 2250 
6947 2197 1992 2357 2426 
6948 1823 1833 2267 1594 
6949 1568 1880 2306 2434 
6950 1830 1467 1495 2132 
6951 295 248 228 2535 
6952 221 138 220 2177 
6953 927 2401 2464 2472 
6954 1034 976 917 2507 
6955 616 2532 2453 614 
6956 1540 1408 2108 2355 
6957 372 1748 879 2429 
6958 2023 2073 2120 2173 
6959 645 1606 2371 2476 
6960 1565 2085 2110 2393 
6961 763 348 2193 2276 
6962 1446 1299 2363 1303 
6963 664 595 510 2325 
6964 2221 2239 2294 2490 
6965 2035 2209 2427 2527 
6966 786 728 748 2407 
6967 153 318 304 2535 
6968 1637 21 2351 2356 
6969 924 892 2027 2411 
6970 436 291 2043 2245 
6971 794 2216 2239 2490 
6972 998 1881 376 2344 
6973 1017 618 2122 1328 
6974 2204 2098 2208 2476 
6975 1311 172 1536 1995 
6976 1415 1884 1625 1842 
6977 1475 1785 2190 2398 
6978 1125 1230 2214 2408 
6979 1875 1948 1912 2442 
6980 1339 1067 1085 2470 
6981 1640 1641 2210 2430 
6982 2015 2011 2091 2201 
6983 1442 1557 1446 2363 
6984 1410 1662 2279 2317 
6985 816 1355 2036 2276 
6986 1329 2048 2368 2542 
6987 1554 1723 2123 2254 
6988 1800 422 2398 177 
6989 1498 1830 1502 2132 
6990 1913 1452 770 2514 
6991 1082 648 1435 2410 
6992 1902 1870 1936 2409 
6993 2155 642 2174 2318 
6994 1470 1128 579 2399 
6995 1121 606 2165 2367 
6996 833 506 2156 2245 
6997 2277 1410 2279 2317 
6998 2172 2299 2485 2496 
6999 1124 1069 2124 2522 
7000 2541 883 891 1654 
7001 2199 2203 2236 2382 
7002 1428 1387 2077 2500 
7003 585 237 806 2089 
7004 342 1198 2123 2254 
7005 2249 2031 2524 2542 
7006 1237 1351 2075 2414 
7007 1983 1261 618 2071 
7008 1025 1027 2411 2522 
7009 1810 1728 1730 2475 
7010 945 1867 2541 2542 
7011 87 130 114 2056 
7012 1561 1532 2275 2423 
7013 24 1935 1142 2223 
7014 2168 2035 2194 2403 
7015 2095 759 2330 2480 
7016 741 975 2159 2174 
7017 2084 2114 2259 2369 
7018 1271 1327 2078 2431 
7019 1911 1453 1722 2409 
7020 908 927 2464 2472 
7021 534 477 2133 2274 
7022 153 227 318 2535 
7023 1256 2385 2405 2481 
7024 1109 1110 1228 1141 
7025 1431 1390 2078 2093 
7026 2109 909 2197 2222 
7027 1025 1069 1027 2522 
7028 1933 446 1850 2446 
7029 177 1759 2371 2497 
7030 923 1754 895 2111 
7031 309 598 2200 2400 
7032 1913 569 1452 2514 
7033 1796 1828 2080 2238 
7034 1989 923 2111 2488 
7035 2107 1161 2263 2530 
7036 2107 2263 2395 2530 
7037 1803 1598 1662 1760 
7038 2230 2346 2503 2540 
7039 1721 1833 1594 368 
7040 2115 892 795 2401 
7041 2017 1129 2038 2373 
7042 2243 759 2247 2480 
7043 2035 2025 2187 2201 
7044 1919 2034 2073 2083 
7045 2193 2079 2310 2348 
7046 2045 2217 2239 2459 
7047 2424 2187 2096 2201 
7048 2252 569 2253 2514 
7049 433 341 2139 2274 
7050 1015 1056 1032 2243 
7051 215 2142 2314 2354 
7052 656 742 2225 2509 
7053 1464 1325 1468 2299 
7054 203 171 160 2354 
7055 1330 1797 2356 282 
7056 2055 2039 2075 2414 
7057 2048 2031 2085 2180 
7058 435 1845 2361 2515 
7059 187 383 388 2535 
7060 242 304 187 2535 
7061 368 1576 1594 1721 
7062 108 1472 1265 2410 
7063 1057 244 931 2138 
7064 665 1576 361 723 
7065 2039 2287 2288 2338 
7066 1348 1235 1539 2287 
7067 2096 2321 2405 2481 
7068 1293 1750 2450 2492 
7069 1078 1525 1251 2410 
7070 1784 1716 2051 2276 
7071 1651 1527 1645 2086 
7072 662 833 2150 2245 
7073 799 670 1176 2128 
7074 1823 1833 1594 1826 
7075 1558 1619 2087 2402 
7076 828 975 642 2318 
7077 1599 1339 1412 2470 
7078 1594 1576 723 1721 
7079 2120 1064 2173 2483 
7080 2199 2055 2382 2468 
7081 271 433 504 341 
7082 2301 1959 685 2391 
7083 1725 1228 2298 1280 
7084 2119 2237 2328 2443 
7085 2112 1049 2153 2180 
7086 1972 566 567 2207 
7087 1367 1370 1767 1672 
7088 386 2171 419 233 
7089 326 886 1595 2369 
7090 2328 2013 2365 2493 
7091 1195 1816 723 891 
7092 609 638 680 2261 
7093 380 1808 1793 2300 
7094 2435 2328 2463 2479 
7095 1315 645 2118 2315 
7096 1645 1527 180 2086 
7097 2081 745 2329 2508 
7098 460 561 649 2133 
7099 1233 944 828 2295 
7100 54 955 2180 1897 
7101 1508 2013 2350 2493 
7102 846 135 858 2290 
7103 2342 2013 2433 2479 
7104 1715 686 554 2097 
7105 2241 2063 2491 2540 
7106 1855 1247 2021 2125 
7107 609 549 638 2261 
7108 1340 1246 1170 2351 
7109 2516 424 2432 2317 
7110 1115 1135 1114 2116 
7111 2018 2046 2224 2261 
7112 2186 2101 2204 2476 
7113 1760 424 2516 1662 
7114 1758 2101 2371 2448 
7115 1044 979 1022 2283 
7116 223 205 2139 2354 
7117 2174 2025 2250 2296 
7118 667 623 693 2046 
7119 2045 2032 2065 2185 
7120 511 596 2043 2255 
7121 204 106 83 2014 
7122 1956 1492 1046 2193 
7123 1050 913 2018 2380 
7124 1742 380 1008 2178 
7125 1040 1039 2149 2389 
7126 912 824 2150 2373 
7127 2025 2035 2187 2403 
7128 1237 1081 988 2414 
7129 369 440 472 2302 
7130 1847 1256 2385 2405 
7131 2217 2045 2326 2459 
7132 1654 891 1816 1195 
7133 891 1823 1195 1374 
7134 2312 2408 2006 2420 
7135 435 698 2361 1845 
7136 1145 1346 1538 2154 
7137 2166 2435 2472 2479 
7138 2016 2229 2301 2471 
7139 505 413 2156 2245 
7140 2048 2031 2249 2542 
7141 1441 1550 830 2540 
7142 1822 1302 1684 2474 
7143 1686 1952 1342 2205 
7144 983 2262 2425 2461 
7145 213 2139 2142 2354 
7146 1358 1186 1988 2356 
7147 2040 2062 2087 2300 
7148 489 613 2008 2060 
7149 2065 2079 2310 2337 
7150 1675 1819 1940 2322 
7151 75 2013 2109 2197 
7152 335 944 2099 2227 
7153 779 653 2225 2272 
7154 380 1793 2062 2300 
7155 936 1282 1097 2288 
7156 1960 1811 1036 2357 
7157 2049 1701 2278 2322 
7158 1607 176 2273 1938 
7159 1705 1744 72 2286 
7160 739 836 2324 2469 
7161 974 2205 2326 973 
7162 494 540 2321 2405 
7163 1940 682 1736 2425 
7164 1888 1526 2165 2252 
7165 484 549 2054 2261 
7166 294 315 241 2349 
7167 268 1882 1146 2404 
7168 735 752 646 2158 
7169 205 214 245 2314 
7170 932 1076 2096 2456 
7171 1459 1813 1667 1857 
7172 109 587 2100 2395 
7173 1816 1370 1814 2085 
7174 2378 2190 2398 2525 
7175 1962 1005 2119 2292 
7176 1189 1148 1058 2039 
7177 2432 2048 2519 2542 
7178 2096 540 2179 2405 
7179 989 1860 1565 2297 
7180 316 810 2212 2446 
7181 934 724 2017 2038 
7182 883 1867 1367 1767 
7183 1364 1635 1785 1475 
7184 1222 1253 2205 2294 
7185 953 872 2256 2380 
7186 2145 595 2360 2388 
7187 1557 1710 2157 2486 
7188 1402 1108 744 2102 
7189 2053 2074 2143 2210 
7190 2051 2013 2365 2433 
7191 826 868 752 2115 
7192 862 919 899 2526 
7193 2127 899 2329 2526 
7194 618 1261 1252 2071 
7195 953 896 856 2441 
7196 83 100 68 2192 
7197 1249 1135 1115 2116 
7198 1430 2093 2286 2327 
7199 2092 2174 2250 2296 
7200 514 448 929 1838 
7201 846 1414 1709 2164 
7202 1808 380 2062 2300 
7203 2080 645 2371 2476 
7204 728 745 2407 2508 
7205 844 826 2127 2508 
7206 649 2058 2133 2454 
7207 73 51 62 2056 
7208 2050 2119 2328 2443 
7209 1115 1114 1116 2116 
7210 1647 2100 2122 2140 
7211 1489 1203 342 2254 
7212 506 505 2156 2245 
7213 1635 1785 1475 422 
7214 1272 1369 1499 2161 
7215 1574 1631 2391 2471 
7216 1131 879 1945 2170 
7217 2036 2067 2079 2348 
7218 54 1049 1897 2112 
7219 1221 1166 1525 2344 
7220 1616 1437 1388 2078 
7221 1723 1609 837 2254 
7222 68 76 112 2064 
7223 2150 833 2156 2245 
7224 2135 2096 2269 2424 
7225 1360 865 2263 2487 
7226 1980 1872 2291 2450 
7227 241 221 294 2177 
7228 1015 1281 1056 2311 
7229 905 867 2453 2532 
7230 13 1741 2129 2278 
7231 610 575 595 2360 
7232 1976 1620 2208 2273 
7233 169 156 179 2056 
7234 405 243 308 2436 
7235 118 123 205 2354 
7236 801 563 759 2388 
7237 548 622 2095 2370 
7238 1398 448 2305 2406 
7239 1817 1232 2293 2502 
7240 357 193 203 287 
7241 2048 2249 2435 2519 
7242 2357 1811 2382 2475 
7243 645 1315 1938 2315 
7244 1309 1201 1840 2266 
7245 1780 1777 2387 2416 
7246 2110 2179 2405 2524 
7247 935 936 2319 2509 
7248 461 260 382 344 
7249 1394 813 965 2321 
7250 985 1117 642 2155 
7251 2193 348 2254 2276 
7252 2070 2050 2328 2443 
7253 1712 1951 361 2085 
7254 1805 1206 330 2013 
7255 813 932 1380 2321 
7256 424 1760 1803 1662 
7257 1606 1938 2273 2476 
7258 1048 679 707 2036 
7259 632 486 2068 2270 
7260 552 1985 452 2213 
7261 1310 1043 2105 2251 
7262 1097 1282 1514 2229 
7263 1873 2010 2165 2412 
7264 813 1380 965 2321 
7265 2013 2109 2365 2493 
7266 2013 2028 2203 2236 
7267 688 1316 1724 2369 
7268 2100 2071 2122 2140 
7269 2053 2210 2467 2531 
7270 1216 1229 1860 2297 
7271 166 10 1261 2517 
7272 657 496 655 2131 
7273 413 505 356 2245 
7274 905 1071 2220 2384 
7275 1573 1456 2050 2415 
7276 715 815 848 2421 
7277 407 175 1530 2306 
7278 1282 1514 2229 2471 
7279 1396 1528 2080 2228 
7280 413 503 533 583 
7281 1822 1483 1008 2140 
7282 2249 2025 2309 2478 
7283 1165 2084 2114 2138 
7284 958 1061 1060 2047 
7285 188 2048 2128 2368 
7286 2209 1018 2427 2526 
7287 2111 2059 2316 2372 
7288 3 1904 1443 2041 
7289 407 2148 2306 2359 
7290 2379 2128 799 2191 
7291 2328 2050 2463 2479 
7292 2015 2025 2201 2249 
7293 1192 1651 2086 2413 
7294 790 796 2219 2440 
7295 1430 1548 2286 2467 
7296 116 138 98 2167 
7297 1756 1942 2162 2183 
7298 1020 329 2169 2250 
7299 1905 1162 1452 2514 
7300 637 2183 1915 2195 
7301 2313 2346 2521 2537 
7302 1364 1785 2098 2398 
7303 1030 880 1164 2038 
7304 2080 2118 2157 2228 
7305 526 2068 2270 2272 
7306 1483 1143 1328 2140 
7307 135 1747 252 2290 
7308 959 1041 1039 2389 
7309 908 878 2247 2472 
7310 357 215 193 2142 
7311 781 896 712 2441 
7312 1495 1182 1830 2132 
7313 518 751 672 2453 
7314 492 491 2324 2473 
7315 1237 1236 1189 2414 
7316 1529 719 2275 2423 
7317 1720 1954 1418 1846 
7318 1278 1088 1227 1072 
7319 785 943 904 2407 
7320 1651 1527 2086 2413 
7321 1045 1088 947 1006 
7322 1784 2063 2276 2458 
7323 1176 195 2446 1933 
7324 398 929 1525 2410 
7325 1282 1148 1348 2287 
7326 2119 2013 2479 2493 
7327 2013 2357 2197 2203 
7328 148 213 160 2354 
7329 521 1637 2351 2356 
7330 171 148 160 2354 
7331 1112 2060 2175 2235 
7332 738 1354 1080 2447 
7333 1695 1734 1929 2307 
7334 212 210 301 2007 
7335 978 1083 941 2334 
7336 663 661 876 705 
7337 1307 1936 2152 2341 
7338 800 2182 2225 2509 
7339 2152 2235 2341 2409 
7340 1269 2078 2289 2431 
7341 1844 1415 1842 1602 
7342 707 1305 2067 2348 
7343 1415 1625 1844 1842 
7344 1281 1378 2415 2523 
7345 201 170 210 2007 
7346 1289 310 2326 2518 
7347 248 260 145 2535 
7348 1885 1844 1842 1602 
7349 1009 109 2263 2395 
7350 2100 2019 2107 2395 
7351 2214 1125 2408 2466 
7352 809 673 867 2532 
7353 318 382 461 2535 
7354 123 215 2314 2354 
7355 1798 1962 2246 2292 
7356 1111 668 542 2042 
7357 557 532 2022 2473 
7358 799 195 2191 2446 
7359 785 748 745 2407 
7360 2086 2079 2337 2413 
7361 213 203 160 2354 
7362 1707 1878 2289 101 
7363 1479 1839 165 2403 
7364 748 924 814 2407 
7365 461 455 318 2535 
7366 1119 863 2528 2529 
7367 446 1957 2112 2446 
7368 878 908 2464 2472 
7369 1075 1054 2154 2215 
7370 958 2144 2202 2538 
7371 1300 551 835 2394 
7372 1472 1078 1435 2410 
7373 876 791 661 2088 
7374 2099 1333 2159 2280 
7375 1216 1589 2345 676 
7376 433 271 224 2139 
7377 2125 1569 2275 2515 
7378 2045 2032 2185 2188 
7379 1354 1783 1669 2130 
7380 554 519 2341 2409 
7381 1902 519 1911 2409 
7382 1232 2346 2502 2540 
7383 2010 2160 2170 2412 
7384 1348 1574 1514 2471 
7385 556 2241 2491 2540 
7386 1475 1809 1767 2539 
7387 1924 1508 2013 2236 
7388 1996 1995 188 2128 
7389 1320 878 2464 2472 
7390 942 1220 1066 2331 
7391 1200 1004 1119 2528 
7392 491 378 447 2473 
7393 1668 1488 1423 2236 
7394 486 474 588 2068 
7395 503 617 583 619 
7396 704 2294 732 2506 
7397 2174 329 2250 2478 
7398 860 766 986 2538 
7399 1825 2010 2196 2367 
7400 731 687 2181 2233 
7401 899 2329 746 842 
7402 1027 924 904 967 
7403 1836 2132 2148 2488 
7404 611 596 2437 2533 
7405 377 518 312 2256 
7406 1607 1172 1471 2460 
7407 56 1370 1767 2539 
7408 540 494 2110 2405 
7409 1324 1434 1245 2412 
7410 2025 2174 2176 2296 
7411 32 51 57 62 
7412 2058 2076 2353 2374 
7413 2235 2012 2341 2409 
7414 824 1074 1144 912 
7415 2090 2066 2094 2400 
7416 2092 1191 2502 2540 
7417 1801 1306 2151 2277 
7418 497 2437 2438 2536 
7419 1468 2223 2299 2416 
7420 1656 1658 2372 2488 
7421 648 1265 1435 2305 
7422 329 2174 2403 2478 
7423 185 295 228 2535 
7424 841 593 1693 2021 
7425 947 890 1006 750 
7426 1093 969 926 2216 
7427 1880 410 1564 2306 
7428 758 735 659 2158 
7429 2212 2112 2284 2347 
7430 1409 845 2152 2175 
7431 520 1921 2253 2316 
7432 1842 2037 2379 2383 
7433 238 108 1399 2089 
7434 162 153 227 136 
7435 51 171 105 73 
7436 1889 1852 685 2301 
7437 1575 1517 1632 1241 
7438 1507 1836 1559 2132 
7439 2259 2365 2491 2495 
7440 420 358 402 2438 
7441 2054 2007 2163 2349 
7442 257 271 209 2139 
7443 1581 310 2061 2326 
7444 2011 2015 2151 2277 
7445 884 631 824 2255 
7446 1648 1433 1750 2450 
7447 2172 2223 2271 2474 
7448 966 1072 2006 2312 
7449 1233 1400 1649 2295 
7450 689 912 2150 971 
7451 1634 1697 1812 1151 
7452 1778 1934 1362 2362 
7453 1501 1590 2269 2460 
7454 317 206 247 253 
7455 284 312 301 2007 
7456 1962 2119 2246 2292 
7457 1407 2227 2385 2481 
7458 1043 943 2027 2411 
7459 80 70 2184 2211 
7460 583 503 619 635 
7461 500 307 2002 2438 
7462 1946 1429 374 2400 
7463 413 364 343 327 
7464 572 506 2156 687 
7465 905 872 1071 2384 
7466 958 986 766 2538 
7467 2050 2212 2463 2523 
7468 1866 1605 1535 2222 
7469 276 260 248 461 
7470 386 387 474 2232 
7471 2329 839 898 805 
7472 707 555 1305 2348 
7473 1574 1959 1852 2301 
7474 889 1044 1022 1226 
7475 1558 1830 1619 2402 
7476 1378 1456 2415 2523 
7477 1328 1935 1647 2206 
7478 2040 2019 2062 2465 
7479 378 314 447 2224 
7480 364 468 413 412 
7481 2190 2091 2201 2378 
7482 2073 2120 2173 2483 
7483 1054 2117 2215 2218 
7484 1986 1365 1798 2292 
7485 1918 498 2097 2164 
7486 876 880 1030 2408 
7487 2244 2161 2252 2412 
7488 1855 938 2125 2234 
7489 448 514 929 2406 
7490 1998 1695 2281 2307 
7491 603 532 673 2022 
7492 2216 2045 2239 2490 
7493 1086 864 2221 2294 
7494 2025 2015 2035 2249 
7495 1373 1563 1451 2040 
7496 503 533 583 602 
7497 252 1747 2143 2290 
7498 1183 1051 1513 2462 
7499 890 701 791 617 
7500 362 262 285 2007 
7501 386 485 526 2270 
7502 1090 1084 1366 2510 
7503 1538 1126 2154 2217 
7504 204 314 2007 212 
7505 585 398 1525 2089 
7506 1997 929 787 1221 
7507 2332 1119 2528 2529 
7508 1734 1731 1998 2307 
7509 733 1358 1988 2356 
7510 41 587 1338 2206 
7511 312 212 2007 2224 
7512 1934 1864 1362 2362 
7513 1270 1434 1291 2412 
7514 1308 1922 316 2212 
7515 2401 2166 2472 2480 
7516 312 518 447 2256 
7517 2003 2451 2478 2527 
7518 656 526 2270 2272 
7519 1638 1937 2000 2307 
7520 1548 1640 2210 2430 
7521 266 1864 1934 2362 
7522 991 1946 678 2303 
7523 596 640 611 2437 
7524 1279 643 1216 2297 
7525 1036 1856 219 2203 
7526 1740 1548 2074 2430 
7527 1291 1436 1495 1873 
7528 1850 316 1922 2212 
7529 2123 2036 2276 2458 
7530 132 122 223 2056 
7531 2148 2132 2359 2488 
7532 716 961 2390 2392 
7533 2027 868 2309 2435 
7534 924 2027 2407 2411 
7535 1376 1415 1022 1226 
7536 882 934 2017 2038 
7537 203 213 287 2354 
7538 1225 1343 1253 2221 
7539 785 1043 943 2407 
7540 2069 2099 2159 2187 
7541 606 1397 2165 2252 
7542 2084 2267 2369 2439 
7543 413 436 574 2245 
7544 1129 1130 882 2038 
7545 554 1453 1911 2409 
7546 1504 741 975 2159 
7547 1028 1050 2220 2384 
7548 801 610 2360 2388 
7549 1081 1189 988 2414 
7550 67 82 62 2056 
7551 1472 108 1673 2089 
7552 1217 2116 1556 1405 
7553 2030 2264 2353 2440 
7554 169 179 130 2056 
7555 2341 2125 2397 2404 
7556 2092 2155 2240 2250 
7557 434 427 1210 2361 
7558 2095 664 2145 2388 
7559 491 2224 2473 492 
7560 1111 542 1288 2042 
7561 1616 1650 1437 2078 
7562 2007 226 2054 2224 
7563 2451 2309 2478 2527 
7564 2097 1906 2341 2409 
7565 984 1318 982 2042 
7566 1111 1288 1283 2042 
7567 1012 1027 927 951 
7568 237 300 289 2248 
7569 2105 1310 2251 2279 
7570 946 1222 1104 1342 
7571 1028 1163 1537 2462 
7572 979 1044 1022 1175 
7573 556 1550 2241 2540 
7574 2018 2324 2469 2473 
7575 491 447 557 2473 
7576 2055 2203 2342 2445 
7577 986 2076 2202 2414 
7578 1202 2400 1252 306 
7579 1191 1949 2502 2540 
7580 1129 882 2017 2038 
7581 2170 2010 2412 2514 
7582 943 1021 1159 2411 
7583 579 1518 1927 2362 
7584 882 1164 934 2038 
7585 769 729 715 2265 
7586 1449 1870 2235 2320 
7587 2035 2011 2072 2149 
7588 1948 1989 1912 2372 
7589 2246 1798 2292 2335 
7590 2048 2112 2124 2284 
7591 650 834 779 2182 
7592 1306 1801 1157 2277 
7593 2330 956 2381 2388 
7594 1817 1400 2318 2385 
7595 215 287 2142 2354 
7596 617 583 619 2088 
7597 1306 2149 2277 2334 
7598 1164 880 934 2038 
7599 1568 1564 1373 2040 
7600 2078 1616 2093 2327 
7601 172 2368 2432 2542 
7602 834 2182 2215 2219 
7603 2050 2311 2415 2523 
7604 1799 1934 1815 2362 
7605 1833 531 2267 2447 
7606 1797 1330 2303 1512 
7607 1358 1786 2351 2356 
7608 1889 1514 1852 2301 
7609 745 748 728 2407 
7610 1864 1697 1362 2362 
7611 2105 2015 2279 2519 
7612 2336 525 2372 2442 
7613 1528 1473 2228 1396 
7614 208 233 292 2171 
7615 1681 1499 2442 2513 
7616 1771 1692 2311 2350 
7617 1060 1237 988 2414 
7618 88 171 73 114 
7619 2052 1650 2078 2289 
7620 2199 2055 2202 2445 
7621 1669 1037 1354 2130 
7622 1573 1689 1378 1457 
7623 1714 1753 938 2234 
7624 913 836 2018 2324 
7625 106 69 2184 2211 
7626 1197 1101 1114 1135 
7627 1969 1194 2237 2246 
7628 1048 1956 2036 2276 
7629 2223 2172 2271 2496 
7630 734 570 580 2256 
7631 810 2112 2212 2446 
7632 1481 1941 2024 1171 
7633 818 871 850 2219 
7634 1003 2313 2345 2521 
7635 1260 1533 1994 2351 
7636 1555 698 1883 2358 
7637 1262 1263 1422 2218 
7638 2030 2058 2353 2374 
7639 1570 1513 2239 2459 
7640 1211 2199 2236 2468 
7641 1140 1443 2052 2444 
7642 1761 915 1487 2120 
7643 1397 755 624 2252 
7644 2293 2176 2296 2405 
7645 1300 1916 2073 2394 
7646 1486 1889 2117 2218 
7647 1833 1080 1354 2447 
7648 296 208 253 2171 
7649 134 110 2064 2192 
7650 2281 1520 1240 1377 
7651 873 1738 2024 1481 
7652 1645 199 985 1117 
7653 1563 1558 2087 2148 
7654 2081 1066 2105 2331 
7655 511 2043 2245 2255 
7656 2045 2239 2260 2459 
7657 721 2022 2220 2469 
7658 253 2103 2171 2455 
7659 2226 2049 2278 2322 
7660 2105 2081 2331 2418 
7661 498 2097 2164 2290 
7662 2086 2079 2123 2458 
7663 903 990 2057 2188 
7664 2104 2062 2300 2465 
7665 2063 1703 2240 2241 
7666 253 346 317 2103 
7667 1724 886 326 2369 
7668 2206 2140 2223 2474 
7669 1350 1211 2082 2396 
7670 1641 1548 2210 2286 
7671 2086 2092 2240 2250 
7672 2262 2226 2461 2477 
7673 169 130 87 2056 
7674 2053 2005 2143 2320 
7675 1457 1573 1630 2415 
7676 1476 1474 1879 2101 
7677 1836 1507 2148 2402 
7678 150 1156 624 2252 
7679 1749 1313 2118 2428 
7680 1237 1189 1081 2414 
7681 193 215 203 287 
7682 1512 991 1577 2303 
7683 1278 1227 1317 2312 
7684 1068 1454 1122 1204 
7685 2115 795 717 2480 
7686 1861 1634 1697 2362 
7687 2125 2397 2404 2515 
7688 2011 2116 2340 2375 
7689 163 265 294 2349 
7690 1776 830 2503 2537 
7691 1710 1560 1657 2228 
7692 379 396 341 2142 
7693 2010 1871 2196 2500 
7694 502 534 2133 2274 
7695 124 100 2014 2192 
7696 1072 966 1088 2312 
7697 836 1163 1050 2462 
7698 125 216 2014 2211 
7699 196 382 227 260 
7700 1564 410 407 2306 
7701 1368 1621 2222 2364 
7702 1064 915 901 2483 
7703 895 1989 2111 2372 
7704 2401 2463 2464 2472 
7705 61 80 69 2167 
7706 2057 2003 2189 2470 
7707 158 1338 2206 2416 
7708 984 982 13 2285 
7709 1435 648 2305 2410 
7710 2109 2258 2365 2493 
7711 810 1049 2070 2112 
7712 2103 2020 2145 2302 
7713 919 862 899 842 
7714 13 2141 2278 2285 
7715 509 652 2017 2146 
7716 2098 1471 2273 2371 
7717 2052 2005 2291 2450 
7718 2009 2081 2329 2508 
7719 618 592 1983 2071 
7720 1398 237 2248 2406 
7721 2140 1143 2223 2474 
7722 1986 1805 2292 2335 
7723 1443 2041 2052 2444 
7724 534 433 477 2274 
7725 2010 1873 2165 2367 
7726 2328 2296 2365 2433 
7727 1039 978 959 941 
7728 574 436 2017 2245 
7729 2019 2029 2187 2530 
7730 886 415 1910 2369 
7731 1576 1594 723 2153 
7732 2005 2053 2143 2444 
7733 2201 2015 2317 2378 
7734 677 759 664 2095 
7735 1581 973 974 2326 
7736 1091 2004 2305 2355 
7737 756 1198 1527 2413 
7738 2058 649 2133 2158 
7739 1054 1097 2218 2229 
7740 347 2010 2170 2429 
7741 2188 925 964 2216 
7742 1918 981 1709 2012 
7743 850 871 2057 2417 
7744 1120 1760 1275 2516 
7745 1939 1971 2049 2141 
7746 233 538 292 2272 
7747 477 325 460 2274 
7748 350 278 369 2302 
7749 935 1054 2215 2229 
7750 1828 1750 1588 2511 
7751 1255 1717 2121 2323 
7752 1851 1486 1000 2117 
7753 904 924 2407 2411 
7754 903 887 847 2057 
7755 645 2080 2228 2315 
7756 1231 1485 1147 1056 
7757 1126 1093 2216 2239 
7758 2112 2048 2124 2128 
7759 1747 2074 2143 2290 
7760 2426 1366 2457 2510 
7761 2250 2086 2296 2478 
7762 2140 2087 2178 2242 
7763 1204 1950 1454 1122 
7764 878 1180 927 1012 
7765 2243 908 2247 2472 
7766 1164 1257 2038 1130 
7767 1759 1478 2448 2497 
7768 1512 1577 167 2303 
7769 1088 1227 2312 2452 
7770 311 1491 1742 2094 
7771 1880 297 2107 2434 
7772 963 1774 914 2337 
7773 2009 2081 2105 2418 
7774 688 853 2084 2267 
7775 1871 1585 1523 2010 
7776 1471 1785 177 2398 
7777 646 620 2133 636 
7778 373 1368 2222 2364 
7779 2161 2244 2336 2442 
7780 834 2134 2215 2419 
7781 1854 1423 1692 2126 
7782 1973 1691 1107 2175 
7783 1524 1984 2165 2252 
7784 2363 2157 2431 2486 
7785 1960 1036 1626 2357 
7786 448 929 2305 2406 
7787 812 735 752 646 
7788 1286 1292 1011 2241 
7789 450 261 2046 2224 
7790 894 423 1609 2254 
7791 975 2069 2174 2318 
7792 1966 1815 1667 2392 
7793 1333 2099 2159 2227 
7794 947 966 2233 2452 
7795 349 369 317 2302 
7796 1834 2125 2234 2341 
7797 2083 2118 2120 2428 
7798 1101 1114 1135 2116 
7799 2133 507 2142 2366 
7800 757 732 2221 2506 
7801 2073 1919 2083 2428 
7802 934 652 724 782 
7803 509 574 436 2017 
7804 2251 1311 2432 2516 
7805 2413 1774 963 2337 
7806 1281 1320 2464 2472 
7807 776 868 717 752 
7808 874 892 927 908 
7809 420 276 295 2533 
7810 1495 1984 2172 2252 
7811 176 1064 2162 2315 
7812 1431 1390 1433 2078 
7813 380 1808 2062 2198 
7814 2068 472 2144 2145 
7815 1046 1181 555 2193 
7816 1243 1324 1432 2160 
7817 2112 2124 2284 2347 
7818 874 892 967 927 
7819 1049 2070 2112 2153 
7820 2134 925 2216 2419 
7821 1970 2049 2102 2248 
7822 892 874 776 795 
7823 1847 494 2321 2405 
7824 352 440 384 426 
7825 2086 1723 2240 2123 
7826 1096 593 1247 2021 
7827 2020 2144 2330 2512 
7828 1703 1572 2240 2241 
7829 1157 1410 1083 2334 
7830 1942 1947 1831 2162 
7831 2066 2071 2100 2140 
7832 1417 1666 1766 2260 
7833 419 386 526 2232 
7834 2085 2520 2524 2542 
7835 1418 1178 2257 2420 
7836 2055 2047 2199 2202 
7837 1009 417 183 2263 
7838 1930 780 2303 2356 
7839 2342 1539 2357 2475 
7840 444 1726 2271 2474 
7841 2019 2100 2107 2359 
7842 2051 1090 2426 2510 
7843 1771 1630 473 2415 
7844 1750 1828 1872 2291 
7845 2030 2342 2353 2433 
7846 572 468 533 2181 
7847 587 109 2100 2359 
7848 489 411 2008 2320 
7849 868 786 814 748 
7850 1709 119 2164 2207 
7851 1247 1096 2021 2275 
7852 1569 1247 2125 2275 
7853 1484 1897 1957 2112 
7854 2221 757 2462 2490 
7855 1527 1651 756 2413 
7856 404 485 386 2270 
7857 2010 2196 2367 2429 
7858 1785 422 177 2398 
7859 2330 783 2388 2512 
7860 1870 1449 2235 2409 
7861 822 855 176 2315 
7862 1332 1507 1559 2132 
7863 1487 313 1761 2120 
7864 1592 1658 1559 2132 
7865 1111 950 2108 1444 
7866 1125 876 1030 2408 
7867 845 601 1691 2175 
7868 2019 2107 2306 2359 
7869 905 751 734 2256 
7870 2133 2103 2142 2274 
7871 258 271 341 251 
7872 2091 2151 2448 2465 
7873 1445 1507 1332 2132 
7874 2114 2259 2494 2495 
7875 1282 1148 2287 2288 
7876 1930 167 1577 2303 
7877 2021 1855 2125 2234 
7878 743 861 2144 2512 
7879 260 382 344 239 
7880 2107 2019 2168 2530 
7881 504 502 2133 2274 
7882 1597 1800 2378 2497 
7883 2072 1018 2209 2389 
7884 260 461 382 2535 
7885 1203 894 2254 348 
7886 1627 1284 2260 2326 
7887 1211 2082 2199 2468 
7888 2075 1539 2287 2475 
7889 2059 2111 2316 2387 
7890 686 1715 498 2097 
7891 291 2245 399 2043 
7892 335 1333 944 2227 
7893 655 683 657 2131 
7894 2086 2079 2169 2337 
7895 1801 1597 2378 2497 
7896 1377 2307 581 2281 
7897 1137 1306 2149 2340 
7898 2107 417 2263 183 
7899 1718 1175 1068 2283 
7900 664 563 595 2388 
7901 1006 947 750 2233 
7902 2149 1306 2277 2340 
7903 234 1960 1626 2357 
7904 766 2068 2144 2538 
7905 1275 1021 2251 1311 
7906 1864 579 1927 2362 
7907 1969 1629 1188 2237 
7908 1445 1498 2132 2489 
7909 622 677 664 2095 
7910 1336 1478 2151 2375 
7911 1682 1248 1556 2300 
7912 1190 1351 2047 2468 
7913 1205 1311 2231 1159 
7914 2049 744 2102 2108 
7915 1842 1885 1602 2383 
7916 1919 1591 2083 2428 
7917 2164 2008 2175 2207 
7918 1263 1514 2218 2229 
7919 2215 1054 2218 2229 
7920 1013 1016 1841 2276 
7921 916 1129 1130 882 
7922 567 1693 2012 2207 
7923 212 314 2007 2224 
7924 1996 1566 324 2128 
7925 1825 1585 1871 2010 
7926 1852 1574 2301 2471 
7927 2046 667 2261 2324 
7928 1616 1140 2052 2078 
7929 389 893 1749 2118 
7930 704 946 2294 864 
7931 1211 1350 1727 2236 
7932 119 1974 2164 2207 
7933 918 391 698 2361 
7934 847 769 715 2421 
7935 848 847 715 2421 
7936 447 212 312 2224 
7937 1027 943 2411 904 
7938 1364 1990 2026 2460 
7939 1433 1390 1327 2078 
7940 2206 2059 2223 2416 
7941 1021 1275 2251 1310 
7942 418 984 490 2285 
7943 1039 1118 2333 2389 
7944 519 1902 2341 2409 
7945 1586 1590 1223 2208 
7946 2253 2059 2316 2485 
7947 433 224 325 2139 
7948 2041 2073 2394 2422 
7949 437 1532 2397 2423 
7950 2104 2011 2116 2340 
7951 1296 1496 1293 2492 
7952 1066 1220 2279 2331 
7953 1927 1812 1634 501 
7954 204 141 2014 2192 
7955 2099 2069 2159 2227 
7956 1318 982 2042 2108 
7957 2021 2125 2275 2423 
7958 1586 565 2200 2386 
7959 2071 1983 2280 2395 
7960 1098 437 2152 2423 
7961 619 583 635 2088 
7962 1828 764 2147 2238 
7963 1413 682 2121 2425 
7964 2025 2201 2249 2524 
7965 2321 1256 2405 2481 
7966 1448 1375 401 2461 
7967 1189 1235 1148 2039 
7968 2097 2012 2235 2409 
7969 67 132 82 2056 
7970 729 699 715 2265 
7971 2018 2224 2324 2473 
7972 2015 2011 2035 2149 
7973 991 140 2400 1946 
7974 2066 2019 2071 2530 
7975 1986 737 1047 2335 
7976 867 905 2220 2532 
7977 740 1860 2345 2377 
7978 1168 1395 2197 2222 
7979 2259 2230 2313 2491 
7980 2041 2034 2073 2422 
7981 742 800 641 2509 
7982 794 2239 2462 2490 
7983 2062 2040 2104 2300 
7984 2113 716 2390 2392 
7985 1573 1689 1456 1378 
7986 2106 11 2262 2425 
7987 1717 1413 2121 2323 
7988 2051 2276 2391 2458 
7989 294 315 367 241 
7990 1439 612 2042 2285 
7991 384 463 321 496 
7992 2299 2059 2387 2416 
7993 263 241 315 2349 
7994 2061 2065 2079 2310 
7995 1120 1310 2279 2516 
7996 1209 1827 1835 2392 
7997 204 163 106 2014 
7998 2036 2079 2123 2193 
7999 1946 1483 1429 2122 
8000 1522 1644 1243 2160 
8001 1275 1762 2432 2516 
8002 1538 1297 1570 2459 
8003 1369 1656 2161 2489 
8004 972 878 907 821 
8005 526 419 2232 2272 
8006 786 728 2407 2508 
8007 2026 2098 2190 2460 
8008 1324 1243 1463 2160 
8009 2008 2053 2143 2320 
8010 2187 2168 2268 2403 
8011 468 505 327 413 
8012 1725 1850 1922 2446 
8013 2069 828 2227 2318 
8014 1142 1914 2223 2496 
8015 2140 2087 2242 2402 
8016 1315 645 1853 2118 
8017 114 179 171 2056 
8018 2264 2296 2458 2478 
8019 1564 407 2148 2306 
8020 779 653 2182 2225 
8021 1936 2152 2341 2409 
8022 1514 1852 2301 2471 
8023 664 595 2145 2388 
8024 637 2183 2195 1491 
8025 2173 1139 2183 2238 
8026 2171 350 2232 2302 
8027 2172 1182 2402 2474 
8028 1990 1501 2269 2460 
8029 172 1311 1762 2432 
8030 684 766 697 2270 
8031 2060 1972 2175 2430 
8032 201 170 2007 2014 
8033 1012 878 907 927 
8034 927 951 907 1012 
8035 395 1796 2195 2238 
8036 2062 2019 2094 2465 
8037 490 13 2129 2285 
8038 2129 13 2278 2285 
8039 951 874 967 927 
8040 1180 878 927 1320 
8041 1124 1180 1012 927 
8042 1071 1028 2220 2384 
8043 927 1027 1124 967 
8044 421 435 391 2361 
8045 1123 1028 1537 2462 
8046 946 1177 1104 980 
8047 1051 794 1093 2239 
8048 795 636 2370 622 
8049 1897 1049 1957 2112 
8050 2070 810 2112 2212 
8051 1717 807 2226 2323 
8052 294 439 2054 265 
8053 1837 1758 2101 2371 
8054 2072 2209 2149 2389 
8055 2310 963 2123 1019 
8056 1183 910 1051 2462 
8057 2008 2164 2175 2235 
8058 2293 2110 2297 2405 
8059 2132 2111 2359 2488 
8060 874 892 908 795 
8061 2071 2019 2395 2530 
8062 1532 1561 2397 2423 
8063 1126 1145 2154 2419 
8064 2401 2435 2463 2472 
8065 465 671 544 589 
8066 936 860 2338 2509 
8067 1351 1190 1424 2468 
8068 2089 108 2121 2410 
8069 1693 593 725 2021 
8070 206 253 173 247 
8071 1273 1568 2040 2104 
8072 496 671 2131 544 
8073 386 526 2232 2270 
8074 2520 2085 2539 2541 
8075 2051 2013 2342 2426 
8076 2094 1985 2213 2400 
8077 478 1595 2259 2369 
8078 2257 2214 2408 2466 
8079 2110 494 2297 2405 
8080 986 2338 2509 2538 
8081 369 440 426 472 
8082 2400 374 1202 2122 
8083 1788 2071 2100 2395 
8084 455 461 511 2533 
8085 852 819 2063 2240 
8086 641 656 2225 2272 
8087 2395 2263 2487 2530 
8088 1475 424 93 2398 
8089 544 671 658 589 
8090 1123 1417 2221 2462 
8091 523 357 345 365 
8092 440 426 472 496 
8093 506 468 505 572 
8094 1117 180 2155 2250 
8095 2079 2086 2169 2478 
8096 1706 2313 2521 2537 
8097 262 216 263 2349 
8098 163 226 450 2349 
8099 137 242 185 120 
8100 2127 2009 2309 2527 
8101 1498 1495 1467 2132 
8102 396 341 287 251 
8103 991 1985 2094 2400 
8104 622 664 548 2095 
8105 2091 2029 2187 2465 
8106 704 673 809 2532 
8107 528 425 307 2438 
8108 1036 1926 1856 2382 
8109 313 1919 2120 2428 
8110 859 1121 2165 2367 
8111 1742 637 1808 2198 
8112 226 2007 2054 2349 
8113 320 267 322 2001 
8114 455 511 597 2533 
8115 1161 2187 2487 2530 
8116 1739 1973 2060 2430 
8117 195 1955 2191 2446 
8118 2230 2259 2365 2491 
8119 1067 2470 2528 2529 
8120 1273 1102 1199 2104 
8121 1698 1886 2285 2429 
8122 2062 2019 2087 2178 
8123 1697 1519 1151 1285 
8124 388 187 2535 2536 
8125 2209 2015 2418 2527 
8126 1309 1200 1201 2528 
8127 1137 1040 2149 2334 
8128 2083 893 2118 2428 
8129 172 1329 2368 2542 
8130 2032 2185 2188 2417 
8131 216 2014 2177 2349 
8132 742 641 2225 2509 
8133 690 551 2394 2422 
8134 2299 2059 2316 2387 
8135 2212 1456 2347 2463 
8136 1629 1969 1194 2237 
8137 561 2020 2171 2272 
8138 2111 2059 2206 2387 
8139 2188 925 2216 2417 
8140 496 575 657 655 
8141 1840 1309 2266 2403 
8142 1370 883 1767 2541 
8143 1201 1119 1339 2528 
8144 1938 1315 822 2315 
8145 1465 1522 1432 2160 
8146 1530 923 2148 2359 
8147 555 1341 1593 2193 
8148 1076 965 2321 2481 
8149 170 262 2007 2014 
8150 513 500 307 441 
8151 757 721 2220 2462 
8152 1231 1147 1234 1264 
8153 1103 647 559 2504 
8154 1192 1774 2086 2250 
8155 1742 1808 380 2198 
8156 1790 1522 1465 2160 
8157 1787 571 2008 2430 
8158 2030 2166 2445 2479 
8159 2142 2139 2274 2314 
8160 1351 2055 2382 2475 
8161 1455 1173 2034 2083 
8162 2076 2225 2319 2509 
8163 2074 2097 2143 2290 
8164 2092 2063 2230 2296 
8165 1295 1291 2412 2513 
8166 315 2054 2163 2349 
8167 1823 1833 1826 1374 
8168 2089 2004 2121 2248 
8169 878 907 927 908 
8170 2004 2049 2121 2248 
8171 1277 1444 2108 2323 
8172 2011 2104 2116 2465 
8173 1513 1627 1163 2462 
8174 1856 1211 1727 2468 
8175 1548 1431 1789 2467 
8176 2218 2117 2229 2301 
8177 1580 1690 2271 1505 
8178 2109 1805 2335 2493 
8179 1916 703 1300 2073 
8180 1281 1485 1231 2311 
8181 289 300 1818 2248 
8182 404 474 2068 2232 
8183 1847 2293 2297 2405 
8184 861 976 2144 2202 
8185 1800 2378 2497 2525 
8186 1466 830 1978 2540 
8187 256 1903 1579 2147 
8188 348 1492 1956 2193 
8189 2119 2013 2350 2479 
8190 1842 1415 2037 2383 
8191 626 576 743 2131 
8192 1706 1776 1862 2503 
8193 1926 1211 1856 2468 
8194 729 2136 2265 2529 
8195 2091 2011 2168 2201 
8196 657 658 589 553 
8197 1345 1257 2038 2312 
8198 1676 1979 2106 2425 
8199 463 384 349 440 
8200 1677 1402 151 2406 
8201 1588 1293 2492 2511 
8202 294 2054 315 2349 
8203 574 663 2156 560 
8204 1183 1513 1163 2462 
8205 204 141 2007 2014 
8206 2007 2256 312 2224 
8207 404 386 474 2232 
8208 262 2192 189 2014 
8209 1008 380 1302 2178 
8210 576 743 683 658 
8211 1474 1879 2101 2228 
8212 679 1046 707 2036 
8213 1598 1662 1120 2279 
8214 744 1108 1711 2141 
8215 1149 1350 2082 2396 
8216 265 450 2054 2349 
8217 141 201 2007 2014 
8218 1403 376 371 2344 
8219 1022 979 1175 2283 
8220 10 598 1252 2343 
8221 2385 2176 2405 2481 
8222 474 486 588 543 
8223 983 682 1413 2425 
8224 1943 1368 1357 2364 
8225 1234 1771 2311 1485 
8226 845 1691 1098 2175 
8227 372 1698 418 2285 
8228 1638 2000 1998 2307 
8229 1485 1147 1056 1234 
8230 180 2086 2240 2250 
8231 2019 2168 2187 2465 
8232 652 762 639 782 
8233 836 910 1183 2462 
8234 1147 1056 1234 1033 
8235 165 1839 2266 2403 
8236 2032 2061 2065 2079 
8237 2116 2062 2448 2465 
8238 2358 2275 2399 2515 
8239 2196 2077 2285 2429 
8240 2249 2031 2296 2524 
8241 1147 1234 1264 1033 
8242 719 1212 2113 2399 
8243 892 868 2027 2401 
8244 2022 603 2220 2532 
8245 1456 1180 2347 2464 
8246 447 2224 2256 2473 
8247 1204 1950 1122 1205 
8248 2280 2071 2343 2517 
8249 194 92 223 111 
8250 2153 2031 2393 2439 
8251 1537 1627 1666 2462 
8252 496 657 544 2131 
8253 1428 1521 1584 2077 
8254 1421 983 1413 2461 
8255 1548 1430 1431 2467 
8256 2018 913 2324 2380 
8257 647 326 478 2114 
8258 2264 2030 2353 2433 
8259 548 2095 2133 2370 
8260 2464 1281 2472 2523 
8261 1309 1201 2266 2528 
8262 1599 1624 2266 2470 
8263 831 790 850 2534 
8264 491 522 492 2469 
8265 838 743 2144 626 
8266 690 1300 703 2394 
8267 1771 473 2050 2415 
8268 576 426 321 496 
8269 435 434 1964 2361 
8270 2020 2095 2103 2145 
8271 485 404 486 2270 
8272 2031 2048 2249 2435 
8273 293 463 349 440 
8274 2185 2266 2470 2478 
8275 394 688 2084 2267 
8276 1864 1861 1697 2362 
8277 1790 347 2010 2170 
8278 2115 826 2127 2451 
8279 1990 823 2321 813 
8280 426 576 472 496 
8281 2170 2010 2367 2429 
8282 1764 1319 2254 2276 
8283 684 632 726 2068 
8284 456 465 321 352 
8285 575 463 440 496 
8286 2019 2029 2090 2465 
8287 187 308 222 2436 
8288 2019 2140 2148 2402 
8289 1600 2045 2065 2498 
8290 1295 2161 2489 2513 
8291 587 1791 2100 2395 
8292 738 853 688 2267 
8293 2166 2028 2376 2445 
8294 990 887 2057 2189 
8295 518 445 447 2256 
8296 795 677 2370 2480 
8297 1622 1568 1199 2104 
8298 2090 2029 2424 2465 
8299 575 544 657 553 
8300 353 337 254 457 
8301 432 465 456 299 
8302 2439 1420 1910 2377 
8303 329 1479 2169 2403 
8304 1291 1270 2412 2513 
8305 284 210 362 2007 
8306 72 1977 1063 2531 
8307 1306 1137 2149 2334 
8308 2003 2136 2528 2529 
8309 383 304 318 2535 
8310 1260 736 2351 1330 
8311 1294 1245 2412 1392 
8312 2201 2190 2378 2499 
8313 732 2221 2294 2490 
8314 663 2088 2156 2233 
8315 1086 946 1222 1104 
8316 1533 1772 1170 2351 
8317 671 496 321 465 
8318 2220 905 2384 2532 
8319 671 743 576 658 
8320 120 242 107 137 
8321 2267 853 2369 2439 
8322 544 465 589 515 
8323 2019 2090 2094 2465 
8324 401 1375 1717 2461 
8325 2009 2127 2418 2527 
8326 2024 2063 2365 2491 
8327 658 671 546 589 
8328 305 309 452 2400 
8329 1772 628 771 2351 
8330 299 339 393 430 
8331 1770 473 2050 2443 
8332 155 104 107 154 
8333 657 544 658 553 
8334 589 393 430 546 
8335 299 465 336 430 
8336 610 1032 2388 801 
8337 1495 1182 2132 2172 
8338 163 450 265 2349 
8339 1786 1772 771 2351 
8340 2090 2094 2213 2400 
8341 575 657 655 553 
8342 2111 923 2359 2488 
8343 1067 2265 2470 2529 
8344 2071 10 2343 2517 
8345 260 382 227 2535 
8346 1246 1482 1994 2351 
8347 196 382 260 239 
8348 2002 405 500 2438 
8349 2094 2090 2204 2465 
8350 497 611 2437 2533 
8351 2063 2230 2365 2491 
8352 1253 1222 1086 2294 
8353 1127 1170 1772 2351 
8354 2068 526 2232 2272 
8355 428 691 1397 2496 
8356 393 515 430 487 
8357 463 384 321 279 
8358 603 704 2220 2532 
8359 339 299 336 430 
8360 253 345 215 247 
8361 394 738 2267 2447 
8362 321 336 352 465 
8363 2338 2076 2509 2538 
8364 299 432 546 393 
8365 349 369 278 317 
8366 1316 853 1138 2439 
8367 1622 1568 2104 2168 
8368 393 589 430 515 
8369 1042 1309 2194 2427 
8370 1344 968 1141 1010 
8371 1008 1822 2140 2242 
8372 2144 2076 2202 2538 
8373 2097 2235 2320 2409 
8374 1589 1949 2346 1232 
8375 460 2133 2274 2314 
8376 2133 2058 2158 2454 
8377 1785 1471 1172 2460 
8378 253 296 2171 2302 
8379 1007 1344 2304 2466 
8380 1257 1164 1030 1230 
8381 1063 1977 338 2008 
8382 223 205 259 2139 
8383 1185 1029 1144 1259 
8384 2243 2166 2311 2376 
8385 469 630 2245 564 
8386 505 327 413 356 
8387 2054 294 315 367 
8388 2050 2070 2328 2463 
8389 1406 1477 1450 2448 
8390 124 189 134 2192 
8391 2191 1274 2379 2383 
8392 582 773 2316 2387 
8393 124 2014 2184 2211 
8394 204 141 212 2007 
8395 729 784 2332 2529 
8396 766 2144 958 2538 
8397 1322 1430 2286 2327 
8398 768 335 2099 2517 
8399 1860 1699 1565 2393 
8400 170 362 210 2007 
8401 1881 1700 718 2344 
8402 1453 2097 2320 2409 
8403 656 766 742 2509 
8404 1131 1945 1162 2514 
8405 1287 1722 2320 2409 
8406 1419 1954 2383 2505 
8407 769 887 1067 2265 
8408 1507 1836 2132 2402 
8409 1228 1725 2298 1628 
8410 1432 1215 1290 2160 
8411 1569 1611 2275 2515 
8412 473 1573 2050 2415 
8413 1737 901 1729 2483 
8414 717 752 2115 2158 
8415 1553 1470 1890 2361 
8416 698 2390 1555 922 
8417 1964 1611 1569 2515 
8418 806 2089 2305 2410 
8419 2125 2021 2397 2423 
8420 913 761 2324 2380 
8421 42 1878 2083 2486 
8422 73 82 156 2056 
8423 659 534 477 2133 
8424 436 291 413 343 
8425 860 742 766 2509 
8426 1344 1109 1228 1141 
8427 1945 1131 2170 2514 
8428 968 1109 1007 1344 
8429 663 574 2156 583 
8430 2011 2035 2168 2201 
8431 248 2533 2535 2536 
8432 1621 1943 2024 2364 
8433 699 729 2136 2265 
8434 1955 1725 2191 2446 
8435 1015 1281 2311 2472 
8436 1419 1954 2191 2383 
8437 1502 1507 1445 2132 
8438 698 1845 1883 2358 
8439 1138 853 2267 2439 
8440 2244 1945 2412 2514 
8441 1750 1828 2291 2511 
8442 2039 2338 2414 2445 
8443 554 2097 1906 1715 
8444 307 500 2002 441 
8445 975 2069 2159 2174 
8446 107 242 154 137 
8447 1782 1939 1701 2141 
8448 2076 2144 2330 2538 
8449 959 919 1018 2389 
8450 934 724 880 782 
8451 1243 1432 1522 2160 
8452 402 528 541 2438 
8453 2199 2028 2202 2396 
8454 681 2457 2051 1016 
8455 1202 140 2400 306 
8456 1946 2094 2122 2400 
8457 889 1044 1226 2257 
8458 278 296 253 2302 
8459 531 2130 2267 2447 
8460 1589 2345 2346 2521 
8461 1432 1290 1465 2160 
8462 1307 1092 2341 2397 
8463 532 557 447 2473 
8464 1895 1936 2152 1307 
8465 876 880 1125 1030 
8466 1456 1770 2050 2212 
8467 1606 1607 1471 2273 
8468 1985 2090 2213 2400 
8469 2185 2169 2266 2478 
8470 1372 1335 2375 2448 
8471 531 495 1049 2130 
8472 1293 1750 2492 2511 
8473 103 144 91 71 
8474 1438 1392 2244 2412 
8475 1872 1828 363 2291 
8476 468 412 467 413 
8477 914 1907 669 2061 
8478 1514 1422 1263 2218 
8479 847 848 2057 2421 
8480 1805 1206 2013 2493 
8481 1487 915 1064 2483 
8482 724 877 880 782 
8483 103 91 102 71 
8484 796 790 758 2440 
8485 652 934 762 782 
8486 512 625 2146 2437 
8487 404 386 2232 2270 
8488 1058 986 2039 2288 
8489 237 238 727 2089 
8490 1585 1873 2010 2367 
8491 2267 368 738 853 
8492 2198 2204 2448 2465 
8493 596 511 2043 2533 
8494 377 312 284 2007 
8495 1453 686 2097 2409 
8496 663 2088 2233 2408 
8497 2005 252 2143 2290 
8498 909 1168 2197 2222 
8499 1188 2130 2237 2443 
8500 1317 1345 1259 2312 
8501 1172 1607 2273 2460 
8502 207 184 2177 2211 
8503 413 291 327 343 
8504 2258 2109 2335 2493 
8505 285 397 2007 2044 
8506 2040 2062 2104 2465 
8507 1946 374 140 2400 
8508 643 989 2297 1279 
8509 638 667 761 2261 
8510 2058 2076 2319 2353 
8511 628 1186 771 2351 
8512 2114 2138 2364 2504 
8513 450 226 2054 2349 
8514 305 140 309 2400 
8515 1127 1772 1786 2351 
8516 274 315 2163 2349 
8517 2249 2309 2418 2527 
8518 2066 1252 2122 2400 
8519 555 1297 1305 2348 
8520 836 1050 2220 2462 
8521 1429 1946 2122 2400 
8522 854 794 2239 2462 
8523 1042 1200 1309 2528 
8524 513 528 320 307 
8525 1339 1067 2470 2528 
8526 208 278 296 253 
8527 854 721 2462 910 
8528 1119 1201 1200 2528 
8529 929 806 2305 2410 
8530 1233 1649 944 2295 
8531 814 924 892 2027 
8532 1563 1451 2040 2087 
8533 762 652 639 625 
8534 1018 919 2209 2389 
8535 1033 783 956 2381 
8536 413 291 356 327 
8537 2069 975 2159 2227 
8538 1389 1866 2051 2510 
8539 1904 152 2034 2422 
8540 2005 2097 2143 2320 
8541 1561 2275 2397 2423 
8542 440 472 2145 2360 
8543 1576 1138 2267 2439 
8544 1421 1413 1717 2461 
8545 1483 1946 2094 2122 
8546 1035 1566 1484 2128 
8547 2223 444 2271 2474 
8548 2138 1357 2364 1765 
8549 120 228 145 2535 
8550 381 508 397 2044 
8551 653 800 2182 2225 
8552 2006 966 2312 2452 
8553 108 1255 2121 2323 
8554 1736 1676 2106 2425 
8555 2216 2045 2490 2498 
8556 170 262 362 2007 
8557 212 301 312 2007 
8558 1426 1944 2052 2289 
8559 623 416 2046 2261 
8560 1161 1360 2263 2487 
8561 1034 1099 2082 2396 
8562 285 381 397 2044 
8563 104 107 154 137 
8564 2301 2264 2353 2433 
8565 2186 1450 2198 2448 
8566 669 914 2061 2310 
8567 1612 1428 1584 2077 
8568 2062 2198 2448 2465 
8569 2309 2009 2418 2527 
8570 573 594 2044 508 
8571 890 2088 2482 617 
8572 2365 2259 2393 2439 
8573 1478 2151 2448 2497 
8574 2015 2277 2334 2418 
8575 1174 1976 2208 2273 
8576 759 801 1032 2247 
8577 1250 1336 2340 2375 
8578 433 502 504 2274 
8579 2137 2124 2231 2368 
8580 529 500 497 2438 
8581 640 631 2255 596 
8582 1750 2291 2450 2511 
8583 107 185 155 154 
8584 439 416 484 2261 
8585 2500 1551 1871 2196 
8586 2097 1687 2005 2290 
8587 2130 2258 2365 2439 
8588 1097 2229 2319 2338 
8589 222 308 2001 2436 
8590 910 854 1051 2462 
8591 528 529 541 2438 
8592 1620 1976 1174 2273 
8593 185 187 295 2535 
8594 831 714 2451 2534 
8595 2106 2367 1825 2196 
8596 901 1737 2173 2483 
8597 2015 2249 2418 2527 
8598 62 51 55 47 
8599 1579 1719 1583 2147 
8600 267 307 2001 320 
8601 218 239 260 344 
8602 2144 2020 2330 2538 
8603 2166 2030 2374 2480 
8604 1026 1326 1219 332 
8605 307 358 2436 2438 
8606 860 986 2509 2538 
8607 1466 1978 2521 2537 
8608 2258 2084 2365 2439 
8609 1439 1288 542 2042 
8610 222 187 185 186 
8611 1938 176 2162 2476 
8612 2346 2313 2503 2537 
8613 229 295 2436 2536 
8614 1642 1978 1706 2537 
8615 228 187 242 185 
8616 1768 1497 1153 2241 
8617 2031 2328 2365 2439 
8618 1316 415 2369 2439 
8619 144 95 91 136 
8620 2057 2003 2265 2534 
8621 120 228 242 185 
8622 2077 347 2129 2429 
8623 441 320 322 2001 
8624 541 599 2437 2438 
8625 497 500 405 2438 
8626 402 541 2437 2438 
8627 420 402 2437 2438 
8628 513 528 307 2438 
8629 500 513 307 2438 
8630 1789 1980 1747 2143 
8631 121 191 129 139 
8632 796 758 2058 2440 
8633 680 781 712 2441 
8634 260 248 461 2535 
8635 2058 758 2339 2440 
8636 1234 1692 2126 2311 
8637 222 139 235 191 
8638 358 420 295 2536 
8639 358 2436 2438 2536 
8640 1451 1273 2040 2300 
8641 267 2002 322 2001 
8642 307 320 2002 2001 
8643 1916 1733 2073 2483 
8644 1316 1138 415 2439 
8645 2002 441 322 2001 
8646 215 345 2103 2366 
8647 139 222 235 186 
8648 2264 2440 2451 2534 
8649 1716 681 2051 2276 
8650 320 513 441 322 
8651 2244 2161 2412 2513 
8652 736 1512 2303 1330 
8653 151 648 514 2305 
8654 1408 803 151 2355 
8655 1946 991 311 2094 
8656 346 317 264 247 
8657 2226 2106 2278 2477 
8658 321 352 280 279 
8659 1608 394 688 2084 
8660 168 129 191 2001 
8661 1770 1922 1308 2212 
8662 121 139 129 159 
8663 358 235 2436 229 
8664 788 699 714 2265 
8665 1697 1519 1285 1361 
8666 625 640 2146 2437 
8667 1703 1572 994 2240 
8668 129 235 191 2001 
8669 104 155 107 81 
8670 1138 1576 2393 2439 
8671 107 185 154 242 
8672 162 181 95 136 
8673 405 2002 2436 2438 
8674 213 203 287 251 
8675 107 185 187 155 
8676 674 777 580 2044 
8677 276 512 2146 2437 
8678 187 388 2436 2536 
8679 191 121 129 168 
8680 139 129 235 191 
8681 788 831 2265 2534 
8682 1420 1138 2393 2439 
8683 599 611 640 2437 
8684 2130 2153 2267 2439 
8685 640 596 2146 2437 
8686 222 308 191 2001 
8687 235 222 191 2001 
8688 2377 1420 2393 2439 
8689 850 790 2219 2534 
8690 2219 790 2440 2534 
8691 850 2219 2417 2534 
8692 358 420 229 295 
8693 2136 714 2265 2534 
8694 2153 1576 2267 2439 
8695 2003 2185 2264 2534 
8696 766 656 2270 2538 
8697 358 229 2436 2536 
8698 2437 497 2533 2536 
8699 242 137 185 154 
8700 162 95 153 136 
8701 137 120 145 153 
8702 2084 2130 2267 2439 
8703 2031 2153 2328 2439 
8704 2130 2084 2258 2439 
8705 352 299 465 336 
8706 95 79 103 102 
8707 95 144 103 136 
8708 2264 2417 2440 2534 
8709 2265 831 2421 2534 
8710 850 2057 2421 2534 
8711 2003 2264 2451 2534 
8712 831 850 2421 2534 
8713 291 343 399 260 
8714 2400 590 991 1985 
8715 383 388 2535 2536 
8716 557 604 2022 603 
8717 87 73 114 55 
8718 871 903 847 2057 
8719 155 104 154 66 
8720 104 155 81 66 
8721 162 95 103 153 
8722 95 103 153 136 
8723 727 237 2089 2248 
8724 1538 1346 1851 2117 
8725 181 162 227 136 
8726 91 95 102 136 
8727 103 144 153 136 
8728 1723 837 2063 2123 
8729 144 103 91 102 
8730 95 144 91 102 
8731 144 95 103 102 
8732 2212 2112 2347 2446 
8733 857 694 881 2182 
8734 1741 1975 13 2129 
8735 567 1154 2175 725 
8736 102 103 71 79 
8737 388 405 2436 2536 
8738 497 383 2533 2536 
8739 605 797 615 2269 
8740 2533 383 2535 2536 
8741 2436 405 2438 2536 
8742 248 295 2533 2536 
8743 420 2437 2533 2536 
8744 382 181 196 227 
8745 2437 420 2438 2536 
8746 1297 1538 2217 2459 
8747 162 181 227 260 
8748 1483 1328 2122 2140 
8749 56 1510 1672 540 
8750 91 102 71 79 
8751 1917 24 1914 2223 
8752 344 461 469 382 
8753 276 260 461 343 
8754 344 461 260 399 
8755 1661 676 1216 1663 
8756 93 1800 2398 2525 
8757 1634 1697 1151 1285 
8758 1065 942 2081 2331 
8759 2028 2202 2376 2445 
8760 181 162 95 196 
8761 162 181 260 196 
8762 181 382 196 239 
8763 66 137 104 154 
8764 1957 1035 1484 2128 
8765 2108 2004 2323 2355 
8766 2051 2109 2222 2365 
8767 1266 1694 2262 2461 
8768 1101 1062 2333 2340 
8769 507 548 379 2366 
8770 1484 1566 188 2128 
8771 271 258 213 251 
8772 1028 1123 2220 2462 
8773 2049 2004 2121 2323 
8774 1924 2013 2203 2236 
8775 32 51 62 47 
8776 329 2169 2250 2478 
8777 1532 1529 2275 2423 
8778 2418 2127 2526 2527 
8779 2013 2328 2479 2493 
8780 1980 256 1567 2291 
8781 2219 2353 2182 2215 
8782 670 324 1566 2128 
8783 346 253 317 247 
8784 1946 991 2094 2400 
8785 346 345 253 247 
8786 1328 1647 2122 2140 
8787 1463 1679 1324 2500 
8788 2176 2069 2227 2318 
8789 2091 2026 2098 2190 
8790 206 317 247 264 
8791 682 1940 727 2425 
8792 169 73 82 156 
8793 848 850 871 2057 
8794 802 520 525 2316 
8795 169 179 230 130 
8796 1517 1735 1632 1241 
8797 1220 1410 2279 2331 
8798 203 148 213 160 
8799 1139 1729 2173 1737 
8800 1868 909 2109 2484 
8801 345 346 2103 2366 
8802 1304 1447 1218 2300 
8803 2277 1597 2317 2378 
8804 156 200 209 257 
8805 341 271 213 251 
8806 1976 1223 1590 2208 
8807 2132 1836 2148 2402 
8808 802 582 773 2316 
8809 2187 2091 2201 2424 
8810 636 622 507 2370 
8811 1091 2108 2323 2355 
8812 2310 2348 2449 2518 
8813 648 1082 2305 2410 
8814 258 271 213 230 
8815 2181 750 2233 2482 
8816 1765 1103 2364 2504 
8817 179 258 148 213 
8818 142 2008 2053 2531 
8819 1252 2071 2343 2400 
8820 678 1930 2303 2356 
8821 926 1126 2154 2419 
8822 1040 978 2149 2334 
8823 1102 1199 2104 2333 
8824 1348 1282 2287 2471 
8825 1368 1943 1621 2364 
8826 1656 1499 2161 2442 
8827 1055 590 1512 2303 
8828 2161 1656 2372 2488 
8829 2091 2026 2201 2424 
8830 2032 2188 2216 2417 
8831 179 115 114 171 
8832 2103 346 2325 2366 
8833 171 88 99 115 
8834 1151 1381 1285 1361 
8835 2185 2057 2188 2417 
8836 1338 1777 1780 2416 
8837 925 2134 2216 2417 
8838 2055 2028 2199 2203 
8839 88 171 114 115 
8840 2102 2004 2108 2355 
8841 1980 2005 2143 2450 
8842 2313 2230 2346 2503 
8843 1480 1201 1339 2266 
8844 592 1791 2071 1788 
8845 344 461 399 469 
8846 165 675 2169 2266 
8847 171 99 203 160 
8848 87 169 156 73 
8849 171 148 179 160 
8850 179 115 171 160 
8851 2161 1656 2488 2489 
8852 2025 2296 2405 2524 
8853 1676 1736 2106 2501 
8854 1530 407 2306 2359 
8855 1480 1840 1201 2266 
8856 1662 1760 1120 2516 
8857 1582 1428 2077 2500 
8858 714 2136 2451 2534 
8859 99 171 115 160 
8860 803 1091 2305 2355 
8861 803 1408 1540 2355 
8862 682 727 1255 2121 
8863 88 115 114 55 
8864 1443 411 2005 2053 
8865 1694 606 1121 2367 
8866 73 51 88 55 
8867 51 73 62 55 
8868 302 1624 1600 2065 
8869 1468 792 24 2416 
8870 431 1333 1089 2487 
8871 1424 1926 2382 2468 
8872 1299 1707 2289 1269 
8873 518 570 751 2256 
8874 653 800 694 2182 
8875 986 2039 2338 2414 
8876 576 626 472 2131 
8877 825 1754 41 2111 
8878 2124 2298 2347 2446 
8879 1887 1305 1538 2067 
8880 1735 1779 1352 1241 
8881 2079 2169 2185 2478 
8882 1539 1235 2075 2287 
8883 1491 311 1985 2094 
8884 1519 1151 1285 1361 
8885 1519 1697 1362 1361 
8886 1139 1915 409 2183 
8887 2026 2096 2201 2424 
8888 409 1755 1139 2183 
8889 2291 2431 2450 2492 
8890 916 1129 2017 2255 
8891 2014 262 2163 2349 
8892 1318 542 668 2042 
8893 984 418 542 2042 
8894 730 1889 2036 2067 
8895 1390 1388 2078 2093 
8896 1479 2187 2268 2403 
8897 2160 2170 2412 2514 
8898 691 1690 1397 2496 
8899 1878 1173 775 2486 
8900 677 795 908 2480 
8901 167 780 736 2303 
8902 356 505 414 2245 
8903 1299 1446 2363 1442 
8904 2244 370 2336 2442 
8905 881 1075 1014 2215 
8906 2132 2161 2488 2489 
8907 1256 965 1407 2481 
8908 792 1777 24 2416 
8909 795 2115 717 776 
8910 302 1952 1267 2065 
8911 1271 1293 2431 2492 
8912 2036 707 2067 2348 
8913 1306 2151 2277 2340 
8914 2166 2030 2401 2435 
8915 44 84 124 2184 
8916 720 409 1491 2183 
8917 2156 2088 2181 2233 
8918 800 881 694 2182 
8919 1805 1508 2292 2493 
8920 637 1742 2195 2198 
8921 688 1724 2084 2369 
8922 2371 1759 2448 2497 
8923 1091 1265 2305 2323 
8924 842 844 2127 2508 
8925 831 815 788 2421 
8926 1455 775 1173 2083 
8927 2018 2022 2453 2473 
8928 2266 1339 2470 2528 
8929 26 7 28 20 
8930 2296 2086 2458 2478 
8931 1656 1658 2488 2489 
8932 1513 2239 2459 2462 
8933 1899 1740 2074 2430 
8934 766 684 2068 2270 
8935 1330 1482 2351 1260 
8936 1738 1941 400 2024 
8937 871 850 2219 2417 
8938 751 570 734 2256 
8939 1316 688 2084 2369 
8940 346 293 2145 2325 
8941 1627 1849 2326 2459 
8942 2013 2051 2197 2426 
8943 694 834 650 2182 
8944 1344 1628 2037 2214 
8945 911 991 590 2303 
8946 1336 1478 2375 2448 
8947 2098 2101 2371 2476 
8948 873 1784 2024 2063 
8949 1123 829 905 2220 
8950 2230 2063 2241 2540 
8951 10 166 2343 2517 
8952 1178 1227 1045 2452 
8953 1256 494 823 2321 
8954 1102 1062 1039 1116 
8955 836 2220 2384 2469 
8956 1581 974 1284 2326 
8957 777 734 2256 2441 
8958 1895 2152 437 2397 
8959 929 514 2305 2406 
8960 1847 1216 643 2297 
8961 1627 1849 1284 2326 
8962 656 641 526 2272 
8963 1741 1613 2129 2278 
8964 923 2148 2359 2488 
8965 816 1617 1982 2457 
8966 1117 985 1645 2250 
8967 1612 1701 1582 2278 
8968 778 909 2197 1298 
8969 1042 1118 1041 2072 
8970 2243 2166 2330 2480 
8971 1679 2010 1324 2500 
8972 1519 1459 1812 1151 
8973 1979 1676 11 2425 
8974 1696 1575 1517 1857 
8975 1717 108 807 2323 
8976 488 1052 2109 2484 
8977 1742 1491 2195 2204 
8978 1562 1713 1836 2148 
8979 2125 2021 2234 2341 
8980 2168 2187 2268 2434 
8981 1588 1528 2511 1496 
8982 1605 1784 2051 2222 
8983 1586 605 615 2269 
8984 2068 404 2232 2270 
8985 1517 1238 1241 1575 
8986 93 424 2190 2398 
8987 768 598 2343 760 
8988 1685 987 1595 2494 
8989 1971 1818 2248 1970 
8990 1051 1093 1126 2239 
8991 2256 2018 2384 2453 
8992 416 450 451 2046 
8993 1527 1723 819 2240 
8994 864 946 827 704 
8995 1132 1361 1381 1134 
8996 430 355 393 487 
8997 1067 1339 863 2528 
8998 2360 2145 2388 2512 
8999 893 1596 1749 2428 
9000 1074 1144 1185 2373 
9001 2013 2051 2342 2433 
9002 442 799 2379 324 
9003 90 1854 2119 1962 
9004 2138 931 2258 2484 
9005 2092 2174 2176 2318 
9006 544 575 657 496 
9007 1407 1214 1649 944 
9008 753 1699 1860 2393 
9009 2011 2015 2035 2201 
9010 555 679 1046 707 
9011 944 760 1076 1214 
9012 298 1479 2187 2268 
9013 1997 1240 787 929 
9014 1792 1398 2281 448 
9015 448 1398 2281 1968 
9016 1981 1524 2165 1156 
9017 453 473 1770 2443 
9018 281 895 2111 2372 
9019 1796 363 764 395 
9020 266 579 1864 2362 
9021 1741 1975 1711 13 
9022 2130 2237 2258 2282 
9023 1520 1820 998 995 
9024 1820 1520 998 1892 
9025 864 960 827 946 
9026 985 1511 1020 2250 
9027 1803 1597 1800 2525 
9028 2436 295 2535 2536 
9029 1552 1387 1582 2500 
9030 898 2329 805 746 
9031 2030 2264 2296 2433 
9032 45 70 39 2184 
9033 2161 2336 2372 2442 
9034 175 1757 1530 2359 
9035 1500 1447 1793 2300 
9036 829 2220 2506 2532 
9037 2090 2204 2208 2386 
9038 864 960 946 1104 
9039 946 864 1104 1086 
9040 1827 1209 2390 2392 
9041 183 410 417 297 
9042 1400 828 2227 2295 
9043 1734 1100 1383 1731 
9044 1126 2216 2217 2239 
9045 1669 1969 1037 2282 
9046 2034 2023 2073 2083 
9047 1150 1149 1350 1211 
9048 120 304 242 2535 
9049 1771 1234 1630 1485 
9050 698 1106 1542 922 
9051 1542 391 698 918 
9052 193 215 287 2142 
9053 1918 1714 981 2012 
9054 394 2084 2130 2267 
9055 2222 1023 1171 957 
9056 859 1121 1981 2165 
9057 685 1048 730 816 
9058 812 790 2339 735 
9059 1707 1299 2289 1653 
9060 208 253 2171 2455 
9061 1083 898 2329 839 
9062 1823 891 723 1594 
9063 496 671 321 576 
9064 1986 1508 2292 1805 
9065 671 496 465 544 
9066 2202 2055 2414 2445 
9067 1645 199 600 985 
9068 1785 1364 2190 2398 
9069 1654 1370 1816 2085 
9070 1173 1167 2034 2486 
9071 50 68 52 100 
9072 275 416 450 451 
9073 2049 2121 2248 2322 
9074 641 653 538 2272 
9075 1216 1229 2297 2345 
9076 1781 2041 2291 2394 
9077 907 759 2247 821 
9078 1761 2073 147 1733 
9079 2004 2089 2410 2305 
9080 134 50 124 2192 
9081 1063 1977 2008 2531 
9082 963 1192 2413 754 
9083 1039 978 941 1040 
9084 2027 2251 2435 2519 
9085 179 258 213 230 
9086 2287 2055 2342 2445 
9087 226 163 2014 2349 
9088 614 2532 2453 672 
9089 2027 2009 2105 2519 
9090 2009 2027 2249 2519 
9091 727 1940 2121 2425 
9092 913 798 836 2324 
9093 1878 1707 2289 1653 
9094 1922 2212 2347 2446 
9095 2057 2185 2188 2189 
9096 479 357 523 365 
9097 299 352 465 456 
9098 336 352 299 280 
9099 2402 2172 2223 2132 
9100 72 2093 2286 2467 
9101 1767 2179 56 2539 
9102 1188 2070 2130 2443 
9103 1064 2120 2173 2315 
9104 1307 2152 1895 2397 
9105 197 205 164 214 
9106 774 1550 2241 1703 
9107 1732 1639 1928 1908 
9108 1503 1366 1636 1982 
9109 601 1112 2060 2175 
9110 2028 2013 2445 2479 
9111 1473 1528 2228 1506 
9112 503 617 602 583 
9113 2050 2119 2311 2479 
9114 823 1510 2321 540 
9115 1949 1589 2346 1466 
9116 1137 1250 2340 1136 
9117 1552 1679 1463 2500 
9118 175 1530 2306 2359 
9119 2251 2279 2432 2519 
9120 1037 190 2130 2282 
9121 1235 1728 1539 2075 
9122 1528 1588 1752 1683 
9123 1310 1275 2251 2516 
9124 2281 1792 1838 1377 
9125 208 197 253 2455 
9126 745 2081 2407 2508 
9127 332 1520 1326 1219 
9128 1775 1458 1356 2033 
9129 1892 1858 1775 2033 
9130 853 1316 2369 2439 
9131 1484 188 2112 2128 
9132 805 942 2081 839 
9133 646 636 2133 2158 
9134 2019 2040 2062 2087 
9135 1526 1905 569 2514 
9136 746 786 826 2508 
9137 780 1930 1988 2356 
9138 193 171 203 215 
9139 1512 736 2303 167 
9140 1281 1320 1378 2464 
9141 1311 2231 2251 2368 
9142 140 1202 2400 374 
9143 1902 1936 2341 2409 
9144 863 1339 1119 2528 
9145 210 236 211 212 
9146 737 1986 2292 2335 
9147 864 704 809 2506 
9148 1903 835 870 256 
9149 631 640 884 695 
9150 1122 1950 2137 1205 
9151 721 794 2462 757 
9152 2007 204 2014 2349 
9153 1475 1635 2026 2190 
9154 823 1990 1516 813 
9155 857 928 834 2419 
9156 1080 1833 2267 2447 
9157 1536 1204 1950 1454 
9158 2103 2142 2314 2366 
9159 849 997 833 2150 
9160 148 115 179 160 
9161 1091 1265 648 2305 
9162 417 410 2107 175 
9163 183 2107 410 1880 
9164 1304 1218 2116 2300 
9165 730 1889 685 2301 
9166 463 595 440 293 
9167 1783 394 2130 2447 
9168 1017 618 592 1202 
9169 2401 2284 2435 2522 
9170 1226 889 2257 2482 
9171 818 850 790 2219 
9172 298 1839 1660 1623 
9173 1049 54 2153 2180 
9174 1920 1954 1885 2383 
9175 2067 2036 2079 2264 
9176 2457 1389 1636 1982 
9177 1145 1075 2154 2419 
9178 1722 1453 2320 2409 
9179 1443 411 2053 2444 
9180 227 196 260 181 
9181 239 260 196 218 
9182 611 383 597 2533 
9183 1277 1283 401 2042 
9184 1552 1551 2196 1549 
9185 526 697 485 527 
9186 781 680 856 2441 
9187 81 187 155 107 
9188 1683 1828 1752 1528 
9189 1589 1216 2345 1578 
9190 586 514 1838 448 
9191 653 666 538 2272 
9192 1182 1684 2242 2474 
9193 1776 1978 830 2537 
9194 1947 1755 2213 1942 
9195 27 12 9 35 
9196 2149 2015 2277 2334 
9197 2024 2222 2365 2433 
9198 921 1997 1403 2344 
9199 2203 2028 2342 2445 
$EndElements
