ply
format ascii 1.0
comment VCGLIB generated
element vertex 1900
property float x
property float y
property float z
property float quality
element face 3750
property list uchar int vertex_indices
property float quality
end_header
-0.003161123 0.1298591 0.0224242 0 
-0.08186711 0.1513171 0.03109645 0 
-0.03153555 0.1246715 -0.000787663 0 
-0.01346903 0.1629936 -0.01200002 0 
-0.03439324 0.1723669 -0.0009821299 0 
-0.08431416 0.1095726 0.00370973 0 
-0.03785728 0.170101 0.0014236 0 
-0.05049653 0.1554589 0.01063183 0 
-0.05647295 0.1577841 0.00817865 0 
-0.058184 0.040782 0.0439388 0 
-0.05175148 0.04176209 0.04450893 0 
-0.02974875 0.03653986 0.05249331 0 
-0.005305096 0.04110323 0.04818444 0 
-0.04516246 0.041689 0.04315985 0 
-0.03699625 0.168993 0.00132563 0 
-0.069236 0.162763 -0.01350054 0 
-0.001467574 0.04530597 0.04676133 0 
-0.0264679 0.1810425 -0.00808117 0 
-0.02212672 0.04669634 0.04995928 0 
-0.00700126 0.04641652 0.04748554 0 
-0.03535234 0.1136813 0.0342491 0 
0.03510379 0.04548895 0.02982694 0 
-0.04817699 0.0471944 0.04033737 0 
-0.01337343 0.04789241 0.04788385 0 
0.001579063 0.04859719 0.04999767 0 
-0.007788174 0.0504811 0.05082737 0 
-0.003368552 0.04841556 0.04975363 0 
-0.06655368 0.1641469 -0.02184282 0 
-0.08723626 0.124489 7.420955e-05 0 
-0.04150371 0.1674851 0.00327659 0 
-0.06354082 0.1528265 -0.008484228 0 
-0.03430319 0.05052015 0.03828602 0 
-0.07444078 0.1313755 0.05128996 0 
0.03951108 0.04898688 0.03143232 0 
-0.07648133 0.1482741 -0.00893762 0 
-0.08632135 0.1193182 -0.0001629012 0 
-0.04668618 0.05457072 0.03758737 0 
-0.04426192 0.0514802 0.03889057 0 
-0.01987577 0.05160771 0.046142 0 
-0.01670673 0.05427026 0.04917306 0 
0.009802796 0.05548411 0.05173725 0 
-0.05958546 0.1516744 0.03360572 0 
-0.02355964 0.05235659 0.04216532 0 
0.03551539 0.05044957 0.03143983 0 
-0.04412954 0.06117156 0.03917829 0 
-0.07908773 0.1704449 -0.04137317 0 
-0.008037649 0.05642775 0.05326854 0 
0.002381378 0.1233484 0.03382972 0 
-0.08826958 0.1140968 0.040293 0 
0.04233584 0.05288732 0.03188774 0 
0.001432939 0.06363858 0.05606743 0 
0.01399555 0.1222325 0.0323335 0 
-0.02800136 0.06107542 0.03747121 0 
-0.01542175 0.1244749 0.02864385 0 
-0.002605071 0.1198875 0.03738542 0 
0.04403988 0.05748422 0.03129744 0 
0.05048474 0.05881784 0.03012264 0 
-0.03838069 0.05916044 0.03989791 0 
-0.01158761 0.06668803 0.05483318 0 
-0.03155347 0.1764594 -0.003863952 0 
-0.004140317 0.09964975 0.04857649 0 
-0.05101376 0.05874576 0.03131837 0 
0.003875172 0.06906087 0.05609481 0 
0.04238255 0.09816044 0.0001045489 0 
0.0406359 0.06157486 0.02984125 0 
0.0456742 0.06229709 0.02937634 0 
-0.06199624 0.1476148 -0.00432568 0 
-0.002068332 0.06898449 0.05662699 0 
-0.04569124 0.06742592 0.04003787 0 
-0.03803851 0.1182504 0.03066962 0 
-0.03225787 0.0881926 -0.02513096 0 
0.008605142 0.1162076 0.03817146 0 
-0.06124611 0.1259194 -0.008122728 0 
-0.02893442 0.06743249 0.03889456 0 
-0.007944942 0.06995065 0.05632086 0 
0.04571923 0.0694894 0.02354934 0 
-0.04626635 0.07462695 0.04234735 0 
0.02751972 0.1199234 0.02465964 0 
-0.01035941 0.1298781 0.01146242 0 
-0.0342864 0.06963766 0.04077606 0 
-0.04823902 0.1639961 0.004862601 0 
-0.01356552 0.07181899 0.0552584 0 
-0.004775387 0.07357031 0.05783941 0 
-0.03310625 0.1245984 0.02088804 0 
-0.03533339 0.07669014 0.04183065 0 
0.0006526334 0.07480652 0.05742256 0 
-0.07697251 0.1446152 0.04317671 0 
-0.009664142 0.0757463 0.05725134 0 
0.01515469 0.0905757 0.05092777 0 
-0.02490538 0.1224982 0.02549846 0 
0.005408976 0.07845589 0.05609862 0 
-0.01603522 0.0784817 0.05629339 0 
-0.004869788 0.07884876 0.0578476 0 
0.03740448 0.1100909 0.01702917 0 
-0.09260103 0.1175232 0.01950036 0 
-0.06486254 0.07937434 0.04143956 0 
-0.04093721 0.07724633 0.04253229 0 
-0.03080065 0.08006842 0.04179807 0 
0.0002720269 0.08163532 0.05718015 0 
0.01037399 0.0812991 0.05459492 0 
-0.01280477 0.1163738 0.03820649 0 
-0.07735057 0.120397 0.05116796 0 
-0.02658093 0.1556769 -0.00419634 0 
-0.08181055 0.1171364 -0.002887372 0 
0.000261489 0.08791489 0.05653007 0 
-0.05987961 0.08175904 0.04348758 0 
-0.05553105 0.07920072 0.04361817 0 
-0.05023267 0.07996572 0.04381696 0 
-0.03865981 0.08207372 0.04295034 0 
-0.08616148 0.1083859 0.01824492 0 
-0.02049104 0.08314443 0.05537197 0 
-0.0104294 0.08218667 0.05749749 0 
-0.006571606 0.1158004 0.03976381 0 
-0.004265453 0.1105604 0.04229002 0 
-0.07257792 0.124349 0.05268942 0 
-0.06164197 0.1556109 0.02157733 0 
-0.03830922 0.1268436 0.01720206 0 
-0.04438008 0.08114751 0.0430503 0 
-0.02998201 0.0854023 0.04374508 0 
-0.08883096 0.09734249 0.01030199 0 
-0.05415268 0.08416252 0.04483001 0 
-0.04815076 0.08568788 0.04437589 0 
-0.005051734 0.08526403 0.05717909 0 
-0.05031539 0.116914 0.03239707 0 
-0.04074214 0.1218505 0.02659081 0 
-0.05995528 0.1557262 0.01201019 0 
-0.02667572 0.1246666 -2.465067e-06 0 
0.01793496 0.1268441 0.02103985 0 
-0.01602173 0.08600841 0.05655232 0 
-0.0283987 0.1807065 -0.00784695 0 
0.0202683 0.09322916 0.04754122 0 
-0.04281151 0.1187249 0.02997749 0 
0.006818284 0.1304712 0.01901092 0 
-0.08583029 0.09427028 0.0003911188 0 
-0.04217362 0.08695106 0.04286369 0 
-0.02924191 0.09045336 0.04423661 0 
0.009510381 0.09353942 0.05197137 0 
0.03966594 0.1021891 -0.002946342 0 
-0.08459217 0.1145924 0.0007871881 0 
-0.08921754 0.09528117 0.01583842 0 
0.02288601 0.1236767 0.0229572 0 
-0.0359394 0.126565 0.000819886 0 
-0.03534655 0.0879191 0.04336318 0 
-0.02125838 0.08964778 0.05307264 0 
0.0365638 0.111668 0.01144305 0 
0.03110404 0.117873 0.02022922 0 
-0.004939037 0.09210298 0.05569384 0 
-0.05098706 0.09583086 0.04369878 0 
-0.04499887 0.09746344 0.04250816 0 
-0.03329448 0.09486881 0.04392486 0 
0.0005691276 0.09274336 0.0549812 0 
-0.00898303 0.1692645 -0.02268348 0 
-0.06476043 0.1531159 -0.00203712 0 
-0.068867 0.09515608 0.04148103 0 
-0.02656143 0.09328951 0.04497542 0 
-0.01537049 0.09221004 0.05440975 0 
-0.01049087 0.09388477 0.05457449 0 
-0.001710611 0.09656553 0.05275956 0 
0.003863195 0.09562799 0.05253441 0 
-0.004571051 0.124035 0.0332877 0 
-0.07748868 0.136949 0.04878935 0 
0.01056988 0.13048 0.01411181 0 
-0.05593318 0.09368047 0.04416131 0 
0.008791421 0.1251881 0.03087777 0 
0.01441175 0.09722549 0.04802872 0 
-0.05623055 0.15448 0.0177159 0 
-0.09369511 0.1224541 0.02324473 0 
-0.01409206 0.1287626 0.008002268 0 
-0.06969209 0.1649528 -0.01748357 0 
-0.03379694 0.1006587 0.0422481 0 
-0.0003174118 0.1148696 0.04052468 0 
-0.02236197 0.09820761 0.04476594 0 
-0.01699504 0.09945161 0.04449477 0 
-0.06693227 0.1351043 -0.008096928 0 
-0.0738613 0.1064012 -0.01004726 0 
-0.07689392 0.1511742 0.03493401 0 
-0.07161193 0.1002269 0.03905942 0 
-0.02856262 0.09926236 0.0434407 0 
-0.01159972 0.1010781 0.04419166 0 
0.002951282 0.1042809 0.04299518 0 
-0.07214195 0.1053668 0.03752321 0 
-0.06406 0.09982187 0.04184711 0 
0.01124444 0.1027674 0.0454047 0 
-0.02463428 0.103601 0.04244573 0 
-0.02072381 0.1078036 0.04122891 0 
-0.008211461 0.1060616 0.0432758 0 
0.00894037 0.1071064 0.0412434 0 
-0.05254034 0.1592727 0.008509697 0 
-0.05420137 0.1145173 0.03484399 0 
0.008545141 0.1286623 0.024735 0 
-0.06938241 0.1086579 0.0375078 0 
-0.0637824 0.1103727 0.03757979 0 
0.01128018 0.1120263 0.03933896 0 
-0.04319081 0.1090483 0.03796338 0 
-0.03295584 0.1091392 0.03781982 0 
-0.01050283 0.1113638 0.04144292 0 
-0.02942832 0.09316662 -0.02493186 0 
-0.04402528 0.1621694 0.005734548 0 
-0.05849 0.1089219 0.03841036 0 
-0.02509241 0.1167518 0.0333811 0 
0.005523603 0.1131287 0.04022888 0 
-0.05919595 0.113208 0.03623468 0 
-0.07583308 0.08613122 -0.0129215 0 
-0.0721039 0.1343991 -0.007732704 0 
-0.01883157 0.1701438 -0.02102191 0 
0.01668846 0.0369766 0.0430006 0 
-0.02357431 0.03703691 0.05414475 0 
-0.06395393 0.1469473 0.0384842 0 
-0.04957947 0.03609654 0.04595536 0 
-0.04332365 0.0362864 0.04404236 0 
-0.0290472 0.1255634 0.00776177 0 
-0.03235105 0.1534816 -0.004553373 0 
0.003874159 0.1096215 -0.01995635 0 
-0.052104 0.1350233 0.02881702 0 
-0.01878998 0.167582 -0.01265918 0 
0.02568023 0.09572035 0.04454703 0 
0.02044599 0.04023031 0.04173793 0 
-0.06182529 0.0889976 -0.01934234 0 
0.02078445 0.09931672 0.04545772 0 
0.02385906 0.04518217 0.03949678 0 
0.00922319 0.04412509 0.04505744 0 
0.01504821 0.04575584 0.04379387 0 
-0.02987859 0.1595232 -0.01219484 0 
-0.06719697 0.1242193 0.04981985 0 
0.02878208 0.0468594 0.03544674 0 
0.02158719 0.05046879 0.04238543 0 
0.04572828 0.04921528 0.02914112 0 
0.01650775 0.04951249 0.04476157 0 
0.03024033 0.09212424 0.04267563 0 
-0.05582524 0.1256887 0.0373642 0 
-0.03675209 0.1580207 0.0041862 0 
-0.03788539 0.1619972 0.00024686 0 
-0.02204779 0.1834859 -0.01209499 0 
-0.02436462 0.1809684 -0.0098312 0 
0.05100125 0.04921812 0.02481717 0 
-0.01625752 0.1603125 -0.0096926 0 
-0.04166529 0.1499614 0.0045405 0 
-0.03520323 0.1649355 -0.002681 0 
-0.02871408 0.08968267 -0.02944226 0 
0.04720521 0.05349442 0.03129679 0 
0.0501746 0.05286732 0.02862821 0 
-0.05491187 0.1484788 0.02717244 0 
0.04435997 0.09550777 0.0127508 0 
-0.04180409 0.1558208 0.00645482 0 
-0.06393313 0.09497411 -0.01817369 0 
-0.01838313 0.1854366 -0.01713637 0 
0.04271768 0.09880495 0.01814495 0 
-0.02629178 0.1596338 -0.00051845 0 
0.02446391 0.05597195 0.0432242 0 
0.03002187 0.05741382 0.03981146 0 
0.04059458 0.0963257 0.02776087 0 
-0.06342446 0.1237451 0.04574939 0 
-0.06497771 0.1396093 0.04057619 0 
-0.07231794 0.1355671 0.04863777 0 
-0.05903984 0.1421676 0.0338082 0 
0.007499048 0.06459026 0.05487337 0 
0.01128779 0.06113113 0.0525621 0 
0.01918333 0.05446748 0.0463496 0 
-0.06538898 0.1295541 0.04545056 0 
-0.05655744 0.1366462 0.03291062 0 
-0.06838789 0.142722 0.04293885 0 
0.01200264 0.0660341 0.05303688 0 
-0.01325342 0.1662715 -0.01412037 0 
-0.02051993 0.1793559 -0.01500783 0 
0.03406642 0.06237372 0.03828239 0 
-0.03117298 0.1595237 0.001517598 0 
0.00927648 0.06973334 0.05483781 0 
0.02113858 0.0612079 0.04690413 0 
-0.04281709 0.1584464 0.004870064 0 
0.03366896 0.1057202 0.03212561 0 
0.02627369 0.06089943 0.043504 0 
0.04291579 0.0667077 0.02699472 0 
-0.01653094 0.16325 -0.00924752 0 
-0.0178916 0.161138 -0.00670727 0 
0.04024808 0.09707785 -0.005553938 0 
0.03673597 0.06653021 0.03626381 0 
0.058797 0.06362232 0.01942267 0 
0.03413519 0.0995227 0.03533965 0 
-0.03135574 0.1580989 0.00191288 0 
-0.07076754 0.1188114 0.05192821 0 
0.03691569 0.09588675 -0.01084331 0 
0.05534386 0.06697422 0.02282798 0 
-0.06072512 0.1464932 0.03629894 0 
0.04007016 0.06753443 0.0317049 0 
-0.06144128 0.1377013 0.03648609 0 
-0.01600845 0.1751824 -0.01846206 0 
-0.0009496399 0.1014111 0.04429007 0 
-0.06371292 0.1127425 0.03800676 0 
-0.06031955 0.1172607 0.03927985 0 
0.02058719 0.06806749 0.04881867 0 
0.03364243 0.07611915 0.04006736 0 
-0.04080229 0.1643606 0.00374488 0 
-0.00625465 0.1012165 0.04432203 0 
-0.01098682 0.166212 -0.01604755 0 
-0.03053759 0.1643779 -0.005156806 0 
0.02565459 0.1011862 0.04175738 0 
-0.06706797 0.1133735 0.0435858 0 
0.03028486 0.0977639 0.04038236 0 
0.02907147 0.07377318 0.0434409 0 
0.045257 0.07740106 0.02119384 0 
-0.04609494 0.1529685 0.00900297 0 
-0.05224767 0.1451816 0.01935197 0 
-0.0215921 0.1576344 -0.00686236 0 
0.02065359 0.07432792 0.05022505 0 
0.03726351 0.07215074 0.03601414 0 
-0.05351678 0.1308048 0.03360743 0 
-0.03814193 0.1524635 0.003244099 0 
-0.06110982 0.1281276 0.04118154 0 
-0.05478102 0.141901 0.02885848 0 
0.04635167 0.07407952 0.01835432 0 
-0.01135248 0.1712476 -0.02015073 0 
-0.04705209 0.1589431 0.00801349 0 
-0.04556989 0.1466361 0.00565142 0 
0.04083639 0.09128432 -0.007992687 0 
-0.06379317 0.1337335 0.04051469 0 
-0.04830234 0.120675 0.02986082 0 
-0.07341536 0.1410089 0.04576186 0 
0.01034145 0.07519746 0.05484998 0 
0.02081881 0.08073978 0.05057363 0 
0.02536266 0.07719973 0.04736412 0 
-0.06286254 0.1428477 0.03751893 0 
0.02076918 0.1044693 0.04217143 0 
0.01563797 0.07775226 0.05306879 0 
0.02971368 0.0798438 0.04393134 0 
0.04405709 0.08175542 0.02451428 0 
-0.02917729 0.1761996 -0.00562411 0 
-0.05658911 0.1189691 0.03769655 0 
0.0154329 0.08415796 0.05224189 0 
0.02047113 0.08698271 0.04936818 0 
-0.0252093 0.1761802 -0.01047328 0 
0.03759132 0.1008433 0.03005528 0 
0.02548071 0.08343561 0.04721789 0 
0.04114677 0.1032767 0.00282216 0 
0.02548164 0.1121632 0.03506577 0 
-0.02424399 0.1703057 -0.01154609 0 
0.01040156 0.08756628 0.05425087 0 
-0.02334362 0.1610345 -0.00318624 0 
-0.07431484 0.1376174 -0.00666988 0 
-0.09263086 0.1218402 0.03026585 0 
-0.0773055 0.1572796 -0.01402675 0 
-0.09224539 0.1239437 0.03778636 0 
0.03770248 0.09543282 0.03309868 0 
-0.05071827 0.152763 0.01181668 0 
0.02996553 0.1030211 0.03742729 0 
-0.05728679 0.1472459 0.03178285 0 
0.01893946 0.03518145 -0.006983288 0 
0.0172098 0.0352594 -0.01468516 0 
0.04442632 0.0871013 0.02227063 0 
0.02098549 0.03983134 -0.01142664 0 
0.02307368 0.03961436 0.03629911 0 
0.02304329 0.03846939 -0.004921712 0 
0.014531 0.04013416 -0.02197832 0 
-0.06243024 0.1527529 -0.01933179 0 
0.0441664 0.04327004 0.002300411 0 
0.04018332 0.04444369 -0.001776575 0 
-0.0111837 0.1645 -0.01615169 0 
-0.08126871 0.1087944 0.02944066 0 
0.04970563 0.04434675 0.01337544 0 
0.05253645 0.04797728 0.004880138 0 
0.02121793 0.04237393 -0.01593011 0 
0.01842651 0.03902412 -0.01745 0 
-0.0351005 0.1520344 -0.00013279 0 
0.04869226 0.04611274 0.001922386 0 
-0.01422252 0.1616743 -0.01334906 0 
-0.04876496 0.137109 0.006985615 0 
-0.00958372 0.174261 -0.02839076 0 
0.05243177 0.04661521 0.009797666 0 
0.02435263 0.09749038 -0.02057176 0 
0.02403728 0.04450854 -0.01307402 0 
0.02035681 0.0436624 -0.02045628 0 
-0.02385655 0.111418 -0.01879734 0 
0.05575733 0.05044802 0.009322479 0 
0.02851664 0.04766361 -0.0106223 0 
0.02663667 0.04835203 -0.01596176 0 
0.02204011 0.0449925 -0.0175285 0 
0.01912008 0.04716775 -0.02211468 0 
-0.02242915 0.101273 -0.02378438 0 
-0.06261704 0.147476 -0.009304263 0 
0.04536913 0.08937659 0.01299302 0 
-0.04942261 0.1428352 0.00897283 0 
-0.05216622 0.1501366 0.01744875 0 
-0.06360528 0.148196 -0.02056676 0 
-0.06151758 0.1751745 -0.0606317 0 
0.05088479 0.05110289 -0.0008981431 0 
-0.06879619 0.03511772 -0.00520674 0 
0.05792842 0.05693151 0.02027334 0 
-0.05340122 0.1448398 0.02413329 0 
0.05377473 0.05705984 -0.0007171859 0 
-0.00869604 0.1729159 -0.02670877 0 
0.03570669 0.05608304 -0.00899933 0 
0.0585033 0.05596355 0.008817309 0 
0.05729748 0.05902118 0.003778781 0 
-0.08591138 0.1096879 0.00765824 0 
0.05967713 0.05946254 0.01426788 0 
0.03068483 0.05733188 -0.01669965 0 
-0.02703437 0.1198416 -0.01008666 0 
0.03436029 0.05899158 -0.01290973 0 
-0.08963358 0.1138173 0.01027512 0 
-0.09265339 0.1274988 0.02661739 0 
0.04081169 0.06737083 -0.006451106 0 
0.03702745 0.0644965 -0.01209095 0 
-0.08342288 0.1457922 0.003275206 0 
-0.08726766 0.1037106 0.008888422 0 
-0.07117277 0.1806439 -0.05584731 0 
0.03867646 0.06949863 -0.01105616 0 
0.03526477 0.06869879 -0.01514257 0 
-0.05036476 0.1371576 0.00195261 0 
-0.05014677 0.1409013 0.01608077 0 
-0.07485275 0.1499311 -0.02775294 0 
-0.06200194 0.03643502 0.04391894 0 
-0.03835692 0.1233217 -0.008252721 0 
-0.00978457 0.1692849 -0.02475666 0 
-0.08941834 0.1220029 0.004007978 0 
-0.06280455 0.1625733 -0.04348866 0 
-0.04804789 0.1366936 0.0127915 0 
-0.07432213 0.1563281 -0.02465624 0 
-0.04802362 0.1442665 0.00424986 0 
-0.09175028 0.1178293 0.03594504 0 
-0.00970153 0.1673886 -0.01936025 0 
0.03371427 0.07285453 -0.01684273 0 
-0.03087024 0.1546356 -0.0009268015 0 
0.04490914 0.08391967 0.001576332 0 
-0.06744399 0.09002265 -0.0173343 0 
-0.09147269 0.1255617 0.008360024 0 
0.04562 0.07468443 0.00260739 0 
-0.01124339 0.1645751 -0.01824078 0 
0.04471613 0.08914893 0.002008953 0 
0.04031413 0.07390853 -0.008801444 0 
0.04412975 0.09423617 0.002639303 0 
0.04293863 0.09169587 0.02517221 0 
0.04176734 0.07939317 -0.006561204 0 
-0.06289052 0.1494423 -0.01444647 0 
0.044245 0.07944638 -0.0009376347 0 
0.03460282 0.07774109 -0.01653193 0 
-0.07400445 0.1781852 -0.05391632 0 
-0.04974745 0.1411252 0.00529375 0 
0.04046233 0.09097947 0.03055703 0 
-0.07013939 0.06370115 0.01966042 0 
0.04134267 0.103723 0.008085541 0 
-0.07586294 0.150713 -0.0090209 0 
-0.08556316 0.104691 0.003824002 0 
-0.07712562 0.1139218 -0.00452746 0 
0.04617308 0.07851553 0.01597441 0 
0.03844321 0.07890733 -0.01188929 0 
-0.03703353 0.04544605 -0.02242776 0 
-0.04470729 0.1464504 0.001832186 0 
-0.0670703 0.1807268 -0.05661862 0 
-0.07038153 0.1807118 -0.05317259 0 
-0.01811615 0.1271503 0.01908186 0 
-0.06196498 0.1557779 0.01618964 0 
-0.05601079 0.1538166 0.02536928 0 
-0.07748514 0.1552748 0.01414595 0 
-0.07130396 0.1529154 0.0334245 0 
-0.06740763 0.1768754 -0.0505509 0 
-0.07638527 0.1537093 0.02988711 0 
-0.08102703 0.1535998 0.02562958 0 
-0.04346534 0.1245115 0.02251889 0 
-0.06890668 0.1555365 0.001767968 0 
-0.07374808 0.1553925 0.00234917 0 
-0.0725222 0.1784538 -0.04826536 0 
-0.07675764 0.17728 -0.04707676 0 
0.01355546 0.1267543 0.02633756 0 
-0.08636751 0.1090654 0.01198064 0 
-0.03004787 0.1216232 0.0258913 0 
-0.04820378 0.1351974 0.01894684 0 
-0.04293064 0.1292844 0.00927007 0 
0.002563272 0.1297434 0.02314013 0 
-0.01727075 0.186996 -0.01997757 0 
-0.06685744 0.1560866 0.0176845 0 
-0.08725585 0.1340616 0.003573508 0 
-0.02519799 0.1262615 0.01089779 0 
-0.06623293 0.1709905 -0.04193977 0 
-0.07539087 0.1795282 -0.05240205 0 
-0.01113674 0.1268461 0.02687276 0 
0.03451857 0.109788 -0.004202866 0 
-0.08829491 0.09289588 0.02069841 0 
-0.04301476 0.1283386 0.01431076 0 
-0.08879974 0.09098239 0.01180649 0 
-0.09165904 0.1170464 0.03076094 0 
0.05848997 0.06721356 0.008377213 0 
0.05758049 0.07134474 0.01183598 0 
-0.05464236 0.1552296 0.0126124 0 
-0.07788769 0.09155022 -0.01135322 0 
-0.08890153 0.1416559 0.03244633 0 
-0.02089113 0.1859534 -0.01503736 0 
-0.07086356 0.1613653 -0.00973246 0 
-0.0699482 0.1703141 -0.03223753 0 
-0.02748562 0.1254742 0.01665285 0 
0.02895138 0.1202738 0.007640614 0 
-0.02666132 0.1199622 0.02934656 0 
0.02149023 0.1231558 -0.001502774 0 
-0.05662762 0.1527061 0.02962903 0 
-0.03542221 0.1221067 0.02660048 0 
-0.08371073 0.1533149 0.01507418 0 
-0.07245316 0.146156 0.04224746 0 
0.0474469 0.07369141 0.01243002 0 
0.016882 0.1270757 0.002715775 0 
-0.0813355 0.101292 -0.005329484 0 
-0.07534828 0.1552412 0.008278576 0 
-0.02591961 0.1827283 -0.01354109 0 
0.01832118 0.1241834 0.02769702 0 
0.05251744 0.0726149 0.01518048 0 
0.0255516 0.1234121 0.01188065 0 
0.01993148 0.1266865 0.009860376 0 
-0.04581354 0.1317674 0.01593381 0 
-0.02410695 0.1838089 -0.01154476 0 
0.05687515 0.0705015 0.01801906 0 
-0.08546457 0.1526845 0.02083941 0 
0.023678 0.1240239 0.005142826 0 
-0.04850101 0.132554 0.02471491 0 
-0.06294569 0.1583385 -0.02187175 0 
-0.07218729 0.1697911 -0.02761587 0 
0.04820685 0.07269858 0.01699463 0 
-0.02789122 0.1235586 0.02185418 0 
0.03018084 0.119385 0.01401594 0 
0.007126918 0.1309838 0.008882287 0 
0.003874822 0.1304023 0.003410138 0 
0.001655605 0.09923565 0.04884086 0 
-0.05242017 0.153101 0.01292737 0 
0.0517686 0.07055859 0.02118064 0 
0.04516144 0.07103038 0.02253069 0 
-0.06603877 0.1540132 0.03091055 0 
-0.01444395 0.1271435 0.02330637 0 
0.02186314 0.1255431 0.01642538 0 
-0.03691524 0.1275806 0.006548882 0 
-0.03367405 0.1777445 -0.00817995 0 
-0.06430026 0.03508645 0.02427205 0 
-0.06672702 0.03589577 0.03384943 0 
0.01909304 0.09587888 -0.02317069 0 
-0.0752694 0.1299181 -0.007224535 0 
-0.07253973 0.03539927 0.00702988 0 
-0.06920905 0.03545481 0.01204214 0 
-0.06416081 0.03590077 0.01768757 0 
-0.07175223 0.03678935 0.00869667 0 
-0.06517138 0.0372895 0.02595377 0 
-0.06618074 0.03811207 0.02952417 0 
-0.06238458 0.041138 0.04008901 0 
-0.03949475 0.03755157 0.0428709 0 
-0.07201603 0.0375727 0.00397894 0 
-0.06112567 0.03779005 0.0197109 0 
-0.03917968 0.04240674 0.04147607 0 
-0.03514596 0.03858592 0.04773269 0 
-0.02688729 0.04295253 0.05129778 0 
-0.01900153 0.0952981 0.04965552 0 
-0.06697135 0.1252387 -0.008622233 0 
-0.08627572 0.09639516 0.02543574 0 
-0.06999732 0.04207308 0.00668978 0 
-0.03594847 0.04198895 0.04492582 0 
-0.06993621 0.04088947 0.003136619 0 
-0.03261925 0.04049153 0.04918405 0 
-0.07572944 0.1035403 0.03607097 0 
-0.05879338 0.04492008 0.04001489 0 
-0.06730647 0.04417683 0.00759583 0 
-0.05593094 0.04776617 0.03648235 0 
-0.07560588 0.1159495 0.04980041 0 
-0.07553688 0.1597706 -0.01043865 0 
-0.03615128 0.04650514 0.0407409 0 
-0.02576311 0.08935726 0.048691 0 
-0.08080104 0.1162788 0.04811753 0 
-0.07015595 0.08969153 0.04181986 0 
-0.08375878 0.1216234 0.04897719 0 
-0.04975442 0.0497383 0.03703711 0 
-0.03170818 0.04553052 0.04627446 0 
-0.02319749 0.09332918 0.04843602 0 
-0.05771311 0.04871782 0.00727651 0 
-0.01341401 0.09669632 0.05086257 0 
-0.09002401 0.1453978 0.02652842 0 
-0.05016872 0.05346226 0.01625544 0 
-0.05039932 0.05183133 0.0340374 0 
-0.02917482 0.05226453 0.03763732 0 
-0.05664493 0.0519913 0.00652772 0 
-0.08197784 0.1482455 0.03631138 0 
-0.08617326 0.1335519 0.04531358 0 
-0.09085038 0.1189227 0.04138143 0 
-0.0897274 0.129058 0.04242731 0 
-0.02805424 0.05455103 0.03678685 0 
-0.0828575 0.1236759 -0.003729556 0 
-0.08155821 0.1325261 0.04971407 0 
-0.05145855 0.05587815 0.01590035 0 
-0.0785977 0.1744157 -0.04660758 0 
-0.05290982 0.05704307 0.02098841 0 
-0.0529785 0.05955377 0.02621192 0 
-0.05213064 0.05630297 0.02667246 0 
-0.04855967 0.06237776 0.03600047 0 
-0.01826018 0.0604925 0.04968996 0 
-0.07973377 0.09074041 0.03455172 0 
-0.0849797 0.08560713 0.02540283 0 
-0.08917074 0.1228987 0.04491709 0 
-0.04412853 0.1691924 0.0004551138 0 
-0.08600094 0.143731 0.03724988 0 
-0.01272796 0.06171922 0.05355652 0 
-0.07957134 0.1262693 0.05142915 0 
0.008901762 0.1079041 -0.01979967 0 
-0.05592825 0.03591731 0.0463761 0 
-0.08384895 0.1028228 0.02765869 0 
-0.07953078 0.1028295 0.03265396 0 
-0.05596334 0.08787868 -0.0211003 0 
-0.02007304 0.1808242 -0.02217281 0 
-0.06048358 0.1556797 0.00433438 0 
-0.07408436 0.1498774 -0.03261005 0 
-0.0856836 0.1276835 0.04808266 0 
-0.0764239 0.1573628 -0.00903546 0 
-0.08669073 0.1028562 0.0218088 0 
-0.08240225 0.1370908 0.04695739 0 
-0.07734794 0.0977123 0.03594503 0 
-0.07453701 0.09368156 0.03892511 0 
-0.07510962 0.07791688 0.03475621 0 
-0.02258491 0.1066597 -0.02195604 0 
-0.08648614 0.1505829 0.02653983 0 
-0.01733948 0.06710858 0.05269274 0 
-0.02763241 0.08447793 0.04756005 0 
-0.03280081 0.1012305 -0.02233098 0 
-0.02762627 0.1039614 -0.02267681 0 
-0.04553288 0.03473648 -0.0213632 0 
-0.08802032 0.115233 0.004636666 0 
-0.06874498 0.03910949 -0.001627561 0 
-0.06092317 0.03862182 0.02246885 0 
-0.07424877 0.1690384 -0.04518023 0 
-0.04201346 0.1702569 -0.00838968 0 
-0.07758718 0.1771788 -0.05022109 0 
-0.0656418 0.03819242 -0.006299336 0 
-0.07698734 0.1536938 -0.00229708 0 
-0.06471851 0.0402865 0.03497571 0 
-0.04252589 0.04131126 -0.02147463 0 
-0.06633211 0.04390291 0.001658586 0 
-0.06006777 0.0414195 0.02295328 0 
-0.0800664 0.1503965 0.0006051799 0 
-0.04412077 0.0427647 -0.01578086 0 
-0.08475562 0.1002407 -0.0005599329 0 
-0.07542773 0.1520121 -0.01439369 0 
-0.05447342 0.04593751 0.0236126 0 
-0.06094902 0.04483175 0.03544118 0 
-0.06152648 0.04626065 0.0004049285 0 
-0.09071305 0.1491093 0.02166633 0 
-0.05727649 0.04729958 0.02988995 0 
-0.03952273 0.1738451 -0.007380405 0 
-0.09202483 0.1271445 0.03216873 0 
-0.05238982 0.04544913 0.0176863 0 
-0.07887611 0.1534701 0.00398758 0 
-0.05262544 0.05043462 0.02904674 0 
-0.05299872 0.04916902 0.0339676 0 
-0.05442072 0.04783652 -0.00591869 0 
-0.05230549 0.05128793 0.02544736 0 
-0.07912993 0.1673657 -0.03550623 0 
0.009396403 0.1259078 -0.005899769 0 
-0.03113338 0.04960726 -0.01940694 0 
0.04599733 0.06981445 0.00301433 0 
-0.05497243 0.05275161 -0.003797601 0 
-0.05689789 0.04965557 -0.0015319 0 
-0.05054042 0.04924316 0.01674234 0 
-0.05175777 0.04936592 0.02085262 0 
-0.06824593 0.1632501 -0.0538047 0 
-0.03027144 0.05210608 -0.01767614 0 
-0.05696719 0.05286242 0.001376492 0 
-0.02900958 0.05126529 -0.02217578 0 
-0.03138313 0.05179131 -0.0138868 0 
-0.05606038 0.056988 -0.001283885 0 
-0.0512197 0.05443595 0.02148297 0 
-0.07848341 0.1633378 -0.02986932 0 
-0.02884736 0.05587832 -0.02287764 0 
-0.05446366 0.05535745 0.01032684 0 
-0.08896714 0.1279366 0.003782601 0 
-0.09241366 0.1286341 0.01411097 0 
-0.09318762 0.1280858 0.02044206 0 
-0.0913214 0.1327413 0.02363046 0 
0.02292987 0.1164172 -0.01003538 0 
-0.06156942 0.1708488 -0.06167917 0 
-0.06607018 0.1655782 -0.05864408 0 
-0.02862202 0.1785241 -0.01590313 0 
-0.01573194 0.1803797 -0.02593191 0 
-0.03052402 0.06126237 -0.02140956 0 
-0.05749163 0.05953016 -0.00107861 0 
-0.001186958 0.1085436 -0.02089226 0 
-0.09091672 0.1319498 0.02984405 0 
-0.04352425 0.1238999 -0.009000908 0 
0.009734754 0.09720469 -0.02472251 0 
-0.04324092 0.1014088 -0.02128069 0 
-0.06550953 0.1585733 -0.05560027 0 
-0.07659917 0.1644109 -0.02131149 0 
-0.04935623 0.1654744 -0.00311846 0 
-0.07692291 0.1535139 -0.00907856 0 
-0.06775058 0.1573482 -0.05398211 0 
-0.06664285 0.1604088 -0.05684268 0 
-0.07820032 0.1607321 -0.02399969 0 
-0.02088562 0.1190719 -0.0115661 0 
0.01996871 0.1069861 -0.01718548 0 
-0.06977588 0.1604102 -0.04946101 0 
-0.0250244 0.06142272 -0.03131364 0 
-0.03282608 0.06429126 -0.01794172 0 
-0.07275438 0.1151396 -0.007155768 0 
-0.0314621 0.06721853 -0.02363146 0 
0.01460022 0.09953849 -0.02264057 0 
0.04382657 0.06818931 7.560663e-05 0 
-0.07227987 0.06679619 0.0005335606 0 
-0.07784559 0.1738451 -0.0421963 0 
0.02513542 0.0844 -0.02382194 0 
-0.07511125 0.07082343 -0.002411945 0 
-0.05199001 0.0928359 -0.02190715 0 
-0.07301391 0.1550123 -0.03518562 0 
-0.07307193 0.1730793 -0.0506039 0 
-0.02828136 0.06641231 -0.0298175 0 
-0.07786712 0.07506971 -0.005008429 0 
-0.07678916 0.06994107 0.00361909 0 
-0.07325875 0.147023 -0.01902898 0 
-0.09033068 0.1458258 0.01745328 0 
-0.06960838 0.1755716 -0.05632688 0 
-0.02736318 0.1083383 -0.02047323 0 
-0.0787559 0.07341702 -0.0003669854 0 
0.003455085 0.1180402 -0.01581693 0 
-0.07457755 0.1516404 -0.02864799 0 
-0.03099888 0.07209154 -0.0286692 0 
-0.07738841 0.1465643 -0.0043543 0 
0.007014812 0.1134651 -0.01842385 0 
-0.08451687 0.08099061 0.004027268 0 
-0.08241946 0.08000194 0.02556549 0 
-0.08960325 0.1510914 0.01585376 0 
-0.07161275 0.1631759 -0.04458734 0 
-0.07344724 0.08083839 -0.01328869 0 
-0.07958794 0.08034212 -0.006462804 0 
-0.07189666 0.1546238 -0.04077488 0 
-0.07376153 0.161255 -0.03536909 0 
-0.02992568 0.07559081 -0.0324929 0 
-0.06235924 0.1754482 -0.06148599 0 
-0.01942586 0.1148986 -0.01646567 0 
-0.08129147 0.07784396 -0.001318292 0 
-0.07816919 0.1401764 -0.004539499 0 
-0.02946391 0.08066012 -0.03339136 0 
-0.04691579 0.1194749 -0.01325917 0 
-0.08575377 0.08140389 0.01012423 0 
-0.0746388 0.1439848 -0.00715046 0 
-0.03262953 0.07875427 -0.02797818 0 
-0.08930123 0.1453166 0.01247619 0 
-0.08636756 0.1451081 0.00742925 0 
-0.08765001 0.1501898 0.01017366 0 
-0.06011354 0.03555044 0.04490758 0 
-0.08736704 0.08747728 0.0205369 0 
-0.03470791 0.08403588 -0.02430226 0 
-0.08390811 0.09009278 -0.003879449 0 
-0.02754321 0.08621088 -0.03376618 0 
-0.0800946 0.08658283 -0.008172428 0 
-0.07713489 0.1515123 -0.0055823 0 
-0.06960559 0.1549076 -0.05018867 0 
-0.08786079 0.09255791 0.005961308 0 
-0.08130981 0.09217919 -0.007703302 0 
-0.03588969 0.1159232 -0.0148822 0 
0.01699435 0.1172992 -0.01267265 0 
0.02888648 0.09872244 -0.01705067 0 
-0.01868568 0.1868962 -0.0202487 0 
0.0463313 0.06461026 -0.0009455106 0 
0.01410774 0.09398899 -0.02585269 0 
-0.03184923 0.04590413 -0.02580142 0 
-0.01776619 0.1857234 -0.02304928 0 
-0.05217687 0.1165616 -0.01439148 0 
-0.01545147 0.185976 -0.02479587 0 
-0.03148166 0.04101081 -0.02895677 0 
-0.01322027 0.1839719 -0.02751946 0 
-0.04832482 0.1133625 -0.01656527 0 
-0.06311734 0.1542544 0.00297304 0 
-0.01109677 0.1820232 -0.02804245 0 
-0.02889722 0.03477778 -0.02952388 0 
-0.0569964 0.1574171 0.00060244 0 
0.0154502 0.1248283 -0.004127444 0 
-0.01714217 0.09805746 -0.02492433 0 
-0.05633644 0.1527145 -0.001499165 0 
0.003250339 0.1266245 -0.00572694 0 
-0.00853698 0.09992122 -0.02435107 0 
-0.01217198 0.181251 -0.02906117 0 
-0.06111398 0.1530521 0.00099983 0 
0.03069323 0.1111509 -0.008269312 0 
-0.06199357 0.1502806 -0.00162971 0 
0.04851267 0.07179818 0.0060005 0 
0.0179328 0.09091879 -0.02559237 0 
0.005358751 0.0956718 -0.02796126 0 
-0.04322683 0.04626357 -0.01177173 0 
0.04653085 0.07443668 0.008256473 0 
0.02480387 0.1079891 -0.01458028 0 
-0.04214459 0.1145326 -0.01588725 0 
-0.05968473 0.03995648 -0.007929537 0 
0.00064585 0.1134266 -0.01886136 0 
0.02760075 0.0587239 -0.02074957 0 
0.009359068 0.1022902 -0.02126402 0 
0.0271832 0.114952 -0.007461948 0 
-0.05946667 0.1474396 -0.00188854 0 
0.05463081 0.07090295 0.005537666 0 
-0.03729742 0.0413072 -0.02673725 0 
-0.005161094 0.1213576 -0.01191523 0 
-0.06813618 0.1800611 -0.05881605 0 
-0.0338148 0.1203288 -0.009866155 0 
-0.01259705 0.08705967 -0.03751121 0 
-0.05827039 0.1213061 -0.009034943 0 
-0.002789419 0.1172912 -0.0157946 0 
-0.001429395 0.09094463 -0.03422849 0 
0.05069607 0.06114379 -0.002878148 0 
0.05499117 0.06203204 0.0004964827 0 
0.02110254 0.1121759 -0.01403073 0 
0.01928169 0.1208913 -0.007436913 0 
-0.05681066 0.03387394 -0.01116631 0 
-0.04012571 0.1197369 -0.01230275 0 
-0.0506872 0.03593587 -0.01238079 0 
-0.01081636 0.1217268 -0.01057179 0 
-0.003649137 0.09773419 -0.02822234 0 
-0.02291054 0.09640789 -0.02510266 0 
-0.0422969 0.03629192 -0.0272536 0 
0.001136288 0.09775565 -0.02686536 0 
-0.03043806 0.1122505 -0.01732969 0 
-0.02433203 0.09073023 -0.03294734 0 
-0.04898207 0.1298065 -0.00132294 0 
-0.06504737 0.1799915 -0.0597586 0 
-0.05328801 0.040144 -0.01027861 0 
0.05129587 0.06680905 0.0009112763 0 
-0.06302115 0.1781095 -0.06039357 0 
0.02714566 0.06468426 -0.02191898 0 
0.03355245 0.1060357 -0.00911552 0 
-0.05079286 0.1271649 -0.00481832 0 
-0.01617193 0.1253674 -0.003090481 0 
-0.0178491 0.1098921 -0.02017093 0 
-0.03419049 0.04751401 -0.0223015 0 
-0.002265976 0.09967629 -0.02421956 0 
-0.04645946 0.1272395 -0.00488433 0 
-0.02236131 0.1230778 -0.005405392 0 
-0.01219394 0.1247166 -0.00637686 0 
0.00140857 0.03478199 -0.0232652 0 
-0.0213995 0.03479512 -0.02795882 0 
0.01200922 0.0359619 -0.02173575 0 
0.005870995 0.03608739 -0.02334251 0 
-0.05399643 0.09909981 -0.02102625 0 
-0.02758703 0.1697469 -0.01808757 0 
0.001017898 0.03833025 -0.02438699 0 
-0.01021207 0.03889054 -0.02585765 0 
-0.04767276 0.03611665 -0.01330121 0 
-0.05033704 0.1087332 -0.01860809 0 
-0.0257939 0.03915957 -0.02911041 0 
-0.06515615 0.1403454 -0.00768486 0 
-0.0470801 0.04070069 -0.01186983 0 
0.004980593 0.04228596 -0.02454216 0 
0.01977283 0.1016408 -0.02062631 0 
0.02846123 0.04045507 -0.00326482 0 
-0.00022828 0.04339494 -0.02512442 0 
-0.02641667 0.04467402 -0.02820974 0 
-0.06384195 0.04267515 -0.003497534 0 
-0.0335409 0.03634262 0.04908996 0 
0.01538174 0.04543915 -0.02389065 0 
-0.002089653 0.04785253 -0.02920744 0 
-0.03564947 0.1557356 -0.009284317 0 
0.02569932 0.04296596 -0.008083116 0 
0.02339319 0.04939185 -0.02085421 0 
0.003862062 0.04721597 -0.02775251 0 
-0.00844786 0.04818924 -0.03017951 0 
-0.01096957 0.05398796 -0.03300409 0 
-0.02120084 0.04665709 -0.02795132 0 
-0.06613985 0.10076 -0.0161786 0 
-0.02604945 0.0476925 -0.0261495 0 
-0.08403066 0.1109893 0.03809783 0 
-0.04981561 0.04603998 -0.009340454 0 
-0.08539377 0.1293322 -0.0008820724 0 
-0.07507309 0.09652133 -0.01279779 0 
-0.02552829 0.05147271 -0.02688468 0 
-0.04067948 0.1598289 -0.009883531 0 
-0.0655936 0.1766571 -0.06050473 0 
-0.03409518 0.1742802 -0.01340474 0 
0.02767039 0.05329962 -0.01891556 0 
-0.02126821 0.05261036 -0.02996386 0 
-0.03287552 0.05167763 -0.01088865 0 
-0.03761382 0.04953477 -0.01162614 0 
0.03320562 0.05102065 -0.00723825 0 
0.01391647 0.05047431 -0.02676889 0 
-0.04309918 0.05634458 -0.01135703 0 
0.04647493 0.05230227 -0.004986632 0 
-0.03714122 0.1105924 -0.01850207 0 
0.01801924 0.05569306 -0.02716451 0 
-0.04449542 0.05152138 -0.01034224 0 
-0.06757321 0.1150892 -0.009905959 0 
-0.07104821 0.1516109 -0.04467927 0 
-0.00589038 0.03479062 -0.02422447 0 
0.01254939 0.05466295 -0.02888922 0 
-0.001030317 0.05893412 -0.03307144 0 
-0.05087528 0.05191486 -0.007670867 0 
0.04325496 0.05523632 -0.005451877 0 
0.0384634 0.05493482 -0.00618225 0 
0.03883862 0.05780826 -0.00525848 0 
-0.03856149 0.05423329 -0.01101663 0 
-0.01772754 0.03628954 0.05222225 0 
-0.007016822 0.05921021 -0.03427252 0 
-0.01317646 0.05999963 -0.03514679 0 
0.008633094 0.06353076 -0.03122668 0 
0.002218776 0.06416673 -0.03328341 0 
-0.03410824 0.06146656 -0.01305313 0 
-0.03389698 0.05702533 -0.01104757 0 
-0.03921334 0.05918707 -0.01190731 0 
-0.04498745 0.06053562 -0.01231822 0 
-0.07972219 0.07162195 0.009246478 0 
-0.02805459 0.09853145 -0.02381127 0 
-0.05199083 0.149606 -0.002908648 0 
0.01852188 0.06143283 -0.02767579 0 
-0.04804589 0.05634165 -0.01019966 0 
-0.05399304 0.1449866 -0.00110934 0 
-0.04784203 0.0975176 -0.02179815 0 
0.02183913 0.06649948 -0.02633812 0 
-0.009210729 0.06485026 -0.035972 0 
-0.0492462 0.1035648 -0.02043236 0 
-0.06015261 0.1000553 -0.01859055 0 
-0.05614789 0.06192155 -0.00575411 0 
-0.03503209 0.1623247 -0.01306013 0 
-0.01125787 0.0703923 -0.03715269 0 
-0.0353857 0.06681743 -0.01543486 0 
-0.01977877 0.06702701 -0.03671419 0 
-0.05327646 0.06597278 -0.01082309 0 
-0.05583777 0.1272519 -0.006447436 0 
0.01792897 0.07107001 -0.0290333 0 
-0.07012668 0.120069 -0.008342706 0 
-0.04064536 0.06502814 -0.0142857 0 
-0.0746206 0.06760857 0.01973959 0 
-0.02257458 0.07131957 -0.03705837 0 
-0.02738623 0.07110242 -0.03350379 0 
-0.06853542 0.1392937 -0.00780466 0 
-0.03526304 0.07106765 -0.01801186 0 
-0.05547693 0.07338718 -0.01651902 0 
-0.01024447 0.1789583 -0.02953887 0 
-0.07292873 0.1251536 -0.007994396 0 
-0.06424952 0.1604502 -0.05704147 0 
-0.04206416 0.07587635 -0.01851975 0 
-0.07328811 0.07278901 -0.007562288 0 
-0.01328755 0.07588559 -0.03820597 0 
-0.01968767 0.07736189 -0.03859194 0 
-0.03890947 0.07110544 -0.01700006 0 
-0.06586932 0.0741886 -0.01437892 0 
0.01439065 0.07576064 -0.03020879 0 
0.008573405 0.07521477 -0.0328703 0 
-0.0378644 0.1044592 -0.02070999 0 
-0.005133951 0.07900217 -0.03707744 0 
-0.07556912 0.07766688 -0.009426564 0 
-0.06564108 0.1712783 -0.05928735 0 
0.03072379 0.07506094 -0.02035395 0 
-0.02612487 0.07624055 -0.03610964 0 
-0.06974507 0.1300662 -0.008543266 0 
0.02559414 0.0775215 -0.0241657 0 
-0.0357498 0.07724835 -0.01937402 0 
-0.04672133 0.08038534 -0.01997292 0 
0.02169799 0.08115836 -0.02631333 0 
0.001816381 0.08565885 -0.0346591 0 
-0.0004844676 0.07992727 -0.03591793 0 
-0.03218533 0.1067637 -0.02022358 0 
-0.03946679 0.08111758 -0.02041341 0 
-0.05742113 0.07755212 -0.01848131 0 
-0.01480897 0.08103084 -0.03853199 0 
-0.03547018 0.08019607 -0.02232591 0 
-0.05362774 0.0817392 -0.02064889 0 
0.03059328 0.08221104 -0.02011583 0 
-0.06856912 0.07946353 -0.01593502 0 
0.01402873 0.0875174 -0.02915012 0 
-0.004856706 0.08506011 -0.0368728 0 
-0.02455461 0.08206512 -0.03704735 0 
-0.03724453 0.08524227 -0.02268859 0 
-0.01968041 0.1758633 -0.0227088 0 
-0.04961172 0.08677275 -0.02153962 0 
-0.07089938 0.08517677 -0.01612407 0 
-0.007577283 0.09177568 -0.03479978 0 
-0.08120631 0.1120509 -0.00088299 0 
-0.01895249 0.0902035 -0.03585038 0 
-0.01910961 0.08437485 -0.03818366 0 
-0.02325523 0.08706811 -0.03624698 0 
-0.04574166 0.09182294 -0.02213843 0 
-0.03587487 0.034776 -0.0308452 0 
-0.01671753 0.03361164 -0.02462542 0 
-0.00534863 0.03382901 -0.02260043 0 
0.007022368 0.03468791 -0.01914166 0 
0.01395035 0.03488 -0.01861287 0 
-0.04246598 0.0341891 -0.02726065 0 
-0.03244393 0.03376362 -0.02522614 0 
-0.04426579 0.03366366 -0.02191442 0 
-0.02928684 0.03389135 -0.02114238 0 
-0.0151142 0.03430514 -0.01931497 0 
0.00958873 0.03420722 -0.01542405 0 
-0.03519913 0.03383521 -0.02050829 0 
0.006157343 0.03497918 -0.01453143 0 
0.01047364 0.0347426 -0.01126287 0 
-0.00247195 0.03840877 -0.01415903 0 
-0.03845603 0.03369474 -0.02430853 0 
-0.04109151 0.034006 -0.01199754 0 
-0.02008631 0.03806445 -0.01722079 0 
-0.01335651 0.03823383 -0.01603997 0 
0.002721208 0.03788108 -0.013258 0 
-0.047872 0.0341363 -0.01541825 0 
-0.04752164 0.03362272 -0.01280459 0 
-0.0326102 0.03655055 -0.01679326 0 
-0.01253543 0.03882786 -0.009576052 0 
0.00645525 0.03816519 -0.01016486 0 
0.0119662 0.0343354 -0.00595713 0 
-0.01769008 0.03864351 -0.01268048 0 
-0.0005412125 0.03887986 -0.008199429 0 
0.00381492 0.03902447 -0.00808273 0 
0.01996812 0.03484399 -0.00189849 0 
-0.02942725 0.03855123 -0.01189747 0 
-0.05149981 0.03372911 -0.01208251 0 
0.00954854 0.03423262 0.0017162 0 
-0.05826778 0.03359292 -0.005005986 0 
0.01636347 0.03439479 0.00229486 0 
0.02132474 0.03462404 0.0056444 0 
-0.0396703 0.036174 -0.00733977 0 
-0.01545744 0.03859186 -0.003056296 0 
0.001201981 0.0363479 0.003648555 0 
0.0140143 0.0357038 0.00388789 0 
0.0153228 0.0362397 0.00366285 0 
-0.06250693 0.03383858 -0.00866411 0 
-0.0380666 0.0385186 -0.00730796 0 
0.00396778 0.03420021 0.00497545 0 
0.00942926 0.0360304 0.00452751 0 
-0.041271 0.0338554 -0.00188008 0 
0.00621941 0.0351341 0.00654928 0 
0.0208979 0.0359371 0.0087849 0 
0.0351068 0.03734631 0.01414489 0 
-0.06707834 0.0338401 -0.00616883 0 
0.0049172 0.0339971 0.00916661 0 
0.0251308 0.03454691 0.01101258 0 
-0.0331634 0.0381954 -0.0005252 0 
-0.0320742 0.0383234 -0.0004210901 0 
0.02393075 0.03481671 0.01773916 0 
-0.0373144 0.033633 0.00457247 0 
-0.00138969 0.03865136 0.00239665 0 
0.0008256251 0.0355654 0.008959154 0 
0.0222529 0.0365833 0.0139797 0 
-0.07096183 0.03434573 -0.00078374 0 
-0.0659017 0.03362213 0.002458465 0 
-0.00369538 0.03817278 0.0130468 0 
-0.04567594 0.03370364 0.00643003 0 
-0.03863927 0.03393731 0.00855065 0 
0.0214998 0.0358071 0.0181694 0 
0.04067383 0.03976555 0.01588821 0 
-0.07247401 0.03625593 0.00155326 0 
-0.07149813 0.03445297 0.00420265 0 
-0.0277909 0.0380629 0.00793761 0 
0.00810435 0.0348429 0.0181346 0 
-0.05135087 0.0336457 0.00803294 0 
-0.0471043 0.0355495 0.00808039 0 
0.002650932 0.03490515 0.01551016 0 
0.01380095 0.0344025 0.02150845 0 
0.0174901 0.0346463 0.0220409 0 
0.02418197 0.03587807 0.02177901 0 
-0.039222 0.0363262 0.0107899 0 
0.02859039 0.03844093 0.02603311 0 
0.05091305 0.04603288 0.01929758 0 
-0.06196542 0.06593826 0.03182324 0 
-0.03469233 0.03382871 0.01243858 0 
-0.0298032 0.034287 0.0163531 0 
0.002388621 0.03600781 0.02065504 0 
0.04636341 0.04494718 0.02374395 0 
-0.06887649 0.1102218 0.03900463 0 
-0.05168395 0.03407635 0.01251034 0 
-0.0357116 0.0358916 0.0155029 0 
-0.0288615 0.0353967 0.01735 0 
-0.0265805 0.0377426 0.0157053 0 
-0.054019 0.0333099 0.015848 0 
0.0048045 0.03670115 0.02445739 0 
-0.002328697 0.03883703 0.02694847 0 
0.00322223 0.03870844 0.02589875 0 
0.01319698 0.03483579 0.03163098 0 
0.01008742 0.03704769 0.0308225 0 
-0.07379571 0.1089563 0.03921725 0 
-0.05167713 0.06306784 0.03224651 0 
-0.0366651 0.0353042 0.023032 0 
-0.01371725 0.03876132 0.03051002 0 
-0.08835027 0.1132862 0.03445357 0 
-0.06669465 0.06927694 0.0336001 0 
-0.07811787 0.1097327 0.04072902 0 
-0.07582414 0.107949 0.03712875 0 
-0.0382796 0.035429 0.0243806 0 
-0.03528334 0.03417978 0.02274486 0 
-0.02579807 0.037865 0.01998146 0 
0.00690643 0.03900427 0.02954851 0 
0.01971474 0.03631582 0.03781274 0 
-0.07870724 0.07179937 0.01999907 0 
-0.07311021 0.1484717 -0.02874847 0 
-0.06155854 0.06270468 -0.003847705 0 
-0.0627918 0.03459676 0.02350564 0 
-0.0418955 0.0336683 0.02694 0 
0.00898082 0.0376394 0.0339008 0 
0.00852878 0.034888 0.0362651 0 
-0.06584462 0.07382105 0.03828075 0 
0.00524969 0.0395071 0.0332712 0 
-0.06731291 0.06402367 -0.00169421 0 
-0.05721963 0.05700047 0.00491758 0 
-0.06108081 0.03438617 0.03007298 0 
-0.04658883 0.03453639 0.03425427 0 
-0.01910174 0.03849162 0.02802206 0 
-0.07181157 0.1486132 -0.03463949 0 
-0.06924137 0.06311033 0.00398819 0 
-0.09189953 0.1172431 0.02506287 0 
-0.08711909 0.1128392 0.02821894 0 
-0.05497758 0.07059582 0.03886214 0 
-0.07720888 0.1071589 0.03473829 0 
-0.06136103 0.05905898 0.008284304 0 
-0.06588565 0.03502508 0.02941652 0 
-0.05251816 0.03448242 0.03542977 0 
-0.0348346 0.0347214 0.0345782 0 
-0.0309847 0.0381919 0.0323901 0 
0.01102463 0.03537982 0.04060629 0 
-0.08294383 0.1126609 0.04382089 0 
-0.07152157 0.06945314 0.0295345 0 
-0.0792252 0.07854425 0.0305142 0 
-0.06529708 0.03477897 0.03374434 0 
0.009333245 0.03611813 0.04499536 0 
-0.06102617 0.06981026 0.03682316 0 
-0.00282619 0.03488534 0.04561141 0 
-0.06263947 0.05946404 0.01345354 0 
-0.02332 0.0391695 0.0384733 0 
-0.0181599 0.0393223 0.0394029 0 
-0.0164714 0.0348128 0.0436847 0 
-0.07338957 0.06580262 0.005288294 0 
-0.07139015 0.06340995 0.00932857 0 
-0.0263231 0.034658 0.0434735 0 
-0.00318366 0.03622991 0.0478731 0 
-0.08005545 0.1093916 0.03553058 0 
-0.05032141 0.06699458 0.03700692 0 
-0.04992726 0.07109652 0.03988053 0 
-0.03934321 0.03544018 0.04249256 0 
-0.00813059 0.03500835 0.0475024 0 
-0.0686026 0.1499228 -0.04005135 0 
-0.07123739 0.06657276 0.02444726 0 
-0.07564972 0.06729566 0.00943032 0 
-0.06514665 0.03594565 0.03977508 0 
-0.0368986 0.03592464 0.04479417 0 
-0.00947804 0.0359776 0.04943421 0 
-0.08677178 0.1170453 0.0454458 0 
-0.0627105 0.06308583 0.02633195 0 
-0.06404071 0.06093977 0.01996326 0 
-0.05795095 0.06034464 0.02344961 0 
-0.06421221 0.03499256 0.03940192 0 
-0.01735416 0.03492384 0.04773411 0 
-0.07697765 0.1124214 0.04613506 0 
-0.06126337 0.03469041 0.0419949 0 
-0.03383244 0.03516882 0.04695789 0 
-0.02865763 0.03508338 0.05054944 0 
-0.06528365 0.1559245 -0.04986593 0 
-0.06475607 0.1504486 -0.03115389 0 
-0.04538465 0.146642 -0.001228666 0 
-0.01048281 0.1666829 -0.02174609 0 
-0.06274451 0.1639753 -0.05939828 0 
-0.07041323 0.141292 -0.00845908 0 
-0.05987071 0.1417941 -0.004708546 0 
-0.06373114 0.1657704 -0.06010361 0 
-0.01991037 0.1605177 -0.01208546 0 
-0.06670718 0.152978 -0.04718174 0 
-0.0298179 0.1560023 -0.008342905 0 
-0.06744766 0.1550768 -0.05159425 0 
-0.01090665 0.176493 -0.0292463 0 
-0.0720836 0.1496555 -0.03926586 0 
-0.06412227 0.1490516 -0.0261439 0 
-0.06305664 0.1434165 -0.00749077 0 
-0.04160886 0.1536704 -0.007110051 0 
-0.06440032 0.158344 -0.05425637 0 
-0.06617812 0.1421835 -0.00937663 0 
-0.06527159 0.1537705 -0.0403537 0 
-0.07175302 0.1438638 -0.01294779 0 
-0.0637554 0.1442887 -0.01139573 0 
-0.06876423 0.143255 -0.0133529 0 
-0.05027144 0.1433656 0.0015153 0 
-0.02907303 0.1647871 -0.01559797 0 
-0.06096542 0.1700211 -0.06083939 0 
-0.01388237 0.1678791 -0.02164645 0 
-0.02337163 0.1249094 0.02045335 0 
-0.06715155 0.1737306 -0.04636176 0 
-0.06581123 0.1611999 -0.01659243 0 
-0.06400163 0.1725155 -0.05065667 0 
-0.01506609 0.1276316 0.002774142 0 
-0.008973836 0.1292592 0.004559637 0 
-0.08817205 0.1022407 0.01532253 0 
0.001232851 0.131064 0.008054635 0 
0.0001117738 0.1312186 0.0128486 0 
-0.004368364 0.1306558 0.009312501 0 
-0.07260451 0.1580736 -0.003480878 0 
-0.07229528 0.1674087 -0.02215736 0 
-0.08987103 0.1129461 0.01594796 0 
-0.06120177 0.1544771 0.0277185 0 
-0.02538834 0.1260003 0.005374509 0 
-0.06632721 0.1587117 -0.01124003 0 
-0.03889712 0.09157486 -0.02298896 0 
-0.06187132 0.1360023 -0.007061007 0 
-0.005954941 0.1274292 0.02786181 0 
-0.01240636 0.1290683 0.01763031 0 
-0.056796 0.04164967 0.01927934 0 
-0.0669991 0.1047845 0.03925609 0 
-0.06398761 0.1575515 -0.04483884 0 
0.0434221 0.09841558 0.006579549 0 
0.04509684 0.09207387 0.007361767 0 
-0.02086164 0.1260089 0.001226428 0 
-0.01327444 0.03916509 0.03544782 0 
-0.01876505 0.03890153 0.03392315 0 
0.004800091 0.04453044 0.04578868 0 
0.0007550081 0.1309075 0.01798162 0 
-0.02173278 0.12687 0.01476226 0 
-0.0161217 0.1284243 0.01316086 0 
-0.0706008 0.08442155 0.04055607 0 
0.005084747 0.09053955 0.05488397 0 
-0.0284427 0.1674521 -0.007940729 0 
-0.01424473 0.1732736 -0.02520068 0 
0.03441551 0.1102447 0.02697403 0 
-0.06083297 0.105071 0.04032569 0 
-0.09035584 0.1350014 0.01454685 0 
0.007619866 0.09848437 0.04875337 0 
-0.01969215 0.1246101 0.02466634 0 
-0.06881969 0.169224 -0.05463191 0 
-0.03149546 0.1179247 0.03095179 0 
-0.05403633 0.1104153 0.03746614 0 
-0.06814911 0.1472708 -0.02812921 0 
0.03789357 0.05495033 0.03125165 0 
-0.05002281 0.1016363 0.04177651 0 
-0.04782449 0.1170754 0.03139148 0 
-0.04204759 0.1144201 0.03403963 0 
0.04824011 0.04387861 0.007099407 0 
-0.06661835 0.1465125 -0.02295462 0 
-0.0393819 0.06526455 0.04097543 0 
-0.04024574 0.07174117 0.04193565 0 
-0.04177536 0.04701909 0.04040927 0 
-0.03776206 0.05332714 0.03928978 0 
-0.03890294 0.0990814 0.04187268 0 
-0.03819919 0.1101109 0.03660602 0 
0.04225217 0.1013733 0.0125866 0 
-0.03356478 0.0631586 0.03947726 0 
-0.0296345 0.1725265 -0.006578488 0 
-0.0328024 0.05633168 0.03805236 0 
-0.03068676 0.1043859 0.04088249 0 
-0.02914951 0.1130286 0.03564917 0 
0.03793912 0.1069739 -0.0003542457 0 
-0.02489636 0.06400039 0.04230454 0 
-0.000734067 0.127365 0.02857077 0 
0.01372506 0.1294856 0.008866485 0 
0.003583909 0.1185849 0.037658 0 
-0.03989712 0.1491304 0.0003544537 0 
-0.02300328 0.1125649 0.03784676 0 
-0.01847363 0.0731908 0.05394903 0 
-0.01902379 0.1167462 0.03591673 0 
-0.01473175 0.1208905 0.03379244 0 
-0.02102682 0.1211054 0.0304379 0 
0.01640724 0.1284716 0.01481328 0 
-0.008736996 0.120548 0.03610226 0 
-0.01005489 0.09952135 0.04762484 0 
-0.01360279 0.03613357 0.05082823 0 
0.0135611 0.05234662 0.04847713 0 
0.01995527 0.1146394 0.03608026 0 
-0.06787052 0.136347 0.04509442 0 
-0.06638215 0.1181596 0.04777479 0 
0.02979094 0.08602277 0.04354879 0 
-0.06551719 0.1440712 0.04083304 0 
-0.01243151 0.1812775 -0.0249576 0 
-0.01517658 0.1697509 -0.01615308 0 
-0.05928174 0.1235743 0.04123382 0 
0.03966762 0.08548135 0.03287614 0 
0.0456758 0.04724358 -0.001957654 0 
0.008931357 0.120341 0.03538352 0 
-0.05280527 0.07494012 0.04206036 0 
-0.05858856 0.1322404 0.03702721 0 
-0.06506595 0.1509442 0.03639489 0 
0.01504465 0.07082069 0.05241146 0 
-0.05289771 0.1203074 0.03498827 0 
-0.02017586 0.17259 -0.01485211 0 
-0.05152455 0.1246684 0.03319048 0 
0.02543652 0.08961099 0.04619455 0 
0.04578913 0.08373521 0.01395511 0 
0.0005052667 0.0405848 0.04673981 0 
-0.02239436 0.1645875 -0.008363813 0 
0.03420478 0.09407716 0.03814023 0 
-0.02532078 0.1581551 -0.0100286 0 
-0.03267577 0.1684385 -0.003807358 0 
0.03673207 0.08521632 0.03706684 0 
0.0338898 0.08252183 0.04033489 0 
0.0416311 0.08057675 0.02978945 0 
0.05515626 0.05079466 0.02011041 0 
-0.02874801 0.1738078 -0.01722927 0 
-0.06454759 0.1770422 -0.05566809 0 
0.04292651 0.09281836 -0.002275744 0 
-0.03321762 0.09515855 -0.023612 0 
-0.01503284 0.0383814 0.007304202 0 
-0.01212557 0.03854264 0.002524762 0 
-0.04316568 0.05623968 0.03893052 0 
0.02505276 0.06580922 0.04497747 0 
-0.04525501 0.1216752 0.0263785 0 
-0.01582846 0.1816199 -0.02040804 0 
-0.01198037 0.1769718 -0.0230531 0 
-0.05399912 0.04619734 0.04097662 0 
-0.08873747 0.1128763 0.02167228 0 
-0.02451964 0.03819209 0.02527533 0 
-0.08463293 0.1083369 0.02310946 0 
-0.04034777 0.04615666 -0.01682205 0 
-0.08968217 0.1358844 0.03376901 0 
-0.09252606 0.1180329 0.0138301 0 
-0.04118286 0.03481102 0.03832533 0 
-0.09279186 0.123014 0.01224346 0 
-0.09084198 0.1303889 0.03605771 0 
-0.08860245 0.09018132 0.01672831 0 
-0.06295671 0.1592897 -0.03924991 0 
0.03024145 0.04325593 0.03053161 0 
-0.09128777 0.1195208 0.008680279 0 
-0.0009283941 0.1241679 -0.008926293 0 
-0.02431974 0.1622058 -0.01450473 0 
-0.0630904 0.1557116 -0.0149583 0 
0.03686486 0.0736158 -0.01329046 0 
-0.0794977 0.09667202 -0.008806515 0 
-0.07691792 0.1016492 -0.009614808 0 
0.03118821 0.05310007 -0.01321396 0 
-0.07719261 0.1714897 -0.03729853 0 
-0.08428678 0.1506947 0.005697749 0 
0.03818741 0.06092567 -0.008248698 0 
0.03214336 0.06303965 -0.01720033 0 
-0.05603766 0.04524094 0.0151552 0 
-0.0632791 0.04638003 0.005816957 0 
-0.002240905 0.03478631 -0.02374483 0 
0.0252873 0.03916969 0.03097425 0 
-0.01283957 0.09898934 -0.0246377 0 
0.04313955 0.08582115 -0.003738451 0 
0.03107738 0.06915419 -0.01912807 0 
-0.06318936 0.1617839 -0.04903923 0 
0.03674994 0.1053843 -0.005150678 0 
0.04012896 0.1017 0.02384577 0 
-0.06266166 0.1672178 -0.05111666 0 
0.04127017 0.06206254 -0.003220017 0 
0.04238434 0.09630851 0.02278796 0 
-0.06922713 0.1482237 -0.03291929 0 
-0.05154445 0.1392352 0.02285045 0 
0.04543296 0.08269344 0.01929172 0 
0.04023344 0.1045988 0.01776196 0 
-0.07285803 0.1732823 -0.03743552 0 
-0.07485379 0.1760876 -0.04356707 0 
-0.04555824 0.1304135 0.005722864 0 
-0.07495189 0.1552117 0.0246626 0 
-0.02979684 0.1802364 -0.01086052 0 
0.04290746 0.07004578 0.02687135 0 
-0.08844575 0.09803227 0.02001254 0 
-0.02767546 0.1253761 0.01257738 0 
-0.07282236 0.1623414 -0.01214273 0 
-0.07488967 0.1709848 -0.03241263 0 
-0.06520048 0.1557375 0.01208186 0 
-0.06385106 0.1628036 -0.02748799 0 
-0.06792977 0.1675751 -0.02700759 0 
-0.04590018 0.129836 0.02115404 0 
-0.07136973 0.1545875 0.02871034 0 
-0.07115464 0.1557949 0.01297765 0 
-0.03284315 0.1263239 0.01485343 0 
-0.03117297 0.1257863 0.004270648 0 
-0.0623795 0.1550374 0.007036426 0 
-0.07304972 0.1559341 0.01897431 0 
0.03529971 0.1129825 0.00665496 0 
0.03410632 0.1149843 0.01584688 0 
-0.06252395 0.04084577 0.026014 0 
0.03213724 0.1165321 0.003921545 0 
0.03513487 0.1118637 0.001515408 0 
-0.06769464 0.1470743 0.04018233 0 
-0.05354943 0.04818606 0.02632967 0 
0.0271257 0.1200357 0.001150572 0 
-0.03940042 0.1663708 -0.01139596 0 
-0.02839701 0.07343102 0.04139127 0 
-0.002418357 0.1054266 0.043366 0 
-0.02993255 0.03819315 0.00375826 0 
-0.0275986 0.03836257 -0.001427985 0 
-0.04814766 0.057016 0.03561682 0 
-0.02454246 0.0838045 0.05200199 0 
-0.02528722 0.07844801 0.04940573 0 
-0.07586639 0.1622124 -0.01535911 0 
-0.02097342 0.05639976 0.04567965 0 
-0.05129473 0.0542998 0.03043903 0 
-0.06521156 0.1452844 -0.01707996 0 
-0.07670562 0.1555283 -0.00566627 0 
-0.07983907 0.1411404 0.04518656 0 
-0.08149026 0.1446944 0.04109585 0 
-0.07501274 0.1581325 -0.006517054 0 
-0.07423806 0.08284301 0.03799335 0 
-0.07523937 0.08835994 0.03856477 0 
-0.08517065 0.1393744 0.04230166 0 
-0.06960097 0.09585282 -0.01572591 0 
-0.08647416 0.1473291 0.03200328 0 
-0.06668493 0.03567779 0.01486485 0 
-0.02182399 0.06578033 0.04756631 0 
-0.05430936 0.160851 0.004699319 0 
-0.05524989 0.04390866 -0.007714156 0 
-0.02555997 0.05652891 -0.0284656 0 
-0.02194534 0.05740888 -0.03177907 0 
-0.07050309 0.1664665 -0.04945392 0 
-0.03498144 0.04879277 -0.01673298 0 
-0.07219508 0.1595702 -0.03994492 0 
0.008179442 0.03468004 -0.005074478 0 
0.03726562 0.08999016 -0.0134576 0 
-0.07808979 0.1668267 -0.03015242 0 
8.790222e-06 0.1207809 -0.01280421 0 
-0.03125387 0.08464214 -0.02924526 0 
-0.07380737 0.1585139 -0.03008786 0 
-0.07758571 0.1650123 -0.0253736 0 
0.001001307 0.0391726 0.03046486 0 
-0.07538527 0.149954 -0.02229749 0 
-0.02837189 0.06140031 -0.02623437 0 
-0.07218929 0.1471561 -0.02485071 0 
-0.07481694 0.1529078 -0.02013197 0 
-0.06665093 0.04147122 0.01060822 0 
-0.01103308 0.03372033 -0.02361292 0 
-0.07782192 0.1591946 -0.01941394 0 
-0.03498356 0.03478672 0.04117883 0 
-0.01463669 0.09679735 -0.02892136 0 
0.002018413 0.03812208 -0.001851887 0 
-0.07605866 0.1495512 -0.01486594 0 
-0.02923303 0.1229481 -0.005124164 0 
-0.03799611 0.1722452 -0.01075986 0 
-0.01648453 0.03500198 -0.02654363 0 
0.03291551 0.09463586 -0.01548741 0 
-0.02167197 0.0384352 -0.0023292 0 
0.01378089 0.04129076 0.04414439 0 
-0.01325244 0.1135873 -0.01778859 0 
-0.08320358 0.09589523 -0.004582969 0 
-0.07880486 0.1064843 -0.005720629 0 
-0.04542518 0.1692368 -0.00404427 0 
-0.07027715 0.06854291 -0.004706961 0 
-0.08118977 0.1430553 -0.000548348 0 
-0.05330513 0.1612291 -0.001510686 0 
-0.08715021 0.098851 0.00462626 0 
-0.0581145 0.04822456 0.003744485 0 
-0.01979137 0.09488302 -0.03043471 0 
-0.07024802 0.1454693 -0.02001765 0 
0.02933539 0.1064475 -0.01275417 0 
0.0001441897 0.039436 0.0349867 0 
-0.004239111 0.03908654 0.03173827 0 
-0.01387222 0.09359027 -0.03354939 0 
-0.03433087 0.03450071 0.02921982 0 
-0.03158083 0.03418715 0.02001576 0 
0.01301826 0.1221567 -0.009757844 0 
-0.03498783 0.03400424 0.01759172 0 
-0.03381075 0.0338142 0.009639435 0 
-0.05165922 0.155923 -0.00370551 0 
-0.05729552 0.1363774 -0.004913315 0 
-0.0530472 0.1206635 -0.01115176 0 
-0.01622221 0.1221361 -0.008513195 0 
-0.05280462 0.1328041 -0.002907485 0 
-0.05336178 0.124783 -0.006989021 0 
-0.04813571 0.132753 0.002887243 0 
-0.04573722 0.1287612 0.0005409459 0 
-0.04070909 0.1264782 -0.003310974 0 
-0.04402203 0.1081641 -0.01907107 0 
0.01428293 0.1117667 -0.01705785 0 
-0.05878334 0.04526045 -0.004617023 0 
-0.07055239 0.1107743 -0.01001906 0 
-0.07571418 0.1108502 -0.006426035 0 
0.04892008 0.05690724 -0.004514415 0 
-0.0773578 0.1345124 -0.005660032 0 
-0.05082897 0.07103226 -0.01499806 0 
0.04167494 0.04956589 -0.005174195 0 
-0.05431176 0.1121415 -0.01655942 0 
-0.06421155 0.1306169 -0.00803548 0 
0.03004415 0.04627855 -0.006449288 0 
-0.04714395 0.07489266 -0.01758997 0 
-0.04096419 0.03430421 0.03195479 0 
-0.03858942 0.03392404 0.02484243 0 
0.02360934 0.05437528 -0.02342755 0 
0.02262701 0.07242322 -0.02627586 0 
-0.04756856 0.06556553 -0.01349549 0 
-0.05807553 0.1164634 -0.01284112 0 
0.01995968 0.0860939 -0.02641245 0 
0.01692673 0.08125204 -0.02868251 0 
-0.06036994 0.07343245 -0.01589228 0 
0.01355666 0.05958778 -0.02918794 0 
-0.04938312 0.160997 -0.005061987 0 
-0.04298675 0.0861496 -0.02159284 0 
-0.07178067 0.1013796 -0.01328855 0 
-0.06534222 0.08412825 -0.01812525 0 
0.009484005 0.04628084 -0.02593049 0 
0.005255432 0.08043567 -0.03396546 0 
0.01456112 0.1050086 -0.01963501 0 
0.007744652 0.08631764 -0.032272 0 
-0.003916329 0.03889664 -0.02508079 0 
0.002658992 0.07484126 -0.03478475 0 
-0.0460854 0.1577174 -0.007165546 0 
-0.0061387 0.04342803 -0.02588616 0 
-0.0627014 0.06969244 -0.01183359 0 
-0.02679449 0.03796395 0.01395954 0 
-0.01192863 0.04424146 -0.02700893 0 
-0.01535502 0.04891787 -0.03007702 0 
-0.02823208 0.03791109 0.0219621 0 
-0.01720918 0.05555889 -0.03294554 0 
-0.0149648 0.0656578 -0.03691987 0 
-0.01696722 0.07115203 -0.03811715 0 
-0.02116871 0.04045666 -0.02817716 0 
-0.02404353 0.06630689 -0.03418473 0 
-0.06362825 0.1196691 -0.009612626 0 
-0.02328656 0.1724753 -0.02038401 0 
-0.003971308 0.0348504 0.0399749 0 
0.0198715 0.0356148 0.0180103 0 
0.04471758 0.04130488 0.01171837 0 
-0.03074575 0.03487523 0.04447199 0 
-0.02998975 0.03450105 0.0401938 0 
-0.014862 0.03830788 0.01252885 0 
-0.05950505 0.07524985 0.04129586 0 
-0.02250887 0.03518071 0.04866114 0 
0.01957848 0.03594429 0.03222997 0 
0.0160391 0.03478115 0.02665362 0 
-0.009271035 0.03877572 -0.003222283 0 
0.00958672 0.03477047 0.02595073 0 
-0.01254034 0.0351696 0.04684747 0 
-0.001746922 0.03815407 0.01858196 0 
0.04092046 0.04452252 0.02759498 0 
-0.006258327 0.03864742 0.002789207 0 
0.005459838 0.03467559 0.0002111634 0 
-0.002542534 0.03841207 0.007721723 0 
0.01313248 0.03443847 -0.002333501 0 
-0.01300732 0.03947747 0.0389838 0 
-0.006683948 0.03849659 0.02225172 0 
-0.02112743 0.03820993 0.009159119 0 
-0.01935336 0.03823292 0.02208493 0 
-0.0067926 0.03834953 -0.0149027 0 
-0.01822522 0.03839958 0.002754955 0 
-0.02715235 0.0386807 0.0354317 0 
-0.07749218 0.06931932 0.01464781 0 
-0.008279151 0.03876571 0.02816751 0 
-0.07925571 0.07480919 0.02529408 0 
-0.02139725 0.0347354 0.0435791 0 
-0.07549005 0.07029428 0.02495338 0 
-0.0662326 0.0607246 0.008617977 0 
-0.07260731 0.1107715 0.04312985 0 
-0.06307214 0.06063767 0.002668028 0 
-0.06412007 0.03357748 -0.002918414 0 
-0.05987375 0.03350861 0.0006748021 0 
0.006510776 0.03442 0.01365061 0 
0.03949576 0.0388233 0.009801421 0 
-0.05547564 0.03353686 0.004415343 0 
-0.06160476 0.03405659 0.01901922 0 
0.001062394 0.03842814 0.02316288 0 
-0.04589371 0.03364319 -0.01735951 0 
-0.04652726 0.0341796 -0.01708389 0 
-0.05729886 0.06299102 0.02925869 0 
-0.05564411 0.033759 0.01975545 0 
-0.05554423 0.034284 0.03041771 0 
-0.03814532 0.0339206 -0.01625291 0 
-0.0593072 0.03452432 0.03612954 0 
0.00167208 0.03593258 0.04648673 0 
-0.03671519 0.03737974 -0.01173365 0 
-0.04321473 0.033613 0.00297304 0 
0.01077746 0.03427131 -0.01069059 0 
-0.04316315 0.03593785 0.009435145 0 
-0.035615 0.038357 -0.003916578 0 
-0.009250398 0.03902377 0.03262046 0 
-0.02301663 0.03856223 -0.01236806 0 
-0.04806669 0.03487122 0.03993986 0 
-0.02591018 0.03831936 -0.01721301 0 
-0.0552446 0.03476565 0.04157671 0 
-0.00654343 0.03940598 0.03723767 0 
-0.05737324 0.05774863 0.01170523 0 
-0.08509494 0.08199597 0.02028772 0 
-0.06536253 0.1668922 -0.03258615 0 
-0.008929978 0.1290153 0.02246713 0 
0.05560207 0.05328976 0.003738856 0 
-0.05406747 0.1394324 -0.001718706 0 
-0.04018658 0.09301088 0.04265099 0 
0.00537368 0.08463935 0.05619635 0 
0.01013954 0.1297356 0.003399538 0 
-0.01677933 0.1120121 0.03987854 0 
-0.04273014 0.09613948 -0.02226584 0 
-0.02201222 0.1592537 -0.004072117 0 
0.02936742 0.1078499 0.03510525 0 
-0.03806647 0.09833641 -0.02229835 0 
0.05421353 0.05471338 0.0254444 0 
0.01857234 0.04543995 0.04264919 0 
-0.07400087 0.1644731 -0.01711589 0 
-0.03918269 0.124827 0.02218671 0 
-0.04386273 0.1279434 0.01851385 0 
-0.05854569 0.04474033 0.02637157 0 
-0.007486487 0.09698087 0.0522638 0 
-0.03240799 0.1780341 -0.006171074 0 
0.03471778 0.1131586 0.02161266 0 
-0.03015554 0.0495784 0.04203006 0 
-0.02520842 0.06960496 0.04434389 0 
-0.04191042 0.1712978 -0.001573389 0 
-0.04156005 0.1491609 -0.003403635 0 
-0.08175571 0.08454755 0.03049888 0 
-0.05102818 0.1645191 0.001560675 0 
-0.02433579 0.178332 -0.01908154 0 
0.05223753 0.07269551 0.0100736 0 
0.01185941 0.1277487 -0.001351586 0 
-0.06784438 0.1492091 -0.03580219 0 
-0.05816469 0.09403062 -0.02051399 0 
-0.0711368 0.07563981 -0.01220058 0 
-0.02525466 0.09335751 -0.02882279 0 
-0.002855205 0.07464925 -0.03607308 0 
-0.004496912 0.05349625 -0.03200328 0 
-0.06285044 0.1057782 -0.01628919 0 
-0.009679286 0.08049851 -0.03803929 0 
-0.01959319 0.06169521 -0.03469531 0 
0.004177221 0.09111323 -0.03199018 0 
-0.08421898 0.1109561 0.03315613 0 
-0.01373954 0.03831849 0.0188039 0 
-0.00770728 0.03439836 -0.01811778 0 
-0.0670706 0.06605765 0.02845828 0 
-0.02988365 0.03807957 0.0282189 0 
-0.06735653 0.03393866 0.007387932 0 
-0.06141429 0.03356052 0.006123549 0 
-0.05624107 0.06637792 0.03459438 0 
-0.04644181 0.0335339 0.0227805 0 
-0.04846057 0.03417884 0.0296062 0 
-0.06784173 0.1707665 -0.03739004 0 
0.01421906 0.1167379 0.03641853 0 
0.04073834 0.07429394 0.03112429 0 
0.02679771 0.05133174 0.03922036 0 
-0.06195465 0.04072754 0.01572513 0 
-0.07501185 0.1743128 -0.04011659 0 
-0.0325722 0.1265066 0.009682646 0 
0.03123391 0.1153005 0.02601796 0 
-0.03714254 0.1747704 -0.004387807 0 
-0.02216212 0.07180918 0.05006381 0 
-0.03707858 0.1512363 -0.003882352 0 
-0.03474591 0.1243498 -0.00456266 0 
-0.07301315 0.09094612 -0.01490274 0 
0.01995853 0.0764759 -0.02752736 0 
-0.01022135 0.0348316 0.0418298 0 
0.002278736 0.0348692 0.03812 0 
-0.01341386 0.03849331 0.02494217 0 
-0.0001555439 0.0344474 -0.01690985 0 
0.006430823 0.03462303 0.0207455 0 
-0.0566888 0.03359007 0.009674744 0 
-0.0623059 0.03444645 0.02526732 0 
-0.04688202 0.03364293 -0.002813225 0 
-0.05098812 0.0333995 0.018621 0 
-0.008544583 0.03832089 0.01513603 0 
-0.03227108 0.03840893 -0.005545858 0 
-0.02256977 0.03413617 -0.02049663 0 
0.007698924 0.04995559 0.04975346 0 
-0.01044676 0.08875094 0.05661038 0 
-0.01203797 0.05317962 0.050843 0 
-0.01376623 0.05713973 0.05170613 0 
0.05013119 0.06573195 0.02641137 0 
0.03420805 0.08842438 0.04011557 0 
0.02537478 0.1062788 0.03847457 0 
0.02962619 0.06405196 0.04175805 0 
0.02053772 0.1094973 0.03882426 0 
0.02658099 0.04260991 0.03465367 0 
0.04621538 0.07920816 0.01048505 0 
0.02335518 0.120704 0.02894331 0 
0.006612634 0.1287164 -0.001434485 0 
0.036276 0.08372985 -0.01557956 0 
-0.0307074 0.1168966 -0.01334824 0 
-0.02168972 0.1835776 -0.01908463 0 
-0.01166201 0.1085092 -0.02114208 0 
-0.003524784 0.06440427 -0.03466277 0 
0.02217639 0.03595494 0.02654928 0 
-0.07327618 0.06512045 0.01455693 0 
-0.07115704 0.07329324 0.03449237 0 
-0.06723206 0.06375194 0.02391582 0 
-0.04040284 0.0337198 -0.02004465 0 
-0.0520982 0.03394106 0.02499001 0 
-0.02017971 0.03813915 0.01603591 0 
-0.002277219 0.1301091 0.003644547 0 
-0.02685994 0.1084502 0.03941468 0 
0.03849612 0.1083129 0.006088177 0 
0.006548213 0.04042761 0.04552501 0 
-0.03774767 0.1277228 0.01200449 0 
0.03313124 0.1161801 0.009969462 0 
-0.02586216 0.0745317 0.04626138 0 
-0.03352312 0.03435358 0.02527834 0 
0.005568428 0.03512099 0.04151065 0 
-0.02690757 0.03382532 -0.02492956 0 
0.01903864 0.05026177 -0.02427849 0 
0.05601695 0.06107901 0.02510378 0 
-0.07944254 0.1548247 0.01992783 0 
0.02677114 0.1219644 0.01841121 0 
-0.0601765 0.0454429 0.01103509 0 
-0.05486818 0.04979121 0.01150524 0 
-0.04599108 0.03836261 -0.01658068 0 
-0.07705688 0.08226632 -0.01033733 0 
-0.0862237 0.08788922 0.001626461 0 
0.0285931 0.09320804 -0.01945683 0 
-0.04452109 0.07049201 -0.01629709 0 
-0.068162 0.07096171 -0.009780907 0 
-0.0248233 0.0385612 0.03167449 0 
-0.06831831 0.06166283 0.01432 0 
-0.05376516 0.03352433 -0.001095069 0 
0.03789241 0.07947798 0.03551698 0 
0.04336678 0.07589998 0.02606295 0 
-0.06222084 0.1699632 -0.05607006 0 
-0.04619278 0.1322147 0.009760074 0 
-0.04776448 0.1666424 -2.277712e-05 0 
-0.05066969 0.06112568 -0.01012282 0 
-0.05777335 0.05841516 0.01762516 0 
0.05407113 0.04818301 0.01448324 0 
-0.06289927 0.03407619 0.01201266 0 
-0.0571081 0.03368541 0.01479893 0 
-0.07709181 0.1479599 0.03958544 0 
0.01505161 0.1072525 0.04161737 0 
-0.03736771 0.1050749 0.03967967 0 
0.02679283 0.07083713 -0.02326788 0 
0.0595294 0.06192989 0.008596641 0 
0.05963854 0.0660219 0.01358339 0 
-0.08130611 0.07391285 0.01477422 0 
0.05764443 0.05333642 0.01464114 0 
-0.07114504 0.1141315 0.04786278 0 
-0.05301272 0.05685483 -0.006591556 0 
-0.002850967 0.1034513 -0.02281257 0 
-0.0592598 0.0658529 -0.008845733 0 
0.002406671 0.05349761 -0.03061043 0 
-0.0003302633 0.0695489 -0.03467539 0 
0.008433406 0.05136474 -0.02869299 0 
0.03152217 0.05163158 0.03562995 0 
0.03765042 0.06148881 0.03392523 0 
-0.05358504 0.1498811 0.02232451 0 
0.003756519 0.1052016 -0.02123979 0 
0.004025541 0.05936848 -0.03173275 0 
0.01484254 0.03519407 0.0369829 0 
-0.003546062 0.03884006 -0.002839092 0 
-0.07565814 0.07359794 0.03008443 0 
-0.01435453 0.1068055 0.04240975 0 
0.01624432 0.1120444 0.0385569 0 
0.03279811 0.06909569 0.03993973 0 
0.03464215 0.05635571 0.03511778 0 
-0.06278807 0.1524699 -0.0247478 0 
0.008242732 0.05694243 -0.03024399 0 
-0.01153722 0.04197318 0.04976603 0 
-0.01801368 0.164757 -0.01712359 0 
-0.01024271 0.1244208 0.03140027 0 
0.02550017 0.03653564 0.0006008585 0 
-0.01631555 0.1038452 -0.02296123 0 
-0.0630329 0.07842603 -0.01760264 0 
0.004137739 0.09985185 -0.02277756 0 
-0.05231343 0.09003747 0.04458151 0 
-0.04905626 0.1073226 0.03925486 0 
-0.05077628 0.1466414 0.01382805 0 
0.02476129 0.07140899 0.04629723 0 
-0.06365883 0.1679754 -0.04569989 0 
0.03525385 0.04110084 0.02559283 0 
0.03060744 0.1116429 0.03121678 0 
-0.06375641 0.1659345 -0.03891654 0 
-0.09355584 0.1229598 0.01714851 0 
0.0281385 0.06886744 0.04306426 0 
-0.06253909 0.1566263 -0.02905278 0 
0.03592056 0.1003092 -0.009845234 0 
-0.04497211 0.1644542 -0.007520594 0 
-0.02541197 0.1157572 -0.0146788 0 
-0.005864124 0.03887865 -0.00883921 0 
-0.0559179 0.1057697 -0.01844455 0 
-0.04639424 0.09157316 0.04354602 0 
-0.006007907 0.06345529 0.0555061 0 
0.04576688 0.0795202 0.004814008 0 
-0.03347629 0.1691243 -0.01477806 0 
-0.01501947 0.1183307 -0.01358924 0 
0.01175865 0.07002598 -0.03116257 0 
-0.06970632 0.1304274 0.04929926 0 
-0.08873608 0.1345209 0.03972885 0 
-0.0820915 0.0766698 0.02019069 0 
0.005542201 0.0695161 -0.03308144 0 
-0.04844727 0.1483427 0.009923016 0 
-0.05678809 0.09959312 0.04265743 0 
-0.01845077 0.1028556 0.04344872 0 
-0.0412787 0.1283273 0.003249701 0 
-0.08447182 0.07902219 0.01492556 0 
-0.02458543 0.05829468 0.04155788 0 
0.01117463 0.08098502 -0.0314845 0 
-0.06503832 0.06662345 -0.00698314 0 
0.0165219 0.1024396 0.04496051 0 
-0.006292712 0.1124503 -0.01916541 0 
-0.06293467 0.1635779 -0.05447742 0 
-0.02355946 0.1673517 -0.01786634 0 
0.03090859 0.03660325 0.01683804 0 
-0.02168173 0.07792702 0.05364232 0 
-0.008991393 0.1175383 -0.01505339 0 
-0.08990121 0.1408581 0.01597653 0 
-0.07095701 0.1573618 -0.04489822 0 
0.04021822 0.08490404 -0.01014784 0 
-0.08327517 0.07665913 0.009473516 0 
0.04294657 0.07393591 -0.003298443 0 
-0.06388971 0.154903 -0.03492637 0 
-0.08717168 0.08509257 0.01459703 0 
-0.07670447 0.1200485 -0.006336073 0 
-0.078131 0.08364637 0.03498885 0 
-0.08210511 0.09684433 0.03136905 0 
-0.00934683 0.09678516 -0.02986881 0 
-0.04866523 0.1128391 0.03540305 0 
-0.05481208 0.1055933 0.04022906 0 
0.0575405 0.06423543 0.003979309 0 
0.03746233 0.09004965 0.03558537 0 
-0.03562791 0.1551325 0.002546172 0 
-0.06763195 0.1568646 -0.00534989 0 
-0.06788784 0.1556049 0.02440645 0 
0.01909526 0.1196655 0.03289782 0 
0.02320296 0.1169482 0.03293012 0 
-0.02433956 0.03826867 0.003262041 0 
-0.06226344 0.04324355 0.03027552 0 
0.0102147 0.1180478 -0.01471316 0 
-0.08314893 0.08376782 -0.002654841 0 
0.02481551 0.1188341 -0.004777502 0 
-0.04903497 0.1241785 -0.008651639 0 
0.01550962 0.06532235 -0.02947555 0 
-0.05235778 0.03359317 -0.006848298 0 
-0.005581075 0.1305358 0.016238 0 
-0.08289137 0.1058376 -0.0009883882 0 
-0.01930929 0.03859817 -0.0079264 0 
-0.05875757 0.1315042 -0.006552601 0 
-0.06838267 0.1060545 -0.01330614 0 
-0.009755927 0.103701 -0.02319909 0 
-0.05805139 0.03411034 0.02500833 0 
-0.04942949 0.03356177 0.002994516 0 
-0.006347324 0.1073689 -0.02180161 0 
-0.06291427 0.1612921 -0.03354441 0 
-0.09053789 0.1427958 0.02146758 0 
0.01130077 0.04745233 0.04656978 0 
-0.04388075 0.1033736 0.04081895 0 
-0.03400824 0.08251967 0.04240584 0 
0.00372735 0.05356941 0.05262072 0 
-0.06301912 0.1179137 0.04288668 0 
-0.04653053 0.1264155 0.02587983 0 
-0.07175118 0.1497822 0.03800026 0 
-0.08142501 0.1534786 0.009517969 0 
-0.08660997 0.09047607 0.02450781 0 
-0.07465877 0.1653387 -0.04010478 0 
0.02666969 0.1112493 -0.01133358 0 
0.02513116 0.1031635 -0.01727546 0 
0.03641092 0.04742905 -0.005208092 0 
0.04489987 0.05969822 -0.00385303 0 
0.0005404928 0.03508438 0.04234511 0 
0.02709516 0.1163943 0.03002319 0 
-0.08741748 0.0862969 0.007867121 0 
-0.0255373 0.03849568 -0.006987876 0 
-0.04676269 0.03364475 -0.008911024 0 
-0.09005324 0.138255 0.02685343 0 
0.005223677 0.1021961 0.04523025 0 
-0.04966615 0.128495 0.02953068 0 
0.02821737 0.08797197 -0.0211429 0 
0.01036549 0.04105638 -0.02352671 0 
0.03833963 0.0398805 0.003147202 0 
0.0324755 0.04737196 0.03274731 0 
0.04520628 0.08711503 0.01748087 0 
-0.06079143 0.110473 -0.0150263 0 
-0.01974287 0.1272675 0.008050492 0 
-0.04118126 0.0339307 -0.00693881 0 
-0.08115499 0.0747699 0.003993728 0 
0.04567498 0.08531558 0.007523624 0 
0.04245418 0.08634117 0.02767235 0 
-0.06855883 0.155552 0.006744556 0 
-0.08500493 0.1402985 0.003547325 0 
0.03433996 0.04209949 -0.00243645 0 
0.02302299 0.06016374 -0.02488116 0 
0.04430642 0.09236502 0.01885443 0 
0.04125746 0.04151803 0.02197494 0 
-0.0880796 0.1390606 0.03730021 0 
-0.08844335 0.1388569 0.009468425 0 
0.03703664 0.105534 0.02725239 0 
-0.006827001 0.1253105 -0.006764728 0 
-0.004199131 0.0947786 -0.03192132 0 
0.0007555838 0.128779 -0.001054361 0 
-0.09027787 0.1317946 0.008841195 0 
-0.02215301 0.06109889 0.04528843 0 
0.01260422 0.1292311 0.01959829 0 
-0.04597604 0.1519284 -0.005086004 0 
-0.01611106 0.04240469 -0.02746533 0 
-0.02626642 0.1632423 -0.005177354 0 
0.0005297762 0.09486403 -0.03047577 0 
-0.005830936 0.06981239 -0.03597866 0 
0.03051152 0.1151903 -0.002723666 0 
0.03254038 0.08870789 -0.01791625 0 
0.03960685 0.1067326 0.01224694 0 
-0.08404478 0.09065513 0.02905367 0 
-0.03362558 0.07437234 -0.02335917 0 
-0.01707436 0.0452338 0.04986411 0 
0.005541483 0.1227521 -0.01096121 0 
0.0233802 0.09092331 -0.02304475 0 
-0.007936412 0.07500641 -0.03728346 0 
-0.02050917 0.04168373 0.05207915 0 
0.005932034 0.07337987 0.05603566 0 
-0.05969743 0.0830317 -0.01964823 0 
-0.05694887 0.06954619 -0.01339292 0 
0.0458955 0.04252107 0.01780124 0 
-0.01610284 0.04027738 0.05087915 0 
-0.07083613 0.1741153 -0.04212341 0 
-0.06489565 0.08542985 0.04314776 0 
-0.0008738829 0.05788315 0.05434899 0 
0.03765402 0.1078743 0.02250715 0 
-0.03141327 0.057721 -0.01673144 0 
-0.05186599 0.07639478 -0.01825985 0 
0.0153635 0.05818064 0.04965441 0 
0.005625249 0.05917771 0.05383087 0 
-0.08257031 0.1358289 -0.001628214 0 
-0.09082311 0.1372768 0.02018451 0 
-0.002433124 0.05216382 0.05246661 0 
-0.08047885 0.1297477 -0.004514066 0 
0.01601562 0.06433298 0.05058783 0 
-0.07769726 0.1256536 -0.005969897 0 
-0.001920654 0.1269903 -0.00476049 0 
-0.06347702 0.1139283 -0.01221056 0 
-0.005184951 0.128173 -0.001088712 0 
0.003889292 0.1272758 0.02841815 0 
-0.02824558 0.07929326 0.04517486 0 
-0.0107153 0.1270463 -0.00177968 0 
0.04312551 0.04102472 0.006704136 0 
0.03411851 0.03694659 0.007759093 0 
-0.09146541 0.1325182 0.01846619 0 
0.02808702 0.03572928 0.006617217 0 
-0.05883419 0.08839216 0.04435212 0 
0.03176446 0.03789673 0.001882283 0 
0.03026147 0.03733071 0.02095104 0 
0.03049403 0.03587156 0.01135258 0 
-0.06096706 0.09442846 0.04368996 0 
0.00199854 0.1091477 0.04206648 0 
0.009508201 0.09225876 -0.0291967 0 
-0.02608397 0.04861083 0.04672821 0 
0.03667659 0.03904206 0.01973167 0 
-0.00833982 0.03842201 0.00880787 0 
0.00504544 0.1311314 0.01406457 0 
-0.06579267 0.1100824 -0.01280759 0 
0.03155122 0.1011941 -0.01369073 0 
-0.07005724 0.07806219 0.03846776 0 
-0.06485939 0.09303018 0.04310347 0 
3 462 392 402 0 
3 487 513 1159 0 
3 89 463 489 0 
3 1188 1782 0 0 
3 1116 872 1141 0 
3 1782 1178 1542 0 
3 798 982 993 0 
3 1021 615 384 0 
3 1166 1642 1168 0 
3 513 463 89 0 
3 871 689 909 0 
3 157 158 517 0 
3 459 1321 1861 0 
3 1224 1177 159 0 
3 342 7 518 0 
3 15 485 1174 0 
3 1086 166 94 0 
3 1170 511 1384 0 
3 8 125 481 0 
3 1269 313 274 0 
3 447 459 453 0 
3 450 1172 491 0 
3 577 591 32 0 
3 880 888 887 0 
3 666 382 1157 0 
3 0 1542 1177 0 
3 63 332 1182 0 
3 1190 448 1178 0 
3 440 5 1783 0 
3 462 397 392 0 
3 181 1180 153 0 
3 176 1180 180 0 
3 1180 190 180 0 
3 774 1731 1627 0 
3 1833 731 732 0 
3 435 416 379 0 
3 166 663 1721 0 
3 1173 1821 1184 0 
3 1185 1105 1186 0 
3 1187 24 16 0 
3 559 1862 1899 0 
3 182 1813 1198 0 
3 1863 46 1871 0 
3 255 50 1868 0 
3 567 578 660 0 
3 576 1761 103 0 
3 49 226 239 0 
3 1424 1544 1427 0 
3 1889 1740 181 0 
3 158 136 1198 0 
3 424 432 1731 0 
3 191 1196 198 0 
3 408 709 1071 0 
3 55 64 1204 0 
3 182 186 1813 0 
3 377 66 1147 0 
3 544 1442 72 0 
3 1863 50 1730 0 
3 85 98 92 0 
3 832 1176 173 0 
3 106 120 105 0 
3 105 120 1885 0 
3 198 1202 201 0 
3 9 1278 551 0 
3 1713 162 1885 0 
3 25 26 1871 0 
3 328 1256 130 0 
3 1621 271 65 0 
3 1621 75 271 0 
3 218 321 1747 0 
3 1282 444 623 0 
3 542 549 11 0 
3 107 120 106 0 
3 1485 1249 106 0 
3 1678 186 182 0 
3 1249 107 106 0 
3 121 120 107 0 
3 10 22 1278 0 
3 113 1890 170 0 
3 33 49 1204 0 
3 239 55 49 0 
3 454 175 452 0 
3 530 538 1029 0 
3 147 1205 1740 0 
3 1740 1205 1766 0 
3 146 150 157 0 
3 36 568 561 0 
3 76 107 1249 0 
3 121 1729 1713 0 
3 1147 1150 1153 0 
3 22 37 561 0 
3 37 36 561 0 
3 117 121 107 0 
3 148 147 1729 0 
3 10 13 22 0 
3 147 148 1205 0 
3 1205 1714 1766 0 
3 1765 1206 123 0 
3 758 917 766 0 
3 150 1192 158 0 
3 150 158 157 0 
3 7 311 187 0 
3 13 1212 22 0 
3 1212 37 22 0 
3 168 27 1170 0 
3 433 947 1630 0 
3 268 197 311 0 
3 1765 1207 1206 0 
3 68 1211 76 0 
3 197 29 80 0 
3 311 197 80 0 
3 134 1729 121 0 
3 1813 286 517 0 
3 1729 134 1545 0 
3 631 551 553 0 
3 1210 79 1211 0 
3 117 108 134 0 
3 108 142 134 0 
3 33 43 21 0 
3 151 1135 411 0 
3 96 108 117 0 
3 74 67 82 0 
3 540 1212 13 0 
3 79 84 1211 0 
3 291 14 29 0 
3 20 69 1207 0 
3 67 85 82 0 
3 556 31 1213 0 
3 1217 79 1210 0 
3 194 20 1215 0 
3 1213 1212 556 0 
3 108 1795 142 0 
3 169 1679 1214 0 
3 14 4 6 0 
3 108 96 84 0 
3 164 1747 182 0 
3 169 1220 1679 0 
3 517 1198 1813 0 
3 136 164 1198 0 
3 1878 466 1224 0 
3 1145 719 872 0 
3 84 1795 108 0 
3 1349 84 79 0 
3 84 1349 97 0 
3 97 118 1795 0 
3 118 135 142 0 
3 1795 118 142 0 
3 177 1220 169 0 
3 1201 20 1221 0 
3 142 135 149 0 
3 85 90 98 0 
3 1747 1678 182 0 
3 1198 164 182 0 
3 392 397 614 0 
3 161 515 1895 0 
3 575 52 1219 0 
3 149 177 169 0 
3 332 137 1222 0 
3 1643 1220 183 0 
3 1381 708 790 0 
3 832 173 914 0 
3 88 164 136 0 
3 431 1153 1359 0 
3 154 149 135 0 
3 149 154 177 0 
3 199 1201 1221 0 
3 199 489 1201 0 
3 892 1841 1134 0 
3 171 177 154 0 
3 74 1730 67 0 
3 186 200 1890 0 
3 17 233 505 0 
3 1165 462 402 0 
3 245 1276 467 0 
3 177 171 183 0 
3 266 317 1856 0 
3 82 85 92 0 
3 62 1856 85 0 
3 447 453 1268 0 
3 642 582 657 0 
3 113 170 112 0 
3 55 65 64 0 
3 66 1138 1147 0 
3 38 42 1892 0 
3 1232 199 1230 0 
3 54 1226 47 0 
3 18 38 1892 0 
3 470 210 1327 0 
3 161 132 1840 0 
3 1137 1154 1150 0 
3 110 128 143 0 
3 146 157 1559 0 
3 99 1546 90 0 
3 432 430 1308 0 
3 335 1192 1546 0 
3 99 90 317 0 
3 155 143 128 0 
3 155 543 143 0 
3 1231 1232 1230 0 
3 1868 50 1863 0 
3 23 1619 39 0 
3 58 81 609 0 
3 81 91 1229 0 
3 91 128 110 0 
3 184 1548 1228 0 
3 1708 53 1231 0 
3 362 358 1208 0 
3 91 111 128 0 
3 1258 1187 16 0 
3 1143 1149 1132 0 
3 185 195 1700 0 
3 473 53 1708 0 
3 55 1204 49 0 
3 58 74 81 0 
3 81 87 91 0 
3 91 87 111 0 
3 98 122 92 0 
3 1868 1863 1796 0 
3 104 122 98 0 
3 128 1618 155 0 
3 1618 156 155 0 
3 428 1182 1183 0 
3 924 936 915 0 
3 112 1234 100 0 
3 46 1863 1730 0 
3 23 19 25 0 
3 590 46 1730 0 
3 81 74 87 0 
3 87 92 111 0 
3 122 1618 111 0 
3 1546 1192 104 0 
3 92 122 111 0 
3 146 156 1618 0 
3 56 1621 65 0 
3 122 146 1618 0 
3 895 1544 1138 0 
3 292 178 1235 0 
3 25 1871 46 0 
3 1145 872 1116 0 
3 122 104 146 0 
3 74 82 87 0 
3 82 92 87 0 
3 99 335 1546 0 
3 1138 832 1147 0 
3 291 197 268 0 
3 215 218 130 0 
3 336 1843 247 0 
3 982 798 829 0 
3 114 223 1735 0 
3 1411 570 653 0 
3 191 1046 190 0 
3 1553 240 234 0 
3 279 223 114 0 
3 64 65 271 0 
3 294 1262 237 0 
3 1240 279 1685 0 
3 251 223 1240 0 
3 260 316 1239 0 
3 234 1045 1040 0 
3 251 258 223 0 
3 223 258 1735 0 
3 1681 393 390 0 
3 239 240 56 0 
3 251 1797 1245 0 
3 307 314 258 0 
3 258 314 1239 0 
3 234 240 226 0 
3 287 296 1046 0 
3 191 287 1046 0 
3 288 1797 287 0 
3 314 284 252 0 
3 845 373 374 0 
3 307 1250 314 0 
3 1250 284 314 0 
3 284 320 252 0 
3 320 207 1242 0 
3 1594 249 248 0 
3 362 383 358 0 
3 282 207 320 0 
3 130 1256 215 0 
3 10 9 593 0 
3 904 915 688 0 
3 262 293 1244 0 
3 681 677 1143 0 
3 201 326 288 0 
3 287 201 288 0 
3 51 163 1248 0 
3 416 1134 445 0 
3 445 1227 236 0 
3 288 326 1245 0 
3 284 254 320 0 
3 282 344 41 0 
3 229 1245 326 0 
3 307 1245 229 0 
3 10 1278 9 0 
3 302 1550 102 0 
3 450 1694 165 0 
3 323 331 319 0 
3 328 331 1256 0 
3 235 273 302 0 
3 229 1255 305 0 
3 1182 332 438 0 
3 257 267 1867 0 
3 208 13 10 0 
3 289 303 1252 0 
3 267 1274 289 0 
3 308 344 254 0 
3 208 209 13 0 
3 331 328 318 0 
3 308 241 344 0 
3 221 1554 227 0 
3 318 328 327 0 
3 1244 285 1254 0 
3 263 245 232 0 
3 264 275 1702 0 
3 130 164 88 0 
3 418 293 355 0 
3 263 232 233 0 
3 1565 1148 1601 0 
3 654 856 851 0 
3 305 213 259 0 
3 1769 420 278 0 
3 1260 297 228 0 
3 123 1253 188 0 
3 273 336 1550 0 
3 1622 1260 228 0 
3 323 1264 1241 0 
3 223 279 1240 0 
3 1181 1141 1132 0 
3 228 215 1256 0 
3 1814 509 213 0 
3 88 335 327 0 
3 1264 1622 1241 0 
3 1276 245 263 0 
3 323 1241 331 0 
3 634 1558 1775 0 
3 221 227 1793 0 
3 303 318 322 0 
3 840 541 1120 0 
3 64 1693 1204 0 
3 1681 479 1682 0 
3 206 1855 542 0 
3 1855 18 542 0 
3 327 99 322 0 
3 755 753 758 0 
3 1550 336 247 0 
3 297 295 215 0 
3 1266 385 1553 0 
3 666 1157 1139 0 
3 518 380 342 0 
3 722 810 382 0 
3 643 1329 1299 0 
3 88 136 335 0 
3 63 137 332 0 
3 245 484 232 0 
3 355 293 262 0 
3 206 881 1855 0 
3 391 1681 390 0 
3 300 342 1739 0 
3 99 327 335 0 
3 234 1266 1553 0 
3 364 406 435 0 
3 385 1653 1553 0 
3 1653 385 276 0 
3 292 185 178 0 
3 300 311 7 0 
3 239 56 55 0 
3 836 350 844 0 
3 300 268 311 0 
3 63 1269 274 0 
3 1593 1265 1667 0 
3 220 221 1793 0 
3 191 201 287 0 
3 750 654 851 0 
3 278 247 265 0 
3 1180 181 1196 0 
3 436 250 341 0 
3 1275 1798 315 0 
3 285 263 1254 0 
3 1057 190 1046 0 
3 299 520 309 0 
3 312 236 300 0 
3 243 268 300 0 
3 274 137 63 0 
3 1722 298 1716 0 
3 919 1139 1136 0 
3 1554 221 1402 0 
3 1715 380 301 0 
3 838 750 851 0 
3 1246 1768 1263 0 
3 312 416 445 0 
3 248 257 225 0 
3 319 331 318 0 
3 65 55 56 0 
3 240 239 226 0 
3 391 1767 1681 0 
3 1800 638 1300 0 
3 291 29 197 0 
3 445 236 312 0 
3 185 113 195 0 
3 230 268 243 0 
3 262 214 272 0 
3 298 319 1716 0 
3 303 319 318 0 
3 1140 363 235 0 
3 255 62 50 0 
3 277 269 343 0 
3 379 416 312 0 
3 231 291 268 0 
3 231 14 291 0 
3 1653 281 1621 0 
3 17 129 325 0 
3 270 267 248 0 
3 1716 303 289 0 
3 880 862 863 0 
3 334 329 1218 0 
3 1256 1241 228 0 
3 272 3 262 0 
3 870 880 863 0 
3 310 1277 285 0 
3 318 327 322 0 
3 270 1624 1274 0 
3 231 237 14 0 
3 329 263 233 0 
3 1769 278 230 0 
3 243 1769 230 0 
3 278 265 230 0 
3 190 1180 191 0 
3 216 219 1554 0 
3 586 735 1540 0 
3 1326 1165 139 0 
3 235 302 1140 0 
3 478 417 338 0 
3 9 734 593 0 
3 139 1165 119 0 
3 863 1376 1282 0 
3 773 863 1282 0 
3 1171 94 1284 0 
3 608 455 507 0 
3 633 608 507 0 
3 1155 435 406 0 
3 388 151 411 0 
3 1151 1289 1759 0 
3 360 359 348 0 
3 630 642 650 0 
3 392 5 440 0 
3 351 360 966 0 
3 382 1268 1669 0 
3 832 914 1137 0 
3 1298 389 864 0 
3 363 3 235 0 
3 823 351 966 0 
3 416 1155 1134 0 
3 418 1135 151 0 
3 838 754 750 0 
3 640 568 639 0 
3 1756 1379 313 0 
3 1791 1720 1541 0 
3 388 310 151 0 
3 359 368 348 0 
3 567 657 580 0 
3 109 1281 1279 0 
3 1194 1144 365 0 
3 155 156 565 0 
3 1069 349 216 0 
3 355 262 3 0 
3 340 1287 636 0 
3 346 966 360 0 
3 751 467 753 0 
3 801 1412 1574 0 
3 216 349 219 0 
3 400 404 399 0 
3 423 1838 661 0 
3 1298 396 389 0 
3 425 355 363 0 
3 400 399 1301 0 
3 649 657 567 0 
3 373 372 368 0 
3 188 1765 123 0 
3 649 650 657 0 
3 735 1288 1760 0 
3 879 878 389 0 
3 363 355 3 0 
3 1158 411 1135 0 
3 534 1342 616 0 
3 878 864 389 0 
3 765 1307 1787 0 
3 397 1284 1291 0 
3 1243 758 753 0 
3 578 567 580 0 
3 404 427 399 0 
3 364 435 379 0 
3 1286 423 1291 0 
3 414 407 464 0 
3 274 280 1724 0 
3 1179 637 1303 0 
3 860 779 394 0 
3 5 392 614 0 
3 351 369 360 0 
3 779 811 1302 0 
3 1309 932 419 0 
3 1295 433 443 0 
3 566 608 633 0 
3 332 1222 1644 0 
3 917 1243 1277 0 
3 932 433 419 0 
3 348 844 350 0 
3 396 1301 389 0 
3 443 1756 430 0 
3 402 392 440 0 
3 1680 932 1309 0 
3 715 733 731 0 
3 932 947 433 0 
3 732 401 1827 0 
3 732 1300 401 0 
3 860 394 1298 0 
3 272 273 235 0 
3 860 1298 373 0 
3 573 340 417 0 
3 369 359 360 0 
3 1209 1203 1146 0 
3 965 821 824 0 
3 1302 811 1309 0 
3 386 241 308 0 
3 429 250 436 0 
3 429 1315 250 0 
3 791 956 1836 0 
3 1298 394 396 0 
3 399 1314 1301 0 
3 1310 1313 1717 0 
3 1194 365 411 0 
3 1144 917 365 0 
3 396 400 1301 0 
3 369 374 359 0 
3 1302 405 400 0 
3 942 952 945 0 
3 361 306 1227 0 
3 386 301 1694 0 
3 438 1216 1182 0 
3 766 755 758 0 
3 328 130 88 0 
3 418 425 1135 0 
3 1132 1149 1310 0 
3 1830 246 1315 0 
3 917 1144 766 0 
3 428 63 1182 0 
3 366 371 1674 0 
3 731 733 732 0 
3 942 945 936 0 
3 407 1317 464 0 
3 1266 1684 385 0 
3 375 374 369 0 
3 353 362 1208 0 
3 242 378 1183 0 
3 561 640 553 0 
3 407 1715 301 0 
3 378 1819 1257 0 
3 242 246 1830 0 
3 390 393 1684 0 
3 414 464 504 0 
3 810 807 1268 0 
3 1268 453 1162 0 
3 282 41 1251 0 
3 519 281 506 0 
3 226 33 1493 0 
3 1682 480 506 0 
3 1544 1155 406 0 
3 480 501 506 0 
3 506 501 519 0 
3 495 501 1569 0 
3 501 512 519 0 
3 519 75 1621 0 
3 638 498 458 0 
3 520 1325 75 0 
3 309 520 512 0 
3 491 241 450 0 
3 495 512 501 0 
3 512 495 309 0 
3 325 59 1218 0 
3 521 1251 41 0 
3 109 462 1165 0 
3 495 442 309 0 
3 344 491 41 0 
3 1137 1150 832 0 
3 165 449 115 0 
3 115 1771 1172 0 
3 1172 1771 521 0 
3 1602 141 2 0 
3 457 458 1826 0 
3 1564 635 618 0 
3 1591 1861 1320 0 
3 521 1771 1334 0 
3 1541 1332 1331 0 
3 168 15 1161 0 
3 917 758 1243 0 
3 453 1160 1162 0 
3 583 1058 61 0 
3 472 619 460 0 
3 476 504 1557 0 
3 266 62 255 0 
3 509 1814 1798 0 
3 1178 448 522 0 
3 807 446 1268 0 
3 663 398 664 0 
3 152 457 757 0 
3 481 518 7 0 
3 292 60 286 0 
3 1336 116 83 0 
3 492 1556 124 0 
3 481 165 518 0 
3 1732 826 1156 0 
3 1 571 175 0 
3 179 186 1890 0 
3 116 1556 83 0 
3 141 1431 1742 0 
3 631 1775 622 0 
3 960 951 738 0 
3 510 27 1161 0 
3 458 498 1826 0 
3 452 1799 1251 0 
3 233 232 505 0 
3 481 125 165 0 
3 753 1276 1243 0 
3 188 326 201 0 
3 733 715 493 0 
3 565 156 1559 0 
3 1323 455 454 0 
3 447 472 459 0 
3 416 435 1155 0 
3 888 866 889 0 
3 455 1 454 0 
3 505 129 17 0 
3 598 1338 8 0 
3 474 1344 1222 0 
3 454 1 175 0 
3 1341 145 1561 0 
3 1160 1861 471 0 
3 1826 1330 1338 0 
3 1320 1329 486 0 
3 463 513 83 0 
3 464 1317 509 0 
3 1343 488 1647 0 
3 165 115 450 0 
3 500 1772 1628 0 
3 48 573 417 0 
3 210 1173 1337 0 
3 639 642 1346 0 
3 60 517 286 0 
3 1799 494 1345 0 
3 514 502 1655 0 
3 1559 157 60 0 
3 1327 1597 1336 0 
3 488 508 502 0 
3 500 51 1772 0 
3 417 340 338 0 
3 1704 381 1146 0 
3 1141 1143 1132 0 
3 523 127 140 0 
3 17 325 329 0 
3 472 460 459 0 
3 634 640 639 0 
3 1742 1430 1322 0 
3 69 124 131 0 
3 1235 565 1559 0 
3 60 1235 1559 0 
3 491 344 241 0 
3 1347 490 508 0 
3 51 461 163 0 
3 1294 1174 30 0 
3 94 166 1721 0 
3 129 1560 59 0 
3 490 496 508 0 
3 210 470 1173 0 
3 461 189 163 0 
3 460 694 1321 0 
3 660 1080 570 0 
3 276 506 281 0 
3 862 880 887 0 
3 409 536 1119 0 
3 579 694 460 0 
3 551 631 536 0 
3 76 1249 1113 0 
3 559 1899 153 0 
3 185 1700 178 0 
3 853 876 870 0 
3 9 551 536 0 
3 58 1730 74 0 
3 557 154 135 0 
3 1071 709 599 0 
3 888 910 886 0 
3 1350 185 292 0 
3 70 196 238 0 
3 1150 1147 832 0 
3 36 1273 1353 0 
3 180 550 176 0 
3 543 563 143 0 
3 601 555 339 0 
3 217 244 1572 0 
3 955 1603 422 0 
3 580 582 581 0 
3 580 581 1125 0 
3 382 810 1268 0 
3 543 172 171 0 
3 568 1353 1358 0 
3 143 563 557 0 
3 91 110 1752 0 
3 563 154 557 0 
3 1293 1140 1261 0 
3 1752 110 1354 0 
3 110 143 1354 0 
3 556 1212 540 0 
3 582 61 581 0 
3 605 176 604 0 
3 422 1367 244 0 
3 622 535 527 0 
3 68 44 1210 0 
3 610 1355 1354 0 
3 577 600 591 0 
3 553 640 634 0 
3 1120 541 537 0 
3 541 547 537 0 
3 826 1732 1267 0 
3 577 572 600 0 
3 559 605 1365 0 
3 1122 560 587 0 
3 68 1112 583 0 
3 208 593 1537 0 
3 1029 538 1028 0 
3 535 1342 534 0 
3 528 367 1853 0 
3 1091 535 534 0 
3 682 667 919 0 
3 3 272 235 0 
3 591 600 560 0 
3 543 155 565 0 
3 546 538 533 0 
3 546 548 538 0 
3 537 540 209 0 
3 888 889 910 0 
3 185 1350 113 0 
3 310 293 418 0 
3 1099 1119 527 0 
3 1390 552 546 0 
3 533 1390 546 0 
3 540 547 556 0 
3 549 542 562 0 
3 1360 1169 1363 0 
3 531 1390 533 0 
3 365 388 411 0 
3 924 920 936 0 
3 594 602 545 0 
3 1079 1072 1512 0 
3 604 176 550 0 
3 1801 1849 545 0 
3 537 209 1114 0 
3 749 691 528 0 
3 596 954 946 0 
3 1595 1390 1369 0 
3 308 213 1317 0 
3 1304 1656 564 0 
3 196 1270 891 0 
3 747 484 467 0 
3 567 660 1657 0 
3 1362 1366 1361 0 
3 589 1368 483 0 
3 1 608 1368 0 
3 532 1595 1369 0 
3 649 567 1657 0 
3 550 1089 595 0 
3 672 778 212 0 
3 337 725 729 0 
3 536 622 1119 0 
3 537 547 540 0 
3 587 340 573 0 
3 660 570 1657 0 
3 585 604 1763 0 
3 576 854 1872 0 
3 587 574 340 0 
3 552 548 546 0 
3 532 539 1595 0 
3 569 42 575 0 
3 154 563 171 0 
3 1128 554 558 0 
3 604 550 595 0 
3 1122 587 573 0 
3 600 574 587 0 
3 1116 1141 1151 0 
3 1552 676 928 0 
3 70 736 952 0 
3 372 1443 844 0 
3 547 549 562 0 
3 616 625 539 0 
3 600 572 574 0 
3 1139 931 666 0 
3 810 722 858 0 
3 1804 746 367 0 
3 1730 58 590 0 
3 642 1358 582 0 
3 1372 853 808 0 
3 1373 687 1374 0 
3 619 472 434 0 
3 434 699 619 0 
3 460 619 579 0 
3 716 617 1375 0 
3 617 45 579 0 
3 719 1377 1755 0 
3 716 1377 1802 0 
3 688 886 904 0 
3 643 1299 45 0 
3 1411 564 570 0 
3 1084 599 1145 0 
3 1013 1009 997 0 
3 599 698 1145 0 
3 975 987 1378 0 
3 933 721 726 0 
3 913 710 721 0 
3 1382 738 726 0 
3 1383 683 658 0 
3 675 1712 780 0 
3 700 690 710 0 
3 710 730 721 0 
3 721 730 726 0 
3 1380 658 1384 0 
3 687 1387 700 0 
3 730 1382 726 0 
3 505 232 484 0 
3 1852 1776 708 0 
3 1387 690 700 0 
3 690 1850 710 0 
3 650 642 657 0 
3 535 1775 1342 0 
3 157 517 60 0 
3 190 1057 180 0 
3 736 70 1382 0 
3 602 594 1281 0 
3 945 736 730 0 
3 683 678 1384 0 
3 856 654 659 0 
3 30 66 377 0 
3 1385 1054 1068 0 
3 645 654 816 0 
3 338 166 1086 0 
3 166 398 663 0 
3 408 1388 1386 0 
3 552 1390 1304 0 
3 613 1658 623 0 
3 478 338 1086 0 
3 652 654 645 0 
3 642 639 1358 0 
3 683 415 1392 0 
3 1392 339 1356 0 
3 627 623 1658 0 
3 627 1282 623 0 
3 654 652 659 0 
3 891 611 612 0 
3 61 582 1358 0 
3 634 639 1346 0 
3 356 1087 1281 0 
3 629 1389 1396 0 
3 538 548 1028 0 
3 715 633 507 0 
3 655 652 645 0 
3 655 1865 652 0 
3 630 650 637 0 
3 637 650 649 0 
3 630 637 1179 0 
3 489 463 1201 0 
3 1865 688 670 0 
3 582 580 657 0 
3 338 636 398 0 
3 862 887 655 0 
3 717 1659 202 0 
3 1114 1285 1393 0 
3 1570 761 644 0 
3 1242 207 1345 0 
3 755 766 669 0 
3 677 919 1149 0 
3 629 680 339 0 
3 569 31 1562 0 
3 1086 94 1279 0 
3 1286 1721 662 0 
3 439 680 629 0 
3 1398 859 1732 0 
3 822 759 831 0 
3 949 749 771 0 
3 743 1296 482 0 
3 1152 729 34 0 
3 525 859 1398 0 
3 680 601 339 0 
3 439 740 680 0 
3 545 602 1326 0 
3 397 1171 1284 0 
3 804 370 706 0 
3 482 739 743 0 
3 765 800 1764 0 
3 729 711 34 0 
3 740 439 34 0 
3 945 952 736 0 
3 701 724 718 0 
3 743 1404 1296 0 
3 274 313 280 0 
3 765 817 800 0 
3 680 740 1360 0 
3 921 1407 696 0 
3 737 133 1404 0 
3 628 497 1404 0 
3 725 711 729 0 
3 34 711 740 0 
3 632 1434 839 0 
3 648 647 641 0 
3 1672 1686 901 0 
3 696 707 701 0 
3 701 707 724 0 
3 718 1777 739 0 
3 762 801 376 0 
3 1408 711 725 0 
3 621 740 626 0 
3 1072 901 671 0 
3 245 467 484 0 
3 816 654 750 0 
3 1784 1401 1810 0 
3 1777 1660 737 0 
3 133 628 1404 0 
3 440 1783 628 0 
3 1783 957 1405 0 
3 615 624 839 0 
3 624 632 839 0 
3 1869 725 1438 0 
3 653 656 647 0 
3 707 1823 724 0 
3 724 713 1777 0 
3 1660 133 737 0 
3 957 138 103 0 
3 35 103 138 0 
3 35 412 28 0 
3 1371 1567 1409 0 
3 548 615 1028 0 
3 1169 621 458 0 
3 548 624 615 0 
3 653 1080 656 0 
3 707 702 1823 0 
3 1823 1757 713 0 
3 742 133 1660 0 
3 133 1410 628 0 
3 1783 5 957 0 
3 638 621 626 0 
3 1411 653 648 0 
3 133 742 1410 0 
3 5 138 957 0 
3 401 1300 626 0 
3 1300 638 626 0 
3 910 904 886 0 
3 552 624 548 0 
3 1809 742 1660 0 
3 570 1080 653 0 
3 888 886 887 0 
3 5 614 138 0 
3 804 706 941 0 
3 1133 1316 1571 0 
3 1347 1846 1778 0 
3 781 665 1778 0 
3 666 931 722 0 
3 382 666 722 0 
3 467 1276 753 0 
3 1669 1157 382 0 
3 771 749 528 0 
3 1787 1710 1633 0 
3 996 1002 1001 0 
3 795 745 1420 0 
3 665 745 795 0 
3 1804 367 835 0 
3 858 807 810 0 
3 640 561 568 0 
3 444 784 623 0 
3 1415 1416 1385 0 
3 835 367 528 0 
3 876 853 641 0 
3 433 1630 443 0 
3 773 870 863 0 
3 1412 1394 1417 0 
3 646 748 692 0 
3 768 1803 781 0 
3 1307 1764 1394 0 
3 1804 685 775 0 
3 424 646 692 0 
3 754 831 759 0 
3 783 1767 809 0 
3 447 446 403 0 
3 769 152 757 0 
3 767 769 757 0 
3 769 66 152 0 
3 745 1776 1420 0 
3 1419 1066 1421 0 
3 370 607 706 0 
3 1017 1422 1025 0 
3 757 598 767 0 
3 767 782 769 0 
3 769 782 66 0 
3 598 760 767 0 
3 760 763 767 0 
3 763 782 767 0 
3 782 1138 66 0 
3 754 784 750 0 
3 607 370 815 0 
3 1310 1149 1749 0 
3 424 770 646 0 
3 196 801 1574 0 
3 1726 370 804 0 
3 708 712 778 0 
3 1544 895 1155 0 
3 495 1569 770 0 
3 788 958 1417 0 
3 420 211 102 0 
3 805 1412 958 0 
3 496 761 1570 0 
3 895 1138 782 0 
3 1301 879 389 0 
3 1325 271 75 0 
3 747 467 751 0 
3 1804 835 685 0 
3 958 960 805 0 
3 1412 1417 958 0 
3 30 152 66 0 
3 813 1428 907 0 
3 1427 813 907 0 
3 646 770 809 0 
3 862 655 1376 0 
3 1222 1311 474 0 
3 813 1779 1428 0 
3 1779 1425 1428 0 
3 770 783 809 0 
3 1426 799 1733 0 
3 406 1429 1427 0 
3 1429 806 1427 0 
3 806 818 813 0 
3 1427 806 813 0 
3 813 818 1779 0 
3 752 1425 727 0 
3 809 793 792 0 
3 1184 1163 814 0 
3 727 756 752 0 
3 1430 806 1429 0 
3 818 674 1779 0 
3 776 756 727 0 
3 126 1184 819 0 
3 1431 674 818 0 
3 776 1432 756 0 
3 1064 180 1057 0 
3 480 479 783 0 
3 764 644 1852 0 
3 895 782 892 0 
3 797 727 674 0 
3 1227 1601 361 0 
3 1402 1100 205 0 
3 708 778 790 0 
3 797 776 727 0 
3 800 1844 1836 0 
3 665 781 1803 0 
3 1347 1778 490 0 
3 792 387 1437 0 
3 768 474 812 0 
3 784 444 750 0 
3 1400 280 1379 0 
3 1150 1154 1153 0 
3 744 776 797 0 
3 744 868 776 0 
3 819 814 1426 0 
3 935 938 695 0 
3 787 797 410 0 
3 410 797 674 0 
3 804 868 744 0 
3 102 1261 302 0 
3 1632 484 747 0 
3 1059 1066 1065 0 
3 787 410 1602 0 
3 868 804 941 0 
3 751 753 669 0 
3 1235 60 292 0 
3 949 771 1451 0 
3 787 1631 744 0 
3 497 1405 1297 0 
3 918 1874 529 0 
3 1247 1440 867 0 
3 681 1143 741 0 
3 655 887 1865 0 
3 721 933 913 0 
3 825 1572 900 0 
3 756 1441 752 0 
3 576 103 35 0 
3 968 962 759 0 
3 337 1137 914 0 
3 877 878 879 0 
3 934 529 203 0 
3 1574 805 238 0 
3 1872 1438 529 0 
3 717 948 1573 0 
3 866 880 870 0 
3 880 866 888 0 
3 825 900 1728 0 
3 697 596 1572 0 
3 1176 1138 1424 0 
3 901 906 1672 0 
3 864 878 1805 0 
3 807 858 786 0 
3 1756 1630 1379 0 
3 954 697 961 0 
3 948 955 1458 0 
3 1850 915 936 0 
3 941 928 868 0 
3 1137 729 1152 0 
3 937 946 954 0 
3 380 518 165 0 
3 894 866 870 0 
3 1688 906 901 0 
3 596 697 954 0 
3 947 695 1815 0 
3 1114 209 1285 0 
3 1418 1445 1074 0 
3 202 955 717 0 
3 377 1147 1153 0 
3 860 373 845 0 
3 1093 1285 1445 0 
3 694 579 45 0 
3 897 1448 1680 0 
3 1549 896 676 0 
3 681 651 682 0 
3 908 926 1604 0 
3 458 621 638 0 
3 1071 599 1084 0 
3 833 798 808 0 
3 869 1454 893 0 
3 691 835 528 0 
3 960 958 959 0 
3 935 947 932 0 
3 954 1456 937 0 
3 1746 1467 1688 0 
3 910 1662 924 0 
3 375 841 1652 0 
3 691 749 675 0 
3 173 203 914 0 
3 874 1454 869 0 
3 841 1459 865 0 
3 1149 1143 677 0 
3 695 947 935 0 
3 927 926 1734 0 
3 927 1745 926 0 
3 928 676 1432 0 
3 841 1816 1459 0 
3 1423 1409 1455 0 
3 961 896 1549 0 
3 1456 961 1175 0 
3 722 931 858 0 
3 374 375 845 0 
3 949 1462 1891 0 
3 942 1456 952 0 
3 780 1712 1695 0 
3 203 529 1438 0 
3 855 1297 1457 0 
3 874 1705 1454 0 
3 212 712 592 0 
3 1203 1209 1388 0 
3 1454 1705 884 0 
3 592 1433 1461 0 
3 939 1580 1462 0 
3 641 647 876 0 
3 993 796 798 0 
3 686 681 741 0 
3 778 712 212 0 
3 667 682 651 0 
3 1459 834 846 0 
3 842 846 837 0 
3 853 870 773 0 
3 846 842 1689 0 
3 943 946 1866 0 
3 203 337 914 0 
3 1785 1427 907 0 
3 842 1576 1689 0 
3 726 738 951 0 
3 827 1305 1463 0 
3 611 941 612 0 
3 612 941 706 0 
3 28 854 576 0 
3 1689 1576 875 0 
3 345 346 348 0 
3 35 28 576 0 
3 788 956 950 0 
3 337 729 1137 0 
3 667 931 1139 0 
3 1854 1578 929 0 
3 1578 950 929 0 
3 1573 921 930 0 
3 1441 1820 1450 0 
3 615 620 384 0 
3 822 1399 963 0 
3 1577 1820 1728 0 
3 1576 848 882 0 
3 950 1578 788 0 
3 1580 939 791 0 
3 882 883 898 0 
3 1658 982 829 0 
3 1658 613 982 0 
3 777 796 1003 0 
3 1157 1136 1139 0 
3 848 883 882 0 
3 903 1474 922 0 
3 1030 1468 1050 0 
3 1572 596 217 0 
3 375 369 841 0 
3 802 967 613 0 
3 1144 1194 669 0 
3 847 1470 848 0 
3 883 1473 898 0 
3 10 593 208 0 
3 607 612 706 0 
3 1785 1424 1427 0 
3 1473 1474 903 0 
3 898 1473 903 0 
3 1003 1011 620 0 
3 411 1158 1194 0 
3 1144 669 766 0 
3 1120 537 1114 0 
3 1470 847 1469 0 
3 883 1579 1473 0 
3 959 788 944 0 
3 1021 1028 615 0 
3 695 938 1451 0 
3 686 651 681 0 
3 876 894 870 0 
3 667 1200 931 0 
3 1006 1005 994 0 
3 753 755 669 0 
3 959 958 788 0 
3 661 469 854 0 
3 1073 526 539 0 
3 955 422 1458 0 
3 849 1470 1842 0 
3 905 1474 1473 0 
3 944 923 959 0 
3 372 864 1443 0 
3 372 1298 864 0 
3 953 669 1194 0 
3 1444 1866 937 0 
3 681 682 677 0 
3 967 802 962 0 
3 838 849 1475 0 
3 905 912 1474 0 
3 933 951 923 0 
3 951 959 923 0 
3 217 422 244 0 
3 526 534 616 0 
3 616 539 526 0 
3 561 553 1278 0 
3 1176 1785 1442 0 
3 838 851 849 0 
3 687 1579 1374 0 
3 1476 912 905 0 
3 544 72 1477 0 
3 376 612 607 0 
3 851 856 849 0 
3 1376 863 862 0 
3 913 933 912 0 
3 951 960 959 0 
3 1478 1267 1568 0 
3 943 1857 946 0 
3 1841 892 1423 0 
3 1065 1066 1446 0 
3 892 782 763 0 
3 726 951 933 0 
3 202 482 1603 0 
3 891 612 376 0 
3 1020 1026 1480 0 
3 1023 1034 1492 0 
3 1482 1393 1483 0 
3 980 1583 1502 0 
3 1020 1016 1026 0 
3 1056 1055 1076 0 
3 1110 1115 1102 0 
3 719 1755 872 0 
3 550 180 1064 0 
3 1119 1099 1126 0 
3 360 348 346 0 
3 1084 1316 1071 0 
3 981 974 986 0 
3 682 919 677 0 
3 1110 1121 1115 0 
3 1056 1076 1075 0 
3 660 1539 1080 0 
3 206 542 11 0 
3 1841 1148 1565 0 
3 1544 406 1427 0 
3 1095 205 1100 0 
3 1006 1008 1005 0 
3 1882 1884 1886 0 
3 1087 478 1086 0 
3 1000 1019 1496 0 
3 1718 1831 1493 0 
3 1000 1005 1019 0 
3 974 975 986 0 
3 693 1107 702 0 
3 478 1087 1061 0 
3 1527 1102 1807 0 
3 975 1378 986 0 
3 1061 852 48 0 
3 1537 1535 208 0 
3 990 989 981 0 
3 997 1002 996 0 
3 276 1682 506 0 
3 1538 1185 1533 0 
3 1494 1272 1489 0 
3 499 505 484 0 
3 1122 558 560 0 
3 714 586 1540 0 
3 1131 11 840 0 
3 852 1096 48 0 
3 535 1091 527 0 
3 1379 280 313 0 
3 976 1727 1502 0 
3 1052 1519 1044 0 
3 573 48 1122 0 
3 48 417 1061 0 
3 1063 852 1111 0 
3 1063 1096 852 0 
3 417 478 1061 0 
3 1008 1012 1005 0 
3 205 216 1402 0 
3 536 409 9 0 
3 1122 1096 558 0 
3 1359 1209 381 0 
3 1505 1070 1683 0 
3 1064 1063 1111 0 
3 1504 1094 1664 0 
3 1064 1111 1089 0 
3 1486 206 1131 0 
3 541 840 549 0 
3 1057 1063 1064 0 
3 1128 558 1096 0 
3 1069 1487 349 0 
3 1118 1108 1636 0 
3 581 61 1058 0 
3 550 1064 1089 0 
3 1128 1096 1063 0 
3 1486 1109 1508 0 
3 1068 1056 1075 0 
3 1085 1108 1107 0 
3 1108 1665 1636 0 
3 1128 1063 1511 0 
3 1052 1490 1068 0 
3 1636 437 911 0 
3 994 1005 1495 0 
3 792 1437 1806 0 
3 357 1040 1859 0 
3 1586 530 1029 0 
3 1369 1390 531 0 
3 1021 1029 1028 0 
3 1085 1510 1108 0 
3 1080 1512 671 0 
3 972 974 965 0 
3 388 365 917 0 
3 990 986 1378 0 
3 531 533 530 0 
3 296 1685 1511 0 
3 1609 1044 1034 0 
3 1665 1124 437 0 
3 1097 1062 1637 0 
3 1131 840 1130 0 
3 1503 1774 1401 0 
3 418 355 425 0 
3 538 530 533 0 
3 1645 1258 1527 0 
3 840 11 549 0 
3 1586 531 530 0 
3 1069 216 205 0 
3 539 532 1073 0 
3 1103 1124 1665 0 
3 1626 1306 1290 0 
3 1637 1077 1898 0 
3 1787 1633 1790 0 
3 1090 1512 1080 0 
3 1062 1077 1637 0 
3 409 734 9 0 
3 1080 1539 1090 0 
3 981 986 990 0 
3 1009 1013 1020 0 
3 1087 356 1581 0 
3 2 126 1397 0 
3 1510 1090 1103 0 
3 1638 1123 1584 0 
3 1019 1034 1023 0 
3 1584 1041 1062 0 
3 1539 1103 1090 0 
3 1012 1515 1034 0 
3 568 36 1353 0 
3 384 620 1011 0 
3 1062 1101 1077 0 
3 1612 1666 1781 0 
3 1083 1186 1664 0 
3 1120 1130 840 0 
3 1399 828 1391 0 
3 982 983 993 0 
3 1369 1518 532 0 
3 534 526 1091 0 
3 226 49 33 0 
3 160 603 577 0 
3 967 969 613 0 
3 1520 983 1521 0 
3 613 1521 982 0 
3 1091 1099 527 0 
3 1378 987 1497 0 
3 962 977 967 0 
3 977 969 967 0 
3 1084 1116 1571 0 
3 1047 1051 1676 0 
3 1088 1485 1101 0 
3 234 226 1045 0 
3 1033 1047 1032 0 
3 1589 1074 1590 0 
3 1126 409 1119 0 
3 1033 1032 1024 0 
3 911 1070 1505 0 
3 1058 1588 1522 0 
3 1608 981 976 0 
3 1129 409 1126 0 
3 965 1608 821 0 
3 1115 1121 1491 0 
3 998 1007 1822 0 
3 1129 734 409 0 
3 1757 890 1683 0 
3 1588 1112 1088 0 
3 1088 1113 1249 0 
3 705 786 858 0 
3 1085 1107 693 0 
3 1058 1112 1588 0 
3 1112 1113 1088 0 
3 1525 1528 978 0 
3 68 1113 1112 0 
3 975 974 972 0 
3 1616 970 1651 0 
3 526 1073 1611 0 
3 1017 1025 1529 0 
3 1025 1038 1531 0 
3 593 734 1537 0 
3 68 76 1113 0 
3 1236 881 1127 0 
3 881 1486 1127 0 
3 1536 984 970 0 
3 1615 1004 1528 0 
3 1017 1529 1007 0 
3 1075 1078 1068 0 
3 1416 1533 1506 0 
3 1536 992 984 0 
3 106 105 1485 0 
3 1068 1054 1052 0 
3 1034 1044 1492 0 
3 987 975 1530 0 
3 991 996 1497 0 
3 1486 881 206 0 
3 1025 1042 1038 0 
3 963 1616 822 0 
3 1109 1486 1131 0 
3 346 972 966 0 
3 1536 1616 979 0 
3 1042 1048 1038 0 
3 660 578 1539 0 
3 578 580 1673 0 
3 1159 513 89 0 
3 459 1160 453 0 
3 1170 1332 511 0 
3 1294 1161 1174 0 
3 1162 1160 1717 0 
3 1720 1717 471 0 
3 168 1170 1555 0 
3 486 511 1332 0 
3 1163 167 1164 0 
3 167 78 1164 0 
3 1168 1164 78 0 
3 608 1 455 0 
3 1339 1654 1323 0 
3 1168 1167 1166 0 
3 1861 1321 1596 0 
3 1189 1159 448 0 
3 1159 1189 487 0 
3 491 1172 41 0 
3 678 1555 1170 0 
3 173 1442 934 0 
3 1173 470 1821 0 
3 1720 1591 1541 0 
3 1174 485 1770 0 
3 32 160 577 0 
3 473 522 53 0 
3 1175 70 952 0 
3 1809 1760 477 0 
3 1176 832 1138 0 
3 78 1178 1782 0 
3 1178 78 1190 0 
3 1188 0 466 0 
3 1481 1208 357 0 
3 1208 1481 1881 0 
3 432 421 1731 0 
3 625 1179 539 0 
3 774 1627 495 0 
3 153 1180 176 0 
3 1182 242 1183 0 
3 448 1159 1199 0 
3 1199 1159 89 0 
3 1060 1186 1083 0 
3 1186 1060 1185 0 
3 1308 421 432 0 
3 78 167 1190 0 
3 1821 1190 167 0 
3 1192 136 158 0 
3 204 1194 1158 0 
3 89 489 1232 0 
3 991 350 1709 0 
3 158 1198 517 0 
3 1192 335 136 0 
3 448 1199 522 0 
3 522 1199 53 0 
3 651 1200 667 0 
3 68 583 44 0 
3 492 1201 463 0 
3 1202 188 201 0 
3 1202 1765 188 0 
3 198 1766 1202 0 
3 1192 150 104 0 
3 33 1204 43 0 
3 12 19 1706 0 
3 23 1851 1706 0 
3 1188 1167 1782 0 
3 1206 1275 315 0 
3 187 311 80 0 
3 1332 1170 27 0 
3 1206 1207 131 0 
3 358 366 1208 0 
3 132 1188 466 0 
3 1149 919 1749 0 
3 1273 57 44 0 
3 1211 96 76 0 
3 148 1545 1214 0 
3 1729 1545 148 0 
3 1678 192 186 0 
3 192 1678 1701 0 
3 1213 1273 37 0 
3 142 1545 134 0 
3 1794 1214 1679 0 
3 364 379 414 0 
3 1813 179 286 0 
3 361 211 420 0 
3 1212 1213 37 0 
3 96 1211 84 0 
3 1215 20 1207 0 
3 29 14 6 0 
3 149 1545 142 0 
3 246 1216 1319 0 
3 194 1215 1679 0 
3 1201 69 20 0 
3 1683 1743 1757 0 
3 0 1224 466 0 
3 1224 0 1177 0 
3 1217 57 1219 0 
3 340 636 338 0 
3 149 169 1214 0 
3 73 79 1217 0 
3 1220 194 1679 0 
3 1221 20 194 0 
3 1830 378 242 0 
3 186 192 200 0 
3 1219 52 1217 0 
3 575 1219 569 0 
3 52 73 1217 0 
3 496 1225 503 0 
3 195 113 112 0 
3 1707 204 1158 0 
3 309 442 299 0 
3 1643 194 1220 0 
3 1228 1221 1643 0 
3 1643 1221 194 0 
3 352 431 381 0 
3 1359 381 431 0 
3 183 184 1643 0 
3 199 1221 1228 0 
3 218 164 130 0 
3 892 1134 1155 0 
3 1233 1225 161 0 
3 199 1232 489 0 
3 170 200 1226 0 
3 1730 50 67 0 
3 1251 1345 207 0 
3 463 83 492 0 
3 447 1268 446 0 
3 112 170 54 0 
3 1357 42 38 0 
3 1225 515 161 0 
3 486 1332 1541 0 
3 1224 159 47 0 
3 1230 199 1228 0 
3 146 1559 156 0 
3 466 1878 189 0 
3 1225 1233 503 0 
3 609 81 1229 0 
3 1616 963 971 0 
3 1234 1231 100 0 
3 1231 53 1232 0 
3 62 67 50 0 
3 100 1230 1548 0 
3 1228 1548 1230 0 
3 159 1708 1234 0 
3 12 16 19 0 
3 16 12 1258 0 
3 195 1548 1700 0 
3 1548 195 100 0 
3 473 1708 1177 0 
3 112 100 195 0 
3 1708 159 1177 0 
3 588 29 6 0 
3 540 13 209 0 
3 902 222 843 0 
3 1237 257 1867 0 
3 414 379 407 0 
3 1735 253 32 0 
3 253 1239 316 0 
3 1239 253 1735 0 
3 1175 1552 1270 0 
3 260 1239 252 0 
3 296 1240 1685 0 
3 252 1242 260 0 
3 1239 314 252 0 
3 285 1244 310 0 
3 219 225 1554 0 
3 320 1242 252 0 
3 362 1247 383 0 
3 218 295 321 0 
3 1244 293 310 0 
3 257 1237 227 0 
3 1250 259 284 0 
3 222 1142 843 0 
3 302 273 1550 0 
3 1250 305 259 0 
3 114 1735 32 0 
3 438 332 1644 0 
3 269 1195 1719 0 
3 1252 303 322 0 
3 1274 1716 289 0 
3 1265 1246 1667 0 
3 326 1253 229 0 
3 420 1769 361 0 
3 329 325 1218 0 
3 1554 225 227 0 
3 214 1254 334 0 
3 1254 214 1244 0 
3 1253 326 188 0 
3 438 1848 1216 0 
3 1216 1848 1319 0 
3 1257 1318 442 0 
3 1601 1148 843 0 
3 1255 1814 305 0 
3 259 213 308 0 
3 1232 53 1199 0 
3 1232 1199 89 0 
3 298 323 319 0 
3 12 1110 1258 0 
3 269 1834 1195 0 
3 1622 228 1241 0 
3 297 1260 277 0 
3 1241 1256 331 0 
3 214 334 1259 0 
3 1193 1259 334 0 
3 1187 1258 1645 0 
3 426 1183 1824 0 
3 269 330 1834 0 
3 302 1261 1140 0 
3 774 770 424 0 
3 304 1667 290 0 
3 21 1493 33 0 
3 1248 1226 71 0 
3 214 1259 272 0 
3 297 215 228 0 
3 237 1262 14 0 
3 1299 1329 1320 0 
3 1244 214 262 0 
3 299 324 1668 0 
3 1668 1265 1593 0 
3 1264 290 1667 0 
3 290 1264 323 0 
3 300 7 342 0 
3 1311 1222 137 0 
3 1247 362 353 0 
3 1270 1552 611 0 
3 275 283 304 0 
3 333 1238 1625 0 
3 1238 333 1773 0 
3 227 1237 1793 0 
3 379 1715 407 0 
3 1208 366 357 0 
3 341 250 330 0 
3 1180 1196 191 0 
3 1252 317 266 0 
3 1252 322 317 0 
3 263 329 1254 0 
3 334 1254 329 0 
3 1218 4 1262 0 
3 428 1269 63 0 
3 1667 1263 1264 0 
3 1260 1768 341 0 
3 243 236 306 0 
3 236 243 300 0 
3 225 257 227 0 
3 230 231 268 0 
3 1110 12 1121 0 
3 1706 1121 12 0 
3 218 215 295 0 
3 64 271 283 0 
3 1731 774 424 0 
3 1722 1716 1274 0 
3 1623 343 1551 0 
3 37 1273 36 0 
3 270 1274 267 0 
3 306 361 1769 0 
3 1290 224 1626 0 
3 224 1290 1818 0 
3 334 1218 1193 0 
3 285 1276 263 0 
3 266 261 1252 0 
3 1277 1276 285 0 
3 22 561 1278 0 
3 1171 397 462 0 
3 1310 1181 1132 0 
3 426 1269 428 0 
3 109 1279 1171 0 
3 1501 1083 1280 0 
3 1501 1280 1067 0 
3 1165 602 109 0 
3 1284 94 1721 0 
3 1721 1286 1284 0 
3 1287 340 574 0 
3 630 1558 1346 0 
3 735 475 1288 0 
3 1133 1571 1759 0 
3 431 30 377 0 
3 1156 1293 222 0 
3 310 388 1277 0 
3 1143 1141 741 0 
3 872 741 1141 0 
3 431 352 1294 0 
3 1447 779 860 0 
3 1181 1289 1151 0 
3 1680 935 932 0 
3 151 310 418 0 
3 1284 1286 1291 0 
3 413 1289 1181 0 
3 1289 413 1720 0 
3 95 1898 1077 0 
3 1295 404 405 0 
3 219 349 1626 0 
3 855 1296 1297 0 
3 1296 497 1297 0 
3 1838 469 661 0 
3 373 1298 372 0 
3 431 1294 30 0 
3 352 1704 510 0 
3 477 742 1809 0 
3 779 1302 394 0 
3 1656 1303 1657 0 
3 440 1410 402 0 
3 1302 400 396 0 
3 891 1270 611 0 
3 1305 964 873 0 
3 405 404 400 0 
3 614 1291 412 0 
3 1291 614 397 0 
3 376 1710 762 0 
3 1291 423 412 0 
3 904 924 915 0 
3 924 904 910 0 
3 649 1303 637 0 
3 1303 649 1657 0 
3 426 421 1308 0 
3 1308 1269 426 0 
3 1181 1310 413 0 
3 413 1717 1720 0 
3 1644 1222 1344 0 
3 43 1703 1692 0 
3 917 1277 388 0 
3 841 369 351 0 
3 345 348 350 0 
3 431 377 1153 0 
3 405 1309 419 0 
3 1756 1308 430 0 
3 426 428 1183 0 
3 1680 1309 811 0 
3 732 1827 1833 0 
3 313 1308 1756 0 
3 1203 1133 1146 0 
3 274 1724 137 0 
3 1311 137 1724 0 
3 1302 1309 405 0 
3 1312 1834 330 0 
3 1669 1268 1162 0 
3 1717 1313 1162 0 
3 1301 1314 879 0 
3 347 429 1825 0 
3 1312 1864 1834 0 
3 306 236 1227 0 
3 394 1302 396 0 
3 246 1312 1315 0 
3 1312 1319 1864 0 
3 241 1694 450 0 
3 1694 301 380 0 
3 1203 1316 1133 0 
3 299 442 1318 0 
3 1312 246 1319 0 
3 1216 242 1182 0 
3 242 1216 246 0 
3 328 88 327 0 
3 1243 1276 1277 0 
3 427 430 1758 0 
3 1830 347 1819 0 
3 1317 301 386 0 
3 1674 357 366 0 
3 1257 1824 378 0 
3 1791 1331 1723 0 
3 1183 378 1824 0 
3 1704 1723 510 0 
3 407 301 1317 0 
3 1319 93 1864 0 
3 1152 1154 1137 0 
3 459 460 1321 0 
3 1251 207 282 0 
3 1324 525 1560 0 
3 1560 129 1324 0 
3 1174 1161 15 0 
3 457 1169 458 0 
3 1169 457 1770 0 
3 1732 859 1267 0 
3 1218 59 4 0 
3 109 1171 462 0 
3 662 1838 423 0 
3 449 165 125 0 
3 210 1597 1327 0 
3 1328 485 15 0 
3 1677 175 571 0 
3 187 8 481 0 
3 638 1800 498 0 
3 733 493 1800 0 
3 1800 451 498 0 
3 1323 454 1334 0 
3 507 1654 493 0 
3 1654 507 455 0 
3 1190 1189 448 0 
3 1771 1339 1323 0 
3 1168 78 1782 0 
3 1591 1320 486 0 
3 510 1331 27 0 
3 1332 27 1331 0 
3 1161 27 168 0 
3 141 1337 2 0 
3 498 1335 1826 0 
3 1646 1597 524 0 
3 7 187 481 0 
3 1334 454 452 0 
3 522 1542 1178 0 
3 1771 1323 1334 0 
3 1172 521 41 0 
3 487 83 513 0 
3 83 487 1336 0 
3 210 1337 1597 0 
3 492 124 69 0 
3 1338 1330 125 0 
3 1799 1677 494 0 
3 757 1338 598 0 
3 2 1337 126 0 
3 1742 465 524 0 
3 1328 1356 555 0 
3 1356 1328 1555 0 
3 510 1161 1294 0 
3 1340 1647 144 0 
3 1344 1340 1644 0 
3 456 1275 124 0 
3 468 1339 1771 0 
3 1339 468 1335 0 
3 83 1556 492 0 
3 125 1330 449 0 
3 93 144 1341 0 
3 1333 1798 456 0 
3 1798 1275 456 0 
3 1338 125 8 0 
3 1826 1335 1330 0 
3 145 77 1598 0 
3 1342 625 616 0 
3 1861 1591 471 0 
3 1341 1647 514 0 
3 1341 514 145 0 
3 1342 1775 1558 0 
3 1344 1846 1343 0 
3 145 514 1655 0 
3 1329 511 486 0 
3 1201 492 69 0 
3 1317 213 509 0 
3 1173 1184 126 0 
3 1342 1558 625 0 
3 450 115 1172 0 
3 140 77 1655 0 
3 1430 1429 1322 0 
3 260 494 316 0 
3 1337 1173 126 0 
3 1346 642 630 0 
3 1799 1345 1251 0 
3 1846 1347 1343 0 
3 1655 502 523 0 
3 1430 1742 1431 0 
3 1336 487 1327 0 
3 15 168 1555 0 
3 1165 402 119 0 
3 1410 119 402 0 
3 17 329 233 0 
3 508 503 502 0 
3 465 1322 1670 0 
3 1322 465 1742 0 
3 502 503 523 0 
3 503 1233 523 0 
3 1235 178 172 0 
3 1195 1834 1864 0 
3 97 1879 118 0 
3 1380 1384 511 0 
3 1353 583 61 0 
3 1380 1329 643 0 
3 179 1350 286 0 
3 292 286 1350 0 
3 1774 1030 1351 0 
3 1352 1351 1015 0 
3 1273 44 1353 0 
3 583 1353 44 0 
3 1354 557 610 0 
3 555 1356 339 0 
3 1156 902 1732 0 
3 1348 1732 902 0 
3 1686 876 647 0 
3 1563 1349 73 0 
3 1560 1599 59 0 
3 588 6 1564 0 
3 543 171 563 0 
3 568 1358 639 0 
3 1487 1306 349 0 
3 222 1293 1261 0 
3 1169 1360 621 0 
3 589 1366 1362 0 
3 1361 1366 603 0 
3 1328 555 485 0 
3 678 1356 1555 0 
3 38 39 1357 0 
3 68 1210 1211 0 
3 1229 91 1752 0 
3 1365 585 1762 0 
3 1112 1058 583 0 
3 667 1139 919 0 
3 1408 725 1869 0 
3 1191 1364 1898 0 
3 244 1367 850 0 
3 97 1349 1879 0 
3 601 1363 555 0 
3 1363 601 1360 0 
3 316 86 1361 0 
3 1362 1361 86 0 
3 920 942 936 0 
3 1358 1353 61 0 
3 1058 1522 581 0 
3 1349 1563 1648 0 
3 1648 1355 1879 0 
3 554 101 558 0 
3 211 1601 843 0 
3 974 981 1608 0 
3 902 1156 222 0 
3 1849 585 1763 0 
3 566 1368 608 0 
3 545 1763 594 0 
3 1763 595 594 0 
3 1563 1370 1600 0 
3 1368 566 483 0 
3 571 1368 589 0 
3 1368 571 1 0 
3 1354 143 557 0 
3 622 527 1119 0 
3 1370 584 609 0 
3 1762 1364 1365 0 
3 1223 1370 1563 0 
3 1141 1181 1151 0 
3 1366 572 603 0 
3 595 1763 604 0 
3 8 187 1371 0 
3 611 928 941 0 
3 928 611 1552 0 
3 571 589 1362 0 
3 1736 572 1366 0 
3 1629 644 764 0 
3 856 1373 861 0 
3 1374 861 1373 0 
3 1375 686 716 0 
3 686 1375 651 0 
3 651 1375 1200 0 
3 1200 1375 699 0 
3 1375 617 699 0 
3 434 705 699 0 
3 686 1755 716 0 
3 716 1802 617 0 
3 719 698 1377 0 
3 1755 1377 716 0 
3 45 617 1802 0 
3 698 720 1377 0 
3 1802 1377 720 0 
3 1299 694 45 0 
3 1434 777 839 0 
3 1145 698 719 0 
3 658 720 1383 0 
3 700 710 913 0 
3 1382 238 738 0 
3 658 1380 643 0 
3 1775 631 634 0 
3 698 1383 720 0 
3 687 1373 1387 0 
3 659 1373 856 0 
3 1373 659 1387 0 
3 594 356 1281 0 
3 356 594 595 0 
3 70 238 1382 0 
3 736 1382 730 0 
3 683 1384 658 0 
3 1068 1078 1385 0 
3 1071 1388 408 0 
3 415 1386 1389 0 
3 1388 1413 703 0 
3 1388 703 1386 0 
3 1396 1386 703 0 
3 1396 1389 1386 0 
3 415 709 408 0 
3 1399 1391 963 0 
3 1387 659 670 0 
3 1158 425 1707 0 
3 425 1158 1135 0 
3 1392 415 1389 0 
3 683 1392 678 0 
3 1356 678 1392 0 
3 659 652 1865 0 
3 636 1287 673 0 
3 634 1346 1558 0 
3 833 627 1658 0 
3 829 833 1658 0 
3 630 1179 625 0 
3 1376 655 645 0 
3 1130 1114 1393 0 
3 1393 1285 1093 0 
3 1324 499 668 0 
3 627 773 1282 0 
3 412 423 661 0 
3 664 673 1812 0 
3 520 1668 1325 0 
3 1668 520 299 0 
3 260 1345 494 0 
3 1345 260 1242 0 
3 1656 1390 1595 0 
3 29 588 80 0 
3 1629 1570 644 0 
3 482 1296 855 0 
3 1279 94 1171 0 
3 2 1397 1602 0 
3 1602 1397 787 0 
3 109 602 1281 0 
3 439 1396 34 0 
3 1396 439 629 0 
3 618 1398 1348 0 
3 745 1433 1776 0 
3 635 1398 618 0 
3 1398 635 525 0 
3 1326 602 1165 0 
3 220 1645 1402 0 
3 1401 1774 1352 0 
3 764 1852 1292 0 
3 1381 1292 1852 0 
3 539 1179 1595 0 
3 647 656 1686 0 
3 801 762 1412 0 
3 815 1403 1633 0 
3 1404 497 1296 0 
3 957 1436 1405 0 
3 1360 740 621 0 
3 680 1360 601 0 
3 618 1406 1564 0 
3 1407 693 696 0 
3 711 626 740 0 
3 1725 679 1406 0 
3 1407 1079 693 0 
3 739 1777 737 0 
3 737 1404 743 0 
3 799 1753 1733 0 
3 1753 799 785 0 
3 1408 626 711 0 
3 760 1409 1423 0 
3 653 647 648 0 
3 724 1823 713 0 
3 401 626 1408 0 
3 1371 1409 760 0 
3 1567 679 1409 0 
3 696 702 707 0 
3 1410 440 628 0 
3 28 661 854 0 
3 469 1827 1869 0 
3 1408 1827 401 0 
3 412 661 28 0 
3 564 1411 1304 0 
3 1304 1411 632 0 
3 138 614 35 0 
3 614 412 35 0 
3 528 1853 771 0 
3 1412 805 1574 0 
3 1764 1307 765 0 
3 1413 1359 1152 0 
3 1359 1413 1209 0 
3 1778 665 795 0 
3 1633 1710 815 0 
3 795 1420 761 0 
3 803 772 1844 0 
3 1078 1415 1385 0 
3 1415 1538 1416 0 
3 1385 1416 1053 0 
3 745 665 794 0 
3 1311 1724 812 0 
3 474 768 1846 0 
3 1266 234 1040 0 
3 762 1394 1412 0 
3 1394 762 1307 0 
3 745 794 1433 0 
3 684 723 1726 0 
3 1420 1852 644 0 
3 1420 644 761 0 
3 1420 1776 1852 0 
3 1043 1421 1042 0 
3 796 808 798 0 
3 1043 1042 1422 0 
3 1025 1422 1042 0 
3 956 788 1417 0 
3 1423 763 760 0 
3 799 1835 785 0 
3 607 815 1710 0 
3 1381 790 785 0 
3 790 778 1748 0 
3 1426 814 820 0 
3 1403 815 723 0 
3 819 395 1397 0 
3 789 1428 1425 0 
3 1450 1425 752 0 
3 1425 1450 789 0 
3 820 799 1426 0 
3 907 789 72 0 
3 495 770 774 0 
3 1379 1847 1400 0 
3 746 1661 367 0 
3 1733 684 1426 0 
3 364 1429 406 0 
3 727 1779 674 0 
3 792 793 387 0 
3 1430 818 806 0 
3 819 1184 814 0 
3 496 1570 1547 0 
3 1897 1400 746 0 
3 761 490 795 0 
3 800 1836 1764 0 
3 665 1803 794 0 
3 490 761 496 0 
3 1621 281 519 0 
3 1776 1433 712 0 
3 1066 1059 1421 0 
3 787 395 1631 0 
3 712 1433 592 0 
3 746 1400 1661 0 
3 868 1432 776 0 
3 868 928 1432 0 
3 819 1426 684 0 
3 794 685 1433 0 
3 1725 618 1348 0 
3 1853 695 1451 0 
3 787 744 797 0 
3 785 790 1753 0 
3 1748 1753 790 0 
3 641 1434 648 0 
3 809 748 646 0 
3 1803 775 794 0 
3 1397 395 787 0 
3 809 792 748 0 
3 1631 804 744 0 
3 1671 588 1406 0 
3 1405 174 1297 0 
3 174 1405 1436 0 
3 871 1435 689 0 
3 1436 689 1435 0 
3 174 1436 1435 0 
3 383 1437 387 0 
3 1437 383 867 0 
3 337 1438 725 0 
3 867 877 1437 0 
3 1372 777 1434 0 
3 1372 1434 641 0 
3 1247 867 383 0 
3 1572 244 900 0 
3 354 1440 1247 0 
3 1441 1450 752 0 
3 669 597 751 0 
3 747 751 1632 0 
3 1176 1442 173 0 
3 850 1577 900 0 
3 244 850 900 0 
3 1428 789 907 0 
3 1176 1424 1785 0 
3 942 920 937 0 
3 855 1603 482 0 
3 1443 1805 1828 0 
3 1805 1443 864 0 
3 892 763 1423 0 
3 1847 1661 1400 0 
3 202 739 482 0 
3 1418 1093 1445 0 
3 1446 1418 1074 0 
3 717 955 948 0 
3 1828 836 1443 0 
3 1444 937 920 0 
3 1686 894 876 0 
3 956 791 950 0 
3 1452 938 1604 0 
3 676 896 899 0 
3 1577 850 1786 0 
3 845 1447 860 0 
3 918 934 544 0 
3 1442 544 934 0 
3 908 1604 1448 0 
3 1672 1449 889 0 
3 938 1452 1451 0 
3 620 615 839 0 
3 1372 641 853 0 
3 1604 926 1452 0 
3 1444 1662 1439 0 
3 906 1449 1672 0 
3 1449 906 1439 0 
3 1279 1281 1087 0 
3 1451 1452 949 0 
3 1659 930 718 0 
3 1175 961 1549 0 
3 1745 949 1452 0 
3 1452 926 1745 0 
3 777 620 839 0 
3 985 999 1784 0 
3 985 1784 988 0 
3 1432 676 899 0 
3 1816 834 1459 0 
3 910 889 1449 0 
3 679 1455 1409 0 
3 1455 679 1725 0 
3 824 827 834 0 
3 1456 1175 952 0 
3 203 1438 337 0 
3 1297 174 1457 0 
3 1711 1857 943 0 
3 834 1816 824 0 
3 833 853 773 0 
3 212 592 1695 0 
3 1441 756 830 0 
3 1705 1691 1689 0 
3 1423 1455 1465 0 
3 1388 1209 1413 0 
3 1460 1462 1745 0 
3 685 1461 1433 0 
3 834 837 846 0 
3 1464 940 1460 0 
3 1689 875 1696 0 
3 821 1305 827 0 
3 827 1463 837 0 
3 1305 873 1463 0 
3 834 827 837 0 
3 837 1466 842 0 
3 842 847 1576 0 
3 985 988 980 0 
3 979 980 988 0 
3 847 842 1466 0 
3 847 848 1576 0 
3 1686 1672 894 0 
3 930 701 718 0 
3 922 944 1578 0 
3 1578 944 788 0 
3 1407 1663 1746 0 
3 939 950 791 0 
3 1687 1787 1790 0 
3 1067 1050 1468 0 
3 217 596 1857 0 
3 1154 1359 1153 0 
3 1466 1469 847 0 
3 1457 1786 850 0 
3 1842 1469 828 0 
3 1649 1585 1418 0 
3 1469 1842 1470 0 
3 1472 883 848 0 
3 883 1472 1579 0 
3 1367 855 1457 0 
3 705 931 1200 0 
3 931 705 858 0 
3 1470 1472 848 0 
3 211 1142 102 0 
3 953 597 669 0 
3 1453 925 1711 0 
3 1453 1858 1467 0 
3 861 1472 1470 0 
3 1474 923 922 0 
3 1857 1458 217 0 
3 1458 422 217 0 
3 1579 905 1473 0 
3 831 754 838 0 
3 953 1194 204 0 
3 828 1399 1842 0 
3 849 861 1470 0 
3 838 1475 831 0 
3 1475 849 1842 0 
3 933 923 912 0 
3 1474 912 923 0 
3 822 1475 1399 0 
3 1475 822 831 0 
3 861 1374 1472 0 
3 1278 553 551 0 
3 72 1785 907 0 
3 856 861 849 0 
3 687 1476 1579 0 
3 1476 905 1579 0 
3 687 700 1476 0 
3 913 912 1476 0 
3 1477 72 789 0 
3 1478 204 1750 0 
3 204 1478 953 0 
3 833 773 627 0 
3 1450 1477 789 0 
3 871 909 1477 0 
3 1855 1851 18 0 
3 1267 1478 826 0 
3 1267 668 1568 0 
3 953 1568 597 0 
3 1568 953 1478 0 
3 1857 596 946 0 
3 909 544 1477 0 
3 1065 1446 1074 0 
3 202 1603 955 0 
3 1488 1055 1490 0 
3 1076 1697 1095 0 
3 1012 1019 1005 0 
3 1480 1026 1036 0 
3 357 1859 1481 0 
3 1109 1482 1483 0 
3 1482 1130 1393 0 
3 1483 1393 1093 0 
3 1488 1635 1487 0 
3 1145 1116 1084 0 
3 1203 1071 1316 0 
3 1071 1203 1388 0 
3 1487 1697 1055 0 
3 997 991 1709 0 
3 1012 1034 1019 0 
3 1121 1706 1236 0 
3 1055 1056 1490 0 
3 1527 1100 1645 0 
3 1402 1645 1100 0 
3 1841 1565 1134 0 
3 1279 1087 1086 0 
3 1036 1488 1035 0 
3 1490 1056 1068 0 
3 1002 997 1009 0 
3 1487 1069 1697 0 
3 1059 1048 1042 0 
3 1496 1019 1023 0 
3 1045 226 1493 0 
3 1493 1831 1045 0 
3 1494 1698 1018 0 
3 693 702 696 0 
3 1087 1581 1061 0 
3 1306 1487 1635 0 
3 1535 209 208 0 
3 990 1395 989 0 
3 966 965 823 0 
3 965 966 972 0 
3 1498 1105 1185 0 
3 1533 1185 1060 0 
3 1499 1582 1614 0 
3 1114 1130 1120 0 
3 1391 964 1583 0 
3 980 971 1583 0 
3 1607 1083 1501 0 
3 1502 985 980 0 
3 1519 1492 1044 0 
3 1500 1774 1503 0 
3 1272 1503 999 0 
3 963 1391 971 0 
3 976 1583 1608 0 
3 714 1098 1566 0 
3 1209 1146 381 0 
3 1496 1494 1018 0 
3 702 1118 890 0 
3 1585 1280 1664 0 
3 1118 1505 890 0 
3 1737 1507 714 0 
3 1506 1060 1607 0 
3 1507 1509 1699 0 
3 1106 1491 1127 0 
3 1505 1636 911 0 
3 1127 1486 1508 0 
3 1508 1106 1127 0 
3 1481 1027 1516 0 
3 786 705 403 0 
3 1511 1063 1057 0 
3 1027 1859 1831 0 
3 1511 1685 1128 0 
3 1512 1510 1085 0 
3 1299 1320 1596 0 
3 1665 1108 1510 0 
3 974 1608 965 0 
3 1046 1511 1057 0 
3 964 1305 1608 0 
3 296 1511 1046 0 
3 1513 1021 1011 0 
3 1510 1512 1090 0 
3 985 1727 1489 0 
3 999 1503 1401 0 
3 1021 1513 1022 0 
3 1258 1110 1527 0 
3 1490 1052 1609 0 
3 1044 1609 1052 0 
3 1040 1045 1859 0 
3 1831 1859 1045 0 
3 1586 1029 1022 0 
3 1097 1584 1062 0 
3 1067 1280 1471 0 
3 1018 1395 1000 0 
3 1512 1072 671 0 
3 1011 1003 1513 0 
3 995 1514 1513 0 
3 1514 1022 1513 0 
3 1022 1587 1586 0 
3 1518 1369 1675 0 
3 1581 356 1111 0 
3 1397 126 819 0 
3 1718 1493 21 0 
3 1031 1034 1515 0 
3 1034 1031 1609 0 
3 1718 1290 1039 0 
3 1125 1522 1123 0 
3 1666 995 1781 0 
3 796 993 1781 0 
3 1105 1104 1186 0 
3 1504 1664 1104 0 
3 964 1391 873 0 
3 983 1811 993 0 
3 1518 1073 532 0 
3 969 1520 1521 0 
3 1521 613 969 0 
3 1521 983 982 0 
3 1091 1611 1081 0 
3 1101 1485 1077 0 
3 1018 1000 1496 0 
3 977 1639 969 0 
3 1520 969 1639 0 
3 1520 978 983 0 
3 1518 1611 1073 0 
3 981 989 976 0 
3 1091 1081 1099 0 
3 1041 1588 1101 0 
3 1047 1610 1032 0 
3 1024 1032 1789 0 
3 1081 1788 1524 0 
3 1129 1126 1526 0 
3 973 1525 1639 0 
3 1121 1236 1491 0 
3 1127 1491 1236 0 
3 1088 1249 1485 0 
3 1102 1527 1110 0 
3 973 984 1525 0 
3 984 1528 1525 0 
3 1004 998 1528 0 
3 978 1528 998 0 
3 970 968 1651 0 
3 968 970 973 0 
3 526 1611 1091 0 
3 970 984 973 0 
3 1025 1024 1529 0 
3 1024 1531 1033 0 
3 1531 1024 1025 0 
3 1082 1092 1590 0 
3 1129 1537 734 0 
3 1641 1501 1067 0 
3 992 1528 984 0 
3 1528 992 1615 0 
3 1615 1014 1532 0 
3 1615 1532 1004 0 
3 1007 1529 1612 0 
3 1092 1537 1526 0 
3 1129 1526 1537 0 
3 353 1881 1817 0 
3 1416 1538 1533 0 
3 351 823 1816 0 
3 824 1816 823 0 
3 1000 1495 1005 0 
3 1530 975 972 0 
3 1536 1534 992 0 
3 1082 1535 1092 0 
3 1352 1015 1615 0 
3 1535 1537 1092 0 
3 1052 1054 1519 0 
3 1538 1498 1185 0 
3 988 1534 979 0 
3 979 1534 1536 0 
3 209 1535 1285 0 
3 1131 1482 1109 0 
3 1482 1131 1130 0 
3 1582 1501 1641 0 
3 1484 1582 1641 0 
3 979 971 980 0 
3 970 1616 1536 0 
3 971 979 1616 0 
3 1103 1539 1673 0 
3 1539 578 1673 0 
3 580 1125 1673 0 
3 1782 1542 0 0 
3 451 1654 1339 0 
3 477 139 119 0 
3 403 472 447 0 
3 1591 486 1541 0 
3 114 32 591 0 
3 1542 473 1177 0 
3 1543 383 387 0 
3 387 793 391 0 
3 1760 1809 728 0 
3 1547 515 1225 0 
3 387 391 1543 0 
3 40 1868 1796 0 
3 105 1862 95 0 
3 191 198 201 0 
3 54 47 159 0 
3 149 1214 1545 0 
3 1219 31 569 0 
3 59 325 129 0 
3 90 1546 98 0 
3 496 1547 1225 0 
3 1546 104 98 0 
3 112 54 1234 0 
3 1175 1549 1552 0 
3 54 159 1234 0 
3 1719 1551 269 0 
3 247 102 1550 0 
3 240 1553 56 0 
3 1719 333 1551 0 
3 1623 1551 333 0 
3 343 1623 295 0 
3 1295 443 427 0 
3 521 1334 452 0 
3 1569 501 480 0 
3 1555 1328 15 0 
3 1003 620 777 0 
3 521 452 1251 0 
3 1556 456 124 0 
3 1556 1557 456 0 
3 1848 1644 144 0 
3 1598 1195 1561 0 
3 456 1557 1333 0 
3 505 499 129 0 
3 1324 129 499 0 
3 1541 1331 1791 0 
3 1865 886 688 0 
3 590 58 609 0 
3 631 553 634 0 
3 376 801 891 0 
3 586 1849 1801 0 
3 475 735 1801 0 
3 541 549 547 0 
3 1549 676 1552 0 
3 196 891 801 0 
3 80 1567 1371 0 
3 475 139 1288 0 
3 1568 1632 597 0 
3 480 783 1569 0 
3 1865 887 886 0 
3 1396 1152 34 0 
3 1352 1810 1401 0 
3 785 1835 1292 0 
3 444 1376 816 0 
3 809 1767 793 0 
3 1569 783 770 0 
3 103 1761 441 0 
3 717 1573 930 0 
3 703 1413 1152 0 
3 697 1572 825 0 
3 1544 1424 1138 0 
3 943 1866 916 0 
3 1662 920 924 0 
3 1454 884 1780 0 
3 1574 238 196 0 
3 1725 1465 1455 0 
3 1738 1690 1464 0 
3 1576 882 875 0 
3 1728 900 1577 0 
3 1649 1419 1471 0 
3 1261 102 1142 0 
3 1462 1580 1891 0 
3 403 434 472 0 
3 1581 1111 852 0 
3 1583 971 1391 0 
3 48 1096 1122 0 
3 1131 206 11 0 
3 1079 1512 1085 0 
3 1699 606 1098 0 
3 1124 1638 437 0 
3 1584 1097 1117 0 
3 1676 1518 1675 0 
3 1587 1514 1517 0 
3 1583 976 1502 0 
3 972 346 1530 0 
3 1861 1596 1320 0 
3 1591 1720 471 0 
3 495 1627 442 0 
3 1166 515 516 0 
3 1206 315 123 0 
3 1142 222 1261 0 
3 44 57 1210 0 
3 1749 919 1136 0 
3 1288 477 1760 0 
3 477 1288 139 0 
3 1879 610 118 0 
3 183 1220 177 0 
3 1599 635 1564 0 
3 46 590 1620 0 
3 1758 424 692 0 
3 1741 1700 184 0 
3 216 1554 1402 0 
3 1260 341 277 0 
3 1049 1419 1043 0 
3 93 1848 144 0 
3 1670 364 414 0 
3 358 371 366 0 
3 404 1295 427 0 
3 1306 1039 1290 0 
3 1595 1303 1656 0 
3 1303 1595 1179 0 
3 1266 1674 1684 0 
3 308 1317 386 0 
3 1331 510 1723 0 
3 694 1596 1321 0 
3 668 1267 859 0 
3 1326 139 475 0 
3 493 1654 451 0 
3 465 476 1646 0 
3 473 1542 522 0 
3 1597 1646 1336 0 
3 487 470 1327 0 
3 504 1670 414 0 
3 524 1337 141 0 
3 145 1598 1561 0 
3 625 1558 630 0 
3 523 1233 127 0 
3 79 73 1349 0 
3 1563 1600 1648 0 
3 1363 485 555 0 
3 485 1363 1169 0 
3 39 584 1357 0 
3 590 609 584 0 
3 1229 1752 1600 0 
3 211 843 1142 0 
3 871 1876 1896 0 
3 80 588 1671 0 
3 1371 187 80 0 
3 1564 1406 588 0 
3 587 560 600 0 
3 1376 645 816 0 
3 1396 703 1152 0 
3 1043 1419 1421 0 
3 1066 1419 1649 0 
3 1777 713 1660 0 
3 713 728 1809 0 
3 1376 444 1282 0 
3 1152 1359 1154 0 
3 692 748 1314 0 
3 1311 812 474 0 
3 1629 1547 1570 0 
3 1547 1629 516 0 
3 1620 590 584 0 
3 1227 1565 1601 0 
3 361 1601 211 0 
3 850 1367 1457 0 
3 441 1436 957 0 
3 1632 751 597 0 
3 1367 422 1603 0 
3 1603 855 1367 0 
3 1662 1449 1439 0 
3 1449 1662 910 0 
3 821 827 824 0 
3 940 1464 1575 0 
3 1050 1471 1049 0 
3 1419 1049 1471 0 
3 1471 1585 1649 0 
3 1585 1094 1418 0 
3 1093 1418 1094 0 
3 1472 1374 1579 0 
3 1055 1697 1076 0 
3 1606 1076 1650 0 
3 1571 1316 1084 0 
3 1487 1055 1488 0 
3 1395 1698 989 0 
3 1061 1581 852 0 
3 1018 1698 1395 0 
3 1698 1494 1489 0 
3 1607 1501 1582 0 
3 1271 1500 1503 0 
3 1607 1499 1506 0 
3 1607 1060 1083 0 
3 1299 1596 694 0 
3 1305 821 1608 0 
3 1022 1029 1021 0 
3 1067 1471 1050 0 
3 1003 995 1513 0 
3 1587 1675 1586 0 
3 1606 1807 1479 0 
3 1040 357 1674 0 
3 1609 1031 1490 0 
3 1517 1610 1587 0 
3 1587 1022 1514 0 
3 1587 1610 1675 0 
3 1522 1041 1123 0 
3 1062 1041 1101 0 
3 995 1666 1514 0 
3 1612 1529 1789 0 
3 1789 1032 1517 0 
3 1640 1613 1589 0 
3 1524 1640 1590 0 
3 1640 1788 1523 0 
3 1613 1523 1051 0 
3 1518 1676 1523 0 
3 973 1639 977 0 
3 1811 1822 1612 0 
3 1605 1115 1491 0 
3 1067 1468 1641 0 
3 1499 1053 1506 0 
3 1615 1015 1014 0 
3 1615 992 1810 0 
3 1810 1352 1615 0 
3 1642 1164 1168 0 
3 1617 40 1796 0 
3 1187 1617 24 0 
3 23 39 38 0 
3 161 1840 1233 0 
3 23 25 1619 0 
3 1618 128 111 0 
3 1619 25 46 0 
3 254 344 282 0 
3 1543 371 358 0 
3 219 1594 225 0 
3 1622 1768 1260 0 
3 1263 1768 1622 0 
3 1622 1264 1263 0 
3 1246 1263 1667 0 
3 383 1543 358 0 
3 295 1623 321 0 
3 1295 405 419 0 
3 1295 419 433 0 
3 733 1300 732 0 
3 1626 349 1306 0 
3 368 372 844 0 
3 348 368 844 0 
3 742 477 119 0 
3 1684 371 390 0 
3 442 1627 1257 0 
3 1557 504 1333 0 
3 116 476 1557 0 
3 1556 116 1557 0 
3 93 1341 1561 0 
3 1719 1598 1808 0 
3 140 1628 77 0 
3 1628 140 500 0 
3 500 461 51 0 
3 1840 189 461 0 
3 705 434 403 0 
3 623 784 802 0 
3 1630 1756 443 0 
3 1632 499 484 0 
3 689 1436 441 0 
3 1652 841 865 0 
3 1734 1738 927 0 
3 865 1691 874 0 
3 1634 875 882 0 
3 1663 1573 925 0 
3 1036 1635 1488 0 
3 1773 1628 1772 0 
3 1118 1636 1505 0 
3 1123 1638 1124 0 
3 1124 1125 1123 0 
3 446 807 786 0 
3 1520 1525 978 0 
3 1640 1524 1788 0 
3 1497 996 994 0 
3 1642 1166 516 0 
3 161 1895 132 0 
3 1642 516 1837 0 
3 105 1885 1862 0 
3 1643 184 1228 0 
3 438 1644 1848 0 
3 1645 220 1187 0 
3 1259 336 273 0 
3 321 1625 1678 0 
3 1625 321 1623 0 
3 343 269 1551 0 
3 1625 1623 333 0 
3 352 510 1294 0 
3 219 1626 224 0 
3 1646 476 116 0 
3 144 1647 1341 0 
3 1670 1322 1429 0 
3 1233 1840 127 0 
3 572 577 603 0 
3 1200 699 705 0 
3 499 1632 1568 0 
3 733 1800 1300 0 
3 1534 1784 1810 0 
3 1304 632 624 0 
3 1758 692 399 0 
3 775 1414 1804 0 
3 516 1629 1837 0 
3 1670 1429 364 0 
3 1066 1649 1446 0 
3 1784 999 1401 0 
3 1464 1460 927 0 
3 916 1866 1439 0 
3 1634 882 898 0 
3 1466 1463 828 0 
3 1491 1106 1605 0 
3 1026 1016 1036 0 
3 1509 1117 1097 0 
3 983 978 1811 0 
3 1520 1639 1525 0 
3 1788 1081 1611 0 
3 987 345 1497 0 
3 1506 1533 1060 0 
3 1616 1651 822 0 
3 759 822 1651 0 
3 742 119 1410 0 
3 320 254 282 0 
3 427 443 430 0 
3 623 802 613 0 
3 1649 1418 1446 0 
3 869 1652 865 0 
3 940 950 939 0 
3 1584 1117 1638 0 
3 437 1638 1117 0 
3 531 1586 1675 0 
3 1749 1136 1669 0 
3 1620 39 1619 0 
3 39 1620 584 0 
3 1259 273 272 0 
3 1189 470 487 0 
3 1599 4 59 0 
3 552 1304 624 0 
3 930 1659 717 0 
3 1447 1652 869 0 
3 1072 1688 901 0 
3 1460 940 939 0 
3 1845 1575 1690 0 
3 1509 1097 1699 0 
3 1041 1584 1123 0 
3 1610 1047 1676 0 
3 1676 1051 1523 0 
3 663 662 1721 0 
3 393 1682 276 0 
3 343 295 297 0 
3 1653 1621 56 0 
3 283 275 1693 0 
3 345 991 1497 0 
3 259 308 254 0 
3 1653 276 281 0 
3 290 298 1702 0 
3 1702 275 304 0 
3 1669 1136 1157 0 
3 374 373 368 0 
3 345 350 991 0 
3 385 393 276 0 
3 1323 1654 455 0 
3 1133 1704 1146 0 
3 493 715 507 0 
3 145 1655 77 0 
3 1704 352 381 0 
3 558 101 560 0 
3 1656 1657 564 0 
3 1802 643 45 0 
3 339 1389 629 0 
3 1680 811 897 0 
3 479 1767 783 0 
3 1662 1444 920 0 
3 202 1659 739 0 
3 1659 718 739 0 
3 1083 1664 1280 0 
3 1070 911 1509 0 
3 1636 1665 437 0 
3 911 437 1117 0 
3 1790 1633 1748 0 
3 86 316 494 0 
3 836 1709 350 0 
3 1765 1714 193 0 
3 1593 1667 304 0 
3 259 254 284 0 
3 1325 1668 1593 0 
3 249 1692 1703 0 
3 1325 1593 283 0 
3 374 368 359 0 
3 399 427 1758 0 
3 385 1684 393 0 
3 476 1670 504 0 
3 465 1670 476 0 
3 1390 1656 1304 0 
3 1392 1389 339 0 
3 367 1661 1853 0 
3 1567 1671 679 0 
3 1406 679 1671 0 
3 1280 1585 1471 0 
3 1070 1509 1507 0 
3 1509 911 1117 0 
3 1489 1272 999 0 
3 1666 1612 1789 0 
3 1588 1088 1101 0 
3 1535 1082 1285 0 
3 1673 1125 1124 0 
3 1193 294 1843 0 
3 1040 1674 1266 0 
3 1575 929 940 0 
3 1646 116 1336 0 
3 80 1671 1567 0 
3 1652 845 375 0 
3 1032 1610 1517 0 
3 24 1617 1796 0 
3 1461 685 835 0 
3 446 786 403 0 
3 691 1461 835 0 
3 1725 857 1465 0 
3 1522 1588 1041 0 
3 249 264 1624 0 
3 780 1461 691 0 
3 780 691 675 0 
3 531 1675 1369 0 
3 968 973 977 0 
3 663 1883 662 0 
3 1657 570 564 0 
3 656 1080 671 0 
3 968 977 962 0 
3 1677 86 494 0 
3 479 1681 1767 0 
3 571 1362 1677 0 
3 1703 264 249 0 
3 1682 393 1681 0 
3 1682 479 480 0 
3 1362 86 1677 0 
3 554 1685 279 0 
3 1686 656 901 0 
3 1411 648 632 0 
3 968 759 1651 0 
3 929 1575 1854 0 
3 1683 890 1505 0 
3 1664 1094 1585 0 
3 1685 554 1128 0 
3 1167 1895 1166 0 
3 304 283 1593 0 
3 423 1286 662 0 
3 524 1597 1337 0 
3 524 465 1646 0 
3 777 1372 808 0 
3 913 1476 700 0 
3 754 759 962 0 
3 937 1456 942 0 
3 1459 1691 865 0 
3 1459 846 1691 0 
3 1689 1691 846 0 
3 1461 780 592 0 
3 1727 989 1698 0 
3 964 1608 1583 0 
3 1683 1070 1737 0 
3 1635 1039 1306 0 
3 901 656 671 0 
3 1097 1637 1699 0 
3 271 1325 283 0 
3 1445 1082 1590 0 
3 1691 1705 874 0 
3 1466 828 1469 0 
3 873 1391 828 0 
3 1634 898 1845 0 
3 1699 1637 606 0 
3 1634 1845 1690 0 
3 43 1204 1703 0 
3 885 1690 1738 0 
3 1692 249 1594 0 
3 1447 845 1652 0 
3 1749 1669 1313 0 
3 342 380 1715 0 
3 248 249 270 0 
3 117 107 76 0 
3 193 1679 1215 0 
3 193 1215 1207 0 
3 40 1867 256 0 
3 1693 1703 1204 0 
3 1703 1693 264 0 
3 386 1694 241 0 
3 709 415 1383 0 
3 817 1712 803 0 
3 1711 943 1453 0 
3 780 1695 592 0 
3 1696 885 884 0 
3 1689 1696 1705 0 
3 376 607 1710 0 
3 96 117 76 0 
3 415 683 1383 0 
3 212 1695 672 0 
3 817 1687 1712 0 
3 1696 875 885 0 
3 1467 1746 1663 0 
3 991 997 996 0 
3 1445 1285 1082 0 
3 989 1727 976 0 
3 40 1237 1867 0 
3 1386 415 408 0 
3 1693 275 264 0 
3 290 1702 304 0 
3 101 591 560 0 
3 64 283 1693 0 
3 632 648 1434 0 
3 825 1728 899 0 
3 1727 1698 1489 0 
3 884 885 1738 0 
3 134 121 117 0 
3 808 853 833 0 
3 43 1692 1818 0 
3 1704 1133 1723 0 
3 1705 1696 884 0 
3 885 875 1634 0 
3 829 798 833 0 
3 1238 1701 1625 0 
3 23 1706 19 0 
3 100 1231 1230 0 
3 1708 1231 1234 0 
3 1692 1594 224 0 
3 1886 1709 836 0 
3 294 1193 1262 0 
3 1307 1710 1787 0 
3 1710 1307 762 0 
3 1195 1598 1719 0 
3 830 899 1728 0 
3 1458 1711 948 0 
3 885 1634 1690 0 
3 1039 1635 1037 0 
3 591 101 114 0 
3 131 124 1275 0 
3 1700 1548 184 0 
3 1604 938 935 0 
3 1702 1722 1624 0 
3 342 1715 1739 0 
3 511 1329 1380 0 
3 830 1728 1441 0 
3 1687 672 1695 0 
3 1467 925 1453 0 
3 1206 131 1275 0 
3 825 899 896 0 
3 1170 1384 678 0 
3 279 114 101 0 
3 1713 1885 120 0 
3 121 1713 120 0 
3 1794 1714 1205 0 
3 1715 379 1739 0 
3 1716 319 303 0 
3 1310 1717 413 0 
3 830 756 1432 0 
3 1726 723 370 0 
3 921 1573 1663 0 
3 1773 333 1808 0 
3 1035 1490 1031 0 
3 160 316 1361 0 
3 1835 820 1880 0 
3 1759 1791 1723 0 
3 808 796 777 0 
3 899 830 1432 0 
3 1463 1466 837 0 
3 1650 1095 1100 0 
3 1507 1699 1098 0 
3 1880 1163 1164 0 
3 939 1462 1460 0 
3 554 279 101 0 
3 131 1207 69 0 
3 714 1507 1098 0 
3 384 1011 1021 0 
3 160 1361 603 0 
3 1697 205 1095 0 
3 1069 205 1697 0 
3 253 316 160 0 
3 921 696 701 0 
3 1726 804 1631 0 
3 1431 410 674 0 
3 927 1738 1464 0 
3 32 253 160 0 
3 421 1824 1731 0 
3 1289 1791 1759 0 
3 1726 1631 395 0 
3 1431 141 1602 0 
3 410 1431 1602 0 
3 748 1806 1314 0 
3 857 1725 1348 0 
3 1460 1745 927 0 
3 395 684 1726 0 
3 1499 1607 1582 0 
3 921 701 930 0 
3 1737 1070 1507 0 
3 873 828 1463 0 
3 1727 985 1502 0 
3 1713 147 162 0 
3 1722 1702 298 0 
3 1728 1820 1441 0 
3 723 815 370 0 
3 312 300 1739 0 
3 312 1739 379 0 
3 1725 1406 618 0 
3 575 1744 52 0 
3 1729 147 1713 0 
3 1741 172 178 0 
3 1283 1736 1832 0 
3 1733 723 684 0 
3 1403 1733 1753 0 
3 1733 1403 723 0 
3 884 1734 1780 0 
3 908 1734 926 0 
3 1085 693 1079 0 
3 1239 1735 258 0 
3 1257 1627 1824 0 
3 574 1736 1287 0 
3 572 1736 574 0 
3 1663 1407 921 0 
3 1398 1732 1348 0 
3 1743 1683 1737 0 
3 610 557 135 0 
3 1760 1743 1540 0 
3 1053 1416 1506 0 
3 1701 1238 1592 0 
3 1738 1734 884 0 
3 1741 178 1700 0 
3 1430 1431 818 0 
3 1348 902 857 0 
3 610 135 118 0 
3 1650 1100 1527 0 
3 575 42 1744 0 
3 1118 702 1107 0 
3 1740 1196 181 0 
3 1196 1740 1766 0 
3 1678 1625 1701 0 
3 171 1741 183 0 
3 251 1245 307 0 
3 141 1742 524 0 
3 172 1741 171 0 
3 1107 1108 1118 0 
3 1273 1213 57 0 
3 1741 184 183 0 
3 251 307 258 0 
3 536 631 622 0 
3 916 1858 1453 0 
3 1465 857 1148 0 
3 1467 1663 925 0 
3 1140 1707 363 0 
3 1806 879 1314 0 
3 1832 1366 589 0 
3 1748 1633 1403 0 
3 1744 1223 52 0 
3 441 957 103 0 
3 1743 1737 1540 0 
3 1357 1744 42 0 
3 1006 994 1001 0 
3 1747 321 1678 0 
3 857 902 843 0 
3 1707 1140 1293 0 
3 1148 857 843 0 
3 1272 1271 1503 0 
3 1079 1746 1072 0 
3 1899 1885 1889 0 
3 57 1217 1210 0 
3 1355 610 1879 0 
3 689 1761 909 0 
3 441 1761 689 0 
3 1746 1079 1407 0 
3 1746 1688 1072 0 
3 1745 1462 949 0 
3 672 1748 778 0 
3 1687 1790 672 0 
3 1707 425 363 0 
3 994 996 1001 0 
3 1749 1313 1310 0 
3 1750 826 1478 0 
3 1688 1858 906 0 
3 1750 204 1707 0 
3 1293 1750 1707 0 
3 715 731 704 0 
3 1747 164 218 0 
3 1467 1858 1688 0 
3 193 1207 1765 0 
3 1794 148 1214 0 
3 1748 1403 1753 0 
3 934 203 173 0 
3 1355 1752 1354 0 
3 704 633 715 0 
3 704 1754 1792 0 
3 1205 148 1794 0 
3 741 872 1755 0 
3 1757 1743 728 0 
3 1116 1151 1571 0 
3 1269 1308 313 0 
3 512 75 519 0 
3 918 529 934 0 
3 398 636 673 0 
3 140 1655 523 0 
3 664 398 673 0 
3 731 1754 704 0 
3 1754 731 1833 0 
3 430 432 1758 0 
3 741 1755 686 0 
3 520 75 512 0 
3 127 500 140 0 
3 500 127 461 0 
3 338 398 166 0 
3 702 890 1823 0 
3 965 824 823 0 
3 909 918 544 0 
3 1262 1193 1218 0 
3 1758 432 424 0 
3 735 1760 1540 0 
3 127 1840 461 0 
3 14 1262 4 0 
3 1151 1759 1571 0 
3 1133 1759 1723 0 
3 1761 918 909 0 
3 1750 1156 826 0 
3 1054 1053 1519 0 
3 1054 1385 1053 0 
3 1364 1762 606 0 
3 1762 1566 1098 0 
3 1098 606 1762 0 
3 1736 1366 1832 0 
3 1566 1762 585 0 
3 1293 1156 1750 0 
3 714 1566 586 0 
3 562 556 547 0 
3 1562 31 556 0 
3 562 1562 556 0 
3 77 1808 1598 0 
3 1808 77 1628 0 
3 1773 1808 1628 0 
3 585 1849 1566 0 
3 662 1197 1838 0 
3 469 1833 1827 0 
3 162 147 1740 0 
3 1892 42 1562 0 
3 699 617 579 0 
3 562 1892 1562 0 
3 619 699 579 0 
3 1540 1737 714 0 
3 163 189 1878 0 
3 47 1878 1224 0 
3 1849 586 1566 0 
3 1402 221 220 0 
3 4 1599 6 0 
3 1565 445 1134 0 
3 265 231 230 0 
3 1889 162 1740 0 
3 298 290 323 0 
3 956 1764 1836 0 
3 1764 956 1417 0 
3 796 995 1003 0 
3 1283 673 1287 0 
3 1764 1417 1394 0 
3 1640 1523 1613 0 
3 19 16 26 0 
3 19 26 25 0 
3 1035 1488 1490 0 
3 1013 1016 1020 0 
3 70 1175 1270 0 
3 70 1270 196 0 
3 859 1324 668 0 
3 8 1371 760 0 
3 1519 1053 1499 0 
3 6 1599 1564 0 
3 525 1324 859 0 
3 8 760 598 0 
3 1227 445 1565 0 
3 1492 1519 1499 0 
3 237 231 265 0 
3 102 247 420 0 
3 595 1089 356 0 
3 1013 1888 1016 0 
3 1089 1111 356 0 
3 1640 1589 1590 0 
3 420 247 278 0 
3 1333 504 464 0 
3 1543 391 390 0 
3 1714 1765 1202 0 
3 793 1767 391 0 
3 1694 380 165 0 
3 1543 390 371 0 
3 341 1768 436 0 
3 306 1769 243 0 
3 30 1770 152 0 
3 1772 1592 1238 0 
3 152 1770 457 0 
3 1333 464 509 0 
3 1774 1351 1352 0 
3 622 1775 535 0 
3 1776 712 708 0 
3 483 566 1812 0 
3 724 1777 718 0 
3 713 1757 728 0 
3 490 1778 795 0 
3 1779 727 1425 0 
3 697 825 896 0 
3 894 1672 889 0 
3 1447 869 1829 0 
3 897 1780 908 0 
3 961 697 896 0 
3 866 894 889 0 
3 1168 1782 1167 0 
3 1174 1770 30 0 
3 167 1163 1821 0 
3 1766 1714 1202 0 
3 892 1155 895 0 
3 324 1825 1265 0 
3 324 1318 347 0 
3 1169 1770 485 0 
3 468 1771 115 0 
3 449 468 115 0 
3 1774 1500 1030 0 
3 628 1783 497 0 
3 1784 1534 988 0 
3 1783 1405 497 0 
3 1442 1785 72 0 
3 1435 1786 174 0 
3 1456 954 961 0 
3 1786 1457 174 0 
3 985 1489 999 0 
3 796 1781 995 0 
3 1523 1788 1518 0 
3 1526 1524 1092 0 
3 1789 1529 1024 0 
3 1553 1653 56 0 
3 785 1292 1381 0 
3 1448 1604 935 0 
3 1464 1690 1575 0 
3 1768 1246 436 0 
3 1605 1479 1102 0 
3 1650 1076 1095 0 
3 1788 1611 1518 0 
3 1637 1898 606 0 
3 1898 1364 606 0 
3 1666 1789 1517 0 
3 1445 1590 1074 0 
3 1666 1517 1514 0 
3 817 765 1687 0 
3 1787 1687 765 0 
3 948 1711 925 0 
3 1573 948 925 0 
3 1680 1448 935 0 
3 1712 1687 1695 0 
3 1791 1289 1720 0 
3 1592 1248 71 0 
3 1701 1592 192 0 
3 1780 1734 908 0 
3 1196 1766 198 0 
3 1790 1748 672 0 
3 26 16 24 0 
3 146 104 150 0 
3 220 1793 1187 0 
3 1714 1794 193 0 
3 97 1795 84 0 
3 26 24 1871 0 
3 1240 1797 251 0 
3 296 1797 1240 0 
3 1797 288 1245 0 
3 1797 296 287 0 
3 225 1594 248 0 
3 1798 1333 509 0 
3 224 1594 219 0 
3 1674 371 1684 0 
3 1799 175 1677 0 
3 451 1800 493 0 
3 1799 452 175 0 
3 586 1801 735 0 
3 589 483 1832 0 
3 775 1803 1414 0 
3 1440 878 877 0 
3 1805 878 1440 0 
3 869 865 874 0 
3 877 1806 1437 0 
3 1527 1807 1650 0 
3 792 1806 748 0 
3 1718 21 1290 0 
3 1099 1526 1126 0 
3 1824 421 426 0 
3 51 1248 1592 0 
3 1719 1808 333 0 
3 299 1318 324 0 
3 1522 1125 581 0 
3 483 1283 1832 0 
3 684 395 819 0 
3 794 775 685 0 
3 1000 1395 1495 0 
3 1099 1081 1526 0 
3 1534 1810 992 0 
3 545 1326 475 0 
3 713 1809 1660 0 
3 1807 1102 1479 0 
3 1811 1612 1781 0 
3 1793 1617 1187 0 
3 993 1811 1781 0 
3 1794 1679 193 0 
3 1807 1606 1650 0 
3 1806 877 879 0 
3 1772 1238 1773 0 
3 1440 877 867 0 
3 1772 51 1592 0 
3 1853 1661 1815 0 
3 664 1812 1870 0 
3 1813 186 179 0 
3 1819 1318 1257 0 
3 488 502 514 0 
3 496 503 508 0 
3 739 737 743 0 
3 947 1815 1847 0 
3 897 908 1448 0 
3 351 1816 841 0 
3 353 1817 354 0 
3 324 1265 1668 0 
3 1818 1290 21 0 
3 1819 347 1318 0 
3 1819 378 1830 0 
3 1335 498 451 0 
3 1339 1335 451 0 
3 1647 488 514 0 
3 1223 1744 1839 0 
3 1223 1839 1370 0 
3 1820 1876 1450 0 
3 1675 1610 1676 0 
3 1081 1524 1526 0 
3 1818 1692 224 0 
3 1163 1184 1821 0 
3 43 1818 21 0 
3 599 709 698 0 
3 1792 1754 1870 0 
3 1190 1821 1189 0 
3 1812 566 1792 0 
3 1821 470 1189 0 
3 62 85 67 0 
3 469 1869 854 0 
3 998 1822 978 0 
3 1757 1823 890 0 
3 1824 1627 1731 0 
3 1246 1825 436 0 
3 1617 1793 1237 0 
3 1283 483 1812 0 
3 436 1825 429 0 
3 347 1825 324 0 
3 1330 1335 468 0 
3 1590 1092 1524 0 
3 893 1454 1780 0 
3 978 1822 1811 0 
3 1822 1007 1612 0 
3 704 1792 633 0 
3 73 52 1223 0 
3 1825 1246 1265 0 
3 1617 1237 40 0 
3 893 1780 897 0 
3 1283 1812 673 0 
3 1330 468 449 0 
3 698 709 1383 0 
3 728 1743 1760 0 
3 457 1826 757 0 
3 1338 757 1826 0 
3 1343 1647 1340 0 
3 1891 749 949 0 
3 803 800 817 0 
3 772 675 1891 0 
3 812 1724 1897 0 
3 779 1447 1829 0 
3 347 1830 429 0 
3 1830 1315 429 0 
3 516 515 1547 0 
3 1287 1736 1283 0 
3 1838 1833 469 0 
3 1414 812 1897 0 
3 1829 869 893 0 
3 1223 1563 73 0 
3 897 1829 893 0 
3 820 1835 799 0 
3 1580 791 1844 0 
3 1347 508 488 0 
3 922 923 944 0 
3 1877 1837 1875 0 
3 1837 1629 764 0 
3 811 779 1829 0 
3 1833 1838 1197 0 
3 1744 1357 1839 0 
3 584 1839 1357 0 
3 1839 584 1370 0 
3 354 1805 1440 0 
3 897 811 1829 0 
3 1343 1347 488 0 
3 1844 800 803 0 
3 1843 294 247 0 
3 805 960 738 0 
3 1846 781 1778 0 
3 238 805 738 0 
3 1580 772 1891 0 
3 772 1580 1844 0 
3 1841 1465 1148 0 
3 1842 1399 1475 0 
3 1843 336 1259 0 
3 1340 1344 1343 0 
3 1841 1423 1465 0 
3 1817 1828 354 0 
3 1193 1843 1259 0 
3 903 922 1854 0 
3 1853 1815 695 0 
3 1844 791 1836 0 
3 1845 898 903 0 
3 1124 1103 1673 0 
3 474 1846 1344 0 
3 1850 690 915 0 
3 1846 768 781 0 
3 1847 1815 1661 0 
3 836 844 1443 0 
3 1644 1340 144 0 
3 1630 1847 1379 0 
3 947 1847 1630 0 
3 1848 93 1319 0 
3 1849 1763 545 0 
3 710 1850 730 0 
3 929 950 940 0 
3 1866 946 937 0 
3 1103 1665 1510 0 
3 1850 945 730 0 
3 945 1850 936 0 
3 690 688 915 0 
3 1381 1852 708 0 
3 200 192 71 0 
3 317 322 99 0 
3 1669 1162 1313 0 
3 1853 1451 771 0 
3 916 1453 943 0 
3 1664 1186 1104 0 
3 1845 1854 1575 0 
3 1854 1845 903 0 
3 1702 1624 264 0 
3 545 475 1801 0 
3 1854 922 1578 0 
3 1855 881 1860 0 
3 1706 1851 1860 0 
3 1851 23 38 0 
3 1851 38 18 0 
3 1890 200 170 0 
3 266 1856 62 0 
3 1856 90 85 0 
3 1274 1624 1722 0 
3 179 1890 1350 0 
3 670 688 690 0 
3 1857 1711 1458 0 
3 1160 471 1717 0 
3 1858 1439 906 0 
3 1859 1027 1481 0 
3 261 1873 1252 0 
3 270 249 1624 0 
3 1858 916 1439 0 
3 90 1856 317 0 
3 1387 670 690 0 
3 1350 1890 113 0 
3 1855 1860 1851 0 
3 1236 1860 881 0 
3 1706 1860 1236 0 
3 459 1861 1160 0 
3 1863 1871 1796 0 
3 267 1873 1867 0 
3 248 267 257 0 
3 1195 1864 1561 0 
3 565 1235 172 0 
3 543 565 172 0 
3 1862 559 1191 0 
3 1864 93 1561 0 
3 330 269 277 0 
3 659 1865 670 0 
3 1866 1444 1439 0 
3 1792 566 633 0 
3 1867 1873 256 0 
3 1315 1312 250 0 
3 330 250 1312 0 
3 255 1868 256 0 
3 256 1868 40 0 
3 1869 1827 1408 0 
3 1027 1893 1010 0 
3 499 1568 668 0 
3 1197 1883 1870 0 
3 1870 1812 1792 0 
3 1870 1754 1197 0 
3 1871 24 1796 0 
3 229 1253 1255 0 
3 261 266 255 0 
3 576 1872 1874 0 
3 170 1226 54 0 
3 277 341 330 0 
3 803 1712 772 0 
3 256 261 255 0 
3 1872 854 1869 0 
3 1872 1869 1438 0 
3 229 1250 307 0 
3 267 289 1873 0 
3 1761 1874 918 0 
3 1874 1872 529 0 
3 297 277 343 0 
3 1248 163 47 0 
3 46 1620 1619 0 
3 1873 289 1252 0 
3 1873 261 256 0 
3 576 1874 1761 0 
3 1292 1875 764 0 
3 1500 1468 1030 0 
3 1875 1292 1835 0 
3 1500 1641 1468 0 
3 1875 1837 764 0 
3 1880 1164 1877 0 
3 609 1229 1600 0 
3 1880 820 814 0 
3 1477 1450 1876 0 
3 1484 1500 1271 0 
3 1817 1516 1882 0 
3 1163 1880 814 0 
3 1484 1641 1500 0 
3 1814 1255 315 0 
3 1814 315 1798 0 
3 1248 47 1226 0 
3 305 1814 213 0 
3 1876 1820 1896 0 
3 871 1896 1435 0 
3 1835 1877 1875 0 
3 57 1213 1219 0 
3 163 1878 47 0 
3 354 1828 1805 0 
3 1837 1877 1642 0 
3 1877 1164 1642 0 
3 229 305 1250 0 
3 1247 353 354 0 
3 1355 1648 1600 0 
3 1879 1349 1648 0 
3 1835 1880 1877 0 
3 1712 675 772 0 
3 1355 1600 1752 0 
3 1881 1481 1516 0 
3 1208 1881 353 0 
3 1027 1010 1516 0 
3 1881 1516 1817 0 
3 1197 1754 1833 0 
3 1884 1888 1013 0 
3 1884 1882 1888 0 
3 1882 1516 1010 0 
3 1213 31 1219 0 
3 71 192 1592 0 
3 663 664 1883 0 
3 1883 1197 662 0 
3 1709 1886 1884 0 
3 1884 997 1709 0 
3 1884 1013 997 0 
3 1883 664 1870 0 
3 1751 1887 1016 0 
3 1039 1887 1718 0 
3 542 1892 562 0 
3 1886 836 1828 0 
3 200 71 1226 0 
3 1817 1886 1828 0 
3 1886 1817 1882 0 
3 1862 1885 1899 0 
3 1562 42 569 0 
3 1887 1893 1718 0 
3 1010 1751 1888 0 
3 1016 1888 1751 0 
3 1888 1882 1010 0 
3 1023 1614 1894 0 
3 1494 1894 1272 0 
3 1614 1582 1484 0 
3 1894 1271 1272 0 
3 1889 1885 162 0 
3 749 1891 675 0 
3 1893 1887 1751 0 
3 1271 1894 1484 0 
3 18 1892 542 0 
3 1027 1831 1893 0 
3 1893 1831 1718 0 
3 1191 559 1365 0 
3 1364 1191 1365 0 
3 399 692 1314 0 
3 132 466 189 0 
3 1840 132 189 0 
3 609 1600 1370 0 
3 1894 1614 1484 0 
3 1895 515 1166 0 
3 444 816 750 0 
3 605 604 585 0 
3 605 585 1365 0 
3 1188 1895 1167 0 
3 1895 1188 132 0 
3 1414 1803 768 0 
3 1414 768 812 0 
3 1477 1876 871 0 
3 1894 1494 1496 0 
3 1023 1894 1496 0 
3 95 1862 1191 0 
3 1492 1614 1023 0 
3 1497 994 1495 0 
3 962 802 784 0 
3 95 1077 1485 0 
3 153 176 605 0 
3 153 605 559 0 
3 1804 1414 1897 0 
3 1037 1635 1036 0 
3 1016 1037 1036 0 
3 1577 1896 1820 0 
3 1896 1577 1786 0 
3 1896 1786 1435 0 
3 105 95 1485 0 
3 754 962 784 0 
3 1499 1614 1492 0 
3 1255 123 315 0 
3 153 1899 181 0 
3 280 1897 1724 0 
3 1887 1039 1037 0 
3 1016 1887 1037 0 
3 1898 95 1191 0 
3 1804 1897 746 0 
3 1530 345 987 0 
3 1495 990 1378 0 
3 1560 635 1599 0 
3 1115 1605 1102 0 
3 1893 1751 1010 0 
3 1497 1495 1378 0 
3 1253 123 1255 0 
3 1899 1889 181 0 
3 1400 1897 280 0 
3 346 345 1530 0 
3 294 237 265 0 
3 247 294 265 0 
3 1042 1421 1059 0 
3 720 658 643 0 
3 1395 990 1495 0 
3 525 635 1560 0 
3 1802 720 643 0 
//+
Surface Loop(1) = {1};
//+
Volume(1) = {1};
//+
Surface Loop(1) = {1};
//+
Volume(1) = {1};
