####
#
# OBJ File Generated by Meshlab
#
####
# Object longskirt_7374.obj
#
# Vertices: 7374
# Faces: 14512
#
####
vn 0.995482 0.047808 -0.082037
v 0.304763 -0.812561 -0.023199
vn 0.985110 0.043402 -0.166357
v 0.301313 -0.812563 -0.051189
vn 0.975862 0.020619 -0.217414
v 0.298343 -0.812561 -0.065292
vn 0.950974 0.023189 -0.308401
v 0.290918 -0.812561 -0.092809
vn 0.926386 0.012830 -0.376358
v 0.282712 -0.812561 -0.115051
vn 0.892868 0.012103 -0.450157
v 0.272787 -0.812561 -0.136579
vn 0.855043 0.013071 -0.518393
v 0.261204 -0.812561 -0.157264
vn 0.810362 0.004947 -0.585908
v 0.248033 -0.812561 -0.176975
vn 0.761636 0.003930 -0.647993
v 0.233356 -0.812561 -0.195592
vn 0.708465 0.003970 -0.705735
v 0.217264 -0.812561 -0.213000
vn 0.650912 0.003869 -0.759143
v 0.199856 -0.812561 -0.229093
vn 0.589348 0.003896 -0.807870
v 0.181238 -0.812561 -0.243769
vn 0.524161 0.004018 -0.851610
v 0.161527 -0.812561 -0.256940
vn 0.455688 0.004132 -0.890130
v 0.140844 -0.812561 -0.268524
vn 0.384446 0.004058 -0.923139
v 0.119315 -0.812561 -0.278448
vn 0.310795 0.004091 -0.950468
v 0.097073 -0.812561 -0.286654
vn 0.235288 0.004143 -0.971917
v 0.074257 -0.812561 -0.293089
vn 0.158311 0.004117 -0.987381
v 0.051006 -0.812561 -0.297714
vn 0.080376 0.004143 -0.996756
v 0.027463 -0.812561 -0.300500
vn 0.001853 0.004234 -0.999989
v 0.003775 -0.812561 -0.301431
vn -0.076587 0.004172 -0.997054
v -0.019913 -0.812561 -0.300500
vn -0.154521 0.004150 -0.987981
v -0.043456 -0.812561 -0.297714
vn -0.231580 0.004036 -0.972808
v -0.066707 -0.812561 -0.293089
vn -0.307202 0.003993 -0.951636
v -0.089523 -0.812561 -0.286654
vn -0.380945 0.004106 -0.924589
v -0.111765 -0.812561 -0.278448
vn -0.452364 0.004379 -0.891822
v -0.133294 -0.812561 -0.268524
vn -0.520803 0.004334 -0.853666
v -0.153977 -0.812561 -0.256940
vn -0.586188 0.004031 -0.810165
v -0.173688 -0.812561 -0.243769
vn -0.647992 0.003996 -0.761636
v -0.192306 -0.812561 -0.229093
vn -0.705753 0.003913 -0.708447
v -0.209714 -0.812561 -0.213000
vn -0.759155 0.003930 -0.650898
v -0.225806 -0.812561 -0.195592
vn -0.807892 0.004038 -0.589317
v -0.240484 -0.812561 -0.176975
vn -0.851657 0.004005 -0.524084
v -0.253654 -0.812561 -0.157264
vn -0.890110 0.003938 -0.455729
v -0.265237 -0.812561 -0.136579
vn -0.923142 0.003903 -0.384439
v -0.275162 -0.812561 -0.115051
vn -0.950475 0.004022 -0.310776
v -0.283368 -0.812561 -0.092810
vn -0.971928 0.004375 -0.235238
v -0.289803 -0.812561 -0.069993
vn -0.987431 0.005663 -0.157948
v -0.294428 -0.812561 -0.046741
vn -0.996920 0.018509 -0.076209
v -0.297214 -0.812561 -0.023199
vn -0.998802 0.048550 0.006113
v -0.298183 -0.812561 0.001171
vn -0.995983 0.051401 0.073325
v -0.297214 -0.812561 0.024178
vn -0.987221 0.045072 0.152850
v -0.294428 -0.812561 0.047720
vn -0.972582 0.032163 0.230324
v -0.289803 -0.812561 0.070970
vn -0.951443 0.030683 0.306292
v -0.283368 -0.812561 0.093787
vn -0.924455 0.030887 0.380038
v -0.275162 -0.812561 0.116029
vn -0.891724 0.030890 0.451525
v -0.265237 -0.812561 0.137557
vn -0.853650 0.031496 0.519894
v -0.253654 -0.812561 0.158242
vn -0.810122 0.031194 0.585431
v -0.240484 -0.812561 0.177952
vn -0.761614 0.031487 0.647265
v -0.225807 -0.812561 0.196570
vn -0.708515 0.032426 0.704951
v -0.209714 -0.812561 0.213979
vn -0.650977 0.033325 0.758366
v -0.192307 -0.812561 0.230071
vn -0.589599 0.033515 0.807001
v -0.173689 -0.812561 0.244747
vn -0.523706 0.035379 0.851164
v -0.153978 -0.812561 0.257917
vn -0.458173 0.040762 0.887928
v -0.133294 -0.812561 0.269501
vn -0.384770 0.030196 0.922518
v -0.111765 -0.812561 0.279427
vn -0.310654 0.031922 0.949987
v -0.089523 -0.812561 0.287632
vn -0.235034 0.042626 0.971052
v -0.066707 -0.812561 0.294066
vn -0.159044 0.030062 0.986814
v -0.043456 -0.812561 0.298691
vn -0.080884 0.030515 0.996256
v -0.019913 -0.812561 0.301478
vn -0.002812 0.032240 0.999476
v 0.003775 -0.812561 0.302409
vn 0.075990 0.030714 0.996635
v 0.027463 -0.812561 0.301478
vn 0.154042 0.032884 0.987517
v 0.051006 -0.812561 0.298691
vn 0.231240 0.035243 0.972258
v 0.074257 -0.812561 0.294066
vn 0.308888 0.042076 0.950167
v 0.097073 -0.812561 0.287632
vn 0.378074 0.032278 0.925212
v 0.119315 -0.812561 0.279427
vn 0.451608 0.034038 0.891567
v 0.140844 -0.812561 0.269501
vn 0.519833 0.034867 0.853556
v 0.161528 -0.812561 0.257918
vn 0.587922 0.042742 0.807788
v 0.181239 -0.812561 0.244748
vn 0.645380 0.033491 0.763127
v 0.199857 -0.812561 0.230071
vn 0.705314 0.033901 0.708084
v 0.217264 -0.812561 0.213979
vn 0.758395 0.041868 0.650449
v 0.233357 -0.812561 0.196570
vn 0.804475 0.042098 0.592493
v 0.248034 -0.812561 0.177952
vn 0.850828 0.029579 0.524611
v 0.261204 -0.812561 0.158242
vn 0.889441 0.030517 0.456030
v 0.272787 -0.812561 0.137558
vn 0.923080 0.038015 0.382725
v 0.282712 -0.812561 0.116029
vn 0.948607 0.040379 0.313869
v 0.290918 -0.812561 0.093787
vn 0.971302 0.032856 0.235568
v 0.297353 -0.812561 0.070970
vn 0.986541 0.036082 0.159486
v 0.301978 -0.812561 0.047720
vn 0.996182 0.033421 0.080649
v 0.304764 -0.812561 0.024178
vn 0.999290 0.037628 0.001749
v 0.305695 -0.812561 0.000489
vn -0.996787 0.075577 0.026512
v -0.296829 -0.788140 0.005138
vn -0.979695 0.102206 0.172487
v -0.292223 -0.785730 0.050617
vn -0.941419 0.112734 0.317838
v -0.280630 -0.783933 0.096173
vn -0.890428 0.082208 0.447639
v -0.265269 -0.793441 0.135380
vn -0.570116 0.129271 0.811330
v -0.169552 -0.779567 0.244666
vn -0.451438 0.104848 0.886121
v -0.130947 -0.785153 0.268785
vn -0.372773 0.110807 0.921283
v -0.108846 -0.784025 0.278724
vn -0.298815 0.108777 0.948091
v -0.086601 -0.784076 0.286703
vn -0.143983 0.116360 0.982715
v -0.040269 -0.783342 0.297262
vn -0.062454 0.123517 0.990375
v -0.016514 -0.781739 0.299596
vn 0.089744 0.124146 0.988197
v 0.029333 -0.782364 0.299229
vn 0.445388 0.095967 0.890179
v 0.137841 -0.789486 0.269493
vn 0.650579 0.121360 0.749679
v 0.199607 -0.782160 0.227559
vn 0.962213 0.132504 0.237885
v 0.294347 -0.779971 0.073132
vn 0.991389 0.118209 0.056344
v 0.302953 -0.782195 0.019954
vn 0.924994 0.104764 -0.365253
v 0.282819 -0.775409 -0.110537
vn 0.887766 0.103928 -0.448408
v 0.271716 -0.775499 -0.135250
vn 0.848418 0.108404 -0.518107
v 0.260033 -0.774906 -0.156083
vn 0.804903 0.109865 -0.583148
v 0.246884 -0.774793 -0.175781
vn 0.756221 0.108594 -0.645243
v 0.232304 -0.774932 -0.194341
vn 0.692338 0.098968 -0.714754
v 0.213595 -0.778434 -0.214741
vn 0.661224 0.119030 -0.740686
v 0.203502 -0.774251 -0.223512
vn 0.592634 0.114818 -0.797246
v 0.181789 -0.773701 -0.241159
vn 0.522532 0.113403 -0.845044
v 0.161507 -0.773894 -0.254899
vn 0.453339 0.111334 -0.884358
v 0.140621 -0.774227 -0.266722
vn 0.381893 0.110557 -0.917570
v 0.119117 -0.774425 -0.276713
vn 0.308523 0.110366 -0.944793
v 0.096986 -0.774452 -0.284921
vn 0.233356 0.110854 -0.966052
v 0.074291 -0.774364 -0.291346
vn 0.156497 0.111681 -0.981344
v 0.051204 -0.774267 -0.295969
vn 0.079610 0.112126 -0.990500
v 0.027789 -0.774265 -0.298774
vn -0.155224 0.116594 -0.980975
v -0.042565 -0.773946 -0.296073
vn -0.228616 0.117990 -0.966340
v -0.065424 -0.773786 -0.291571
vn -0.304169 0.114941 -0.945658
v -0.088336 -0.774203 -0.285242
vn -0.381113 0.113181 -0.917574
v -0.110669 -0.774401 -0.277075
vn -0.514459 0.116757 -0.849529
v -0.153478 -0.774068 -0.255173
vn -0.580882 0.112877 -0.806123
v -0.171912 -0.774537 -0.242997
vn -0.643090 0.109804 -0.757877
v -0.190523 -0.774733 -0.228464
vn -0.700889 0.109368 -0.704836
v -0.207963 -0.774747 -0.212438
vn -0.754239 0.109252 -0.647447
v -0.224059 -0.774703 -0.195110
vn -0.802765 0.109345 -0.586184
v -0.238727 -0.774670 -0.176593
vn -0.846348 0.109375 -0.521279
v -0.251889 -0.774668 -0.156993
vn -0.884645 0.109291 -0.453276
v -0.263473 -0.774691 -0.136422
vn -0.917659 0.109043 -0.382115
v -0.273410 -0.774738 -0.115006
vn -0.965959 0.121278 -0.228508
v -0.287667 -0.772426 -0.070343
vn -0.974979 0.149284 0.164712
v -0.290863 -0.771720 0.048098
vn -0.885440 0.141041 0.442835
v -0.263496 -0.774103 0.134090
vn -0.847960 0.139372 0.511409
v -0.252102 -0.774051 0.154803
vn -0.804893 0.139714 0.576739
v -0.239191 -0.774097 0.174432
vn -0.653291 0.147937 0.742513
v -0.192236 -0.771960 0.225581
vn -0.539656 0.132386 0.831412
v -0.159254 -0.779187 0.251586
vn -0.470088 0.135545 0.872150
v -0.136471 -0.775648 0.264589
vn -0.317323 0.142259 0.937586
v -0.092252 -0.774443 0.283533
vn -0.240271 0.145567 0.959729
v -0.069430 -0.774097 0.290226
vn -0.161790 0.152822 0.974920
v -0.045891 -0.773333 0.295015
vn -0.085125 0.155607 0.984144
v -0.022877 -0.772570 0.297827
vn 0.442227 0.137282 0.886334
v 0.136865 -0.775826 0.268227
vn 0.567647 0.141476 0.811025
v 0.175768 -0.774560 0.244808
vn 0.782664 0.142137 0.605998
v 0.241260 -0.775848 0.182287
vn 0.850814 0.118458 0.511940
v 0.260360 -0.783674 0.156105
vn 0.957770 0.169793 0.232048
v 0.293130 -0.767379 0.070017
vn 0.988612 0.145887 0.036923
v 0.301900 -0.772197 0.013637
vn 0.922727 0.148056 -0.355886
v 0.282185 -0.763369 -0.107795
vn 0.892840 0.140557 -0.427880
v 0.273187 -0.764953 -0.129269
vn 0.854353 0.139963 -0.500490
v 0.261906 -0.765149 -0.150533
vn 0.812620 0.145992 -0.564212
v 0.249259 -0.764587 -0.170153
vn 0.765351 0.140047 -0.628192
v 0.234955 -0.765246 -0.189257
vn 0.707354 0.135427 -0.693765
v 0.218889 -0.765199 -0.207266
vn 0.536679 0.145970 -0.831065
v 0.165866 -0.763697 -0.250543
vn 0.467962 0.143377 -0.872041
v 0.145094 -0.764225 -0.262912
vn 0.396673 0.142292 -0.906865
v 0.123835 -0.764564 -0.273318
vn 0.325026 0.142238 -0.934947
v 0.101989 -0.764646 -0.281906
vn 0.249768 0.142513 -0.957761
v 0.079488 -0.764541 -0.288734
vn 0.173213 0.144012 -0.974299
v 0.056523 -0.764372 -0.293764
vn 0.095961 0.148408 -0.984259
v 0.033324 -0.764392 -0.296969
vn 0.019161 0.143829 -0.989417
v 0.009839 -0.764440 -0.298401
vn -0.208431 0.154848 -0.965701
v -0.059512 -0.763281 -0.291404
vn -0.285255 0.155812 -0.945702
v -0.082778 -0.763307 -0.285414
vn -0.360284 0.148750 -0.920907
v -0.104704 -0.764385 -0.278053
vn -0.433830 0.152399 -0.888012
v -0.126284 -0.761815 -0.268162
vn -0.491588 0.136103 -0.860126
v -0.145467 -0.767634 -0.258909
vn -0.562012 0.151534 -0.813130
v -0.166448 -0.764011 -0.245144
vn -0.624097 0.143771 -0.768006
v -0.185112 -0.764886 -0.231318
vn -0.683951 0.142607 -0.715454
v -0.202831 -0.764963 -0.215698
vn -0.738943 0.139888 -0.659086
v -0.219285 -0.765096 -0.198711
vn -0.788582 0.139925 -0.598799
v -0.234269 -0.765047 -0.180527
vn -0.833220 0.139933 -0.534942
v -0.247763 -0.765036 -0.161250
vn -0.872732 0.139936 -0.467715
v -0.259708 -0.765059 -0.140966
vn -0.906765 0.139726 -0.397812
v -0.270032 -0.765127 -0.119801
vn -0.935624 0.138611 -0.324645
v -0.278395 -0.764987 -0.098509
vn -0.584147 0.162656 0.795183
v -0.174515 -0.767781 0.239025
vn -0.525452 0.163928 0.834882
v -0.153309 -0.766974 0.253161
vn -0.447259 0.173026 0.877509
v -0.130374 -0.764430 0.265821
vn -0.372467 0.173847 0.911617
v -0.108528 -0.764417 0.275787
vn -0.297727 0.173342 0.938782
v -0.086384 -0.764660 0.283853
vn -0.215110 0.180740 0.959719
v -0.062687 -0.763150 0.289994
vn 0.974860 0.147251 0.167226
v 0.297877 -0.772312 0.050822
vn 0.943779 0.156705 -0.291076
v 0.288448 -0.759452 -0.087797
vn 0.878051 0.173397 -0.446049
v 0.268803 -0.754752 -0.134534
vn 0.839910 0.170780 -0.515155
v 0.258052 -0.756318 -0.154312
vn 0.797824 0.177574 -0.576147
v 0.244271 -0.754174 -0.174310
vn 0.749201 0.171160 -0.639846
v 0.229955 -0.755630 -0.192934
vn 0.695524 0.168143 -0.698551
v 0.215069 -0.755591 -0.209051
vn 0.587003 0.179789 -0.789369
v 0.179848 -0.752771 -0.238608
vn 0.518213 0.177750 -0.836576
v 0.159755 -0.753473 -0.252468
vn 0.447868 0.174157 -0.876974
v 0.138743 -0.754305 -0.264469
vn 0.375308 0.176965 -0.909850
v 0.117798 -0.754090 -0.274088
vn 0.305408 0.172377 -0.936489
v 0.095917 -0.754828 -0.282335
vn 0.229749 0.175230 -0.957345
v 0.073220 -0.754267 -0.288632
vn 0.150692 0.178160 -0.972394
v 0.050072 -0.754160 -0.293181
vn -0.229211 0.182198 -0.956173
v -0.065232 -0.752038 -0.288122
vn -0.303183 0.182433 -0.935307
v -0.089294 -0.752857 -0.281439
vn -0.634042 0.177415 -0.752672
v -0.188243 -0.754705 -0.226612
vn -0.691685 0.176012 -0.700422
v -0.205886 -0.754646 -0.210450
vn -0.747485 0.170845 -0.641933
v -0.222053 -0.755394 -0.193286
vn -0.795814 0.170825 -0.580946
v -0.236610 -0.755340 -0.174885
vn -0.839055 0.170669 -0.516583
v -0.249666 -0.755344 -0.155426
vn -0.877475 0.172875 -0.447384
v -0.261188 -0.755252 -0.134884
vn -0.909727 0.170948 -0.378384
v -0.271048 -0.755444 -0.113643
vn -0.940003 0.163413 -0.299485
v -0.279519 -0.757049 -0.091418
vn -0.952494 0.185155 -0.241813
v -0.283174 -0.748332 -0.072620
vn -0.955890 0.199719 0.215377
v -0.284217 -0.753828 0.065381
vn -0.837603 0.202797 0.507243
v -0.248912 -0.754086 0.153249
vn -0.794712 0.201873 0.572433
v -0.236013 -0.754395 0.172903
vn -0.465195 0.202308 0.861780
v -0.135365 -0.753682 0.260847
vn -0.387996 0.204662 0.898651
v -0.113134 -0.753820 0.271601
vn -0.314473 0.200442 0.927863
v -0.091548 -0.754860 0.280148
vn -0.100191 0.189283 0.976798
v -0.026339 -0.760114 0.295290
vn 0.747145 0.176768 0.640724
v 0.229066 -0.763065 0.193893
vn 0.971726 0.179328 0.153592
v 0.297040 -0.762394 0.045698
vn 0.980982 0.182635 0.065716
v 0.299827 -0.761852 0.020458
vn 0.983817 0.179157 -0.002787
v 0.300336 -0.760825 -0.003526
vn 0.971883 0.203378 -0.118664
v 0.294026 -0.742364 -0.047345
vn 0.880960 0.201996 -0.427910
v 0.269393 -0.744289 -0.128756
vn 0.839897 0.201481 -0.503962
v 0.257986 -0.746426 -0.150763
vn 0.804130 0.205712 -0.557725
v 0.245886 -0.742703 -0.168065
vn 0.756276 0.201636 -0.622407
v 0.231905 -0.746793 -0.187935
vn 0.705663 0.200749 -0.679515
v 0.216865 -0.746057 -0.204589
vn 0.647623 0.178088 -0.740857
v 0.199683 -0.750650 -0.222166
vn 0.563998 0.205206 -0.799873
v 0.173568 -0.742261 -0.240646
vn 0.460956 0.204534 -0.863531
v 0.142624 -0.743774 -0.260120
vn 0.389173 0.203528 -0.898399
v 0.122423 -0.745171 -0.270233
vn 0.325175 0.203355 -0.923530
v 0.100849 -0.745680 -0.278809
vn 0.247665 0.205323 -0.946839
v 0.078713 -0.743795 -0.285129
vn 0.091819 0.203169 -0.974829
v 0.032722 -0.744674 -0.293458
vn 0.018622 0.210194 -0.977482
v 0.009160 -0.743443 -0.294560
vn -0.055585 0.205299 -0.977120
v -0.013469 -0.745758 -0.294640
vn -0.155593 0.178032 -0.971646
v -0.042068 -0.753294 -0.292884
vn -0.373209 0.180779 -0.909964
v -0.108899 -0.752072 -0.274134
vn -0.438081 0.183858 -0.879932
v -0.127865 -0.749676 -0.265057
vn -0.505066 0.175461 -0.845057
v -0.148815 -0.752487 -0.254150
vn -0.560039 0.203120 -0.803180
v -0.163960 -0.741456 -0.241821
vn -0.730555 0.198462 -0.653378
v -0.216722 -0.745715 -0.196537
vn -0.780367 0.198089 -0.593117
v -0.231623 -0.745594 -0.178434
vn -0.824669 0.197819 -0.529894
v -0.244975 -0.745619 -0.159367
vn -0.865182 0.198209 -0.460624
v -0.256849 -0.745526 -0.139132
vn -0.897305 0.201764 -0.392601
v -0.267088 -0.745027 -0.117784
vn -0.981155 0.188232 -0.043636
v -0.291676 -0.749297 -0.019246
vn -0.953806 0.226012 0.197923
v -0.282482 -0.741613 0.060602
vn -0.912197 0.223506 0.343426
v -0.270081 -0.742661 0.103848
vn -0.881912 0.216988 0.418507
v -0.260688 -0.743851 0.126563
vn -0.843802 0.221854 0.488650
v -0.249886 -0.743608 0.147112
vn -0.803525 0.221333 0.552593
v -0.237393 -0.743610 0.166868
vn -0.753840 0.216155 0.620486
v -0.223038 -0.744753 0.186373
vn -0.702186 0.213864 0.679115
v -0.207853 -0.746427 0.203980
vn -0.551788 0.216192 0.805476
v -0.162342 -0.746403 0.242529
vn -0.441185 0.224246 0.868947
v -0.128446 -0.742817 0.261801
vn -0.229426 0.208735 0.950681
v -0.066950 -0.750327 0.286339
vn -0.094470 0.217663 0.971441
v -0.024529 -0.745428 0.292410
vn 0.078107 0.212696 0.973992
v 0.027411 -0.747612 0.293385
vn 0.182567 0.211914 0.960084
v 0.058938 -0.746106 0.288713
vn 0.251627 0.212076 0.944303
v 0.078590 -0.746792 0.284399
vn 0.355660 0.203031 0.912296
v 0.112141 -0.752385 0.274649
vn 0.437685 0.208553 0.874607
v 0.133923 -0.750726 0.264586
vn 0.796960 0.200682 0.569721
v 0.244438 -0.754666 0.171635
vn 0.844829 0.203082 0.494996
v 0.257731 -0.752658 0.150387
vn 0.879346 0.185155 0.438711
v 0.268539 -0.759397 0.133094
vn 0.910552 0.200259 0.361652
v 0.277717 -0.752483 0.109498
vn 0.952919 0.212641 0.216168
v 0.289762 -0.744209 0.064215
vn 0.974649 0.205471 0.088550
v 0.297193 -0.751717 0.027674
vn 0.929085 0.217832 -0.298915
v 0.282937 -0.733959 -0.089197
vn 0.903032 0.217545 -0.370415
v 0.274776 -0.734393 -0.111582
vn 0.686539 0.221356 -0.692579
v 0.210609 -0.736190 -0.207936
vn 0.574995 0.224576 -0.786731
v 0.176839 -0.733094 -0.235806
vn 0.511728 0.222850 -0.829742
v 0.156533 -0.732053 -0.249113
vn 0.165714 0.206100 -0.964397
v 0.054877 -0.743523 -0.290235
vn 0.028335 0.226205 -0.973668
v 0.013232 -0.732839 -0.292045
vn -0.053416 0.221243 -0.973755
v -0.013351 -0.733188 -0.291835
vn -0.293075 0.203992 -0.934074
v -0.085032 -0.739395 -0.279991
vn -0.368468 0.210896 -0.905403
v -0.107239 -0.737798 -0.271715
vn -0.435880 0.212353 -0.874594
v -0.127259 -0.737333 -0.262568
vn -0.646009 0.224998 -0.729416
v -0.190605 -0.730619 -0.217821
vn -0.739418 0.219272 -0.636538
v -0.218983 -0.735781 -0.190775
vn -0.787860 0.219105 -0.575561
v -0.233413 -0.735714 -0.172537
vn -0.830695 0.218882 -0.511896
v -0.246292 -0.735849 -0.153402
vn -0.870838 0.218521 -0.440328
v -0.257779 -0.735395 -0.132707
vn -0.901872 0.223726 -0.369558
v -0.267482 -0.734761 -0.111190
vn -0.928547 0.219020 -0.299718
v -0.275941 -0.736875 -0.089480
vn -0.950073 0.215582 -0.225581
v -0.282209 -0.736995 -0.066970
vn -0.960567 0.228334 0.158668
v -0.284207 -0.739095 0.047916
vn -0.867020 0.239826 0.436761
v -0.255661 -0.733376 0.131369
vn -0.788569 0.236944 0.567465
v -0.231789 -0.733071 0.170555
vn -0.734039 0.234599 0.637299
v -0.216459 -0.734273 0.190389
vn -0.006856 0.230359 0.973082
v 0.003112 -0.735231 0.291483
vn 0.966339 0.231735 -0.111748
v 0.291461 -0.730621 -0.046931
vn 0.097253 0.220184 -0.970598
v 0.034015 -0.732180 -0.290561
vn -0.004308 0.224240 -0.974524
v 0.002178 -0.733011 -0.292226
vn -0.090768 0.231138 -0.968678
v -0.023454 -0.724156 -0.289019
vn -0.969175 0.238969 -0.059950
v -0.285616 -0.723364 -0.022632
vn -0.975225 0.215337 0.050649
v -0.288959 -0.736516 0.001880
vn -0.516473 0.235586 0.823259
v -0.149867 -0.731660 0.246573
vn -0.443219 0.250152 0.860802
v -0.127967 -0.722674 0.256491
vn -0.374700 0.241337 0.895185
v -0.108689 -0.730323 0.267546
vn -0.319810 0.243181 0.915743
v -0.089669 -0.715680 0.270895
vn -0.256744 0.241915 0.935713
v -0.072340 -0.725337 0.278769
vn 0.963663 0.245065 -0.106287
v 0.288482 -0.718230 -0.045594
vn 0.919918 0.249597 -0.302411
v 0.278013 -0.714732 -0.089065
vn 0.886516 0.252751 -0.387564
v 0.267927 -0.713808 -0.114680
vn 0.831781 0.233121 -0.503781
v 0.252602 -0.724494 -0.150142
vn 0.788348 0.236586 -0.567922
v 0.239248 -0.722034 -0.169310
vn 0.733250 0.237515 -0.637127
v 0.223382 -0.722538 -0.189495
vn 0.517257 0.236470 -0.822513
v 0.157380 -0.720171 -0.245308
vn 0.452406 0.237006 -0.859742
v 0.139053 -0.721370 -0.256190
vn 0.386206 0.238339 -0.891089
v 0.119286 -0.719650 -0.265199
vn 0.317510 0.237347 -0.918071
v 0.099776 -0.720491 -0.273017
vn 0.256790 0.241933 -0.935696
v 0.080088 -0.710485 -0.276516
vn -0.227701 0.245110 -0.942376
v -0.063808 -0.714208 -0.279821
vn -0.364407 0.246132 -0.898124
v -0.104521 -0.715167 -0.266916
vn -0.429160 0.245470 -0.869233
v -0.123316 -0.709995 -0.257093
vn -0.677260 0.248252 -0.692597
v -0.198751 -0.715927 -0.205360
vn -0.735187 0.248011 -0.630866
v -0.215101 -0.715131 -0.187672
vn -0.783288 0.245121 -0.571293
v -0.230200 -0.716964 -0.169302
vn -0.823114 0.247910 -0.510904
v -0.241996 -0.715470 -0.151044
vn -0.863960 0.244862 -0.440019
v -0.253743 -0.716815 -0.130872
vn -0.917438 0.245848 -0.312837
v -0.269824 -0.717053 -0.092237
vn -0.944096 0.251516 -0.213127
v -0.277535 -0.715329 -0.063920
vn -0.971555 0.231522 0.049777
v -0.286256 -0.724691 0.001541
vn -0.956098 0.248618 0.155132
v -0.279560 -0.717301 0.043639
vn -0.943773 0.245769 0.221109
v -0.275655 -0.719643 0.066295
vn -0.922888 0.243182 0.298564
v -0.269951 -0.720711 0.088176
vn -0.890696 0.249843 0.379788
v -0.260552 -0.720508 0.112949
vn -0.872151 0.250606 0.420178
v -0.255814 -0.722382 0.124638
vn -0.605687 0.245260 0.756962
v -0.175287 -0.715925 0.223572
vn -0.090653 0.239983 0.966535
v -0.023254 -0.720018 0.286412
vn 0.092306 0.243322 0.965543
v 0.030714 -0.717246 0.285695
vn 0.152631 0.247685 0.956742
v 0.049800 -0.714275 0.282503
vn 0.226029 0.248110 0.941994
v 0.070643 -0.715272 0.278642
vn 0.734966 0.251917 0.629573
v 0.220794 -0.714253 0.186399
vn 0.780635 0.249016 0.573236
v 0.234856 -0.716207 0.169511
vn 0.822372 0.250979 0.510601
v 0.246851 -0.715505 0.151411
vn 0.926169 0.238433 0.292167
v 0.278905 -0.725041 0.087020
vn 0.945373 0.239760 0.220874
v 0.285012 -0.726676 0.066284
vn 0.963149 0.252213 0.093446
v 0.288839 -0.717159 0.028112
vn 0.082165 0.243901 -0.966313
v 0.028473 -0.706631 -0.284893
vn 0.009334 0.239265 -0.970909
v 0.007135 -0.707581 -0.286129
vn -0.303340 0.246727 -0.920386
v -0.085446 -0.700194 -0.269846
vn -0.561610 0.252328 -0.787988
v -0.161986 -0.705122 -0.232598
vn -0.625419 0.250798 -0.738885
v -0.181067 -0.707882 -0.218626
vn -0.830555 0.262379 -0.491259
v -0.243420 -0.707373 -0.144558
vn -0.871028 0.263160 -0.414798
v -0.254249 -0.707324 -0.124199
vn -0.890760 0.274760 -0.362013
v -0.259361 -0.699093 -0.106852
vn -0.916721 0.264042 -0.299841
v -0.267702 -0.703991 -0.088191
vn -0.936635 0.266558 -0.227290
v -0.273963 -0.705762 -0.067947
vn -0.891809 0.259278 0.370746
v -0.258357 -0.705758 0.108289
vn -0.690873 0.253018 0.677256
v -0.199321 -0.708644 0.199392
vn -0.576731 0.246353 0.778904
v -0.164648 -0.707765 0.229191
vn -0.505707 0.250001 0.825688
v -0.145335 -0.707459 0.242145
vn -0.299628 0.247109 0.921499
v -0.083429 -0.706624 0.270572
vn -0.225309 0.239533 0.944383
v -0.061461 -0.700474 0.275072
vn -0.155509 0.240974 0.957992
v -0.041150 -0.704908 0.280316
vn 0.687094 0.253332 0.680973
v 0.207266 -0.712632 0.200402
vn 0.856945 0.259843 0.445114
v 0.254882 -0.704246 0.131264
vn 0.921991 0.257860 0.288862
v 0.276806 -0.713059 0.083666
vn 0.945297 0.251151 0.208176
v 0.282336 -0.713084 0.062608
vn 0.941963 0.269080 -0.200754
v 0.280395 -0.698022 -0.062968
vn 0.574608 0.255094 -0.777658
v 0.171940 -0.697023 -0.228205
vn 0.513419 0.254861 -0.819419
v 0.154075 -0.696069 -0.240062
vn 0.449727 0.252555 -0.856716
v 0.135329 -0.695750 -0.250731
vn 0.382853 0.250307 -0.889252
v 0.116099 -0.695343 -0.259795
vn 0.222417 0.242616 -0.944282
v 0.067390 -0.693026 -0.275212
vn 0.152337 0.242158 -0.958203
v 0.047883 -0.694402 -0.279356
vn -0.439389 0.248383 -0.863275
v -0.124426 -0.696504 -0.252697
vn -0.503826 0.251486 -0.826386
v -0.144198 -0.698900 -0.242362
vn -0.562650 0.256262 -0.785974
v -0.160501 -0.693984 -0.230039
vn -0.786550 0.261743 -0.559313
v -0.229173 -0.706157 -0.165892
vn -0.858300 0.275871 -0.432684
v -0.248863 -0.696774 -0.128430
vn -0.934680 0.278729 -0.220644
v -0.271541 -0.695666 -0.065582
vn -0.963610 0.264231 0.040482
v -0.280276 -0.701304 0.000244
vn -0.832267 0.261020 0.489082
v -0.237579 -0.695198 0.143460
vn -0.783954 0.255454 0.565826
v -0.223940 -0.698546 0.166070
vn -0.736248 0.260576 0.624530
v -0.210558 -0.696932 0.182350
vn -0.077110 0.237272 0.968378
v -0.019055 -0.694883 0.280455
vn 0.080733 0.242782 0.966716
v 0.026896 -0.705122 0.282970
vn 0.225111 0.243142 0.943508
v 0.070060 -0.701398 0.275098
vn 0.367906 0.240590 0.898199
v 0.110155 -0.695714 0.260645
vn 0.440583 0.242659 0.864293
v 0.130552 -0.696939 0.251635
vn 0.734603 0.255808 0.628428
v 0.218169 -0.700794 0.183984
vn 0.779474 0.264113 0.568036
v 0.230212 -0.693748 0.165715
vn 0.819823 0.263115 0.508588
v 0.241530 -0.693019 0.148553
vn 0.856125 0.265519 0.443340
v 0.252227 -0.693057 0.129736
vn 0.913791 0.260874 0.311337
v 0.271854 -0.706397 0.092239
vn 0.936826 0.267056 0.225916
v 0.277951 -0.700435 0.066579
vn 0.932936 0.283123 -0.222421
v 0.276697 -0.688834 -0.067066
vn 0.910985 0.281391 -0.301539
v 0.267924 -0.680047 -0.088110
vn 0.857209 0.278691 -0.433040
v 0.253594 -0.686014 -0.127131
vn 0.821570 0.275556 -0.499091
v 0.243311 -0.686081 -0.145640
vn 0.782588 0.271129 -0.560397
v 0.231347 -0.686041 -0.163758
vn 0.737139 0.265713 -0.621307
v 0.217903 -0.686014 -0.181025
vn 0.686591 0.260846 -0.678640
v 0.202965 -0.686518 -0.197601
vn 0.631404 0.257275 -0.731532
v 0.186551 -0.685907 -0.212674
vn 0.079357 0.235898 -0.968532
v 0.026520 -0.684164 -0.279399
vn 0.006088 0.234346 -0.972134
v 0.005643 -0.684656 -0.280412
vn -0.070498 0.235961 -0.969202
v -0.016008 -0.685865 -0.280001
vn -0.146774 0.238431 -0.960004
v -0.039308 -0.687608 -0.277814
vn -0.229179 0.238768 -0.943645
v -0.061479 -0.687647 -0.273451
vn -0.372401 0.241348 -0.896141
v -0.103932 -0.685100 -0.258945
vn -0.622868 0.255988 -0.739261
v -0.176015 -0.683942 -0.214576
vn -0.676459 0.260385 -0.688914
v -0.191864 -0.684687 -0.200432
vn -0.725013 0.263184 -0.636467
v -0.206266 -0.684951 -0.185302
vn -0.789945 0.275404 -0.547851
v -0.225517 -0.681981 -0.159259
vn -0.945845 0.291038 -0.143784
v -0.272424 -0.683447 -0.042316
vn -0.948104 0.272400 0.164006
v -0.269464 -0.681726 0.044553
vn -0.637207 0.245604 0.730511
v -0.177695 -0.684652 0.211091
vn -0.579754 0.237600 0.779379
v -0.161473 -0.683437 0.223822
vn -0.494225 0.230443 0.838235
v -0.137245 -0.684682 0.240257
vn -0.372175 0.224187 0.900681
v -0.101162 -0.682636 0.257744
vn -0.214282 0.225991 0.950269
v -0.057840 -0.686336 0.272438
vn -0.165862 0.223510 0.960486
v -0.043006 -0.683004 0.274558
vn 0.511455 0.238307 0.825605
v 0.150202 -0.688721 0.238253
vn 0.587397 0.240326 0.772792
v 0.170627 -0.678923 0.221139
vn 0.632904 0.245829 0.734166
v 0.184576 -0.684138 0.211580
vn 0.686408 0.245886 0.684386
v 0.199903 -0.685538 0.197844
vn 0.888715 0.265001 0.374111
v 0.258781 -0.682388 0.108785
vn 0.915252 0.268636 0.300247
v 0.266382 -0.682811 0.088858
vn 0.961181 0.271500 0.049178
v 0.281014 -0.684971 0.013740
vn 0.962915 0.267295 -0.036711
v 0.276723 -0.668708 -0.020889
vn 0.933531 0.285203 -0.217207
v 0.273952 -0.678560 -0.065535
vn 0.886588 0.279487 -0.368578
v 0.259503 -0.675753 -0.107101
vn 0.575362 0.245355 -0.780231
v 0.167437 -0.673696 -0.223833
vn 0.517662 0.237498 -0.821962
v 0.149804 -0.673037 -0.235640
vn 0.454715 0.231797 -0.859945
v 0.132132 -0.672876 -0.245829
vn -0.441973 0.233289 -0.866162
v -0.121000 -0.672389 -0.247562
vn -0.506311 0.237597 -0.828974
v -0.139343 -0.671894 -0.237165
vn -0.568363 0.242714 -0.786164
v -0.157158 -0.671975 -0.225347
vn -0.913082 0.279876 -0.296565
v -0.259479 -0.674663 -0.085608
vn -0.933327 0.281570 -0.222755
v -0.264871 -0.672770 -0.064549
vn -0.958396 0.285109 0.013761
v -0.273332 -0.677421 -0.003588
vn -0.954908 0.275279 0.111233
v -0.272004 -0.678825 0.021463
vn -0.785197 0.245806 0.568370
v -0.218327 -0.674070 0.162787
vn -0.000376 0.202149 0.979355
v 0.004023 -0.675168 0.276895
vn 0.070734 0.206494 0.975888
v 0.024041 -0.676127 0.276393
vn 0.228094 0.206499 0.951489
v 0.067312 -0.674910 0.269382
vn 0.300646 0.206595 0.931091
v 0.087812 -0.673616 0.263357
vn 0.378656 0.209395 0.901540
v 0.108886 -0.672224 0.255231
vn 0.455990 0.218675 0.862702
v 0.131232 -0.673952 0.245051
vn 0.781824 0.241382 0.574879
v 0.224577 -0.673576 0.164370
vn 0.824704 0.248188 0.508200
v 0.236276 -0.670755 0.145713
vn 0.861243 0.255969 0.439021
v 0.246970 -0.670647 0.126594
vn 0.963641 0.266642 0.017261
v 0.277094 -0.669446 0.000790
vn 0.935370 0.281996 -0.213450
v 0.270441 -0.665981 -0.064068
vn 0.913541 0.279003 -0.295973
v 0.264165 -0.665100 -0.085405
vn 0.861026 0.268100 -0.432154
v 0.247438 -0.662813 -0.124575
vn 0.826929 0.262142 -0.497464
v 0.237430 -0.662820 -0.142702
vn 0.786478 0.258352 -0.560988
v 0.225738 -0.662848 -0.160531
vn 0.744374 0.248549 -0.619782
v 0.212649 -0.661920 -0.177143
vn 0.637948 0.233909 -0.733696
v 0.181905 -0.662217 -0.208657
vn 0.079002 0.196574 -0.977301
v 0.025119 -0.662250 -0.274588
vn 0.003807 0.192488 -0.981292
v 0.004526 -0.661408 -0.275295
vn -0.152325 0.200736 -0.967730
v -0.038039 -0.662704 -0.272248
vn -0.227459 0.224814 -0.947481
v -0.060160 -0.674848 -0.270619
vn -0.631180 0.231530 -0.740274
v -0.172322 -0.661319 -0.210119
vn -0.686193 0.238312 -0.687275
v -0.188116 -0.661645 -0.195631
vn -0.738489 0.245584 -0.627951
v -0.202770 -0.662222 -0.179993
vn -0.860041 0.267878 -0.434248
v -0.240310 -0.665107 -0.125025
vn -0.950145 0.276211 -0.144679
v -0.265312 -0.659834 -0.042320
vn -0.939603 0.250422 0.233313
v -0.258713 -0.659799 0.066853
vn -0.915761 0.248149 0.315916
v -0.252538 -0.663920 0.091189
vn -0.637097 0.227642 0.736401
v -0.174657 -0.672903 0.209970
vn 0.071728 0.177452 0.981512
v 0.023963 -0.663888 0.273931
vn 0.152136 0.177061 0.972370
v 0.045757 -0.663567 0.271427
vn 0.537390 0.202630 0.818629
v 0.151235 -0.664589 0.230914
vn 0.626286 0.234003 0.743646
v 0.181081 -0.674043 0.211269
vn 0.702099 0.211923 0.679812
v 0.196880 -0.660605 0.192301
vn 0.895560 0.244054 0.372035
v 0.253447 -0.659442 0.105723
vn 0.919532 0.247762 0.305083
v 0.260366 -0.660415 0.087743
vn 0.937840 0.258193 0.231932
v 0.268188 -0.666752 0.066573
vn 0.952014 0.262318 0.157669
v 0.272658 -0.667159 0.045661
vn 0.963066 0.256525 0.081845
v 0.273711 -0.661109 0.023594
vn 0.956318 0.263629 -0.126318
v 0.270731 -0.653269 -0.041911
vn 0.939149 0.269369 -0.213168
v 0.266903 -0.652983 -0.062643
vn 0.895217 0.258738 -0.362824
v 0.253241 -0.651567 -0.104334
vn 0.003834 0.164575 -0.986357
v 0.004423 -0.647997 -0.272875
vn -0.480207 0.204406 -0.853006
v -0.127831 -0.655495 -0.239478
vn -0.544382 0.213091 -0.811320
v -0.145810 -0.655479 -0.228485
vn -0.915254 0.263637 -0.304640
v -0.251829 -0.650683 -0.087028
vn -0.936527 0.265911 -0.228493
v -0.257888 -0.649703 -0.065004
vn -0.958885 0.278150 -0.056329
v -0.267873 -0.659694 -0.018086
vn -0.868022 0.235167 0.437304
v -0.237280 -0.659345 0.124498
vn -0.542879 0.201704 0.815229
v -0.145923 -0.663555 0.229226
vn -0.463824 0.187635 0.865829
v -0.123358 -0.661628 0.242326
vn -0.016585 0.128249 0.991603
v -0.000816 -0.650543 0.272574
vn 0.582017 0.188005 0.791145
v 0.162307 -0.658777 0.221816
vn 0.786343 0.226101 0.574929
v 0.221690 -0.660821 0.163083
vn 0.872468 0.212380 0.440108
v 0.242000 -0.647949 0.124024
vn 0.386886 0.189050 -0.902541
v 0.109003 -0.654772 -0.252485
vn 0.311491 0.189769 -0.931108
v 0.089652 -0.657138 -0.260336
vn 0.079410 0.170404 -0.982169
v 0.025220 -0.650724 -0.272429
vn -0.231068 0.171146 -0.957766
v -0.058931 -0.651105 -0.265817
vn -0.836126 0.225382 -0.500096
v -0.224234 -0.641384 -0.141527
vn -0.965525 0.256285 0.045609
v -0.264959 -0.648915 0.005947
vn -0.838081 0.206914 0.504784
v -0.224503 -0.648822 0.142633
vn -0.795478 0.205552 0.570055
v -0.213142 -0.650834 0.160706
vn -0.642791 0.174704 0.745854
v -0.169193 -0.649203 0.208186
vn -0.572710 0.178583 0.800070
v -0.151762 -0.653394 0.222817
vn -0.535360 0.171436 0.827043
v -0.140472 -0.652095 0.230174
vn -0.452129 0.151551 0.878983
v -0.117550 -0.650119 0.243157
vn 0.001770 0.097429 0.995241
v 0.004303 -0.640960 0.271574
vn 0.588328 0.154673 0.793692
v 0.160287 -0.644894 0.220354
vn 0.929777 0.230119 0.287332
v 0.259226 -0.649612 0.082683
vn 0.954395 0.206354 0.215750
v 0.262315 -0.638718 0.061595
vn 0.972737 0.203931 0.110431
v 0.266780 -0.636425 0.032730
vn 0.803355 0.208541 -0.557792
v 0.221445 -0.638900 -0.156398
vn 0.707700 0.185079 -0.681840
v 0.192972 -0.636473 -0.190382
vn 0.591704 0.154421 -0.791227
v 0.159267 -0.627085 -0.218003
vn 0.457361 0.161009 -0.874584
v 0.125415 -0.638872 -0.241534
vn 0.386468 0.137517 -0.911993
v 0.104871 -0.628364 -0.249541
vn 0.228537 0.130319 -0.964773
v 0.063362 -0.630378 -0.263444
vn 0.151473 0.123034 -0.980774
v 0.043910 -0.628732 -0.267045
vn 0.014821 0.133319 -0.990962
v 0.009009 -0.633767 -0.270680
vn -0.195305 0.124033 -0.972868
v -0.046362 -0.625475 -0.264823
vn -0.311327 0.148998 -0.938550
v -0.078664 -0.639383 -0.258229
vn -0.387282 0.134528 -0.912094
v -0.097257 -0.627680 -0.249471
vn -0.453681 0.158467 -0.876962
v -0.116830 -0.638854 -0.242096
vn -0.521993 0.163719 -0.837090
v -0.134768 -0.638813 -0.231869
vn -0.589056 0.150331 -0.793986
v -0.150637 -0.627354 -0.218849
vn -0.642590 0.184889 -0.743569
v -0.168838 -0.638764 -0.206788
vn -0.793969 0.215620 -0.568438
v -0.212116 -0.640643 -0.159701
vn -0.843155 0.197295 -0.500165
v -0.221895 -0.629366 -0.140477
vn -0.909634 0.221660 -0.351330
v -0.242663 -0.632125 -0.098758
vn -0.947468 0.218945 -0.233167
v -0.251790 -0.627815 -0.066496
vn -0.879982 0.182786 0.438430
v -0.232023 -0.635572 0.123449
vn -0.843120 0.177767 0.507491
v -0.222212 -0.637208 0.142050
vn -0.801236 0.176813 0.571628
v -0.210725 -0.639012 0.160138
vn -0.751820 0.173742 0.636066
v -0.197771 -0.641646 0.177517
vn -0.572083 0.138347 0.808444
v -0.147952 -0.640906 0.222995
vn -0.478869 0.100096 0.872161
v -0.119909 -0.628670 0.238846
vn -0.209434 0.069641 0.975340
v -0.049210 -0.623952 0.264601
vn -0.166866 0.082461 0.982525
v -0.038531 -0.631772 0.267192
vn 0.000606 0.077130 0.997021
v 0.003687 -0.629422 0.270567
vn 0.081315 0.077377 0.993680
v 0.024769 -0.628582 0.269614
vn 0.162830 0.077283 0.983623
v 0.045560 -0.627432 0.266985
vn 0.314512 0.109776 0.942885
v 0.086054 -0.638645 0.257940
vn 0.395911 0.094147 0.913450
v 0.106403 -0.628103 0.249052
vn 0.767407 0.152084 0.622862
v 0.206754 -0.633773 0.173569
vn 0.861188 0.192273 0.470517
v 0.235823 -0.642483 0.133313
vn 0.936257 0.202257 0.287254
v 0.256996 -0.638606 0.081596
vn 0.961481 0.208475 0.179142
v 0.264925 -0.638993 0.048959
vn 0.976966 0.213393 0.000672
v 0.268641 -0.636049 -0.002276
vn 0.759313 0.164388 -0.629619
v 0.203015 -0.618801 -0.174506
vn 0.638931 0.146209 -0.755242
v 0.169500 -0.613455 -0.207220
vn 0.461718 0.132389 -0.877092
v 0.122418 -0.615468 -0.239266
vn 0.315322 0.125328 -0.940672
v 0.084714 -0.617218 -0.255616
vn -0.314611 0.121130 -0.941460
v -0.077220 -0.616354 -0.255521
vn -0.462386 0.131359 -0.876895
v -0.115011 -0.616066 -0.239313
vn -0.527784 0.135403 -0.838517
v -0.132275 -0.610987 -0.228642
vn -0.653044 0.143115 -0.743674
v -0.165491 -0.615059 -0.204548
vn -0.975101 0.198152 0.099572
v -0.257945 -0.625471 0.025768
vn -0.938718 0.170454 0.299588
v -0.245451 -0.623628 0.084798
vn -0.884882 0.157494 0.438383
v -0.230064 -0.624352 0.123033
vn -0.848822 0.150231 0.506885
v -0.220318 -0.625739 0.141577
vn -0.804610 0.148037 0.575055
v -0.208504 -0.627216 0.159918
vn -0.752094 0.143895 0.643155
v -0.194484 -0.629262 0.178379
vn -0.659075 0.122022 0.742112
v -0.168576 -0.628802 0.204595
vn -0.589513 0.105758 0.800806
v -0.149256 -0.627459 0.220096
vn -0.307017 0.073169 0.948887
v -0.074196 -0.619833 0.257586
vn -0.079959 0.065857 0.994620
v -0.016541 -0.619160 0.269092
vn 0.081646 0.067004 0.994407
v 0.025262 -0.616170 0.268735
vn 0.766127 0.123886 0.630635
v 0.204152 -0.622392 0.174395
vn 0.940145 0.168602 0.296144
v 0.253855 -0.625386 0.083115
vn 0.970134 0.179874 0.162746
v 0.262978 -0.626080 0.045431
vn 0.979416 0.185550 0.079471
v 0.266130 -0.628331 0.023263
vn 0.954712 0.183936 -0.233864
v 0.256134 -0.610920 -0.065202
vn 0.856205 0.174359 -0.486325
v 0.229084 -0.615386 -0.135698
vn 0.606941 0.143109 -0.781756
v 0.159320 -0.602835 -0.213540
vn 0.378943 0.133393 -0.915756
v 0.101070 -0.605026 -0.247822
vn -0.389475 0.128493 -0.912030
v -0.095471 -0.604636 -0.247022
vn -0.961079 0.170359 -0.217496
v -0.248313 -0.605783 -0.062587
vn -0.980532 0.174499 0.090044
v -0.256028 -0.615395 0.025627
vn -0.014976 0.132401 -0.991083
v 0.000430 -0.599998 -0.266771
vn -0.036070 0.161144 -0.986272
v -0.004217 -0.588879 -0.264972
vn -0.981854 0.173582 -0.076369
v -0.251015 -0.583574 -0.021038
vn -0.973775 0.172275 0.148604
v -0.249804 -0.590359 0.042462
vn -0.958104 0.178652 0.223876
v -0.243211 -0.576642 0.063721
vn -0.941566 0.167101 0.292458
v -0.240231 -0.589264 0.083033
vn -0.920244 0.170471 0.352266
v -0.231757 -0.577648 0.101476
vn -0.658508 0.121523 0.742698
v -0.163506 -0.591095 0.203913
vn 0.656216 0.123113 0.744462
v 0.170795 -0.590956 0.203936
vn 0.808213 0.151599 0.569043
v 0.210392 -0.583498 0.157887
vn 0.887482 0.158543 0.432712
v 0.230937 -0.579175 0.121894
vn 0.918727 0.166840 0.357917
v 0.239141 -0.577551 0.102420
vn 0.942122 0.166706 0.290889
v 0.247998 -0.588870 0.082867
vn 0.959571 0.179434 0.216856
v 0.251521 -0.578281 0.062498
vn 0.973678 0.176071 0.144739
v 0.257237 -0.588786 0.042045
vn 0.981481 0.176596 0.074219
v 0.259175 -0.587079 0.021820
vn 0.981521 0.175646 -0.075924
v 0.258428 -0.582810 -0.019759
vn 0.957488 0.183409 -0.222660
v 0.250525 -0.574950 -0.061801
vn -0.983225 0.182311 0.005562
v -0.249739 -0.572259 0.000766
vn -0.653365 0.135712 0.744780
v -0.161775 -0.579586 0.203424
vn -0.081169 0.134005 0.987651
v -0.017110 -0.571152 0.264542
vn 0.653055 0.145591 0.743184
v 0.169308 -0.579756 0.203247
vn 0.982148 0.188110 -0.000296
v 0.256486 -0.567975 0.000651
vn 0.630013 0.192657 -0.752308
v 0.161998 -0.566157 -0.203470
vn 0.453245 0.213957 -0.865327
v 0.116602 -0.562167 -0.232483
vn -0.086795 0.184553 -0.978983
v -0.020332 -0.573252 -0.261283
vn -0.178187 0.213938 -0.960458
v -0.040595 -0.563743 -0.256561
vn -0.229350 0.206724 -0.951138
v -0.052590 -0.565833 -0.254479
vn -0.627468 0.194479 -0.753964
v -0.155449 -0.566579 -0.202987
vn -0.956288 0.181495 -0.229290
v -0.242308 -0.571040 -0.062059
vn -0.979688 0.187637 -0.070732
v -0.246879 -0.560532 -0.019373
vn -0.463275 0.146841 0.873965
v -0.111952 -0.561566 0.235080
vn -0.399694 0.142613 0.905487
v -0.095947 -0.570313 0.244088
vn 0.917504 0.172417 0.358413
v 0.236911 -0.565070 0.102144
vn 0.450741 0.234834 -0.861212
v 0.116513 -0.548822 -0.229056
vn -0.304062 0.235834 -0.923000
v -0.070320 -0.551865 -0.246309
vn -0.956776 0.181486 0.227252
v -0.238217 -0.550693 0.064380
vn -0.915503 0.178498 0.360545
v -0.226459 -0.553639 0.103424
vn -0.876975 0.172800 0.448391
v -0.214828 -0.546841 0.126118
vn -0.445240 0.167261 0.879650
v -0.107425 -0.551902 0.235699
vn -0.245686 0.170257 0.954280
v -0.056578 -0.551360 0.254754
vn 0.961591 0.181636 0.205796
v 0.248030 -0.557488 0.060545
vn 0.978204 0.188124 0.087896
v 0.253475 -0.558151 0.025925
vn 0.933528 0.212300 -0.288884
v 0.238882 -0.539238 -0.077360
vn 0.899928 0.220100 -0.376411
v 0.229797 -0.535824 -0.099978
vn 0.840665 0.216567 -0.496367
v 0.214839 -0.541992 -0.132844
vn 0.519563 0.233535 -0.821898
v 0.134672 -0.548769 -0.218572
vn 0.311367 0.251897 -0.916296
v 0.080668 -0.546307 -0.243733
vn -0.075946 0.270969 -0.959587
v -0.014101 -0.539390 -0.253869
vn -0.340464 0.258330 -0.904074
v -0.079723 -0.541311 -0.240037
vn -0.388594 0.260252 -0.883891
v -0.094758 -0.540619 -0.233632
vn -0.585618 0.229647 -0.777376
v -0.143773 -0.548825 -0.207307
vn -0.839769 0.220409 -0.496194
v -0.207185 -0.537903 -0.132449
vn -0.878735 0.214167 -0.426564
v -0.216981 -0.538620 -0.114531
vn -0.911145 0.206765 -0.356459
v -0.225196 -0.538878 -0.095853
vn -0.937315 0.201678 -0.284194
v -0.232081 -0.539307 -0.076246
vn -0.969113 0.201780 -0.141790
v -0.240375 -0.538108 -0.037971
vn -0.977550 0.199179 -0.068729
v -0.242564 -0.538231 -0.017938
vn -0.980474 0.196601 0.004422
v -0.243247 -0.538331 0.002321
vn -0.977997 0.193574 0.077794
v -0.242451 -0.538644 0.022757
vn -0.935871 0.182411 0.301449
v -0.232399 -0.550362 0.084780
vn -0.911437 0.186843 0.366568
v -0.223281 -0.541046 0.104895
vn -0.449792 0.186743 0.873393
v -0.107902 -0.541564 0.233304
vn 0.530218 0.183350 0.827799
v 0.133158 -0.540532 0.222570
vn 0.914573 0.180897 0.361708
v 0.234892 -0.554105 0.101962
vn 0.938482 0.184080 0.292176
v 0.240289 -0.548487 0.083675
vn 0.978126 0.200867 0.054062
v 0.250242 -0.539106 0.017580
vn 0.976360 0.204672 -0.069501
v 0.248682 -0.533077 -0.017670
vn 0.956183 0.211570 -0.202369
v 0.242434 -0.528154 -0.053590
vn 0.514614 0.258767 -0.817443
v 0.133114 -0.536686 -0.215961
vn 0.271908 0.286469 -0.918696
v 0.071599 -0.531035 -0.242116
vn -0.080285 0.299087 -0.950843
v -0.015567 -0.527701 -0.250315
vn -0.296120 0.280881 -0.912918
v -0.068808 -0.531238 -0.240981
vn -0.393016 0.277167 -0.876765
v -0.094597 -0.529331 -0.230289
vn -0.642653 0.247156 -0.725197
v -0.157303 -0.536946 -0.192515
vn -0.787348 0.244019 -0.566161
v -0.192282 -0.521161 -0.147824
vn -0.954017 0.209523 -0.214365
v -0.234562 -0.527188 -0.056779
vn -0.759023 0.195406 0.621048
v -0.182464 -0.525485 0.168801
vn 0.075961 0.192587 0.978335
v 0.022081 -0.536583 0.258964
vn 0.179709 0.195453 0.964107
v 0.046655 -0.536118 0.255535
vn 0.404904 0.179163 0.896635
v 0.103692 -0.542100 0.238881
vn 0.755480 0.193812 0.625849
v 0.189843 -0.528576 0.169592
vn 0.882593 0.191707 0.429276
v 0.222268 -0.530534 0.119670
vn 0.933056 0.193932 0.302981
v 0.236986 -0.535530 0.085726
vn 0.956220 0.193761 0.219319
v 0.242491 -0.532269 0.063448
vn 0.975838 0.206358 -0.071807
v 0.245997 -0.519975 -0.016724
vn 0.964697 0.209346 -0.159790
v 0.243145 -0.520175 -0.040808
vn 0.930133 0.225162 -0.290094
v 0.234420 -0.516779 -0.074637
vn 0.903921 0.231233 -0.359802
v 0.227648 -0.515433 -0.092839
vn 0.832401 0.244617 -0.497265
v 0.210361 -0.516694 -0.128710
vn 0.755187 0.261724 -0.600993
v 0.191033 -0.516246 -0.156171
vn 0.446014 0.289623 -0.846871
v 0.114423 -0.526231 -0.223311
vn 0.371492 0.292309 -0.881220
v 0.097887 -0.524028 -0.230425
vn 0.304433 0.296301 -0.905277
v 0.079305 -0.525013 -0.237799
vn -0.314280 0.304645 -0.899122
v -0.074338 -0.520962 -0.235722
vn -0.420105 0.306037 -0.854314
v -0.101819 -0.512958 -0.221380
vn -0.867245 0.237116 -0.437791
v -0.211693 -0.515343 -0.113006
vn -0.903596 0.228056 -0.362637
v -0.220352 -0.515699 -0.094052
vn -0.931591 0.220691 -0.288848
v -0.227109 -0.515956 -0.075172
vn -0.966616 0.200024 0.160140
v -0.235323 -0.515811 0.043871
vn -0.849885 0.196238 0.489067
v -0.203594 -0.516776 0.135031
vn -0.072480 0.203306 0.976429
v -0.013870 -0.528668 0.257302
vn 0.802084 0.199102 0.563046
v 0.200181 -0.517389 0.152284
vn 0.847485 0.197540 0.492693
v 0.211110 -0.518140 0.135504
vn 0.976900 0.198387 0.079432
v 0.245765 -0.519540 0.025370
vn 0.979512 0.201374 0.002415
v 0.246800 -0.520250 0.004098
vn 0.691839 0.286420 -0.662814
v 0.174285 -0.504302 -0.170469
vn 0.561189 0.310236 -0.767346
v 0.143929 -0.503878 -0.196835
vn 0.499616 0.300251 -0.812547
v 0.130384 -0.515092 -0.210244
vn 0.293527 0.319139 -0.901106
v 0.077686 -0.513599 -0.234393
vn -0.172356 0.334154 -0.926625
v -0.039748 -0.508870 -0.240510
vn -0.283033 0.330108 -0.900511
v -0.068117 -0.507614 -0.233051
vn -0.498180 0.299847 -0.813578
v -0.121838 -0.513894 -0.210697
vn -0.572695 0.310404 -0.758729
v -0.139162 -0.499930 -0.193373
vn -0.678902 0.285429 -0.676478
v -0.165636 -0.503770 -0.172109
vn -0.792692 0.256834 -0.552879
v -0.191566 -0.505956 -0.142097
vn -0.952847 0.197628 0.230273
v -0.228318 -0.502614 0.064012
vn -0.907422 0.198099 0.370597
v -0.217336 -0.513206 0.105127
vn -0.710242 0.209200 0.672155
v -0.168321 -0.507343 0.179214
vn -0.519110 0.225273 0.824486
v -0.122388 -0.505452 0.216482
vn -0.442919 0.229038 0.866813
v -0.104687 -0.505021 0.226440
vn 0.169951 0.230203 0.958188
v 0.043798 -0.514722 0.251342
vn 0.303272 0.224479 0.926086
v 0.078367 -0.516448 0.243147
vn 0.499310 0.232583 0.834623
v 0.124420 -0.506605 0.219497
vn 0.574458 0.221131 0.788099
v 0.142253 -0.508481 0.208193
vn 0.696374 0.217495 0.683930
v 0.173323 -0.505253 0.180617
vn 0.752045 0.215170 0.623001
v 0.186736 -0.505401 0.165767
vn 0.954161 0.201036 0.221725
v 0.237436 -0.508251 0.063743
vn 0.924047 0.239509 -0.297949
v 0.229242 -0.493349 -0.072350
vn 0.892015 0.250191 -0.376450
v 0.220980 -0.491366 -0.093112
vn 0.824975 0.265733 -0.498801
v 0.206093 -0.493034 -0.123638
vn 0.089442 0.360014 -0.928650
v 0.025006 -0.494589 -0.238302
vn -0.084588 0.362810 -0.928016
v -0.016565 -0.493418 -0.237957
vn -0.162884 0.354887 -0.920611
v -0.037289 -0.495299 -0.235921
vn -0.369219 0.341007 -0.864518
v -0.088483 -0.494249 -0.220518
vn -0.861858 0.246988 -0.442942
v -0.208654 -0.503347 -0.112340
vn -0.894930 0.245346 -0.372700
v -0.214535 -0.490236 -0.091737
vn -0.890663 0.203068 0.406795
v -0.209727 -0.494916 0.113399
vn -0.848463 0.203850 0.488422
v -0.199767 -0.494039 0.132419
vn -0.798758 0.206119 0.565245
v -0.188363 -0.494572 0.150448
vn -0.679273 0.215560 0.701514
v -0.160808 -0.502395 0.185267
vn -0.086054 0.260210 0.961710
v -0.016870 -0.492752 0.248300
vn 0.077196 0.263807 0.961482
v 0.022456 -0.492821 0.248451
vn 0.166335 0.264697 0.949878
v 0.043023 -0.491640 0.245491
vn 0.377417 0.257493 0.889524
v 0.094854 -0.488014 0.229296
vn 0.791644 0.221373 0.569468
v 0.195221 -0.494087 0.150580
vn 0.841792 0.212283 0.496309
v 0.206960 -0.494916 0.132958
vn 0.883184 0.206585 0.421081
v 0.216869 -0.496585 0.115074
vn 0.931228 0.202936 0.302707
v 0.229085 -0.495354 0.083709
vn 0.791626 0.277222 -0.544496
v 0.197113 -0.484101 -0.132830
vn 0.732811 0.295070 -0.613125
v 0.182582 -0.482661 -0.151337
vn 0.669381 0.310559 -0.674894
v 0.169159 -0.483172 -0.166232
vn 0.630345 0.320557 -0.707042
v 0.159753 -0.484131 -0.175463
vn 0.545511 0.335033 -0.768225
v 0.139875 -0.481956 -0.190471
vn 0.288877 0.368285 -0.883695
v 0.076050 -0.481566 -0.222483
vn 0.130732 0.365606 -0.921543
v 0.035995 -0.489974 -0.235185
vn -0.279005 0.371329 -0.885591
v -0.067733 -0.480879 -0.222727
vn -0.408204 0.344362 -0.845449
v -0.098059 -0.489457 -0.214193
vn -0.563218 0.321158 -0.761343
v -0.136564 -0.488577 -0.190584
vn -0.722324 0.294959 -0.625497
v -0.174511 -0.482358 -0.152964
vn -0.781222 0.278354 -0.558758
v -0.187311 -0.483512 -0.137288
vn -0.738328 0.220134 0.637505
v -0.172572 -0.480861 0.165611
vn -0.709494 0.224192 0.668099
v -0.165825 -0.485235 0.174640
vn -0.512659 0.249341 0.821590
v -0.120305 -0.481038 0.210560
vn -0.286938 0.265013 0.920562
v -0.066979 -0.481145 0.235090
vn 0.289384 0.266468 0.919376
v 0.074007 -0.481360 0.235048
vn 0.421852 0.248038 0.872077
v 0.104974 -0.494883 0.226653
vn 0.496510 0.255055 0.829714
v 0.123085 -0.483869 0.213674
vn 0.566517 0.251015 0.784888
v 0.139742 -0.481279 0.201912
vn 0.628953 0.244137 0.738117
v 0.155551 -0.482453 0.189825
vn 0.692000 0.233529 0.683081
v 0.170167 -0.482854 0.176409
vn 0.760632 0.224944 0.608966
v 0.186366 -0.485567 0.158971
vn 0.956682 0.209176 0.202498
v 0.234501 -0.488728 0.057876
vn 0.128296 0.401079 -0.907015
v 0.035999 -0.468378 -0.226117
vn 0.090191 0.394039 -0.914658
v 0.025689 -0.472883 -0.229345
vn -0.831141 0.272762 -0.484567
v -0.197753 -0.480755 -0.119723
vn -0.889746 0.246588 -0.384117
v -0.210922 -0.476758 -0.091408
vn -0.922653 0.232397 -0.307740
v -0.217265 -0.472069 -0.071491
vn -0.163535 0.285486 0.944327
v -0.036277 -0.471852 0.239761
vn -0.080246 0.288217 0.954197
v -0.016157 -0.471232 0.242154
vn -0.001693 0.279082 0.960266
v 0.003201 -0.482031 0.246137
vn 0.082342 0.294201 0.952190
v 0.022634 -0.470174 0.241839
vn 0.165074 0.290776 0.942444
v 0.042577 -0.469932 0.239198
vn 0.770064 0.276228 -0.575065
v 0.188784 -0.459524 -0.131983
vn 0.711386 0.296935 -0.636992
v 0.176054 -0.459700 -0.147651
vn 0.644183 0.315041 -0.696978
v 0.160672 -0.458842 -0.162939
vn 0.533590 0.345162 -0.772104
v 0.135754 -0.459045 -0.183067
vn 0.278442 0.393886 -0.875970
v 0.073911 -0.460043 -0.213849
vn -0.276169 0.397509 -0.875053
v -0.067284 -0.457841 -0.212652
vn -0.473218 0.356268 -0.805691
v -0.115344 -0.463028 -0.193562
vn -0.711736 0.290661 -0.639491
v -0.169422 -0.459398 -0.147842
vn -0.778799 0.271530 -0.565459
v -0.183468 -0.461919 -0.131718
vn -0.953102 0.177491 0.245141
v -0.220192 -0.463603 0.064837
vn -0.701371 0.217343 0.678852
v -0.162125 -0.461585 0.170586
vn -0.622076 0.232914 0.747511
v -0.144264 -0.461787 0.187339
vn -0.294321 0.285169 0.912170
v -0.068964 -0.457929 0.227445
vn 0.626477 0.236645 0.742648
v 0.152858 -0.460391 0.184776
vn 0.683748 0.231352 0.692073
v 0.166514 -0.461463 0.172647
vn 0.970853 0.189967 -0.146142
v 0.231381 -0.460565 -0.029428
vn 0.950610 0.200619 -0.236841
v 0.227185 -0.459969 -0.050105
vn 0.911265 0.222542 -0.346512
v 0.218968 -0.461374 -0.077477
vn 0.825238 0.251743 -0.505577
v 0.200350 -0.456903 -0.113431
vn -0.863138 0.231435 -0.448810
v -0.201206 -0.459016 -0.101458
vn -0.955569 0.194793 -0.221231
v -0.221092 -0.460943 -0.048599
vn -0.982081 0.176446 -0.066211
v -0.226894 -0.462025 -0.011135
vn -0.987320 0.157875 -0.016583
v -0.226833 -0.458682 0.001315
vn -0.982707 0.167036 0.079916
v -0.226376 -0.460527 0.024420
vn -0.971704 0.171422 0.162496
v -0.224107 -0.461910 0.045133
vn -0.849436 0.186025 0.493815
v -0.194032 -0.460312 0.128088
vn -0.798856 0.195827 0.568753
v -0.183385 -0.459871 0.144459
vn -0.077760 0.308528 0.948032
v -0.015396 -0.448273 0.234994
vn 0.212310 0.293520 0.932079
v 0.055736 -0.450166 0.230337
vn 0.885950 0.182881 0.426200
v 0.210849 -0.461546 0.110451
vn 0.921985 0.184270 0.340570
v 0.219993 -0.463344 0.089636
vn 0.981871 0.171451 0.080837
v 0.233406 -0.460779 0.026147
vn 0.979501 0.134183 -0.150244
v 0.229669 -0.449007 -0.028049
vn 0.871994 0.228298 -0.433021
v 0.208594 -0.455893 -0.098052
vn 0.772346 0.255084 -0.581733
v 0.186956 -0.447764 -0.129003
vn 0.704409 0.279345 -0.652514
v 0.173160 -0.447557 -0.145420
vn 0.262645 0.403304 -0.876563
v 0.071694 -0.438372 -0.204566
vn -0.705849 0.271729 -0.654172
v -0.166574 -0.446956 -0.145505
vn -0.777276 0.248369 -0.578061
v -0.181451 -0.450718 -0.129381
vn -0.989916 0.122402 -0.071299
v -0.225038 -0.449650 -0.010800
vn -0.990629 0.133218 0.030105
v -0.225944 -0.453108 0.012285
vn -0.978707 0.120647 0.166062
v -0.222353 -0.450546 0.045134
vn -0.959094 0.129332 0.251816
v -0.218159 -0.451853 0.065390
vn -0.949374 0.107670 0.295122
v -0.214461 -0.446404 0.075817
vn -0.899092 0.141812 0.414153
v -0.203295 -0.451193 0.106689
vn -0.851468 0.149087 0.502767
v -0.192460 -0.448784 0.126893
vn -0.798125 0.165258 0.579384
v -0.181474 -0.448144 0.143410
vn -0.730746 0.195884 0.653941
v -0.167435 -0.450980 0.161566
vn 0.838131 0.160550 0.521306
v 0.198331 -0.449683 0.128992
vn 0.989840 0.121446 0.073947
v 0.231907 -0.450437 0.025899
vn 0.879503 0.181846 -0.439780
v 0.207900 -0.441767 -0.092724
vn 0.697515 0.261775 -0.667043
v 0.170732 -0.435433 -0.143031
vn -0.883675 0.167905 -0.436951
v -0.202114 -0.441210 -0.091537
vn -0.995738 0.057414 0.072177
v -0.223904 -0.436644 0.022853
vn -0.741425 0.151326 0.653751
v -0.169157 -0.436872 0.155946
vn 0.010235 0.320592 0.947162
v 0.005149 -0.425127 0.227997
vn 0.745783 0.173998 0.643065
v 0.178691 -0.443842 0.154209
vn 0.884370 0.103657 0.455131
v 0.207063 -0.437668 0.110260
vn 0.881927 0.156891 -0.444512
v 0.207718 -0.430757 -0.089118
vn 0.165406 0.428203 -0.888416
v 0.047751 -0.418862 -0.201163
vn -0.725339 0.236232 -0.646589
v -0.170928 -0.418411 -0.130105
vn -0.895493 0.076297 0.438487
v -0.200295 -0.426752 0.107285
vn -0.136933 0.313202 0.939763
v -0.032820 -0.414974 0.221830
vn 0.088466 0.316734 0.944380
v 0.027042 -0.416772 0.223982
vn 0.139382 0.314392 0.939005
v 0.039676 -0.417733 0.222807
vn 0.873492 0.088707 0.478689
v 0.205446 -0.424950 0.110992
vn -0.879165 0.095163 0.466918
v -0.197692 -0.402773 0.108439
vn -0.268514 0.295534 0.916821
v -0.067854 -0.404215 0.210797
vn 0.860866 0.109572 0.496894
v 0.203550 -0.397634 0.109201
vn -0.066277 0.430086 -0.900352
v -0.014792 -0.395774 -0.193569
vn -0.322579 0.287615 0.901787
v -0.082405 -0.390603 0.201690
vn -0.062227 0.317367 0.946259
v -0.013741 -0.397811 0.218158
vn 0.050824 0.321160 0.945660
v 0.017642 -0.395458 0.217446
vn 0.938828 0.138015 -0.315523
v 0.219244 -0.390869 -0.047779
vn -0.965140 0.071203 0.251862
v -0.215923 -0.389025 0.059116
vn -0.946518 0.083800 0.311578
v -0.212192 -0.384831 0.070530
vn -0.233576 0.306907 0.922633
v -0.061018 -0.383909 0.205957
vn 0.021216 0.322091 0.946471
v 0.008968 -0.389222 0.215668
vn 0.386112 0.275908 0.880223
v 0.102720 -0.387465 0.194589
vn 0.980899 0.107585 -0.162055
v 0.225678 -0.381792 -0.017577
vn 0.897043 0.165655 -0.409722
v 0.210816 -0.372928 -0.061411
vn 0.747613 0.248419 -0.615925
v 0.184854 -0.369771 -0.101455
vn 0.676002 0.275366 -0.683517
v 0.172137 -0.373377 -0.116842
vn 0.649569 0.292684 -0.701710
v 0.166214 -0.378538 -0.124474
vn 0.459766 0.358142 -0.812619
v 0.124834 -0.377621 -0.154392
vn 0.172558 0.417936 -0.891938
v 0.053001 -0.368189 -0.176073
vn -0.254876 0.405724 -0.877739
v -0.068722 -0.375455 -0.174274
vn -0.453552 0.357326 -0.816461
v -0.118348 -0.375075 -0.153623
vn -0.510057 0.341130 -0.789602
v -0.131122 -0.377607 -0.147040
vn -0.603043 0.313316 -0.733602
v -0.151613 -0.380865 -0.133471
vn -0.687862 0.274244 -0.672039
v -0.167898 -0.376035 -0.116651
vn -0.806710 0.208835 -0.552817
v -0.188522 -0.378245 -0.092342
vn -0.978953 0.108850 -0.172637
v -0.218789 -0.378803 -0.019672
vn -0.996414 0.082951 0.016677
v -0.221359 -0.377805 0.014381
vn -0.976317 0.074020 0.203286
v -0.217688 -0.381487 0.049206
vn -0.832145 0.132615 0.538467
v -0.189863 -0.379184 0.115876
vn -0.666484 0.191206 0.720583
v -0.157946 -0.375511 0.152271
vn -0.613282 0.209309 0.761627
v -0.147490 -0.378632 0.162177
vn -0.516471 0.236935 0.822872
v -0.128389 -0.376808 0.175170
vn -0.280599 0.290239 0.914891
v -0.074819 -0.368088 0.196907
vn 0.655994 0.193898 0.729435
v 0.164876 -0.369407 0.149464
vn 0.724893 0.171835 0.667085
v 0.178512 -0.376157 0.137848
vn 0.757478 0.156911 0.633724
v 0.184514 -0.370970 0.129746
vn 0.985639 0.081825 0.147715
v 0.226261 -0.384430 0.041346
vn 0.976347 0.103317 -0.189927
v 0.223981 -0.368204 -0.018496
vn 0.937522 0.145257 -0.316153
v 0.218011 -0.373388 -0.043266
vn -0.132854 0.417307 -0.899002
v -0.035187 -0.362864 -0.175630
vn -0.975896 0.104043 -0.191837
v -0.217328 -0.366703 -0.020467
vn -0.930902 0.082751 0.355772
v -0.207691 -0.360276 0.076565
vn -0.121230 0.308636 0.943423
v -0.032244 -0.362574 0.204493
vn 0.141972 0.305916 0.941413
v 0.042782 -0.359186 0.202702
vn 0.903223 0.102408 0.416775
v 0.210910 -0.373093 0.088981
vn 0.941140 0.089834 0.325861
v 0.216777 -0.364942 0.072265
vn 0.995994 0.078453 0.042914
v 0.225885 -0.356825 0.023201
vn 0.958402 0.116939 -0.260365
v 0.220735 -0.360012 -0.028383
vn 0.294285 0.388384 -0.873243
v 0.087232 -0.350428 -0.158936
vn 0.211278 0.412159 -0.886277
v 0.063750 -0.363313 -0.171505
vn -0.306095 0.383991 -0.871124
v -0.083059 -0.349328 -0.157932
vn -0.950705 0.123195 -0.284576
v -0.212433 -0.348769 -0.032186
vn -0.995992 0.082862 -0.033679
v -0.219110 -0.352098 0.009192
vn -0.898924 0.093243 0.428068
v -0.201791 -0.354127 0.089381
vn 0.194801 0.301586 0.933327
v 0.057357 -0.359633 0.200225
vn 0.961607 0.087149 0.260224
v 0.220328 -0.352242 0.056896
vn -0.109884 0.403591 -0.908317
v -0.030461 -0.338492 -0.165253
vn -0.124196 0.285574 0.950275
v -0.033475 -0.322820 0.191873
vn 0.965544 0.101497 0.239631
v 0.220301 -0.340355 0.052941
vn 0.364608 0.366558 -0.855977
v 0.105076 -0.324107 -0.140642
vn 0.280309 0.378466 -0.882151
v 0.083726 -0.327051 -0.149784
vn 0.051630 0.390921 -0.918975
v 0.018228 -0.326214 -0.161497
vn -0.330907 0.265425 0.905566
v -0.090181 -0.333090 0.181206
vn -0.039306 0.294196 0.954936
v -0.009889 -0.325451 0.194636
vn 0.038012 0.288475 0.956733
v 0.016220 -0.324767 0.194377
vn 0.170934 0.284893 0.943195
v 0.052938 -0.329267 0.191607
vn 0.967795 0.127640 0.216981
v 0.219636 -0.327165 0.048999
vn 0.794041 0.270285 -0.544468
v 0.192875 -0.310625 -0.066158
vn 0.126507 0.383869 -0.914681
v 0.039483 -0.320122 -0.156787
vn -0.139325 0.379401 -0.914682
v -0.037553 -0.318402 -0.155572
vn -0.831380 0.234238 -0.503925
v -0.192642 -0.311156 -0.058832
vn -0.989741 0.140766 -0.024458
v -0.216033 -0.320266 0.013303
vn -0.251911 0.265116 0.930728
v -0.068982 -0.314478 0.182458
vn 0.833827 0.163600 0.527226
v 0.198871 -0.320722 0.097392
vn 0.984498 0.166458 -0.055279
v 0.221693 -0.319272 0.009762
vn 0.659865 0.305488 -0.686481
v 0.169945 -0.309439 -0.092478
vn -0.303319 0.353825 -0.884763
v -0.082423 -0.303287 -0.138638
vn -0.612363 0.294587 -0.733641
v -0.155274 -0.307253 -0.100157
vn -0.658104 0.279000 -0.699327
v -0.163019 -0.303414 -0.091670
vn -0.980495 0.174939 -0.089584
v -0.214148 -0.311789 0.004887
vn -0.983665 0.180002 -0.001542
v -0.214059 -0.308008 0.016981
vn 0.289173 0.256529 0.922264
v 0.083274 -0.300978 0.176003
vn 0.384468 0.247279 0.889403
v 0.106099 -0.307077 0.169253
vn 0.612247 0.220860 0.759193
v 0.159435 -0.306171 0.137043
vn 0.942201 0.230390 -0.243263
v 0.211010 -0.285830 -0.012092
vn 0.910819 0.247012 -0.330749
v 0.207549 -0.287756 -0.024768
vn 0.878774 0.255104 -0.403334
v 0.203003 -0.290156 -0.037422
vn 0.685428 0.296697 -0.664950
v 0.173017 -0.288676 -0.079977
vn 0.456407 0.331509 -0.825709
v 0.125411 -0.289410 -0.116327
vn -0.338319 0.308366 -0.889073
v -0.091816 -0.286994 -0.129045
vn -0.535409 0.281323 -0.796363
v -0.137788 -0.291731 -0.107307
vn -0.578293 0.252192 -0.775872
v -0.146230 -0.287802 -0.099985
vn -0.833774 0.229078 -0.502339
v -0.190543 -0.296644 -0.055530
vn -0.912880 0.206447 -0.352179
v -0.201262 -0.291873 -0.031244
vn -0.939727 0.200877 -0.276698
v -0.204122 -0.287240 -0.019977
vn -0.960408 0.202441 -0.191401
v -0.206285 -0.283398 -0.008029
vn -0.974215 0.217643 -0.059473
v -0.209937 -0.289437 0.010490
vn -0.978137 0.207617 0.011923
v -0.211501 -0.295364 0.019189
vn -0.972728 0.213032 0.091746
v -0.209813 -0.290443 0.030273
vn 0.116018 0.252920 0.960506
v 0.038137 -0.289639 0.182594
vn 0.164878 0.248140 0.954590
v 0.050690 -0.287183 0.180130
vn 0.939151 0.202067 0.277784
v 0.210337 -0.288734 0.057781
vn 0.403361 0.333125 -0.852249
v 0.112107 -0.288247 -0.122744
vn -0.133600 0.334598 -0.932843
v -0.034146 -0.286126 -0.143584
vn -0.299172 0.331081 -0.894920
v -0.081685 -0.291656 -0.134392
vn -0.412395 0.300614 -0.859978
v -0.110971 -0.290992 -0.122165
vn -0.626314 0.233228 -0.743865
v -0.154611 -0.283794 -0.092123
vn -0.712330 0.233169 -0.661980
v -0.170359 -0.288188 -0.078601
vn -0.977459 0.211083 0.004172
v -0.208391 -0.281324 0.018189
vn 0.965844 0.226746 -0.125425
v 0.208375 -0.258325 0.006809
vn 0.948292 0.219003 -0.229740
v 0.209195 -0.273938 -0.008362
vn 0.919454 0.227000 -0.321053
v 0.206140 -0.276770 -0.020501
vn 0.754529 0.260439 -0.602377
v 0.180924 -0.269735 -0.062841
vn 0.411592 0.301753 -0.859963
v 0.111471 -0.267473 -0.115366
vn 0.104777 0.312662 -0.944068
v 0.030063 -0.269235 -0.138897
vn -0.249183 0.286182 -0.925207
v -0.070118 -0.272347 -0.131302
vn -0.372860 0.230681 -0.898756
v -0.102658 -0.269743 -0.119636
vn -0.909154 0.191851 -0.369638
v -0.196212 -0.270144 -0.032392
vn -0.967091 0.190698 -0.168432
v -0.204607 -0.271556 -0.004448
vn -0.413957 0.213942 0.884798
v -0.107729 -0.271900 0.157320
vn 0.093998 0.227045 0.969337
v 0.031148 -0.269873 0.178444
vn 0.415644 0.223019 0.881761
v 0.112037 -0.275003 0.158095
vn 0.978400 0.201125 0.047764
v 0.211212 -0.267379 0.027433
vn 0.300331 0.292367 -0.907923
v 0.082206 -0.253419 -0.122428
vn 0.108863 0.305898 -0.945820
v 0.031409 -0.257845 -0.135101
vn -0.192940 0.267839 -0.943947
v -0.060230 -0.252561 -0.127952
vn -0.602021 0.174192 -0.779248
v -0.146158 -0.252707 -0.091113
vn -0.101191 0.212013 0.972014
v -0.026644 -0.258912 0.175863
vn 0.017244 0.208398 0.977892
v 0.008169 -0.257804 0.177044
vn 0.099641 0.212566 0.972053
v 0.032034 -0.258272 0.175719
vn 0.316244 0.203685 0.926554
v 0.087768 -0.252086 0.162453
vn 0.405158 0.196567 0.892865
v 0.107156 -0.243428 0.152938
vn 0.854350 0.207516 0.476470
v 0.192418 -0.252565 0.082195
vn 0.962324 0.249082 -0.109044
v 0.205627 -0.245503 0.009871
vn -0.970566 0.225255 -0.085219
v -0.201114 -0.248287 0.005710
vn -0.943098 0.234889 0.235357
v -0.197029 -0.248065 0.050604
vn -0.912344 0.238173 0.333021
v -0.192635 -0.246622 0.063789
vn -0.468245 0.191222 0.862659
v -0.115220 -0.232885 0.144396
vn -0.298200 0.192592 0.934872
v -0.079789 -0.242191 0.161462
vn -0.047913 0.182476 0.982042
v -0.010816 -0.240543 0.173307
vn 0.067351 0.174716 0.982313
v 0.021463 -0.239310 0.172762
vn 0.351633 0.193159 0.915993
v 0.095307 -0.241562 0.157509
vn 0.892654 0.218053 0.394489
v 0.197024 -0.248883 0.071115
vn 0.918759 0.229950 0.320945
v 0.199894 -0.245291 0.061588
vn 0.964732 0.238144 0.112163
v 0.205476 -0.245169 0.037101
vn 0.650763 0.275564 -0.707511
v 0.158295 -0.235600 -0.072713
vn 0.529020 0.263192 -0.806764
v 0.132203 -0.226807 -0.089970
vn 0.449621 0.272968 -0.850487
v 0.116025 -0.237008 -0.102794
vn -0.103598 0.275933 -0.955578
v -0.049121 -0.222058 -0.121012
vn -0.389672 0.166795 -0.905724
v -0.108788 -0.233592 -0.109445
vn -0.780385 0.193471 -0.594616
v -0.172351 -0.237402 -0.060874
vn -0.857197 0.213821 -0.468502
v -0.182075 -0.231296 -0.043573
vn -0.928215 0.258502 0.267571
v -0.193158 -0.237288 0.053698
vn -0.805541 0.224875 0.548211
v -0.174540 -0.235555 0.093427
vn -0.669822 0.203681 0.714040
v -0.151804 -0.229351 0.117782
vn -0.515446 0.190613 0.835453
v -0.125341 -0.228378 0.137561
vn 0.141427 0.179003 0.973630
v 0.043152 -0.239393 0.170473
vn 0.504829 0.181502 0.843922
v 0.128096 -0.228540 0.138635
vn 0.874627 0.235148 0.423949
v 0.189742 -0.228110 0.074506
vn 0.941576 0.249969 0.225721
v 0.197468 -0.224588 0.050636
vn 0.624501 0.252625 -0.739040
v 0.148842 -0.217217 -0.074341
vn 0.026470 0.330101 -0.943574
v 0.012717 -0.218353 -0.123657
vn -0.026597 0.345948 -0.937877
v 0.000353 -0.214810 -0.122366
vn -0.064104 0.340444 -0.938077
v -0.021654 -0.213768 -0.120737
vn -0.043111 0.360377 -0.931810
v -0.029033 -0.204518 -0.116781
vn -0.384979 0.166081 0.907859
v -0.095574 -0.216395 0.150629
vn -0.331714 0.168962 0.928126
v -0.085263 -0.221353 0.155513
vn -0.159004 0.185891 0.969620
v -0.042176 -0.238288 0.169618
vn 0.006190 0.126363 0.991965
v 0.005819 -0.222400 0.170816
vn 0.580004 0.171909 0.796268
v 0.139577 -0.213578 0.127896
vn 0.710489 0.249455 -0.658010
v 0.162191 -0.209784 -0.059109
vn 0.626326 0.249214 -0.738653
v 0.147409 -0.205061 -0.071493
vn 0.584139 0.246105 -0.773443
v 0.139181 -0.210041 -0.079657
vn 0.139403 0.325987 -0.935040
v 0.048981 -0.206776 -0.116517
vn -0.824690 0.272164 -0.495795
v -0.173495 -0.204933 -0.045739
vn -0.945977 0.221594 -0.236693
v -0.187678 -0.207387 -0.013816
vn -0.909293 0.246114 0.335580
v -0.184703 -0.218436 0.063830
vn -0.831368 0.235158 0.503516
v -0.175014 -0.225240 0.088218
vn -0.751208 0.208312 0.626333
v -0.161164 -0.215876 0.103933
vn -0.690542 0.198833 0.695426
v -0.152597 -0.217239 0.113655
vn -0.172742 0.135313 0.975628
v -0.041035 -0.214020 0.165692
vn 0.061844 0.135416 0.988857
v 0.019622 -0.225369 0.170750
vn 0.169443 0.125543 0.977511
v 0.047666 -0.218038 0.166427
vn 0.319484 0.157532 0.934405
v 0.084439 -0.218373 0.156948
vn 0.807806 0.210300 0.550657
v 0.178181 -0.219495 0.090467
vn 0.316285 0.243546 -0.916869
v 0.089820 -0.205020 -0.106278
vn -0.975747 0.217364 0.025911
v -0.189207 -0.199455 0.016446
vn -0.838384 0.209447 0.503234
v -0.169872 -0.204950 0.087549
vn -0.816518 0.192623 0.544237
v -0.164508 -0.194825 0.092205
vn -0.762782 0.181953 0.620530
v -0.156859 -0.194350 0.102443
vn -0.652394 0.172505 0.737987
v -0.143854 -0.205576 0.118720
vn -0.451000 0.144253 0.880789
v -0.106442 -0.199132 0.142567
vn -0.200209 0.108055 0.973776
v -0.045251 -0.200623 0.163227
vn 0.188415 0.073919 0.979304
v 0.045625 -0.196537 0.164704
vn 0.263338 0.118753 0.957367
v 0.065630 -0.206296 0.160999
vn 0.361501 0.140362 0.921746
v 0.092851 -0.206259 0.151894
vn 0.661937 0.165615 0.731035
v 0.151382 -0.202356 0.115824
vn 0.762829 0.185819 0.619325
v 0.167131 -0.199147 0.098530
vn 0.808292 0.189255 0.557536
v 0.173490 -0.199101 0.090099
vn 0.850170 0.192163 0.490188
v 0.178691 -0.196678 0.080972
vn 0.914763 0.205495 0.347822
v 0.188358 -0.204891 0.064367
vn -0.178628 0.083676 0.980352
v -0.035680 -0.193540 0.164416
vn -0.008534 0.027616 0.999582
v 0.004972 -0.182418 0.167950
vn 0.915036 0.270163 -0.299534
v 0.186380 -0.185761 -0.007251
vn 0.494621 0.381903 -0.780705
v 0.119363 -0.180769 -0.082869
vn 0.267800 0.519621 -0.811343
v 0.091100 -0.168824 -0.090297
vn 0.019975 0.389159 -0.920954
v -0.047418 -0.174849 -0.104768
vn -0.421014 0.329831 -0.844961
v -0.112548 -0.183167 -0.095955
vn -0.515339 0.352293 -0.781227
v -0.121868 -0.181332 -0.089745
vn -0.585834 0.319341 -0.744863
v -0.131817 -0.186814 -0.084899
vn -0.665044 0.337205 -0.666340
v -0.143835 -0.187491 -0.074496
vn -0.941361 0.324598 -0.092068
v -0.184444 -0.180782 0.004909
vn -0.715076 0.235624 0.658139
v -0.145140 -0.169369 0.108203
vn -0.231269 0.069900 0.970375
v -0.045727 -0.176279 0.161018
vn 0.401080 0.107690 0.909691
v 0.092839 -0.172116 0.147694
vn 0.913679 0.384352 -0.132153
v 0.185713 -0.170944 0.012569
vn 0.798093 0.426092 -0.426020
v 0.174406 -0.169269 -0.018388
vn 0.763473 0.417622 -0.492647
v 0.169410 -0.172604 -0.029975
vn 0.005019 0.446760 -0.894640
v -0.020087 -0.162040 -0.098808
vn 0.010176 0.429215 -0.903145
v -0.035773 -0.165494 -0.100303
vn -0.517568 0.439669 -0.734040
v -0.119910 -0.163872 -0.081066
vn -0.717025 0.416613 -0.558846
v -0.148558 -0.168580 -0.056193
vn -0.755014 0.416540 -0.506408
v -0.156771 -0.169808 -0.045814
vn -0.930991 0.364589 0.018177
v -0.179483 -0.166237 0.022308
vn -0.910538 0.358052 0.206686
v -0.175694 -0.164664 0.045738
vn -0.893395 0.338966 0.294870
v -0.172216 -0.164667 0.058289
vn -0.842987 0.295628 0.449418
v -0.162370 -0.164246 0.080984
vn -0.303031 0.082977 0.949361
v -0.065176 -0.167389 0.154920
vn 0.623384 0.192680 0.757804
v 0.133969 -0.160195 0.120740
vn 0.752112 0.250495 0.609573
v 0.157566 -0.167264 0.099432
vn 0.842987 0.318759 0.433319
v 0.172058 -0.165405 0.076308
vn 0.925336 0.340535 0.166699
v 0.180076 -0.158762 0.045153
vn 0.925118 0.367002 -0.097296
v 0.181476 -0.159781 0.018969
vn 0.714471 0.378539 -0.588421
v 0.153818 -0.166984 -0.046832
vn 0.050109 0.484374 -0.873425
v 0.015417 -0.154833 -0.093849
vn 0.019328 0.472805 -0.880955
v -0.015768 -0.152206 -0.093097
vn 0.013164 0.447398 -0.894238
v -0.028165 -0.152607 -0.093527
vn -0.085630 0.441867 -0.892984
v -0.068567 -0.152243 -0.093428
vn -0.327337 0.450912 -0.830378
v -0.098462 -0.162383 -0.091962
vn -0.932383 0.330125 0.147238
v -0.173542 -0.155220 0.037483
vn -0.767664 0.235297 0.596093
v -0.147474 -0.157668 0.100521
vn -0.254898 0.033172 0.966399
v -0.046101 -0.155640 0.159776
vn 0.476442 0.117853 0.871271
v 0.104972 -0.157098 0.139580
vn 0.945797 0.277767 -0.168267
v 0.175701 -0.145402 0.012016
vn 0.912104 0.291254 -0.288508
v 0.173035 -0.145551 0.001426
vn 0.868887 0.289124 -0.401798
v 0.169092 -0.145740 -0.008739
vn 0.853295 0.244665 -0.460463
v 0.164231 -0.145905 -0.018395
vn 0.827767 0.246582 -0.503983
v 0.158879 -0.145949 -0.027591
vn 0.799239 0.251637 -0.545799
v 0.153174 -0.145819 -0.036511
vn 0.730962 0.252838 -0.633851
v 0.146766 -0.145422 -0.044927
vn 0.619946 0.262971 -0.739266
v 0.139085 -0.144596 -0.052247
vn 0.501523 0.286535 -0.816316
v 0.129891 -0.143321 -0.058228
vn 0.415316 0.325425 -0.849477
v 0.121332 -0.142024 -0.062305
vn 0.347391 0.389035 -0.853213
v 0.108534 -0.140242 -0.066827
vn 0.293458 0.422631 -0.857476
v 0.097582 -0.139216 -0.070319
vn 0.244495 0.433307 -0.867449
v 0.082280 -0.138938 -0.074907
vn 0.030961 0.405297 -0.913661
v -0.034615 -0.141314 -0.088643
vn 0.014681 0.394076 -0.918960
v -0.049511 -0.141831 -0.089422
vn -0.300624 0.419420 -0.856570
v -0.095784 -0.143036 -0.082975
vn -0.881336 0.338583 -0.329558
v -0.168302 -0.150101 -0.006361
vn -0.940610 0.283216 0.187192
v -0.169455 -0.145230 0.043737
vn -0.923252 0.271631 0.271703
v -0.166559 -0.145221 0.055317
vn -0.900255 0.259642 0.349466
v -0.162573 -0.145221 0.067252
vn -0.867942 0.247159 0.430802
v -0.157570 -0.145221 0.078796
vn -0.817347 0.233966 0.526502
v -0.150716 -0.145221 0.091134
vn 0.410222 0.067154 0.909510
v 0.084309 -0.145221 0.148926
vn 0.459607 0.085880 0.883960
v 0.096329 -0.145221 0.143027
vn 0.671968 0.167871 0.721303
v 0.137714 -0.145220 0.114003
vn 0.732477 0.191271 0.653371
v 0.146046 -0.145220 0.105304
vn 0.781998 0.214830 0.585088
v 0.153478 -0.145220 0.096106
vn 0.828934 0.236091 0.507079
v 0.159938 -0.145221 0.086394
vn 0.867453 0.253097 0.428330
v 0.165437 -0.145221 0.076392
vn 0.903239 0.274632 0.329754
v 0.170371 -0.145221 0.064743
vn -0.869894 0.005242 -0.493212
v -0.258736 -0.812562 -0.148721
vn 0.414434 0.032781 0.909489
v 0.128288 -0.812562 0.275568
vn -0.973986 0.194036 0.117055
v -0.240310 -0.533200 0.033246
vn 0.998333 0.044068 -0.037286
v 0.305563 -0.812562 -0.009276
vn 0.993297 0.059095 -0.099338
v 0.303525 -0.799267 -0.029200
vn -0.220679 0.184395 0.957757
v -0.049724 -0.540630 0.254442
vn 0.849528 0.188839 0.492588
v 0.213038 -0.530084 0.136799
vn -0.840536 0.012490 -0.541611
v -0.249985 -0.803166 -0.163046
vn -0.861078 0.013761 -0.508287
v -0.256188 -0.803168 -0.152942
vn -0.723075 0.051749 0.688829
v -0.214749 -0.802616 0.208354
vn 0.389514 0.048019 0.919768
v 0.121934 -0.803353 0.278014
vn 0.990189 0.090095 -0.106811
v 0.302148 -0.785651 -0.032756
vn 0.235239 0.037743 -0.971205
v 0.074966 -0.793621 -0.292687
vn -0.760859 0.090550 0.642568
v -0.226326 -0.792458 0.194356
vn 0.416804 0.119005 0.901172
v 0.128798 -0.782286 0.272987
vn -0.971823 0.205124 0.116119
v -0.235807 -0.511161 0.033594
vn -0.175055 0.229821 0.957360
v -0.039817 -0.516521 0.251243
vn -0.751381 0.237249 -0.615743
v -0.163601 -0.212632 -0.063370
vn 0.195506 0.111117 -0.974387
v 0.062794 -0.774302 -0.293919
vn 0.868710 0.197625 0.454188
v 0.215302 -0.512572 0.125533
vn -0.838672 0.072780 -0.539752
v -0.249454 -0.784229 -0.162553
vn 0.730011 0.269094 -0.628229
v 0.183287 -0.510735 -0.163181
vn -0.412978 0.325379 -0.850633
v -0.099329 -0.500983 -0.218165
vn 0.943614 0.242272 -0.225603
v 0.193527 -0.207892 -0.000946
vn -0.975316 0.202819 0.087309
v -0.235370 -0.504844 0.025003
vn 0.986212 0.127134 -0.105939
v 0.300469 -0.772483 -0.035476
vn -0.780466 0.285002 -0.556460
v -0.166628 -0.202428 -0.054748
vn -0.852925 0.139875 -0.502946
v -0.253944 -0.765041 -0.151233
vn -0.971461 0.200182 0.127242
v -0.231759 -0.493377 0.036107
vn 0.987600 0.154299 -0.028950
v 0.301420 -0.767986 -0.012168
vn 0.983881 0.166618 -0.064932
v 0.300078 -0.763491 -0.024132
vn 0.981790 0.166045 -0.092287
v 0.298445 -0.759246 -0.035820
vn -0.170154 0.248664 0.953527
v -0.037752 -0.503801 0.248381
vn 0.190184 0.176427 -0.965766
v 0.061653 -0.754156 -0.291149
vn 0.862324 0.212993 0.459382
v 0.211019 -0.489786 0.123381
vn 0.706433 0.294849 -0.643441
v 0.177188 -0.488031 -0.160024
vn 0.342180 0.110484 0.933116
v 0.084306 -0.194768 0.153615
vn 0.109036 0.456500 -0.883017
v 0.051814 -0.184866 -0.106577
vn -0.677523 0.192361 0.709902
v -0.142416 -0.180508 0.114490
vn 0.401945 0.213039 0.890536
v 0.123676 -0.745965 0.268345
vn -0.974914 0.186404 0.121643
v -0.226502 -0.467246 0.035532
vn 0.971559 0.224112 -0.076466
v 0.293664 -0.736541 -0.038153
vn -0.204049 0.272915 0.940149
v -0.046204 -0.478854 0.239883
vn 0.184318 0.227613 -0.956148
v 0.059460 -0.732007 -0.286820
vn 0.681915 0.312319 -0.661399
v 0.170235 -0.465565 -0.156682
vn -0.701710 0.233738 0.673030
v -0.206822 -0.734748 0.201081
vn 0.892725 0.397326 -0.212544
v 0.180626 -0.162679 0.006185
vn -0.794538 0.374928 -0.477638
v -0.157562 -0.160850 -0.037283
vn -0.837692 0.233524 -0.493699
v -0.247239 -0.726052 -0.147350
vn 0.400679 0.242201 0.883626
v 0.122155 -0.724596 0.263487
vn 0.969569 0.244106 -0.018637
v 0.292045 -0.724469 -0.008433
vn 0.189575 0.240527 -0.951950
v 0.059060 -0.711649 -0.281798
vn 0.863909 0.167887 0.474842
v 0.204734 -0.455422 0.119910
vn -0.619881 0.141868 0.771765
v -0.123285 -0.145225 0.122061
vn 0.362014 0.046359 0.931019
v 0.072096 -0.145221 0.154175
vn -0.718389 0.250140 0.649112
v -0.208111 -0.714332 0.192240
vn 0.832661 0.128697 0.538622
v 0.196296 -0.437481 0.128904
vn -0.850998 0.261651 -0.455348
v -0.248594 -0.706997 -0.135106
vn -0.314194 0.394845 -0.863354
v -0.078897 -0.419313 -0.191225
vn -0.175321 0.305570 0.935890
v -0.041875 -0.424962 0.223674
vn 0.681654 0.260924 -0.683569
v 0.168123 -0.422119 -0.140647
vn -0.300571 0.397879 -0.866804
v -0.078122 -0.406861 -0.185802
vn 0.402353 0.245568 0.881934
v 0.120659 -0.701707 0.257737
vn -0.990221 0.055161 0.128137
v -0.221121 -0.396447 0.034930
vn 0.960236 0.272081 -0.062596
v 0.281326 -0.686915 -0.032169
vn 0.828960 0.111146 0.548154
v 0.197754 -0.401952 0.119296
vn 0.078521 0.503452 -0.860448
v 0.031192 -0.141128 -0.084728
vn -0.847389 0.279468 -0.451475
v -0.243142 -0.686202 -0.132743
vn 0.414383 0.222822 0.882404
v 0.120128 -0.678319 0.251731
vn 0.960116 0.268501 -0.078005
v 0.274100 -0.661444 -0.031577
vn 0.806544 0.145052 0.573102
v 0.193714 -0.379461 0.119985
vn -0.846287 0.258848 -0.465614
v -0.233936 -0.659512 -0.133850
vn -0.992699 0.067584 0.099906
v -0.219360 -0.363036 0.030310
vn 0.963606 0.254277 -0.082499
v 0.270530 -0.648453 -0.031169
vn 0.189999 0.128976 -0.973276
v 0.053617 -0.633267 -0.265897
vn -0.268914 0.224933 -0.936531
v -0.082319 -0.254191 -0.123088
vn -0.860080 0.216010 -0.462171
v -0.228675 -0.635627 -0.131055
vn 0.660979 0.281094 -0.695768
v 0.169687 -0.347791 -0.108828
vn -0.724162 0.155506 0.671869
v -0.189109 -0.637176 0.186166
vn -0.996394 0.076435 0.036823
v -0.219152 -0.351567 0.022028
vn 0.194388 0.117189 -0.973899
v 0.054061 -0.622812 -0.264532
vn -0.130310 0.465895 -0.875192
v -0.076128 -0.161769 -0.097626
vn 0.805193 0.160162 0.570975
v 0.193877 -0.330093 0.107657
vn -0.867063 0.190322 -0.460412
v -0.226467 -0.623712 -0.129951
vn 0.645792 0.291690 -0.705599
v 0.167491 -0.333354 -0.105022
vn -0.346741 0.363228 -0.864775
v -0.093452 -0.320936 -0.141821
vn 0.430534 0.088724 0.898203
v 0.115285 -0.623896 0.244577
vn 0.283238 0.122409 -0.951206
v 0.074800 -0.610566 -0.257892
vn -0.169506 0.269088 0.948082
v -0.048099 -0.308551 0.185438
vn 0.182462 0.186538 -0.965355
v 0.050671 -0.575263 -0.258459
vn -0.869329 0.160035 -0.467606
v -0.220691 -0.590615 -0.129022
vn 0.387585 0.093004 0.917131
v 0.101693 -0.594247 0.248059
vn -0.126464 0.253830 0.958946
v -0.034077 -0.292505 0.183163
vn 0.279941 0.162619 -0.946144
v 0.072276 -0.585022 -0.255064
vn 0.228875 0.174689 -0.957653
v 0.061148 -0.580305 -0.257192
vn 0.391576 0.149261 0.907959
v 0.101365 -0.569856 0.245022
vn 0.427147 0.134733 0.894087
v 0.110584 -0.575761 0.241735
vn 0.241108 0.224561 -0.944161
v 0.062664 -0.559943 -0.252421
vn 0.186538 0.215887 -0.958434
v 0.050453 -0.563795 -0.256101
vn -0.864690 0.197991 -0.461640
v -0.215557 -0.555848 -0.125337
vn -0.767190 0.159716 0.621217
v -0.187881 -0.561831 0.172406
vn 0.976089 0.204973 -0.072364
v 0.251267 -0.545909 -0.019132
vn 0.972364 0.201652 -0.117666
v 0.251430 -0.551921 -0.030489
vn 0.737885 0.005302 -0.674905
v 0.226804 -0.812562 -0.203065
vn -0.992564 0.049348 0.111276
v -0.296326 -0.812562 0.033857
vn 0.190202 0.273582 -0.942855
v 0.051188 -0.539167 -0.249634
vn -0.857861 0.224981 -0.462015
v -0.211123 -0.532732 -0.123017
vn 0.869512 0.030724 0.492956
v 0.266195 -0.812562 0.149846
vn -0.737324 0.174032 0.652737
v -0.178434 -0.544894 0.179075
vn 0.774749 0.012279 -0.632150
v 0.237678 -0.803222 -0.190370
vn 0.749382 0.013582 -0.661999
v 0.229996 -0.803225 -0.199377
vn 0.971366 0.207045 -0.116536
v 0.248764 -0.538781 -0.029690
vn -0.184675 0.046984 0.981676
v -0.051145 -0.803020 0.297079
vn 0.857542 0.047849 0.512184
v 0.262810 -0.803069 0.155015
vn -0.381077 0.037182 -0.923795
v -0.110981 -0.793841 -0.278540
vn -0.988660 0.077191 0.128814
v -0.294598 -0.791703 0.038689
vn 0.199329 0.300032 -0.932871
v 0.053022 -0.526589 -0.245399
vn -0.842563 0.245976 -0.479150
v -0.204561 -0.508807 -0.122776
vn 0.870607 0.123034 0.476347
v 0.266348 -0.783070 0.145532
vn 0.076324 0.457472 -0.885943
v 0.033720 -0.170769 -0.100484
vn 0.772065 0.071962 -0.631456
v 0.236929 -0.784415 -0.190182
vn 0.424524 0.231945 0.875203
v 0.106235 -0.507971 0.229697
vn -0.419274 0.116682 -0.900330
v -0.121946 -0.773459 -0.272031
vn 0.974830 0.211033 -0.071920
v 0.243412 -0.507594 -0.015820
vn 0.971351 0.209714 -0.111792
v 0.243652 -0.513438 -0.026575
vn -0.991449 0.094987 0.089476
v -0.295405 -0.785671 0.026740
vn -0.201053 0.149817 0.968056
v -0.057691 -0.773684 0.292862
vn 0.740048 0.138856 -0.658064
v 0.227345 -0.765327 -0.198207
vn -0.977812 0.169263 0.123423
v -0.291717 -0.765935 0.035568
vn 0.171606 0.338695 -0.925115
v 0.045601 -0.507960 -0.240453
vn -0.857448 0.256580 -0.446038
v -0.205572 -0.490929 -0.111275
vn -0.173018 0.229479 -0.957812
v -0.080430 -0.201765 -0.111536
vn -0.407797 0.173644 -0.896409
v -0.119355 -0.754285 -0.270022
vn 0.969414 0.222607 -0.103356
v 0.238834 -0.490064 -0.023196
vn -0.978807 0.180631 0.096483
v -0.291959 -0.760285 0.024169
vn 0.167370 0.389604 -0.905647
v 0.046206 -0.474346 -0.227066
vn 0.849617 0.216976 0.480701
v 0.258302 -0.743252 0.145255
vn -0.737345 0.216846 0.639766
v -0.171427 -0.470539 0.163461
vn -0.400079 0.226455 -0.888063
v -0.116502 -0.731048 -0.266119
vn -0.190353 0.063390 0.979667
v -0.035695 -0.180957 0.163503
vn -0.214052 0.242437 0.946259
v -0.060407 -0.725727 0.281862
vn 0.842209 0.245665 0.479930
v 0.253581 -0.721133 0.142922
vn -0.132862 0.423280 -0.896204
v -0.072921 -0.142481 -0.088317
vn -0.396041 0.243793 -0.885278
v -0.114391 -0.718812 -0.263737
vn -0.194784 0.242934 0.950285
v -0.052795 -0.712311 0.280059
vn -0.832889 0.195854 -0.517626
v -0.191802 -0.440518 -0.109926
vn 0.714872 0.255959 -0.650725
v 0.215117 -0.702494 -0.191103
vn -0.958366 0.253620 0.131193
v -0.279052 -0.709500 0.032961
vn 0.182159 0.417331 -0.890310
v 0.051420 -0.430910 -0.206223
vn 0.839945 0.256090 0.478445
v 0.250996 -0.709730 0.141433
vn 0.838825 0.262423 0.476977
v 0.248387 -0.698528 0.139963
vn 0.713455 0.262036 -0.649861
v 0.209317 -0.680152 -0.188396
vn -0.406952 0.246394 -0.879591
v -0.114540 -0.690167 -0.255676
vn -0.844489 0.183013 -0.503334
v -0.196213 -0.401762 -0.089465
vn 0.376272 0.280475 0.883036
v 0.098088 -0.400551 0.200756
vn 0.994401 0.067387 -0.081396
v 0.228991 -0.401875 -0.004698
vn 0.842227 0.256442 0.474227
v 0.243111 -0.676204 0.136945
vn -0.410482 0.223944 -0.883942
v -0.110788 -0.667123 -0.251180
vn -0.191168 0.166710 0.967297
v -0.048017 -0.660523 0.269074
vn 0.729232 0.204708 -0.652928
v 0.201954 -0.641642 -0.182147
vn -0.380933 0.180236 -0.906865
v -0.099181 -0.650472 -0.252518
vn -0.968670 0.220532 0.114213
v -0.260329 -0.637484 0.027814
vn 0.206212 0.404403 -0.891030
v 0.062881 -0.350148 -0.165641
vn -0.826739 0.202917 -0.524717
v -0.192358 -0.353874 -0.077280
vn -0.686645 0.174284 0.705793
v -0.164850 -0.344352 0.138180
vn 0.733557 0.156301 -0.661410
v 0.195085 -0.615739 -0.182977
vn -0.420950 0.146307 -0.895207
v -0.107080 -0.633292 -0.245926
vn -0.808407 0.232613 -0.540711
v -0.189582 -0.328821 -0.071687
vn 0.972733 0.156287 -0.171362
v 0.220895 -0.327305 -0.008235
vn 0.873372 0.140800 0.466258
v 0.232857 -0.620129 0.130963
vn -0.426832 0.126792 -0.895398
v -0.105280 -0.610474 -0.243432
vn -0.979904 0.165056 0.112007
v -0.252413 -0.597682 0.032406
vn -0.270757 0.064843 0.960461
v -0.064883 -0.612743 0.259984
vn -0.788368 0.244275 -0.564629
v -0.185094 -0.303731 -0.066892
vn -0.628662 0.211429 0.748386
v -0.155538 -0.317392 0.139462
vn -0.985476 0.166303 0.034365
v -0.254521 -0.600857 0.010389
vn 0.851595 0.142952 0.504332
v 0.223159 -0.592923 0.140777
vn 0.871122 0.141565 0.470219
v 0.229009 -0.597791 0.131818
vn -0.420733 0.155419 -0.893772
v -0.103134 -0.587380 -0.241007
vn -0.789227 0.230821 -0.569071
v -0.183428 -0.293208 -0.064761
vn 0.741482 0.189040 -0.643792
v 0.191995 -0.571416 -0.175549
vn -0.405770 0.207630 -0.890079
v -0.100143 -0.564335 -0.237660
vn -0.225530 0.145293 0.963341
v -0.051778 -0.564237 0.258087
vn 0.867930 0.163112 0.469139
v 0.225290 -0.573775 0.130966
vn -0.645033 0.207675 0.735394
v -0.155184 -0.278384 0.128277
vn -0.976686 0.182574 0.112926
v -0.245086 -0.557202 0.032120
vn 0.140220 0.322641 -0.936078
v 0.040191 -0.277396 -0.140337
vn -0.192772 0.169142 0.966556
v -0.043297 -0.551166 0.257781
vn -0.782239 0.187068 -0.594229
v -0.176974 -0.260986 -0.062285
vn 0.200276 0.005445 -0.979724
v 0.064562 -0.812562 -0.295283
vn -0.642825 0.192388 0.741460
v -0.151650 -0.252670 0.124536
vn 0.711054 0.241831 -0.660242
v 0.180544 -0.537806 -0.177094
vn -0.737386 0.032829 0.674673
v -0.219364 -0.812562 0.203911
vn 0.989265 0.062124 -0.132273
v 0.302012 -0.796877 -0.041163
vn 0.255245 0.012706 -0.966793
v 0.080854 -0.803119 -0.291394
vn 0.217206 0.014036 -0.976025
v 0.069328 -0.803111 -0.294170
vn 0.869938 0.179963 0.459153
v 0.221289 -0.548407 0.129062
vn -0.750071 0.052145 0.659298
v -0.222701 -0.802792 0.199655
vn 0.431179 0.054667 0.900609
v 0.133211 -0.801984 0.272867
vn -0.973503 0.197286 0.115629
v -0.238014 -0.521964 0.033544
vn 0.996524 0.056477 -0.061245
v 0.304633 -0.801250 -0.016845
vn -0.244246 0.198218 0.949238
v -0.055152 -0.531760 0.251373
vn -0.189501 0.208103 0.959574
v -0.043882 -0.529223 0.253387
vn 0.869108 0.193890 0.455036
v 0.217287 -0.524388 0.126822
vn -0.850867 0.037209 -0.524061
v -0.253016 -0.793729 -0.157886
vn 0.736349 0.257996 -0.625483
v 0.186082 -0.521612 -0.164517
vn -0.723418 0.126935 0.678641
v -0.214443 -0.780264 0.205705
vn 0.365494 0.074338 0.927840
v 0.114392 -0.794853 0.280551
vn 0.253692 0.073695 -0.964474
v 0.080430 -0.784066 -0.290752
vn 0.825614 0.193591 0.529984
v 0.206705 -0.523636 0.144791
vn -0.866157 0.109334 -0.487666
v -0.257918 -0.774670 -0.146840
vn 0.989775 0.125516 -0.067753
v 0.302101 -0.776110 -0.022456
vn -0.217099 0.243057 0.945405
v -0.048839 -0.507865 0.247210
vn -0.741576 0.281565 -0.608921
v -0.159151 -0.200537 -0.063613
vn 0.213276 0.143137 -0.966450
v 0.068040 -0.764432 -0.291486
vn 0.864056 0.205633 0.459480
v 0.213019 -0.501152 0.124811
vn -0.597517 0.154681 0.786795
v -0.134204 -0.199925 0.125345
vn 0.718539 0.284092 -0.634818
v 0.180279 -0.499302 -0.161706
vn -0.975503 0.203586 0.083348
v -0.233302 -0.494424 0.023870
vn 0.992860 0.117629 -0.019827
v 0.303289 -0.781092 -0.008841
vn -0.859147 0.170676 -0.482427
v -0.255624 -0.755358 -0.145317
vn 0.953392 0.295199 -0.062465
v 0.190038 -0.180771 0.018388
vn 0.980018 0.196052 -0.033587
v 0.299194 -0.755910 -0.013916
vn 0.976735 0.198534 -0.081070
v 0.296053 -0.747016 -0.036849
vn -0.201615 0.256844 0.945189
v -0.045313 -0.493324 0.244122
vn -0.719254 0.346748 -0.602030
v -0.153471 -0.188275 -0.064366
vn 0.692169 0.313622 -0.650033
v 0.173830 -0.477107 -0.158489
vn 0.368969 0.065154 0.927155
v 0.076974 -0.158713 0.152927
vn -0.400974 0.373721 -0.836393
v -0.097269 -0.467854 -0.205349
vn 0.786711 0.194037 0.586034
v 0.172517 -0.208999 0.094743
vn -0.851098 0.218608 -0.477328
v -0.252226 -0.735907 -0.143354
vn 0.929272 0.368833 -0.020390
v 0.186283 -0.169835 0.024750
vn 0.400855 0.230678 0.886625
v 0.122473 -0.735318 0.266212
vn 0.973273 0.229020 -0.017021
v 0.295087 -0.736673 -0.006436
vn 0.206506 0.239621 -0.948650
v 0.064347 -0.720625 -0.282946
vn 0.861256 0.200850 0.466795
v 0.206801 -0.466991 0.120685
vn -0.719681 0.242665 0.650517
v -0.210420 -0.725079 0.193742
vn -0.357785 0.379236 -0.853328
v -0.088162 -0.449376 -0.201195
vn -0.793805 0.330331 -0.510642
v -0.151965 -0.151596 -0.040071
vn -0.077083 0.407601 -0.909901
v -0.071921 -0.171699 -0.103213
vn -0.845290 0.244206 -0.475235
v -0.248067 -0.716488 -0.141230
vn 0.967718 0.244465 -0.061303
v 0.288179 -0.712838 -0.032680
vn -0.161726 0.306056 0.938176
v -0.036458 -0.448095 0.232208
vn 0.187774 0.243713 -0.951496
v 0.058381 -0.699851 -0.278918
vn 0.863030 0.133326 0.487241
v 0.202823 -0.443489 0.119654
vn -0.991153 0.045714 0.124606
v -0.222524 -0.432216 0.034216
vn 0.186894 0.238464 -0.952998
v 0.057390 -0.687449 -0.275951
vn -0.835420 0.272683 -0.477197
v -0.242949 -0.697577 -0.139947
vn 0.077349 0.455591 -0.886822
v 0.040836 -0.188507 -0.109665
vn 0.711882 0.260665 -0.652134
v 0.176381 -0.406225 -0.125905
vn 0.681587 0.271511 -0.679500
v 0.169601 -0.410513 -0.134731
vn 0.407049 0.236233 0.882330
v 0.120218 -0.690163 0.254768
vn 0.959001 0.274228 -0.071531
v 0.277746 -0.674384 -0.031925
vn 0.665414 0.290372 -0.687683
v 0.168686 -0.389439 -0.126889
vn -0.720617 0.217322 0.658394
v -0.196460 -0.663993 0.185844
vn 0.384988 0.174630 0.906250
v 0.107928 -0.659850 0.252952
vn 0.192205 0.149780 -0.969857
v 0.057553 -0.643177 -0.266488
vn -0.853110 0.242502 -0.461947
v -0.231293 -0.647333 -0.132055
vn 0.668008 0.279914 -0.689503
v 0.170523 -0.360973 -0.113341
vn 0.970450 0.227989 -0.079044
v 0.267902 -0.636835 -0.027896
vn 0.785778 0.143170 0.601710
v 0.190227 -0.353043 0.118388
vn -0.984050 0.092783 0.151782
v -0.216731 -0.340011 0.038073
vn -0.849324 0.176208 -0.497595
v -0.219967 -0.617237 -0.139180
vn 0.426075 0.104873 0.898589
v 0.114853 -0.634184 0.245873
vn -0.993358 0.091403 0.069898
v -0.217938 -0.340003 0.027384
vn 0.761761 0.181047 0.622047
v 0.186152 -0.324413 0.116212
vn -0.755021 0.114026 0.645710
v -0.190565 -0.605363 0.178458
vn 0.985230 0.169546 -0.024015
v 0.264290 -0.613653 -0.006977
vn 0.195584 0.117758 -0.973591
v 0.053638 -0.611010 -0.263243
vn -0.853810 0.164174 -0.494019
v -0.219090 -0.607102 -0.137228
vn 0.610571 0.316303 -0.726055
v 0.160886 -0.310879 -0.101207
vn 0.235239 0.143039 -0.961354
v 0.062827 -0.592400 -0.258784
vn -0.781924 0.125346 0.610641
v -0.196869 -0.597608 0.169280
vn 0.977536 0.177993 -0.112879
v 0.256561 -0.577996 -0.030162
vn -0.813064 0.212366 -0.542059
v -0.175137 -0.227733 -0.053581
vn -0.749559 0.137120 0.647580
v -0.185291 -0.580902 0.179850
vn 0.390055 0.119075 0.913060
v 0.101619 -0.581945 0.246669
vn 0.427961 0.108313 0.897284
v 0.111289 -0.587511 0.243017
vn 0.223029 0.204841 -0.953047
v 0.059009 -0.570074 -0.255650
vn -0.867141 0.182834 -0.463291
v -0.217563 -0.567507 -0.126295
vn 0.974946 0.190572 -0.114728
v 0.254089 -0.564978 -0.030356
vn -0.846337 0.190555 -0.497395
v -0.211318 -0.561436 -0.135173
vn 0.654305 0.273129 -0.705185
v 0.162870 -0.257985 -0.077339
vn 0.357939 0.160052 0.919926
v 0.092166 -0.563310 0.247656
vn 0.425369 0.160296 0.890711
v 0.110417 -0.563960 0.239851
vn 0.190450 0.242407 -0.951298
v 0.050747 -0.551760 -0.253198
vn 0.611262 0.273714 -0.742589
v 0.153290 -0.252127 -0.083472
vn -0.970191 0.207623 0.124989
v -0.204179 -0.265868 0.033562
vn -0.413862 0.005559 -0.910323
v -0.120898 -0.812562 -0.274525
vn -0.204053 0.037988 0.978223
v -0.057179 -0.812562 0.296219
vn -0.361819 0.012336 -0.932167
v -0.105425 -0.803243 -0.280959
vn -0.398189 0.013917 -0.917198
v -0.116414 -0.803244 -0.276416
vn -0.990169 0.052986 0.129452
v -0.295108 -0.803112 0.039878
vn -0.224588 0.049584 0.973192
v -0.062735 -0.803074 0.294549
vn -0.850086 0.237844 -0.469877
v -0.208124 -0.521014 -0.122687
vn 0.877972 0.048231 0.476276
v 0.268751 -0.802830 0.144597
vn 0.761098 0.036663 -0.647599
v 0.233666 -0.793848 -0.194902
vn 0.971083 0.209291 -0.114872
v 0.246153 -0.525974 -0.028292
vn -0.183423 0.114112 0.976388
v -0.052063 -0.783595 0.295350
vn 0.843570 0.077435 0.531407
v 0.258515 -0.793767 0.160934
vn -0.170257 0.234314 -0.957136
v -0.071326 -0.221181 -0.117601
vn 0.726678 0.108146 -0.678413
v 0.224274 -0.775124 -0.203459
vn -0.361987 0.073117 -0.929311
v -0.105349 -0.784311 -0.280231
vn -0.983924 0.125844 0.126718
v -0.293484 -0.778590 0.037224
vn -0.837839 0.254899 -0.482754
v -0.201586 -0.496537 -0.121652
vn -0.740479 0.209838 0.638482
v -0.175086 -0.505042 0.170962
vn 0.970323 0.216119 -0.108467
v 0.241193 -0.501357 -0.024965
vn 0.577162 0.322575 -0.750219
v 0.138836 -0.185494 -0.071465
vn 0.723122 0.171028 -0.669211
v 0.222325 -0.755636 -0.201521
vn -0.971225 0.204512 0.122054
v -0.289480 -0.753362 0.034074
vn 0.210151 0.377437 -0.901875
v 0.056449 -0.480321 -0.227491
vn 0.169925 0.369517 -0.913555
v 0.046540 -0.485229 -0.231558
vn -0.849109 0.262889 -0.458151
v -0.202055 -0.478518 -0.110757
vn 0.628570 0.328384 -0.705027
v 0.147066 -0.183122 -0.063690
vn -0.121639 0.335480 -0.934161
v -0.078294 -0.179629 -0.105765
vn -0.951148 0.298453 0.079016
v -0.183275 -0.177318 0.027860
vn -0.403437 0.198830 -0.893144
v -0.117978 -0.743548 -0.268427
vn -0.011576 0.392650 -0.919615
v -0.060007 -0.172904 -0.104178
vn 0.718033 0.223233 -0.659238
v 0.219546 -0.735007 -0.198267
vn 0.164112 0.405260 -0.899351
v 0.045631 -0.463452 -0.222371
vn 0.845074 0.231659 0.481854
v 0.256038 -0.732906 0.144470
vn 0.707388 0.246125 -0.662589
v 0.214059 -0.712039 -0.195852
vn -0.792239 0.197638 -0.577318
v -0.183802 -0.423137 -0.115766
vn -0.825128 0.182016 -0.534821
v -0.189756 -0.428137 -0.108803
vn 0.711781 0.264187 -0.650825
v 0.212063 -0.692229 -0.190286
vn 0.331388 0.282443 0.900227
v 0.086734 -0.423548 0.212612
vn -0.407509 0.246710 -0.879244
v -0.116197 -0.700362 -0.257777
vn -0.826997 0.189496 -0.529309
v -0.191469 -0.407654 -0.099076
vn 0.362239 0.283180 0.888027
v 0.094131 -0.414074 0.206734
vn -0.188522 0.238527 0.952662
v -0.049737 -0.696587 0.276679
vn 0.839410 0.263176 0.475531
v 0.245715 -0.687387 0.138440
vn -0.408655 0.238900 -0.880868
v -0.112526 -0.678540 -0.253384
vn 0.178246 0.420131 -0.889785
v 0.053563 -0.391656 -0.187085
vn 0.992063 0.092868 -0.084779
v 0.227796 -0.387213 -0.004243
vn 0.846608 0.246726 0.471574
v 0.240567 -0.664997 0.135513
vn 0.721209 0.235414 -0.651489
v 0.204369 -0.655275 -0.184145
vn -0.413791 0.198657 -0.888433
v -0.109317 -0.655876 -0.249115
vn -0.706191 0.154793 0.690893
v -0.167425 -0.368244 0.141304
vn 0.986025 0.095787 -0.136305
v 0.224752 -0.359943 -0.009174
vn -0.220637 0.137602 0.965601
v -0.055485 -0.649828 0.265822
vn 0.735932 0.173038 -0.654570
v 0.198691 -0.628142 -0.181995
vn 0.318395 0.274371 0.907384
v 0.089437 -0.354572 0.189732
vn -0.417993 0.167079 -0.892954
v -0.108115 -0.644610 -0.247403
vn 0.867953 0.163395 0.468999
v 0.233892 -0.630700 0.132527
vn 0.268029 0.274948 0.923344
v 0.078397 -0.331272 0.186147
vn -0.425632 0.131648 -0.895269
v -0.106160 -0.621915 -0.244618
vn -0.976784 0.176125 0.121952
v -0.255856 -0.619760 0.034278
vn -0.653058 0.191410 0.732719
v -0.160243 -0.330196 0.138943
vn 0.748120 0.156414 -0.644865
v 0.195590 -0.594047 -0.177409
vn 0.332199 0.265133 0.905179
v 0.094100 -0.323886 0.178903
vn -0.983134 0.168352 0.071445
v -0.252701 -0.593085 0.021167
vn -0.216652 0.063201 0.974201
v -0.051065 -0.613543 0.263500
vn 0.871776 0.131986 0.471791
v 0.230804 -0.609681 0.131905
vn -0.383816 0.145474 -0.911879
v -0.094260 -0.592570 -0.245810
vn -0.978091 0.177216 0.109238
v -0.250335 -0.585114 0.031418
vn -0.239509 0.099370 0.965796
v -0.056528 -0.592687 0.260597
vn -0.612821 0.222760 0.758174
v -0.151589 -0.304633 0.139016
vn 0.336998 0.251602 0.907265
v 0.095561 -0.305163 0.173007
vn 0.960920 0.224701 -0.161683
v 0.215272 -0.295800 -0.003489
vn -0.193342 0.110516 0.974887
v -0.045418 -0.586870 0.262447
vn -0.596935 0.217466 0.772255
v -0.146969 -0.283867 0.136567
vn 0.707272 0.182957 -0.682856
v 0.183650 -0.574183 -0.185384
vn -0.977504 0.181223 0.107909
v -0.247791 -0.571247 0.031035
vn -0.692145 0.204679 0.692128
v -0.162772 -0.272088 0.119400
vn 0.763041 0.200600 -0.614434
v 0.196925 -0.564471 -0.167408
vn -0.975062 0.188341 0.117395
v -0.242622 -0.544672 0.032837
vn 0.118279 0.112310 -0.986609
v 0.039540 -0.774251 -0.297628
vn -0.878422 0.072774 -0.472313
v -0.261473 -0.784240 -0.142169
vn -0.533144 0.174000 0.827938
v -0.125712 -0.215672 0.134565
vn 0.661717 0.285443 -0.693292
v 0.167922 -0.508952 -0.178704
vn -0.449294 0.330145 -0.830144
v -0.108872 -0.496111 -0.211364
vn -0.889805 0.140026 -0.434326
v -0.265089 -0.765084 -0.130490
vn -0.963339 0.197034 0.182086
v -0.229630 -0.493859 0.050178
vn 0.978346 0.163574 -0.126821
v 0.296516 -0.756124 -0.048605
vn -0.136052 0.254076 0.957567
v -0.029533 -0.496398 0.247734
vn -0.835948 0.313698 -0.450315
v -0.175672 -0.194526 -0.035421
vn 0.900974 0.206326 0.381675
v 0.220627 -0.492448 0.104522
vn -0.438329 0.359440 -0.823815
v -0.106025 -0.474419 -0.203809
vn 0.076191 0.452393 -0.888558
v 0.024632 -0.162589 -0.097359
vn -0.594722 0.197743 0.779233
v -0.143204 -0.244890 0.129386
vn -0.905878 0.005287 -0.423506
v -0.269635 -0.812562 -0.127665
vn -0.430542 0.268027 -0.861856
v -0.106235 -0.536096 -0.226933
vn 0.921736 0.264046 -0.284047
v 0.200008 -0.241757 -0.011818
vn 0.483768 0.035355 0.874482
v 0.149486 -0.812562 0.264951
vn -0.962968 0.194309 0.186915
v -0.237276 -0.533756 0.053276
vn -0.101200 0.192086 0.976146
v -0.022358 -0.539007 0.258644
vn -0.880437 0.012411 -0.474001
v -0.262035 -0.803169 -0.142629
vn -0.898275 0.013710 -0.439220
v -0.267425 -0.803173 -0.132072
vn -0.499305 0.203041 0.842300
v -0.124526 -0.256047 0.144551
vn 0.676028 0.253713 -0.691821
v 0.172008 -0.531758 -0.183639
vn -0.667059 0.052487 0.743154
v -0.197795 -0.802361 0.224811
vn -0.463816 0.293751 -0.835814
v -0.113405 -0.519457 -0.217642
vn 0.463250 0.056911 0.884398
v 0.144049 -0.801701 0.267398
vn 0.118683 0.300493 -0.946371
v 0.037339 -0.226402 -0.124321
vn 0.976079 0.051785 -0.211159
v 0.297175 -0.793060 -0.068299
vn 0.158277 0.037897 -0.986667
v 0.051747 -0.793574 -0.297366
vn -0.709100 0.090841 0.699231
v -0.210578 -0.791868 0.211551
vn -0.130858 0.213570 0.968124
v -0.028905 -0.525523 0.255040
vn -0.666523 0.247649 0.703148
v -0.193217 -0.715740 0.207969
vn -0.972046 0.099036 0.212879
v -0.219746 -0.445406 0.055495
vn 0.963116 0.248890 -0.102278
v 0.285353 -0.705248 -0.043829
vn -0.077921 0.317311 0.945115
v -0.015599 -0.433628 0.230081
vn 0.943996 0.284253 -0.167543
v 0.278631 -0.687078 -0.055497
vn -0.380317 0.378046 -0.844062
v -0.098544 -0.407190 -0.177893
vn -0.609350 0.181242 0.771909
v -0.134083 -0.180418 0.121722
vn -0.403723 0.359088 -0.841465
v -0.097362 -0.478453 -0.209976
vn -0.121492 0.280555 0.952118
v -0.026119 -0.476890 0.242772
vn -0.667988 0.237953 0.705103
v -0.195020 -0.729764 0.211124
vn 0.887029 0.338811 -0.313665
v 0.175092 -0.155093 -0.001622
vn -0.875329 0.230351 -0.425132
v -0.257998 -0.726006 -0.127300
vn -0.402344 0.367539 -0.838471
v -0.098791 -0.445023 -0.194509
vn 0.466531 0.236765 0.852227
v 0.141626 -0.727535 0.254513
vn 0.957529 0.238953 -0.161370
v 0.288432 -0.724657 -0.057865
vn -0.121292 0.302517 0.945395
v -0.025820 -0.454297 0.235817
vn 0.122669 0.242435 -0.962381
v 0.039498 -0.712312 -0.285176
vn 0.908396 0.161604 0.385619
v 0.214536 -0.456276 0.099945
vn 0.950644 0.257266 -0.173468
v 0.267264 -0.646667 -0.052095
vn -0.892429 0.229243 -0.388612
v -0.239220 -0.636757 -0.109955
vn 0.573810 0.316712 -0.755272
v 0.152332 -0.346031 -0.122888
vn 0.964572 0.209861 -0.159874
v 0.262765 -0.624190 -0.046109
vn 0.973495 0.185428 -0.133881
v 0.261806 -0.613505 -0.038409
vn -0.076465 0.292344 0.953251
v -0.020749 -0.324207 0.193614
vn -0.845965 0.233934 -0.479186
v -0.178025 -0.218205 -0.044550
vn 0.952350 0.282400 -0.115235
v 0.278373 -0.680273 -0.043189
vn 0.112334 0.227603 -0.967253
v 0.036241 -0.677715 -0.276857
vn 0.892904 0.092510 0.440640
v 0.209229 -0.405584 0.100290
vn 0.615124 0.313271 -0.723522
v 0.157878 -0.385316 -0.134880
vn 0.600276 0.314315 -0.735442
v 0.154856 -0.397094 -0.142620
vn -0.662366 0.253807 0.704878
v -0.187037 -0.690433 0.204701
vn 0.495274 0.210589 0.842826
v 0.141408 -0.669615 0.238302
vn 0.944216 0.284789 -0.165385
v 0.274645 -0.673213 -0.053924
vn -0.095857 0.316378 0.943778
v -0.023314 -0.379910 0.211304
vn 0.115360 0.186544 -0.975650
v 0.035238 -0.657427 -0.272623
vn -0.875101 0.265835 -0.404388
v -0.243273 -0.659842 -0.115517
vn 0.633405 0.291471 -0.716829
v 0.162824 -0.365977 -0.122440
vn -0.670520 0.190691 0.716966
v -0.178284 -0.653455 0.201021
vn -0.719411 0.138051 0.680727
v -0.177024 -0.576765 0.188120
vn -0.886913 0.174256 -0.427809
v -0.223480 -0.574130 -0.117406
vn -0.375194 0.276905 -0.884620
v -0.101851 -0.282602 -0.123545
vn 0.461827 0.146155 0.874846
v 0.119154 -0.569715 0.236481
vn 0.501689 0.136873 0.854151
v 0.128453 -0.574978 0.232154
vn -0.072517 0.226361 0.971340
v -0.018977 -0.268187 0.178615
vn 0.089511 0.214272 -0.972664
v 0.026821 -0.563640 -0.259457
vn -0.900020 0.198233 -0.388160
v -0.224711 -0.556511 -0.106596
vn -0.714267 0.151929 0.683184
v -0.174773 -0.564308 0.187905
vn -0.324276 0.220859 -0.919819
v -0.092262 -0.261784 -0.121651
vn 0.958363 0.201643 -0.202189
v 0.247548 -0.553714 -0.055418
vn 0.614441 0.276955 -0.738754
v 0.151682 -0.240509 -0.080440
vn 0.109095 0.118267 -0.986971
v 0.033226 -0.611661 -0.266519
vn 0.605146 0.311740 -0.732541
v 0.159748 -0.321996 -0.106962
vn 0.560147 0.322142 -0.763191
v 0.150859 -0.323800 -0.114658
vn -0.690075 0.110512 0.715251
v -0.174989 -0.620780 0.197445
vn 0.496468 0.088551 0.863527
v 0.131467 -0.620952 0.235818
vn -0.725565 0.111174 0.679113
v -0.181466 -0.602275 0.188113
vn 0.840252 0.268079 0.471286
v 0.165616 -0.155713 0.081717
vn -0.694312 0.113050 0.710739
v -0.172146 -0.596884 0.196784
vn -0.376751 0.320332 -0.869164
v -0.101459 -0.294517 -0.127857
vn 0.142309 0.170778 -0.974979
v 0.040494 -0.581478 -0.261325
vn 0.492987 0.216124 0.842766
v 0.123561 -0.518497 0.223199
vn -0.496010 0.088081 -0.863838
v -0.147704 -0.781417 -0.259436
vn 0.965794 0.215568 -0.144125
v 0.241035 -0.506857 -0.035585
vn 0.959362 0.215582 -0.182070
v 0.240349 -0.510990 -0.045211
vn -0.937842 0.235287 0.255131
v -0.186444 -0.209684 0.051251
vn -0.966283 0.173097 0.190617
v -0.287729 -0.763206 0.057563
vn 0.129626 0.350395 -0.927589
v 0.035360 -0.501177 -0.239598
vn -0.873840 0.252509 -0.415504
v -0.208697 -0.484572 -0.101114
vn -0.470001 0.162219 -0.867631
v -0.137106 -0.757485 -0.261823
vn -0.106415 0.044214 0.993338
v -0.014571 -0.182364 0.166867
vn 0.682729 0.005215 -0.730653
v 0.210144 -0.812562 -0.219938
vn -0.981634 0.040003 0.186533
v -0.292771 -0.812562 0.057345
vn 0.087764 0.246291 -0.965214
v 0.025222 -0.549961 -0.256295
vn 0.057025 0.494501 -0.867304
v 0.017357 -0.141313 -0.085974
vn -0.893585 0.216685 -0.393133
v -0.220069 -0.532951 -0.104822
vn 0.905709 0.032996 0.422614
v 0.277106 -0.812562 0.128795
vn 0.722508 0.012940 -0.691242
v 0.222008 -0.803188 -0.208106
vn 0.695367 0.014887 -0.718501
v 0.213658 -0.803146 -0.216469
vn 0.490324 0.198706 0.848586
v 0.123524 -0.531479 0.226429
vn 0.965263 0.204081 -0.163150
v 0.248371 -0.545513 -0.042169
vn -0.103309 0.047955 0.993493
v -0.027651 -0.802938 0.300477
vn 0.895820 0.051091 0.441471
v 0.274239 -0.802598 0.133939
vn -0.454815 0.044443 -0.889476
v -0.132766 -0.793270 -0.268500
vn -0.125311 0.149052 0.980857
v -0.029572 -0.223576 0.168883
vn -0.163297 0.079556 0.983364
v -0.045920 -0.793343 0.297367
vn -0.883833 0.238909 -0.402196
v -0.214928 -0.509669 -0.103008
vn 0.909649 0.128688 0.394940
v 0.278518 -0.781324 0.120076
vn 0.717716 0.073812 -0.692413
v 0.221674 -0.784542 -0.207425
vn -0.121986 0.242456 0.962463
v -0.032346 -0.712505 0.283525
vn 0.655827 0.252585 -0.711402
v 0.197010 -0.704824 -0.210214
vn -0.945956 0.264161 0.188113
v -0.272893 -0.700433 0.055291
vn 0.458282 0.256725 0.850923
v 0.115087 -0.417212 0.197853
vn -0.114033 0.240301 0.963977
v -0.030106 -0.699690 0.280549
vn -0.844746 0.170188 -0.507386
v -0.193966 -0.421404 -0.099768
vn 0.873007 0.263451 0.410430
v 0.258380 -0.698917 0.120939
vn 0.660190 0.256476 -0.705952
v 0.193655 -0.680111 -0.204261
vn -0.471762 0.249417 -0.845714
v -0.132985 -0.690098 -0.246244
vn 0.879855 0.210768 0.425948
v 0.267873 -0.746284 0.128511
vn -0.669789 0.231546 0.705528
v -0.156053 -0.478833 0.182353
vn -0.468431 0.224587 -0.854478
v -0.136563 -0.731569 -0.256265
vn 0.958595 0.213687 -0.188238
v 0.230633 -0.465961 -0.040455
vn 0.773359 0.234682 0.588932
v 0.164761 -0.177863 0.094853
vn 0.666489 0.237191 -0.706777
v 0.203545 -0.726095 -0.211358
vn -0.919951 0.312220 0.237084
v -0.170749 -0.154977 0.050418
vn -0.883296 0.204503 -0.421861
v -0.203659 -0.452307 -0.093105
vn 0.879914 0.243523 0.407979
v 0.263993 -0.722133 0.123316
vn -0.657525 0.218159 0.721157
v -0.151142 -0.455369 0.179312
vn -0.205307 0.427487 -0.880400
v -0.081814 -0.142638 -0.086679
vn 0.472519 0.254784 0.843689
v 0.115885 -0.451881 0.207798
vn -0.464974 0.243335 -0.851227
v -0.135164 -0.718528 -0.253362
vn 0.983302 0.090961 -0.157616
v 0.228532 -0.437144 -0.027081
vn -0.129595 -0.012058 0.991494
v -0.014400 -0.145221 0.166164
vn 0.678088 0.199753 -0.707315
v 0.186430 -0.643793 -0.198933
vn 0.396446 0.264553 0.879115
v 0.106986 -0.364312 0.185669
vn 0.442798 0.255563 0.859429
v 0.117461 -0.360876 0.179525
vn 0.972257 0.109827 -0.206529
v 0.222673 -0.356734 -0.018948
vn -0.120741 0.095625 0.988068
v -0.027818 -0.639085 0.269420
vn 0.401859 0.264072 0.876798
v 0.108641 -0.352563 0.181363
vn -0.488857 0.151599 -0.859090
v -0.125298 -0.633188 -0.236458
vn 0.096073 0.391983 -0.914942
v 0.031032 -0.328657 -0.161470
vn -0.594708 0.206803 0.776888
v -0.148901 -0.325801 0.147091
vn -0.680606 0.174900 0.711467
v -0.158660 -0.406043 0.159802
vn -0.645942 0.179823 0.741905
v -0.151311 -0.413388 0.168193
vn 0.978174 0.080111 -0.191722
v 0.225957 -0.402094 -0.027276
vn 0.874783 0.261543 0.407861
v 0.253058 -0.676473 0.117717
vn -0.475921 0.228764 -0.849215
v -0.129427 -0.666506 -0.241504
vn 0.099406 0.425843 -0.899320
v 0.031193 -0.378093 -0.184100
vn -0.614686 0.210793 0.760084
v -0.147751 -0.389797 0.164980
vn 0.960463 0.125668 -0.248432
v 0.221939 -0.374608 -0.030547
vn 0.390087 0.120919 0.912804
v 0.096946 -0.192823 0.148306
vn 0.884006 0.229462 0.407284
v 0.247847 -0.653529 0.114828
vn -0.147961 0.110902 0.982755
v -0.033795 -0.584126 0.264116
vn -0.491841 0.200740 -0.847228
v -0.119512 -0.565196 -0.227841
vn -0.822547 0.189619 -0.536154
v -0.184890 -0.272587 -0.054853
vn 0.903591 0.168443 0.393891
v 0.234195 -0.572103 0.111999
vn 0.355787 0.224595 0.907178
v 0.098586 -0.273164 0.163320
vn -0.445907 0.219661 -0.867707
v -0.109348 -0.559031 -0.231877
vn -0.164255 0.148680 0.975149
v -0.036583 -0.561958 0.260818
vn -0.478692 0.253943 -0.840456
v -0.116872 -0.542320 -0.223203
vn -0.119723 0.069801 0.990351
v -0.026529 -0.612012 0.267655
vn -0.495339 0.135606 -0.858050
v -0.122094 -0.598884 -0.232871
vn -0.967936 0.166810 0.187815
v -0.248886 -0.595800 0.053262
vn 0.903794 0.149957 0.400836
v 0.237983 -0.596100 0.112956
vn -0.459226 0.167219 -0.872439
v -0.111926 -0.581927 -0.235648
vn 0.177307 0.073852 -0.981381
v 0.057357 -0.783996 -0.295863
vn -0.901782 0.109170 -0.418176
v -0.268689 -0.774710 -0.125829
vn 0.477180 0.122293 0.870255
v 0.147329 -0.781493 0.263588
vn 0.977251 0.136616 -0.162227
v 0.296455 -0.764259 -0.057195
vn -0.130552 0.239535 0.962070
v -0.028048 -0.510528 0.251651
vn 0.653523 0.303195 -0.693528
v 0.165517 -0.497293 -0.176035
vn -0.444719 0.345683 -0.826274
v -0.107480 -0.484653 -0.207395
vn 0.089663 0.381994 -0.919805
v 0.039218 -0.199591 -0.115039
vn -0.893855 0.172435 -0.413872
v -0.266337 -0.755270 -0.124316
vn 0.969994 0.181448 -0.161828
v 0.294186 -0.749908 -0.056963
vn -0.121324 0.266691 0.956115
v -0.025573 -0.486915 0.245741
vn 0.900523 0.208991 0.381290
v 0.218643 -0.480391 0.102638
vn 0.122741 0.005349 -0.992424
v 0.041168 -0.812562 -0.299140
vn 0.681193 0.236970 -0.692692
v 0.173774 -0.543084 -0.185944
vn -0.682225 0.033697 0.730366
v -0.202716 -0.812562 0.220792
vn -0.471332 0.274611 -0.838114
v -0.115428 -0.531000 -0.220394
vn 0.091897 0.304769 -0.947982
v 0.027026 -0.247504 -0.132223
vn 0.980275 0.038135 -0.193923
v 0.299200 -0.803218 -0.060328
vn 0.178612 0.012806 -0.983836
v 0.057715 -0.803097 -0.296541
vn 0.139955 0.014113 -0.990057
v 0.046005 -0.803086 -0.298405
vn 0.887113 0.183390 0.423555
v 0.224808 -0.541094 0.118980
vn -0.696358 0.053459 0.715701
v -0.206444 -0.802472 0.216716
vn 0.499940 0.055770 0.864262
v 0.154406 -0.801609 0.261705
vn -0.958399 0.197474 0.206097
v -0.234489 -0.524425 0.057541
vn -0.889344 0.037144 -0.455728
v -0.264653 -0.793737 -0.137247
vn 0.670472 0.269454 -0.691276
v 0.170151 -0.520548 -0.181230
vn -0.669369 0.122545 0.732754
v -0.197381 -0.780801 0.222585
vn -0.121829 0.312427 0.942097
v -0.025838 -0.441765 0.231724
vn 0.119240 0.245838 -0.961949
v 0.038212 -0.700634 -0.282361
vn -0.663467 0.253374 0.703998
v -0.190049 -0.703081 0.206445
vn -0.436452 0.356972 -0.825882
v -0.107898 -0.429705 -0.183239
vn -0.983835 0.039030 0.174771
v -0.220668 -0.427288 0.045229
vn 0.953578 0.262502 -0.147588
v 0.282516 -0.698605 -0.052492
vn 0.956715 0.271760 -0.104132
v 0.282112 -0.692808 -0.043164
vn -0.089294 0.318789 0.943610
v -0.019676 -0.418906 0.224771
vn 0.116122 0.240381 -0.963708
v 0.037240 -0.689221 -0.279560
vn -0.876923 0.276281 -0.393287
v -0.254531 -0.697485 -0.116904
vn -0.410606 0.373241 -0.831922
v -0.106786 -0.400352 -0.170980
vn -0.678483 0.221386 0.700464
v -0.199854 -0.742929 0.210812
vn -0.968031 0.190975 0.162616
v -0.226076 -0.472213 0.045308
vn -0.639888 0.208971 0.739509
v -0.134410 -0.168634 0.118179
vn -0.889260 0.227902 -0.396582
v -0.262986 -0.730269 -0.118945
vn -0.121488 0.294770 0.947814
v -0.026114 -0.465810 0.239417
vn 0.124451 0.231715 -0.964790
v 0.040489 -0.722942 -0.287697
vn -0.637291 0.245656 0.730419
v -0.186226 -0.721816 0.216425
vn -0.449480 0.358895 -0.818023
v -0.109765 -0.452770 -0.192220
vn -0.966246 0.152348 0.207748
v -0.221329 -0.456950 0.055186
vn -0.827395 0.340830 -0.446376
v -0.157903 -0.151751 -0.029926
vn -0.884965 0.244549 -0.396273
v -0.259463 -0.718256 -0.119762
vn 0.120839 0.157461 -0.980104
v 0.035621 -0.646517 -0.270648
vn 0.878964 0.111449 0.463682
v 0.207196 -0.378169 0.097719
vn -0.887165 0.255169 -0.384484
v -0.243102 -0.650216 -0.109511
vn -0.671854 0.156763 0.723905
v -0.174899 -0.641324 0.201241
vn -0.377215 0.372465 -0.847926
v -0.101339 -0.357321 -0.154171
vn 0.954655 0.233392 -0.184828
v 0.263694 -0.634115 -0.053829
vn 0.856981 0.123168 0.500413
v 0.203121 -0.349793 0.098575
vn 0.105966 0.116646 -0.987504
v 0.032235 -0.622705 -0.267864
vn 0.888590 0.130816 0.439653
v 0.207072 -0.339650 0.088493
vn 0.965483 0.184619 -0.183735
v 0.259460 -0.612075 -0.051041
vn 0.476180 0.238812 0.846298
v 0.140493 -0.692745 0.245123
vn -0.982646 0.045070 0.179933
v -0.219749 -0.404219 0.045918
vn -0.973739 0.039814 0.224159
v -0.218237 -0.410952 0.054649
vn 0.110131 0.208821 -0.971733
v 0.034288 -0.667691 -0.274808
vn 0.891235 0.105538 0.441092
v 0.208772 -0.391720 0.097825
vn -0.887144 0.276245 -0.369681
v -0.251987 -0.676725 -0.107442
vn 0.369639 0.201426 0.907080
v 0.100514 -0.252625 0.157831
vn -0.419291 0.370100 -0.828988
v -0.110711 -0.382534 -0.160984
vn 0.467388 0.194490 0.862393
v 0.132525 -0.664064 0.241968
vn 0.946712 0.274423 -0.168610
v 0.270905 -0.659964 -0.052755
vn -0.889469 0.156862 -0.429232
v -0.225368 -0.589632 -0.119386
vn 0.589431 0.317956 -0.742614
v 0.154418 -0.290295 -0.097472
vn -0.686343 0.143110 0.713059
v -0.168564 -0.572202 0.195716
vn 0.464546 0.122767 0.876998
v 0.120077 -0.581224 0.237757
vn 0.502422 0.113649 0.857121
v 0.129495 -0.586642 0.233257
vn 0.813805 0.203790 0.544234
v 0.190755 -0.282530 0.095999
vn -0.902704 0.182651 -0.389569
v -0.226919 -0.568634 -0.107463
vn 0.804490 0.198915 0.559669
v 0.171191 -0.188566 0.089959
vn -0.331838 0.260950 -0.906526
v -0.091946 -0.274721 -0.125093
vn -0.884177 0.190731 -0.426442
v -0.221405 -0.562009 -0.116490
vn 0.500741 0.158070 0.851042
v 0.127312 -0.562846 0.230736
vn 0.147861 0.124549 -0.981134
v 0.042450 -0.605649 -0.264553
vn 0.832486 0.198505 0.517264
v 0.178608 -0.207800 0.085363
vn -0.893241 0.166549 -0.417590
v -0.229705 -0.605171 -0.116109
vn 0.460720 0.086619 0.883309
v 0.121570 -0.604851 0.239726
vn 0.501538 0.087508 0.860699
v 0.131344 -0.610117 0.234822
vn 0.968460 0.172027 -0.180258
v 0.255978 -0.591260 -0.049886
vn 0.191574 0.131808 -0.972587
v 0.052809 -0.599088 -0.261908
vn 0.143576 0.140857 -0.979564
v 0.041316 -0.593782 -0.263155
vn -0.948171 0.210933 0.237653
v -0.204463 -0.283459 0.051869
vn -0.440440 0.080342 -0.894180
v -0.127729 -0.783225 -0.270326
vn -0.130887 0.115231 0.984678
v -0.027473 -0.211507 0.167507
vn 0.122337 0.332061 -0.935291
v 0.033733 -0.512629 -0.244084
vn -0.879006 0.247915 -0.407292
v -0.211992 -0.497395 -0.101990
vn 0.963897 0.223127 -0.145314
v 0.238592 -0.495055 -0.033924
vn 0.957085 0.225454 -0.182095
v 0.238110 -0.500403 -0.044076
vn -0.962133 0.209110 0.174852
v -0.285958 -0.750845 0.053436
vn 0.129143 0.383334 -0.914537
v 0.036075 -0.479083 -0.230719
vn -0.676548 0.223396 0.701696
v -0.158613 -0.490748 0.183742
vn -0.963661 0.217108 0.155635
v -0.184281 -0.186265 0.037947
vn -0.472335 0.194989 -0.859581
v -0.137712 -0.744324 -0.258766
vn 0.489775 0.175495 0.854003
v 0.124340 -0.547532 0.229443
vn -0.960805 0.215067 0.174927
v -0.201000 -0.257542 0.041696
vn -0.484047 0.005701 -0.875024
v -0.142091 -0.812562 -0.263895
vn -0.122841 0.031122 0.991938
v -0.033787 -0.812562 0.300091
vn 0.568102 0.276456 -0.775134
v 0.143535 -0.245787 -0.088756
vn -0.253805 0.216713 -0.942666
v -0.083404 -0.240536 -0.119559
vn 0.447799 0.190360 0.873635
v 0.113999 -0.536427 0.232753
vn -0.434343 0.013489 -0.900646
v -0.127227 -0.803210 -0.271494
vn -0.468956 0.015645 -0.883083
v -0.137766 -0.803142 -0.266130
vn -0.122387 0.177098 0.976554
v -0.031772 -0.235970 0.170680
vn -0.977391 0.054576 0.204274
v -0.291245 -0.803331 0.063189
vn 0.104623 0.275940 -0.955464
v 0.029192 -0.536665 -0.252268
vn -0.143528 0.048678 0.988449
v -0.039433 -0.802981 0.298993
vn -0.889086 0.226443 -0.397805
v -0.217605 -0.521419 -0.103901
vn 0.913847 0.052170 0.402693
v 0.279314 -0.802232 0.123066
vn 0.705939 0.043748 -0.706921
v 0.217684 -0.793195 -0.212223
vn -0.081490 0.126158 0.988657
v -0.017446 -0.219093 0.169516
vn -0.105437 0.117675 0.987439
v -0.028425 -0.783027 0.298751
vn 0.884191 0.086207 0.459101
v 0.270496 -0.792830 0.139888
vn 0.541762 0.243080 -0.804616
v 0.130390 -0.214426 -0.087235
vn 0.471723 0.256090 0.843739
v 0.116589 -0.427881 0.200208
vn -0.469187 0.248065 -0.847542
v -0.134782 -0.704268 -0.249455
vn 0.985174 0.073691 -0.154927
v 0.227954 -0.425161 -0.024934
vn 0.971912 0.117793 -0.203746
v 0.227006 -0.442674 -0.038398
vn 0.657822 0.260019 -0.706867
v 0.195880 -0.692517 -0.206735
vn 0.415752 0.270838 0.868215
v 0.105096 -0.421480 0.204258
vn -0.942319 0.274258 0.191880
v -0.269468 -0.688769 0.055582
vn 0.971363 0.080272 -0.223628
v 0.225100 -0.419230 -0.037528
vn -0.115153 0.228657 0.966672
v -0.029437 -0.686137 0.277283
vn -0.564987 0.121323 0.816131
v -0.113356 -0.145224 0.129571
vn 0.964837 0.219660 -0.144357
v 0.233675 -0.472014 -0.031077
vn 0.656602 0.215245 -0.722872
v 0.201779 -0.738163 -0.216947
vn 0.423098 0.261512 0.867525
v 0.104963 -0.481651 0.222839
vn -0.952808 0.240485 0.185267
v -0.280101 -0.727303 0.054783
vn -0.886036 0.231993 -0.401397
v -0.207121 -0.463238 -0.091520
vn 0.880560 0.232212 0.413149
v 0.266300 -0.734016 0.125273
vn -0.664490 0.231201 0.710633
v -0.153599 -0.467091 0.180762
vn 0.966305 0.168785 -0.194334
v 0.228515 -0.454431 -0.039320
vn 0.424445 0.264010 0.866109
v 0.105572 -0.444928 0.211125
vn -0.604742 0.206013 0.769315
v -0.146684 -0.366223 0.159433
vn -0.117370 0.134884 0.983885
v -0.028592 -0.650611 0.270642
vn -0.853174 0.187659 -0.486702
v -0.197102 -0.367242 -0.074485
vn 0.679643 0.172972 -0.712858
v 0.183894 -0.631555 -0.198155
vn -0.485880 0.171409 -0.857053
v -0.126488 -0.644397 -0.237881
vn -0.852398 0.197755 -0.484056
v -0.196869 -0.337355 -0.063129
vn 0.872937 0.266025 0.408915
v 0.255690 -0.687706 0.119331
vn -0.472958 0.242625 -0.847020
v -0.131091 -0.677748 -0.243694
vn -0.858965 0.189689 -0.475603
v -0.199688 -0.387101 -0.077760
vn -0.629922 0.197704 0.751074
v -0.149703 -0.401135 0.166542
vn 0.969611 0.115297 -0.215782
v 0.224380 -0.389030 -0.028680
vn 0.877906 0.251236 0.407629
v 0.250411 -0.665100 0.116149
vn 0.671115 0.227892 -0.705457
v 0.188830 -0.655979 -0.200327
vn 0.936252 0.236333 -0.259958
v 0.212670 -0.297230 -0.016641
vn -0.103663 0.110533 0.988451
v -0.021935 -0.582839 0.265520
vn 0.665543 0.180484 -0.724208
v 0.172729 -0.573985 -0.196037
vn 0.339808 0.238888 0.909650
v 0.096273 -0.284317 0.167121
vn 0.410035 0.239967 0.879936
v 0.111471 -0.296934 0.164086
vn -0.411555 0.184852 -0.892442
v -0.101623 -0.575892 -0.239481
vn -0.452728 0.192991 -0.870512
v -0.110684 -0.570494 -0.233908
vn -0.971900 0.181224 0.150228
v -0.244941 -0.563876 0.042365
vn 0.685920 0.216012 -0.694876
v 0.175638 -0.554824 -0.187935
vn -0.485478 0.228040 -0.843984
v -0.118200 -0.553732 -0.225702
vn 0.902016 0.177982 0.393307
v 0.232177 -0.559106 0.110894
vn -0.398639 0.240284 -0.885071
v -0.098192 -0.552644 -0.235596
vn -0.435763 0.247243 -0.865437
v -0.107720 -0.547449 -0.229592
vn -0.964573 0.186160 0.186929
v -0.239391 -0.544901 0.053785
vn -0.161318 0.075916 0.983978
v -0.036992 -0.605576 0.265693
vn 0.750761 0.152311 -0.642774
v 0.197354 -0.605674 -0.178012
vn 0.933777 0.220125 -0.282144
v 0.214097 -0.308941 -0.021860
vn -0.979726 0.162693 0.116908
v -0.254165 -0.609316 0.033681
vn -0.975169 0.161659 0.151367
v -0.251760 -0.602550 0.043312
vn 0.888557 0.140113 0.436847
v 0.234525 -0.602606 0.122630
vn 0.904293 0.139700 0.403407
v 0.239677 -0.607497 0.113214
vn -0.370899 0.201311 -0.906591
v -0.102688 -0.256505 -0.116497
vn 0.681315 0.150182 -0.716418
v 0.178744 -0.597282 -0.195828
vn -0.498757 0.153753 -0.852995
v -0.121753 -0.588148 -0.231269
vn -0.966618 0.176619 0.185622
v -0.246765 -0.583394 0.052854
vn 0.126081 0.342200 -0.931130
v 0.037670 -0.290749 -0.145504
vn 0.111972 0.364046 -0.924626
v 0.035406 -0.305486 -0.151321
vn -0.197983 0.082823 0.976700
v -0.046881 -0.599448 0.263401
vn -0.158406 0.095180 0.982776
v -0.037717 -0.594300 0.264546
vn -0.559865 0.229328 0.796216
v -0.141725 -0.300782 0.145323
vn -0.522121 0.152213 0.839179
v -0.116539 -0.180881 0.133895
vn 0.888163 0.382284 -0.255001
v 0.184209 -0.173502 -0.000324
vn 0.523371 0.220461 0.823092
v 0.162466 -0.743348 0.246587
vn -0.039823 0.282327 0.958491
v -0.006417 -0.476641 0.244346
vn 0.576891 0.337912 -0.743647
v 0.145431 -0.465816 -0.179025
vn 0.831688 0.366300 -0.417277
v 0.171271 -0.158368 -0.013195
vn -0.944950 0.160378 0.285218
v -0.216441 -0.458536 0.074963
vn 0.943131 0.206955 -0.260141
v 0.287025 -0.738867 -0.079085
vn -0.491275 0.346313 -0.799197
v -0.119434 -0.444917 -0.183177
vn 0.528288 0.245665 0.812749
v 0.160820 -0.719031 0.240608
vn 0.944985 0.244593 -0.217205
v 0.284801 -0.719315 -0.069334
vn 0.040735 0.461747 -0.886076
v 0.004312 -0.141229 -0.086863
vn -0.035512 0.303893 0.952044
v -0.005509 -0.454568 0.237590
vn -0.502234 0.107401 0.858036
v -0.102722 -0.145223 0.136404
vn 0.607015 0.303544 -0.734434
v 0.151419 -0.439176 -0.162658
vn -0.510095 0.332328 -0.793323
v -0.124768 -0.425531 -0.171562
vn -0.962639 0.079776 0.258770
v -0.216746 -0.439879 0.065892
vn 0.932366 0.249200 -0.261902
v 0.281138 -0.714727 -0.078820
vn 0.908861 0.110048 0.402319
v 0.212655 -0.444158 0.100178
vn -0.904996 0.257393 -0.338719
v -0.264358 -0.707398 -0.100441
vn -0.458766 0.351472 -0.816089
v -0.113706 -0.422623 -0.177060
vn 0.042740 0.240952 -0.969595
v 0.016501 -0.689976 -0.281468
vn 0.575431 0.314619 -0.754913
v 0.146751 -0.416770 -0.157238
vn 0.538601 0.243303 0.806668
v 0.159457 -0.696193 0.234502
vn 0.927270 0.277160 -0.251701
v 0.277141 -0.696372 -0.074336
vn 0.897576 0.075243 0.434392
v 0.210022 -0.419140 0.101117
vn -0.446132 0.364693 -0.817291
v -0.114894 -0.393975 -0.163916
vn 0.964858 0.021952 -0.261855
v 0.295022 -0.812562 -0.079231
vn -0.860381 0.202806 -0.467563
v -0.185573 -0.245867 -0.043532
vn 0.928980 0.175799 0.325715
v 0.238961 -0.557444 0.092842
vn -0.936327 0.005214 -0.351090
v -0.278846 -0.812562 -0.105819
vn 0.551529 0.037005 0.833334
v 0.169786 -0.812562 0.252704
vn 0.969858 0.026179 -0.242261
v 0.296107 -0.803188 -0.074162
vn -0.040289 0.184668 0.981975
v -0.006832 -0.541587 0.260273
vn -0.914911 0.012398 -0.403464
v -0.272444 -0.803174 -0.121336
vn -0.929983 0.013686 -0.367348
v -0.276989 -0.803173 -0.110389
vn 0.612298 0.260522 -0.746472
v 0.156700 -0.531360 -0.197195
vn -0.606949 0.053659 0.792928
v -0.179556 -0.802060 0.239927
vn -0.542239 0.285465 -0.790244
v -0.131924 -0.519562 -0.206243
vn 0.531786 0.056162 0.845015
v 0.164616 -0.801530 0.255521
vn 0.080236 0.038010 -0.996051
v 0.028206 -0.793541 -0.300211
vn -0.652189 0.088233 0.752904
v -0.193331 -0.791816 0.227742
vn 0.574637 0.102162 0.812007
v 0.176841 -0.787901 0.246054
vn -0.043700 0.219334 0.974671
v -0.006828 -0.519957 0.255851
vn 0.038301 0.111191 -0.993061
v 0.015980 -0.774271 -0.299522
vn -0.912799 0.072612 -0.401903
v -0.271855 -0.784267 -0.120912
vn 0.600154 0.296540 -0.742886
v 0.152843 -0.508708 -0.191847
vn -0.637541 0.117829 0.761353
v -0.188590 -0.781112 0.230290
vn -0.530744 0.321846 -0.784045
v -0.128497 -0.495661 -0.199366
vn 0.911725 0.241330 -0.332442
v 0.189398 -0.207257 -0.014047
vn 0.051263 0.375882 -0.925249
v 0.028922 -0.202658 -0.117022
vn -0.921321 0.139264 -0.363007
v -0.274568 -0.765168 -0.108949
vn 0.557808 0.176410 0.811005
v 0.173540 -0.761961 0.243868
vn -0.043565 0.254761 0.966022
v -0.006806 -0.498412 0.250446
vn 0.043046 0.182045 -0.982348
v 0.015587 -0.753919 -0.296498
vn -0.506410 0.147561 0.849573
v -0.116563 -0.194284 0.136136
vn 0.590522 0.323977 -0.739137
v 0.150004 -0.488354 -0.185589
vn -0.608382 0.194054 0.769554
v -0.180693 -0.757763 0.232026
vn -0.519744 0.336099 -0.785432
v -0.125996 -0.482193 -0.195329
vn 0.027711 0.455681 -0.889712
v 0.019758 -0.184743 -0.108612
vn 0.957511 0.143676 -0.250061
v 0.292128 -0.762929 -0.076789
vn -0.693199 0.100572 0.713696
v -0.173376 -0.608958 0.197373
vn -0.919028 0.171275 0.355038
v -0.204077 -0.308695 0.070002
vn 0.052806 0.170653 -0.983915
v 0.018034 -0.583291 -0.263944
vn -0.929629 0.161719 -0.331114
v -0.238211 -0.595662 -0.091414
vn 0.947788 0.169382 -0.270198
v 0.248996 -0.583191 -0.073715
vn -0.032727 0.251020 0.967429
v -0.007751 -0.292182 0.185176
vn -0.932104 0.174971 -0.317122
v -0.236894 -0.583361 -0.088939
vn -0.691385 0.130921 0.710526
v -0.170565 -0.584472 0.196229
vn 0.534119 0.168109 0.828527
v 0.135140 -0.554875 0.224303
vn 0.947358 0.199337 -0.250554
v 0.244986 -0.557199 -0.069567
vn 0.042231 0.226375 -0.973124
v 0.015780 -0.678931 -0.278799
vn 0.542620 0.333706 -0.770846
v 0.143537 -0.395250 -0.150248
vn -0.611894 0.237916 0.754309
v -0.169262 -0.680031 0.216679
vn 0.565165 0.222144 0.794507
v 0.160769 -0.672308 0.226454
vn 0.876659 0.202454 0.436442
v 0.183976 -0.206344 0.075222
vn -0.953869 0.062840 0.293572
v -0.213840 -0.396993 0.068498
vn 0.041975 0.181542 -0.982487
v 0.014544 -0.655887 -0.273994
vn -0.901870 0.267550 -0.339186
v -0.250005 -0.656656 -0.097077
vn 0.549506 0.164405 0.819155
v 0.151533 -0.651525 0.227801
vn -0.939367 0.088760 0.331228
v -0.210251 -0.372812 0.072899
vn 0.537504 0.140330 0.831503
v 0.116236 -0.155584 0.132728
vn -0.401429 0.365648 -0.839736
v -0.107941 -0.351570 -0.148629
vn 0.067540 0.121254 -0.990321
v 0.021944 -0.628610 -0.269429
vn 0.926980 0.103760 0.360475
v 0.213807 -0.354577 0.077579
vn 0.525621 0.331033 -0.783670
v 0.142632 -0.338475 -0.126611
vn -0.413263 0.348963 -0.841094
v -0.112178 -0.318726 -0.132541
vn 0.048536 0.386852 -0.920864
v 0.015045 -0.477525 -0.232101
vn 0.465031 0.436434 -0.770241
v 0.118227 -0.170647 -0.078019
vn -0.590646 0.239452 0.770584
v -0.138726 -0.480558 0.197663
vn -0.530071 0.218960 -0.819196
v -0.155364 -0.733271 -0.245489
vn 0.937732 0.224143 -0.265366
v 0.225988 -0.465789 -0.059536
vn 0.824338 0.268068 0.498604
v 0.172701 -0.176107 0.082579
vn -0.900225 0.299661 0.315908
v -0.167184 -0.155163 0.062421
vn 0.403273 0.399450 -0.823292
v 0.115260 -0.151766 -0.068975
vn 0.904774 0.253465 0.342256
v 0.270457 -0.714472 0.103024
vn -0.612920 0.223401 0.757906
v -0.141864 -0.450068 0.185711
vn -0.578918 0.236177 0.780432
v -0.134891 -0.456748 0.193125
vn 0.960619 0.108551 -0.255789
v 0.223834 -0.436034 -0.048534
vn -0.045857 -0.019223 0.998763
v -0.001693 -0.145221 0.167329
vn 0.603757 0.252254 -0.756205
v 0.181552 -0.703666 -0.223030
vn -0.927368 0.266786 0.262324
v -0.268073 -0.701985 0.077199
vn 0.913019 0.255302 0.318148
v 0.274558 -0.717645 0.094233
vn 0.503100 0.234809 0.831719
v 0.126254 -0.414674 0.190731
vn -0.935371 0.270813 0.227466
v -0.269006 -0.695454 0.066429
vn -0.894781 0.132666 -0.426340
v -0.203889 -0.422251 -0.081612
vn 0.904988 0.258385 0.337986
v 0.266979 -0.700019 0.101477
vn -0.533749 0.252706 -0.807002
v -0.150911 -0.688730 -0.234926
vn 0.623221 0.005144 -0.782029
v 0.192214 -0.812562 -0.235449
vn -0.963523 0.032496 0.265646
v -0.287395 -0.812562 0.080437
vn -0.923095 0.210248 -0.322013
v -0.227533 -0.533107 -0.085946
vn 0.936173 0.045513 0.348582
v 0.286329 -0.812562 0.106956
vn 0.666883 0.012945 -0.745050
v 0.205045 -0.803148 -0.224518
vn 0.637040 0.013789 -0.770708
v 0.196087 -0.803142 -0.232188
vn 0.567253 0.192547 0.800718
v 0.141804 -0.533580 0.215159
vn 0.946573 0.213224 -0.241939
v 0.240938 -0.534014 -0.065731
vn -0.968997 0.053106 0.241296
v -0.288685 -0.802948 0.074165
vn -0.022904 0.053600 0.998300
v -0.003624 -0.802379 0.301983
vn 0.929156 0.057899 0.365126
v 0.283785 -0.801199 0.112088
vn -0.517651 0.042815 -0.854520
v -0.152956 -0.793224 -0.257259
vn -0.954507 0.112403 0.276192
v -0.284341 -0.783904 0.084438
vn 0.020716 0.310985 -0.950189
v 0.008436 -0.523557 -0.249670
vn -0.083818 0.083018 0.993017
v -0.022264 -0.792989 0.300331
vn -0.916456 0.230405 -0.327141
v -0.222646 -0.509704 -0.083937
vn 0.668289 0.078646 -0.739733
v 0.204675 -0.784609 -0.223914
vn -0.547493 0.115200 -0.828843
v -0.162260 -0.774289 -0.249666
vn 0.942261 0.224114 -0.248830
v 0.236193 -0.511413 -0.063829
vn 0.640191 0.149516 -0.753525
v 0.196486 -0.762749 -0.227520
vn -0.946146 0.176552 0.271362
v -0.281793 -0.764256 0.082963
vn 0.044484 0.349082 -0.936036
v 0.013641 -0.499818 -0.241139
vn -0.915648 0.237484 -0.324330
v -0.219987 -0.495442 -0.081148
vn 0.533893 0.246758 0.808745
v 0.132191 -0.487781 0.209136
vn -0.544187 0.177015 -0.820077
v -0.160629 -0.753233 -0.246894
vn 0.936443 0.237533 -0.258174
v 0.230990 -0.488143 -0.061970
vn -0.046211 0.040751 0.998100
v -0.003943 -0.188481 0.167920
vn -0.230486 0.317001 -0.919993
v -0.087859 -0.182316 -0.105010
vn 0.936268 0.188348 -0.296526
v 0.215420 -0.322111 -0.026771
vn -0.041510 0.068573 0.996782
v -0.007991 -0.613341 0.269237
vn -0.559060 0.138334 -0.817506
v -0.140021 -0.606663 -0.222848
vn -0.951671 0.165062 0.258993
v -0.244026 -0.595031 0.073529
vn 0.037589 0.379502 -0.924427
v 0.013000 -0.315123 -0.157080
vn -0.077766 0.078576 0.993870
v -0.016039 -0.606196 0.268262
vn -0.524520 0.232029 0.819171
v -0.134511 -0.307469 0.152040
vn -0.351945 0.180638 -0.918425
v -0.103654 -0.221221 -0.109225
vn 0.931020 0.158174 0.328911
v 0.245610 -0.594964 0.093253
vn 0.425055 0.244011 0.871658
v 0.116021 -0.307185 0.164773
vn -0.950226 0.173339 0.258891
v -0.241855 -0.582755 0.073487
vn 0.041275 0.342395 -0.938649
v 0.012927 -0.293953 -0.148816
vn -0.048082 0.116618 0.992012
v -0.009700 -0.580953 0.266261
vn -0.892858 0.194931 -0.405964
v -0.196537 -0.281971 -0.037438
vn -0.869149 0.187877 -0.457473
v -0.191201 -0.271496 -0.043675
vn 0.452946 0.198925 0.869062
v 0.118325 -0.247646 0.148488
vn -0.947530 0.178548 0.265157
v -0.236557 -0.556492 0.074940
vn 0.019311 0.325378 -0.945387
v 0.007228 -0.281909 -0.144789
vn -0.886573 0.194364 -0.419774
v -0.191343 -0.259194 -0.038211
vn 0.651563 0.229089 -0.723176
v 0.167107 -0.548479 -0.193999
vn -0.550415 0.243140 -0.798703
v -0.134519 -0.542794 -0.212206
vn 0.923729 0.246526 -0.293173
v 0.202513 -0.253164 -0.014096
vn -0.925651 0.129354 -0.355582
v -0.210074 -0.400111 -0.060506
vn -0.597679 0.201582 0.775980
v -0.142073 -0.407941 0.174438
vn -0.894005 0.164501 -0.416767
v -0.205029 -0.392918 -0.069699
vn 0.903810 0.263454 0.337222
v 0.261403 -0.676975 0.098116
vn 0.605684 0.239048 -0.758949
v 0.174771 -0.668118 -0.216450
vn -0.539557 0.232807 -0.809122
v -0.147507 -0.666392 -0.230406
vn -0.927373 0.256591 0.272287
v -0.257869 -0.667277 0.077639
vn 0.060217 0.430036 -0.900801
v 0.020860 -0.373002 -0.182582
vn -0.569148 0.223457 0.791289
v -0.138623 -0.383570 0.170228
vn 0.613372 0.192891 -0.765877
v 0.170182 -0.644728 -0.213417
vn 0.050991 0.416967 -0.907490
v 0.017709 -0.353951 -0.173814
vn -0.890935 0.165097 -0.423057
v -0.203415 -0.348914 -0.055409
vn -0.550377 0.225627 0.803851
v -0.137029 -0.358281 0.164329
vn -0.951374 0.206233 0.228814
v -0.253648 -0.637545 0.065311
vn -0.037941 0.091268 0.995103
v -0.006248 -0.638275 0.271091
vn 0.909744 0.188240 0.370042
v 0.248418 -0.635620 0.103941
vn 0.920614 0.207358 0.330868
v 0.253568 -0.641726 0.093968
vn 0.620681 0.152814 -0.769027
v 0.166298 -0.622468 -0.211597
vn -0.946168 0.187603 0.263763
v -0.249523 -0.630027 0.075249
vn 0.017496 0.399562 -0.916539
v 0.008300 -0.334663 -0.165432
vn -0.473658 0.146067 0.868512
v -0.105398 -0.171890 0.138822
vn 0.585152 0.334163 -0.738873
v 0.147891 -0.476922 -0.182178
vn -0.509747 0.345599 -0.787858
v -0.124054 -0.468368 -0.190597
vn -0.941792 0.195976 0.273169
v -0.221839 -0.483404 0.073701
vn 0.950892 0.176398 -0.254338
v 0.290063 -0.751686 -0.077622
vn -0.806321 0.443552 -0.391290
v -0.171143 -0.170228 -0.021477
vn -0.540684 0.165299 0.824826
v -0.116544 -0.167905 0.131394
vn -0.915615 0.231125 -0.328985
v -0.271755 -0.731904 -0.098173
vn 0.843556 0.418956 -0.335989
v 0.178090 -0.165721 -0.006507
vn 0.525024 0.237078 0.817401
v 0.161603 -0.730910 0.243601
vn 0.950365 0.224015 -0.215927
v 0.288010 -0.731733 -0.068880
vn -0.037868 0.294971 0.954756
v -0.006092 -0.465756 0.241097
vn -0.849709 0.342007 -0.401281
v -0.163353 -0.151423 -0.018870
vn -0.027068 0.318304 0.947602
v -0.003195 -0.432581 0.230446
vn 0.044629 0.243344 -0.968913
v 0.017394 -0.701233 -0.284251
vn -0.604446 0.248586 0.756868
v -0.172915 -0.703769 0.221532
vn -0.482406 0.344089 -0.805536
v -0.119642 -0.415742 -0.170612
vn 0.499915 0.248203 0.829747
v 0.150682 -0.711464 0.244688
vn 0.922256 0.267915 -0.278685
v 0.277508 -0.705321 -0.082287
vn -0.007964 0.325035 0.945669
v 0.001309 -0.414257 0.224264
vn 0.582887 0.316387 -0.748426
v 0.150490 -0.406525 -0.149973
vn -0.606080 0.247129 0.756038
v -0.170749 -0.690929 0.219029
vn 0.064536 0.309649 -0.948658
v 0.019596 -0.257754 -0.136103
vn -0.058996 0.156288 0.985948
v -0.012499 -0.561186 0.263361
vn 0.044548 0.005464 -0.998992
v 0.017544 -0.812562 -0.301151
vn 0.616858 0.243134 -0.748580
v 0.158462 -0.542606 -0.199556
vn -0.622809 0.034332 0.781621
v -0.184796 -0.812562 0.236313
vn -0.545621 0.265312 -0.794926
v -0.133060 -0.531251 -0.209518
vn 0.100784 0.012890 -0.994825
v 0.034234 -0.803075 -0.299859
vn 0.061799 0.014248 -0.997987
v 0.022405 -0.803072 -0.300798
vn 0.921967 0.187830 0.338670
v 0.235747 -0.545288 0.095115
vn -0.637744 0.054490 0.768319
v -0.188794 -0.802203 0.232550
vn 0.568884 0.057212 0.820425
v 0.174625 -0.800876 0.248879
vn 0.928191 0.197718 0.315228
v 0.233248 -0.521915 0.088360
vn -0.922372 0.037079 -0.384519
v -0.274632 -0.793749 -0.115764
vn 0.606686 0.278558 -0.744538
v 0.154897 -0.520127 -0.194636
vn -0.590311 0.091064 0.802022
v -0.174778 -0.791219 0.242532
vn -0.537919 0.304088 -0.786240
v -0.130520 -0.507661 -0.202771
vn 0.099778 0.074180 -0.992241
v 0.033933 -0.783950 -0.299152
vn -0.932981 0.109527 -0.342857
v -0.277780 -0.774489 -0.103920
vn 0.969633 0.116856 -0.214843
v 0.295087 -0.771451 -0.069698
vn 0.006505 0.381246 -0.924451
v 0.009400 -0.206848 -0.119402
vn 0.589633 0.313734 -0.744247
v 0.150327 -0.498450 -0.189657
vn -0.621587 0.153995 0.768059
v -0.184171 -0.769908 0.231998
vn 0.040308 0.442436 -0.895894
v 0.029522 -0.192360 -0.112367
vn -0.563896 0.155313 0.811110
v -0.127502 -0.189079 0.128210
vn -0.924651 0.170428 -0.340551
v -0.275364 -0.755588 -0.102735
vn 0.018070 0.425266 -0.904888
v 0.001778 -0.168242 -0.101424
vn -0.042123 0.271274 0.961580
v -0.006630 -0.487470 0.247476
vn 0.916743 0.206217 0.342135
v 0.224073 -0.487965 0.093340
vn -0.660455 0.100921 0.744053
v -0.164538 -0.602941 0.204765
vn -0.018939 0.296827 0.954743
v -0.003699 -0.333625 0.197346
vn 0.014354 0.150299 -0.988536
v 0.008922 -0.591364 -0.265535
vn -0.914203 0.160250 -0.372228
v -0.234737 -0.600319 -0.102567
vn 0.522562 0.332618 -0.785044
v 0.141676 -0.305019 -0.113027
vn 0.538145 0.093958 0.837599
v 0.139803 -0.604357 0.229007
vn -0.947341 0.151775 0.281974
v -0.208828 -0.314492 0.059075
vn 0.939721 0.168703 -0.297429
v 0.249014 -0.596387 -0.080671
vn 0.066221 0.136947 -0.988362
v 0.020136 -0.593856 -0.265443
vn 0.867789 0.172663 0.465972
v 0.203422 -0.312766 0.087198
vn -0.405820 0.240540 -0.881731
v -0.110663 -0.195536 -0.100636
vn -0.917549 0.163887 -0.362277
v -0.233731 -0.588129 -0.099899
vn 0.506606 0.321985 -0.799798
v 0.136328 -0.285472 -0.108287
vn -0.619943 0.134975 0.772951
v -0.151795 -0.576589 0.211174
vn 0.537442 0.128420 0.833465
v 0.137582 -0.580360 0.227377
vn 0.568362 0.121298 0.813788
v 0.146545 -0.586000 0.222206
vn 0.946395 0.188211 -0.262514
v 0.246707 -0.568896 -0.072059
vn -0.917647 0.189448 -0.349334
v -0.230007 -0.563329 -0.097192
vn -0.615504 0.150340 0.773662
v -0.150354 -0.563649 0.210027
vn 0.570523 0.159639 0.805617
v 0.144095 -0.560433 0.219406
vn -0.028085 0.214580 0.976303
v -0.005783 -0.261160 0.177683
vn 0.550209 0.240267 0.799714
v 0.159770 -0.684395 0.230722
vn -0.960493 0.042857 0.274984
v -0.215449 -0.411756 0.065510
vn 0.922564 0.283104 -0.262159
v 0.269337 -0.672112 -0.075625
vn -0.018889 0.320799 0.946959
v -0.002806 -0.394234 0.217397
vn 0.042494 0.207095 -0.977398
v 0.015149 -0.667735 -0.276349
vn 0.911762 0.096123 0.399314
v 0.212697 -0.383706 0.087599
vn -0.901348 0.274382 -0.335091
v -0.254093 -0.669259 -0.096362
vn 0.512680 0.341959 -0.787543
v 0.137714 -0.381772 -0.148431
vn -0.601182 0.219396 0.768404
v -0.163591 -0.670414 0.218277
vn 0.048595 0.151128 -0.987319
v 0.015384 -0.642544 -0.271694
vn 0.930331 0.094192 0.354418
v 0.215318 -0.375264 0.078980
vn -0.608340 0.159186 0.777549
v -0.159574 -0.645022 0.215180
vn -0.459817 0.351174 -0.815626
v -0.121426 -0.357911 -0.144399
vn -0.918592 0.190813 -0.346090
v -0.240684 -0.619789 -0.096557
vn 0.485093 0.343651 -0.804107
v 0.134118 -0.332084 -0.129300
vn -0.627363 0.099773 0.772309
v -0.157873 -0.621074 0.212630
vn -0.423568 0.354243 -0.833728
v -0.114751 -0.334136 -0.137770
vn -0.971877 0.107063 0.209743
v -0.214499 -0.334333 0.046613
vn 0.942286 0.191647 -0.274535
v 0.254112 -0.616546 -0.076900
vn 0.946618 0.228109 -0.227772
v 0.229676 -0.471345 -0.050737
vn -0.057408 0.031097 0.997866
v -0.003965 -0.176967 0.167528
vn -0.059669 0.207353 0.976445
v -0.013835 -0.751257 0.294522
vn -0.114263 0.033429 0.992888
v -0.014335 -0.169888 0.166382
vn 0.051922 0.403598 -0.913462
v 0.015445 -0.466722 -0.227453
vn 0.911871 0.237918 0.334494
v 0.275290 -0.727760 0.099723
vn -0.061323 0.237170 0.969531
v -0.014606 -0.725720 0.288507
vn -0.260432 0.445335 -0.856651
v -0.091079 -0.152303 -0.088954
vn -0.933144 0.250793 0.257574
v -0.271392 -0.713826 0.077201
vn -0.941182 0.108730 -0.319930
v -0.212560 -0.433918 -0.063737
vn -0.565947 0.229681 0.791802
v -0.131868 -0.444872 0.191815
vn 0.516203 0.240538 0.821995
v 0.126910 -0.426151 0.193496
vn -0.529252 0.249233 -0.811034
v -0.153536 -0.709675 -0.239768
vn 0.960330 0.093431 -0.262750
v 0.222991 -0.425019 -0.047539
vn 0.944934 0.137400 -0.297020
v 0.221260 -0.441450 -0.059676
vn -0.949269 0.252473 0.187474
v -0.276270 -0.712661 0.054864
vn 0.604202 0.258574 -0.753711
v 0.179352 -0.691556 -0.220684
vn -0.924112 0.273782 0.266571
v -0.264494 -0.690250 0.077544
vn 0.046656 0.437633 -0.897942
v 0.015163 -0.423077 -0.207143
vn 0.495116 0.247359 0.832871
v 0.126254 -0.403640 0.187561
vn 0.567420 0.175791 0.804445
v 0.142761 -0.546924 0.217514
vn -0.551143 0.005433 -0.834393
v -0.162384 -0.812562 -0.251635
vn 0.948394 0.204658 -0.242205
v 0.243179 -0.545618 -0.067060
vn -0.043949 0.032785 0.998496
v -0.010165 -0.812562 0.302114
vn -0.502847 0.014289 -0.864257
v -0.148080 -0.803114 -0.260422
vn -0.535986 0.014698 -0.844099
v -0.158181 -0.803182 -0.254248
vn -0.957778 0.048410 0.283405
v -0.285431 -0.803025 0.086161
vn 0.066682 0.293684 -0.953574
v 0.019473 -0.529353 -0.250962
vn -0.063923 0.050819 0.996660
v -0.015769 -0.802813 0.301458
vn -0.920166 0.218907 -0.324615
v -0.225125 -0.521570 -0.085135
vn 0.450840 0.151077 0.879726
v 0.113081 -0.210218 0.143479
vn 0.651357 0.037924 -0.757823
v 0.200575 -0.793676 -0.228190
vn 0.569353 0.210362 0.794724
v 0.141446 -0.521184 0.212266
vn 0.944981 0.217971 -0.243926
v 0.238677 -0.522845 -0.064675
vn -0.974094 0.087981 0.208329
v -0.290071 -0.792367 0.064811
vn -0.024165 0.131385 0.991037
v -0.003595 -0.779121 0.299833
vn 0.917753 0.088314 0.387207
v 0.280556 -0.792582 0.118445
vn 0.027456 0.330957 -0.943246
v 0.009850 -0.512356 -0.245773
vn -0.628340 0.207682 0.749705
v -0.148060 -0.515265 0.200436
vn 0.538000 0.233475 0.809966
v 0.133641 -0.500300 0.211884
vn 0.948307 0.230194 -0.218460
v 0.234768 -0.494332 -0.052965
vn 0.939097 0.230849 -0.254570
v 0.233586 -0.499724 -0.063058
vn -0.007935 0.170291 0.985362
v 0.001177 -0.765991 0.297878
vn 0.047609 0.373699 -0.926327
v 0.014676 -0.488343 -0.236616
vn 0.521800 0.391394 -0.757981
v 0.129051 -0.175507 -0.073797
vn -0.598112 0.229419 0.767873
v -0.140713 -0.493434 0.200052
vn -0.945009 0.224731 0.237601
v -0.181868 -0.184936 0.048733
vn -0.527845 0.197280 -0.826112
v -0.155535 -0.743894 -0.248054
vn -0.559218 0.140790 -0.816978
v -0.141451 -0.621011 -0.224262
vn -0.969054 0.157696 0.189912
v -0.250768 -0.607824 0.053839
vn -0.961007 0.160964 0.224848
v -0.247578 -0.601284 0.063745
vn -0.020966 0.100990 0.994667
v -0.001897 -0.590470 0.267570
vn 0.918642 0.148413 0.366156
v 0.242836 -0.601166 0.103392
vn 0.931732 0.147774 0.331721
v 0.247346 -0.606475 0.093653
vn -0.531936 0.144253 -0.834407
v -0.131231 -0.596303 -0.226944
vn -0.070526 0.094520 0.993022
v -0.013899 -0.593239 0.267285
vn -0.878646 0.217174 -0.425225
v -0.197105 -0.294493 -0.042227
vn 0.627562 0.173701 -0.758943
v 0.162054 -0.578142 -0.206252
vn 0.930991 0.167431 0.324381
v 0.243747 -0.583086 0.092579
vn 0.438609 0.231717 0.868291
v 0.117687 -0.287807 0.158576
vn -0.133594 0.128768 0.982635
v -0.029217 -0.572285 0.263332
vn 0.622653 0.218210 -0.751457
v 0.160233 -0.554183 -0.201661
vn 0.926064 0.227583 -0.301019
v 0.204791 -0.265385 -0.016651
vn 0.931208 0.171370 0.321691
v 0.241582 -0.570382 0.092132
vn -0.945081 0.188866 0.266742
v -0.234210 -0.543570 0.074426
vn -0.904271 0.133035 -0.405703
v -0.206454 -0.404856 -0.070832
vn 0.901767 0.267645 0.339384
v 0.264181 -0.688319 0.099729
vn 0.603744 0.254400 -0.755496
v 0.177118 -0.679748 -0.218381
vn -0.536083 0.246263 -0.807446
v -0.149175 -0.677354 -0.232556
vn 0.463095 0.133512 0.876195
v 0.111482 -0.178954 0.139692
vn 0.056925 0.432361 -0.899902
v 0.017914 -0.397237 -0.194317
vn -0.915846 0.155834 -0.370057
v -0.208679 -0.388135 -0.059260
vn -0.547751 0.221326 0.806835
v -0.132217 -0.402597 0.180107
vn -0.016119 0.174247 0.984570
v -0.001013 -0.663756 0.274586
vn 0.907291 0.253283 0.335664
v 0.258638 -0.665563 0.096797
vn 0.609126 0.219070 -0.762216
v 0.172408 -0.656458 -0.214821
vn -0.576393 0.202605 -0.791658
v -0.153706 -0.650062 -0.221574
vn 0.438276 0.123234 0.890352
v 0.108506 -0.190217 0.142686
vn -0.911971 0.160879 -0.377396
v -0.207584 -0.376432 -0.056915
vn -0.558595 0.221621 0.799285
v -0.137504 -0.370985 0.167537
vn -0.871753 0.175444 -0.457457
v -0.200243 -0.358761 -0.065579
vn 0.902550 0.218210 0.371198
v 0.250824 -0.647538 0.104554
vn 0.913085 0.235167 0.333125
v 0.256038 -0.653811 0.095179
vn -0.550719 0.182532 -0.814488
v -0.144209 -0.644451 -0.226857
vn -0.939963 0.214148 0.265726
v -0.251851 -0.642410 0.076442
vn -0.880220 0.188307 -0.435608
v -0.202086 -0.333720 -0.052120
vn 0.935476 0.162365 -0.313883
v 0.215946 -0.335825 -0.033053
vn -0.957655 0.177822 0.226441
v -0.251349 -0.625080 0.064496
vn -0.407645 0.192526 -0.892614
v -0.110903 -0.209769 -0.103841
vn 0.915594 0.159248 0.369226
v 0.246286 -0.623979 0.103693
vn -0.546802 0.246147 0.800262
v -0.156487 -0.712909 0.236577
vn -0.556515 0.313590 -0.769384
v -0.136224 -0.428373 -0.164926
vn -0.950172 0.066771 0.304492
v -0.213184 -0.433567 0.076369
vn 0.056698 0.311807 0.948452
v 0.016877 -0.442280 0.233236
vn 0.942596 0.099850 0.318658
v 0.220125 -0.444375 0.081074
vn 0.619896 0.246660 0.744908
v 0.184477 -0.704874 0.218662
vn 0.498515 0.339776 -0.797518
v 0.130658 -0.420237 -0.169706
vn -0.548471 0.322334 -0.771544
v -0.137436 -0.406230 -0.154983
vn 0.593857 0.248253 0.765314
v 0.176867 -0.698708 0.222759
vn 0.898095 0.279402 -0.339646
v 0.264374 -0.681562 -0.099448
vn -0.029528 0.240664 -0.970159
v -0.004761 -0.690690 -0.281788
vn 0.472303 0.134476 0.871118
v 0.116259 -0.199003 0.139950
vn -0.941254 0.191112 -0.278417
v -0.279628 -0.747145 -0.084878
vn 0.854272 0.368731 -0.366412
v 0.181313 -0.176979 -0.012617
vn 0.588759 0.217588 0.778472
v 0.180522 -0.746075 0.234816
vn -0.863822 0.384203 -0.325883
v -0.179483 -0.180683 -0.015653
vn -0.408419 0.123982 0.904335
v -0.091676 -0.168720 0.145012
vn -0.573278 0.241332 0.783014
v -0.166849 -0.729730 0.234417
vn 0.786944 0.394072 -0.474790
v 0.166771 -0.161924 -0.024421
vn -0.534185 0.338426 -0.774671
v -0.129650 -0.450661 -0.178991
vn 0.831650 0.293306 -0.471518
v 0.164911 -0.152072 -0.020411
vn 0.596199 0.245530 0.764371
v 0.179830 -0.722108 0.228097
vn 0.036115 0.429466 -0.902361
v -0.019215 -0.141046 -0.087794
vn 0.014711 0.309650 0.950737
v 0.005532 -0.448826 0.235889
vn -0.819278 0.389663 -0.420649
v -0.163737 -0.160972 -0.025888
vn 0.962659 0.140503 0.231401
v 0.226823 -0.454695 0.062326
vn -0.439852 0.090755 0.893473
v -0.091293 -0.145221 0.142621
vn -0.039023 0.111974 -0.992945
v -0.007670 -0.774247 -0.299535
vn 0.942772 0.199011 0.267536
v 0.235871 -0.514396 0.074858
vn -0.942079 0.076687 -0.326506
v -0.280550 -0.783971 -0.098769
vn 0.528041 0.306046 -0.792155
v 0.136655 -0.509577 -0.204139
vn -0.608853 0.299907 -0.734408
v -0.149209 -0.503681 -0.187019
vn -0.945505 0.121642 -0.302032
v -0.281623 -0.770867 -0.091224
vn 0.881954 0.260080 -0.393085
v 0.183281 -0.189810 -0.018287
vn 0.601129 0.164642 0.782009
v 0.185184 -0.766617 0.236423
vn -0.009527 0.428666 -0.903413
v 0.005937 -0.197190 -0.115023
vn -0.001917 0.262790 0.964851
v 0.003036 -0.492882 0.249218
vn -0.038828 0.176690 -0.983500
v -0.007937 -0.754543 -0.296657
vn 0.944465 0.206769 0.255408
v 0.231536 -0.490595 0.072035
vn -0.408081 0.131001 0.903498
v -0.096628 -0.191027 0.146044
vn 0.509401 0.335560 -0.792408
v 0.131655 -0.487325 -0.198234
vn -0.592611 0.320905 -0.738805
v -0.144006 -0.480903 -0.181653
vn 0.038771 0.283710 0.958126
v 0.012969 -0.476557 0.244338
vn 0.932402 0.205902 0.297037
v 0.227054 -0.483233 0.081694
vn 0.939571 0.022859 -0.341591
v 0.287723 -0.812562 -0.102220
vn 0.953526 0.178202 0.242964
v 0.247764 -0.568206 0.070107
vn -0.961013 0.005372 -0.276452
v -0.286315 -0.812562 -0.083317
vn 0.609963 0.045701 0.791111
v 0.189063 -0.812562 0.238901
vn -0.943769 0.012510 -0.330369
v -0.281150 -0.803152 -0.099288
vn -0.955987 0.014032 -0.293074
v -0.284824 -0.803101 -0.088010
vn 0.546190 0.267412 -0.793831
v 0.140709 -0.531112 -0.209150
vn -0.541617 0.054460 0.838860
v -0.160179 -0.802043 0.253588
vn 0.868477 0.270171 -0.415639
v 0.189668 -0.228630 -0.028218
vn 0.034202 0.222136 0.974416
v 0.012369 -0.520802 0.256121
vn 0.001919 0.038263 -0.999266
v 0.004487 -0.793545 -0.301201
vn 0.944025 0.196222 0.265167
v 0.238487 -0.527062 0.074908
vn 0.955736 0.075684 -0.284324
v 0.291682 -0.784099 -0.087288
vn -0.004339 0.231551 0.972813
v 0.002592 -0.515276 0.255000
vn -0.945225 0.180845 -0.271743
v -0.240287 -0.578575 -0.075063
vn -0.018854 0.240619 0.970437
v -0.002664 -0.280793 0.182456
vn 0.481780 0.309526 -0.819806
v 0.129268 -0.276513 -0.109134
vn 0.631415 0.153788 0.760042
v 0.162918 -0.572628 0.207227
vn 0.024682 0.239755 0.970520
v 0.009653 -0.278883 0.181974
vn -0.905308 0.215566 0.365990
v -0.194033 -0.259870 0.068486
vn 0.919323 0.201390 -0.338065
v 0.237833 -0.555534 -0.091094
vn -0.021230 0.260881 -0.965138
v -0.001782 -0.543545 -0.255670
vn 0.941927 0.135776 0.307145
v 0.215050 -0.322381 0.062956
vn 0.486189 0.339423 -0.805241
v 0.134323 -0.313718 -0.121371
vn -0.552890 0.095349 0.827781
v -0.140256 -0.622158 0.225778
vn 0.593845 0.098048 0.798583
v 0.157156 -0.618004 0.218567
vn 0.591276 0.122222 0.797154
v 0.158404 -0.631700 0.219402
vn -0.895345 0.135815 0.424160
v -0.201440 -0.327898 0.083552
vn -0.056160 0.119528 -0.991241
v -0.009885 -0.609170 -0.267542
vn -0.888200 0.184321 0.420864
v -0.198738 -0.302978 0.079728
vn 0.597748 0.114766 0.793426
v 0.155302 -0.591840 0.216707
vn 0.626093 0.107939 0.772241
v 0.163808 -0.597664 0.210880
vn 0.023762 0.321658 0.946558
v 0.010258 -0.376558 0.211322
vn -0.920530 0.233189 -0.313444
v -0.189813 -0.227480 -0.023690
vn -0.926759 0.212030 -0.310099
v -0.245776 -0.627161 -0.086900
vn -0.935344 0.228306 -0.270199
v -0.250499 -0.633357 -0.076404
vn 0.482834 0.340337 -0.806871
v 0.133236 -0.342301 -0.134149
vn -0.516614 0.106859 0.849524
v -0.131414 -0.630242 0.232335
vn -0.925465 0.082143 0.369821
v -0.206329 -0.348562 0.077768
vn 0.012837 0.297579 0.954611
v 0.006907 -0.332364 0.196989
vn 0.946989 0.072506 0.312976
v 0.219925 -0.400233 0.073009
vn 0.603278 0.248527 0.757819
v 0.177104 -0.685589 0.218277
vn -0.035729 0.204523 -0.978209
v -0.005696 -0.667561 -0.276356
vn 0.493752 0.196748 0.847053
v 0.127283 -0.240980 0.141965
vn -0.925065 0.272499 -0.264572
v -0.256924 -0.656082 -0.075688
vn 0.615624 0.191163 0.764502
v 0.172244 -0.658078 0.213975
vn 0.545273 0.252680 -0.799269
v 0.164152 -0.702398 -0.235484
vn -0.906389 0.261981 0.331399
v -0.262378 -0.704280 0.096961
vn 0.934017 0.257291 0.247820
v 0.278750 -0.709339 0.073304
vn -0.593862 0.256647 -0.762535
v -0.168418 -0.688819 -0.222390
vn 0.009168 0.394495 -0.918852
v 0.004797 -0.471588 -0.229939
vn 0.402188 0.467923 -0.786952
v 0.110647 -0.161496 -0.076929
vn -0.549396 0.247809 0.797969
v -0.128814 -0.474981 0.203112
vn -0.910002 0.310009 0.275301
v -0.177339 -0.174248 0.053816
vn -0.588987 0.212613 -0.779673
v -0.172916 -0.736584 -0.234041
vn -0.042361 0.419378 -0.906823
v -0.005932 -0.455601 -0.222619
vn 0.867613 0.301638 0.395300
v 0.178456 -0.174695 0.070725
vn -0.876200 0.281323 0.391319
v -0.162724 -0.155223 0.073676
vn -0.917985 0.237339 0.317763
v -0.269927 -0.729657 0.095090
vn 0.011199 0.421021 -0.906982
v 0.005587 -0.449858 -0.220176
vn -0.945854 0.172079 -0.275225
v -0.216817 -0.453059 -0.059045
vn 0.335051 0.448201 -0.828768
v 0.103170 -0.150596 -0.073863
vn 0.936922 0.242960 0.251292
v 0.281054 -0.719843 0.075028
vn -0.540043 0.239634 0.806802
v -0.125692 -0.451670 0.198068
vn -0.418410 0.381973 -0.824033
v -0.107543 -0.143948 -0.078508
vn -0.593206 0.232709 -0.770684
v -0.172701 -0.724044 -0.230596
vn -0.611690 0.111318 -0.783226
v -0.181380 -0.774674 -0.235958
vn 0.915700 0.234627 -0.326258
v 0.229907 -0.510657 -0.083496
vn -0.045379 0.355033 -0.933752
v -0.006644 -0.499046 -0.240873
vn 0.458055 0.219154 -0.861486
v 0.109895 -0.208311 -0.098100
vn 0.572361 0.149064 -0.806339
v 0.175987 -0.763472 -0.243696
vn -0.920165 0.176206 0.349639
v -0.274076 -0.764101 0.105977
vn 0.001078 0.365114 -0.930962
v 0.003914 -0.493659 -0.239033
vn -0.939256 0.227963 -0.256576
v -0.223965 -0.487438 -0.062160
vn -0.559129 0.230946 0.796265
v -0.130932 -0.499527 0.209115
vn 0.603332 0.239754 0.760597
v 0.149057 -0.488399 0.197061
vn -0.603639 0.175964 -0.777597
v -0.180077 -0.755580 -0.233409
vn -0.037436 0.384088 -0.922537
v -0.005636 -0.476634 -0.231925
vn 0.006632 0.197861 0.980208
v 0.005412 -0.754519 0.295680
vn 0.559972 0.005180 -0.828496
v 0.173121 -0.812562 -0.249506
vn -0.939504 0.031880 0.341051
v -0.280226 -0.812562 0.103035
vn 0.023528 0.280874 -0.959456
v 0.008430 -0.535889 -0.253480
vn -0.945925 0.206611 -0.250076
v -0.233438 -0.533225 -0.066713
vn 0.959647 0.035253 0.278989
v 0.293811 -0.812562 0.084459
vn 0.606234 0.012706 -0.795185
v 0.186841 -0.803102 -0.239562
vn 0.574690 0.014096 -0.818250
v 0.177253 -0.803074 -0.246547
vn 0.916778 0.221035 -0.332658
v 0.233939 -0.532635 -0.087354
vn -0.945582 0.049311 0.321625
v -0.281751 -0.803064 0.097678
vn 0.053158 0.048093 0.997427
v 0.019655 -0.802884 0.301696
vn -0.585154 0.036899 -0.810082
v -0.172818 -0.793848 -0.244137
vn -0.927833 0.111880 0.355822
v -0.276553 -0.783909 0.107479
vn -0.002805 0.337926 -0.941169
v 0.002148 -0.506605 -0.243857
vn -0.000960 0.096447 0.995338
v 0.004350 -0.789518 0.301092
vn -0.941457 0.223730 -0.252197
v -0.228557 -0.510219 -0.065398
vn 0.951958 0.123530 0.280208
v 0.291493 -0.782588 0.085162
vn 0.607829 0.079403 -0.790088
v 0.186952 -0.783771 -0.238520
vn 0.020693 0.104969 0.994260
v 0.009443 -0.588264 0.267337
vn -0.591618 0.205594 -0.779563
v -0.145768 -0.560655 -0.209138
vn -0.063992 0.320463 -0.945097
v -0.013381 -0.274679 -0.141783
vn 0.012728 0.145181 0.989323
v 0.007090 -0.565216 0.264419
vn 0.942426 0.174032 0.285564
v 0.245960 -0.576252 0.081987
vn 0.554906 0.219756 -0.802363
v 0.144045 -0.554948 -0.214134
vn -0.616763 0.236712 -0.750713
v -0.151064 -0.542924 -0.199815
vn -0.622269 0.139393 -0.770293
v -0.156533 -0.609447 -0.211045
vn -0.931164 0.159910 0.327661
v -0.237959 -0.595268 0.093059
vn -0.007301 0.377020 -0.926176
v 0.000751 -0.315114 -0.157282
vn -0.930095 0.213757 -0.298717
v -0.205571 -0.299940 -0.024296
vn 0.579309 0.151816 -0.800846
v 0.151240 -0.593181 -0.217836
vn 0.499653 0.234707 0.833823
v 0.133768 -0.306431 0.154916
vn 0.952694 0.163324 0.256319
v 0.251821 -0.594759 0.073150
vn -0.602967 0.162069 -0.781130
v -0.150633 -0.585091 -0.210886
vn 0.554832 0.184346 -0.811282
v 0.153237 -0.644545 -0.225925
vn -0.608235 0.193400 -0.769835
v -0.161370 -0.644520 -0.214344
vn 0.034476 0.113833 0.992902
v 0.013430 -0.646814 0.272026
vn -0.929591 0.131990 -0.344150
v -0.209535 -0.356399 -0.043741
vn 0.947778 0.191306 0.255185
v 0.258566 -0.634271 0.072967
vn 0.561551 0.143510 -0.814902
v 0.150061 -0.620148 -0.223353
vn -0.615037 0.166828 -0.770648
v -0.159742 -0.633108 -0.212966
vn -0.924091 0.180731 0.336739
v -0.243133 -0.629442 0.094804
vn -0.516823 0.229464 0.824767
v -0.124134 -0.409837 0.187295
vn -0.019787 0.433642 -0.900868
v -0.003558 -0.390756 -0.191699
vn -0.599400 0.238534 -0.764082
v -0.164900 -0.666677 -0.217887
vn -0.912407 0.263379 0.313281
v -0.255584 -0.673584 0.090431
vn 0.921347 0.156716 -0.355752
v 0.215837 -0.381446 -0.052994
vn -0.007114 0.430010 -0.902796
v -0.000197 -0.368448 -0.181000
vn 0.930177 0.249679 0.269132
v 0.264008 -0.662738 0.078065
vn 0.958439 0.099127 0.267521
v 0.223457 -0.443825 0.069949
vn -0.542742 0.248640 0.802253
v -0.154139 -0.701134 0.234587
vn 0.902043 0.277022 -0.331025
v 0.268509 -0.692200 -0.097184
vn -0.038505 0.240714 -0.969832
v -0.007409 -0.704531 -0.285168
vn 0.958073 0.047211 0.282608
v 0.221925 -0.423374 0.070689
vn -0.925834 0.274278 -0.260006
v -0.269970 -0.700076 -0.076733
vn 0.504079 0.346928 -0.790914
v 0.129865 -0.475926 -0.194508
vn -0.904270 0.204334 -0.374892
v -0.191714 -0.247303 -0.031368
vn -0.523134 0.219523 0.823493
v -0.152991 -0.744219 0.248100
vn -0.584861 0.329294 -0.741284
v -0.141377 -0.468733 -0.178331
vn 0.917456 0.213644 -0.335605
v 0.279491 -0.734880 -0.099623
vn 0.038037 0.297341 0.954014
v 0.012711 -0.466630 0.241366
vn 0.936161 0.195174 0.292422
v 0.225097 -0.470875 0.079368
vn -0.940978 0.216082 -0.260516
v -0.279155 -0.736765 -0.078693
vn 0.592407 0.234502 0.770755
v 0.180409 -0.734347 0.231460
vn -0.549016 0.242625 0.799822
v -0.158175 -0.724495 0.239025
vn -0.935127 0.138835 0.325979
v -0.212130 -0.452947 0.085499
vn 0.029886 0.488091 -0.872281
v 0.005052 -0.150104 -0.091550
vn -0.927563 0.239561 -0.286770
v -0.274870 -0.726430 -0.084633
vn 0.020328 0.076039 -0.996898
v 0.010258 -0.783950 -0.300582
vn -0.917437 0.231577 -0.323546
v -0.186135 -0.214311 -0.024734
vn -0.955245 0.117426 -0.271511
v -0.284817 -0.773397 -0.081899
vn 0.515106 0.326317 -0.792580
v 0.133921 -0.498682 -0.201591
vn -0.540436 0.190053 0.819640
v -0.158868 -0.756020 0.247234
vn 0.928223 0.172848 -0.329433
v 0.283709 -0.755707 -0.100058
vn 0.037926 0.271073 0.961811
v 0.012789 -0.487425 0.247515
vn -0.051978 0.314736 -0.947755
v -0.009256 -0.254856 -0.135617
vn -0.924083 0.194867 -0.328782
v -0.196204 -0.259178 -0.026286
vn -0.033954 0.005482 -0.999408
v -0.006163 -0.812562 -0.301301
vn 0.550797 0.244536 -0.798013
v 0.142406 -0.542658 -0.211711
vn -0.559598 0.034428 0.828049
v -0.165711 -0.812562 0.250382
vn -0.607814 0.261345 -0.749841
v -0.149087 -0.531918 -0.197780
vn 0.032045 0.201301 0.979005
v 0.012941 -0.530957 0.258325
vn 0.022364 0.012965 -0.999666
v 0.010551 -0.803072 -0.301323
vn -0.016782 0.014235 -0.999758
v -0.001313 -0.803081 -0.301329
vn 0.951503 0.180725 0.248957
v 0.244360 -0.552907 0.072309
vn -0.575673 0.054656 0.815851
v -0.170033 -0.802052 0.246907
vn 0.949223 0.040201 -0.312026
v 0.289886 -0.792134 -0.094731
vn -0.949775 0.038171 -0.310596
v -0.282895 -0.793655 -0.093546
vn 0.540524 0.285455 -0.791422
v 0.138990 -0.520120 -0.206491
vn 0.942617 0.091314 -0.321147
v 0.288081 -0.780109 -0.097545
vn 0.037230 0.243712 0.969133
v 0.012613 -0.509416 0.253365
vn -0.941783 0.169524 -0.290355
v -0.241065 -0.591197 -0.080459
vn -0.952535 0.163609 -0.256727
v -0.244737 -0.598647 -0.072262
vn -0.497835 0.260674 -0.827170
v -0.129306 -0.284722 -0.110342
vn 0.626982 0.132765 0.767637
v 0.162786 -0.585272 0.209786
vn -0.944506 0.185592 -0.271043
v -0.237870 -0.564663 -0.074214
vn 0.033434 0.249369 -0.967831
v 0.010417 -0.547426 -0.256602
vn -0.950071 0.195724 -0.243016
v -0.236397 -0.545994 -0.065778
vn 0.431197 0.285061 -0.856043
v 0.113725 -0.248026 -0.107543
vn 0.894031 0.246013 0.374415
v 0.195368 -0.237615 0.067908
vn 0.509008 0.109497 0.853769
v 0.108074 -0.145223 0.136382
vn -0.595119 0.100617 0.797314
v -0.148273 -0.602598 0.217949
vn -0.940005 0.164058 -0.299124
v -0.242372 -0.603101 -0.082870
vn -0.949220 0.174321 -0.261904
v -0.246346 -0.610313 -0.073763
vn 0.437242 0.347779 -0.829379
v 0.123139 -0.311579 -0.126793
vn -0.483938 0.320022 -0.814488
v -0.129238 -0.307846 -0.118846
vn -0.893084 0.160961 0.420110
v -0.200596 -0.315376 0.080805
vn 0.035012 0.267196 0.963006
v 0.014399 -0.301217 0.187608
vn -0.063119 0.140345 -0.988089
v -0.011331 -0.597471 -0.265927
vn 0.932401 0.167032 0.320512
v 0.212308 -0.309910 0.065454
vn -0.626530 0.112080 0.771296
v -0.156037 -0.596649 0.211137
vn -0.597978 0.123883 0.791881
v -0.147032 -0.586458 0.216577
vn 0.934728 0.161051 -0.316774
v 0.245187 -0.586497 -0.087687
vn 0.005110 0.249375 0.968394
v 0.005212 -0.290637 0.184938
vn -0.011311 0.319349 0.947570
v -0.000476 -0.367847 0.208424
vn 0.954467 0.091019 0.284093
v 0.220346 -0.378602 0.065156
vn -0.928735 0.254789 -0.269321
v -0.253457 -0.644731 -0.076309
vn -0.549437 0.318800 -0.772325
v -0.141825 -0.358676 -0.131691
vn -0.033598 0.151296 -0.987917
v -0.005362 -0.639297 -0.271331
vn 0.913996 0.095666 0.394284
v 0.212298 -0.364008 0.083665
vn -0.473252 0.343143 -0.811348
v -0.125965 -0.339780 -0.134101
vn -0.004292 0.308171 0.951321
v 0.001143 -0.354730 0.204088
vn -0.942590 0.200655 -0.266949
v -0.248167 -0.621895 -0.075343
vn 0.435644 0.354025 -0.827575
v 0.122174 -0.344460 -0.141281
vn -0.921891 0.106039 0.372656
v -0.205543 -0.336476 0.076725
vn 0.524694 0.156653 0.836753
v 0.121786 -0.176436 0.133351
vn 0.900589 0.280197 -0.332309
v 0.261999 -0.670494 -0.096561
vn 0.040438 0.321968 0.945887
v 0.013663 -0.415412 0.224441
vn -0.032970 0.226625 -0.973424
v -0.005266 -0.679353 -0.279013
vn 0.935256 0.071716 0.346632
v 0.217570 -0.407821 0.081234
vn 0.956426 0.052959 0.287132
v 0.221367 -0.412588 0.070731
vn 0.937201 0.091863 0.336475
v 0.217797 -0.387649 0.075826
vn -0.923947 0.278418 -0.262308
v -0.260481 -0.667656 -0.075290
vn 0.904584 0.271284 -0.328836
v 0.258764 -0.657927 -0.094823
vn -0.551166 0.221977 0.804327
v -0.128679 -0.432888 0.190658
vn 0.923157 0.171249 -0.344172
v 0.218083 -0.447753 -0.072033
vn 0.046039 0.246142 0.968140
v 0.017926 -0.714359 0.285891
vn -0.937837 0.095683 -0.333625
v -0.211786 -0.423573 -0.062997
vn 0.543640 0.256946 -0.799021
v 0.162086 -0.690596 -0.233107
vn -0.594239 0.254953 -0.762810
v -0.170408 -0.700217 -0.224716
vn -0.900163 0.270520 0.341357
v -0.258239 -0.693749 0.099545
vn 0.033937 0.241576 0.969788
v 0.014388 -0.701879 0.282876
vn 0.591116 0.208765 0.779101
v 0.145924 -0.415360 0.177528
vn -0.030160 0.438229 -0.898357
v -0.004596 -0.412296 -0.202073
vn -0.035210 0.404714 -0.913765
v -0.005253 -0.466020 -0.227369
vn 0.012999 0.214322 0.976677
v 0.008108 -0.744679 0.293566
vn 0.937334 0.229016 0.262595
v 0.283527 -0.733183 0.078438
vn -0.478237 0.393299 -0.785242
v -0.113284 -0.153977 -0.079782
vn 0.593713 0.241530 0.767573
v 0.144555 -0.457826 0.190648
vn -0.044531 0.424023 -0.904556
v -0.006072 -0.445005 -0.217639
vn 0.020313 0.244305 0.969486
v 0.010055 -0.724685 0.288821
vn 0.547636 0.241513 -0.801103
v 0.165910 -0.714974 -0.238188
vn -0.566831 0.073760 -0.820525
v -0.167646 -0.784218 -0.247140
vn -0.935524 0.228422 -0.269476
v -0.224876 -0.497005 -0.067060
vn -0.559427 0.213311 0.800962
v -0.131705 -0.512015 0.212042
vn 0.606210 0.223519 0.763249
v 0.150402 -0.502397 0.200251
vn 0.911236 0.242276 -0.333093
v 0.227062 -0.498649 -0.082643
vn -0.041224 0.373253 -0.926813
v -0.006084 -0.487648 -0.236346
vn 0.032161 0.177719 0.983556
v 0.013650 -0.763294 0.297198
vn 0.552599 0.179393 -0.813912
v 0.169962 -0.753140 -0.245795
vn -0.923507 0.204604 0.324457
v -0.274340 -0.753326 0.099055
vn -0.936878 0.231361 -0.262169
v -0.221485 -0.477008 -0.061791
vn 0.514096 0.293597 -0.805919
v 0.119727 -0.192941 -0.087770
vn 0.597913 0.249426 0.761766
v 0.146380 -0.472325 0.193876
vn -0.913371 0.233445 0.333551
v -0.177723 -0.184280 0.061452
vn -0.614879 0.005282 -0.788603
v -0.181653 -0.812562 -0.237822
vn 0.918341 0.210507 -0.335166
v 0.235904 -0.543796 -0.089152
vn -0.027279 0.291627 -0.956143
v -0.003335 -0.531710 -0.252236
vn 0.033416 0.031870 0.998933
v 0.013540 -0.812562 0.302278
vn -0.569137 0.012424 -0.822149
v -0.168079 -0.803240 -0.247710
vn -0.600896 0.013537 -0.799212
v -0.177673 -0.803248 -0.240755
vn -0.877187 0.245576 0.412595
v -0.181724 -0.225785 0.075952
vn -0.931819 0.048727 0.359637
v -0.277694 -0.803053 0.108896
vn 0.011837 0.053019 0.998523
v 0.008191 -0.802504 0.302037
vn -0.943798 0.214634 -0.251352
v -0.231023 -0.521631 -0.066050
vn 0.963009 0.048636 0.265045
v 0.294655 -0.803070 0.080305
vn 0.590132 0.038930 -0.806368
v 0.182097 -0.793512 -0.242863
vn 0.635670 0.205893 0.743997
v 0.160170 -0.522022 0.197773
vn 0.915706 0.222803 -0.334427
v 0.231526 -0.522854 -0.087382
vn -0.950425 0.080157 0.300446
v -0.283264 -0.793518 0.091133
vn 0.044007 0.117468 0.992101
v 0.017356 -0.783979 0.300267
vn 0.556059 0.113905 -0.823301
v 0.171679 -0.773777 -0.248349
vn 0.951661 0.173467 0.253478
v 0.249903 -0.582722 0.072300
vn -0.597206 0.176426 -0.782444
v -0.148027 -0.572670 -0.210364
vn -0.020344 0.317567 -0.948018
v -0.001713 -0.274952 -0.142394
vn -0.465938 0.210592 0.859391
v -0.117949 -0.267884 0.151108
vn 0.591214 0.208030 -0.779224
v 0.153156 -0.560460 -0.209026
vn -0.623540 0.217763 -0.750851
v -0.153163 -0.554607 -0.201621
vn -0.937612 0.176939 0.299292
v -0.234923 -0.562292 0.084041
vn -0.471085 0.162800 -0.866934
v -0.121897 -0.234337 -0.103300
vn -0.620971 0.146400 -0.770040
v -0.158207 -0.621360 -0.211861
vn -0.508742 0.223776 0.831328
v -0.130388 -0.325894 0.159755
vn -0.454479 0.237572 0.858492
v -0.119022 -0.320678 0.164775
vn 0.501358 0.231878 0.833590
v 0.134318 -0.321101 0.158682
vn -0.952678 0.156009 0.260894
v -0.245860 -0.606769 0.074026
vn -0.942006 0.158668 0.295719
v -0.242071 -0.600907 0.083634
vn 0.943040 0.154827 0.294455
v 0.249794 -0.600587 0.083507
vn 0.953413 0.153549 0.259666
v 0.253666 -0.606801 0.073668
vn 0.541684 0.145341 -0.827922
v 0.141600 -0.596132 -0.224976
vn -0.575665 0.156208 -0.802626
v -0.142297 -0.592547 -0.218788
vn -0.613282 0.152499 -0.775003
v -0.153908 -0.597425 -0.210950
vn -0.931315 0.169805 0.322209
v -0.236247 -0.583460 0.092065
vn -0.006491 0.342496 -0.939497
v 0.000750 -0.294104 -0.149109
vn 0.055932 0.088012 0.994548
v 0.018126 -0.595734 0.267724
vn -0.465596 0.248006 0.849537
v -0.118048 -0.369082 0.178996
vn 0.525149 0.233960 0.818219
v 0.136375 -0.366863 0.170337
vn 0.895165 0.162197 -0.415177
v 0.209890 -0.360535 -0.058449
vn -0.530388 0.221203 0.818387
v -0.134754 -0.337939 0.160202
vn 0.565606 0.218865 0.795102
v 0.148682 -0.342712 0.155179
vn 0.914109 0.159781 -0.372660
v 0.212655 -0.342951 -0.045036
vn 0.923315 0.265560 0.277429
v 0.274290 -0.700206 0.079706
vn 0.544553 0.251613 -0.800096
v 0.159861 -0.679087 -0.230890
vn -0.595584 0.250355 -0.763284
v -0.166648 -0.677690 -0.220064
vn -0.937825 0.144344 -0.315673
v -0.211942 -0.383236 -0.048286
vn -0.531041 0.236690 0.813618
v -0.130008 -0.390019 0.178039
vn -0.497555 0.239647 0.833672
v -0.121685 -0.397784 0.185502
vn 0.562748 0.227726 0.794642
v 0.143679 -0.389270 0.171888
vn 0.920535 0.144060 -0.363129
v 0.216074 -0.393729 -0.057665
vn -0.603531 0.218490 -0.766820
v -0.163111 -0.655671 -0.215974
vn -0.940787 0.287315 -0.179915
v -0.268833 -0.678019 -0.053523
vn 0.432060 0.364974 -0.824692
v 0.117978 -0.387528 -0.162553
vn 0.659042 0.240349 0.712668
v 0.190902 -0.678696 0.204136
vn -0.111631 0.210105 -0.971285
v -0.027215 -0.668477 -0.274927
vn 0.908070 0.312129 0.279258
v 0.175651 -0.155480 0.058111
vn -0.944016 0.273058 -0.185129
v -0.261798 -0.654716 -0.053835
vn 0.403828 0.374905 -0.834488
v 0.113031 -0.372513 -0.158303
vn -0.496278 0.161967 0.852921
v -0.129026 -0.651298 0.237071
vn 0.671865 0.197880 0.713752
v 0.187658 -0.655720 0.199967
vn -0.901493 0.097787 0.421602
v -0.202993 -0.376452 0.091364
vn 0.881858 0.245369 -0.402643
v 0.247377 -0.646007 -0.114266
vn 0.088540 0.306752 0.947662
v 0.028904 -0.354965 0.203026
vn -0.576343 0.307871 -0.756997
v -0.147767 -0.348683 -0.123309
vn 0.653059 0.119852 0.747763
v 0.175052 -0.628130 0.205494
vn 0.890431 0.188428 -0.414279
v 0.240252 -0.620074 -0.115835
vn -0.069415 0.116568 -0.990754
v -0.015054 -0.624365 -0.268902
vn 0.655736 0.104450 0.747730
v 0.172186 -0.603193 0.204604
vn 0.686610 0.109813 0.718685
v 0.181969 -0.620450 0.197993
vn -0.559018 0.088280 0.824442
v -0.139960 -0.609669 0.224690
vn -0.526782 0.089118 0.845316
v -0.130975 -0.603550 0.229928
vn -0.850657 0.172650 0.496564
v -0.193315 -0.310170 0.092804
vn 0.369616 0.347243 -0.861862
v 0.105740 -0.298849 -0.129812
vn -0.492718 0.116618 0.862339
v -0.120176 -0.585928 0.234261
vn 0.687141 0.118947 0.716721
v 0.178911 -0.596213 0.197344
vn -0.524503 0.131802 0.841145
v -0.127355 -0.577174 0.228671
vn 0.906995 0.188809 -0.376445
v 0.236377 -0.571005 -0.103230
vn -0.133024 0.201024 -0.970512
v -0.031146 -0.568287 -0.259083
vn 0.957538 0.197767 0.209786
v 0.210580 -0.278754 0.048682
vn -0.961696 0.193750 -0.193915
v -0.240560 -0.551617 -0.052627
vn -0.546109 0.161015 0.822094
v -0.130436 -0.554856 0.222815
vn -0.129986 0.283700 -0.950062
v -0.028158 -0.533945 -0.250767
vn 0.909310 0.013735 -0.415893
v 0.278789 -0.812562 -0.124183
vn -0.979766 0.005950 -0.200059
v -0.291997 -0.812562 -0.060297
vn 0.856240 0.267346 -0.442017
v 0.190444 -0.239234 -0.033525
vn 0.674863 0.032691 0.737218
v 0.207198 -0.812562 0.223628
vn 0.939939 0.019821 -0.340767
v 0.287273 -0.803150 -0.102827
vn -0.966867 0.013536 -0.254922
v -0.288102 -0.803005 -0.076603
vn -0.976066 0.015622 -0.216913
v -0.290881 -0.802867 -0.065053
vn -0.355651 0.192944 0.914486
v -0.092806 -0.239851 0.156382
vn 0.480113 0.277254 -0.832239
v 0.123361 -0.530384 -0.219787
vn -0.469250 0.063199 0.880801
v -0.137572 -0.797999 0.266556
vn -0.661078 0.263624 -0.702480
v -0.161936 -0.520607 -0.182456
vn 0.654841 0.050231 0.754096
v 0.202090 -0.803028 0.227737
vn -0.907024 0.192631 0.374434
v -0.219603 -0.526959 0.106874
vn -0.076488 0.038370 -0.996332
v -0.019191 -0.793574 -0.300327
vn 0.965918 0.189381 0.176459
v 0.245809 -0.537450 0.052242
vn -0.523626 0.094429 0.846699
v -0.154582 -0.790652 0.256108
vn 0.933089 0.051292 -0.355969
v 0.285290 -0.789698 -0.107330
vn -0.114039 0.113146 -0.987012
v -0.031061 -0.774074 -0.297705
vn -0.964949 0.078892 -0.250299
v -0.287395 -0.783543 -0.076230
vn 0.530903 0.168088 0.830595
v 0.130984 -0.216707 0.134478
vn -0.639166 0.300703 -0.707845
v -0.156439 -0.497718 -0.178254
vn -0.053420 0.359375 -0.931663
v -0.010253 -0.211569 -0.120636
vn 0.910175 0.142693 -0.388870
v 0.278271 -0.764614 -0.117892
vn 0.122021 0.255886 0.958975
v 0.032378 -0.498203 0.248866
vn 0.965008 0.198225 0.171655
v 0.241790 -0.515752 0.049894
vn -0.964660 0.156041 -0.212328
v -0.287289 -0.759074 -0.063464
vn -0.120153 0.179302 -0.976429
v -0.030633 -0.753789 -0.294655
vn -0.355681 0.130653 0.925430
v -0.086573 -0.195672 0.150919
vn 0.476640 0.334160 -0.813112
v 0.123240 -0.493040 -0.205801
vn 0.494752 0.128413 0.859495
v 0.119203 -0.187835 0.136744
vn -0.631865 0.310674 -0.710091
v -0.153736 -0.486435 -0.175823
vn 0.124111 0.285410 0.950336
v 0.033031 -0.475372 0.242309
vn 0.819337 0.348506 -0.455226
v 0.177174 -0.181316 -0.024655
vn 0.650164 0.229674 0.724249
v 0.197801 -0.739048 0.218449
vn -0.106612 0.221406 -0.969337
v -0.029102 -0.733128 -0.290558
vn -0.102701 0.312750 -0.944267
v -0.023638 -0.255235 -0.134445
vn -0.484607 0.225842 0.845075
v -0.140771 -0.740878 0.254608
vn -0.645537 0.307631 -0.699031
v -0.154703 -0.457508 -0.161937
vn 0.014461 0.473030 -0.880928
v -0.005778 -0.158240 -0.096470
vn 0.887116 0.240358 -0.394022
v 0.270061 -0.724935 -0.116893
vn -0.887695 0.378636 -0.261979
v -0.173223 -0.159429 -0.002285
vn -0.604769 0.317315 -0.730456
v -0.145490 -0.451492 -0.167380
vn 0.630822 0.245472 0.736076
v 0.189136 -0.715818 0.218361
vn -0.843303 0.393948 -0.365574
v -0.169059 -0.160185 -0.014034
vn -0.379252 0.073032 0.922407
v -0.079705 -0.145221 0.147862
vn -0.471105 0.253143 0.844972
v -0.136083 -0.714457 0.249663
vn 0.879243 0.265812 -0.395317
v 0.262952 -0.700988 -0.117452
vn 0.090263 0.311565 0.945928
v 0.026724 -0.436933 0.230744
vn 0.972668 0.090468 0.213850
v 0.226558 -0.443062 0.057222
vn 0.649602 0.247592 0.718830
v 0.192269 -0.703321 0.211391
vn -0.890557 0.075311 0.448594
v -0.199336 -0.414723 0.107367
vn 0.872928 0.278087 -0.400831
v 0.256707 -0.681005 -0.117284
vn -0.973946 0.088577 -0.208767
v -0.218651 -0.396303 -0.029751
vn 0.528948 0.134419 0.837941
v 0.126590 -0.196670 0.133600
vn -0.458373 0.250852 0.852624
v -0.112387 -0.406370 0.193243
vn 0.936305 0.271449 0.222822
v 0.272352 -0.678882 0.063510
vn 0.486298 0.224398 -0.844488
v 0.139643 -0.667178 -0.240159
vn -0.656653 0.244463 -0.713473
v -0.181292 -0.667060 -0.204069
vn -0.886054 0.244128 0.394093
v -0.244036 -0.663613 0.112681
vn 0.111204 0.194177 0.974643
v 0.035135 -0.669976 0.274049
vn -0.412083 0.268753 0.870609
v -0.105032 -0.385629 0.190648
vn 0.872621 0.181946 -0.453243
v 0.206850 -0.376282 -0.070666
vn -0.085468 0.419087 -0.903915
v -0.022323 -0.356076 -0.174033
vn 0.946385 0.252910 0.200979
v 0.268465 -0.659588 0.056846
vn 0.490959 0.177407 -0.852928
v 0.135492 -0.644307 -0.237060
vn -0.669383 0.202535 -0.714777
v -0.177687 -0.644509 -0.200279
vn -0.885242 0.227615 0.405634
v -0.240210 -0.652898 0.114879
vn -0.460327 0.244903 0.853301
v -0.117369 -0.354597 0.175228
vn -0.908234 0.191283 0.372185
v -0.240651 -0.635508 0.104388
vn 0.493724 0.153661 -0.855935
v 0.133784 -0.632713 -0.235830
vn -0.676096 0.177382 -0.715143
v -0.176084 -0.632823 -0.198731
vn -0.897517 0.172458 0.405860
v -0.235398 -0.629416 0.113778
vn 0.119264 0.087985 0.988956
v 0.035117 -0.634336 0.269042
vn -0.957211 0.152724 -0.245810
v -0.212617 -0.330794 -0.022312
vn 0.859040 0.225144 -0.459740
v 0.204226 -0.327310 -0.055987
vn -0.953989 0.182483 -0.237918
v -0.211569 -0.320255 -0.019131
vn 0.544481 0.221504 0.808998
v 0.144186 -0.331167 0.155191
vn -0.684270 0.139090 -0.715841
v -0.172541 -0.608418 -0.196830
vn -0.904741 0.142463 0.401432
v -0.232041 -0.607151 0.112982
vn 0.092627 0.078984 0.992563
v 0.027487 -0.603610 0.267696
vn 0.123227 0.070583 0.989865
v 0.035087 -0.610774 0.267378
vn -0.949822 0.203593 -0.237462
v -0.209804 -0.307714 -0.015898
vn -0.393408 0.249742 0.884794
v -0.104964 -0.317514 0.170730
vn 0.968696 0.167695 0.183048
v 0.256521 -0.594949 0.052719
vn -0.630760 0.169380 -0.757267
v -0.158090 -0.578599 -0.203704
vn -0.669872 0.162621 -0.724449
v -0.167560 -0.583907 -0.196536
vn -0.905851 0.171236 0.387444
v -0.227344 -0.572859 0.110111
vn 0.062518 0.113637 0.991553
v 0.020218 -0.583605 0.266402
vn 0.108909 0.120163 0.986762
v 0.031705 -0.577851 0.264705
vn 0.842879 0.247306 -0.477906
v 0.193435 -0.269811 -0.044388
vn 0.842413 0.262439 -0.470602
v 0.196201 -0.282247 -0.046163
vn -0.106406 0.315495 -0.942943
v -0.025180 -0.268596 -0.138691
vn 0.964230 0.182783 0.191966
v 0.251398 -0.570647 0.056169
vn -0.361147 0.212423 0.907992
v -0.096482 -0.270743 0.161807
vn -0.896662 0.175618 0.406394
v -0.221127 -0.550606 0.114593
vn 0.485972 0.222313 -0.845227
v 0.126192 -0.555349 -0.225522
vn 0.820690 0.263655 -0.506906
v 0.186869 -0.244561 -0.042762
vn 0.493248 0.005330 -0.869872
v 0.152986 -0.812562 -0.262022
vn 0.665928 0.177429 0.724609
v 0.169395 -0.544805 0.195595
vn -0.843399 0.222273 0.489156
v -0.181422 -0.244341 0.086439
vn -0.909905 0.031728 0.413601
v -0.271304 -0.812562 0.125001
vn -0.962349 0.205484 -0.177933
v -0.237631 -0.532629 -0.047406
vn 0.979267 0.036191 0.199316
v 0.299506 -0.812562 0.061444
vn 0.541903 0.012903 -0.840342
v 0.167409 -0.803060 -0.253206
vn 0.508518 0.014210 -0.860934
v 0.157272 -0.803065 -0.259434
vn 0.667674 0.192892 0.719030
v 0.168831 -0.532615 0.192963
vn -0.917450 0.049962 0.394702
v -0.273191 -0.803036 0.119900
vn 0.131870 0.052129 0.989895
v 0.043203 -0.802543 0.299495
vn 0.973260 0.055186 0.222981
v 0.297617 -0.801833 0.068195
vn -0.647174 0.036635 -0.761462
v -0.191469 -0.793840 -0.229529
vn -0.897298 0.111241 0.427179
v -0.267172 -0.783837 0.129391
vn 0.071537 0.084218 0.993876
v 0.024557 -0.793026 0.300740
vn -0.960129 0.214690 -0.179057
v -0.233116 -0.510483 -0.045615
vn 0.540915 0.075850 -0.837650
v 0.167110 -0.783748 -0.252500
vn 0.663669 0.213521 0.716905
v 0.166642 -0.511530 0.189013
vn -0.672502 0.109575 -0.731939
v -0.199431 -0.774739 -0.220651
vn 0.946247 0.230153 0.227258
v 0.203283 -0.245999 0.050849
vn 0.887138 0.240791 -0.393709
v 0.222754 -0.510481 -0.101298
vn -0.126310 0.347866 -0.928997
v -0.027317 -0.500185 -0.239336
vn 0.395091 0.211279 -0.894016
v 0.099499 -0.212511 -0.104130
vn 0.503928 0.144709 -0.851537
v 0.155569 -0.763938 -0.256974
vn 0.054711 0.102547 0.993222
v 0.017547 -0.213577 0.169488
vn -0.889339 0.178879 0.420807
v -0.264662 -0.764259 0.128117
vn -0.957710 0.222278 -0.182715
v -0.228335 -0.487865 -0.043468
vn 0.468109 0.272479 -0.840613
v 0.110077 -0.195873 -0.094644
vn -0.559492 0.168735 -0.811478
v -0.138100 -0.246181 -0.095550
vn 0.964999 0.178010 0.192586
v 0.295184 -0.764052 0.057952
vn -0.479575 0.240261 0.843968
v -0.113003 -0.499080 0.220310
vn 0.662756 0.232461 0.711840
v 0.163959 -0.488409 0.184264
vn -0.665017 0.179044 -0.725049
v -0.197181 -0.754252 -0.218648
vn -0.120304 0.385592 -0.914793
v -0.025929 -0.476589 -0.230144
vn -0.897084 0.219976 0.383212
v -0.265617 -0.743402 0.115423
vn 0.319440 0.513380 -0.796492
v 0.097879 -0.161535 -0.082794
vn 0.653398 0.238304 0.718527
v 0.160337 -0.466225 0.180123
vn 0.890070 0.242056 -0.386244
v 0.215156 -0.465491 -0.089419
vn 0.897382 0.325346 0.298087
v 0.182471 -0.173649 0.059500
vn 0.487862 0.232717 -0.841328
v 0.149592 -0.723968 -0.251076
vn -0.849679 0.258335 0.459683
v -0.157834 -0.154722 0.083363
vn -0.970426 0.170235 -0.171155
v -0.223206 -0.458024 -0.035389
vn -0.514921 0.344141 -0.785127
v -0.116795 -0.145217 -0.073868
vn -0.648846 0.243847 -0.720789
v -0.190348 -0.717869 -0.213918
vn 0.904291 0.155405 -0.397626
v 0.212602 -0.437814 -0.081281
vn -0.114289 0.422376 -0.899187
v -0.026081 -0.438076 -0.212666
vn -0.967368 0.101435 -0.232185
v -0.218494 -0.437744 -0.044878
vn 0.482062 0.252858 -0.838856
v 0.145758 -0.701766 -0.246815
vn -0.499142 0.233341 0.834511
v -0.117924 -0.426535 0.195849
vn -0.449847 0.247742 0.858057
v -0.107418 -0.430097 0.202754
vn -0.881495 0.260983 0.393517
v -0.247857 -0.678634 0.113853
vn 0.656764 0.247191 0.712431
v 0.192320 -0.690908 0.207037
vn 0.874809 0.274855 -0.398953
v 0.253674 -0.669192 -0.115743
vn 0.094064 0.321816 0.942118
v 0.028201 -0.394195 0.216201
vn -0.108708 0.229645 -0.967184
v -0.027382 -0.680789 -0.277724
vn 0.972742 0.081283 0.217176
v 0.224401 -0.388554 0.053474
vn -0.479148 0.213261 0.851433
v -0.129958 -0.673367 0.241501
vn 0.664395 0.224057 0.713007
v 0.189313 -0.667091 0.201827
vn 0.877807 0.264522 -0.399354
v 0.250537 -0.657505 -0.114670
vn 0.107480 0.316271 0.942561
v 0.032188 -0.380902 0.211261
vn -0.115560 0.182833 -0.976329
v -0.027353 -0.656359 -0.272456
vn 0.092355 -0.009136 0.995684
v 0.023360 -0.145221 0.166674
vn -0.948864 0.254745 -0.186446
v -0.258385 -0.642525 -0.053838
vn 0.426495 0.364697 -0.827707
v 0.118748 -0.354388 -0.147331
vn -0.527358 0.133804 0.839041
v -0.135383 -0.641275 0.231442
vn 0.677838 0.166610 0.716084
v 0.185710 -0.644285 0.198826
vn -0.885175 0.096618 0.455116
v -0.199569 -0.366447 0.096406
vn 0.887345 0.220352 -0.405047
v 0.244202 -0.633942 -0.114218
vn -0.075795 0.137731 -0.987565
v -0.017333 -0.637067 -0.270359
vn -0.117000 0.149908 -0.981753
v -0.027519 -0.643619 -0.270250
vn 0.443981 0.351415 -0.824250
v 0.125049 -0.332794 -0.134774
vn 0.401672 0.362168 -0.841127
v 0.114066 -0.334565 -0.141064
vn 0.683500 0.133451 0.717648
v 0.183749 -0.632501 0.198266
vn -0.861509 0.138798 0.488403
v -0.196098 -0.331183 0.094683
vn 0.085760 0.293994 0.951952
v 0.027541 -0.332489 0.196029
vn -0.528388 0.318662 -0.786932
v -0.138678 -0.315672 -0.116069
vn -0.574907 0.306639 -0.758587
v -0.147180 -0.311627 -0.108292
vn 0.687728 0.103724 0.718521
v 0.180428 -0.608323 0.197762
vn -0.859216 0.161229 0.485544
v -0.195667 -0.319751 0.092003
vn 0.900371 0.166818 -0.401876
v 0.237133 -0.592940 -0.111496
vn 0.102249 0.282628 0.953765
v 0.031613 -0.318736 0.191471
vn -0.101760 0.130036 -0.986274
v -0.022446 -0.601743 -0.265559
vn 0.900339 0.177017 -0.397560
v 0.235537 -0.580420 -0.109725
vn -0.968906 0.165560 -0.183876
v -0.247740 -0.588752 -0.051626
vn -0.480403 0.134443 0.866682
v -0.116519 -0.573499 0.234489
vn 0.683443 0.137602 0.716918
v 0.176921 -0.583837 0.197076
vn -0.085870 0.156116 -0.983999
v -0.019119 -0.588177 -0.263933
vn -0.964900 0.186218 -0.185179
v -0.243655 -0.565337 -0.050817
vn -0.112840 0.253307 -0.960782
v -0.024089 -0.547150 -0.255020
vn 0.366618 0.301926 -0.880018
v 0.100090 -0.266282 -0.119982
vn -0.494682 0.168993 0.852485
v -0.118138 -0.550247 0.229576
vn -0.538333 0.199022 -0.818895
v -0.137084 -0.268377 -0.101074
vn 0.666182 0.154412 0.729629
v 0.171658 -0.569808 0.199042
vn 0.949364 0.193530 0.247494
v 0.207131 -0.267062 0.053272
vn -0.964067 0.197682 -0.177471
v -0.239737 -0.542888 -0.047679
vn -0.112250 0.005477 -0.993665
v -0.029811 -0.812562 -0.299591
vn 0.485637 0.245942 -0.838850
v 0.125192 -0.542643 -0.222581
vn -0.490213 0.040996 0.870638
v -0.145582 -0.812562 0.262909
vn -0.670921 0.246805 -0.699251
v -0.164183 -0.533114 -0.184858
vn -0.056129 0.012932 -0.998340
v -0.013160 -0.803092 -0.300924
vn -0.095109 0.014173 -0.995366
v -0.024965 -0.803108 -0.300001
vn 0.967560 0.185552 0.171461
v 0.248440 -0.549779 0.050677
vn -0.506045 0.057523 0.860587
v -0.149614 -0.801427 0.260049
vn 0.688465 0.053744 0.723276
v 0.211239 -0.802225 0.219376
vn -0.971477 0.042217 -0.233345
v -0.289372 -0.793230 -0.070685
vn 0.461142 0.305847 -0.832950
v 0.119043 -0.515892 -0.217153
vn -0.650233 0.284893 -0.704296
v -0.159293 -0.509087 -0.180395
vn 0.632432 0.081033 0.770366
v 0.195635 -0.793595 0.232433
vn 0.906530 0.103702 -0.409206
v 0.277190 -0.775716 -0.123965
vn 0.122977 0.238155 0.963410
v 0.032697 -0.509820 0.251848
vn -0.058172 0.076578 -0.995365
v -0.013427 -0.783952 -0.300158
vn 0.963701 0.199514 0.177410
v 0.243419 -0.525861 0.052593
vn -0.972838 0.121850 -0.196824
v -0.290264 -0.772069 -0.058159
vn 0.445405 0.330259 -0.832192
v 0.114733 -0.499931 -0.213373
vn -0.489533 0.167638 0.855719
v -0.141760 -0.765429 0.259887
vn 0.896956 0.173227 -0.406772
v 0.274104 -0.754485 -0.123427
vn 0.122980 0.272216 0.954345
v 0.032631 -0.486831 0.245707
vn 0.960867 0.204446 0.186915
v 0.238168 -0.502038 0.054109
vn -0.927938 0.258744 -0.268297
v -0.184452 -0.193925 -0.014607
vn -0.092565 0.205313 -0.974309
v -0.023763 -0.743766 -0.293445
vn 0.439307 0.342958 -0.830295
v 0.112689 -0.486149 -0.208866
vn 0.584241 0.183848 0.790483
v 0.131465 -0.173218 0.126080
vn 0.883676 0.223369 -0.411368
v 0.269693 -0.733635 -0.122743
vn 0.653408 0.241206 0.717550
v 0.198317 -0.726221 0.213757
vn 0.975116 0.130083 0.179520
v 0.228959 -0.452812 0.050793
vn 0.451396 0.360397 -0.816306
v 0.116892 -0.446542 -0.189154
vn 0.027267 0.461219 -0.886867
v -0.006367 -0.147274 -0.090180
vn -0.951126 0.236345 -0.198748
v -0.281435 -0.726749 -0.059459
vn -0.120662 0.245242 -0.961924
v -0.032564 -0.707581 -0.283877
vn -0.930459 0.251492 -0.266454
v -0.273462 -0.713542 -0.078025
vn 0.467313 0.351973 -0.811008
v 0.122253 -0.425327 -0.176955
vn 0.432794 0.361986 -0.825624
v 0.113181 -0.432610 -0.185108
vn -0.914009 0.066768 0.400162
v -0.204418 -0.420587 0.097462
vn -0.898321 0.099701 0.427878
v -0.201434 -0.438955 0.107339
vn -0.969374 0.073341 -0.234381
v -0.217454 -0.414275 -0.041663
vn 0.484347 0.244050 -0.840147
v 0.141793 -0.678551 -0.242095
vn -0.651855 0.255396 -0.714044
v -0.183185 -0.678640 -0.206401
vn 0.111614 0.216110 0.969968
v 0.035146 -0.683232 0.276880
vn 0.569621 0.121693 0.812848
v 0.118630 -0.145224 0.129575
vn -0.969481 0.112668 -0.217744
v -0.217753 -0.385185 -0.028428
vn -0.446499 0.258258 0.856704
v -0.112194 -0.394418 0.189762
vn 0.601352 0.216123 0.769199
v 0.153255 -0.385208 0.163651
vn 0.106728 0.157140 0.981792
v 0.032057 -0.232382 0.170701
vn -0.099338 0.426975 -0.898790
v -0.024689 -0.379140 -0.184654
vn 0.943525 0.265432 0.198258
v 0.271434 -0.670395 0.056657
vn -0.662635 0.224700 -0.714440
v -0.179458 -0.655855 -0.202063
vn 0.076046 0.133619 0.988111
v 0.024296 -0.652436 0.272118
vn -0.960353 0.122540 -0.250411
v -0.215707 -0.375060 -0.031680
vn 0.612544 0.207099 0.762824
v 0.156462 -0.361494 0.154608
vn -0.900244 0.225265 0.372581
v -0.243787 -0.651416 0.105687
vn 0.566849 0.224037 0.792774
v 0.147773 -0.352529 0.158625
vn -0.891072 0.201386 0.406736
v -0.237688 -0.641177 0.114039
vn -0.965938 0.125231 -0.226454
v -0.214385 -0.341312 -0.021052
vn -0.436274 0.247471 0.865115
v -0.112535 -0.340097 0.173635
vn 0.901730 0.190839 -0.387898
v 0.210859 -0.332454 -0.044572
vn 0.881890 0.183174 -0.434417
v 0.207693 -0.341435 -0.055523
vn -0.913959 0.163890 0.371240
v -0.238460 -0.623507 0.104069
vn -0.942268 0.150576 -0.299094
v -0.210819 -0.336259 -0.031540
vn 0.962223 0.184685 0.200045
v 0.261310 -0.629224 0.057136
vn 0.492814 0.131212 -0.860185
v 0.130188 -0.609793 -0.234129
vn 0.121723 0.068681 0.990185
v 0.035215 -0.621953 0.268098
vn 0.583998 0.215324 0.782676
v 0.154052 -0.324671 0.146468
vn -0.931015 0.152232 0.331718
v -0.239636 -0.606634 0.093704
vn -0.919063 0.151937 0.363645
v -0.235223 -0.601201 0.103132
vn 0.961933 0.159788 0.221702
v 0.255286 -0.600739 0.063327
vn 0.969784 0.156851 0.186860
v 0.258339 -0.606816 0.053567
vn 0.502996 0.138600 -0.853103
v 0.131653 -0.599153 -0.231686
vn -0.904919 0.152753 0.397226
v -0.230419 -0.595773 0.112461
vn 0.106347 0.096817 0.989604
v 0.030369 -0.590678 0.266228
vn -0.389864 0.246018 0.887401
v -0.104649 -0.304340 0.167187
vn 0.552625 0.168146 -0.816292
v 0.143644 -0.583383 -0.221219
vn 0.842533 0.255784 -0.474040
v 0.198311 -0.292994 -0.048504
vn -0.098365 0.343028 -0.934161
v -0.024643 -0.293502 -0.147448
vn 0.967494 0.177857 0.179786
v 0.254407 -0.583094 0.052672
vn 0.480082 0.202409 -0.853552
v 0.124488 -0.568277 -0.229693
vn -0.685269 0.218525 -0.694732
v -0.168366 -0.552348 -0.187229
vn -0.656993 0.228747 -0.718356
v -0.161838 -0.545807 -0.191309
vn -0.893211 0.185111 0.409765
v -0.217823 -0.537589 0.116075
vn -0.674896 0.005231 -0.737895
v -0.199779 -0.812562 -0.222539
vn 0.901915 0.206897 -0.379135
v 0.232143 -0.548506 -0.101550
vn 0.112518 0.032587 0.993115
v 0.037191 -0.812562 0.300581
vn -0.631958 0.012179 -0.774907
v -0.187017 -0.803236 -0.233469
vn -0.661814 0.013536 -0.749546
v -0.196037 -0.803220 -0.225779
vn -0.900500 0.049108 0.432075
v -0.268287 -0.803016 0.130720
vn 0.092053 0.051111 0.994442
v 0.031382 -0.802731 0.300820
vn -0.961339 0.211075 -0.176849
v -0.235396 -0.521573 -0.046556
vn 0.981547 0.062029 0.180883
v 0.300123 -0.800940 0.055940
vn -0.489386 0.200710 0.848656
v -0.116005 -0.523908 0.224944
vn 0.524560 0.038626 -0.850497
v 0.162312 -0.793482 -0.256188
vn 0.670269 0.203112 0.713783
v 0.168729 -0.522036 0.190117
vn -0.923139 0.082433 0.375524
v -0.275094 -0.793504 0.113726
vn -0.128630 0.332315 -0.934356
v -0.027515 -0.512565 -0.243798
vn 0.964391 0.088685 0.249168
v 0.294879 -0.791925 0.076531
vn 0.488194 0.112197 -0.865493
v 0.151165 -0.774049 -0.261070
vn -0.630350 0.072388 -0.772928
v -0.186582 -0.784364 -0.232922
vn -0.084925 0.326287 -0.941448
v -0.016568 -0.516378 -0.246422
vn -0.958776 0.219126 -0.180921
v -0.230787 -0.499329 -0.044599
vn 0.970801 0.136491 0.197270
v 0.296710 -0.776974 0.060774
vn -0.483871 0.215412 0.848214
v -0.114340 -0.511385 0.222821
vn 0.663195 0.223446 0.714314
v 0.165337 -0.499813 0.186634
vn -0.654329 0.143262 -0.742515
v -0.194097 -0.764888 -0.223716
vn 0.875308 0.253048 -0.412072
v 0.217870 -0.497304 -0.103855
vn -0.949304 0.223087 -0.221483
v -0.227442 -0.493443 -0.054061
vn -0.499569 0.265021 -0.824739
v -0.121032 -0.191460 -0.094074
vn 0.482754 0.175515 -0.857988
v 0.149318 -0.753891 -0.258722
vn -0.957136 0.220483 -0.187823
v -0.225067 -0.473108 -0.042755
vn 0.386043 0.356414 -0.850846
v 0.100596 -0.186951 -0.096379
vn -0.475322 0.251776 0.843017
v -0.111667 -0.486898 0.217417
vn 0.655865 0.243177 0.714637
v 0.162000 -0.477128 0.182301
vn 0.934056 0.251516 0.253533
v 0.187177 -0.182771 0.053792
vn 0.116150 0.224129 0.967613
v 0.038040 -0.742580 0.291142
vn -0.947986 0.221577 -0.228532
v -0.222616 -0.471234 -0.051933
vn -0.464025 0.423004 -0.778298
v -0.116023 -0.172752 -0.089041
vn 0.076106 0.023066 0.996833
v 0.019552 -0.168282 0.167177
vn -0.885911 0.237582 0.398392
v -0.260932 -0.732761 0.119911
vn 0.953561 0.231304 0.192926
v 0.288944 -0.735567 0.058495
vn -0.427551 0.262410 0.865067
v -0.100027 -0.468284 0.217984
vn -0.566579 0.374510 -0.733983
v -0.123609 -0.155480 -0.073452
vn 0.657741 0.228566 0.717729
v 0.159456 -0.455506 0.177387
vn 0.897745 0.199854 -0.392572
v 0.213419 -0.451602 -0.085398
vn 0.483530 0.244555 -0.840471
v 0.147624 -0.713694 -0.249301
vn 0.620956 0.228182 0.749898
v 0.150817 -0.450298 0.183310
vn -0.879853 0.254897 0.401106
v -0.255898 -0.712418 0.118282
vn 0.929398 0.296342 0.220000
v 0.174734 -0.145222 0.050113
vn -0.977014 0.119656 -0.176428
v -0.221676 -0.445893 -0.034076
vn 0.642053 0.198817 0.740432
v 0.156233 -0.433064 0.173814
vn -0.653473 0.253709 -0.713165
v -0.188963 -0.704127 -0.210342
vn 0.481963 0.252983 -0.838875
v 0.143827 -0.690044 -0.244367
vn -0.648324 0.258414 -0.716169
v -0.185506 -0.692219 -0.209238
vn -0.885782 0.265344 0.380766
v -0.252863 -0.691565 0.111242
vn 0.621486 0.195021 0.758763
v 0.153891 -0.409154 0.169620
vn 0.563399 0.183422 0.805567
v 0.138895 -0.224013 0.130750
vn 0.993494 0.081303 0.079748
v 0.227295 -0.380443 0.029341
vn 0.385972 0.369270 -0.845379
v 0.109453 -0.346895 -0.148570
vn 0.344805 0.380241 -0.858211
v 0.099179 -0.354931 -0.156527
vn -0.431468 0.089452 0.897682
v -0.108092 -0.626040 0.244687
vn 0.709839 0.152915 0.687565
v 0.192426 -0.636846 0.190591
vn -0.202073 0.135786 -0.969912
v -0.049320 -0.634883 -0.265485
vn 0.989952 0.074117 0.120423
v 0.225152 -0.359899 0.035490
vn 0.151040 0.024304 0.988229
v 0.033048 -0.165955 0.165552
vn 0.874924 0.183122 -0.448301
v 0.235112 -0.618181 -0.125490
vn -0.952658 0.283663 -0.109448
v -0.275280 -0.688816 -0.033195
vn -0.411090 0.224640 0.883483
v -0.112858 -0.683641 0.252910
vn -0.643623 0.298519 -0.704724
v -0.159101 -0.388064 -0.130123
vn 0.717634 0.246743 0.651245
v 0.207574 -0.679869 0.187696
vn -0.845481 0.115993 0.521256
v -0.192424 -0.399028 0.116786
vn -0.188276 0.216222 -0.958019
v -0.049000 -0.668785 -0.271639
vn 0.985382 0.063422 0.158115
v 0.226961 -0.397573 0.043486
vn 0.327489 0.393247 -0.859132
v 0.093456 -0.373675 -0.167238
vn -0.423522 0.181290 0.887560
v -0.111632 -0.660543 0.247989
vn -0.642150 0.287251 -0.710726
v -0.159840 -0.366595 -0.120549
vn 0.731013 0.228298 0.643039
v 0.207576 -0.666458 0.182690
vn -0.874976 0.112673 0.470874
v -0.197965 -0.380307 0.102565
vn -0.977778 0.176073 -0.113793
v -0.249023 -0.577727 -0.030772
vn -0.434013 0.138338 0.890222
v -0.105405 -0.571305 0.239874
vn -0.972395 0.180268 -0.148161
v -0.246559 -0.571641 -0.040550
vn -0.641945 0.197851 -0.740784
v -0.155067 -0.271899 -0.088302
vn -0.975366 0.192155 -0.108342
v -0.244866 -0.554843 -0.029184
vn -0.967677 0.207475 -0.143374
v -0.255749 -0.621806 -0.039442
vn 0.321308 0.377711 -0.868387
v 0.094678 -0.331917 -0.148135
vn -0.427911 0.081743 0.900117
v -0.105602 -0.614544 0.244814
vn -0.831618 0.143587 0.536464
v -0.191048 -0.334181 0.103834
vn 0.145480 0.278301 0.949412
v 0.046183 -0.318958 0.189656
vn 0.320157 0.349563 -0.880514
v 0.092204 -0.297955 -0.134784
vn -0.445895 0.085776 0.890966
v -0.109200 -0.605004 0.242151
vn -0.803923 0.183923 0.565580
v -0.185369 -0.309497 0.104980
vn -0.185873 0.152802 -0.970620
v -0.043887 -0.587687 -0.260516
vn -0.190450 0.118587 -0.974508
v -0.053987 -0.773827 -0.294078
vn -0.981248 0.085201 -0.172896
v -0.292481 -0.782135 -0.052461
vn -0.988954 0.090862 -0.117104
v -0.294442 -0.779915 -0.037387
vn 0.412121 0.325023 -0.851186
v 0.105790 -0.507291 -0.220859
vn -0.429982 0.141349 0.891704
v -0.125228 -0.774427 0.270124
vn -0.706178 0.284467 -0.648376
v -0.171449 -0.498571 -0.163768
vn -0.872101 0.196709 0.448046
v -0.207732 -0.511055 0.124945
vn 0.874308 0.140349 -0.464637
v 0.267685 -0.765048 -0.140186
vn 0.210425 0.256753 0.943292
v 0.054517 -0.496028 0.244398
vn -0.964677 0.215637 -0.151321
v -0.188183 -0.200105 -0.003738
vn 0.968557 0.201450 0.145997
v 0.241297 -0.507978 0.043225
vn 0.973402 0.201123 0.109719
v 0.243524 -0.512607 0.033412
vn -0.341405 0.150029 0.927865
v -0.085651 -0.208750 0.153223
vn -0.982703 0.136762 -0.124865
v -0.292604 -0.765426 -0.039091
vn -0.303398 0.133404 0.943479
v -0.076085 -0.200841 0.155263
vn -0.687611 0.306668 -0.658138
v -0.166294 -0.476139 -0.159044
vn -0.870765 0.206880 0.446060
v -0.203901 -0.488764 0.122461
vn 0.207374 0.273593 0.939225
v 0.053857 -0.483832 0.241096
vn -0.102029 0.313312 -0.944154
v -0.027132 -0.243084 -0.130013
vn 0.873857 0.013624 -0.485992
v 0.268160 -0.812562 -0.145377
vn 0.973105 0.187561 0.133741
v 0.251341 -0.554647 0.038353
vn -0.992602 0.009605 -0.121035
v -0.295854 -0.812562 -0.036906
vn 0.775027 0.274168 -0.569355
v 0.179209 -0.238597 -0.050913
vn 0.731313 0.038302 0.680965
v 0.224077 -0.812562 0.206980
vn -0.856169 0.177416 0.485282
v -0.208053 -0.540710 0.136372
vn 0.889039 0.024427 -0.457180
v 0.271839 -0.799263 -0.138076
vn -0.945577 0.232135 -0.228029
v -0.194923 -0.235146 -0.013120
vn -0.984052 0.016278 -0.177137
v -0.293261 -0.802628 -0.053356
vn -0.990382 0.020161 -0.136883
v -0.295123 -0.802211 -0.041517
vn 0.406664 0.276244 -0.870812
v 0.106425 -0.530324 -0.228684
vn -0.409810 0.046061 0.911007
v -0.119212 -0.803304 0.275928
vn -0.727191 0.251423 -0.638733
v -0.177134 -0.522207 -0.167261
vn 0.716031 0.056672 0.695765
v 0.219782 -0.801733 0.210861
vn -0.872548 0.191386 0.449480
v -0.209508 -0.522132 0.126321
vn -0.154123 0.038157 -0.987315
v -0.042601 -0.793599 -0.297619
vn 0.898915 0.057351 -0.434353
v 0.274935 -0.787126 -0.130930
vn -0.877497 0.123159 0.463499
v -0.197059 -0.443817 0.117308
vn 0.845820 0.260123 -0.465752
v 0.253624 -0.703438 -0.137718
vn -0.160043 0.241291 -0.957165
v -0.043528 -0.711673 -0.283324
vn 0.983568 0.088028 0.157625
v 0.228916 -0.442887 0.044848
vn -0.964343 0.251162 -0.083429
v -0.282208 -0.711020 -0.027719
vn -0.675898 0.263847 -0.688147
v -0.162917 -0.410918 -0.135759
vn 0.708173 0.255392 0.658230
v 0.212177 -0.706565 0.192972
vn -0.868022 0.083947 0.489379
v -0.195050 -0.420743 0.116400
vn 0.840185 0.276381 -0.466585
v 0.247148 -0.680309 -0.135732
vn 0.166851 0.316133 0.933928
v 0.046491 -0.407609 0.218277
vn -0.190950 0.243027 -0.951039
v -0.051411 -0.694098 -0.277354
vn -0.180854 0.224761 -0.957483
v -0.050210 -0.731089 -0.286945
vn -0.967678 0.208100 -0.142453
v -0.287458 -0.740388 -0.043674
vn -0.349944 0.101679 0.931236
v -0.078427 -0.167789 0.150376
vn -0.416636 0.239343 0.877000
v -0.121533 -0.731919 0.262257
vn -0.871184 0.196022 0.450127
v -0.199985 -0.466333 0.119729
vn 0.853238 0.236024 -0.465057
v 0.259470 -0.725867 -0.138862
vn -0.676028 0.289702 -0.677539
v -0.160677 -0.451526 -0.153625
vn 0.805864 0.300882 -0.509954
v 0.159525 -0.154358 -0.030603
vn 0.769494 0.296077 -0.565878
v 0.153360 -0.155393 -0.040605
vn 0.709810 0.246949 0.659686
v 0.214536 -0.719530 0.195454
vn -0.917559 0.333768 -0.216066
v -0.170751 -0.148630 0.002927
vn -0.335001 0.049346 0.940925
v -0.066938 -0.145221 0.152840
vn 0.423140 0.172773 -0.889439
v 0.116919 -0.645956 -0.247085
vn -0.723238 0.211521 -0.657408
v -0.192813 -0.644266 -0.184881
vn -0.860514 0.194372 0.470887
v -0.228410 -0.642043 0.133073
vn 0.196253 0.118728 0.973339
v 0.055826 -0.645469 0.266816
vn -0.149778 0.401576 -0.903495
v -0.041181 -0.342112 -0.165327
vn -0.984435 0.101728 -0.143314
v -0.217097 -0.346348 -0.010464
vn 0.424907 0.133521 -0.895336
v 0.113673 -0.621722 -0.244589
vn -0.730627 0.185878 -0.656988
v -0.191213 -0.632796 -0.183183
vn 0.202583 0.089650 0.975153
v 0.055892 -0.633332 0.265541
vn -0.322479 0.269510 0.907398
v -0.087301 -0.346935 0.186296
vn 0.681658 0.178128 0.709657
v 0.167983 -0.401498 0.155346
vn -0.172042 0.425386 -0.888509
v -0.045247 -0.391915 -0.187628
vn -0.983166 0.091125 -0.158370
v -0.220136 -0.390761 -0.019478
vn 0.957784 0.272178 0.092571
v 0.279160 -0.682045 0.027945
vn 0.642826 0.200877 0.739204
v 0.161162 -0.393190 0.159385
vn -0.708979 0.251218 -0.658968
v -0.196528 -0.667509 -0.189078
vn 0.191510 0.191912 0.962545
v 0.056427 -0.669246 0.270574
vn 0.569213 0.198015 0.797989
v 0.146160 -0.256523 0.133359
vn 0.960546 0.250919 0.119968
v 0.271538 -0.657429 0.035197
vn -0.872603 0.172194 0.457071
v -0.218110 -0.572778 0.129593
vn 0.151127 0.107176 0.982687
v 0.042272 -0.584057 0.264018
vn 0.198751 0.093496 0.975580
v 0.053622 -0.590144 0.262636
vn -0.723529 0.192061 -0.663037
v -0.179805 -0.569472 -0.180514
vn 0.801885 0.260356 -0.537769
v 0.188756 -0.275660 -0.054728
vn -0.330210 0.224186 0.916898
v -0.088799 -0.276508 0.166107
vn -0.717126 0.211500 -0.664077
v -0.177033 -0.557048 -0.179717
vn 0.196461 0.154773 0.968219
v 0.051747 -0.564058 0.259711
vn -0.970503 0.199608 -0.135203
v -0.202935 -0.259716 -0.000139
vn 0.412643 0.234629 -0.880156
v 0.106507 -0.553859 -0.235447
vn 0.834702 0.248110 -0.491645
v 0.190186 -0.257284 -0.043683
vn 0.787509 0.242777 -0.566471
v 0.193103 -0.332217 -0.075793
vn 0.423687 0.130143 -0.896411
v 0.112267 -0.609621 -0.243541
vn -0.711923 0.140063 -0.688148
v -0.179263 -0.601362 -0.188783
vn -0.873296 0.144565 0.465246
v -0.221457 -0.596654 0.131261
vn -0.967186 0.200395 -0.156180
v -0.211504 -0.303509 -0.003668
vn -0.287862 0.268477 0.919269
v -0.079354 -0.323846 0.182128
vn 0.979240 0.170964 0.108903
v 0.259666 -0.595016 0.031898
vn 0.436534 0.191388 -0.879096
v 0.112729 -0.573527 -0.237144
vn -0.705695 0.155526 -0.691236
v -0.176561 -0.588909 -0.188941
vn 0.726572 0.209456 0.654387
v 0.180883 -0.511031 0.174383
vn -0.728118 0.109233 -0.676692
v -0.216215 -0.774723 -0.203958
vn 0.852327 0.246885 -0.461071
v 0.214416 -0.510727 -0.118443
vn -0.966651 0.212911 -0.142320
v -0.233613 -0.504992 -0.035299
vn 0.433874 0.142323 -0.889662
v 0.134520 -0.764475 -0.268377
vn -0.852888 0.174040 0.492231
v -0.253692 -0.764209 0.149049
vn -0.970830 0.214965 -0.106204
v -0.231374 -0.488345 -0.024059
vn 0.394100 0.251679 -0.883936
v 0.099975 -0.199453 -0.100855
vn 0.286341 0.333990 -0.898031
v 0.090346 -0.191218 -0.102030
vn 0.977507 0.178887 0.111711
v 0.298735 -0.762452 0.033321
vn -0.396721 0.244098 0.884889
v -0.094506 -0.499066 0.229703
vn 0.727825 0.226831 0.647161
v 0.177992 -0.488431 0.169978
vn -0.721223 0.171141 -0.671229
v -0.214202 -0.755377 -0.202077
vn 0.850362 0.262202 -0.456217
v 0.210388 -0.488288 -0.113420
vn 0.187653 0.501672 -0.844459
v 0.079552 -0.170618 -0.094449
vn -0.551619 0.169684 -0.816654
v -0.135142 -0.235331 -0.095330
vn 0.423437 0.005361 -0.905910
v 0.131929 -0.812562 -0.272920
vn 0.732884 0.174753 0.657527
v 0.185642 -0.546588 0.179584
vn -0.874539 0.032437 0.483868
v -0.260688 -0.812562 0.146199
vn -0.973341 0.203902 -0.105027
v -0.240534 -0.532673 -0.027594
vn 0.991715 0.034777 0.123663
v 0.303376 -0.812562 0.038056
vn 0.474104 0.012901 -0.880374
v 0.146926 -0.803081 -0.265302
vn 0.439195 0.014110 -0.898281
v 0.136341 -0.803101 -0.270707
vn 0.859622 0.222457 -0.459960
v 0.219168 -0.535472 -0.122181
vn -0.883316 0.050833 0.466014
v -0.262935 -0.803002 0.141316
vn 0.209314 0.055389 0.976278
v 0.066766 -0.802001 0.295391
vn 0.987280 0.060167 0.147164
v 0.302151 -0.801341 0.043787
vn -0.704954 0.036909 -0.708292
v -0.208920 -0.793784 -0.213491
vn 0.148012 0.091726 0.984723
v 0.048119 -0.792159 0.298037
vn -0.972325 0.208738 -0.104938
v -0.236031 -0.510606 -0.025924
vn 0.986299 0.118854 0.114406
v 0.301878 -0.782656 0.033422
vn -0.411117 0.206370 0.887916
v -0.097041 -0.522662 0.234457
vn 0.472620 0.074701 -0.878095
v 0.146478 -0.783903 -0.264699
vn 0.417106 0.251259 -0.873437
v 0.126553 -0.701489 -0.256816
vn 0.144819 0.150226 0.977987
v 0.042406 -0.227943 0.168647
vn -0.399359 0.260153 0.879109
v -0.097374 -0.421073 0.205014
vn 0.864492 0.165185 -0.474729
v 0.203797 -0.421202 -0.093281
vn -0.718045 0.262685 -0.644522
v -0.207519 -0.696895 -0.188791
vn -0.970164 0.215853 -0.110403
v -0.228929 -0.477013 -0.023345
vn 0.967378 0.220393 0.124926
v 0.294286 -0.743092 0.036901
vn 0.718890 0.228032 0.656657
v 0.173980 -0.464990 0.166074
vn -0.872174 0.314974 0.374303
v -0.167828 -0.165053 0.070323
vn -0.709973 0.218241 -0.669559
v -0.210810 -0.736308 -0.200054
vn 0.846870 0.249129 -0.469836
v 0.204780 -0.460107 -0.107495
vn 0.918288 0.345164 0.193932
v 0.184815 -0.171858 0.048405
vn 0.182465 0.231983 0.955453
v 0.059425 -0.733273 0.285653
vn 0.184723 0.520338 -0.833742
v 0.072381 -0.159349 -0.088858
vn 0.418158 0.233856 -0.877756
v 0.128764 -0.724320 -0.262122
vn -0.987255 0.097677 -0.125644
v -0.223106 -0.441904 -0.021719
vn 0.217899 0.477503 -0.851182
v 0.077028 -0.149397 -0.081495
vn -0.382697 0.276872 0.881411
v -0.089493 -0.457462 0.219586
vn -0.612654 0.326911 -0.719572
v -0.127898 -0.147408 -0.066445
vn -0.706439 0.247639 -0.663038
v -0.207264 -0.715946 -0.196683
vn -0.806866 0.130104 0.576229
v -0.185456 -0.367708 0.119622
vn 0.844959 0.231515 -0.482125
v 0.235446 -0.642847 -0.135810
vn -0.196937 0.151847 -0.968586
v -0.048537 -0.645148 -0.267139
vn -0.601110 0.303023 -0.739489
v -0.152923 -0.339323 -0.115457
vn 0.739904 0.171180 0.650569
v 0.201151 -0.641165 0.182194
vn -0.825487 0.130248 0.549187
v -0.189814 -0.344087 0.108177
vn 0.709719 0.252099 0.657834
v 0.209191 -0.693022 0.190974
vn -0.856919 0.093651 0.506872
v -0.193867 -0.409328 0.116507
vn 0.842726 0.269654 -0.465938
v 0.244086 -0.668485 -0.134338
vn -0.187455 0.232596 -0.954337
v -0.049822 -0.681141 -0.274387
vn 0.980164 0.042580 0.193560
v 0.226307 -0.408931 0.050497
vn 0.991677 0.039575 0.122519
v 0.228489 -0.409194 0.036856
vn -0.610111 0.305173 -0.731187
v -0.152577 -0.392422 -0.137669
vn -0.952630 0.288468 -0.096345
v -0.272629 -0.678650 -0.029328
vn -0.395405 0.205941 0.895122
v -0.106093 -0.671399 0.252971
vn -0.855629 0.125007 0.502266
v -0.194340 -0.390519 0.111609
vn 0.846086 0.257289 -0.466841
v 0.240660 -0.655678 -0.133235
vn -0.192061 0.187466 -0.963311
v -0.048617 -0.656903 -0.269135
vn 0.600740 0.194680 0.775378
v 0.147366 -0.231094 0.126174
vn -0.973891 0.170780 -0.149569
v -0.248575 -0.583380 -0.041234
vn 0.353966 0.333128 -0.873919
v 0.099643 -0.286991 -0.127654
vn 0.310984 0.333329 -0.890045
v 0.088029 -0.285119 -0.131342
vn 0.706890 0.147481 0.691777
v 0.182848 -0.576828 0.189823
vn 0.740277 0.140059 0.657551
v 0.191165 -0.582319 0.182036
vn -0.976622 0.184352 -0.110564
v -0.246959 -0.566120 -0.029970
vn -0.787825 0.196022 0.583873
v -0.178255 -0.272358 0.101568
vn -0.196523 0.236238 -0.951615
v -0.045141 -0.553792 -0.253354
vn 0.319945 0.301600 -0.898150
v 0.088180 -0.264774 -0.124096
vn -0.974698 0.196917 -0.105768
v -0.242723 -0.543717 -0.028393
vn 0.332936 0.282983 -0.899486
v 0.089143 -0.243872 -0.116938
vn -0.148263 0.121128 -0.981502
v -0.034880 -0.607237 -0.264704
vn -0.469274 0.085904 0.878864
v -0.115817 -0.617053 0.239914
vn 0.634777 0.114192 0.764211
v 0.128529 -0.145225 0.122096
vn 0.716572 0.114281 0.688087
v 0.186894 -0.601241 0.190221
vn 0.742952 0.112677 0.659792
v 0.194575 -0.606007 0.182649
vn -0.139222 0.138943 -0.980465
v -0.033312 -0.594645 -0.263303
vn 0.973956 0.158411 0.162223
v 0.219684 -0.316931 0.041640
vn -0.497099 0.093392 0.862653
v -0.122856 -0.597260 0.234111
vn 0.878219 0.182348 -0.442132
v 0.228777 -0.576030 -0.122106
vn -0.183095 0.186041 -0.965332
v -0.042295 -0.574887 -0.258605
vn 0.972084 0.206907 0.110647
v 0.216076 -0.293400 0.034864
vn -0.134743 0.075417 -0.988006
v -0.036828 -0.783909 -0.297905
vn 0.971972 0.198191 0.126455
v 0.244971 -0.522105 0.037572
vn 0.779617 0.268615 -0.565725
v 0.170362 -0.195458 -0.043419
vn -0.980718 0.116948 -0.156571
v -0.292233 -0.772200 -0.047601
vn 0.396123 0.342980 -0.851734
v 0.102354 -0.492360 -0.216545
vn -0.408186 0.174569 0.896052
v -0.119362 -0.764266 0.271086
vn -0.695343 0.297298 -0.654303
v -0.168896 -0.487398 -0.161509
vn -0.871570 0.199217 0.447972
v -0.205830 -0.499758 0.123697
vn 0.858673 0.172889 -0.482483
v 0.263210 -0.755205 -0.145171
vn 0.972194 0.205996 0.111375
v 0.241194 -0.501723 0.034037
vn -0.975064 0.176158 -0.134979
v -0.290235 -0.752626 -0.041106
vn 0.775403 0.340655 -0.531700
v 0.170740 -0.183939 -0.036796
vn -0.169705 0.197322 -0.965538
v -0.046971 -0.742429 -0.290026
vn -0.958364 0.215204 -0.187687
v -0.199297 -0.248203 -0.006962
vn -0.189863 0.005371 -0.981796
v -0.053252 -0.812562 -0.296031
vn 0.448462 0.260174 -0.855097
v 0.115702 -0.536555 -0.226031
vn 0.405408 0.253326 -0.878333
v 0.106195 -0.541563 -0.232158
vn 0.581827 0.195690 0.789419
v 0.146282 -0.243906 0.130298
vn -0.426488 0.036923 0.903739
v -0.124534 -0.812562 0.273818
vn -0.733036 0.234300 -0.638563
v -0.179985 -0.535540 -0.169056
vn -0.134115 0.012832 -0.990883
v -0.036713 -0.803121 -0.298672
vn -0.172626 0.014047 -0.984887
v -0.048384 -0.803135 -0.296833
vn 0.972095 0.190803 0.136478
v 0.248601 -0.542025 0.040470
vn -0.987211 0.049798 -0.151439
v -0.294073 -0.791964 -0.046733
vn -0.286651 0.178827 0.941197
v -0.075812 -0.228194 0.159937
vn 0.414433 0.304106 -0.857768
v 0.106654 -0.519485 -0.224912
vn -0.411383 0.109868 0.904817
v -0.119805 -0.784077 0.274051
vn -0.718384 0.267199 -0.642285
v -0.174254 -0.510065 -0.165590
vn 0.698309 0.095153 0.709444
v 0.214527 -0.791106 0.214989
vn 0.724265 0.092444 0.683297
v 0.222846 -0.790614 0.206484
vn 0.868781 0.105923 -0.483736
v 0.266076 -0.775183 -0.145871
vn -0.662350 0.279619 -0.695058
v -0.157442 -0.438294 -0.151404
vn 0.991230 0.086495 0.099910
v 0.230526 -0.442424 0.032128
vn 0.380603 0.378183 -0.843871
v 0.102728 -0.422705 -0.185836
vn -0.682523 0.250381 -0.686638
v -0.163197 -0.422942 -0.139950
vn -0.874868 0.093873 0.475178
v -0.195961 -0.432176 0.116715
vn 0.840398 0.275727 -0.466589
v 0.250313 -0.691744 -0.136898
vn 0.164832 0.308274 0.936909
v 0.045001 -0.428457 0.225509
vn -0.194492 0.245404 -0.949710
v -0.052830 -0.707067 -0.280379
vn -0.600133 0.296845 -0.742781
v -0.148052 -0.411240 -0.148996
vn 0.406852 0.380446 -0.830501
v 0.109941 -0.406081 -0.174941
vn -0.967694 0.180928 -0.175596
v -0.287804 -0.749570 -0.052761
vn 0.398235 0.360374 -0.843528
v 0.102733 -0.478266 -0.210622
vn 0.612642 0.165069 0.772930
v 0.138496 -0.182409 0.122861
vn -0.682565 0.303369 -0.664885
v -0.163588 -0.464362 -0.156340
vn -0.870539 0.205684 0.447053
v -0.201867 -0.477682 0.121263
vn 0.204481 0.285934 0.936178
v 0.052818 -0.471693 0.237664
vn -0.893813 0.390319 -0.220793
v -0.181352 -0.177239 -0.004754
vn 0.972003 0.192737 0.134402
v 0.233602 -0.469361 0.039643
vn -0.396572 0.090238 0.913558
v -0.085430 -0.157035 0.146450
vn -0.967719 0.229814 -0.103470
v -0.286712 -0.731644 -0.034036
vn 0.706150 0.232273 0.668881
v 0.215416 -0.732207 0.199103
vn -0.342407 0.072620 0.936741
v -0.072392 -0.156373 0.151468
vn 0.402856 0.372008 -0.836252
v 0.105691 -0.442739 -0.193360
vn 0.362558 0.382429 -0.849882
v 0.095165 -0.449670 -0.201226
vn -0.400672 0.251724 0.880964
v -0.115394 -0.719555 0.261662
vn -0.875932 0.164334 0.453583
v -0.198446 -0.455158 0.118158
vn 0.158711 0.299178 0.940906
v 0.042756 -0.449573 0.232761
vn -0.962297 0.243880 -0.120447
v -0.283311 -0.719601 -0.037445
vn -0.378572 0.263899 0.887153
v -0.098813 -0.365364 0.187365
vn -0.325709 0.276885 0.904018
v -0.086697 -0.361410 0.190881
vn 0.806600 0.215899 -0.550258
v 0.195404 -0.364090 -0.085123
vn -0.177108 0.400636 -0.898957
v -0.048860 -0.349346 -0.167131
vn 0.423817 0.148285 -0.893527
v 0.115227 -0.633608 -0.245693
vn -0.866725 0.167096 0.469964
v -0.226270 -0.630666 0.132571
vn -0.376069 0.258200 0.889890
v -0.099787 -0.342677 0.180257
vn 0.836933 0.212058 -0.504554
v 0.200979 -0.336624 -0.065835
vn 0.813934 0.212180 -0.540824
v 0.197157 -0.345121 -0.075222
vn -0.991645 0.103167 -0.077443
v -0.217650 -0.339462 0.001218
vn -0.988766 0.051603 -0.140284
v -0.221587 -0.416742 -0.019870
vn 0.383086 0.242330 -0.891359
v 0.114289 -0.682765 -0.257080
vn -0.703821 0.259368 -0.661335
v -0.198340 -0.678826 -0.191551
vn 0.188493 0.215747 0.958083
v 0.057139 -0.681754 0.273125
vn 0.684999 0.190768 0.703124
v 0.169545 -0.389671 0.150668
vn 0.796285 0.227737 -0.560416
v 0.193451 -0.375298 -0.092387
vn -0.172096 0.416634 -0.892636
v -0.046770 -0.370566 -0.177227
vn 0.957559 0.266312 0.110271
v 0.275278 -0.670099 0.032485
vn -0.715863 0.232401 -0.658430
v -0.194665 -0.656152 -0.186922
vn -0.848464 0.240829 0.471285
v -0.233804 -0.666167 0.134602
vn 0.192859 0.157829 0.968450
v 0.056043 -0.657292 0.268445
vn -0.988623 0.098633 -0.113557
v -0.219691 -0.372399 -0.008712
vn -0.904970 0.161316 0.393710
v -0.228684 -0.583762 0.111695
vn 0.977405 0.180634 0.109773
v 0.257155 -0.581094 0.031676
vn -0.371352 0.228140 0.900028
v -0.099508 -0.280890 0.163018
vn 0.583397 0.215028 0.783206
v 0.152592 -0.281023 0.135159
vn -0.698801 0.178040 -0.692805
v -0.173874 -0.576792 -0.188790
vn 0.153438 0.133246 0.979133
v 0.042404 -0.571351 0.262422
vn 0.196734 0.123966 0.972588
v 0.052947 -0.576840 0.261297
vn -0.744591 0.164734 -0.646875
v -0.191772 -0.620371 -0.179213
vn -0.871747 0.143077 0.468600
v -0.224527 -0.619385 0.132140
vn 0.166233 0.071498 0.983491
v 0.045347 -0.613335 0.266069
vn 0.470720 0.148288 -0.869732
v 0.122791 -0.591403 -0.235412
vn -0.889922 0.143199 0.433052
v -0.226933 -0.601916 0.122203
vn 0.975376 0.163254 0.148291
v 0.259292 -0.601131 0.042718
vn 0.980479 0.160967 0.112916
v 0.261713 -0.607809 0.032712
vn 0.943441 0.316164 0.099798
v 0.176537 -0.145247 0.039056
vn -0.143339 0.347949 -0.926491
v -0.038075 -0.296080 -0.146685
vn -0.967762 0.214143 -0.132585
v -0.209472 -0.291833 0.000147
vn 0.440729 0.163896 -0.882551
v 0.115186 -0.584417 -0.238170
vn 0.660994 0.213310 0.719434
v 0.169234 -0.312787 0.130509
vn -0.689300 0.072437 -0.720846
v -0.204336 -0.784322 -0.217234
vn -0.101139 0.296278 -0.949732
v -0.038382 -0.228507 -0.124020
vn -0.971543 0.212129 -0.105378
v -0.233724 -0.499517 -0.025014
vn -0.404807 0.221062 0.887278
v -0.096357 -0.510686 0.231881
vn 0.726273 0.222305 0.650468
v 0.179501 -0.499553 0.172115
vn -0.710858 0.140922 -0.689074
v -0.211246 -0.765060 -0.207371
vn 0.851846 0.256131 -0.456897
v 0.212512 -0.499620 -0.115858
vn -0.160510 0.373249 -0.913740
v -0.036678 -0.483469 -0.231298
vn 0.966107 0.211583 0.147887
v 0.193847 -0.202134 0.041571
vn 0.412204 0.172692 -0.894576
v 0.128246 -0.754603 -0.269632
vn -0.859067 0.202630 0.470047
v -0.254761 -0.754179 0.143154
vn 0.267926 0.442776 -0.855667
v 0.090322 -0.178962 -0.096573
vn 0.970580 0.200958 0.132626
v 0.296306 -0.753640 0.039181
vn 0.724373 0.231190 0.649489
v 0.176185 -0.477252 0.168039
vn -0.838873 0.216958 0.499221
v -0.166272 -0.184336 0.085719
vn -0.730691 0.005230 -0.682689
v -0.216652 -0.812562 -0.205879
vn -0.183583 0.287318 -0.940077
v -0.043078 -0.532469 -0.247856
vn 0.190070 0.034597 0.981161
v 0.060629 -0.812562 0.297034
vn -0.690835 0.012267 -0.722909
v -0.204784 -0.803202 -0.217779
vn -0.718588 0.013629 -0.695302
v -0.213176 -0.803189 -0.209402
vn -0.863842 0.049708 0.501304
v -0.257197 -0.802990 0.151699
vn 0.169936 0.055184 0.983909
v 0.055004 -0.802321 0.297666
vn -0.972736 0.206886 -0.104796
v -0.238297 -0.521649 -0.026780
vn 0.993245 0.051911 0.103773
v 0.303723 -0.802230 0.031853
vn 0.455813 0.038151 -0.889257
v 0.141533 -0.793564 -0.267917
vn 0.726881 0.199880 0.657033
v 0.182384 -0.522537 0.176310
vn 0.199518 0.122605 0.972194
v 0.064684 -0.780767 0.293820
vn 0.980697 0.108508 0.162666
v 0.299979 -0.785943 0.048872
vn 0.417861 0.110722 -0.901739
v 0.129962 -0.774352 -0.271980
vn -0.715022 0.261707 -0.648270
v -0.209215 -0.707117 -0.191074
vn 0.848348 0.210794 -0.485665
v 0.202549 -0.445064 -0.104228
vn 0.417477 0.248390 -0.874080
v 0.124830 -0.689389 -0.254144
vn -0.853487 0.261900 0.450520
v -0.245299 -0.698564 0.131587
vn 0.187610 0.248985 0.950162
v 0.059776 -0.708105 0.279091
vn 0.669253 0.174025 0.722368
v 0.164240 -0.413696 0.161739
vn 0.846527 0.265381 -0.461481
v 0.207816 -0.476343 -0.111248
vn -0.196548 0.397253 -0.896415
v -0.046378 -0.466785 -0.222273
vn 0.951581 0.272884 0.141518
v 0.189223 -0.181430 0.042198
vn -0.556620 0.417160 -0.718437
v -0.126498 -0.173997 -0.082568
vn 0.394255 0.222756 -0.891596
v 0.122935 -0.733350 -0.267168
vn -0.595784 0.430758 -0.677857
v -0.130155 -0.165510 -0.073909
vn -0.849638 0.240290 0.469441
v -0.250814 -0.734425 0.141063
vn -0.981851 0.146026 -0.121020
v -0.224467 -0.453831 -0.022458
vn 0.964368 0.239289 0.112845
v 0.291701 -0.730385 0.033372
vn 0.701197 0.203084 0.683432
v 0.169076 -0.449898 0.166332
vn -0.695436 0.230743 -0.680534
v -0.204977 -0.726570 -0.202838
vn 0.185882 0.244702 0.951614
v 0.060067 -0.720881 0.282409
vn 0.196406 0.433623 -0.879429
v 0.068456 -0.139367 -0.078633
vn 0.418342 0.243944 -0.874918
v 0.128026 -0.713545 -0.259553
vn 0.162701 -0.001728 0.986674
v 0.033412 -0.145220 0.165317
vn -0.699720 0.182665 -0.690671
v -0.161346 -0.247568 -0.076446
vn -0.980250 0.173452 -0.094997
v -0.254414 -0.605662 -0.024977
vn 0.245794 0.387535 -0.888483
v 0.074430 -0.333549 -0.155345
vn -0.698654 0.277098 -0.659621
v -0.171368 -0.324348 -0.092294
vn 0.835945 0.166413 -0.522975
v 0.222355 -0.613684 -0.146405
vn 0.221803 0.279373 0.934213
v 0.065698 -0.330141 0.189187
vn -0.275442 0.119945 -0.953805
v -0.066924 -0.610728 -0.258026
vn -0.984676 0.168622 -0.044505
v -0.254515 -0.601012 -0.012622
vn 0.864204 0.169635 -0.473683
v 0.225899 -0.584972 -0.131055
vn 0.169212 0.268547 0.948288
v 0.052891 -0.309019 0.185671
vn -0.367997 0.109755 0.923327
v -0.088065 -0.587505 0.249894
vn 0.766792 0.137732 0.626945
v 0.198564 -0.586960 0.174312
vn 0.787832 0.137155 0.600424
v 0.205582 -0.591275 0.166401
vn -0.235649 0.176341 -0.955706
v -0.054114 -0.579965 -0.256980
vn -0.281930 0.168685 -0.944490
v -0.066160 -0.584040 -0.254395
vn -0.983360 0.178089 -0.035886
v -0.250535 -0.577659 -0.010194
vn -0.413445 0.097387 0.905306
v -0.100093 -0.593656 0.245442
vn -0.406127 0.126403 0.905032
v -0.097925 -0.580279 0.244783
vn -0.331344 0.155995 0.930525
v -0.077678 -0.557249 0.249368
vn 0.979721 0.199750 0.015704
v 0.213215 -0.277122 0.022843
vn -0.981249 0.190116 -0.031724
v -0.246351 -0.554969 -0.008760
vn 0.245854 0.292581 -0.924096
v 0.067212 -0.251562 -0.126326
vn -0.412032 0.149388 0.898840
v -0.099637 -0.559722 0.240789
vn 0.177083 0.211886 0.961117
v 0.054335 -0.259113 0.172738
vn -0.269877 0.259875 -0.927163
v -0.063130 -0.541655 -0.245768
vn -0.956786 0.288680 -0.035007
v -0.274968 -0.683310 -0.014834
vn -0.730463 0.258734 -0.632045
v -0.175309 -0.385005 -0.112243
vn 0.751216 0.245675 0.612633
v 0.216443 -0.676743 0.176174
vn 0.292254 0.398433 -0.869390
v 0.084523 -0.378683 -0.172715
vn 0.761209 0.213081 0.612500
v 0.213297 -0.656765 0.172520
vn -0.966952 0.254765 -0.009956
v -0.263518 -0.642566 -0.005970
vn -0.685076 0.269950 -0.676607
v -0.169233 -0.349473 -0.104667
vn -0.774983 0.139630 0.616364
v -0.180653 -0.356362 0.123644
vn 0.929851 0.356729 0.090117
v 0.185803 -0.169962 0.036687
vn 0.837178 0.183878 -0.515094
v 0.226210 -0.624082 -0.143627
vn 0.219654 0.291806 0.930914
v 0.064649 -0.350086 0.195528
vn -0.275084 0.136109 -0.951737
v -0.068332 -0.633795 -0.260609
vn -0.694680 0.190541 -0.693624
v -0.164060 -0.268373 -0.079069
vn 0.991352 0.091422 0.094148
v 0.224586 -0.347597 0.031738
vn -0.691541 0.270531 -0.669764
v -0.170510 -0.336546 -0.098125
vn 0.719883 0.210162 0.661513
v 0.155692 -0.178630 0.105850
vn 0.758965 0.215371 0.614481
v 0.231485 -0.745713 0.185501
vn 0.012340 0.441914 -0.896973
v -0.051315 -0.163571 -0.099688
vn -0.267158 0.218154 -0.938635
v -0.076266 -0.730957 -0.280753
vn 0.320993 0.385414 -0.865112
v 0.083892 -0.465728 -0.212953
vn -0.332959 0.239716 0.911962
v -0.097195 -0.735345 0.273394
vn -0.741997 0.271781 -0.612842
v -0.175364 -0.455009 -0.138963
vn 0.760194 0.243391 0.602384
v 0.229333 -0.722162 0.179236
vn -0.264554 0.242119 -0.933482
v -0.075178 -0.719987 -0.278368
vn -0.292637 0.032036 0.955687
v -0.053789 -0.145221 0.157256
vn -0.772451 0.227704 -0.592850
v -0.179485 -0.438690 -0.127088
vn 0.805169 0.261527 -0.532265
v 0.241920 -0.703604 -0.157104
vn 0.192719 0.309682 0.931105
v 0.051849 -0.418721 0.220959
vn -0.339903 0.245119 0.907955
v -0.094068 -0.705440 0.266548
vn -0.817906 0.115834 0.563572
v -0.187609 -0.404148 0.125286
vn 0.803379 0.271934 -0.529750
v 0.236078 -0.680382 -0.154037
vn 0.994910 0.037406 0.093565
v 0.229533 -0.420714 0.030566
vn 0.998905 0.042452 0.019657
v 0.230384 -0.420514 0.014536
vn -0.711615 0.251916 -0.655853
v -0.169920 -0.404451 -0.125990
vn -0.129984 0.301465 -0.944576
v -0.037471 -0.250780 -0.131241
vn 0.835616 0.011957 -0.549184
v 0.255900 -0.812562 -0.165670
vn -0.973502 0.228132 0.015786
v -0.201519 -0.248202 0.016845
vn 0.980871 0.190710 0.039009
v 0.254715 -0.560215 0.012200
vn -0.998682 0.031664 -0.040393
v -0.297878 -0.812562 -0.013067
vn 0.782356 0.045753 0.621149
v 0.239574 -0.812562 0.189097
vn 0.851816 0.013582 -0.523665
v 0.260607 -0.803680 -0.158025
vn -0.995526 0.028201 -0.090181
v -0.296532 -0.800908 -0.029404
vn 0.315124 0.272961 -0.908949
v 0.081038 -0.536354 -0.240697
vn -0.331860 0.047017 0.942156
v -0.096889 -0.803111 0.284834
vn -0.753750 0.251483 -0.607138
v -0.183943 -0.517003 -0.157012
vn -0.834133 0.183941 0.519988
v -0.201529 -0.534014 0.144962
vn 0.261742 0.215280 0.940822
v 0.068843 -0.523118 0.247607
vn -0.230660 0.037915 -0.972295
v -0.065716 -0.793648 -0.293097
vn -0.996687 0.080850 -0.008839
v -0.296627 -0.783941 -0.008338
vn -0.390467 0.076043 0.917471
v -0.114045 -0.793620 0.277524
vn -0.353334 0.076087 0.932398
v -0.103019 -0.793618 0.281952
vn 0.776045 0.097330 0.623122
v 0.238871 -0.787389 0.187647
vn 0.862767 0.066636 -0.501191
v 0.263879 -0.785224 -0.151460
vn -0.266081 0.116885 -0.956838
v -0.076930 -0.773882 -0.288660
vn -0.995470 0.070216 -0.064111
v -0.296296 -0.786246 -0.023192
vn 0.329963 0.338668 -0.881152
v 0.086019 -0.503833 -0.227929
vn -0.354535 0.142921 0.924056
v -0.103348 -0.774381 0.279532
vn -0.761165 0.270985 -0.589233
v -0.184326 -0.499291 -0.148826
vn -0.820130 0.199301 0.536344
v -0.196039 -0.513907 0.146197
vn 0.833315 0.144203 -0.533659
v 0.255870 -0.764743 -0.160305
vn 0.257756 0.252199 0.932715
v 0.066538 -0.499493 0.242369
vn 0.975997 0.204773 0.074147
v 0.243368 -0.507535 0.024134
vn 0.978512 0.202540 0.038627
v 0.245212 -0.513705 0.014251
vn -0.259673 0.135981 0.956075
v -0.065049 -0.206103 0.159293
vn 0.727986 0.264107 -0.632679
v 0.162766 -0.197184 -0.053660
vn 0.338108 0.349883 -0.873650
v 0.088419 -0.489067 -0.221136
vn -0.749432 0.291127 -0.594639
v -0.179935 -0.477420 -0.144041
vn -0.824311 0.208379 0.526393
v -0.193454 -0.488439 0.140515
vn 0.976652 0.212417 0.032107
v 0.240085 -0.489573 0.013953
vn 0.368280 0.142788 -0.918685
v 0.097225 -0.592975 -0.247598
vn -0.659016 0.212418 -0.721510
v -0.146311 -0.208489 -0.080070
vn -0.772011 0.147180 -0.618334
v -0.194187 -0.598390 -0.171213
vn -0.774711 0.154289 -0.613203
v -0.197800 -0.610708 -0.169570
vn -0.833341 0.133172 0.536477
v -0.210935 -0.597752 0.149526
vn -0.854961 0.144923 0.498035
v -0.215649 -0.591405 0.140136
vn -0.186279 0.349171 -0.918357
v -0.050667 -0.298242 -0.145210
vn 0.985112 0.167899 0.036946
v 0.261600 -0.597527 0.011882
vn -0.762808 0.160587 -0.626367
v -0.190857 -0.586342 -0.172383
vn -0.837190 0.157597 0.523714
v -0.207807 -0.573929 0.147877
vn 0.245413 0.109774 0.963183
v 0.063683 -0.583126 0.259620
vn 0.383654 0.191537 -0.903395
v 0.100575 -0.571570 -0.242381
vn -0.218293 0.311908 -0.924695
v -0.058518 -0.277547 -0.135885
vn -0.243761 0.219263 0.944724
v -0.066588 -0.265481 0.170275
vn -0.739243 0.219188 -0.636770
v -0.182966 -0.549444 -0.170561
vn 0.233700 0.168662 0.957568
v 0.061149 -0.556618 0.256313
vn -0.979473 0.191213 -0.063803
v -0.205775 -0.269960 0.008502
vn 0.367958 0.222597 -0.902805
v 0.096972 -0.559859 -0.241204
vn 0.357776 0.253397 -0.898769
v 0.093064 -0.545719 -0.239001
vn 0.743825 0.264795 -0.613684
v 0.178003 -0.257744 -0.061362
vn -0.997654 0.052907 -0.043454
v -0.223073 -0.402430 0.001200
vn 0.797057 0.223893 -0.560867
v 0.193590 -0.389261 -0.098005
vn 0.386368 0.221458 -0.895364
v 0.112132 -0.668888 -0.254319
vn 0.726044 0.168796 0.666609
v 0.176473 -0.398544 0.145897
vn -0.757722 0.259053 -0.598956
v -0.210687 -0.668580 -0.172962
vn -0.810892 0.238758 0.534274
v -0.222931 -0.667636 0.153251
vn -0.212955 0.402965 -0.890095
v -0.059423 -0.356815 -0.168198
vn 0.347427 0.174875 -0.921257
v 0.098095 -0.648710 -0.255625
vn -0.771326 0.221577 -0.596624
v -0.206932 -0.645787 -0.168517
vn -0.820099 0.193467 0.538524
v -0.217775 -0.643955 0.151426
vn 0.269359 0.158076 0.949978
v 0.076481 -0.656550 0.263400
vn 0.347668 0.128854 -0.928721
v 0.094379 -0.623280 -0.253005
vn 0.281278 0.093033 0.955106
v 0.076372 -0.632547 0.260349
vn 0.784079 0.210006 0.584053
v 0.189387 -0.465478 0.147516
vn -0.854788 0.278551 0.437889
v -0.167213 -0.174422 0.078568
vn -0.765104 0.219451 -0.605357
v -0.226429 -0.735646 -0.181705
vn 0.257618 0.227028 0.939197
v 0.079920 -0.735876 0.281516
vn 0.354737 0.228651 -0.906576
v 0.110482 -0.726958 -0.270751
vn -0.824977 0.252381 0.505685
v -0.239949 -0.717710 0.151074
vn -0.994773 0.099437 -0.023218
v -0.225049 -0.445179 0.000363
vn -0.300591 0.288055 0.909213
v -0.070672 -0.446496 0.223242
vn -0.691497 0.316631 -0.649289
v -0.136922 -0.149365 -0.058711
vn -0.761952 0.251309 -0.596886
v -0.223125 -0.712829 -0.176876
vn -0.994122 0.076573 -0.076534
v -0.223906 -0.437357 -0.010353
vn -0.804589 0.254015 0.536762
v -0.231761 -0.707439 0.158893
vn -0.189155 0.418235 -0.888425
v -0.049496 -0.416501 -0.198481
vn -0.999054 0.033982 -0.027154
v -0.223657 -0.417829 0.002940
vn -0.352408 0.267096 0.896922
v -0.086080 -0.423080 0.210369
vn -0.309564 0.286710 0.906624
v -0.072770 -0.435608 0.219133
vn 0.229476 0.186250 0.955328
v 0.065050 -0.238774 0.166276
vn 0.834778 0.187400 -0.517713
v 0.198483 -0.410951 -0.098907
vn 0.793796 0.199608 -0.574496
v 0.190546 -0.424782 -0.115365
vn -0.236219 0.412012 -0.880027
v -0.060277 -0.417792 -0.196498
vn -0.765168 0.265332 -0.586614
v -0.221712 -0.698676 -0.172485
vn 0.263555 0.235515 0.935453
v 0.079607 -0.694215 0.270805
vn -0.327184 0.179534 0.927749
v -0.077342 -0.545656 0.247416
vn 0.351099 0.005355 -0.936323
v 0.110083 -0.812562 -0.282132
vn -0.833978 0.032223 0.550856
v -0.248440 -0.812562 0.166500
vn -0.979080 0.200963 -0.031889
v -0.241957 -0.532761 -0.007501
vn 0.283753 0.280205 -0.917044
v 0.076332 -0.241795 -0.120660
vn 0.998393 0.036045 0.043730
v 0.305400 -0.812562 0.014432
vn -0.322497 0.196548 0.925940
v -0.076345 -0.533420 0.245255
vn 0.403415 0.012735 -0.914929
v 0.125584 -0.803116 -0.275735
vn 0.367282 0.013972 -0.930005
v 0.114625 -0.803127 -0.280284
vn 0.783003 0.187135 0.593200
v 0.196971 -0.534758 0.162501
vn 0.819984 0.226458 -0.525683
v 0.208868 -0.535226 -0.139654
vn -0.844324 0.050706 0.533429
v -0.251047 -0.802987 0.161831
vn -0.258230 0.313590 -0.913772
v -0.061800 -0.520183 -0.239453
vn 0.287752 0.058928 0.955890
v 0.090177 -0.800515 0.289277
vn 0.996556 0.055752 0.061390
v 0.304712 -0.802185 0.019695
vn -0.758372 0.037130 -0.650763
v -0.225064 -0.793745 -0.196128
vn -0.978404 0.204330 -0.031212
v -0.237440 -0.510739 -0.006115
vn -0.318685 0.217998 0.922452
v -0.075173 -0.520741 0.242819
vn 0.401732 0.073719 -0.912785
v 0.125094 -0.784059 -0.275153
vn 0.778078 0.205473 0.593612
v 0.193457 -0.511435 0.159344
vn -0.779075 0.109284 -0.617332
v -0.231608 -0.774676 -0.186018
vn 0.804732 0.257961 -0.534661
v 0.203422 -0.510017 -0.136412
vn -0.240002 0.345575 -0.907181
v -0.057397 -0.497988 -0.232516
vn -0.975808 0.207728 -0.068179
v -0.235774 -0.505148 -0.015627
vn 0.362224 0.142996 -0.921057
v 0.113007 -0.764561 -0.277828
vn -0.811371 0.174114 0.557998
v -0.241163 -0.764291 0.168934
vn -0.977352 0.209280 -0.031370
v -0.232709 -0.488192 -0.004629
vn -0.300985 0.244790 0.921676
v -0.071088 -0.500929 0.239164
vn -0.772654 0.170827 -0.611411
v -0.229525 -0.755358 -0.184220
vn -0.236831 0.386694 -0.891279
v -0.057164 -0.474027 -0.222851
vn -0.236530 0.121430 -0.964007
v -0.056333 -0.605283 -0.260190
vn -0.275703 0.123506 -0.953276
v -0.067664 -0.622344 -0.259268
vn -0.981557 0.184355 -0.050598
v -0.256484 -0.612693 -0.014229
vn -0.396909 0.079355 0.914421
v -0.097075 -0.607613 0.248130
vn -0.652427 0.288751 -0.700687
v -0.163521 -0.327670 -0.101461
vn -0.665577 0.420048 -0.616900
v -0.139785 -0.167223 -0.065665
vn 0.278009 0.361339 -0.890025
v 0.081015 -0.304135 -0.141026
vn 0.790459 0.122299 0.600182
v 0.207356 -0.603248 0.166617
vn -0.770163 0.181374 0.611516
v -0.180399 -0.317300 0.114002
vn 0.830437 0.160048 -0.533628
v 0.218465 -0.602071 -0.149062
vn -0.236770 0.142827 -0.961010
v -0.055436 -0.592887 -0.258805
vn -0.277520 0.135491 -0.951118
v -0.066185 -0.598285 -0.256635
vn 0.988569 0.147412 0.031626
v 0.222310 -0.322265 0.022391
vn 0.838542 0.177477 -0.515121
v 0.218629 -0.581302 -0.142193
vn -0.272844 0.188822 -0.943346
v -0.063286 -0.573242 -0.253111
vn 0.979294 0.196681 0.047949
v 0.218307 -0.300844 0.026889
vn 0.277216 0.342915 -0.897531
v 0.079520 -0.291852 -0.136646
vn 0.806596 0.195783 -0.557738
v 0.208246 -0.567414 -0.153351
vn 0.976741 0.213423 0.020661
v 0.215633 -0.288173 0.024127
vn -0.982508 0.183281 -0.032951
v -0.248482 -0.566256 -0.009397
vn -0.367522 0.134928 0.920175
v -0.087691 -0.575549 0.248427
vn 0.840610 0.207655 -0.500254
v 0.216797 -0.556886 -0.135906
vn -0.282357 0.205290 -0.937086
v -0.066017 -0.563202 -0.250313
vn 0.761616 0.160285 0.627894
v 0.194463 -0.564676 0.174085
vn -0.980315 0.194745 -0.032512
v -0.244172 -0.543809 -0.008155
vn 0.757985 0.259495 0.598432
v 0.224253 -0.695621 0.174400
vn -0.831416 0.102232 0.546164
v -0.189017 -0.416176 0.125457
vn 0.805648 0.265004 -0.529815
v 0.233262 -0.668878 -0.152465
vn 0.245729 0.301519 0.921251
v 0.068007 -0.392834 0.208514
vn -0.265447 0.231974 -0.935802
v -0.071507 -0.681154 -0.269173
vn 0.997782 0.043165 0.050673
v 0.229773 -0.408900 0.021845
vn -0.958339 0.281808 -0.046580
v -0.271438 -0.671637 -0.017330
vn -0.352399 0.202589 0.913659
v -0.093568 -0.670899 0.258011
vn -0.729554 0.251503 -0.636001
v -0.175539 -0.372026 -0.106611
vn 0.761747 0.231611 0.605060
v 0.216928 -0.666744 0.171595
vn 0.808570 0.254071 -0.530719
v 0.230609 -0.657238 -0.150806
vn -0.266682 0.190290 -0.944812
v -0.069576 -0.656860 -0.264122
vn 0.995872 0.083534 0.035513
v 0.228407 -0.388050 0.020849
vn -0.963088 0.269163 -0.003675
v -0.266752 -0.654267 -0.005849
vn -0.337144 0.113305 0.934610
v -0.083944 -0.639212 0.256158
vn -0.818846 0.122502 0.560790
v -0.188188 -0.356028 0.113299
vn -0.758705 0.147113 0.634606
v -0.177541 -0.367403 0.129895
vn -0.235540 0.129012 -0.963264
v -0.057798 -0.628625 -0.262722
vn -0.271399 0.158804 -0.949275
v -0.068945 -0.645266 -0.262182
vn -0.968409 0.242383 -0.058605
v -0.261433 -0.636126 -0.017188
vn -0.975690 0.196492 -0.097054
v -0.256446 -0.617293 -0.026487
vn -0.345002 0.087409 0.934523
v -0.085287 -0.626609 0.254381
vn 0.791760 0.171162 0.586361
v 0.215356 -0.637553 0.163515
vn -0.791283 0.157836 0.590727
v -0.183940 -0.331865 0.113496
vn 0.322032 0.370018 -0.871425
v 0.084861 -0.476695 -0.217411
vn -0.331587 0.224558 0.916310
v -0.096505 -0.745423 0.276280
vn -0.745776 0.288753 -0.600367
v -0.177692 -0.466373 -0.141444
vn -0.823678 0.211267 0.526233
v -0.191641 -0.477045 0.138785
vn 0.824311 0.214942 -0.523747
v 0.252000 -0.738233 -0.157084
vn 0.976231 0.202169 0.078105
v 0.235830 -0.472597 0.025410
vn -0.978979 0.203955 0.001713
v -0.290556 -0.742622 -0.008648
vn 0.761521 0.231441 0.605410
v 0.231197 -0.735267 0.181982
vn 0.312765 0.396770 -0.862990
v 0.083101 -0.444026 -0.203433
vn 0.021228 0.429200 -0.902960
v -0.042673 -0.153077 -0.093972
vn 0.809575 0.242742 -0.534476
v 0.244625 -0.716380 -0.159090
vn -0.946221 0.319402 -0.051470
v -0.172308 -0.146553 0.016872
vn 0.990170 0.135474 0.034797
v 0.232691 -0.452542 0.015268
vn -0.302428 0.249301 -0.919993
v -0.085990 -0.712851 -0.273091
vn 0.341337 0.386738 -0.856693
v 0.092889 -0.427403 -0.192089
vn 0.297308 0.400593 -0.866679
v 0.081498 -0.421323 -0.193540
vn -0.846090 0.097585 0.524031
v -0.191035 -0.426423 0.124164
vn 0.802780 0.272589 -0.530320
v 0.238981 -0.691817 -0.155549
vn 0.238611 0.305260 0.921890
v 0.064843 -0.417487 0.217501
vn -0.960359 0.278195 -0.017829
v -0.278854 -0.695603 -0.011307
vn 0.225465 0.133798 0.965020
v 0.059994 -0.217469 0.163873
vn -0.741494 0.241721 -0.625905
v -0.176529 -0.398030 -0.116096
vn -0.266324 0.005266 -0.963869
v -0.076341 -0.812562 -0.290642
vn -0.351151 0.031147 0.935801
v -0.102692 -0.812562 0.283043
vn -0.760164 0.239599 -0.603940
v -0.186515 -0.529760 -0.159002
vn 0.271617 0.191992 0.943061
v 0.070349 -0.536169 0.250018
vn -0.211225 0.012636 -0.977356
v -0.059991 -0.803149 -0.294589
vn -0.249270 0.013829 -0.968335
v -0.071510 -0.803172 -0.291836
vn -0.966521 0.256135 -0.015222
v -0.198906 -0.237886 0.013035
vn 0.978932 0.195485 0.058974
v 0.252357 -0.549824 0.018634
vn -0.370620 0.047365 0.927576
v -0.107986 -0.803108 0.280635
vn 0.808444 0.046134 0.586762
v 0.248828 -0.805592 0.176379
vn 0.853989 0.032909 -0.519250
v 0.261200 -0.793599 -0.156800
vn -0.335063 0.110381 0.935708
v -0.097803 -0.784067 0.282956
vn -0.766653 0.257083 -0.588346
v -0.186463 -0.509432 -0.150627
vn 0.738483 0.260102 -0.622085
v 0.169517 -0.219695 -0.054742
vn 0.690318 0.207197 0.693204
v 0.163603 -0.233948 0.112845
vn -0.832846 0.193316 0.518648
v -0.200121 -0.523159 0.143221
vn 0.826965 0.110035 -0.551382
v 0.253681 -0.774753 -0.166069
vn 0.256122 0.233698 0.937969
v 0.066888 -0.510787 0.245171
vn -0.210547 0.076090 -0.974618
v -0.059856 -0.783884 -0.293857
vn 0.754913 0.139992 0.640709
v 0.232263 -0.776052 0.193352
vn -0.974130 0.222396 -0.040141
v -0.191065 -0.207902 0.009035
vn -0.335237 0.172781 0.926155
v -0.097589 -0.764621 0.280049
vn -0.755819 0.280601 -0.591608
v -0.182136 -0.488375 -0.146539
vn -0.824146 0.200573 0.529673
v -0.194945 -0.500301 0.142764
vn 0.977303 0.208834 0.035610
v 0.242672 -0.501577 0.014081
vn -0.279893 0.115469 0.953062
v -0.067424 -0.191588 0.156706
vn -0.991527 0.129880 0.002403
v -0.295018 -0.768513 -0.007524
vn -0.827993 0.136462 0.543880
v -0.213847 -0.620737 0.150478
vn -0.872957 0.135435 0.468618
v -0.223023 -0.608109 0.131741
vn 0.983781 0.163957 0.072757
v 0.261868 -0.602461 0.021905
vn 0.985768 0.163576 0.038775
v 0.263798 -0.611305 0.012067
vn 0.352219 0.170406 -0.920274
v 0.093013 -0.580535 -0.247212
vn -0.833926 0.146876 0.531972
v -0.209428 -0.586112 0.148837
vn 0.251402 0.081939 0.964408
v 0.065699 -0.597534 0.260471
vn 0.399605 0.163476 -0.901993
v 0.104992 -0.583128 -0.242699
vn 0.741538 0.281776 -0.608871
v 0.181942 -0.289014 -0.070226
vn 0.633928 0.204981 0.745733
v 0.160353 -0.272110 0.126582
vn 0.689274 0.210685 0.693191
v 0.172525 -0.292106 0.121179
vn -0.754866 0.181684 -0.630213
v -0.188124 -0.574262 -0.172444
vn -0.837396 0.166438 0.520641
v -0.205736 -0.561079 0.147245
vn 0.242127 0.141876 0.959816
v 0.062665 -0.569919 0.258108
vn 0.283076 0.125613 0.950836
v 0.072953 -0.576299 0.256157
vn 0.706872 0.278250 -0.650314
v 0.174936 -0.277242 -0.072996
vn -0.859578 0.167659 0.482718
v -0.210406 -0.554171 0.136969
vn 0.982349 0.183489 0.036376
v 0.257243 -0.573014 0.010425
vn 0.697828 0.201172 0.687434
v 0.170069 -0.267141 0.116116
vn -0.835348 0.171968 0.522131
v -0.203423 -0.547479 0.146461
vn -0.994717 0.042436 -0.093475
v -0.222688 -0.410516 -0.008911
vn 0.962843 0.266356 0.044587
v 0.285032 -0.698909 0.012789
vn 0.318213 0.238662 -0.917486
v 0.095219 -0.683353 -0.264618
vn 0.718513 0.156327 0.677718
v 0.174619 -0.410437 0.150812
vn -0.751061 0.267940 -0.603419
v -0.212445 -0.679778 -0.175725
vn -0.807120 0.254768 0.532589
v -0.225739 -0.679724 0.154679
vn 0.262346 0.220356 0.939477
v 0.078184 -0.680629 0.267854
vn -0.995031 0.080482 -0.058611
v -0.222131 -0.390922 -0.000692
vn 0.177990 0.193153 0.964890
v 0.054062 -0.245693 0.169936
vn 0.725051 0.172563 0.666725
v 0.177619 -0.386567 0.141559
vn 0.747733 0.247814 -0.616022
v 0.185121 -0.390110 -0.109359
vn -0.211127 0.414686 -0.885134
v -0.057480 -0.378766 -0.178785
vn 0.962449 0.268713 0.038540
v 0.278322 -0.674718 0.009660
vn -0.764338 0.240902 -0.598125
v -0.208763 -0.657265 -0.170667
vn -0.815186 0.219255 0.536097
v -0.220278 -0.655713 0.152198
vn 0.790688 0.223455 -0.569983
v 0.192820 -0.352713 -0.084312
vn 0.767347 0.235854 -0.596281
v 0.188740 -0.360953 -0.093060
vn 0.968039 0.244978 0.053728
v 0.272101 -0.652546 0.014897
vn -0.166411 0.292218 -0.941762
v -0.048560 -0.257800 -0.131717
vn 0.276111 0.123171 0.953201
v 0.076132 -0.644743 0.261760
vn -0.995530 0.093699 -0.011882
v -0.218263 -0.340598 0.014563
vn -0.274118 0.275903 0.921269
v -0.074746 -0.345449 0.189945
vn 0.682547 0.182730 0.707630
v 0.173100 -0.339014 0.134257
vn -0.145833 0.398175 -0.905643
v -0.040006 -0.331594 -0.160820
vn 0.978712 0.201585 0.038556
v 0.267976 -0.633807 0.011056
vn 0.800284 0.278454 -0.531045
v 0.197926 -0.475635 -0.127216
vn 0.956969 0.287194 0.041586
v 0.190061 -0.180629 0.030332
vn -0.975539 0.206143 -0.076351
v -0.228665 -0.471958 -0.014121
vn -0.629225 0.406067 -0.662711
v -0.136936 -0.176089 -0.074912
vn 0.316371 0.224875 -0.921597
v 0.098736 -0.733986 -0.276812
vn 0.223571 0.027216 0.974308
v 0.045823 -0.164256 0.163066
vn 0.972028 0.230570 0.044699
v 0.294437 -0.734718 0.012906
vn -0.337371 0.275412 0.900183
v -0.079053 -0.465414 0.226254
vn -0.714168 0.354815 -0.603383
v -0.142333 -0.158850 -0.057304
vn 0.781643 0.179694 0.597281
v 0.186401 -0.451109 0.146681
vn -0.750744 0.235974 -0.617008
v -0.220989 -0.725225 -0.184503
vn 0.262036 0.242154 0.934184
v 0.080963 -0.723055 0.278000
vn 0.153966 0.449442 -0.879941
v 0.056859 -0.139984 -0.081148
vn 0.351482 0.243835 -0.903883
v 0.108835 -0.713795 -0.267927
vn -0.753171 0.189067 0.630069
v -0.140803 -0.145220 0.105036
vn 0.240272 0.020435 0.970490
v 0.046459 -0.145221 0.162543
vn 0.947282 0.316502 -0.049832
v 0.177098 -0.145294 0.024226
vn -0.998069 0.055699 -0.027506
v -0.224154 -0.432488 0.000805
vn 0.967289 0.251135 0.035826
v 0.291704 -0.723595 0.011054
vn -0.808605 0.257075 0.529218
v -0.229555 -0.693152 0.155389
vn 0.300509 0.240950 0.922842
v 0.090251 -0.699273 0.268810
vn -0.311763 0.282474 0.907200
v -0.076850 -0.413454 0.210853
vn 0.765406 0.147581 0.626397
v 0.183252 -0.407697 0.140343
vn 0.792594 0.206769 -0.573622
v 0.191444 -0.412605 -0.109967
vn -0.213039 0.417784 -0.883216
v -0.055955 -0.392971 -0.185846
vn -0.781985 0.005262 -0.623275
v -0.232163 -0.812562 -0.187950
vn 0.267340 0.038453 0.962835
v 0.083722 -0.812562 0.291659
vn -0.052101 0.331663 -0.941958
v -0.040061 -0.204932 -0.116416
vn -0.745434 0.012377 -0.666464
v -0.221271 -0.803178 -0.200738
vn -0.770933 0.013709 -0.636769
v -0.228980 -0.803173 -0.191727
vn -0.821947 0.048983 0.567455
v -0.244528 -0.802986 0.171720
vn 0.247892 0.057083 0.967105
v 0.078460 -0.801493 0.292594
vn -0.978634 0.203193 -0.031441
v -0.239710 -0.521753 -0.006820
vn 0.997995 0.059888 0.020462
v 0.305222 -0.801832 0.007403
vn 0.384400 0.037725 -0.922396
v 0.119975 -0.793636 -0.277932
vn 0.804910 0.244296 -0.540777
v 0.204814 -0.523998 -0.140892
vn -0.852916 0.083266 0.515365
v -0.253810 -0.793402 0.156135
vn 0.992904 0.086567 0.081539
v 0.303547 -0.792179 0.026251
vn 0.263930 0.258396 -0.929286
v 0.073281 -0.219462 -0.115101
vn 0.345511 0.110437 -0.931894
v 0.108142 -0.774446 -0.281075
vn -0.743824 0.072638 -0.664416
v -0.220800 -0.784267 -0.200200
vn -0.977795 0.207228 -0.031204
v -0.235133 -0.499681 -0.005378
vn -0.318422 0.234308 0.918536
v -0.075347 -0.509427 0.240001
vn 0.776186 0.218738 0.591345
v 0.192017 -0.501066 0.157536
vn -0.763528 0.139864 -0.630446
v -0.226970 -0.765067 -0.189768
vn 0.801150 0.268276 -0.534964
v 0.201209 -0.497779 -0.133685
vn -0.239284 0.364872 -0.899784
v -0.057653 -0.485819 -0.227703
vn -0.627338 0.251232 -0.737109
v -0.140221 -0.199064 -0.082854
vn 0.343607 0.176861 -0.922309
v 0.106967 -0.754194 -0.278361
vn 0.160352 0.048037 0.985890
v 0.037305 -0.187013 0.165600
vn -0.817626 0.202799 0.538851
v -0.242658 -0.754143 0.163152
vn -0.197125 0.380038 -0.903722
v -0.046916 -0.478724 -0.227354
vn 0.977340 0.207288 0.042877
v 0.297695 -0.749368 0.012426
vn -0.330129 0.253150 0.909357
v -0.077217 -0.488966 0.233866
vn -0.793049 0.211864 0.571127
v -0.159288 -0.183438 0.095702
vn -0.324207 0.123510 0.937889
v -0.077349 -0.581031 0.253042
vn 0.212680 0.246127 0.945616
v 0.063415 -0.286671 0.177433
vn 0.976655 0.205689 -0.061936
v 0.213737 -0.280595 0.013052
vn -0.743000 0.187001 -0.642637
v -0.171608 -0.267123 -0.070558
vn 0.827614 0.158961 0.538318
v 0.214826 -0.575612 0.149114
vn -0.982199 0.183157 0.041695
v -0.246431 -0.555936 0.012027
vn -0.280243 0.151142 0.947956
v -0.065862 -0.561000 0.253849
vn 0.221800 0.204136 0.953485
v 0.065038 -0.252222 0.169015
vn 0.267883 0.222438 0.937422
v 0.076813 -0.271733 0.170382
vn 0.281403 0.175230 0.943455
v 0.076693 -0.230998 0.161617
vn 0.986099 0.139411 -0.090409
v 0.222642 -0.328976 0.002586
vn -0.252635 0.080543 0.964203
v -0.061872 -0.626526 0.261761
vn 0.831371 0.127050 0.540999
v 0.220756 -0.614004 0.149864
vn -0.711445 0.172058 0.681353
v -0.170100 -0.333529 0.130295
vn 0.778670 0.156150 -0.607693
v 0.206970 -0.609056 -0.167148
vn 0.288490 0.265561 0.919919
v 0.083802 -0.321940 0.181813
vn -0.314273 0.127688 -0.940706
v -0.076393 -0.604303 -0.254302
vn -0.353518 0.123444 -0.927247
v -0.086482 -0.610443 -0.251456
vn 0.198032 0.364048 -0.910084
v 0.059228 -0.305012 -0.147069
vn -0.280697 0.113259 0.953091
v -0.066744 -0.586522 0.257147
vn 0.810963 0.131814 0.570057
v 0.212335 -0.595664 0.158212
vn 0.831454 0.129417 0.540311
v 0.218848 -0.600525 0.149693
vn 0.792262 0.169446 -0.586182
v 0.207176 -0.586950 -0.161064
vn -0.732848 0.163085 0.660559
v -0.173011 -0.376846 0.137309
vn -0.734605 0.412966 -0.538345
v -0.155496 -0.178655 -0.055155
vn -0.728648 0.246513 -0.638987
v -0.176247 -0.358640 -0.100751
vn -0.297893 0.095345 0.949826
v -0.073404 -0.631906 0.258934
vn -0.349176 0.139792 -0.926571
v -0.088095 -0.633510 -0.253988
vn -0.974018 0.216060 0.067877
v -0.260028 -0.631167 0.015398
vn -0.732711 0.252404 -0.632002
v -0.177478 -0.345660 -0.094292
vn 0.225465 0.415971 -0.880985
v 0.065214 -0.401773 -0.189162
vn 0.800721 0.250465 0.544163
v 0.231547 -0.677056 0.156051
vn 0.764592 0.261661 -0.589010
v 0.220736 -0.668533 -0.169851
vn 0.294555 0.295804 0.908701
v 0.080452 -0.389704 0.203810
vn -0.339363 0.219195 -0.914760
v -0.091155 -0.668113 -0.259581
vn 0.997335 0.071013 0.016740
v 0.229352 -0.397327 0.014754
vn -0.958489 0.277778 0.064324
v -0.271207 -0.671967 0.008608
vn 0.989870 0.092180 -0.107986
v 0.226160 -0.372863 -0.006823
vn -0.268346 0.147490 0.951965
v -0.068652 -0.653083 0.262907
vn -0.769045 0.226628 -0.597670
v -0.182612 -0.367618 -0.096462
vn 0.811358 0.217112 0.542734
v 0.226544 -0.654287 0.153507
vn 0.225055 0.409664 -0.884039
v 0.062479 -0.432678 -0.204488
vn -0.276578 0.242750 0.929826
v -0.077941 -0.714955 0.274506
vn -0.781711 0.142404 0.607165
v -0.177478 -0.434503 0.145310
vn 0.760956 0.260053 -0.594407
v 0.228790 -0.703422 -0.175280
vn 0.995894 0.090045 -0.009288
v 0.231690 -0.441634 0.006255
vn -0.965919 0.240063 0.096800
v -0.284025 -0.719134 0.011842
vn 0.801458 0.254523 0.541186
v 0.239675 -0.709983 0.159796
vn -0.263150 0.244714 0.933203
v -0.073266 -0.703396 0.272786
vn -0.809136 0.193138 -0.554974
v -0.187239 -0.415847 -0.108484
vn 0.800302 0.260476 0.540064
v 0.237057 -0.698718 0.158328
vn 0.761717 0.267311 -0.590197
v 0.223465 -0.680216 -0.171630
vn 0.302787 0.293419 0.906766
v 0.081321 -0.410562 0.210367
vn -0.336628 0.244628 -0.909307
v -0.095028 -0.692534 -0.264457
vn -0.959870 0.267046 0.085655
v -0.277935 -0.695454 0.010688
vn 0.662494 0.380714 -0.645104
v 0.150633 -0.175810 -0.056454
vn 0.804003 0.220147 0.552371
v 0.245484 -0.743112 0.165809
vn -0.039091 0.452123 -0.891099
v -0.064280 -0.162368 -0.099024
vn -0.330964 0.221846 -0.917195
v -0.096226 -0.731703 -0.274523
vn 0.240759 0.392517 -0.887674
v 0.064990 -0.464728 -0.218573
vn -0.770940 0.209900 0.601326
v -0.178242 -0.465589 0.153393
vn 0.765547 0.228319 -0.601505
v 0.233874 -0.728444 -0.179021
vn -0.940146 0.337838 0.044627
v -0.175356 -0.156219 0.024722
vn -0.969427 0.226961 0.093272
v -0.286822 -0.730815 0.012015
vn 0.687969 0.293717 -0.663648
v 0.145631 -0.155264 -0.049900
vn 0.804055 0.243733 0.542301
v 0.242578 -0.721915 0.161024
vn -0.046317 0.408675 -0.911504
v -0.061273 -0.142216 -0.089423
vn -0.926366 0.360983 -0.107415
v -0.176323 -0.159719 0.011514
vn -0.333378 0.244273 -0.910599
v -0.095760 -0.719208 -0.271434
vn 0.711837 0.174446 0.680336
v 0.159587 -0.200404 0.107425
vn -0.970541 0.240633 -0.012070
v -0.285027 -0.718818 -0.009644
vn -0.240806 0.011808 0.970501
v -0.041171 -0.145221 0.160866
vn -0.341502 0.112713 -0.933098
v -0.099582 -0.774504 -0.281454
vn 0.977878 0.206117 -0.035635
v 0.245264 -0.513880 -0.006184
vn 0.249809 0.329941 -0.910348
v 0.067159 -0.508425 -0.235675
vn -0.280596 0.143124 0.949095
v -0.080965 -0.774374 0.287124
vn -0.816307 0.255856 -0.517862
v -0.196872 -0.501535 -0.131968
vn -0.080278 0.295816 -0.951866
v -0.049126 -0.210160 -0.117494
vn 0.790338 0.142189 -0.595943
v 0.242217 -0.765025 -0.180009
vn 0.978095 0.208159 -0.000519
v 0.244152 -0.507631 0.003986
vn 0.674538 0.255269 -0.692702
v 0.155154 -0.200206 -0.062835
vn -0.138538 0.243583 -0.959935
v -0.070457 -0.208745 -0.114757
vn -0.337499 0.174010 -0.925103
v -0.099019 -0.755612 -0.278633
vn -0.986113 0.160652 0.042087
v -0.293731 -0.761304 0.003103
vn -0.805163 0.276359 -0.524727
v -0.192085 -0.478832 -0.127878
vn -0.769538 0.215160 0.601263
v -0.181286 -0.488250 0.157669
vn -0.008431 0.343584 -0.939084
v -0.055771 -0.182006 -0.107670
vn 0.333567 0.267532 0.903969
v 0.084410 -0.480151 0.231132
vn 0.788596 0.005387 -0.614888
v 0.242086 -0.812562 -0.184940
vn -0.997611 0.058488 0.036762
v -0.298006 -0.812562 0.010520
vn 0.826180 0.035443 0.562291
v 0.253668 -0.812562 0.169976
vn 0.824324 0.012652 -0.565978
v 0.252176 -0.803264 -0.171057
vn 0.799376 0.013652 -0.600676
v 0.244980 -0.803220 -0.181009
vn 0.319735 0.180258 0.930203
v 0.081504 -0.542789 0.247708
vn -0.255152 0.049949 0.965610
v -0.074252 -0.803104 0.291750
vn -0.812693 0.236209 -0.532668
v -0.199859 -0.528766 -0.140147
vn -0.786938 0.187406 0.587883
v -0.189804 -0.532148 0.161485
vn 0.353494 0.210918 0.911348
v 0.089328 -0.522445 0.240648
vn -0.306417 0.037155 -0.951172
v -0.088587 -0.793779 -0.286731
vn -0.996204 0.065798 0.056994
v -0.296678 -0.793090 0.016993
vn 0.828129 0.110594 0.549520
v 0.253855 -0.784447 0.166562
vn 0.819273 0.071957 -0.568871
v 0.251182 -0.784388 -0.171280
vn 0.316429 0.142087 0.937915
v 0.082341 -0.569641 0.252265
vn 0.349477 0.105074 0.931035
v 0.092227 -0.588285 0.251208
vn -0.810988 0.156673 0.563695
v -0.201014 -0.568354 0.156640
vn -0.801183 0.194104 -0.566064
v -0.199313 -0.561274 -0.153744
vn 0.277857 0.175578 0.944441
v 0.071350 -0.549690 0.252326
vn -0.978692 0.202118 0.036208
v -0.205563 -0.268141 0.021670
vn 0.978149 0.203261 -0.043697
v 0.253179 -0.552759 -0.011080
vn -0.818992 0.216070 -0.531569
v -0.202556 -0.543391 -0.142239
vn 0.692021 0.280175 -0.665289
v 0.176669 -0.330107 -0.094730
vn -0.257398 0.372570 -0.891593
v -0.072563 -0.319162 -0.148276
vn -0.831181 0.162271 -0.531796
v -0.213103 -0.607274 -0.147170
vn 0.292708 0.080358 0.952819
v 0.078770 -0.604561 0.257280
vn 0.367755 0.080944 0.926393
v 0.097628 -0.620177 0.251991
vn -0.978948 0.186154 0.083714
v -0.212756 -0.303878 0.028721
vn 0.985723 0.165280 -0.032126
v 0.262138 -0.600383 -0.008070
vn -0.809083 0.135268 0.571916
v -0.203878 -0.592046 0.158636
vn -0.263196 0.349103 -0.899363
v -0.071601 -0.296683 -0.139445
vn 0.272240 0.177310 -0.945752
v 0.077323 -0.653203 -0.263335
vn -0.811610 0.232887 -0.535774
v -0.219583 -0.647094 -0.151481
vn -0.774769 0.190266 0.602935
v -0.205694 -0.646165 0.169064
vn -0.260516 0.387499 -0.884294
v -0.072412 -0.341893 -0.158093
vn -0.802791 0.165698 -0.572775
v -0.206878 -0.615015 -0.158744
vn -0.818050 0.206281 -0.536882
v -0.217061 -0.635018 -0.150285
vn 0.354343 0.098435 0.929920
v 0.096297 -0.633435 0.253713
vn -0.236863 0.279649 0.930426
v -0.064467 -0.337439 0.190360
vn 0.333459 0.232650 0.913608
v 0.099399 -0.690569 0.263448
vn -0.260087 0.291679 0.920477
v -0.064996 -0.415725 0.215276
vn 0.749842 0.241719 -0.615881
v 0.184560 -0.402943 -0.115174
vn -0.997492 0.070093 0.009785
v -0.222577 -0.392201 0.010875
vn 0.303087 0.176671 0.936443
v 0.086994 -0.661860 0.261217
vn 0.342824 0.192118 0.919545
v 0.097713 -0.666970 0.258469
vn -0.225657 0.304762 0.925310
v -0.058714 -0.395110 0.210253
vn 0.967209 0.253170 0.020290
v 0.273771 -0.657299 0.002361
vn -0.996767 0.077047 0.022804
v -0.224675 -0.440673 0.011415
vn -0.760590 0.256404 0.596457
v -0.218574 -0.703363 0.175324
vn -0.996684 0.036549 0.072705
v -0.223401 -0.425052 0.023391
vn 0.967683 0.251720 -0.015028
v 0.288871 -0.712133 -0.009637
vn 0.754675 0.226066 -0.615921
v 0.184033 -0.415132 -0.120462
vn -0.272187 0.408729 -0.871122
v -0.068449 -0.412732 -0.191735
vn 0.799462 0.131149 0.586226
v 0.189770 -0.417433 0.134099
vn 0.314727 0.067442 0.946783
v 0.068233 -0.170360 0.156992
vn -0.978098 0.203707 0.042759
v -0.230350 -0.477635 0.015188
vn 0.110013 0.488885 -0.865384
v 0.055790 -0.166243 -0.096002
vn -0.245649 0.276757 0.929012
v -0.056911 -0.473854 0.235828
vn -0.774804 0.250471 0.580468
v -0.153414 -0.170594 0.098641
vn -0.810375 0.218999 -0.543444
v -0.240022 -0.735795 -0.163139
vn 0.744592 0.293024 -0.599766
v 0.184114 -0.465466 -0.140904
vn 0.107302 0.481020 -0.870118
v 0.040109 -0.150087 -0.089080
vn -0.771700 0.249947 0.584812
v -0.225728 -0.722738 0.174322
vn -0.755060 0.315000 -0.575030
v -0.144976 -0.150860 -0.049832
vn -0.804163 0.249616 -0.539457
v -0.235627 -0.715292 -0.160781
vn 0.823869 0.204470 0.528614
v 0.204759 -0.511917 0.143387
vn -0.825186 0.109384 -0.554169
v -0.245534 -0.774660 -0.166944
vn -0.326718 0.334401 -0.883986
v -0.078916 -0.499925 -0.226521
vn -0.979065 0.203465 0.005797
v -0.236435 -0.505293 0.004151
vn 0.288587 0.141782 -0.946898
v 0.090821 -0.764655 -0.285560
vn -0.759998 0.164784 0.628689
v -0.226971 -0.766821 0.188478
vn -0.977552 0.205756 0.045352
v -0.232722 -0.488855 0.014923
vn 0.814417 0.220688 0.536676
v 0.200089 -0.488446 0.141239
vn -0.818377 0.170753 -0.548728
v -0.243331 -0.755336 -0.165289
vn 0.769894 0.280507 -0.573218
v 0.192180 -0.489582 -0.142419
vn -0.320217 0.374161 -0.870324
v -0.077569 -0.476051 -0.217323
vn 0.276536 0.005374 -0.960989
v 0.087582 -0.812562 -0.289601
vn 0.827028 0.162532 0.538152
v 0.212507 -0.562415 0.148713
vn -0.689044 0.199751 0.696648
v -0.158224 -0.248460 0.117398
vn -0.788167 0.032168 0.614620
v -0.234637 -0.812562 0.185776
vn -0.979315 0.198069 0.041370
v -0.241888 -0.532906 0.012770
vn 0.330321 0.012669 -0.943784
v 0.103520 -0.803128 -0.284446
vn 0.293113 0.013960 -0.955976
v 0.092246 -0.803127 -0.288118
vn 0.769377 0.247944 -0.588713
v 0.195641 -0.526432 -0.154717
vn -0.799475 0.050668 0.598558
v -0.237603 -0.802969 0.181326
vn -0.358899 0.293782 -0.885937
v -0.084943 -0.522551 -0.232258
vn 0.998009 0.060002 -0.019428
v 0.305214 -0.801770 -0.004691
vn 0.208800 0.278163 -0.937565
v 0.060480 -0.225502 -0.120056
vn -0.807105 0.037206 -0.589235
v -0.239793 -0.793730 -0.177554
vn -0.978589 0.201169 0.043533
v -0.237347 -0.510853 0.013828
vn 0.328612 0.073496 -0.941601
v 0.103054 -0.784100 -0.283841
vn -0.277503 0.133352 0.951425
v -0.065548 -0.573254 0.255733
vn -0.693051 0.207552 0.690364
v -0.165247 -0.285487 0.120869
vn -0.982219 0.182749 0.042990
v -0.248701 -0.568588 0.012110
vn -0.327376 0.140495 0.934391
v -0.077257 -0.568864 0.251362
vn 0.785285 0.209083 -0.582763
v 0.202593 -0.560257 -0.158706
vn 0.275183 0.145756 0.950279
v 0.071924 -0.217540 0.160734
vn 0.807552 0.157462 0.568388
v 0.208095 -0.570871 0.157608
vn -0.980636 0.191511 0.040942
v -0.244135 -0.544069 0.012282
vn -0.351402 0.126347 -0.927660
v -0.087311 -0.622029 -0.252668
vn 0.801141 0.158403 -0.577132
v 0.211041 -0.599583 -0.159264
vn 0.237924 0.369651 -0.898193
v 0.071068 -0.310430 -0.146505
vn -0.280739 0.083421 0.956152
v -0.066791 -0.599607 0.258462
vn -0.744570 0.260696 -0.614535
v -0.178668 -0.308295 -0.077138
vn -0.984651 0.171189 0.034005
v -0.252488 -0.588478 0.010117
vn -0.323404 0.096633 0.941314
v -0.077322 -0.593683 0.254571
vn 0.238710 0.258470 0.936062
v 0.070761 -0.298854 0.178983
vn -0.294623 0.119932 0.948058
v -0.073908 -0.643151 0.259998
vn -0.777892 0.228445 -0.585403
v -0.184044 -0.355222 -0.089928
vn 0.814646 0.188959 0.548313
v 0.223837 -0.642456 0.153122
vn -0.729440 0.157558 0.665652
v -0.172248 -0.356515 0.133412
vn 0.790261 0.188933 -0.582917
v 0.214963 -0.632406 -0.163209
vn -0.346098 0.164330 -0.923695
v -0.088943 -0.644974 -0.255524
vn -0.976796 0.212784 0.024329
v -0.259480 -0.626385 0.004920
vn 0.208102 0.387374 -0.898129
v 0.063469 -0.329021 -0.156157
vn -0.755753 0.158769 0.635319
v -0.177699 -0.335969 0.122370
vn -0.739903 0.154060 0.654835
v -0.175014 -0.345229 0.127638
vn 0.797485 0.262182 0.543395
v 0.234145 -0.687881 0.157329
vn -0.755196 0.147119 0.638777
v -0.174194 -0.406390 0.143298
vn -0.336202 0.234052 -0.912244
v -0.092766 -0.680118 -0.261976
vn -0.956450 0.282241 0.074449
v -0.274638 -0.683590 0.009667
vn -0.772281 0.236093 -0.589782
v -0.181489 -0.392045 -0.107549
vn 0.212135 0.415373 -0.884570
v 0.063726 -0.375413 -0.177174
vn 0.806817 0.237780 0.540840
v 0.229196 -0.665773 0.154402
vn -0.343045 0.193726 -0.919125
v -0.089935 -0.656470 -0.257379
vn 0.716248 0.200564 0.668404
v 0.171321 -0.254550 0.111153
vn -0.342207 0.247302 -0.906497
v -0.097668 -0.706173 -0.267162
vn 0.760144 0.268347 -0.591752
v 0.226156 -0.691769 -0.173375
vn 0.997880 0.057030 -0.031365
v 0.230680 -0.427690 0.003086
vn -0.962759 0.253684 0.093488
v -0.281037 -0.707323 0.011441
vn -0.761827 0.219322 -0.609522
v -0.178830 -0.412754 -0.118700
vn -0.980193 0.191878 0.049031
v -0.291443 -0.748713 0.002454
vn 0.247811 0.381229 -0.890648
v 0.065785 -0.475488 -0.222985
vn -0.261917 0.221888 0.939237
v -0.075146 -0.744785 0.282961
vn 0.776815 0.207284 -0.594636
v 0.237836 -0.742510 -0.179041
vn 0.337161 0.278711 0.899246
v 0.085252 -0.466427 0.226608
vn 0.979921 0.198920 -0.013624
v 0.236007 -0.470047 0.003533
vn 0.808852 0.233294 0.539753
v 0.245710 -0.732768 0.161129
vn 0.239807 0.288713 0.926896
v 0.062744 -0.462443 0.232470
vn 0.236605 0.406518 -0.882474
v 0.064612 -0.454897 -0.214212
vn -0.770326 0.188567 0.609130
v -0.176711 -0.454242 0.151509
vn 0.761809 0.244402 -0.599929
v 0.231094 -0.715571 -0.177496
vn 0.290737 0.288352 0.912319
v 0.075069 -0.444444 0.223273
vn -0.948953 0.306132 0.075972
v -0.171853 -0.145719 0.026790
vn 0.344336 0.234513 0.909085
v 0.087432 -0.509424 0.238209
vn -0.286349 0.074634 -0.955214
v -0.082780 -0.784081 -0.287970
vn 0.976211 0.213569 -0.037413
v 0.242603 -0.501442 -0.006191
vn -0.257172 0.176982 0.950021
v -0.074711 -0.764004 0.287171
vn -0.811137 0.264840 -0.521456
v -0.194382 -0.489750 -0.129967
vn -0.770092 0.207485 0.603248
v -0.182186 -0.500512 0.160774
vn 0.773733 0.174120 -0.609114
v 0.237095 -0.755029 -0.184068
vn 0.688207 0.303392 -0.659033
v 0.155397 -0.187458 -0.057638
vn -0.056582 0.316957 -0.946751
v -0.067744 -0.183395 -0.107852
vn -0.332557 0.197210 -0.922233
v -0.097724 -0.744617 -0.276915
vn -0.972051 0.218375 0.086196
v -0.202410 -0.254867 0.027076
vn -0.341165 0.005323 -0.939988
v -0.098935 -0.812562 -0.283459
vn 0.673724 0.206384 0.709579
v 0.163447 -0.246723 0.116810
vn -0.274442 0.038185 0.960845
v -0.080240 -0.812562 0.290515
vn -0.811661 0.177845 0.556398
v -0.196675 -0.539614 0.154300
vn -0.146438 0.253312 -0.956237
v -0.060551 -0.227886 -0.121143
vn 0.358606 0.188640 0.914230
v 0.091568 -0.535765 0.242692
vn -0.287272 0.012406 -0.957769
v -0.082948 -0.803198 -0.288677
vn -0.324655 0.013633 -0.945734
v -0.094252 -0.803226 -0.285016
vn -0.199783 0.182889 0.962621
v -0.053023 -0.234224 0.166802
vn -0.997928 0.051940 0.037977
v -0.297367 -0.802468 0.011805
vn -0.293323 0.049976 0.954706
v -0.085642 -0.803115 0.288519
vn 0.835158 0.045414 0.548132
v 0.256320 -0.803640 0.165478
vn 0.809891 0.036291 -0.585457
v 0.248299 -0.793839 -0.176243
vn 0.312733 0.199550 0.928643
v 0.080028 -0.529372 0.245571
vn -0.261148 0.107774 0.959263
v -0.075250 -0.784003 0.290060
vn -0.820772 0.245768 -0.515686
v -0.199938 -0.515191 -0.133758
vn -0.789749 0.199757 0.579994
v -0.188891 -0.519582 0.158498
vn 0.781326 0.108908 -0.614548
v 0.239799 -0.774872 -0.185243
vn 0.729619 0.208600 0.651262
v 0.178233 -0.284627 0.112808
vn -0.805657 0.177655 -0.565116
v -0.201351 -0.573300 -0.154764
vn 0.350680 0.130765 0.927321
v 0.092033 -0.575979 0.249739
vn 0.980763 0.190856 -0.040960
v 0.255347 -0.563252 -0.010040
vn -0.212589 0.230988 0.949448
v -0.058737 -0.276628 0.174835
vn 0.273225 0.124054 -0.953918
v 0.073870 -0.623870 -0.259851
vn 0.724386 0.177854 0.666058
v 0.180063 -0.332524 0.125512
vn -0.986276 0.151331 0.066017
v -0.215278 -0.317226 0.025744
vn 0.702530 0.288763 -0.650436
v 0.177733 -0.319189 -0.088893
vn -0.831235 0.127176 0.541180
v -0.212364 -0.609269 0.150068
vn 0.986648 0.162796 0.004755
v 0.263322 -0.606914 0.002369
vn -0.780741 0.138580 0.609294
v -0.194953 -0.585098 0.169042
vn -0.225394 0.354897 -0.907329
v -0.062193 -0.301835 -0.144041
vn 0.312814 0.092801 0.945270
v 0.083590 -0.593695 0.254824
vn 0.984064 0.174025 -0.036506
v 0.259892 -0.587593 -0.009020
vn 0.310078 0.185626 -0.932413
v 0.080759 -0.576839 -0.250850
vn 0.746688 0.199286 0.634620
v 0.183408 -0.310547 0.115180
vn 0.713510 0.259054 -0.650995
v 0.179301 -0.356587 -0.102584
vn -0.306168 0.387502 -0.869542
v -0.082087 -0.361197 -0.163559
vn 0.269544 0.147248 -0.951664
v 0.072092 -0.639153 -0.262398
vn -0.778753 0.159403 0.606741
v -0.203003 -0.634049 0.169024
vn 0.345995 0.129106 0.929311
v 0.094850 -0.644402 0.255561
vn 0.732045 0.256864 -0.630976
v 0.182890 -0.337809 -0.091104
vn 0.696610 0.267071 -0.665889
v 0.177125 -0.342068 -0.099136
vn -0.998913 0.039560 0.024645
v -0.223393 -0.407345 0.012502
vn 0.253066 0.241174 -0.936906
v 0.075680 -0.685927 -0.271265
vn -0.806418 0.271268 -0.525456
v -0.231532 -0.688438 -0.153639
vn -0.760686 0.248516 0.599663
v -0.213228 -0.679498 0.171779
vn 0.337365 0.218312 0.915710
v 0.098533 -0.678747 0.260823
vn -0.994883 0.068124 0.074612
v -0.221681 -0.388116 0.023955
vn 0.708547 0.267825 -0.652864
v 0.176931 -0.394552 -0.120516
vn -0.306756 0.391929 -0.867348
v -0.081182 -0.373044 -0.169205
vn 0.237313 0.196396 -0.951373
v 0.068514 -0.662421 -0.267518
vn -0.805473 0.247958 -0.538266
v -0.222000 -0.658999 -0.153170
vn -0.770784 0.216195 0.599293
v -0.208521 -0.658283 0.169562
vn 0.346688 0.160965 0.924066
v 0.096888 -0.654898 0.256479
vn 0.737147 0.209054 0.642581
v 0.169908 -0.229878 0.104729
vn -0.761105 0.251441 0.597910
v -0.220372 -0.713673 0.177384
vn -0.254101 0.294880 0.921129
v -0.060817 -0.438461 0.223707
vn -0.757301 0.258337 0.599798
v -0.215932 -0.691554 0.173551
vn 0.331910 0.243520 0.911336
v 0.100820 -0.701410 0.265753
vn 0.800483 0.128672 0.585380
v 0.190980 -0.405212 0.129594
vn -0.296316 0.399677 -0.867442
v -0.078049 -0.394104 -0.179982
vn 0.755712 0.291315 -0.586545
v 0.187435 -0.477063 -0.142527
vn -0.317764 0.390198 -0.864160
v -0.077382 -0.464787 -0.212439
vn 0.270824 0.228822 -0.935037
v 0.085120 -0.733546 -0.281022
vn -0.762054 0.236374 0.602827
v -0.224414 -0.733733 0.180571
vn 0.147059 0.505561 -0.850166
v 0.060267 -0.158356 -0.090706
vn -0.760542 0.359135 -0.540923
v -0.150277 -0.160063 -0.047682
vn 0.834898 0.197493 0.513753
v 0.199103 -0.463518 0.132545
vn -0.796641 0.234128 -0.557268
v -0.234827 -0.725889 -0.166564
vn 0.740845 0.275947 -0.612374
v 0.181574 -0.453744 -0.138461
vn 0.328659 0.240039 0.913436
v 0.101890 -0.724831 0.271767
vn 0.111704 0.483074 -0.868425
v 0.044296 -0.140628 -0.083194
vn 0.288648 0.241574 -0.926458
v 0.090360 -0.714302 -0.274497
vn -0.682918 0.163796 0.711895
v -0.132473 -0.145220 0.113955
vn 0.306759 0.031286 0.951273
v 0.059053 -0.145221 0.158884
vn 0.271090 0.110494 -0.956191
v 0.085710 -0.774413 -0.288396
vn -0.793681 0.072748 -0.603969
v -0.235869 -0.784236 -0.181935
vn -0.978142 0.203120 0.044490
v -0.235047 -0.499848 0.014358
vn 0.224714 0.290220 -0.930202
v 0.068873 -0.207984 -0.113077
vn 0.820459 0.211693 0.531069
v 0.202690 -0.500338 0.142068
vn -0.810752 0.139974 -0.568409
v -0.241216 -0.765034 -0.171027
vn -0.322790 0.356449 -0.876784
v -0.078086 -0.487561 -0.221951
vn -0.978462 0.206336 0.006199
v -0.234112 -0.494226 0.004805
vn 0.128624 0.398793 -0.907976
v 0.050717 -0.194945 -0.111613
vn 0.267254 0.174175 -0.947754
v 0.084730 -0.754550 -0.285687
vn 0.277399 0.070895 0.958136
v 0.063335 -0.184220 0.159553
vn -0.769616 0.198111 0.606996
v -0.228903 -0.754886 0.182515
vn -0.243760 0.260975 0.934063
v -0.056238 -0.486094 0.239564
vn -0.828498 0.005323 -0.559967
v -0.246220 -0.812562 -0.168859
vn 0.765913 0.233941 -0.598873
v 0.195596 -0.539702 -0.160080
vn 0.334748 0.047482 0.941111
v 0.106322 -0.812562 0.284489
vn -0.725634 0.192720 -0.660540
v -0.163911 -0.236404 -0.070623
vn -0.795438 0.012472 -0.605907
v -0.236369 -0.803168 -0.182455
vn -0.818532 0.013792 -0.574296
v -0.243347 -0.803168 -0.172868
vn 0.270073 0.197136 0.942443
v 0.075687 -0.245453 0.164804
vn -0.774720 0.050073 0.630318
v -0.230337 -0.802907 0.190656
vn 0.962110 0.260893 -0.079239
v 0.202660 -0.232759 0.014206
vn -0.978883 0.200068 0.041957
v -0.239625 -0.521879 0.013284
vn 0.310700 0.037649 -0.949762
v 0.097751 -0.793648 -0.286199
vn 0.826954 0.185390 0.530828
v 0.208620 -0.535765 0.146161
vn -0.809294 0.083005 0.581510
v -0.240804 -0.793369 0.175893
vn -0.339579 0.316254 -0.885816
v -0.081202 -0.512391 -0.230202
vn 0.340721 0.106855 0.934072
v 0.107088 -0.785960 0.282496
vn -0.244340 0.234271 -0.940965
v -0.057791 -0.552780 -0.250131
vn 0.179171 0.178122 0.967559
v 0.047067 -0.550416 0.258203
vn -0.233550 0.287738 -0.928796
v -0.056057 -0.531349 -0.244623
vn -0.665721 0.189006 0.721867
v -0.160218 -0.534985 0.195068
vn 0.633555 0.188738 0.750324
v 0.160492 -0.536529 0.201351
vn -0.836861 0.207745 0.506463
v -0.182711 -0.256196 0.089203
vn 0.930322 0.202100 0.306032
v 0.202805 -0.256035 0.060240
vn 0.366326 0.466650 -0.805011
v 0.100370 -0.174144 -0.089961
vn 0.991374 0.046138 -0.122672
v 0.303235 -0.812562 -0.037456
vn -0.963634 0.081939 0.254353
v -0.286806 -0.793297 0.078904
vn -0.937363 0.081106 0.338782
v -0.279379 -0.793533 0.102583
vn -0.908007 0.082416 0.410769
v -0.270409 -0.793471 0.124668
vn -0.872511 0.082811 0.481525
v -0.259749 -0.793415 0.145884
vn -0.832635 0.082870 0.547586
v -0.247513 -0.793398 0.166152
vn -0.785204 0.086692 0.613139
v -0.233644 -0.792984 0.185412
vn -0.737027 0.090935 0.669718
v -0.218690 -0.792163 0.203034
vn -0.682757 0.089981 0.725084
v -0.202180 -0.791797 0.219751
vn -0.557894 0.093488 0.824630
v -0.165001 -0.791115 0.249423
vn -0.488401 0.097124 0.867198
v -0.142827 -0.788589 0.262831
vn -0.432530 0.072633 0.898689
v -0.125318 -0.794248 0.272480
vn -0.241904 0.071388 0.967671
v -0.069147 -0.793565 0.292486
vn -0.207186 0.074359 0.975471
v -0.057597 -0.793459 0.295188
vn -0.125522 0.080944 0.988783
v -0.034147 -0.793236 0.299086
vn -0.041898 0.088000 0.995239
v -0.009905 -0.792073 0.301042
vn 0.030342 0.080437 0.996298
v 0.014010 -0.793945 0.301342
vn 0.110691 0.089524 0.989815
v 0.036307 -0.792542 0.299616
vn 0.185978 0.091478 0.978286
v 0.059959 -0.791739 0.295964
vn 0.265379 0.092909 0.959657
v 0.083524 -0.789961 0.290365
vn 0.323836 0.063276 0.943995
v 0.102440 -0.798001 0.285169
vn 0.406878 0.086469 0.909381
v 0.125853 -0.792493 0.275548
vn 0.477469 0.087808 0.874250
v 0.148310 -0.792473 0.264354
vn 0.544936 0.089812 0.833654
v 0.168455 -0.792092 0.252263
vn 0.599469 0.069303 0.797392
v 0.185015 -0.797181 0.241073
vn 0.670643 0.089734 0.736333
v 0.205629 -0.792093 0.223604
vn 0.769685 0.058635 0.635726
v 0.236060 -0.800169 0.192494
vn 0.794497 0.060115 0.604286
v 0.243788 -0.797906 0.182501
vn 0.818193 0.069932 0.570674
v 0.251578 -0.795048 0.171575
vn 0.864757 0.081345 0.495558
v 0.264742 -0.793233 0.150487
vn 0.901670 0.091051 0.422730
v 0.275972 -0.792335 0.128734
vn 0.928735 0.098658 0.357377
v 0.284119 -0.788995 0.108756
vn 0.951611 0.076177 0.297715
v 0.291628 -0.794474 0.088747
vn 0.973899 0.098016 0.204728
v 0.297608 -0.789787 0.064053
vn 0.987514 0.087518 0.130985
v 0.302322 -0.792459 0.037789
vn 0.916229 0.057009 -0.396578
v 0.280167 -0.787885 -0.119582
vn 0.881298 0.060518 -0.468669
v 0.269558 -0.786299 -0.141363
vn 0.841337 0.071488 -0.535762
v 0.257734 -0.784511 -0.161429
vn 0.796418 0.072140 -0.600429
v 0.244217 -0.784390 -0.180880
vn 0.746570 0.072260 -0.661371
v 0.229272 -0.784426 -0.199163
vn 0.637680 0.081006 -0.766031
v 0.196533 -0.783931 -0.230851
vn 0.574216 0.076343 -0.815137
v 0.177062 -0.783738 -0.245767
vn 0.507223 0.075281 -0.858521
v 0.156894 -0.783811 -0.258798
vn 0.437696 0.074119 -0.896063
v 0.135866 -0.783996 -0.270135
vn 0.365710 0.073559 -0.927818
v 0.114149 -0.784094 -0.279706
vn 0.291601 0.073585 -0.953705
v 0.091805 -0.784091 -0.287508
vn 0.215979 0.073885 -0.973598
v 0.068940 -0.784034 -0.293522
vn 0.138769 0.074107 -0.987548
v 0.045684 -0.783969 -0.297721
vn 0.060428 0.074098 -0.995418
v 0.022115 -0.783948 -0.300089
vn -0.016897 0.076441 -0.996931
v -0.001599 -0.783953 -0.300603
vn -0.094522 0.076766 -0.992559
v -0.025177 -0.783938 -0.299250
vn -0.172605 0.076061 -0.982050
v -0.048367 -0.783883 -0.296091
vn -0.248398 0.075577 -0.965705
v -0.071328 -0.783949 -0.291134
vn -0.323903 0.073467 -0.943234
v -0.094127 -0.784244 -0.284320
vn -0.400258 0.075221 -0.913310
v -0.116483 -0.784100 -0.275600
vn -0.473590 0.091109 -0.876020
v -0.138967 -0.780660 -0.264193
vn -0.531755 0.075760 -0.843503
v -0.157754 -0.783658 -0.253612
vn -0.599015 0.072715 -0.797429
v -0.177247 -0.784346 -0.240209
vn -0.660199 0.072339 -0.747599
v -0.195603 -0.784350 -0.225243
vn -0.716901 0.072541 -0.693391
v -0.212725 -0.784295 -0.208869
vn -0.769147 0.072740 -0.634919
v -0.228503 -0.784249 -0.191206
vn -0.816608 0.072777 -0.572586
v -0.242841 -0.784232 -0.172370
vn -0.859047 0.072802 -0.506693
v -0.255652 -0.784234 -0.152472
vn -0.896148 0.072721 -0.437756
v -0.266861 -0.784254 -0.131637
vn -0.927924 0.072906 -0.365571
v -0.276399 -0.784264 -0.109985
vn -0.953191 0.078242 -0.292069
v -0.284189 -0.783763 -0.087524
vn 0.980386 0.093269 -0.173621
v 0.297641 -0.778408 -0.060240
vn 0.937556 0.133030 -0.321391
v 0.286349 -0.767658 -0.098248
vn -0.992027 0.110871 0.059923
v -0.295629 -0.779872 0.015228
vn -0.605612 0.222848 0.763920
v -0.179247 -0.744021 0.229350
vn 0.973503 0.223037 -0.050456
v 0.294927 -0.739375 -0.027659
vn 0.596208 0.202293 -0.776926
v 0.183037 -0.741798 -0.233545
vn -0.971949 0.210813 0.104271
v -0.289472 -0.747751 0.023217
vn 0.084403 0.234401 0.968469
v 0.028214 -0.736724 0.290742
vn 0.146377 0.229438 0.962254
v 0.048638 -0.737662 0.288534
vn 0.217984 0.220089 0.950812
v 0.069301 -0.740891 0.285374
vn 0.366773 0.220328 0.903844
v 0.114993 -0.740747 0.270821
vn 0.556824 0.229087 0.798415
v 0.171558 -0.738474 0.239173
vn 0.620059 0.223261 0.752118
v 0.189126 -0.742614 0.227039
vn 0.677467 0.229564 0.698812
v 0.206700 -0.735833 0.209056
vn 0.733692 0.225042 0.641134
v 0.224204 -0.739820 0.192123
vn 0.780450 0.218045 0.585964
v 0.238239 -0.744545 0.176405
vn 0.863823 0.222914 0.451796
v 0.262090 -0.738838 0.136284
vn 0.895301 0.222824 0.385728
v 0.272320 -0.742381 0.116678
vn 0.975506 0.219558 0.013530
v 0.296105 -0.740867 0.003998
vn 0.963265 0.214184 -0.162003
v 0.291404 -0.737134 -0.057622
vn 0.602996 0.228999 -0.764170
v 0.184756 -0.730277 -0.228974
vn -0.968350 0.223825 0.110455
v -0.287255 -0.736956 0.021280
vn -0.576707 0.229639 0.784012
v -0.169327 -0.740114 0.235769
vn -0.455569 0.237556 0.857919
v -0.131796 -0.733201 0.257408
vn -0.367376 0.227315 0.901866
v -0.106248 -0.742958 0.271874
vn -0.237249 0.235294 0.942523
v -0.067890 -0.736536 0.282859
vn -0.161274 0.225013 0.960916
v -0.045093 -0.739543 0.288341
vn 0.960249 0.232394 0.154644
v 0.290846 -0.734151 0.046093
vn 0.969155 0.238890 -0.060583
v 0.291614 -0.726694 -0.032965
vn 0.933836 0.234780 -0.269868
v 0.283118 -0.725477 -0.081538
vn 0.902956 0.238492 -0.357481
v 0.274174 -0.724377 -0.106724
vn 0.865706 0.224442 -0.447414
v 0.264374 -0.733979 -0.133761
vn 0.790654 0.220452 -0.571197
v 0.241118 -0.733499 -0.171299
vn 0.747729 0.220273 -0.626403
v 0.228762 -0.736334 -0.188165
vn 0.697589 0.239137 -0.675414
v 0.212707 -0.724134 -0.201718
vn 0.576163 0.237570 -0.782047
v 0.175604 -0.722138 -0.233425
vn 0.437353 0.223307 -0.871124
v 0.135342 -0.733446 -0.261324
vn 0.244055 0.240087 -0.939572
v 0.076688 -0.720648 -0.279968
vn 0.142936 0.221703 -0.964581
v 0.047361 -0.732506 -0.288970
vn -0.225248 0.225788 -0.947778
v -0.064031 -0.728353 -0.283343
vn -0.299588 0.231856 -0.925467
v -0.085740 -0.725581 -0.276580
vn -0.365807 0.236589 -0.900117
v -0.105687 -0.725358 -0.269240
vn -0.432277 0.237811 -0.869817
v -0.125681 -0.724533 -0.260027
vn -0.498029 0.232545 -0.835398
v -0.145636 -0.726249 -0.249597
vn -0.561760 0.225595 -0.795948
v -0.163948 -0.728563 -0.238372
vn -0.669955 0.230301 -0.705777
v -0.197263 -0.726320 -0.210353
vn -0.723748 0.233603 -0.649322
v -0.213242 -0.725900 -0.193744
vn -0.773425 0.235500 -0.588518
v -0.228207 -0.725422 -0.175410
vn -0.817175 0.234342 -0.526601
v -0.241092 -0.725847 -0.157175
vn -0.856857 0.232742 -0.460029
v -0.252986 -0.726261 -0.137182
vn -0.940949 0.236726 -0.242027
v -0.278250 -0.725848 -0.072052
vn -0.965464 0.234316 0.113912
v -0.284598 -0.726383 0.022439
vn -0.962931 0.238797 0.125460
v -0.282216 -0.721891 0.032952
vn -0.962661 0.245499 0.114080
v -0.281554 -0.714103 0.022261
vn -0.961208 0.233482 0.146854
v -0.282507 -0.728516 0.042641
vn -0.943598 0.238185 0.229980
v -0.278466 -0.732701 0.068765
vn -0.902435 0.238942 0.358493
v -0.265602 -0.731148 0.107886
vn -0.832074 0.244124 0.498052
v -0.245200 -0.731789 0.149498
vn -0.798686 0.251980 0.546449
v -0.232670 -0.720891 0.163889
vn -0.626685 0.241239 0.740993
v -0.184153 -0.732593 0.221850
vn -0.092492 0.232667 0.968148
v -0.024156 -0.732603 0.289357
vn 0.068673 0.240461 0.968226
v 0.023189 -0.726525 0.288649
vn 0.222423 0.237282 0.945635
v 0.070056 -0.728279 0.282133
vn 0.295824 0.231807 0.926690
v 0.091355 -0.731062 0.276921
vn 0.363368 0.235493 0.901392
v 0.112913 -0.730443 0.269024
vn 0.558880 0.241584 0.793278
v 0.170878 -0.726594 0.236126
vn 0.625192 0.239817 0.742713
v 0.189221 -0.730091 0.222995
vn 0.681069 0.241867 0.691119
v 0.207120 -0.723394 0.204492
vn 0.735823 0.238749 0.633690
v 0.222895 -0.727386 0.189047
vn 0.785413 0.234268 0.572927
v 0.238471 -0.730940 0.170726
vn 0.825455 0.238881 0.511429
v 0.249525 -0.727295 0.152726
vn 0.862268 0.238478 0.446791
v 0.260002 -0.727157 0.134265
vn 0.966463 0.246064 0.073500
v 0.291778 -0.726096 0.021310
vn 0.969348 0.242808 -0.037533
v 0.290346 -0.719225 -0.020328
vn 0.908299 0.269449 -0.319984
v 0.273333 -0.703997 -0.093782
vn 0.867989 0.252417 -0.427646
v 0.260705 -0.708894 -0.127206
vn 0.828808 0.251052 -0.500051
v 0.249502 -0.709996 -0.148277
vn 0.785187 0.253459 -0.565012
v 0.236839 -0.709514 -0.167212
vn 0.736145 0.249806 -0.629037
v 0.222430 -0.709026 -0.185378
vn 0.677492 0.244867 -0.693574
v 0.204987 -0.713897 -0.205794
vn 0.628895 0.248384 -0.736748
v 0.189712 -0.708073 -0.217762
vn 0.085329 0.235180 -0.968199
v 0.030296 -0.718429 -0.287697
vn 0.015546 0.232330 -0.972513
v 0.008162 -0.721057 -0.289310
vn -0.953005 0.251455 -0.168975
v -0.280547 -0.716765 -0.050663
vn -0.959281 0.257753 0.115517
v -0.278505 -0.702231 0.022025
vn -0.952392 0.260755 0.157974
v -0.276171 -0.705093 0.043988
vn -0.918931 0.257714 0.298580
v -0.266757 -0.708914 0.087978
vn -0.578668 0.245034 0.777883
v -0.167076 -0.719085 0.230874
vn -0.511306 0.247544 0.822975
v -0.147733 -0.719320 0.244281
vn -0.234941 0.244643 0.940719
v -0.066008 -0.713821 0.277442
vn -0.158867 0.241072 0.957416
v -0.042333 -0.716670 0.283099
vn 0.120374 0.246417 0.961659
v 0.038869 -0.709202 0.282710
vn 0.265249 0.247246 0.931940
v 0.081503 -0.708683 0.274003
vn 0.325219 0.248737 0.912339
v 0.098412 -0.710693 0.269138
vn 0.497477 0.240589 0.833447
v 0.151310 -0.723083 0.247698
vn 0.594174 0.248725 0.764914
v 0.178303 -0.710256 0.225393
vn 0.938595 0.260343 -0.226409
v 0.281241 -0.707486 -0.070860
vn 0.577330 0.246191 -0.778512
v 0.174129 -0.709273 -0.230567
vn 0.514968 0.249422 -0.820120
v 0.155971 -0.707952 -0.242560
vn 0.450310 0.248818 -0.857502
v 0.137123 -0.707833 -0.253357
vn 0.384037 0.248654 -0.889206
v 0.117642 -0.707350 -0.262527
vn 0.316921 0.248206 -0.915399
v 0.098553 -0.708126 -0.270160
vn 0.155745 0.244292 -0.957113
v 0.049050 -0.706477 -0.282292
vn -0.021715 0.242162 -0.969993
v -0.003709 -0.713215 -0.287492
vn -0.078571 0.244699 -0.966410
v -0.019774 -0.705176 -0.284568
vn -0.954726 0.262834 -0.139342
v -0.279680 -0.707433 -0.040784
vn -0.954621 0.264823 0.136266
v -0.275844 -0.697759 0.033046
vn -0.949580 0.269522 0.160172
v -0.272877 -0.693447 0.044369
vn -0.782054 0.254146 0.569035
v -0.226050 -0.711298 0.168816
vn -0.739461 0.255099 0.622995
v -0.213384 -0.708597 0.183889
vn -0.080051 0.242925 0.966736
v -0.020771 -0.707530 0.283475
vn -0.040598 0.239274 0.970103
v -0.008785 -0.702931 0.283056
vn -0.002006 0.237323 0.971429
v 0.002741 -0.697438 0.281993
vn 0.363745 0.247017 0.898149
v 0.110770 -0.706992 0.263496
vn 0.436609 0.248430 0.864671
v 0.130926 -0.708226 0.254687
vn 0.469129 0.246237 0.848107
v 0.141084 -0.715316 0.251359
vn 0.756880 0.254806 0.601837
v 0.226403 -0.708762 0.177253
vn 0.778327 0.256738 0.572968
v 0.232059 -0.703853 0.167806
vn 0.820807 0.258552 0.509339
v 0.244192 -0.704161 0.149987
vn 0.953499 0.266217 0.141311
v 0.282947 -0.701659 0.042472
vn 0.964740 0.256484 -0.059101
v 0.284795 -0.699572 -0.032317
vn 0.914086 0.279874 -0.293458
v 0.272997 -0.693937 -0.085614
vn 0.860980 0.269791 -0.431191
v 0.256897 -0.697179 -0.127735
vn 0.823093 0.269010 -0.500152
v 0.246409 -0.697654 -0.146946
vn 0.782599 0.267058 -0.562333
v 0.234157 -0.697577 -0.165423
vn 0.737208 0.264150 -0.621891
v 0.220584 -0.697557 -0.182835
vn 0.686932 0.256338 -0.680011
v 0.206069 -0.700554 -0.199885
vn 0.629913 0.258503 -0.732383
v 0.188440 -0.697804 -0.215275
vn 0.080374 0.243778 -0.966495
v 0.027367 -0.695270 -0.282112
vn 0.006465 0.241856 -0.970291
v 0.006259 -0.695921 -0.283231
vn -0.067484 0.243774 -0.967481
v -0.015226 -0.696628 -0.282774
vn -0.108505 0.243708 -0.963760
v -0.027950 -0.694461 -0.281040
vn -0.153034 0.246559 -0.956969
v -0.041539 -0.700480 -0.280766
vn -0.374638 0.246086 -0.893917
v -0.106433 -0.696876 -0.261116
vn -0.622897 0.256388 -0.739097
v -0.178303 -0.695627 -0.216735
vn -0.673734 0.257664 -0.692598
v -0.193522 -0.696181 -0.203189
vn -0.700017 0.261097 -0.664684
v -0.199824 -0.690751 -0.194677
vn -0.744422 0.266881 -0.612055
v -0.214031 -0.691457 -0.178947
vn -0.789221 0.268721 -0.552195
v -0.227477 -0.693622 -0.162226
vn -0.825684 0.275074 -0.492524
v -0.237082 -0.687553 -0.144266
vn -0.870207 0.279843 -0.405497
v -0.249140 -0.684736 -0.119762
vn -0.901538 0.280324 -0.329618
v -0.261882 -0.694833 -0.096819
vn -0.925500 0.282623 -0.252140
v -0.267599 -0.689831 -0.074086
vn -0.942075 0.280511 -0.183868
v -0.272394 -0.689971 -0.053869
vn -0.933884 0.273608 0.230215
v -0.265559 -0.683799 0.066539
vn -0.914717 0.271149 0.299619
v -0.263271 -0.697055 0.088154
vn -0.912473 0.270266 0.307164
v -0.259154 -0.684839 0.089562
vn -0.715407 0.257063 0.649701
v -0.202160 -0.690662 0.189359
vn -0.689934 0.256753 0.676807
v -0.196242 -0.696463 0.197916
vn -0.634217 0.252042 0.730919
v -0.180404 -0.697339 0.213137
vn -0.501217 0.246739 0.829398
v -0.142552 -0.695845 0.240337
vn -0.147285 0.239196 0.959736
v -0.038807 -0.692642 0.277651
vn 0.151738 0.242742 0.958150
v 0.048331 -0.702038 0.279536
vn 0.570811 0.247042 0.783036
v 0.168459 -0.691533 0.226786
vn 0.625841 0.249092 0.739106
v 0.184519 -0.694637 0.215203
vn 0.887394 0.265867 0.376626
v 0.261475 -0.693649 0.110437
vn 0.916015 0.259364 0.306017
v 0.269192 -0.694320 0.090528
vn 0.922037 0.271403 0.276021
v 0.270520 -0.688754 0.081195
vn 0.949334 0.270107 0.160644
v 0.279067 -0.690761 0.047438
vn 0.930151 0.273848 0.244595
v 0.273556 -0.689238 0.070981
vn 0.955602 0.270166 0.117626
v 0.281159 -0.691884 0.035277
vn 0.965107 0.261603 -0.011479
v 0.285520 -0.699603 -0.010205
vn 0.967143 0.251935 -0.034095
v 0.287048 -0.706298 -0.021114
vn 0.963579 0.267260 -0.009321
v 0.282123 -0.687258 -0.010313
vn 0.886794 0.276240 -0.370525
v 0.263034 -0.689562 -0.109072
vn 0.573767 0.257748 -0.777404
v 0.169761 -0.685222 -0.225924
vn 0.514401 0.253521 -0.819218
v 0.152013 -0.684489 -0.237750
vn 0.451249 0.246837 -0.857581
v 0.133439 -0.683855 -0.248233
vn 0.222272 0.239451 -0.945124
v 0.065910 -0.682165 -0.272789
vn 0.151800 0.232414 -0.960698
v 0.047029 -0.681992 -0.276462
vn -0.440345 0.246167 -0.863423
v -0.122803 -0.684022 -0.249918
vn -0.503535 0.249112 -0.827282
v -0.141127 -0.683419 -0.239522
vn -0.564960 0.252824 -0.785430
v -0.158837 -0.682942 -0.227632
vn -0.812919 0.275970 -0.512838
v -0.230972 -0.678136 -0.149057
vn -0.857272 0.276836 -0.434105
v -0.243187 -0.676114 -0.126276
vn -0.838434 0.273623 -0.471337
v -0.236996 -0.673980 -0.136559
vn -0.886588 0.283072 -0.365830
v -0.255902 -0.688926 -0.107378
vn -0.914011 0.282290 -0.291368
v -0.264294 -0.689350 -0.084856
vn -0.900361 0.280968 -0.332275
v -0.258053 -0.681927 -0.096209
vn -0.923640 0.282897 -0.258570
v -0.264149 -0.679496 -0.075080
vn -0.947712 0.285367 -0.142859
v -0.268759 -0.671787 -0.042029
vn -0.955937 0.269662 0.116046
v -0.275308 -0.690530 0.021723
vn -0.942958 0.269823 0.195003
v -0.265940 -0.676810 0.055661
vn -0.866670 0.263448 0.423648
v -0.246729 -0.688715 0.122783
vn -0.843791 0.253181 0.473197
v -0.235846 -0.677451 0.136859
vn -0.782413 0.256033 0.567694
v -0.221083 -0.685956 0.164344
vn 0.066517 0.228398 0.971293
v 0.023318 -0.690870 0.279729
vn 0.150565 0.224632 0.962741
v 0.046666 -0.689042 0.276635
vn 0.224388 0.227533 0.947565
v 0.068530 -0.687784 0.272050
vn 0.300110 0.226857 0.926537
v 0.088778 -0.685879 0.265944
vn 0.372120 0.228009 0.899744
v 0.109454 -0.684075 0.257902
vn 0.446454 0.234065 0.863651
v 0.130618 -0.685416 0.248419
vn 0.771020 0.256770 0.582750
v 0.224874 -0.684409 0.168598
vn 0.821201 0.258474 0.508744
v 0.238861 -0.681910 0.147127
vn 0.857861 0.262664 0.441680
v 0.249579 -0.681885 0.128156
vn 0.962969 0.269065 0.017154
v 0.280304 -0.680869 0.000717
vn 0.962465 0.269385 -0.033054
v 0.280167 -0.681088 -0.021171
vn 0.858280 0.275319 -0.433075
v 0.250576 -0.674667 -0.125800
vn 0.823487 0.271157 -0.498341
v 0.240337 -0.674592 -0.144235
vn 0.739081 0.262255 -0.620469
v 0.215278 -0.674221 -0.179142
vn 0.689116 0.256608 -0.677696
v 0.200412 -0.674081 -0.195434
vn 0.079050 0.218317 -0.972671
v 0.025723 -0.673229 -0.276892
vn 0.003910 0.216022 -0.976381
v 0.005038 -0.673434 -0.277845
vn -0.072201 0.218520 -0.973158
v -0.016254 -0.674020 -0.277214
vn -0.147392 0.222837 -0.963649
v -0.038328 -0.674852 -0.274902
vn -0.301929 0.224602 -0.926495
v -0.081485 -0.674612 -0.264568
vn -0.372894 0.229632 -0.899010
v -0.101957 -0.673365 -0.256678
vn -0.626726 0.248001 -0.738722
v -0.174149 -0.672432 -0.212224
vn -0.680446 0.253975 -0.687379
v -0.190004 -0.672896 -0.197860
vn -0.731268 0.260577 -0.630354
v -0.204647 -0.673502 -0.182434
vn -0.774735 0.269316 -0.572061
v -0.218306 -0.675097 -0.165939
vn -0.961556 0.274550 0.005767
v -0.270042 -0.665909 -0.005070
vn -0.925352 0.267070 0.269069
v -0.261041 -0.678647 0.077647
vn -0.936708 0.263170 0.230912
v -0.262098 -0.671953 0.066584
vn -0.898054 0.265633 0.350625
v -0.253531 -0.681613 0.102318
vn -0.519843 0.219069 0.825695
v -0.142065 -0.674647 0.234626
vn -0.248040 0.209173 0.945898
v -0.065438 -0.676218 0.268223
vn -0.152427 0.199167 0.968039
v -0.038699 -0.674776 0.273474
vn 0.029034 0.193060 0.980757
v 0.012027 -0.669059 0.275552
vn 0.694162 0.236459 0.679873
v 0.198473 -0.672746 0.194768
vn 0.891444 0.257754 0.372681
v 0.256115 -0.671051 0.107206
vn 0.918632 0.259052 0.298341
v 0.263437 -0.671052 0.087487
vn 0.960848 0.267849 0.070909
v 0.277217 -0.672845 0.020226
vn 0.963383 0.268007 -0.008122
v 0.278769 -0.675190 -0.010164
vn 0.953372 0.276065 -0.121947
v 0.274583 -0.667164 -0.042511
vn 0.964610 0.260264 -0.042303
v 0.273305 -0.656162 -0.020663
vn 0.889976 0.273382 -0.364973
v 0.256396 -0.663655 -0.105410
vn 0.578286 0.226538 -0.783752
v 0.165103 -0.662171 -0.222109
vn 0.450783 0.215219 -0.866300
v 0.129352 -0.662240 -0.244567
vn 0.520186 0.218054 -0.825748
v 0.147602 -0.661567 -0.233923
vn 0.418270 0.203707 -0.885186
v 0.118665 -0.658856 -0.248938
vn 0.150324 0.209258 -0.966237
v 0.045110 -0.667094 -0.273278
vn -0.076559 0.193921 -0.978025
v -0.016509 -0.661852 -0.274592
vn -0.303723 0.206095 -0.930203
v -0.080337 -0.662566 -0.262093
vn -0.376754 0.210554 -0.902066
v -0.100417 -0.661861 -0.254470
vn -0.571949 0.226782 -0.788317
v -0.155440 -0.661047 -0.223334
vn -0.781983 0.252907 -0.569685
v -0.216522 -0.663879 -0.163229
vn -0.888943 0.269300 -0.370483
v -0.248331 -0.663774 -0.106773
vn -0.874089 0.273029 -0.401777
v -0.246095 -0.670882 -0.116755
vn -0.913757 0.274032 -0.299926
v -0.255650 -0.662418 -0.086019
vn -0.934052 0.277809 -0.224432
v -0.261362 -0.661253 -0.064714
vn -0.956247 0.259157 0.135757
v -0.265799 -0.661848 0.032405
vn -0.862670 0.253328 0.437751
v -0.240886 -0.674413 0.125784
vn -0.745739 0.229722 0.625381
v -0.205202 -0.669552 0.177816
vn -0.667535 0.216132 0.712519
v -0.181254 -0.665678 0.201763
vn -0.608387 0.189541 0.770675
v -0.161988 -0.656855 0.215924
vn -0.279975 0.188338 0.941351
v -0.073190 -0.666592 0.264025
vn -0.236324 0.176875 0.955440
v -0.060773 -0.662845 0.266692
vn -0.202337 0.199630 0.958753
v -0.053406 -0.673093 0.270441
vn -0.142917 0.164275 0.976007
v -0.035551 -0.660178 0.271213
vn 0.230777 0.174607 0.957212
v 0.066573 -0.662832 0.267122
vn 0.418915 0.162923 0.893290
v 0.116585 -0.653873 0.247967
vn 0.525796 0.137809 0.839373
v 0.142993 -0.641798 0.231590
vn 0.865954 0.240166 0.438684
v 0.244411 -0.659332 0.125152
vn 0.964048 0.261848 0.045248
v 0.275415 -0.664600 0.012003
vn 0.917870 0.265626 -0.294886
v 0.260537 -0.651556 -0.084126
vn 0.829698 0.251471 -0.498360
v 0.234778 -0.652482 -0.141818
vn 0.643603 0.209824 -0.736036
v 0.179558 -0.650351 -0.207141
vn 0.582232 0.202643 -0.787364
v 0.162819 -0.650580 -0.220549
vn 0.452761 0.188476 -0.871484
v 0.127126 -0.650653 -0.242985
vn 0.157868 0.172235 -0.972323
v 0.045885 -0.651705 -0.270074
vn -0.156038 0.166161 -0.973675
v -0.038067 -0.650589 -0.269933
vn -0.307488 0.177214 -0.934905
v -0.079443 -0.650903 -0.259995
vn -0.636768 0.209289 -0.742108
v -0.170554 -0.650148 -0.208347
vn -0.692529 0.218580 -0.687478
v -0.186348 -0.650340 -0.193703
vn -0.787325 0.236395 -0.569419
v -0.214450 -0.652418 -0.161184
vn -0.829338 0.246515 -0.501426
v -0.226908 -0.653393 -0.142881
vn -0.961911 0.267356 0.056992
v -0.268090 -0.660517 0.007230
vn -0.944406 0.229647 0.235287
v -0.255650 -0.648711 0.067587
vn -0.907395 0.237153 0.346978
v -0.248508 -0.659693 0.099310
vn -0.924936 0.224653 0.306633
v -0.250184 -0.649953 0.087630
vn -0.408952 0.144520 0.901040
v -0.105381 -0.648650 0.248764
vn 0.080422 0.101534 0.991576
v 0.024683 -0.640686 0.270713
vn 0.307834 0.144669 0.940377
v 0.086253 -0.650314 0.259451
vn 0.645568 0.180130 0.742156
v 0.178690 -0.651600 0.207010
vn 0.764795 0.188723 0.616013
v 0.209955 -0.645171 0.172802
vn 0.842091 0.173365 0.510713
v 0.229099 -0.636040 0.142738
vn 0.942971 0.224328 0.245933
v 0.261971 -0.646927 0.070417
vn 0.956176 0.242199 0.164520
v 0.268542 -0.652234 0.046467
vn 0.966693 0.238880 0.091871
v 0.270581 -0.649969 0.026519
vn 0.944519 0.250000 -0.213035
v 0.264172 -0.641935 -0.061111
vn 0.910574 0.250951 -0.328448
v 0.255235 -0.645232 -0.094264
vn 0.586913 0.174780 -0.790560
v 0.160881 -0.638876 -0.219253
vn 0.557992 0.159098 -0.814452
v 0.151502 -0.632777 -0.224642
vn 0.385508 0.160370 -0.908661
v 0.106652 -0.640854 -0.250794
vn 0.155531 0.141447 -0.977652
v 0.045028 -0.639929 -0.268400
vn -0.158768 0.136477 -0.977838
v -0.038565 -0.636705 -0.267773
vn -0.236008 0.143500 -0.961097
v -0.058583 -0.639679 -0.264094
vn -0.383875 0.153568 -0.910525
v -0.098155 -0.639090 -0.250880
vn -0.700681 0.193859 -0.686633
v -0.184709 -0.638763 -0.191833
vn -0.777418 0.197747 -0.597091
v -0.204884 -0.634714 -0.167328
vn -0.941703 0.244826 -0.230772
v -0.254633 -0.637919 -0.065217
vn -0.873321 0.212143 0.438528
v -0.234350 -0.647078 0.123915
vn -0.697012 0.172335 0.696042
v -0.183908 -0.645406 0.193459
vn -0.439446 0.118651 0.890399
v -0.112168 -0.638348 0.244085
vn -0.388014 0.106497 0.915480
v -0.097837 -0.635375 0.250254
vn -0.169942 0.126080 0.977355
v -0.040768 -0.646744 0.268396
vn 0.159346 0.101370 0.982005
v 0.045498 -0.639915 0.268149
vn 0.238478 0.106373 0.965305
v 0.066069 -0.639021 0.263831
vn 0.390874 0.130946 0.911082
v 0.106931 -0.644192 0.250724
vn 0.650145 0.149928 0.744871
v 0.176802 -0.640317 0.206154
vn 0.705519 0.182162 0.684880
v 0.194744 -0.648657 0.191104
vn 0.972467 0.231569 0.026151
v 0.270702 -0.645338 0.005697
vn 0.969739 0.243927 -0.010311
v 0.271688 -0.648817 -0.008863
vn 0.977055 0.202503 -0.066001
v 0.266032 -0.626404 -0.021922
vn 0.937089 0.218547 -0.272214
v 0.257106 -0.629164 -0.075957
vn 0.814611 0.181211 -0.550973
v 0.219787 -0.625529 -0.154115
vn 0.762923 0.188976 -0.618254
v 0.207772 -0.632756 -0.172661
vn 0.707418 0.162801 -0.687790
v 0.190065 -0.623525 -0.190182
vn 0.527757 0.146762 -0.836621
v 0.141911 -0.626342 -0.229798
vn 0.459474 0.143287 -0.876557
v 0.123816 -0.627175 -0.240385
vn 0.028614 0.112328 -0.993259
v 0.011184 -0.623394 -0.269460
vn -0.032560 0.122696 -0.991910
v -0.006091 -0.630343 -0.270019
vn -0.313693 0.129917 -0.940594
v -0.077960 -0.627888 -0.256813
vn -0.456892 0.142671 -0.878006
v -0.115785 -0.627563 -0.240703
vn -0.524489 0.145111 -0.838960
v -0.133552 -0.627278 -0.230551
vn -0.649155 0.161814 -0.743246
v -0.167201 -0.627061 -0.205496
vn -0.753961 0.191285 -0.628453
v -0.197704 -0.632772 -0.175696
vn -0.708977 0.172719 -0.683755
v -0.183477 -0.626665 -0.189954
vn -0.800472 0.186365 -0.569660
v -0.209570 -0.628415 -0.158908
vn -0.900722 0.199196 -0.386031
v -0.236860 -0.624487 -0.108567
vn -0.880664 0.208343 -0.425470
v -0.232867 -0.629867 -0.120114
vn -0.969806 0.193291 0.148714
v -0.256732 -0.628788 0.040429
vn -0.932225 0.198713 0.302440
v -0.247578 -0.635930 0.085767
vn -0.694766 0.138103 0.705852
v -0.179686 -0.632515 0.194938
vn -0.122902 0.069460 0.989985
v -0.026944 -0.625584 0.268426
vn 0.897382 0.170177 0.407119
v 0.243256 -0.630271 0.113505
vn 0.926780 0.177795 0.330858
v 0.251181 -0.629841 0.093671
vn 0.956697 0.207508 -0.204137
v 0.260147 -0.622482 -0.058065
vn 0.599010 0.143789 -0.787726
v 0.158684 -0.615200 -0.216246
vn 0.494108 0.140178 -0.858026
v 0.132169 -0.620689 -0.234713
vn 0.386385 0.129055 -0.913264
v 0.103453 -0.616570 -0.248447
vn 0.351906 0.129054 -0.927096
v 0.094237 -0.612741 -0.251590
vn 0.238052 0.118547 -0.963991
v 0.064142 -0.616983 -0.261577
vn 0.152727 0.114146 -0.981654
v 0.043519 -0.617061 -0.265746
vn 0.009462 0.117618 -0.993014
v 0.005720 -0.611374 -0.268174
vn -0.235691 0.118538 -0.964572
v -0.056983 -0.617227 -0.261492
vn -0.389311 0.126104 -0.912433
v -0.096417 -0.616219 -0.248238
vn -0.490094 0.139448 -0.860443
v -0.124406 -0.621534 -0.235024
vn -0.590937 0.138446 -0.794749
v -0.149231 -0.615241 -0.217764
vn -0.934620 0.181871 -0.305628
v -0.243833 -0.615040 -0.084931
vn -0.980113 0.198305 -0.007380
v -0.258100 -0.619336 -0.003539
vn -0.852403 0.135252 0.505089
v -0.218687 -0.614361 0.141130
vn -0.806862 0.126417 0.577055
v -0.206697 -0.615656 0.159692
vn -0.751480 0.119679 0.648810
v -0.191598 -0.617251 0.179273
vn -0.658731 0.096754 0.746131
v -0.165633 -0.615064 0.205289
vn -0.594225 0.091206 0.799111
v -0.148963 -0.615146 0.218889
vn -0.350556 0.071825 0.933783
v -0.085689 -0.613979 0.253131
vn -0.165294 0.065526 0.984065
v -0.037430 -0.618636 0.266495
vn 0.415559 0.081542 0.905904
v 0.110315 -0.614119 0.246013
vn 0.654475 0.101145 0.749288
v 0.173504 -0.615650 0.205035
vn 0.812039 0.123124 0.570468
v 0.214099 -0.607946 0.158224
vn 0.981975 0.181416 -0.053043
v 0.264685 -0.617716 -0.016491
vn 0.973372 0.172541 -0.150920
v 0.258806 -0.600085 -0.042402
vn 0.932162 0.187542 -0.309682
v 0.249860 -0.608881 -0.085823
vn 0.809122 0.160199 -0.565384
v 0.215005 -0.611941 -0.157062
vn 0.703124 0.148315 -0.695427
v 0.187105 -0.609005 -0.189882
vn 0.642957 0.147748 -0.751516
v 0.168935 -0.599716 -0.205120
vn 0.566810 0.139607 -0.811933
v 0.149551 -0.606447 -0.221354
vn 0.462835 0.133300 -0.876365
v 0.121787 -0.603482 -0.237859
vn 0.287327 0.132677 -0.948599
v 0.074354 -0.597790 -0.256381
vn 0.096901 0.126969 -0.987162
v 0.028848 -0.601389 -0.265660
vn -0.195051 0.117151 -0.973772
v -0.046184 -0.612512 -0.263330
vn -0.350945 0.138568 -0.926087
v -0.085388 -0.597988 -0.250182
vn -0.464289 0.127958 -0.876392
v -0.114122 -0.604661 -0.238167
vn -0.649427 0.141486 -0.747146
v -0.163455 -0.602880 -0.204090
vn -0.743797 0.143038 -0.652922
v -0.188466 -0.606538 -0.179844
vn -0.908639 0.173593 -0.379791
v -0.235626 -0.612371 -0.105774
vn -0.984683 0.174343 -0.002100
v -0.255833 -0.607326 -0.001728
vn -0.974011 0.164912 0.155265
v -0.253671 -0.614791 0.043687
vn -0.966841 0.170220 0.190380
v -0.252809 -0.620325 0.053756
vn -0.961195 0.157951 0.226176
v -0.249356 -0.613073 0.064210
vn -0.951154 0.162455 0.262515
v -0.247576 -0.618267 0.074552
vn -0.942006 0.154423 0.297956
v -0.243749 -0.612254 0.084197
vn -0.929110 0.157080 0.334785
v -0.241253 -0.617799 0.094230
vn -0.917860 0.147550 0.368458
v -0.236792 -0.612383 0.103639
vn -0.902074 0.149814 0.404745
v -0.233573 -0.618271 0.113398
vn -0.889164 0.139004 0.435965
v -0.228437 -0.613200 0.122625
vn -0.782717 0.117587 0.611169
v -0.198744 -0.610396 0.169374
vn -0.564951 0.106789 0.818185
v -0.139438 -0.596402 0.223487
vn -0.363120 0.082911 0.928046
v -0.087359 -0.600455 0.251516
vn -0.119574 0.091367 0.988612
v -0.026649 -0.596708 0.266361
vn -0.031674 0.080772 0.996229
v -0.005173 -0.602746 0.268555
vn 0.150570 0.085091 0.984931
v 0.041403 -0.599054 0.265597
vn 0.459332 0.085557 0.884135
v 0.122672 -0.616881 0.240252
vn 0.533271 0.090840 0.841053
v 0.139709 -0.616995 0.230432
vn 0.717343 0.107425 0.688389
v 0.188457 -0.613157 0.190387
vn 0.766380 0.123638 0.630377
v 0.200264 -0.598770 0.174647
vn 0.852304 0.130887 0.506406
v 0.225041 -0.605489 0.140918
vn 0.888650 0.134410 0.438447
v 0.236168 -0.613936 0.122695
vn 0.930951 0.150998 0.332460
v 0.249160 -0.618105 0.093654
vn 0.918478 0.143136 0.368659
v 0.244515 -0.612542 0.103602
vn 0.943249 0.149282 0.296640
v 0.251659 -0.612650 0.083641
vn 0.962198 0.153689 0.224843
v 0.257183 -0.613176 0.063725
vn 0.978319 0.170155 0.118065
v 0.263639 -0.620219 0.033687
vn 0.975070 0.159240 0.154535
v 0.261060 -0.613183 0.043794
vn 0.983295 0.165722 0.075286
v 0.263857 -0.615120 0.022677
vn 0.963737 0.170307 -0.205444
v 0.256269 -0.600232 -0.056306
vn 0.952120 0.169851 -0.254202
v 0.252695 -0.597216 -0.068915
vn 0.871573 0.164057 -0.462002
v 0.229305 -0.596024 -0.128496
vn 0.729925 0.170289 -0.661976
v 0.190312 -0.584485 -0.180999
vn 0.240056 0.122455 -0.963005
v 0.063816 -0.604660 -0.260171
vn -0.191041 0.127534 -0.973262
v -0.045270 -0.600022 -0.261980
vn -0.424819 0.132942 -0.895464
v -0.104287 -0.598949 -0.242249
vn -0.738434 0.150407 -0.657338
v -0.185327 -0.593811 -0.180644
vn -0.803654 0.153850 -0.574866
v -0.203961 -0.600947 -0.158864
vn -0.982600 0.167124 -0.081038
v -0.252885 -0.594948 -0.021893
vn -0.959737 0.170426 0.223292
v -0.245549 -0.589210 0.063358
vn -0.889528 0.154631 0.429917
v -0.225198 -0.589988 0.121592
vn -0.874052 0.155313 0.460338
v -0.219724 -0.584556 0.130589
vn -0.628327 0.093553 0.772304
v -0.156858 -0.608839 0.211982
vn -0.240042 0.071507 0.968125
v -0.056809 -0.605163 0.261601
vn 0.208466 0.077207 0.974978
v 0.055450 -0.604724 0.263467
vn 0.424078 0.086794 0.901457
v 0.111445 -0.599790 0.244234
vn 0.503363 0.097217 0.858589
v 0.130529 -0.598338 0.234065
vn 0.742439 0.124856 0.658176
v 0.192933 -0.594184 0.182401
vn 0.887803 0.150188 0.435029
v 0.232737 -0.591081 0.122327
vn 0.918533 0.158947 0.361986
v 0.241070 -0.589618 0.102935
vn 0.961007 0.169876 0.218191
v 0.253425 -0.589078 0.062688
vn 0.985222 0.171246 0.003425
v 0.260945 -0.592689 0.001772
vn 0.960228 0.171073 -0.220673
v 0.253195 -0.587929 -0.060432
vn 0.763357 0.175853 -0.621580
v 0.198435 -0.580160 -0.170308
vn 0.419658 0.140804 -0.896695
v 0.110885 -0.595733 -0.242126
vn -0.132453 0.165757 -0.977231
v -0.031848 -0.581715 -0.261524
vn -0.462278 0.141607 -0.875355
v -0.113000 -0.593376 -0.237047
vn -0.379628 0.174938 -0.908449
v -0.093611 -0.581496 -0.244136
vn -0.638914 0.155001 -0.753501
v -0.160871 -0.590711 -0.203938
vn -0.951773 0.173806 -0.252825
v -0.243420 -0.588509 -0.070579
vn -0.958645 0.175653 -0.223932
v -0.244488 -0.582673 -0.061972
vn -0.984679 0.174370 -0.001515
v -0.251747 -0.583376 -0.000229
vn -0.982740 0.181714 0.034661
v -0.250661 -0.578266 0.009259
vn -0.981004 0.181122 0.069477
v -0.250299 -0.579345 0.019919
vn -0.854919 0.159502 0.493632
v -0.214011 -0.579283 0.139206
vn -0.780622 0.147329 0.607391
v -0.193116 -0.573290 0.168603
vn -0.723328 0.125173 0.679065
v -0.179102 -0.589541 0.188388
vn -0.531518 0.112374 0.839560
v -0.130200 -0.590681 0.228841
vn -0.460113 0.094755 0.882790
v -0.113145 -0.594806 0.239166
vn 0.464449 0.101345 0.879782
v 0.120938 -0.592861 0.238756
vn 0.537643 0.106505 0.836419
v 0.138731 -0.592280 0.228253
vn 0.714053 0.129096 0.688086
v 0.185183 -0.589275 0.189821
vn 0.766064 0.148686 0.625331
v 0.196648 -0.575220 0.173924
vn 0.830146 0.147162 0.537775
v 0.216914 -0.588060 0.149467
vn 0.849334 0.156002 0.504276
v 0.221207 -0.580746 0.140407
vn 0.870303 0.151285 0.468706
v 0.227176 -0.585967 0.131486
vn 0.904030 0.157728 0.397305
v 0.236172 -0.584410 0.112539
vn 0.971804 0.182458 0.149355
v 0.254672 -0.576079 0.043290
vn 0.983283 0.177293 0.041483
v 0.259026 -0.583366 0.012857
vn 0.984078 0.177726 0.001802
v 0.258733 -0.580136 0.001230
vn 0.970991 0.184487 -0.152119
v 0.254133 -0.572653 -0.040632
vn 0.979803 0.185323 -0.075110
v 0.256091 -0.570324 -0.019888
vn 0.966527 0.179881 -0.182944
v 0.253790 -0.580126 -0.050707
vn 0.920683 0.175678 -0.348540
v 0.240556 -0.578138 -0.096284
vn 0.852488 0.190783 -0.486689
v 0.221854 -0.571890 -0.133361
vn 0.813641 0.181349 -0.552360
v 0.211296 -0.578021 -0.152490
vn 0.520055 0.187523 -0.833293
v 0.135084 -0.574551 -0.224915
vn 0.478208 0.180861 -0.859422
v 0.124008 -0.578941 -0.232408
vn 0.139747 0.200528 -0.969670
v 0.039554 -0.569402 -0.259137
vn -0.316439 0.188834 -0.929628
v -0.075021 -0.574332 -0.249669
vn -0.362649 0.196748 -0.910921
v -0.089465 -0.570541 -0.243552
vn -0.663207 0.187047 -0.724686
v -0.164875 -0.571923 -0.196144
vn -0.869315 0.170611 -0.463878
v -0.219471 -0.579411 -0.127324
vn -0.903439 0.167449 -0.394663
v -0.228817 -0.581031 -0.108545
vn -0.966912 0.175910 -0.184764
v -0.245759 -0.577070 -0.051210
vn -0.980836 0.181014 -0.072074
v -0.248921 -0.571901 -0.020136
vn -0.965640 0.179492 0.187942
v -0.241748 -0.557412 0.053640
vn -0.919384 0.174900 0.352339
v -0.229348 -0.565645 0.101810
vn -0.879815 0.173966 0.442337
v -0.218747 -0.563679 0.124574
vn -0.745977 0.146671 0.649619
v -0.182792 -0.568537 0.180027
vn -0.234625 0.125249 0.963983
v -0.054881 -0.579126 0.259378
vn -0.107545 0.153659 0.982254
v -0.023695 -0.561044 0.262438
vn -0.027967 0.138812 0.989924
v -0.004995 -0.569060 0.264896
vn 0.108113 0.145933 0.983369
v 0.031942 -0.565703 0.263072
vn 0.571427 0.144584 0.807816
v 0.145329 -0.573624 0.221011
vn 0.537258 0.150497 0.829882
v 0.136471 -0.568103 0.226003
vn 0.735430 0.153514 0.659982
v 0.189026 -0.570409 0.181730
vn 0.886209 0.172436 0.429999
v 0.228989 -0.566592 0.121026
vn 0.982559 0.181906 -0.038571
v 0.257626 -0.575311 -0.009474
vn 0.967131 0.197758 -0.159839
v 0.251334 -0.559242 -0.041677
vn 0.903315 0.199395 -0.379820
v 0.234406 -0.560868 -0.102678
vn 0.868037 0.201218 -0.453897
v 0.224909 -0.563063 -0.124065
vn 0.687625 0.194691 -0.699477
v 0.177258 -0.565544 -0.189509
vn 0.738671 0.213582 -0.639333
v 0.190072 -0.557546 -0.173358
vn 0.521983 0.209709 -0.826775
v 0.135684 -0.561577 -0.221428
vn 0.416852 0.210157 -0.884346
v 0.106828 -0.564345 -0.237933
vn 0.322939 0.225661 -0.919123
v 0.084865 -0.556185 -0.244843
vn 0.136875 0.230812 -0.963323
v 0.038946 -0.557168 -0.256523
vn 0.039858 0.219816 -0.974727
v 0.013150 -0.559114 -0.259326
vn -0.012153 0.225015 -0.974279
v 0.000242 -0.555257 -0.258665
vn -0.332308 0.208913 -0.919743
v -0.078134 -0.562290 -0.245990
vn -0.526908 0.211352 -0.823224
v -0.128013 -0.559887 -0.221320
vn -0.562809 0.193138 -0.803707
v -0.137888 -0.566247 -0.216291
vn -0.691333 0.200430 -0.694181
v -0.171158 -0.564830 -0.188156
vn -0.778136 0.189193 -0.598924
v -0.193697 -0.567504 -0.163339
vn -0.826907 0.184387 -0.531250
v -0.206482 -0.567101 -0.145052
vn -0.849138 0.176740 -0.497723
v -0.213178 -0.573039 -0.136207
vn -0.954098 0.190584 -0.231028
v -0.239819 -0.558490 -0.062220
vn -0.970692 0.189233 -0.148149
v -0.244457 -0.560097 -0.039995
vn -0.982858 0.184220 0.007360
v -0.247607 -0.560973 0.001527
vn -0.374142 0.162566 0.913012
v -0.088510 -0.552279 0.244371
vn 0.008190 0.169122 0.985561
v 0.006459 -0.551393 0.262187
vn 0.152927 0.161878 0.974889
v 0.041678 -0.560607 0.260940
vn 0.459600 0.165922 0.872489
v 0.118558 -0.558801 0.234822
vn 0.631195 0.156690 0.759633
v 0.161399 -0.561438 0.206214
vn 0.733290 0.165156 0.659552
v 0.187260 -0.558662 0.180878
vn 0.805547 0.163967 0.569394
v 0.205274 -0.556272 0.157629
vn 0.942869 0.174342 0.283907
v 0.243391 -0.562334 0.081969
vn 0.975548 0.183227 0.121385
v 0.254296 -0.567624 0.034693
vn 0.980155 0.183436 0.075144
v 0.256381 -0.571836 0.021794
vn 0.977494 0.196148 -0.077660
v 0.253700 -0.558067 -0.020081
vn 0.934443 0.202852 -0.292690
v 0.240777 -0.550628 -0.079253
vn 0.885281 0.203764 -0.418041
v 0.228364 -0.555228 -0.113350
vn 0.713147 0.223858 -0.664311
v 0.182107 -0.549873 -0.179617
vn 0.586654 0.232624 -0.775708
v 0.151412 -0.548426 -0.206936
vn 0.266820 0.200061 -0.942753
v 0.068801 -0.572416 -0.253613
vn 0.139527 0.261172 -0.955155
v 0.039455 -0.544468 -0.253188
vn -0.162827 0.261653 -0.951328
v -0.037222 -0.544024 -0.252290
vn -0.520781 0.236174 -0.820371
v -0.126571 -0.548342 -0.219059
vn -0.556248 0.220488 -0.801232
v -0.136122 -0.554457 -0.214465
vn -0.657325 0.208199 -0.724277
v -0.162308 -0.559958 -0.195184
vn -0.770754 0.206718 -0.602666
v -0.191540 -0.555517 -0.162219
vn -0.795689 0.212306 -0.567279
v -0.197314 -0.549431 -0.152301
vn -0.823401 0.200320 -0.530927
v -0.204571 -0.555469 -0.143814
vn -0.843298 0.205769 -0.496496
v -0.209292 -0.549845 -0.133910
vn -0.861770 0.210195 -0.461704
v -0.213400 -0.544254 -0.124173
vn -0.882176 0.203458 -0.424699
v -0.219209 -0.550239 -0.115551
vn -0.897817 0.205061 -0.389711
v -0.222380 -0.544601 -0.105730
vn -0.914214 0.199673 -0.352623
v -0.227595 -0.550917 -0.096456
vn -0.927245 0.198793 -0.317330
v -0.230120 -0.545148 -0.086106
vn -0.941935 0.192707 -0.274994
v -0.235212 -0.552115 -0.074594
vn -0.970198 0.193010 -0.146501
v -0.242399 -0.548940 -0.039097
vn -0.978538 0.193962 -0.069586
v -0.244710 -0.549330 -0.018654
vn -0.981844 0.189639 0.004469
v -0.245429 -0.549497 0.001809
vn -0.979599 0.185526 0.077236
v -0.244759 -0.550429 0.022249
vn -0.970946 0.184694 0.152155
v -0.242377 -0.550992 0.043085
vn -0.925654 0.185440 0.329814
v -0.228220 -0.545378 0.094242
vn -0.768141 0.169312 0.617489
v -0.187545 -0.551531 0.169924
vn -0.741891 0.165620 0.649744
v -0.180666 -0.556792 0.179637
vn -0.708830 0.169590 0.684689
v -0.172286 -0.552194 0.187614
vn -0.673899 0.173381 0.718191
v -0.163416 -0.547870 0.195308
vn -0.644893 0.163093 0.746669
v -0.157098 -0.555885 0.202819
vn -0.539325 0.179808 0.822677
v -0.128136 -0.542465 0.221772
vn -0.289372 0.172094 0.941620
v -0.067981 -0.551034 0.251471
vn -0.076131 0.173760 0.981841
v -0.016537 -0.550870 0.261376
vn -0.132495 0.173494 0.975882
v -0.029929 -0.550321 0.259865
vn 0.066390 0.173020 0.982678
v 0.021057 -0.547952 0.261140
vn 0.117907 0.168853 0.978564
v 0.032833 -0.554181 0.261055
vn 0.602000 0.165530 0.781150
v 0.151968 -0.553961 0.212236
vn 0.664269 0.160391 0.730083
v 0.170183 -0.557331 0.197779
vn 0.700190 0.168800 0.693715
v 0.178284 -0.552149 0.188801
vn 0.979624 0.200050 0.017823
v 0.252172 -0.546640 0.007810
vn 0.793667 0.231239 -0.562690
v 0.202840 -0.536412 -0.149097
vn 0.738993 0.231470 -0.632701
v 0.188648 -0.544607 -0.170470
vn 0.646344 0.250245 -0.720844
v 0.165256 -0.537102 -0.191818
vn 0.582271 0.255146 -0.771920
v 0.149682 -0.536894 -0.204573
vn -0.352053 0.272888 -0.895316
v -0.082472 -0.532131 -0.236264
vn -0.512979 0.258866 -0.818438
v -0.125183 -0.536881 -0.216485
vn -0.579921 0.251572 -0.774857
v -0.142038 -0.537160 -0.204991
vn -0.707113 0.230377 -0.668519
v -0.173156 -0.542460 -0.178982
vn -0.790142 0.229320 -0.568408
v -0.195102 -0.536874 -0.150503
vn -0.956200 0.200658 -0.213116
v -0.236961 -0.538734 -0.057036
vn -0.954411 0.193377 0.227386
v -0.235905 -0.537959 0.063515
vn -0.934165 0.193710 0.299686
v -0.229908 -0.537405 0.084412
vn -0.874102 0.185255 0.449029
v -0.211959 -0.533648 0.126356
vn -0.810829 0.168000 0.560654
v -0.198396 -0.554033 0.156140
vn -0.761876 0.177313 0.622980
v -0.184306 -0.538227 0.170348
vn -0.787766 0.170843 0.591809
v -0.191619 -0.544941 0.162907
vn -0.702425 0.182521 0.687957
v -0.169607 -0.539894 0.187179
vn -0.637054 0.177434 0.750120
v -0.153838 -0.543375 0.202749
vn -0.492407 0.190577 0.849244
v -0.117418 -0.536457 0.227048
vn -0.159946 0.191767 0.968320
v -0.036416 -0.539200 0.256835
vn 0.129041 0.184992 0.974231
v 0.033897 -0.542367 0.258845
vn 0.362789 0.172542 0.915758
v 0.093112 -0.549644 0.244783
vn 0.601680 0.182379 0.777637
v 0.151403 -0.540911 0.209746
vn 0.700289 0.183751 0.689805
v 0.177122 -0.539873 0.186830
vn 0.783435 0.171718 0.597279
v 0.198835 -0.547083 0.163723
vn 0.827482 0.172673 0.534283
v 0.210461 -0.548763 0.147633
vn 0.849239 0.182181 0.495584
v 0.215048 -0.542389 0.137996
vn 0.959264 0.186094 0.212561
v 0.245144 -0.544587 0.062431
vn 0.964699 0.208809 -0.160483
v 0.245716 -0.532359 -0.041241
vn 0.931439 0.220338 -0.289607
v 0.236663 -0.528115 -0.076014
vn 0.878975 0.226386 -0.419706
v 0.222982 -0.528941 -0.111330
vn 0.837245 0.231553 -0.495383
v 0.212611 -0.529108 -0.130810
vn 0.708193 0.256275 -0.657865
v 0.178974 -0.526605 -0.174526
vn 0.641518 0.265918 -0.719543
v 0.163444 -0.525825 -0.189419
vn 0.576925 0.272663 -0.769944
v 0.147954 -0.525705 -0.202039
vn 0.505105 0.282720 -0.815437
v 0.131147 -0.524860 -0.213244
vn 0.247941 0.309700 -0.917939
v 0.066397 -0.521600 -0.240530
vn 0.163750 0.313937 -0.935216
v 0.043454 -0.519677 -0.245013
vn -0.028704 0.319462 -0.947164
v -0.003991 -0.519082 -0.248106
vn -0.121253 0.311095 -0.942612
v -0.025300 -0.523050 -0.247713
vn -0.159344 0.312019 -0.936618
v -0.036023 -0.522284 -0.245885
vn -0.505960 0.279122 -0.816147
v -0.123696 -0.525445 -0.213659
vn -0.579925 0.274028 -0.767200
v -0.141270 -0.525349 -0.201553
vn -0.622101 0.268863 -0.735325
v -0.152352 -0.524410 -0.192347
vn -0.700630 0.247052 -0.669390
v -0.170782 -0.527710 -0.176268
vn -0.836074 0.235506 -0.495497
v -0.205220 -0.526976 -0.130673
vn -0.873431 0.226906 -0.430850
v -0.214496 -0.527079 -0.113575
vn -0.907366 0.217926 -0.359436
v -0.222772 -0.527274 -0.095025
vn -0.934088 0.212498 -0.286922
v -0.229450 -0.527351 -0.076045
vn -0.967886 0.207910 -0.141313
v -0.238143 -0.527119 -0.037133
vn -0.976477 0.204571 -0.068144
v -0.240309 -0.527210 -0.017198
vn -0.979489 0.201433 0.005055
v -0.240979 -0.527312 0.002911
vn -0.976960 0.198544 0.078290
v -0.240151 -0.527491 0.023187
vn -0.968261 0.194900 0.156473
v -0.237739 -0.527729 0.043845
vn -0.923307 0.192631 0.332262
v -0.225280 -0.532468 0.095020
vn -0.854488 0.186859 0.484699
v -0.205848 -0.528112 0.135489
vn -0.810736 0.193595 0.552475
v -0.195260 -0.526821 0.152008
vn -0.694913 0.194519 0.692285
v -0.166750 -0.526934 0.186533
vn -0.571021 0.192343 0.798085
v -0.135770 -0.525486 0.212583
vn -0.369137 0.203446 0.906834
v -0.087127 -0.527876 0.240017
vn -0.281944 0.210698 0.936010
v -0.064401 -0.526428 0.247597
vn -0.014443 0.202460 0.979184
v 0.000902 -0.528653 0.257918
vn 0.080811 0.214921 0.973282
v 0.022150 -0.526059 0.256725
vn 0.129559 0.211981 0.968648
v 0.034090 -0.526168 0.255475
vn 0.401479 0.203307 0.893018
v 0.101788 -0.528607 0.236826
vn 0.441534 0.212526 0.871711
v 0.111419 -0.521622 0.230564
vn 0.531316 0.204698 0.822072
v 0.132630 -0.526225 0.219549
vn 0.603535 0.200561 0.771700
v 0.151048 -0.528178 0.206899
vn 0.700110 0.195197 0.686836
v 0.176028 -0.528028 0.184659
vn 0.780667 0.197344 0.592971
v 0.195168 -0.522936 0.160958
vn 0.803817 0.191078 0.563354
v 0.201960 -0.529185 0.153723
vn 0.900362 0.191003 0.390980
v 0.227018 -0.531882 0.109976
vn 0.917041 0.192329 0.349350
v 0.232165 -0.533479 0.098135
vn 0.970370 0.197240 0.139563
v 0.246177 -0.530894 0.041994
vn 0.975945 0.197028 0.093339
v 0.248079 -0.532677 0.029039
vn 0.979702 0.200336 0.007071
v 0.249494 -0.533565 0.005145
vn 0.954827 0.213507 -0.206691
v 0.240324 -0.517820 -0.052683
vn 0.779299 0.257635 -0.571242
v 0.197281 -0.514392 -0.147194
vn 0.702600 0.268646 -0.658925
v 0.176899 -0.515652 -0.172387
vn 0.570530 0.289985 -0.768378
v 0.146065 -0.514739 -0.199433
vn 0.368804 0.316859 -0.873833
v 0.096688 -0.513241 -0.227172
vn 0.069660 0.322348 -0.944055
v 0.021385 -0.517470 -0.247022
vn -0.049351 0.335059 -0.940904
v -0.007883 -0.509505 -0.244623
vn -0.582087 0.290484 -0.759470
v -0.141667 -0.512611 -0.196565
vn -0.621247 0.279270 -0.732162
v -0.152573 -0.515190 -0.188757
vn -0.690817 0.266396 -0.672165
v -0.168206 -0.515301 -0.174191
vn -0.952243 0.216601 -0.215216
v -0.232236 -0.516009 -0.055893
vn -0.967413 0.209964 -0.141520
v -0.235882 -0.516081 -0.036243
vn -0.976268 0.205590 -0.068064
v -0.238040 -0.516195 -0.016431
vn -0.979406 0.201826 0.005509
v -0.238701 -0.516311 0.003521
vn -0.976714 0.199572 0.078752
v -0.237854 -0.516422 0.023607
vn -0.959177 0.203262 0.196632
v -0.231864 -0.508398 0.053902
vn -0.764134 0.203840 0.612004
v -0.182009 -0.512873 0.165217
vn -0.593355 0.201025 0.779435
v -0.140446 -0.519236 0.207611
vn -0.524754 0.203309 0.826619
v -0.124011 -0.517982 0.218659
vn -0.447950 0.208736 0.869351
v -0.106024 -0.517224 0.228771
vn 0.080865 0.230899 0.969612
v 0.022730 -0.515383 0.254221
vn 0.391778 0.220430 0.893264
v 0.098107 -0.515333 0.235308
vn 0.461697 0.225699 0.857844
v 0.115581 -0.511997 0.225953
vn 0.536497 0.220569 0.814567
v 0.133431 -0.513252 0.215623
vn 0.604880 0.212404 0.767467
v 0.150695 -0.516472 0.203966
vn 0.698509 0.205575 0.685438
v 0.174747 -0.516590 0.182625
vn 0.754378 0.203372 0.624142
v 0.188149 -0.516942 0.167858
vn 0.910131 0.198566 0.363640
v 0.228677 -0.523454 0.101589
vn 0.913722 0.197439 0.355147
v 0.227599 -0.512933 0.098530
vn 0.954979 0.199215 0.219839
v 0.239917 -0.520193 0.063743
vn 0.950251 0.223055 -0.217416
v 0.237386 -0.505931 -0.053775
vn 0.927695 0.233362 -0.291417
v 0.231942 -0.505120 -0.073208
vn 0.898043 0.245450 -0.365065
v 0.224781 -0.504234 -0.092460
vn 0.868278 0.250084 -0.428429
v 0.217659 -0.506178 -0.109582
vn 0.828903 0.256991 -0.496866
v 0.208330 -0.504670 -0.125929
vn 0.752761 0.268673 -0.600970
v 0.189294 -0.506188 -0.153931
vn 0.361775 0.340615 -0.867813
v 0.094510 -0.501407 -0.223616
vn 0.288638 0.337912 -0.895826
v 0.076768 -0.502640 -0.230686
vn 0.210974 0.341852 -0.915766
v 0.056865 -0.502562 -0.236112
vn 0.080113 0.342999 -0.935913
v 0.023584 -0.505923 -0.242684
vn -0.089884 0.343552 -0.934822
v -0.017039 -0.504936 -0.242255
vn -0.199986 0.343700 -0.917538
v -0.047110 -0.500993 -0.236115
vn -0.375983 0.318409 -0.870203
v -0.090080 -0.506483 -0.224444
vn -0.455745 0.312677 -0.833385
v -0.110736 -0.507676 -0.214784
vn -0.490750 0.316659 -0.811721
v -0.119857 -0.502267 -0.207486
vn -0.738703 0.268337 -0.618314
v -0.179495 -0.504611 -0.157161
vn -0.899405 0.239325 -0.365778
v -0.217653 -0.503423 -0.092794
vn -0.927980 0.232166 -0.291467
v -0.224713 -0.505139 -0.074377
vn -0.940158 0.201077 0.275082
v -0.227587 -0.513142 0.075403
vn -0.924013 0.194276 0.329327
v -0.218465 -0.496793 0.092712
vn -0.848396 0.198399 0.490777
v -0.201498 -0.505516 0.134074
vn -0.795712 0.201385 0.571215
v -0.188986 -0.507181 0.154027
vn -0.354729 0.244949 0.902312
v -0.084926 -0.498343 0.233497
vn -0.250872 0.247758 0.935777
v -0.057229 -0.498981 0.242781
vn -0.088735 0.248854 0.964468
v -0.017212 -0.504053 0.251211
vn -0.045247 0.243895 0.968746
v -0.006914 -0.509578 0.253319
vn 0.036453 0.256098 0.965963
v 0.012672 -0.498356 0.250460
vn 0.167258 0.247747 0.954278
v 0.043051 -0.503305 0.248593
vn 0.300159 0.246542 0.921478
v 0.077367 -0.503854 0.240255
vn 0.381605 0.243510 0.891673
v 0.095960 -0.502067 0.232800
vn 0.800319 0.210427 0.561435
v 0.198252 -0.505916 0.150797
vn 0.844940 0.204885 0.494064
v 0.209058 -0.506474 0.134194
vn 0.883268 0.198335 0.424853
v 0.218221 -0.506814 0.117127
vn 0.942831 0.202399 0.264773
v 0.233499 -0.502140 0.073875
vn 0.973107 0.218404 -0.073228
v 0.241083 -0.496939 -0.015533
vn 0.745056 0.281231 -0.604815
v 0.186010 -0.494304 -0.152628
vn 0.623097 0.307297 -0.719249
v 0.158173 -0.497567 -0.182789
vn 0.551031 0.326488 -0.767965
v 0.141767 -0.493043 -0.193809
vn 0.297732 0.354592 -0.886352
v 0.077300 -0.492567 -0.226586
vn 0.250341 0.347919 -0.903483
v 0.067127 -0.497034 -0.231433
vn -0.122291 0.367448 -0.921969
v -0.026589 -0.488335 -0.234831
vn -0.281108 0.349631 -0.893721
v -0.068160 -0.493078 -0.227518
vn -0.484309 0.334794 -0.808306
v -0.117932 -0.490171 -0.203781
vn -0.668417 0.300020 -0.680593
v -0.162970 -0.492519 -0.169836
vn -0.730520 0.282189 -0.621860
v -0.176871 -0.493405 -0.155308
vn -0.787040 0.268157 -0.555571
v -0.189408 -0.494565 -0.139692
vn -0.949901 0.221627 -0.220384
v -0.229784 -0.504656 -0.055199
vn -0.965421 0.217246 -0.144107
v -0.231279 -0.493829 -0.034289
vn -0.975126 0.210832 -0.068408
v -0.233445 -0.494030 -0.014779
vn -0.953754 0.193348 0.230153
v -0.225861 -0.488930 0.063179
vn -0.741863 0.216848 0.634520
v -0.174688 -0.493026 0.167382
vn -0.711351 0.218835 0.667900
v -0.167564 -0.497181 0.176715
vn -0.641897 0.220038 0.734541
v -0.151541 -0.497260 0.192259
vn -0.434628 0.252755 0.864415
v -0.102779 -0.492743 0.223945
vn -0.002784 0.250684 0.968065
v 0.002918 -0.503881 0.252108
vn 0.253620 0.263669 0.930675
v 0.065335 -0.488042 0.239470
vn 0.300192 0.257773 0.918389
v 0.077076 -0.491138 0.236770
vn 0.461613 0.240993 0.853719
v 0.114980 -0.500906 0.223227
vn 0.573526 0.235019 0.784751
v 0.141772 -0.494410 0.204468
vn 0.634499 0.228572 0.738354
v 0.157325 -0.494532 0.192135
vn 0.695027 0.226082 0.682513
v 0.171781 -0.494009 0.178473
vn 0.757641 0.225942 0.612316
v 0.186780 -0.493446 0.161370
vn 0.900602 0.199076 0.386374
v 0.222294 -0.504826 0.107170
vn 0.916465 0.201215 0.345838
v 0.226065 -0.500355 0.095424
vn 0.951883 0.207392 0.225627
v 0.235053 -0.497594 0.064036
vn 0.966170 0.207783 0.152779
v 0.238518 -0.495781 0.044501
vn 0.974985 0.209669 0.073773
v 0.240868 -0.495799 0.024218
vn 0.976556 0.215175 -0.006157
v 0.241455 -0.495200 0.003462
vn 0.970612 0.218796 -0.100200
v 0.236389 -0.478527 -0.021201
vn 0.963811 0.224028 -0.144496
v 0.236108 -0.483509 -0.032565
vn 0.956406 0.227100 -0.183610
v 0.235587 -0.488909 -0.042889
vn 0.921679 0.244037 -0.301585
v 0.226470 -0.481586 -0.071313
vn 0.906962 0.247198 -0.341047
v 0.223827 -0.486289 -0.082368
vn 0.870236 0.257923 -0.419721
v 0.214174 -0.483331 -0.102985
vn 0.361197 0.356356 -0.861712
v 0.094236 -0.481920 -0.215881
vn 0.210426 0.356874 -0.910144
v 0.056902 -0.491253 -0.231770
vn 0.089715 0.378128 -0.921396
v 0.025467 -0.483662 -0.233876
vn 0.004509 0.380168 -0.924906
v 0.004428 -0.482390 -0.234420
vn -0.080427 0.376188 -0.923046
v -0.016056 -0.482129 -0.233470
vn -0.157722 0.393412 -0.905732
v -0.035972 -0.471399 -0.226359
vn -0.199506 0.360050 -0.911352
v -0.047300 -0.490496 -0.232044
vn -0.364700 0.359443 -0.858949
v -0.087720 -0.482729 -0.216111
vn -0.908534 0.241536 -0.340920
v -0.215858 -0.480937 -0.081916
vn -0.925009 0.234072 -0.299280
v -0.220373 -0.484437 -0.071669
vn -0.903905 0.197706 0.379301
v -0.210801 -0.478846 0.102655
vn -0.797897 0.213309 0.563791
v -0.186911 -0.482728 0.148033
vn -0.847920 0.208683 0.487322
v -0.197846 -0.482850 0.130938
vn -0.769033 0.215852 0.601662
v -0.179693 -0.476788 0.155531
vn -0.162950 0.267783 0.949600
v -0.035535 -0.484153 0.243465
vn -0.079928 0.276766 0.957607
v -0.016311 -0.482086 0.245298
vn 0.079189 0.278926 0.957042
v 0.022675 -0.481754 0.245266
vn 0.785098 0.223183 0.577763
v 0.191422 -0.480813 0.150591
vn 0.838201 0.218434 0.499706
v 0.204677 -0.483306 0.131752
vn 0.882081 0.212241 0.420580
v 0.214941 -0.484968 0.113310
vn 0.965746 0.207245 0.156156
v 0.235847 -0.483243 0.044400
vn 0.960428 0.200058 0.193789
v 0.232213 -0.475366 0.054857
vn 0.971741 0.207929 0.111733
v 0.238658 -0.490068 0.034321
vn 0.978073 0.205994 0.030639
v 0.237500 -0.477628 0.014176
vn 0.977158 0.212111 -0.013067
v 0.238600 -0.482406 0.002443
vn 0.974335 0.218607 -0.053691
v 0.239440 -0.487948 -0.009625
vn 0.956096 0.226971 -0.185378
v 0.233115 -0.477413 -0.041681
vn 0.946853 0.232122 -0.222684
v 0.232245 -0.482813 -0.051824
vn 0.774417 0.285689 -0.564499
v 0.191527 -0.471107 -0.134057
vn 0.797742 0.275856 -0.536201
v 0.195599 -0.464915 -0.125049
vn 0.719199 0.305657 -0.623960
v 0.179140 -0.471235 -0.149715
vn 0.539635 0.345297 -0.767831
v 0.137831 -0.470731 -0.186856
vn 0.467380 0.357529 -0.808535
v 0.120109 -0.469639 -0.197639
vn 0.435157 0.361264 -0.824698
v 0.111642 -0.473796 -0.204168
vn 0.433182 0.366104 -0.823603
v 0.111671 -0.463962 -0.199754
vn 0.357792 0.377841 -0.853944
v 0.093435 -0.471322 -0.211662
vn 0.205883 0.392997 -0.896195
v 0.055798 -0.469452 -0.222925
vn -0.274980 0.389401 -0.879064
v -0.067295 -0.469325 -0.217851
vn -0.361840 0.375756 -0.853158
v -0.087363 -0.471674 -0.211525
vn -0.475340 0.349399 -0.807448
v -0.115435 -0.475907 -0.199199
vn -0.552974 0.331807 -0.764280
v -0.134192 -0.475533 -0.186779
vn -0.623971 0.319703 -0.713057
v -0.150961 -0.474910 -0.173121
vn -0.653214 0.313358 -0.689289
v -0.157488 -0.469638 -0.164791
vn -0.715519 0.300082 -0.630859
v -0.172036 -0.471170 -0.150414
vn -0.778129 0.284610 -0.559922
v -0.185312 -0.472651 -0.134504
vn -0.810961 0.272585 -0.517726
v -0.191299 -0.468921 -0.123790
vn -0.838681 0.253201 -0.482186
v -0.197431 -0.466073 -0.112086
vn -0.906561 0.230708 -0.353440
v -0.212409 -0.467302 -0.081504
vn -0.948747 0.226762 -0.220133
v -0.225074 -0.482168 -0.052568
vn -0.964496 0.220187 -0.145825
v -0.228788 -0.482241 -0.033396
vn -0.974615 0.212742 -0.069755
v -0.231000 -0.482532 -0.013960
vn -0.978103 0.208030 0.006091
v -0.231661 -0.482681 0.005273
vn -0.975313 0.202347 0.088431
v -0.230997 -0.484127 0.025541
vn -0.970805 0.196941 0.136935
v -0.228797 -0.480852 0.038963
vn -0.962036 0.195514 0.190422
v -0.226227 -0.480137 0.053111
vn -0.951254 0.196022 0.238100
v -0.222864 -0.475687 0.064182
vn -0.941223 0.192823 0.277343
v -0.219011 -0.470650 0.074348
vn -0.918947 0.195659 0.342425
v -0.213024 -0.472457 0.093504
vn -0.931521 0.195992 0.306358
v -0.217630 -0.477914 0.083708
vn -0.847247 0.206649 0.489355
v -0.195914 -0.471625 0.129535
vn -0.823937 0.202930 0.529100
v -0.189728 -0.465721 0.137186
vn -0.702438 0.226317 0.674805
v -0.163199 -0.473348 0.173369
vn -0.627357 0.237027 0.741783
v -0.146458 -0.473557 0.189209
vn -0.471460 0.255852 0.843958
v -0.110462 -0.474887 0.214526
vn -0.384747 0.263980 0.884468
v -0.089762 -0.473140 0.224252
vn -0.290297 0.276744 0.916046
v -0.067892 -0.469528 0.231336
vn -0.204302 0.288160 0.935534
v -0.046815 -0.466837 0.236139
vn -0.000320 0.288971 0.957338
v 0.003461 -0.471261 0.242935
vn 0.245028 0.279421 0.928378
v 0.064197 -0.476203 0.236351
vn 0.290591 0.281791 0.914413
v 0.074637 -0.470744 0.231642
vn 0.429506 0.271195 0.861382
v 0.105534 -0.469103 0.218621
vn 0.620745 0.244801 0.744814
v 0.151757 -0.469554 0.188614
vn 0.688298 0.238016 0.685270
v 0.168409 -0.471730 0.174288
vn 0.753247 0.224289 0.618315
v 0.182459 -0.471555 0.158679
vn 0.861438 0.214751 0.460225
v 0.208953 -0.478326 0.121897
vn 0.948002 0.203899 0.244371
v 0.229755 -0.478868 0.068986
vn 0.972216 0.206634 0.109998
v 0.236428 -0.479378 0.034025
vn 0.975405 0.208088 0.072692
v 0.238324 -0.484171 0.024486
vn 0.973624 0.204673 -0.100828
v 0.233980 -0.466780 -0.019350
vn 0.922983 0.235529 -0.304348
v 0.223935 -0.469817 -0.069529
vn 0.905631 0.246272 -0.345229
v 0.221132 -0.474083 -0.080702
vn 0.821448 0.272794 -0.500807
v 0.201852 -0.470357 -0.118224
vn 0.604725 0.314855 -0.731556
v 0.151311 -0.450617 -0.167434
vn 0.499165 0.352285 -0.791663
v 0.128083 -0.464415 -0.190500
vn 0.526015 0.340554 -0.779315
v 0.133767 -0.446544 -0.178841
vn 0.459834 0.361608 -0.811044
v 0.118593 -0.458467 -0.193548
vn 0.281262 0.381584 -0.880503
v 0.074784 -0.470692 -0.218258
vn 0.198537 0.407317 -0.891446
v 0.055354 -0.458054 -0.217938
vn 0.094259 0.412080 -0.906259
v 0.026363 -0.461950 -0.224409
vn 0.010182 0.410932 -0.911609
v 0.005123 -0.460851 -0.225165
vn -0.150762 0.408255 -0.900333
v -0.035222 -0.459008 -0.220974
vn -0.195938 0.404377 -0.893357
v -0.046501 -0.454736 -0.216838
vn -0.974064 0.193899 -0.116631
v -0.226475 -0.465536 -0.022966
vn -0.977779 0.206381 -0.036813
v -0.229696 -0.474151 -0.004595
vn -0.982224 0.184099 0.036653
v -0.227975 -0.465841 0.014313
vn -0.961002 0.187961 0.202844
v -0.223531 -0.468407 0.054738
vn -0.163212 0.297561 0.940648
v -0.036415 -0.460309 0.236115
vn -0.079714 0.299586 0.950733
v -0.015855 -0.460163 0.238706
vn 0.064715 0.306010 0.949826
v 0.018107 -0.457067 0.238015
vn 0.186717 0.293216 0.937636
v 0.048621 -0.460636 0.235120
vn 0.384780 0.275214 0.881023
v 0.095626 -0.461781 0.220975
vn 0.513557 0.253201 0.819846
v 0.126270 -0.458857 0.203721
vn 0.812193 0.215529 0.542117
v 0.197327 -0.475504 0.140038
vn 0.839209 0.214680 0.499640
v 0.202781 -0.472364 0.130149
vn 0.882470 0.207465 0.422143
v 0.212879 -0.473307 0.111685
vn 0.981500 0.188507 0.033495
v 0.234947 -0.465282 0.014650
vn 0.975929 0.210529 -0.056913
v 0.236410 -0.474010 -0.008658
vn 0.797523 0.258873 -0.544924
v 0.193322 -0.453742 -0.122914
vn 0.413285 0.371164 -0.831525
v 0.107479 -0.454571 -0.197756
vn 0.319774 0.390491 -0.863285
v 0.083630 -0.454959 -0.208214
vn 0.266412 0.404124 -0.875048
v 0.072426 -0.449318 -0.209415
vn -0.543062 0.340184 -0.767697
v -0.131645 -0.462328 -0.182796
vn -0.575046 0.330476 -0.748403
v -0.138906 -0.456948 -0.175024
vn -0.615507 0.320626 -0.719965
v -0.148260 -0.463127 -0.170188
vn -0.825486 0.173422 0.537120
v -0.187981 -0.454216 0.135820
vn -0.337064 0.282459 0.898112
v -0.079790 -0.454239 0.222471
vn -0.419259 0.266331 0.867922
v -0.098719 -0.456624 0.215109
vn 0.007294 0.301540 0.953426
v 0.004418 -0.460510 0.239616
vn 0.237781 0.295573 0.925255
v 0.062391 -0.440621 0.225702
vn 0.291239 0.285148 0.913165
v 0.075062 -0.458301 0.227634
vn 0.338139 0.281076 0.898142
v 0.085568 -0.454204 0.222686
vn 0.431373 0.266196 0.862008
v 0.105879 -0.457042 0.214666
vn 0.473622 0.263659 0.840337
v 0.116161 -0.464411 0.211453
vn 0.560270 0.252715 0.788818
v 0.137747 -0.466616 0.198566
vn 0.810351 0.188675 0.554737
v 0.193852 -0.456646 0.138110
vn 0.943700 0.152496 0.293557
v 0.223069 -0.456537 0.076907
vn 0.957557 0.150160 -0.246041
v 0.225158 -0.448186 -0.049450
vn 0.660066 0.286214 -0.694547
v 0.162366 -0.440266 -0.153295
vn 0.561827 0.321478 -0.762235
v 0.142003 -0.441796 -0.171010
vn 0.010627 0.427045 -0.904168
v 0.005924 -0.438902 -0.215023
vn 0.054507 0.426523 -0.902833
v 0.017018 -0.432470 -0.211547
vn -0.037431 0.428054 -0.902978
v -0.005295 -0.434310 -0.212625
vn -0.444534 0.355658 -0.822129
v -0.108686 -0.439681 -0.187117
vn -0.534081 0.330071 -0.778338
v -0.129654 -0.438403 -0.173745
vn -0.584196 0.311292 -0.749541
v -0.141483 -0.440241 -0.165780
vn -0.630430 0.296590 -0.717351
v -0.151511 -0.444917 -0.159431
vn -0.735981 0.250018 -0.629144
v -0.173195 -0.443172 -0.136644
vn -0.905888 0.189124 -0.378944
v -0.208277 -0.451539 -0.082474
vn -0.962956 0.143146 -0.228526
v -0.219425 -0.449157 -0.046807
vn -0.916048 0.171078 0.362751
v -0.209392 -0.459472 0.095926
vn -0.764050 0.162992 0.624229
v -0.174836 -0.443888 0.151001
vn -0.353672 0.283526 0.891364
v -0.083314 -0.444561 0.218079
vn -0.395783 0.262287 0.880092
v -0.095893 -0.433122 0.209206
vn -0.031392 0.314005 0.948902
v -0.004661 -0.442739 0.233776
vn 0.101960 0.304787 0.946947
v 0.028911 -0.448170 0.234189
vn 0.368697 0.275722 0.887716
v 0.093792 -0.436462 0.213818
vn 0.468073 0.252794 0.846760
v 0.115583 -0.439900 0.204366
vn 0.545120 0.240207 0.803209
v 0.132637 -0.439712 0.193873
vn 0.809306 0.153581 0.566954
v 0.191446 -0.444081 0.137751
vn 0.990923 0.075060 -0.111525
v 0.229546 -0.432396 -0.016795
vn 0.973445 0.086950 -0.211767
v 0.225991 -0.430675 -0.037536
vn 0.925421 0.131475 -0.355402
v 0.216695 -0.433150 -0.069543
vn 0.784094 0.224308 -0.578691
v 0.188263 -0.437732 -0.123094
vn 0.724176 0.243587 -0.645163
v 0.176815 -0.429853 -0.134299
vn 0.758825 0.224461 -0.611393
v 0.183590 -0.427812 -0.125497
vn 0.615683 0.292512 -0.731690
v 0.153631 -0.428541 -0.156448
vn 0.556436 0.316098 -0.768415
v 0.141970 -0.427631 -0.165218
vn 0.384902 0.375446 -0.843143
v 0.102849 -0.432870 -0.190278
vn 0.259978 0.406702 -0.875788
v 0.071367 -0.427260 -0.199555
vn 0.150171 0.413513 -0.898029
v 0.041766 -0.439959 -0.212212
vn 0.087869 0.434982 -0.896142
v 0.025985 -0.424344 -0.206960
vn 0.136005 0.426504 -0.894202
v 0.038613 -0.427354 -0.206843
vn -0.035199 0.433302 -0.900561
v -0.005037 -0.423429 -0.207458
vn -0.078361 0.429026 -0.899887
v -0.016127 -0.430108 -0.209940
vn -0.152095 0.421514 -0.893976
v -0.037413 -0.434275 -0.209144
vn -0.194930 0.409680 -0.891159
v -0.047322 -0.442711 -0.211189
vn -0.190439 0.414758 -0.889780
v -0.048208 -0.430398 -0.205291
vn -0.234227 0.406641 -0.883052
v -0.058737 -0.427342 -0.201365
vn -0.395573 0.369774 -0.840708
v -0.099087 -0.433225 -0.189177
vn -0.355486 0.381872 -0.853114
v -0.088798 -0.437886 -0.195794
vn -0.483156 0.342577 -0.805730
v -0.117420 -0.433335 -0.179426
vn -0.608935 0.294129 -0.736672
v -0.147345 -0.432272 -0.157950
vn -0.730501 0.235091 -0.641171
v -0.171601 -0.431071 -0.133890
vn -0.808132 0.223713 -0.544862
v -0.186973 -0.446036 -0.119540
vn -0.921723 0.115768 -0.370168
v -0.208836 -0.429131 -0.072412
vn -0.988946 0.069283 -0.131095
v -0.222272 -0.429669 -0.020810
vn -0.982865 0.069688 0.170647
v -0.221298 -0.438972 0.045137
vn -0.974125 0.055391 0.219115
v -0.218819 -0.433610 0.055719
vn -0.821313 0.140611 0.552877
v -0.186099 -0.441878 0.135124
vn -0.701559 0.164480 0.693369
v -0.161368 -0.431055 0.162893
vn -0.735716 0.149345 0.660619
v -0.168340 -0.425084 0.154195
vn -0.630133 0.194682 0.751685
v -0.146125 -0.431844 0.177152
vn -0.212366 0.301808 0.929415
v -0.051732 -0.430934 0.223530
vn -0.043660 0.322178 0.945672
v -0.007309 -0.422825 0.226940
vn 0.060297 0.316473 0.946683
v 0.018601 -0.428359 0.228537
vn 0.111025 0.313692 0.943012
v 0.032620 -0.427637 0.227035
vn 0.136242 0.307013 0.941903
v 0.037784 -0.438279 0.229870
vn 0.188452 0.302279 0.934405
v 0.050294 -0.439182 0.227991
vn 0.260997 0.297190 0.918454
v 0.068957 -0.430817 0.220763
vn 0.338813 0.284476 0.896816
v 0.086083 -0.443515 0.219131
vn 0.377047 0.272681 0.885145
v 0.096913 -0.426378 0.209435
vn 0.421721 0.261899 0.868079
v 0.105647 -0.433111 0.207543
vn 0.504731 0.248402 0.826766
v 0.123832 -0.435383 0.198259
vn 0.603828 0.207347 0.769675
v 0.147516 -0.427404 0.179527
vn 0.674089 0.181767 0.715937
v 0.163968 -0.427348 0.165362
vn 0.713696 0.160561 0.681805
v 0.172626 -0.422668 0.155599
vn 0.751448 0.155571 0.641190
v 0.179707 -0.431551 0.149819
vn 0.927967 0.086072 0.362585
v 0.216232 -0.438549 0.090357
vn 0.966089 0.056932 0.251856
v 0.224066 -0.432283 0.064486
vn 0.945164 0.107946 -0.308242
v 0.220287 -0.428678 -0.057946
vn 0.923788 0.121754 -0.363031
v 0.216163 -0.419799 -0.066601
vn 0.856501 0.173740 -0.486024
v 0.202722 -0.432155 -0.098919
vn 0.526056 0.332167 -0.782898
v 0.137586 -0.415470 -0.163238
vn 0.419499 0.369897 -0.828973
v 0.111833 -0.418010 -0.179361
vn 0.014298 0.441412 -0.897191
v 0.006388 -0.417616 -0.204786
vn -0.279549 0.400857 -0.872448
v -0.068880 -0.424004 -0.196865
vn -0.397321 0.371210 -0.839249
v -0.101200 -0.420665 -0.182669
vn -0.500799 0.342946 -0.794725
v -0.126163 -0.399981 -0.159840
vn -0.765217 0.214840 -0.606866
v -0.178256 -0.426161 -0.124093
vn -0.862781 0.157208 -0.480515
v -0.198198 -0.415014 -0.090455
vn -0.954992 0.091235 -0.282251
v -0.215270 -0.430356 -0.054221
vn -0.979979 0.085353 -0.179880
v -0.220726 -0.434042 -0.032771
vn -0.991401 0.035012 0.126090
v -0.222141 -0.420473 0.034435
vn -0.947627 0.048614 0.315657
v -0.212367 -0.419398 0.076473
vn -0.768786 0.134506 0.625201
v -0.175513 -0.419169 0.144490
vn -0.691618 0.163128 0.703601
v -0.159963 -0.418773 0.161467
vn -0.614269 0.190925 0.765651
v -0.143957 -0.419992 0.175960
vn -0.493392 0.238717 0.836408
v -0.117670 -0.416470 0.193163
vn -0.447793 0.249180 0.858715
v -0.108513 -0.418432 0.198797
vn 0.246229 0.304718 0.920064
v 0.067009 -0.405586 0.212946
vn 0.277492 0.299582 0.912825
v 0.073486 -0.417937 0.215224
vn 0.794453 0.133597 0.592449
v 0.188557 -0.430636 0.138586
vn 0.904460 0.080347 0.418923
v 0.211199 -0.431975 0.100748
vn 0.947686 0.066474 0.312206
v 0.219975 -0.432562 0.078408
vn 0.990724 0.057909 -0.122936
v 0.228498 -0.409474 -0.014555
vn 0.984157 0.064280 -0.165237
v 0.227321 -0.415046 -0.024440
vn 0.966727 0.084568 -0.241429
v 0.223996 -0.407654 -0.038140
vn 0.896973 0.143637 -0.418100
v 0.211180 -0.409213 -0.074558
vn 0.481153 0.353896 -0.802029
v 0.129200 -0.408740 -0.165612
vn 0.438045 0.367557 -0.820377
v 0.118859 -0.401348 -0.168101
vn 0.365950 0.386605 -0.846532
v 0.100840 -0.410915 -0.181322
vn 0.314870 0.399891 -0.860781
v 0.088637 -0.403544 -0.182746
vn 0.101716 0.432692 -0.895785
v 0.031798 -0.403074 -0.195878
vn -0.071576 0.431216 -0.899405
v -0.015510 -0.407083 -0.198872
vn -0.110390 0.427867 -0.897075
v -0.026920 -0.413662 -0.200874
vn -0.226204 0.417312 -0.880160
v -0.057970 -0.407372 -0.192202
vn -0.333896 0.393364 -0.856608
v -0.087672 -0.401442 -0.179861
vn -0.345273 0.384176 -0.856268
v -0.089180 -0.413833 -0.184812
vn -0.433172 0.360787 -0.825951
v -0.109938 -0.411860 -0.174388
vn -0.932499 0.104793 -0.345635
v -0.211029 -0.411943 -0.061773
vn -0.949315 0.100009 -0.297992
v -0.214140 -0.407104 -0.051241
vn -0.979885 0.063989 -0.189025
v -0.219424 -0.409203 -0.030441
vn -0.995198 0.050494 -0.083851
v -0.223183 -0.424458 -0.009383
vn -0.991345 0.039054 0.125342
v -0.221632 -0.408520 0.034614
vn -0.973827 0.035415 0.224516
v -0.218348 -0.421470 0.055737
vn -0.983948 0.034389 0.175108
v -0.220277 -0.415685 0.045378
vn -0.942006 0.054488 0.331142
v -0.211252 -0.405233 0.077786
vn -0.660395 0.176203 0.729953
v -0.153027 -0.425414 0.169559
vn -0.357365 0.275255 0.892482
v -0.088409 -0.411590 0.205964
vn -0.405148 0.266450 0.874563
v -0.099974 -0.409415 0.200327
vn 0.065460 0.321159 0.944760
v 0.021626 -0.405264 0.220570
vn 0.116471 0.319463 0.940414
v 0.034149 -0.406206 0.219660
vn 0.329201 0.290815 0.898362
v 0.087920 -0.400716 0.204836
vn 0.919401 0.071509 0.386767
v 0.214157 -0.413142 0.090908
vn 0.941226 0.053980 0.333437
v 0.218489 -0.419377 0.080641
vn 0.986338 0.037215 0.160477
v 0.227582 -0.420407 0.045009
vn 0.998682 0.048588 -0.016562
v 0.229894 -0.406616 0.007646
vn 0.959033 0.112056 -0.260191
v 0.222670 -0.395520 -0.038617
vn 0.897298 0.154759 -0.413407
v 0.211573 -0.396687 -0.069474
vn 0.099028 0.426618 -0.898994
v 0.031275 -0.390389 -0.189883
vn 0.015702 0.432780 -0.901363
v 0.005325 -0.396601 -0.194511
vn 0.023339 0.432870 -0.901154
v 0.008210 -0.387390 -0.189997
vn -0.024448 0.432557 -0.901275
v -0.004298 -0.401343 -0.196751
vn -0.102922 0.429499 -0.897183
v -0.025305 -0.390380 -0.189961
vn -0.137931 0.426673 -0.893826
v -0.035817 -0.385542 -0.186236
vn -0.139395 0.426978 -0.893453
v -0.036308 -0.396508 -0.191418
vn -0.179524 0.422808 -0.888259
v -0.047187 -0.402394 -0.192289
vn -0.625103 0.289712 -0.724785
v -0.154423 -0.404408 -0.140983
vn -0.868422 0.169709 -0.465878
v -0.200955 -0.397498 -0.079532
vn -0.943191 0.126385 -0.307275
v -0.213087 -0.394861 -0.049879
vn -0.964045 0.096276 -0.247684
v -0.216669 -0.401690 -0.040443
vn -0.986894 0.058566 -0.150367
v -0.221045 -0.403439 -0.019580
vn -0.992364 0.069963 -0.101583
v -0.221907 -0.396966 -0.009353
vn -0.995958 0.049159 0.075171
v -0.222492 -0.400826 0.023235
vn -0.892025 0.098780 0.441060
v -0.200797 -0.394926 0.100658
vn -0.664747 0.195297 0.721090
v -0.157005 -0.390493 0.157294
vn -0.275379 0.298632 0.913775
v -0.070681 -0.392844 0.206233
vn -0.178716 0.308485 0.934290
v -0.043784 -0.411567 0.218854
vn -0.217229 0.301430 0.928414
v -0.055730 -0.406867 0.214794
vn -0.102719 0.317793 0.942580
v -0.023935 -0.392567 0.215497
vn 0.010274 0.321636 0.946808
v 0.005739 -0.403184 0.220454
vn 0.157577 0.312029 0.936914
v 0.046032 -0.384000 0.210350
vn 0.139937 0.319090 0.937336
v 0.040051 -0.394514 0.214845
vn 0.196396 0.310814 0.929959
v 0.054774 -0.396903 0.213043
vn 0.543398 0.227771 0.807984
v 0.135815 -0.408959 0.183010
vn 0.573309 0.220786 0.789032
v 0.144310 -0.402602 0.175282
vn 0.918464 0.090575 0.384993
v 0.214293 -0.398581 0.087278
vn 0.763864 0.243870 -0.597528
v 0.187979 -0.380609 -0.101909
vn 0.340178 0.389238 -0.856021
v 0.096079 -0.386277 -0.171952
vn 0.392110 0.379470 -0.838005
v 0.107817 -0.393800 -0.170245
vn 0.257087 0.407455 -0.876292
v 0.074552 -0.382879 -0.177787
vn 0.218034 0.414495 -0.883547
v 0.064183 -0.387527 -0.182778
vn 0.265747 0.407328 -0.873764
v 0.075982 -0.395589 -0.183272
vn 0.173986 0.421165 -0.890140
v 0.053246 -0.380060 -0.181625
vn 0.059805 0.428347 -0.901633
v 0.020046 -0.383602 -0.187663
vn -0.013980 0.433290 -0.901146
v -0.002177 -0.379857 -0.186477
vn 0.025053 0.430768 -0.902115
v 0.009975 -0.375966 -0.184483
vn -0.061837 0.432070 -0.899717
v -0.013982 -0.384659 -0.188279
vn -0.253389 0.407381 -0.877402
v -0.067615 -0.386926 -0.179957
vn -0.295697 0.402161 -0.866504
v -0.078031 -0.383110 -0.174889
vn -0.561980 0.325265 -0.760514
v -0.142843 -0.385258 -0.142257
vn -0.643869 0.293565 -0.706578
v -0.159973 -0.378599 -0.125246
vn -0.879694 0.180811 -0.439825
v -0.202406 -0.379757 -0.069531
vn -0.994556 0.091096 -0.050601
v -0.221365 -0.380232 0.001971
vn -0.907577 0.099739 0.407867
v -0.204518 -0.387606 0.091055
vn -0.924558 0.092789 0.369572
v -0.207724 -0.380333 0.081668
vn -0.471037 0.253897 0.844784
v -0.117864 -0.384028 0.183588
vn -0.323883 0.286532 0.901665
v -0.084540 -0.377789 0.196771
vn -0.371966 0.278415 0.885509
v -0.093673 -0.388083 0.196485
vn -0.237928 0.299222 0.924043
v -0.062667 -0.372211 0.201660
vn -0.054830 0.321830 0.945209
v -0.012538 -0.386294 0.214316
vn -0.013248 0.323027 0.946297
v -0.001012 -0.381024 0.212902
vn 0.062714 0.320924 0.945026
v 0.020180 -0.384876 0.213693
vn 0.208264 0.305828 0.929029
v 0.059263 -0.383429 0.207600
vn 0.258909 0.297101 0.919074
v 0.071729 -0.380713 0.203552
vn 0.268192 0.295959 0.916778
v 0.074291 -0.370683 0.199607
vn 0.341794 0.283422 0.896018
v 0.093152 -0.375818 0.194809
vn 0.524515 0.239761 0.816945
v 0.134750 -0.379504 0.175109
vn 0.562296 0.226089 0.795429
v 0.144859 -0.376349 0.167348
vn 0.647422 0.204541 0.734172
v 0.162445 -0.381325 0.154916
vn 0.853086 0.129168 0.505529
v 0.202302 -0.384654 0.108145
vn 0.993856 0.068320 0.087074
v 0.228416 -0.394740 0.030207
vn 0.995690 0.090978 -0.018030
v 0.228397 -0.386841 0.008971
vn 0.496526 0.348884 -0.794822
v 0.134421 -0.369491 -0.145130
vn 0.374174 0.380894 -0.845525
v 0.105127 -0.380269 -0.165474
vn 0.132669 0.419568 -0.897976
v 0.042103 -0.359428 -0.173856
vn 0.135548 0.423407 -0.895742
v 0.042093 -0.372694 -0.180095
vn -0.094396 0.424838 -0.900335
v -0.023846 -0.367627 -0.179337
vn -0.137130 0.422663 -0.895852
v -0.035630 -0.374381 -0.180974
vn -0.211042 0.409122 -0.887739
v -0.058259 -0.367460 -0.173359
vn -0.476156 0.350072 -0.806676
v -0.123700 -0.368087 -0.147466
vn -0.993740 0.071879 0.085519
v -0.220546 -0.375861 0.026992
vn -0.418485 0.259623 0.870325
v -0.107328 -0.373614 0.185913
vn -0.132518 0.309240 0.941706
v -0.033734 -0.374097 0.208134
vn -0.163842 0.304510 0.938312
v -0.042037 -0.368125 0.204850
vn -0.086266 0.316064 0.944808
v -0.022468 -0.367635 0.207243
vn 0.062919 0.318053 0.945983
v 0.020886 -0.372719 0.209557
vn 0.099516 0.313308 0.944423
v 0.030878 -0.366997 0.206770
vn 0.136356 0.310473 0.940752
v 0.040908 -0.372248 0.207260
vn 0.914386 0.150346 -0.375891
v 0.212547 -0.353997 -0.049760
vn 0.624323 0.296514 -0.722704
v 0.161741 -0.353379 -0.118287
vn 0.582855 0.311970 -0.750304
v 0.153365 -0.358177 -0.127204
vn 0.536369 0.330756 -0.776472
v 0.144300 -0.362962 -0.135789
vn 0.440543 0.364870 -0.820239
v 0.121415 -0.364928 -0.150655
vn 0.389451 0.374295 -0.841565
v 0.110323 -0.359969 -0.153947
vn 0.310090 0.393051 -0.865653
v 0.090185 -0.362049 -0.163109
vn 0.356355 0.385089 -0.851303
v 0.101710 -0.367093 -0.160868
vn 0.284788 0.401718 -0.870356
v 0.083592 -0.368535 -0.168360
vn -0.045336 0.426341 -0.903426
v -0.011023 -0.361660 -0.177506
vn -0.256518 0.398889 -0.880390
v -0.070051 -0.364560 -0.168918
vn -0.350775 0.381487 -0.855234
v -0.094483 -0.368042 -0.161803
vn -0.394803 0.372678 -0.839787
v -0.105981 -0.371207 -0.158189
vn -0.426623 0.364152 -0.827881
v -0.113756 -0.363843 -0.151154
vn -0.510917 0.337719 -0.790512
v -0.131918 -0.364505 -0.140846
vn -0.598416 0.301746 -0.742192
v -0.152019 -0.359214 -0.124222
vn -0.813719 0.207056 -0.543130
v -0.189881 -0.365965 -0.085808
vn -0.908671 0.155191 -0.387600
v -0.206202 -0.364057 -0.054957
vn -0.988188 0.091997 -0.122558
v -0.218372 -0.359557 -0.009495
vn -0.994565 0.091084 -0.050438
v -0.220066 -0.365596 0.003782
vn -0.684856 0.166411 0.709422
v -0.163834 -0.357823 0.142497
vn -0.645549 0.181851 0.741752
v -0.155674 -0.361887 0.150866
vn -0.549507 0.219664 0.806095
v -0.138703 -0.348072 0.160298
vn -0.581787 0.210598 0.785603
v -0.145818 -0.341280 0.153501
vn -0.281717 0.281997 0.917122
v -0.076222 -0.355642 0.192582
vn -0.202759 0.298515 0.932619
v -0.052211 -0.364377 0.201615
vn 0.245099 0.294541 0.923673
v 0.069823 -0.361069 0.197733
vn 0.361478 0.269496 0.892583
v 0.099557 -0.356713 0.186564
vn 0.527524 0.232542 0.817094
v 0.137954 -0.354556 0.165901
vn 0.564511 0.221193 0.795237
v 0.146467 -0.364164 0.162822
vn 0.606574 0.206243 0.767809
v 0.156984 -0.349879 0.150987
vn 0.654443 0.185801 0.732928
v 0.166045 -0.358050 0.145480
vn 0.702498 0.171532 0.690705
v 0.174956 -0.365612 0.138958
vn 0.798501 0.137808 0.586008
v 0.192194 -0.365786 0.118751
vn 0.842505 0.125856 0.523781
v 0.200436 -0.371918 0.107822
vn 0.960207 0.085756 0.265797
v 0.220468 -0.364712 0.060383
vn 0.987240 0.077964 0.138850
v 0.225610 -0.372020 0.038715
vn 0.748217 0.242927 -0.617380
v 0.185292 -0.348229 -0.092387
vn 0.332609 0.378878 -0.863611
v 0.096704 -0.343377 -0.152414
vn 0.098749 0.417207 -0.903431
v 0.031171 -0.351411 -0.171501
vn -0.127268 0.407143 -0.904454
v -0.034859 -0.350554 -0.170073
vn -0.439313 0.352448 -0.826308
v -0.118073 -0.346231 -0.141251
vn -0.495987 0.335805 -0.800770
v -0.129648 -0.352072 -0.137070
vn -0.636271 0.289308 -0.715164
v -0.159005 -0.352637 -0.115629
vn -0.972127 0.103596 -0.210325
v -0.215931 -0.354113 -0.021044
vn -0.976878 0.076530 0.199629
v -0.216062 -0.347974 0.045475
vn -0.785873 0.142248 0.601805
v -0.182893 -0.344969 0.118089
vn -0.635590 0.191248 0.747964
v -0.155476 -0.349164 0.147967
vn -0.411474 0.249569 0.876587
v -0.107460 -0.351048 0.179205
vn -0.156455 0.297929 0.941679
v -0.041762 -0.344972 0.197463
vn -0.117926 0.300423 0.946488
v -0.031330 -0.350843 0.200849
vn 0.025230 0.317295 0.947991
v 0.011187 -0.364247 0.207110
vn 0.445346 0.249907 0.859776
v 0.119244 -0.348823 0.175079
vn 0.976870 0.077221 0.199402
v 0.223265 -0.362675 0.047983
vn 0.980094 0.084741 0.179543
v 0.223106 -0.350272 0.044206
vn 0.938030 0.136948 -0.318347
v 0.216903 -0.349828 -0.036587
vn 0.772152 0.237047 -0.589568
v 0.189546 -0.340706 -0.083990
vn 0.598931 0.307220 -0.739525
v 0.158109 -0.330976 -0.112022
vn 0.362000 0.371357 -0.855014
v 0.104152 -0.336536 -0.146413
vn 0.285280 0.386277 -0.877158
v 0.085366 -0.338631 -0.154315
vn 0.010186 0.412402 -0.910945
v 0.006414 -0.345634 -0.170413
vn -0.183210 0.399235 -0.898357
v -0.050700 -0.338661 -0.162042
vn -0.218025 0.395987 -0.891998
v -0.060940 -0.346021 -0.162992
vn -0.217793 0.390947 -0.894274
v -0.061687 -0.334697 -0.157821
vn -0.258714 0.394127 -0.881891
v -0.071404 -0.353381 -0.163503
vn -0.306391 0.377270 -0.873952
v -0.083420 -0.337361 -0.152599
vn -0.348034 0.368427 -0.862052
v -0.094008 -0.332808 -0.146618
vn -0.615049 0.303455 -0.727757
v -0.156585 -0.330597 -0.108774
vn -0.650331 0.283740 -0.704671
v -0.162210 -0.339747 -0.107499
vn -0.782548 0.227080 -0.579701
v -0.185004 -0.343487 -0.083946
vn -0.855311 0.191811 -0.481302
v -0.197360 -0.347927 -0.066655
vn -0.919542 0.152073 -0.362376
v -0.207904 -0.342311 -0.042722
vn -0.943670 0.095146 0.316915
v -0.209349 -0.339424 0.067143
vn -0.624044 0.197137 0.756113
v -0.154253 -0.337560 0.145891
vn -0.282092 0.272624 0.919837
v -0.077436 -0.335805 0.186284
vn -0.195450 0.289263 0.937084
v -0.052972 -0.340676 0.194042
vn -0.238088 0.284724 0.928572
v -0.063576 -0.348588 0.193969
vn -0.059279 0.297482 0.952885
v -0.015512 -0.334967 0.197338
vn -0.075545 0.299426 0.951124
v -0.019956 -0.346984 0.200789
vn -0.112645 0.295865 0.948565
v -0.029487 -0.336617 0.196601
vn -0.032026 0.300633 0.953202
v -0.007956 -0.344944 0.200809
vn 0.005441 0.299916 0.953950
v 0.004215 -0.342467 0.200184
vn 0.042263 0.298386 0.953509
v 0.016101 -0.338232 0.198602
vn 0.076687 0.299712 0.950943
v 0.025731 -0.344416 0.199928
vn 0.154552 0.292934 0.943559
v 0.047756 -0.338203 0.195224
vn 0.244549 0.284361 0.927003
v 0.071780 -0.340784 0.190887
vn 0.198532 0.287255 0.937054
v 0.059153 -0.339486 0.193506
vn 0.267756 0.282743 0.921066
v 0.077144 -0.352066 0.192911
vn 0.296886 0.278139 0.913508
v 0.084523 -0.342492 0.187726
vn 0.405099 0.257306 0.877319
v 0.110592 -0.340654 0.176926
vn 0.451024 0.250816 0.856545
v 0.121494 -0.336790 0.170459
vn 0.593191 0.208154 0.777687
v 0.155840 -0.337708 0.148637
vn 0.737642 0.160428 0.655856
v 0.181638 -0.345856 0.127101
vn 0.774698 0.155903 0.612811
v 0.188122 -0.339063 0.117639
vn 0.919994 0.122468 0.372307
v 0.212326 -0.344227 0.078093
vn 0.879022 0.229768 -0.417765
v 0.207138 -0.318289 -0.045388
vn 0.811021 0.251492 -0.528202
v 0.196974 -0.323212 -0.066204
vn 0.742111 0.265553 -0.615429
v 0.184776 -0.329450 -0.085391
vn 0.514050 0.335118 -0.789588
v 0.140670 -0.325790 -0.122491
vn 0.462164 0.346988 -0.816091
v 0.128841 -0.322591 -0.128299
vn 0.165601 0.385533 -0.907712
v 0.051566 -0.324785 -0.156785
vn 0.010773 0.386959 -0.922034
v 0.006399 -0.324547 -0.161160
vn -0.026214 0.404469 -0.914176
v -0.005432 -0.338651 -0.167133
vn -0.215566 0.381398 -0.898925
v -0.061587 -0.323556 -0.153046
vn -0.259755 0.381359 -0.887183
v -0.072749 -0.330418 -0.153036
vn -0.457006 0.345515 -0.819613
v -0.122549 -0.327224 -0.130730
vn -0.502004 0.335941 -0.796954
v -0.133009 -0.332660 -0.126797
vn -0.526084 0.328435 -0.784453
v -0.138748 -0.326242 -0.120361
vn -0.748171 0.264235 -0.608622
v -0.180306 -0.322217 -0.081223
vn -0.840903 0.220651 -0.494162
v -0.195023 -0.324350 -0.060981
vn -0.872969 0.217192 -0.436753
v -0.199871 -0.319912 -0.050000
vn -0.908632 0.189864 -0.371940
v -0.206034 -0.328932 -0.041092
vn -0.931047 0.187299 -0.313162
v -0.209096 -0.324243 -0.030352
vn -0.993091 0.114346 0.026364
v -0.217204 -0.329556 0.020841
vn -0.983847 0.123669 0.129424
v -0.215905 -0.327824 0.034834
vn -0.928317 0.132296 0.347457
v -0.206360 -0.324047 0.070580
vn -0.822083 0.165174 0.544883
v -0.189013 -0.322612 0.103641
vn -0.739854 0.181390 0.647854
v -0.175096 -0.325091 0.122547
vn -0.424970 0.248238 0.870505
v -0.111339 -0.327181 0.170528
vn 0.498034 0.238071 0.833837
v 0.132163 -0.333192 0.163392
vn 0.709689 0.201066 0.675215
v 0.178012 -0.319042 0.123831
vn 0.992637 0.120606 -0.011218
v 0.223559 -0.331625 0.015062
vn 0.651688 0.299658 -0.696784
v 0.168859 -0.320608 -0.098364
vn 0.710274 0.291333 -0.640808
v 0.178396 -0.308567 -0.083334
vn 0.564679 0.327529 -0.757537
v 0.151501 -0.313113 -0.109572
vn 0.413705 0.355590 -0.838095
v 0.117740 -0.322417 -0.134100
vn 0.277017 0.371485 -0.886149
v 0.082133 -0.315636 -0.145455
vn 0.309001 0.365457 -0.878043
v 0.090196 -0.309636 -0.140260
vn 0.242130 0.376972 -0.894017
v 0.072701 -0.322050 -0.150907
vn 0.200339 0.376667 -0.904426
v 0.061086 -0.317056 -0.151694
vn -0.092306 0.376716 -0.921718
v -0.023681 -0.315741 -0.156201
vn -0.161614 0.362638 -0.917810
v -0.043354 -0.307448 -0.150171
vn -0.304579 0.364114 -0.880144
v -0.082924 -0.314528 -0.143098
vn -0.345791 0.354306 -0.868847
v -0.092764 -0.309632 -0.137391
vn -0.380422 0.353407 -0.854624
v -0.103891 -0.314578 -0.134690
vn -0.608527 0.305739 -0.732270
v -0.155826 -0.319624 -0.104730
vn -0.652559 0.294334 -0.698236
v -0.163539 -0.315470 -0.096344
vn -0.702641 0.260863 -0.662002
v -0.170635 -0.299825 -0.082728
vn -0.959774 0.174499 0.219965
v -0.210074 -0.306755 0.049189
vn -0.750451 0.202992 0.628981
v -0.177104 -0.304273 0.113960
vn -0.686046 0.199572 0.699652
v -0.165891 -0.321106 0.131197
vn -0.665636 0.217037 0.714020
v -0.161742 -0.308132 0.131292
vn -0.575051 0.221747 0.787492
v -0.144897 -0.312670 0.146463
vn -0.540289 0.221161 0.811897
v -0.137648 -0.319393 0.153371
vn -0.490497 0.234267 0.839364
v -0.126962 -0.313949 0.158508
vn -0.440268 0.241196 0.864864
v -0.116069 -0.308995 0.163091
vn -0.212759 0.264278 0.940686
v -0.059453 -0.304701 0.182073
vn -0.163304 0.277196 0.946834
v -0.045554 -0.320311 0.189264
vn -0.037540 0.284086 0.958064
v -0.009100 -0.314648 0.191389
vn -0.003799 0.291910 0.956438
v 0.001318 -0.323617 0.194352
vn 0.054120 0.280873 0.958218
v 0.019897 -0.313799 0.190995
vn 0.194284 0.275110 0.941578
v 0.059290 -0.319699 0.187524
vn 0.315531 0.260757 0.912385
v 0.089973 -0.313455 0.177323
vn 0.370986 0.256741 0.892443
v 0.102550 -0.318826 0.174117
vn 0.463606 0.237131 0.853720
v 0.124719 -0.313390 0.162021
vn 0.578888 0.227729 0.782961
v 0.152700 -0.310617 0.143492
vn 0.623758 0.213808 0.751806
v 0.162148 -0.318944 0.138505
vn 0.882675 0.138958 0.448971
v 0.205628 -0.326098 0.087403
vn 0.912799 0.143851 0.382238
v 0.209666 -0.318215 0.076031
vn 0.956406 0.162069 0.242943
v 0.216760 -0.313875 0.052617
vn 0.721571 0.290411 -0.628488
v 0.179692 -0.298660 -0.077383
vn 0.670028 0.306582 -0.676069
v 0.171211 -0.298884 -0.086446
vn 0.621467 0.317772 -0.716100
v 0.162262 -0.299812 -0.095159
vn 0.540875 0.327264 -0.774824
v 0.144458 -0.293320 -0.106201
vn 0.467992 0.341035 -0.815278
v 0.129633 -0.302345 -0.119362
vn 0.495472 0.335549 -0.801196
v 0.135534 -0.295224 -0.112848
vn 0.419699 0.345475 -0.839345
v 0.117913 -0.300016 -0.124626
vn 0.389275 0.355261 -0.849855
v 0.111499 -0.311237 -0.132349
vn 0.237720 0.353290 -0.904807
v 0.069630 -0.298417 -0.142063
vn 0.200740 0.345287 -0.916777
v 0.058770 -0.292267 -0.142297
vn 0.064495 0.363996 -0.929165
v 0.019818 -0.304774 -0.152527
vn -0.029245 0.362945 -0.931351
v -0.005395 -0.304740 -0.152998
vn -0.072195 0.362448 -0.929204
v -0.017763 -0.304919 -0.152407
vn -0.116171 0.362178 -0.924841
v -0.030537 -0.305939 -0.151498
vn -0.207821 0.365620 -0.907267
v -0.058364 -0.310658 -0.148435
vn -0.259826 0.361674 -0.895367
v -0.072380 -0.308069 -0.143830
vn -0.445129 0.318737 -0.836819
v -0.119914 -0.299624 -0.120920
vn -0.531399 0.307471 -0.789352
v -0.138223 -0.303387 -0.111568
vn -0.575023 0.291792 -0.764334
v -0.146613 -0.299379 -0.103894
vn -0.617310 0.270288 -0.738832
v -0.154776 -0.295407 -0.095991
vn -0.665397 0.249372 -0.703605
v -0.162724 -0.291621 -0.087585
vn -0.869138 0.227265 -0.439261
v -0.197728 -0.306648 -0.047526
vn -0.952307 0.209854 -0.221525
v -0.208018 -0.295458 -0.012004
vn -0.976535 0.203293 -0.071076
v -0.212051 -0.299794 0.008217
vn -0.951265 0.203829 0.231407
v -0.207150 -0.294065 0.050626
vn -0.937352 0.189917 0.292067
v -0.206067 -0.301263 0.059962
vn -0.912143 0.196903 0.359479
v -0.201391 -0.296104 0.070085
vn -0.857729 0.198957 0.474044
v -0.193623 -0.298683 0.087831
vn -0.827218 0.196530 0.526390
v -0.189288 -0.302285 0.096535
vn -0.647844 0.219418 0.729488
v -0.156935 -0.293407 0.131076
vn -0.335476 0.261537 0.905016
v -0.091440 -0.320539 0.177093
vn -0.180262 0.257392 0.949345
v -0.050852 -0.294783 0.181069
vn -0.141793 0.266814 0.953260
v -0.039451 -0.301659 0.184891
vn -0.085402 0.280271 0.956114
v -0.023972 -0.312733 0.189892
vn -0.011757 0.267630 0.963450
v -0.000487 -0.302611 0.188137
vn 0.108278 0.262267 0.958901
v 0.035511 -0.299232 0.185508
vn 0.265223 0.263557 0.927467
v 0.077421 -0.310848 0.180595
vn 0.420098 0.244302 0.873976
v 0.114494 -0.317036 0.168288
vn 0.855679 0.202579 0.476209
v 0.200553 -0.300136 0.087181
vn 0.885182 0.208808 0.415754
v 0.203847 -0.293731 0.077744
vn 0.948732 0.189175 0.253221
v 0.213759 -0.301414 0.055251
vn 0.919517 0.198813 0.339060
v 0.209130 -0.297425 0.067322
vn 0.960012 0.204238 0.191479
v 0.213989 -0.291557 0.045591
vn 0.160657 0.353422 -0.921565
v 0.047842 -0.298645 -0.146867
vn 0.082389 0.342760 -0.935803
v 0.025322 -0.293648 -0.147865
vn -0.176254 0.331631 -0.926798
v -0.046269 -0.284728 -0.141108
vn -0.341357 0.337604 -0.877211
v -0.092007 -0.298570 -0.133300
vn -0.744035 0.208859 0.634657
v -0.174473 -0.291528 0.112852
vn -0.699806 0.214039 0.681512
v -0.167969 -0.299102 0.122320
vn -0.596041 0.227088 0.770173
v -0.147597 -0.294377 0.139138
vn -0.516613 0.231507 0.824328
v -0.131867 -0.295915 0.150432
vn -0.470552 0.231308 0.851515
v -0.121671 -0.290752 0.155047
vn -0.422307 0.229482 0.876923
v -0.110794 -0.285406 0.159218
vn -0.294028 0.234438 0.926599
v -0.080665 -0.283536 0.170605
vn -0.290123 0.250543 0.923611
v -0.079638 -0.296954 0.174435
vn 0.077684 0.257733 0.963088
v 0.026318 -0.294103 0.184946
vn 0.191878 0.258703 0.946708
v 0.058499 -0.298267 0.181619
vn 0.359429 0.242132 0.901212
v 0.100547 -0.294807 0.168272
vn 0.310466 0.244855 0.918508
v 0.089678 -0.291502 0.171305
vn 0.454519 0.239005 0.858073
v 0.122504 -0.300729 0.159646
vn 0.595854 0.219946 0.772387
v 0.156091 -0.293700 0.136114
vn 0.641070 0.212629 0.737440
v 0.163217 -0.286330 0.128144
vn 0.736028 0.206521 0.644680
v 0.180805 -0.297361 0.114029
vn 0.761447 0.270867 -0.588922
v 0.183812 -0.280315 -0.063839
vn 0.797150 0.267332 -0.541373
v 0.190848 -0.288796 -0.058269
vn 0.657346 0.291350 -0.694990
v 0.166623 -0.280044 -0.082516
vn 0.527379 0.304181 -0.793313
v 0.138686 -0.275820 -0.102990
vn 0.433504 0.314382 -0.844535
v 0.117806 -0.277717 -0.115895
vn 0.383069 0.316888 -0.867664
v 0.105853 -0.277104 -0.121332
vn 0.336836 0.316646 -0.886723
v 0.093871 -0.275784 -0.125818
vn 0.285015 0.320821 -0.903239
v 0.080187 -0.277365 -0.131075
vn 0.062559 0.329192 -0.942188
v 0.018338 -0.284790 -0.145281
vn 0.097829 0.328724 -0.939346
v 0.028311 -0.281690 -0.143330
vn -0.069973 0.330873 -0.941077
v -0.015963 -0.285644 -0.145440
vn -0.294260 0.294986 -0.909062
v -0.081243 -0.279647 -0.130342
vn -0.419348 0.246962 -0.873588
v -0.112182 -0.278606 -0.117742
vn -0.481290 0.222345 -0.847893
v -0.124980 -0.274712 -0.110020
vn -0.534469 0.233191 -0.812382
v -0.137375 -0.280323 -0.103989
vn -0.588069 0.210775 -0.780864
v -0.146264 -0.276164 -0.096664
vn -0.676480 0.217437 -0.703630
v -0.162914 -0.279958 -0.083532
vn -0.727477 0.206456 -0.654334
v -0.170817 -0.276907 -0.074429
vn -0.758644 0.222615 -0.612292
v -0.177599 -0.285330 -0.069369
vn -0.807316 0.213447 -0.550165
v -0.184482 -0.284088 -0.059597
vn -0.922756 0.196166 -0.331724
v -0.200174 -0.279811 -0.027225
vn -0.974354 0.203204 -0.096651
v -0.207545 -0.280926 0.004646
vn -0.971939 0.209151 0.107657
v -0.206711 -0.277249 0.032008
vn -0.934942 0.203327 0.290761
v -0.200934 -0.277764 0.060149
vn -0.903541 0.200825 0.378527
v -0.195971 -0.272242 0.070643
vn -0.907184 0.200707 0.369775
v -0.198612 -0.284229 0.070589
vn -0.869826 0.199767 0.451105
v -0.192520 -0.279724 0.081469
vn -0.550194 0.214343 0.807059
v -0.137193 -0.277411 0.141858
vn -0.466049 0.222600 0.856299
v -0.119311 -0.278772 0.153096
vn -0.255962 0.233573 0.938044
v -0.070191 -0.281078 0.173041
vn -0.185010 0.239037 0.953222
v -0.051665 -0.284018 0.178134
vn -0.102532 0.243050 0.964580
v -0.027346 -0.281952 0.181234
vn -0.057501 0.242335 0.968487
v -0.014907 -0.281784 0.182228
vn 0.128776 0.237479 0.962819
v 0.041179 -0.277687 0.179188
vn 0.226061 0.229476 0.946698
v 0.067626 -0.276669 0.173972
vn 0.388381 0.235055 0.891016
v 0.106093 -0.285041 0.163358
vn 0.469876 0.221847 0.854401
v 0.123876 -0.278206 0.152789
vn 0.512910 0.223420 0.828859
v 0.134362 -0.282729 0.147839
vn 0.685490 0.209367 0.697330
v 0.170201 -0.279317 0.119577
vn 0.889465 0.191205 0.415081
v 0.200738 -0.276397 0.075956
vn 0.797784 0.251755 -0.547868
v 0.185960 -0.263523 -0.053305
vn 0.275553 0.302188 -0.912553
v 0.075884 -0.263198 -0.127602
vn 0.148743 0.306730 -0.940102
v 0.042063 -0.264347 -0.135731
vn -0.283127 0.252693 -0.925195
v -0.081496 -0.267246 -0.126547
vn -0.596156 0.187279 -0.780721
v -0.146424 -0.264207 -0.093537
vn -0.660273 0.178402 -0.729529
v -0.156437 -0.258649 -0.083896
vn -0.933785 0.205450 0.292976
v -0.198692 -0.267291 0.060306
vn -0.867533 0.202841 0.454139
v -0.189385 -0.266183 0.081648
vn -0.437676 0.207506 0.874861
v -0.110871 -0.258996 0.152683
vn -0.375908 0.207105 0.903217
v -0.099071 -0.260947 0.158557
vn -0.202104 0.220813 0.954147
v -0.055453 -0.265159 0.172830
vn -0.001471 0.231341 0.972872
v 0.002486 -0.269461 0.179754
vn 0.051413 0.223625 0.973318
v 0.017958 -0.266245 0.178580
vn 0.180696 0.229736 0.956332
v 0.055164 -0.273787 0.175913
vn 0.220936 0.216290 0.951003
v 0.065808 -0.265273 0.171732
vn 0.312300 0.214074 0.925549
v 0.087029 -0.265755 0.165804
vn 0.499780 0.207801 0.840856
v 0.130724 -0.268805 0.146470
vn 0.602079 0.201241 0.772660
v 0.154333 -0.261792 0.128704
vn 0.893233 0.193591 0.405781
v 0.198693 -0.260652 0.073255
vn 0.899707 0.227367 -0.372601
v 0.201997 -0.268465 -0.026193
vn 0.655633 0.277912 -0.702076
v 0.164905 -0.269749 -0.080002
vn 0.514532 0.291061 -0.806561
v 0.134470 -0.264687 -0.101606
vn 0.472839 0.288183 -0.832691
v 0.124504 -0.255588 -0.104388
vn 0.435320 0.294623 -0.850702
v 0.115857 -0.259106 -0.110262
vn 0.395659 0.295032 -0.869718
v 0.106229 -0.257149 -0.114232
vn 0.021348 0.315464 -0.948697
v 0.006956 -0.268587 -0.140342
vn 0.010094 0.313887 -0.949407
v 0.003599 -0.257012 -0.136575
vn -0.031203 0.309357 -0.950434
v -0.004837 -0.265370 -0.139202
vn -0.076861 0.310175 -0.947568
v -0.015378 -0.263433 -0.137938
vn -0.177548 0.307549 -0.934821
v -0.047551 -0.270295 -0.135912
vn -0.236184 0.254002 -0.937923
v -0.070922 -0.259815 -0.127452
vn -0.215444 0.240885 -0.946339
v -0.071846 -0.246961 -0.123967
vn -0.430678 0.206088 -0.878660
v -0.115096 -0.264662 -0.112859
vn -0.429120 0.187221 -0.883631
v -0.115096 -0.252173 -0.110124
vn -0.603725 0.173993 -0.777974
v -0.145046 -0.241662 -0.089451
vn -0.979018 0.202561 -0.022208
v -0.203731 -0.258380 0.012854
vn -0.941004 0.213595 0.262468
v -0.198126 -0.258357 0.055313
vn -0.786245 0.199326 0.584883
v -0.176461 -0.259820 0.099940
vn -0.643752 0.196313 0.739625
v -0.153018 -0.265112 0.126509
vn -0.457839 0.198678 0.866551
v -0.114759 -0.246467 0.147768
vn -0.337270 0.202064 0.919467
v -0.089968 -0.251946 0.160056
vn -0.056917 0.203331 0.977454
v -0.014382 -0.253371 0.175673
vn -0.016313 0.195173 0.980633
v -0.001844 -0.249238 0.175298
vn 0.064750 0.201748 0.977295
v 0.021101 -0.252026 0.175320
vn 0.268230 0.211353 0.939884
v 0.076261 -0.258663 0.167571
vn 0.348652 0.209105 0.913628
v 0.095882 -0.261307 0.161596
vn 0.394028 0.209755 0.894844
v 0.106212 -0.263294 0.157830
vn 0.416134 0.199298 0.887194
v 0.110841 -0.254172 0.153633
vn 0.658371 0.200364 0.725535
v 0.162525 -0.259172 0.121199
vn 0.969580 0.195498 0.147293
v 0.209948 -0.267604 0.040258
vn 0.960232 0.207082 0.187272
v 0.206777 -0.256387 0.045564
vn 0.972922 0.218078 0.076583
v 0.208417 -0.255741 0.031956
vn 0.893166 0.260422 -0.366654
v 0.196211 -0.242751 -0.023174
vn 0.817102 0.270287 -0.509205
v 0.183215 -0.230056 -0.040805
vn 0.784748 0.264941 -0.560337
v 0.182755 -0.251267 -0.052229
vn 0.734803 0.274327 -0.620330
v 0.174702 -0.245363 -0.059806
vn 0.522318 0.277470 -0.806346
v 0.133714 -0.238931 -0.093092
vn 0.478640 0.280533 -0.831989
v 0.124599 -0.243836 -0.100313
vn 0.193909 0.300616 -0.933825
v 0.054376 -0.257543 -0.131269
vn -0.016101 0.318529 -0.947776
v -0.001177 -0.245910 -0.132858
vn -0.042933 0.319968 -0.946455
v -0.005795 -0.234741 -0.128925
vn -0.071480 0.321107 -0.944342
v -0.014241 -0.244348 -0.131696
vn -0.079720 0.318774 -0.944472
v -0.019059 -0.233931 -0.127693
vn -0.118988 0.300883 -0.946209
v -0.038680 -0.239522 -0.127520
vn -0.096964 0.310780 -0.945523
v -0.029922 -0.234114 -0.126725
vn -0.152018 0.285461 -0.946257
v -0.049324 -0.245840 -0.127973
vn -0.168577 0.260667 -0.950597
v -0.060695 -0.240242 -0.124379
vn -0.369118 0.182270 -0.911334
v -0.103322 -0.244203 -0.113660
vn -0.677925 0.189296 -0.710341
v -0.154807 -0.233966 -0.079124
vn -0.725052 0.181566 -0.664329
v -0.167172 -0.257978 -0.073082
vn -0.756439 0.186074 -0.627037
v -0.170484 -0.247917 -0.066354
vn -0.921679 0.220834 -0.318968
v -0.192355 -0.238219 -0.024180
vn -0.962319 0.244970 -0.118033
v -0.197720 -0.236781 0.000309
vn -0.965374 0.248556 0.079196
v -0.199188 -0.240825 0.025538
vn -0.907287 0.252517 0.336251
v -0.188353 -0.232326 0.064329
vn -0.849700 0.238312 0.470338
v -0.179972 -0.234251 0.083933
vn -0.791612 0.214151 0.572267
v -0.174939 -0.247115 0.097408
vn -0.706596 0.213479 0.674647
v -0.159301 -0.238704 0.113177
vn -0.650840 0.208498 0.730025
v -0.151291 -0.240987 0.121630
vn -0.508132 0.194701 0.838984
v -0.125252 -0.241082 0.140600
vn -0.134553 0.198235 0.970875
v -0.036363 -0.249211 0.172582
vn 0.027506 0.190400 0.981321
v 0.010540 -0.245259 0.174480
vn 0.103922 0.191194 0.976035
v 0.032392 -0.245790 0.173038
vn 0.137692 0.204901 0.969049
v 0.043231 -0.252396 0.173050
vn 0.496221 0.197671 0.845394
v 0.128650 -0.254633 0.144368
vn 0.633552 0.203269 0.746521
v 0.155341 -0.238930 0.121791
vn 0.926257 0.255026 0.277506
v 0.199083 -0.236048 0.056469
vn 0.951440 0.259679 0.165313
v 0.201842 -0.234762 0.043415
vn 0.942476 0.263491 -0.205698
v 0.200675 -0.234088 -0.001159
vn 0.729202 0.272280 -0.627796
v 0.171203 -0.232416 -0.058252
vn 0.572279 0.273684 -0.773042
v 0.142273 -0.233935 -0.085460
vn 0.485391 0.266778 -0.832601
v 0.123434 -0.231735 -0.096916
vn 0.311787 0.263809 -0.912795
v 0.083066 -0.231471 -0.115334
vn 0.044214 0.310394 -0.949579
v 0.015729 -0.229785 -0.127317
vn -0.012328 0.318294 -0.947912
v 0.003356 -0.226146 -0.126348
vn -0.308105 0.189456 -0.932297
v -0.095309 -0.233016 -0.114446
vn -0.757696 0.208806 -0.618302
v -0.167015 -0.225097 -0.063526
vn -0.947204 0.250479 0.200161
v -0.191368 -0.221261 0.043602
vn -0.612193 0.203303 0.764125
v -0.143365 -0.232631 0.126034
vn -0.555227 0.195501 0.808395
v -0.134576 -0.236655 0.133594
vn -0.373131 0.181016 0.909949
v -0.094835 -0.228393 0.153204
vn -0.245810 0.185373 0.951428
v -0.066370 -0.236516 0.164191
vn -0.081159 0.163378 0.983220
v -0.019804 -0.231894 0.171163
vn -0.041403 0.145642 0.988471
v -0.007580 -0.227363 0.171212
vn -0.007328 0.170157 0.985390
v 0.001349 -0.236705 0.172940
vn 0.449009 0.187763 0.873577
v 0.115772 -0.233368 0.146559
vn 0.475930 0.166384 0.863601
v 0.120167 -0.220009 0.141544
vn 0.542349 0.194001 0.817448
v 0.137467 -0.236132 0.134591
vn 0.964205 0.233550 -0.125551
v 0.195115 -0.206441 0.009973
vn 0.772732 0.266626 -0.576017
v 0.176011 -0.227514 -0.049975
vn 0.151356 0.291602 -0.944489
v 0.048286 -0.219247 -0.120516
vn 0.097084 0.320240 -0.942349
v 0.035665 -0.212458 -0.120031
vn 0.074932 0.314104 -0.946427
v 0.025013 -0.222006 -0.124141
vn -0.121889 0.260425 -0.957769
v -0.060133 -0.215632 -0.117961
vn -0.436819 0.174769 -0.882408
v -0.116011 -0.223110 -0.104186
vn -0.650845 0.197434 -0.733090
v -0.147573 -0.219414 -0.082033
vn -0.799667 0.237902 -0.551303
v -0.170958 -0.215069 -0.054585
vn -0.942664 0.242154 -0.229664
v -0.191118 -0.220977 -0.013611
vn -0.957989 0.248668 -0.142904
v -0.194390 -0.226312 -0.004049
vn -0.966798 0.252145 -0.041533
v -0.195081 -0.224570 0.008528
vn -0.962565 0.247449 0.110622
v -0.192761 -0.218913 0.030945
vn -0.855502 0.232142 0.462846
v -0.175390 -0.214954 0.082344
vn -0.628107 0.193429 0.753702
v -0.143783 -0.220121 0.122387
vn -0.480042 0.174688 0.859676
v -0.115734 -0.220103 0.141389
vn -0.198980 0.159315 0.966967
v -0.050926 -0.221750 0.165005
vn 0.623689 0.182824 0.759992
v 0.148155 -0.216439 0.121993
vn 0.711764 0.199880 0.673379
v 0.164313 -0.221786 0.108429
vn 0.910471 0.243371 0.334385
v 0.194136 -0.226287 0.063077
vn 0.963765 0.262907 0.045134
v 0.202977 -0.232953 0.028827
vn 0.815584 0.251292 -0.521224
v 0.176867 -0.206079 -0.038579
vn 0.791824 0.261563 -0.551905
v 0.176513 -0.217558 -0.044703
vn 0.048288 0.352499 -0.934565
v 0.021661 -0.210182 -0.120308
vn -0.331967 0.219700 -0.917349
v -0.100742 -0.201137 -0.106179
vn -0.705345 0.223280 -0.672781
v -0.155374 -0.211669 -0.072282
vn -0.970320 0.226641 0.084337
v -0.190402 -0.207215 0.025438
vn -0.880266 0.212000 0.424485
v -0.175970 -0.204608 0.076012
vn -0.721617 0.186739 0.666632
v -0.154072 -0.205356 0.108572
vn -0.491927 0.158615 0.856066
v -0.116167 -0.207318 0.138691
vn -0.439980 0.161897 0.883293
v -0.106001 -0.211860 0.144987
vn -0.289542 0.156014 0.944365
v -0.074785 -0.214654 0.157790
vn -0.166819 0.105060 0.980374
v -0.035583 -0.204352 0.165463
vn -0.085507 0.092254 0.992057
v -0.015913 -0.206560 0.168278
vn -0.039256 0.068570 0.996874
v -0.004217 -0.200560 0.168516
vn 0.404249 0.151137 0.902076
v 0.103340 -0.211628 0.148379
vn 0.371573 0.163917 0.913819
v 0.096912 -0.219845 0.152589
vn 0.558631 0.153959 0.815002
v 0.133641 -0.205523 0.130444
vn 0.609744 0.160189 0.776242
v 0.142724 -0.203934 0.123474
vn 0.735627 0.190673 0.649997
v 0.165645 -0.210238 0.103618
vn 0.854111 0.216405 0.472931
v 0.184095 -0.217957 0.080325
vn 0.928540 0.226964 0.293771
v 0.192931 -0.214721 0.058041
vn 0.956344 0.228076 0.182724
v 0.195590 -0.212960 0.045945
vn 0.944611 0.210424 0.251857
v 0.191701 -0.203442 0.053087
vn 0.970006 0.240170 -0.037494
v 0.197235 -0.211835 0.019775
vn 0.867605 0.247300 -0.431399
v 0.183671 -0.206384 -0.026894
vn 0.835314 0.261778 -0.483448
v 0.177988 -0.194414 -0.031267
vn 0.588457 0.263680 -0.764324
v 0.138607 -0.197614 -0.076182
vn 0.189916 0.422617 -0.886187
v 0.078758 -0.183223 -0.101408
vn 0.172915 0.343245 -0.923192
v 0.060385 -0.201503 -0.112648
vn -0.018921 0.372492 -0.927843
v -0.035906 -0.195662 -0.113054
vn -0.042336 0.312564 -0.948953
v -0.057803 -0.191860 -0.110984
vn -0.096990 0.271611 -0.957507
v -0.069352 -0.196489 -0.111598
vn -0.468841 0.211282 -0.857641
v -0.119000 -0.202154 -0.098135
vn -0.761597 0.350508 -0.545082
v -0.161855 -0.189976 -0.054483
vn -0.135609 0.087148 0.986922
v -0.025845 -0.199873 0.166572
vn 0.016865 0.043165 0.998926
v 0.009113 -0.192825 0.168283
vn 0.089730 0.037834 0.995247
v 0.024061 -0.189399 0.167420
vn 0.244633 0.086234 0.965773
v 0.058341 -0.195658 0.161732
vn 0.310772 0.129349 0.941642
v 0.078398 -0.206333 0.157070
vn 0.296067 0.097993 0.950127
v 0.071156 -0.195289 0.158060
vn 0.553957 0.143759 0.820039
v 0.129167 -0.185275 0.130118
vn 0.075244 0.479388 -0.874372
v 0.043079 -0.178396 -0.103837
vn 0.051823 0.472900 -0.879591
v 0.031311 -0.181389 -0.106317
vn 0.030296 0.427675 -0.903425
v 0.010504 -0.176591 -0.104818
vn -0.029493 0.426958 -0.903790
v -0.007709 -0.192251 -0.112230
vn -0.045656 0.398698 -0.915945
v -0.014723 -0.200903 -0.115933
vn 0.019093 0.384861 -0.922777
v -0.036263 -0.177570 -0.105527
vn -0.136395 0.265138 -0.954515
v -0.079092 -0.189692 -0.108641
vn -0.240382 0.239087 -0.940773
v -0.090076 -0.194676 -0.107868
vn -0.334574 0.299844 -0.893394
v -0.100218 -0.186119 -0.102223
vn -0.941033 0.280417 -0.189268
v -0.185035 -0.187361 -0.004817
vn -0.971837 0.226434 -0.065275
v -0.187687 -0.193067 0.006005
vn -0.970168 0.217952 0.106170
v -0.186590 -0.191082 0.028356
vn -0.938275 0.196625 0.284567
v -0.182087 -0.195637 0.055425
vn -0.701934 0.165599 0.692723
v -0.148033 -0.193278 0.112019
vn -0.632599 0.155649 0.758678
v -0.138500 -0.191252 0.120334
vn -0.464729 0.137233 0.874754
v -0.106565 -0.186295 0.140500
vn 0.050822 0.027041 0.998342
v 0.015755 -0.180405 0.167719
vn 0.001089 0.022457 0.999747
v 0.007056 -0.172160 0.167751
vn 0.254350 0.050754 0.965780
v 0.054567 -0.173547 0.161238
vn 0.372477 0.100051 0.922633
v 0.088972 -0.183120 0.150476
vn 0.640707 0.151535 0.752683
v 0.145110 -0.192138 0.119254
vn 0.585090 0.139685 0.798848
v 0.136180 -0.194323 0.126674
vn 0.690989 0.168611 0.702926
v 0.153534 -0.190315 0.111190
vn 0.744561 0.185267 0.641331
v 0.161850 -0.189061 0.102059
vn 0.862906 0.216110 0.456826
v 0.178874 -0.185545 0.076375
vn 0.904550 0.233920 0.356469
v 0.183688 -0.184114 0.065041
vn 0.957656 0.205048 0.202115
v 0.190658 -0.192500 0.047825
vn 0.971077 0.218138 0.097090
v 0.192272 -0.191505 0.036155
vn 0.974827 0.222851 -0.007014
v 0.192750 -0.191082 0.024094
vn 0.086504 0.474689 -0.875893
v 0.045638 -0.168484 -0.098198
vn 0.098920 0.462142 -0.881272
v 0.036607 -0.160261 -0.094851
vn 0.110374 0.472460 -0.874414
v 0.056289 -0.176043 -0.101301
vn 0.056538 0.441639 -0.895410
v 0.022018 -0.173604 -0.102787
vn -0.924870 0.361263 0.118765
v -0.178282 -0.165524 0.033254
vn -0.418736 0.135032 0.898013
v -0.097137 -0.179639 0.144206
vn -0.363043 0.124447 0.923425
v -0.085955 -0.181026 0.149161
vn -0.309730 0.104885 0.945022
v -0.072085 -0.178869 0.153794
vn -0.160255 0.046685 0.985971
v -0.025184 -0.175027 0.165055
vn 0.123376 0.032247 0.991836
v 0.028659 -0.177672 0.166503
vn 0.192545 0.037920 0.980555
v 0.041675 -0.175642 0.164323
vn 0.444172 0.131408 0.886252
v 0.103001 -0.169514 0.142519
vn 0.496736 0.154837 0.853978
v 0.113836 -0.167329 0.136362
vn 0.643017 0.207509 0.737204
v 0.140460 -0.169679 0.117922
vn 0.698965 0.226709 0.678271
v 0.149074 -0.167872 0.109248
vn 0.179740 0.476601 -0.860549
v 0.064657 -0.149260 -0.084262
vn 0.112934 0.481435 -0.869176
v 0.048567 -0.158756 -0.092500
vn 0.031158 0.473514 -0.880235
v 0.005658 -0.159106 -0.096696
vn -0.781369 0.428278 -0.453917
v -0.164809 -0.171404 -0.034434
vn -0.845533 0.440739 -0.301368
v -0.175800 -0.169224 -0.009505
vn -0.702745 0.198804 0.683101
v -0.138094 -0.156668 0.111050
vn -0.200664 0.014817 0.979548
v -0.030922 -0.152632 0.163212
vn 0.014268 0.014803 0.999789
v 0.008934 -0.159731 0.167517
vn 0.688697 0.199642 0.697022
v 0.142980 -0.157019 0.111742
vn 0.039073 0.426797 -0.903503
v -0.007452 -0.141138 -0.087329
vn -0.198101 -0.000860 0.980181
v -0.030420 -0.145221 0.163322
vn -0.061812 0.022032 0.997845
v -0.003238 -0.165037 0.167259
vn 0.021053 -0.001920 0.999777
v 0.009581 -0.145222 0.167402
vn 0.185877 0.013194 0.982484
v 0.038699 -0.155030 0.164394
vn 0.099528 0.006389 0.995014
v 0.023721 -0.154925 0.166551
vn 0.253746 0.021412 0.967034
v 0.049490 -0.154160 0.161940
vn -0.017669 0.228732 -0.973329
v -0.003634 -0.723807 -0.290073
vn -0.940446 0.257627 0.221790
v -0.272393 -0.707170 0.066126
vn -0.955451 0.276033 -0.104499
v -0.264986 -0.653468 -0.030407
vn -0.556761 0.156176 -0.815859
v -0.142808 -0.633163 -0.225513
vn -0.038268 0.070199 0.996799
v -0.006728 -0.624620 0.270021
vn 0.741412 0.138717 0.656556
v 0.198479 -0.629531 0.182395
vn -0.724683 0.108690 0.680457
v -0.183089 -0.613457 0.188093
vn -0.854067 0.134450 0.502486
v -0.217181 -0.602981 0.140666
vn -0.808736 0.122946 0.575179
v -0.205276 -0.603905 0.159276
vn 0.717676 0.153057 -0.679349
v 0.188510 -0.596850 -0.185904
vn -0.591724 0.142330 -0.793476
v -0.148307 -0.604193 -0.216536
vn -0.919411 0.160151 0.359213
v -0.233506 -0.589657 0.102436
vn -0.810006 0.146781 0.567755
v -0.202582 -0.580559 0.157577
vn 0.656343 0.204251 -0.726289
v 0.169120 -0.560340 -0.195691
vn 0.320333 0.168369 0.932222
v 0.082154 -0.556447 0.250101
vn -0.144115 0.423636 -0.894295
v -0.037371 -0.408313 -0.196872
vn 0.159609 0.402218 -0.901524
v 0.050045 -0.345808 -0.166335
vn 0.147527 0.259375 0.954443
v 0.046304 -0.298580 0.183852
vn 0.816690 0.206908 0.538709
v 0.193571 -0.294908 0.096533
vn -0.552574 0.227029 0.801947
v -0.139190 -0.289463 0.143764
vn 0.265091 0.241345 0.933531
v 0.076960 -0.286384 0.173951
vn -0.030618 0.330141 -0.943435
v -0.005643 -0.284383 -0.145560
vn -0.103904 0.329021 -0.938589
v -0.024983 -0.280651 -0.142848
vn -0.833984 0.208513 0.510874
v -0.188792 -0.289782 0.092308
vn -0.210256 0.283594 -0.935610
v -0.059283 -0.264935 -0.131757
vn -0.827164 0.193297 0.527671
v -0.183084 -0.266703 0.092692
vn -0.326728 0.211636 0.921118
v -0.088169 -0.264463 0.163479
vn 0.921290 0.189406 0.339634
v 0.203590 -0.266807 0.064512
vn 0.350317 0.292684 -0.889727
v 0.094648 -0.255332 -0.118577
vn 0.230606 0.302891 -0.924704
v 0.063908 -0.263925 -0.131178
vn -0.956529 0.207832 0.204594
v -0.203019 -0.271549 0.046818
vn -0.588998 0.196607 0.783854
v -0.143643 -0.257645 0.132260
vn -0.181980 0.195534 0.963665
v -0.049486 -0.246254 0.169913
vn 0.187762 0.292565 -0.937631
v 0.053064 -0.245093 -0.127629
vn -0.082968 0.310449 -0.946962
v -0.026217 -0.224883 -0.124072
vn 0.193266 0.284743 -0.938919
v 0.059822 -0.213355 -0.116686
vn 0.018442 0.421069 -0.906841
v 0.017738 -0.197360 -0.115015
vn 0.415095 0.113775 0.902636
v 0.100564 -0.181262 0.145277
vn 0.051573 0.439125 -0.896945
v 0.013147 -0.165636 -0.099698
vn -0.314096 0.076288 0.946321
v -0.091869 -0.793635 0.285907
vn -0.277723 0.073731 0.957828
v -0.080576 -0.793623 0.289410
vn -0.645571 0.183591 0.741305
v -0.189753 -0.761405 0.225400
vn -0.506219 0.197094 0.839581
v -0.147099 -0.754551 0.254376
vn -0.423706 0.203591 0.882623
v -0.123960 -0.753713 0.266653
vn -0.353530 0.201854 0.913385
v -0.102513 -0.754396 0.276080
vn -0.276265 0.201099 0.939807
v -0.080096 -0.754436 0.283690
vn 0.439030 0.179046 0.880452
v 0.135383 -0.763396 0.266759
vn 0.945754 0.195038 0.259826
v 0.288989 -0.757258 0.078337
vn 0.900386 0.199012 -0.386909
v 0.274616 -0.744256 -0.117358
vn 0.861123 0.203138 -0.466049
v 0.263877 -0.744805 -0.139756
vn 0.820768 0.183594 -0.540956
v 0.251997 -0.752229 -0.162450
vn 0.732713 0.202737 -0.649638
v 0.224971 -0.745764 -0.195737
vn 0.676163 0.189420 -0.711986
v 0.208782 -0.748145 -0.213250
vn 0.672919 0.145455 -0.725274
v 0.208216 -0.762356 -0.217091
vn 0.497708 0.206412 -0.842425
v 0.153233 -0.743181 -0.254023
vn 0.424904 0.204386 -0.881864
v 0.131809 -0.744225 -0.265713
vn 0.287154 0.204506 -0.935799
v 0.090577 -0.744591 -0.281930
vn 0.207570 0.206216 -0.956237
v 0.066716 -0.743391 -0.287920
vn -0.643050 0.206946 -0.737333
v -0.190304 -0.743307 -0.221849
vn -0.701845 0.200691 -0.683474
v -0.209098 -0.745983 -0.204808
vn -0.756126 0.198149 -0.623707
v -0.224389 -0.745626 -0.187592
vn -0.802962 0.197920 -0.562210
v -0.238487 -0.745599 -0.169039
vn -0.844865 0.197733 -0.497097
v -0.251103 -0.745642 -0.149427
vn -0.912528 0.202007 -0.355647
v -0.271565 -0.745308 -0.107137
vn -0.959137 0.188230 -0.211250
v -0.285302 -0.746546 -0.062399
vn -0.982650 0.162781 -0.088890
v -0.292388 -0.757094 -0.029461
vn -0.965488 0.216659 0.144537
v -0.287124 -0.748178 0.042887
vn -0.634104 0.210502 0.744044
v -0.186630 -0.750511 0.225129
vn 0.978084 0.200261 -0.056981
v 0.297638 -0.751281 -0.025561
vn -0.974998 0.200973 -0.094812
v -0.289746 -0.744044 -0.031325
vn -0.973945 0.209503 0.086831
v -0.289420 -0.742485 0.012448
vn 0.974973 0.219693 -0.034101
v 0.296520 -0.743979 -0.015723
vn 0.958499 0.194421 -0.208517
v 0.291103 -0.744504 -0.067520
vn 0.917472 0.237023 -0.319477
v 0.278643 -0.724573 -0.094827
vn 0.894374 0.267044 -0.358863
v 0.268444 -0.702767 -0.105735
vn -0.497919 0.245484 -0.831754
v -0.144710 -0.713806 -0.246535
vn -0.561358 0.242840 -0.791142
v -0.163128 -0.716543 -0.235399
vn 0.859429 0.250655 0.445594
v 0.257522 -0.715574 0.132715
vn -0.740742 0.262115 -0.618544
v -0.215337 -0.703558 -0.182591
vn -0.955937 0.275466 -0.101506
v -0.278521 -0.699055 -0.030977
vn -0.040322 0.230995 0.972119
v -0.007836 -0.690342 0.280026
vn 0.349688 0.251034 -0.902607
v 0.107303 -0.701474 -0.265118
vn 0.940861 0.272016 0.201962
v 0.276625 -0.690054 0.059129
vn 0.922092 0.283404 -0.263493
v 0.273045 -0.684876 -0.076321
vn 0.198123 0.223271 -0.954409
v 0.058382 -0.673106 -0.272208
vn 0.716641 0.254451 -0.649369
v 0.206779 -0.668024 -0.186313
vn 0.663944 0.248284 -0.705361
v 0.191247 -0.668045 -0.202160
vn 0.632949 0.249469 -0.732899
v 0.184313 -0.674015 -0.210523
vn -0.692683 0.228680 0.684029
v -0.190522 -0.671438 0.194560
vn -0.311434 0.204838 0.927928
v -0.082815 -0.672227 0.262187
vn -0.068406 0.185318 0.980295
v -0.015383 -0.669103 0.274997
vn 0.150804 0.204183 0.967247
v 0.045940 -0.675981 0.273834
vn 0.487412 0.205112 -0.848739
v 0.137468 -0.655793 -0.238513
vn 0.194107 0.187444 -0.962906
v 0.056895 -0.657769 -0.269187
vn -0.328973 0.176704 0.927660
v -0.085768 -0.660881 0.258824
vn -0.078656 0.165947 -0.982993
v -0.016845 -0.649193 -0.272235
vn -0.450663 0.183887 -0.873549
v -0.118008 -0.650062 -0.243625
vn -0.515200 0.192107 -0.835262
v -0.136152 -0.649930 -0.233359
vn 0.305639 0.161728 -0.938312
v 0.085951 -0.643913 -0.259058
vn -0.970870 0.237296 0.033191
v -0.261993 -0.637194 0.005215
vn -0.618052 0.126209 0.775940
v -0.158453 -0.633265 0.213908
vn 0.974449 0.221537 -0.037007
v 0.268621 -0.636789 -0.015496
vn 0.971749 0.208851 -0.109933
v 0.264801 -0.625601 -0.033942
vn -0.824638 0.178599 -0.536726
v -0.214778 -0.622264 -0.149265
vn 0.978626 0.184442 -0.090953
v 0.263517 -0.615544 -0.026523
vn -0.983349 0.164753 0.076694
v -0.254634 -0.605449 0.022390
vn 0.000430 0.070143 0.997537
v 0.002889 -0.614297 0.269529
vn 0.714970 0.123929 0.688084
v 0.190276 -0.625041 0.190452
vn 0.973747 0.174644 -0.146002
v 0.256590 -0.585980 -0.040501
vn -0.677827 0.146073 -0.720564
v -0.170191 -0.596069 -0.196651
vn -0.318933 0.070099 0.945181
v -0.076245 -0.606716 0.256046
vn 0.822160 0.166991 -0.544212
v 0.214874 -0.590389 -0.151064
vn -0.536438 0.164920 -0.827669
v -0.130932 -0.583438 -0.224769
vn -0.984568 0.170731 -0.038434
v -0.252560 -0.589249 -0.011215
vn 0.954800 0.197425 -0.222216
v 0.248238 -0.563914 -0.061981
vn -0.497458 0.176734 -0.849294
v -0.120734 -0.576667 -0.229653
vn -0.918775 0.177287 -0.352733
v -0.232065 -0.575820 -0.098285
vn -0.898880 0.172540 0.402796
v -0.224175 -0.563260 0.113165
vn 0.848050 0.163900 0.503933
v 0.219121 -0.568162 0.139882
vn 0.934640 0.193839 -0.298117
v 0.242555 -0.562186 -0.081465
vn -0.098358 0.219083 -0.970736
v -0.021433 -0.559457 -0.258294
vn -0.554541 0.144939 0.819437
v -0.133999 -0.567644 0.222753
vn -0.623784 0.191548 0.757762
v -0.149115 -0.529091 0.203213
vn 0.758398 0.177896 0.627045
v 0.191746 -0.540669 0.170837
vn -0.728775 0.187920 0.658462
v -0.175944 -0.532214 0.178377
vn -0.231567 0.224990 0.946444
v -0.052424 -0.520820 0.249613
vn -0.951147 0.201537 0.233886
v -0.231236 -0.516315 0.064488
vn 0.251399 0.365707 -0.896134
v 0.066574 -0.486192 -0.227304
vn -0.797954 0.212077 0.564174
v -0.185178 -0.471287 0.146172
vn 0.934729 0.238049 -0.263845
v 0.228338 -0.476629 -0.060812
vn -0.926242 0.202847 -0.317692
v -0.214286 -0.458828 -0.070763
vn 0.902949 0.197451 0.381700
v 0.216600 -0.468429 0.100927
vn 0.639860 0.302089 -0.706627
v 0.158461 -0.448249 -0.160290
vn 0.059811 0.417447 -0.906731
v 0.016517 -0.455459 -0.222294
vn -0.982232 0.144546 0.119692
v -0.224531 -0.455528 0.034723
vn -0.892913 0.183835 0.410987
v -0.204413 -0.461320 0.108417
vn -0.742046 0.210605 0.636407
v -0.171145 -0.459749 0.160125
vn -0.644791 0.205568 0.736197
v -0.148514 -0.443561 0.178257
vn -0.876302 0.149870 -0.457857
v -0.200106 -0.428156 -0.091049
vn 0.554492 0.219236 0.802792
v 0.137652 -0.421415 0.185189
vn 0.676382 0.189455 0.711768
v 0.163855 -0.438184 0.168241
vn 0.829807 0.179566 -0.528372
v 0.197365 -0.422419 -0.104563
vn -0.904613 0.142328 -0.401769
v -0.205785 -0.435553 -0.081737
vn -0.913089 0.116318 -0.390818
v -0.207580 -0.416862 -0.071923
vn 0.115772 0.436891 -0.892033
v 0.034724 -0.415296 -0.201522
vn -0.408895 0.266647 0.872756
v -0.102647 -0.397713 0.195439
vn -0.575149 0.313220 -0.755709
v -0.144619 -0.398397 -0.146424
vn -0.689726 0.273918 -0.670259
v -0.167557 -0.389814 -0.122683
vn -0.809256 0.213141 -0.547426
v -0.188419 -0.392794 -0.098087
vn -0.979769 0.062298 0.190187
v -0.218901 -0.392873 0.047207
vn -0.811374 0.135735 0.568549
v -0.186626 -0.391053 0.123831
vn 0.138542 0.425717 -0.894188
v 0.042918 -0.396201 -0.191118
vn -0.959481 0.080447 0.270045
v -0.214402 -0.377440 0.061172
vn 0.995508 0.085047 -0.041611
v 0.227266 -0.375389 0.005134
vn -0.555742 0.325059 -0.765172
v -0.142029 -0.372473 -0.137353
vn -0.952661 0.078545 0.293712
v -0.212661 -0.365520 0.063799
vn -0.915873 0.090955 0.391029
v -0.205262 -0.367772 0.084586
vn 0.607788 0.210965 0.765564
v 0.154801 -0.373110 0.159071
vn 0.874570 0.107830 0.472758
v 0.206234 -0.364252 0.096222
vn 0.997171 0.075141 -0.002016
v 0.226701 -0.365801 0.014194
vn -0.858823 0.108652 0.500617
v -0.195063 -0.354980 0.102271
vn -0.500865 0.235568 0.832852
v -0.127105 -0.347279 0.167538
vn 0.122731 0.299667 0.946117
v 0.037740 -0.343710 0.198449
vn 0.897274 0.110893 0.427320
v 0.209315 -0.352509 0.087576
vn 0.982937 0.122629 -0.137102
v 0.222982 -0.338124 -0.005051
vn -0.778498 0.238063 -0.580747
v -0.185128 -0.333578 -0.079945
vn -0.895267 0.107903 0.432265
v -0.201506 -0.340364 0.086833
vn -0.863688 0.117193 0.490214
v -0.196127 -0.342913 0.097713
vn 0.972885 0.183133 -0.141268
v 0.220130 -0.317787 -0.002848
vn -0.547668 0.321977 -0.772263
v -0.143061 -0.336466 -0.121714
vn 0.984780 0.130149 0.115190
v 0.221853 -0.325544 0.034808
vn -0.970404 0.174376 -0.167058
v -0.213269 -0.316126 -0.007244
vn 0.346288 0.361140 -0.865830
v 0.100063 -0.310211 -0.136773
vn -0.221452 0.340475 -0.913803
v -0.059672 -0.290278 -0.140240
vn -0.397502 0.200978 0.895321
v -0.101985 -0.249048 0.154590
vn 0.977198 0.206561 -0.049148
v 0.211369 -0.268190 0.015487
vn 0.908441 0.267988 -0.320807
v 0.195400 -0.230202 -0.015679
vn -0.415924 0.191869 0.888928
v -0.104261 -0.236815 0.150855
vn 0.577096 0.261651 -0.773627
v 0.140691 -0.222122 -0.082511
vn 0.407989 0.269618 -0.872268
v 0.106334 -0.235956 -0.107238
vn -0.887687 0.229738 -0.399039
v -0.184404 -0.222366 -0.034342
vn 0.890605 0.260112 -0.373049
v 0.189523 -0.217614 -0.021076
vn 0.495524 0.234624 -0.836306
v 0.120975 -0.218302 -0.094371
vn -0.963749 0.232971 -0.130047
v -0.191602 -0.214094 -0.001645
vn 0.681979 0.187134 0.707026
v 0.157769 -0.212480 0.112368
vn 0.125904 0.063807 0.989988
v 0.032769 -0.198195 0.166838
vn 0.940643 0.285144 -0.184077
v 0.189105 -0.182564 0.006052
vn -0.185127 0.422911 -0.887060
v -0.083163 -0.171446 -0.101512
vn -0.966491 0.256008 0.018853
v -0.186314 -0.186057 0.016929
vn -0.318177 0.121742 0.940182
v -0.077914 -0.188845 0.153091
vn -0.301185 0.052574 0.952115
v -0.059397 -0.156026 0.155867
vn 0.834092 0.033349 -0.550616
v 0.255241 -0.793922 -0.166161
vn 0.786663 0.036741 -0.616288
v 0.241124 -0.793841 -0.185723
vn 0.735475 0.037043 -0.676538
v 0.225822 -0.793813 -0.203727
vn 0.683380 0.043592 -0.728761
v 0.209228 -0.793180 -0.220363
vn 0.622352 0.038939 -0.781769
v 0.191523 -0.793580 -0.235634
vn 0.558829 0.038750 -0.828377
v 0.172329 -0.793482 -0.249690
vn 0.491605 0.038465 -0.869968
v 0.152016 -0.793519 -0.262237
vn 0.421456 0.037938 -0.906055
v 0.130831 -0.793610 -0.273115
vn 0.348891 0.037677 -0.936405
v 0.108931 -0.793650 -0.282259
vn 0.274263 0.037735 -0.960914
v 0.086413 -0.793640 -0.289640
vn 0.198047 0.037783 -0.979464
v 0.063398 -0.793600 -0.295227
vn 0.120564 0.037992 -0.991978
v 0.040006 -0.793556 -0.298992
vn 0.042111 0.038388 -0.998375
v 0.016354 -0.793541 -0.300911
vn -0.036559 0.038327 -0.998596
v -0.007372 -0.793560 -0.300967
vn -0.114383 0.038130 -0.992705
v -0.030936 -0.793590 -0.299171
vn -0.191290 0.038125 -0.980793
v -0.054180 -0.793616 -0.295559
vn -0.267510 0.037599 -0.962821
v -0.077186 -0.793708 -0.290117
vn -0.342773 0.036876 -0.938694
v -0.099846 -0.793842 -0.282835
vn -0.417242 0.039187 -0.907950
v -0.121951 -0.793720 -0.273729
vn -0.484690 0.047513 -0.873395
v -0.142949 -0.792882 -0.263027
vn -0.551137 0.038025 -0.833548
v -0.163039 -0.793726 -0.250861
vn -0.615679 0.036654 -0.787144
v -0.182268 -0.793862 -0.236994
vn -0.675688 0.036806 -0.736268
v -0.200331 -0.793814 -0.221660
vn -0.731409 0.037050 -0.680932
v -0.217141 -0.793764 -0.204948
vn -0.782610 0.037218 -0.621399
v -0.232588 -0.793737 -0.186967
vn -0.828965 0.037217 -0.558060
v -0.246574 -0.793730 -0.167833
vn -0.870191 0.037211 -0.491307
v -0.259012 -0.793734 -0.147666
vn -0.906059 0.037120 -0.421520
v -0.269828 -0.793747 -0.126591
vn -0.936432 0.037492 -0.348840
v -0.278955 -0.793732 -0.104730
vn -0.961001 0.039020 -0.273779
v -0.286336 -0.793497 -0.082187
vn -0.979437 0.044986 -0.196671
v -0.291922 -0.792808 -0.058984
vn -0.971040 0.127386 0.202126
v -0.289284 -0.778826 0.061296
vn -0.957224 0.144460 0.250705
v -0.284805 -0.774057 0.077976
vn -0.932071 0.143486 0.332649
v -0.277583 -0.774128 0.101111
vn -0.902858 0.142353 0.405689
v -0.268617 -0.774130 0.123361
vn -0.867638 0.139576 0.477203
v -0.257998 -0.774069 0.144577
vn -0.827435 0.139790 0.543884
v -0.245831 -0.774066 0.164775
vn -0.780691 0.139488 0.609151
v -0.232787 -0.773933 0.183000
vn -0.223698 0.110570 0.968366
v -0.063722 -0.783833 0.292914
vn 0.018032 0.144702 0.989311
v 0.009463 -0.775285 0.299346
vn 0.177285 0.155069 0.971866
v 0.057095 -0.770116 0.293818
vn 0.254457 0.165575 0.952805
v 0.080658 -0.767748 0.288176
vn 0.334233 0.177189 0.925685
v 0.104928 -0.764641 0.279947
vn 0.803354 0.101565 0.586777
v 0.246682 -0.785794 0.177115
vn 0.811054 0.145075 0.566697
v 0.248740 -0.774910 0.171870
vn 0.856435 0.151165 0.493628
v 0.261724 -0.773336 0.150817
vn 0.924088 0.141787 0.354905
v 0.283145 -0.775850 0.106747
vn 0.061520 0.148694 -0.986968
v 0.021625 -0.764402 -0.297924
vn -0.018228 0.142204 -0.989670
v -0.001939 -0.764452 -0.298425
vn -0.095153 0.145575 -0.984761
v -0.025220 -0.764164 -0.297008
vn -0.989832 0.114148 -0.084864
v -0.294640 -0.772351 -0.027756
vn -0.992638 0.116957 0.031492
v -0.295522 -0.774500 0.003695
vn -0.961508 0.158764 0.224268
v -0.286106 -0.768253 0.068802
vn -0.933909 0.178530 0.309745
v -0.278166 -0.763807 0.094233
vn -0.872537 0.176263 0.455642
v -0.259376 -0.764240 0.138725
vn -0.832777 0.174418 0.525415
v -0.247605 -0.764215 0.159104
vn -0.787049 0.173631 0.591951
v -0.234329 -0.764568 0.178518
vn -0.735964 0.161214 0.657546
v -0.218546 -0.768167 0.198608
vn -0.053267 0.169417 0.984104
v -0.012528 -0.766437 0.297523
vn -0.028426 0.194006 0.980588
v -0.005009 -0.756949 0.296082
vn 0.071305 0.181193 0.980859
v 0.025769 -0.760344 0.296075
vn 0.154028 0.185600 0.970478
v 0.050064 -0.760423 0.293304
vn 0.222022 0.195877 0.955164
v 0.071229 -0.755111 0.288066
vn 0.368726 0.175422 0.912835
v 0.115631 -0.764096 0.275726
vn 0.673598 0.213805 0.707498
v 0.205869 -0.747879 0.213734
vn 0.790360 0.176485 0.586672
v 0.243087 -0.765373 0.177063
vn 0.840663 0.175243 0.512421
v 0.256874 -0.763613 0.155980
vn 0.909686 0.165534 0.380881
v 0.278067 -0.766558 0.115460
vn 0.924715 0.176697 0.337165
v 0.282590 -0.763039 0.102332
vn 0.059984 0.210960 -0.975653
v 0.022161 -0.740655 -0.293409
vn 0.001112 0.180232 -0.983624
v 0.003653 -0.754345 -0.296821
vn -0.926158 0.199202 -0.320233
v -0.275694 -0.745736 -0.096155
vn 0.043297 0.227658 0.972778
v 0.016669 -0.738015 0.291839
vn 0.977998 0.208613 -0.000288
v 0.298108 -0.749946 -0.001792
vn -0.610119 0.202533 -0.765986
v -0.181201 -0.745150 -0.229905
vn 0.904170 0.253209 -0.344038
v 0.273580 -0.714079 -0.101076
vn -0.693648 0.243580 0.677880
v -0.202385 -0.721120 0.200848
vn -0.594816 0.246793 -0.765041
v -0.171912 -0.711953 -0.227405
vn 0.876530 0.253217 0.409361
v 0.261187 -0.710415 0.122212
vn -0.231780 0.245460 -0.941290
v -0.063164 -0.701106 -0.276511
vn 0.503824 0.244064 0.828610
v 0.150197 -0.700190 0.241575
vn -0.264648 0.216642 -0.939695
v -0.070355 -0.668703 -0.266495
vn -0.227800 0.205121 -0.951857
v -0.059423 -0.662793 -0.268050
vn -0.505551 0.195674 0.840315
v -0.134883 -0.662701 0.236038
vn -0.437103 0.211912 0.874091
v -0.118010 -0.672457 0.247616
vn 0.457719 0.165798 0.873501
v 0.127284 -0.654749 0.242863
vn -0.747983 0.205308 0.631166
v -0.201011 -0.654494 0.177561
vn 0.788678 0.204265 0.579881
v 0.218612 -0.649363 0.162998
vn -0.642893 0.148636 0.751396
v -0.166616 -0.638878 0.208156
vn 0.041234 0.088305 0.995240
v 0.014266 -0.635022 0.270803
vn 0.285771 0.078764 0.955055
v 0.077505 -0.619588 0.258929
vn -0.500260 0.131567 -0.855821
v -0.125629 -0.608045 -0.232199
vn 0.044303 0.071638 0.996446
v 0.015470 -0.608715 0.268846
vn 0.331232 0.131497 -0.934341
v 0.087437 -0.603590 -0.252839
vn 0.186638 0.156697 -0.969852
v 0.051752 -0.587046 -0.260331
vn -0.752084 0.125544 0.647000
v -0.187920 -0.593338 0.179327
vn 0.847918 0.163463 -0.504296
v 0.222122 -0.593188 -0.140353
vn -0.790943 0.153909 -0.592217
v -0.198759 -0.591317 -0.163488
vn -0.650929 0.145269 0.745110
v -0.159597 -0.567917 0.203152
vn -0.589542 0.141298 0.795283
v -0.143732 -0.571779 0.216588
vn 0.279289 0.155065 0.947604
v 0.072227 -0.563127 0.254433
vn 0.848729 0.170450 0.500606
v 0.217096 -0.555182 0.139081
vn -0.276933 0.186699 0.942577
v -0.063875 -0.540139 0.250604
vn 0.225833 0.185707 0.956301
v 0.059615 -0.542955 0.254159
vn -0.080014 0.395738 -0.914871
v -0.015378 -0.470945 -0.228868
vn 0.868829 0.256194 -0.423675
v 0.211386 -0.470497 -0.100873
vn -0.098418 0.417895 -0.903149
v -0.020904 -0.451171 -0.219325
vn -0.988947 0.086268 0.120589
v -0.223239 -0.443881 0.034269
vn 0.778257 0.156734 0.608072
v 0.185000 -0.439945 0.145450
vn 0.823554 0.195630 -0.532435
v 0.196575 -0.434617 -0.109934
vn -0.579345 0.305185 -0.755792
v -0.142245 -0.419441 -0.156923
vn 0.925678 0.065236 0.372644
v 0.215076 -0.426050 0.090674
vn 0.477658 0.250177 0.842172
v 0.124138 -0.382227 0.182356
vn -0.972102 0.073423 0.222769
v -0.216210 -0.369681 0.051646
vn 0.995967 0.086801 -0.022705
v 0.225767 -0.353527 0.011147
vn 0.071094 0.401173 -0.913239
v 0.023067 -0.337666 -0.166149
vn -0.571328 0.318112 -0.756564
v -0.147784 -0.325732 -0.113755
vn -0.242198 0.273268 0.930948
v -0.066534 -0.326278 0.186525
vn 0.317502 0.370764 -0.872769
v 0.092876 -0.319993 -0.143694
vn -0.791263 0.209100 0.574614
v -0.182631 -0.296976 0.104389
vn -0.051788 0.343356 -0.937776
v -0.011385 -0.294641 -0.148905
vn 0.701108 0.269299 -0.660247
v 0.172122 -0.264027 -0.070529
vn -0.505372 0.211520 0.836575
v -0.127399 -0.271693 0.146633
vn 0.539527 0.210453 0.815242
v 0.141426 -0.275649 0.141512
vn 0.843468 0.261515 -0.469225
v 0.183321 -0.217175 -0.033703
vn 0.975277 0.214228 -0.054233
v 0.194536 -0.200851 0.017529
vn -0.864455 0.326030 -0.382651
v -0.179601 -0.189400 -0.024044
vn -0.934255 0.309971 0.176309
v -0.180720 -0.175125 0.041315
vn 0.896111 0.192700 0.399815
v 0.183881 -0.195103 0.070200
vn 0.561002 0.178884 0.808256
v 0.124190 -0.164551 0.129237
vn -0.175709 0.449395 -0.875883
v -0.079752 -0.152145 -0.091676
vn 0.732976 0.123897 0.668877
v 0.225425 -0.781051 0.202141
vn -0.481369 0.242844 0.842206
v -0.139232 -0.726803 0.251520
vn 0.296450 0.247115 0.922525
v 0.091042 -0.713804 0.272500
vn 0.363364 0.247096 0.898282
v 0.111645 -0.718478 0.266320
vn 0.952814 0.253352 0.167205
v 0.284681 -0.711962 0.049269
vn 0.871965 0.276895 -0.403740
v 0.258890 -0.691142 -0.119557
vn -0.769146 0.271550 -0.578511
v -0.220047 -0.686484 -0.169050
vn 0.280728 0.233551 -0.930938
v 0.084108 -0.678371 -0.266957
vn -0.952387 0.271727 0.138286
v -0.272566 -0.686232 0.033173
vn 0.945236 0.271585 0.181028
v 0.275075 -0.679749 0.052090
vn -0.508957 0.220676 -0.832025
v -0.137721 -0.660905 -0.235147
vn -0.946476 0.256830 0.195503
v -0.262404 -0.664135 0.055758
vn 0.113515 0.157448 0.980982
v 0.035176 -0.657916 0.271811
vn 0.837565 0.205627 0.506165
v 0.231394 -0.648290 0.143514
vn -0.952462 0.233307 0.195917
v -0.258457 -0.649249 0.055982
vn -0.023465 0.105848 -0.994105
v -0.002195 -0.620666 -0.269154
vn 0.811805 0.127749 0.569784
v 0.215732 -0.618690 0.158342
vn 0.253161 0.076435 0.964400
v 0.067420 -0.612552 0.261144
vn 0.902171 0.144996 0.406279
v 0.241360 -0.618838 0.113330
vn 0.601122 0.141298 0.786567
v 0.154303 -0.579412 0.215448
vn -0.972478 0.180456 0.147387
v -0.247505 -0.577363 0.041921
vn -0.680422 0.156868 0.715834
v -0.166172 -0.560069 0.195513
vn 0.805903 0.179574 0.564157
v 0.203771 -0.541680 0.155346
vn 0.888205 0.253973 -0.382869
v 0.217702 -0.478384 -0.092107
vn 0.395365 0.375646 -0.838198
v 0.102800 -0.465500 -0.204875
vn 0.383883 0.275198 0.881419
v 0.095583 -0.449815 0.217255
vn 0.743474 0.249735 -0.620386
v 0.180722 -0.440046 -0.133686
vn 0.653667 0.208083 0.727613
v 0.157967 -0.444392 0.175431
vn -0.188752 0.305719 0.933225
v -0.047905 -0.376574 0.206474
vn 0.220551 0.301485 0.927612
v 0.063325 -0.371048 0.202589
vn -0.054110 0.429379 -0.901502
v -0.012862 -0.373292 -0.182912
vn 0.169209 0.412904 -0.894918
v 0.052602 -0.356414 -0.170680
vn 0.612291 0.302072 -0.730652
v 0.160368 -0.341032 -0.114349
vn -0.066884 0.388315 -0.919096
v -0.017102 -0.323853 -0.160136
vn 0.527074 0.332887 -0.781908
v 0.143590 -0.316341 -0.116557
vn -0.304472 0.371842 -0.876944
v -0.083215 -0.325797 -0.147711
vn -0.205039 0.271160 0.940442
v -0.057077 -0.317421 0.186200
vn 0.957690 0.213403 -0.193104
v 0.216843 -0.307223 -0.009249
vn -0.791648 0.248483 -0.558166
v -0.186951 -0.316292 -0.069841
vn 0.905737 0.205598 0.370634
v 0.205267 -0.285447 0.070197
vn -0.941688 0.195289 -0.274017
v -0.201313 -0.272524 -0.019092
vn 0.930872 0.192031 0.310807
v 0.206746 -0.276727 0.061220
vn 0.010607 0.311773 -0.950098
v 0.007077 -0.237505 -0.130064
vn 0.089647 0.305448 -0.947979
v 0.027291 -0.234155 -0.127883
vn 0.830176 0.228411 0.508563
v 0.184397 -0.230324 0.085439
vn -0.215621 0.134839 0.967123
v -0.053942 -0.209780 0.162529
vn -0.900667 0.247921 -0.356840
v -0.182714 -0.200729 -0.025061
vn 0.931621 0.196518 0.305716
v 0.187855 -0.193760 0.059176
vn 0.969028 0.221302 -0.109590
v 0.192221 -0.191615 0.012854
vn 0.076503 0.486672 -0.870229
v 0.027502 -0.151536 -0.091170
vn 0.964973 0.257702 0.049153
v 0.288801 -0.713185 0.014588
vn -0.841525 0.253932 0.476817
v -0.243403 -0.708022 0.140257
vn 0.784225 0.267910 -0.559657
v 0.228558 -0.674593 -0.162103
vn 0.982936 0.178216 0.045568
v 0.265620 -0.622357 0.014066
vn -0.731252 0.168561 -0.660952
v -0.182409 -0.581520 -0.180873
vn 0.275857 0.233305 -0.932455
v 0.072811 -0.552498 -0.247841
vn -0.088237 0.228657 0.969500
v -0.016909 -0.516307 0.254328
vn -0.792579 0.205496 0.574100
v -0.180460 -0.284532 0.102758
vn 0.002957 0.441693 -0.897161
v 0.008213 -0.187713 -0.110349
vn 0.986345 0.088480 -0.138908
v 0.300421 -0.784020 -0.045581
vn -0.992406 0.054944 -0.110053
v -0.295573 -0.791621 -0.035257
vn -0.985444 0.142954 0.092000
v -0.293877 -0.772773 0.025374
vn 0.114825 0.191352 0.974782
v 0.038602 -0.756785 0.294170
vn 0.399910 0.192207 0.896174
v 0.124556 -0.757950 0.270716
vn 0.585428 0.195012 0.786921
v 0.180106 -0.756097 0.237814
vn 0.926375 0.206076 0.315216
v 0.281789 -0.750523 0.097212
vn 0.944152 0.211859 0.252375
v 0.287172 -0.744962 0.075019
vn -0.973566 0.150871 -0.171486
v -0.290295 -0.761738 -0.050430
vn -0.959175 0.214501 -0.184318
v -0.284899 -0.737956 -0.055491
vn -0.973921 0.221007 -0.051321
v -0.288864 -0.736419 -0.020866
vn -0.862809 0.253829 0.437186
v -0.250641 -0.711078 0.128472
vn -0.302562 0.237583 0.923044
v -0.083186 -0.694722 0.267465
vn -0.539671 0.239787 0.807005
v -0.150817 -0.687426 0.232569
vn -0.353472 0.236332 0.905099
v -0.097408 -0.694145 0.262275
vn 0.264667 0.192671 0.944896
v 0.077165 -0.668323 0.265382
vn 0.693358 0.244176 -0.677962
v 0.197980 -0.661843 -0.193353
vn 0.926054 0.275237 -0.258202
v 0.265699 -0.658679 -0.073943
vn -0.694735 0.205430 0.689305
v -0.187389 -0.658302 0.193607
vn -0.380244 0.175231 0.908135
v -0.099500 -0.659593 0.253304
vn 0.481563 0.136261 0.865754
v 0.132033 -0.643414 0.238313
vn -0.080899 0.079780 0.993524
v -0.016650 -0.632670 0.270039
vn 0.527958 0.136667 -0.838202
v 0.139703 -0.610827 -0.228607
vn 0.565906 0.093228 0.819182
v 0.148433 -0.611305 0.223995
vn 0.567362 0.100536 0.817309
v 0.147741 -0.598264 0.223005
vn -0.957700 0.178036 0.226083
v -0.240584 -0.563682 0.064398
vn 0.920654 0.190255 -0.340880
v 0.239543 -0.567054 -0.093111
vn -0.064522 0.238733 -0.968939
v -0.011760 -0.551211 -0.257205
vn 0.356459 0.274786 -0.892989
v 0.093731 -0.532353 -0.234766
vn 0.233903 0.252230 -0.938973
v 0.061652 -0.546428 -0.249292
vn 0.947537 0.190272 0.256846
v 0.241385 -0.539736 0.073821
vn -0.867213 0.250880 -0.430117
v -0.204948 -0.471562 -0.101151
vn -0.585059 0.241683 0.774142
v -0.136916 -0.468518 0.195236
vn -0.246876 0.286280 0.925795
v -0.057749 -0.462117 0.232049
vn 0.207635 0.410912 -0.887716
v 0.057821 -0.444196 -0.210953
vn 0.888197 0.143061 0.436624
v 0.208838 -0.449665 0.110002
vn -0.238796 0.400743 -0.884523
v -0.057241 -0.450559 -0.212309
vn -0.598777 0.213847 0.771839
v -0.139155 -0.438308 0.184516
vn 0.835934 0.202397 -0.510147
v 0.200288 -0.387348 -0.086974
vn 0.973588 0.085679 0.211627
v 0.223648 -0.375431 0.051229
vn 0.939604 0.132477 -0.315586
v 0.217848 -0.363397 -0.039431
vn -0.685946 0.269578 -0.675875
v -0.168078 -0.362995 -0.111208
vn -0.966644 0.071879 0.245831
v -0.214689 -0.357249 0.054309
vn 0.248594 0.393496 -0.885078
v 0.075395 -0.345116 -0.160207
vn 0.573499 0.324338 -0.752266
v 0.152600 -0.301772 -0.103857
vn 0.081314 0.272322 0.958764
v 0.027424 -0.305594 0.188041
vn -0.707781 0.201566 -0.677065
v -0.158499 -0.223188 -0.072460
vn 0.133836 0.297688 -0.945235
v 0.039573 -0.239270 -0.128075
vn -0.589798 0.175922 0.788156
v -0.134957 -0.211362 0.127147
vn 0.153764 0.091332 0.983878
v 0.040487 -0.207621 0.166482
vn 0.208154 0.104250 0.972524
v 0.053235 -0.206646 0.164045
vn 0.502865 0.153211 0.850678
v 0.123701 -0.208036 0.137244
vn 0.231050 0.317187 -0.919787
v 0.081180 -0.195922 -0.106050
vn 0.417637 0.137402 0.898165
v 0.105328 -0.201461 0.145893
vn -0.884858 0.293418 0.361846
v -0.172640 -0.174434 0.066715
vn -0.645800 0.361326 -0.672596
v -0.133474 -0.157268 -0.065876
vn 0.141644 0.476871 -0.867486
v 0.052500 -0.149370 -0.086740
vn 0.742520 0.221102 0.632280
v 0.151262 -0.156405 0.102626
vn -0.140444 0.184253 0.972793
v -0.039219 -0.763615 0.294342
vn 0.111358 0.178055 -0.977699
v 0.038587 -0.754283 -0.294753
vn 0.983303 0.180233 0.025138
v 0.300277 -0.761175 0.007559
vn -0.706813 0.164393 0.688034
v -0.209740 -0.767627 0.207935
vn -0.649891 0.224080 0.726244
v -0.190411 -0.741593 0.219235
vn 0.635628 0.233801 -0.735740
v 0.194248 -0.728006 -0.220440
vn -0.144811 0.219947 -0.964704
v -0.040176 -0.733948 -0.289285
vn -0.057365 0.238317 -0.969492
v -0.013920 -0.719092 -0.288516
vn 0.434806 0.242871 0.867155
v 0.131525 -0.719748 0.257675
vn 0.963166 0.268490 0.014980
v 0.283649 -0.692820 0.001025
vn 0.952879 0.271398 0.135518
v 0.277187 -0.680322 0.040377
vn -0.962054 0.265858 -0.061407
v -0.264492 -0.647854 -0.017980
vn 0.233498 0.138338 0.962466
v 0.066154 -0.651009 0.265319
vn 0.463979 0.101784 0.879979
v 0.124737 -0.630529 0.240545
vn 0.787321 0.169858 -0.592684
v 0.211305 -0.621612 -0.164824
vn -0.940319 0.175327 0.291650
v -0.238173 -0.577475 0.082704
vn -0.447899 0.119995 0.885995
v -0.109109 -0.582946 0.239832
vn -0.785853 0.170481 -0.594450
v -0.196137 -0.579700 -0.163833
vn 0.223128 0.205166 0.952954
v 0.058682 -0.529834 0.251662
vn -0.916771 0.080569 0.391203
v -0.205437 -0.433442 0.097325
vn 0.793305 0.220002 -0.567685
v 0.192434 -0.400894 -0.104202
vn 0.483919 0.249141 0.838898
v 0.126198 -0.369748 0.177418
vn 0.215046 0.266055 0.939665
v 0.065180 -0.309695 0.183356
vn -0.878242 0.204267 0.432395
v -0.195900 -0.291491 0.080244
vn 0.981579 0.190734 -0.011113
v 0.220171 -0.309557 0.017595
vn -0.451428 0.278656 -0.847682
v -0.120485 -0.287509 -0.116207
vn 0.764354 0.208891 0.610022
v 0.178988 -0.248711 0.100508
vn -0.958600 0.238656 0.155339
v -0.198599 -0.244634 0.038460
vn 0.240882 0.160434 0.957203
v 0.065733 -0.227045 0.163914
vn -0.397493 0.146619 0.905816
v -0.096193 -0.203825 0.148121
vn 0.331031 0.045065 0.942543
v 0.067002 -0.156308 0.156489
vn 0.993855 0.086413 -0.069170
v 0.303607 -0.788898 -0.020539
vn -0.123850 0.155231 0.980084
v -0.033914 -0.772668 0.296650
vn 0.135609 0.145312 -0.980048
v 0.044952 -0.764371 -0.295597
vn -0.246843 0.156174 -0.956388
v -0.071154 -0.763045 -0.288615
vn -0.320238 0.150964 -0.935231
v -0.093939 -0.764246 -0.281958
vn -0.395606 0.149336 -0.906198
v -0.115441 -0.763766 -0.273484
vn -0.460162 0.122815 -0.879299
v -0.133706 -0.771038 -0.265857
vn -0.524723 0.150799 -0.837810
v -0.156209 -0.764201 -0.251866
vn -0.591507 0.149087 -0.792396
v -0.176010 -0.764399 -0.238303
vn -0.988095 0.148079 -0.041736
v -0.293988 -0.762509 -0.018323
vn -0.985979 0.151803 0.069290
v -0.293988 -0.767094 0.014128
vn -0.124498 0.223907 0.966626
v -0.034105 -0.740259 0.290117
vn 0.052622 0.227906 -0.972260
v 0.021240 -0.725773 -0.290079
vn -0.464499 0.250036 0.849543
v -0.132913 -0.702730 0.247901
vn 0.533083 0.249212 0.808527
v 0.159983 -0.707641 0.237620
vn -0.715044 0.258930 0.649359
v -0.205071 -0.702458 0.190917
vn 0.959278 0.271613 0.077538
v 0.282678 -0.692991 0.023465
vn -0.833213 0.230263 0.502728
v -0.227180 -0.660731 0.143431
vn 0.552337 0.212526 -0.806075
v 0.155296 -0.656124 -0.227369
vn 0.901171 0.233688 -0.365076
v 0.249967 -0.638989 -0.103805
vn 0.649021 0.162708 -0.743168
v 0.174727 -0.626529 -0.205393
vn -0.975719 0.212309 -0.053821
v -0.258723 -0.624369 -0.015809
vn 0.210554 0.073558 0.974811
v 0.056288 -0.620042 0.264446
vn 0.059303 0.133778 0.989235
v 0.020538 -0.571710 0.264841
vn 0.271343 0.264205 -0.925510
v 0.071462 -0.541021 -0.245146
vn -0.727018 0.199526 0.656989
v -0.173615 -0.517877 0.176697
vn 0.076504 0.249276 0.965406
v 0.022424 -0.503891 0.251389
vn 0.776293 0.269834 -0.569701
v 0.195225 -0.501785 -0.144238
vn -0.976949 0.195726 0.085214
v -0.228642 -0.472564 0.025589
vn 0.836354 0.110791 0.536877
v 0.197889 -0.416730 0.122066
vn 0.604953 0.209465 0.768217
v 0.152808 -0.397331 0.167381
vn -0.086314 0.305292 0.948339
v -0.023348 -0.357260 0.203710
vn 0.485209 0.242106 0.840212
v 0.127801 -0.357533 0.172933
vn 0.670535 0.200344 0.714314
v 0.171478 -0.325999 0.132297
vn -0.054259 0.266997 0.962169
v -0.014560 -0.303118 0.187806
vn 0.860891 0.205059 0.465638
v 0.198969 -0.286461 0.083985
vn 0.608703 0.298566 -0.735078
v 0.156787 -0.277472 -0.090198
vn 0.848625 0.194650 0.491882
v 0.195370 -0.276739 0.086367
vn 0.460945 0.298469 -0.835731
v 0.122427 -0.266916 -0.109492
vn 0.653526 0.277557 -0.704177
v 0.160627 -0.246275 -0.074814
vn -0.287622 0.207427 0.935012
v -0.078341 -0.257425 0.165154
vn 0.661510 0.248039 -0.707729
v 0.154872 -0.211464 -0.067039
vn 0.550468 0.251402 -0.796104
v 0.129446 -0.201901 -0.084253
vn -0.944173 0.144154 0.296239
v -0.281438 -0.774178 0.089562
vn -0.604384 0.122544 0.787212
v -0.179310 -0.780201 0.237641
vn 0.632861 0.148461 0.759899
v 0.194388 -0.773181 0.230371
vn 0.607828 0.150187 -0.779736
v 0.186110 -0.763159 -0.236110
vn -0.139723 0.151990 -0.978456
v -0.036718 -0.763875 -0.295582
vn -0.953825 0.155998 -0.256674
v -0.283840 -0.760300 -0.078602
vn -0.390886 0.143526 0.909180
v -0.114295 -0.774294 0.275066
vn -0.172652 0.154875 -0.972731
v -0.048096 -0.763574 -0.293665
vn -0.907481 0.203130 0.367718
v -0.270028 -0.753905 0.110790
vn 0.433560 0.229170 0.871497
v 0.131620 -0.735498 0.261913
vn 0.971148 0.235498 -0.037570
v 0.293522 -0.731759 -0.018387
vn 0.970267 0.241921 0.007553
v 0.293406 -0.729496 0.002495
vn -0.533743 0.253974 -0.806607
v -0.153164 -0.699250 -0.236748
vn 0.400219 0.247893 0.882255
v 0.121326 -0.713034 0.260602
vn 0.965308 0.261013 -0.007236
v 0.275348 -0.662814 -0.009637
vn -0.252697 0.109902 0.961284
v -0.063852 -0.640246 0.262575
vn 0.947881 0.204492 -0.244347
v 0.257663 -0.621980 -0.068182
vn 0.813686 0.211579 -0.541433
v 0.209057 -0.557660 -0.148509
vn 0.241761 0.268623 0.932412
v 0.071688 -0.320584 0.184901
vn 0.483791 0.233978 0.843327
v 0.128686 -0.291993 0.153857
vn 0.677200 0.262516 -0.687376
v 0.160377 -0.224174 -0.066372
vn -0.270555 0.197966 -0.942130
v -0.094666 -0.209155 -0.109830
vn 0.044455 0.237002 -0.970491
v 0.018718 -0.713086 -0.287174
vn -0.445816 0.215526 -0.868791
v -0.119422 -0.661185 -0.245497
vn -0.998105 0.042821 -0.044200
v -0.297281 -0.798710 -0.016731
vn 0.963066 0.039511 -0.266350
v 0.293752 -0.793294 -0.081844
vn -0.973755 0.227498 -0.006746
v -0.287788 -0.730356 -0.009383
vn -0.528729 0.238536 -0.814584
v -0.154474 -0.721352 -0.242697
vn -0.874619 0.260744 0.408723
v -0.251922 -0.701400 0.119884
vn 0.889776 0.256223 0.377689
v 0.264342 -0.705438 0.111898
vn 0.419117 0.232698 -0.877606
v 0.122868 -0.673402 -0.250632
vn -0.486985 0.129150 0.863809
v -0.124091 -0.640058 0.238021
vn 0.647666 0.184740 -0.739188
v 0.177276 -0.638456 -0.205949
vn 0.676700 0.157148 -0.719292
v 0.180796 -0.619056 -0.198279
vn 0.284045 0.097891 0.953801
v 0.074262 -0.589857 0.257334
vn 0.095724 0.184983 -0.978069
v 0.028442 -0.575929 -0.261776
vn -0.965610 0.181013 0.186633
v -0.244272 -0.570446 0.053104
vn -0.183799 0.128219 0.974566
v -0.041903 -0.574273 0.261543
vn 0.904463 0.185464 0.384123
v 0.230694 -0.545122 0.107736
vn 0.975987 0.195264 0.096546
v 0.250828 -0.546129 0.028655
vn 0.856667 0.233111 -0.460196
v 0.216664 -0.522626 -0.120414
vn 0.335475 0.305546 -0.891122
v 0.088230 -0.518967 -0.232523
vn -0.922842 0.201615 0.328198
v -0.220550 -0.508256 0.093786
vn 0.979097 0.198348 0.045020
v 0.247732 -0.526362 0.015487
vn -0.931072 0.185170 0.314351
v -0.214726 -0.465360 0.084400
vn 0.980224 0.056389 0.189689
v 0.226975 -0.431585 0.051696
vn 0.212738 0.309903 0.926662
v 0.057427 -0.409415 0.216616
vn 0.828194 0.130114 0.545128
v 0.197855 -0.390665 0.116726
vn 0.705170 0.266514 -0.657044
v 0.177464 -0.367847 -0.108994
vn 0.831251 0.201205 -0.518207
v 0.199667 -0.358296 -0.076335
vn 0.946080 0.119940 0.300909
v 0.217028 -0.332717 0.061384
vn 0.994965 0.098366 0.019206
v 0.224907 -0.344344 0.019624
vn 0.981527 0.173046 0.081608
v 0.220289 -0.313362 0.030708
vn -0.961615 0.214273 0.171417
v -0.207174 -0.285898 0.041908
vn -0.870726 0.248691 -0.424252
v -0.180231 -0.208858 -0.035488
vn -0.805409 0.404380 -0.433352
v -0.173225 -0.181240 -0.029339
vn 0.758560 0.388343 -0.523237
v 0.161012 -0.164456 -0.035309
vn 0.989646 0.143410 0.005863
v 0.302003 -0.771499 0.000342
vn 0.913349 0.175584 -0.367374
v 0.278962 -0.754385 -0.111914
vn 0.313604 0.202418 0.927728
v 0.097933 -0.753951 0.280145
vn 0.645524 0.205493 0.735575
v 0.197187 -0.751243 0.222679
vn 0.962641 0.207944 0.173443
v 0.293314 -0.749033 0.051800
vn 0.959426 0.244767 0.139968
v 0.288315 -0.721595 0.041962
vn 0.946652 0.264834 0.183612
v 0.280701 -0.701170 0.054582
vn -0.301559 0.238632 -0.923102
v -0.083184 -0.687334 -0.267143
vn -0.975146 0.163514 -0.149511
v -0.250680 -0.595442 -0.041000
vn 0.783530 0.186042 -0.592848
v 0.203431 -0.573235 -0.161904
vn -0.673929 0.185205 0.715205
v -0.154891 -0.437227 0.170704
vn 0.989924 0.055962 0.130074
v 0.229062 -0.431681 0.038488
vn 0.642894 0.186666 0.742861
v 0.160199 -0.403271 0.162804
vn 0.837639 0.193150 -0.510935
v 0.199513 -0.399599 -0.092887
vn -0.160692 0.301361 0.939872
v -0.042001 -0.357228 0.201318
vn 0.958954 0.131125 -0.251424
v 0.220184 -0.346985 -0.024472
vn 0.009333 0.280767 0.959731
v 0.007130 -0.313309 0.191239
vn -0.179110 0.375392 -0.909396
v -0.050334 -0.317125 -0.152758
vn -0.976175 0.160153 0.146404
v -0.213259 -0.312800 0.037754
vn 0.969342 0.186614 0.159844
v 0.217433 -0.304719 0.041344
vn -0.838626 0.191728 -0.509850
v -0.185283 -0.260280 -0.049927
vn -0.329044 0.183438 0.926327
v -0.085690 -0.231895 0.157350
vn 0.964716 0.262580 -0.019381
v 0.199807 -0.221395 0.020961
vn -0.094136 0.063374 0.993540
v -0.014980 -0.194402 0.167417
vn -0.966507 0.114574 0.229647
v -0.287424 -0.783300 0.072312
vn -0.913848 0.111593 0.390421
v -0.272041 -0.783880 0.118532
vn -0.841273 0.110693 0.529157
v -0.250004 -0.783770 0.160473
vn -0.794596 0.111918 0.596735
v -0.236590 -0.783421 0.179938
vn 0.223636 0.090868 0.970428
v 0.071772 -0.791061 0.293421
vn 0.299989 0.097439 0.948953
v 0.095284 -0.788249 0.286656
vn 0.381103 0.118264 0.916937
v 0.118679 -0.783566 0.277605
vn 0.890072 0.126571 0.437895
v 0.272075 -0.782156 0.134205
vn 0.939351 0.108634 0.325297
v 0.287952 -0.785508 0.097175
vn 0.001063 0.110944 -0.993826
v 0.004144 -0.774287 -0.299660
vn -0.076228 0.112684 -0.990703
v -0.019409 -0.774198 -0.298745
vn 0.554400 0.208627 0.805677
v 0.172092 -0.750258 0.242036
vn -0.046698 0.245383 0.968301
v -0.011215 -0.715293 0.286042
vn -0.328424 0.222708 0.917899
v -0.088975 -0.682696 0.262507
vn 0.117708 0.115561 0.986301
v 0.035149 -0.646232 0.270227
vn -0.973538 0.228123 -0.013521
v -0.260557 -0.630910 -0.005434
vn -0.824731 0.161579 0.541951
v -0.215596 -0.632291 0.150862
vn -0.872449 0.169034 -0.458542
v -0.224823 -0.612186 -0.128640
vn 0.313081 0.115362 0.942694
v 0.082748 -0.582400 0.253799
vn 0.214404 0.304248 0.928151
v 0.057214 -0.429388 0.223293
vn -0.191844 0.309072 0.931488
v -0.049251 -0.386456 0.209470
vn 0.563090 0.329490 -0.757869
v 0.147495 -0.386753 -0.143759
vn 0.249342 0.407715 -0.878406
v 0.074236 -0.370995 -0.172335
vn -0.065092 0.400446 -0.914005
v -0.017471 -0.333663 -0.164383
vn -0.479386 0.236866 0.845035
v -0.124217 -0.302384 0.156805
vn 0.573807 0.206149 0.792621
v 0.148751 -0.268716 0.134647
vn -0.090713 0.191630 0.977266
v -0.023096 -0.244988 0.173318
vn 0.807083 0.194885 0.557348
v 0.186626 -0.257065 0.093166
vn 0.383128 0.284439 -0.878810
v 0.101087 -0.246012 -0.112823
vn -0.917547 0.142444 0.371238
v -0.273294 -0.774148 0.112366
vn 0.061354 0.153909 0.986178
v 0.021922 -0.772513 0.298378
vn 0.280412 0.130729 0.950936
v 0.088224 -0.778205 0.287621
vn 0.359129 0.146227 0.921761
v 0.111710 -0.774422 0.279065
vn 0.666633 0.155982 0.728883
v 0.203359 -0.771118 0.222045
vn 0.875777 0.155058 0.457135
v 0.267644 -0.771979 0.139700
vn 0.949004 0.164900 0.268700
v 0.290489 -0.770356 0.081874
vn -0.385338 0.245733 -0.889455
v -0.110489 -0.707743 -0.262409
vn -0.577281 0.202696 0.790988
v -0.155235 -0.663879 0.222846
vn -0.361393 0.141346 0.921638
v -0.092644 -0.648654 0.254178
vn 0.944291 0.180954 -0.274900
v 0.252320 -0.605840 -0.076050
vn -0.532837 0.185354 -0.825668
v -0.129475 -0.571519 -0.223162
vn -0.686608 0.201060 0.698674
v -0.163571 -0.514180 0.186091
vn -0.889135 0.193751 0.414608
v -0.214024 -0.522150 0.117080
vn 0.868058 0.169634 -0.466584
v 0.205844 -0.398341 -0.081330
vn -0.963698 0.261978 0.051517
v -0.196095 -0.228603 0.022296
vn -0.520000 0.135034 0.843425
v -0.108688 -0.157795 0.134389
vn -0.579537 0.185753 -0.793494
v -0.171739 -0.751095 -0.238615
vn -0.060375 0.142337 -0.987975
v -0.013623 -0.764379 -0.297901
vn 0.134277 0.152863 0.979082
v 0.045559 -0.769887 0.295583
vn 0.212602 0.161956 0.963624
v 0.068587 -0.769027 0.291282
vn 0.295697 0.171434 0.939773
v 0.092825 -0.766320 0.284325
vn 0.835798 0.149045 0.528419
v 0.255535 -0.774111 0.161404
vn 0.596701 0.097118 0.796565
v 0.156398 -0.604470 0.217499
vn -0.638408 0.278584 -0.717514
v -0.153788 -0.424397 -0.149232
vn -0.989957 0.070162 0.122731
v -0.218083 -0.350619 0.034257
vn -0.372997 0.340957 -0.862915
v -0.100677 -0.304576 -0.132002
vn 0.272273 0.197309 0.941773
v 0.085183 -0.755997 0.284618
vn 0.714890 0.188593 0.673323
v 0.220199 -0.758711 0.202554
vn 0.822281 0.201605 0.532174
v 0.251505 -0.753524 0.160844
vn 0.862059 0.178157 0.474462
v 0.262928 -0.762244 0.145101
vn -0.879341 0.227649 0.418252
v -0.172338 -0.184342 0.074271
vn 0.160502 0.122096 0.979455
v 0.052820 -0.781258 0.296077
vn 0.238877 0.126102 0.962827
v 0.076478 -0.779695 0.291061
vn 0.316555 0.139486 0.938263
v 0.099992 -0.776383 0.283707
vn 0.399677 0.152227 0.903928
v 0.124631 -0.771507 0.273293
vn 0.893748 0.160912 0.418715
v 0.273350 -0.768814 0.127084
vn 0.938068 0.154182 0.310252
v 0.287322 -0.773044 0.093932
vn 0.770906 0.245925 -0.587558
v 0.217786 -0.656063 -0.168272
vn 0.636706 0.207879 0.742558
v 0.180194 -0.662300 0.208481
vn 0.345055 0.146055 -0.927149
v 0.095563 -0.635674 -0.254325
vn 0.983487 0.168838 -0.065169
v 0.262816 -0.607436 -0.017752
vn 0.874891 0.235106 -0.423427
v 0.220249 -0.516656 -0.110360
vn -0.641273 0.273107 -0.717065
v -0.156367 -0.414924 -0.143323
vn -0.661710 0.280391 -0.695356
v -0.161423 -0.398464 -0.132237
vn -0.526994 0.333806 -0.781569
v -0.134130 -0.392294 -0.151386
vn -0.985446 0.069906 0.154949
v -0.218837 -0.373203 0.039414
vn -0.968555 0.135869 0.208423
v -0.212696 -0.320567 0.047238
vn -0.967594 0.196307 0.158827
v -0.210383 -0.298945 0.039967
vn -0.864941 0.218163 0.451976
v -0.255445 -0.743965 0.137168
vn -0.824043 0.223335 0.520648
v -0.243850 -0.743216 0.156867
vn -0.779484 0.218871 0.586942
v -0.230460 -0.744293 0.176721
vn -0.727264 0.215697 0.651585
v -0.214956 -0.745215 0.195906
vn 0.828918 0.222184 0.513351
v 0.252230 -0.740906 0.154546
vn -0.821980 0.261621 -0.505869
v -0.229384 -0.665871 -0.145038
vn 0.155161 0.136716 0.978383
v 0.045598 -0.651747 0.269494
vn 0.322187 0.082866 0.943042
v 0.086816 -0.626271 0.256454
vn 0.331303 0.078496 0.940254
v 0.088666 -0.613336 0.254817
vn -0.078021 0.413499 -0.907156
v -0.014446 -0.461365 -0.224671
vn -0.257985 0.295038 0.919998
v -0.062893 -0.427224 0.219528
vn 0.001144 0.421496 -0.906830
v 0.002849 -0.356986 -0.175605
vn 0.845431 0.142999 0.514585
v 0.200779 -0.335385 0.098642
vn 0.563845 0.319974 -0.761377
v 0.151066 -0.334433 -0.118941
vn -0.260558 0.259754 0.929859
v -0.071386 -0.302369 0.178414
vn 0.065578 0.319098 -0.945450
v 0.018366 -0.274000 -0.141581
vn 0.147917 0.239440 0.959578
v 0.049578 -0.725815 0.285451
vn -0.635162 0.248604 0.731277
v -0.183582 -0.710235 0.214815
vn -0.797217 0.266821 -0.541527
v -0.223954 -0.670706 -0.155812
vn 0.010865 0.081553 0.996610
v 0.006262 -0.599817 0.268440
vn 0.628292 0.288875 -0.722358
v 0.157273 -0.418751 -0.149488
vn -0.598799 0.305034 -0.740536
v -0.151409 -0.369299 -0.128830
vn 0.822408 0.271465 -0.499952
v 0.203869 -0.481802 -0.121163
vn -0.714291 0.176027 0.677350
v -0.163131 -0.442476 0.163885
vn 0.977312 0.117233 -0.176403
v 0.222815 -0.347682 -0.012728
vn 0.184794 0.310621 -0.932398
v 0.052167 -0.270427 -0.135909
vn -0.932938 0.202630 0.297602
v -0.203315 -0.289292 0.060539
vn 0.806631 0.195794 0.557683
v 0.188114 -0.270053 0.095306
vn 0.618831 0.169523 -0.767014
v 0.168190 -0.633025 -0.212268
vn 0.530547 0.161648 0.832099
v 0.164988 -0.768310 0.250794
vn -0.877131 0.203596 0.434960
v -0.260157 -0.754248 0.132708
vn -0.665222 0.202126 0.718766
v -0.195037 -0.752673 0.218277
vn -0.052722 0.228706 0.972067
v -0.011283 -0.736794 0.291328
vn 0.705648 0.129852 0.696563
v 0.218091 -0.779894 0.209606
vn 0.769412 0.195594 0.608069
v 0.235761 -0.755998 0.183615
vn 0.817059 0.176995 0.548714
v 0.250312 -0.764458 0.166495
vn -0.948627 0.193615 0.250238
v -0.282231 -0.756701 0.075791
vn 0.560967 0.250992 0.788872
v 0.169875 -0.714957 0.233183
vn 0.483430 0.230732 0.844428
v 0.140868 -0.681252 0.241672
vn 0.903958 0.178030 -0.388799
v 0.241987 -0.613152 -0.108899
vn 0.343548 0.083518 0.935414
v 0.091173 -0.600671 0.252813
vn -0.908739 0.199319 0.366694
v -0.215291 -0.501493 0.103788
vn -0.075125 0.421868 -0.903539
v -0.015474 -0.440121 -0.214682
vn -0.744090 0.200109 0.637406
v -0.151447 -0.182275 0.105468
vn -0.944152 0.219805 0.245485
v -0.280508 -0.745489 0.073027
vn -0.631296 0.182689 -0.753718
v -0.146727 -0.231459 -0.085813
vn 0.878835 0.291232 0.377931
v 0.171150 -0.155211 0.070282
vn -0.137029 0.235433 -0.962182
v -0.037149 -0.721840 -0.286811
vn 0.124848 0.242610 0.962057
v 0.041243 -0.719297 0.285009
vn 0.965669 0.259475 0.012492
v 0.287139 -0.705516 0.001263
vn -0.959793 0.240299 -0.145099
v -0.258564 -0.635156 -0.041499
vn 0.639648 0.289748 -0.711967
v 0.161171 -0.409243 -0.142228
vn -0.511128 0.224883 0.829564
v -0.129557 -0.284177 0.148634
vn -0.927711 0.250985 0.276330
v -0.189093 -0.223877 0.055159
vn -0.571066 0.193909 0.797673
v -0.134821 -0.224135 0.130270
vn -0.020071 0.211140 -0.977250
v -0.003085 -0.744056 -0.294652
vn 0.830673 0.231919 0.506159
v 0.233794 -0.659570 0.144459
vn -0.455751 0.258193 0.851838
v -0.106714 -0.452111 0.209628
vn -0.591066 0.182106 0.785798
v -0.124686 -0.164602 0.124907
vn -0.925264 0.222761 0.307025
v -0.273907 -0.742315 0.092782
vn 0.423800 0.167525 0.890129
v 0.108659 -0.221289 0.147594
vn -0.678585 0.166573 0.715385
v -0.199642 -0.766908 0.217726
vn -0.904921 0.177565 0.386767
v -0.269526 -0.764240 0.117202
vn -0.686790 0.200307 0.698711
v -0.157327 -0.448878 0.171569
vn -0.282912 0.239423 0.928783
v -0.079392 -0.735487 0.279356
vn -0.096608 0.241799 -0.965505
v -0.024631 -0.714576 -0.286534
vn -0.024346 0.164518 0.986074
v -0.003382 -0.555896 0.262896
vn 0.927539 0.128625 0.350894
v 0.217734 -0.450697 0.089599
vn 0.747788 0.152717 0.646135
v 0.183057 -0.358675 0.128516
vn -0.164053 0.226322 0.960138
v -0.046224 -0.271101 0.175948
vn 0.262856 0.271533 -0.925838
v 0.071282 -0.231324 -0.119056
vn 0.734199 0.400501 -0.548224
v 0.163117 -0.175191 -0.040960
vn -0.689454 0.409609 -0.597389
v -0.146611 -0.177534 -0.065437
vn 0.926417 0.225273 0.301669
v 0.280732 -0.737867 0.091398
vn 0.289967 0.216789 0.932160
v 0.089557 -0.744100 0.280617
vn 0.522683 0.196343 -0.829609
v 0.145447 -0.650088 -0.232336
vn -0.500787 0.248692 0.829075
v -0.116655 -0.453798 0.204484
vn 0.658796 0.273197 -0.700964
v 0.162425 -0.429318 -0.148853
vn -0.310731 0.280171 0.908268
v -0.074608 -0.424734 0.215065
vn 0.083140 0.382513 -0.920202
v 0.026413 -0.316377 -0.156711
vn 0.017046 0.363091 -0.931598
v 0.006837 -0.304615 -0.153048
vn -0.146687 0.063056 0.987171
v -0.025214 -0.187792 0.165714
vn 0.975744 0.215137 0.040488
v 0.194898 -0.201383 0.029591
vn -0.336248 0.242078 0.910129
v -0.096421 -0.726177 0.271254
vn 0.662058 0.248925 0.706906
v 0.199571 -0.713525 0.208202
vn 0.885277 0.153979 0.438834
v 0.237831 -0.625178 0.122840
vn 0.786995 0.157389 0.596546
v 0.201055 -0.566221 0.166067
vn -0.564490 0.209691 0.798361
v -0.134300 -0.414710 0.181921
vn 0.694603 0.170531 0.698889
v 0.174335 -0.352028 0.136325
vn -0.130819 0.275250 0.952431
v -0.036658 -0.311316 0.188013
vn -0.744100 0.193234 0.639512
v -0.221172 -0.755737 0.192128
vn 0.979140 0.173073 -0.106448
v 0.261103 -0.603672 -0.029443
vn -0.547061 0.158310 0.821987
v -0.125983 -0.202869 0.131836
vn -0.935873 0.208168 0.284267
v -0.278331 -0.751793 0.085681
vn 0.960833 0.256682 0.104469
v 0.199291 -0.221944 0.036031
vn -0.767986 0.121714 0.628795
v -0.228916 -0.780545 0.189148
vn 0.526215 0.167566 -0.833678
v 0.143580 -0.638517 -0.230992
vn 0.829799 0.195288 -0.522778
v 0.214636 -0.568539 -0.143994
vn -0.956396 0.123510 -0.264672
v -0.215423 -0.387362 -0.038731
vn 0.629475 0.371209 -0.682616
v 0.143631 -0.165110 -0.056796
vn 0.794644 0.244585 0.555624
v 0.158998 -0.156233 0.092651
vn -0.621607 0.238292 -0.746205
v -0.181658 -0.720546 -0.222300
vn 0.973895 0.225494 -0.026078
v 0.208860 -0.256108 0.019198
vn 0.896424 0.365235 0.251051
v 0.180235 -0.164736 0.054679
vn 0.895637 0.244526 0.371540
v 0.268774 -0.719235 0.110553
vn 0.638009 0.308123 -0.705695
v 0.164026 -0.288976 -0.088746
vn 0.896530 0.186725 0.401707
v 0.206781 -0.305281 0.077084
vn 0.226458 0.283084 -0.931977
v 0.062853 -0.238106 -0.123299
vn 0.615932 0.198733 0.762320
v 0.188234 -0.754419 0.231015
vn -0.198885 0.229313 0.952817
v -0.056765 -0.738424 0.285852
vn 0.945488 0.227105 0.233398
v 0.286830 -0.736667 0.068948
vn 0.639976 0.178885 0.747283
v 0.195825 -0.762925 0.226889
vn 0.670069 0.184078 0.719113
v 0.204961 -0.759541 0.217852
vn -0.819090 0.111206 0.562784
v -0.243538 -0.783764 0.170346
vn -0.001748 0.178188 -0.983995
v 0.005162 -0.579755 -0.263574
vn 0.728397 0.187718 0.658938
v 0.183869 -0.534324 0.178135
vn -0.848562 0.116391 0.516136
v -0.191188 -0.436806 0.125973
vn -0.965812 0.226841 0.125496
v -0.285922 -0.737784 0.033672
vn 0.692885 0.162854 0.702416
v 0.213390 -0.767609 0.211740
vn -0.360480 0.247956 0.899206
v -0.102194 -0.716858 0.266486
vn -0.861539 0.197096 -0.467871
v -0.198321 -0.446831 -0.101181
vn 0.967388 0.212506 -0.137849
v 0.210781 -0.270842 0.003772
vn -0.175922 0.239494 0.954827
v -0.048723 -0.726842 0.284523
vn -0.563196 0.127069 0.816495
v -0.137657 -0.581890 0.222667
vn -0.510427 0.238751 0.826113
v -0.119349 -0.439741 0.198697
vn -0.024000 0.404362 -0.914284
v -0.022522 -0.194438 -0.112692
vn -0.967770 0.238498 0.080867
v -0.262802 -0.643388 0.017076
vn 0.642816 0.190046 0.742071
v 0.165449 -0.345048 0.142768
vn -0.250784 0.202335 -0.946661
v -0.071204 -0.740470 -0.284257
vn 0.737938 0.204035 0.643287
v 0.226286 -0.751508 0.193655
vn 0.954000 0.250579 -0.164603
v 0.284748 -0.710286 -0.057552
vn -0.933176 0.283171 -0.221353
v -0.268284 -0.684246 -0.064644
vn -0.467948 0.239377 0.850720
v -0.131360 -0.692931 0.245882
vn -0.853957 0.221797 0.470705
v -0.230914 -0.653749 0.133649
vn 0.780804 0.215691 -0.586364
v 0.215028 -0.643024 -0.166620
vn -0.989629 0.095057 -0.107694
v -0.220855 -0.384722 -0.009231
vn 0.949821 0.228528 -0.213579
v 0.207020 -0.261679 -0.005159
vn -0.333477 0.238509 0.912089
v -0.090684 -0.288534 0.168480
vn 0.884023 0.167988 -0.436215
v 0.232386 -0.589474 -0.120013
vn 0.380222 0.271173 0.884249
v 0.095163 -0.474211 0.225058
vn -0.405329 0.335227 -0.850489
v -0.110111 -0.304006 -0.127556
vn 0.955073 0.258496 -0.144968
v 0.198371 -0.220165 0.006808
vn 0.741165 0.115784 0.661263
v 0.196336 -0.617836 0.182621
vn 0.041638 0.194711 -0.979977
v 0.015466 -0.571283 -0.261763
vn 0.972918 0.207012 -0.102844
v 0.218816 -0.307136 0.004003
vn 0.829705 0.206832 -0.518469
v 0.227499 -0.634652 -0.145551
vn -0.936252 0.090391 0.339503
v -0.210252 -0.440285 0.086636
vn -0.049840 0.376111 -0.925233
v -0.011350 -0.315162 -0.156918
vn 0.932766 0.252741 -0.257040
v 0.261775 -0.643543 -0.072396
vn -0.933351 0.195993 0.300737
v -0.227009 -0.524296 0.084766
vn -0.453886 0.254770 0.853862
v -0.107089 -0.441853 0.206369
vn -0.196759 0.280535 0.939460
v -0.054633 -0.329004 0.190120
vn 0.332290 0.178529 0.926127
v 0.089978 -0.230272 0.157141
vn 0.361984 0.089429 0.927885
v 0.081868 -0.172047 0.152196
vn 0.773832 0.206530 0.598774
v 0.185937 -0.289639 0.105224
vn 0.388026 0.268202 0.881761
v 0.105156 -0.375778 0.189967
vn -0.828546 0.248347 0.501831
v -0.229914 -0.672919 0.144683
vn -0.513517 0.086309 0.853728
v -0.128708 -0.617527 0.232622
vn -0.336496 0.265580 0.903459
v -0.078364 -0.477255 0.230074
vn -0.928979 0.057255 0.365678
v -0.208061 -0.413279 0.087452
vn 0.332922 0.234996 -0.913203
v 0.088911 -0.219550 -0.110064
vn -0.578143 0.151179 0.801807
v -0.118732 -0.156133 0.127347
vn -0.348780 0.254427 0.902008
v -0.095273 -0.310801 0.172847
vn 0.726715 0.206971 0.655018
v 0.176240 -0.273836 0.111597
vn -0.075516 0.308327 -0.948278
v -0.036443 -0.215652 -0.120212
vn 0.765885 0.117605 0.632131
v 0.202051 -0.610641 0.174742
vn 0.890295 0.168405 -0.423102
v 0.236457 -0.604274 -0.117343
vn 0.871902 0.168348 -0.459832
v 0.231353 -0.606999 -0.128611
vn -0.400367 0.268516 0.876131
v -0.096018 -0.444901 0.212779
vn -0.446586 0.337606 -0.828603
v -0.119766 -0.313366 -0.126463
vn 0.850413 0.139922 0.507169
v 0.227493 -0.620562 0.140653
vn 0.516044 0.262065 0.815488
v 0.127647 -0.473948 0.207697
vn -0.298622 0.237365 0.924382
v -0.084562 -0.725448 0.275142
vn -0.746437 0.243779 -0.619196
v -0.177700 -0.296364 -0.073375
vn -0.950867 0.195753 -0.239859
v -0.200473 -0.260743 -0.013413
vn 0.894814 0.193312 0.402416
v 0.273227 -0.754945 0.121306
vn -0.278939 0.394710 -0.875441
v -0.067777 -0.446358 -0.207295
vn -0.837207 0.226295 -0.497870
v -0.194308 -0.453108 -0.110931
vn 0.865680 0.248133 -0.434773
v 0.193728 -0.251012 -0.033839
vn -0.076938 0.252426 0.964553
v -0.020917 -0.292661 0.184586
vn 0.394981 0.239430 -0.886940
v 0.100009 -0.224715 -0.106786
vn -0.298162 0.226743 0.927193
v -0.085770 -0.745153 0.279843
vn 0.853764 0.164437 -0.494012
v 0.225668 -0.603178 -0.137502
vn -0.944667 0.196341 0.262782
v -0.231578 -0.528469 0.072719
vn 0.007781 0.432012 -0.901835
v 0.005776 -0.428295 -0.209932
vn -0.279470 0.395052 -0.875117
v -0.068415 -0.435017 -0.201998
vn -0.907090 0.073362 0.414495
v -0.203057 -0.407880 0.098342
vn 0.438498 0.259023 0.860597
v 0.115839 -0.372920 0.184007
vn -0.583248 0.206013 0.785735
v -0.136501 -0.426560 0.183355
vn -0.283353 0.249995 0.925858
v -0.066210 -0.492544 0.238460
vn -0.599374 0.243737 0.762459
v -0.176187 -0.729618 0.227314
vn 0.043121 0.121790 -0.991619
v 0.014168 -0.602296 -0.266842
vn -0.469643 0.350565 -0.810271
v -0.118010 -0.405727 -0.167322
vn -0.218513 0.084826 0.972140
v -0.046078 -0.187692 0.161793
vn 0.150036 0.210322 0.966051
v 0.048594 -0.749717 0.291283
vn 0.009992 0.125546 0.992037
v 0.006455 -0.578299 0.266205
vn 0.758062 0.139606 0.637066
v 0.181582 -0.419728 0.145026
vn -0.985630 0.138675 -0.096447
v -0.215871 -0.324578 0.001584
vn 0.763218 0.221704 -0.606915
v 0.195952 -0.552103 -0.164357
vn 0.038485 0.308553 -0.950428
v 0.012230 -0.248597 -0.133547
vn -0.039511 0.235126 0.971162
v -0.009303 -0.271866 0.180009
vn 0.003049 0.390095 -0.920770
v -0.029599 -0.185522 -0.108690
vn -0.822633 0.256087 0.507636
v -0.236393 -0.703872 0.149905
vn 0.986284 0.087348 -0.140048
v 0.227203 -0.395568 -0.016608
vn 0.789965 0.222928 -0.571190
v 0.202470 -0.548409 -0.154346
vn 0.232511 0.282485 -0.930667
v 0.062146 -0.534173 -0.245665
vn 0.895494 0.242652 -0.373110
v 0.199732 -0.257641 -0.024840
vn -0.959628 0.231872 0.159215
v -0.188932 -0.205995 0.035745
vn 0.179865 0.421508 -0.888808
v 0.052860 -0.401330 -0.191767
vn 0.780033 0.198550 0.593402
v 0.188682 -0.302297 0.105993
vn 0.280204 0.298034 0.912503
v 0.076744 -0.399857 0.208320
vn -0.951407 0.123043 -0.282286
v -0.215738 -0.441382 -0.056671
vn -0.487293 0.302101 -0.819317
v -0.129112 -0.295595 -0.114254
vn 0.002720 0.405312 -0.914174
v -0.010701 -0.171115 -0.102750
vn 0.586110 0.230771 0.776672
v 0.142027 -0.445169 0.188706
vn -0.694963 0.190210 0.693431
v -0.160630 -0.259240 0.117800
vn -0.969861 0.240531 0.038908
v -0.193213 -0.217547 0.020083
vn -0.140997 0.204197 0.968723
v -0.038988 -0.752000 0.292010
vn -0.682254 0.156247 -0.714224
v -0.174427 -0.620763 -0.197457
vn 0.613331 0.214488 0.760145
v 0.149087 -0.439032 0.181396
vn 0.993816 0.056419 -0.095640
v 0.229530 -0.423056 -0.010895
vn 0.364483 0.264656 -0.892810
v 0.095148 -0.233984 -0.111566
vn 0.913884 0.169907 -0.368711
v 0.241586 -0.601760 -0.104730
vn -0.700106 0.278844 -0.657342
v -0.171296 -0.312023 -0.087076
vn -0.023009 0.216203 0.976077
v -0.002288 -0.745984 0.293800
vn 0.510138 0.244440 0.824626
v 0.124993 -0.446116 0.200693
vn 0.552606 0.242533 0.797374
v 0.134772 -0.451961 0.196045
vn 0.328507 0.086382 0.940543
v 0.076410 -0.183778 0.155262
vn 0.570780 0.224619 0.789782
v 0.139891 -0.433399 0.186909
vn 0.876606 0.344731 0.335742
v 0.176924 -0.164700 0.064762
vn 0.864487 0.203799 0.459488
v 0.263165 -0.750586 0.139700
vn -0.892158 0.202895 0.403594
v -0.265262 -0.754162 0.121929
vn 0.342837 0.288752 0.893916
v 0.091948 -0.388435 0.199364
vn 0.994874 0.077153 -0.065376
v 0.230709 -0.435937 -0.006226
vn -0.046912 0.330433 -0.942663
v -0.048127 -0.198792 -0.113783
vn 0.555717 0.329253 -0.763394
v 0.146617 -0.375479 -0.139532
vn 0.813997 0.224055 0.535918
v 0.185463 -0.243600 0.089741
vn 0.494787 0.230000 0.838025
v 0.152046 -0.735886 0.250927
vn -0.209788 0.202240 -0.956602
v -0.058682 -0.741163 -0.287421
vn -0.002710 0.413332 -0.910577
v -0.001420 -0.179922 -0.106537
vn 0.101259 0.155117 0.982693
v 0.033979 -0.770316 0.297034
vn -0.571765 0.170687 -0.802465
v -0.139876 -0.578416 -0.217585
vn -0.627689 0.130363 0.767471
v -0.155484 -0.585970 0.209780
vn -0.546594 0.176103 -0.818672
v -0.136967 -0.256052 -0.098302
vn 0.390767 0.183586 0.901996
v 0.102257 -0.231665 0.152618
vn -0.925911 0.166862 -0.338890
v -0.239401 -0.607702 -0.093878
vn 0.869484 0.184567 -0.458185
v 0.206333 -0.386246 -0.075897
vn 0.859162 0.235918 0.454074
v 0.190888 -0.240233 0.078849
vn -0.970061 0.189339 0.152096
v -0.289001 -0.758923 0.045275
vn 0.500953 0.181484 0.846233
v 0.154800 -0.762225 0.255808
vn -0.286402 0.221768 0.932090
v -0.078321 -0.271372 0.168371
vn 0.456580 0.374925 -0.806824
v 0.110102 -0.183616 -0.089945
vn -0.850298 0.164506 -0.499931
v -0.214859 -0.584840 -0.137389
vn 0.831622 0.121723 0.541839
v 0.198486 -0.358929 0.108114
vn 0.476116 0.163874 0.863979
v 0.146012 -0.768842 0.262238
vn -0.942919 0.280344 -0.179752
v -0.265282 -0.666377 -0.053581
vn -0.144671 0.240312 0.959854
v -0.040157 -0.282401 0.179672
vn -0.901473 0.158060 -0.402944
v -0.230083 -0.593094 -0.110596
vn -0.132414 0.236844 0.962482
v -0.035928 -0.727089 0.286675
vn 0.910981 0.226739 0.344532
v 0.276822 -0.740294 0.104262
vn 0.351136 0.203636 -0.913912
v 0.101187 -0.662324 -0.257248
vn -0.800575 0.202495 -0.563982
v -0.184998 -0.433767 -0.117719
vn 0.056131 0.305716 -0.950467
v 0.018238 -0.240290 -0.130568
vn 0.471090 0.198364 0.859492
v 0.144403 -0.756135 0.260354
vn -0.860629 0.110747 0.497044
v -0.256115 -0.783777 0.150360
vn 0.990438 0.124754 -0.058899
v 0.232007 -0.449035 -0.005454
vn 0.995988 0.079197 -0.041659
v 0.229127 -0.395993 0.003745
vn -0.879557 0.111057 0.462650
v -0.261837 -0.783803 0.139993
vn 0.815115 0.140095 0.562104
v 0.195883 -0.345240 0.108689
vn -0.132976 0.198400 -0.971059
v -0.035695 -0.743249 -0.291909
vn -0.078926 0.175351 -0.981337
v -0.019226 -0.754355 -0.295916
vn 0.933444 0.189237 -0.304750
v 0.284917 -0.745730 -0.090768
vn 0.464602 0.220552 0.857614
v 0.142108 -0.741774 0.258127
vn 0.869248 0.166090 -0.465642
v 0.205051 -0.410195 -0.087057
vn 0.333650 0.202567 -0.920676
v 0.088808 -0.568296 -0.246201
vn 0.966616 0.157440 -0.202153
v 0.293845 -0.758318 -0.066429
vn 0.776951 0.220099 0.589834
v 0.177389 -0.233123 0.096780
vn 0.232761 0.531420 -0.814503
v 0.084571 -0.159827 -0.086101
vn -0.714085 0.148323 -0.684166
v -0.181710 -0.614087 -0.188744
vn -0.317097 0.388514 -0.865162
v -0.078286 -0.442169 -0.201822
vn 0.817474 0.216914 -0.533558
v 0.209108 -0.545917 -0.143669
vn -0.488912 0.334470 -0.805664
v -0.130201 -0.320505 -0.123389
vn 0.324699 0.148729 -0.934050
v 0.084427 -0.589724 -0.251859
vn -0.498245 0.350545 -0.793013
v -0.121554 -0.456399 -0.186882
vn -0.954653 0.249025 0.163172
v -0.262362 -0.655699 0.043607
vn 0.195010 0.423007 -0.884893
v 0.057054 -0.410927 -0.195469
vn 0.209938 0.418850 -0.883454
v 0.059955 -0.422626 -0.200389
vn -0.318269 0.286333 0.903725
v -0.079627 -0.402187 0.206295
vn -0.523337 0.326159 -0.787235
v -0.137012 -0.344823 -0.129325
vn 0.616944 0.159298 -0.770717
v 0.160643 -0.590152 -0.210064
vn 0.599232 0.185172 -0.778866
v 0.155074 -0.570941 -0.210213
vn -0.365341 0.276749 0.888784
v -0.091227 -0.400174 0.201253
vn -0.933537 0.191886 0.302801
v -0.220561 -0.490685 0.082860
vn -0.907051 0.198930 0.371059
v -0.213160 -0.490325 0.103009
vn -0.136296 0.216470 0.966729
v -0.037644 -0.261673 0.175113
vn 0.674208 0.282822 -0.682243
v 0.169295 -0.399464 -0.130337
vn -0.121146 0.229040 0.965849
v -0.033099 -0.271181 0.177903
vn 0.961766 0.149252 -0.229629
v 0.219843 -0.333419 -0.018030
vn 0.523462 0.228095 0.820951
v 0.150710 -0.676973 0.234590
vn -0.352133 0.384044 -0.853529
v -0.089384 -0.426173 -0.190276
vn -0.077479 0.433190 -0.897966
v -0.016034 -0.418661 -0.204426
vn -0.166758 0.026254 0.985648
v -0.023929 -0.160081 0.164691
vn 0.076421 0.180624 -0.980579
v 0.027244 -0.753997 -0.295712
vn -0.007173 0.194767 -0.980823
v 0.002319 -0.567507 -0.261239
vn -0.959676 0.234745 -0.154649
v -0.284207 -0.728605 -0.046964
vn 0.956827 0.185964 -0.223382
v 0.218062 -0.318906 -0.014834
vn -0.052798 0.202635 -0.977830
v -0.009966 -0.563618 -0.260091
vn 0.113073 0.301361 -0.946782
v 0.031438 -0.524428 -0.248322
vn 0.151068 0.287406 -0.945820
v 0.041183 -0.531791 -0.249220
vn 0.589838 0.171127 -0.789181
v 0.152910 -0.580717 -0.214044
vn -0.248838 0.294309 0.922747
v -0.058830 -0.450126 0.227998
vn -0.402722 0.370888 -0.836814
v -0.098021 -0.456846 -0.200042
vn 0.763824 0.252036 -0.594181
v 0.169775 -0.207270 -0.049230
vn -0.967042 0.250335 0.046495
v -0.283443 -0.713105 0.001096
vn -0.956147 0.223583 -0.189191
v -0.254654 -0.628128 -0.054040
vn 0.125283 0.124742 0.984248
v 0.041064 -0.781563 0.297794
vn 0.853444 0.225307 0.469969
v 0.238081 -0.653803 0.134241
vn -0.958296 0.284500 0.026983
v -0.276902 -0.689181 -0.001447
vn -0.973780 0.179486 -0.139779
v -0.253290 -0.608330 -0.038272
vn -0.979282 0.163992 -0.118803
v -0.251641 -0.593448 -0.031418
vn 0.065583 0.268439 -0.961061
v 0.018473 -0.540026 -0.254180
vn 0.796064 0.134505 0.590076
v 0.191786 -0.392544 0.125875
vn 0.646913 0.241721 -0.723239
v 0.195988 -0.716344 -0.215044
vn -0.213808 0.208516 0.954362
v -0.058114 -0.254963 0.169900
vn 0.223344 0.241968 -0.944229
v 0.068788 -0.706196 -0.278273
vn -0.967841 0.250458 -0.023565
v -0.282643 -0.709698 -0.013124
vn -0.410951 0.176549 0.894399
v -0.098480 -0.546717 0.238976
vn 0.651396 0.214002 0.727933
v 0.166263 -0.299505 0.129226
vn -0.372903 0.185345 0.909170
v -0.087976 -0.540121 0.242228
vn -0.003431 0.244627 0.969611
v 0.003134 -0.711505 0.285454
vn 0.978954 0.201406 -0.032947
v 0.247981 -0.527027 -0.006416
vn 0.920240 0.164999 -0.354870
v 0.241124 -0.589724 -0.100332
vn 0.992773 0.118997 0.015530
v 0.303288 -0.781672 0.005863
vn -0.359932 0.383570 -0.850484
v -0.087493 -0.460666 -0.206489
vn 0.996056 0.082831 -0.031804
v 0.304376 -0.792411 -0.010254
vn 0.266809 0.473992 -0.839133
v 0.090179 -0.149859 -0.078013
vn -0.045882 0.177640 -0.983025
v -0.008341 -0.577163 -0.262739
vn -0.961718 0.253026 -0.105244
v -0.261695 -0.641540 -0.029854
vn -0.994038 0.058160 0.092231
v -0.296197 -0.800036 0.028491
vn -0.981300 0.066536 -0.180620
v -0.220027 -0.421890 -0.031446
vn 0.572672 0.310287 -0.758794
v 0.136383 -0.154248 -0.057651
vn -0.969786 0.075686 -0.231919
v -0.217885 -0.426224 -0.043127
vn -0.969059 0.225094 -0.101281
v -0.258908 -0.629400 -0.028268
vn -0.722057 0.190759 0.665015
v -0.192739 -0.650073 0.185566
vn 0.980820 0.193288 -0.025134
v 0.266482 -0.625821 -0.009852
vn 0.469527 0.424536 -0.774153
v 0.122228 -0.162820 -0.071126
vn 0.477109 0.344506 -0.808506
v 0.126323 -0.153094 -0.063667
vn -0.372187 0.146641 0.916500
v -0.088054 -0.564126 0.246469
vn 0.019882 0.438127 -0.898693
v 0.006924 -0.406363 -0.199151
vn 0.101392 0.419003 -0.902306
v 0.028998 -0.436059 -0.212210
vn 0.127600 0.415441 -0.900626
v 0.036183 -0.458804 -0.221737
vn -0.513139 0.146612 0.845691
v -0.123217 -0.563839 0.229016
vn 0.254933 0.290102 0.922415
v 0.066410 -0.450959 0.227851
vn 0.106891 0.416958 -0.902619
v 0.029991 -0.449528 -0.218231
vn 0.349775 0.245696 -0.904041
v 0.105689 -0.689163 -0.262306
vn -0.768472 0.233073 0.595926
v -0.211636 -0.668802 0.169496
vn -0.058473 0.323195 -0.944524
v -0.011193 -0.222807 -0.124562
vn 0.316864 0.248056 -0.915459
v 0.096967 -0.695906 -0.267347
vn -0.130474 0.278643 -0.951491
v -0.049513 -0.234091 -0.124373
vn -0.790776 0.227174 0.568389
v -0.215753 -0.662495 0.161553
vn -0.737702 0.251220 0.626645
v -0.207775 -0.684865 0.180612
vn 0.723858 0.155515 0.672194
v 0.223184 -0.770673 0.202445
vn -0.690381 0.250079 0.678847
v -0.193361 -0.684209 0.196233
vn -0.953654 0.282097 -0.104720
v -0.268590 -0.665561 -0.030252
vn 0.286669 0.248182 -0.925325
v 0.088221 -0.702922 -0.272095
vn -0.953797 0.082460 -0.288915
v -0.214794 -0.418932 -0.052631
vn -0.953092 0.266232 -0.143998
v -0.261815 -0.647888 -0.042363
vn 0.275058 0.208252 -0.938602
v 0.080942 -0.665947 -0.264882
vn 0.008239 0.085263 0.996324
v 0.006723 -0.207164 0.169174
vn -0.199344 0.293189 0.935041
v -0.052453 -0.352543 0.197817
vn 0.285937 0.242942 -0.926941
v 0.086482 -0.690736 -0.269398
vn -0.962494 0.163516 -0.216490
v -0.246495 -0.593987 -0.061940
vn -0.969244 0.165330 -0.182296
v -0.249767 -0.600936 -0.051375
vn 0.315634 0.219706 -0.923095
v 0.092870 -0.670310 -0.262122
vn -0.170599 0.212901 0.962065
v -0.047225 -0.257852 0.172773
vn -0.240544 0.292136 0.925632
v -0.063444 -0.360170 0.197618
vn 0.232812 0.164775 -0.958461
v 0.066284 -0.649914 -0.265744
vn 0.615144 0.201507 0.762229
v 0.154627 -0.251333 0.125736
vn 0.919363 0.188854 -0.345118
v 0.246472 -0.612372 -0.097391
vn -0.317102 0.391200 -0.863950
v -0.077656 -0.453527 -0.207134
vn 0.561699 0.138091 0.815736
v 0.151826 -0.639604 0.225390
vn -0.214720 0.302250 0.928730
v -0.052974 -0.419403 0.219457
vn -0.038537 0.105330 0.993690
v -0.005524 -0.213736 0.169596
vn -0.955220 0.193134 -0.224172
v -0.250298 -0.617774 -0.063811
vn 0.870273 0.238783 -0.430822
v 0.196856 -0.263669 -0.034501
vn -0.318286 0.391167 -0.863529
v -0.078824 -0.430866 -0.196518
vn -0.241279 0.163819 0.956529
v -0.063147 -0.221485 0.162167
vn 0.891491 0.199141 0.406923
v 0.245423 -0.641864 0.113939
vn 0.869077 0.171717 0.463916
v 0.223306 -0.561086 0.130028
vn -0.204637 0.314935 -0.926790
v -0.048904 -0.520776 -0.242849
vn -0.427920 0.286422 -0.857232
v -0.104573 -0.524795 -0.224098
vn -0.919583 0.073339 0.385990
v -0.206528 -0.400184 0.089195
vn -0.933253 0.079539 0.350304
v -0.209597 -0.392401 0.079792
vn -0.581994 0.218494 0.783290
v -0.140232 -0.395798 0.172530
vn -0.998756 0.049787 -0.002916
v -0.297594 -0.799136 -0.004237
vn -0.993643 0.104769 -0.041194
v -0.295627 -0.775118 -0.017832
vn -0.583172 0.173923 -0.793512
v -0.152101 -0.638879 -0.220105
vn -0.887425 0.198696 0.415929
v -0.205546 -0.472618 0.111265
vn 0.031753 0.159415 0.986701
v 0.011862 -0.233793 0.172281
vn -0.983947 0.063276 0.166864
v -0.293287 -0.800160 0.051154
vn 0.535723 0.201435 0.820015
v 0.138511 -0.262613 0.140129
vn 0.852069 0.187696 0.488618
v 0.193810 -0.265104 0.084586
vn 0.148631 0.428477 -0.891244
v 0.044579 -0.407363 -0.196170
vn -0.961557 0.268441 -0.057852
v -0.280415 -0.702465 -0.020162
vn 0.031377 0.210877 0.977009
v 0.013284 -0.681191 0.277991
vn -0.112235 0.193731 0.974613
v -0.028400 -0.672249 0.274309
vn 0.172336 0.352837 -0.919677
v 0.046505 -0.496381 -0.235926
vn -0.856577 0.171766 -0.486592
v -0.196117 -0.434366 -0.100454
vn -0.219165 0.193392 0.956330
v -0.059537 -0.244502 0.167396
vn -0.896209 0.410830 -0.167417
v -0.179188 -0.169619 0.002254
vn 0.531001 0.208523 -0.821314
v 0.163587 -0.742440 -0.247403
vn -0.985043 0.172247 0.004495
v -0.292953 -0.755311 -0.007871
vn 0.879708 0.181921 0.439338
v 0.239795 -0.636521 0.123304
vn -0.414355 0.191828 0.889670
v -0.097881 -0.534796 0.236737
vn -0.605361 0.220089 0.764918
v -0.142805 -0.505622 0.201983
vn -0.025793 0.243095 0.969660
v -0.003338 -0.724534 0.288693
vn -0.001066 0.221970 0.975053
v 0.003045 -0.685694 0.279164
vn -0.536983 0.221787 0.813916
v -0.126489 -0.421240 0.188971
vn 0.948883 0.100748 -0.299116
v 0.220757 -0.415487 -0.052039
vn 0.137767 0.424275 -0.894992
v 0.042570 -0.384793 -0.185727
vn 0.947054 0.247688 -0.204301
v 0.204486 -0.249044 -0.002625
vn 0.761768 0.202590 0.615360
v 0.171525 -0.220275 0.099696
vn 0.063089 0.067933 0.995693
v 0.019650 -0.201321 0.168236
vn -0.747730 0.219640 -0.626624
v -0.200297 -0.646510 -0.177104
vn 0.969671 0.244410 0.001080
v 0.206031 -0.244195 0.023273
vn -0.938985 0.216335 -0.267405
v -0.218951 -0.465271 -0.060566
vn 0.507735 0.144544 0.849301
v 0.156316 -0.774994 0.257383
vn -0.874312 0.159302 -0.458478
v -0.223072 -0.600966 -0.128049
vn -0.014954 0.404407 -0.914457
v -0.014977 -0.184063 -0.108128
vn 0.979496 0.148351 0.136305
v 0.299650 -0.772724 0.039868
vn -0.982304 0.065655 0.175409
v -0.217464 -0.360740 0.042385
vn 0.524475 0.193942 0.829043
v 0.163550 -0.755834 0.249047
vn 0.974962 0.213489 -0.062219
v 0.216829 -0.295110 0.011866
vn 0.306639 0.192053 0.932249
v 0.084820 -0.239917 0.160847
vn -0.970066 0.189319 0.152087
v -0.240021 -0.539061 0.043421
vn 0.481507 0.348343 -0.804244
v 0.124216 -0.438700 -0.181538
vn 0.632164 0.201608 0.748147
v 0.164036 -0.332072 0.140573
vn 0.563802 0.248226 0.787726
v 0.168776 -0.703489 0.230268
vn -0.157388 0.288707 0.944393
v -0.042925 -0.332395 0.193277
vn 0.967226 0.253723 0.009931
v 0.290353 -0.717744 0.001700
vn -0.827859 0.257613 0.498282
v -0.232934 -0.684544 0.145657
vn -0.183366 0.308436 0.933405
v -0.046559 -0.397502 0.213652
vn -0.429890 0.178131 0.885135
v -0.105342 -0.224402 0.147724
vn -0.962269 0.047744 0.267878
v -0.215919 -0.427001 0.066054
vn 0.001034 0.388388 -0.921495
v -0.024324 -0.174376 -0.104061
vn -0.934706 0.353414 -0.037737
v -0.182014 -0.173203 0.014285
vn -0.848588 0.252508 0.464907
v -0.248802 -0.722759 0.138399
vn -0.006723 0.429571 -0.903008
v -0.056401 -0.152638 -0.094095
vn -0.449435 0.196722 0.871383
v -0.107157 -0.529438 0.231005
vn -0.432040 0.238462 0.869757
v -0.113546 -0.297352 0.161055
vn 0.788340 0.151115 0.596392
v 0.203637 -0.579316 0.166011
vn -0.969858 0.053030 0.237829
v -0.217133 -0.400797 0.057181
vn 0.059801 0.315079 0.947180
v 0.021043 -0.362345 0.206044
vn 0.545051 0.227178 -0.807037
v 0.167217 -0.729577 -0.241558
vn 0.452469 0.363456 -0.814354
v 0.120521 -0.413014 -0.172499
vn 0.972343 0.044400 0.229297
v 0.224787 -0.419568 0.059292
vn -0.342561 0.378025 -0.860087
v -0.092651 -0.356663 -0.157538
vn 0.967511 0.079171 -0.240114
v 0.294791 -0.782837 -0.075801
vn -0.962131 0.255512 0.094959
v -0.265620 -0.655131 0.019126
vn -0.812318 0.117584 0.571239
v -0.184477 -0.426876 0.134201
vn 0.727766 0.213448 0.651764
v 0.171212 -0.241156 0.107048
vn 0.503628 0.173597 0.846300
v 0.140126 -0.656128 0.235935
vn -0.201902 0.215424 -0.955420
v -0.081584 -0.214072 -0.114051
vn 0.929095 0.171339 -0.327758
v 0.245496 -0.599103 -0.092554
vn -0.781203 0.137752 0.608889
v -0.180338 -0.399931 0.134155
vn -0.742202 0.206738 0.637491
v -0.172154 -0.278731 0.111462
vn 0.973255 0.219465 0.067897
v 0.269159 -0.641518 0.019134
vn -0.048352 0.309771 0.949581
v -0.012185 -0.358729 0.205001
vn 0.603822 0.153576 0.782185
v 0.153121 -0.566869 0.213905
vn 0.934805 0.180364 -0.305955
v 0.244129 -0.574150 -0.083963
vn -0.746350 0.157994 0.646529
v -0.173584 -0.396062 0.141455
vn -0.726007 0.205546 0.656250
v -0.160059 -0.227097 0.108743
vn 0.353304 0.392386 -0.849241
v 0.098526 -0.398930 -0.176787
vn 0.471552 0.247122 0.846504
v 0.140579 -0.704075 0.248272
vn 0.984612 0.151250 0.087534
v 0.301124 -0.772397 0.026860
vn -0.973412 0.084003 -0.213104
v -0.290073 -0.782981 -0.064540
vn 0.499146 0.241832 0.832088
v 0.124166 -0.494424 0.216109
vn -0.785618 0.148154 0.600712
v -0.182009 -0.378525 0.127044
vn -0.756326 0.214918 0.617885
v -0.167248 -0.237149 0.103666
vn -0.840784 0.194354 -0.505281
v -0.195207 -0.377450 -0.081689
vn 0.537908 0.127553 0.833298
v 0.166776 -0.781003 0.251876
vn -0.949788 0.276677 -0.146122
v -0.275912 -0.695229 -0.042423
vn 0.964101 0.263701 -0.031174
v 0.283613 -0.693488 -0.021279
vn -0.885649 0.171393 -0.431568
v -0.202827 -0.369525 -0.064554
vn 0.369952 0.259338 0.892121
v 0.101888 -0.332060 0.178258
vn -0.794427 0.123238 0.594726
v -0.181776 -0.412021 0.134925
vn -0.761387 0.152645 0.630071
v -0.177624 -0.388185 0.134871
vn 0.511224 0.100482 0.853554
v 0.158102 -0.789165 0.258402
vn 0.634616 0.193766 0.748143
v 0.155271 -0.421168 0.171507
vn -0.116142 0.428716 -0.895943
v -0.027079 -0.426001 -0.206739
vn 0.904484 0.226467 -0.361415
v 0.210559 -0.312125 -0.034017
vn -0.049502 0.320397 0.945989
v -0.011850 -0.373432 0.209967
vn 0.943450 0.100554 0.315896
v 0.216573 -0.352743 0.069268
vn 0.526767 0.234725 0.816958
v 0.138857 -0.295852 0.148704
vn 0.241018 0.336894 -0.910172
v 0.068698 -0.284997 -0.137170
vn 0.990497 0.099411 -0.095044
v 0.224782 -0.350479 -0.000888
vn 0.399913 0.167623 0.901095
v 0.103097 -0.556588 0.241810
vn 0.472738 0.345680 -0.810570
v 0.121484 -0.480936 -0.201791
vn -0.148951 0.423269 -0.893676
v -0.038012 -0.421320 -0.202903
vn 0.520150 0.280962 -0.806539
v 0.134452 -0.251074 -0.096848
vn 0.953502 0.116773 -0.277846
v 0.291226 -0.772686 -0.084853
vn 0.567059 0.276693 -0.775813
v 0.144630 -0.257958 -0.092265
vn 0.971451 0.222996 0.080971
v 0.294750 -0.739317 0.024278
vn 0.965803 0.214902 -0.145056
v 0.213088 -0.283580 0.000835
vn -0.259073 0.409201 -0.874892
v -0.067235 -0.399942 -0.186036
vn 0.676152 0.299463 -0.673157
v 0.166934 -0.453487 -0.154424
vn 0.751484 0.093681 0.653067
v 0.230792 -0.789288 0.197478
vn 0.958847 0.255196 0.124450
v 0.286144 -0.711104 0.038214
vn -0.144517 0.232408 -0.961822
v -0.032986 -0.555785 -0.255989
vn -0.213811 0.261411 -0.941249
v -0.050376 -0.542441 -0.249202
vn 0.461979 0.249935 0.850945
v 0.114640 -0.488489 0.219864
vn -0.660026 0.309624 -0.684470
v -0.160241 -0.481214 -0.167437
vn -0.202420 0.297069 0.933154
v -0.047284 -0.454803 0.232254
vn 0.936372 0.194203 -0.292391
v 0.222737 -0.456543 -0.063393
vn -0.105296 0.427500 -0.897862
v -0.026067 -0.401708 -0.195277
vn -0.821875 0.210021 -0.529541
v -0.191378 -0.340622 -0.073662
vn 0.755542 0.273682 -0.595193
v 0.187192 -0.318674 -0.077580
vn 0.956107 0.022256 -0.292172
v 0.292206 -0.802966 -0.088063
vn 0.922798 0.022073 -0.384652
v 0.282045 -0.800791 -0.116342
vn -0.948481 0.177659 0.262339
v -0.239030 -0.569819 0.074894
vn 0.330119 0.394347 -0.857620
v 0.091428 -0.415868 -0.187404
vn 0.137757 0.221413 0.965401
v 0.042980 -0.265125 0.175928
vn -0.779587 0.217247 0.587407
v -0.167933 -0.225817 0.098817
vn -0.229574 0.466683 -0.854110
v -0.087438 -0.161847 -0.095312
vn -0.059288 -0.001191 0.998240
v -0.002576 -0.153054 0.167138
vn 0.986787 0.051410 -0.153653
v 0.301329 -0.803780 -0.048144
vn -0.945643 0.268286 -0.183799
v -0.276152 -0.703678 -0.054990
vn -0.210354 0.097870 0.972714
v -0.051229 -0.636680 0.265105
vn 0.041778 0.071054 0.996597
v 0.014325 -0.622178 0.269825
vn -0.830714 0.157353 -0.533999
v -0.210210 -0.592020 -0.147252
vn -0.567147 0.327643 -0.755641
v -0.137046 -0.447188 -0.172154
vn 0.299066 0.283607 0.911113
v 0.082660 -0.364775 0.195050
vn -0.383221 0.360081 -0.850578
v -0.104000 -0.327583 -0.140136
vn -0.380738 0.240318 0.892909
v -0.102231 -0.292781 0.165104
vn 0.308136 0.231008 0.922869
v 0.087428 -0.278575 0.168734
vn 0.972809 0.204756 0.108243
v 0.213221 -0.280645 0.034863
vn 0.767166 0.169065 0.618768
v 0.236320 -0.766971 0.186152
vn 0.475161 0.223080 -0.851151
v 0.146276 -0.732995 -0.255402
vn 0.980056 0.198616 -0.006452
v 0.254001 -0.555455 -0.000951
vn 0.570681 0.333404 -0.750443
v 0.143430 -0.454340 -0.175394
vn 0.521653 0.241257 0.818336
v 0.132865 -0.394194 0.180625
vn -0.104458 0.393196 -0.913502
v -0.027974 -0.326918 -0.160423
vn -0.034747 0.399669 -0.916001
v -0.003087 -0.203240 -0.117597
vn -0.719154 0.190946 0.668100
v -0.213000 -0.756155 0.201422
vn -0.735715 0.256183 -0.626972
v -0.178430 -0.333940 -0.088424
vn -0.189297 0.178482 -0.965562
v -0.053474 -0.752679 -0.290781
vn -0.978910 0.188559 0.078615
v -0.291822 -0.754577 0.013242
vn -0.622859 0.088566 0.777305
v -0.184179 -0.791506 0.235308
vn 0.128408 0.206858 -0.969908
v 0.043070 -0.743587 -0.292020
vn -0.891232 0.197018 0.408521
v -0.211658 -0.506085 0.114595
vn 0.548485 0.231059 -0.803602
v 0.157562 -0.667630 -0.228994
vn 0.982604 0.169472 -0.075950
v 0.260618 -0.595252 -0.019250
vn 0.038747 0.305517 0.951398
v 0.015186 -0.351676 0.202831
vn -0.364639 0.221944 -0.904311
v -0.089399 -0.558451 -0.240829
vn 0.255687 0.245302 -0.935121
v 0.077770 -0.698022 -0.273872
vn 0.937551 0.187808 0.292790
v 0.286218 -0.760557 0.090000
vn 0.252855 0.311290 -0.916058
v 0.070833 -0.273001 -0.132311
vn 0.744636 0.056893 0.665041
v 0.228032 -0.801146 0.201945
vn -0.638645 0.203302 0.742159
v -0.171685 -0.661124 0.209049
vn -0.932370 0.238138 0.271986
v -0.254628 -0.655206 0.077499
vn 0.867956 0.186518 0.460286
v 0.219051 -0.536311 0.128358
vn -0.999047 0.030361 0.031357
v -0.223590 -0.418432 0.014439
vn -0.202459 0.303633 0.931030
v -0.048292 -0.441982 0.227898
vn 0.855739 0.107296 0.506161
v 0.200926 -0.431221 0.120014
vn 0.527147 0.342960 -0.777493
v 0.138665 -0.404878 -0.157924
vn 0.945005 0.110713 -0.307746
v 0.220243 -0.401337 -0.048923
vn -0.717554 0.203073 0.666241
v -0.171456 -0.312354 0.122798
vn 0.894946 0.221644 0.387228
v 0.188977 -0.216337 0.069488
vn -0.426763 0.442090 -0.788942
v -0.109294 -0.162935 -0.087200
vn 0.928633 0.319355 -0.188821
v 0.177472 -0.152355 0.010495
vn -0.370879 0.423098 -0.826702
v -0.102681 -0.152860 -0.085037
vn 0.995066 0.092638 0.035533
v 0.304227 -0.791741 0.013345
vn -0.501087 0.207955 -0.840039
v -0.146861 -0.738538 -0.252092
vn -0.898492 0.255294 0.357123
v -0.249422 -0.669504 0.103817
vn -0.634016 0.230671 0.738115
v -0.148849 -0.485513 0.191014
vn -0.774670 0.196923 -0.600923
v -0.177899 -0.274306 -0.065082
vn -0.085727 0.286728 -0.954169
v -0.059437 -0.203627 -0.114619
vn 0.904997 0.023642 -0.424760
v 0.276919 -0.799976 -0.127696
vn -0.553724 0.165557 0.816076
v -0.164532 -0.766868 0.245819
vn 0.631381 0.170979 0.756389
v 0.160712 -0.549108 0.204158
vn -0.044389 0.320143 0.946329
v -0.008545 -0.408100 0.221866
vn -0.934217 0.063540 0.350999
v -0.209084 -0.426892 0.086975
vn -0.790674 0.214179 -0.573552
v -0.184267 -0.403117 -0.108120
vn 0.947540 0.141183 -0.286766
v 0.220427 -0.383452 -0.040550
vn -0.173822 0.421616 -0.889959
v -0.046472 -0.381983 -0.182666
vn 0.896393 0.237536 0.374240
v 0.270742 -0.730022 0.112750
vn 0.946080 0.228376 -0.229733
v 0.260800 -0.632077 -0.064792
vn 0.997563 0.045201 -0.053160
v 0.229969 -0.414901 -0.000808
vn -0.073196 0.407583 -0.910230
v -0.019835 -0.344795 -0.169132
vn 0.169482 0.290541 -0.941733
v 0.049842 -0.232072 -0.124184
vn -0.926791 0.209045 -0.312023
v -0.207311 -0.312286 -0.027909
vn -0.269404 0.195664 -0.942941
v -0.092337 -0.219310 -0.112552
vn 0.917952 0.204457 0.339942
v 0.222063 -0.475819 0.091395
vn 0.306919 0.291637 0.905952
v 0.083539 -0.377636 0.198881
vn 0.112053 0.238174 0.964737
v 0.037078 -0.729323 0.288005
vn -0.193880 0.235952 -0.952227
v -0.072014 -0.233965 -0.120679
vn -0.829716 0.171094 -0.531318
v -0.208414 -0.579122 -0.146072
vn -0.228352 0.212819 -0.950033
v -0.082853 -0.226837 -0.116637
vn 0.543376 0.312971 -0.778969
v 0.129165 -0.189253 -0.080053
vn -0.574513 0.199770 0.793742
v -0.170270 -0.753886 0.238884
vn -0.547956 0.233306 0.803313
v -0.159821 -0.736043 0.241251
vn -0.902965 0.243072 -0.354358
v -0.265753 -0.721200 -0.106655
vn -0.392527 0.234600 0.889317
v -0.108132 -0.693106 0.257478
vn -0.998875 0.042264 0.021527
v -0.223987 -0.428629 0.012181
vn 0.723359 0.258791 -0.640140
v 0.180893 -0.377921 -0.109387
vn 0.221352 0.059544 0.973374
v 0.050281 -0.185405 0.162938
vn 0.734838 0.198793 0.648455
v 0.204039 -0.653210 0.182318
vn -0.515348 0.244496 0.821364
v -0.121305 -0.493159 0.213568
vn -0.583884 0.193927 -0.788335
v -0.136167 -0.212564 -0.089603
vn -0.127202 0.008509 0.991840
v -0.015629 -0.155760 0.165853
vn 0.844878 0.220463 -0.487418
v 0.258443 -0.735314 -0.145197
vn -0.744724 0.247399 0.619822
v -0.217154 -0.721756 0.184668
vn -0.236669 0.398023 -0.886321
v -0.056885 -0.462304 -0.217712
vn 0.896670 0.169142 -0.409113
v 0.211273 -0.384691 -0.064988
vn 0.686605 0.187356 0.702475
v 0.171209 -0.377427 0.145660
vn 0.187440 0.162706 0.968707
v 0.054153 -0.230742 0.167129
vn 0.978498 0.204308 -0.028292
v 0.251073 -0.542025 -0.006026
vn -0.936926 0.204783 -0.283257
v -0.196090 -0.247992 -0.019477
vn 0.038935 0.202185 0.978573
v 0.016477 -0.751461 0.294805
vn 0.701014 0.218671 -0.678795
v 0.195587 -0.649290 -0.191441
vn 0.351148 0.042672 0.935347
v 0.110279 -0.805660 0.282733
vn -0.764893 0.224557 -0.603749
v -0.189152 -0.542941 -0.160729
vn 0.721888 0.241261 -0.648592
v 0.176661 -0.418680 -0.130330
vn 0.535952 0.390054 -0.748741
v 0.133163 -0.164234 -0.064668
vn 0.949292 0.046461 0.310944
v 0.290954 -0.805568 0.092779
vn -0.037840 0.207914 0.977415
v -0.006349 -0.677939 0.277250
vn 0.414926 0.254188 0.873627
v 0.112747 -0.328683 0.172379
vn -0.139736 0.320698 -0.936817
v -0.035950 -0.275421 -0.139567
vn -0.747447 0.202210 -0.632799
v -0.185632 -0.562243 -0.171657
vn -0.137872 0.309045 -0.941001
v -0.036602 -0.262909 -0.135301
vn 0.995338 0.074253 0.061546
v 0.226617 -0.368791 0.026330
vn -0.261114 0.064948 0.963120
v -0.051872 -0.166985 0.158775
vn 0.187341 0.234847 0.953808
v 0.058462 -0.694855 0.275936
vn 0.680606 0.250868 0.688361
v 0.201936 -0.700492 0.201222
vn -0.985945 0.167060 -0.002128
v -0.253757 -0.595045 -0.000950
vn 0.103560 0.152826 -0.982812
v 0.029796 -0.588266 -0.263760
vn 0.580856 0.383370 -0.718076
v 0.140728 -0.174754 -0.064781
vn -0.467063 0.257092 0.846024
v -0.109094 -0.462894 0.211602
vn 0.245769 0.083042 0.965765
v 0.066592 -0.626468 0.262475
vn -0.382723 0.257398 0.887282
v -0.090029 -0.486419 0.228001
vn 0.156430 0.415844 -0.895881
v 0.044257 -0.452108 -0.217385
vn -0.429681 0.257397 0.865518
v -0.101055 -0.480435 0.221156
vn -0.334878 0.248697 0.908849
v -0.091838 -0.300871 0.171357
vn -0.717394 0.240892 0.653695
v -0.199383 -0.678020 0.187535
vn -0.238060 0.402071 -0.884119
v -0.057954 -0.438892 -0.206820
vn 0.622046 0.270251 -0.734863
v 0.150514 -0.228990 -0.077106
vn 0.882793 0.243473 -0.401742
v 0.201059 -0.277191 -0.033421
vn -0.904365 0.246880 -0.348099
v -0.245673 -0.644069 -0.098997
vn 0.764944 0.149723 0.626453
v 0.184388 -0.395676 0.135956
vn -0.888645 0.237618 0.392234
v -0.180127 -0.213940 0.072094
vn -0.537668 0.192910 0.820791
v -0.128024 -0.531832 0.219373
vn 0.962167 0.238547 -0.131645
v 0.266804 -0.638082 -0.041219
vn -0.546990 0.227503 -0.805633
v -0.128826 -0.200733 -0.091736
vn -0.650760 0.210249 0.729594
v -0.154315 -0.508852 0.193198
vn 0.851297 0.244221 -0.464381
v 0.256868 -0.715501 -0.138264
vn 0.027882 0.231863 0.972349
v 0.011718 -0.691501 0.280341
vn -0.930806 0.191980 -0.311036
v -0.232810 -0.557740 -0.086104
vn -0.237729 0.110732 0.964999
v -0.056056 -0.195866 0.160277
vn 0.668497 0.187815 0.719609
v 0.147132 -0.180021 0.114810
vn 0.994578 0.082048 -0.063901
v 0.226122 -0.362942 0.002378
vn -0.659078 0.198845 0.725311
v -0.156990 -0.521527 0.194311
vn 0.791451 0.123665 0.598591
v 0.209295 -0.615106 0.166434
vn -0.903486 0.195053 0.381664
v -0.177083 -0.194529 0.068763
vn -0.996272 0.036798 0.078021
v -0.222931 -0.413416 0.023617
vn 0.703320 0.216239 0.677187
v 0.215938 -0.745848 0.203109
vn -0.507913 0.132118 0.851216
v -0.148111 -0.778057 0.258329
vn -0.860031 0.169700 0.481196
v -0.212724 -0.565919 0.136849
vn -0.882993 0.143339 -0.446964
v -0.202353 -0.409686 -0.080807
vn -0.295241 0.405909 -0.864911
v -0.094152 -0.172734 -0.099096
vn 0.228168 0.230926 -0.945840
v 0.072190 -0.731916 -0.284036
vn 0.162607 0.237436 -0.957697
v 0.051069 -0.719997 -0.285360
vn -0.902603 0.195410 0.383566
v -0.208693 -0.468340 0.102209
vn 0.992884 0.108040 -0.050084
v 0.224369 -0.341018 0.007359
vn 0.690537 0.194969 0.696524
v 0.212241 -0.755627 0.209786
vn -0.933171 0.182446 -0.309685
v -0.235062 -0.570625 -0.086942
vn 0.968519 0.243850 -0.050081
v 0.270471 -0.645588 -0.021085
vn 0.172466 0.296665 0.939279
v 0.051729 -0.348413 0.197725
vn 0.982793 0.108008 0.149843
v 0.222566 -0.337841 0.039814
vn -0.889126 0.259281 -0.377132
v -0.259720 -0.708330 -0.112584
vn -0.914818 0.215790 0.341383
v -0.181300 -0.205616 0.063942
vn 0.712631 0.175230 0.679302
v 0.171473 -0.435185 0.159911
vn 0.450229 0.259004 0.854524
v 0.116248 -0.405991 0.193812
vn 0.609482 0.279036 -0.742072
v 0.154944 -0.264001 -0.086399
vn 0.417856 0.268863 0.867819
v 0.108896 -0.397258 0.194797
vn -0.775554 0.173460 -0.606982
v -0.201415 -0.623303 -0.168324
vn 0.063909 0.441408 -0.895028
v 0.019870 -0.412483 -0.201586
vn -0.388157 0.246195 0.888100
v -0.108419 -0.705525 0.260727
vn -0.553857 0.241611 0.796785
v -0.130021 -0.487131 0.206020
vn -0.580497 0.172039 0.795880
v -0.140010 -0.546072 0.214226
vn 0.995417 0.083467 0.046680
v 0.231389 -0.441832 0.019300
vn 0.100206 0.089291 0.990952
v 0.028380 -0.208494 0.168166
vn 0.821799 0.188764 0.537600
v 0.196349 -0.307444 0.096988
vn -0.955784 0.286111 -0.067953
v -0.276695 -0.690546 -0.023006
vn 0.695093 0.273754 -0.664759
v 0.169388 -0.251916 -0.068446
vn -0.665042 0.239211 0.707459
v -0.184143 -0.678017 0.202975
vn -0.544899 0.246078 0.801580
v -0.127271 -0.462902 0.200392
vn -0.510158 0.252767 0.822099
v -0.119063 -0.468877 0.207582
vn -0.174220 0.184671 0.967235
v -0.050379 -0.762894 0.292388
vn 0.925399 0.122873 -0.358522
v 0.216497 -0.406785 -0.061250
vn -0.559892 0.223961 0.797723
v -0.152888 -0.674383 0.227341
vn 0.114815 0.235337 0.965108
v 0.036427 -0.696762 0.279879
vn 0.826426 0.116248 0.550914
v 0.194946 -0.426400 0.128642
vn 0.527040 0.328885 -0.783622
v 0.143053 -0.350553 -0.131398
vn -0.952952 0.269782 0.138201
v -0.269170 -0.674351 0.033130
vn 0.868591 0.246417 -0.429917
v 0.203931 -0.303284 -0.043421
vn 0.179678 0.393196 -0.901728
v 0.055312 -0.336937 -0.161448
vn 0.995473 0.095006 0.002713
v 0.304375 -0.791113 0.000397
vn 0.904950 0.244441 -0.348302
v 0.208994 -0.299379 -0.029443
vn 0.613355 0.330933 -0.717133
v 0.154155 -0.472097 -0.174755
vn 0.620603 0.136689 0.772119
v 0.167725 -0.636375 0.212926
vn -0.149936 0.413493 -0.898077
v -0.035980 -0.446641 -0.215187
vn 0.840593 0.255221 -0.477772
v 0.200883 -0.312569 -0.054072
vn -0.739208 0.199374 0.643290
v -0.169828 -0.265696 0.109792
vn 0.791629 0.183661 0.582745
v 0.191394 -0.315374 0.106592
vn -0.578677 0.184810 0.794342
v -0.138146 -0.536337 0.213423
vn -0.299224 0.259530 0.918210
v -0.082165 -0.310522 0.177395
vn -0.888700 0.204719 0.410246
v -0.207585 -0.483938 0.112405
vn 0.996531 0.081743 0.015626
v 0.227568 -0.377497 0.017228
vn 0.602685 0.215750 0.768259
v 0.171349 -0.667920 0.217294
vn -0.608664 0.166920 0.775671
v -0.147595 -0.551579 0.209701
vn 0.617354 0.177903 -0.766306
v 0.189675 -0.751975 -0.230836
vn -0.782963 0.199523 0.589203
v -0.162640 -0.205203 0.098404
vn 0.285518 0.036592 0.957674
v 0.057360 -0.160728 0.159845
vn -0.920814 0.194838 0.337846
v -0.215818 -0.484778 0.093090
vn 0.478860 0.347812 -0.806052
v 0.131186 -0.356006 -0.141187
vn -0.809009 0.220509 0.544867
v -0.168826 -0.215257 0.093435
vn -0.902660 0.218651 -0.370671
v -0.202376 -0.304319 -0.036034
vn 0.625644 0.206927 -0.752164
v 0.192466 -0.740166 -0.225602
vn 0.930165 0.199588 0.308152
v 0.231145 -0.507835 0.085576
vn -0.278652 0.298344 0.912877
v -0.073021 -0.381047 0.201627
vn 0.624318 0.107126 0.773790
v 0.166180 -0.623425 0.212214
vn 0.474014 0.358765 -0.804113
v 0.127762 -0.398477 -0.161921
vn -0.581429 0.157141 0.798278
v -0.140827 -0.559174 0.216341
vn -0.863857 0.193615 0.465042
v -0.171049 -0.194711 0.081077
vn 0.494859 0.208242 0.843653
v 0.153305 -0.749289 0.253667
vn 0.625684 0.096781 0.774050
v 0.164944 -0.610378 0.211541
vn -0.635467 0.172404 0.752634
v -0.128450 -0.155874 0.119829
vn 0.255195 0.402080 -0.879322
v 0.076656 -0.358545 -0.165885
vn -0.234645 0.248692 0.939731
v -0.065124 -0.291344 0.177019
vn -0.268187 0.243257 -0.932149
v -0.073393 -0.694373 -0.272028
vn 0.762930 0.156736 0.627194
v 0.185132 -0.383297 0.132122
vn -0.430710 0.254083 0.865985
v -0.123026 -0.710278 0.255235
vn -0.428494 0.237603 0.871744
v -0.119329 -0.697220 0.253380
vn 0.927560 0.266868 0.261562
v 0.268431 -0.677153 0.076437
vn 0.881974 0.213578 -0.420128
v 0.225729 -0.541997 -0.112463
vn 0.467256 0.266975 0.842850
v 0.115352 -0.476598 0.215834
vn 0.962963 0.192822 -0.188475
v 0.251102 -0.567285 -0.051829
vn 0.818085 0.235279 -0.524767
v 0.228854 -0.645947 -0.148201
vn 0.957557 0.206824 -0.200767
v 0.244834 -0.539625 -0.054172
vn 0.793790 0.134587 0.593114
v 0.212060 -0.626307 0.165137
vn 0.351366 0.386159 -0.852891
v 0.093843 -0.438375 -0.196615
vn 0.996026 0.055092 0.069979
v 0.230475 -0.431987 0.025027
vn -0.833287 0.198503 -0.515973
v -0.194617 -0.388995 -0.086952
vn -0.993002 0.111205 -0.039763
v -0.217043 -0.330878 0.009760
vn 0.927417 0.259183 -0.269670
v 0.194909 -0.219514 -0.007486
vn 0.214887 0.393308 -0.893942
v 0.065571 -0.339492 -0.160258
vn -0.957704 0.268147 0.104407
v -0.268686 -0.666957 0.020800
vn -0.956230 0.256587 0.140668
v -0.195625 -0.231570 0.035385
vn 0.989138 0.103354 -0.104513
v 0.230486 -0.443200 -0.016551
vn 0.306734 0.396681 -0.865192
v 0.082426 -0.432819 -0.198467
vn 0.897067 0.144588 -0.417570
v 0.210724 -0.422953 -0.080226
vn 0.998031 0.058882 0.021614
v 0.230999 -0.432459 0.013726
vn -0.035979 0.416714 -0.908325
v -0.008209 -0.350110 -0.172215
vn -0.930902 0.201903 0.304395
v -0.224467 -0.513999 0.085957
vn -0.599911 0.310796 -0.737233
v -0.146530 -0.492359 -0.184465
vn -0.690204 0.194368 0.697022
v -0.204302 -0.755090 0.210060
vn 0.930216 0.202800 -0.305893
v 0.251978 -0.623158 -0.088151
vn 0.953115 0.242846 0.180547
v 0.286830 -0.723904 0.054178
vn -0.811176 0.266386 -0.520607
v -0.236094 -0.701254 -0.153124
vn 0.548961 0.223770 0.805338
v 0.145042 -0.288226 0.142367
vn 0.343559 0.271010 0.899178
v 0.095461 -0.366375 0.191023
vn -0.922331 0.196293 0.332829
v -0.222578 -0.519947 0.095220
vn 0.953619 0.182554 0.239342
v 0.227932 -0.466698 0.066184
vn 0.982181 0.158209 -0.101444
v 0.231922 -0.455112 -0.017345
vn 0.617156 0.167255 0.768859
v 0.169542 -0.648691 0.213943
vn 0.357878 0.211464 -0.909509
v 0.112196 -0.740865 -0.273422
vn 0.424990 0.195197 0.883901
v 0.120641 -0.665472 0.248376
vn -0.050364 0.154283 0.986742
v -0.010886 -0.657201 0.273190
vn -0.981482 0.185782 0.046673
v -0.257122 -0.616065 0.012352
vn 0.692836 0.168496 -0.701132
v 0.180934 -0.585592 -0.191030
vn 0.512769 0.160217 -0.843445
v 0.133263 -0.586988 -0.228611
vn 0.653297 0.165580 -0.738773
v 0.170686 -0.586997 -0.200944
vn 0.887553 0.180036 0.424071
v 0.227119 -0.553464 0.119436
vn 0.209151 0.323926 -0.922674
v 0.055582 -0.514528 -0.240755
vn 0.483033 0.319837 -0.815097
v 0.125988 -0.505431 -0.209177
vn 0.891969 0.197247 0.406799
v 0.222519 -0.518398 0.113394
vn 0.611346 0.326954 -0.720665
v 0.153244 -0.462375 -0.171070
vn 0.168230 0.278194 0.945678
v 0.043178 -0.479832 0.242009
vn -0.811439 0.251645 -0.527486
v -0.189405 -0.458031 -0.121174
vn -0.991355 0.107590 0.075105
v -0.224760 -0.448368 0.023092
vn -0.846487 0.111746 0.520550
v -0.192893 -0.367554 0.108489
vn 0.839531 0.201250 -0.504665
v 0.201120 -0.373242 -0.079802
vn 0.749384 0.281801 -0.599177
v 0.185157 -0.307387 -0.074756
vn -0.854003 0.202201 -0.479367
v -0.191222 -0.283719 -0.048551
vn 0.511595 0.236600 -0.826009
v 0.120072 -0.205310 -0.091405
vn 0.632847 0.271943 -0.724949
v 0.147429 -0.192928 -0.067273
vn 0.940191 0.064627 0.334462
v 0.287742 -0.798320 0.100954
vn -0.617841 0.221636 -0.754420
v -0.181954 -0.733224 -0.225960
vn -0.185764 0.207005 0.960542
v -0.054171 -0.751091 0.289279
vn -0.906796 0.249105 0.340099
v -0.264718 -0.716957 0.100141
vn 0.609663 0.241773 -0.754889
v 0.185197 -0.716795 -0.224394
vn -0.965133 0.189274 -0.180815
v -0.252127 -0.613734 -0.051274
vn -0.387490 0.080298 0.918370
v -0.096622 -0.620624 0.249354
vn -0.106587 0.117931 -0.987285
v -0.023922 -0.614302 -0.266951
vn 0.700485 0.157238 0.696129
v 0.180016 -0.564278 0.189877
vn -0.116244 0.407196 -0.905913
v -0.024729 -0.464370 -0.224928
vn 0.125473 0.300520 0.945486
v 0.034177 -0.461806 0.237902
vn 0.019502 0.315301 0.948791
v 0.006538 -0.436509 0.231754
vn -0.141951 0.312869 0.939129
v -0.034541 -0.400967 0.216941
vn -0.988060 0.070044 0.137230
v -0.220100 -0.385057 0.036513
vn 0.991685 0.110958 0.065183
v 0.223609 -0.334891 0.027254
vn 0.540928 0.227359 0.809756
v 0.143932 -0.315625 0.151089
vn 0.125218 0.269655 0.954781
v 0.039883 -0.308220 0.187432
vn -0.250487 0.200842 0.947058
v -0.068392 -0.250480 0.166457
vn -0.894145 0.217153 -0.391599
v -0.188011 -0.235099 -0.033278
vn -0.374637 0.404573 -0.834247
v -0.105105 -0.173316 -0.094939
vn -0.186557 0.237848 -0.953218
v -0.052007 -0.719471 -0.283731
vn 0.243270 0.227241 -0.942964
v 0.071941 -0.674331 -0.269307
vn -0.112420 0.125075 -0.985758
v -0.025799 -0.628855 -0.268456
vn 0.863010 0.209697 -0.459609
v 0.221763 -0.549298 -0.123789
vn 0.714811 0.204314 -0.668805
v 0.183985 -0.562504 -0.181680
vn -0.225905 0.332489 -0.915652
v -0.054135 -0.509611 -0.237689
vn 0.648123 0.323438 -0.689438
v 0.163257 -0.472122 -0.166642
vn 0.515682 0.334247 -0.788892
v 0.132356 -0.433289 -0.174126
vn -0.918203 0.117171 0.378383
v -0.207073 -0.446405 0.096601
vn 0.959587 0.077900 0.270417
v 0.222056 -0.393017 0.064060
vn -0.170934 0.409659 -0.896081
v -0.046981 -0.359453 -0.172061
vn 0.176167 0.307396 0.935133
v 0.051422 -0.371504 0.205259
vn -0.390019 0.363531 -0.846008
v -0.105745 -0.340316 -0.144775
vn 0.354440 0.268773 0.895619
v 0.098203 -0.344621 0.183384
vn 0.532308 0.230312 0.814619
v 0.139762 -0.342713 0.161267
vn 0.127426 0.290384 0.948388
v 0.039861 -0.329720 0.193731
vn 0.317538 0.267192 0.909823
v 0.090507 -0.332653 0.182736
vn -0.594265 0.204077 0.777947
v -0.145149 -0.271017 0.134440
vn -0.826568 0.195993 -0.527610
v -0.178916 -0.239052 -0.051884
vn 0.655509 0.198146 0.728729
v 0.156188 -0.225703 0.117482
vn -0.495603 0.187905 -0.847980
v -0.123251 -0.212471 -0.098117
vn -0.000896 0.360778 -0.932651
v -0.044428 -0.186627 -0.109382
vn -0.211532 0.047917 0.976196
v -0.037226 -0.167012 0.162366
vn -0.269739 0.185124 -0.944971
v -0.077541 -0.751512 -0.284766
vn -0.400183 0.226068 0.888114
v -0.116962 -0.742427 0.267140
vn -0.688392 0.257755 -0.677996
v -0.199672 -0.704673 -0.200246
vn -0.961374 0.200573 0.188495
v -0.255462 -0.633641 0.053246
vn -0.780508 0.132744 0.610890
v -0.200375 -0.622083 0.169561
vn 0.560826 0.192534 -0.805236
v 0.145864 -0.569437 -0.216584
vn 0.889706 0.195341 -0.412632
v 0.231434 -0.567896 -0.112959
vn 0.291502 0.212448 -0.932680
v 0.076198 -0.564315 -0.249570
vn 0.747914 0.205650 0.631136
v 0.180070 -0.457569 0.156578
vn -0.151014 0.311558 0.938151
v -0.038347 -0.384354 0.210791
vn 0.865721 0.180722 -0.466763
v 0.205528 -0.365086 -0.068819
vn 0.491142 0.240394 0.837252
v 0.129592 -0.345120 0.168322
vn 0.697525 0.209558 0.685233
v 0.175333 -0.305560 0.122451
vn 0.046487 0.250596 0.966975
v 0.016901 -0.287866 0.183968
vn -0.543341 0.205368 0.814006
v -0.134815 -0.263344 0.139878
vn -0.739726 0.202352 0.641763
v -0.167054 -0.250854 0.108644
vn -0.881417 0.238789 0.407533
v -0.185766 -0.239271 0.075289
vn 0.689767 0.274285 -0.670067
v 0.166063 -0.239070 -0.066588
vn -0.522670 0.174475 -0.834491
v -0.128474 -0.224056 -0.097388
vn 0.951396 0.224041 -0.211307
v 0.191222 -0.195622 0.002140
vn -0.816242 0.264783 0.513458
v -0.160800 -0.172828 0.088940
vn 0.917629 0.195117 -0.346247
v 0.279735 -0.744849 -0.104870
vn -0.257982 0.230856 0.938164
v -0.069605 -0.689962 0.270377
vn -0.078125 0.217926 0.972833
v -0.018200 -0.681879 0.277405
vn -0.256460 0.322120 -0.911300
v -0.070194 -0.284503 -0.135310
vn 0.800786 0.283974 0.527352
v 0.165508 -0.166488 0.088209
vn -0.930747 0.147272 -0.334696
v -0.211649 -0.443401 -0.070018
vn -0.263977 0.089086 0.960406
v -0.057835 -0.180298 0.158227
vn -0.996795 0.077139 0.021175
v -0.220168 -0.364319 0.017868
vn 0.566424 0.293319 -0.770148
v 0.146082 -0.270144 -0.095624
vn -0.695420 0.128310 0.707056
v -0.206050 -0.779895 0.214170
vn 0.555268 0.108013 0.824628
v 0.147515 -0.627114 0.226448
vn -0.494006 0.185877 -0.849357
v -0.127308 -0.259664 -0.105175
vn -0.100192 0.265340 0.958935
v -0.027985 -0.302321 0.186527
vn 0.683628 0.129920 0.718174
v 0.209356 -0.780362 0.218285
vn -0.479535 0.351660 -0.803979
v -0.123063 -0.386795 -0.155990
vn 0.769153 0.204937 0.605314
v 0.183077 -0.276810 0.104497
vn 0.978974 0.170041 -0.112673
v 0.258803 -0.591163 -0.030535
vn 0.327872 0.220911 0.918531
v 0.103035 -0.739779 0.275103
vn -0.888542 0.181365 -0.421425
v -0.231114 -0.617712 -0.118208
vn -0.877702 0.219567 0.425945
v -0.188123 -0.252032 0.077283
vn 0.351270 0.231983 -0.907080
v 0.103723 -0.675952 -0.259567
vn 0.147019 0.463018 -0.874071
v 0.069165 -0.178554 -0.100718
vn 0.740186 0.245518 -0.625976
v 0.187866 -0.532500 -0.166795
vn 0.755584 0.198370 0.624293
v 0.179253 -0.263652 0.104889
vn -0.867143 0.256028 -0.427215
v -0.238087 -0.653125 -0.122152
vn -0.962280 0.240200 0.127753
v -0.262834 -0.649212 0.030140
vn -0.353737 0.242354 -0.903402
v -0.083728 -0.549416 -0.240737
vn 0.088829 0.425345 -0.900662
v 0.028874 -0.364560 -0.177891
vn -0.975805 0.140139 -0.167829
v -0.215149 -0.331166 -0.011026
vn 0.442598 0.238317 -0.864472
v 0.110869 -0.223576 -0.101316
vn -0.573531 0.178768 0.799440
v -0.125830 -0.174985 0.126424
vn 0.936704 0.348283 0.035834
v 0.181437 -0.158264 0.031533
vn 0.606274 0.117503 0.786527
v 0.187602 -0.782078 0.237333
vn 0.739753 0.255678 0.622410
v 0.216342 -0.688106 0.180931
vn 0.969326 0.184084 0.162849
v 0.251502 -0.562955 0.047621
vn 0.862843 0.092977 0.496847
v 0.203947 -0.411094 0.111045
vn -0.362490 0.266289 0.893136
v -0.094897 -0.355312 0.185878
vn 0.714390 0.370853 -0.593393
v 0.158566 -0.178929 -0.049403
vn -0.809702 0.264577 0.523815
v -0.155165 -0.161055 0.091284
vn -0.285985 0.217426 0.933241
v -0.076850 -0.680492 0.265959
vn 0.983422 0.181083 0.009494
v 0.265929 -0.622439 0.003258
vn 0.670577 0.143390 -0.727851
v 0.176705 -0.608021 -0.199789
vn -0.271188 0.234621 0.933494
v -0.062460 -0.512317 0.244776
vn 0.463052 0.258016 0.847945
v 0.120187 -0.394522 0.188199
vn 0.302978 0.399319 -0.865303
v 0.086407 -0.391061 -0.177735
vn 0.459033 0.243648 0.854356
v 0.123747 -0.325105 0.165754
vn 0.557012 0.312580 -0.769436
v 0.146108 -0.282125 -0.100327
vn 0.452683 0.205963 0.867558
v 0.119255 -0.262978 0.151490
vn -0.163055 0.166887 0.972400
v -0.041364 -0.227831 0.167792
vn 0.791462 0.240167 -0.562056
v 0.222897 -0.650627 -0.159001
vn -0.388001 0.300449 -0.871313
v -0.092767 -0.518149 -0.227401
vn 0.535322 0.193751 0.822126
v 0.137101 -0.249239 0.137847
vn -0.588215 0.182080 -0.787940
v -0.139061 -0.224716 -0.090236
vn -0.268176 0.249116 -0.930604
v -0.074887 -0.707262 -0.274988
vn -0.522327 0.329621 -0.786464
v -0.129537 -0.414313 -0.163792
vn 0.035815 0.427245 -0.903426
v 0.013467 -0.365034 -0.179168
vn -0.946858 0.077893 0.312076
v -0.210819 -0.353152 0.066330
vn 0.381743 0.079425 0.920849
v 0.100375 -0.607317 0.249779
vn 0.917089 0.218079 -0.333749
v 0.251785 -0.632832 -0.095045
vn 0.147295 0.301947 -0.941877
v 0.042150 -0.252101 -0.131745
vn -0.851368 0.157520 -0.500361
v -0.216460 -0.597121 -0.138506
vn 0.063422 0.419964 -0.905322
v 0.017763 -0.443617 -0.216675
vn 0.924631 0.235850 -0.299053
v 0.256392 -0.637779 -0.085110
vn -0.351950 0.373907 -0.858094
v -0.094948 -0.345366 -0.151674
vn 0.773097 0.276391 -0.570902
v 0.188231 -0.299567 -0.067092
vn 0.698676 0.270982 -0.662133
v 0.175963 -0.384191 -0.117257
vn 0.491113 0.351945 -0.796833
v 0.131760 -0.391255 -0.156217
vn 0.603106 0.152639 0.782920
v 0.126938 -0.152680 0.124531
vn -0.575287 0.248412 0.779318
v -0.162560 -0.695840 0.226847
vn -0.928873 0.176398 0.325698
v -0.230892 -0.557667 0.093252
vn 0.981331 0.183575 -0.057351
v 0.234008 -0.462077 -0.006791
vn 0.408418 0.273721 0.870788
v 0.104602 -0.409008 0.200477
vn 0.966543 0.054820 0.250579
v 0.223562 -0.405740 0.061333
vn -0.770131 0.234857 -0.593077
v -0.182047 -0.380743 -0.102233
vn 0.598663 0.309136 -0.738944
v 0.155048 -0.371057 -0.131199
vn 0.871191 0.026049 -0.490252
v 0.266527 -0.797140 -0.147789
vn -0.550542 0.110855 0.827415
v -0.140889 -0.632782 0.226734
vn -0.993190 0.085486 -0.079154
v -0.218447 -0.352499 -0.001264
vn 0.159002 0.373023 -0.914096
v 0.049007 -0.311758 -0.151895
vn 0.417584 0.093652 0.903799
v 0.090579 -0.159803 0.147187
vn -0.950019 0.265041 0.164975
v -0.265961 -0.669337 0.044502
vn -0.545983 0.195926 0.814565
v -0.134676 -0.249507 0.136414
vn -0.426470 0.169055 -0.888563
v -0.114663 -0.243015 -0.108413
vn 0.921030 0.124060 0.369206
v 0.211892 -0.331933 0.074900
vn 0.905024 0.201695 -0.374500
v 0.246723 -0.624911 -0.103386
vn 0.621733 0.045392 0.781913
v 0.191950 -0.805329 0.236257
vn -0.874292 0.234783 -0.424842
v -0.235779 -0.642022 -0.120452
vn 0.987716 0.155741 -0.012752
v 0.233434 -0.456491 0.004495
vn -0.096959 0.314816 0.944187
v -0.022534 -0.405752 0.220045
vn -0.955937 0.114522 0.270313
v -0.211251 -0.329019 0.057467
vn 0.952476 0.159757 0.259359
v 0.255889 -0.620427 0.073469
vn -0.889814 0.167074 0.424637
v -0.223359 -0.576041 0.120243
vn 0.491953 0.352799 -0.795937
v 0.126290 -0.451804 -0.186025
vn 0.245198 0.414775 -0.876264
v 0.069414 -0.415470 -0.194595
vn -0.832075 0.195956 0.518896
v -0.185778 -0.276583 0.091959
vn -0.697511 0.268907 -0.664205
v -0.150655 -0.199456 -0.072820
vn -0.812666 0.241339 0.530406
v -0.238605 -0.731300 0.159792
vn 0.013240 0.181002 0.983394
v 0.008519 -0.540795 0.260318
vn -0.378471 0.256979 0.889226
v -0.100994 -0.329773 0.175935
vn -0.795192 0.343336 -0.499790
v -0.168886 -0.192251 -0.045535
vn -0.478400 0.232152 0.846899
v -0.122924 -0.333132 0.166063
vn -0.960944 0.087843 0.262430
v -0.213067 -0.343420 0.056216
vn 0.436732 0.132685 0.889753
v 0.120219 -0.643718 0.244496
vn 0.429334 0.261434 0.864479
v 0.113184 -0.385410 0.189057
vn 0.954756 0.198163 0.221749
v 0.291399 -0.754400 0.066421
vn -0.900689 0.212413 -0.378999
v -0.203689 -0.315979 -0.039429
vn 0.822145 0.256745 -0.508095
v 0.196084 -0.301229 -0.056267
vn 0.866805 0.232195 -0.441288
v 0.241223 -0.641813 -0.124649
vn -0.930770 0.176379 0.320245
v -0.234223 -0.570502 0.090666
vn -0.692319 0.257842 -0.673953
v -0.163915 -0.434307 -0.143332
vn -0.028194 0.390541 -0.920154
v -0.005153 -0.326740 -0.161960
vn 0.153780 0.414267 -0.897070
v 0.065769 -0.188337 -0.106211
vn -0.919798 0.239508 -0.310817
v -0.248369 -0.639653 -0.088218
vn 0.212124 0.239851 0.947352
v 0.055186 -0.507205 0.247176
vn -0.675829 0.211324 -0.706114
v -0.200386 -0.739624 -0.211537
vn 0.852202 0.200736 -0.483173
v 0.232710 -0.629672 -0.134808
vn -0.593544 0.203717 0.778591
v -0.146780 -0.353682 0.156003
vn -0.507259 0.235567 0.828973
v -0.127640 -0.362559 0.171630
vn -0.315963 0.201673 -0.927090
v -0.093016 -0.247833 -0.118280
vn -0.808609 0.193894 -0.555479
v -0.178422 -0.248663 -0.056150
vn 0.147472 0.493325 -0.857253
v 0.065722 -0.168389 -0.095672
vn 0.925848 0.229073 -0.300552
v 0.188678 -0.197588 -0.009110
vn -0.962563 0.221197 0.156669
v -0.259496 -0.642361 0.041191
vn -0.178800 0.390589 -0.903034
v -0.049897 -0.326970 -0.156981
vn -0.711946 0.183761 0.677764
v -0.167618 -0.385092 0.145351
vn -0.932533 0.197639 0.302192
v -0.223401 -0.503551 0.081962
vn 0.025910 0.155795 0.987450
v 0.011135 -0.658476 0.273627
vn -0.809707 0.160933 -0.564337
v -0.203686 -0.586898 -0.155485
vn 0.981557 0.141116 0.128967
v 0.231171 -0.455328 0.038980
vn 0.267170 0.263504 -0.926923
v 0.079552 -0.208110 -0.110190
vn 0.810181 0.225247 -0.541174
v 0.246162 -0.730245 -0.162721
vn 0.510867 0.107551 0.852906
v 0.136351 -0.629839 0.233899
vn 0.912374 0.199005 -0.357731
v 0.212386 -0.325033 -0.036845
vn -0.958590 0.204933 0.197756
v -0.185431 -0.197004 0.042558
vn -0.355312 0.276007 0.893070
v -0.085129 -0.434721 0.214142
vn -0.772680 0.406597 -0.487488
v -0.165273 -0.181425 -0.042720
vn 0.186945 0.192034 0.963418
v 0.058929 -0.758076 0.291220
vn -0.846238 0.261635 0.464143
v -0.239764 -0.686559 0.134772
vn 0.984128 0.063146 -0.165848
v 0.299731 -0.793423 -0.054322
vn 0.820724 0.148561 0.551672
v 0.220845 -0.627801 0.152980
vn -0.459002 0.114156 0.881070
v -0.098057 -0.158343 0.140500
vn 0.753104 0.224248 -0.618504
v 0.209894 -0.647767 -0.175095
vn 0.280593 0.408077 -0.868758
v 0.079143 -0.408428 -0.188315
vn 0.216573 0.223474 0.950345
v 0.056148 -0.517837 0.249547
vn 0.960769 0.262559 0.089360
v 0.285562 -0.704472 0.027324
vn -0.721330 0.128628 0.680542
v -0.184699 -0.624906 0.188323
vn -0.980660 0.181029 0.074388
v -0.247418 -0.564611 0.021591
vn 0.337241 0.254484 0.906370
v 0.086214 -0.494901 0.234668
vn 0.871141 0.243001 -0.426689
v 0.264398 -0.721254 -0.126759
vn -0.152580 0.120068 -0.980970
v -0.036146 -0.621849 -0.266225
vn 0.180117 0.211903 0.960549
v 0.046414 -0.524946 0.253218
vn 0.968172 0.171006 0.182756
v 0.230401 -0.463028 0.051933
vn -0.499318 0.168242 -0.849927
v -0.127763 -0.245551 -0.102069
vn -0.724344 0.156009 0.671556
v -0.166941 -0.410895 0.152452
vn -0.714234 0.171015 0.678693
v -0.166280 -0.398216 0.150101
vn 0.919470 0.153946 -0.361767
v 0.214201 -0.368351 -0.051157
vn 0.418627 0.463574 -0.780929
v 0.108683 -0.171178 -0.083906
vn 0.983253 0.123339 -0.134169
v 0.298701 -0.770539 -0.047499
vn 0.940964 0.107370 0.321028
v 0.216261 -0.341747 0.066608
vn 0.973351 0.060674 0.221150
v 0.224807 -0.398839 0.054584
vn 0.304298 0.133226 -0.943215
v 0.082986 -0.631175 -0.258032
vn -0.343973 0.172724 -0.922957
v -0.084012 -0.582968 -0.248195
vn 0.632113 0.217075 0.743849
v 0.157499 -0.507795 0.195964
vn -0.968121 0.202872 0.146920
v -0.232939 -0.502546 0.041205
vn -0.916390 0.212953 0.338940
v -0.245865 -0.644166 0.095845
vn -0.361857 0.273063 0.891345
v -0.091586 -0.372533 0.192400
vn -0.937459 0.138780 -0.319236
v -0.211155 -0.371181 -0.044916
vn 0.173903 0.334313 -0.926279
v 0.050435 -0.284091 -0.140934
vn 0.114231 0.119988 0.986182
v 0.032297 -0.219322 0.168802
vn -0.128901 0.311759 0.941377
v -0.028974 -0.428725 0.226977
vn 0.936829 0.210801 0.279130
v 0.284733 -0.746565 0.084935
vn -0.453823 0.225753 0.862021
v -0.124172 -0.685396 0.247765
vn 0.737939 0.320507 -0.593903
v 0.163594 -0.186798 -0.047836
vn -0.452929 0.044938 0.890413
v -0.132465 -0.805614 0.269610
vn 0.067074 0.117218 -0.990839
v 0.021479 -0.612384 -0.267580
vn -0.484510 0.082671 0.870870
v -0.120238 -0.605863 0.236363
vn 0.364448 0.381661 -0.849419
v 0.095367 -0.459701 -0.205600
vn 0.890978 0.232601 -0.389942
v 0.184838 -0.198748 -0.019855
vn 0.965263 0.224452 0.133749
v 0.267804 -0.644471 0.038748
vn -0.314249 0.157516 -0.936182
v -0.075476 -0.588867 -0.252269
vn -0.441064 0.363755 -0.820454
v -0.107888 -0.465636 -0.198913
vn 0.629677 0.118791 -0.767721
v 0.193422 -0.773710 -0.232063
vn -0.167314 0.306681 0.936991
v -0.039069 -0.435350 0.227506
vn 0.559275 0.231728 0.795936
v 0.147708 -0.301737 0.144451
vn -0.749679 0.128404 0.649225
v -0.222909 -0.779059 0.195987
vn 0.439267 0.171779 0.881780
v 0.113366 -0.551377 0.236010
vn -0.943223 0.193147 0.270231
v -0.225050 -0.498414 0.073502
vn -0.310354 0.150918 0.938565
v -0.079344 -0.653788 0.259758
vn 0.861609 0.252403 -0.440367
v 0.243059 -0.650343 -0.125744
vn -0.037978 0.174361 -0.983949
v -0.005864 -0.652243 -0.273428
vn 0.949266 0.233544 0.210597
v 0.265422 -0.650072 0.059456
vn 0.101380 0.138432 -0.985169
v 0.031244 -0.638324 -0.269936
vn 0.053353 0.156937 0.986166
v 0.018317 -0.558347 0.263074
vn 0.075744 0.241379 0.967470
v 0.024683 -0.279973 0.181430
vn -0.069179 0.117606 0.990648
v -0.014119 -0.646926 0.271542
vn 0.898480 0.224847 -0.377064
v 0.227668 -0.524377 -0.098172
vn -0.353391 0.390136 -0.850241
v -0.093276 -0.394686 -0.174468
vn -0.414702 0.258636 0.872428
v -0.106730 -0.360776 0.182350
vn 0.213649 0.323251 -0.921880
v 0.060608 -0.278473 -0.136778
vn -0.789818 0.163342 0.591191
v -0.193606 -0.559094 0.164217
vn 0.868830 0.209955 -0.448389
v 0.237684 -0.631800 -0.126577
vn 0.645427 0.298617 -0.703031
v 0.162610 -0.396820 -0.135599
vn -0.328185 0.398956 -0.856229
v -0.087087 -0.386792 -0.173316
vn -0.565928 0.211479 0.796870
v -0.143204 -0.331834 0.152843
vn -0.356545 0.387113 -0.850305
v -0.095523 -0.379349 -0.166526
vn -0.096060 0.159510 0.982512
v -0.021862 -0.657485 0.272428
vn 0.937750 0.246492 0.244677
v 0.263872 -0.655209 0.071362
vn 0.967028 0.158960 0.198970
v 0.259712 -0.619435 0.056750
vn -0.363856 0.225477 0.903753
v -0.086349 -0.511755 0.236439
vn 0.808835 0.234311 -0.539337
v 0.194558 -0.446684 -0.117863
vn -0.955598 0.113415 -0.271975
v -0.213754 -0.361152 -0.032500
vn 0.859726 0.183861 -0.476516
v 0.204558 -0.352386 -0.065800
vn 0.199778 0.351775 -0.914518
v 0.072815 -0.194391 -0.107443
vn -0.931679 0.232001 0.279555
v -0.275016 -0.735968 0.084384
vn 0.958680 0.171396 0.227058
v 0.258699 -0.625100 0.065238
vn 0.763314 0.168924 0.623552
v 0.194162 -0.553341 0.171337
vn 0.633171 0.288305 -0.718314
v 0.160834 -0.510858 -0.185975
vn 0.673906 0.301987 -0.674281
v 0.169773 -0.491899 -0.169444
vn -0.963889 0.211342 -0.162027
v -0.225135 -0.468445 -0.036474
vn 0.124599 0.394456 -0.910428
v 0.039695 -0.334788 -0.163085
vn 0.052969 0.408801 -0.911085
v 0.019147 -0.344208 -0.169306
vn -0.942646 0.255377 0.214946
v -0.193686 -0.232464 0.046407
vn -0.883095 0.206581 -0.421270
v -0.262421 -0.742058 -0.126490
vn -0.933633 0.238027 0.267718
v -0.273768 -0.727024 0.080874
vn -0.980200 0.197809 -0.008914
v -0.228837 -0.469290 0.001697
vn 0.308545 0.289602 0.906052
v 0.079209 -0.429963 0.217285
vn 0.125238 0.407919 -0.904388
v 0.041367 -0.347386 -0.168334
vn -0.647564 0.178408 -0.740832
v -0.151520 -0.243787 -0.084614
vn 0.771506 0.159358 -0.615941
v 0.202159 -0.593400 -0.169309
vn -0.605802 0.182138 0.774487
v -0.146042 -0.540149 0.208331
vn 0.970672 0.231689 0.064159
v 0.197391 -0.212972 0.031650
vn 0.279757 0.237331 -0.930274
v 0.088205 -0.721533 -0.276986
vn -0.171561 0.003801 0.985166
v -0.022482 -0.149323 0.164728
vn -0.379451 0.383428 -0.842021
v -0.099901 -0.388898 -0.168986
# 7374 vertices, 0 vertices normals

f 1//1 3981//3981 1095//1095
f 7279//7279 6806//6806 1650//1650
f 2//2 1650//1650 6806//6806
f 3//3 1842//1842 1847//1847
f 4//4 2217//2217 2548//2548
f 2548//2548 2217//2217 5//5
f 5//5 2544//2544 6799//6799
f 2933//2933 6858//6858 6//6
f 6//6 2927//2927 2933//2933
f 3315//3315 2927//2927 7//7
f 7//7 3310//3310 3315//3315
f 3718//3718 3310//3310 8//8
f 8//8 3715//3715 3719//3719
f 1200//1200 3715//3715 9//9
f 9//9 1194//1194 1201//1201
f 1565//1565 1194//1194 10//10
f 10//10 1559//1559 1566//1566
f 1927//1927 1559//1559 11//11
f 11//11 1923//1923 1928//1928
f 2301//2301 1923//1923 12//12
f 12//12 2296//2296 2302//2302
f 2647//2647 2296//2296 13//13
f 13//13 2641//2641 2648//2648
f 3027//3027 2641//2641 14//14
f 14//14 3022//3022 3028//3028
f 3406//3406 3022//3022 15//15
f 15//15 3400//3400 3407//3407
f 3796//3796 3400//3400 16//16
f 16//16 3791//3791 3797//3797
f 1285//1285 3791//3791 17//17
f 17//17 1280//1280 1286//1286
f 1651//1651 1280//1280 18//18
f 18//18 1645//1645 1652//1652
f 2021//2021 1645//1645 19//19
f 19//19 2017//2017 2022//2022
f 2376//2376 2017//2017 20//20
f 20//20 2371//2371 2377//2377
f 2740//2740 2371//2371 21//21
f 21//21 2736//2736 2741//2741
f 3120//3120 2736//2736 22//22
f 22//22 3114//3114 3121//3121
f 3504//3504 3114//3114 23//23
f 23//23 3500//3500 3505//3505
f 3876//3876 3500//3500 24//24
f 24//24 3870//3870 3877//3877
f 1381//1381 3870//3870 25//25
f 25//25 1379//1379 1382//1382
f 1740//1740 1379//1379 26//26
f 26//26 1735//1735 1741//1741
f 2107//2107 1735//1735 27//27
f 27//27 2104//2104 2108//2108
f 2463//2463 2104//2104 28//28
f 28//28 2459//2459 2464//2464
f 2822//2822 2459//2459 29//29
f 29//29 2819//2819 2823//2823
f 3218//3218 2819//2819 30//30
f 30//30 3215//3215 3219//3219
f 3600//3600 3215//3215 31//31
f 31//31 3597//3597 3601//3601
f 3962//3962 3597//3597 32//32
f 32//32 3958//3958 3963//3963
f 1098//1098 3958//3958 33//33
f 33//33 1091//1091 1099//1099
f 1477//1477 1091//1091 34//34
f 34//34 1471//1471 1478//1478
f 1849//1849 1471//1471 35//35
f 35//35 1845//1845 1850//1850
f 2221//2221 1845//1845 36//36
f 36//36 2219//2219 2222//2222
f 2549//2549 2219//2219 37//37
f 37//37 2545//2545 2550//2550
f 2935//2935 2545//2545 38//38
f 38//38 2929//2929 2936//2936
f 3316//3316 2929//2929 39//39
f 39//39 3313//3313 6146//6146
f 41//41 1195//1195 6619//6619
f 42//42 1560//1560 6680//6680
f 43//43 1743//1743 1560//1560
f 43//43 1924//1924 1931//1931
f 44//44 2109//2109 1924//1924
f 44//44 2297//2297 2304//2304
f 45//45 2466//2466 2297//2297
f 45//45 2644//2644 2650//2650
f 46//46 2824//2824 2644//2644
f 46//46 3024//3024 3030//3030
f 47//47 3220//3220 3024//3024
f 47//47 3401//3401 3410//3410
f 48//48 3602//3602 3401//3401
f 48//48 3794//3794 3799//3799
f 49//49 3965//3965 3794//3794
f 49//49 1283//1283 1288//1288
f 50//50 1100//1100 1283//1283
f 50//50 1647//1647 1654//1654
f 51//51 1481//1481 1647//1647
f 51//51 2019//2019 2024//2024
f 52//52 1852//1852 2019//2019
f 52//52 2373//2373 2379//2379
f 53//53 2224//2224 2373//2373
f 53//53 2738//2738 2743//2743
f 54//54 3118//3118 7314//7314
f 55//55 2938//2938 3118//3118
f 55//55 3501//3501 3508//3508
f 56//56 3318//3318 3501//3501
f 56//56 3872//3872 3880//3880
f 57//57 1380//1380 1384//1384
f 58//58 1203//1203 1380//1380
f 58//58 1736//1736 1745//1745
f 59//59 1569//1569 1736//1736
f 59//59 2106//2106 2111//2111
f 60//60 1932//1932 2106//2106
f 60//60 2462//2462 2467//2467
f 61//61 2305//2305 2462//2462
f 61//61 2821//2821 2825//2825
f 62//62 2651//2651 2821//2821
f 62//62 3217//3217 3221//3221
f 63//63 3031//3031 3217//3217
f 63//63 3598//3598 3603//3603
f 64//64 3412//3412 3598//3598
f 64//64 3960//3960 6901//6901
f 65//65 6901//6901 3960//3960
f 65//65 1092//1092 1101//1101
f 66//66 1289//1289 1092//1092
f 66//66 1474//1474 1483//1483
f 67//67 1655//1655 1474//1474
f 67//67 1846//1846 1854//1854
f 68//68 2025//2025 1846//1846
f 68//68 2220//2220 7226//7226
f 69//69 7226//7226 2220//2220
f 69//69 2547//2547 2555//2555
f 70//70 2744//2744 2547//2547
f 70//70 2931//2931 2940//2940
f 71//71 3314//3314 4007//4007
f 72//72 3717//3717 3509//3509
f 73//73 3881//3881 3717//3717
f 73//73 1198//1198 1204//1204
f 74//74 1386//1386 1198//1198
f 74//74 1564//1564 1570//1570
f 75//75 1747//1747 1564//1564
f 75//75 1926//1926 1933//1933
f 76//76 2300//2300 6905//6905
f 77//77 2469//2469 2300//2300
f 77//77 2646//2646 2652//2652
f 78//78 2827//2827 2646//2646
f 78//78 3026//3026 3032//3032
f 79//79 3223//3223 3026//3026
f 79//79 3404//3404 3413//3413
f 80//80 3605//3605 3404//3404
f 80//80 1094//1094 3801//3801
f 1//1 1291//1291 1094//1094
f 2117//2117 1743//1743 1931//1931
f 2473//2473 2109//2109 2304//2304
f 2473//2473 1935//1935 3982//3982
f 83//83 2473//2473 3983//3983
f 2831//2831 2466//2466 2650//2650
f 2831//2831 2307//2307 3983//3983
f 2307//2307 2831//2831 6204//6204
f 84//84 2824//2824 3030//3030
f 84//84 2654//2654 3984//3984
f 3608//3608 3220//3220 3410//3410
f 6545//6545 3608//3608 6205//6205
f 3970//3970 3602//3602 3799//3799
f 6394//6394 3970//3970 6206//6206
f 1104//1104 3965//3965 1288//1288
f 6376//6376 1104//1104 7325//7325
f 1487//1487 1100//1100 1654//1654
f 1487//1487 1297//1297 3988//3988
f 1297//1297 1487//1487 7150//7150
f 1856//1856 1481//1481 2024//2024
f 1856//1856 1659//1659 3989//3989
f 2029//2029 1852//1852 2379//2379
f 85//85 2029//2029 3990//3990
f 2559//2559 2224//2224 2743//2743
f 2559//2559 130//130 3990//3990
f 6946//6946 2559//2559 3991//3991
f 86//86 2553//2553 3992//3992
f 3324//3324 2938//2938 3508//3508
f 3324//3324 3126//3126 3992//3992
f 87//87 3324//3324 3325//3325
f 1573//1573 1203//1203 1745//1745
f 1573//1573 1389//1389 3994//3994
f 89//89 1573//1573 3995//3995
f 1937//1937 1569//1569 2111//2111
f 1937//1937 1750//1750 3995//3995
f 90//90 1937//1937 3996//3996
f 2309//2309 1932//1932 2467//2467
f 2309//2309 2118//2118 3996//3996
f 2655//2655 2305//2305 2825//2825
f 2655//2655 2474//2474 3997//3997
f 91//91 2655//2655 3998//3998
f 3034//3034 2651//2651 3221//3221
f 6207//6207 3031//3031 3603//3603
f 6207//6207 3226//3226 3999//3999
f 6208//6208 3412//3412 4001//4001
f 1298//1298 6901//6901 1101//1101
f 1298//1298 3972//3972 4001//4001
f 92//92 1289//1289 1483//1483
f 92//92 1105//1105 4002//4002
f 6768//6768 1655//1655 1854//1854
f 6761//6761 6768//6768 4004//4004
f 1857//1857 2025//2025 4005//4005
f 2748//2748 7226//7226 2555//2555
f 2748//2748 7173//7173 4005//4005
f 93//93 2748//2748 4006//4006
f 3128//3128 7154//7154 4006//4006
f 1390//1390 3881//3881 1204//1204
f 1390//1390 3727//3727 4009//4009
f 139//139 1390//1390 4010//4010
f 1751//1751 1386//1386 1570//1570
f 1751//1751 1209//1209 4010//4010
f 2119//2119 1747//1747 1933//1933
f 2119//2119 1575//1575 4011//4011
f 2833//2833 2469//2469 2652//2652
f 2833//2833 2311//2311 4013//4013
f 3227//3227 2827//2827 3032//3032
f 3609//3609 3223//3223 3413//3413
f 3609//3609 3036//3036 4015//4015
f 95//95 3609//3609 6852//6852
f 6738//6738 1485//1485 6147//6147
f 2229//2229 6147//6147 2380//2380
f 2560//2560 2548//2548 6799//6799
f 96//96 2560//2560 4016//4016
f 2943//2943 6858//6858 2933//2933
f 2943//2943 2749//2749 4016//4016
f 97//97 2943//2943 4017//4017
f 3327//3327 7216//7216 3510//3510
f 3327//3327 3130//3130 4017//4017
f 98//98 3327//3327 4018//4018
f 3728//3728 5800//5800 3882//3882
f 3728//3728 3516//3516 4018//4018
f 99//99 3728//3728 4019//4019
f 1211//1211 5801//5801 1387//1387
f 1211//1211 3887//3887 4019//4019
f 100//100 1211//1211 4020//4020
f 1576//1576 5802//5802 1748//1748
f 1576//1576 1392//1392 4020//4020
f 1939//1939 5803//5803 2114//2114
f 102//102 1939//1939 4021//4021
f 2312//2312 5804//5804 2470//2470
f 2312//2312 7322//7322 4021//4021
f 103//103 2312//2312 4022//4022
f 2657//2657 5805//5805 2829//2829
f 2657//2657 2475//2475 4022//4022
f 104//104 2657//2657 4023//4023
f 3038//3038 5806//5806 3224//3224
f 3038//3038 2834//2834 4023//4023
f 105//105 3038//3038 4024//4024
f 3417//3417 5807//5807 3606//3606
f 3417//3417 3228//3228 4024//4024
f 106//106 3417//3417 4025//4025
f 3805//3805 5808//5808 3968//3968
f 3805//3805 3611//3611 4025//4025
f 107//107 3805//3805 4026//4026
f 1299//1299 5809//5809 1103//1103
f 1299//1299 3945//3945 4026//4026
f 108//108 1299//1299 4027//4027
f 1633//1633 5810//5810 1486//1486
f 1633//1633 1109//1109 4027//4027
f 109//109 1633//1633 4028//4028
f 2031//2031 5811//5811 1855//1855
f 2031//2031 1457//1457 4028//4028
f 110//110 2031//2031 4029//4029
f 2362//2362 5812//5812 2227//2227
f 2362//2362 1859//1859 4029//4029
f 2751//2751 5813//5813 2557//2557
f 2751//2751 2200//2200 4030//4030
f 3100//3100 5814//5814 2942//2942
f 3100//3100 2561//2561 4031//4031
f 111//111 3100//3100 4032//4032
f 3518//3518 5815//5815 3322//3322
f 3518//3518 2908//2908 4032//4032
f 112//112 3518//3518 4033//4033
f 3860//3860 5816//5816 3725//3725
f 3860//3860 3328//3328 4033//4033
f 113//113 3860//3860 4034//4034
f 1393//1393 5817//5817 1205//1205
f 1393//1393 3699//3699 4034//4034
f 114//114 1393//1393 4035//4035
f 1722//1722 5818//5818 1571//1571
f 1722//1722 1213//1213 4035//4035
f 6085//6085 1722//1722 4036//4036
f 1550//1550 5819//5819 1934//1934
f 115//115 1550//1550 4037//4037
f 2446//2446 5820//5820 2306//2306
f 2446//2446 1940//1940 4037//4037
f 116//116 2446//2446 4038//4038
f 2835//2835 5821//5821 2653//2653
f 2835//2835 2283//2283 4038//4038
f 117//117 2835//2835 4039//4039
f 3200//3200 5822//5822 3033//3033
f 3200//3200 2659//2659 4039//4039
f 118//118 3200//3200 4040//4040
f 3612//3612 5823//5823 3414//3414
f 3612//3612 3007//3007 4040//4040
f 119//119 3612//3612 4041//4041
f 3946//3946 5824//5824 3803//3803
f 3946//3946 3419//3419 4041//4041
f 120//120 3946//3946 4042//4042
f 1111//1111 5825//5825 1295//1295
f 1111//1111 3781//3781 4042//4042
f 121//121 1111//1111 4043//4043
f 1458//1458 5826//5826 1657//1657
f 1458//1458 1301//1301 4043//4043
f 122//122 1458//1458 4044//4044
f 1860//1860 5827//5827 2027//2027
f 1860//1860 1634//1634 4044//4044
f 123//123 1860//1860 4045//4045
f 2202//2202 5828//5828 2381//2381
f 2202//2202 2032//2032 4045//4045
f 2205//2205 2202//2202 4046//4046
f 2562//2562 5829//5829 2745//2745
f 2562//2562 2364//2364 4046//4046
f 124//124 2562//2562 6756//6756
f 2909//2909 5830//5830 3123//3123
f 2909//2909 2753//2753 6756//6756
f 3123//3123 2936//2936 5991//5991
f 1206//1206 1394//1394 1216//1216
f 4049//4049 3726//3726 1216//1216
f 1302//1302 1116//1116 1121//1121
f 177//177 6781//6781 4048//4048
f 1219//1219 1400//1400 1225//1225
f 3011//3011 3210//3210 5854//5854
f 3424//3424 3622//3622 5855//5855
f 3785//3785 3956//3956 5856//5856
f 2036//2036 1872//1872 5650//5650
f 1122//1122 1314//1314 5677//5677
f 2210//2210 6336//6336 5870//5870
f 2570//2570 2760//2760 6551//6551
f 245//245 4069//4069 6880//6880
f 5993//5993 2851//2851 249//249
f 5994//5994 1130//1130 252//252
f 5864//5864 2577//2577 6182//6182
f 6260//6260 6945//6945 6954//6954
f 6261//6261 3683//3683 254//254
f 6511//6511 1227//1227 255//255
f 6456//6456 4064//4064 1586//1586
f 5996//5996 6540//6540 257//257
f 1313//1313 1120//1120 1121//1121
f 6556//6556 1997//1997 5681//5681
f 1997//1997 1875//1875 177//177
f 263//263 4052//4052 219//219
f 3141//3141 3110//3110 2956//2956
f 7121//7121 2958//2958 246//246
f 3479//3479 3295//3295 4071//4071
f 1503//1503 4066//4066 2003//2003
f 1822//1822 1997//1997 6552//6552
f 2763//2763 2583//2583 261//261
f 6891//6891 2960//2960 4078//4078
f 3849//3849 3688//3688 4079//4079
f 1409//1409 300//300 4080//4080
f 1764//1764 1591//1591 262//262
f 6818//6818 2680//2680 264//264
f 3239//3239 3053//3053 4083//4083
f 3933//3933 7372//7372 3576//3576
f 1134//1134 1325//1325 6950//6950
f 3048//3048 3245//3245 7255//7255
f 3379//3379 3582//3582 272//272
f 3774//3774 3938//3938 273//273
f 1321//1321 1139//1139 274//274
f 1674//1674 1500//1500 275//275
f 2000//2000 6882//6882 276//276
f 2356//2356 2361//2361 277//277
f 6585//6585 2768//2768 5999//5999
f 6148//6148 3484//3484 289//289
f 7354//7354 7364//7364 4102//4102
f 2855//2855 320//320 4103//4103
f 3934//3934 3777//3777 281//281
f 1136//1136 1327//1327 282//282
f 4050//4050 4069//4069 6471//6471
f 5872//5872 2444//2444 283//283
f 3578//3578 3590//3590 4119//4119
f 295//295 4075//4075 284//284
f 6411//6411 1503//1503 1825//1825
f 295//295 1503//1503 6411//6411
f 2003//2003 4076//4076 1825//1825
f 4076//4076 1822//1822 260//260
f 5682//5682 5875//5875 296//296
f 7271//7271 3488//3488 298//298
f 3688//3688 3856//3856 299//299
f 4067//4067 4082//4082 7081//7081
f 3245//3245 3058//3058 309//309
f 3582//3582 3386//3386 310//310
f 3938//3938 3779//3779 311//311
f 1139//1139 1331//1331 312//312
f 1500//1500 1681//1681 313//313
f 316//316 3697//3697 6148//6148
f 3690//3690 3673//3673 316//316
f 4099//4099 4100//4100 4098//4098
f 7364//7364 2091//2091 318//318
f 320//320 321//321 2863//2863
f 1491//1491 295//295 6411//6411
f 6935//6935 2945//2945 4122//4122
f 3488//3488 3301//3301 4123//4123
f 3856//3856 3671//3671 4124//4124
f 1412//1412 1237//1237 4125//4125
f 2095//2095 5685//5685 336//336
f 310//310 3229//3229 3058//3058
f 3229//3229 310//310 5687//5687
f 3386//3386 311//311 364//364
f 312//312 7049//7049 3779//3779
f 7049//7049 312//312 338//338
f 313//313 1148//1148 1331//1331
f 1148//1148 313//313 339//339
f 1681//1681 6959//6959 339//339
f 6882//6882 6959//6959 1681//1681
f 1834//1834 314//314 341//341
f 2770//2770 315//315 342//342
f 3158//3158 2948//2948 4152//4152
f 316//316 3673//3673 6594//6594
f 2091//2091 1916//1916 5610//5610
f 7080//7080 2264//2264 4133//4133
f 6329//6329 4138//4138 324//324
f 6131//6131 6056//6056 1140//1140
f 6718//6718 6318//6318 4142//4142
f 5686//5686 1240//1240 1232//1232
f 1240//1240 5686//5686 351//351
f 2265//2265 2279//2279 353//353
f 354//354 6411//6411 4143//4143
f 1665//1665 6411//6411 354//354
f 2945//2945 3136//3136 4169//4169
f 3301//3301 3495//3495 4170//4170
f 3671//3671 3842//3842 4171//4171
f 1237//1237 1415//1415 4172//4172
f 1578//1578 1757//1757 4173//4173
f 4179//4179 2769//2769 2946//2946
f 337//337 2433//2433 5877//5877
f 4182//4182 2867//2867 7122//7122
f 365//365 1148//1148 339//339
f 7049//7049 338//338 1338//1338
f 365//365 339//339 1669//1669
f 4223//4223 340//340 4188//4188
f 6807//6807 4152//4152 6762//6762
f 6594//6594 367//367 6606//6606
f 1579//1579 1759//1759 4154//4154
f 1916//1916 2100//2100 1919//1919
f 2264//2264 2434//2434 4192//4192
f 347//347 3669//3669 3675//3675
f 1581//1581 1577//1577 4157//4157
f 349//349 1577//1577 1581//1581
f 326//326 4139//4139 373//373
f 380//380 1917//1917 352//352
f 381//381 2265//2265 353//353
f 381//381 353//353 6185//6185
f 1491//1491 4167//4167 1332//1332
f 1665//1665 1666//1666 1491//1491
f 1493//1493 1665//1665 354//354
f 1666//1666 1665//1665 1493//1493
f 382//382 1493//1493 354//354
f 1839//1839 2011//2011 4168//4168
f 3136//3136 2952//2952 384//384
f 1668//1668 1661//1661 4175//4175
f 393//393 4178//4178 4179//4179
f 3138//3138 2954//2954 4179//4179
f 1754//1754 1585//1585 361//361
f 6134//6134 1922//1922 362//362
f 2433//2433 2266//2266 363//363
f 3171//3171 4183//4183 398//398
f 397//397 4183//4183 3171//3171
f 398//398 4184//4184 3551//3551
f 399//399 4185//4185 3914//3914
f 4189//4189 2348//2348 366//366
f 6973//6973 6684//6684 3497//3497
f 3681//3681 3844//3844 4131//4131
f 5939//5939 4153//4153 4154//4154
f 6003//6003 2344//2344 4197//4197
f 2883//2883 7023//7023 6883//6883
f 349//349 4198//4198 1420//1420
f 1761//1761 1581//1581 371//371
f 371//371 4158//4158 5689//5689
f 3928//3928 3754//3754 3592//3592
f 1153//1153 1342//1342 374//374
f 6754//6754 1692//1692 375//375
f 3677//3677 3832//3832 377//377
f 1241//1241 1421//1421 378//378
f 1583//1583 1778//1778 379//379
f 413//413 4204//4204 7024//7024
f 4207//4207 7285//7285 6095//6095
f 1666//1666 1155//1155 4167//4167
f 1666//1666 1493//1493 1514//1514
f 416//416 1493//1493 382//382
f 2150//2150 2099//2099 4212//4212
f 2776//2776 2868//2868 4214//4214
f 3366//3366 6152//6152 3170//3170
f 359//359 4215//4215 3913//3913
f 1515//1515 1668//1668 390//390
f 390//390 1836//1836 1886//1886
f 2183//2183 2422//2422 391//391
f 4178//4178 2695//2695 392//392
f 2954//2954 3068//3068 393//393
f 7020//7020 3458//3458 394//394
f 3680//3680 3834//3834 6186//6186
f 1243//1243 1422//1422 395//395
f 2869//2869 2777//2777 396//396
f 4186//4186 1158//1158 4222//4222
f 2070//2070 4225//4225 424//424
f 1697//1697 4225//4225 2070//2070
f 424//424 4226//4226 2426//2426
f 425//425 2513//2513 6536//6536
f 400//400 2882//2882 3072//3072
f 426//426 3275//3275 6598//6598
f 3835//3835 3681//3681 4228//4228
f 4229//4229 1759//1759 4191//4191
f 3552//3552 3591//3591 4232//4232
f 402//402 2014//2014 1888//1888
f 7180//7180 6002//6002 7142//7142
f 3398//3398 3553//3553 4235//4235
f 3754//3754 3916//3916 4236//4236
f 1342//1342 1159//1159 4237//4237
f 2064//2064 1889//1889 6579//6579
f 2692//2692 2515//2515 410//410
f 3065//3065 2885//2885 411//411
f 2149//2149 1976//1976 412//412
f 4270//4270 4210//4210 4243//4243
f 1514//1514 1343//1343 1155//1155
f 1155//1155 1343//1343 4243//4243
f 1514//1514 1493//1493 1521//1521
f 1521//1521 1493//1493 416//416
f 439//439 1521//1521 416//416
f 3659//3659 3678//3678 4246//4246
f 443//443 5983//5983 3659//3659
f 5694//5694 1242//1242 4247//4247
f 1584//1584 5696//5696 5695//5695
f 419//419 2776//2776 2600//2600
f 6654//6654 5938//5938 6648//6648
f 1695//1695 1515//1515 4248//4248
f 4278//4278 1515//1515 1695//1695
f 2422//2422 2259//2259 4249//4249
f 2695//2695 2516//2516 4250//4250
f 3068//3068 2887//2887 4251//4251
f 3834//3834 3661//3661 4252//4252
f 1422//1422 1248//1248 4253//4253
f 1779//1779 1614//1614 421//421
f 2151//2151 1978//1978 422//422
f 2506//2506 2338//2338 423//423
f 455//455 4260//4260 1979//1979
f 2339//2339 4193//4193 4261//4261
f 3369//3369 3552//3552 428//428
f 6096//6096 6437//6437 3369//3369
f 4265//4265 2156//2156 429//429
f 458//458 4265//4265 430//430
f 6685//6685 4265//4265 429//429
f 2778//2778 2603//2603 430//430
f 3172//3172 2983//2983 5700//5700
f 431//431 6005//6005 4297//4297
f 3916//3916 3759//3759 432//432
f 432//432 3759//3759 3758//3758
f 1520//1520 1700//1700 434//434
f 2515//2515 2698//2698 461//461
f 2885//2885 2892//2892 4266//4266
f 3277//3277 3463//3463 2892//2892
f 3658//3658 3838//3838 435//435
f 1247//1247 1425//1425 436//436
f 1613//1613 1783//1783 437//437
f 468//468 1160//1160 4271//4271
f 415//415 1160//1160 4272//4272
f 1701//1701 1521//1521 439//439
f 2427//2427 2420//2420 4273//4273
f 441//441 3067//3067 3075//3075
f 442//442 3456//3456 3464//3464
f 6270//6270 3659//3659 444//444
f 443//443 3659//3659 6270//6270
f 1426//1426 5694//5694 6006//6006
f 1784//1784 5695//5695 445//445
f 2158//2158 1977//1977 4274//4274
f 445//445 1977//1977 2158//2158
f 4306//4306 4275//4275 4277//4277
f 1523//1523 1695//1695 446//446
f 1892//1892 2068//2068 447//447
f 471//471 1892//1892 447//447
f 2259//2259 7330//7330 447//447
f 2516//2516 2701//2701 4279//4279
f 2887//2887 3076//3076 448//448
f 3661//3661 3839//3839 4280//4280
f 1248//1248 1427//1427 4281//4281
f 2338//2338 2512//2512 4282//4282
f 2601//2601 2786//2786 450//450
f 2982//2982 3177//3177 451//451
f 3368//3368 3560//3560 452//452
f 6299//6299 3921//3921 4283//4283
f 1697//1697 4284//4284 4285//4285
f 476//476 5611//5611 6644//6644
f 7037//7037 4314//4314 3663//3663
f 6840//6840 1979//1979 456//456
f 455//455 1979//1979 6840//6840
f 477//477 4289//4289 3178//3178
f 1526//1526 4291//4291 6839//6839
f 2520//2520 5883//5883 479//479
f 3665//3665 4293//4293 4294//4294
f 4294//4294 4263//4263 4295//4295
f 7346//7346 4296//4296 6686//6686
f 7058//7058 7346//7346 5699//5699
f 2983//2983 3179//3179 459//459
f 3759//3759 3923//3923 3758//3758
f 2157//2157 2165//2165 463//463
f 2785//2785 2607//2607 465//465
f 3176//3176 2985//2985 466//466
f 468//468 1701//1701 1507//1507
f 1507//1507 1701//1701 469//469
f 2523//2523 2699//2699 7329//7329
f 470//470 4273//4273 2699//2699
f 3060//3060 7248//7248 7329//7329
f 1601//1601 1784//1784 4304//4304
f 4329//4329 1982//1982 4305//4305
f 4277//4277 2967//2967 4306//4306
f 6541//6541 3371//3371 484//484
f 6648//6648 485//485 6654//6654
f 1682//1682 1523//1523 486//486
f 2073//2073 1892//1892 471//471
f 2701//2701 2710//2710 5704//5704
f 3472//3472 3465//3465 4309//4309
f 3827//3827 3839//3839 1251//1251
f 1433//1433 1427//1427 5705//5705
f 1776//1776 472//472 5706//5706
f 2512//2512 2329//2329 2159//2159
f 2786//2786 2609//2609 4310//4310
f 3177//3177 2968//2968 4311//4311
f 3921//3921 3747//3747 4312//4312
f 1162//1162 1348//1348 4313//4313
f 1524//1524 1684//1684 7165//7165
f 2261//2261 2410//2410 474//474
f 2518//2518 2703//2703 475//475
f 489//489 3467//3467 4314//4314
f 3467//3467 3280//3280 6059//6059
f 2610//2610 2602//2602 477//477
f 3373//3373 3561//3561 491//491
f 3748//3748 3922//3922 5886//5886
f 1685//1685 1526//1526 492//492
f 2520//2520 2705//2705 494//494
f 1430//1430 1249//1249 4343//4343
f 7267//7267 2330//2330 480//480
f 3566//3566 3374//3374 4320//4320
f 3923//3923 3909//3909 4320//4320
f 7243//7243 4298//4298 5885//5885
f 497//497 1894//1894 481//481
f 6661//6661 1894//1894 497//497
f 2521//2521 2706//2706 4321//4321
f 2985//2985 4326//4326 7319//7319
f 1687//1687 1507//1507 4327//4327
f 2708//2708 2523//2523 7248//7248
f 7341//7341 2708//2708 7248//7248
f 6415//6415 3826//3826 501//501
f 1601//1601 1775//1775 502//502
f 4304//4304 6154//6154 1601//1601
f 6309//6309 1982//1982 4329//4329
f 503//503 6309//6309 4329//4329
f 6377//6377 4330//4330 2328//2328
f 2608//2608 2613//2613 6377//6377
f 4306//4306 504//504 2608//2608
f 2967//2967 3163//3163 504//504
f 484//484 4331//4331 2967//2967
f 5702//5702 4307//4307 1347//1347
f 7099//7099 2710//2710 4333//4333
f 2878//2878 3061//3061 4334//4334
f 510//510 3472//3472 4309//4309
f 3286//3286 3472//3472 510//510
f 3654//3654 3827//3827 4335//4335
f 512//512 1433//1433 5705//5705
f 1257//1257 1433//1433 512//512
f 513//513 1776//1776 5706//5706
f 1607//1607 1776//1776 513//513
f 5612//5612 2166//2166 6677//6677
f 2614//2614 2609//2609 4336//4336
f 2974//2974 2968//2968 4364//4364
f 3751//3751 3747//3747 488//488
f 1348//1348 1167//1167 488//488
f 7165//7165 1684//1684 7227//7227
f 7227//7227 1508//1508 4368//4368
f 2703//2703 6595//6595 4338//4338
f 3473//3473 3280//3280 6218//6218
f 6407//6407 3655//3655 5708//5708
f 1986//1986 4315//4315 2167//2167
f 4370//4370 2167//2167 4317//4317
f 4370//4370 4317//4317 7305//7305
f 521//521 3164//3164 2969//2969
f 3373//3373 6219//6219 521//521
f 3748//3748 3908//3908 522//522
f 4340//4340 1685//1685 4371//4371
f 2520//2520 6153//6153 2705//2705
f 4318//4318 4342//4342 4341//4341
f 6241//6241 4342//4342 4318//4318
f 1773//1773 1605//1605 4343//4343
f 7335//7335 1605//1605 1773//1773
f 2616//2616 6217//6217 4344//4344
f 2975//2975 2970//2970 4345//4345
f 531//531 3566//3566 4320//4320
f 3376//3376 3566//3566 531//531
f 3752//3752 3909//3909 4346//4346
f 7055//7055 6990//6990 497//497
f 2713//2713 2706//2706 2877//2877
f 533//533 3063//3063 4322//4322
f 3476//3476 4322//4322 5887//5887
f 1619//1619 2164//2164 6668//6668
f 2165//2165 1989//1989 2164//2164
f 2164//2164 1989//1989 1988//1988
f 4352//4352 6429//6429 7203//7203
f 6098//6098 2708//2708 7225//7225
f 502//502 4355//4355 1431//1431
f 1775//1775 6155//6155 4355//4355
f 4330//4330 2333//2333 503//503
f 6377//6377 4356//4356 4330//4330
f 3163//3163 2973//2973 4357//4357
f 505//505 2973//2973 3163//3163
f 3907//3907 3893//3893 7301//7301
f 506//506 3893//3893 3907//3907
f 507//507 1171//1171 1165//1165
f 7332//7332 1689//1689 507//507
f 3430//3430 3286//3286 4360//4360
f 3814//3814 3654//3654 511//511
f 1436//1436 1257//1257 4361//4361
f 544//544 4385//4385 4362//4362
f 2131//2131 5612//5612 514//514
f 2484//2484 2334//2334 4363//4363
f 6499//6499 2614//2614 4365//4365
f 1167//1167 1174//1174 517//517
f 1508//1508 4367//4367 4368//4368
f 2251//2251 2077//2077 518//518
f 2252//2252 2416//2416 2251//2251
f 6218//6218 5708//5708 3828//3828
f 4369//4369 1437//1437 546//546
f 2170//2170 1986//1986 1991//1991
f 547//547 4370//4370 2335//2335
f 2797//2797 2612//2612 2615//2615
f 3164//3164 3189//3189 548//548
f 549//549 3189//3189 3164//3164
f 6219//6219 3527//3527 549//549
f 3908//3908 7124//7124 550//550
f 553//553 2079//2079 5709//5709
f 7217//7217 2241//2241 553//553
f 7083//7083 2901//2901 2876//2876
f 4342//4342 3475//3475 7083//7083
f 3468//3468 3475//3475 4342//4342
f 527//527 526//526 6808//6808
f 1605//1605 4372//4372 527//527
f 556//556 6809//6809 529//529
f 2801//2801 2616//2616 530//530
f 7151//7151 7272//7272 4299//4299
f 2243//2243 6990//6990 7011//7011
f 2530//2530 2713//2713 5716//5716
f 1988//1988 4374//4374 2172//2172
f 1511//1511 1510//1510 1691//1691
f 4353//4353 3254//3254 3284//3284
f 4355//4355 6155//6155 4403//4403
f 539//539 7182//7182 6155//6155
f 503//503 4376//4376 1990//1990
f 2333//2333 4405//4405 4376//4376
f 4356//4356 6012//6012 2333//2333
f 4377//4377 2613//2613 4357//4357
f 2973//2973 2998//2998 540//540
f 505//505 4378//4378 2973//2973
f 541//541 4379//4379 3375//3375
f 1689//1689 1539//1539 4381//4381
f 7315//7315 1539//1539 1689//1689
f 3644//3644 3814//3814 4384//4384
f 1261//1261 1436//1436 543//543
f 1953//1953 2131//2131 4386//4386
f 2320//2320 2484//2484 545//545
f 3739//3739 5712//5712 1353//1353
f 7059//7059 4388//4388 3828//3828
f 3474//3474 3431//3431 3251//3251
f 7059//7059 3655//3655 546//546
f 567//567 7059//7059 546//546
f 7286//7286 5615//5615 4391//4391
f 2043//2043 4392//4392 4457//4457
f 2254//2254 525//525 6438//6438
f 525//525 2876//2876 3090//3090
f 4372//4372 1628//1628 4395//4395
f 555//555 1628//1628 4372//4372
f 528//528 6809//6809 5715//5715
f 4399//4399 5713//5713 6273//6273
f 1511//1511 1691//1691 4400//4400
f 3641//3641 6062//6062 538//538
f 563//563 4404//4404 539//539
f 1359//1359 1171//1171 4381//4381
f 3429//3429 4449//4449 4409//4409
f 509//509 4409//4409 7290//7290
f 542//542 3256//3256 3430//3430
f 3430//3430 3256//3256 4383//4383
f 2494//2494 2320//2320 4412//4412
f 4451//4451 4413//4413 3346//3346
f 2999//2999 4413//4413 4451//4451
f 3431//3431 3257//3257 3251//3251
f 1802//1802 1262//1262 5714//5714
f 2132//2132 1630//1630 1803//1803
f 2488//2488 1954//1954 2133//2133
f 547//547 4421//4421 4420//4420
f 2803//2803 2321//2321 2489//2489
f 2797//2797 4423//4423 4422//4422
f 3528//3528 3189//3189 4389//4389
f 3528//3528 3000//3000 3192//3192
f 3897//3897 3527//3527 4390//4390
f 3897//3897 3348//3348 5616//5616
f 4425//4425 4390//4390 7124//7124
f 1876//1876 1542//1542 4392//4392
f 1876//1876 1546//1546 1544//1544
f 1263//1263 3817//3817 5719//5719
f 555//555 1956//1956 1628//1628
f 555//555 1952//1952 1956//1956
f 3533//3533 4459//4459 5948//5948
f 6101//6101 4459//4459 3190//3190
f 2530//2530 2718//2718 4397//4397
f 2536//2536 2718//2718 3092//3092
f 2529//2529 2718//2718 2536//2536
f 4462//4462 3093//3093 4434//4434
f 3092//3092 3093//3093 4462//4462
f 3648//3648 3639//3639 4435//4435
f 1268//1268 1443//1443 1804//1804
f 6451//6451 1443//1443 4435//4435
f 5949//5949 1805//1805 4436//4436
f 2172//2172 4437//4437 4438//4438
f 1959//1959 2136//2136 2490//2490
f 2135//2135 2136//2136 1959//1959
f 558//558 7231//7231 4439//4439
f 2326//2326 2491//2491 2805//2805
f 2490//2490 2491//2491 2326//2326
f 2627//2627 2806//2806 3193//3193
f 2805//2805 2806//2806 2627//2627
f 559//559 4441//4441 4442//4442
f 3003//3003 3194//3194 3529//3529
f 3193//3193 3194//3194 3003//3003
f 560//560 5984//5984 4443//4443
f 3351//3351 3530//3530 3898//3898
f 3529//3529 3530//3530 3351//3351
f 1358//1358 3743//3743 3898//3898
f 1691//1691 4444//4444 4400//4400
f 563//563 4405//4405 2324//2324
f 4469//4469 2998//2998 564//564
f 541//541 1178//1178 5893//5893
f 1713//1713 4408//4408 1720//1720
f 2051//2051 6916//6916 4408//4408
f 2045//2045 1878//1878 2051//2051
f 3089//3089 4449//4449 3094//3094
f 2907//2907 4449//4449 3439//3439
f 3094//3094 4449//4449 2907//2907
f 3643//3643 4410//4410 7320//7320
f 4471//4471 4450//4450 4411//4411
f 2077//2077 6526//6526 4414//4414
f 570//570 4453//4453 5722//5722
f 1262//1262 1445//1445 1441//1441
f 571//571 1262//1262 1803//1803
f 1630//1630 1809//1809 571//571
f 2808//2808 2622//2622 3192//3192
f 3348//3348 3532//3532 3349//3349
f 1363//1363 4425//4425 1357//1357
f 1363//1363 3899//3899 3744//3744
f 4483//4483 7316//7316 2905//2905
f 3432//3432 4427//4427 3266//3266
f 4427//4427 3260//3260 3266//3266
f 3817//3817 3646//3646 3820//3820
f 1812//1812 1442//1442 1799//1799
f 1812//1812 1450//1450 1446//1446
f 1799//1799 4428//4428 1813//1813
f 1956//1956 4429//4429 2138//2138
f 2623//2623 4430//4430 2809//2809
f 2631//2631 2809//2809 2632//2632
f 3190//3190 4459//4459 4430//4430
f 2988//2988 4459//4459 3533//3533
f 4430//4430 4459//4459 2988//2988
f 1716//1716 4460//4460 4396//4396
f 7198//7198 4460//4460 1182//1182
f 2048//2048 4461//4461 1717//1717
f 1717//1717 4461//4461 1716//1716
f 2388//2388 2248//2248 576//576
f 2247//2247 2248//2248 2388//2388
f 3082//3082 4462//4462 3261//3261
f 4398//4398 3647//3647 3436//3436
f 4490//4490 1268//1268 4463//4463
f 1267//1267 1268//1268 4490//4490
f 2135//2135 1631//1631 1805//1805
f 579//579 4491//4491 4464//4464
f 1805//1805 1631//1631 1804//1804
f 580//580 1959//1959 2490//2490
f 2141//2141 1959//1959 580//580
f 581//581 2476//2476 4465//4465
f 580//580 2326//2326 2476//2476
f 582//582 2627//2627 3193//3193
f 2814//2814 2627//2627 582//582
f 583//583 3003//3003 3529//3529
f 3182//3182 3003//3003 583//583
f 582//582 3003//3003 3182//3182
f 4466//4466 3351//3351 3898//3898
f 4493//4493 3351//3351 4466//4466
f 583//583 3351//3351 4493//4493
f 3902//3902 3743//3743 6832//6832
f 4400//4400 1718//1718 5717//5717
f 1718//1718 4467//4467 4497//4497
f 2723//2723 2720//2720 6419//6419
f 3815//3815 3649//3649 5720//5720
f 1439//1439 4447//4447 4468//4468
f 6590//6590 6570//6570 2324//2324
f 3534//3534 4469//4469 3344//3344
f 1184//1184 4407//4407 1362//1362
f 1184//1184 4560//4560 3903//3903
f 1362//1362 1719//1719 5894//5894
f 2051//2051 1878//1878 6916//6916
f 3094//3094 4470//4470 2727//2727
f 3094//3094 2907//2907 4470//4470
f 3098//3098 2907//2907 3263//3263
f 7320//7320 3264//3264 3440//3440
f 3440//3440 3264//3264 3439//3439
f 3439//3439 3264//3264 3263//3263
f 1444//1444 7302//7302 4410//4410
f 4410//4410 7302//7302 7320//7320
f 4450//4450 1269//1269 1444//1444
f 2137//2137 5721//5721 1808//1808
f 4471//4471 1808//1808 1632//1632
f 2137//2137 2493//2493 5721//5721
f 5721//5721 2493//2493 6522//6522
f 5718//5718 2629//2629 4473//4473
f 2999//2999 4451//4451 3005//3005
f 3346//3346 5897//5897 3352//3352
f 2396//2396 2385//2385 1879//1879
f 2231//2231 4474//4474 4475//4475
f 3181//3181 2808//2808 4455//4455
f 3181//3181 2630//2630 574//574
f 4456//4456 2986//2986 7232//7232
f 1883//1883 1546//1546 575//575
f 1883//1883 1704//1704 1527//1527
f 6404//6404 4426//4426 4482//4482
f 2532//2532 3096//3096 4482//4482
f 3266//3266 3267//3267 6064//6064
f 3266//3266 3260//3260 3267//3267
f 3820//3820 3646//3646 3627//3627
f 3646//3646 3806//3806 3627//3627
f 1446//1446 1450//1450 4515//4515
f 1963//1963 1786//1786 2138//2138
f 588//588 1786//1786 1963//1963
f 1963//1963 4517//4517 588//588
f 2809//2809 2631//2631 2497//2497
f 2313//2313 2631//2631 6476//6476
f 2988//2988 2987//2987 4430//4430
f 3187//3187 2988//2988 3354//3354
f 2987//2987 2988//2988 3187//3187
f 3354//3354 6156//6156 3541//3541
f 1716//1716 4484//4484 4460//4460
f 4460//4460 1368//1368 1182//1182
f 1182//1182 1368//1368 1367//1367
f 1187//1187 1368//1368 1705//1705
f 1367//1367 1368//1368 1187//1187
f 1716//1716 4461//4461 4484//4484
f 1531//1531 1706//1706 2057//2057
f 1705//1705 1706//1706 1531//1531
f 2247//2247 2058//2058 6014//6014
f 4519//4519 2058//2058 5950//5950
f 2057//2057 2058//2058 4519//4519
f 6749//6749 5950//5950 2234//2234
f 3092//3092 4486//4486 2536//2536
f 2536//2536 2726//2726 576//576
f 2733//2733 2726//2726 3081//3081
f 3092//3092 4462//4462 4486//4486
f 3081//3081 3082//3082 4521//4521
f 1267//1267 4488//4488 3648//3648
f 3631//3631 4488//4488 4489//4489
f 1274//1274 4490//4490 578//578
f 1623//1623 4491//4491 579//579
f 578//578 4491//4491 1623//1623
f 2146//2146 2141//2141 2317//2317
f 579//579 2141//2141 2146//2146
f 2636//2636 2814//2814 4492//4492
f 581//581 2814//2814 2636//2636
f 3544//3544 4493//4493 4494//4494
f 584//584 3902//3902 6832//6832
f 4523//4523 3902//3902 584//584
f 590//590 4494//4494 4523//4523
f 1371//1371 1364//1364 4495//4495
f 2406//2406 4498//4498 6750//6750
f 1271//1271 4447//4447 1452//1452
f 1787//1787 2140//2140 591//591
f 7061//7061 4502//4502 4501//4501
f 3198//3198 3004//3004 4502//4502
f 1369//1369 4560//4560 1185//1185
f 2539//2539 593//593 4470//4470
f 3098//3098 2539//2539 4470//4470
f 595//595 3098//3098 3263//3263
f 1790//1790 1269//1269 1632//1632
f 5724//5724 1621//1621 1791//1791
f 2628//2628 2477//2477 2327//2327
f 2314//2314 2477//2477 596//596
f 3005//3005 3185//3185 2629//2629
f 3352//3352 3538//3538 5985//5985
f 7268//7268 3889//3889 6065//6065
f 1528//1528 1702//1702 4508//4508
f 2894//2894 3083//3083 2896//2896
f 4477//4477 3808//3808 586//586
f 3744//3744 3899//3899 5621//5621
f 4480//4480 7340//7340 3731//3731
f 2056//2056 2061//2061 5898//5898
f 2143//2143 1786//1786 588//588
f 6102//6102 2632//2632 4518//4518
f 3187//3187 3186//3186 2987//2987
f 2993//2993 3187//3187 3540//3540
f 3186//3186 3187//3187 2993//2993
f 3541//3541 3540//3540 3354//3354
f 1367//1367 3890//3890 3730//3730
f 3730//3730 3890//3890 6221//6221
f 1187//1187 1186//1186 1367//1367
f 1375//1375 1187//1187 1530//1530
f 1186//1186 1187//1187 1375//1375
f 1531//1531 2057//2057 4520//4520
f 1531//1531 1530//1530 1705//1705
f 3081//3081 4521//4521 7085//7085
f 577//577 3631//3631 3812//3812
f 1267//1267 4490//4490 4489//4489
f 6669//6669 1274//1274 4522//4522
f 1795//1795 1623//1623 601//601
f 4496//4496 4523//4523 584//584
f 590//590 4523//4523 3891//3891
f 1371//1371 4495//4495 4524//4524
f 1193//1193 1371//1371 4524//4524
f 4496//4496 1371//1371 4555//4555
f 1537//1537 7027//7027 5723//5723
f 3097//3097 4526//4526 7126//7126
f 7101//7101 1452//1452 4527//4527
f 2480//2480 6571//6571 7125//7125
f 2815//2815 592//592 2639//2639
f 1189//1189 4503//4503 4532//4532
f 1189//1189 1188//1188 1369//1369
f 1376//1376 1189//1189 4532//4532
f 1188//1188 1189//1189 1376//1376
f 594//594 3085//3085 6789//6789
f 595//595 3451//3451 3973//3973
f 603//603 3451//3451 4535//4535
f 1625//1625 1272//1272 1791//1791
f 1791//1791 1621//1621 1625//1625
f 1621//1621 1794//1794 1625//1625
f 2481//2481 2314//2314 596//596
f 2816//2816 4565//4565 4538//4538
f 2992//2992 2989//2989 6909//6909
f 1370//1370 1190//1190 1372//1372
f 1528//1528 1708//1708 1711//1711
f 1708//1708 1534//1534 1711//1711
f 2728//2728 2541//2541 4542//4542
f 2896//2896 3083//3083 4543//4543
f 3083//3083 2898//2898 4543//4543
f 3448//3448 3270//3270 598//598
f 3808//3808 3632//3632 4544//4544
f 1453//1453 1276//1276 7287//7287
f 4512//4512 5726//5726 605//605
f 5726//5726 2638//2638 605//605
f 7340//7340 4610//4610 3731//3731
f 4480//4480 4514//4514 1191//1191
f 599//599 3272//3272 607//607
f 3633//3633 3268//3268 3809//3809
f 6159//6159 2143//2143 1626//1626
f 4546//4546 2316//2316 7333//7333
f 3974//3974 2993//2993 3359//3359
f 4520//4520 1712//1712 1531//1531
f 1884//1884 1712//1712 4520//4520
f 1531//1531 1712//1712 1530//1530
f 4549//4549 4593//4593 6749//6749
f 7356//7356 4550//4550 3452//3452
f 6367//6367 3452//3452 4487//4487
f 1287//1287 6669//6669 7063//7063
f 1844//1844 2146//2146 4552//4552
f 610//610 4553//4553 4554//4554
f 2928//2928 4553//4553 610//610
f 3735//3735 3891//3891 4555//4555
f 6819//6819 3891//3891 3735//3735
f 2105//2105 1885//1885 4556//4556
f 612//612 2460//2460 2820//2820
f 1646//1646 1793//1793 1970//1970
f 4558//4558 1793//1793 1646//1646
f 2144//2144 2480//2480 4559//4559
f 2144//2144 1970//1970 5622//5622
f 2018//2018 2144//2144 4559//4559
f 1970//1970 2144//2144 2018//2018
f 2995//2995 3361//3361 3362//3362
f 3116//3116 2995//2995 3362//3362
f 602//602 2995//2995 3116//3116
f 615//615 5986//5986 6103//6103
f 1376//1376 4532//4532 4561//4561
f 1196//1196 1376//1376 4561//4561
f 1561//1561 2390//2390 6601//6601
f 4533//4533 4534//4534 2390//2390
f 4534//4534 2238//2238 2390//2390
f 6789//6789 3085//3085 4562//4562
f 603//603 3274//3274 3973//3973
f 603//603 7167//7167 617//617
f 1796//1796 1272//1272 1625//1625
f 1797//1797 1796//1796 1625//1625
f 1625//1625 1794//1794 1797//1797
f 1794//1794 1627//1627 1797//1797
f 2314//2314 2481//2481 619//619
f 2481//2481 2319//2319 619//619
f 2817//2817 2481//2481 4565//4565
f 620//620 4569//4569 4570//4570
f 621//621 4570//4570 4571//4571
f 621//621 4571//4571 4572//4572
f 622//622 4573//4573 4574//4574
f 2898//2898 3087//3087 4576//4576
f 3270//3270 3453//3453 4577//4577
f 3632//3632 3813//3813 4578//4578
f 1276//1276 1456//1456 4579//4579
f 1967//1967 2147//2147 604//604
f 628//628 1967//1967 2482//2482
f 629//629 4581//4581 605//605
f 605//605 2638//2638 629//629
f 2638//2638 2818//2818 629//629
f 1535//1535 4584//4584 4583//4583
f 6969//6969 7000//7000 7013//7013
f 630//630 607//607 6607//6607
f 3399//3399 4588//4588 5902//5902
f 1278//1278 1626//1626 4590//4590
f 4616//4616 4590//4590 1476//1476
f 4518//4518 4547//4547 4592//4592
f 4618//4618 5623//5623 1374//1374
f 1733//1733 1712//1712 1884//1884
f 631//631 1733//1733 1884//1884
f 1884//1884 2103//2103 631//631
f 7085//7085 4550//4550 4595//4595
f 5953//5953 4621//4621 4551//4551
f 2378//2378 2218//2218 609//609
f 609//609 7175//7175 2742//2742
f 3122//3122 2928//2928 6161//6161
f 3507//3507 3312//3312 4596//4596
f 6897//6897 3735//3735 1192//1192
f 1202//1202 1193//1193 1568//1568
f 1930//1930 2105//2105 611//611
f 2303//2303 2460//2460 612//612
f 611//611 2460//2460 2303//2303
f 612//612 2820//2820 7025//7025
f 7025//7025 7100//7100 3029//3029
f 3409//3409 6561//6561 4597//4597
f 613//613 6561//6561 3409//3409
f 1646//1646 1970//1970 4599//4599
f 1480//1480 1646//1646 4599//4599
f 2018//2018 4559//4559 4600//4600
f 1851//1851 2018//2018 4600//4600
f 2372//2372 614//614 637//637
f 2223//2223 2372//2372 637//637
f 2937//2937 3116//3116 6018//6018
f 3115//3115 3116//3116 2937//2937
f 3362//3362 615//615 3317//3317
f 661//661 6018//6018 3317//3317
f 1196//1196 4561//4561 6589//6589
f 1207//1207 1196//1196 6589//6589
f 2390//2390 2238//2238 2298//2298
f 2238//2238 2461//2461 2298//2298
f 616//616 2543//2543 639//639
f 2543//2543 4636//4636 639//639
f 4562//4562 3216//3216 2543//2543
f 6790//6790 3274//3274 3975//3975
f 640//640 3274//3274 617//617
f 1797//1797 1627//1627 1472//1472
f 1627//1627 1648//1648 1472//1472
f 4563//4563 1971//1971 4602//4602
f 1971//1971 2020//2020 4602//4602
f 619//619 2319//2319 4603//4603
f 2319//2319 2374//2374 4603//4603
f 2817//2817 2739//2739 642//642
f 3736//3736 3722//3722 4605//4605
f 4570//4570 1197//1197 620//620
f 4572//4572 1563//1563 621//621
f 4574//4574 1925//1925 622//622
f 2391//2391 2299//2299 623//623
f 2735//2735 2645//2645 4606//4606
f 3087//3087 3025//3025 624//624
f 3453//3453 3402//3402 625//625
f 3813//3813 3795//3795 626//626
f 1456//1456 1093//1093 627//627
f 1798//1798 1475//1475 6715//6715
f 3873//3873 4610//4610 4612//4612
f 2828//2828 4615//4615 6729//6729
f 2731//2731 4615//4615 4587//4587
f 4545//4545 3399//3399 6609//6609
f 7238//7238 2375//2375 4658//4658
f 1739//1739 648//648 7326//7326
f 1733//1733 1567//1567 1739//1739
f 2103//2103 1929//1929 631//631
f 2642//2642 2649//2649 3977//3977
f 4665//4665 4620//4620 6396//6396
f 649//649 6396//6396 5732//5732
f 4623//4623 1287//1287 6841//6841
f 652//652 6020//6020 4624//4624
f 2558//2558 2742//2742 3122//3122
f 4671//4671 3122//3122 6161//6161
f 1388//1388 1202//1202 4625//4625
f 2116//2116 1930//1930 4626//4626
f 7336//7336 612//612 4627//4627
f 6162//6162 3029//3029 4628//4628
f 7163//7163 1282//1282 4629//4629
f 1296//1296 7163//7163 4629//4629
f 1480//1480 4599//4599 4630//4630
f 1658//1658 1480//1480 4630//4630
f 1851//1851 4600//4600 4631//4631
f 2028//2028 1851//1851 4631//4631
f 2223//2223 637//637 4632//4632
f 2382//2382 2223//2223 4632//4632
f 2937//2937 6018//6018 660//660
f 3125//3125 2937//2937 660//660
f 3317//3317 638//638 661//661
f 6163//6163 6018//6018 661//661
f 661//661 638//638 4633//4633
f 2298//2298 2461//2461 1936//1936
f 2461//2461 4635//4635 1936//1936
f 2836//2836 4635//4635 639//639
f 2543//2543 3216//3216 4637//4637
f 640//640 3411//3411 3975//3975
f 640//640 4601//4601 662//662
f 4601//4601 3800//3800 662//662
f 641//641 7191//7191 3800//3800
f 1472//1472 1648//1648 6671//6671
f 4602//4602 2020//2020 4638//4638
f 2020//2020 1853//1853 4638//4638
f 4603//4603 2374//2374 4639//4639
f 2374//2374 4640//4640 4639//4639
f 642//642 2739//2739 4640//4640
f 2739//2739 2554//2554 4640//4640
f 4604//4604 3119//3119 4641//4641
f 3119//3119 2939//2939 4641//4641
f 1197//1197 1385//1385 4642//4642
f 1563//1563 1746//1746 4643//4643
f 1925//1925 2112//2112 4644//4644
f 2299//2299 2468//2468 4645//4645
f 2645//2645 2826//2826 644//644
f 3025//3025 3222//3222 4646//4646
f 3402//3402 3604//3604 4647//4647
f 3795//3795 3967//3967 4648//4648
f 1093//1093 1290//1290 4649//4649
f 1475//1475 1656//1656 4650//4650
f 3873//3873 3320//3320 3546//3546
f 3546//3546 3320//3320 2932//2932
f 3515//3515 3320//3320 4653//4653
f 3886//3886 3723//3723 645//645
f 6104//6104 645//645 5733//5733
f 6995//6995 6931//6931 4655//4655
f 3416//3416 3405//3405 4657//4657
f 4656//4656 3405//3405 3416//3416
f 1096//1096 1292//1292 5902//5902
f 4657//4657 1292//1292 5734//5734
f 1293//1293 4616//4616 1488//1488
f 1293//1293 1292//1292 1096//1096
f 1107//1107 1293//1293 1488//1488
f 1488//1488 1476//1476 669//669
f 646//646 4660//4660 4659//4659
f 6066//6066 3321//3321 7284//7284
f 3875//3875 3724//3724 3883//3883
f 1739//1739 1567//1567 4662//4662
f 1567//1567 1549//1549 4662//4662
f 631//631 1929//1929 4663//4663
f 1929//1929 2115//2115 4663//4663
f 2649//2649 2830//2830 2471//2471
f 3408//3408 4666//4666 649//649
f 670//670 4666//4666 4667//4667
f 2026//2026 4669//4669 651//651
f 2752//2752 2558//2558 4670//4670
f 652//652 2558//2558 2752//2752
f 6165//6165 634//634 4672//4672
f 673//673 4672//4672 6611//6611
f 653//653 1388//1388 1215//1215
f 654//654 4673//4673 1552//1552
f 1941//1941 2116//2116 655//655
f 2284//2284 2472//2472 656//656
f 655//655 2472//2472 2284//2284
f 656//656 7336//7336 2661//2661
f 3420//3420 3607//3607 4674//4674
f 657//657 3607//3607 3420//3420
f 658//658 1296//1296 1112//1112
f 1460//1460 1658//1658 7357//7357
f 1861//1861 2028//2028 4676//4676
f 2382//2382 4632//4632 676//676
f 2203//2203 2382//2382 676//676
f 675//675 4676//4676 2203//2203
f 2911//2911 3125//3125 4677//4677
f 3701//3701 4633//4633 7064//7064
f 1724//1724 6588//6588 4678//4678
f 2110//2110 1936//1936 4678//4678
f 3411//3411 7102//7102 6670//6670
f 1482//1482 4716//4716 663//663
f 4638//4638 1853//1853 680//680
f 1853//1853 2030//2030 680//680
f 2554//2554 2747//2747 4681//4681
f 2939//2939 3127//3127 4682//4682
f 3722//3722 3885//3885 643//643
f 1385//1385 1208//1208 3885//3885
f 1746//1746 1574//1574 664//664
f 2112//2112 1938//1938 665//665
f 2468//2468 2310//2310 666//666
f 2826//2826 2656//2656 4683//4683
f 3222//3222 3035//3035 4684//4684
f 3604//3604 3415//3415 4685//4685
f 3967//3967 3804//3804 4686//4686
f 1290//1290 1106//1106 4687//4687
f 1656//1656 6464//6464 5735//5735
f 2914//2914 2941//2941 668//668
f 668//668 3515//3515 3333//3333
f 708//708 6244//6244 6934//6934
f 2121//2121 5731//5731 4690//4690
f 2448//2448 4655//4655 4691//4691
f 2839//2839 2828//2828 4692//4692
f 3037//3037 4656//4656 7349//7349
f 3203//3203 3037//3037 7349//7349
f 4725//4725 7349//7349 3614//3614
f 1637//1637 1488//1488 5987//5987
f 1107//1107 1488//1488 1637//1637
f 4728//4728 1858//1858 2230//2230
f 2226//2226 2384//2384 2230//2230
f 4659//4659 4660//4660 4693//4693
f 4660//4660 2750//2750 4693//4693
f 4660//4660 7291//7291 689//689
f 3883//3883 3724//3724 690//690
f 3724//3724 3859//3859 690//690
f 4661//4661 4662//4662 4694//4694
f 4662//4662 1212//1212 4694//4694
f 2830//2830 2658//2658 2471//2471
f 3225//3225 3006//3006 4698//4698
f 4666//4666 3418//3418 4699//4699
f 1300//1300 3969//3969 1097//1097
f 1300//1300 3780//3780 670//670
f 1294//1294 1110//1110 671//671
f 673//673 6611//6611 3700//3700
f 1215//1215 1214//1214 653//653
f 1397//1397 1215//1215 1551//1551
f 1214//1214 1215//1215 1397//1397
f 1552//1552 1551//1551 654//654
f 1727//1727 1552//1552 4703//4703
f 1551//1551 1552//1552 1727//1727
f 2124//2124 1941//1941 4704//4704
f 4703//4703 1941//1941 2124//2124
f 2450//2450 2284//2284 4705//4705
f 2842//2842 2661//2661 4706//4706
f 3206//3206 3008//3008 4707//4707
f 1308//1308 1112//1112 674//674
f 1638//1638 1460//1460 4739//4739
f 674//674 1460//1460 1638//1638
f 2035//2035 1861//1861 675//675
f 4739//4739 1861//1861 2035//2035
f 2203//2203 676//676 7065//7065
f 2365//2365 2203//2203 7065//7065
f 675//675 2203//2203 2365//2365
f 3104//3104 2911//2911 4709//4709
f 3330//3330 677//677 4710//4710
f 1555//1555 1724//1724 4712//4712
f 1944//1944 2120//2120 2308//2308
f 699//699 4712//4712 1944//1944
f 4679//4679 2285//2285 2308//2308
f 3971//3971 3782//3782 679//679
f 663//663 1113//1113 4715//4715
f 680//680 2030//2030 4717//4717
f 2030//2030 1863//1863 4717//4717
f 4680//4680 2204//2204 681//681
f 2747//2747 2564//2564 2204//2204
f 3127//3127 2913//2913 682//682
f 3512//3512 3332//3332 4718//4718
f 3885//3885 3703//3703 683//683
f 1574//1574 1725//1725 703//703
f 1938//1938 1945//1945 4719//4719
f 2310//2310 2447//2447 4720//4720
f 2656//2656 2837//2837 4749//4749
f 3009//3009 2656//2656 4684//4684
f 3035//3035 3202//3202 3009//3009
f 3422//3422 3035//3035 4685//4685
f 3415//3415 3613//3613 3422//3422
f 3783//3783 3415//3415 4686//4686
f 3804//3804 3947//3947 3783//3783
f 1115//1115 3804//3804 4687//4687
f 1106//1106 7304//7304 1115//1115
f 7304//7304 1106//1106 667//667
f 667//667 4688//4688 7304//7304
f 4688//4688 1463//1463 7304//7304
f 3107//3107 2914//2914 4723//4723
f 705//705 6830//6830 3107//3107
f 3523//3523 3333//3333 4724//4724
f 4754//4754 1396//1396 686//686
f 686//686 6244//6244 708//708
f 2291//2291 2448//2448 687//687
f 6695//6695 2448//2448 2291//2291
f 2671//2671 2839//2839 688//688
f 687//687 2839//2839 2671//2671
f 3016//3016 3203//3203 7349//7349
f 688//688 3203//3203 3016//3016
f 1465//1465 1637//1637 4727//4727
f 710//710 4729//4729 6105//6105
f 2750//2750 2567//2567 6105//6105
f 7254//7254 2916//2916 4730//4730
f 690//690 3859//3859 4731//4731
f 3859//3859 7288//7288 4731//4731
f 1212//1212 734//734 4732//4732
f 4696//4696 2122//2122 691//691
f 2471//2471 2658//2658 7303//7303
f 2658//2658 2840//2840 7303//7303
f 3006//3006 3204//3204 693//693
f 3418//3418 3615//3615 694//694
f 3780//3780 3949//3949 4733//4733
f 1110//1110 1306//1306 4734//4734
f 4765//4765 4735//4735 7066//7066
f 716//716 7009//7009 4736//4736
f 2758//2758 2568//2568 2918//2918
f 695//695 2568//2568 2758//2758
f 2919//2919 2918//2918 3101//3101
f 3109//3109 2919//2919 3336//3336
f 2918//2918 2919//2919 3109//3109
f 3337//3337 3336//3336 672//672
f 3524//3524 3337//3337 3706//3706
f 3336//3336 3337//3337 3524//3524
f 3700//3700 3706//3706 673//673
f 3861//3861 3700//3700 1214//1214
f 3706//3706 3700//3700 3861//3861
f 1224//1224 1397//1397 1726//1726
f 4737//4737 1397//1397 1224//1224
f 4773//4773 1727//1727 2123//2123
f 1726//1726 1727//1727 4773//4773
f 2124//2124 1948//1948 2123//2123
f 1948//1948 2124//2124 696//696
f 3019//3019 3206//3206 698//698
f 2842//2842 3206//3206 3019//3019
f 717//717 3617//3617 3789//3789
f 698//698 3617//3617 717//717
f 3789//3789 6106//6106 4738//4738
f 1126//1126 1308//1308 7358//7358
f 1871//1871 2035//2035 4740//4740
f 4711//4711 1220//1220 6687//6687
f 2126//2126 1944//1944 2289//2289
f 699//699 1944//1944 2126//2126
f 2285//2285 2451//2451 2289//2289
f 701//701 3207//3207 4743//4743
f 3782//3782 3951//3951 4744//4744
f 1113//1113 725//725 702//702
f 1863//1863 1873//1873 4745//4745
f 2564//2564 2574//2574 7045//7045
f 2913//2913 3106//3106 4746//4746
f 3332//3332 3522//3522 4747//4747
f 3703//3703 3863//3863 4748//4748
f 2843//2843 2447//2447 4749//4749
f 2837//2837 2667//2667 2843//2843
f 3009//3009 3202//3202 4750//4750
f 3202//3202 3012//3012 4750//4750
f 3422//3422 3613//3613 4751//4751
f 3613//3613 3425//3425 4751//4751
f 3783//3783 3947//3947 3952//3952
f 3947//3947 3786//3786 3952//3952
f 1115//1115 1119//1119 1309//1309
f 2924//2924 3107//3107 706//706
f 705//705 3107//3107 2924//2924
f 3342//3342 3523//3523 707//707
f 706//706 3523//3523 3342//3342
f 3712//3712 3864//3864 4753//4753
f 707//707 3864//3864 3712//3712
f 1730//1730 708//708 4755//4755
f 6968//6968 2291//2291 6888//6888
f 2848//2848 2671//2671 4756//4756
f 1643//1643 1465//1465 709//709
f 2041//2041 1868//1868 2209//2209
f 709//709 1868//1868 2041//2041
f 2230//2230 2384//2384 4757//4757
f 4729//4729 2368//2368 2209//2209
f 2567//2567 2757//2757 710//710
f 2916//2916 2925//2925 711//711
f 2122//2122 1946//1946 6757//6757
f 2449//2449 2292//2292 4761//4761
f 2840//2840 2672//2672 4762//4762
f 3204//3204 3017//3017 4763//4763
f 3949//3949 3787//3787 713//713
f 1306//1306 1125//1125 714//714
f 4765//4765 1467//1467 715//715
f 4736//4736 2211//2211 716//716
f 740//740 2758//2758 4768//4768
f 4799//4799 3109//3109 4769//4769
f 4768//4768 3109//3109 4799//4799
f 3343//3343 3524//3524 4770//4770
f 4769//4769 3524//3524 3343//3343
f 4802//4802 3861//3861 4737//4737
f 4770//4770 3861//3861 4802//4802
f 1726//1726 4773//4773 4772//4772
f 5738//5738 1948//1948 4774//4774
f 4804//4804 1948//1948 5738//5738
f 3931//3931 3789//3789 718//718
f 717//717 3789//3789 3931//3931
f 1317//1317 1126//1126 719//719
f 718//718 1126//1126 1317//1317
f 1994//1994 1871//1871 721//721
f 720//720 1871//1871 1994//1994
f 2349//2349 2213//2213 6778//6778
f 721//721 2213//2213 2349//2349
f 6778//6778 2572//2572 2761//2761
f 3478//3478 3340//3340 722//722
f 1226//1226 1402//1402 1729//1729
f 1401//1401 1402//1402 1226//1226
f 1555//1555 699//699 723//723
f 742//742 1729//1729 4779//4779
f 741//741 1729//1729 742//742
f 1902//1902 2126//2126 4780//4780
f 2451//2451 2294//2294 4780//4780
f 4781//4781 2674//2674 5904//5904
f 4714//4714 3421//3421 4783//4783
f 3618//3618 3428//3428 3623//3623
f 3951//3951 3790//3790 724//724
f 702//702 725//725 4784//4784
f 3106//3106 2923//2923 6792//6792
f 3522//3522 3341//3341 727//727
f 3863//3863 3711//3711 728//728
f 1221//1221 1403//1403 743//743
f 2290//2290 2455//2455 4786//4786
f 3145//3145 2924//2924 4789//4789
f 3481//3481 3342//3342 4788//4788
f 4790//4790 3712//3712 729//729
f 1587//1587 1730//1730 6855//6855
f 730//730 1730//1730 1587//1587
f 6855//6855 2128//2128 1904//1904
f 6439//6439 3625//3625 732//732
f 1133//1133 1315//1315 4791//4791
f 1497//1497 1643//1643 4792//4792
f 1818//1818 2041//2041 748//748
f 2368//2368 2215//2215 748//748
f 2757//2757 2575//2575 4793//4793
f 2916//2916 4758//4758 2925//2925
f 4759//4759 3714//3714 733//733
f 1946//1946 6452//6452 735//735
f 2292//2292 2457//2457 736//736
f 2672//2672 2849//2849 737//737
f 3017//3017 3213//3213 738//738
f 4764//4764 713//713 739//739
f 3787//3787 4795//4795 4879//4879
f 1125//1125 4851//4851 4795//4795
f 1467//1467 1644//1644 4796//4796
f 2216//2216 2042//2042 716//716
f 716//716 2211//2211 2216//2216
f 2211//2211 4852//4852 2216//2216
f 4768//4768 4799//4799 4797//4797
f 1589//1589 4803//4803 2083//2083
f 2123//2123 1948//1948 4804//4804
f 768//768 4856//4856 4857//4857
f 4806//4806 3572//3572 4805//4805
f 4858//4858 3572//3572 4806//4806
f 3775//3775 3931//3931 4807//4807
f 1135//1135 1317//1317 7103//7103
f 1819//1819 1994//1994 4808//4808
f 4860//4860 2349//2349 4809//4809
f 4777//4777 3142//3142 3104//3104
f 3104//3104 3142//3142 2761//2761
f 5955//5955 3142//3142 4812//4812
f 3294//3294 3478//3478 4863//4863
f 1410//1410 1226//1226 741//741
f 741//741 742//742 4865//4865
f 2087//2087 1902//1902 2267//2267
f 742//742 1902//1902 2087//2087
f 2294//2294 2438//2438 2267//2267
f 3623//3623 3428//3428 3236//3236
f 3790//3790 3932//3932 4814//4814
f 1496//1496 1319//1319 4815//4815
f 1873//1873 1995//1995 4816//4816
f 2214//2214 2352//2352 4817//4817
f 2923//2923 3144//3144 4819//4819
f 4820//4820 3480//3480 758//758
f 759//759 4821//4821 4822//4822
f 2843//2843 2667//2667 4825//4825
f 1309//1309 1119//1119 4829//4829
f 4872//4872 4831//4831 4832//4832
f 1821//1821 4833//4833 6166//6166
f 4835//4835 7004//7004 4834//4834
f 3687//3687 4790//4790 1228//1228
f 761//761 1228//1228 4838//4838
f 1769//1769 1587//1587 4839//4839
f 6920//6920 6922//6922 4756//4756
f 3579//3579 6439//6439 4842//4842
f 4843//4843 1133//1133 746//746
f 1675//1675 1497//1497 747//747
f 746//746 1497//1497 1675//1675
f 2004//2004 1818//1818 4844//4844
f 747//747 1818//1818 2004//2004
f 2575//2575 7087//7087 749//749
f 3714//3714 3850//3850 4846//4846
f 2849//2849 2677//2677 4848//4848
f 3213//3213 3046//3046 4849//4849
f 4794//4794 3377//3377 4850//4850
f 2216//2216 4852//4852 2355//2355
f 3148//3148 4853//4853 3483//3483
f 4771//4771 1763//1763 4855//4855
f 1589//1589 2083//2083 767//767
f 3939//3939 3775//3775 752//752
f 751//751 3775//3775 3939//3939
f 752//752 1135//1135 6786//6786
f 4813//4813 3686//3686 3847//3847
f 3847//3847 3686//3686 4863//4863
f 3854//3854 3686//3686 4864//4864
f 755//755 3686//3686 3854//3854
f 6921//6921 1410//1410 6631//6631
f 6024//6024 4864//4864 6921//6921
f 5742//5742 2087//2087 4866//4866
f 2438//2438 2272//2272 4866//4866
f 6893//6893 3428//3428 4814//4814
f 4819//4819 2581//2581 4890//4890
f 3480//3480 3296//3296 758//758
f 2852//2852 2846//2846 771//771
f 7359//7359 3044//3044 4869//4869
f 7365//7365 3770//3770 4871//4871
f 774//774 4871//4871 6107//6107
f 6107//6107 1131//1131 774//774
f 775//775 1131//1131 1672//1672
f 1672//1672 4831//4831 4872//4872
f 3855//3855 3687//3687 5745//5745
f 777//777 3687//3687 3855//3855
f 5745//5745 761//761 798//798
f 1595//1595 1769//1769 762//762
f 761//761 1769//1769 1595//1595
f 763//763 4842//4842 6023//6023
f 1504//1504 1675//1675 4874//4874
f 748//748 2215//2215 4844//4844
f 2354//2354 4875//4875 4894//4894
f 3853//3853 4845//4845 4846//4846
f 2677//2677 2859//2859 764//764
f 3046//3046 3244//3244 765//765
f 4795//4795 4851//4851 4880//4880
f 4796//4796 1644//1644 4881//4881
f 3148//3148 3483//3483 782//782
f 4800//4800 3851//3851 4882//4882
f 7054//7054 766//766 783//783
f 7039//7039 7054//7054 783//783
f 1770//1770 767//767 4903//4903
f 1589//1589 1770//1770 766//766
f 1906//1906 6794//6794 767//767
f 3939//3939 752//752 786//786
f 4885//4885 7317//7317 3154//3154
f 4862//4862 4811//4811 4885//4885
f 4886//4886 755//755 4887//4887
f 7202//7202 5742//5742 2276//2276
f 2272//2272 2443//2443 2276//2276
f 757//757 6564//6564 1678//1678
f 2961//2961 2581//2581 3144//3144
f 788//788 2961//2961 758//758
f 789//789 3296//3296 759//759
f 759//759 7069//7069 789//789
f 6458//6458 4950//4950 7069//7069
f 2277//2277 5739//5739 6706//6706
f 4915//4915 2277//2277 771//771
f 771//771 2682//2682 4915//4915
f 2682//2682 3242//3242 2865//2865
f 3242//3242 3054//3054 2865//2865
f 790//790 3242//3242 772//772
f 772//772 773//773 790//790
f 773//773 3383//3383 790//790
f 7070//7070 791//791 774//774
f 792//792 5743//5743 775//775
f 1679//1679 760//760 793//793
f 1490//1490 1679//1679 793//793
f 792//792 1679//1679 1490//1490
f 6166//6166 2359//2359 1821//1821
f 3156//3156 776//776 796//796
f 2959//2959 3156//3156 5744//5744
f 798//798 761//761 6344//6344
f 763//763 3384//3384 4892//4892
f 6843//6843 6793//6793 1333//1333
f 1660//1660 1504//1504 778//778
f 1333//1333 1504//1504 1660//1660
f 3850//3850 4877//4877 4897//4897
f 764//764 2859//2859 2862//2862
f 3244//3244 2859//2859 765//765
f 799//799 4925//4925 4901//4901
f 1143//1143 1326//1326 780//780
f 3937//3937 1143//1143 799//799
f 6025//6025 1143//1143 780//780
f 1833//1833 6348//6348 4974//4974
f 782//782 7269//7269 3148//3148
f 7269//7269 782//782 800//800
f 1770//1770 1756//1756 783//783
f 1756//1756 1599//1599 783//783
f 6794//6794 2097//2097 4903//4903
f 2097//2097 1913//1913 4903//4903
f 2429//2429 2097//2097 6794//6794
f 784//784 801//801 2860//2860
f 801//801 2685//2685 2860//2860
f 7350//7350 3230//3230 769//769
f 3939//3939 5957//5957 785//785
f 6786//6786 4904//4904 786//786
f 4907//4907 7202//7202 4906//4906
f 2686//2686 5906//5906 6991//6991
f 4913//4913 7250//7250 788//788
f 3300//3300 4913//4913 789//789
f 1236//1236 4950//4950 6458//6458
f 2687//2687 4987//4987 6492//6492
f 3054//3054 4952//4952 4988//4988
f 3387//3387 3054//3054 790//790
f 790//790 3383//3383 3387//3387
f 3383//3383 3589//3589 3387//3387
f 3762//3762 3383//3383 791//791
f 7070//7070 5907//5907 804//804
f 5907//5907 1336//1336 804//804
f 1490//1490 4953//4953 792//792
f 4954//4954 1490//1490 1831//1831
f 4953//4953 1490//1490 4954//4954
f 795//795 2774//2774 7105//7105
f 2774//2774 6067//6067 7105//7105
f 796//796 2944//2944 3156//3156
f 3156//3156 2944//2944 795//795
f 4891//4891 4955//4955 796//796
f 1660//1660 778//778 1492//1492
f 4920//4920 2196//2196 7088//7088
f 1147//1147 4925//4925 799//799
f 799//799 1335//1335 1147//1147
f 1335//1335 1143//1143 6025//6025
f 808//808 1335//1335 6025//6025
f 1756//1756 4927//4927 1599//1599
f 2766//2766 2772//2772 6716//6716
f 3492//3492 4934//4934 7031//7031
f 4935//4935 3668//3668 6567//6567
f 1239//1239 4936//4936 4938//4938
f 5753//5753 4938//4938 4937//4937
f 810//810 4938//4938 5753//5753
f 2101//2101 4907//4907 6465//6465
f 6581//6581 4939//4939 4940//4940
f 2686//2686 6770//6770 4940//4940
f 4943//4943 4941//4941 4942//4942
f 4943//4943 4944//4944 3389//3389
f 1823//1823 4910//4910 4947//4947
f 3300//3300 4985//4985 4949//4949
f 1414//1414 1413//1413 6542//6542
f 1236//1236 6688//6688 1414//1414
f 3387//3387 3589//3589 5019//5019
f 3589//3589 3390//3390 5019//5019
f 3762//3762 804//804 6884//6884
f 4953//4953 1664//1664 1336//1336
f 2944//2944 3135//3135 2774//2774
f 796//796 4955//4955 6397//6397
f 6740//6740 3494//3494 6397//6397
f 4957//4957 805//805 4956//4956
f 4995//4995 2690//2690 3041//3041
f 813//813 7310//7310 1667//1667
f 814//814 4961//4961 4962//4962
f 3137//3137 4963//4963 4964//4964
f 4963//4963 3137//3137 4962//4962
f 779//779 4895//4895 4964//4964
f 3857//3857 7366//7366 4965//4965
f 4967//4967 4922//4922 4968//4968
f 1771//1771 4923//4923 4968//4968
f 1753//1753 1580//1580 1758//1758
f 6844//6844 1335//1335 808//808
f 816//816 6844//6844 808//808
f 5911//5911 4999//4999 4974//4974
f 2177//2177 2343//2343 5000//5000
f 2097//2097 4976//4976 1913//1913
f 801//801 809//809 2685//2685
f 3595//3595 3395//3395 3766//3766
f 3394//3394 5750//5750 3595//3595
f 1341//1341 1151//1151 6332//6332
f 4939//4939 2437//2437 4981//4981
f 1413//1413 3676//3676 3845//3845
f 5747//5747 6688//6688 803//803
f 1920//1920 5751//5751 4951//4951
f 2431//2431 5016//5016 5752//5752
f 3494//3494 2951//2951 3135//3135
f 3066//3066 2951//2951 3455//3455
f 4991//4991 6740//6740 3670//3670
f 2689//2689 4995//4995 4994//4994
f 5748//5748 2436//2436 5061//5061
f 6108//6108 6844//6844 816//816
f 816//816 1840//1840 7176//7176
f 7176//7176 1516//1516 819//819
f 5000//5000 2343//2343 4975//4975
f 3307//3307 3306//3306 7032//7032
f 4976//4976 4977//4977 6699//6699
f 5004//5004 6554//6554 6246//6246
f 3394//3394 3595//3595 6068//6068
f 3766//3766 1340//1340 3756//3756
f 1341//1341 1340//1340 6903//6903
f 1340//1340 1341//1341 6576//6576
f 6845//6845 2013//2013 1837//1837
f 2013//2013 6845//6845 1887//1887
f 1835//1835 2009//2009 5015//5015
f 5016//5016 1973//1973 2148//2148
f 3390//3390 3364//3364 3547//3547
f 5021//5021 1694//1694 5022//5022
f 5051//5051 6467//6467 817//817
f 817//817 3066//3066 2886//2886
f 6745//6745 3304//3304 6766//6766
f 1781//1781 1611//1611 1974//1974
f 1610//1610 1611//1611 1781//1781
f 6368//6368 1974//1974 4993//4993
f 1974//1974 6368//6368 2155//2155
f 818//818 3755//3755 5055//5055
f 814//814 5028//5028 5027//5027
f 815//815 2953//2953 5028//5028
f 2436//2436 5062//5062 5061//5061
f 5000//5000 2347//2347 5031//5031
f 3069//3069 6736//6736 5032//5032
f 6190//6190 3306//3306 5032//5032
f 1424//1424 1246//1246 6484//6484
f 6547//6547 1246//1246 1424//1424
f 1782//1782 1612//1612 5034//5034
f 6484//6484 1612//1612 1782//1782
f 5034//5034 6846//6846 824//824
f 6527//6527 6246//6246 6028//6028
f 3365//3365 6068//6068 3557//3557
f 1518//1518 1517//1517 7342//7342
f 2978//2978 5042//5042 5043//5043
f 5042//5042 2978//2978 5041//5041
f 6276//6276 2884//2884 3071//3071
f 3499//3499 3276//3276 5756//5756
f 1244//1244 6948//6948 5045//5045
f 1973//1973 2154//2154 1975//1975
f 2775//2775 5018//5018 5047//5047
f 2596//2596 2780//2780 6379//6379
f 2979//2979 2596//2596 5048//5048
f 3757//3757 3364//3364 3912//3912
f 5050//5050 3917//3917 3757//3757
f 2065//2065 6732//6732 1694//1694
f 1891//1891 6732//6732 2065//2065
f 826//826 1891//1891 6673//6673
f 825//825 1891//1891 826//826
f 5081//5081 5051//5051 2893//2893
f 5051//5051 817//817 3074//3074
f 1616//1616 1781//1781 6674//6674
f 5052//5052 1781//1781 1616//1616
f 5083//5083 2509//2509 2781//2781
f 2508//2508 2509//2509 5083//5083
f 5754//5754 2781//2781 2598//2598
f 7089//7089 7229//7229 5056//5056
f 5058//5058 5059//5059 5060//5060
f 5062//5062 2510//2510 6821//6821
f 6109//6109 2782//2782 2510//2510
f 2977//2977 3173//3173 2981//2981
f 1516//1516 1696//1696 819//819
f 3070//3070 5098//5098 2888//2888
f 5099//5099 3662//3662 6547//6547
f 1424//1424 6484//6484 830//830
f 3664//3664 1424//1424 830//830
f 1617//1617 1782//1782 6864//6864
f 830//830 1782//1782 1617//1617
f 3174//3174 3365//3365 5064//5064
f 3174//3174 5064//5064 832//832
f 1344//1344 1517//1517 834//834
f 2071//2071 1887//1887 7207//7207
f 5070//5070 1423//1423 6700//6700
f 5072//5072 2341//2341 5073//5073
f 820//820 5040//5040 5074//5074
f 5075//5075 3596//3596 6785//6785
f 6785//6785 3930//3930 5075//5075
f 2884//2884 5078//5078 840//840
f 3276//3276 3462//3462 841//841
f 2154//2154 2161//2161 5079//5079
f 2780//2780 2788//2788 6379//6379
f 843//843 2780//2780 2979//2979
f 2979//2979 5049//5049 6416//6416
f 3917//3917 5108//5108 844//844
f 826//826 6673//6673 5082//5082
f 2522//2522 5081//5081 2893//2893
f 3074//3074 2886//2886 5759//5759
f 2893//2893 3074//3074 846//846
f 5052//5052 1616//1616 848//848
f 1981//1981 2508//2508 849//849
f 2162//2162 1981//1981 849//849
f 850//850 7010//7010 5086//5086
f 5959//5959 827//827 6223//6223
f 5087//5087 5088//5088 6772//6772
f 7108//7108 5058//5058 5090//5090
f 2782//2782 5766//5766 5095//5095
f 7021//7021 1161//1161 853//853
f 1683//1683 5097//5097 1696//1696
f 2074//2074 2069//2069 2425//2425
f 2696//2696 854//854 6029//6029
f 3664//3664 830//830 855//855
f 3174//3174 832//832 3563//3563
f 833//833 1525//1525 1349//1349
f 2889//2889 5123//5123 5101//5101
f 5104//5104 2606//2606 5125//5125
f 5107//5107 2076//2076 5129//5129
f 5078//5078 2891//2891 6302//6302
f 3462//3462 3652//3652 6031//6031
f 858//858 2788//2788 843//843
f 843//843 3180//3180 858//858
f 7338//7338 2498//2498 5109//5109
f 2604//2604 5085//5085 7306//7306
f 860//860 5111//5111 5110//5110
f 2700//2700 5114//5114 5113//5113
f 861//861 5115//5115 7108//7108
f 1161//1161 5149//5149 853//853
f 5169//5169 6029//6029 5152//5152
f 1617//1617 865//865 855//855
f 2605//2605 7072//7072 7130//7130
f 1509//1509 5117//5117 5118//5118
f 5120//5120 2519//2519 5121//5121
f 836//836 5102//5102 5962//5962
f 5073//5073 2341//2341 7196//7196
f 3175//3175 5106//5106 7107//7107
f 5131//5131 2525//2525 2411//2411
f 3666//3666 3823//3823 3652//3652
f 1774//1774 6764//6764 2163//2163
f 5160//5160 7351//7351 858//858
f 5764//5764 6032//6032 5913//5913
f 5769//5769 7071//7071 3469//3469
f 3282//3282 3470//3470 3825//3825
f 3469//3469 3059//3059 3282//3282
f 5138//5138 1985//1985 5770//5770
f 7258//7258 2498//2498 2611//2611
f 5960//5960 5142//5142 872//872
f 5094//5094 2499//2499 6069//6069
f 5148//5148 6349//6349 6369//6369
f 5149//5149 1351//1351 6349//6349
f 5767//5767 1683//1683 862//862
f 2413//2413 2074//2074 863//863
f 2413//2413 1899//1899 5772//5772
f 2873//2873 6911//6911 5152//5152
f 874//874 6869//6869 5156//5156
f 874//874 5156//5156 2971//2971
f 5158//5158 6569//6569 2414//2414
f 3823//3823 5185//5185 3656//3656
f 858//858 5134//5134 5160//5160
f 7242//7242 5161//5161 6032//6032
f 6032//6032 5161//5161 6711//6711
f 2418//2418 2255//2255 5775//5775
f 871//871 2707//2707 5769//5769
f 5776//5776 5769//5769 3064//3064
f 5162//5162 3282//3282 3831//3831
f 5189//5189 1255//1255 5163//5163
f 5164//5164 7177//7177 3165//3165
f 5168//5168 5205//5205 1606//1606
f 7111//7111 7131//7131 5144//5144
f 2791//2791 5146//5146 2502//2502
f 6369//6369 3569//3569 6408//6408
f 1899//1899 5210//5210 5772//5772
f 876//876 873//873 5170//5170
f 876//876 5170//5170 6958//6958
f 1259//1259 5773//5773 6578//6578
f 5171//5171 2169//2169 6194//6194
f 7273//7273 2169//2169 2795//2795
f 2618//2618 2796//2796 3166//3166
f 2795//2795 2796//2796 2618//2618
f 3166//3166 3167//3167 2997//2997
f 5213//5213 5172//5172 3910//3910
f 2997//2997 5172//5172 5213//5213
f 3911//3911 3910//3910 5153//5153
f 3737//3737 3911//3911 1175//1175
f 3910//3910 3911//3911 3737//3737
f 1175//1175 1168//1168 5963//5963
f 2704//2704 2874//2874 2417//2417
f 5154//5154 866//866 5175//5175
f 3570//3570 2971//2971 5177//5177
f 7204//7204 5182//5182 5181//5181
f 6796//6796 1258//1258 5774//5774
f 2168//2168 5225//5225 1777//1777
f 869//869 2793//2793 2798//2798
f 2793//2793 2617//2617 2798//2798
f 1352//1352 5230//5230 1355//1355
f 3831//3831 3830//3830 5162//5162
f 3640//3640 3831//3831 1255//1255
f 3830//3830 3831//3831 3640//3640
f 1255//1255 5189//5189 1438//1438
f 6719//6719 5165//5165 5195//5195
f 5199//5199 2524//2524 5771//5771
f 3285//3285 5203//5203 5201//5201
f 3569//3569 6112//6112 6717//6717
f 6586//6586 6578//6578 1951//1951
f 5212//5212 2997//2997 6797//6797
f 3896//3896 3737//3737 5238//5238
f 5213//5213 3910//3910 3737//3737
f 5238//5238 1175//1175 1540//1540
f 5215//5215 2240//2240 5214//5214
f 874//874 3570//3570 6822//6822
f 5220//5220 3749//3749 5181//5181
f 5179//5179 5220//5220 5219//5219
f 7109//7109 6813//6813 5182//5182
f 3289//3289 3253//3253 3433//3433
f 3253//3253 3289//3289 6825//6825
f 6825//6825 5224//5224 3253//3253
f 2798//2798 2617//2617 5228//5228
f 2617//2617 7169//7169 2619//2619
f 3168//3168 6478//6478 7169//7169
f 889//889 7034//7034 5229//5229
f 5229//5229 3895//3895 889//889
f 6279//6279 2081//2081 7230//7230
f 7230//7230 5188//5188 5231//5231
f 2400//2400 2244//2244 2719//2719
f 2719//2719 2714//2714 5232//5232
f 3437//3437 3477//3477 5233//5233
f 5257//5257 6847//6847 5256//5256
f 5256//5256 1438//1438 1265//1265
f 7224//7224 5274//5274 5273//5273
f 6172//6172 876//876 884//884
f 1951//1951 7273//7273 6771//6771
f 1801//1801 1951//1951 6771//6771
f 5215//5215 2711//2711 5241//5241
f 5244//5244 3816//3816 5242//5242
f 3435//3435 5243//5243 5242//5242
f 5244//5244 3829//3829 5245//5245
f 894//894 5248//5248 5249//5249
f 896//896 5252//5252 6504//6504
f 5224//5224 3818//3818 6504//6504
f 6871//6871 2323//2323 7007//7007
f 889//889 3895//3895 898//898
f 3895//3895 3742//3742 898//898
f 6197//6197 3742//3742 3895//3895
f 1877//1877 2400//2400 2246//2246
f 2533//2533 2719//2719 2906//2906
f 5260//5260 2486//2486 5261//5261
f 1512//1512 881//881 5264//5264
f 875//875 1512//1512 5309//5309
f 2802//2802 5271//5271 7092//7092
f 3441//3441 892//892 6072//6072
f 904//904 6985//6985 2812//2812
f 906//906 5281//5281 5280//5280
f 3816//3816 5284//5284 3435//3435
f 6775//6775 5284//5284 5285//5285
f 887//887 5247//5247 5289//5289
f 5291//5291 3738//3738 5248//5248
f 6073//6073 5292//5292 6493//6493
f 908//908 6493//6493 5293//5293
f 2717//2717 5294//5294 5293//5293
f 5357//5357 6454//6454 1270//1270
f 5297//5297 2139//2139 910//910
f 3001//3001 3197//3197 5298//5298
f 915//915 5299//5299 898//898
f 898//898 3742//3742 915//915
f 3742//3742 6280//6280 916//916
f 890//890 5262//5262 6295//6295
f 5308//5308 6370//6370 7153//7153
f 7093//7093 5626//5626 5311//5311
f 5312//5312 3642//3642 5268//5268
f 919//919 5317//5317 5316//5316
f 5318//5318 6198//6198 3099//3099
f 902//902 1785//1785 903//903
f 2634//2634 2812//2812 5340//5340
f 904//904 2812//2812 2634//2634
f 920//920 2534//2534 3079//3079
f 3196//3196 5321//5321 921//921
f 3900//3900 3745//3745 5782//5782
f 896//896 5296//5296 5295//5295
f 2139//2139 1964//1964 7074//7074
f 926//926 914//914 915//915
f 926//926 915//915 916//916
f 5361//5361 926//926 916//916
f 916//916 6175//6175 5361//5361
f 5988//5988 5919//5919 5323//5323
f 3807//3807 5323//5323 5324//5324
f 5333//5333 1788//1788 5334//5334
f 900//900 1789//1789 5333//5333
f 5338//5338 3888//3888 3537//3537
f 3099//3099 6816//6816 5318//5318
f 3444//3444 3447//3447 3099//3099
f 5343//5343 920//920 5344//5344
f 3086//3086 5345//5345 5346//5346
f 921//921 6908//6908 5631//5631
f 924//924 5296//5296 5355//5355
f 910//910 2139//2139 7074//7074
f 935//935 1964//1964 5359//5359
f 913//913 5360//5360 936//936
f 3734//3734 926//926 5361//5361
f 2479//2479 5922//5922 5367//5367
f 5329//5329 5368//5368 6531//6531
f 3892//3892 3357//3357 5368//5368
f 5307//5307 6537//6537 5369//5369
f 3635//3635 5629//5629 6815//6815
f 5629//5629 5373//5373 3628//3628
f 1624//1624 5374//5374 939//939
f 939//939 2142//2142 5375//5375
f 3545//3545 3536//3536 5377//5377
f 6402//6402 6417//6417 927//927
f 2634//2634 2990//2990 2633//2633
f 3271//3271 5380//5380 5638//5638
f 1277//1277 932//932 5381//5381
f 5409//5409 5633//5633 933//933
f 5350//5350 5382//5382 933//933
f 3360//3360 5360//5360 926//926
f 2540//2540 2734//2734 5972//5972
f 2996//2996 2640//2640 6459//6459
f 2392//2392 5401//5401 5402//5402
f 931//931 5403//5403 5402//5402
f 941//941 3086//3086 5380//5380
f 5406//5406 5405//5405 5404//5404
f 2315//2315 5407//5407 5406//5406
f 5409//5409 1166//1166 5410//5410
f 944//944 6524//6524 5383//5383
f 1622//1622 6199//6199 1279//1279
f 935//935 5971//5971 2370//2370
f 2994//2994 952//952 3113//3113
f 3360//3360 2994//2994 936//936
f 5414//5414 3311//3311 952//952
f 3869//3869 3311//3311 5414//5414
f 1454//1454 5417//5417 6496//6496
f 1479//1479 2479//2479 5387//5387
f 6604//6604 3357//3357 5389//5389
f 3555//3555 3273//3273 3634//3634
f 3635//3635 5423//5423 5393//5393
f 3840//3840 3871//3871 5427//5427
f 5397//5397 3979//3979 960//960
f 950//950 5397//5397 960//960
f 960//960 3979//3979 961//961
f 940//940 5430//5430 5428//5428
f 5784//5784 6383//6383 940//940
f 965//965 5436//5436 2392//2392
f 3403//3403 3088//3088 941//941
f 5440//5440 5439//5439 5438//5438
f 5440//5440 2926//2926 5441//5441
f 5443//5443 2926//2926 5442//5442
f 5442//5442 3309//3309 5444//5444
f 7259//7259 1806//1806 5446//5446
f 7193//7193 5413//5413 6326//6326
f 6036//6036 5447//5447 3961//3961
f 952//952 3311//3311 3506//3506
f 7135//7135 3793//3793 5456//5456
f 946//946 5460//5460 5421//5421
f 958//958 5461//5461 2783//2783
f 3555//3555 3634//3634 3393//3393
f 3117//3117 2984//2984 6658//6658
f 5469//5469 1737//1737 5435//5435
f 6351//6351 5471//5471 3403//3403
f 979//979 5491//5491 5472//5472
f 966//966 6639//6639 3874//3874
f 6335//6335 5501//5501 5477//5477
f 5478//5478 7222//7222 5458//5458
f 1470//1470 5478//5478 5477//5477
f 5481//5481 1749//1749 1572//1572
f 974//974 3040//3040 2783//2783
f 5486//5486 3117//3117 3077//3077
f 978//978 5787//5787 990//990
f 1752//1752 990//990 5787//5787
f 5470//5470 5791//5791 964//964
f 6878//6878 1391//1391 6876//6876
f 6143//6143 6743//6743 6872//6872
f 5475//5475 1365//1365 5495//5495
f 1513//1513 969//969 5789//5789
f 3124//3124 5518//5518 984//984
f 7309//7309 3040//3040 1000//1000
f 3811//3811 3636//3636 1001//1001
f 3636//3636 6433//6433 1001//1001
f 2872//2872 2563//2563 975//975
f 2563//2563 2872//2872 987//987
f 1864//1864 5790//5790 5532//5532
f 5924//5924 5509//5509 5508//5508
f 5791//5791 2286//2286 7075//7075
f 2286//2286 5791//5791 7170//7170
f 7170//7170 2663//2663 2286//2286
f 2663//2663 6461//6461 6441//6441
f 6441//6441 7270//7270 1003//1003
f 2034//2034 5645//5645 5510//5510
f 2034//2034 979//979 980//980
f 981//981 5553//5553 2565//2565
f 2565//2565 5553//5553 6823//6823
f 5556//5556 1222//1222 6143//6143
f 992//992 1513//1513 6176//6176
f 3520//3520 6497//6497 1004//1004
f 5515//5515 996//996 997//997
f 1459//1459 973//973 5502//5502
f 5518//5518 2922//2922 2920//2920
f 2665//2665 999//999 7309//7309
f 1000//1000 6039//6039 7309//7309
f 6039//6039 5794//5794 6971//6971
f 3811//3811 1001//1001 5546//5546
f 5526//5526 3696//3696 5793//5793
f 1890//1890 6848//6848 1018//1018
f 5532//5532 5533//5533 7318//7318
f 3339//3339 3102//3102 6593//6593
f 6593//6593 988//988 3339//3339
f 1398//1398 7076//7076 5534//5534
f 990//990 6121//6121 5534//5534
f 2456//2456 2668//2668 6532//6532
f 2286//2286 3013//3013 2668//2668
f 3013//3013 2663//2663 1003//1003
f 3013//3013 3014//3014 2847//2847
f 3014//3014 3013//3013 1003//1003
f 7270//7270 7353//7353 6042//6042
f 6042//6042 3014//3014 1003//1003
f 7353//7353 5536//5536 7252//7252
f 5536//5536 991//991 3953//3953
f 7252//7252 5536//5536 3953//3953
f 1640//1640 5490//5490 1865//1865
f 991//991 1640//1640 3953//3953
f 1640//1640 1339//1339 3953//3953
f 2037//2037 1640//1640 1865//1865
f 5556//5556 6143//6143 5511//5511
f 6949//6949 1950//1950 5557//5557
f 7117//7117 6889//6889 6933//6933
f 2920//2920 2922//2922 2571//2571
f 1019//1019 6474//6474 1010//1010
f 5519//5519 5542//5542 1019//1019
f 5520//5520 5521//5521 6202//6202
f 1020//1020 1949//1949 5543//5543
f 6886//6886 1011//1011 5545//5545
f 3621//3621 1011//1011 6886//6886
f 1127//1127 5547//5547 5546//5546
f 6043//6043 2113//2113 2184//2184
f 1618//1618 6043//6043 2160//2160
f 1709//1709 1015//1015 1016//1016
f 5533//5533 3111//3111 2576//2576
f 2576//2576 3111//3111 1035//1035
f 3866//3866 1404//1404 3682//3682
f 1404//1404 1398//1398 6917//6917
f 1398//1398 6879//6879 2127//2127
f 1022//1022 6532//6532 7297//7297
f 2847//2847 6532//6532 2668//2668
f 3211//3211 3014//3014 5535//5535
f 2847//2847 3211//3211 3980//3980
f 3211//3211 1023//1023 3980//3980
f 1023//1023 3211//3211 3020//3020
f 3953//3953 1128//1128 7252//7252
f 1128//1128 7162//7162 7252//7252
f 3953//3953 1339//1339 1128//1128
f 5550//5550 1210//1210 5549//5549
f 1210//1210 5550//5550 5581//5581
f 2208//2208 5552//5552 5989//5989
f 7118//7118 5538//5538 3713//3713
f 5538//5538 3867//3867 3713//3713
f 1950//1950 5556//5556 5557//5557
f 2844//2844 1025//1025 2053//2053
f 1027//1027 1026//1026 2844//2844
f 1731//1731 2129//2129 5927//5927
f 2129//2129 2458//2458 2270//2270
f 1006//1006 1007//1007 3626//3626
f 6324//6324 1129//1129 1030//1030
f 1008//1008 5563//5563 5562//5562
f 1495//1495 5563//5563 2038//2038
f 2571//2571 5584//5584 2212//2212
f 2419//2419 2152//2152 2573//2573
f 2762//2762 5548//5548 3143//3143
f 5569//5569 3143//3143 5570//5570
f 6939//6939 5571//5571 3290//3290
f 1709//1709 5573//5573 1907//1907
f 1590//1590 1709//1709 1907//1907
f 5573//5573 5574//5574 2273//2273
f 1907//1907 5573//5573 2273//2273
f 5574//5574 2850//2850 2679//2679
f 2273//2273 5574//5574 2679//2679
f 5575//5575 2850//2850 5978//5978
f 2850//2850 3237//3237 3050//3050
f 2679//2679 2850//2850 3050//3050
f 5576//5576 3237//3237 5575//5575
f 5979//5979 1312//1312 5577//5577
f 1816//1816 1033//1033 5795//5795
f 1137//1137 1033//1033 1816//1816
f 1816//1816 5795//5795 1021//1021
f 1816//1816 2001//2001 1137//1137
f 2186//2186 1816//1816 1021//1021
f 2186//2186 1021//1021 2206//2206
f 1903//1903 6626//6626 2127//2127
f 5578//5578 1210//1210 5579//5579
f 6725//6725 1036//1036 6494//6494
f 1024//1024 1408//1408 3292//3292
f 1037//1037 5554//5554 1024//1024
f 3867//3867 1408//1408 3713//3713
f 3292//3292 1408//1408 3684//3684
f 1950//1950 5796//5796 1405//1405
f 1405//1405 1330//1330 3867//3867
f 1330//1330 1408//1408 3867//3867
f 1025//1025 2853//2853 7096//7096
f 1026//1026 2853//2853 1025//1025
f 1027//1027 3238//3238 1026//1026
f 2853//2853 3238//3238 1038//1038
f 1028//1028 3575//3575 1027//1027
f 3575//3575 3238//3238 1027//1027
f 1316//1316 3651//3651 6353//6353
f 3434//3434 6353//6353 1039//1039
f 2188//2188 1998//1998 6177//6177
f 6690//6690 3147//3147 1029//1029
f 1029//1029 3147//3147 5558//5558
f 1042//1042 5582//5582 5927//5927
f 7171//7171 1815//1815 1999//1999
f 5587//5587 2854//2854 5565//5565
f 3621//3621 6886//6886 5588//5588
f 1896//1896 5590//5590 5929//5929
f 2762//2762 5929//5929 2419//2419
f 5929//5929 2762//2762 1046//1046
f 6939//6939 5591//5591 3143//3143
f 3237//3237 3283//3283 3050//3050
f 3573//3573 1322//1322 3283//3283
f 3573//3573 3283//3283 3237//3237
f 1033//1033 1322//1322 1312//1312
f 1050//1050 1137//1137 6850//6850
f 2001//2001 1499//1499 1137//1137
f 2001//2001 1820//1820 1499//1499
f 1820//1820 2001//2001 1034//1034
f 2191//2191 1034//1034 1035//1035
f 1034//1034 2191//2191 1820//1820
f 1035//1035 6178//6178 2191//2191
f 6178//6178 1035//1035 6352//6352
f 3771//3771 3935//3935 7261//7261
f 5579//5579 1469//1469 5980//5980
f 1053//1053 1036//1036 1054//1054
f 3292//3292 3487//3487 1037//1037
f 6728//6728 3684//3684 1055//1055
f 1330//1330 1172//1172 3684//3684
f 1038//1038 6849//6849 2853//2853
f 2858//2858 3240//3240 6045//6045
f 3434//3434 1039//1039 3580//3580
f 1040//1040 1039//1039 3651//3651
f 1039//1039 1040//1040 3936//3936
f 3580//3580 1039//1039 3936//3936
f 3936//3936 1040//1040 1138//1138
f 1138//1138 5596//5596 2197//2197
f 5596//5596 1998//1998 2197//2197
f 1998//1998 2587//2587 2197//2197
f 1998//1998 5597//5597 2587//2587
f 5597//5597 2584//2584 2587//2587
f 1041//1041 3689//3689 3694//3694
f 5582//5582 1057//1057 3689//3689
f 1042//1042 1592//1592 1057//1057
f 1043//1043 1908//1908 1592//1592
f 3047//3047 2274//2274 1908//1908
f 1044//1044 2681//2681 2274//2274
f 5598//5598 1058//1058 1030//1030
f 2957//2957 3152//3152 3149//3149
f 1084//1084 7220//7220 1060//1060
f 6047//6047 1047//1047 6381//6381
f 2517//2517 6510//6510 6384//6384
f 3283//3283 1322//1322 7172//7172
f 1137//1137 1499//1499 6850//6850
f 6850//6850 1499//1499 1062//1062
f 1499//1499 1820//1820 1063//1063
f 2962//2962 2193//2193 2191//2191
f 1065//1065 1064//1064 2193//2193
f 2962//2962 6178//6178 2963//2963
f 1066//1066 2962//2962 2963//2963
f 1051//1051 3691//3691 2963//2963
f 3691//3691 1051//1051 6380//6380
f 2963//2963 3691//3691 1067//1067
f 3691//3691 6621//6621 1068//1068
f 6627//6627 1909//1909 1070//1070
f 2268//2268 2278//2278 1909//1909
f 2278//2278 2268//2268 2676//2676
f 1909//1909 2278//2278 1071//1071
f 2676//2676 6616//6616 2278//2278
f 2278//2278 6616//6616 1072//1072
f 1073//1073 1072//1072 6616//6616
f 3055//3055 3247//3247 1073//1073
f 5593//5593 3055//3055 3052//3052
f 3247//3247 5593//5593 3584//3584
f 3584//3584 6046//6046 3941//3941
f 3941//3941 3776//3776 1157//1157
f 2360//2360 1826//1826 1562//1562
f 2582//2582 2767//2767 2360//2360
f 2360//2360 2767//2767 1826//1826
f 2767//2767 2195//2195 5602//5602
f 2195//2195 1053//1053 1054//1054
f 1075//1075 6728//6728 3693//3693
f 1055//1055 5930//5930 1233//1233
f 3693//3693 6728//6728 1055//1055
f 1596//1596 5930//5930 2090//2090
f 1233//1233 5930//5930 1596//1596
f 1056//1056 6849//6849 6851//6851
f 1076//1076 2090//2090 6851//6851
f 2441//2441 2858//2858 2683//2683
f 2281//2281 2441//2441 2683//2683
f 2683//2683 2858//2858 3057//3057
f 3057//3057 6045//6045 3385//3385
f 3580//3580 3936//3936 3778//3778
f 3385//3385 3580//3580 3778//3778
f 3936//3936 1138//1138 1329//1329
f 3778//3778 3936//3936 1329//1329
f 1138//1138 2197//2197 1680//1680
f 1329//1329 1138//1138 1680//1680
f 2197//2197 2005//2005 1680//1680
f 1077//1077 2587//2587 2584//2584
f 2584//2584 3694//3694 2965//2965
f 3694//3694 3489//3489 2965//2965
f 3694//3694 3689//3689 3489//3489
f 3689//3689 3858//3858 3489//3489
f 3689//3689 1057//1057 3858//3858
f 1057//1057 1592//1592 1078//1078
f 1592//1592 1908//1908 1079//1079
f 1908//1908 2274//2274 1080//1080
f 2274//2274 2681//2681 1081//1081
f 1082//1082 2681//2681 7179//7179
f 1082//1082 7179//7179 1058//1058
f 3586//3586 1058//1058 5598//5598
f 5598//5598 3943//3943 3586//3586
f 3152//3152 2966//2966 2588//2588
f 2966//2966 3152//3152 5799//5799
f 5799//5799 3299//3299 2966//2966
f 1059//1059 3698//3698 3299//3299
f 5600//5600 5607//5607 5605//5605
f 1914//1914 6805//6805 5605//5605
f 5605//5605 5607//5607 2702//2702
f 5606//5606 3249//3249 5607//5607
f 2779//2779 7208//7208 3091//3091
f 7208//7208 2779//2779 1896//1896
f 5601//5601 6047//6047 1086//1086
f 1085//1085 5601//5601 1086//1086
f 1086//1086 6047//6047 1087//1087
f 1087//1087 6381//6381 1088//1088
f 1089//1089 6327//6327 1090//1090
f 2517//2517 1049//1049 2864//2864
f 1090//1090 2517//2517 2864//2864
f 7172//7172 3195//3195 1049//1049
f 3195//3195 7172//7172 3588//3588
f 7172//7172 1050//1050 3588//3588
f 5//5 6799//6799 2548//2548
f 8//8 3719//3719 3718//3718
f 3719//3719 3882//3882 3718//3718
f 9//9 1201//1201 1200//1200
f 1201//1201 1387//1387 1200//1200
f 10//10 1566//1566 1565//1565
f 1566//1566 1748//1748 1565//1565
f 11//11 1928//1928 1927//1927
f 1928//1928 2114//2114 1927//1927
f 12//12 2302//2302 2301//2301
f 2302//2302 2470//2470 2301//2301
f 13//13 2648//2648 2647//2647
f 2648//2648 2829//2829 2647//2647
f 14//14 3028//3028 3027//3027
f 3028//3028 3224//3224 3027//3027
f 15//15 3407//3407 3406//3406
f 3407//3407 3606//3606 3406//3406
f 16//16 3797//3797 3796//3796
f 3797//3797 3968//3968 3796//3796
f 17//17 1286//1286 1285//1285
f 1286//1286 1103//1103 1285//1285
f 18//18 1652//1652 1651//1651
f 1652//1652 1486//1486 1651//1651
f 19//19 2022//2022 2021//2021
f 2022//2022 1855//1855 2021//2021
f 20//20 2377//2377 2376//2376
f 2377//2377 2227//2227 2376//2376
f 21//21 2741//2741 2740//2740
f 2741//2741 2557//2557 2740//2740
f 22//22 3121//3121 3120//3120
f 3121//3121 2942//2942 3120//3120
f 23//23 3505//3505 3504//3504
f 3505//3505 3322//3322 3504//3504
f 24//24 3877//3877 3876//3876
f 3877//3877 3725//3725 3876//3876
f 25//25 1382//1382 1381//1381
f 1382//1382 1205//1205 1381//1381
f 26//26 1741//1741 1740//1740
f 1741//1741 1571//1571 1740//1740
f 27//27 2108//2108 2107//2107
f 2108//2108 1934//1934 2107//2107
f 28//28 2464//2464 2463//2463
f 2464//2464 2306//2306 2463//2463
f 29//29 2823//2823 2822//2822
f 2823//2823 2653//2653 2822//2822
f 30//30 3219//3219 3218//3218
f 3219//3219 3033//3033 3218//3218
f 31//31 3601//3601 3600//3600
f 3601//3601 3414//3414 3600//3600
f 32//32 3963//3963 3962//3962
f 3963//3963 3803//3803 3962//3962
f 33//33 1099//1099 1098//1098
f 1099//1099 1295//1295 1098//1098
f 34//34 1478//1478 1477//1477
f 1478//1478 1657//1657 1477//1477
f 35//35 1850//1850 1849//1849
f 1850//1850 2027//2027 1849//1849
f 36//36 2222//2222 2221//2221
f 2222//2222 2381//2381 2221//2221
f 37//37 2550//2550 2549//2549
f 2550//2550 2745//2745 2549//2549
f 38//38 2936//2936 2935//2935
f 2936//2936 3123//3123 2935//2935
f 39//39 6146//6146 3316//3316
f 1195//1195 42//42 1383//1383
f 43//43 1931//1931 1743//1743
f 44//44 2304//2304 2109//2109
f 45//45 2650//2650 2466//2466
f 46//46 3030//3030 2824//2824
f 47//47 3410//3410 3220//3220
f 48//48 3799//3799 3602//3602
f 49//49 1288//1288 3965//3965
f 50//50 1654//1654 1100//1100
f 51//51 2024//2024 1481//1481
f 52//52 2379//2379 1852//1852
f 53//53 2743//2743 2224//2224
f 2738//2738 7314//7314 2553//2553
f 55//55 3508//3508 2938//2938
f 56//56 3880//3880 3318//3318
f 58//58 1745//1745 1203//1203
f 59//59 2111//2111 1569//1569
f 60//60 2467//2467 1932//1932
f 61//61 2825//2825 2305//2305
f 62//62 3221//3221 2651//2651
f 63//63 3603//3603 3031//3031
f 64//64 4001//4001 3412//3412
f 65//65 1101//1101 6901//6901
f 66//66 1483//1483 1289//1289
f 67//67 1854//1854 1655//1655
f 68//68 4005//4005 2025//2025
f 69//69 2555//2555 7226//7226
f 70//70 2940//2940 2744//2744
f 71//71 4007//4007 6838//6838
f 3314//3314 72//72 3509//3509
f 73//73 1204//1204 3881//3881
f 74//74 1570//1570 1386//1386
f 75//75 1933//1933 1747//1747
f 77//77 2652//2652 2469//2469
f 78//78 3032//3032 2827//2827
f 79//79 3413//3413 3223//3223
f 80//80 3801//3801 3605//3605
f 1847//1847 6147//6147 1485//1485
f 6798//6798 2380//2380 6147//6147
f 3315//3315 3510//3510 7216//7216
f 3718//3718 3882//3882 5800//5800
f 1200//1200 1387//1387 5801//5801
f 1565//1565 1748//1748 5802//5802
f 1927//1927 2114//2114 5803//5803
f 2301//2301 2470//2470 5804//5804
f 2647//2647 2829//2829 5805//5805
f 3027//3027 3224//3224 5806//5806
f 3406//3406 3606//3606 5807//5807
f 3796//3796 3968//3968 5808//5808
f 1285//1285 1103//1103 5809//5809
f 1651//1651 1486//1486 5810//5810
f 2021//2021 1855//1855 5811//5811
f 2376//2376 2227//2227 5812//5812
f 2740//2740 2557//2557 5813//5813
f 3120//3120 2942//2942 5814//5814
f 3504//3504 3322//3322 5815//5815
f 3876//3876 3725//3725 5816//5816
f 1381//1381 1205//1205 5817//5817
f 1740//1740 1571//1571 5818//5818
f 2107//2107 1934//1934 5819//5819
f 2463//2463 2306//2306 5820//5820
f 2822//2822 2653//2653 5821//5821
f 3218//3218 3033//3033 5822//5822
f 3600//3600 3414//3414 5823//5823
f 3962//3962 3803//3803 5824//5824
f 1098//1098 1295//1295 5825//5825
f 1477//1477 1657//1657 5826//5826
f 1849//1849 2027//2027 5827//5827
f 2221//2221 2381//2381 5828//5828
f 2549//2549 2745//2745 5829//5829
f 2935//2935 3123//3123 5830//5830
f 6146//6146 3329//3329 3316//3316
f 81//81 3323//3323 6675//6675
f 41//41 3726//3726 3879//3879
f 82//82 1206//1206 6680//6680
f 2117//2117 82//82 1743//1743
f 1931//1931 3982//3982 2117//2117
f 1931//1931 1924//1924 2109//2109
f 2473//2473 3982//3982 2109//2109
f 2304//2304 3983//3983 2473//2473
f 83//83 1935//1935 2473//2473
f 2304//2304 2297//2297 2466//2466
f 2831//2831 3983//3983 2466//2466
f 2650//2650 3984//3984 2831//2831
f 2650//2650 2644//2644 2824//2824
f 84//84 3984//3984 2824//2824
f 3030//3030 3985//3985 84//84
f 3030//3030 3024//3024 3220//3220
f 3608//3608 3985//3985 3220//3220
f 3410//3410 3986//3986 3608//3608
f 3410//3410 3401//3401 3602//3602
f 3970//3970 3986//3986 3602//3602
f 3799//3799 3987//3987 3970//3970
f 3799//3799 3794//3794 3965//3965
f 1104//1104 3987//3987 3965//3965
f 1288//1288 3988//3988 1104//1104
f 1288//1288 1283//1283 1100//1100
f 1487//1487 3988//3988 1100//1100
f 1654//1654 3989//3989 1487//1487
f 1654//1654 1647//1647 1481//1481
f 1856//1856 3989//3989 1481//1481
f 2024//2024 6828//6828 1856//1856
f 1862//1862 1659//1659 1856//1856
f 2024//2024 2019//2019 1852//1852
f 2029//2029 6828//6828 1852//1852
f 2379//2379 3990//3990 2029//2029
f 2379//2379 2373//2373 2224//2224
f 2559//2559 3990//3990 2224//2224
f 2743//2743 3991//3991 2559//2559
f 6946//6946 130//130 2559//2559
f 2743//2743 2738//2738 2553//2553
f 7314//7314 3992//3992 2553//2553
f 86//86 3991//3991 2553//2553
f 7314//7314 3118//3118 2938//2938
f 3324//3324 3992//3992 2938//2938
f 3508//3508 3325//3325 3324//3324
f 87//87 3126//3126 3324//3324
f 3880//3880 5648//5648 3318//3318
f 88//88 3511//3511 5648//5648
f 1384//1384 3994//3994 3993//3993
f 5838//5838 3884//3884 3993//3993
f 1573//1573 3994//3994 1203//1203
f 1745//1745 3995//3995 1573//1573
f 89//89 1389//1389 1573//1573
f 1745//1745 1736//1736 1569//1569
f 1937//1937 3995//3995 1569//1569
f 2111//2111 3996//3996 1937//1937
f 90//90 1750//1750 1937//1937
f 2111//2111 2106//2106 1932//1932
f 2309//2309 3996//3996 1932//1932
f 2467//2467 3997//3997 2309//2309
f 2467//2467 2462//2462 2305//2305
f 2655//2655 3997//3997 2305//2305
f 2825//2825 3998//3998 2655//2655
f 91//91 2474//2474 2655//2655
f 2825//2825 2821//2821 2651//2651
f 3034//3034 3998//3998 2651//2651
f 3221//3221 3999//3999 3034//3034
f 3221//3221 3217//3217 3031//3031
f 6207//6207 3999//3999 3031//3031
f 3603//3603 4000//4000 6207//6207
f 3603//3603 3598//3598 3412//3412
f 6208//6208 4000//4000 3412//3412
f 4001//4001 64//64 6901//6901
f 1298//1298 4001//4001 6901//6901
f 1101//1101 4002//4002 1298//1298
f 6209//6209 3972//3972 1298//1298
f 1101//1101 1092//1092 1289//1289
f 92//92 4002//4002 1289//1289
f 1483//1483 4003//4003 92//92
f 1483//1483 1474//1474 1655//1655
f 6768//6768 4003//4003 1655//1655
f 1854//1854 4004//4004 6768//6768
f 1854//1854 1846//1846 2025//2025
f 1857//1857 4004//4004 2025//2025
f 4005//4005 68//68 7226//7226
f 2748//2748 4005//4005 7226//7226
f 2555//2555 4006//4006 2748//2748
f 93//93 7173//7173 2748//2748
f 2555//2555 2547//2547 2744//2744
f 3128//3128 4006//4006 2744//2744
f 2940//2940 3129//3129 3128//3128
f 6314//6314 7154//7154 3128//3128
f 3509//3509 4009//4009 4008//4008
f 5843//5843 3326//3326 4008//4008
f 1390//1390 4009//4009 3881//3881
f 1204//1204 4010//4010 1390//1390
f 139//139 3727//3727 1390//1390
f 1204//1204 1198//1198 1386//1386
f 1751//1751 4010//4010 1386//1386
f 1570//1570 4011//4011 1751//1751
f 6210//6210 1209//1209 1751//1751
f 1570//1570 1564//1564 1747//1747
f 2119//2119 4011//4011 1747//1747
f 1933//1933 4012//4012 2119//2119
f 6905//6905 4013//4013 7077//7077
f 6211//6211 4012//4012 7077//7077
f 6905//6905 2300//2300 2469//2469
f 2833//2833 4013//4013 2469//2469
f 2652//2652 4014//4014 2833//2833
f 94//94 2311//2311 2833//2833
f 2652//2652 2646//2646 2827//2827
f 3227//3227 4014//4014 2827//2827
f 3032//3032 4015//4015 3227//3227
f 3032//3032 3026//3026 3223//3223
f 3609//3609 4015//4015 3223//3223
f 95//95 3036//3036 3609//3609
f 3413//3413 3404//3404 3605//3605
f 6987//6987 6852//6852 3605//3605
f 3801//3801 6615//6615 6987//6987
f 6079//6079 1310//1310 6615//6615
f 6738//6738 4047//4047 1485//1485
f 6799//6799 4016//4016 2560//2560
f 96//96 2383//2383 2560//2560
f 2943//2943 4016//4016 6858//6858
f 2933//2933 4017//4017 2943//2943
f 97//97 2749//2749 2943//2943
f 3327//3327 4017//4017 7216//7216
f 3510//3510 4018//4018 3327//3327
f 98//98 3130//3130 3327//3327
f 3510//3510 3315//3315 5800//5800
f 3728//3728 4018//4018 5800//5800
f 3882//3882 4019//4019 3728//3728
f 99//99 3516//3516 3728//3728
f 3882//3882 3719//3719 5801//5801
f 1211//1211 4019//4019 5801//5801
f 1387//1387 4020//4020 1211//1211
f 100//100 3887//3887 1211//1211
f 1387//1387 1201//1201 5802//5802
f 1576//1576 4020//4020 5802//5802
f 1748//1748 101//101 1576//1576
f 101//101 1392//1392 1576//1576
f 1748//1748 1566//1566 5803//5803
f 1939//1939 101//101 5803//5803
f 2114//2114 4021//4021 1939//1939
f 102//102 101//101 1939//1939
f 2114//2114 1928//1928 5804//5804
f 2312//2312 4021//4021 5804//5804
f 2470//2470 4022//4022 2312//2312
f 103//103 7322//7322 2312//2312
f 2470//2470 2302//2302 5805//5805
f 2657//2657 4022//4022 5805//5805
f 2829//2829 4023//4023 2657//2657
f 104//104 2475//2475 2657//2657
f 2829//2829 2648//2648 5806//5806
f 3038//3038 4023//4023 5806//5806
f 3224//3224 4024//4024 3038//3038
f 105//105 2834//2834 3038//3038
f 3224//3224 3028//3028 5807//5807
f 3417//3417 4024//4024 5807//5807
f 3606//3606 4025//4025 3417//3417
f 106//106 3228//3228 3417//3417
f 3606//3606 3407//3407 5808//5808
f 3805//3805 4025//4025 5808//5808
f 3968//3968 4026//4026 3805//3805
f 107//107 3611//3611 3805//3805
f 3968//3968 3797//3797 5809//5809
f 1299//1299 4026//4026 5809//5809
f 1103//1103 4027//4027 1299//1299
f 108//108 3945//3945 1299//1299
f 1103//1103 1286//1286 5810//5810
f 1633//1633 4027//4027 5810//5810
f 1486//1486 4028//4028 1633//1633
f 109//109 1109//1109 1633//1633
f 1486//1486 1652//1652 5811//5811
f 2031//2031 4028//4028 5811//5811
f 1855//1855 4029//4029 2031//2031
f 110//110 1457//1457 2031//2031
f 1855//1855 2022//2022 5812//5812
f 2362//2362 4029//4029 5812//5812
f 2227//2227 4030//4030 2362//2362
f 6212//6212 1859//1859 2362//2362
f 2227//2227 2377//2377 5813//5813
f 2751//2751 4030//4030 5813//5813
f 2557//2557 4031//4031 2751//2751
f 6213//6213 2200//2200 2751//2751
f 2557//2557 2741//2741 5814//5814
f 3100//3100 4031//4031 5814//5814
f 2942//2942 4032//4032 3100//3100
f 111//111 2561//2561 3100//3100
f 2942//2942 3121//3121 5815//5815
f 3518//3518 4032//4032 5815//5815
f 3322//3322 4033//4033 3518//3518
f 112//112 2908//2908 3518//3518
f 3322//3322 3505//3505 5816//5816
f 3860//3860 4033//4033 5816//5816
f 3725//3725 4034//4034 3860//3860
f 113//113 3328//3328 3860//3860
f 3725//3725 3877//3877 5817//5817
f 1393//1393 4034//4034 5817//5817
f 1205//1205 4035//4035 1393//1393
f 114//114 3699//3699 1393//1393
f 1205//1205 1382//1382 5818//5818
f 1722//1722 4035//4035 5818//5818
f 1571//1571 4036//4036 1722//1722
f 6085//6085 1213//1213 1722//1722
f 1571//1571 1741//1741 5819//5819
f 1550//1550 4036//4036 5819//5819
f 1934//1934 4037//4037 1550//1550
f 1934//1934 2108//2108 5820//5820
f 2446//2446 4037//4037 5820//5820
f 2306//2306 4038//4038 2446//2446
f 116//116 1940//1940 2446//2446
f 2306//2306 2464//2464 5821//5821
f 2835//2835 4038//4038 5821//5821
f 2653//2653 4039//4039 2835//2835
f 117//117 2283//2283 2835//2835
f 2653//2653 2823//2823 5822//5822
f 3200//3200 4039//4039 5822//5822
f 3033//3033 4040//4040 3200//3200
f 118//118 2659//2659 3200//3200
f 3033//3033 3219//3219 5823//5823
f 3612//3612 4040//4040 5823//5823
f 3414//3414 4041//4041 3612//3612
f 119//119 3007//3007 3612//3612
f 3414//3414 3601//3601 5824//5824
f 3946//3946 4041//4041 5824//5824
f 3803//3803 4042//4042 3946//3946
f 120//120 3419//3419 3946//3946
f 3803//3803 3963//3963 5825//5825
f 1111//1111 4042//4042 5825//5825
f 1295//1295 4043//4043 1111//1111
f 121//121 3781//3781 1111//1111
f 1295//1295 1099//1099 5826//5826
f 1458//1458 4043//4043 5826//5826
f 1657//1657 4044//4044 1458//1458
f 122//122 1301//1301 1458//1458
f 1657//1657 1478//1478 5827//5827
f 1860//1860 4044//4044 5827//5827
f 2027//2027 4045//4045 1860//1860
f 123//123 1634//1634 1860//1860
f 2027//2027 1850//1850 5828//5828
f 2202//2202 4045//4045 5828//5828
f 2381//2381 4046//4046 2202//2202
f 2205//2205 2032//2032 2202//2202
f 2381//2381 2222//2222 5829//5829
f 2562//2562 4046//4046 5829//5829
f 2745//2745 6756//6756 2562//2562
f 124//124 2364//2364 2562//2562
f 2745//2745 2550//2550 5830//5830
f 2909//2909 6756//6756 5830//5830
f 3123//3123 2910//2910 2909//2909
f 2910//2910 3103//3103 2909//2909
f 125//125 1394//1394 82//82
f 126//126 2654//2654 6548//6548
f 85//85 6123//6123 2029//2029
f 131//131 86//86 2912//2912
f 132//132 3331//3331 3511//3511
f 132//132 88//88 3702//3702
f 134//134 89//89 6080//6080
f 135//135 90//90 5858//5858
f 2125//2125 2118//2118 5839//5839
f 136//136 92//92 1635//1635
f 6707//6707 6761//6761 6310//6310
f 137//137 1857//1857 7173//7173
f 6738//6738 2033//2033 4047//4047
f 142//142 4048//4048 96//96
f 142//142 96//96 2566//2566
f 143//143 97//97 2915//2915
f 144//144 98//98 3334//3334
f 145//145 99//99 3705//3705
f 146//146 100//100 1218//1218
f 147//147 101//101 5662//5662
f 103//103 6125//6125 7322//7322
f 148//148 104//104 2664//2664
f 149//149 105//105 3010//3010
f 150//150 106//106 3423//3423
f 151//151 107//107 3784//3784
f 152//152 108//108 1305//1305
f 153//153 109//109 6081//6081
f 154//154 110//110 5847//5847
f 155//155 6212//6212 5848//5848
f 6250//6250 6213//6213 5849//5849
f 6126//6126 111//111 6129//6129
f 156//156 112//112 6082//6082
f 157//157 113//113 6083//6083
f 158//158 114//114 6084//6084
f 160//160 115//115 6086//6086
f 161//161 116//116 6087//6087
f 162//162 117//117 2841//2841
f 163//163 118//118 3205//3205
f 164//164 119//119 3616//3616
f 165//165 120//120 3950//3950
f 166//166 121//121 1118//1118
f 167//167 122//122 1462//1462
f 168//168 123//123 1866//1866
f 2909//2909 3103//3103 2753//2753
f 6529//6529 1219//1219 125//125
f 201//201 1554//1554 5852//5852
f 202//202 3011//3011 5855//5855
f 203//203 3424//3424 5856//5856
f 6371//6371 3785//3785 5857//5857
f 6312//6312 6342//6342 5650//5650
f 170//170 2036//2036 6123//6123
f 172//172 2755//2755 131//131
f 173//173 3105//3105 6128//6128
f 174//174 3521//3521 132//132
f 175//175 3862//3862 133//133
f 6048//6048 6978//6978 134//134
f 1302//1302 1120//1120 1310//1310
f 1464//1464 1122//1122 7298//7298
f 178//178 2756//2756 143//143
f 179//179 3108//3108 144//144
f 180//180 5659//5659 145//145
f 181//181 3865//3865 146//146
f 182//182 1399//1399 147//147
f 183//183 7001//7001 6125//6125
f 184//184 2453//2453 148//148
f 185//185 2845//2845 149//149
f 186//186 3209//3209 150//150
f 187//187 3620//3620 151//151
f 188//188 3954//3954 152//152
f 189//189 1124//1124 153//153
f 225//225 1869//1869 5870//5870
f 226//226 2210//2210 6551//6551
f 193//193 2673//2673 163//163
f 194//194 3018//3018 164//164
f 195//195 3427//3427 165//165
f 196//196 3788//3788 166//166
f 197//197 1311//1311 167//167
f 198//198 1641//1641 168//168
f 199//199 2039//2039 169//169
f 6088//6088 5674//5674 5850//5850
f 5850//5850 6676//6676 6088//6088
f 3526//3526 6088//6088 6676//6676
f 1216//1216 5992//5992 4049//4049
f 6880//6880 1872//1872 170//170
f 6880//6880 170//170 6859//6859
f 2366//2366 171//171 5651//5651
f 204//204 172//172 5652//5652
f 205//205 173//173 5653//5653
f 206//206 174//174 5654//5654
f 247//247 175//175 7079//7079
f 1302//1302 1121//1121 1120//1120
f 212//212 1314//1314 1464//1464
f 212//212 1464//1464 1642//1642
f 213//213 178//178 5658//5658
f 214//214 179//179 5659//5659
f 215//215 180//180 3849//3849
f 216//216 181//181 5660//5660
f 217//217 182//182 5661//5661
f 219//219 183//183 2453//2453
f 220//220 185//185 5664//5664
f 221//221 186//186 7056//7056
f 222//222 187//187 5665//5665
f 223//223 188//188 5666//5666
f 265//265 189//189 6829//6829
f 5874//5874 192//192 5667//5667
f 7255//7255 193//193 5668//5668
f 232//232 194//194 5669//5669
f 233//233 195//195 5670//5670
f 234//234 196//196 5671//5671
f 235//235 197//197 7363//7363
f 236//236 198//198 5672//5672
f 5871//5871 199//199 2185//2185
f 237//237 5678//5678 5674//5674
f 3710//3710 3846//3846 6692//6692
f 6052//6052 6312//6312 5676//5676
f 2351//2351 2366//2366 5651//5651
f 246//246 2580//2580 204//204
f 246//246 204//204 5652//5652
f 4071//4071 7121//7121 205//205
f 4071//4071 205//205 5653//5653
f 252//252 5863//5863 5994//5994
f 6214//6214 1867//1867 5995//5995
f 254//254 5865//5865 6316//6316
f 211//211 5873//5873 6050//6050
f 284//284 1132//1132 212//212
f 6556//6556 5681//5681 1642//1642
f 284//284 212//212 4066//4066
f 6556//6556 1875//1875 1997//1997
f 261//261 2353//2353 7141//7141
f 261//261 7141//7141 5657//5657
f 4078//4078 2763//2763 213//213
f 4078//4078 213//213 5658//5658
f 3482//3482 6891//6891 214//214
f 3482//3482 214//214 5659//5659
f 4079//4079 215//215 3849//3849
f 4080//4080 216//216 5660//5660
f 262//262 1409//1409 217//217
f 262//262 217//217 5661//5661
f 7008//7008 1764//1764 218//218
f 264//264 6734//6734 6691//6691
f 4083//4083 6818//6818 220//220
f 4083//4083 220//220 5664//5664
f 3576//3576 222//222 5665//5665
f 6950//6950 3933//3933 223//223
f 6950//6950 223//223 5666//5666
f 6054//6054 6550//6550 3112//3112
f 269//269 228//228 1407//1407
f 270//270 229//229 1732//1732
f 272//272 3048//3048 232//232
f 272//272 232//232 5669//5669
f 273//273 3379//3379 233//233
f 273//273 233//233 5670//5670
f 274//274 3774//3774 234//234
f 274//274 234//234 5671//5671
f 275//275 1321//1321 235//235
f 275//275 235//235 7363//7363
f 276//276 1674//1674 236//236
f 276//276 236//236 5672//5672
f 277//277 2000//2000 5871//5871
f 277//277 5871//5871 2185//2185
f 278//278 2356//2356 200//200
f 3846//3846 289//289 3484//3484
f 4102//4102 1766//1766 238//238
f 4102//4102 238//238 6325//6325
f 4103//4103 2275//2275 239//239
f 4103//4103 239//239 2675//2675
f 280//280 2855//2855 240//240
f 280//280 240//240 6281//6281
f 281//281 7237//7237 242//242
f 281//281 242//242 6283//6283
f 282//282 3934//3934 243//243
f 282//282 243//243 6284//6284
f 4106//4106 1498//1498 6052//6052
f 246//246 4070//4070 2580//2580
f 247//247 4072//4072 3848//3848
f 283//283 6505//6505 2439//2439
f 4057//4057 252//252 1130//1130
f 4058//4058 6214//6214 2187//2187
f 4061//4061 6410//6410 3291//3291
f 4062//4062 254//254 3683//3683
f 211//211 1313//1313 5873//5873
f 284//284 4075//4075 1132//1132
f 5681//5681 2003//2003 4066//4066
f 261//261 4077//4077 2353//2353
f 262//262 4081//4081 1409//1409
f 7081//7081 6053//6053 4067//4067
f 265//265 4085//4085 1134//1134
f 287//287 6055//6055 267//267
f 269//269 4088//4088 3685//3685
f 270//270 4089//4089 1229//1229
f 6853//6853 4090//4090 1588//1588
f 231//231 4091//4091 1905//1905
f 5667//5667 7078//7078 5874//5874
f 272//272 4093//4093 3048//3048
f 273//273 4094//4094 3379//3379
f 274//274 4095//4095 3774//3774
f 275//275 4096//4096 1321//1321
f 278//278 4097//4097 2356//2356
f 2956//2956 6585//6585 5999//5999
f 6000//6000 288//288 3150//3150
f 288//288 6000//6000 6148//6148
f 289//289 316//316 6148//6148
f 4101//4101 317//317 4099//4099
f 6340//6340 2275//2275 7354//7354
f 280//280 321//321 2855//2855
f 281//281 4105//4105 7237//7237
f 282//282 6892//6892 3934//3934
f 290//290 2351//2351 2580//2580
f 291//291 4070//4070 2958//2958
f 4056//4056 4109//4109 3051//3051
f 6355//6355 4110//4110 3380//3380
f 4057//4057 4111//4111 7158//7158
f 4058//4058 4112//4112 2002//2002
f 4061//4061 4115//4115 3151//3151
f 6285//6285 4117//4117 3852//3852
f 4063//4063 4118//4118 1411//1411
f 4065//4065 6133//6133 3578//3578
f 2003//2003 1825//1825 1503//1503
f 295//295 284//284 1503//1503
f 2003//2003 1822//1822 4076//4076
f 296//296 4076//4076 5682//5682
f 4077//4077 5875//5875 5682//5682
f 297//297 4077//4077 2583//2583
f 7289//7289 4078//4078 2960//2960
f 298//298 6935//6935 2960//2960
f 299//299 3488//3488 7271//7271
f 299//299 4079//4079 3688//3688
f 300//300 3856//3856 3688//3688
f 4081//4081 1412//1412 300//300
f 301//301 264//264 2680//2680
f 302//302 4083//4083 3053//3053
f 303//303 3239//3239 3381//3381
f 6951//6951 4085//4085 1676//1676
f 4086//4086 2955//2955 6519//6519
f 4087//4087 268//268 3685//3685
f 4088//4088 269//269 1229//1229
f 4089//4089 270//270 1588//1588
f 4090//4090 6853//6853 1905//1905
f 4091//4091 231//231 2271//2271
f 6382//6382 7078//7078 271//271
f 309//309 4092//4092 3245//3245
f 310//310 4093//4093 3582//3582
f 311//311 4094//4094 3938//3938
f 312//312 4095//4095 1139//1139
f 313//313 4096//4096 1500//1500
f 314//314 2000//2000 2361//2361
f 315//315 4097//4097 2768//2768
f 3697//3697 2948//2948 288//288
f 316//316 289//289 3690//3690
f 4101//4101 279//279 1766//1766
f 319//319 2091//2091 7364//7364
f 4103//4103 7080//7080 2275//2275
f 290//290 4135//4135 2358//2358
f 291//291 7022//7022 2589//2589
f 323//323 4107//4107 2089//2089
f 324//324 2430//2430 4108//4108
f 4109//4109 4056//4056 3380//3380
f 4111//4111 4057//4057 1323//1323
f 4112//4112 4058//4058 2357//2357
f 4115//4115 4061//4061 3485//3485
f 4117//4117 6285//6285 1411//1411
f 4118//4118 4063//4063 1768//1768
f 4209//4209 4120//4120 1332//1332
f 1825//1825 4076//4076 1832//1832
f 4169//4169 2590//2590 4122//4122
f 4170//4170 2945//2945 4123//4123
f 4171//4171 3301//3301 4124//4124
f 4172//4172 3671//3671 4125//4125
f 301//301 4145//4145 2445//2445
f 302//302 4146//4146 2861//2861
f 303//303 4147//4147 3248//3248
f 304//304 4148//4148 3585//3585
f 333//333 4128//4128 6144//6144
f 287//287 6346//6346 6055//6055
f 7122//7122 309//309 3058//3058
f 5687//5687 310//310 3386//3386
f 364//364 311//311 3779//3779
f 338//338 312//312 1331//1331
f 1834//1834 6959//6959 6882//6882
f 317//317 1766//1766 2098//2098
f 318//318 5610//5610 2098//2098
f 4192//4192 1916//1916 4133//4133
f 6892//6892 4156//4156 3925//3925
f 4196//4196 1662//1662 6298//6298
f 4196//4196 6298//6298 2008//2008
f 346//346 4135//4135 2589//2589
f 4136//4136 294//294 1231//1231
f 4137//4137 6403//6403 6539//6539
f 6151//6151 6385//6385 1910//1910
f 1332//1332 295//295 1491//1491
f 2011//2011 4143//4143 1832//1832
f 4121//4121 2345//2345 4168//4168
f 4127//4127 4174//4174 1578//1578
f 355//355 4144//4144 2263//2263
f 356//356 4145//4145 2688//2688
f 357//357 4146//4146 3039//3039
f 4147//4147 303//303 3585//3585
f 4148//4148 304//304 3942//3942
f 334//334 4176//4176 2007//2007
f 361//361 1417//1417 308//308
f 363//363 336//336 2433//2433
f 4182//4182 2869//2869 2867//2867
f 4224//4224 4188//4188 341//341
f 3497//3497 367//367 6598//6598
f 6594//6594 3673//3673 3844//3844
f 1919//1919 1759//1759 1579//1579
f 343//343 2434//2434 2264//2264
f 369//369 4155//4155 3763//3763
f 371//371 4157//4157 4158//4158
f 374//374 3928//3928 4160//4160
f 375//375 1153//1153 4161//4161
f 4161//4161 6135//6135 6056//6056
f 377//377 3454//3454 4164//4164
f 378//378 3677//3677 4165//4165
f 4164//4164 328//328 3674//3674
f 379//379 1241//1241 351//351
f 4165//4165 329//329 1240//1240
f 379//379 351//351 1583//1583
f 381//381 2504//2504 2265//2265
f 1491//1491 1666//1666 4167//4167
f 354//354 4143//4143 1839//1839
f 382//382 354//354 1839//1839
f 385//385 4170//4170 3495//3495
f 386//386 4171//4171 3842//3842
f 387//387 4172//4172 1415//1415
f 388//388 4173//4173 1757//1757
f 4175//4175 333//333 2007//2007
f 392//392 2183//2183 4177//4177
f 4176//4176 334//334 2346//2346
f 393//393 2695//2695 4178//4178
f 394//394 2954//2954 5879//5879
f 395//395 3680//3680 4180//4180
f 361//361 1243//1243 1417//1417
f 4180//4180 6239//6239 1417//1417
f 362//362 1585//1585 1754//1754
f 396//396 2266//2266 4181//4181
f 397//397 2869//2869 4182//4182
f 4181//4181 337//337 2867//2867
f 397//397 4182//4182 4183//4183
f 398//398 3043//3043 4184//4184
f 6762//6762 5688//5688 2882//2882
f 400//400 4190//4190 6762//6762
f 6598//6598 367//367 3681//3681
f 4195//4195 344//344 1662//1662
f 402//402 4196//4196 2014//2014
f 404//404 4197//4197 6413//6413
f 407//407 4198//4198 1761//1761
f 372//372 4233//4233 2435//2435
f 374//374 3754//3754 3928//3928
f 375//375 1342//1342 1153//1153
f 409//409 2064//2064 4200//4200
f 410//410 2258//2258 4201//4201
f 376//376 3065//3065 2950//2950
f 378//378 3832//3832 3677//3677
f 379//379 1421//1421 1241//1241
f 412//412 1778//1778 4202//4202
f 413//413 2149//2149 4203//4203
f 4202//4202 6151//6151 1921//1921
f 413//413 4203//4203 4204//4204
f 6058//6058 4205//4205 4207//4207
f 1666//1666 1514//1514 1155//1155
f 382//382 1839//1839 5692//5692
f 416//416 382//382 5692//5692
f 417//417 2420//2420 2182//2182
f 417//417 4211//4211 2595//2595
f 384//384 4244//4244 2595//2595
f 385//385 4245//4245 2952//2952
f 386//386 5983//5983 3305//3305
f 418//418 4212//4212 2505//2505
f 419//419 4213//4213 2776//2776
f 420//420 4214//4214 6152//6152
f 4278//4278 4216//4216 1515//1515
f 392//392 2422//2422 2183//2183
f 394//394 3068//3068 2954//2954
f 395//395 3834//3834 3680//3680
f 421//421 1422//1422 4217//4217
f 422//422 1779//1779 4218//4218
f 4217//4217 361//361 1585//1585
f 423//423 2151//2151 4219//4219
f 4218//4218 362//362 1922//1922
f 396//396 2506//2506 2266//2266
f 4219//4219 363//363 2266//2266
f 397//397 2777//2777 2869//2869
f 4224//4224 4189//4189 4226//4226
f 6598//6598 3681//3681 3835//3835
f 426//426 6598//6598 3835//3835
f 428//428 4232//4232 3915//3915
f 430//430 6685//6685 4233//4233
f 5700//5700 2778//2778 4234//4234
f 431//431 3172//3172 4235//4235
f 432//432 3553//3553 4236//4236
f 433//433 3916//3916 4237//4237
f 434//434 1159//1159 4238//4238
f 409//409 1889//1889 2064//2064
f 411//411 2515//2515 2692//2692
f 435//435 3277//3277 4239//4239
f 436//436 3658//3658 4240//4240
f 4239//4239 377//377 3832//3832
f 437//437 1247//1247 4241//4241
f 4240//4240 378//378 1421//1421
f 412//412 1613//1613 1778//1778
f 4241//4241 379//379 1778//1778
f 413//413 1976//1976 2149//2149
f 1514//1514 4271//4271 1343//1343
f 439//439 416//416 2066//2066
f 4244//4244 384//384 2952//2952
f 4245//4245 385//385 3305//3305
f 444//444 4246//4246 5694//5694
f 445//445 5696//5696 1977//1977
f 446//446 4248//4248 2068//2068
f 4279//4279 2259//2259 4250//4250
f 448//448 2516//2516 4251//4251
f 449//449 394//394 3458//3458
f 4281//4281 3661//3661 4253//4253
f 421//421 1248//1248 1422//1422
f 422//422 1614//1614 1779//1779
f 423//423 1978//1978 2151//2151
f 450//450 2338//2338 4254//4254
f 451//451 2601//2601 4255//4255
f 4254//4254 396//396 2777//2777
f 452//452 2982//2982 4256//4256
f 4255//4255 397//397 3171//3171
f 4256//4256 398//398 3551//3551
f 4220//4220 4222//4222 6286//6286
f 426//426 3835//3835 3663//3663
f 2072//2072 457//457 1888//1888
f 406//406 4295//4295 4263//4263
f 5699//5699 7143//7143 6906//6906
f 459//459 2603//2603 5700//5700
f 458//458 430//430 2603//2603
f 4297//4297 2983//2983 431//431
f 3758//3758 6005//6005 432//432
f 7057//7057 434//434 1700//1700
f 462//462 2698//2698 4266//4266
f 435//435 3463//3463 3277//3277
f 436//436 3838//3838 3658//3658
f 437//437 1425//1425 1247//1247
f 464//464 2157//2157 4268//4268
f 4267//4267 412//412 1976//1976
f 4268//4268 413//413 7024//7024
f 467//467 3176//3176 4269//4269
f 467//467 4269//4269 4301//4301
f 468//468 4271//4271 1701//1701
f 4305//4305 4274//4274 6097//6097
f 471//471 447//447 7330//7330
f 4309//4309 3465//3465 4280//4280
f 1251//1251 3839//3839 4281//4281
f 473//473 5941//5941 1978//1978
f 450//450 2512//2512 2338//2338
f 451//451 2786//2786 2601//2601
f 452//452 3177//3177 2982//2982
f 6286//6286 3921//3921 6299//6299
f 453//453 1162//1162 4222//4222
f 1684//1684 1524//1524 4284//4284
f 474//474 1893//1893 4286//4286
f 4284//4284 1697//1697 2070//2070
f 475//475 2261//2261 4287//4287
f 454//454 2518//2518 6536//6536
f 4287//4287 425//425 6536//6536
f 476//476 3460//3460 4258//4258
f 4258//4258 426//426 3663//3663
f 5697//5697 6008//6008 1345//1345
f 478//478 4262//4262 5883//5883
f 3461//3461 5698//5698 5703//5703
f 480//480 7058//7058 2156//2156
f 7267//7267 458//458 2787//2787
f 4348//4348 2521//2521 462//462
f 482//482 435//435 3838//3838
f 6337//6337 436//436 1425//1425
f 463//463 1619//1619 1783//1783
f 464//464 2165//2165 2157//2157
f 466//466 2607//2607 2785//2785
f 467//467 2985//2985 3176//3176
f 485//485 6648//6648 3746//3746
f 508//508 471//471 2412//2412
f 487//487 3061//3061 3076//3076
f 4308//4308 448//448 3076//3076
f 515//515 2329//2329 4310//4310
f 4336//4336 2609//2609 4311//4311
f 516//516 3372//3372 4312//4312
f 488//488 3747//3747 4313//4313
f 7227//7227 1348//1348 7165//7165
f 475//475 2410//2410 2261//2261
f 489//489 3280//3280 3467//3467
f 477//477 4339//4339 2610//2610
f 492//492 4292//4292 2075//2075
f 495//495 479//479 2890//2890
f 4343//4343 4296//4296 1773//1773
f 1987//1987 7335//7335 480//480
f 496//496 480//480 2330//2330
f 4347//4347 7055//7055 4321//4321
f 503//503 4329//4329 4330//4330
f 504//504 4306//4306 2967//2967
f 507//507 4332//4332 7332//7332
f 4308//4308 3061//3061 4333//4333
f 487//487 3472//3472 4334//4334
f 4309//4309 3827//3827 510//510
f 1251//1251 1433//1433 4335//4335
f 514//514 6677//6677 2334//2334
f 4368//4368 1167//1167 7227//7227
f 517//517 488//488 1167//1167
f 519//519 2252//2252 4338//4338
f 489//489 5708//5708 3280//3280
f 489//489 6739//6739 6407//6407
f 1252//1252 3655//3655 6407//6407
f 2790//2790 2612//2612 7305//7305
f 525//525 6153//6153 4341//4341
f 3468//3468 7328//7328 3822//3822
f 528//528 496//496 5889//5889
f 6287//6287 2970//2970 4344//4344
f 4320//4320 3909//3909 531//531
f 4348//4348 2877//2877 2706//2706
f 1988//1988 6668//6668 2164//2164
f 535//535 1989//1989 498//498
f 2799//2799 7355//7355 499//499
f 4349//4349 3761//3761 4350//4350
f 4375//4375 6867//6867 6138//6138
f 538//538 4354//4354 1431//1431
f 3471//3471 3286//3286 3430//3430
f 510//510 3654//3654 4360//4360
f 511//511 1257//1257 1436//1436
f 543//543 4361//4361 4385//4385
f 4362//4362 513//513 5612//5612
f 514//514 2334//2334 2484//2484
f 515//515 2614//2614 4363//4363
f 4336//4336 2974//2974 4365//4365
f 516//516 4366//4366 4337//4337
f 3188//3188 2974//2974 4364//4364
f 517//517 1353//1353 5712//5712
f 7159//7159 1174//1174 4368//4368
f 3828//3828 4388//4388 6218//6218
f 1986//1986 2170//2170 7123//7123
f 550//550 522//522 3908//3908
f 7286//7286 551//551 1169//1169
f 553//553 524//524 7217//7217
f 6438//6438 2241//2241 2254//2254
f 530//530 2975//2975 6101//6101
f 6061//6061 7272//7272 1543//1543
f 2877//2877 3063//3063 5614//5614
f 5716//5716 2877//2877 5614//5614
f 2172//2172 4373//4373 1988//1988
f 1434//1434 534//534 6693//6693
f 558//558 4374//4374 535//535
f 5710//5710 4351//4351 6625//6625
f 4399//4399 4351//4351 5713//5713
f 1510//1510 1511//1511 5711//5711
f 7341//7341 2881//2881 2527//2527
f 562//562 7256//7256 3284//3284
f 564//564 4378//4378 4379//4379
f 4380//4380 4448//4448 1178//1178
f 7290//7290 3089//3089 7084//7084
f 4383//4383 4409//4409 509//509
f 542//542 3814//3814 3644//3644
f 511//511 1436//1436 4384//4384
f 544//544 2131//2131 1953//1953
f 514//514 2484//2484 4386//4386
f 545//545 6499//6499 2621//2621
f 7159//7159 1715//1715 6220//6220
f 1353//1353 1174//1174 6220//6220
f 4387//4387 2251//2251 2416//2416
f 3474//3474 6100//6100 3431//3431
f 3828//3828 3655//3655 7059//7059
f 567//567 546//546 1437//1437
f 4391//4391 1357//1357 4425//4425
f 2079//2079 4393//4393 4457//4457
f 1442//1442 4458//4458 1263//1263
f 4395//4395 1799//1799 1442//1442
f 556//556 2801//2801 2624//2624
f 4397//4397 2529//2529 7016//7016
f 3093//3093 4433//4433 6423//6423
f 4401//4401 6744//6744 2050//2050
f 538//538 1256//1256 1800//1800
f 5618//5618 1439//1439 1800//1800
f 4406//4406 3191//3191 2807//2807
f 4448//4448 4380//4380 1359//1359
f 568//568 6472//6472 4382//4382
f 542//542 3643//3643 3256//3256
f 542//542 3644//3644 3643//3643
f 2493//2493 2137//2137 1953//1953
f 5619//5619 2320//2320 2494//2494
f 567//567 1437//1437 1802//1802
f 1437//1437 4416//4416 1802//1802
f 1803//1803 1262//1262 1802//1802
f 2132//2132 4416//4416 4417//4417
f 2170//2170 4418//4418 4417//4417
f 2133//2133 1630//1630 2132//2132
f 2488//2488 4418//4418 4419//4419
f 547//547 4420//4420 4419//4419
f 2489//2489 1954//1954 2488//2488
f 2797//2797 4422//4422 4421//4421
f 2804//2804 2321//2321 2803//2803
f 548//548 4424//4424 4423//4423
f 548//548 3189//3189 4424//4424
f 4389//4389 5616//5616 3528//3528
f 5617//5617 4390//4390 4425//4425
f 2043//2043 1546//1546 1876//1876
f 2395//2395 4393//4393 2531//2531
f 2241//2241 6438//6438 2531//2531
f 2532//2532 4426//4426 2531//2531
f 3090//3090 2901//2901 2905//2905
f 554//554 5719//5719 4394//4394
f 1628//1628 1956//1956 4428//4428
f 1434//1434 6366//6366 1260//1260
f 2172//2172 4438//4438 5949//5949
f 558//558 4439//4439 4437//4437
f 2799//2799 7348//7348 7355//7355
f 559//559 4442//4442 7348//7348
f 560//560 4443//4443 4441//4441
f 6744//6744 4401//4401 6659//6659
f 6448//6448 562//562 6463//6463
f 5618//5618 4403//4403 1807//1807
f 3191//3191 4406//4406 4469//4469
f 1713//1713 1720//1720 1719//1719
f 3089//3089 3094//3094 2722//2722
f 3429//3429 3439//3439 4449//4449
f 3643//3643 7320//7320 3440//3440
f 5891//5891 2137//2137 1629//1629
f 1441//1441 3819//3819 1266//1266
f 571//571 1445//1445 1262//1262
f 571//571 1803//1803 1630//1630
f 572//572 1809//1809 4454//4454
f 572//572 4454//4454 1961//1961
f 573//573 1961//1961 1954//1954
f 574//574 2495//2495 5620//5620
f 2804//2804 2622//2622 2808//2808
f 7232//7232 4455//4455 4456//4456
f 3349//3349 4456//4456 3000//3000
f 3744//3744 5621//5621 3532//3532
f 1544//1544 4481//4481 5895//5895
f 2043//2043 4457//4457 2404//2404
f 2405//2405 6523//6523 2404//2404
f 3432//3432 3266//3266 2905//2905
f 3820//3820 3260//3260 4427//4427
f 1446//1446 3646//3646 3817//3817
f 2138//2138 1786//1786 4428//4428
f 7198//7198 1182//1182 6321//6321
f 577//577 3262//3262 3647//3647
f 3436//3436 3647//3647 3262//3262
f 577//577 3647//3647 4488//4488
f 578//578 4463//4463 4491//4491
f 579//579 4464//4464 2141//2141
f 580//580 2490//2490 2326//2326
f 581//581 4465//4465 2814//2814
f 582//582 3193//3193 3003//3003
f 583//583 3529//3529 3351//3351
f 5717//5717 1364//1364 7157//7157
f 3815//3815 7369//7369 3649//3649
f 5618//5618 1807//1807 7060//7060
f 7061//7061 4501//4501 2811//2811
f 1362//1362 1185//1185 1184//1184
f 4560//4560 1184//1184 1185//1185
f 1720//1720 1548//1548 5894//5894
f 1720//1720 6916//6916 1548//1548
f 6916//6916 6157//6157 1548//1548
f 3439//3439 3263//3263 2907//2907
f 4470//4470 2907//2907 3098//3098
f 3263//3263 3264//3264 3443//3443
f 2999//2999 3005//3005 5718//5718
f 3346//3346 3352//3352 4451//4451
f 2046//2046 1879//1879 2054//2054
f 2396//2396 2386//2386 2385//2385
f 586//586 3265//3265 4476//4476
f 586//586 4476//4476 4477//4477
f 3808//3808 4477//4477 4478//4478
f 572//572 6158//6158 1809//1809
f 7249//7249 6063//6063 2495//2495
f 574//574 7249//7249 2495//2495
f 574//574 5620//5620 3181//3181
f 7232//7232 2630//2630 3181//3181
f 6947//6947 2986//2986 4479//4479
f 3353//3353 4479//4479 3532//3532
f 1544//1544 1546//1546 4481//4481
f 2405//2405 4426//4426 6404//6404
f 2138//2138 2134//2134 1963//1963
f 4517//4517 1963//1963 6476//6476
f 4430//4430 2987//2987 2809//2809
f 6476//6476 2631//2631 6102//6102
f 3533//3533 3354//3354 2988//2988
f 1182//1182 1367//1367 3730//3730
f 2048//2048 4485//4485 4461//4461
f 4554//4554 4493//4493 3544//3544
f 4467//4467 585//585 4497//4497
f 6750//6750 2059//2059 1880//1880
f 3442//3442 6378//6378 4499//4499
f 4468//4468 4447//4447 1271//1271
f 3534//3534 3531//3531 3355//3355
f 4503//4503 1189//1189 1180//1180
f 594//594 2539//2539 3098//3098
f 1269//1269 1790//1790 4472//4472
f 4505//4505 4472//4472 1790//1790
f 1632//1632 1791//1791 1790//1790
f 1791//1791 1272//1272 1790//1790
f 6243//6243 1621//1621 5724//5724
f 2628//2628 2629//2629 4506//4506
f 3005//3005 5985//5985 3185//3185
f 2385//2385 2231//2231 1882//1882
f 597//597 2389//2389 2231//2231
f 598//598 3083//3083 4510//4510
f 3448//3448 4510//4510 3265//3265
f 586//586 3448//3448 3265//3265
f 6063//6063 6800//6800 1961//1961
f 6947//6947 4513//4513 2986//2986
f 3731//3731 3539//3539 3353//3353
f 3267//3267 3260//3260 3449//3449
f 1620//1620 6159//6159 1450//1450
f 2987//2987 3186//3186 2632//2632
f 3354//3354 3540//3540 3187//3187
f 1367//1367 1186//1186 3890//3890
f 1705//1705 1530//1530 1187//1187
f 2538//2538 4525//4525 6016//6016
f 4499//4499 3450//3450 4526//4526
f 5622//5622 1793//1793 4527//4527
f 2480//2480 2144//2144 591//591
f 1369//1369 1188//1188 4560//4560
f 3973//3973 3085//3085 595//595
f 2477//2477 2314//2314 4537//4537
f 3185//3185 2989//2989 4538//4538
f 3538//3538 4539//4539 6909//6909
f 1711//1711 1190//1190 1370//1370
f 2060//2060 1534//1534 1708//1708
f 2541//2541 2391//2391 4542//4542
f 598//598 2898//2898 3083//3083
f 604//604 4511//4511 6015//6015
f 605//605 7210//7210 4512//4512
f 3731//3731 4610//4610 3539//3539
f 1191//1191 4582//4582 7340//7340
f 607//607 2731//2731 599//599
f 1278//1278 1273//1273 1626//1626
f 3540//3540 3359//3359 2993//2993
f 4547//4547 2993//2993 3974//3974
f 4520//4520 2062//2062 1884//1884
f 3081//3081 7085//7085 2733//2733
f 610//610 4554//4554 3312//3312
f 611//611 4556//4556 2460//2460
f 4530//4530 3361//3361 2995//2995
f 603//603 3973//3973 3451//3451
f 617//617 3274//3274 603//603
f 2817//2817 2319//2319 2481//2481
f 620//620 3736//3736 4569//4569
f 622//622 4572//4572 4573//4573
f 623//623 4574//4574 4575//4575
f 624//624 2735//2735 4576//4576
f 625//625 3087//3087 4577//4577
f 626//626 3453//3453 4578//4578
f 627//627 3813//3813 4579//4579
f 604//604 1798//1798 4511//4511
f 628//628 2147//2147 1967//1967
f 606//606 2818//2818 2638//2638
f 1199//1199 4582//4582 4583//4583
f 3359//3359 5903//5903 3974//3974
f 1712//1712 1733//1733 4548//4548
f 5732//5732 3023//3023 7356//7356
f 6367//6367 7356//7356 3452//3452
f 633//633 4552//4552 2378//2378
f 634//634 6161//6161 3507//3507
f 3607//3607 4597//4597 3798//3798
f 2390//2390 2298//2298 6601//6601
f 639//639 2461//2461 616//616
f 643//643 3502//3502 4605//4605
f 620//620 3722//3722 3736//3736
f 621//621 1197//1197 4570//4570
f 622//622 1563//1563 4572//4572
f 623//623 1925//1925 4574//4574
f 644//644 2299//2299 4606//4606
f 624//624 2645//2645 2735//2735
f 625//625 3025//3025 3087//3087
f 626//626 3402//3402 3453//3453
f 627//627 3795//3795 3813//3813
f 6715//6715 1093//1093 1456//1456
f 1656//1656 1475//1475 4607//4607
f 645//645 4611//4611 5733//5733
f 6931//6931 4587//4587 4615//4615
f 3405//3405 3399//3399 5902//5902
f 608//608 1096//1096 5902//5902
f 646//646 2375//2375 7238//7238
f 648//648 3875//3875 4618//4618
f 1739//1739 4661//4661 648//648
f 3408//3408 5732//5732 4621//4621
f 5901//5901 4623//4623 4622//4622
f 651//651 633//633 6020//6020
f 652//652 4624//4624 2558//2558
f 655//655 4626//4626 2472//2472
f 656//656 2472//2472 7336//7336
f 6274//6274 4627//4627 6162//6162
f 657//657 4628//4628 3607//3607
f 6103//6103 6486//6486 638//638
f 6601//6601 2298//2298 2110//2110
f 640//640 3975//3975 3274//3274
f 662//662 3411//3411 640//640
f 663//663 7191//7191 6671//6671
f 3319//3319 2939//2939 3502//3502
f 643//643 3319//3319 3502//3502
f 3885//3885 3722//3722 4642//4642
f 664//664 1385//1385 4643//4643
f 665//665 1746//1746 4644//4644
f 666//666 2112//2112 4645//4645
f 644//644 2468//2468 2299//2299
f 4684//4684 2826//2826 4646//4646
f 4685//4685 3222//3222 4647//4647
f 4686//4686 3604//3604 4648//4648
f 4687//4687 3967//3967 4649//4649
f 667//667 1290//1290 4650//4650
f 2556//2556 2818//2818 6245//6245
f 2941//2941 4609//4609 4652//4652
f 668//668 4652//4652 3515//3515
f 3333//3333 4653//4653 3886//3886
f 2121//2121 6934//6934 6941//6941
f 5902//5902 4657//4657 3405//3405
f 1858//1858 669//669 4658//4658
f 649//649 3225//3225 6396//6396
f 650//650 1653//1653 4668//4668
f 632//632 2023//2023 6160//6160
f 672//672 4671//4671 6165//6165
f 4703//4703 4673//4673 1941//1941
f 674//674 4675//4675 1460//1460
f 4739//4739 7357//7357 1861//1861
f 1220//1220 4634//4634 1724//1724
f 681//681 2030//2030 4680//4680
f 2204//2204 4680//4680 4681//4681
f 682//682 2747//2747 4682//4682
f 3319//3319 3127//3127 2939//2939
f 683//683 3512//3512 643//643
f 664//664 1208//1208 1385//1385
f 665//665 1574//1574 1746//1746
f 666//666 1938//1938 2112//2112
f 4749//4749 2310//2310 4683//4683
f 4684//4684 2656//2656 2826//2826
f 4685//4685 3035//3035 3222//3222
f 4686//4686 3415//3415 3604//3604
f 4687//4687 3804//3804 3967//3967
f 667//667 1106//1106 1290//1290
f 684//684 4688//4688 5735//5735
f 686//686 6104//6104 6244//6244
f 6695//6695 4690//4690 2448//2448
f 687//687 4691//4691 2839//2839
f 688//688 4692//4692 3203//3203
f 1303//1303 5734//5734 1107//1107
f 689//689 2750//2750 4660//4660
f 3517//3517 7254//7254 7284//7284
f 4760//4760 1212//1212 4695//4695
f 691//691 1549//1549 4696//4696
f 693//693 2658//2658 4698//4698
f 694//694 3006//3006 4699//4699
f 670//670 3418//3418 4666//4666
f 670//670 4667//4667 1300//1300
f 671//671 3780//3780 1300//1300
f 7009//7009 4701//4701 2026//2026
f 695//695 4702//4702 2568//2568
f 654//654 1551//1551 1215//1215
f 696//696 4704//4704 2450//2450
f 697//697 4705//4705 2842//2842
f 2842//2842 4706//4706 3206//3206
f 698//698 4707//4707 3617//3617
f 4741//4741 4709//4709 3330//3330
f 701//701 2662//2662 678//678
f 702//702 3782//3782 4715//4715
f 681//681 1863//1863 2030//2030
f 682//682 2564//2564 2747//2747
f 683//683 3332//3332 3512//3512
f 1395//1395 3703//3703 1208//1208
f 704//704 1725//1725 4719//4719
f 2447//2447 1945//1945 4720//4720
f 4749//4749 2447//2447 2310//2310
f 3009//3009 2837//2837 2656//2656
f 3422//3422 3202//3202 3035//3035
f 3783//3783 3613//3613 3415//3415
f 1115//1115 3947//3947 3804//3804
f 7304//7304 1119//1119 1115//1115
f 706//706 4723//4723 3523//3523
f 707//707 4724//4724 3864//3864
f 709//709 4727//4727 1868//1868
f 711//711 2567//2567 4730//4730
f 3517//3517 3335//3335 7254//7254
f 712//712 7288//7288 4732//4732
f 4760//4760 734//734 1212//1212
f 692//692 2122//2122 4696//4696
f 693//693 2840//2840 2658//2658
f 694//694 3204//3204 3006//3006
f 713//713 3615//3615 4733//4733
f 714//714 3949//3949 4734//4734
f 715//715 1306//1306 4735//4735
f 695//695 4736//4736 2201//2201
f 3101//3101 2918//2918 2568//2568
f 672//672 3336//3336 2919//2919
f 673//673 3706//3706 3337//3337
f 653//653 1214//1214 3700//3700
f 1551//1551 1726//1726 1397//1397
f 718//718 4738//4738 1126//1126
f 720//720 1638//1638 4739//4739
f 721//721 4740//4740 2213//2213
f 722//722 4741//4741 5736//5736
f 700//700 2451//2451 2285//2285
f 4714//4714 4783//4783 701//701
f 724//724 3618//3618 4744//4744
f 702//702 3951//3951 3782//3782
f 4816//4816 1639//1639 4745//4745
f 6792//6792 2574//2574 4746//4746
f 727//727 3106//3106 4747//4747
f 728//728 3522//3522 4748//4748
f 1395//1395 3863//3863 3703//3703
f 703//703 1221//1221 1395//1395
f 704//704 1556//1556 1725//1725
f 2843//2843 2290//2290 2447//2447
f 4750//4750 2667//2667 2837//2837
f 4751//4751 3012//3012 3202//3202
f 3952//3952 3425//3425 3613//3613
f 1309//1309 3786//3786 3947//3947
f 729//729 4753//4753 730//730
f 730//730 4754//4754 1730//1730
f 1904//1904 2128//2128 6968//6968
f 731//731 6968//6968 6888//6888
f 2230//2230 4757//4757 4728//4728
f 710//710 2368//2368 4729//4729
f 711//711 2757//2757 2567//2567
f 733//733 4758//4758 4759//4759
f 712//712 3714//3714 7288//7288
f 735//735 6791//6791 6757//6757
f 736//736 1946//1946 4761//4761
f 737//737 2292//2292 4762//4762
f 738//738 2672//2672 4763//4763
f 739//739 3017//3017 4764//4764
f 713//713 4764//4764 3615//3615
f 714//714 3787//3787 3949//3949
f 715//715 1125//1125 1306//1306
f 716//716 2042//2042 4766//4766
f 740//740 2211//2211 4767//4767
f 2918//2918 4768//4768 2758//2758
f 3336//3336 4769//4769 3109//3109
f 3706//3706 4770//4770 3524//3524
f 1214//1214 4737//4737 3861//3861
f 4858//4858 6303//6303 3572//3572
f 4711//4711 4778//4778 4742//4742
f 742//742 4779//4779 1902//1902
f 5904//5904 2294//2294 4781//4781
f 3623//3623 4782//4782 3207//3207
f 724//724 3428//3428 3618//3618
f 4816//4816 1468//1468 1639//1639
f 727//727 2923//2923 3106//3106
f 728//728 3341//3341 3522//3522
f 745//745 4785//4785 4786//4786
f 2843//2843 4825//4825 2290//2290
f 4750//4750 4826//4826 2667//2667
f 746//746 4791//4791 1497//1497
f 747//747 4792//4792 1818//1818
f 749//749 2215//2215 4793//4793
f 750//750 2575//2575 7068//7068
f 733//733 4845//4845 4758//4758
f 736//736 6452//6452 1946//1946
f 737//737 2457//2457 2292//2292
f 738//738 2849//2849 2672//2672
f 739//739 3213//3213 3017//3017
f 740//740 4852//4852 2211//2211
f 2123//2123 4804//4804 4773//4773
f 751//751 4805//4805 3775//3775
f 752//752 4807//4807 1135//1135
f 7067//7067 6989//6989 1819//1819
f 754//754 4808//4808 4860//4860
f 4811//4811 4810//4810 5955//5955
f 7317//7317 4812//4812 3294//3294
f 4782//4782 7086//7086 2674//2674
f 6614//6614 3932//3932 4815//4815
f 4784//4784 725//725 1496//1496
f 7321//7321 1319//1319 1468//1468
f 4888//4888 1995//1995 4817//4817
f 4890//4890 2352//2352 4818//4818
f 758//758 3144//3144 4820//4820
f 759//759 3480//3480 4821//4821
f 744//744 1767//1767 6021//6021
f 745//745 5739//5739 4824//4824
f 760//760 4832//4832 4833//4833
f 5745//5745 1228//1228 761//761
f 761//761 4838//4838 1769//1769
f 762//762 4839//4839 6022//6022
f 3056//3056 4841//4841 3579//3579
f 6023//6023 4842//4842 3772//3772
f 749//749 2354//2354 2215//2215
f 750//750 7087//7087 2575//2575
f 712//712 734//734 1765//1765
f 765//765 2677//2677 4849//4849
f 7128//7128 3046//3046 4850//4850
f 4881//4881 1326//1326 4851//4851
f 6873//6873 5740//5740 1644//1644
f 4769//4769 4854//4854 4799//4799
f 7211//7211 4883//4883 4855//4855
f 766//766 1763//1763 1589//1589
f 767//767 2083//2083 1906//1906
f 769//769 4858//4858 4806//4806
f 6634//6634 4865//4865 5742//5742
f 3236//3236 3428//3428 6893//6893
f 3144//3144 2581//2581 4819//4819
f 758//758 2961//2961 3144//3144
f 759//759 3296//3296 3480//3480
f 3044//3044 3574//3574 4869//4869
f 4834//4834 4787//4787 6952//6952
f 777//777 5737//5737 3687//3687
f 1333//1333 4873//4873 1504//1504
f 778//778 4874//4874 1827//1827
f 4898//4898 5956//5956 4877//4877
f 764//764 2442//2442 4848//4848
f 765//765 2859//2859 2677//2677
f 7128//7128 3244//3244 3046//3046
f 782//782 3483//3483 4882//4882
f 1589//1589 767//767 1770//1770
f 783//783 766//766 1770//1770
f 4903//4903 767//767 6794//6794
f 2678//2678 784//784 2860//2860
f 7350//7350 769//769 4884//4884
f 785//785 751//751 3939//3939
f 6786//6786 753//753 5741//5741
f 786//786 752//752 6786//6786
f 4811//4811 5955//5955 4885//4885
f 3154//3154 7317//7317 4886//4886
f 787//787 4887//4887 6024//6024
f 790//790 3054//3054 3242//3242
f 791//791 3383//3383 773//773
f 5907//5907 7070//7070 5743//5743
f 792//792 775//775 1679//1679
f 760//760 1821//1821 793//793
f 6166//6166 4916//4916 2359//2359
f 794//794 1821//1821 2359//2359
f 2959//2959 776//776 3156//3156
f 795//795 5744//5744 3156//3156
f 796//796 776//776 4891//4891
f 797//797 777//777 3855//3855
f 2857//2857 4893//4893 6918//6918
f 2004//2004 4894//4894 1827//1827
f 3857//3857 4896//4896 4897//4897
f 1143//1143 3937//3937 1326//1326
f 1506//1506 6025//6025 780//780
f 2947//2947 2765//2765 7269//7269
f 800//800 782//782 3490//3490
f 785//785 5957//5957 4929//4929
f 4947//4947 1663//1663 4909//4909
f 6458//6458 6401//6401 1236//1236
f 803//803 6688//6688 6401//6401
f 3054//3054 3387//3387 4952//4952
f 3383//3383 3762//3762 3589//3589
f 792//792 4953//4953 5907//5907
f 793//793 1831//1831 1490//1490
f 796//796 6397//6397 2944//2944
f 2774//2774 795//795 2944//2944
f 797//797 3670//3670 4955//4955
f 805//805 4917//4917 6304//6304
f 2280//2280 6405//6405 2093//2093
f 1492//1492 778//778 4920//4920
f 4963//4963 2591//2591 4921//4921
f 6506//6506 4969//4969 4923//4923
f 2862//2862 2859//2859 5958//5958
f 799//799 1143//1143 1335//1335
f 2765//2765 2947//2947 2592//2592
f 1599//1599 1755//1755 4926//4926
f 1913//1913 2096//2096 4927//4927
f 2685//2685 7041//7041 4928//4928
f 809//809 801//801 4978//4978
f 3153//3153 4934//4934 2772//2772
f 6966//6966 4937//4937 2101//2101
f 6925//6925 6466//6466 4944//4944
f 7250//7250 4949//4949 3134//3134
f 1336//1336 3764//3764 804//804
f 2175//2175 4990//4990 6724//6724
f 812//812 2774//2774 3135//3135
f 7294//7294 4991//4991 4957//4957
f 6291//6291 3392//3392 3926//3926
f 4895//4895 4965//4965 6222//6222
f 5748//5748 1918//1918 2094//2094
f 6500//6500 4970//4970 6509//6509
f 2866//2866 4971//4971 6769//6769
f 1147//1147 1335//1335 6844//6844
f 6167//6167 2947//2947 6190//6190
f 3672//3672 3843//3843 7042//7042
f 4978//4978 5750//5750 3042//3042
f 1835//1835 5015//5015 4983//4983
f 811//811 2949//2949 3134//3134
f 1414//1414 6688//6688 1582//1582
f 4951//4951 2092//2092 2431//2431
f 2687//2687 2865//2865 4988//4988
f 3494//3494 3455//3455 2951//2951
f 817//817 2594//2594 3066//3066
f 3679//3679 4997//4997 1416//1416
f 3768//3768 3594//3594 6477//6477
f 816//816 808//808 4999//4999
f 5911//5911 5030//5030 1840//1840
f 2096//2096 6699//6699 1760//1760
f 1612//1612 5001//5001 5002//5002
f 6846//6846 5003//5003 6699//6699
f 2179//2179 6735//6735 5005//5005
f 3133//3133 5007//5007 4980//4980
f 6801//6801 5008//5008 5007//5007
f 3396//3396 3767//3767 5012//5012
f 1152//1152 5014//5014 5013//5013
f 3308//3308 6276//6276 2949//2949
f 3845//3845 3499//3499 3308//3308
f 2148//2148 5045//5045 6948//6948
f 5017//5017 1973//1973 5016//5016
f 5048//5048 3547//3547 5049//5049
f 3390//3390 3912//3912 3364//3364
f 1664//1664 5022//5022 4989//4989
f 1891//1891 2065//2065 5023//5023
f 3041//3041 5026//5026 4995//4995
f 5025//5025 6572//6572 5026//5026
f 2871//2871 5062//5062 2436//2436
f 3234//3234 6191//6191 2871//2871
f 3550//3550 2977//2977 3234//3234
f 2347//2347 6736//6736 2424//2424
f 3069//3069 3070//3070 2888//2888
f 5001//5001 1612//1612 6484//6484
f 3595//3595 3756//3756 6068//6068
f 6795//6795 5042//5042 5040//5040
f 3071//3071 5077//5077 5755//5755
f 5756//5756 2884//2884 6276//6276
f 1975//1975 1780//1780 5045//5045
f 2507//2507 2154//2154 5046//5046
f 2979//2979 2780//2780 2596//2596
f 3757//3757 3554//3554 3364//3364
f 1154//1154 3917//3917 5050//5050
f 5758//5758 7090//7090 1154//1154
f 825//825 6732//6732 1891//1891
f 3066//3066 3304//3304 2886//2886
f 1610//1610 5052//5052 7295//7295
f 1974//1974 6674//6674 1781//1781
f 5054//5054 813//813 7089//7089
f 2981//2981 2782//2782 6109//6109
f 3367//3367 3173//3173 2977//2977
f 819//819 6169//6169 1156//1156
f 3466//3466 5098//5098 3662//3662
f 830//830 6484//6484 1782//1782
f 835//835 7207//7207 2514//2514
f 836//836 3837//3837 5070//5070
f 2337//2337 5074//5074 5072//5072
f 2978//2978 6865//6865 5041//5041
f 3558//3558 6865//6865 3596//3596
f 843//843 2788//2788 2780//2780
f 5135//5135 3180//3180 5080//5080
f 844//844 5080//5080 3757//3757
f 848//848 1616//1616 1981//1981
f 822//822 5087//5087 5056//5056
f 2510//2510 5095//5095 5094//5094
f 2782//2782 5096//5096 5766//5766
f 2069//2069 1683//1683 1696//1696
f 854//854 2888//2888 5098//5098
f 2873//2873 5098//5098 3466//3466
f 855//855 830//830 1617//1617
f 2784//2784 5105//5105 5104//5104
f 5126//5126 3370//3370 5106//5106
f 5129//5129 1686//1686 5128//5128
f 5130//5130 2076//2076 5107//5107
f 841//841 2891//2891 5078//5078
f 1895//1895 5764//5764 5761//5761
f 7306//7306 3159//3159 5109//5109
f 860//860 5110//5110 5112//5112
f 2700//2700 5115//5115 5114//5114
f 7021//7021 853//853 852//852
f 3174//3174 3161//3161 7072//7072
f 834//834 1517//1517 7215//7215
f 5100//5100 5120//5120 7005//7005
f 5122//5122 5124//5124 7018//7018
f 836//836 5962//5962 867//867
f 5159//5159 2525//2525 5131//5131
f 842//842 6760//6760 5132//5132
f 858//858 3180//3180 5134//5134
f 871//871 5765//5765 2707//2707
f 3059//3059 6758//6758 3470//3470
f 5137//5137 5163//5163 5136//5136
f 848//848 2162//2162 1772//1772
f 849//849 7258//7258 2162//2162
f 5141//5141 5959//5959 5111//5111
f 7110//7110 5143//5143 1606//1606
f 2499//2499 5145//5145 5144//5144
f 1688//1688 6549//6549 6534//6534
f 5772//5772 1688//1688 5767//5767
f 862//862 2074//2074 2413//2413
f 863//863 2409//2409 5151//5151
f 2409//2409 6029//6029 5151//5151
f 855//855 1604//1604 1429//1429
f 5118//5118 5119//5119 6983//6983
f 7367//7367 5155//5155 5915//5915
f 7196//7196 2341//2341 6292//6292
f 2076//2076 5158//5158 5157//5157
f 1254//1254 5185//5185 3823//3823
f 5160//5160 2972//2972 2793//2793
f 870//870 3168//3168 7218//7218
f 2081//2081 1352//1352 5161//5161
f 5165//5165 6650//6650 6193//6193
f 6349//6349 5208//5208 6369//6369
f 5772//5772 1690//1690 1688//1688
f 6911//6911 864//864 2879//2879
f 865//865 5171//5171 6194//6194
f 5174//5174 2874//2874 5154//5154
f 6986//6986 5625//5625 7360//7360
f 3656//3656 3289//3289 3281//3281
f 5187//5187 5227//5227 2168//2168
f 869//869 2798//2798 5187//5187
f 3825//3825 1255//1255 3831//3831
f 5190//5190 3002//3002 880//880
f 1512//1512 5195//5195 5193//5193
f 2415//2415 5197//5197 5196//5196
f 5193//5193 5194//5194 5196//5196
f 2715//2715 5198//5198 5199//5199
f 3894//3894 6112//6112 3569//3569
f 3166//3166 5212//5212 2618//2618
f 5963//5963 6294//6294 5173//5173
f 2078//2078 5215//5215 5214//5214
f 1955//1955 879//879 5217//5217
f 888//888 5969//5969 5225//5225
f 5228//5228 7246//7246 5227//5227
f 2619//2619 6871//6871 5228//5228
f 2719//2719 2244//2244 2714//2714
f 1255//1255 1438//1438 3640//3640
f 5204//5204 7110//7110 7113//7113
f 6112//6112 5236//5236 3199//3199
f 1690//1690 5273//5273 6293//6293
f 3441//3441 5779//5779 7091//7091
f 892//892 5237//5237 3637//3637
f 893//893 5238//5238 1361//1361
f 878//878 5242//5242 5918//5918
f 5216//5216 886//886 7219//7219
f 5289//5289 5288//5288 5246//5246
f 5183//5183 3433//3433 5251//5251
f 5969//5969 3818//3818 5224//5224
f 888//888 1264//1264 5969//5969
f 7169//7169 5780//5780 2619//2619
f 898//898 897//897 889//889
f 2049//2049 5254//5254 6279//6279
f 2049//2049 5231//5231 1877//1877
f 1877//1877 5231//5231 2400//2400
f 2906//2906 5232//5232 3437//3437
f 1447//1447 1265//1265 5258//5258
f 5263//5263 1179//1179 5967//5967
f 2256//2256 882//882 5265//5265
f 5266//5266 6195//6195 882//882
f 2802//2802 5272//5272 5271//5271
f 1356//1356 6994//6994 3904//3904
f 2403//2403 6387//6387 5274//5274
f 6072//6072 6174//6174 3441//3441
f 6072//6072 892//892 6425//6425
f 902//902 1449//1449 1785//1785
f 903//903 1785//1785 6988//6988
f 5276//5276 5239//5239 5277//5277
f 6386//6386 5277//5277 5278//5278
f 906//906 5280//5280 5282//5282
f 5320//5320 1810//1810 1811//1811
f 1955//1955 6361//6361 5286//5286
f 3738//3738 5291//5291 5290//5290
f 2717//2717 895//895 5294//5294
f 1264//1264 910//910 1270//1270
f 913//913 912//912 5298//5298
f 914//914 3197//3197 5299//5299
f 916//916 915//915 3742//3742
f 2246//2246 5303//5303 6071//6071
f 2533//2533 5304//5304 5303//5303
f 2626//2626 2810//2810 5261//5261
f 6814//6814 2810//2810 6923//6923
f 2401//2401 2407//2407 5310//5310
f 3821//3821 6070//6070 5312//5312
f 900//900 1960//1960 1789//1789
f 6114//6114 5314//5314 5315//5315
f 5970//5970 5315//5315 5317//5317
f 3099//3099 6198//6198 3444//3444
f 920//920 5282//5282 2534//2534
f 921//921 2813//2813 3196//3196
f 911//911 1964//1964 2139//2139
f 912//912 5359//5359 911//911
f 913//913 5971//5971 912//912
f 3197//3197 5360//5360 913//913
f 926//926 5360//5360 914//914
f 5305//5305 1447//1447 5325//5325
f 5326//5326 5327//5327 6333//6333
f 5327//5327 6730//6730 5328//5328
f 3183//3183 6814//6814 6418//6418
f 1960//1960 5335//5335 1789//1789
f 2142//2142 5335//5335 6141//6141
f 5338//5338 3904//3904 6490//6490
f 6816//6816 3099//3099 3447//3447
f 928//928 6784//6784 902//902
f 2990//2990 5340//5340 5339//5339
f 3542//3542 905//905 5341//5341
f 5345//5345 2730//2730 5344//5344
f 5320//5320 5347//5347 5348//5348
f 932//932 1277//1277 5348//5348
f 2478//2478 1968//1968 5630//5630
f 2315//2315 5349//5349 5631//5631
f 5782//5782 3745//3745 7144//7144
f 922//922 907//907 5350//5350
f 2387//2387 5353//5353 5352//5352
f 909//909 5354//5354 5353//5353
f 2897//2897 5354//5354 924//924
f 5356//5356 3287//3287 5355//5355
f 6856//6856 5357//5357 5358//5358
f 5364//5364 5365//5365 5363//5363
f 6746//6746 3807//3807 1454//1454
f 2991//2991 2637//2637 3183//3183
f 7334//7334 917//917 5372//5372
f 3184//3184 3536//3536 6228//6228
f 919//919 5318//5318 2540//2540
f 3269//3269 6816//6816 3447//3447
f 940//940 6816//6816 3269//3269
f 3565//3565 5408//5408 5633//5633
f 943//943 5633//5633 5409//5409
f 5384//5384 944//944 5383//5383
f 1622//1622 7074//7074 1965//1965
f 1965//1965 1964//1964 935//935
f 935//935 5359//5359 5971//5971
f 5362//5362 5385//5385 5639//5639
f 947//947 5391//5391 938//938
f 5373//5373 5393//5393 5392//5392
f 950//950 6682//6682 5397//5397
f 3979//3979 5397//5397 5636//5636
f 3979//3979 5636//5636 2734//2734
f 2990//2990 5379//5379 2633//2633
f 5448//5448 3287//3287 3630//3630
f 7260//7260 6199//6199 1843//1843
f 6898//6898 2350//2350 2370//2370
f 2994//2994 3360//3360 5414//5414
f 954//954 953//953 5415//5415
f 3084//3084 5416//5416 5634//5634
f 6350//6350 6575//6575 6655//6655
f 5422//5422 5391//5391 947//947
f 5423//5423 3635//3635 5394//5394
f 5424//5424 5425//5425 1698//1698
f 3536//3536 5427//5427 5396//5396
f 2734//2734 5429//5429 3979//3979
f 961//961 3979//3979 2660//2660
f 2660//2660 5429//5429 962//962
f 940//940 6383//6383 5430//5430
f 5470//5470 5435//5435 5436//5436
f 5642//5642 5437//5437 7200//7200
f 1166//1166 7259//7259 1738//1738
f 3311//3311 5452//5452 3506//3506
f 953//953 7362//7362 6075//6075
f 3793//3793 5457//5457 5456//5456
f 1470//1470 5477//5477 5457//5457
f 985//985 3878//3878 5641//5641
f 5420//5420 2063//2063 5421//5421
f 948//948 6714//6714 3964//3964
f 975//975 2260//2260 5486//5486
f 977//977 5506//5506 5465//5465
f 977//977 5465//5465 5466//5466
f 6375//6375 5466//5466 5507//5507
f 2225//2225 5431//5431 2546//2546
f 6543//6543 5973//5973 5472//5472
f 957//957 5483//5483 5482//5482
f 1000//1000 3040//3040 6896//6896
f 987//987 2872//2872 5504//5504
f 6351//6351 3802//3802 3610//3610
f 5500//5500 2465//2465 995//995
f 1008//1008 997//997 5501//5501
f 998//998 5976//5976 5503//5503
f 7116//7116 3514//3514 5505//5505
f 1320//1320 6702//6702 1002//1002
f 6848//6848 5506//5506 5528//5528
f 7035//7035 1864//1864 1114//1114
f 988//988 3707//3707 3339//3339
f 990//990 989//989 978//978
f 7170//7170 6461//6461 2663//2663
f 5644//5644 5536//5536 3948//3948
f 3610//3610 3802//3802 5644//5644
f 3802//3802 5489//5489 5644//5644
f 966//966 5492//5492 3704//3704
f 6036//6036 5512//5512 5494//5494
f 993//993 5977//5977 2363//2363
f 3338//3338 3525//3525 2922//2922
f 1011//1011 6039//6039 6040//6040
f 1012//1012 3498//3498 3811//3811
f 2563//2563 5524//5524 6041//6041
f 5524//5524 987//987 5525//5525
f 1015//1015 5526//5526 1320//1320
f 1016//1016 1320//1320 1714//1714
f 1017//1017 1714//1714 1890//1890
f 1864//1864 7318//7318 7262//7262
f 7075//7075 2456//2456 6121//6121
f 2668//2668 2456//2456 7075//7075
f 2286//2286 2663//2663 3013//3013
f 5535//5535 3014//3014 6042//6042
f 1640//1640 991//991 5490//5490
f 2037//2037 1339//1339 1640//1640
f 6515//6515 3704//3704 6857//6857
f 3867//3867 5538//5538 5539//5539
f 3345//3345 7236//7236 3619//3619
f 1005//1005 1006//1006 7014//7014
f 1870//1870 2038//2038 6373//6373
f 2571//2571 2212//2212 6077//6077
f 1558//1558 6362//6362 6202//6202
f 1011//1011 3621//3621 5794//5794
f 1011//1011 6040//6040 5545//5545
f 2184//2184 2597//2597 2573//2573
f 1714//1714 1017//1017 1016//1016
f 5795//5795 7139//7139 1021//1021
f 2206//2206 5533//5533 2576//2576
f 7313//7313 6352//6352 3111//3111
f 3339//3339 3707//3707 3866//3866
f 3682//3682 7178//7178 3866//3866
f 7076//7076 1398//1398 1404//1404
f 6532//6532 3980//3980 7297//7297
f 2847//2847 3980//3980 6532//6532
f 2668//2668 3013//3013 2847//2847
f 3211//3211 2847//2847 3014//3014
f 3713//3713 1024//1024 7118//7118
f 5539//5539 1222//1222 5555//5555
f 2053//2053 1025//1025 5557//5557
f 2844//2844 1026//1026 1025//1025
f 3619//3619 1028//1028 1027//1027
f 3619//3619 7236//7236 1028//1028
f 2759//2759 5558//5558 2188//2188
f 1029//1029 5559//5559 5797//5797
f 1731//1731 5560//5560 7274//7274
f 2270//2270 5927//5927 2129//2129
f 2458//2458 5561//5561 6943//6943
f 6044//6044 2270//2270 2458//2458
f 3214//3214 3626//3626 7140//7140
f 1870//1870 1009//1009 5564//5564
f 2957//2957 5584//5584 5585//5585
f 2160//2160 2152//2152 5646//5646
f 1014//1014 5571//5571 5569//5569
f 3696//3696 5572//5572 5571//5571
f 1015//1015 1709//1709 5572//5572
f 1017//1017 5573//5573 1709//1709
f 1018//1018 5978//5978 5928//5928
f 1312//1312 5795//5795 1033//1033
f 2186//2186 2001//2001 1816//1816
f 2186//2186 2576//2576 1034//1034
f 1035//1035 1034//1034 2576//2576
f 6558//6558 1023//1023 3020//3020
f 5549//5549 5578//5578 5580//5580
f 5551//5551 5647//5647 5581//5581
f 1037//1037 1036//1036 6725//6725
f 3713//3713 1408//1408 1024//1024
f 1405//1405 5796//5796 1330//1330
f 3684//3684 1408//1408 1330//1330
f 1056//1056 6949//6949 7096//7096
f 1026//1026 3238//3238 2853//2853
f 1038//1038 3238//3238 3240//3240
f 3240//3240 3575//3575 3434//3434
f 1039//1039 6353//6353 3651//3651
f 5582//5582 1041//1041 1406//1406
f 1043//1043 1042//1042 2270//2270
f 3047//3047 1043//1043 6044//6044
f 1495//1495 2038//2038 7171//7171
f 1230//1230 6362//6362 5586//5586
f 2084//2084 1020//1020 5566//5566
f 5587//5587 3621//3621 5588//5588
f 2152//2152 5589//5589 5646//5646
f 3143//3143 5591//5591 2762//2762
f 7145//7145 1907//1907 1048//1048
f 6510//6510 2679//2679 6384//6384
f 1909//1909 6627//6627 6626//6626
f 2582//2582 5595//5595 2040//2040
f 1036//1036 1053//1053 2582//2582
f 1037//1037 3487//3487 1054//1054
f 2858//2858 2441//2441 1038//1038
f 2858//2858 1038//1038 3240//3240
f 1998//1998 2188//2188 5597//5597
f 5582//5582 3689//3689 1041//1041
f 1042//1042 1057//1057 5582//5582
f 1043//1043 1592//1592 1042//1042
f 3047//3047 1908//1908 1043//1043
f 1044//1044 2274//2274 3047//3047
f 1044//1044 7140//7140 7179//7179
f 7140//7140 3773//3773 7179//7179
f 5799//5799 3152//3152 1045//1045
f 1059//1059 3299//3299 5799//5799
f 6047//6047 5592//5592 1047//1047
f 1050//1050 1033//1033 1137//1137
f 1062//1062 1061//1061 6850//6850
f 1063//1063 1062//1062 1499//1499
f 1063//1063 1820//1820 2193//2193
f 1064//1064 1063//1063 2193//2193
f 1820//1820 2191//2191 2193//2193
f 2962//2962 1065//1065 2193//2193
f 2191//2191 6178//6178 2962//2962
f 1066//1066 1065//1065 2962//2962
f 1067//1067 1066//1066 2963//2963
f 1068//1068 1067//1067 3691//3691
f 1069//1069 1068//1068 6621//6621
f 1070//1070 1069//1069 6627//6627
f 1071//1071 1070//1070 1909//1909
f 1072//1072 1071//1071 2278//2278
f 6616//6616 6558//6558 3055//3055
f 6558//6558 3052//3052 3055//3055
f 5593//5593 3247//3247 3055//3055
f 6046//6046 3776//3776 3941//3941
f 2767//2767 1053//1053 2195//2195
f 6804//6804 2090//2090 5930//5930
f 2858//2858 6045//6045 3057//3057
f 2197//2197 2587//2587 2005//2005
f 1077//1077 2005//2005 2587//2587
f 1077//1077 2584//2584 2965//2965
f 3694//3694 2584//2584 6690//6690
f 1078//1078 3858//3858 1057//1057
f 1079//1079 1078//1078 1592//1592
f 1080//1080 1079//1079 1908//1908
f 1081//1081 1080//1080 2274//2274
f 1082//1082 1081//1081 2681//2681
f 3577//3577 5608//5608 5606//5606
f 6078//6078 3944//3944 7003//7003
f 1318//1318 1145//1145 6078//6078
f 1088//1088 6381//6381 1545//1545
f 2864//2864 1049//1049 3195//3195
f 1061//1061 3588//3588 6850//6850
f 1847//1847 1650//1650 3//3
f 6798//6798 4//4 2548//2548
f 6799//6799 2544//2544 6858//6858
f 2933//2933 2927//2927 7216//7216
f 3718//3718 3315//3315 3310//3310
f 3315//3315 3718//3718 5800//5800
f 1200//1200 3719//3719 3715//3715
f 3719//3719 1200//1200 5801//5801
f 1565//1565 1201//1201 1194//1194
f 1201//1201 1565//1565 5802//5802
f 1927//1927 1566//1566 1559//1559
f 1566//1566 1927//1927 5803//5803
f 2301//2301 1928//1928 1923//1923
f 1928//1928 2301//2301 5804//5804
f 2647//2647 2302//2302 2296//2296
f 2302//2302 2647//2647 5805//5805
f 3027//3027 2648//2648 2641//2641
f 2648//2648 3027//3027 5806//5806
f 3406//3406 3028//3028 3022//3022
f 3028//3028 3406//3406 5807//5807
f 3796//3796 3407//3407 3400//3400
f 3407//3407 3796//3796 5808//5808
f 1285//1285 3797//3797 3791//3791
f 3797//3797 1285//1285 5809//5809
f 1651//1651 1286//1286 1280//1280
f 1286//1286 1651//1651 5810//5810
f 2021//2021 1652//1652 1645//1645
f 1652//1652 2021//2021 5811//5811
f 2376//2376 2022//2022 2017//2017
f 2022//2022 2376//2376 5812//5812
f 2740//2740 2377//2377 2371//2371
f 2377//2377 2740//2740 5813//5813
f 3120//3120 2741//2741 2736//2736
f 2741//2741 3120//3120 5814//5814
f 3504//3504 3121//3121 3114//3114
f 3121//3121 3504//3504 5815//5815
f 3876//3876 3505//3505 3500//3500
f 3505//3505 3876//3876 5816//5816
f 1381//1381 3877//3877 3870//3870
f 3877//3877 1381//1381 5817//5817
f 1740//1740 1382//1382 1379//1379
f 1382//1382 1740//1740 5818//5818
f 2107//2107 1741//1741 1735//1735
f 1741//1741 2107//2107 5819//5819
f 2463//2463 2108//2108 2104//2104
f 2108//2108 2463//2463 5820//5820
f 2822//2822 2464//2464 2459//2459
f 2464//2464 2822//2822 5821//5821
f 3218//3218 2823//2823 2819//2819
f 2823//2823 3218//3218 5822//5822
f 3600//3600 3219//3219 3215//3215
f 3219//3219 3600//3600 5823//5823
f 3962//3962 3601//3601 3597//3597
f 3601//3601 3962//3962 5824//5824
f 1098//1098 3963//3963 3958//3958
f 3963//3963 1098//1098 5825//5825
f 1477//1477 1099//1099 1091//1091
f 1099//1099 1477//1477 5826//5826
f 1849//1849 1478//1478 1471//1471
f 1478//1478 1849//1849 5827//5827
f 2221//2221 1850//1850 1845//1845
f 1850//1850 2221//2221 5828//5828
f 2549//2549 2222//2222 2219//2219
f 2222//2222 2549//2549 5829//5829
f 2935//2935 2550//2550 2545//2545
f 2550//2550 2935//2935 5830//5830
f 3316//3316 2936//2936 2929//2929
f 2936//2936 3316//3316 5991//5991
f 6675//6675 3313//3313 40//40
f 6798//6798 2548//2548 2380//2380
f 3983//3983 2307//2307 83//83
f 3985//3985 6548//6548 84//84
f 3990//3990 130//130 85//85
f 3992//3992 3126//3126 86//86
f 3325//3325 3511//3511 87//87
f 3721//3721 3880//3880 3872//3872
f 5838//5838 3993//3993 3994//3994
f 3994//3994 1389//1389 5838//5838
f 3995//3995 1750//1750 89//89
f 3996//3996 2118//2118 90//90
f 3997//3997 2474//2474 2309//2309
f 3998//3998 6596//6596 91//91
f 4004//4004 1857//1857 6761//6761
f 4005//4005 7173//7173 1857//1857
f 4006//4006 7154//7154 93//93
f 5843//5843 4008//4008 4009//4009
f 4009//4009 3727//3727 5843//5843
f 4010//4010 1209//1209 139//139
f 4015//4015 3036//3036 3227//3227
f 2383//2383 2229//2229 2380//2380
f 4016//4016 2749//2749 96//96
f 4017//4017 3130//3130 97//97
f 4018//4018 3516//3516 98//98
f 4019//4019 3887//3887 99//99
f 4020//4020 1392//1392 100//100
f 4022//4022 2475//2475 103//103
f 4023//4023 2834//2834 104//104
f 4024//4024 3228//3228 105//105
f 4025//4025 3611//3611 106//106
f 4026//4026 3945//3945 107//107
f 4027//4027 1109//1109 108//108
f 4028//4028 1457//1457 109//109
f 4029//4029 1859//1859 110//110
f 4032//4032 2908//2908 111//111
f 4033//4033 3328//3328 112//112
f 4034//4034 3699//3699 113//113
f 4035//4035 1213//1213 114//114
f 4037//4037 1940//1940 115//115
f 4038//4038 2283//2283 116//116
f 4039//4039 2659//2659 117//117
f 4040//4040 3007//3007 118//118
f 4041//4041 3419//3419 119//119
f 4042//4042 3781//3781 120//120
f 4043//4043 1301//1301 121//121
f 4044//4044 1634//1634 122//122
f 4045//4045 2032//2032 123//123
f 4046//4046 2364//2364 2205//2205
f 5991//5991 3329//3329 2910//2910
f 1216//1216 6619//6619 1206//1206
f 6738//6738 6781//6781 2033//2033
f 1394//1394 5992//5992 1216//1216
f 2912//2912 3105//3105 172//172
f 3331//3331 3521//3521 173//173
f 3702//3702 3862//3862 174//174
f 1217//1217 6978//6978 175//175
f 1116//1116 1122//1122 1121//1121
f 1636//1636 1464//1464 7298//7298
f 2033//2033 6781//6781 1875//1875
f 2566//2566 2756//2756 6180//6180
f 2915//2915 3108//3108 178//178
f 3334//3334 5659//5659 179//179
f 3705//3705 3865//3865 180//180
f 1218//1218 1399//1399 181//181
f 2287//2287 2453//2453 183//183
f 2664//2664 2845//2845 184//184
f 3010//3010 3209//3209 185//185
f 3423//3423 3620//3620 186//186
f 3784//3784 3954//3954 187//187
f 1305//1305 1124//1124 188//188
f 2841//2841 2673//2673 192//192
f 3205//3205 3018//3018 193//193
f 3616//3616 3427//3427 194//194
f 3950//3950 3788//3788 195//195
f 1118//1118 1311//1311 196//196
f 1462//1462 1641//1641 197//197
f 1866//1866 2039//2039 198//198
f 2205//2205 2364//2364 199//199
f 2910//2910 2921//2921 3103//3103
f 1121//1121 5677//5677 1313//1313
f 5677//5677 1121//1121 1122//1122
f 2921//2921 3110//3110 5998//5998
f 6692//6692 3526//3526 3710//3710
f 1400//1400 4053//4053 1225//1225
f 4050//4050 1872//1872 6880//6880
f 5651//5651 2580//2580 2351//2351
f 5652//5652 7121//7121 246//246
f 5653//5653 3479//3479 4071//4071
f 5654//5654 3848//3848 6462//6462
f 7079//7079 6390//6390 247//247
f 3212//3212 3045//3045 6183//6183
f 1314//1314 4051//4051 5677//5677
f 4051//4051 1314//1314 1132//1132
f 5677//5677 4051//4051 5680//5680
f 1997//1997 177//177 6552//6552
f 5657//5657 2763//2763 261//261
f 5658//5658 6891//6891 4078//4078
f 5660//5660 1409//1409 4080//4080
f 5661//5661 1764//1764 262//262
f 5663//5663 6818//6818 264//264
f 5664//5664 3239//3239 4083//4083
f 5665//5665 3933//3933 3576//3576
f 5666//5666 1134//1134 6950//6950
f 3868//3868 3685//3685 268//268
f 1407//1407 1229//1229 269//269
f 1732//1732 1588//1588 270//270
f 2130//2130 1905//1905 6853//6853
f 6249//6249 2271//2271 231//231
f 5668//5668 3048//3048 7255//7255
f 5669//5669 3379//3379 272//272
f 5670//5670 3774//3774 273//273
f 5671//5671 1321//1321 274//274
f 5672//5672 2000//2000 276//276
f 2185//2185 2356//2356 277//277
f 3110//3110 5678//5678 2956//2956
f 6325//6325 7354//7354 4102//4102
f 2675//2675 2855//2855 4103//4103
f 6281//6281 3241//3241 280//280
f 6282//6282 7237//7237 4104//4104
f 6283//6283 3934//3934 281//281
f 6284//6284 1136//1136 282//282
f 2439//2439 5872//5872 283//283
f 2851//2851 6875//6875 4054//4054
f 4055//4055 3051//3051 6297//6297
f 251//251 3380//3380 4056//4056
f 1130//1130 1323//1323 4057//4057
f 4058//4058 1817//1817 6214//6214
f 2187//2187 2357//2357 4058//4058
f 3291//3291 3485//3485 4061//4061
f 3683//3683 3852//3852 4116//4116
f 1227//1227 1411//1411 6285//6285
f 1586//1586 1768//1768 4063//4063
f 6183//6183 2856//2856 258//258
f 5873//5873 1324//1324 4065//4065
f 4051//4051 1132//1132 4075//4075
f 284//284 4066//4066 1503//1503
f 4068//4068 5679//5679 4053//4053
f 2190//2190 2358//2358 4134//4134
f 6881//6881 2358//2358 2190//2190
f 291//291 5932//5932 4070//4070
f 5932//5932 2580//2580 4070//4070
f 2958//2958 3155//3155 291//291
f 4071//4071 3295//3295 292//292
f 4072//4072 1231//1231 294//294
f 3578//3578 4119//4119 6783//6783
f 298//298 2960//2960 6891//6891
f 299//299 7271//7271 4079//4079
f 300//300 3688//3688 4080//4080
f 301//301 2445//2445 6734//6734
f 2680//2680 2861//2861 301//301
f 302//302 2861//2861 2680//2680
f 3053//3053 3248//3248 302//302
f 303//303 3248//3248 3053//3053
f 3381//3381 3585//3585 303//303
f 7372//7372 3942//3942 304//304
f 1676//1676 1505//1505 6951//6951
f 3491//3491 3298//3298 4087//4087
f 307//307 3695//3695 4088//4088
f 5684//5684 1598//1598 4090//4090
f 5685//5685 6149//6149 4091//4091
f 271//271 4092//4092 2684//2684
f 3245//3245 4093//4093 3058//3058
f 4093//4093 310//310 3058//3058
f 3582//3582 4094//4094 3386//3386
f 4094//4094 311//311 3386//3386
f 3938//3938 4095//4095 3779//3779
f 4095//4095 312//312 3779//3779
f 1139//1139 4096//4096 1331//1331
f 4096//4096 313//313 1331//1331
f 1500//1500 1674//1674 1681//1681
f 2000//2000 314//314 6882//6882
f 4098//4098 3690//3690 4068//4068
f 4099//4099 1238//1238 4100//4100
f 4099//4099 317//317 1238//1238
f 2098//2098 1766//1766 318//318
f 321//321 6727//6727 6001//6001
f 4105//4105 3777//3777 4155//4155
f 1327//1327 1146//1146 6892//6892
f 1498//1498 5876//5876 1136//1136
f 322//322 1677//1677 6471//6471
f 3155//3155 7022//7022 291//291
f 2089//2089 6696//6696 6215//6215
f 2444//2444 2430//2430 6610//6610
f 326//326 3246//3246 4109//4109
f 6318//6318 1824//1824 4112//4112
f 329//329 3692//3692 4117//4117
f 5686//5686 1232//1232 4118//4118
f 6184//6184 3243//3243 332//332
f 1141//1141 1324//1324 6132//6132
f 1832//1832 4076//4076 296//296
f 296//296 2011//2011 1832//1832
f 4122//4122 2945//2945 4169//4169
f 298//298 4123//4123 6935//6935
f 4123//4123 3301//3301 4170//4170
f 299//299 4124//4124 3488//3488
f 4124//4124 3671//3671 4171//4171
f 300//300 4125//4125 3856//3856
f 4125//4125 1237//1237 4172//4172
f 4081//4081 4126//4126 1412//1412
f 4126//4126 1578//1578 4173//4173
f 333//333 1505//1505 4128//4128
f 6144//6144 2007//2007 333//333
f 4089//4089 308//308 1234//1234
f 2684//2684 2867//2867 337//337
f 3058//3058 3229//3229 7122//7122
f 3779//3779 7049//7049 364//364
f 1331//1331 1148//1148 338//338
f 4130//4130 6807//6807 315//315
f 4131//4131 4100//4100 1238//1238
f 317//317 4132//4132 1238//1238
f 4132//4132 1579//1579 4154//4154
f 2091//2091 5610//5610 318//318
f 319//319 4133//4133 2091//2091
f 4133//4133 2264//2264 4192//4192
f 320//320 343//343 7080//7080
f 347//347 3303//3303 293//293
f 3303//3303 6400//6400 293//293
f 1235//1235 348//348 4136//4136
f 3675//3675 3669//3669 4136//4136
f 349//349 1235//1235 4137//4137
f 3246//3246 3233//3233 325//325
f 4199//4199 325//325 3233//3233
f 326//326 3233//3233 3246//3246
f 3233//3233 326//326 373//373
f 3583//3583 4139//4139 326//326
f 3940//3940 4140//4140 5933//5933
f 1140//1140 6135//6135 5934//5934
f 2178//2178 2586//2586 2593//2593
f 2964//2964 2950//2950 350//350
f 4115//4115 327//327 2964//2964
f 3297//3297 4163//4163 327//327
f 3692//3692 3674//3674 328//328
f 2279//2279 2265//2265 352//352
f 331//331 7048//7048 353//353
f 6330//6330 6720//6720 3765//3765
f 3590//3590 6720//6720 5981//5981
f 355//355 1915//1915 4144//4144
f 2263//2263 2432//2432 355//355
f 356//356 2263//2263 4145//4145
f 2688//2688 2868//2868 356//356
f 357//357 2688//2688 4146//4146
f 3039//3039 3231//3231 357//357
f 358//358 3039//3039 4147//4147
f 6638//6638 5690//5690 4148//4148
f 4151//4151 6055//6055 6346//6346
f 334//334 4150//4150 2346//2346
f 2769//2769 4151//4151 6346//6346
f 5684//5684 362//362 1754//1754
f 3043//3043 3229//3229 5687//5687
f 3397//3397 3386//3386 364//364
f 1338//1338 1148//1148 365//365
f 4152//4152 6807//6807 4130//4130
f 4152//4152 2948//2948 5688//5688
f 1238//1238 4153//4153 4131//4131
f 1919//1919 5610//5610 1916//1916
f 368//368 3232//3232 5982//5982
f 369//369 3388//3388 4155//4155
f 3763//3763 3927//3927 369//369
f 4157//4157 1577//1577 323//323
f 371//371 1581//1581 4157//4157
f 5934//5934 4160//4160 4140//4140
f 4162//4162 2010//2010 6754//6754
f 327//327 4163//4163 376//376
f 329//329 4165//4165 3674//3674
f 1910//1910 1921//1921 6151//6151
f 7285//7285 5981//5981 3548//3548
f 383//383 5692//5692 4168//4168
f 384//384 5936//5936 4169//4169
f 385//385 3136//3136 4170//4170
f 3495//3495 3305//3305 385//385
f 386//386 3495//3495 4171//4171
f 3842//3842 3678//3678 386//386
f 387//387 3842//3842 4172//4172
f 1415//1415 1242//1242 387//387
f 388//388 1415//1415 4173//4173
f 1757//1757 1584//1584 388//388
f 4175//4175 1661//1661 333//333
f 390//390 1668//1668 4175//4175
f 4151//4151 4177//4177 2346//2346
f 4179//4179 4178//4178 2769//2769
f 6239//6239 4180//4180 3841//3841
f 337//337 4181//4181 2433//2433
f 364//364 4185//4185 3397//3397
f 4184//4184 3397//3397 5937//5937
f 7049//7049 4186//4186 3914//3914
f 4185//4185 7049//7049 3914//3914
f 365//365 4187//4187 1158//1158
f 1158//1158 4187//4187 4221//4221
f 4186//4186 1338//1338 1158//1158
f 4187//4187 1669//1669 4223//4223
f 5688//5688 6684//6684 6973//6973
f 401//401 5939//5939 4154//4154
f 1919//1919 4191//4191 1759//1759
f 4193//4193 2100//2100 4192//4192
f 2870//2870 4261//4261 2434//2434
f 2870//2870 4230//4230 2691//2691
f 7209//7209 2008//2008 345//345
f 403//403 2014//2014 7209//7209
f 4197//4197 2344//2344 346//346
f 404//404 6003//6003 4197//4197
f 405//405 6883//6883 6004//6004
f 6216//6216 6004//6004 6002//6002
f 1420//1420 1235//1235 349//349
f 2593//2593 4201//4201 2178//2178
f 6151//6151 4202//4202 1583//1583
f 380//380 4203//4203 1921//1921
f 381//381 4206//4206 2504//2504
f 4204//4204 2504//2504 4206//4206
f 4166//4166 4205//4205 6185//6185
f 2599//2599 5691//5691 5940//5940
f 4207//4207 6095//6095 2980//2980
f 6058//6058 4207//4207 2980//2980
f 417//417 2182//2182 4211//4211
f 2595//2595 2693//2693 417//417
f 4212//4212 2099//2099 355//355
f 4213//4213 2432//2432 356//356
f 4214//4214 2868//2868 357//357
f 420//420 2600//2600 2776//2776
f 6152//6152 3231//3231 3170//3170
f 6654//6654 3549//3549 5938//5938
f 4216//4216 1337//1337 360//360
f 4278//4278 5693//5693 4216//4216
f 361//361 4217//4217 1243//1243
f 362//362 4218//4218 1585//1585
f 363//363 4219//4219 1922//1922
f 4220//4220 3914//3914 4186//4186
f 399//399 3914//3914 4220//4220
f 4222//4222 1158//1158 4221//4221
f 4225//4225 4188//4188 4224//4224
f 6762//6762 2882//2882 400//400
f 4232//4232 3591//3591 369//369
f 6721//6721 3591//3591 3552//3552
f 428//428 3552//3552 4232//4232
f 7143//7143 1761//1761 371//371
f 6906//6906 5689//5689 6697//6697
f 429//429 6906//6906 6697//6697
f 6981//6981 4234//4234 2778//2778
f 3592//3592 4236//4236 3398//3398
f 3398//3398 4235//4235 373//373
f 374//374 4237//4237 3754//3754
f 3754//3754 4236//4236 3592//3592
f 375//375 4238//4238 1342//1342
f 1342//1342 4237//4237 374//374
f 1692//1692 4238//4238 375//375
f 376//376 7174//7174 3065//3065
f 377//377 4239//4239 3454//3454
f 378//378 4240//4240 3832//3832
f 379//379 4241//4241 1421//1421
f 415//415 4270//4270 4243//4243
f 4270//4270 4242//4242 4210//4210
f 4243//4243 4210//4210 6763//6763
f 1514//1514 1521//1521 4271//4271
f 441//441 2699//2699 2693//2693
f 441//441 2693//2693 4244//4244
f 4246//4246 3678//3678 387//387
f 5983//5983 3678//3678 3659//3659
f 444//444 3659//3659 4246//4246
f 4247//4247 1242//1242 388//388
f 445//445 5695//5695 5696//5696
f 4248//4248 1515//1515 390//390
f 4248//4248 446//446 1695//1695
f 4249//4249 1886//1886 391//391
f 4249//4249 447//447 2068//2068
f 392//392 4250//4250 2422//2422
f 2422//2422 4249//4249 391//391
f 393//393 4251//4251 2695//2695
f 2695//2695 4250//4250 392//392
f 394//394 449//449 3068//3068
f 3068//3068 4251//4251 393//393
f 395//395 4253//4253 3834//3834
f 3834//3834 4252//4252 6186//6186
f 1422//1422 4253//4253 395//395
f 396//396 4254//4254 2506//2506
f 397//397 4255//4255 2777//2777
f 398//398 4256//4256 3171//3171
f 399//399 4257//4257 5937//5937
f 453//453 4222//4222 4221//4221
f 454//454 6536//6536 4227//4227
f 4260//4260 4259//4259 1979//1979
f 456//456 1979//1979 2339//2339
f 4259//4259 2339//2339 1979//1979
f 6975//6975 1519//1519 402//402
f 6975//6975 457//457 4291//4291
f 2072//2072 1888//1888 403//403
f 5884//5884 2883//2883 3073//3073
f 5698//5698 6216//6216 7180//7180
f 4293//4293 7180//7180 4263//4263
f 4264//4264 1249//1249 4295//4295
f 4265//4265 6685//6685 430//430
f 7057//7057 1159//1159 434//434
f 410//410 461//461 2258//2258
f 411//411 4266//4266 2515//2515
f 2515//2515 461//461 410//410
f 2885//2885 4266//4266 411//411
f 412//412 4267//4267 1613//1613
f 413//413 4268//4268 1976//1976
f 414//414 4269//4269 2980//2980
f 4271//4271 1160//1160 1343//1343
f 1343//1343 1160//1160 415//415
f 4272//4272 1160//1160 1164//1164
f 469//469 1701//1701 439//439
f 4273//4273 2420//2420 417//417
f 4273//4273 2693//2693 2699//2699
f 4274//4274 1977//1977 418//418
f 4275//4275 2600//2600 420//420
f 6152//6152 3366//3366 4277//4277
f 5693//5693 7098//7098 4215//4215
f 4278//4278 1695//1695 1523//1523
f 446//446 2068//2068 1892//1892
f 3076//3076 2887//2887 5882//5882
f 4280//4280 3839//3839 4309//4309
f 4281//4281 1427//1427 1251//1251
f 423//423 4282//4282 1978//1978
f 2338//2338 4282//4282 423//423
f 4283//4283 3921//3921 4312//4312
f 6286//6286 1162//1162 4313//4313
f 4285//4285 1524//1524 453//453
f 424//424 4286//4286 2070//2070
f 4226//4226 425//425 2426//2426
f 4260//4260 455//455 5942//5942
f 4289//4289 477//477 2602//2602
f 4289//4289 4231//4231 3178//3178
f 5697//5697 4291//4291 6008//6008
f 478//478 6980//6980 4262//4262
f 479//479 2697//2697 5884//5884
f 6009//6009 2890//2890 3073//3073
f 5698//5698 4293//4293 5703//5703
f 4294//4294 4293//4293 4263//4263
f 4294//4294 4295//4295 1249//1249
f 5943//5943 2603//2603 459//459
f 4297//4297 3374//3374 6060//6060
f 435//435 482//482 3463//3463
f 437//437 4300//4300 1425//1425
f 467//467 4301//4301 3564//3564
f 1164//1164 1160//1160 468//468
f 4302//4302 6007//6007 440//440
f 7329//7329 2699//2699 441//441
f 7329//7329 7248//7248 2523//2523
f 501//501 7028//7028 7190//7190
f 7282//7282 6270//6270 444//444
f 6415//6415 6270//6270 7282//7282
f 7282//7282 444//444 1426//1426
f 7282//7282 1426//1426 1250//1250
f 4304//4304 1784//1784 445//445
f 4304//4304 2158//2158 1982//1982
f 6356//6356 2328//2328 6097//6097
f 5701//5701 2608//2608 6356//6356
f 4306//4306 2608//2608 5701//5701
f 484//484 2967//2967 4277//4277
f 485//485 3371//3371 6541//6541
f 4307//4307 5702//5702 4278//4278
f 486//486 1523//1523 446//446
f 2709//2709 2412//2412 5704//5704
f 4308//4308 2701//2701 448//448
f 450//450 4310//4310 2512//2512
f 2786//2786 4310//4310 450//450
f 3177//3177 4311//4311 451//451
f 4336//4336 4311//4311 2968//2968
f 4337//4337 6704//6704 3372//3372
f 6286//6286 4313//4313 3921//3921
f 453//453 7165//7165 1162//1162
f 4222//4222 1162//1162 6286//6286
f 1524//1524 7165//7165 453//453
f 454//454 6647//6647 2518//2518
f 4314//4314 3467//3467 4258//4258
f 3467//3467 6059//6059 476//476
f 3473//3473 6059//6059 3280//3280
f 4315//4315 5945//5945 455//455
f 4317//4317 6840//6840 456//456
f 4315//4315 6840//6840 2167//2167
f 2610//2610 2790//2790 2602//2602
f 491//491 3561//3561 6640//6640
f 5886//5886 3922//3922 4290//4290
f 495//495 2520//2520 479//479
f 6241//6241 4318//4318 6009//6009
f 3665//3665 3822//3822 7328//7328
f 4343//4343 1249//1249 4296//4296
f 7335//7335 1773//1773 7346//7346
f 4319//4319 2330//2330 2787//2787
f 4320//4320 3374//3374 3758//3758
f 3923//3923 4320//4320 3758//3758
f 4321//4321 2706//2706 4347//4347
f 482//482 5887//5887 3279//3279
f 464//464 498//498 2165//2165
f 2165//2165 2164//2164 463//463
f 465//465 7347//7347 2342//2342
f 2342//2342 498//498 464//464
f 466//466 4325//4325 2607//2607
f 7331//7331 4324//4324 7347//7347
f 467//467 4326//4326 2985//2985
f 2985//2985 4325//4325 466//466
f 6956//6956 1164//1164 1350//1350
f 4327//4327 1507//1507 469//469
f 4327//4327 6867//6867 1687//1687
f 6098//6098 2523//2523 2708//2708
f 6154//6154 1775//1775 1601//1601
f 504//504 2613//2613 2608//2608
f 4331//4331 3163//3163 2967//2967
f 4331//4331 505//505 3163//3163
f 1347//1347 1165//1165 506//506
f 4332//4332 1165//1165 1347//1347
f 4332//4332 507//507 1165//1165
f 486//486 7332//7332 1682//1682
f 4308//4308 4333//4333 2710//2710
f 2878//2878 4334//4334 3471//3471
f 3471//3471 4334//4334 3286//3286
f 1251//1251 4335//4335 3827//3827
f 3654//3654 4335//4335 511//511
f 2159//2159 6677//6677 2166//2166
f 5612//5612 6677//6677 514//514
f 3751//3751 488//488 517//517
f 475//475 4338//4338 2410//2410
f 2251//2251 7253//7253 2252//2252
f 2703//2703 4338//4338 475//475
f 4317//4317 4316//4316 7305//7305
f 2790//2790 2610//2610 2792//2792
f 4339//4339 2969//2969 520//520
f 522//522 3373//3373 491//491
f 523//523 3748//3748 5886//5886
f 2254//2254 2241//2241 7217//7217
f 6153//6153 2254//2254 2705//2705
f 6153//6153 525//525 2254//2254
f 4341//4341 2876//2876 525//525
f 4342//4342 2876//2876 4341//4341
f 4342//4342 7083//7083 2876//2876
f 3653//3653 6137//6137 3638//3638
f 4343//4343 527//527 6808//6808
f 4343//4343 1605//1605 527//527
f 6011//6011 1605//1605 7335//7335
f 1987//1987 480//480 496//496
f 528//528 1987//1987 496//496
f 2330//2330 5889//5889 496//496
f 6287//6287 4344//4344 6217//6217
f 2616//2616 4344//4344 530//530
f 2975//2975 4345//4345 6919//6919
f 3752//3752 4346//4346 532//532
f 4347//4347 2713//2713 2526//2526
f 4348//4348 3063//3063 2877//2877
f 1510//1510 5711//5711 6932//6932
f 4351//4351 1350//1350 5711//5711
f 3826//3826 6062//6062 4353//4353
f 4354//4354 6062//6062 3826//3826
f 538//538 6062//6062 4354//4354
f 1431//1431 1256//1256 538//538
f 4355//4355 1256//1256 1431//1431
f 4403//4403 1256//1256 4355//4355
f 539//539 6155//6155 6099//6099
f 6099//6099 1990//1990 539//539
f 4356//4356 2333//2333 4330//4330
f 504//504 4357//4357 2613//2613
f 4357//4357 2973//2973 540//540
f 7301//7301 3375//3375 6272//6272
f 541//541 3375//3375 7301//7301
f 7301//7301 3893//3893 541//541
f 1898//1898 1689//1689 7332//7332
f 4358//4358 1898//1898 508//508
f 509//509 2878//2878 3471//3471
f 510//510 4360//4360 3286//3286
f 3430//3430 4360//4360 542//542
f 512//512 4361//4361 1257//1257
f 1436//1436 4361//4361 543//543
f 4362//4362 1607//1607 513//513
f 515//515 4363//4363 2334//2334
f 2484//2484 4363//4363 545//545
f 517//517 1174//1174 1353//1353
f 4368//4368 4367//4367 7159//7159
f 1991//1991 2167//2167 4370//4370
f 1986//1986 2167//2167 1991//1991
f 547//547 1991//1991 4370//4370
f 2335//2335 7305//7305 2612//2612
f 4370//4370 7305//7305 2335//2335
f 2615//2615 2792//2792 520//520
f 548//548 2615//2615 520//520
f 550//550 4390//4390 3527//3527
f 551//551 7124//7124 3908//3908
f 4371//4371 7286//7286 1169//1169
f 552//552 1542//1542 4371//4371
f 5709//5709 2079//2079 552//552
f 553//553 5709//5709 524//524
f 3475//3475 3653//3653 554//554
f 531//531 6288//6288 3376//3376
f 5890//5890 6288//6288 6289//6289
f 1177//1177 1354//1354 6061//6061
f 4432//4432 7272//7272 7151//7151
f 2877//2877 5716//5716 2713//2713
f 6668//6668 4373//4373 6693//6693
f 1989//1989 4374//4374 1988//1988
f 2332//2332 558//558 535//535
f 3284//3284 3254//3254 562//562
f 563//563 539//539 4376//4376
f 1990//1990 4376//4376 539//539
f 4376//4376 4405//4405 563//563
f 2800//2800 4377//4377 540//540
f 4357//4357 540//540 4377//4377
f 4378//4378 2998//2998 2973//2973
f 4378//4378 564//564 2998//2998
f 506//506 1165//1165 1171//1171
f 506//506 1171//1171 4380//4380
f 507//507 1689//1689 4381//4381
f 4381//4381 1539//1539 1713//1713
f 508//508 4359//4359 4358//4358
f 3471//3471 3430//3430 4383//4383
f 511//511 4384//4384 3814//3814
f 3644//3644 4384//4384 565//565
f 514//514 4386//4386 2131//2131
f 1953//1953 4386//4386 5619//5619
f 3188//3188 6965//6965 3347//3347
f 4415//4415 4388//4388 7059//7059
f 4390//4390 550//550 7124//7124
f 4391//4391 551//551 7286//7286
f 1357//1357 4391//4391 5615//5615
f 4457//4457 4392//4392 2079//2079
f 553//553 2241//2241 4393//4393
f 2876//2876 2901//2901 3090//3090
f 527//527 4372//4372 4395//4395
f 4395//4395 1628//1628 1799//1799
f 1952//1952 5613//5613 5715//5715
f 556//556 5892//5892 6809//6809
f 530//530 6101//6101 3190//3190
f 6919//6919 5890//5890 5948//5948
f 2248//2248 7016//7016 2529//2529
f 4397//4397 2526//2526 2530//2530
f 4434//4434 3093//3093 6446//6446
f 557//557 6942//6942 6446//6446
f 537//537 5710//5710 6625//6625
f 4401//4401 2082//2082 7047//7047
f 3815//3815 3641//3641 7369//7369
f 4402//4402 3641//3641 3815//3815
f 540//540 2998//2998 4406//4406
f 1178//1178 4407//4407 5893//5893
f 1359//1359 4381//4381 1713//1713
f 1539//1539 4408//4408 1713//1713
f 6472//6472 7315//7315 4382//4382
f 2528//2528 2245//2245 5946//5946
f 4382//4382 5946//5946 2245//2245
f 3089//3089 2722//2722 7084//7084
f 4383//4383 3256//3256 3429//3429
f 3440//3440 3256//3256 3643//3643
f 3429//3429 3256//3256 3440//3440
f 4410//4410 3644//3644 565//565
f 543//543 5891//5891 4411//4411
f 2494//2494 4412//4412 4473//4473
f 545//545 2621//2621 4412//4412
f 3188//3188 3347//3347 4413//4413
f 2396//2396 4387//4387 2397//2397
f 4415//4415 3257//3257 3431//3431
f 567//567 1802//1802 5714//5714
f 4416//4416 1437//1437 4369//4369
f 5714//5714 1262//1262 1441//1441
f 1803//1803 4416//4416 2132//2132
f 2170//2170 4417//4417 7123//7123
f 2133//2133 4418//4418 2488//2488
f 547//547 4419//4419 1991//1991
f 4421//4421 2803//2803 4420//4420
f 2489//2489 4420//4420 2803//2803
f 2797//2797 4421//4421 2335//2335
f 4423//4423 2622//2622 4422//4422
f 2804//2804 4422//4422 2622//2622
f 548//548 4423//4423 2615//2615
f 3192//3192 4424//4424 3528//3528
f 3897//3897 4390//4390 5617//5617
f 3897//3897 5616//5616 4389//4389
f 1544//1544 5895//5895 1357//1357
f 1544//1544 5615//5615 1876//1876
f 1876//1876 4392//4392 2043//2043
f 2531//2531 4426//4426 2395//2395
f 2532//2532 6438//6438 7316//7316
f 4394//4394 4427//4427 3432//3432
f 1628//1628 4428//4428 1799//1799
f 1952//1952 4429//4429 1956//1956
f 3190//3190 4430//4430 2624//2624
f 3901//3901 3740//3740 6321//6321
f 4431//4431 1717//1717 1716//1716
f 4433//4433 2718//2718 2530//2530
f 4397//4397 2718//2718 2529//2529
f 3092//3092 4433//4433 3093//3093
f 6446//6446 3093//3093 6423//6423
f 6942//6942 3436//3436 6446//6446
f 4435//4435 3639//3639 6451//6451
f 1260//1260 1443//1443 6451//6451
f 4435//4435 1443//1443 1268//1268
f 2172//2172 5949//5949 4373//4373
f 4436//4436 1260//1260 6366//6366
f 1804//1804 4436//4436 1805//1805
f 558//558 4437//4437 4374//4374
f 4374//4374 4437//4437 2172//2172
f 4437//4437 2136//2136 4438//4438
f 2135//2135 4438//4438 2136//2136
f 2332//2332 7231//7231 558//558
f 7231//7231 2491//2491 4439//4439
f 2490//2490 4439//4439 2491//2491
f 559//559 7348//7348 2799//2799
f 7348//7348 2806//2806 4440//4440
f 2805//2805 4440//4440 2806//2806
f 560//560 4441//4441 500//500
f 500//500 4441//4441 559//559
f 4441//4441 3194//3194 4442//4442
f 3193//3193 4442//4442 3194//3194
f 5984//5984 3530//3530 4443//4443
f 3529//3529 4443//4443 3530//3530
f 4467//4467 4444//4444 4445//4445
f 2050//2050 4445//4445 6242//6242
f 5896//5896 6463//6463 3438//3438
f 6570//6570 7062//7062 4404//4404
f 564//564 5893//5893 3344//3344
f 4448//4448 1719//1719 1362//1362
f 1719//1719 1359//1359 1713//1713
f 4408//4408 6916//6916 1720//1720
f 3429//3429 3440//3440 3439//3439
f 4411//4411 4450//4450 1261//1261
f 1261//1261 4450//4450 565//565
f 1444//1444 565//565 4450//4450
f 4412//4412 5718//5718 4473//4473
f 4452//4452 5897//5897 3346//3346
f 2396//2396 1879//1879 6526//6526
f 3251//3251 4453//4453 6600//6600
f 3251//3251 3257//3257 4453//4453
f 5722//5722 4453//4453 3257//3257
f 1266//1266 5714//5714 1441//1441
f 2133//2133 4454//4454 1630//1630
f 3192//3192 4455//4455 2808//2808
f 3349//3349 5616//5616 3348//3348
f 3744//3744 5617//5617 1363//1363
f 1363//1363 1357//1357 5895//5895
f 575//575 1546//1546 2043//2043
f 1446//1446 4458//4458 1812//1812
f 4429//4429 2134//2134 2138//2138
f 4396//4396 4460//4460 7198//7198
f 576//576 2248//2248 2529//2529
f 3436//3436 4434//4434 6446//6446
f 4434//4434 3436//3436 3262//3262
f 3261//3261 4434//4434 3262//3262
f 1804//1804 4463//4463 1268//1268
f 1267//1267 4435//4435 1268//1268
f 4490//4490 4463//4463 578//578
f 4491//4491 1631//1631 4464//4464
f 2135//2135 4464//4464 1631//1631
f 2476//2476 2326//2326 4465//4465
f 2805//2805 4465//4465 2326//2326
f 4466//4466 3743//3743 3902//3902
f 4467//4467 1880//1880 585//585
f 4446//4446 3258//3258 6419//6419
f 2140//2140 7062//7062 6570//6570
f 4469//4469 3534//3534 3198//3198
f 3344//3344 3531//3531 3534//3534
f 2245//2245 2722//2722 2402//2402
f 4472//4472 7302//7302 1444//1444
f 4471//4471 1269//1269 4450//4450
f 4472//4472 1444//1444 1269//1269
f 1808//1808 5724//5724 1632//1632
f 2628//2628 4473//4473 2629//2629
f 4451//4451 5985//5985 3005//3005
f 5897//5897 6065//6065 3352//3352
f 1181//1181 6533//6533 7201//7201
f 6652//6652 4474//4474 2386//2386
f 4475//4475 4474//4474 6652//6652
f 1441//1441 4478//4478 3819//3819
f 571//571 5951//5951 1445//1445
f 3181//3181 4455//4455 7232//7232
f 3349//3349 4479//4479 4456//4456
f 4479//4479 3353//3353 6947//6947
f 3899//3899 4480//4480 5621//5621
f 3899//3899 1366//1366 4480//4480
f 1527//1527 4481//4481 1883//1883
f 587//587 1883//1883 575//575
f 4482//4482 4426//4426 2532//2532
f 3096//3096 2535//2535 4482//4482
f 4515//4515 3646//3646 1446//1446
f 2316//2316 4517//4517 6476//6476
f 4484//4484 1368//1368 4460//4460
f 4461//4461 1706//1706 4484//4484
f 1705//1705 4484//4484 1706//1706
f 2057//2057 4485//4485 2058//2058
f 2234//2234 2388//2388 589//589
f 2247//2247 2388//2388 5950//5950
f 4486//4486 2726//2726 2536//2536
f 589//589 2726//2726 2733//2733
f 3261//3261 4487//4487 3082//3082
f 4462//4462 3082//3082 4486//4486
f 3081//3081 4486//4486 3082//3082
f 4521//4521 3082//3082 4487//4487
f 4489//4489 4488//4488 1267//1267
f 2317//2317 2141//2141 580//580
f 582//582 4492//4492 2814//2814
f 7175//7175 4492//4492 4553//4553
f 4466//4466 4494//4494 4493//4493
f 4494//4494 3902//3902 4523//4523
f 4496//4496 1364//1364 1371//1371
f 1718//1718 4497//4497 5717//5717
f 4497//4497 4495//4495 5717//5717
f 4495//4495 4497//4497 7027//7027
f 6750//6750 4498//4498 6016//6016
f 6378//6378 4500//4500 3446//3446
f 6188//6188 3649//3649 4468//4468
f 1452//1452 4447//4447 7060//7060
f 3903//3903 6555//6555 3531//3531
f 1180//1180 1369//1369 1185//1185
f 4503//4503 6157//6157 1533//1533
f 6424//6424 1878//1878 6395//6395
f 594//594 3098//3098 595//595
f 2477//2477 4537//4537 6522//6522
f 4537//4537 6243//6243 6522//6522
f 1528//1528 4508//4508 1708//1708
f 5725//5725 1882//1882 6955//6955
f 597//597 4475//4475 4509//4509
f 4509//4509 2728//2728 597//597
f 570//570 4510//4510 2894//2894
f 4510//4510 3448//3448 598//598
f 574//574 4512//4512 7249//7249
f 3731//3731 5621//5621 4480//4480
f 1366//1366 4514//4514 4480//4480
f 2056//2056 5898//5898 587//587
f 4516//4516 2143//2143 588//588
f 6102//6102 7333//7333 2316//2316
f 4518//4518 2632//2632 3186//3186
f 4592//4592 7333//7333 4518//4518
f 3729//3729 3890//3890 1374//1374
f 4520//4520 4519//4519 2062//2062
f 7085//7085 4521//4521 4550//4550
f 4522//4522 1274//1274 578//578
f 4490//4490 1274//1274 4489//4489
f 6669//6669 5727//5727 1274//1274
f 601//601 1623//1623 579//579
f 4522//4522 1623//1623 1795//1795
f 4552//4552 2146//2146 2317//2317
f 2636//2636 2218//2218 581//581
f 3891//3891 4523//4523 4496//4496
f 4555//4555 1371//1371 1193//1193
f 4524//4524 7027//7027 1537//1537
f 5723//5723 2059//2059 1885//1885
f 5728//5728 6016//6016 2237//2237
f 4499//4499 4526//4526 3097//3097
f 4526//4526 4557//4557 7126//7126
f 4528//4528 1455//1455 1271//1271
f 6139//6139 3446//3446 3810//3810
f 4527//4527 1452//1452 1787//1787
f 7101//7101 4527//4527 1793//1793
f 7125//7125 6571//6571 6590//6590
f 2480//2480 7125//7125 2318//2318
f 2318//2318 7125//7125 4529//4529
f 4529//4529 2815//2815 2639//2639
f 3361//3361 4530//4530 3355//3355
f 4532//4532 1533//1533 1561//1561
f 6424//6424 1533//1533 6157//6157
f 6789//6789 2539//2539 594//594
f 4535//4535 6834//6834 7167//7167
f 6243//6243 4536//4536 1621//1621
f 4536//4536 6243//6243 4537//4537
f 4537//4537 4564//4564 4536//4536
f 596//596 4506//4506 4565//4565
f 4538//4538 4565//4565 4506//4506
f 2992//2992 6909//6909 3358//3358
f 6877//6877 4541//4541 4540//4540
f 1711//1711 1370//1370 1528//1528
f 2060//2060 1708//1708 5725//5725
f 597//597 4542//4542 2389//2389
f 4542//4542 597//597 2728//2728
f 4543//4543 2728//2728 2896//2896
f 4544//4544 3448//3448 586//586
f 6015//6015 1967//1967 604//604
f 3353//3353 3539//3539 6947//6947
f 1191//1191 7340//7340 4480//4480
f 1527//1527 1535//1535 4514//4514
f 1704//1704 1535//1535 1527//1527
f 1535//1535 1704//1704 5952//5952
f 2537//2537 5730//5730 6404//6404
f 2542//2542 5730//5730 6632//6632
f 4545//4545 3272//3272 6628//6628
f 3633//3633 4588//4588 3268//3268
f 1626//1626 1273//1273 6159//6159
f 1626//1626 2143//2143 4516//4516
f 2993//2993 4547//4547 3186//3186
f 3729//3729 1374//1374 5623//5623
f 4548//4548 1375//1375 1530//1530
f 1530//1530 1712//1712 4548//4548
f 6669//6669 4522//4522 7063//7063
f 4555//4555 3891//3891 4496//4496
f 4555//4555 1193//1193 1192//1192
f 1193//1193 4524//4524 1568//1568
f 1885//1885 5728//5728 4556//4556
f 2105//2105 4556//4556 611//611
f 2237//2237 2820//2820 2460//2460
f 2820//2820 2237//2237 4525//4525
f 2820//2820 4557//4557 7025//7025
f 3810//3810 1455//1455 6479//6479
f 3959//3959 6479//6479 4598//4598
f 4528//4528 7101//7101 4558//4558
f 2144//2144 5622//5622 591//591
f 2318//2318 4529//4529 614//614
f 2372//2372 2318//2318 614//614
f 4559//4559 2318//2318 2372//2372
f 2737//2737 2639//2639 602//602
f 4562//4562 2729//2729 6789//6789
f 6790//6790 3085//3085 3973//3973
f 3973//3973 3274//3274 6790//6790
f 4563//4563 1794//1794 4536//4536
f 4536//4536 4564//4564 4563//4563
f 4564//4564 1971//1971 4563//4563
f 619//619 4564//4564 2314//2314
f 4565//4565 2481//2481 596//596
f 2817//2817 4565//4565 2816//2816
f 4604//4604 2816//2816 2992//2992
f 4567//4567 4566//4566 3732//3732
f 3732//3732 4568//4568 4567//4567
f 4568//4568 3736//3736 4567//4567
f 1372//1372 4569//4569 4568//4568
f 1372//1372 1190//1190 4569//4569
f 4570//4570 4569//4569 1190//1190
f 4570//4570 1190//1190 4571//4571
f 1711//1711 4571//4571 1190//1190
f 1711//1711 1534//1534 4571//4571
f 4572//4572 4571//4571 1534//1534
f 2060//2060 4573//4573 1534//1534
f 2060//2060 6937//6937 4573//4573
f 4574//4574 4573//4573 6937//6937
f 2389//2389 4575//4575 6937//6937
f 4575//4575 2391//2391 623//623
f 4543//4543 4576//4576 2541//2541
f 4576//4576 4543//4543 2898//2898
f 4576//4576 3087//3087 624//624
f 598//598 4577//4577 2898//2898
f 598//598 3270//3270 4577//4577
f 4577//4577 3453//3453 625//625
f 4544//4544 4578//4578 3270//3270
f 4578//4578 4544//4544 3632//3632
f 4578//4578 3813//3813 626//626
f 7287//7287 4579//4579 3632//3632
f 4579//4579 7287//7287 1276//1276
f 4579//4579 1456//1456 627//627
f 1792//1792 4580//4580 1276//1276
f 4580//4580 1798//1798 6715//6715
f 628//628 2482//2482 7210//7210
f 4611//4611 4612//4612 4582//4582
f 1535//1535 4583//4583 4514//4514
f 4611//4611 4582//4582 1199//1199
f 4583//4583 4584//4584 1199//1199
f 1535//1535 5952//5952 4584//4584
f 5898//5898 4586//4586 5952//5952
f 4584//4584 5952//5952 4585//4585
f 4586//4586 4614//4614 4585//4585
f 4586//4586 5898//5898 2061//2061
f 4614//4614 4586//4586 7000//7000
f 2061//2061 7000//7000 4586//4586
f 4587//4587 6969//6969 2542//2542
f 1278//1278 4590//4590 4616//4616
f 2016//2016 4589//4589 4516//4516
f 4589//4589 2016//2016 6347//6347
f 4590//4590 4589//4589 1476//1476
f 7333//7333 4592//4592 4591//4591
f 3974//3974 4617//4617 4592//4592
f 4591//4591 4592//4592 4617//4617
f 4547//4547 3974//3974 4592//4592
f 2642//2642 6860//6860 4594//4594
f 4595//4595 4550//4550 3023//3023
f 3023//3023 4620//4620 4595//4595
f 2928//2928 610//610 6161//6161
f 4671//4671 6161//6161 634//634
f 3312//3312 6819//6819 4596//4596
f 4625//4625 7029//7029 636//636
f 3409//3409 4597//4597 3607//3607
f 4598//4598 1282//1282 7163//7163
f 4599//4599 2018//2018 1851//1851
f 4600//4600 2372//2372 2223//2223
f 3317//3317 615//615 6103//6103
f 617//617 4601//4601 640//640
f 1472//1472 641//641 618//618
f 4602//4602 1627//1627 4563//4563
f 4603//4603 1971//1971 619//619
f 2817//2817 642//642 2319//2319
f 6902//6902 3119//3119 3358//3358
f 4567//4567 4605//4605 6902//6902
f 4605//4605 4567//4567 3736//3736
f 4605//4605 3722//3722 643//643
f 2541//2541 4606//4606 2391//2391
f 2541//2541 2735//2735 4606//4606
f 4606//4606 2645//2645 644//644
f 604//604 4607//4607 1798//1798
f 604//604 2147//2147 4607//4607
f 4607//4607 6464//6464 1656//1656
f 6245//6245 2818//2818 4609//4609
f 606//606 4609//4609 2818//2818
f 606//606 2932//2932 4609//4609
f 3873//3873 3546//3546 4610//4610
f 3723//3723 4611//4611 645//645
f 4611//4611 3723//3723 4612//4612
f 3873//3873 4612//4612 3723//3723
f 1199//1199 4584//4584 4613//4613
f 5733//5733 4613//4613 4654//4654
f 4613//4613 5733//5733 1199//1199
f 4585//4585 4614//4614 3976//3976
f 4615//4615 630//630 6729//6729
f 1293//1293 1096//1096 4616//4616
f 4591//4591 4617//4617 646//646
f 4617//4617 4660//4660 646//646
f 647//647 4617//4617 3974//3974
f 1739//1739 7326//7326 1733//1733
f 3977//3977 6860//6860 2642//2642
f 4620//4620 2649//2649 2642//2642
f 4620//4620 4665//4665 2649//2649
f 3408//3408 4621//4621 5953//5953
f 649//649 5732//5732 3408//3408
f 5901//5901 4622//4622 3792//3792
f 7063//7063 1653//1653 1287//1287
f 1287//1287 4623//4623 5901//5901
f 1097//1097 4623//4623 6841//6841
f 6841//6841 1653//1653 650//650
f 4624//4624 2378//2378 609//609
f 4625//4625 1202//1202 1568//1568
f 1388//1388 4625//4625 654//654
f 4626//4626 1930//1930 611//611
f 2116//2116 4626//4626 655//655
f 4627//4627 612//612 7025//7025
f 7336//7336 4627//4627 6274//6274
f 4629//4629 1480//1480 1658//1658
f 4630//4630 1851//1851 2028//2028
f 4631//4631 2223//2223 2382//2382
f 4632//4632 2552//2552 2746//2746
f 659//659 2937//2937 3125//3125
f 638//638 6486//6486 4633//4633
f 4635//4635 2461//2461 639//639
f 639//639 4636//4636 2836//2836
f 4636//4636 2832//2832 2836//2836
f 4637//4637 4636//4636 2543//2543
f 6670//6670 3216//3216 3975//3975
f 3975//3975 3411//3411 6670//6670
f 4638//4638 1648//1648 4602//4602
f 4639//4639 2020//2020 4603//4603
f 4640//4640 2374//2374 642//642
f 4641//4641 2739//2739 4604//4604
f 620//620 4642//4642 3722//3722
f 620//620 1197//1197 4642//4642
f 4642//4642 1385//1385 3885//3885
f 621//621 4643//4643 1197//1197
f 621//621 1563//1563 4643//4643
f 4643//4643 1746//1746 664//664
f 622//622 4644//4644 1563//1563
f 622//622 1925//1925 4644//4644
f 4644//4644 2112//2112 665//665
f 623//623 4645//4645 1925//1925
f 623//623 2299//2299 4645//4645
f 4645//4645 2468//2468 666//666
f 624//624 4646//4646 2645//2645
f 624//624 3025//3025 4646//4646
f 4646//4646 3222//3222 4684//4684
f 625//625 4647//4647 3025//3025
f 625//625 3402//3402 4647//4647
f 4647//4647 3604//3604 4685//4685
f 626//626 4648//4648 3402//3402
f 626//626 3795//3795 4648//4648
f 4648//4648 3967//3967 4686//4686
f 627//627 4649//4649 3795//3795
f 627//627 1093//1093 4649//4649
f 4649//4649 1290//1290 4687//4687
f 6715//6715 4650//4650 1093//1093
f 4650//4650 1656//1656 667//667
f 2818//2818 2556//2556 629//629
f 2556//2556 7052//7052 4651//4651
f 2941//2941 4652//4652 668//668
f 6245//6245 4609//4609 2941//2941
f 4653//4653 3320//3320 3873//3873
f 3515//3515 4653//4653 3333//3333
f 4654//4654 3976//3976 6941//6941
f 4691//4691 6931//6931 2828//2828
f 3405//3405 4656//4656 6609//6609
f 5734//5734 1293//1293 1107//1107
f 4659//4659 2375//2375 646//646
f 4661//4661 3875//3875 648//648
f 4662//4662 4661//4661 1739//1739
f 4663//4663 1567//1567 631//631
f 4664//4664 1929//1929 4619//4619
f 3977//3977 2471//2471 4664//4664
f 2471//2471 3977//3977 2649//2649
f 4666//4666 3408//3408 4667//4667
f 1294//1294 6841//6841 650//650
f 6841//6841 1294//1294 1097//1097
f 671//671 1097//1097 1294//1294
f 2023//2023 4669//4669 6160//6160
f 4670//4670 2558//2558 3122//3122
f 2752//2752 4670//4670 3101//3101
f 6897//6897 635//635 6611//6611
f 4672//4672 6897//6897 6611//6611
f 1215//1215 1388//1388 654//654
f 1552//1552 4673//4673 4703//4703
f 3420//3420 4674//4674 6106//6106
f 1296//1296 4629//4629 4675//4675
f 1112//1112 4675//4675 674//674
f 1658//1658 4630//4630 7357//7357
f 2028//2028 4631//4631 4676//4676
f 1861//1861 4676//4676 675//675
f 4676//4676 2382//2382 2203//2203
f 2746//2746 3125//3125 2911//2911
f 4677//4677 6163//6163 3330//3330
f 4678//4678 6588//6588 2110//2110
f 4678//4678 1936//1936 2120//2120
f 4635//4635 4679//4679 2308//2308
f 679//679 3411//3411 662//662
f 680//680 1482//1482 4638//4638
f 4639//4639 4680//4680 1853//1853
f 4681//4681 4639//4639 4640//4640
f 4681//4681 4640//4640 2554//2554
f 4681//4681 2747//2747 2204//2204
f 4641//4641 4682//4682 2554//2554
f 4682//4682 4641//4641 2939//2939
f 4682//4682 3127//3127 682//682
f 643//643 3885//3885 683//683
f 644//644 4683//4683 2468//2468
f 644//644 2826//2826 4683//4683
f 4683//4683 2656//2656 4749//4749
f 1656//1656 4688//4688 667//667
f 7052//7052 685//685 6164//6164
f 4689//4689 3886//3886 645//645
f 3864//3864 4689//4689 1396//1396
f 2121//2121 4690//4690 6695//6695
f 2448//2448 4691//4691 687//687
f 2839//2839 4692//4692 688//688
f 7349//7349 3416//3416 3614//3614
f 5987//5987 1858//1858 4728//4728
f 2375//2375 2226//2226 4658//4658
f 2230//2230 4658//4658 2226//2226
f 4693//4693 2226//2226 4659//4659
f 690//690 3321//3321 3883//3883
f 4694//4694 3724//3724 4661//4661
f 4695//4695 4662//4662 1549//1549
f 4695//4695 1549//1549 691//691
f 4663//4663 4696//4696 1549//1549
f 4696//4696 4663//4663 2115//2115
f 4664//4664 4697//4697 2115//2115
f 4697//4697 2449//2449 692//692
f 4665//4665 4698//4698 2830//2830
f 4698//4698 4665//4665 3225//3225
f 4698//4698 3006//3006 693//693
f 649//649 4699//4699 3225//3225
f 649//649 4666//4666 4699//4699
f 4699//4699 3418//3418 694//694
f 1300//1300 1097//1097 671//671
f 650//650 7066//7066 1294//1294
f 4765//4765 4701//4701 4766//4766
f 2228//2228 652//652 4702//4702
f 2228//2228 2026//2026 651//651
f 2201//2201 4702//4702 695//695
f 4702//4702 2201//2201 2228//2228
f 2919//2919 3101//3101 672//672
f 3700//3700 6611//6611 653//653
f 4704//4704 1941//1941 655//655
f 2124//2124 4704//4704 696//696
f 4705//4705 2284//2284 656//656
f 2450//2450 4705//4705 697//697
f 4706//4706 2661//2661 6274//6274
f 4707//4707 3008//3008 657//657
f 3206//3206 4707//4707 698//698
f 4708//4708 1112//1112 1308//1308
f 2911//2911 4677//4677 4709//4709
f 3104//3104 4709//4709 3340//3340
f 2754//2754 2911//2911 3104//3104
f 3701//3701 7064//7064 4711//4711
f 4742//4742 3701//3701 4711//4711
f 4710//4710 3701//3701 4742//4742
f 4711//4711 7064//7064 1220//1220
f 1724//1724 4678//4678 4712//4712
f 4712//4712 2120//2120 1944//1944
f 2836//2836 4713//4713 4679//4679
f 4713//4713 2662//2662 700//700
f 678//678 7102//7102 4714//4714
f 7102//7102 3421//3421 4714//4714
f 4715//4715 1113//1113 702//702
f 4717//4717 4716//4716 680//680
f 4718//4718 3127//3127 3319//3319
f 3319//3319 3512//3512 4718//4718
f 664//664 703//703 1208//1208
f 664//664 1574//1574 703//703
f 665//665 4719//4719 1574//1574
f 665//665 1938//1938 4719//4719
f 4719//4719 1945//1945 704//704
f 666//666 4720//4720 1938//1938
f 666//666 2310//2310 4720//4720
f 4684//4684 3035//3035 3009//3009
f 4685//4685 3415//3415 3422//3422
f 4686//4686 3804//3804 3783//3783
f 4687//4687 1106//1106 1115//1115
f 7052//7052 2556//2556 685//685
f 4723//4723 2914//2914 668//668
f 3107//3107 4723//4723 706//706
f 6830//6830 2914//2914 3107//3107
f 3523//3523 4724//4724 707//707
f 1303//1303 1107//1107 1123//1123
f 1637//1637 5987//5987 4727//4727
f 1465//1465 4727//4727 709//709
f 2384//2384 6105//6105 4729//4729
f 6105//6105 4693//4693 2750//2750
f 6105//6105 2567//2567 710//710
f 689//689 4730//4730 2750//2750
f 4730//4730 689//689 7254//7254
f 4730//4730 2916//2916 711//711
f 4731//4731 3517//3517 690//690
f 4694//4694 4732//4732 3859//3859
f 4732//4732 4694//4694 1212//1212
f 4732//4732 734//734 712//712
f 670//670 4733//4733 3418//3418
f 670//670 3780//3780 4733//4733
f 4733//4733 3949//3949 713//713
f 671//671 4734//4734 3780//3780
f 671//671 1110//1110 4734//4734
f 4734//4734 1306//1306 714//714
f 7066//7066 4735//4735 1110//1110
f 4735//4735 4765//4765 715//715
f 716//716 4766//4766 7009//7009
f 4736//4736 7009//7009 2201//2201
f 1397//1397 4737//4737 1214//1214
f 1727//1727 1726//1726 1551//1551
f 6106//6106 4708//4708 4738//4738
f 3789//3789 4738//4738 718//718
f 7358//7358 1308//1308 674//674
f 1126//1126 7358//7358 719//719
f 4740//4740 2035//2035 675//675
f 1871//1871 4740//4740 721//721
f 2365//2365 7065//7065 2572//2572
f 2572//2572 2754//2754 2761//2761
f 3330//3330 4710//4710 4741//4741
f 3340//3340 4741//4741 722//722
f 4778//4778 4711//4711 6687//6687
f 2308//2308 2285//2285 2289//2289
f 4743//4743 2662//2662 701//701
f 679//679 4744//4744 3421//3421
f 4744//4744 679//679 3782//3782
f 4744//4744 3951//3951 724//724
f 4716//4716 1461//1461 1113//1113
f 1461//1461 1639//1639 725//725
f 4717//4717 4745//4745 1461//1461
f 4745//4745 4717//4717 1863//1863
f 4745//4745 1873//1873 4816//4816
f 2204//2204 2564//2564 7045//7045
f 7045//7045 2574//2574 2214//2214
f 682//682 4746//4746 2564//2564
f 682//682 2913//2913 4746//4746
f 4746//4746 3106//3106 6792//6792
f 4718//4718 4747//4747 2913//2913
f 4747//4747 4718//4718 3332//3332
f 4747//4747 3522//3522 727//727
f 683//683 4748//4748 3332//3332
f 683//683 3703//3703 4748//4748
f 4748//4748 3863//3863 728//728
f 2843//2843 4749//4749 2837//2837
f 4750//4750 2837//2837 3009//3009
f 4751//4751 3202//3202 3422//3422
f 3952//3952 3613//3613 3783//3783
f 1309//1309 3947//3947 1115//1115
f 1463//1463 4830//4830 1119//1119
f 3712//3712 4753//4753 729//729
f 1730//1730 4755//4755 6855//6855
f 6888//6888 2291//2291 687//687
f 4756//4756 3016//3016 6920//6920
f 2384//2384 4729//4729 4757//4757
f 2209//2209 4757//4757 4729//4729
f 3335//3335 4758//4758 2916//2916
f 4731//4731 4759//4759 3335//3335
f 4759//4759 4731//4731 7288//7288
f 734//734 4760//4760 6791//6791
f 691//691 6757//6757 4760//4760
f 691//691 2122//2122 6757//6757
f 6757//6757 1946//1946 735//735
f 692//692 4761//4761 2122//2122
f 692//692 2449//2449 4761//4761
f 4761//4761 2292//2292 736//736
f 7303//7303 4762//4762 2449//2449
f 4762//4762 7303//7303 2840//2840
f 4762//4762 2672//2672 737//737
f 693//693 4763//4763 2840//2840
f 693//693 3204//3204 4763//4763
f 4763//4763 3017//3017 738//738
f 694//694 4764//4764 3204//3204
f 694//694 3615//3615 4764//4764
f 695//695 4767//4767 4736//4736
f 3109//3109 4768//4768 2918//2918
f 3524//3524 4769//4769 3336//3336
f 3861//3861 4770//4770 3706//3706
f 4771//4771 1224//1224 4772//4772
f 1726//1726 4772//4772 1224//1224
f 4737//4737 1224//1224 4802//4802
f 4771//4771 4802//4802 1224//1224
f 4772//4772 4773//4773 4803//4803
f 4774//4774 1948//1948 696//696
f 6303//6303 3019//3019 698//698
f 3235//3235 6303//6303 4858//4858
f 3235//3235 3019//3019 6303//6303
f 4777//4777 3340//3340 3478//3478
f 1402//1402 723//723 1729//1729
f 4778//4778 1402//1402 1401//1401
f 1226//1226 1729//1729 741//741
f 4780//4780 2126//2126 2289//2289
f 2451//2451 4780//4780 2289//2289
f 2674//2674 4781//4781 4743//4743
f 3623//3623 3207//3207 4783//4783
f 3421//3421 3618//3618 4783//4783
f 3623//3623 4783//4783 3618//3618
f 702//702 4784//4784 3951//3951
f 1395//1395 743//743 3863//3863
f 1395//1395 1221//1221 743//743
f 704//704 4785//4785 744//744
f 704//704 1945//1945 4785//4785
f 2447//2447 4786//4786 1945//1945
f 2447//2447 2290//2290 4786//4786
f 4786//4786 2455//2455 745//745
f 3012//3012 4826//4826 4750//4750
f 4826//4826 3012//3012 3044//3044
f 3425//3425 4827//4827 4751//4751
f 4827//4827 3425//3425 4870//4870
f 3786//3786 4828//4828 3952//3952
f 4828//4828 3786//3786 3770//3770
f 4830//4830 1463//1463 4831//4831
f 4835//4835 6573//6573 7004//7004
f 4789//4789 2924//2924 706//706
f 6997//6997 2924//2924 3145//3145
f 4788//4788 3342//3342 707//707
f 5737//5737 4788//4788 4790//4790
f 4789//4789 3342//3342 3481//3481
f 4791//4791 1315//1315 1123//1123
f 1133//1133 4791//4791 746//746
f 4792//4792 1643//1643 709//709
f 1497//1497 4792//4792 747//747
f 748//748 2041//2041 2209//2209
f 710//710 4793//4793 2368//2368
f 710//710 2757//2757 4793//4793
f 4793//4793 2575//2575 749//749
f 711//711 7068//7068 2757//2757
f 711//711 2925//2925 7068//7068
f 713//713 4794//4794 739//739
f 713//713 3787//3787 4794//4794
f 714//714 4795//4795 3787//3787
f 714//714 1125//1125 4795//4795
f 715//715 4796//4796 1125//1125
f 715//715 1467//1467 4796//4796
f 4798//4798 740//740 4797//4797
f 4768//4768 4797//4797 740//740
f 4797//4797 4799//4799 4853//4853
f 4800//4800 3343//3343 4801//4801
f 4770//4770 4801//4801 3343//3343
f 4769//4769 3343//3343 4854//4854
f 4800//4800 4854//4854 3343//3343
f 4770//4770 4802//4802 4801//4801
f 4771//4771 4883//4883 4802//4802
f 4772//4772 4803//4803 1763//1763
f 1763//1763 4803//4803 1589//1589
f 4804//4804 5738//5738 2083//2083
f 2083//2083 5738//5738 1906//1906
f 4774//4774 4775//4775 4857//4857
f 4775//4775 5954//5954 4857//4857
f 4805//4805 3572//3572 717//717
f 4806//4806 4805//4805 751//751
f 4807//4807 3931//3931 718//718
f 3775//3775 4807//4807 752//752
f 7103//7103 1317//1317 719//719
f 1135//1135 7103//7103 753//753
f 753//753 7103//7103 7067//7067
f 4808//4808 1994//1994 721//721
f 1819//1819 4808//4808 754//754
f 4809//4809 2349//2349 6778//6778
f 4809//4809 4810//4810 4811//4811
f 3142//3142 4777//4777 4812//4812
f 4863//4863 3478//3478 722//722
f 3294//3294 4863//4863 755//755
f 4813//4813 1226//1226 1410//1410
f 2267//2267 4780//4780 2294//2294
f 724//724 4814//4814 3428//3428
f 724//724 3790//3790 4814//4814
f 4784//4784 4815//4815 3790//3790
f 4815//4815 4784//4784 1496//1496
f 4815//4815 1319//1319 6614//6614
f 4816//4816 1995//1995 757//757
f 726//726 4817//4817 1873//1873
f 726//726 7045//7045 2214//2214
f 4817//4817 2352//2352 4888//4888
f 2214//2214 2574//2574 4818//4818
f 4818//4818 4819//4819 4890//4890
f 6792//6792 2923//2923 4819//4819
f 727//727 4820//4820 2923//2923
f 727//727 3341//3341 4820//4820
f 3480//3480 4820//4820 3341//3341
f 728//728 4821//4821 3341//3341
f 728//728 3711//3711 4821//4821
f 4822//4822 4821//4821 3711//3711
f 1403//1403 4823//4823 4822//4822
f 1556//1556 6021//6021 1403//1403
f 4785//4785 4824//4824 744//744
f 2455//2455 6706//6706 745//745
f 2667//2667 2846//2846 4825//4825
f 2852//2852 4825//4825 2846//2846
f 7359//7359 2846//2846 4826//4826
f 7359//7359 4826//4826 3044//3044
f 4827//4827 3574//3574 3044//3044
f 3574//3574 4827//4827 4870//4870
f 4828//4828 7365//7365 4870//4870
f 7365//7365 4828//4828 3770//3770
f 1119//1119 4830//4830 4829//4829
f 6107//6107 4829//4829 4830//4830
f 1672//1672 4830//4830 4831//4831
f 760//760 4872//4872 4832//4832
f 4832//4832 4831//4831 4752//4752
f 1996//1996 4835//4835 4833//4833
f 760//760 4833//4833 1821//1821
f 4787//4787 4834//4834 7004//7004
f 6997//6997 3145//3145 6678//6678
f 4787//4787 6997//6997 6678//6678
f 4789//4789 4836//4836 3145//3145
f 4837//4837 3481//3481 5737//5737
f 4788//4788 5737//5737 3481//3481
f 4789//4789 3481//3481 4836//4836
f 1228//1228 4790//4790 729//729
f 3687//3687 1228//1228 5745//5745
f 4838//4838 1228//1228 729//729
f 4839//4839 1587//1587 6855//6855
f 1769//1769 4839//4839 762//762
f 6977//6977 2269//2269 731//731
f 4842//4842 6439//6439 732//732
f 3579//3579 4842//4842 763//763
f 4844//4844 1818//1818 748//748
f 733//733 4846//4846 4845//4845
f 733//733 3714//3714 4846//4846
f 4846//4846 3850//3850 4896//4896
f 712//712 6420//6420 3714//3714
f 4847//4847 6420//6420 1765//1765
f 735//735 6452//6452 7026//7026
f 736//736 4900//4900 6452//6452
f 736//736 2457//2457 4900//4900
f 737//737 4848//4848 2457//2457
f 737//737 2849//2849 4848//4848
f 4848//4848 2677//2677 764//764
f 738//738 4849//4849 2849//2849
f 738//738 3213//3213 4849//4849
f 4849//4849 3046//3046 765//765
f 739//739 4850//4850 3213//3213
f 739//739 4794//4794 4850//4850
f 4850//4850 3377//3377 7128//7128
f 6873//6873 1644//1644 2042//2042
f 4852//4852 7053//7053 2355//2355
f 4797//4797 4853//4853 3148//3148
f 4800//4800 3483//3483 4854//4854
f 4855//4855 1763//1763 766//766
f 7054//7054 4855//4855 766//766
f 7211//7211 4855//4855 7054//7054
f 1906//1906 5738//5738 4856//4856
f 4856//4856 6794//6794 1906//1906
f 4857//4857 5954//5954 2678//2678
f 2678//2678 5954//5954 5905//5905
f 5905//5905 784//784 2678//2678
f 3049//3049 3235//3235 4858//4858
f 4858//4858 769//769 3049//3049
f 754//754 6820//6820 1819//1819
f 7067//7067 6820//6820 4859//4859
f 6820//6820 7067//7067 1819//1819
f 4809//4809 4862//4862 4860//4860
f 4860//4860 7233//7233 754//754
f 4811//4811 4862//4862 4809//4809
f 4812//4812 7317//7317 5955//5955
f 3686//3686 4813//4813 4864//4864
f 4863//4863 3686//3686 755//755
f 3854//3854 4864//4864 6024//6024
f 4864//4864 1410//1410 6921//6921
f 4866//4866 2087//2087 2267//2267
f 2438//2438 4866//4866 2267//2267
f 5906//5906 6290//6290 7086//7086
f 4782//4782 4867//4867 7086//7086
f 4782//4782 3236//3236 4867//4867
f 4868//4868 4867//4867 3236//3236
f 4868//4868 3236//3236 6893//6893
f 2352//2352 4889//4889 4888//4888
f 1403//1403 4822//4822 743//743
f 4914//4914 4824//4824 5739//5739
f 771//771 7359//7359 2682//2682
f 2682//2682 4869//4869 3242//3242
f 3574//3574 4870//4870 772//772
f 772//772 4870//4870 7365//7365
f 7365//7365 4871//4871 773//773
f 773//773 4871//4871 791//791
f 4871//4871 3770//3770 6107//6107
f 1672//1672 4872//4872 775//775
f 775//775 4872//4872 1679//1679
f 760//760 1679//1679 4872//4872
f 6166//6166 4834//4834 4916//4916
f 2959//2959 4836//4836 776//776
f 4837//4837 5737//5737 777//777
f 6338//6338 6357//6357 6918//6918
f 3056//3056 4893//4893 2857//2857
f 3772//3772 4843//4843 6023//6023
f 6591//6591 6793//6793 6843//6843
f 4873//4873 4843//4843 746//746
f 4874//4874 1675//1675 747//747
f 1504//1504 4874//4874 778//778
f 4894//4894 2004//2004 4844//4844
f 2215//2215 2354//2354 4844//4844
f 2354//2354 4894//4894 4844//4844
f 749//749 4875//4875 2354//2354
f 749//749 7087//7087 4875//4875
f 4921//4921 4875//4875 7087//7087
f 750//750 4876//4876 7087//7087
f 750//750 3146//3146 4876//4876
f 3853//3853 4846//4846 4896//4896
f 4876//4876 3853//3853 779//779
f 4879//4879 3377//3377 4794//4794
f 4901//4901 4879//4879 3937//3937
f 4851//4851 1326//1326 4880//4880
f 3937//3937 4880//4880 1326//1326
f 4881//4881 780//780 1326//1326
f 780//780 4881//4881 5740//5740
f 7269//7269 7292//7292 3148//3148
f 4882//4882 3851//3851 7228//7228
f 3490//3490 4882//4882 7228//7228
f 782//782 4882//4882 3490//3490
f 6546//6546 7228//7228 7211//7211
f 4884//4884 751//751 785//785
f 4806//4806 4884//4884 769//769
f 2766//2766 7233//7233 4862//4862
f 4860//4860 4862//4862 7233//7233
f 4885//4885 3154//3154 3153//3153
f 755//755 4886//4886 3294//3294
f 3486//3486 4887//4887 787//787
f 4887//4887 3486//3486 4886//4886
f 3294//3294 4886//4886 7317//7317
f 2276//2276 4866//4866 2272//2272
f 6564//6564 1823//1823 1678//1678
f 2192//2192 6564//6564 4888//4888
f 4889//4889 2192//2192 4888//4888
f 2192//2192 4889//4889 6811//6811
f 2585//2585 4889//4889 4890//4890
f 4889//4889 2585//2585 6811//6811
f 4890//4890 2581//2581 2585//2585
f 7069//7069 4950//4950 789//789
f 4823//4823 7069//7069 4822//4822
f 793//793 1821//1821 794//794
f 4837//4837 4891//4891 776//776
f 3056//3056 4892//4892 4918//4918
f 4892//4892 3579//3579 763//763
f 3579//3579 4892//4892 3056//3056
f 6843//6843 3926//3926 6591//6591
f 2196//2196 4894//4894 4875//4875
f 3853//3853 6633//6633 779//779
f 4895//4895 779//779 6633//6633
f 3857//3857 6633//6633 4896//4896
f 4966//4966 3857//3857 4897//4897
f 1771//1771 5956//5956 4898//4898
f 2442//2442 6507//6507 4900//4900
f 2862//2862 2442//2442 764//764
f 799//799 4901//4901 3937//3937
f 4903//4903 1756//1756 1770//1770
f 2860//2860 2429//2429 768//768
f 786//786 5957//5957 3939//3939
f 4904//4904 802//802 786//786
f 4933//4933 4905//4905 7104//7104
f 3153//3153 2772//2772 2766//2766
f 7031//7031 3153//3153 3154//3154
f 787//787 7040//7040 3486//3486
f 6630//6630 4936//4936 6634//6634
f 4906//4906 7202//7202 2276//2276
f 2276//2276 2443//2443 4906//4906
f 4908//4908 6465//6465 4906//4906
f 2686//2686 6991//6991 4941//4941
f 6660//6660 1328//1328 6560//6560
f 1678//1678 4909//4909 1501//1501
f 2192//2192 4910//4910 1823//1823
f 4911//4911 6811//6811 2585//2585
f 3131//3131 788//788 7250//7250
f 4913//4913 3296//3296 789//789
f 789//789 4950//4950 3300//3300
f 4915//4915 2865//2865 2687//2687
f 793//793 794//794 1831//1831
f 2359//2359 6427//6427 794//794
f 6427//6427 2175//2175 794//794
f 798//798 4917//4917 3855//3855
f 4917//4917 798//798 6304//6304
f 3855//3855 4917//4917 797//797
f 797//797 4917//4917 3670//3670
f 6304//6304 798//798 6344//6344
f 1911//1911 1912//1912 2093//2093
f 6449//6449 6431//6431 6338//6338
f 6449//6449 4918//4918 7275//7275
f 2196//2196 4920//4920 1827//1827
f 2006//2006 7088//7088 806//806
f 7088//7088 2006//2006 4920//4920
f 1827//1827 4920//4920 778//778
f 4921//4921 2176//2176 4875//4875
f 4921//4921 3157//3157 4963//4963
f 4966//4966 7366//7366 3857//3857
f 5956//5956 4922//4922 4966//4966
f 1597//1597 4923//4923 1771//1771
f 4878//4878 6507//6507 6506//6506
f 6495//6495 4924//4924 6507//6507
f 6495//6495 6500//6500 6509//6509
f 3244//3244 5958//5958 2859//2859
f 5749//5749 2866//2866 5958//5958
f 5908//5908 3581//3581 4925//4925
f 807//807 5908//5908 4973//4973
f 1833//1833 1506//1506 6348//6348
f 4902//4902 2343//2343 2177//2177
f 4927//4927 1755//1755 1599//1599
f 2429//2429 4928//4928 2097//2097
f 5957//5957 4930//4930 4931//4931
f 6301//6301 4932//4932 1837//1837
f 4933//4933 4932//4932 1829//1829
f 4932//4932 4933//4933 1837//1837
f 6716//6716 2772//2772 2771//2771
f 3492//3492 3133//3133 4934//4934
f 7031//7031 4934//4934 3153//3153
f 3133//3133 3492//3492 6801//6801
f 6566//6566 6567//6567 810//810
f 1239//1239 4938//4938 810//810
f 1239//1239 6024//6024 4936//4936
f 1239//1239 6567//6567 3668//3668
f 6567//6567 1239//1239 810//810
f 6630//6630 4907//4907 4937//4937
f 4938//4938 6630//6630 4937//4937
f 4908//4908 4939//4939 6465//6465
f 4940//4940 6323//6323 2686//2686
f 4941//4941 6991//6991 4942//4942
f 4868//4868 4942//4942 6991//6991
f 3389//3389 6779//6779 4943//4943
f 4941//4941 4943//4943 6779//6779
f 4942//4942 6925//6925 4943//4943
f 4944//4944 4943//4943 6925//6925
f 3389//3389 4944//4944 3396//3396
f 4982//4982 6466//6466 6666//6666
f 4945//4945 6580//6580 4946//4946
f 4909//4909 4945//4945 1501//1501
f 4909//4909 1663//1663 4945//4945
f 4983//4983 4945//4945 1663//1663
f 4910//4910 1830//1830 4947//4947
f 5910//5910 2174//2174 4948//4948
f 4913//4913 4949//4949 7250//7250
f 4949//4949 4913//4913 3300//3300
f 4985//4985 811//811 4949//4949
f 5751//5751 7146//7146 4951//4951
f 5019//5019 4952//4952 3387//3387
f 6884//6884 3589//3589 3762//3762
f 4953//4953 4954//4954 1664//1664
f 4955//4955 3670//3670 6740//6740
f 4955//4955 6740//6740 6397//6397
f 4917//4917 805//805 3670//3670
f 4992//4992 4956//4956 5024//5024
f 7294//7294 4957//4957 4992//4992
f 4956//4956 4992//4992 4957//4957
f 1611//1611 5024//5024 4993//4993
f 2093//2093 2428//2428 6027//6027
f 4993//4993 6469//6469 6368//6368
f 2428//2428 6698//6698 6469//6469
f 6405//6405 2690//2690 2689//2689
f 2689//2689 2690//2690 4995//4995
f 5025//5025 3041//3041 3391//3391
f 6843//6843 1333//1333 7323//7323
f 7310//7310 1492//1492 1667//1667
f 806//806 4960//4960 2006//2006
f 4962//4962 4961//4961 2591//2591
f 4963//4963 4962//4962 2591//2591
f 4963//4963 3157//3157 4964//4964
f 4876//4876 779//779 3157//3157
f 4962//4962 3137//3137 815//815
f 4964//4964 6222//6222 3137//3137
f 4964//4964 4895//4895 6222//6222
f 3302//3302 6222//6222 3496//3496
f 3857//3857 4965//4965 4895//4895
f 1416//1416 7366//7366 4922//4922
f 4966//4966 4922//4922 7366//7366
f 4922//4922 4967//4967 1416//1416
f 1416//1416 4967//4967 1419//1419
f 4968//4968 4922//4922 1771//1771
f 4923//4923 1753//1753 4968//4968
f 4923//4923 4969//4969 1753//1753
f 1753//1753 4969//4969 2094//2094
f 6769//6769 4970//4970 2866//2866
f 5749//5749 4971//4971 2866//2866
f 4972//4972 4971//4971 6961//6961
f 807//807 4973//4973 6961//6961
f 4972//4972 4973//4973 6477//6477
f 1833//1833 4999//4999 808//808
f 1833//1833 4974//4974 4999//4999
f 5000//5000 4974//4974 2177//2177
f 6167//6167 4975//4975 2592//2592
f 4927//4927 2096//2096 1760//1760
f 1755//1755 4927//4927 1760//1760
f 4976//4976 2096//2096 1913//1913
f 2096//2096 4976//4976 6699//6699
f 4976//4976 4928//4928 4977//4977
f 809//809 7041//7041 2685//2685
f 809//809 4978//4978 3042//3042
f 6192//6192 6554//6554 3394//3394
f 4929//4929 3395//3395 5909//5909
f 5750//5750 3395//3395 3595//3595
f 4931//4931 3766//3766 3395//3395
f 6301//6301 1151//1151 6358//6358
f 1151//1151 6301//6301 6332//6332
f 2013//2013 6332//6332 6301//6301
f 4979//4979 2179//2179 5005//5005
f 7283//7283 7234//7234 3657//3657
f 7234//7234 7283//7283 3493//3493
f 4981//4981 2101//2101 6465//6465
f 6465//6465 4939//4939 4981//4981
f 4981//4981 2437//2437 6629//6629
f 4982//4982 3767//3767 3396//3396
f 4982//4982 1149//1149 3767//3767
f 3131//3131 6256//6256 4948//4948
f 3139//3139 6256//6256 6275//6275
f 3845//3845 4985//4985 1413//1413
f 1920//1920 4951//4951 5752//5752
f 803//803 5751//5751 5747//5747
f 1664//1664 4989//4989 1336//1336
f 4989//4989 3764//3764 1336//1336
f 5021//5021 6724//6724 2065//2065
f 6427//6427 6862//6862 2175//2175
f 812//812 6067//6067 2774//2774
f 6467//6467 2594//2594 817//817
f 2773//2773 6067//6067 812//812
f 6740//6740 3455//3455 3494//3494
f 4957//4957 4991//4991 3670//3670
f 4991//4991 7294//7294 3833//3833
f 4994//4994 6698//6698 2689//2689
f 4994//4994 4995//4995 2598//2598
f 3593//3593 3755//3755 818//818
f 3755//3755 3593//3593 6359//6359
f 2012//2012 4960//4960 806//806
f 5748//5748 5061//5061 1918//1918
f 816//816 7176//7176 6108//6108
f 1840//1840 4999//4999 5911//5911
f 7176//7176 1840//1840 1516//1516
f 1760//1760 5002//5002 1755//1755
f 5003//5003 5002//5002 1760//1760
f 6979//6979 6699//6699 4977//4977
f 3756//3756 3595//3595 3766//3766
f 1341//1341 6903//6903 1151//1151
f 7342//7342 1341//1341 6332//6332
f 5005//5005 6845//6845 4979//4979
f 7012//7012 5006//5006 2514//2514
f 5008//5008 6801//6801 7283//7283
f 6801//6801 5007//5007 3133//3133
f 7185//7185 5008//5008 5069//5069
f 5624//5624 6795//6795 5011//5011
f 820//820 5010//5010 6795//6795
f 3389//3389 5012//5012 5043//5043
f 4983//4983 1494//1494 5014//5014
f 1841//1841 1670//1670 6473//6473
f 4983//4983 5015//5015 1494//1494
f 2949//2949 5044//5044 6275//6275
f 3676//3676 1418//1418 6863//6863
f 2775//2775 6646//6646 6622//6622
f 6842//6842 3390//3390 6884//6884
f 3912//3912 3390//3390 6842//6842
f 6944//6944 5050//5050 3912//3912
f 5021//5021 5022//5022 1664//1664
f 1694//1694 1693//1693 5022//5022
f 2594//2594 6467//6467 2773//2773
f 6766//6766 3455//3455 6740//6740
f 5025//5025 5026//5026 3041//3041
f 821//821 6568//6568 5053//5053
f 7229//7229 6861//6861 822//822
f 1667//1667 7229//7229 813//813
f 814//814 5027//5027 2421//2421
f 5028//5028 2694//2694 5027//5027
f 823//823 5027//5027 2694//2694
f 5028//5028 2953//2953 5059//5059
f 2953//2953 6168//6168 5060//5060
f 5029//5029 6491//6491 3679//3679
f 1416//1416 1419//1419 3679//3679
f 2871//2871 2436//2436 6769//6769
f 5031//5031 2424//2424 2423//2423
f 5031//5031 2347//2347 2424//2424
f 5032//5032 6167//6167 6190//6190
f 3069//3069 5032//5032 3070//3070
f 5098//5098 3459//3459 3662//3662
f 2511//2511 824//824 6846//6846
f 6846//6846 5034//5034 5003//5003
f 2013//2013 1518//1518 6332//6332
f 2514//2514 5066//5066 5101//5101
f 5103//5103 6700//6700 1615//1615
f 2337//2337 5039//5039 820//820
f 5010//5010 820//820 5039//5039
f 5039//5039 2337//2337 5037//5037
f 5038//5038 5037//5037 2337//2337
f 6795//6795 5040//5040 820//820
f 5042//5042 5041//5041 5040//5040
f 5042//5042 5624//5624 5043//5043
f 5012//5012 3596//3596 5043//5043
f 2978//2978 5043//5043 3596//3596
f 1494//1494 1670//1670 7337//7337
f 7374//7374 7337//7337 1670//1670
f 7345//7345 7374//7374 1699//1699
f 3071//3071 5044//5044 6276//6276
f 5017//5017 5046//5046 1973//1973
f 5017//5017 5047//5047 5046//5046
f 5048//5048 2596//2596 5018//5018
f 2979//2979 5048//5048 5049//5049
f 3364//3364 5049//5049 3547//3547
f 3757//3757 3912//3912 5050//5050
f 5758//5758 6732//6732 825//825
f 6673//6673 1891//1891 5023//5023
f 5051//5051 5081//5081 6672//6672
f 2886//2886 3074//3074 817//817
f 1781//1781 5052//5052 1610//1610
f 2155//2155 6674//6674 1974//1974
f 2155//2155 2509//2509 2508//2508
f 2781//2781 5754//5754 2604//2604
f 7089//7089 6722//6722 5054//5054
f 5055//5055 5054//5054 6722//6722
f 822//822 5056//5056 7229//7229
f 7129//7129 5056//5056 1522//1522
f 5056//5056 7129//7129 7089//7089
f 6861//6861 2067//2067 822//822
f 2067//2067 5057//5057 828//828
f 2012//2012 5057//5057 6861//6861
f 828//828 5057//5057 823//823
f 5027//5027 823//823 5057//5057
f 2694//2694 5089//5089 823//823
f 5059//5059 2953//2953 5060//5060
f 2102//2102 6821//6821 7184//7184
f 5062//5062 2871//2871 6109//6109
f 7072//7072 6527//6527 6028//6028
f 2071//2071 7207//7207 835//835
f 835//835 2514//2514 2519//2519
f 6753//6753 7185//7185 5065//5065
f 5065//5065 5101//5101 5066//5066
f 2889//2889 5065//5065 3278//3278
f 3837//3837 5068//5068 5070//5070
f 5069//5069 3657//3657 5068//5068
f 2337//2337 5072//5072 5038//5038
f 5073//5073 5038//5038 5072//5072
f 820//820 5074//5074 2337//2337
f 5040//5040 2784//2784 5074//5074
f 5961//5961 5074//5074 2784//2784
f 3175//3175 6865//6865 3558//3558
f 3596//3596 5075//5075 3558//3558
f 5075//5075 3930//3930 5076//5076
f 3558//3558 5075//5075 837//837
f 5076//5076 3919//3919 837//837
f 5756//5756 5078//5078 2884//2884
f 3499//3499 3836//3836 3276//3276
f 7033//7033 6760//6760 842//842
f 1975//1975 5079//5079 1780//1780
f 1975//1975 2154//2154 5079//5079
f 5079//5079 2161//2161 6764//6764
f 6416//6416 3554//3554 5080//5080
f 6758//6758 6767//6767 3650//3650
f 848//848 847//847 5052//5052
f 848//848 1981//1981 2162//2162
f 5754//5754 6572//6572 5085//5085
f 5085//5085 2604//2604 5754//5754
f 827//827 3760//3760 6223//6223
f 2067//2067 5087//5087 822//822
f 828//828 5088//5088 2067//2067
f 5087//5087 2067//2067 5088//5088
f 5088//5088 828//828 2249//2249
f 2249//2249 828//828 5089//5089
f 823//823 5089//5089 828//828
f 5060//5060 5090//5090 5058//5058
f 5090//5090 5060//5060 3457//3457
f 7108//7108 5090//5090 5960//5960
f 3660//3660 6874//6874 5091//5091
f 5029//5029 6513//6513 3660//3660
f 5094//5094 5912//5912 6821//6821
f 2510//2510 2782//2782 5095//5095
f 5145//5145 5766//5766 2789//2789
f 2981//2981 5096//5096 2782//2782
f 2981//2981 3173//3173 5096//5096
f 819//819 5097//5097 6169//6169
f 819//819 1696//1696 5097//5097
f 5097//5097 1683//1683 5150//5150
f 2257//2257 7106//7106 2425//2425
f 2409//2409 7106//7106 2696//2696
f 854//854 2696//2696 2888//2888
f 7215//7215 1525//1525 834//834
f 5100//5100 835//835 5120//5120
f 835//835 5100//5100 2071//2071
f 836//836 867//867 3837//3837
f 867//867 6225//6225 3837//3837
f 836//836 5103//5103 5102//5102
f 2784//2784 5104//5104 5961//5961
f 5125//5125 5961//5961 5104//5104
f 5041//5041 5105//5105 2784//2784
f 7107//7107 857//857 3175//3175
f 3558//3558 5106//5106 3175//3175
f 1699//1699 5128//5128 7345//7345
f 839//839 5107//5107 838//838
f 3462//3462 6031//6031 841//841
f 7307//7307 2161//2161 2507//2507
f 5108//5108 3917//3917 7090//7090
f 7338//7338 5109//5109 3159//3159
f 5083//5083 5109//5109 2498//2498
f 5109//5109 5083//5083 2604//2604
f 5086//5086 827//827 5959//5959
f 5959//5959 5110//5110 5111//5111
f 5110//5110 5959//5959 7129//7129
f 6193//6193 5111//5111 860//860
f 1522//1522 5087//5087 6772//6772
f 6772//6772 2408//2408 6748//6748
f 860//860 5112//5112 6110//6110
f 2408//2408 6772//6772 5088//5088
f 6733//6733 5114//5114 2524//2524
f 5058//5058 5115//5115 2700//2700
f 5058//5058 7108//7108 5115//5115
f 5092//5092 5960//5960 5091//5091
f 6468//6468 6436//6436 7244//7244
f 1603//1603 6468//6468 6069//6069
f 862//862 1683//1683 2069//2069
f 5152//5152 6029//6029 854//854
f 6030//6030 865//865 1617//1617
f 865//865 1604//1604 855//855
f 6171//6171 3161//3161 3562//3562
f 3563//3563 3161//3161 3174//3174
f 3161//3161 3563//3563 3562//3562
f 1349//1349 6170//6170 833//833
f 1349//1349 5117//5117 1168//1168
f 5119//5119 5118//5118 7215//7215
f 1349//1349 1525//1525 5117//5117
f 5118//5118 1525//1525 7215//7215
f 2519//2519 5120//5120 835//835
f 5121//5121 2704//2704 5120//5120
f 2875//2875 5122//5122 866//866
f 5122//5122 2875//2875 5123//5123
f 3278//3278 6225//6225 5124//5124
f 3278//3278 5124//5124 2889//2889
f 5156//5156 7107//7107 3162//3162
f 5106//5106 3370//3370 7107//7107
f 3162//3162 7107//7107 3370//3370
f 5126//5126 5180//5180 3370//3370
f 5127//5127 3906//3906 3919//3919
f 5180//5180 5126//5126 3906//3906
f 868//868 5180//5180 3906//3906
f 7345//7345 5128//5128 5127//5127
f 5130//5130 5763//5763 2411//2411
f 2891//2891 5159//5159 5131//5131
f 5159//5159 2891//2891 6031//6031
f 841//841 6031//6031 2891//2891
f 3281//3281 6031//6031 3652//3652
f 3462//3462 3666//3666 3652//3652
f 842//842 5132//5132 3666//3666
f 7351//7351 2788//2788 858//858
f 5135//5135 5134//5134 3180//3180
f 870//870 7218//7218 5135//5135
f 859//859 7197//7197 5764//5764
f 846//846 7071//7071 2893//2893
f 7071//7071 3059//3059 3469//3469
f 3059//3059 3470//3470 3282//3282
f 3470//3470 1428//1428 3825//3825
f 1255//1255 5136//5136 5163//5163
f 1772//1772 5137//5137 847//847
f 1985//1985 5138//5138 7257//7257
f 5163//5163 7257//7257 5139//5139
f 7258//7258 1985//1985 2162//2162
f 2498//2498 7258//7258 849//849
f 7338//7338 2611//2611 2498//2498
f 7051//7051 1432//1432 6812//6812
f 5143//5143 1432//1432 7051//7051
f 1432//1432 5143//5143 7110//7110
f 6069//6069 2499//2499 6111//6111
f 2499//2499 5144//5144 6111//6111
f 5095//5095 5145//5145 2499//2499
f 5145//5145 2789//2789 2791//2791
f 2789//2789 5146//5146 2791//2791
f 851//851 5147//5147 2789//2789
f 852//852 5148//5148 6895//6895
f 5150//5150 6534//6534 5149//5149
f 1688//1688 6534//6534 5767//5767
f 2413//2413 5767//5767 862//862
f 5152//5152 6911//6911 2879//2879
f 5169//5169 5152//5152 2879//2879
f 5762//5762 6940//6940 5768//5768
f 865//865 6194//6194 1604//1604
f 1168//1168 3905//3905 1349//1349
f 2253//2253 2078//2078 1900//1900
f 866//866 5154//5154 2875//2875
f 5154//5154 2874//2874 2875//2875
f 5175//5175 866//866 6033//6033
f 6869//6869 2606//2606 5156//5156
f 2971//2971 5156//5156 3162//3162
f 2076//2076 5157//5157 1897//1897
f 5158//5158 2411//2411 6569//6569
f 6569//6569 2411//2411 2525//2525
f 3281//3281 5184//5184 5159//5159
f 3823//3823 3656//3656 3652//3652
f 5160//5160 2793//2793 869//869
f 5160//5160 5134//5134 2972//2972
f 5162//5162 3064//3064 3469//3469
f 3831//3831 3282//3282 3825//3825
f 2611//2611 5770//5770 7258//7258
f 7338//7338 5164//5164 2611//2611
f 7239//7239 2794//2794 3165//3165
f 2794//2794 5164//5164 3165//3165
f 2976//2976 3165//3165 7177//7177
f 5166//5166 6193//6193 860//860
f 2415//2415 5196//5196 6748//6748
f 2415//2415 5167//5167 6833//6833
f 1603//1603 5168//5168 1606//1606
f 6069//6069 6111//6111 1603//1603
f 5206//5206 5168//5168 7131//7131
f 5144//5144 7131//7131 6111//6111
f 1351//1351 5208//5208 6349//6349
f 2879//2879 5170//5170 5169//5169
f 5170//5170 2879//2879 3288//3288
f 2503//2503 2169//2169 5171//5171
f 1900//1900 6294//6294 1509//1509
f 2712//2712 5174//5174 877//877
f 5174//5174 2712//2712 2874//2874
f 2712//2712 2417//2417 2874//2874
f 2417//2417 2712//2712 2711//2711
f 2900//2900 5175//5175 878//878
f 5175//5175 2900//2900 5154//5154
f 6033//6033 7036//7036 3252//3252
f 7367//7367 7360//7360 5625//5625
f 6292//6292 5176//5176 1983//1983
f 2971//2971 3570//3570 874//874
f 5178//5178 5177//5177 3162//3162
f 5180//5180 5178//5178 3370//3370
f 5181//5181 5182//5182 5966//5966
f 1897//1897 7109//7109 7204//7204
f 5157//5157 2080//2080 7109//7109
f 2525//2525 5778//5778 6569//6569
f 3289//3289 5184//5184 3281//3281
f 3656//3656 3281//3281 3652//3652
f 5774//5774 5185//5185 6796//6796
f 2331//2331 869//869 5187//5187
f 3282//3282 5162//5162 3469//3469
f 1438//1438 5189//5189 1609//1609
f 5139//5139 5189//5189 5163//5163
f 2794//2794 7241//7241 5770//5770
f 3753//3753 5191//5191 6432//6432
f 5263//5263 6719//6719 875//875
f 6432//6432 6719//6719 5263//5263
f 1512//1512 5193//5193 881//881
f 5194//5194 5193//5193 5195//5195
f 6748//6748 5196//5196 5194//5194
f 2256//2256 5197//5197 5198//5198
f 882//882 2256//2256 5198//5198
f 5771//5771 2715//2715 5199//5199
f 882//882 5198//5198 2715//2715
f 5202//5202 883//883 5200//5200
f 883//883 5202//5202 3255//3255
f 5204//5204 5201//5201 5203//5203
f 5201//5201 1435//1435 3255//3255
f 5201//5201 5204//5204 1435//1435
f 1432//1432 5204//5204 5203//5203
f 1432//1432 7110//7110 5204//5204
f 2502//2502 2620//2620 7111//7111
f 2502//2502 5146//5146 5207//5207
f 6717//6717 6408//6408 3569//3569
f 3894//3894 3569//3569 5208//5208
f 3894//3894 5208//5208 5209//5209
f 1688//1688 1690//1690 6293//6293
f 5211//5211 7273//7273 2795//2795
f 2997//2997 5212//5212 3166//3166
f 5238//5238 1540//1540 1361//1361
f 1541//1541 5173//5173 6294//6294
f 5173//5173 1541//1541 1540//1540
f 5965//5965 5214//5214 2240//2240
f 2417//2417 2711//2711 2253//2253
f 2240//2240 5215//5215 2398//2398
f 5218//5218 7251//7251 5217//5217
f 6428//6428 7251//7251 5964//5964
f 3738//3738 5220//5220 5966//5966
f 5181//5181 5966//5966 5220//5220
f 5220//5220 3738//3738 5219//5219
f 5290//5290 5219//5219 3738//3738
f 5250//5250 1176//1176 6813//6813
f 5182//5182 6813//6813 1176//1176
f 2080//2080 5221//5221 1901//1901
f 6569//6569 5778//5778 5222//5222
f 2716//2716 5223//5223 5916//5916
f 6825//6825 3289//3289 3656//3656
f 5774//5774 5224//5224 6825//6825
f 5774//5774 1258//1258 5224//5224
f 5969//5969 5224//5224 1258//1258
f 5228//5228 2617//2617 2619//2619
f 2972//2972 7169//7169 2793//2793
f 1355//1355 5230//5230 5229//5229
f 5231//5231 2244//2244 2400//2400
f 5232//5232 2714//2714 2902//2902
f 5233//5233 3477//3477 3830//3830
f 5233//5233 3640//3640 5256//5256
f 7239//7239 5234//5234 2794//2794
f 5917//5917 3002//3002 5190//5190
f 3002//3002 5917//5917 890//890
f 2715//2715 2721//2721 5266//5266
f 6140//6140 3255//3255 1435//1435
f 1440//1440 7113//7113 6765//6765
f 5206//5206 5235//5235 7186//7186
f 5272//5272 6112//6112 3199//3199
f 3894//3894 5236//5236 6112//6112
f 3896//3896 5238//5238 893//893
f 893//893 5239//5239 3896//3896
f 1361//1361 5240//5240 6034//6034
f 5240//5240 1361//1361 1540//1540
f 2398//2398 5241//5241 5283//5283
f 5241//5241 2398//2398 5215//5215
f 877//877 5241//5241 2712//2712
f 2712//2712 5241//5241 2711//2711
f 2900//2900 5918//5918 877//877
f 3252//3252 5244//5244 878//878
f 5242//5242 878//878 5244//5244
f 3816//3816 3435//3435 5242//5242
f 5242//5242 5243//5243 5918//5918
f 7219//7219 3645//3645 5245//5245
f 3816//3816 5245//5245 3645//3645
f 5245//5245 3816//3816 5244//5244
f 7251//7251 6428//6428 2322//2322
f 2322//2322 5217//5217 7251//7251
f 5246//5246 6428//6428 5964//5964
f 6196//6196 5247//5247 887//887
f 5249//5249 5248//5248 1176//1176
f 6813//6813 1901//1901 5250//5250
f 2080//2080 6813//6813 7109//7109
f 2717//2717 2716//2716 5916//5916
f 5251//5251 5916//5916 5183//5183
f 3433//3433 3253//3253 5252//5252
f 5253//5253 896//896 6504//6504
f 2049//2049 6279//6279 7230//7230
f 5231//5231 2049//2049 7230//7230
f 5255//5255 3437//3437 6847//6847
f 2906//2906 3437//3437 5255//5255
f 5324//5324 6847//6847 5257//5257
f 5257//5257 1265//1265 1447//1447
f 1814//1814 5258//5258 1957//1957
f 1447//1447 5258//5258 1814//1814
f 2486//2486 5260//5260 2485//2485
f 2626//2626 5261//5261 2486//2486
f 890//890 5967//5967 5262//5262
f 5264//5264 5309//5309 1512//1512
f 2256//2256 5265//5265 2044//2044
f 2044//2044 5265//5265 881//881
f 2903//2903 7093//7093 2721//2721
f 883//883 5267//5267 2903//2903
f 5267//5267 883//883 3255//3255
f 3259//3259 5267//5267 6070//6070
f 5268//5268 1440//1440 5269//5269
f 6765//6765 5269//5269 1440//1440
f 2325//2325 5270//5270 2487//2487
f 2620//2620 7092//7092 2487//2487
f 7092//7092 2620//2620 2802//2802
f 5271//5271 7324//7324 7092//7092
f 6717//6717 5272//5272 2802//2802
f 6994//6994 1356//1356 1173//1173
f 2052//2052 891//891 5273//5273
f 2052//2052 5273//5273 5274//5274
f 3535//3535 5276//5276 905//905
f 5340//5340 7205//7205 3535//3535
f 5276//5276 3535//3535 7205//7205
f 905//905 5277//5277 6386//6386
f 6034//6034 5278//5278 1361//1361
f 6034//6034 5279//5279 1703//1703
f 2047//2047 5280//5280 5281//5281
f 5280//5280 2047//2047 2240//2240
f 2055//2055 5281//5281 906//906
f 5279//5279 5281//5281 2055//2055
f 2534//2534 5283//5283 5781//5781
f 3445//3445 5284//5284 6775//6775
f 3435//3435 5284//5284 3445//3445
f 5284//5284 3645//3645 5285//5285
f 3645//3645 5284//5284 3816//3816
f 1955//1955 5286//5286 6360//6360
f 1962//1962 5320//5320 5286//5286
f 1811//1811 5286//5286 5320//5320
f 2496//2496 6361//6361 5287//5287
f 5920//5920 2496//2496 5287//5287
f 5288//5288 6428//6428 5246//5246
f 2813//2813 5920//5920 5288//5288
f 5287//5287 5288//5288 5920//5920
f 5289//5289 5247//5247 3196//3196
f 5290//5290 3900//3900 3350//3350
f 3745//3745 5291//5291 894//894
f 5248//5248 894//894 5291//5291
f 5249//5249 1176//1176 5250//5250
f 1547//1547 6258//6258 6421//6421
f 907//907 5322//5322 1547//1547
f 6493//6493 2399//2399 5293//5293
f 2716//2716 5293//5293 2399//2399
f 2716//2716 2717//2717 5293//5293
f 5293//5293 5294//5294 908//908
f 908//908 5294//5294 909//909
f 895//895 5295//5295 5294//5294
f 1270//1270 6454//6454 1264//1264
f 888//888 910//910 1264//1264
f 2139//2139 5297//5297 7007//7007
f 911//911 2323//2323 912//912
f 2619//2619 5780//5780 2625//2625
f 5298//5298 2625//2625 3001//3001
f 5298//5298 3197//3197 913//913
f 897//897 5299//5299 3001//3001
f 5299//5299 897//897 898//898
f 5300//5300 6280//6280 5254//5254
f 6175//6175 5300//5300 1721//1721
f 5300//5300 5254//5254 5301//5301
f 2049//2049 5301//5301 5254//5254
f 2049//2049 1877//1877 5301//5301
f 5302//5302 5301//5301 1877//1877
f 5302//5302 1877//1877 2246//2246
f 5364//5364 5302//5302 6071//6071
f 5303//5303 2246//2246 2533//2533
f 2533//2533 2906//2906 5304//5304
f 5257//5257 5305//5305 5324//5324
f 5307//5307 5262//5262 1179//1179
f 7153//7153 1183//1183 5308//5308
f 5311//5311 6035//6035 7093//7093
f 5626//5626 917//917 5311//5311
f 3259//3259 5332//5332 5626//5626
f 3821//3821 5332//5332 6070//6070
f 3821//3821 5312//5312 899//899
f 5268//5268 899//899 5312//5312
f 5313//5313 1960//1960 900//900
f 5270//5270 1960//1960 5313//5313
f 1960//1960 5270//5270 5335//5335
f 5317//5317 5315//5315 6387//6387
f 2403//2403 5316//5316 5317//5317
f 5316//5316 2403//2403 5275//5275
f 5316//5316 6198//6198 5318//5318
f 5318//5318 919//919 5316//5316
f 6034//6034 1703//1703 5278//5278
f 906//906 5282//5282 920//920
f 3080//3080 3079//3079 2904//2904
f 2534//2534 2904//2904 3079//3079
f 5319//5319 7308//7308 5285//5285
f 7308//7308 5319//5319 1810//1810
f 5782//5782 3350//3350 3900//3900
f 922//922 3745//3745 894//894
f 922//922 5322//5322 907//907
f 923//923 1547//1547 6421//6421
f 924//924 5295//5295 5296//5296
f 925//925 5296//5296 5253//5253
f 2906//2906 5255//5255 5919//5919
f 5323//5323 5919//5919 5255//5255
f 5323//5323 5255//5255 5324//5324
f 5323//5323 3807//3807 6746//6746
f 5257//5257 1447//1447 5305//5305
f 5325//5325 1447//1447 1814//1814
f 1957//1957 5326//5326 1814//1814
f 6227//6227 6730//6730 5327//5327
f 5310//5310 2407//2407 1881//1881
f 5332//5332 3821//3821 3628//3628
f 5332//5332 918//918 5626//5626
f 918//918 5332//5332 3628//3628
f 5629//5629 3628//3628 3821//3821
f 900//900 5333//5333 1448//1448
f 1448//1448 5334//5334 899//899
f 5334//5334 1448//1448 5333//5333
f 2325//2325 6141//6141 5335//5335
f 6141//6141 2325//2325 6774//6774
f 3199//3199 6608//6608 901//901
f 3904//3904 5338//5338 7132//7132
f 3888//3888 6435//6435 7156//7156
f 2990//2990 5339//5339 930//930
f 3535//3535 5339//5339 5340//5340
f 2055//2055 5342//5342 7187//7187
f 906//906 920//920 5343//5343
f 6117//6117 5343//5343 931//931
f 931//931 5344//5344 2730//2730
f 5344//5344 931//931 5343//5343
f 5345//5345 3080//3080 5346//5346
f 3080//3080 5345//5345 3079//3079
f 3086//3086 2730//2730 5345//5345
f 6775//6775 5346//5346 3445//3445
f 3445//3445 5346//5346 3080//3080
f 1810//1810 1277//1277 7308//7308
f 5320//5320 5348//5348 1810//1810
f 2496//2496 1968//1968 1962//1962
f 1962//1962 5347//5347 5320//5320
f 5347//5347 1962//1962 1968//1968
f 1968//1968 6296//6296 5347//5347
f 921//921 5631//5631 2813//2813
f 6910//6910 2635//2635 6908//6908
f 5631//5631 6908//6908 2635//2635
f 5408//5408 6908//6908 5321//5321
f 922//922 7144//7144 3745//3745
f 907//907 1710//1710 5350//5350
f 907//907 1529//1529 1710//1710
f 5351//5351 1529//1529 923//923
f 908//908 5353//5353 2387//2387
f 908//908 909//909 5353//5353
f 924//924 5355//5355 2897//2897
f 2897//2897 5355//5355 3287//3287
f 3630//3630 5356//5356 6856//6856
f 5358//5358 1622//1622 6856//6856
f 5358//5358 7074//7074 1622//1622
f 7074//7074 1964//1964 1965//1965
f 5359//5359 1964//1964 911//911
f 5971//5971 5359//5359 912//912
f 936//936 5971//5971 913//913
f 5632//5632 5365//5365 6071//6071
f 5632//5632 7235//7235 5365//5365
f 5324//5324 5305//5305 3807//3807
f 5368//5368 5329//5329 5330//5330
f 6350//6350 3892//3892 5369//5369
f 6577//6577 5370//5370 1532//1532
f 5391//5391 7334//7334 938//938
f 5629//5629 3635//3635 5373//5373
f 5334//5334 6815//6815 5629//5629
f 5374//5374 2142//2142 939//939
f 1788//1788 5374//5374 1624//1624
f 939//939 5375//5375 7188//7188
f 3184//3184 5923//5923 7050//7050
f 6228//6228 5923//5923 3184//3184
f 3888//3888 7156//7156 6444//6444
f 919//919 5970//5970 5317//5317
f 5970//5970 919//919 5972//5972
f 5972//5972 919//919 2540//2540
f 5428//5428 6816//6816 940//940
f 930//930 5379//5379 2990//2990
f 5380//5380 3086//3086 5346//5346
f 941//941 5380//5380 3271//3271
f 5381//5381 932//932 942//942
f 3356//3356 933//933 5633//5633
f 1710//1710 5382//5382 5350//5350
f 1710//1710 1536//1536 5382//5382
f 5352//5352 7152//7152 5411//5411
f 5354//5354 5383//5383 2732//2732
f 5354//5354 2897//2897 5383//5383
f 7368//7368 944//944 5384//5384
f 2897//2897 3287//3287 5384//5384
f 5385//5385 5362//5362 5363//5363
f 2236//2236 5363//5363 5386//5386
f 7235//7235 3084//3084 5634//5634
f 1275//1275 5417//5417 1454//1454
f 937//937 5387//5387 2479//2479
f 937//937 5388//5388 5387//5387
f 5388//5388 937//937 2637//2637
f 3892//3892 5389//5389 3357//3357
f 6481//6481 1532//1532 5371//5371
f 1532//1532 6481//6481 2063//2063
f 5390//5390 946//946 2063//2063
f 2232//2232 2235//2235 5390//5390
f 5391//5391 5390//5390 2235//2235
f 5394//5394 3635//3635 6815//6815
f 3635//3635 5393//5393 5373//5373
f 5394//5394 1624//1624 5424//5424
f 1624//1624 5394//5394 6815//6815
f 948//948 5394//5394 5424//5424
f 1624//1624 939//939 5425//5425
f 3536//3536 5396//5396 6228//6228
f 6230//6230 6308//6308 6682//6682
f 5636//5636 5378//5378 5972//5972
f 5433//5433 2996//2996 5379//5379
f 3542//3542 5921//5921 930//930
f 930//930 5921//5921 3363//3363
f 7149//7149 5400//5400 6782//6782
f 5400//5400 6780//6780 6782//6782
f 931//931 5402//5402 6117//6117
f 5403//5403 931//931 2730//2730
f 5403//5403 2730//2730 5637//5637
f 2478//2478 5404//5404 1968//1968
f 2478//2478 5406//5406 5404//5404
f 5406//5406 2369//2369 5405//5405
f 5404//5404 5405//5405 2015//2015
f 5407//5407 2369//2369 5406//5406
f 2369//2369 5407//5407 2579//2579
f 3309//3309 2579//2579 6910//6910
f 943//943 5409//5409 5410//5410
f 5409//5409 933//933 5382//5382
f 5410//5410 1166//1166 1738//1738
f 5383//5383 6524//6524 2732//2732
f 5413//5413 944//944 7368//7368
f 3630//3630 1279//1279 5448//5448
f 1965//1965 1969//1969 6199//6199
f 1843//1843 6199//6199 1969//1969
f 2370//2370 1969//1969 935//935
f 952//952 2994//2994 5414//5414
f 3734//3734 5414//5414 3360//3360
f 3869//3869 5414//5414 3734//3734
f 3793//3793 6496//6496 1281//1281
f 1470//1470 1281//1281 5640//5640
f 5387//5387 5783//5783 5418//5418
f 5419//5419 6119//6119 956//956
f 1532//1532 5420//5420 945//945
f 5420//5420 1532//1532 2063//2063
f 946//946 5421//5421 2063//2063
f 946//946 5391//5391 5422//5422
f 5423//5423 3634//3634 5393//5393
f 3634//3634 5423//5423 3964//3964
f 5424//5424 1624//1624 5425//5425
f 948//948 5424//5424 1698//1698
f 1966//1966 7188//7188 5463//5463
f 7188//7188 1966//1966 5426//5426
f 949//949 5426//5426 1966//1966
f 2984//2984 6681//6681 6228//6228
f 6228//6228 5396//5396 2984//2984
f 3545//3545 5427//5427 3536//3536
f 5427//5427 3545//3545 3840//3840
f 5428//5428 5429//5429 2734//2734
f 5432//5432 2546//2546 2640//2640
f 5433//5433 2640//2640 2996//2996
f 3363//3363 5434//5434 5433//5433
f 3363//3363 6974//6974 5434//5434
f 6780//6780 5435//5435 1737//1737
f 964//964 5435//5435 5470//5470
f 3403//3403 6388//6388 6351//6351
f 942//942 7200//7200 5381//5381
f 1649//1649 6037//6037 7200//7200
f 5405//5405 2369//2369 5438//5438
f 2369//2369 5440//5440 5438//5438
f 2579//2579 5440//5440 2369//2369
f 5439//5439 5440//5440 5441//5441
f 5440//5440 2579//2579 2926//2926
f 5441//5441 2926//2926 5443//5443
f 5442//5442 2926//2926 3309//3309
f 5442//5442 3201//3201 5443//5443
f 5444//5444 6639//6639 5442//5442
f 5445//5445 6876//6876 3874//3874
f 1806//1806 5412//5412 5446//5446
f 1806//1806 7259//7259 1536//1536
f 5446//5446 5474//5474 7259//7259
f 5447//5447 3250//3250 3961//3961
f 3961//3961 5449//5449 968//968
f 968//968 5449//5449 7260//7260
f 1843//1843 7115//7115 7260//7260
f 2350//2350 6898//6898 5450//5450
f 5789//5789 7095//7095 2250//2250
f 952//952 3506//3506 5451//5451
f 5452//5452 3311//3311 3869//3869
f 5453//5453 2465//2465 994//994
f 7160//7160 2643//2643 7136//7136
f 7135//7135 5455//5455 5416//5416
f 5457//5457 3793//3793 1281//1281
f 972//972 5457//5457 5477//5477
f 5458//5458 5418//5418 955//955
f 5783//5783 5419//5419 2551//2551
f 5641//5641 3878//3878 6689//6689
f 5460//5460 946//946 5422//5422
f 5460//5460 5483//5483 5421//5421
f 999//999 958//958 2783//2783
f 6802//6802 5462//5462 947//947
f 3555//3555 974//974 5462//5462
f 3964//3964 3393//3393 3634//3634
f 959//959 1698//1698 949//949
f 3117//3117 5464//5464 3077//3077
f 3514//3514 3871//3871 6741//6741
f 6074//6074 6557//6557 6741//6741
f 6517//6517 6074//6074 6230//6230
f 3924//3924 6741//6741 6557//6557
f 6528//6528 5975//5975 6517//6517
f 5507//5507 6705//6705 3966//3966
f 5432//5432 2225//2225 2546//2546
f 5432//5432 2930//2930 5488//5488
f 2930//2930 5468//5468 5488//5488
f 5469//5469 6926//6926 1538//1538
f 5435//5435 964//964 5469//5469
f 7170//7170 5470//5470 965//965
f 5471//5471 3088//3088 3403//3403
f 5471//5471 6351//6351 3610//3610
f 6543//6543 5472//5472 5974//5974
f 5472//5472 5973//5973 5473//5473
f 968//968 5475//5475 3961//3961
f 5458//5458 973//973 5478//5478
f 5478//5478 6335//6335 5477//5477
f 5783//5783 5786//5786 5418//5418
f 5786//5786 5479//5479 6723//6723
f 5783//5783 2551//2551 5786//5786
f 5479//5479 5786//5786 2551//2551
f 6200//6200 3124//3124 984//984
f 3878//3878 5480//5480 6689//6689
f 5503//5503 5480//5480 3878//3878
f 1572//1572 7189//7189 1742//1742
f 986//986 5482//5482 5483//5483
f 5483//5483 5460//5460 6679//6679
f 3964//3964 3636//3636 3393//3393
f 6525//6525 5484//5484 6341//6341
f 5484//5484 6525//6525 949//949
f 1966//1966 5484//5484 949//949
f 2872//2872 3077//3077 5504//5504
f 3077//3077 2872//2872 5486//5486
f 975//975 5486//5486 2872//2872
f 977//977 5528//5528 5506//5506
f 6375//6375 977//977 5466//5466
f 6422//6422 7035//7035 1114//1114
f 5509//5509 5488//5488 3513//3513
f 988//988 3513//3513 6142//6142
f 988//988 6142//6142 6120//6120
f 978//978 6120//6120 6142//6142
f 1752//1752 964//964 5791//5791
f 5791//5791 5470//5470 7170//7170
f 1484//1484 5490//5490 5489//5489
f 991//991 5489//5489 5490//5490
f 5974//5974 5491//5491 1484//1484
f 5490//5490 1484//1484 5491//5491
f 980//980 6637//6637 2565//2565
f 2565//2565 6637//6637 981//981
f 6036//6036 5494//5494 5447//5447
f 1365//1365 5475//5475 968//968
f 1108//1108 5495//5495 1117//1117
f 5495//5495 1108//1108 5475//5475
f 2250//2250 5496//5496 2363//2363
f 5451//5451 5498//5498 5497//5497
f 6752//6752 997//997 996//996
f 6038//6038 5501//5501 6335//6335
f 985//985 7189//7189 3878//3878
f 2113//2113 5485//5485 6041//6041
f 5504//5504 7116//7116 5793//5793
f 3924//3924 5505//5505 3514//3514
f 5527//5527 976//976 6848//6848
f 6593//6593 5509//5509 3513//3513
f 7270//7270 3610//3610 3948//3948
f 1865//1865 5490//5490 5510//5510
f 2034//2034 5510//5510 979//979
f 5645//5645 2034//2034 2208//2208
f 2565//2565 6823//6823 980//980
f 3874//3874 5492//5492 966//966
f 1222//1222 6743//6743 6143//6143
f 5792//5792 2917//2917 993//993
f 5513//5513 1004//1004 6497//6497
f 5514//5514 6930//6930 5500//5500
f 995//995 6803//6803 7006//7006
f 7006//7006 996//996 7002//7002
f 5515//5515 997//997 1008//1008
f 1459//1459 5516//5516 6373//6373
f 983//983 2920//2920 6077//6077
f 984//984 2920//2920 983//983
f 1010//1010 5976//5976 998//998
f 998//998 5519//5519 1010//1010
f 1572//1572 1723//1723 998//998
f 5520//5520 1723//1723 1749//1749
f 6663//6663 5521//5521 5520//5520
f 1012//1012 6040//6040 3498//3498
f 5546//5546 1001//1001 1013//1013
f 5546//5546 1012//1012 3811//3811
f 1013//1013 5522//5522 6043//6043
f 2113//2113 6041//6041 2184//2184
f 2563//2563 987//987 5524//5524
f 5548//5548 2597//2597 5570//5570
f 5525//5525 5504//5504 1014//1014
f 5504//5504 5525//5525 987//987
f 1015//1015 1320//1320 1016//1016
f 5527//5527 1890//1890 1714//1714
f 5528//5528 1018//1018 6848//6848
f 5529//5529 7371//7371 3208//3208
f 5530//5530 5528//5528 5529//5529
f 5533//5533 5508//5508 3102//3102
f 1404//1404 3866//3866 7076//7076
f 6120//6120 989//989 3707//3707
f 7076//7076 989//989 5534//5534
f 990//990 5534//5534 989//989
f 6121//6121 6879//6879 5534//5534
f 1398//1398 5534//5534 6879//6879
f 5539//5539 5538//5538 6857//6857
f 3708//3708 1222//1222 5539//5539
f 5557//5557 5556//5556 5511//5511
f 5540//5540 2053//2053 2171//2171
f 2053//2053 5540//5540 2844//2844
f 5540//5540 6933//6933 2844//2844
f 3345//3345 5512//5512 7236//7236
f 1019//1019 1010//1010 5519//5519
f 6362//6362 1019//1019 5542//5542
f 5521//5521 1949//1949 6202//6202
f 1558//1558 6202//6202 1949//1949
f 5543//5543 1949//1949 5521//5521
f 1011//1011 5794//5794 6039//6039
f 6886//6886 5545//5545 3955//3955
f 3955//3955 5545//5545 5547//5547
f 5546//5546 5547//5547 1012//1012
f 6043//6043 2184//2184 2160//2160
f 5570//5570 2597//2597 5524//5524
f 5979//5979 7139//7139 5795//5795
f 1339//1339 5549//5549 1128//1128
f 5549//5549 1339//1339 5550//5550
f 2037//2037 5550//5550 1339//1339
f 2037//2037 1874//1874 5550//5550
f 1874//1874 5581//5581 5550//5550
f 1874//1874 5551//5551 5581//5581
f 6406//6406 5552//5552 5553//5553
f 6406//6406 5537//5537 6482//6482
f 6482//6482 7118//7118 5554//5554
f 1024//1024 5554//5554 7118//7118
f 5556//5556 5555//5555 1222//1222
f 1950//1950 5555//5555 5556//5556
f 5555//5555 1950//1950 1405//1405
f 3520//3520 5559//5559 2917//2917
f 5558//5558 5559//5559 1029//1029
f 1004//1004 5797//5797 5559//5559
f 6726//6726 5797//5797 1406//1406
f 1406//1406 5797//5797 5560//5560
f 2129//2129 5561//5561 2458//2458
f 7014//7014 3214//3214 6263//6263
f 1007//1007 6324//6324 3626//3626
f 5562//5562 6324//6324 1007//1007
f 6324//6324 5562//5562 1129//1129
f 5515//5515 5562//5562 1007//1007
f 1129//1129 5562//5562 5563//5563
f 5564//5564 5583//5583 1993//1993
f 5584//5584 5583//5583 2212//2212
f 1949//1949 2084//2084 1558//1558
f 2086//2086 1558//1558 2084//2084
f 1020//1020 5565//5565 5566//5566
f 5565//5565 1020//1020 5543//5543
f 5588//5588 6886//6886 5567//5567
f 1127//1127 1618//1618 5568//5568
f 2184//2184 2573//2573 2160//2160
f 2573//2573 2152//2152 2160//2160
f 1014//1014 5569//5569 5525//5525
f 5525//5525 5569//5569 5570//5570
f 3696//3696 5571//5571 1014//1014
f 5526//5526 1015//1015 3696//3696
f 1018//1018 5928//5928 1890//1890
f 1890//1890 5928//5928 1017//1017
f 5573//5573 1017//1017 5928//5928
f 5528//5528 5530//5530 1018//1018
f 3208//3208 5575//5575 5530//5530
f 5978//5978 5530//5530 5575//5575
f 5575//5575 3208//3208 5576//5576
f 3771//3771 5578//5578 5594//5594
f 2040//2040 6494//6494 2582//2582
f 5926//5926 6177//6177 1466//1466
f 5582//5582 1406//1406 5927//5927
f 5585//5585 1045//1045 2957//2957
f 2086//2086 6582//6582 5586//5586
f 2086//2086 5586//5586 1558//1558
f 5794//5794 3621//3621 5544//5544
f 2854//2854 5587//5587 2880//2880
f 5544//5544 5565//5565 5543//5543
f 5565//5565 5544//5544 5587//5587
f 5588//5588 5567//5567 3577//3577
f 5590//5590 2419//2419 5929//5929
f 2762//2762 5591//5591 1046//1046
f 1046//1046 5591//5591 5601//5601
f 5980//5980 3776//3776 5579//5579
f 5596//5596 7276//7276 6177//6177
f 5596//5596 6177//6177 1998//1998
f 5597//5597 2188//2188 3147//3147
f 5598//5598 1030//1030 1673//1673
f 1129//1129 1495//1495 1673//1673
f 2854//2854 5607//5607 5600//5600
f 5601//5601 5592//5592 6047//6047
f 3776//3776 5980//5980 1157//1157
f 2360//2360 5595//5595 2582//2582
f 5595//5595 2360//2360 1052//1052
f 1052//1052 2360//2360 1562//1562
f 2767//2767 2582//2582 1053//1053
f 2767//2767 5602//5602 1826//1826
f 1074//1074 3487//3487 1075//1075
f 1596//1596 2090//2090 1076//1076
f 5598//5598 7017//7017 3943//3943
f 6442//6442 1762//1762 1144//1144
f 6248//6248 7281//7281 1828//1828
f 5603//5603 3698//3698 5599//5599
f 1600//1600 6805//6805 1914//1914
f 2880//2880 5607//5607 2854//2854
f 3577//3577 5606//5606 2880//2880
f 5607//5607 2880//2880 5606//5606
f 1145//1145 1318//1318 1083//1083
f 1083//1083 7220//7220 1084//1084
f 1084//1084 1060//1060 2394//2394
f 1046//1046 5601//5601 1085//1085
f 3716//3716 3879//3879 40//40
f 1650//1650 1847//1847 1485//1485
f 3316//3316 3329//3329 5991//5991
f 81//81 6675//6675 3879//3879
f 6680//6680 1206//1206 1383//1383
f 1931//1931 2109//2109 3982//3982
f 2304//2304 2466//2466 3983//3983
f 2650//2650 2824//2824 3984//3984
f 3030//3030 3220//3220 3985//3985
f 3410//3410 3602//3602 3986//3986
f 3799//3799 3965//3965 3987//3987
f 1288//1288 1100//1100 3988//3988
f 1654//1654 1481//1481 3989//3989
f 2024//2024 1852//1852 6828//6828
f 2379//2379 2224//2224 3990//3990
f 2743//2743 2553//2553 3991//3991
f 7314//7314 2938//2938 3992//3992
f 3501//3501 3318//3318 3508//3508
f 5648//5648 3325//3325 3318//3318
f 1384//1384 3993//3993 3721//3721
f 1745//1745 1569//1569 3995//3995
f 2111//2111 1932//1932 3996//3996
f 2467//2467 2305//2305 3997//3997
f 2825//2825 2651//2651 3998//3998
f 3221//3221 3031//3031 3999//3999
f 3603//3603 3412//3412 4000//4000
f 1101//1101 1289//1289 4002//4002
f 1483//1483 1655//1655 4003//4003
f 1854//1854 2025//2025 4004//4004
f 2555//2555 2744//2744 4006//4006
f 2931//2931 6838//6838 2940//2940
f 6787//6787 3129//3129 6838//6838
f 4008//4008 3326//3326 4007//4007
f 1204//1204 1386//1386 4010//4010
f 1570//1570 1747//1747 4011//4011
f 1933//1933 7077//7077 4012//4012
f 6905//6905 2469//2469 4013//4013
f 2652//2652 2827//2827 4014//4014
f 3032//3032 3223//3223 4015//4015
f 3413//3413 3605//3605 6852//6852
f 1094//1094 1291//1291 3801//3801
f 6619//6619 1216//1216 3726//3726
f 82//82 1394//1394 1206//1206
f 83//83 5833//5833 6122//6122
f 88//88 132//132 3511//3511
f 3702//3702 88//88 3884//3884
f 1217//1217 133//133 5838//5838
f 90//90 135//135 1750//1750
f 2309//2309 5839//5839 2118//2118
f 93//93 6236//6236 6124//6124
f 5843//5843 138//138 3326//3326
f 5844//5844 138//138 5843//5843
f 1116//1116 1102//1102 5990//5990
f 7298//7298 4047//4047 1636//1636
f 4048//4048 6781//6781 2383//2383
f 96//96 4048//4048 2383//2383
f 1942//1942 102//102 7322//7322
f 103//103 2287//2287 6125//6125
f 110//110 154//154 1457//1457
f 6129//6129 111//111 2908//2908
f 126//126 2666//2666 5834//5834
f 2036//2036 129//129 1862//1862
f 131//131 2755//2755 6946//6946
f 132//132 3521//3521 3331//3331
f 133//133 3862//3862 3702//3702
f 134//134 6978//6978 1217//1217
f 135//135 207//207 6080//6080
f 136//136 6267//6267 1105//1105
f 6079//6079 1302//1302 1310//1310
f 7298//7298 1122//1122 1116//1116
f 143//143 2756//2756 2566//2566
f 144//144 3108//3108 2915//2915
f 145//145 5659//5659 3334//3334
f 146//146 3865//3865 3705//3705
f 147//147 1399//1399 1218//1218
f 148//148 2453//2453 2287//2287
f 149//149 2845//2845 2664//2664
f 150//150 3209//3209 3010//3010
f 151//151 3620//3620 3423//3423
f 152//152 3954//3954 3784//3784
f 153//153 1124//1124 1305//1305
f 154//154 6049//6049 6081//6081
f 163//163 2673//2673 2841//2841
f 164//164 3018//3018 3205//3205
f 165//165 3427//3427 3616//3616
f 166//166 3788//3788 3950//3950
f 167//167 1311//1311 1118//1118
f 168//168 1641//1641 1462//1462
f 169//169 2039//2039 1866//1866
f 6089//6089 4049//4049 5992//5992
f 6232//6232 6343//6343 2288//2288
f 202//202 3210//3210 3011//3011
f 203//203 3622//3622 3424//3424
f 170//170 1872//1872 2036//2036
f 172//172 204//204 2755//2755
f 173//173 205//205 3105//3105
f 174//174 206//206 3521//3521
f 175//175 247//247 3862//3862
f 5861//5861 6475//6475 5993//5993
f 211//211 6179//6179 1120//1120
f 1464//1464 1314//1314 1122//1122
f 178//178 213//213 2756//2756
f 179//179 214//214 3108//3108
f 180//180 215//215 5659//5659
f 181//181 216//216 3865//3865
f 182//182 217//217 1399//1399
f 218//218 5661//5661 5662//5662
f 185//185 220//220 2845//2845
f 186//186 221//221 3209//3209
f 187//187 222//222 3620//3620
f 188//188 223//223 3954//3954
f 189//189 265//265 1124//1124
f 225//225 5869//5869 1869//1869
f 159//159 229//229 1223//1223
f 160//160 230//230 1557//1557
f 6249//6249 231//231 1947//1947
f 192//192 5874//5874 2293//2293
f 193//193 7255//7255 2673//2673
f 194//194 232//232 3018//3018
f 195//195 233//233 3427//3427
f 196//196 234//234 3788//3788
f 197//197 235//235 1311//1311
f 198//198 236//236 1641//1641
f 199//199 5871//5871 2039//2039
f 204//204 2580//2580 5651//5651
f 205//205 7121//7121 5652//5652
f 206//206 3479//3479 5653//5653
f 247//247 3848//3848 5654//5654
f 5860//5860 5993//5993 249//249
f 5655//5655 253//253 5994//5994
f 5865//5865 254//254 6315//6315
f 5866//5866 255//255 6261//6261
f 5867//5867 257//257 6456//6456
f 211//211 1120//1120 1313//1313
f 212//212 1132//1132 1314//1314
f 4066//4066 212//212 1642//1642
f 213//213 2763//2763 5657//5657
f 214//214 6891//6891 5658//5658
f 215//215 3482//3482 5659//5659
f 217//217 1409//1409 5660//5660
f 218//218 1764//1764 5661//5661
f 220//220 6818//6818 5663//5663
f 221//221 3239//3239 5664//5664
f 222//222 3576//3576 7056//7056
f 223//223 3933//3933 5665//5665
f 265//265 1134//1134 5666//5666
f 228//228 269//269 3868//3868
f 229//229 270//270 1407//1407
f 232//232 3048//3048 5668//5668
f 233//233 3379//3379 5669//5669
f 234//234 3774//3774 5670//5670
f 235//235 1321//1321 5671//5671
f 236//236 1674//1674 7363//7363
f 5871//5871 2000//2000 5672//5672
f 200//200 2356//2356 2185//2185
f 278//278 200//200 5673//5673
f 238//238 1766//1766 279//279
f 6374//6374 7354//7354 6325//6325
f 239//239 2275//2275 6340//6340
f 240//240 2855//2855 2675//2675
f 241//241 3241//3241 6281//6281
f 242//242 7237//7237 6282//6282
f 243//243 3934//3934 6283//6283
f 244//244 1136//1136 6284//6284
f 6052//6052 1498//1498 1671//1671
f 4050//4050 4106//4106 5676//5676
f 4071//4071 292//292 7121//7121
f 5859//5859 6505//6505 2085//2085
f 4056//4056 3051//3051 250//250
f 4057//4057 7158//7158 252//252
f 4058//4058 2002//2002 1817//1817
f 4061//4061 3151//3151 6945//6945
f 4062//4062 3485//3485 3291//3291
f 6285//6285 3852//3852 3683//3683
f 4063//4063 1411//1411 1227//1227
f 4074//4074 2856//2856 6183//6183
f 4077//4077 5682//5682 2353//2353
f 3482//3482 7271//7271 298//298
f 215//215 7271//7271 3482//3482
f 216//216 4080//4080 3849//3849
f 4081//4081 300//300 1409//1409
f 6053//6053 7008//7008 4067//4067
f 4052//4052 4067//4067 7008//7008
f 4083//4083 302//302 6818//6818
f 4084//4084 7372//7372 3933//3933
f 6054//6054 2955//2955 6328//6328
f 4086//4086 306//306 7097//7097
f 4087//4087 3298//3298 3293//3293
f 4088//4088 3695//3695 3685//3685
f 4090//4090 1598//1598 1588//1588
f 4091//4091 6149//6149 1905//1905
f 5874//5874 7078//7078 2271//2271
f 4092//4092 271//271 7255//7255
f 4093//4093 3245//3245 3048//3048
f 4094//4094 3582//3582 3379//3379
f 4095//4095 3938//3938 3774//3774
f 4096//4096 1139//1139 1321//1321
f 4097//4097 2361//2361 2356//2356
f 321//321 320//320 2855//2855
f 6892//6892 3777//3777 3934//3934
f 4106//4106 1677//1677 1498//1498
f 2190//2190 4069//4069 6881//6881
f 2351//2351 290//290 6881//6881
f 2958//2958 4070//4070 246//246
f 6345//6345 3295//3295 6462//6462
f 4072//4072 294//294 6345//6345
f 6390//6390 1231//1231 4072//4072
f 4108//4108 2444//2444 5872//5872
f 4109//4109 3246//3246 3051//3051
f 4110//4110 3583//3583 3380//3380
f 4111//4111 3940//3940 7158//7158
f 6131//6131 1140//1140 1323//1323
f 4141//4141 1502//1502 6518//6518
f 4112//4112 1824//1824 2002//2002
f 4114//4114 6365//6365 2764//2764
f 4115//4115 2964//2964 3151//3151
f 4116//4116 3297//3297 3485//3485
f 4117//4117 3692//3692 3852//3852
f 4118//4118 1232//1232 1411//1411
f 331//331 2279//2279 2440//2440
f 6133//6133 3590//3590 3578//3578
f 5873//5873 5680//5680 1324//1324
f 4076//4076 260//260 5682//5682
f 4077//4077 261//261 2583//2583
f 4081//4081 262//262 1591//1591
f 6734//6734 2445//2445 4082//4082
f 264//264 301//301 6734//6734
f 3239//3239 303//303 3053//3053
f 304//304 3585//3585 3381//3381
f 1325//1325 4084//4084 6950//6950
f 4128//4128 1505//1505 1676//1676
f 306//306 4086//4086 3298//3298
f 3293//3293 3298//3298 4086//4086
f 3491//3491 4087//4087 3695//3695
f 3685//3685 3695//3695 4087//4087
f 308//308 4089//4089 1598//1598
f 1588//1588 1598//1598 4089//4089
f 1905//1905 6149//6149 4090//4090
f 2271//2271 2282//2282 4091//4091
f 4092//4092 7255//7255 3245//3245
f 4093//4093 272//272 3582//3582
f 4094//4094 273//273 3938//3938
f 4095//4095 274//274 1139//1139
f 4096//4096 275//275 1500//1500
f 1681//1681 1674//1674 6882//6882
f 2000//2000 277//277 2361//2361
f 4097//4097 278//278 2768//2768
f 317//317 4101//4101 1766//1766
f 4102//4102 7364//7364 318//318
f 4105//4105 3388//3388 3382//3382
f 3777//3777 4105//4105 281//281
f 1327//1327 6892//6892 282//282
f 1677//1677 1489//1489 1498//1498
f 4135//4135 2173//2173 2358//2358
f 6696//6696 6610//6610 6215//6215
f 2444//2444 6696//6696 283//283
f 4108//4108 2430//2430 2444//2444
f 325//325 6297//6297 3246//3246
f 3051//3051 3246//3246 6297//6297
f 326//326 4109//4109 3583//3583
f 3380//3380 3583//3583 4109//4109
f 7158//7158 3940//3940 4110//4110
f 1323//1323 1140//1140 4111//4111
f 2357//2357 2194//2194 4112//4112
f 3151//3151 2964//2964 4114//4114
f 327//327 4115//4115 3297//3297
f 3485//3485 3297//3297 4115//4115
f 328//328 4116//4116 3692//3692
f 3852//3852 3692//3692 4116//4116
f 329//329 4117//4117 1232//1232
f 1411//1411 1232//1232 4117//4117
f 5686//5686 4118//4118 1594//1594
f 1768//1768 1594//1594 4118//4118
f 2440//2440 2279//2279 330//330
f 332//332 6788//6788 6184//6184
f 6720//6720 6133//6133 1141//1141
f 4065//4065 1324//1324 6133//6133
f 2011//2011 296//296 4121//4121
f 5875//5875 4121//4121 296//296
f 4122//4122 2590//2590 297//297
f 4123//4123 2945//2945 6935//6935
f 3488//3488 4123//4123 298//298
f 4124//4124 3301//3301 3488//3488
f 3856//3856 4124//4124 299//299
f 4125//4125 3671//3671 3856//3856
f 1412//1412 4125//4125 300//300
f 4127//4127 1578//1578 6603//6603
f 1915//1915 4127//4127 7081//7081
f 4145//4145 2263//2263 2445//2445
f 4146//4146 2688//2688 2861//2861
f 4147//4147 3039//3039 3248//3248
f 4148//4148 5690//5690 3585//3585
f 4149//4149 1334//1334 1142//1142
f 333//333 1661//1661 1505//1505
f 4129//4129 286//286 5609//5609
f 4150//4150 5609//5609 6055//6055
f 3695//3695 3841//3841 3491//3491
f 339//339 313//313 1681//1681
f 5610//5610 1579//1579 2098//2098
f 4133//4133 1916//1916 2091//2091
f 7080//7080 4133//4133 319//319
f 343//343 320//320 2863//2863
f 4105//4105 4155//4155 3388//3388
f 4156//4156 3763//3763 3925//3925
f 344//344 5876//5876 1489//1489
f 6298//6298 1662//1662 1489//1489
f 6298//6298 322//322 2008//2008
f 4135//4135 346//346 2173//2173
f 347//347 293//293 3669//3669
f 6453//6453 3669//3669 293//293
f 1231//1231 1235//1235 4136//4136
f 349//349 4137//4137 1577//1577
f 6539//6539 1577//1577 4137//4137
f 2194//2194 4142//4142 6318//6318
f 4119//4119 5981//5981 332//332
f 4169//4169 5936//5936 2590//2590
f 4170//4170 3136//3136 2945//2945
f 4171//4171 3495//3495 3301//3301
f 4172//4172 3842//3842 3671//3671
f 4173//4173 1415//1415 1237//1237
f 4174//4174 1757//1757 1578//1578
f 355//355 2099//2099 1915//1915
f 356//356 2432//2432 2263//2263
f 357//357 2868//2868 2688//2688
f 358//358 3231//3231 3039//3039
f 358//358 4147//4147 5690//5690
f 3585//3585 5690//5690 4147//4147
f 1142//1142 1334//1334 6605//6605
f 360//360 4149//4149 1661//1661
f 1505//1505 1661//1661 4149//4149
f 4176//4176 1836//1836 2007//2007
f 336//336 363//363 6134//6134
f 1669//1669 6959//6959 340//340
f 6959//6959 1669//1669 339//339
f 4188//4188 1834//1834 341//341
f 1579//1579 5610//5610 1919//1919
f 4192//4192 2100//2100 1916//1916
f 369//369 3591//3591 3388//3388
f 370//370 4156//4156 6094//6094
f 4196//4196 1519//1519 1662//1662
f 323//323 6215//6215 4157//4157
f 6610//6610 2435//2435 4159//4159
f 6981//6981 4138//4138 4199//4199
f 4138//4138 325//325 4199//4199
f 4160//4160 3928//3928 4140//4140
f 3592//3592 4140//4140 3928//3928
f 4161//4161 1153//1153 6135//6135
f 374//374 4160//4160 1153//1153
f 4160//4160 6135//6135 1153//1153
f 375//375 4161//4161 6754//6754
f 4164//4164 3454//3454 4163//4163
f 376//376 4163//4163 3454//3454
f 4165//4165 3677//3677 3674//3674
f 377//377 4164//4164 3677//3677
f 3674//3674 3677//3677 4164//4164
f 351//351 1241//1241 1240//1240
f 378//378 4165//4165 1241//1241
f 1240//1240 1241//1241 4165//4165
f 2504//2504 352//352 2265//2265
f 5981//5981 6330//6330 3548//3548
f 4143//4143 2011//2011 1839//1839
f 4211//4211 2182//2182 2345//2345
f 4169//4169 3136//3136 384//384
f 385//385 2952//2952 3136//3136
f 386//386 3305//3305 3495//3495
f 387//387 3678//3678 3842//3842
f 388//388 1242//1242 1415//1415
f 389//389 4174//4174 2099//2099
f 1915//1915 2099//2099 4174//4174
f 390//390 4175//4175 1836//1836
f 2007//2007 1836//1836 4175//4175
f 4177//4177 2183//2183 2346//2346
f 391//391 4176//4176 2183//2183
f 2346//2346 2183//2183 4176//4176
f 392//392 4177//4177 4178//4178
f 5879//5879 2954//2954 3138//3138
f 393//393 4179//4179 2954//2954
f 394//394 5879//5879 7020//7020
f 3841//3841 3680//3680 335//335
f 335//335 3680//3680 6186//6186
f 395//395 4180//4180 1243//1243
f 1417//1417 1243//1243 4180//4180
f 4181//4181 2266//2266 2433//2433
f 396//396 4181//4181 2869//2869
f 3043//3043 5687//5687 4184//4184
f 3397//3397 4184//4184 5687//5687
f 1338//1338 4186//4186 7049//7049
f 1669//1669 4187//4187 365//365
f 6762//6762 4190//4190 6807//6807
f 401//401 4154//4154 1759//1759
f 4229//4229 401//401 1759//1759
f 2100//2100 4191//4191 1919//1919
f 4192//4192 2434//2434 4193//4193
f 2870//2870 2434//2434 343//343
f 6643//6643 4195//4195 1519//1519
f 1662//1662 1519//1519 4195//4195
f 2344//2344 6003//6003 7209//7209
f 4197//4197 346//346 6092//6092
f 6092//6092 6413//6413 4197//4197
f 3303//3303 6004//6004 6967//6967
f 3675//3675 6002//6002 347//347
f 1235//1235 1420//1420 348//348
f 4198//4198 1581//1581 1761//1761
f 1581//1581 4198//4198 349//349
f 4200//4200 2064//2064 1838//1838
f 4201//4201 2258//2258 2181//2181
f 409//409 4200//4200 2258//2258
f 2181//2181 2258//2258 4200//4200
f 410//410 4201//4201 2692//2692
f 2593//2593 2692//2692 4201//4201
f 411//411 6914//6914 3065//3065
f 2950//2950 3065//3065 6914//6914
f 4202//4202 1778//1778 1583//1583
f 4203//4203 2149//2149 1921//1921
f 412//412 4202//4202 2149//2149
f 1921//1921 2149//2149 4202//4202
f 2504//2504 4204//4204 4203//4203
f 6185//6185 5691//5691 381//381
f 4205//4205 4166//4166 4207//4207
f 7285//7285 4207//4207 4166//4166
f 3548//3548 414//414 6095//6095
f 383//383 2066//2066 5692//5692
f 4244//4244 2693//2693 2595//2595
f 4245//4245 3067//3067 2952//2952
f 5983//5983 3456//3456 3305//3305
f 4212//4212 355//355 2432//2432
f 2432//2432 2505//2505 4212//4212
f 4213//4213 356//356 2868//2868
f 2868//2868 2776//2776 4213//4213
f 6152//6152 4214//4214 3231//3231
f 6635//6635 3170//3170 358//358
f 4216//4216 1668//1668 1515//1515
f 1668//1668 4216//4216 360//360
f 4217//4217 1422//1422 1243//1243
f 4218//4218 1779//1779 1585//1585
f 421//421 4217//4217 1779//1779
f 1585//1585 1779//1779 4217//4217
f 4219//4219 2151//2151 1922//1922
f 422//422 4218//4218 2151//2151
f 1922//1922 2151//2151 4218//4218
f 423//423 4219//4219 2506//2506
f 2266//2266 2506//2506 4219//4219
f 1697//1697 4223//4223 4225//4225
f 424//424 4224//4224 4226//4226
f 4289//4289 4230//4230 7278//7278
f 3232//3232 7278//7278 4230//4230
f 3927//3927 3915//3915 4232//4232
f 4233//4233 6685//6685 6936//6936
f 429//429 6697//6697 6685//6685
f 430//430 4233//4233 2778//2778
f 4235//4235 3172//3172 6913//6913
f 5700//5700 4234//4234 3172//3172
f 4236//4236 3553//3553 3398//3398
f 431//431 4235//4235 3553//3553
f 4237//4237 3916//3916 3754//3754
f 432//432 4236//4236 3916//3916
f 4238//4238 1159//1159 1342//1342
f 433//433 4237//4237 1159//1159
f 434//434 4238//4238 6319//6319
f 7174//7174 2885//2885 3065//3065
f 4240//4240 3658//3658 3832//3832
f 4239//4239 3658//3658 435//435
f 4241//4241 1247//1247 1421//1421
f 436//436 4240//4240 1247//1247
f 1421//1421 1247//1247 4240//4240
f 437//437 4241//4241 1613//1613
f 1778//1778 1613//1613 4241//4241
f 438//438 3559//3559 4242//4242
f 414//414 4242//4242 3559//3559
f 440//440 383//383 2420//2420
f 2182//2182 2420//2420 383//383
f 441//441 4244//4244 3067//3067
f 2952//2952 3067//3067 4244//4244
f 442//442 4245//4245 3456//3456
f 3305//3305 3456//3456 4245//4245
f 4246//4246 387//387 1242//1242
f 1242//1242 5694//5694 4246//4246
f 4247//4247 388//388 1584//1584
f 1584//1584 5695//5695 4247//4247
f 5696//5696 2150//2150 1977//1977
f 4248//4248 390//390 1886//1886
f 4250//4250 2259//2259 2422//2422
f 447//447 4249//4249 2259//2259
f 4251//4251 2516//2516 2695//2695
f 4279//4279 4250//4250 2516//2516
f 449//449 2887//2887 3068//3068
f 448//448 4251//4251 2887//2887
f 4252//4252 5881//5881 3458//3458
f 449//449 3458//3458 5881//5881
f 4253//4253 3661//3661 3834//3834
f 4280//4280 4252//4252 3661//3661
f 4281//4281 4253//4253 1248//1248
f 4254//4254 2338//2338 2506//2506
f 4255//4255 2601//2601 2777//2777
f 450//450 4254//4254 2601//2601
f 2777//2777 2601//2601 4254//4254
f 4256//4256 2982//2982 3171//3171
f 451//451 4255//4255 2982//2982
f 3171//3171 2982//2982 4255//4255
f 4257//4257 3368//3368 3551//3551
f 452//452 4256//4256 3368//3368
f 3551//3551 3368//3368 4256//4256
f 3368//3368 4257//4257 4283//4283
f 6299//6299 4220//4220 6286//6286
f 4220//4220 4186//4186 4222//4222
f 453//453 4221//4221 4285//4285
f 4285//4285 4221//4221 4187//4187
f 3072//3072 4227//4227 400//400
f 5942//5942 4229//4229 4260//4260
f 2691//2691 2602//2602 6854//6854
f 457//457 6975//6975 402//402
f 2883//2883 5884//5884 7312//7312
f 1761//1761 6686//6686 4264//4264
f 5700//5700 2603//2603 2778//2778
f 431//431 2983//2983 3172//3172
f 432//432 6005//6005 3553//3553
f 433//433 3759//3759 3916//3916
f 4266//4266 2698//2698 2515//2515
f 462//462 4266//4266 2892//2892
f 4267//4267 463//463 1783//1783
f 4268//4268 2157//2157 1976//1976
f 463//463 4267//4267 2157//2157
f 1976//1976 2157//2157 4267//4267
f 464//464 4268//4268 2342//2342
f 7024//7024 2342//2342 4268//4268
f 466//466 2785//2785 5940//5940
f 2599//2599 2785//2785 465//465
f 4269//4269 3176//3176 2980//2980
f 2980//2980 3176//3176 6058//6058
f 4269//4269 3559//3559 4301//4301
f 3559//3559 4269//4269 414//414
f 415//415 6136//6136 4270//4270
f 1701//1701 4271//4271 1521//1521
f 469//469 439//439 6007//6007
f 2066//2066 6007//6007 439//439
f 2693//2693 4273//4273 417//417
f 4279//4279 7330//7330 2259//2259
f 448//448 2701//2701 2516//2516
f 4280//4280 3465//3465 5881//5881
f 3076//3076 5882//5882 487//487
f 4281//4281 3839//3839 3661//3661
f 422//422 5941//5941 1614//1614
f 4282//4282 2159//2159 473//473
f 2159//2159 4282//4282 2512//2512
f 4284//4284 1524//1524 4285//4285
f 4286//4286 1893//1893 2070//2070
f 1684//1684 4284//4284 1893//1893
f 2070//2070 1893//1893 4284//4284
f 4287//4287 2261//2261 2426//2426
f 474//474 4286//4286 2261//2261
f 475//475 4287//4287 2518//2518
f 6636//6636 6640//6640 428//428
f 4292//4292 6839//6839 2072//2072
f 494//494 478//478 5883//5883
f 5703//5703 6009//6009 3461//3461
f 7058//7058 5699//5699 2156//2156
f 458//458 7267//7267 4265//4265
f 3758//3758 3374//3374 6005//6005
f 4298//4298 4346//4346 1346//1346
f 5885//5885 1700//1700 6742//6742
f 460//460 1894//1894 6742//6742
f 462//462 2521//2521 2698//2698
f 482//482 3279//3279 3463//3463
f 2892//2892 3463//3463 3279//3279
f 3838//3838 6337//6337 3667//3667
f 482//482 3838//3838 3667//3667
f 483//483 4300//4300 1619//1619
f 438//438 4301//4301 3559//3559
f 4301//4301 438//438 3761//3761
f 3761//3761 4349//4349 3564//3564
f 415//415 4272//4272 6136//6136
f 438//438 4270//4270 6136//6136
f 4350//4350 3761//3761 6136//6136
f 3075//3075 7329//7329 441//441
f 6270//6270 6415//6415 7190//7190
f 2158//2158 4304//4304 445//445
f 1347//1347 6657//6657 5702//5702
f 4308//4308 2710//2710 2701//2701
f 4308//4308 3076//3076 3061//3061
f 487//487 3465//3465 3472//3472
f 4309//4309 3839//3839 3827//3827
f 1251//1251 1427//1427 1433//1433
f 473//473 2159//2159 2166//2166
f 5706//5706 473//473 2166//2166
f 4310//4310 2329//2329 2512//2512
f 451//451 4311//4311 2786//2786
f 4311//4311 2609//2609 2786//2786
f 515//515 4310//4310 2609//2609
f 3372//3372 6704//6704 3560//3560
f 4364//4364 2968//2968 6704//6704
f 4312//4312 3372//3372 3560//3560
f 4313//4313 3747//3747 3921//3921
f 516//516 4312//4312 3747//3747
f 7165//7165 1348//1348 1162//1162
f 488//488 4313//4313 1348//1348
f 6647//6647 2703//2703 2518//2518
f 5611//5611 476//476 6059//6059
f 489//489 4314//4314 6739//6739
f 7263//7263 6565//6565 5945//5945
f 4316//4316 4317//4317 456//456
f 2075//2075 4292//4292 493//493
f 6241//6241 6009//6009 5703//5703
f 1430//1430 3665//3665 4294//4294
f 1773//1773 4296//4296 7346//7346
f 4319//4319 2787//2787 6217//6217
f 6060//6060 2970//2970 3179//3179
f 6287//6287 3179//3179 2970//2970
f 4346//4346 3909//3909 3923//3923
f 7243//7243 5885//5885 6010//6010
f 4299//4299 1894//1894 6661//6661
f 6271//6271 4321//4321 2262//2262
f 4348//4348 2706//2706 2521//2521
f 5887//5887 3667//3667 3824//3824
f 463//463 2164//2164 1619//1619
f 4325//4325 7331//7331 2607//2607
f 4326//4326 500//500 7319//7319
f 4326//4326 467//467 3564//3564
f 6429//6429 4327//4327 469//469
f 2523//2523 6098//6098 470//470
f 4303//4303 3060//3060 3075//3075
f 2328//2328 4330//4330 4329//4329
f 3371//3371 4331//4331 484//484
f 3907//3907 5707//5707 3746//3746
f 1682//1682 7332//7332 4332//4332
f 508//508 2073//2073 471//471
f 2709//2709 2710//2710 7099//7099
f 487//487 4334//4334 3061//3061
f 4333//4333 3061//3061 2878//2878
f 509//509 4333//4333 2878//2878
f 4334//4334 3472//3472 3286//3286
f 510//510 3827//3827 3654//3654
f 4335//4335 1433//1433 1257//1257
f 511//511 4335//4335 1257//1257
f 512//512 1776//1776 1607//1607
f 512//512 5705//5705 1776//1776
f 513//513 2166//2166 5612//5612
f 513//513 5706//5706 2166//2166
f 515//515 2334//2334 2329//2329
f 6677//6677 2159//2159 2329//2329
f 515//515 2609//2609 2614//2614
f 4336//4336 2968//2968 2974//2974
f 516//516 4337//4337 3372//3372
f 516//516 3747//3747 3751//3751
f 7227//7227 1167//1167 1348//1348
f 4338//4338 2252//2252 2410//2410
f 519//519 4338//4338 6595//6595
f 6153//6153 495//495 4341//4341
f 4318//4318 4341//4341 495//495
f 3468//3468 4342//4342 6241//6241
f 4319//4319 5889//5889 2330//2330
f 4319//4319 6217//6217 2616//2616
f 529//529 4319//4319 2616//2616
f 4344//4344 2970//2970 2975//2975
f 530//530 4344//4344 2975//2975
f 4345//4345 3566//3566 3376//3376
f 6919//6919 4345//4345 3376//3376
f 531//531 3909//3909 3752//3752
f 4347//4347 6990//6990 7055//7055
f 4347//4347 2706//2706 2713//2713
f 4348//4348 6887//6887 3063//3063
f 4323//4323 534//534 1434//1434
f 498//498 1989//1989 2165//2165
f 499//499 2332//2332 4324//4324
f 537//537 3571//3571 4349//4349
f 4350//4350 537//537 4349//4349
f 1510//1510 6932//6932 1687//1687
f 4352//4352 6867//6867 6429//6429
f 1431//1431 4354//4354 1250//1250
f 1775//1775 4355//4355 502//502
f 6309//6309 6099//6099 6154//6154
f 3163//3163 4357//4357 504//504
f 5707//5707 7301//7301 6272//6272
f 2709//2709 4359//4359 2412//2412
f 2528//2528 5946//5946 4359//4359
f 4360//4360 3654//3654 3814//3814
f 542//542 4360//4360 3814//3814
f 4361//4361 1607//1607 4385//4385
f 1607//1607 4361//4361 512//512
f 544//544 4362//4362 2131//2131
f 5612//5612 2131//2131 4362//4362
f 4336//4336 4365//4365 2614//2614
f 4363//4363 2614//2614 6499//6499
f 545//545 4363//4363 6499//6499
f 4365//4365 2974//2974 3188//3188
f 517//517 5712//5712 3751//3751
f 4368//4368 1174//1174 1167//1167
f 518//518 4367//4367 1508//1508
f 6331//6331 6618//6618 6623//6623
f 548//548 520//520 3164//3164
f 3653//3653 3468//3468 3822//3822
f 5613//5613 6011//6011 1987//1987
f 5889//5889 6809//6809 528//528
f 529//529 2616//2616 2801//2801
f 556//556 529//529 2801//2801
f 3741//3741 6289//6289 6288//6288
f 2526//2526 2713//2713 2530//2530
f 557//557 533//533 7030//7030
f 1988//1988 4373//4373 6668//6668
f 535//535 4374//4374 1989//1989
f 559//559 536//536 7319//7319
f 4375//4375 6138//6138 561//561
f 2333//2333 4376//4376 503//503
f 4378//4378 3375//3375 4379//4379
f 3375//3375 4378//4378 505//505
f 506//506 4380//4380 3893//3893
f 1178//1178 3893//3893 4380//4380
f 507//507 4381//4381 1171//1171
f 4333//4333 7290//7290 7099//7099
f 3471//3471 4383//4383 509//509
f 4383//4383 3429//3429 4409//4409
f 4384//4384 1436//1436 1261//1261
f 565//565 4384//4384 1261//1261
f 4362//4362 4385//4385 1607//1607
f 4386//4386 2484//2484 2320//2320
f 5619//5619 4386//4386 2320//2320
f 7159//7159 6220//6220 1174//1174
f 549//549 3527//3527 4389//4389
f 551//551 4391//4391 7124//7124
f 552//552 4392//4392 1542//1542
f 553//553 4393//4393 2079//2079
f 4457//4457 4393//4393 2395//2395
f 526//526 1442//1442 1263//1263
f 1263//1263 3638//3638 526//526
f 527//527 4395//4395 526//526
f 1442//1442 526//526 4395//4395
f 555//555 5613//5613 1952//1952
f 530//530 3190//3190 2801//2801
f 2624//2624 2801//2801 3190//3190
f 7151//7151 2242//2242 6013//6013
f 7016//7016 2242//2242 7011//7011
f 557//557 6423//6423 5614//5614
f 6423//6423 557//557 6446//6446
f 5716//5716 6423//6423 4433//4433
f 4353//4353 4402//4402 3254//3254
f 3438//3438 3254//3254 4402//4402
f 4402//4402 6062//6062 3641//3641
f 538//538 1800//1800 3641//3641
f 1256//1256 4403//4403 5618//5618
f 4405//4405 6012//6012 2492//2492
f 540//540 4406//4406 2800//2800
f 2807//2807 2800//2800 4406//4406
f 541//541 3893//3893 1178//1178
f 4380//4380 1171//1171 1359//1359
f 4410//4410 3643//3643 3644//3644
f 543//543 4411//4411 1261//1261
f 545//545 4412//4412 2320//2320
f 1353//1353 1360//1360 3739//3739
f 6220//6220 1715//1715 6708//6708
f 6915//6915 4415//4415 1266//1266
f 567//567 5714//5714 7059//7059
f 1802//1802 4416//4416 1803//1803
f 4418//4418 2132//2132 4417//4417
f 2132//2132 4418//4418 2133//2133
f 2170//2170 1991//1991 4419//4419
f 4419//4419 4418//4418 2170//2170
f 4420//4420 2488//2488 4419//4419
f 2488//2488 4420//4420 2489//2489
f 547//547 2335//2335 4421//4421
f 4422//4422 2803//2803 4421//4421
f 2803//2803 4422//4422 2804//2804
f 2797//2797 2615//2615 4423//4423
f 4424//4424 2622//2622 4423//4423
f 2622//2622 4424//4424 3192//3192
f 4424//4424 3189//3189 3528//3528
f 5616//5616 3000//3000 3528//3528
f 4389//4389 3527//3527 3897//3897
f 5617//5617 3348//3348 3897//3897
f 5615//5615 1542//1542 1876//1876
f 4393//4393 2241//2241 2531//2531
f 2531//2531 6438//6438 2532//2532
f 4458//4458 3817//3817 1263//1263
f 4428//4428 1956//1956 2138//2138
f 4396//4396 4431//4431 1716//1716
f 4432//4432 1717//1717 1543//1543
f 1717//1717 4432//4432 2048//2048
f 2718//2718 4433//4433 3092//3092
f 4436//4436 1443//1443 1260//1260
f 1443//1443 4436//4436 1804//1804
f 4438//4438 1805//1805 5949//5949
f 1805//1805 4438//4438 2135//2135
f 4439//4439 2136//2136 4437//4437
f 2136//2136 4439//4439 2490//2490
f 4440//4440 2491//2491 7231//7231
f 2491//2491 4440//4440 2805//2805
f 4442//4442 2806//2806 7348//7348
f 2806//2806 4442//4442 3193//3193
f 4443//4443 3194//3194 4441//4441
f 3194//3194 4443//4443 3529//3529
f 6242//6242 4445//4445 561//561
f 6463//6463 3254//3254 3438//3438
f 5618//5618 4447//4447 1439//1439
f 4406//4406 2998//2998 4469//4469
f 564//564 3344//3344 4469//4469
f 4448//4448 1359//1359 1719//1719
f 4410//4410 565//565 1444//1444
f 1629//1629 2137//2137 1808//1808
f 5619//5619 2493//2493 1953//1953
f 5619//5619 2494//2494 2493//2493
f 2327//2327 2493//2493 2494//2494
f 4454//4454 1809//1809 1630//1630
f 4454//4454 1954//1954 1961//1961
f 1954//1954 4454//4454 2133//2133
f 5620//5620 2495//2495 2321//2321
f 2808//2808 5620//5620 2804//2804
f 4455//4455 3000//3000 4456//4456
f 3000//3000 4455//4455 3192//3192
f 3000//3000 5616//5616 3349//3349
f 3348//3348 5617//5617 3744//3744
f 5617//5617 4425//4425 1363//1363
f 575//575 2043//2043 2404//2404
f 4457//4457 2395//2395 2404//2404
f 3817//3817 4458//4458 1446//1446
f 4458//4458 1442//1442 1812//1812
f 1799//1799 1813//1813 1812//1812
f 576//576 2529//2529 2536//2536
f 4462//4462 4434//4434 3261//3261
f 3648//3648 4435//4435 1267//1267
f 4488//4488 3647//3647 3648//3648
f 4463//4463 1631//1631 4491//4491
f 1631//1631 4463//4463 1804//1804
f 4464//4464 1959//1959 2141//2141
f 1959//1959 4464//4464 2135//2135
f 4465//4465 2627//2627 2814//2814
f 2627//2627 4465//4465 2805//2805
f 4466//4466 3898//3898 3743//3743
f 584//584 7157//7157 1364//1364
f 7157//7157 584//584 6832//6832
f 1787//1787 7062//7062 2140//2140
f 3191//3191 3198//3198 4502//4502
f 4471//4471 1632//1632 1269//1269
f 5718//5718 3005//3005 2629//2629
f 4451//4451 3352//3352 5985//5985
f 4507//4507 6533//6533 1181//1181
f 1879//1879 1882//1882 2054//2054
f 2385//2385 2386//2386 4474//4474
f 2724//2724 6652//6652 6653//6653
f 4476//4476 3265//3265 5722//5722
f 4476//4476 3819//3819 4477//4477
f 3819//3819 4476//4476 6915//6915
f 4478//4478 4477//4477 3819//3819
f 4478//4478 1445//1445 1453//1453
f 1445//1445 4478//4478 1441//1441
f 5951//5951 1453//1453 1445//1445
f 5951//5951 571//571 1809//1809
f 1809//1809 6158//6158 5951//5951
f 5620//5620 2808//2808 3181//3181
f 4479//4479 2986//2986 4456//4456
f 3532//3532 4479//4479 3349//3349
f 5621//5621 3353//3353 3532//3532
f 1366//1366 4481//4481 1527//1527
f 4481//4481 1546//1546 1883//1883
f 587//587 1704//1704 1883//1883
f 4483//4483 2535//2535 3096//3096
f 2535//2535 4483//4483 6064//6064
f 4483//4483 2905//2905 3266//3266
f 4515//4515 3806//3806 3646//3646
f 6476//6476 1963//1963 2134//2134
f 1368//1368 4484//4484 1705//1705
f 4485//4485 1706//1706 4461//4461
f 1706//1706 4485//4485 2057//2057
f 2726//2726 4486//4486 3081//3081
f 589//589 576//576 2726//2726
f 3262//3262 6731//6731 3261//3261
f 2317//2317 580//580 2476//2476
f 4492//4492 582//582 3182//3182
f 3902//3902 4494//4494 4466//4466
f 4495//4495 1364//1364 5717//5717
f 4496//4496 584//584 1364//1364
f 2059//2059 585//585 1880//1880
f 4500//4500 6188//6188 3446//3446
f 4530//4530 3004//3004 3355//3355
f 1189//1189 1369//1369 1180//1180
f 2989//2989 5985//5985 3538//3538
f 4541//4541 4507//4507 1370//1370
f 4507//4507 1528//1528 1370//1370
f 4508//4508 5725//5725 1708//1708
f 597//597 2231//2231 4475//4475
f 3078//3078 2896//2896 4509//4509
f 2728//2728 4509//4509 2896//2896
f 4510//4510 3083//3083 2894//2894
f 3265//3265 4510//4510 570//570
f 4512//4512 574//574 2630//2630
f 3353//3353 5621//5621 3731//3731
f 1527//1527 4514//4514 1366//1366
f 3627//3627 3809//3809 3449//3449
f 4520//4520 2057//2057 4519//4519
f 1623//1623 4522//4522 578//578
f 601//601 579//579 2146//2146
f 4524//4524 4495//4495 7027//7027
f 2723//2723 3097//3097 7126//7126
f 1455//1455 3810//3810 6188//6188
f 591//591 5622//5622 1787//1787
f 4527//4527 1787//1787 5622//5622
f 2480//2480 591//591 6571//6571
f 7125//7125 4501//4501 4529//4529
f 2815//2815 4529//4529 4501//4501
f 2995//2995 592//592 4530//4530
f 4532//4532 4503//4503 1533//1533
f 595//595 3085//3085 594//594
f 4536//4536 1794//1794 1621//1621
f 4564//4564 4537//4537 2314//2314
f 2989//2989 2992//2992 4538//4538
f 2816//2816 4538//4538 2992//2992
f 3889//3889 3732//3732 4539//4539
f 4566//4566 4539//4539 3732//3732
f 4541//4541 1370//1370 1372//1372
f 4568//4568 3732//3732 4540//4540
f 4542//4542 2391//2391 4575//4575
f 4543//4543 2541//2541 2728//2728
f 4544//4544 3270//3270 3448//3448
f 7287//7287 3632//3632 3808//3808
f 4512//4512 7210//7210 7249//7249
f 4610//4610 3546//3546 3539//3539
f 4582//4582 4612//4612 7340//7340
f 5730//5730 5899//5899 6404//6404
f 599//599 2731//2731 6632//6632
f 4518//4518 3186//3186 4547//4547
f 5900//5900 3729//3729 5623//5623
f 4521//4521 3452//3452 4550//4550
f 1795//1795 7063//7063 4522//4522
f 1844//1844 601//601 2146//2146
f 4554//4554 3544//3544 3312//3312
f 6819//6819 590//590 3891//3891
f 1568//1568 4524//4524 1537//1537
f 4556//4556 5728//5728 2237//2237
f 2237//2237 2460//2460 4556//4556
f 4557//4557 2820//2820 4525//4525
f 7025//7025 4557//4557 7100//7100
f 4526//4526 7100//7100 4557//4557
f 6485//6485 6139//6139 3810//3810
f 4528//4528 6479//6479 1455//1455
f 1793//1793 5622//5622 1970//1970
f 4558//4558 7101//7101 1793//1793
f 4559//4559 2480//2480 2318//2318
f 1196//1196 6019//6019 1376//1376
f 4561//4561 4532//4532 1561//1561
f 4562//4562 2543//2543 2729//2729
f 4563//4563 1627//1627 1794//1794
f 619//619 1971//1971 4564//4564
f 4604//4604 2739//2739 2816//2816
f 4567//4567 6902//6902 4566//4566
f 4569//4569 3736//3736 4568//4568
f 4573//4573 4572//4572 1534//1534
f 4575//4575 4574//4574 6937//6937
f 4576//4576 2735//2735 2541//2541
f 4577//4577 3087//3087 2898//2898
f 4578//4578 3453//3453 3270//3270
f 4579//4579 3813//3813 3632//3632
f 4580//4580 6715//6715 1456//1456
f 4582//4582 1191//1191 4583//4583
f 4514//4514 4583//4583 1191//1191
f 4588//4588 3633//3633 608//608
f 4591//4591 7238//7238 4546//4546
f 4548//4548 1733//1733 7326//7326
f 4594//4594 6860//6860 4549//4549
f 4620//4620 2642//2642 4595//4595
f 4594//4594 4595//4595 2642//2642
f 4551//4551 3792//3792 4622//4622
f 2023//2023 632//632 1844//1844
f 2378//2378 4552//4552 2218//2218
f 2928//2928 3122//3122 2742//2742
f 6161//6161 610//610 3507//3507
f 3312//3312 3507//3507 610//610
f 3735//3735 4555//4555 1192//1192
f 1202//1202 1192//1192 1193//1193
f 7029//7029 2105//2105 1930//1930
f 2105//2105 7029//7029 1537//1537
f 1282//1282 4558//4558 1646//1646
f 2018//2018 4599//4599 1970//1970
f 4600//4600 4559//4559 2372//2372
f 3115//3115 2552//2552 2737//2737
f 616//616 2461//2461 2238//2238
f 4602//4602 1648//1648 1627//1627
f 4603//4603 2020//2020 1971//1971
f 642//642 2374//2374 2319//2319
f 2816//2816 2739//2739 2817//2817
f 4605//4605 3502//3502 6902//6902
f 4606//4606 2299//2299 2391//2391
f 4607//4607 1475//1475 1798//1798
f 4608//4608 6464//6464 2147//2147
f 4611//4611 1199//1199 5733//5733
f 4654//4654 4613//4613 3976//3976
f 3976//3976 4614//4614 5731//5731
f 607//607 630//630 2731//2731
f 4658//4658 1848//1848 7238//7238
f 647//647 4660//4660 4617//4617
f 631//631 1567//1567 1733//1733
f 4619//4619 1929//1929 2103//2103
f 4621//4621 5732//5732 7356//7356
f 5953//5953 4622//4622 3969//3969
f 3969//3969 4622//4622 4623//4623
f 1795//1795 6160//6160 7063//7063
f 4624//4624 2742//2742 2558//2558
f 2742//2742 4624//4624 609//609
f 1388//1388 635//635 1202//1202
f 4626//4626 2303//2303 2472//2472
f 2303//2303 4626//4626 611//611
f 2472//2472 2303//2303 7336//7336
f 4628//4628 3409//3409 3607//3607
f 4630//4630 4599//4599 1851//1851
f 4631//4631 4600//4600 2223//2223
f 4632//4632 637//637 2552//2552
f 2937//2937 659//659 3115//3115
f 6163//6163 660//660 6018//6018
f 4637//4637 2832//2832 4636//4636
f 641//641 3800//3800 4601//4601
f 4638//4638 1482//1482 1648//1648
f 4639//4639 1853//1853 2020//2020
f 4641//4641 2554//2554 2739//2739
f 3502//3502 2939//2939 3119//3119
f 4643//4643 1385//1385 1197//1197
f 4644//4644 1746//1746 1563//1563
f 4645//4645 2112//2112 1925//1925
f 4646//4646 2826//2826 2645//2645
f 4647//4647 3222//3222 3025//3025
f 4648//4648 3604//3604 3402//3402
f 4649//4649 3967//3967 3795//3795
f 4650//4650 1290//1290 1093//1093
f 4609//4609 2932//2932 4652//4652
f 4652//4652 3320//3320 3515//3515
f 3320//3320 4652//4652 2932//2932
f 4653//4653 3723//3723 3886//3886
f 3723//3723 4653//4653 3873//3873
f 5734//5734 1292//1292 1293//1293
f 1488//1488 4616//4616 1476//1476
f 4659//4659 2226//2226 2375//2375
f 7284//7284 7291//7291 6066//6066
f 4661//4661 3724//3724 3875//3875
f 4663//4663 1549//1549 1567//1567
f 4664//4664 2115//2115 1929//1929
f 4665//4665 2830//2830 2649//2649
f 650//650 4668//4668 7066//7066
f 4669//4669 4700//4700 4668//4668
f 4701//4701 4700//4700 2026//2026
f 4670//4670 4671//4671 3101//3101
f 4671//4671 4670//4670 3122//3122
f 4673//4673 2116//2116 1941//1941
f 2116//2116 4673//4673 636//636
f 3798//3798 4674//4674 3607//3607
f 1658//1658 1460//1460 4675//4675
f 7357//7357 4630//4630 2028//2028
f 2028//2028 1861//1861 7357//7357
f 2382//2382 4676//4676 4631//4631
f 676//676 4632//4632 2746//2746
f 2746//2746 659//659 3125//3125
f 4677//4677 660//660 6163//6163
f 677//677 661//661 4633//4633
f 7064//7064 4633//4633 1207//1207
f 1724//1724 4634//4634 6588//6588
f 2836//2836 4679//4679 4635//4635
f 679//679 7102//7102 3411//3411
f 680//680 4716//4716 1482//1482
f 4680//4680 2030//2030 1853//1853
f 4681//4681 4680//4680 4639//4639
f 4682//4682 2747//2747 2554//2554
f 4683//4683 2310//2310 2468//2468
f 5735//5735 4688//4688 1656//1656
f 7052//7052 6164//6164 7044//7044
f 4689//4689 6104//6104 1396//1396
f 6104//6104 4689//4689 645//645
f 6104//6104 4654//4654 6244//6244
f 4655//4655 2448//2448 4690//4690
f 2828//2828 2839//2839 4691//4691
f 3416//3416 7349//7349 4656//4656
f 1858//1858 4658//4658 2230//2230
f 5987//5987 669//669 1858//1858
f 4693//4693 2384//2384 2226//2226
f 3321//3321 3517//3517 7284//7284
f 4694//4694 3859//3859 3724//3724
f 4695//4695 1212//1212 4662//4662
f 4698//4698 2658//2658 2830//2830
f 4699//4699 3006//3006 3225//3225
f 4667//4667 3969//3969 1300//1300
f 7066//7066 1110//1110 1294//1294
f 2228//2228 2201//2201 2026//2026
f 7009//7009 2026//2026 2201//2201
f 4702//4702 2752//2752 2568//2568
f 2752//2752 4702//4702 652//652
f 4704//4704 2284//2284 2450//2450
f 2284//2284 4704//4704 655//655
f 4705//4705 2661//2661 2842//2842
f 2661//2661 4705//4705 656//656
f 4706//4706 3008//3008 3206//3206
f 3008//3008 4706//4706 6274//6274
f 4707//4707 3420//3420 3617//3617
f 3420//3420 4707//4707 657//657
f 7065//7065 676//676 2746//2746
f 2754//2754 2746//2746 2911//2911
f 4709//4709 4677//4677 3330//3330
f 1555//1555 1220//1220 1724//1724
f 2120//2120 4712//4712 4678//4678
f 678//678 2662//2662 2832//2832
f 4714//4714 701//701 678//678
f 679//679 3421//3421 7102//7102
f 4715//4715 3782//3782 3971//3971
f 4716//4716 1113//1113 663//663
f 4717//4717 1461//1461 4716//4716
f 4718//4718 2913//2913 3127//3127
f 1208//1208 3703//3703 3885//3885
f 703//703 1395//1395 1208//1208
f 4719//4719 1725//1725 1574//1574
f 4720//4720 1945//1945 1938//1938
f 2914//2914 6830//6830 6245//6245
f 4723//4723 3333//3333 3523//3523
f 3333//3333 4723//4723 668//668
f 3886//3886 4724//4724 3333//3333
f 3614//3614 3426//3426 4725//4725
f 3426//3426 3614//3614 7183//7183
f 1637//1637 1465//1465 1123//1123
f 4728//4728 1868//1868 4727//4727
f 4730//4730 2567//2567 2750//2750
f 4731//4731 3335//3335 3517//3517
f 4732//4732 7288//7288 3859//3859
f 4733//4733 3615//3615 3418//3418
f 4734//4734 3949//3949 3780//3780
f 4735//4735 1306//1306 1110//1110
f 1727//1727 4703//4703 2123//2123
f 4738//4738 4708//4708 1308//1308
f 1308//1308 1126//1126 4738//4738
f 719//719 7358//7358 720//720
f 1638//1638 7358//7358 674//674
f 4739//4739 2035//2035 1871//1871
f 4740//4740 2365//2365 2213//2213
f 2365//2365 4740//4740 675//675
f 4742//4742 5736//5736 4741//4741
f 723//723 6687//6687 1555//1555
f 2308//2308 2289//2289 1944//1944
f 4783//4783 3207//3207 701//701
f 4744//4744 3618//3618 3421//3421
f 1461//1461 725//725 1113//1113
f 4745//4745 1639//1639 1461//1461
f 4746//4746 2574//2574 2564//2564
f 4747//4747 3106//3106 2913//2913
f 4748//4748 3522//3522 3332//3332
f 4753//4753 4754//4754 730//730
f 4754//4754 4753//4753 1396//1396
f 4754//4754 708//708 1730//1730
f 708//708 4754//4754 686//686
f 6695//6695 2128//2128 4755//4755
f 2128//2128 2291//2291 6968//6968
f 2291//2291 2128//2128 6695//6695
f 6888//6888 2671//2671 2848//2848
f 2671//2671 6888//6888 687//687
f 4757//4757 1868//1868 4728//4728
f 1868//1868 4757//4757 2209//2209
f 4759//4759 4758//4758 3335//3335
f 4761//4761 1946//1946 2122//2122
f 4762//4762 2292//2292 2449//2449
f 4763//4763 2672//2672 2840//2840
f 4764//4764 3017//3017 3204//3204
f 4767//4767 2211//2211 4736//4736
f 4767//4767 2758//2758 740//740
f 2758//2758 4767//4767 695//695
f 3019//3019 4776//4776 2842//2842
f 717//717 6303//6303 698//698
f 4778//4778 5736//5736 4742//4742
f 5736//5736 4778//4778 1401//1401
f 4779//4779 2126//2126 1902//1902
f 2126//2126 4779//4779 699//699
f 4781//4781 2294//2294 2451//2451
f 4784//4784 3790//3790 3951//3951
f 743//743 3711//3711 3863//3863
f 1221//1221 1556//1556 1403//1403
f 4786//4786 4785//4785 1945//1945
f 4825//4825 2455//2455 2290//2290
f 4826//4826 2846//2846 2667//2667
f 4751//4751 4827//4827 3012//3012
f 3044//3044 3012//3012 4827//4827
f 3952//3952 4828//4828 3425//3425
f 4870//4870 3425//3425 4828//4828
f 1309//1309 4829//4829 3786//3786
f 3770//3770 3786//3786 4829//4829
f 4752//4752 4831//4831 1463//1463
f 4722//4722 6574//6574 7004//7004
f 2924//2924 6997//6997 705//705
f 3342//3342 4789//4789 706//706
f 4788//4788 3712//3712 4790//4790
f 3712//3712 4788//4788 707//707
f 4791//4791 1643//1643 1497//1497
f 1643//1643 4791//4791 1465//1465
f 4792//4792 2041//2041 1818//1818
f 2041//2041 4792//4792 709//709
f 748//748 2209//2209 2368//2368
f 4793//4793 2215//2215 2368//2368
f 7068//7068 2575//2575 2757//2757
f 4796//4796 4851//4851 1125//1125
f 4771//4771 4772//4772 1763//1763
f 4804//4804 4803//4803 4773//4773
f 4803//4803 4804//4804 2083//2083
f 4805//4805 3931//3931 3775//3775
f 3931//3931 4805//4805 717//717
f 4807//4807 1317//1317 1135//1135
f 1317//1317 4807//4807 718//718
f 720//720 7103//7103 719//719
f 6989//6989 1994//1994 1819//1819
f 1994//1994 6989//6989 720//720
f 4808//4808 2349//2349 4860//4860
f 2349//2349 4808//4808 721//721
f 2761//2761 4810//4810 6778//6778
f 4810//4810 3142//3142 5955//5955
f 3142//3142 4810//4810 2761//2761
f 4812//4812 4777//4777 3478//3478
f 3478//3478 3294//3294 4812//4812
f 3847//3847 4863//4863 722//722
f 3847//3847 1401//1401 4813//4813
f 1226//1226 4813//4813 1401//1401
f 1902//1902 4780//4780 2267//2267
f 4815//4815 3932//3932 3790//3790
f 1468//1468 1319//1319 1496//1496
f 4816//4816 757//757 7321//7321
f 4817//4817 1995//1995 1873//1873
f 4818//4818 2352//2352 2214//2214
f 4820//4820 3144//3144 2923//2923
f 4821//4821 3480//3480 3341//3341
f 743//743 4822//4822 3711//3711
f 744//744 6021//6021 1556//1556
f 745//745 4824//4824 4785//4785
f 4830//4830 1131//1131 6107//6107
f 4832//4832 1996//1996 4833//4833
f 1996//1996 4832//4832 4752//4752
f 4838//4838 1587//1587 1769//1769
f 1587//1587 4838//4838 730//730
f 4839//4839 1904//1904 6022//6022
f 1904//1904 4839//4839 6855//6855
f 6918//6918 4840//4840 2857//2857
f 4841//4841 6920//6920 6439//6439
f 3772//3772 1133//1133 4843//4843
f 1133//1133 3772//3772 3957//3957
f 6420//6420 3850//3850 3714//3714
f 4849//4849 2677//2677 2849//2849
f 4850//4850 3046//3046 3213//3213
f 4795//4795 4880//4880 4879//4879
f 3937//3937 4879//4879 4880//4880
f 4796//4796 4881//4881 4851//4851
f 2355//2355 4902//4902 781//781
f 7292//7292 4798//4798 3148//3148
f 4852//4852 740//740 4798//4798
f 4854//4854 4853//4853 4799//4799
f 4853//4853 4854//4854 3483//3483
f 4800//4800 4801//4801 3851//3851
f 4801//4801 4802//4802 4883//4883
f 4855//4855 4883//4883 4771//4771
f 6794//6794 4856//4856 768//768
f 784//784 5905//5905 3049//3049
f 3235//3235 3049//3049 5905//5905
f 1410//1410 4864//4864 4813//4813
f 6631//6631 4865//4865 6634//6634
f 4865//4865 2087//2087 5742//5742
f 2087//2087 4865//4865 742//742
f 6290//6290 2272//2272 2438//2438
f 4867//4867 5906//5906 7086//7086
f 6592//6592 7321//7321 1678//1678
f 1678//1678 7321//7321 757//757
f 4890//4890 4889//4889 2352//2352
f 772//772 3242//3242 4869//4869
f 4869//4869 3574//3574 772//772
f 772//772 7365//7365 773//773
f 774//774 791//791 4871//4871
f 6952//6952 4916//4916 4834//4834
f 5744//5744 6952//6952 6678//6678
f 6678//6678 2959//2959 5744//5744
f 776//776 4836//4836 4837//4837
f 4843//4843 4873//4873 6793//6793
f 4873//4873 1675//1675 1504//1504
f 1675//1675 4873//4873 746//746
f 4874//4874 2004//2004 1827//1827
f 2004//2004 4874//4874 747//747
f 4876//4876 3157//3157 7087//7087
f 4877//4877 4847//4847 4898//4898
f 4900//4900 4878//4878 6452//6452
f 4878//4878 4900//4900 6507//6507
f 4882//4882 3483//3483 4800//4800
f 4883//4883 3851//3851 4801//4801
f 4884//4884 4806//4806 751//751
f 7067//7067 4859//4859 753//753
f 754//754 4861//4861 6820//6820
f 4905//4905 6820//6820 4861//4861
f 4885//4885 2766//2766 4862//4862
f 2766//2766 4885//4885 3153//3153
f 4886//4886 3486//3486 3154//3154
f 4887//4887 3854//3854 6024//6024
f 3854//3854 4887//4887 755//755
f 5742//5742 4866//4866 2276//2276
f 756//756 3932//3932 6660//6660
f 4822//4822 7069//7069 759//759
f 4837//4837 777//777 4891//4891
f 797//797 4891//4891 777//777
f 6976//6976 2280//2280 1912//1912
f 4893//4893 6449//6449 6338//6338
f 6591//6591 3384//3384 763//763
f 1827//1827 4894//4894 2196//2196
f 3857//3857 4895//4895 6633//6633
f 4897//4897 4896//4896 3850//3850
f 3581//3581 3377//3377 4901//4901
f 4879//4879 4901//4901 3377//3377
f 4903//4903 1913//1913 1756//1756
f 2860//2860 2685//2685 2429//2429
f 5741//5741 1829//1829 4904//4904
f 4933//4933 1829//1829 4905//4905
f 4859//4859 4905//4905 1829//1829
f 1501//1501 4946//4946 1328//1328
f 1823//1823 4909//4909 1678//1678
f 4909//4909 1823//1823 4947//4947
f 2174//2174 4910//4910 4911//4911
f 2585//2585 4912//4912 4911//4911
f 4912//4912 2585//2585 2581//2581
f 4913//4913 788//788 3296//3296
f 1236//1236 6401//6401 6688//6688
f 7146//7146 2277//2277 6492//6492
f 4915//4915 2682//2682 2865//2865
f 804//804 3762//3762 7070//7070
f 794//794 2175//2175 1831//1831
f 2359//2359 7105//7105 6427//6427
f 797//797 4955//4955 4891//4891
f 2093//2093 6405//6405 2428//2428
f 4920//4920 2006//2006 1492//1492
f 2196//2196 2176//2176 7088//7088
f 2176//2176 2196//2196 4875//4875
f 1771//1771 4922//4922 5956//5956
f 6506//6506 4923//4923 1597//1597
f 4969//4969 4924//4924 2094//2094
f 2862//2862 6495//6495 2442//2442
f 4974//4974 6348//6348 2177//2177
f 2343//2343 4902//4902 2198//2198
f 2947//2947 7269//7269 3132//3132
f 1913//1913 4927//4927 1756//1756
f 4976//4976 2097//2097 4928//4928
f 4928//4928 2429//2429 2685//2685
f 4978//4978 801//801 3230//3230
f 4930//4930 802//802 1151//1151
f 1829//1829 4932//4932 4904//4904
f 2772//2772 4934//4934 3133//3133
f 3668//3668 4935//4935 787//787
f 4907//4907 2101//2101 4937//4937
f 6581//6581 2437//2437 4939//4939
f 4982//4982 4944//4944 6466//6466
f 4944//4944 4982//4982 3396//3396
f 6580//6580 4983//4983 5014//5014
f 811//811 3134//3134 4949//4949
f 3300//3300 4950//4950 6542//6542
f 6884//6884 3390//3390 3589//3589
f 1664//1664 4954//4954 5021//5021
f 3670//3670 805//805 4957//4957
f 4993//4993 4958//4958 6469//6469
f 4956//4956 6304//6304 6189//6189
f 2690//2690 4919//4919 3041//3041
f 1660//1660 7310//7310 7323//7323
f 2006//2006 4960//4960 1492//1492
f 814//814 2421//2421 4961//4961
f 806//806 4961//4961 2421//2421
f 4997//4997 3496//3496 4965//4965
f 6222//6222 4965//4965 3496//3496
f 4967//4967 1758//1758 1419//1419
f 5908//5908 4998//4998 4973//4973
f 6982//6982 4998//4998 1147//1147
f 5750//5750 3394//3394 3042//3042
f 3042//3042 7041//7041 809//809
f 4979//4979 1837//1837 4933//4933
f 6666//6666 1149//1149 4982//4982
f 1835//1835 4983//4983 1663//1663
f 5752//5752 6948//6948 1920//1920
f 2431//2431 5752//5752 4951//4951
f 2431//2431 4987//4987 6646//6646
f 4988//4988 6622//6622 2687//2687
f 3455//3455 3304//3304 3066//3066
f 2594//2594 2951//2951 3066//3066
f 2951//2951 2594//2594 812//812
f 6662//6662 3755//3755 6291//6291
f 4996//4996 6168//6168 3496//3496
f 5061//5061 2102//2102 1918//1918
f 816//816 4999//4999 1840//1840
f 5030//5030 1516//1516 1840//1840
f 5000//5000 5911//5911 4974//4974
f 6979//6979 6846//6846 6699//6699
f 6979//6979 4977//4977 5004//5004
f 4980//4980 5007//5007 3140//3140
f 5007//5007 5008//5008 6753//6753
f 5753//5753 6683//6683 810//810
f 5011//5011 6779//6779 5624//5624
f 5624//5624 5042//5042 6795//6795
f 5012//5012 6785//6785 3596//3596
f 5014//5014 1494//1494 5013//5013
f 5017//5017 2775//2775 5047//5047
f 5020//5020 1693//1693 1154//1154
f 1694//1694 5021//5021 2065//2065
f 5023//5023 2065//2065 4990//4990
f 5024//5024 1611//1611 4992//4992
f 1611//1611 4993//4993 1974//1974
f 5026//5026 2598//2598 4995//4995
f 2598//2598 5026//5026 5754//5754
f 5026//5026 6572//6572 5754//5754
f 6572//6572 5025//5025 6568//6568
f 5059//5059 2694//2694 5028//5028
f 6491//6491 3457//3457 4996//4996
f 5030//5030 5031//5031 2423//2423
f 2424//2424 7213//7213 2257//2257
f 3459//3459 3307//3307 5033//5033
f 5098//5098 3070//3070 3459//3459
f 1246//1246 5001//5001 6484//6484
f 5003//5003 1612//1612 5002//5002
f 5039//5039 2437//2437 5010//5010
f 5039//5039 6629//6629 2437//2437
f 5040//5040 5041//5041 2784//2784
f 1841//1841 7374//7374 1670//1670
f 5046//5046 2154//2154 1973//1973
f 6672//6672 6673//6673 5023//5023
f 2598//2598 2781//2781 2509//2509
f 5053//5053 3760//3760 827//827
f 3760//3760 5053//5053 818//818
f 5063//5063 1696//1696 1516//1516
f 6547//6547 3662//3662 5033//5033
f 5762//5762 1424//1424 3664//3664
f 1424//1424 5099//5099 6547//6547
f 3174//3174 7072//7072 6028//6028
f 3557//3557 5064//5064 3365//3365
f 2514//2514 7207//7207 7012//7012
f 5065//5065 7185//7185 3278//3278
f 5069//5069 5067//5067 7185//7185
f 3657//3657 1423//1423 5068//5068
f 6225//6225 5067//5067 3837//3837
f 5069//5069 5068//5068 5067//5067
f 5068//5068 1423//1423 5070//5070
f 1615//1615 5071//5071 1980//1980
f 5961//5961 5072//5072 5074//5074
f 5072//5072 5961//5961 2341//2341
f 5105//5105 6865//6865 3175//3175
f 6865//6865 2978//2978 3596//3596
f 839//839 5077//5077 5763//5763
f 7214//7214 3462//3462 3276//3276
f 5080//5080 3180//3180 6416//6416
f 845//845 7090//7090 5758//5758
f 3074//3074 2893//2893 5051//5051
f 1981//1981 1616//1616 6674//6674
f 5083//5083 849//849 2508//2508
f 5083//5083 2781//2781 2604//2604
f 5084//5084 821//821 7010//7010
f 5053//5053 7010//7010 821//821
f 6223//6223 3760//3760 6722//6722
f 1522//1522 5056//5056 5087//5087
f 5113//5113 6733//6733 5167//5167
f 3457//3457 5091//5091 5090//5090
f 5094//5094 5095//5095 2499//2499
f 851//851 5766//5766 5096//5096
f 5766//5766 851//851 2789//2789
f 5097//5097 1161//1161 6169//6169
f 7106//7106 2409//2409 2425//2425
f 854//854 5098//5098 2873//2873
f 6864//6864 824//824 2340//2340
f 5101//5101 2519//2519 2514//2514
f 2519//2519 5101//5101 5123//5123
f 5104//5104 5105//5105 857//857
f 837//837 5106//5106 3558//3558
f 5106//5106 837//837 5126//5126
f 838//838 5128//5128 1699//1699
f 5129//5129 838//838 5107//5107
f 6278//6278 845//845 5913//5913
f 1895//1895 826//826 5082//5082
f 5109//5109 2604//2604 7306//7306
f 6656//6656 5140//5140 850//850
f 5110//5110 1522//1522 5112//5112
f 1522//1522 5110//5110 7129//7129
f 861//861 5114//5114 5115//5115
f 5114//5114 861//861 2524//2524
f 2873//2873 5152//5152 854//854
f 6911//6911 2873//2873 6998//6998
f 6940//6940 3664//3664 1429//1429
f 7130//7130 2500//2500 831//831
f 3905//3905 3563//3563 832//832
f 7005//7005 5120//5120 2704//2704
f 837//837 3919//3919 5126//5126
f 3906//3906 5126//5126 3919//3919
f 5132//5132 3823//3823 3666//3666
f 5132//5132 6760//6760 1774//1774
f 7351//7351 7307//7307 2788//2788
f 847//847 5137//5137 1428//1428
f 5136//5136 1428//1428 5137//5137
f 2162//2162 1985//1985 1772//1772
f 6650//6650 5141//5141 6193//6193
f 5111//5111 6193//6193 5141//5141
f 5203//5203 6812//6812 1432//1432
f 7051//7051 1602//1602 5143//5143
f 1606//1606 5143//5143 1602//1602
f 2791//2791 5144//5144 5145//5145
f 863//863 1899//1899 2413//2413
f 873//873 6773//6773 5151//5151
f 1168//1168 5117//5117 5963//5963
f 7005//7005 2253//2253 6983//6983
f 2875//2875 2874//2874 5121//5121
f 6292//6292 5125//5125 7043//7043
f 2414//2414 5157//5157 5158//5158
f 5157//5157 2414//2414 2080//2080
f 2418//2418 5188//5188 2255//2255
f 5770//5770 2611//2611 2794//2794
f 3159//3159 7177//7177 7338//7338
f 6748//6748 5194//5194 6110//6110
f 861//861 872//872 6957//6957
f 5168//5168 5206//5206 5205//5205
f 5208//5208 3569//3569 6369//6369
f 864//864 3288//3288 2879//2879
f 5914//5914 6173//6173 864//864
f 6173//6173 3288//3288 864//864
f 6305//6305 6194//6194 6578//6578
f 2796//2796 2503//2503 5116//5116
f 2503//2503 2796//2796 2795//2795
f 3167//3167 3166//3166 7352//7352
f 2796//2796 5116//5116 2500//2500
f 3911//3911 1168//1168 1175//1175
f 877//877 5174//5174 2900//2900
f 5154//5154 2900//2900 5174//5174
f 6033//6033 3252//3252 5175//5175
f 878//878 5175//5175 3252//3252
f 5177//5177 2971//2971 3162//3162
f 3370//3370 5178//5178 3162//3162
f 3062//3062 5778//5778 2525//2525
f 5187//5187 2798//2798 5227//5227
f 3064//3064 2902//2902 5776//5776
f 3064//3064 5162//5162 3477//3477
f 5140//5140 3568//3568 2976//2976
f 880//880 2976//2976 5190//5190
f 7239//7239 3165//3165 880//880
f 2976//2976 880//880 3165//3165
f 5140//5140 5192//5192 3568//3568
f 5192//5192 5191//5191 3753//3753
f 5191//5191 5165//5165 6719//6719
f 5197//5197 2044//2044 5196//5196
f 2044//2044 5197//5197 2256//2256
f 881//881 5193//5193 2044//2044
f 5196//5196 2044//2044 5193//5193
f 2415//2415 6833//6833 5197//5197
f 5198//5198 5197//5197 6833//6833
f 5198//5198 6833//6833 5199//5199
f 2524//2524 5199//5199 6833//6833
f 883//883 2903//2903 7112//7112
f 5202//5202 3285//3285 5201//5201
f 3285//3285 5202//5202 6957//6957
f 7111//7111 5235//5235 7131//7131
f 5779//5779 884//884 6958//6958
f 1951//1951 2169//2169 7273//7273
f 5211//5211 2618//2618 6992//6992
f 2618//2618 5211//5211 2795//2795
f 5213//5213 6797//6797 2997//2997
f 1175//1175 5238//5238 3737//3737
f 1175//1175 5173//5173 1540//1540
f 5214//5214 1541//1541 6294//6294
f 1541//1541 5214//5214 5965//5965
f 7360//7360 1608//1608 886//886
f 7251//7251 5218//5218 6226//6226
f 5290//5290 6196//6196 5219//5219
f 5220//5220 5179//5179 3749//3749
f 1176//1176 5966//5966 5182//5182
f 5221//5221 6562//6562 6450//6450
f 5225//5225 5969//5969 1258//1258
f 5227//5227 7246//7246 5226//5226
f 5230//5230 3895//3895 5229//5229
f 2418//2418 5231//5231 5188//5188
f 3437//3437 5232//5232 3477//3477
f 1438//1438 5256//5256 3640//3640
f 3640//3640 5233//5233 3830//3830
f 7344//7344 5139//5139 2501//2501
f 5234//5234 2486//2486 7241//7241
f 5917//5917 5190//5190 3753//3753
f 5771//5771 7112//7112 2715//2715
f 6140//6140 1435//1435 3642//3642
f 3642//3642 7113//7113 1440//1440
f 7113//7113 1435//1435 5204//5204
f 1356//1356 3904//3904 5236//5236
f 3095//3095 884//884 5779//5779
f 3441//3441 7091//7091 5237//5237
f 892//892 3637//3637 5777//5777
f 5777//5777 1259//1259 6586//6586
f 7073//7073 6797//6797 5239//5239
f 3896//3896 5239//5239 6797//6797
f 1541//1541 5240//5240 1540//1540
f 5282//5282 2398//2398 5283//5283
f 2904//2904 5243//5243 3435//3435
f 7219//7219 886//886 1811//1811
f 5319//5319 7219//7219 1811//1811
f 1608//1608 6360//6360 886//886
f 1955//1955 5217//5217 2322//2322
f 5246//5246 887//887 5289//5289
f 895//895 2717//2717 5251//5251
f 5916//5916 5251//5251 2717//2717
f 896//896 895//895 5252//5252
f 5251//5251 5252//5252 895//895
f 2719//2719 5232//5232 2906//2906
f 5256//5256 1265//1265 5257//5257
f 7344//7344 5259//5259 1609//1609
f 5258//5258 1609//1609 5259//5259
f 1265//1265 1609//1609 5258//5258
f 3002//3002 5306//5306 880//880
f 5967//5967 6432//6432 5263//5263
f 882//882 6195//6195 5265//5265
f 5264//5264 5265//5265 6195//6195
f 5267//5267 3259//3259 2903//2903
f 7093//7093 2903//2903 3259//3259
f 5267//5267 6140//6140 6070//6070
f 5313//5313 900//900 5269//5269
f 901//901 5271//5271 5272//5272
f 891//891 6972//6972 6994//6994
f 1785//1785 1801//1801 6988//6988
f 6771//6771 6988//6988 1801//1801
f 6988//6988 6771//6771 6985//6985
f 7247//7247 2812//2812 6985//6985
f 905//905 5276//5276 5277//5277
f 5276//5276 7205//7205 7073//7073
f 5277//5277 5239//5239 893//893
f 5277//5277 893//893 5278//5278
f 1361//1361 5278//5278 893//893
f 5280//5280 2398//2398 5282//5282
f 2398//2398 5280//5280 2240//2240
f 6361//6361 2496//2496 1962//1962
f 1962//1962 5286//5286 6361//6361
f 2322//2322 5287//5287 6361//6361
f 5287//5287 2322//2322 6428//6428
f 5289//5289 2813//2813 5288//5288
f 2813//2813 5289//5289 3196//3196
f 5247//5247 3350//3350 3196//3196
f 5290//5290 3350//3350 5247//5247
f 3745//3745 3900//3900 5291//5291
f 5290//5290 5291//5291 3900//3900
f 5295//5295 909//909 5294//5294
f 896//896 5295//5295 895//895
f 5298//5298 2323//2323 2625//2625
f 5299//5299 3197//3197 3001//3001
f 5632//5632 6071//6071 5303//5303
f 5302//5302 2246//2246 6071//6071
f 5919//5919 5632//5632 5304//5304
f 5303//5303 5304//5304 5632//5632
f 6730//6730 5261//5261 2810//2810
f 6370//6370 5308//5308 1179//1179
f 7153//7153 6370//6370 5309//5309
f 6195//6195 2401//2401 5310//5310
f 5310//5310 5264//5264 6195//6195
f 917//917 5331//5331 5311//5311
f 6035//6035 5311//5311 5331//5331
f 5626//5626 7093//7093 3259//3259
f 5626//5626 918//918 917//917
f 6140//6140 5312//5312 6070//6070
f 5312//5312 6140//6140 3642//3642
f 5314//5314 6387//6387 5315//5315
f 6387//6387 5314//5314 2052//2052
f 6713//6713 3444//3444 6072//6072
f 2904//2904 3435//3435 3445//3445
f 894//894 5322//5322 922//922
f 5322//5322 894//894 5249//5249
f 914//914 5360//5360 3197//3197
f 915//915 914//914 5299//5299
f 5988//5988 5323//5323 6746//6746
f 5325//5325 1451//1451 5305//5305
f 5325//5325 1814//1814 5628//5628
f 6333//6333 5327//5327 5367//5367
f 5262//5262 7019//7019 6295//6295
f 2232//2232 2407//2407 2235//2235
f 2401//2401 7133//7133 2407//2407
f 899//899 5629//5629 3821//3821
f 5629//5629 899//899 5334//5334
f 5335//5335 2142//2142 1789//1789
f 7050//7050 6774//6774 7324//7324
f 7050//7050 5336//5336 3184//3184
f 3184//3184 5337//5337 3536//3536
f 5337//5337 3184//3184 5336//5336
f 6994//6994 6490//6490 3904//3904
f 6435//6435 5627//5627 1707//1707
f 5314//5314 6114//6114 5627//5627
f 1707//1707 5627//5627 6114//6114
f 2634//2634 2633//2633 6927//6927
f 5340//5340 2990//2990 2634//2634
f 3535//3535 905//905 3542//3542
f 3542//3542 5339//5339 3535//3535
f 930//930 5339//5339 3542//3542
f 3542//3542 5341//5341 5399//5399
f 906//906 5343//5343 2233//2233
f 5342//5342 2055//2055 2233//2233
f 6117//6117 2233//2233 5343//5343
f 3079//3079 5344//5344 920//920
f 5344//5344 3079//3079 5345//5345
f 5381//5381 6306//6306 1277//1277
f 5348//5348 5347//5347 6296//6296
f 2496//2496 5630//5630 1968//1968
f 5630//5630 2496//2496 5920//5920
f 2315//2315 5630//5630 5349//5349
f 5630//5630 2315//2315 2478//2478
f 5920//5920 2813//2813 5349//5349
f 5631//5631 5349//5349 2813//2813
f 5631//5631 2635//2635 2315//2315
f 5321//5321 5782//5782 3356//3356
f 7144//7144 5350//5350 933//933
f 5411//5411 5351//5351 5352//5352
f 5353//5353 5354//5354 2732//2732
f 5354//5354 909//909 924//924
f 5295//5295 924//924 909//909
f 925//925 5355//5355 5296//5296
f 5355//5355 925//925 5356//5356
f 5356//5356 925//925 5357//5357
f 5358//5358 5357//5357 1270//1270
f 5639//5639 5361//5361 6175//6175
f 5362//5362 1721//1721 6307//6307
f 5365//5365 5364//5364 6071//6071
f 5386//5386 5363//5363 5365//5365
f 3084//3084 7235//7235 5988//5988
f 3807//3807 1275//1275 1454//1454
f 1275//1275 5305//5305 1451//1451
f 1451//1451 5628//5628 5366//5366
f 5628//5628 6333//6333 5366//5366
f 6537//6537 1183//1183 5370//5370
f 7133//7133 5331//5331 7334//7334
f 917//917 7334//7334 5331//5331
f 917//917 918//918 5372//5372
f 5392//5392 5372//5372 918//918
f 5372//5372 938//938 7334//7334
f 5392//5392 918//918 3628//3628
f 5392//5392 3628//3628 5373//5373
f 1788//1788 1624//1624 6815//6815
f 2142//2142 5374//5374 1789//1789
f 6774//6774 5376//5376 6141//6141
f 5923//5923 5395//5395 5376//5376
f 5377//5377 3537//3537 3888//3888
f 1707//1707 6116//6116 6308//6308
f 5378//5378 5970//5970 5972//5972
f 2540//2540 6816//6816 5428//5428
f 3356//3356 5633//5633 5408//5408
f 943//943 3565//3565 5633//5633
f 1536//1536 1166//1166 5382//5382
f 5383//5383 2897//2897 5384//5384
f 1622//1622 1279//1279 6856//6856
f 3630//3630 6856//6856 1279//1279
f 1622//1622 1965//1965 6199//6199
f 1965//1965 935//935 1969//1969
f 5639//5639 5385//5385 5415//5415
f 5634//5634 5386//5386 7235//7235
f 2991//2991 6531//6531 5635//5635
f 6575//6575 6350//6350 6577//6577
f 2232//2232 6481//6481 5371//5371
f 5393//5393 3273//3273 5392//5392
f 3273//3273 5393//5393 3634//3634
f 5425//5425 7188//7188 5426//5426
f 7188//7188 5425//5425 939//939
f 5377//5377 6444//6444 3545//3545
f 6682//6682 5378//5378 5397//5397
f 5397//5397 5378//5378 5636//5636
f 5636//5636 5972//5972 2734//2734
f 5379//5379 2996//2996 2633//2633
f 930//930 3363//3363 5379//5379
f 5433//5433 5379//5379 3363//3363
f 6974//6974 6118//6118 7137//7137
f 6118//6118 6974//6974 1373//1373
f 5637//5637 2730//2730 3086//3086
f 3088//3088 5637//5637 941//941
f 5637//5637 3088//3088 6231//6231
f 2478//2478 2315//2315 5406//5406
f 2315//2315 2635//2635 5407//5407
f 2579//2579 5407//5407 2635//2635
f 1806//1806 5411//5411 5412//5412
f 3021//3021 2669//2669 5413//5413
f 3250//3250 7368//7368 5384//5384
f 1378//1378 3869//3869 3734//3734
f 5385//5385 2236//2236 5415//5415
f 5634//5634 5416//5416 3978//3978
f 1479//1479 7222//7222 7134//7134
f 5783//5783 5388//5388 5419//5419
f 7094//7094 6604//6604 6689//6689
f 3357//3357 7094//7094 6119//6119
f 957//957 6229//6229 5420//5420
f 945//945 5420//5420 6229//6229
f 958//958 5422//5422 5461//5461
f 947//947 5461//5461 5422//5422
f 3964//3964 5423//5423 948//948
f 5394//5394 948//948 5423//5423
f 1698//1698 5425//5425 5426//5426
f 6681//6681 5463//5463 5395//5395
f 5427//5427 6658//6658 5396//5396
f 2984//2984 5396//5396 6658//6658
f 6308//6308 6230//6230 7164//7164
f 3979//3979 5429//5429 2660//2660
f 5428//5428 5430//5430 5429//5429
f 962//962 5429//5429 5430//5430
f 5433//5433 2930//2930 2640//2640
f 965//965 5470//5470 5436//5436
f 5436//5436 5435//5435 6780//6780
f 941//941 3271//3271 3403//3403
f 1484//1484 6870//6870 6037//6037
f 943//943 5444//5444 3565//3565
f 5444//5444 943//943 5445//5445
f 3565//3565 5444//5444 3309//3309
f 5446//5446 5412//5412 7223//7223
f 3287//3287 5448//5448 5384//5384
f 3250//3250 5447//5447 7368//7368
f 3961//3961 3250//3250 5449//5449
f 1279//1279 5449//5449 5448//5448
f 1843//1843 2350//2350 7095//7095
f 2250//2250 5450//5450 2934//2934
f 2934//2934 5451//5451 5497//5497
f 6247//6247 5452//5452 7038//7038
f 5454//5454 2465//2465 7136//7136
f 972//972 5456//5456 5457//5457
f 1470//1470 5457//5457 1281//1281
f 5421//5421 5483//5483 957//957
f 6714//6714 948//948 959//959
f 2260//2260 7192//7192 5486//5486
f 3840//3840 6741//6741 3871//3871
f 950//950 6517//6517 6230//6230
f 976//976 6528//6528 2393//2393
f 960//960 6528//6528 950//950
f 2393//2393 961//961 5465//5465
f 2660//2660 5465//5465 961//961
f 5465//5465 2660//2660 5466//5466
f 962//962 5466//5466 2660//2660
f 5466//5466 962//962 5507//5507
f 5507//5507 962//962 6705//6705
f 3966//3966 5467//5467 6422//6422
f 963//963 6142//6142 7137//7137
f 978//978 6926//6926 5787//5787
f 1737//1737 5469//5469 1538//1538
f 5471//5471 6502//6502 3088//3088
f 980//980 979//979 5473//5473
f 5472//5472 5473//5473 979//979
f 6637//6637 5439//5439 5441//5441
f 6036//6036 3961//3961 5475//5475
f 1513//1513 1365//1365 969//969
f 1479//1479 5458//5458 7222//7222
f 955//955 973//973 5458//5458
f 973//973 955//955 5502//5502
f 984//984 5479//5479 6200//6200
f 5479//5479 984//984 983//983
f 957//957 5482//5482 5481//5481
f 6714//6714 3636//3636 3964//3964
f 3811//3811 6076//6076 3636//3636
f 6525//6525 6433//6433 959//959
f 7192//7192 3117//3117 5486//5486
f 5487//5487 6422//6422 1114//1114
f 5924//5924 5532//5532 5790//5790
f 2225//2225 5432//5432 5924//5924
f 5488//5488 5509//5509 5432//5432
f 979//979 5510//5510 5491//5491
f 5510//5510 5490//5490 5491//5491
f 966//966 6445//6445 3201//3201
f 5492//5492 1391//1391 3708//3708
f 3021//3021 7193//7193 7138//7138
f 1513//1513 5495//5495 1365//1365
f 2250//2250 2363//2363 5789//5789
f 5497//5497 5498//5498 5792//5792
f 5497//5497 5792//5792 5496//5496
f 5498//5498 5451//5451 3506//3506
f 972//972 5501//5501 997//997
f 5501//5501 972//972 5477//5477
f 5504//5504 3077//3077 7116//7116
f 5464//5464 7116//7116 3077//3077
f 5505//5505 3924//3924 6702//6702
f 5505//5505 5793//5793 7116//7116
f 5526//5526 6702//6702 1320//1320
f 988//988 6593//6593 3513//3513
f 5536//5536 7353//7353 3948//3948
f 3610//3610 5644//5644 3948//3948
f 991//991 5644//5644 5489//5489
f 5644//5644 991//991 5536//5536
f 6743//6743 1222//1222 3708//3708
f 5512//5512 3345//3345 5494//5494
f 1108//1108 1304//1304 5512//5512
f 5495//5495 1513//1513 992//992
f 5558//5558 2759//2759 2917//2917
f 5499//5499 6497//6497 6247//6247
f 5516//5516 5517//5517 1009//1009
f 2920//2920 984//984 5518//5518
f 3338//3338 2922//2922 5518//5518
f 6040//6040 1000//1000 3498//3498
f 6341//6341 5522//5522 5523//5523
f 2563//2563 6041//6041 5485//5485
f 2184//2184 6041//6041 2597//2597
f 5570//5570 5524//5524 5525//5525
f 1014//1014 5793//5793 3696//3696
f 5793//5793 1014//1014 5504//5504
f 5527//5527 6848//6848 1890//1890
f 5530//5530 5529//5529 3208//3208
f 3208//3208 7371//7371 6363//6363
f 6363//6363 5531//5531 5925//5925
f 7262//7262 2206//2206 1021//1021
f 988//988 6120//6120 3707//3707
f 989//989 7076//7076 3707//3707
f 6121//6121 990//990 1752//1752
f 2034//2034 6823//6823 2208//2208
f 2053//2053 5557//5557 5511//5511
f 1005//1005 7014//7014 5514//5514
f 6202//6202 5542//5542 5520//5520
f 2665//2665 6971//6971 6703//6703
f 1012//1012 5545//5545 6040//6040
f 5545//5545 1012//1012 5547//5547
f 5546//5546 1013//1013 1127//1127
f 1017//1017 1709//1709 1016//1016
f 3867//3867 5555//5555 1405//1405
f 5555//5555 3867//3867 5539//5539
f 1004//1004 5559//5559 3520//3520
f 1004//1004 5560//5560 5797//5797
f 5560//5560 1004//1004 5513//5513
f 1553//1553 6960//6960 5561//5561
f 6943//6943 5561//5561 6960//6960
f 1006//1006 7002//7002 1007//1007
f 5562//5562 5515//5515 1008//1008
f 1009//1009 2212//2212 5564//5564
f 5583//5583 5564//5564 2212//2212
f 2922//2922 3525//3525 5798//5798
f 1020//1020 2084//2084 1949//1949
f 3955//3955 5567//5567 6886//6886
f 1127//1127 6508//6508 5547//5547
f 5547//5547 6508//6508 3955//3955
f 2160//2160 5646//5646 1618//1618
f 1032//1032 5568//5568 5646//5646
f 5568//5568 1618//1618 5646//5646
f 5570//5570 3143//3143 5548//5548
f 5571//5571 6939//6939 5569//5569
f 3143//3143 5569//5569 6939//6939
f 5573//5573 5928//5928 5574//5574
f 5574//5574 5978//5978 2850//2850
f 2850//2850 5575//5575 3237//3237
f 5577//5577 3573//3573 5576//5576
f 3237//3237 5576//5576 3573//3573
f 1322//1322 3573//3573 1312//1312
f 2186//2186 1034//1034 2001//2001
f 1128//1128 5549//5549 5580//5580
f 5549//5549 1210//1210 5578//5578
f 5580//5580 5578//5578 3771//3771
f 1469//1469 1210//1210 5581//5581
f 5551//5551 2040//2040 5647//5647
f 5581//5581 5647//5647 1469//1469
f 3292//3292 1037//1037 1024//1024
f 3240//3240 3238//3238 3575//3575
f 3434//3434 3575//3575 6353//6353
f 1406//1406 1041//1041 6726//6726
f 2270//2270 1042//1042 5927//5927
f 6044//6044 1043//1043 2270//2270
f 3378//3378 1044//1044 3047//3047
f 1030//1030 1058//1058 3773//3773
f 6339//6339 6442//6442 7017//7017
f 5566//5566 5565//5565 2854//2854
f 5604//5604 2084//2084 5566//5566
f 2880//2880 5588//5588 3577//3577
f 5588//5588 2880//2880 5587//5587
f 1318//1318 3769//3769 6434//6434
f 7220//7220 1032//1032 5589//5589
f 5646//5646 5589//5589 1032//1032
f 5589//5589 2152//2152 5590//5590
f 2419//2419 5590//5590 2152//2152
f 1590//1590 1047//1047 3290//3290
f 7145//7145 1590//1590 1907//1907
f 1049//1049 3050//3050 3283//3283
f 5579//5579 1210//1210 1469//1469
f 5595//5595 5647//5647 2040//2040
f 5647//5647 5595//5595 1052//1052
f 1045//1045 3152//3152 2957//2957
f 6912//6912 5799//5799 1045//1045
f 1031//1031 7119//7119 6912//6912
f 5599//5599 7119//7119 6582//6582
f 5566//5566 5600//5600 5604//5604
f 5591//5591 5592//5592 5601//5601
f 1052//1052 1469//1469 5647//5647
f 1075//1075 3487//3487 6728//6728
f 5604//5604 2086//2086 2084//2084
f 2702//2702 5607//5607 3249//3249
f 5608//5608 3587//3587 5606//5606
f 3249//3249 5606//5606 3587//3587
f 5608//5608 3944//3944 3587//3587
f 6078//6078 1145//1145 3944//3944
f 1847//1847 1842//1842 6798//6798
f 5649//5649 5648//5648 3880//3880
f 5649//5649 3884//3884 88//88
f 3710//3710 3526//3526 5851//5851
f 5852//5852 6317//6317 201//201
f 5855//5855 3622//3622 202//202
f 5856//5856 3956//3956 203//203
f 5870//5870 6336//6336 225//225
f 6551//6551 2760//2760 226//226
f 2569//2569 3141//3141 5673//5673
f 237//237 5674//5674 6088//6088
f 201//201 6325//6325 238//238
f 6374//6374 2454//2454 6340//6340
f 6130//6130 2675//2675 239//239
f 202//202 6282//6282 241//241
f 203//203 6283//6283 242//242
f 6371//6371 6284//6284 243//243
f 1872//1872 4050//4050 5676//5676
f 5869//5869 225//225 266//266
f 2760//2760 2578//2578 267//267
f 3112//3112 2955//2955 6054//6054
f 6000//6000 5678//5678 237//237
f 3846//3846 5679//5679 289//289
f 5681//5681 1822//1822 2003//2003
f 4082//4082 4144//4144 7081//7081
f 4135//4135 5932//5932 2589//2589
f 297//297 5683//5683 5875//5875
f 5683//5683 2590//2590 4211//4211
f 2445//2445 2263//2263 4144//4144
f 2861//2861 2688//2688 4145//4145
f 3248//3248 3039//3039 4146//4146
f 7097//7097 3138//3138 2946//2946
f 7097//7097 306//306 3138//3138
f 2095//2095 6149//6149 5685//5685
f 2770//2770 2361//2361 4097//4097
f 3925//3925 3763//3763 4155//4155
f 5933//5933 4139//4139 3583//3583
f 5934//5934 4140//4140 3940//3940
f 329//329 1232//1232 1240//1240
f 5877//5877 2433//2433 336//336
f 3043//3043 7122//7122 3229//3229
f 3397//3397 5687//5687 3386//3386
f 1338//1338 338//338 1148//1148
f 2948//2948 6606//6606 6684//6684
f 6610//6610 4159//4159 4158//4158
f 5878//5878 1583//1583 351//351
f 398//398 4183//4183 3043//3043
f 3551//3551 4184//4184 5937//5937
f 407//407 406//406 1420//1420
f 4206//4206 7024//7024 4204//4204
f 5691//5691 2599//2599 4206//4206
f 416//416 5692//5692 2066//2066
f 389//389 2099//2099 2150//2150
f 7098//7098 5938//5938 3913//3913
f 1337//1337 5693//5693 4215//4215
f 424//424 4225//4225 4224//4224
f 405//405 6004//6004 6216//6216
f 407//407 1420//1420 4198//4198
f 5693//5693 1337//1337 4216//4216
f 4291//4291 5697//5697 6975//6975
f 2697//2697 404//404 7312//7312
f 3073//3073 2883//2883 405//405
f 5699//5699 6686//6686 7143//7143
f 5700//5700 2983//2983 459//459
f 444//444 5694//5694 1426//1426
f 4275//4275 5701//5701 2600//2600
f 5702//5702 5693//5693 4278//4278
f 469//469 6007//6007 6429//6429
f 3060//3060 4303//4303 7028//7028
f 5704//5704 2710//2710 2709//2709
f 2890//2890 4318//4318 495//495
f 502//502 1431//1431 1250//1250
f 485//485 5707//5707 3371//3371
f 4307//4307 4332//4332 1347//1347
f 5708//5708 489//489 6407//6407
f 5708//5708 3655//3655 3828//3828
f 1685//1685 492//492 5888//5888
f 4343//4343 6808//6808 1430//1430
f 3063//3063 6887//6887 4322//4322
f 7280//7280 3824//3824 4323//4323
f 5710//5710 1350//1350 4351//4351
f 546//546 3655//3655 1252//1252
f 7280//7280 7030//7030 3476//3476
f 5984//5984 3571//3571 7181//7181
f 7248//7248 3060//3060 7341//7341
f 6448//6448 2881//2881 562//562
f 6625//6625 4351//4351 4399//4399
f 5716//5716 4433//4433 2530//2530
f 1185//1185 5894//5894 1180//1180
f 569//569 2045//2045 568//568
f 2528//2528 7084//7084 2245//2245
f 2621//2621 5718//5718 4412//4412
f 570//570 6600//6600 4453//4453
f 573//573 1954//1954 2489//2489
f 2321//2321 2495//2495 573//573
f 2395//2395 4426//4426 2405//2405
f 3820//3820 5719//5719 3817//3817
f 6014//6014 6013//6013 6255//6255
f 5720//5720 3649//3649 4500//4500
f 1362//1362 5894//5894 1185//1185
f 5721//5721 5724//5724 1808//1808
f 5722//5722 3265//3265 570//570
f 6064//6064 3267//3267 2895//2895
f 1620//1620 1450//1450 1813//1813
f 4519//4519 5950//5950 6749//6749
f 5723//5723 7027//7027 585//585
f 2140//2140 6571//6571 591//591
f 3263//3263 3443//3443 595//595
f 5724//5724 1791//1791 1632//1632
f 596//596 2477//2477 2628//2628
f 1702//1702 1528//1528 4507//4507
f 5900//5900 3540//3540 3541//3541
f 4552//4552 2317//2317 2218//2218
f 6016//6016 5728//5728 6750//6750
f 7127//7127 4531//4531 6555//6555
f 5729//5729 6587//6587 593//593
f 5729//5729 593//593 2539//2539
f 2061//2061 5899//5899 7013//7013
f 1273//1273 3633//3633 3806//3806
f 4516//4516 4589//4589 4590//4590
f 4517//4517 6347//6347 2016//2016
f 1795//1795 601//601 632//632
f 2729//2729 2543//2543 616//616
f 1844//1844 4552//4552 633//633
f 2023//2023 1844//1844 633//633
f 6018//6018 3116//3116 3362//3362
f 2023//2023 633//633 651//651
f 6020//6020 2378//2378 4624//4624
f 2552//2552 3115//3115 659//659
f 2746//2746 2552//2552 659//659
f 6104//6104 5733//5733 4654//4654
f 1112//1112 1296//1296 4675//4675
f 4677//4677 3125//3125 660//660
f 677//677 6163//6163 661//661
f 678//678 2832//2832 4637//4637
f 662//662 3800//3800 3971//3971
f 662//662 3971//3971 679//679
f 4715//4715 7191//7191 663//663
f 7183//7183 5734//5734 1303//1303
f 5735//5735 4721//4721 684//684
f 2124//2124 2123//2123 4703//4703
f 697//697 4775//4775 2450//2450
f 4775//4775 696//696 2450//2450
f 2761//2761 2754//2754 3104//3104
f 4725//4725 3426//3426 3625//3625
f 3847//3847 5736//5736 1401//1401
f 5736//5736 3847//3847 722//722
f 4712//4712 699//699 1555//1555
f 732//732 3957//3957 3772//3772
f 3957//3957 1315//1315 1133//1133
f 5737//5737 4790//4790 3687//3687
f 5738//5738 4774//4774 4856//4856
f 771//771 2277//2277 6706//6706
f 1912//1912 6022//6022 6976//6976
f 781//781 5740//5740 6873//6873
f 6634//6634 5742//5742 7202//7202
f 758//758 3296//3296 788//788
f 5743//5743 1131//1131 775//775
f 792//792 5907//5907 5743//5743
f 7105//7105 4916//4916 795//795
f 4916//4916 5744//5744 795//795
f 3855//3855 5745//5745 798//798
f 4867//4867 6991//6991 5906//5906
f 803//803 1593//1593 4914//4914
f 1595//1595 1911//1911 5746//5746
f 2592//2592 2343//2343 2198//2198
f 1830//1830 2009//2009 1835//1835
f 5749//5749 6961//6961 4971//4971
f 5909//5909 5750//5750 4978//4978
f 5751//5751 803//803 4914//4914
f 3304//3304 3455//3455 6766//6766
f 3389//3389 3396//3396 5012//5012
f 3071//3071 5755//5755 5044//5044
f 6863//6863 5757//5757 3836//3836
f 2148//2148 1973//1973 1975//1975
f 5759//5759 3304//3304 6745//6745
f 1895//1895 5761//5761 826//826
f 6758//6758 846//846 5759//5759
f 832//832 6170//6170 3905//3905
f 3059//3059 846//846 6758//6758
f 2074//2074 2409//2409 863//863
f 2340//2340 831//831 7296//7296
f 1349//1349 3905//3905 6170//6170
f 5913//5913 6032//6032 6711//6711
f 5765//5765 2522//2522 2707//2707
f 5095//5095 5766//5766 5145//5145
f 5767//5767 2413//2413 5772//5772
f 2704//2704 2417//2417 7005//7005
f 6711//6711 6257//6257 1163//1163
f 5775//5775 2255//2255 871//871
f 5776//5776 871//871 5769//5769
f 5185//5185 5774//5774 6825//6825
f 1355//1355 6257//6257 1352//1352
f 2244//2244 5775//5775 2714//2714
f 5775//5775 2244//2244 2418//2418
f 5231//5231 2418//2418 2244//2244
f 2714//2714 5776//5776 2902//2902
f 3830//3830 3477//3477 5162//5162
f 6110//6110 5194//5194 5166//5166
f 3637//3637 1259//1259 5777//5777
f 6478//6478 7034//7034 889//889
f 1265//1265 1438//1438 1609//1609
f 6174//6174 5779//5779 3441//3441
f 1901//1901 5221//5221 6450//6450
f 2625//2625 6871//6871 2619//2619
f 6478//6478 889//889 897//897
f 6198//6198 3095//3095 6174//6174
f 1721//1721 5300//5300 6307//6307
f 6784//6784 1449//1449 902//902
f 3645//3645 5319//5319 5285//5285
f 6746//6746 3084//3084 5988//5988
f 5783//5783 5387//5387 5388//5388
f 5784//5784 940//940 3269//3269
f 927//927 5784//5784 6402//6402
f 5403//5403 5637//5637 6231//6231
f 936//936 2994//2994 6455//6455
f 7114//7114 5640//5640 5417//5417
f 5922//5922 1479//1479 7134//7134
f 2934//2934 6898//6898 3113//3113
f 5785//5785 5467//5467 1473//1473
f 1752//1752 5787//5787 964//964
f 5788//5788 6461//6461 7170//7170
f 3393//3393 6076//6076 6896//6896
f 975//975 2563//2563 5485//5485
f 6077//6077 1009//1009 5517//5517
f 993//993 2759//2759 5977//5977
f 5979//5979 5795//5795 1312//1312
f 3111//3111 3102//3102 7313//7313
f 6949//6949 5796//5796 1950//1950
f 1029//1029 5797//5797 6726//6726
f 6380//6380 3682//3682 6917//6917
f 3682//3682 6380//6380 1051//1051
f 1815//1815 1993//1993 1999//1999
f 2195//2195 1054//1054 1074//1074
f 2394//2394 1896//1896 2779//2779
f 3716//3716 41//41 3879//3879
f 1485//1485 7279//7279 1650//1650
f 6680//6680 1560//1560 1743//1743
f 88//88 5648//5648 5649//5649
f 3326//3326 6787//6787 4007//4007
f 3509//3509 3717//3717 3881//3881
f 2560//2560 2380//2380 2548//2548
f 2380//2380 2560//2560 2383//2383
f 6799//6799 6858//6858 4016//4016
f 2933//2933 7216//7216 4017//4017
f 3510//3510 5800//5800 4018//4018
f 3882//3882 5801//5801 4019//4019
f 1387//1387 5802//5802 4020//4020
f 1748//1748 5803//5803 101//101
f 2114//2114 5804//5804 4021//4021
f 2470//2470 5805//5805 4022//4022
f 2829//2829 5806//5806 4023//4023
f 3224//3224 5807//5807 4024//4024
f 3606//3606 5808//5808 4025//4025
f 3968//3968 5809//5809 4026//4026
f 1103//1103 5810//5810 4027//4027
f 1486//1486 5811//5811 4028//4028
f 1855//1855 5812//5812 4029//4029
f 2227//2227 5813//5813 4030//4030
f 2557//2557 5814//5814 4031//4031
f 2942//2942 5815//5815 4032//4032
f 3322//3322 5816//5816 4033//4033
f 3725//3725 5817//5817 4034//4034
f 1205//1205 5818//5818 4035//4035
f 1571//1571 5819//5819 4036//4036
f 1934//1934 5820//5820 4037//4037
f 2306//2306 5821//5821 4038//4038
f 2653//2653 5822//5822 4039//4039
f 3033//3033 5823//5823 4040//4040
f 3414//3414 5824//5824 4041//4041
f 3803//3803 5825//5825 4042//4042
f 1295//1295 5826//5826 4043//4043
f 1657//1657 5827//5827 4044//4044
f 2027//2027 5828//5828 4045//4045
f 2381//2381 5829//5829 4046//4046
f 2745//2745 5830//5830 6756//6756
f 5831//5831 125//125 82//82
f 126//126 5834//5834 2654//2654
f 5835//5835 126//126 6548//6548
f 129//129 6342//6342 1659//1659
f 2912//2912 86//86 3126//3126
f 3331//3331 87//87 3511//3511
f 133//133 3702//3702 3884//3884
f 134//134 1217//1217 1389//1389
f 6080//6080 89//89 1750//1750
f 5858//5858 90//90 2118//2118
f 6707//6707 1635//1635 6768//6768
f 2207//2207 137//137 7173//7173
f 6399//6399 6393//6393 6236//6236
f 139//139 6254//6254 3727//3727
f 6710//6710 3227//3227 3036//3036
f 2566//2566 96//96 2749//2749
f 143//143 2566//2566 2749//2749
f 2915//2915 97//97 3130//3130
f 144//144 2915//2915 3130//3130
f 3334//3334 98//98 3516//3516
f 145//145 3334//3334 3516//3516
f 3705//3705 99//99 3887//3887
f 146//146 3705//3705 3887//3887
f 1218//1218 100//100 1392//1392
f 147//147 1218//1218 1392//1392
f 2287//2287 103//103 2475//2475
f 148//148 2287//2287 2475//2475
f 2664//2664 104//104 2834//2834
f 149//149 2664//2664 2834//2834
f 3010//3010 105//105 3228//3228
f 150//150 3010//3010 3228//3228
f 3423//3423 106//106 3611//3611
f 151//151 3423//3423 3611//3611
f 3784//3784 107//107 3945//3945
f 152//152 3784//3784 3945//3945
f 1305//1305 108//108 1109//1109
f 153//153 1305//1305 1109//1109
f 6081//6081 109//109 1457//1457
f 5847//5847 110//110 1859//1859
f 156//156 6129//6129 2908//2908
f 6082//6082 112//112 3328//3328
f 157//157 6082//6082 3328//3328
f 6083//6083 113//113 3699//3699
f 158//158 6083//6083 3699//3699
f 6084//6084 114//114 1213//1213
f 159//159 6084//6084 1213//1213
f 160//160 6085//6085 4036//4036
f 6086//6086 115//115 1940//1940
f 161//161 6086//6086 1940//1940
f 6087//6087 116//116 2283//2283
f 162//162 6087//6087 2283//2283
f 2841//2841 117//117 2659//2659
f 163//163 2841//2841 2659//2659
f 3205//3205 118//118 3007//3007
f 164//164 3205//3205 3007//3007
f 3616//3616 119//119 3419//3419
f 165//165 3616//3616 3419//3419
f 3950//3950 120//120 3781//3781
f 166//166 3950//3950 3781//3781
f 1118//1118 121//121 1301//1301
f 167//167 1118//1118 1301//1301
f 1462//1462 122//122 1634//1634
f 168//168 1462//1462 1634//1634
f 1866//1866 123//123 2032//2032
f 169//169 1866//1866 2032//2032
f 2569//2569 124//124 2753//2753
f 81//81 5851//5851 3323//3323
f 5853//5853 1943//1943 6122//6122
f 5854//5854 2666//2666 126//126
f 5855//5855 3011//3011 127//127
f 5856//5856 3424//3424 128//128
f 5650//5650 6342//6342 129//129
f 2036//2036 5650//5650 129//129
f 172//172 131//131 2912//2912
f 173//173 6128//6128 3331//3331
f 174//174 132//132 3702//3702
f 175//175 133//133 1217//1217
f 6252//6252 7277//7277 5840//5840
f 6253//6253 6259//6259 5841//5841
f 5655//5655 6267//6267 136//136
f 6535//6535 5655//5655 136//136
f 208//208 6642//6642 3519//3519
f 138//138 6817//6817 3519//3519
f 256//256 6262//6262 6237//6237
f 210//210 3015//3015 6755//6755
f 6180//6180 142//142 2566//2566
f 178//178 143//143 2915//2915
f 179//179 144//144 3334//3334
f 180//180 145//145 3705//3705
f 181//181 146//146 1218//1218
f 182//182 147//147 5662//5662
f 184//184 148//148 2664//2664
f 185//185 149//149 3010//3010
f 186//186 150//150 3423//3423
f 187//187 151//151 3784//3784
f 188//188 152//152 1305//1305
f 189//189 153//153 6081//6081
f 5870//5870 1869//1869 155//155
f 190//190 156//156 6082//6082
f 191//191 157//157 6083//6083
f 228//228 158//158 6084//6084
f 6249//6249 161//161 6087//6087
f 192//192 162//162 2841//2841
f 193//193 163//163 3205//3205
f 194//194 164//164 3616//3616
f 195//195 165//165 3950//3950
f 196//196 166//166 1118//1118
f 197//197 167//167 1462//1462
f 198//198 168//168 1866//1866
f 199//199 169//169 2205//2205
f 2910//2910 5850//5850 2921//2921
f 5674//5674 2921//2921 5850//5850
f 2921//2921 5674//5674 3110//3110
f 5652//5652 172//172 3105//3105
f 5653//5653 173//173 3521//3521
f 7079//7079 175//175 6978//6978
f 5658//5658 178//178 3108//3108
f 3849//3849 180//180 3865//3865
f 5660//5660 181//181 1399//1399
f 5661//5661 182//182 5662//5662
f 5663//5663 184//184 2845//2845
f 5664//5664 185//185 3209//3209
f 7056//7056 186//186 3620//3620
f 5665//5665 187//187 3954//3954
f 5666//5666 188//188 1124//1124
f 5667//5667 192//192 2673//2673
f 5668//5668 193//193 3018//3018
f 5669//5669 194//194 3427//3427
f 5670//5670 195//195 3788//3788
f 5671//5671 196//196 1311//1311
f 7363//7363 197//197 1641//1641
f 5672//5672 198//198 2039//2039
f 2185//2185 199//199 6127//6127
f 5673//5673 200//200 2569//2569
f 5678//5678 3110//3110 5674//5674
f 237//237 6088//6088 6692//6692
f 238//238 279//279 1728//1728
f 241//241 6281//6281 3210//3210
f 242//242 6282//6282 3622//3622
f 243//243 6283//6283 3956//3956
f 5676//5676 6312//6312 5650//5650
f 259//259 3045//3045 3212//3212
f 267//267 5609//5609 286//286
f 6550//6550 2578//2578 2760//2760
f 237//237 6692//6692 3484//3484
f 6000//6000 237//237 3484//3484
f 1822//1822 5681//5681 1997//1997
f 6000//6000 3484//3484 6148//6148
f 285//285 4128//4128 1676//1676
f 1327//1327 5876//5876 1146//1146
f 5683//5683 4121//4121 5875//5875
f 334//334 2007//2007 6144//6144
f 5877//5877 5685//5685 2282//2282
f 5878//5878 5686//5686 1594//1594
f 362//362 5684//5684 2095//2095
f 4280//4280 5881//5881 4252//4252
f 5881//5881 5882//5882 449//449
f 472//472 6145//6145 1614//1614
f 5941//5941 422//422 1978//1978
f 4258//4258 3663//3663 4314//4314
f 5883//5883 4262//4262 2697//2697
f 479//479 5884//5884 2890//2890
f 5885//5885 7057//7057 1700//1700
f 4272//4272 6956//6956 4350//4350
f 6647//6647 6331//6331 2703//2703
f 491//491 6640//6640 3922//3922
f 5886//5886 4290//4290 1345//1345
f 4322//4322 6887//6887 3279//3279
f 5887//5887 482//482 3667//3667
f 5708//5708 6218//6218 3280//3280
f 529//529 6809//6809 5889//5889
f 5889//5889 4319//4319 529//529
f 546//546 1252//1252 4369//4369
f 551//551 523//523 1169//1169
f 6101//6101 2975//2975 6919//6919
f 5713//5713 4351//4351 5711//5711
f 7084//7084 2528//2528 7099//7099
f 544//544 5891//5891 4385//4385
f 1717//1717 4431//4431 1543//1543
f 4402//4402 3815//3815 3438//3438
f 7369//7369 1800//1800 1439//1439
f 564//564 4379//4379 5893//5893
f 568//568 2045//2045 6472//6472
f 1952//1952 5715//5715 4429//4429
f 556//556 2623//2623 5892//5892
f 4448//4448 1362//1362 4407//4407
f 1720//1720 5894//5894 1719//1719
f 573//573 2489//2489 2321//2321
f 3744//3744 3532//3532 3348//3348
f 4427//4427 4394//4394 5719//5719
f 3258//3258 5896//5896 3442//3442
f 5896//5896 3258//3258 4446//4446
f 5894//5894 1548//1548 1180//1180
f 6063//6063 1961//1961 573//573
f 5895//5895 4481//4481 1366//1366
f 2809//2809 2987//2987 2632//2632
f 2054//2054 5725//5725 4508//4508
f 5725//5725 2054//2054 1882//1882
f 5726//5726 4512//4512 2630//2630
f 587//587 5898//5898 1704//1704
f 4513//4513 2638//2638 5726//5726
f 599//599 2895//2895 3272//3272
f 1273//1273 1278//1278 608//608
f 3541//3541 3729//3729 5900//5900
f 5900//5900 3359//3359 3540//3540
f 1374//1374 1186//1186 6777//6777
f 4487//4487 3452//3452 4521//4521
f 632//632 601//601 1844//1844
f 3975//3975 3216//3216 6790//6790
f 5731//5731 4614//4614 7370//7370
f 608//608 5902//5902 4588//4588
f 651//651 6020//6020 2228//2228
f 2298//2298 1936//1936 2110//2110
f 5904//5904 2438//2438 2294//2294
f 5740//5740 4881//4881 1644//1644
f 5905//5905 4776//4776 3235//3235
f 2277//2277 7146//7146 5739//5739
f 774//774 1131//1131 5743//5743
f 5743//5743 7070//7070 774//774
f 5744//5744 4916//4916 6952//6952
f 1506//1506 780//780 5740//5740
f 5908//5908 807//807 3581//3581
f 6779//6779 3389//3389 5624//5624
f 2174//2174 5910//5910 7195//7195
f 5911//5911 5031//5031 5030//5030
f 3304//3304 5759//5759 2886//2886
f 3833//3833 7295//7295 6751//6751
f 5913//5913 6711//6711 6278//6278
f 5761//5761 5764//5764 5913//5913
f 5762//5762 5768//5768 6998//6998
f 5151//5151 6029//6029 5169//5169
f 5179//5179 5177//5177 5178//5178
f 3062//3062 5916//5916 5778//5778
f 5185//5185 6825//6825 3656//3656
f 871//871 5776//5776 5775//5775
f 3255//3255 5202//5202 5201//5201
f 3288//3288 6173//6173 7091//7091
f 5773//5773 3637//3637 6953//6953
f 3637//3637 5773//5773 1259//1259
f 5918//5918 5243//5243 5781//5781
f 5321//5321 3196//3196 3350//3350
f 922//922 5350//5350 7144//7144
f 5970//5970 5378//5378 6114//6114
f 3629//3629 5784//5784 3269//3269
f 947//947 938//938 6802//6802
f 5426//5426 949//949 1698//1698
f 3542//3542 5399//5399 5921//5921
f 3086//3086 941//941 5637//5637
f 5363//5363 2236//2236 5385//5385
f 3040//3040 974//974 6896//6896
f 3498//3498 6076//6076 3811//3811
f 6076//6076 3498//3498 6896//6896
f 5792//5792 3520//3520 2917//2917
f 6889//6889 3619//3619 6933//6933
f 2759//2759 5926//5926 5977//5977
f 2597//2597 5548//5548 2573//2573
f 1021//1021 7139//7139 7262//7262
f 2759//2759 2188//2188 5926//5926
f 2188//2188 5558//5558 3147//3147
f 5927//5927 1406//1406 1731//1731
f 2676//2676 2268//2268 7297//7297
f 5590//5590 1060//1060 5589//5589
f 2441//2441 6849//6849 1038//1038
f 1059//1059 5799//5799 6912//6912
f 1060//1060 7220//7220 5589//5589
f 1896//1896 5929//5929 7208//7208
f 1545//1545 7145//7145 1048//1048
f 5980//5980 1469//1469 1052//1052
f 7003//7003 3944//3944 5608//5608
f 3511//3511 3325//3325 5648//5648
f 5931//5931 3129//3129 6787//6787
f 5831//5831 6203//6203 5852//5852
f 5832//5832 1943//1943 6317//6317
f 6232//6232 5834//5834 6343//6343
f 6343//6343 2666//2666 6512//6512
f 126//126 5835//5835 5854//5854
f 5835//5835 3011//3011 5854//5854
f 127//127 5836//5836 5855//5855
f 5836//5836 3424//3424 5855//5855
f 128//128 5837//5837 5856//5856
f 5837//5837 3785//3785 5856//5856
f 3519//3519 6817//6817 208//208
f 5844//5844 6316//6316 5865//5865
f 141//141 6050//6050 210//210
f 5847//5847 1869//1869 6583//6583
f 155//155 5848//5848 5870//5870
f 5848//5848 2210//2210 5870//5870
f 6250//6250 5849//5849 6551//6551
f 1313//1313 5680//5680 5873//5873
f 5680//5680 1313//1313 5677//5677
f 1642//1642 5681//5681 4066//4066
f 2851//2851 4054//4054 249//249
f 4061//4061 6945//6945 6410//6410
f 3624//3624 3578//3578 6783//6783
f 5678//5678 3150//3150 2956//2956
f 2580//2580 5932//5932 290//290
f 1332//1332 4120//4120 4075//4075
f 297//297 5875//5875 4077//4077
f 315//315 2770//2770 4097//4097
f 5876//5876 1327//1327 1136//1136
f 4110//4110 5933//5933 3583//3583
f 4111//4111 5934//5934 3940//3940
f 6328//6328 2769//2769 6346//6346
f 3138//3138 306//306 5879//5879
f 5684//5684 1754//1754 1598//1598
f 5685//5685 5877//5877 336//336
f 5876//5876 344//344 1146//1146
f 1677//1677 322//322 6298//6298
f 329//329 3674//3674 3692//3692
f 5686//5686 5878//5878 351//351
f 368//368 5982//5982 6483//6483
f 5936//5936 4211//4211 2590//2590
f 391//391 1886//1886 1836//1836
f 391//391 1836//1836 4176//4176
f 2769//2769 4178//4178 4151//4151
f 3841//3841 4180//4180 3680//3680
f 399//399 5937//5937 4185//4185
f 5937//5937 3397//3397 4185//4185
f 7142//7142 3675//3675 348//348
f 6754//6754 2010//2010 5880//5880
f 2178//2178 4201//4201 2181//2181
f 7024//7024 4206//4206 2599//2599
f 5691//5691 4205//4205 5940//5940
f 6058//6058 5940//5940 4205//4205
f 4205//4205 5691//5691 6185//6185
f 358//358 3170//3170 3231//3231
f 5938//5938 6651//6651 3913//3913
f 6134//6134 363//363 1922//1922
f 4229//4229 4191//4191 4260//4260
f 4289//4289 2602//2602 2691//2691
f 442//442 3075//3075 3067//3067
f 442//442 3067//3067 4245//4245
f 5696//5696 1584//1584 389//389
f 2068//2068 1886//1886 4249//4249
f 5937//5937 4257//4257 3551//3551
f 3461//3461 3073//3073 405//405
f 406//406 4263//4263 7142//7142
f 4295//4295 407//407 4264//4264
f 6058//6058 466//466 5940//5940
f 5882//5882 2887//2887 449//449
f 5706//5706 5941//5941 473//473
f 5945//5945 6565//6565 5942//5942
f 5942//5942 455//455 5945//5945
f 6008//6008 4291//4291 1526//1526
f 433//433 1346//1346 3759//3759
f 7057//7057 5885//5885 4298//4298
f 7028//7028 3464//3464 7190//7190
f 443//443 7190//7190 3464//3464
f 7028//7028 4303//4303 3464//3464
f 2412//2412 7330//7330 5704//5704
f 4279//4279 5704//5704 7330//7330
f 2701//2701 5704//5704 4279//4279
f 5706//5706 472//472 5941//5941
f 5611//5611 6647//6647 454//454
f 477//477 3178//3178 6414//6414
f 3279//3279 5887//5887 4322//4322
f 5707//5707 6272//6272 3371//3371
f 6657//6657 3907//3907 3746//3746
f 2969//2969 3164//3164 520//520
f 1685//1685 552//552 4371//4371
f 6956//6956 5710//5710 4350//4350
f 5711//5711 1350//1350 6932//6932
f 1164//1164 6932//6932 1350//1350
f 7341//7341 2527//2527 2708//2708
f 528//528 5613//5613 1987//1987
f 1510//1510 4375//4375 1691//1691
f 543//543 4385//4385 5891//5891
f 4398//4398 5947//5947 3639//3639
f 4399//4399 1358//1358 6625//6625
f 4409//4409 4449//4449 3089//3089
f 7290//7290 4409//4409 3089//3089
f 5891//5891 1629//1629 4411//4411
f 2999//2999 5718//5718 2621//2621
f 3815//3815 5720//5720 3438//3438
f 4468//4468 7369//7369 1439//1439
f 2894//2894 6600//6600 570//570
f 3266//3266 6064//6064 4483//4483
f 589//589 2388//2388 576//576
f 5950//5950 2388//2388 2234//2234
f 3544//3544 4494//4494 590//590
f 4506//4506 596//596 2628//2628
f 3449//3449 3809//3809 6628//6628
f 5727//5727 4489//4489 1274//1274
f 1455//1455 6188//6188 4468//4468
f 3185//3185 4538//4538 4506//4506
f 3538//3538 6909//6909 2989//2989
f 6065//6065 3889//3889 4539//4539
f 586//586 3808//3808 4544//4544
f 3808//3808 4478//4478 7287//7287
f 1792//1792 1453//1453 5951//5951
f 2630//2630 7232//7232 5726//5726
f 5898//5898 5952//5952 1704//1704
f 5901//5901 3792//3792 5727//5727
f 5901//5901 6669//6669 1287//1287
f 5952//5952 4586//4586 4585//4585
f 4588//4588 3399//3399 3268//3268
f 4591//4591 4546//4546 7333//7333
f 3317//3317 6103//6103 638//638
f 3977//3977 4664//4664 4619//4619
f 5953//5953 4667//4667 3408//3408
f 5953//5953 3969//3969 4667//4667
f 4669//4669 2023//2023 651//651
f 5735//5735 6464//6464 4721//4721
f 7183//7183 4657//4657 5734//5734
f 3957//3957 6470//6470 4726//4726
f 4776//4776 697//697 2842//2842
f 4774//4774 4857//4857 4856//4856
f 4776//4776 5954//5954 697//697
f 5954//5954 4776//4776 5905//5905
f 5954//5954 4775//4775 697//697
f 4836//4836 3481//3481 4837//4837
f 4877//4877 6420//6420 4847//4847
f 6420//6420 712//712 1765//1765
f 6290//6290 2438//2438 5904//5904
f 5904//5904 7086//7086 6290//6290
f 7086//7086 5904//5904 2674//2674
f 7359//7359 4869//4869 2682//2682
f 5956//5956 4897//4897 4877//4877
f 802//802 5957//5957 786//786
f 2443//2443 5906//5906 6323//6323
f 4914//4914 7146//7146 5751//5751
f 1912//1912 2280//2280 2093//2093
f 6507//6507 4924//4924 6506//6506
f 2177//2177 6348//6348 4902//4902
f 5957//5957 802//802 4930//4930
f 1835//1835 1663//1663 4947//4947
f 1830//1830 1835//1835 4947//4947
f 7146//7146 2092//2092 4951//4951
f 6492//6492 2092//2092 7146//7146
f 2862//2862 5958//5958 6500//6500
f 4977//4977 4928//4928 7041//7041
f 5909//5909 4978//4978 3230//3230
f 3395//3395 5750//5750 5909//5909
f 5747//5747 1920//1920 4986//4986
f 5751//5751 1920//1920 5747//5747
f 3493//3493 6801//6801 3492//3492
f 2148//2148 6948//6948 5752//5752
f 2148//2148 5752//5752 5016//5016
f 6662//6662 5054//5054 5055//5055
f 815//815 5028//5028 814//814
f 3679//3679 1419//1419 5029//5029
f 5624//5624 3389//3389 5043//5043
f 4986//4986 1244//1244 1418//1418
f 5045//5045 2148//2148 1975//1975
f 5062//5062 6821//6821 5061//5061
f 6894//6894 2511//2511 5035//5035
f 5085//5085 821//821 5084//5084
f 5091//5091 5960//5960 5090//5090
f 5091//5091 6874//6874 5092//5092
f 5912//5912 6069//6069 6468//6468
f 7352//7352 2500//2500 7130//7130
f 5961//5961 5125//5125 2341//2341
f 1897//1897 5129//5129 2076//2076
f 5130//5130 2411//2411 5158//5158
f 2417//2417 2253//2253 7005//7005
f 5130//5130 5158//5158 2076//2076
f 3062//3062 2525//2525 5159//5159
f 3062//3062 5159//5159 5184//5184
f 6257//6257 5161//5161 1352//1352
f 5166//5166 5195//5195 5165//5165
f 861//861 5771//5771 2524//2524
f 1602//1602 1603//1603 1606//1606
f 3829//3829 7036//7036 6986//6986
f 1608//1608 5915//5915 879//879
f 7264//7264 3570//3570 5177//5177
f 5210//5210 1690//1690 5772//5772
f 5965//5965 2240//2240 2047//2047
f 5778//5778 5223//5223 5222//5222
f 5778//5778 5916//5916 5223//5223
f 5183//5183 5916//5916 3062//3062
f 5965//5965 5240//5240 1541//1541
f 878//878 5918//5918 2900//2900
f 5918//5918 5781//5781 877//877
f 5966//5966 5248//5248 3738//3738
f 5966//5966 1176//1176 5248//5248
f 5917//5917 5967//5967 890//890
f 3642//3642 1440//1440 5268//5268
f 2047//2047 5240//5240 5965//5965
f 5969//5969 1264//1264 3818//3818
f 3818//3818 1264//1264 6454//6454
f 5919//5919 5304//5304 2906//2906
f 5333//5333 1789//1789 5374//5374
f 5337//5337 3537//3537 5377//5377
f 5920//5920 5349//5349 5630//5630
f 5305//5305 1275//1275 3807//3807
f 5333//5333 5374//5374 1788//1788
f 5337//5337 5377//5377 3536//3536
f 6114//6114 6116//6116 1707//1707
f 934//934 1536//1536 1710//1710
f 936//936 6455//6455 5971//5971
f 5399//5399 1373//1373 5921//5921
f 6782//6782 6780//6780 1737//1737
f 5418//5418 1479//1479 5387//5387
f 5973//5973 5438//5438 5439//5439
f 6480//6480 5973//5973 6543//6543
f 5449//5449 3250//3250 5448//5448
f 5384//5384 5448//5448 3250//3250
f 5454//5454 7136//7136 2643//2643
f 949//949 6525//6525 959//959
f 964//964 5787//5787 5469//5469
f 5491//5491 5974//5974 5472//5472
f 5973//5973 5439//5439 5473//5473
f 983//983 6723//6723 5479//5479
f 6723//6723 983//983 5517//5517
f 6679//6679 958//958 999//999
f 5511//5511 6143//6143 1958//1958
f 7138//7138 7193//7193 6889//6889
f 5496//5496 993//993 2363//2363
f 1000//1000 6896//6896 3498//3498
f 1864//1864 7035//7035 5790//5790
f 7270//7270 3948//3948 7353//7353
f 6406//6406 5553//5553 982//982
f 6497//6497 5499//5499 5513//5513
f 1553//1553 6334//6334 994//994
f 6723//6723 5517//5517 5502//5502
f 6077//6077 5517//5517 983//983
f 5976//5976 1010//1010 6938//6938
f 5523//5523 5522//5522 1013//1013
f 7236//7236 1304//1304 1316//1316
f 2363//2363 5977//5977 6176//6176
f 2922//2922 5798//5798 2571//2571
f 5574//5574 5928//5928 5978//5978
f 5530//5530 5978//5978 1018//1018
f 5798//5798 5584//5584 2571//2571
f 1045//1045 5585//5585 7147//7147
f 2394//2394 1060//1060 1896//1896
f 1060//1060 5590//5590 1896//1896
f 5929//5929 1046//1046 7208//7208
f 6046//6046 5594//5594 3776//3776
f 1562//1562 5980//5980 1052//1052
f 5980//5980 1562//1562 1157//1157
f 7017//7017 1144//1144 3943//3943
f 3577//3577 7003//7003 5608//5608
f 1095//1095 1284//1284 1102//1102
f 1284//1284 6806//6806 7279//7279
f 3508//3508 3318//3318 3325//3325
f 2940//2940 6838//6838 3129//3129
f 3509//3509 3881//3881 4009//4009
f 3801//3801 1291//1291 6615//6615
f 86//86 131//131 3991//3991
f 87//87 6128//6128 3126//3126
f 3331//3331 6128//6128 87//87
f 5838//5838 133//133 3884//3884
f 1217//1217 5838//5838 1389//1389
f 89//89 134//134 1389//1389
f 135//135 6080//6080 1750//1750
f 6761//6761 6707//6707 6768//6768
f 138//138 3519//3519 3326//3326
f 5844//5844 5843//5843 3727//3727
f 95//95 6755//6755 3036//3036
f 97//97 143//143 2749//2749
f 98//98 144//144 3130//3130
f 99//99 145//145 3516//3516
f 100//100 146//146 3887//3887
f 101//101 147//147 1392//1392
f 104//104 148//148 2475//2475
f 105//105 149//149 2834//2834
f 106//106 150//150 3228//3228
f 107//107 151//151 3611//3611
f 108//108 152//152 3945//3945
f 109//109 153//153 1109//1109
f 154//154 6081//6081 1457//1457
f 112//112 156//156 2908//2908
f 113//113 157//157 3328//3328
f 114//114 158//158 3699//3699
f 6085//6085 159//159 1213//1213
f 115//115 160//160 1550//1550
f 116//116 161//161 1940//1940
f 117//117 162//162 2283//2283
f 118//118 163//163 2659//2659
f 119//119 164//164 3007//3007
f 120//120 165//165 3419//3419
f 121//121 166//166 3781//3781
f 122//122 167//167 1301//1301
f 123//123 168//168 1634//1634
f 2205//2205 169//169 2032//2032
f 124//124 6127//6127 2364//2364
f 3526//3526 6676//6676 3323//3323
f 6089//6089 3710//3710 5851//5851
f 5992//5992 1225//1225 6089//6089
f 204//204 5651//5651 2755//2755
f 205//205 5652//5652 3105//3105
f 206//206 5653//5653 3521//3521
f 213//213 5657//5657 2756//2756
f 214//214 5658//5658 3108//3108
f 216//216 3849//3849 3865//3865
f 217//217 5660//5660 1399//1399
f 220//220 5663//5663 2845//2845
f 221//221 5664//5664 3209//3209
f 222//222 7056//7056 3620//3620
f 223//223 5665//5665 3954//3954
f 265//265 5666//5666 1124//1124
f 228//228 3868//3868 3709//3709
f 229//229 1407//1407 1223//1223
f 231//231 2130//2130 1947//1947
f 7255//7255 5667//5667 2673//2673
f 232//232 5668//5668 3018//3018
f 233//233 5669//5669 3427//3427
f 234//234 5670//5670 3788//3788
f 235//235 5671//5671 1311//1311
f 236//236 7363//7363 1641//1641
f 5871//5871 5672//5672 2039//2039
f 200//200 2185//2185 6127//6127
f 201//201 238//238 1728//1728
f 202//202 241//241 3210//3210
f 203//203 242//242 3622//3622
f 207//207 248//248 6498//6498
f 1867//1867 6214//6214 6712//6712
f 210//210 3624//3624 259//259
f 226//226 267//267 6336//6336
f 269//269 3685//3685 3868//3868
f 270//270 1229//1229 1407//1407
f 6853//6853 1588//1588 1732//1732
f 231//231 1905//1905 2130//2130
f 5874//5874 2271//2271 6249//6249
f 278//278 5673//5673 5999//5999
f 4065//4065 3578//3578 3624//3624
f 4099//4099 6398//6398 4101//4101
f 5680//5680 4051//4051 6132//6132
f 5682//5682 260//260 2353//2353
f 5684//5684 4090//4090 6149//6149
f 6585//6585 3158//3158 4130//4130
f 291//291 2589//2589 5932//5932
f 5933//5933 4110//4110 3940//3940
f 5934//5934 4111//4111 1140//1140
f 5981//5981 4119//4119 3590//3590
f 4129//4129 334//334 6144//6144
f 346//346 2344//2344 2173//2173
f 290//290 5932//5932 4135//4135
f 5935//5935 6788//6788 4166//4166
f 2445//2445 4144//4144 4082//4082
f 2861//2861 4145//4145 301//301
f 3248//3248 4146//4146 302//302
f 1834//1834 4188//4188 340//340
f 2770//2770 2348//2348 341//341
f 6094//6094 4156//4156 1146//1146
f 2345//2345 2182//2182 383//383
f 384//384 2595//2595 5936//5936
f 4211//4211 5936//5936 2595//2595
f 6150//6150 4230//4230 2870//2870
f 1420//1420 406//406 348//348
f 5691//5691 4206//4206 381//381
f 3548//3548 6095//6095 7285//7285
f 6638//6638 6635//6635 5690//5690
f 6635//6635 7161//7161 3170//3170
f 5690//5690 6635//6635 358//358
f 1337//1337 4215//4215 359//359
f 5939//5939 6984//6984 427//427
f 4232//4232 369//369 3927//3927
f 3678//3678 5983//5983 386//386
f 4193//4193 2339//2339 4259//4259
f 5697//5697 1345//1345 6924//6924
f 5940//5940 2785//2785 2599//2599
f 5701//5701 4275//4275 4306//4306
f 5882//5882 3465//3465 487//487
f 3465//3465 5882//5882 5881//5881
f 5941//5941 472//472 1614//1614
f 479//479 5883//5883 2697//2697
f 5883//5883 2520//2520 494//494
f 2983//2983 4297//4297 3179//3179
f 6005//6005 3374//3374 4297//4297
f 1346//1346 3923//3923 3759//3759
f 7057//7057 4298//4298 1346//1346
f 438//438 6136//6136 3761//3761
f 7190//7190 443//443 6270//6270
f 6648//6648 3920//3920 3746//3746
f 5705//5705 472//472 1776//1776
f 5611//5611 6618//6618 6647//6647
f 3373//3373 490//490 3561//3561
f 3748//3748 491//491 3922//3922
f 491//491 3748//3748 522//522
f 1430//1430 4294//4294 1249//1249
f 5943//5943 6287//6287 6217//6217
f 5944//5944 3824//3824 3667//3667
f 4332//4332 4307//4307 1682//1682
f 5709//5709 5888//5888 2075//2075
f 537//537 4350//4350 5710//5710
f 2708//2708 2527//2527 7225//7225
f 557//557 7030//7030 6942//6942
f 6451//6451 1434//1434 1260//1260
f 5984//5984 560//560 3571//3571
f 1511//1511 5713//5713 5711//5711
f 3474//3474 3251//3251 6599//6599
f 7280//7280 5947//5947 7030//7030
f 7369//7369 3641//3641 1800//1800
f 4379//4379 541//541 5893//5893
f 5719//5719 554//554 1263//1263
f 6300//6300 2134//2134 4429//4429
f 1178//1178 4448//4448 4407//4407
f 2395//2395 2405//2405 2404//2404
f 5896//5896 3438//3438 5720//5720
f 5618//5618 7060//7060 4447//4447
f 3191//3191 4469//4469 3198//3198
f 5897//5897 7268//7268 6065//6065
f 1882//1882 1879//1879 2385//2385
f 2385//2385 4474//4474 2231//2231
f 2724//2724 6187//6187 3078//3078
f 2247//2247 5950//5950 2058//2058
f 2629//2629 3185//3185 4506//4506
f 5985//5985 2989//2989 3185//3185
f 6065//6065 4539//4539 3538//3538
f 2056//2056 5899//5899 2061//2061
f 3631//3631 4489//4489 5727//5727
f 1792//1792 1276//1276 1453//1453
f 609//609 2636//2636 7175//7175
f 2636//2636 609//609 2218//2218
f 3362//3362 4531//4531 615//615
f 5986//5986 615//615 4531//4531
f 6019//6019 1188//1188 1376//1376
f 4516//4516 4590//4590 1626//1626
f 4551//4551 4622//4622 5953//5953
f 2378//2378 6020//6020 633//633
f 6066//6066 7291//7291 647//647
f 6106//6106 4674//4674 4708//4708
f 4675//4675 4629//4629 1658//1658
f 5987//5987 4728//4728 4727//4727
f 4741//4741 4710//4710 4742//4742
f 4775//4775 4774//4774 696//696
f 2455//2455 4825//4825 2852//2852
f 1672//1672 1131//1131 4830//4830
f 3772//3772 4842//4842 732//732
f 5907//5907 4953//4953 1336//1336
f 1911//1911 6027//6027 5746//5746
f 6027//6027 1911//1911 2093//2093
f 815//815 814//814 4962//4962
f 5911//5911 5000//5000 5031//5031
f 3593//3593 5025//5025 3391//3391
f 5057//5057 2421//2421 5027//5027
f 6527//6527 6894//6894 5035//5035
f 5068//5068 3837//3837 5067//5067
f 5912//5912 5094//5094 6069//6069
f 5761//5761 825//825 826//826
f 5073//5073 7196//7196 1980//1980
f 1983//1983 7196//7196 6292//6292
f 7071//7071 2707//2707 2893//2893
f 5155//5155 5102//5102 7168//7168
f 6110//6110 5166//5166 860//860
f 867//867 5962//5962 1253//1253
f 6986//6986 7036//7036 5625//5625
f 5775//5775 5776//5776 2714//2714
f 6586//6586 5968//5968 5777//5777
f 1801//1801 1785//1785 5968//5968
f 1449//1449 5968//5968 1785//1785
f 3356//3356 7144//7144 933//933
f 5352//5352 5353//5353 2732//2732
f 5988//5988 7235//7235 5632//5632
f 934//934 1710//1710 1529//1529
f 1377//1377 6782//6782 1737//1737
f 7192//7192 2984//2984 3117//3117
f 5463//5463 6681//6681 7192//7192
f 2930//2930 5432//5432 2640//2640
f 6037//6037 5642//5642 7200//7200
f 2483//2483 7293//7293 3021//3021
f 954//954 7136//7136 5453//5453
f 5787//5787 6926//6926 5469//5469
f 968//968 7115//7115 1365//1365
f 969//969 7095//7095 5789//5789
f 5786//5786 955//955 5418//5418
f 5924//5924 5432//5432 5509//5509
f 5526//5526 5793//5793 5505//5505
f 5529//5529 977//977 6375//6375
f 6375//6375 7371//7371 5529//5529
f 2759//2759 993//993 2917//2917
f 5563//5563 1008//1008 1307//1307
f 1673//1673 6339//6339 7017//7017
f 7017//7017 5598//5598 1673//1673
f 1318//1318 6434//6434 7220//7220
f 5930//5930 1172//1172 6804//6804
f 5990//5990 7279//7279 4047//4047
f 3128//3128 2744//2744 2940//2940
f 6987//6987 3605//3605 3801//3801
f 6079//6079 1291//1291 1095//1095
f 3123//3123 5991//5991 2910//2910
f 2033//2033 1875//1875 6556//6556
f 2851//2851 5993//5993 6475//6475
f 5995//5995 2207//2207 6389//6389
f 5998//5998 3103//3103 2921//2921
f 3710//3710 6089//6089 6827//6827
f 3846//3846 3710//3710 6827//6827
f 1817//1817 2002//2002 6518//6518
f 285//285 1676//1676 4085//4085
f 3491//3491 7194//7194 3298//3298
f 6001//6001 3232//3232 6150//6150
f 6056//6056 6135//6135 1140//1140
f 6365//6365 2593//2593 2586//2586
f 4121//4121 4168//4168 2011//2011
f 6967//6967 6400//6400 3303//3303
f 3303//3303 6002//6002 6004//6004
f 3366//3366 3170//3170 7161//7161
f 4289//4289 7278//7278 4231//4231
f 3553//3553 6005//6005 431//431
f 440//440 2420//2420 2427//2427
f 6006//6006 5694//5694 4247//4247
f 3461//3461 6009//6009 3073//3073
f 6654//6654 485//485 6541//6541
f 2890//2890 6009//6009 4318//4318
f 522//522 6219//6219 3373//3373
f 7272//7272 6010//6010 4299//4299
f 6010//6010 7272//7272 6061//6061
f 6011//6011 4372//4372 1605//1605
f 4375//4375 561//561 1691//1691
f 6012//6012 4405//4405 2333//2333
f 561//561 4444//4444 1691//1691
f 1629//1629 1808//1808 4471//4471
f 4504//4504 3443//3443 3264//3264
f 4485//4485 6014//6014 2058//2058
f 2218//2218 2476//2476 581//581
f 2237//2237 6016//6016 4525//4525
f 2729//2729 6017//6017 5729//5729
f 6018//6018 3362//3362 3317//3317
f 6103//6103 6019//6019 6486//6486
f 646//646 7238//7238 4591//4591
f 658//658 3798//3798 1296//1296
f 5987//5987 1488//1488 669//669
f 3617//3617 3420//3420 6106//6106
f 3787//3787 4879//4879 4794//4794
f 2959//2959 6678//6678 3145//3145
f 6021//6021 4823//4823 1403//1403
f 762//762 6022//6022 1912//1912
f 6591//6591 6023//6023 6793//6793
f 763//763 6023//6023 6591//6591
f 808//808 6025//6025 1833//1833
f 3132//3132 7269//7269 800//800
f 4868//4868 6026//6026 4942//4942
f 1236//1236 6542//6542 4950//4950
f 1414//1414 6542//6542 1236//1236
f 6469//6469 6027//6027 2428//2428
f 4931//4931 3395//3395 4929//4929
f 1920//1920 6948//6948 4986//4986
f 3174//3174 6028//6028 3365//3365
f 6028//6028 6192//6192 3365//3365
f 845//845 825//825 5761//5761
f 2696//2696 6029//6029 2409//2409
f 6302//6302 5763//5763 840//840
f 839//839 5763//5763 5130//5130
f 6031//6031 3281//3281 5159//5159
f 7242//7242 6032//6032 7197//7197
f 3911//3911 3905//3905 1168//1168
f 6711//6711 5161//5161 6257//6257
f 5275//5275 884//884 3095//3095
f 6034//6034 2047//2047 5279//5279
f 6034//6034 5240//5240 2047//2047
f 956//956 7094//7094 5480//5480
f 2783//2783 3040//3040 7309//7309
f 6038//6038 6373//6373 1307//1307
f 1723//1723 5520//5520 5542//5542
f 6039//6039 1000//1000 6040//6040
f 2597//2597 6041//6041 5524//5524
f 7270//7270 6042//6042 1003//1003
f 2171//2171 2053//2053 5511//5511
f 5548//5548 2762//2762 2419//2419
f 3580//3580 6045//6045 3434//3434
f 5593//5593 6046//6046 3584//3584
f 6045//6045 3580//3580 3385//3385
f 6047//6047 6381//6381 1087//1087
f 5832//5832 5852//5852 6203//6203
f 5833//5833 83//83 2307//2307
f 6232//6232 2307//2307 6204//6204
f 127//127 6545//6545 6205//6205
f 128//128 6394//6394 6206//6206
f 5839//5839 2309//2309 2474//2474
f 6521//6521 91//91 6596//6596
f 6236//6236 93//93 7154//7154
f 5662//5662 102//102 1942//1942
f 81//81 3726//3726 4049//4049
f 170//170 6123//6123 85//85
f 183//183 6125//6125 2287//2287
f 224//224 6049//6049 6583//6583
f 191//191 7120//7120 157//157
f 228//228 3709//3709 158//158
f 6249//6249 1947//1947 161//161
f 192//192 2293//2293 162//162
f 200//200 6127//6127 2569//2569
f 211//211 6050//6050 6179//6179
f 6829//6829 189//189 6049//6049
f 6519//6519 190//190 6409//6409
f 229//229 159//159 1557//1557
f 5998//5998 3141//3141 2569//2569
f 6130//6130 6512//6512 2675//2675
f 2439//2439 6899//6899 5872//5872
f 5993//5993 5860//5860 6521//6521
f 5994//5994 5863//5863 6267//6267
f 2187//2187 6214//6214 5995//5995
f 5995//5995 6389//6389 2187//2187
f 6315//6315 208//208 6817//6817
f 6050//6050 5873//5873 3624//3624
f 6000//6000 3150//3150 5678//5678
f 1498//1498 1136//1136 1671//1671
f 4106//4106 6052//6052 5676//5676
f 287//287 267//267 2578//2578
f 6053//6053 6603//6603 1591//1591
f 323//323 1577//1577 6539//6539
f 3697//3697 6594//6594 6606//6606
f 6385//6385 5878//5878 1594//1594
f 4150//4150 4151//4151 2346//2346
f 1146//1146 344//344 6094//6094
f 4161//4161 6056//6056 4162//4162
f 3548//3548 6057//6057 414//414
f 5695//5695 6006//6006 4247//4247
f 4286//4286 424//424 2426//2426
f 486//486 446//446 1892//1892
f 536//536 7331//7331 4325//4325
f 4345//4345 6060//6060 3566//3566
f 555//555 6011//6011 5613//5613
f 6100//6100 4388//4388 3431//3431
f 4396//4396 7198//7198 3741//3741
f 6061//6061 4431//4431 1177//1177
f 6061//6061 1543//1543 4431//4431
f 4353//4353 6062//6062 4402//4402
f 6012//6012 2800//2800 2807//2807
f 2532//2532 7316//7316 3096//3096
f 2811//2811 2492//2492 7061//7061
f 6063//6063 573//573 2495//2495
f 2497//2497 2631//2631 2313//2313
f 6102//6102 2631//2631 2632//2632
f 3352//3352 6065//6065 3538//3538
f 599//599 6632//6632 2725//2725
f 4498//4498 2538//2538 6016//6016
f 637//637 614//614 2737//2737
f 1472//1472 6671//6671 641//641
f 732//732 6470//6470 3957//3957
f 762//762 1912//1912 1911//1911
f 6344//6344 761//761 1595//1595
f 6025//6025 1506//1506 1833//1833
f 3490//3490 6970//6970 800//800
f 2947//2947 3132//3132 6190//6190
f 3302//3302 2953//2953 815//815
f 819//819 1156//1156 7176//7176
f 5166//5166 5165//5165 6193//6193
f 6305//6305 6578//6578 5773//5773
f 5275//5275 2239//2239 884//884
f 897//897 3001//3001 5780//5780
f 6070//6070 5332//5332 3259//3259
f 5335//5335 5270//5270 2325//2325
f 6963//6963 7149//7149 6782//6782
f 934//934 5411//5411 1806//1806
f 6076//6076 3393//3393 3636//3636
f 6077//6077 2212//2212 1009//1009
f 6917//6917 3682//3682 1404//1404
f 3378//3378 6044//6044 6263//6263
f 3935//3935 6046//6046 5593//5593
f 1054//1054 1036//1036 1037//1037
f 6045//6045 3240//3240 3434//3434
f 7003//7003 3769//3769 6078//6078
f 3880//3880 3721//3721 5649//5649
f 3314//3314 3509//3509 4008//4008
f 6081//6081 6049//6049 189//189
f 6082//6082 7120//7120 190//190
f 6083//6083 3709//3709 191//191
f 6084//6084 1223//1223 228//228
f 6085//6085 1557//1557 159//159
f 6087//6087 2293//2293 6249//6249
f 5998//5998 3110//3110 3141//3141
f 4055//4055 2851//2851 6475//6475
f 285//285 224//224 5869//5869
f 5679//5679 3690//3690 289//289
f 5679//5679 4068//4068 3690//3690
f 6783//6783 4119//4119 3243//3243
f 332//332 3243//3243 4119//4119
f 1141//1141 6132//6132 4120//4120
f 6132//6132 4075//4075 4120//4120
f 335//335 7194//7194 3491//3491
f 7194//7194 306//306 3298//3298
f 3695//3695 307//307 3841//3841
f 2589//2589 6092//6092 346//346
f 327//327 2950//2950 2964//2964
f 2946//2946 3138//3138 4179//4179
f 6150//6150 3232//3232 4230//4230
f 6056//6056 1502//1502 4162//4162
f 328//328 4164//4164 4163//4163
f 365//365 1158//1158 1338//1338
f 2100//2100 4193//4193 4259//4259
f 6004//6004 6883//6883 6967//6967
f 6002//6002 3303//3303 347//347
f 6002//6002 7180//7180 6216//6216
f 6095//6095 414//414 2980//2980
f 420//420 2776//2776 4214//4214
f 6057//6057 4242//4242 414//414
f 6006//6006 6900//6900 1426//1426
f 4295//4295 406//406 407//407
f 3561//3561 490//490 6096//6096
f 4328//4328 2427//2427 470//470
f 4340//4340 6624//6624 6008//6008
f 494//494 2705//2705 524//524
f 2705//2705 7217//7217 524//524
f 6060//6060 4345//4345 2970//2970
f 6099//6099 6155//6155 1775//1775
f 1775//1775 6154//6154 6099//6099
f 3473//3473 6100//6100 6623//6623
f 6100//6100 3474//3474 6623//6623
f 555//555 4372//4372 6011//6011
f 6012//6012 4377//4377 2800//2800
f 5948//5948 4459//4459 6101//6101
f 4411//4411 1629//1629 4471//4471
f 7201//7201 1360//1360 6708//6708
f 6187//6187 6599//6599 3251//3251
f 2804//2804 5620//5620 2321//2321
f 3730//3730 6221//6221 3901//3901
f 2048//2048 6014//6014 4485//4485
f 2234//2234 589//589 2733//2733
f 572//572 6015//6015 6158//6158
f 7333//7333 6102//6102 4518//4518
f 1885//1885 2059//2059 5728//5728
f 1798//1798 4580//4580 4511//4511
f 6019//6019 1196//1196 6486//6486
f 4615//4615 2828//2828 6931//6931
f 2228//2228 6020//6020 652//652
f 3037//3037 4692//4692 6729//6729
f 677//677 4633//4633 3701//3701
f 4693//4693 6105//6105 2384//2384
f 3789//3789 3617//3617 6106//6106
f 4836//4836 2959//2959 3145//3145
f 6021//6021 770//770 4823//4823
f 6023//6023 4843//4843 6793//6793
f 6026//6026 6925//6925 4942//4942
f 4966//4966 4897//4897 5956//5956
f 1595//1595 5746//5746 6344//6344
f 1239//1239 3668//3668 6024//6024
f 6067//6067 2773//2773 6862//6862
f 5037//5037 2153//2153 6629//6629
f 1149//1149 1152//1152 3767//3767
f 3139//3139 2180//2180 5910//5910
f 5062//5062 6109//6109 2510//2510
f 2340//2340 6894//6894 831//831
f 5064//5064 3557//3557 6885//6885
f 5078//5078 6302//6302 840//840
f 3562//3562 3563//3563 5153//5153
f 6032//6032 5764//5764 7197//7197
f 853//853 5149//5149 6349//6349
f 6940//6940 1429//1429 6776//6776
f 6111//6111 5168//5168 1603//1603
f 5157//5157 7109//7109 1897//1897
f 2711//2711 2078//2078 2253//2253
f 2711//2711 5215//5215 2078//2078
f 897//897 5780//5780 6478//6478
f 5262//5262 5967//5967 1179//1179
f 2401//2401 5266//5266 6035//6035
f 2721//2721 6035//6035 5266//5266
f 5283//5283 2534//2534 5282//5282
f 5307//5307 5308//5308 1183//1183
f 6114//6114 5315//5315 5970//5970
f 6115//6115 5341//5341 6386//6386
f 6073//6073 2387//2387 5352//5352
f 5360//5360 3360//3360 936//936
f 5364//5364 5363//5363 5362//5362
f 3356//3356 5408//5408 5321//5321
f 5390//5390 5391//5391 946//946
f 2370//2370 5971//5971 6455//6455
f 2930//2930 5433//5433 5434//5434
f 6118//6118 1377//1377 1538//1538
f 1536//1536 7259//7259 1166//1166
f 5419//5419 956//956 2551//2551
f 7094//7094 6689//6689 5480//5480
f 5460//5460 5422//5422 958//958
f 1484//1484 6037//6037 5974//5974
f 989//989 6120//6120 978//978
f 5493//5493 2483//2483 7138//7138
f 1752//1752 7075//7075 6121//6121
f 1013//1013 6043//6043 1618//1618
f 1304//1304 5541//5541 1316//1316
f 2917//2917 5559//5559 5558//5558
f 1129//1129 5563//5563 1495//1495
f 5583//5583 5584//5584 2189//2189
f 1383//1383 42//42 6680//6680
f 83//83 6122//6122 1935//1935
f 91//91 6521//6521 6233//6233
f 93//93 6124//6124 7173//7173
f 7322//7322 6125//6125 1942//1942
f 111//111 6126//6126 2561//2561
f 124//124 2569//2569 6127//6127
f 5851//5851 81//81 4049//4049
f 6122//6122 1943//1943 5832//5832
f 1862//1862 6123//6123 2036//2036
f 2912//2912 6128//6128 3105//3105
f 2118//2118 2125//2125 5858//5858
f 6180//6180 2367//2367 142//142
f 4048//4048 142//142 2367//2367
f 1942//1942 6125//6125 7001//7001
f 155//155 1869//1869 5847//5847
f 157//157 7120//7120 6082//6082
f 158//158 3709//3709 6083//6083
f 159//159 1223//1223 6084//6084
f 160//160 1557//1557 6085//6085
f 161//161 1947//1947 6086//6086
f 162//162 2293//2293 6087//6087
f 6899//6899 2295//2295 2452//2452
f 5861//5861 5993//5993 6251//6251
f 5655//5655 5994//5994 6267//6267
f 2207//2207 6392//6392 6389//6389
f 5867//5867 6456//6456 6268//6268
f 6180//6180 7141//7141 2367//2367
f 190//190 6826//6826 156//156
f 6088//6088 3526//3526 6692//6692
f 6899//6899 249//249 5872//5872
f 1130//1130 6131//6131 1323//1323
f 6783//6783 3243//3243 3045//3045
f 2578//2578 6054//6054 6328//6328
f 6054//6054 2578//2578 6550//6550
f 5680//5680 6132//6132 1324//1324
f 4107//4107 323//323 6539//6539
f 6133//6133 1324//1324 1141//1141
f 4167//4167 4209//4209 1332//1332
f 336//336 6134//6134 2095//2095
f 2095//2095 6134//6134 362//362
f 4195//4195 6094//6094 344//344
f 6094//6094 4195//4195 4194//4194
f 6186//6186 7020//7020 335//335
f 1886//1886 2068//2068 4248//4248
f 6058//6058 3176//3176 466//466
f 2426//2426 2261//2261 4286//4286
f 2890//2890 5884//5884 3073//3073
f 4299//4299 6742//6742 1894//1894
f 4350//4350 6136//6136 4272//4272
f 2427//2427 4302//4302 440//440
f 2073//2073 486//486 1892//1892
f 6060//6060 3374//3374 3566//3566
f 5707//5707 485//485 3746//3746
f 7331//7331 536//536 499//499
f 3475//3475 3468//3468 3653//3653
f 3752//3752 532//532 3741//3741
f 5721//5721 6522//6522 6243//6243
f 4511//4511 1792//1792 6158//6158
f 6017//6017 2238//2238 4534//4534
f 2552//2552 637//637 2737//2737
f 6245//6245 2941//2941 2914//2914
f 4710//4710 677//677 3701//3701
f 762//762 1911//1911 1595//1595
f 4985//4985 6542//6542 1413//1413
f 5910//5910 6256//6256 3139//3139
f 3302//3302 815//815 3137//3137
f 5107//5107 839//839 5130//5130
f 5913//5913 845//845 5761//5761
f 5963//5963 5117//5117 1509//1509
f 2704//2704 5121//5121 2874//2874
f 2796//2796 7352//7352 3166//3166
f 6140//6140 5267//5267 3255//3255
f 5310//5310 6113//6113 5264//5264
f 899//899 5268//5268 1448//1448
f 6713//6713 6072//6072 6425//6425
f 6175//6175 1721//1721 5639//5639
f 7114//7114 5366//5366 7134//7134
f 1183//1183 6537//6537 5307//5307
f 6141//6141 5376//5376 5375//5375
f 5341//5341 6115//6115 5399//5399
f 1373//1373 6963//6963 1377//1377
f 6963//6963 6782//6782 1377//1377
f 934//934 1806//1806 1536//1536
f 7260//7260 5449//5449 1279//1279
f 5452//5452 6247//6247 3506//3506
f 957//957 5420//5420 5421//5421
f 7192//7192 2260//2260 5463//5463
f 1365//1365 7115//7115 969//969
f 5482//5482 1749//1749 5481//5481
f 6142//6142 6926//6926 978//978
f 2571//2571 6077//6077 2920//2920
f 5519//5519 1723//1723 5542//5542
f 5645//5645 5989//5989 1874//1874
f 5551//5551 1874//1874 5989//5989
f 2573//2573 5548//5548 2419//2419
f 1999//1999 6339//6339 7171//7171
f 3769//3769 6508//6508 6434//6434
f 3769//3769 1318//1318 6078//6078
f 5650//5650 1872//1872 5676//5676
f 2207//2207 5995//5995 1867//1867
f 3141//3141 5999//5999 5673//5673
f 5999//5999 2768//2768 278//278
f 6091//6091 6144//6144 4128//4128
f 6006//6006 5695//5695 1784//1784
f 6007//6007 4302//4302 6429//6429
f 6255//6255 6013//6013 2242//2242
f 3340//3340 4709//4709 4741//4741
f 3625//3625 3426//3426 6470//6470
f 1163//1163 6257//6257 1170//1170
f 5769//5769 2707//2707 7071//7071
f 5773//5773 6776//6776 6305//6305
f 5166//5166 5194//5194 5195//5195
f 6953//6953 6173//6173 5914//5914
f 3447//3447 3444//3444 6713//6713
f 1935//1935 6122//6122 5832//5832
f 5834//5834 6232//6232 6204//6204
f 6545//6545 5835//5835 6548//6548
f 5836//5836 127//127 6205//6205
f 6394//6394 5836//5836 6205//6205
f 5837//5837 128//128 6206//6206
f 6376//6376 5837//5837 6206//6206
f 5857//5857 7325//7325 1297//1297
f 6342//6342 6051//6051 7150//7150
f 6128//6128 2912//2912 3126//3126
f 91//91 6233//6233 2474//2474
f 3226//3226 5840//5840 6264//6264
f 6234//6234 5841//5841 6265//6265
f 6235//6235 5842//5842 6266//6266
f 7173//7173 6124//6124 2207//2207
f 6238//6238 6836//6836 6269//6269
f 155//155 5847//5847 1859//1859
f 1859//1859 6212//6212 155//155
f 6126//6126 5849//5849 2561//2561
f 2207//2207 1867//1867 137//137
f 5865//5865 6817//6817 138//138
f 5869//5869 224//224 6583//6583
f 3141//3141 2956//2956 5999//5999
f 2282//2282 5685//5685 4091//4091
f 6145//6145 421//421 1614//1614
f 2697//2697 4262//4262 404//404
f 5719//5719 3820//3820 4427//4427
f 2492//2492 2807//2807 7061//7061
f 3629//3629 3447//3447 6713//6713
f 5567//5567 3769//3769 7003//7003
f 125//125 1554//1554 6529//6529
f 5853//5853 5833//5833 2288//2288
f 2125//2125 5839//5839 2452//2452
f 5840//5840 7277//7277 5861//5861
f 7277//7277 6252//6252 5862//5862
f 5841//5841 6259//6259 5862//5862
f 6259//6259 6253//6253 6181//6181
f 138//138 5844//5844 5865//5865
f 6316//6316 6254//6254 5866//5866
f 4054//4054 5872//5872 249//249
f 4056//4056 250//250 5862//5862
f 4063//4063 1227//1227 6511//6511
f 328//328 4163//4163 3297//3297
f 3297//3297 4116//4116 328//328
f 6002//6002 3675//3675 7142//7142
f 421//421 6145//6145 1248//1248
f 552//552 2079//2079 4392//4392
f 2218//2218 2317//2317 2476//2476
f 3450//3450 6378//6378 6139//6139
f 6367//6367 4621//4621 7356//7356
f 4829//4829 6107//6107 3770//3770
f 4911//4911 4948//4948 2174//2174
f 5064//5064 6885//6885 832//832
f 6247//6247 5498//5498 3506//3506
f 5989//5989 5552//5552 6520//6520
f 5563//5563 1307//1307 2038//2038
f 6755//6755 6710//6710 3036//3036
f 6127//6127 199//199 2364//2364
f 6340//6340 2454//2454 239//239
f 6051//6051 7046//7046 6824//6824
f 6132//6132 4051//4051 4075//4075
f 285//285 6091//6091 4128//4128
f 4156//4156 6892//6892 1146//1146
f 5934//5934 6135//6135 4160//4160
f 2344//2344 345//345 2173//2173
f 6145//6145 1427//1427 1248//1248
f 4297//4297 6060//6060 3179//3179
f 519//519 2416//2416 2252//2252
f 2082//2082 6138//6138 4352//4352
f 6068//6068 3756//3756 3557//3557
f 6116//6116 5378//5378 6682//6682
f 1275//1275 7114//7114 5417//5417
f 5989//5989 5645//5645 2208//2208
f 1032//1032 6434//6434 5568//5568
f 6146//6146 3313//3313 6675//6675
f 6203//6203 2117//2117 3982//3982
f 6204//6204 2831//2831 3984//3984
f 7325//7325 1104//1104 3988//3988
f 7150//7150 1487//1487 3989//3989
f 1862//1862 1856//1856 6828//6828
f 6209//6209 1298//1298 4002//4002
f 6314//6314 3128//3128 3129//3129
f 6210//6210 1751//1751 4011//4011
f 1575//1575 2119//2119 4012//4012
f 6211//6211 7077//7077 4013//4013
f 94//94 2833//2833 4014//4014
f 6212//6212 2362//2362 4030//4030
f 6213//6213 2751//2751 4031//4031
f 3045//3045 3243//3243 4074//4074
f 6149//6149 2095//2095 5684//5684
f 6385//6385 6151//6151 5878//5878
f 3461//3461 6216//6216 5698//5698
f 3746//3746 3920//3920 6657//6657
f 495//495 6153//6153 2520//2520
f 3665//3665 1430//1430 6137//6137
f 4298//4298 7243//7243 4346//4346
f 6155//6155 7182//7182 4403//4403
f 4388//4388 4415//4415 3431//3431
f 1807//1807 7182//7182 4404//4404
f 3627//3627 3260//3260 3820//3820
f 6156//6156 3354//3354 3533//3533
f 2723//2723 2538//2538 4498//4498
f 6158//6158 1792//1792 5951//5951
f 6221//6221 3890//3890 3729//3729
f 6160//6160 1795//1795 632//632
f 3008//3008 6274//6274 6162//6162
f 6162//6162 657//657 3008//3008
f 3330//3330 6163//6163 677//677
f 6164//6164 7266//7266 7044//7044
f 672//672 6165//6165 3337//3337
f 6322//6322 685//685 6830//6830
f 6166//6166 4833//4833 4835//4835
f 3766//3766 4931//4931 6903//6903
f 3496//3496 6168//6168 3302//3302
f 2509//2509 2336//2336 2598//2598
f 3234//3234 2977//2977 6191//6191
f 2981//2981 6191//6191 2977//2977
f 2605//2605 6527//6527 7072//7072
f 6170//6170 832//832 6885//6885
f 2605//2605 7130//7130 831//831
f 2163//2163 5186//5186 1254//1254
f 6197//6197 6279//6279 5254//5254
f 2400//2400 2719//2719 2533//2533
f 3444//3444 6174//6174 6072//6072
f 5635//5635 6119//6119 5419//5419
f 1572//1572 1749//1749 1723//1723
f 1749//1749 6663//6663 5520//5520
f 5541//5541 7240//7240 7276//7276
f 2188//2188 6177//6177 5926//5926
f 1993//1993 5583//5583 2189//2189
f 3525//3525 6938//6938 7147//7147
f 2963//2963 6178//6178 1051//1051
f 1999//1999 6442//6442 6339//6339
f 2517//2517 6384//6384 1049//1049
f 3698//3698 1059//1059 5599//5599
f 1120//1120 6179//6179 1310//1310
f 7141//7141 6180//6180 5657//5657
f 250//250 6475//6475 7277//7277
f 251//251 5862//5862 6259//6259
f 6182//6182 6392//6392 6393//6393
f 255//255 5866//5866 6262//6262
f 267//267 226//226 2760//2760
f 6550//6550 227//227 3112//3112
f 6340//6340 7354//7354 6374//6374
f 6410//6410 6315//6315 3291//3291
f 288//288 3158//3158 3150//3150
f 4098//4098 4068//4068 6398//6398
f 6184//6184 4074//4074 3243//3243
f 292//292 6400//6400 3155//3155
f 6400//6400 292//292 6364//6364
f 370//370 3927//3927 3763//3763
f 6151//6151 1583//1583 5878//5878
f 1915//1915 4174//4174 4127//4127
f 5715//5715 5613//5613 528//528
f 2623//2623 2809//2809 2497//2497
f 1620//1620 1786//1786 2143//2143
f 6188//6188 3810//3810 3446//3446
f 6749//6749 4593//4593 2062//2062
f 616//616 2238//2238 6017//6017
f 4549//4549 2234//2234 2733//2733
f 6160//6160 4669//4669 4668//4668
f 6811//6811 4911//4911 4910//4910
f 6190//6190 3132//3132 7032//7032
f 6191//6191 6109//6109 2871//2871
f 6516//6516 5119//5119 7215//7215
f 2246//2246 2400//2400 2533//2533
f 6174//6174 3095//3095 5779//5779
f 1277//1277 1810//1810 5348//5348
f 2551//2551 6200//6200 5479//5479
f 3966//3966 6201//6201 5507//5507
f 2037//2037 5645//5645 1874//1874
f 6384//6384 3050//3050 1049//1049
f 6178//6178 6352//6352 1051//1051
f 3879//3879 3726//3726 81//81
f 6619//6619 1383//1383 1206//1206
f 6203//6203 3982//3982 1935//1935
f 3984//3984 2654//2654 6204//6204
f 3988//3988 1297//1297 7325//7325
f 3989//3989 1659//1659 7150//7150
f 6123//6123 6828//6828 2029//2029
f 3999//3999 3226//3226 6264//6264
f 4001//4001 3972//3972 6208//6208
f 4002//4002 1105//1105 6209//6209
f 4003//4003 1635//1635 92//92
f 1635//1635 4003//4003 6768//6768
f 6314//6314 3129//3129 5931//5931
f 4011//4011 1575//1575 6210//6210
f 4013//4013 2311//2311 6211//6211
f 4014//4014 2838//2838 94//94
f 2838//2838 4014//4014 3227//3227
f 6212//6212 4030//4030 2200//2200
f 6213//6213 4031//4031 2561//2561
f 250//250 3051//3051 4055//4055
f 2089//2089 6215//6215 323//323
f 2863//2863 6150//6150 343//343
f 1498//1498 1489//1489 5876//5876
f 1489//1489 1662//1662 344//344
f 399//399 4220//4220 6299//6299
f 443//443 3464//3464 3456//3456
f 443//443 3456//3456 5983//5983
f 6186//6186 4252//4252 3458//3458
f 4275//4275 420//420 6152//6152
f 4275//4275 6152//6152 4277//4277
f 6137//6137 3653//3653 3822//3822
f 3473//3473 6218//6218 6100//6100
f 549//549 3164//3164 521//521
f 1353//1353 6220//6220 1360//1360
f 2623//2623 2497//2497 5892//5892
f 3792//3792 4551//4551 3812//3812
f 588//588 2016//2016 4516//4516
f 6162//6162 4628//4628 657//657
f 1653//1653 6160//6160 4668//4668
f 6165//6165 4672//4672 673//673
f 3337//3337 6165//6165 673//673
f 4776//4776 3019//3019 3235//3235
f 4834//4834 6166//6166 4835//4835
f 1904//1904 2269//2269 6022//6022
f 787//787 6024//6024 3668//3668
f 3137//3137 6222//6222 3302//3302
f 3766//3766 6903//6903 1340//1340
f 2155//2155 6368//6368 2336//2336
f 6223//6223 6722//6722 7129//7129
f 3302//3302 6168//6168 2953//2953
f 2981//2981 6109//6109 6191//6191
f 5063//5063 2257//2257 2425//2425
f 5067//5067 6225//6225 3278//3278
f 6170//6170 6885//6885 833//833
f 6278//6278 7090//7090 845//845
f 2071//2071 6516//6516 6224//6224
f 6516//6516 5100//5100 5119//5119
f 2891//2891 5131//5131 6302//6302
f 1774//1774 2163//2163 1254//1254
f 5188//5188 7242//7242 7197//7197
f 5142//5142 3285//3285 872//872
f 2253//2253 1900//1900 6983//6983
f 3064//3064 5769//5769 3469//3469
f 6280//6280 6197//6197 5254//5254
f 5260//5260 6227//6227 1957//1957
f 6195//6195 5266//5266 2401//2401
f 6280//6280 5300//5300 6175//6175
f 1183//1183 7153//7153 6460//6460
f 5317//5317 6387//6387 2403//2403
f 6227//6227 5327//5327 5326//5326
f 934//934 1529//1529 5351//5351
f 6230//6230 6682//6682 950//950
f 1279//1279 6199//6199 7260//7260
f 5388//5388 5635//5635 5419//5419
f 6228//6228 6681//6681 5923//5923
f 6229//6229 1742//1742 5459//5459
f 1742//1742 6229//6229 5481//5481
f 6230//6230 6074//6074 7164//7164
f 6231//6231 6502//6502 5788//5788
f 956//956 6200//6200 2551//2551
f 6422//6422 6201//6201 3966//3966
f 967//967 2483//2483 5493//5493
f 6038//6038 1307//1307 1008//1008
f 5542//5542 6202//6202 6362//6362
f 5577//5577 5925//5925 5979//5979
f 5579//5579 5594//5594 5578//5578
f 1993//1993 2189//2189 7281//7281
f 5594//5594 5579//5579 3776//3776
f 3993//3993 3884//3884 5649//5649
f 5833//5833 6232//6232 2288//2288
f 5835//5835 127//127 3011//3011
f 5836//5836 128//128 3424//3424
f 5837//5837 6376//6376 3785//3785
f 5857//5857 1297//1297 6051//6051
f 6233//6233 6521//6521 5860//5860
f 5840//5840 3226//3226 6252//6252
f 5841//5841 6234//6234 6253//6253
f 5842//5842 6235//6235 5863//5863
f 6236//6236 6392//6392 6124//6124
f 5844//5844 6254//6254 6316//6316
f 5845//5845 6237//6237 6262//6262
f 6250//6250 2210//2210 5848//5848
f 5860//5860 249//249 6899//6899
f 7078//7078 2282//2282 2271//2271
f 6318//6318 4112//4112 2194//2194
f 350//350 4114//4114 2964//2964
f 4211//4211 2345//2345 5683//5683
f 6150//6150 2870//2870 343//343
f 4156//4156 370//370 3763//3763
f 6610//6610 4158//4158 6215//6215
f 4157//4157 6215//6215 4158//4158
f 389//389 1584//1584 1757//1757
f 4214//4214 357//357 3231//3231
f 7143//7143 371//371 5689//5689
f 6216//6216 3461//3461 405//405
f 5943//5943 2787//2787 458//458
f 4307//4307 4278//4278 1523//1523
f 3907//3907 7301//7301 5707//5707
f 6218//6218 4388//4388 6100//6100
f 2492//2492 6012//6012 2807//2807
f 4417//4417 4416//4416 4369//4369
f 4503//4503 1180//1180 1548//1548
f 4519//4519 6749//6749 2062//2062
f 2729//2729 616//616 6017//6017
f 6244//6244 4654//4654 6941//6941
f 3037//3037 3203//3203 4692//4692
f 2556//2556 6245//6245 685//685
f 3104//3104 3340//3340 4777//4777
f 6698//6698 2428//2428 2689//2689
f 5746//5746 4958//4958 6189//6189
f 1780//1780 5079//5079 6760//6760
f 845//845 5758//5758 825//825
f 2425//2425 2409//2409 2074//2074
f 5147//5147 6408//6408 5146//5146
f 6194//6194 2169//2169 6578//6578
f 7251//7251 6226//6226 5964//5964
f 6175//6175 916//916 6280//6280
f 1183//1183 6460//6460 5370//5370
f 6229//6229 957//957 5481//5481
f 7293//7293 6524//6524 2669//2669
f 6074//6074 6741//6741 3840//3840
f 3573//3573 5577//5577 1312//1312
f 1999//1999 6248//6248 6442//6442
f 228//228 1223//1223 1407//1407
f 229//229 1557//1557 1732//1732
f 230//230 1947//1947 2130//2130
f 6624//6624 1169//1169 523//523
f 4517//4517 2016//2016 588//588
f 6198//6198 6174//6174 3444//3444
f 5798//5798 3525//3525 5585//5585
f 6232//6232 5833//5833 2307//2307
f 127//127 5835//5835 6545//6545
f 128//128 5836//5836 6394//6394
f 129//129 1659//1659 1862//1862
f 6265//6265 3226//3226 6207//6207
f 6266//6266 6234//6234 6208//6208
f 6267//6267 6235//6235 6209//6209
f 136//136 1105//1105 92//92
f 6254//6254 5844//5844 3727//3727
f 6268//6268 6237//6237 6210//6210
f 6269//6269 5846//5846 6211//6211
f 2200//2200 6250//6250 5848//5848
f 5853//5853 6122//6122 5833//5833
f 5857//5857 3785//3785 7325//7325
f 5840//5840 6251//6251 6264//6264
f 5841//5841 6252//6252 6265//6265
f 3226//3226 6265//6265 6252//6252
f 5842//5842 6253//6253 6266//6266
f 6234//6234 6266//6266 6253//6253
f 6235//6235 6267//6267 5863//5863
f 5845//5845 6254//6254 139//139
f 6237//6237 6268//6268 256//256
f 5846//5846 5867//5867 1575//1575
f 6836//6836 5868//5868 6269//6269
f 5846//5846 6269//6269 5868//5868
f 6126//6126 6129//6129 227//227
f 5657//5657 6180//6180 2756//2756
f 6214//6214 1817//1817 6712//6712
f 6154//6154 4304//4304 1982//1982
f 523//523 5886//5886 6624//6624
f 852//852 853//853 5148//5148
f 209//209 3212//3212 6183//6183
f 6410//6410 6945//6945 6260//6260
f 7048//7048 5935//5935 353//353
f 4289//4289 2691//2691 4230//4230
f 440//440 6007//6007 2066//2066
f 440//440 2066//2066 383//383
f 7020//7020 6186//6186 3458//3458
f 6273//6273 5713//5713 6372//6372
f 6014//6014 6255//6255 2247//2247
f 4948//4948 6256//6256 5910//5910
f 6662//6662 5055//5055 3755//3755
f 3139//3139 5044//5044 5755//5755
f 3526//3526 3323//3323 5851//5851
f 5874//5874 6249//6249 2293//2293
f 1943//1943 5853//5853 6374//6374
f 5943//5943 6217//6217 2787//2787
f 1980//1980 7196//7196 7168//7168
f 6231//6231 3088//3088 6502//6502
f 5925//5925 5487//5487 5979//5979
f 6183//6183 3045//3045 4074//4074
f 550//550 6219//6219 522//522
f 5832//5832 6203//6203 1935//1935
f 5834//5834 6204//6204 2654//2654
f 6342//6342 7150//7150 1659//1659
f 6265//6265 6207//6207 4000//4000
f 6266//6266 6208//6208 3972//3972
f 6267//6267 6209//6209 1105//1105
f 6268//6268 6210//6210 1575//1575
f 6269//6269 6211//6211 2311//2311
f 5848//5848 6212//6212 2200//2200
f 5849//5849 6213//6213 2561//2561
f 5862//5862 250//250 7277//7277
f 6181//6181 6355//6355 6259//6259
f 6642//6642 6260//6260 6399//6399
f 6456//6456 256//256 6268//6268
f 5868//5868 257//257 5867//5867
f 352//352 1917//1917 330//330
f 6159//6159 1620//1620 2143//2143
f 6263//6263 2458//2458 6943//6943
f 2100//2100 4259//4259 4191//4191
f 6219//6219 549//549 521//521
f 6255//6255 2248//2248 2247//2247
f 6221//6221 6156//6156 3901//3901
f 6200//6200 956//956 3124//3124
f 6263//6263 6044//6044 2458//2458
f 3721//3721 3993//3993 5649//5649
f 5851//5851 4049//4049 6089//6089
f 208//208 6260//6260 6642//6642
f 5866//5866 6261//6261 6316//6316
f 6179//6179 6050//6050 141//141
f 4174//4174 389//389 1757//1757
f 4259//4259 4260//4260 4191//4191
f 5943//5943 458//458 2603//2603
f 1682//1682 4307//4307 1523//1523
f 5721//5721 6243//6243 5724//5724
f 6158//6158 6015//6015 4511//4511
f 6192//6192 3394//3394 6068//6068
f 6233//6233 5839//5839 2474//2474
f 6208//6208 6234//6234 4000//4000
f 6265//6265 4000//4000 6234//6234
f 6209//6209 6235//6235 3972//3972
f 6266//6266 3972//3972 6235//6235
f 6314//6314 6399//6399 7154//7154
f 6210//6210 6237//6237 1209//1209
f 6268//6268 1575//1575 5867//5867
f 6211//6211 5846//5846 4012//4012
f 1575//1575 4012//4012 5846//5846
f 94//94 6238//6238 2311//2311
f 6269//6269 2311//2311 6238//6238
f 6213//6213 6250//6250 2200//2200
f 6233//6233 2452//2452 5839//5839
f 6179//6179 141//141 6613//6613
f 6251//6251 5840//5840 5861//5861
f 6252//6252 5841//5841 5862//5862
f 6181//6181 5842//5842 252//252
f 4056//4056 5862//5862 251//251
f 4059//4059 2187//2187 6389//6389
f 6354//6354 5996//5996 7311//7311
f 6824//6824 244//244 6284//6284
f 7209//7209 345//345 2344//2344
f 6192//6192 6068//6068 3365//3365
f 360//360 1661//1661 1668//1668
f 6271//6271 2698//2698 2521//2521
f 4321//4321 6271//6271 2521//2521
f 3371//3371 6272//6272 4331//4331
f 523//523 3908//3908 3748//3748
f 6272//6272 3375//3375 505//505
f 3908//3908 523//523 551//551
f 4399//4399 6273//6273 1358//1358
f 3806//3806 3633//3633 3809//3809
f 2661//2661 7336//7336 6274//6274
f 6275//6275 3134//3134 2949//2949
f 2949//2949 6276//6276 5044//5044
f 2424//2424 2257//2257 2423//2423
f 5142//5142 5960//5960 5092//5092
f 7130//7130 7072//7072 6171//6171
f 6226//6226 6869//6869 874//874
f 2168//2168 5227//5227 5226//5226
f 6280//6280 3742//3742 6197//6197
f 5302//5302 6307//6307 5301//5301
f 956//956 6119//6119 7094//7094
f 1742//1742 5481//5481 1572//1572
f 6335//6335 1459//1459 6038//6038
f 6353//6353 3575//3575 1028//1028
f 1088//1088 1545//1545 1089//1089
f 3519//3519 5931//5931 6787//6787
f 3413//3413 6852//6852 3609//3609
f 6282//6282 202//202 3622//3622
f 6283//6283 203//203 3956//3956
f 6284//6284 6371//6371 6824//6824
f 254//254 6316//6316 6261//6261
f 4059//4059 6182//6182 2577//2577
f 6285//6285 255//255 1227//1227
f 6287//6287 459//459 3179//3179
f 6287//6287 5943//5943 459//459
f 1354//1354 7243//7243 6061//6061
f 6288//6288 3752//3752 3741//3741
f 6288//6288 531//531 3752//3752
f 2623//2623 556//556 2624//2624
f 6289//6289 3740//3740 5890//5890
f 2324//2324 2492//2492 2811//2811
f 2789//2789 5147//5147 5146//5146
f 6292//6292 2341//2341 5125//5125
f 3562//3562 5153//5153 5172//5172
f 1900//1900 5214//5214 6294//6294
f 5214//5214 1900//1900 2078//2078
f 6435//6435 1707//1707 7156//7156
f 5348//5348 6296//6296 932//932
f 963//963 1538//1538 6926//6926
f 1013//1013 1001//1001 5523//5523
f 2038//2038 1870//1870 1815//1815
f 3841//3841 307//307 6239//6239
f 419//419 6831//6831 2505//2505
f 408//408 6579//6579 6319//6319
f 2787//2787 2330//2330 7267//7267
f 4331//4331 6272//6272 505//505
f 4352//4352 7203//7203 7047//7047
f 6503//6503 6659//6659 6320//6320
f 1358//1358 6273//6273 3743//3743
f 6300//6300 2313//2313 2134//2134
f 4589//4589 1848//1848 1476//1476
f 2013//2013 6301//6301 1837//1837
f 6275//6275 6256//6256 3134//3134
f 6698//6698 6368//6368 6469//6469
f 6275//6275 5044//5044 3139//3139
f 5142//5142 5092//5092 6812//6812
f 5763//5763 6302//6302 2411//2411
f 6764//6764 5133//5133 2163//2163
f 5963//5963 1509//1509 6294//6294
f 5187//5187 2168//2168 1984//1984
f 6226//6226 874//874 6822//6822
f 5225//5225 2168//2168 5226//5226
f 3441//3441 5237//5237 892//892
f 1957//1957 5259//5259 5260//5260
f 5453//5453 994//994 6334//6334
f 1008//1008 5501//5501 6038//6038
f 1572//1572 998//998 7189//7189
f 1001//1001 6433//6433 5523//5523
f 5519//5519 998//998 1723//1723
f 1015//1015 5572//5572 3696//3696
f 6311//6311 6512//6512 2666//2666
f 6312//6312 7046//7046 6342//6342
f 4242//4242 6057//6057 4210//4210
f 2150//2150 5696//5696 389//389
f 4285//4285 4187//4187 1697//1697
f 1520//1520 6579//6579 460//460
f 6271//6271 461//461 2698//2698
f 2600//2600 5701//5701 4276//4276
f 1520//1520 6742//6742 1700//1700
f 3667//3667 6337//6337 5944//5944
f 4299//4299 6010//6010 6742//6742
f 549//549 4389//4389 3189//3189
f 4430//4430 2623//2623 2624//2624
f 3743//3743 6273//6273 6832//6832
f 6731//6731 4487//4487 3261//3261
f 3627//3627 3449//3449 3260//3260
f 2110//2110 1744//1744 6601//6601
f 1123//1123 1107//1107 1637//1637
f 6303//6303 717//717 3572//3572
f 6304//6304 4956//4956 805//805
f 3392//3392 6291//6291 6359//6359
f 6277//6277 839//839 7155//7155
f 6302//6302 5131//5131 2411//2411
f 6194//6194 6305//6305 1604//1604
f 1352//1352 2081//2081 5230//5230
f 890//890 6295//6295 6996//6996
f 5352//5352 5351//5351 6073//6073
f 5362//5362 6307//6307 5364//5364
f 6296//6296 2015//2015 932//932
f 2669//2669 6524//6524 944//944
f 6388//6388 6870//6870 3802//3802
f 2113//2113 5522//5522 6341//6341
f 1685//1685 5888//5888 552//552
f 6309//6309 503//503 1990//1990
f 6099//6099 6309//6309 1990//1990
f 1813//1813 1450//1450 1812//1812
f 3029//3029 7100//7100 613//613
f 634//634 3507//3507 4596//4596
f 5758//5758 1154//1154 1693//1693
f 5758//5758 1693//1693 6732//6732
f 2902//2902 3064//3064 3477//3477
f 6307//6307 5300//5300 5301//5301
f 1999//1999 1993//1993 6248//6248
f 1993//1993 7281//7281 6248//6248
f 240//240 6512//6512 6311//6311
f 6331//6331 6595//6595 2703//2703
f 1273//1273 608//608 3633//3633
f 5522//5522 2113//2113 6043//6043
f 1815//1815 1870//1870 5564//5564
f 1545//1545 1048//1048 6327//6327
f 1677//1677 6298//6298 1489//1489
f 6189//6189 6304//6304 6344//6344
f 5364//5364 6307//6307 5302//5302
f 5262//5262 5307//5307 7019//7019
f 982//982 5553//5553 981//981
f 1511//1511 4400//4400 6372//6372
f 2586//2586 2178//2178 4142//4142
f 577//577 4488//4488 3631//3631
f 3627//3627 3806//3806 3809//3809
f 3911//3911 5153//5153 3905//3905
f 6277//6277 2180//2180 5755//5755
f 6074//6074 3840//3840 7164//7164
f 4098//4098 4100//4100 3673//3673
f 2194//2194 2586//2586 4142//4142
f 4276//4276 6097//6097 6831//6831
f 470//470 2427//2427 4273//4273
f 1762//1762 6248//6248 1828//1828
f 5846//5846 5868//5868 5867//5867
f 2345//2345 383//383 4168//4168
f 532//532 4396//4396 3741//3741
f 1604//1604 6305//6305 1429//1429
f 6184//6184 6788//6788 5935//5935
f 6300//6300 2497//2497 2313//2313
f 6285//6285 3683//3683 6261//6261
f 3690//3690 4098//4098 3673//3673
f 6731//6731 3262//3262 577//577
f 2454//2454 6130//6130 239//239
f 7090//7090 6278//6278 5108//5108
f 6308//6308 6116//6116 6682//6682
f 209//209 176//176 6710//6710
f 3812//3812 4551//4551 6367//6367
f 6328//6328 2946//2946 2769//2769
f 2600//2600 4276//4276 419//419
f 6198//6198 5316//5316 5275//5275
f 3378//3378 3047//3047 6044//6044
f 1993//1993 1815//1815 5564//5564
f 6372//6372 5713//5713 1511//1511
f 460//460 6579//6579 1889//1889
f 5331//5331 2401//2401 6035//6035
f 3378//3378 6263//6263 3214//3214
f 208//208 6315//6315 6410//6410
f 255//255 6285//6285 6261//6261
f 1586//1586 6511//6511 256//256
f 6317//6317 6374//6374 6325//6325
f 5832//5832 6317//6317 5852//5852
f 2288//2288 2454//2454 5853//5853
f 6374//6374 5853//5853 2454//2454
f 6336//6336 286//286 225//225
f 1692//1692 6319//6319 4238//4238
f 7047//7047 6659//6659 4401//4401
f 2527//2527 6320//6320 7225//7225
f 7151//7151 6013//6013 4432//4432
f 4428//4428 1786//1786 1620//1620
f 3730//3730 6321//6321 1182//1182
f 3901//3901 6321//6321 3730//3730
f 3543//3543 3539//3539 3546//3546
f 1315//1315 1303//1303 1123//1123
f 6574//6574 6322//6322 705//705
f 1465//1465 4791//4791 1123//1123
f 2069//2069 2074//2074 862//862
f 7133//7133 2235//2235 2407//2407
f 6388//6388 3403//3403 3271//3271
f 5645//5645 1865//1865 5510//5510
f 6325//6325 201//201 6317//6317
f 4059//4059 4113//4113 2357//2357
f 294//294 4136//4136 3669//3669
f 408//408 6319//6319 1692//1692
f 1177//1177 532//532 1354//1354
f 6289//6289 7198//7198 6321//6321
f 6159//6159 4515//4515 1450//1450
f 1278//1278 4616//4616 1096//1096
f 4726//4726 1315//1315 3957//3957
f 6501//6501 1755//1755 5002//5002
f 7213//7213 7106//7106 2257//2257
f 1031//1031 1230//1230 7119//7119
f 1090//1090 6327//6327 2517//2517
f 2578//2578 6328//6328 287//287
f 293//293 6364//6364 6453//6453
f 6398//6398 4099//4099 4098//4098
f 2870//2870 2691//2691 4261//4261
f 550//550 3527//3527 6219//6219
f 1813//1813 4428//4428 1620//1620
f 3543//3543 6947//6947 3539//3539
f 6322//6322 6830//6830 705//705
f 4824//4824 4914//4914 1767//1767
f 1150//1150 7310//7310 813//813
f 6554//6554 3042//3042 3394//3394
f 838//838 1699//1699 7155//7155
f 2507//2507 2161//2161 2154//2154
f 868//868 3906//3906 6737//6737
f 2794//2794 5234//5234 7241//7241
f 6360//6360 5286//5286 1811//1811
f 5308//5308 5307//5307 1179//1179
f 6333//6333 5922//5922 5366//5366
f 5447//5447 6326//6326 7368//7368
f 2225//2225 5790//5790 5785//5785
f 6351//6351 6388//6388 3802//3802
f 970//970 5453//5453 6334//6334
f 6335//6335 5478//5478 973//973
f 973//973 1459//1459 6335//6335
f 1865//1865 5645//5645 2037//2037
f 6324//6324 3773//3773 3626//3626
f 1019//1019 6362//6362 1230//1230
f 6343//6343 6130//6130 2288//2288
f 226//226 6336//6336 2210//2210
f 6355//6355 3380//3380 251//251
f 4059//4059 2357//2357 2187//2187
f 6354//6354 2088//2088 6540//6540
f 294//294 3669//3669 6453//6453
f 6330//6330 6057//6057 3548//3548
f 434//434 6319//6319 1520//1520
f 470//470 6098//6098 4328//4328
f 532//532 4346//4346 1354//1354
f 608//608 1278//1278 1096//1096
f 6357//6357 6338//6338 6431//6431
f 6554//6554 7041//7041 3042//3042
f 5227//5227 2798//2798 5228//5228
f 6435//6435 6490//6490 5627//5627
f 6333//6333 5367//5367 5922//5922
f 1707//1707 6308//6308 7156//7156
f 3021//3021 5413//5413 7193//7193
f 5493//5493 2171//2171 1958//1958
f 470//470 2699//2699 2523//2523
f 4400//4400 7157//7157 6372//6372
f 4500//4500 3649//3649 6188//6188
f 6576//6576 1341//1341 7342//7342
f 6343//6343 6512//6512 6130//6130
f 2038//2038 1815//1815 7171//7171
f 2517//2517 6327//6327 6510//6510
f 6343//6343 5834//5834 2666//2666
f 6329//6329 325//325 4138//4138
f 744//744 4824//4824 1767//1767
f 6549//6549 1688//1688 6293//6293
f 6336//6336 267//267 286//286
f 4429//4429 5715//5715 6300//6300
f 3570//3570 887//887 6822//6822
f 6346//6346 287//287 6328//6328
f 6391//6391 331//331 2440//2440
f 3234//3234 2871//2871 6769//6769
f 5880//5880 2010//2010 6093//6093
f 532//532 1177//1177 4396//4396
f 6344//6344 5746//5746 6189//6189
f 5153//5153 3563//3563 3905//3905
f 6130//6130 2454//2454 2288//2288
f 6355//6355 251//251 6259//6259
f 6456//6456 1586//1586 256//256
f 6354//6354 6540//6540 5996//5996
f 7078//7078 6382//6382 2282//2282
f 6358//6358 4904//4904 4932//4932
f 6248//6248 1762//1762 6442//6442
f 6356//6356 4276//4276 5701//5701
f 360//360 1337//1337 1334//1334
f 360//360 1334//1334 4149//4149
f 6301//6301 6358//6358 4932//4932
f 6291//6291 3926//3926 4959//4959
f 3029//3029 6162//6162 4627//4627
f 634//634 6165//6165 4671//4671
f 4366//4366 3750//3750 6965//6965
f 4337//4337 6965//6965 4364//4364
f 3029//3029 4627//4627 7025//7025
f 1048//1048 1907//1907 2273//2273
f 7104//7104 2771//2771 2179//2179
f 1545//1545 6327//6327 1089//1089
f 436//436 6337//6337 3838//3838
f 7225//7225 6320//6320 6659//6659
f 5187//5187 1984//1984 2331//2331
f 293//293 6400//6400 6364//6364
f 6393//6393 5864//5864 6182//6182
f 6273//6273 6372//6372 6832//6832
f 6291//6291 4959//4959 6662//6662
f 3541//3541 6156//6156 6221//6221
f 4752//4752 7327//7327 1996//1996
f 2355//2355 6873//6873 2216//2216
f 6348//6348 781//781 4902//4902
f 812//812 2594//2594 2773//2773
f 5047//5047 6379//6379 5046//5046
f 5200//5200 6957//6957 5202//5202
f 3892//3892 6350//6350 5389//5389
f 1459//1459 5502//5502 5516//5516
f 268//268 4087//4087 3293//3293
f 6354//6354 330//330 2088//2088
f 4110//4110 6355//6355 7158//7158
f 330//330 6354//6354 2440//2440
f 6356//6356 2608//2608 6377//6377
f 6347//6347 4517//4517 2316//2316
f 5024//5024 4956//4956 6189//6189
f 802//802 6358//6358 1151//1151
f 6359//6359 3593//3593 3391//3391
f 5046//5046 6379//6379 2507//2507
f 7264//7264 5177//5177 5179//5179
f 7264//7264 5219//5219 6196//6196
f 951//951 6383//6383 927//927
f 6341//6341 5523//5523 6525//6525
f 1009//1009 1870//1870 5516//5516
f 6352//6352 1035//1035 3111//3111
f 1030//1030 3773//3773 6324//6324
f 5576//5576 6363//6363 5577//5577
f 6355//6355 6181//6181 7158//7158
f 6540//6540 6866//6866 4064//4064
f 6391//6391 2440//2440 5997//5997
f 2440//2440 7311//7311 5997//5997
f 350//350 6365//6365 4114//4114
f 2181//2181 6718//6718 4142//4142
f 4168//4168 5692//5692 1839//1839
f 366//366 6412//6412 4189//4189
f 6377//6377 2328//2328 6356//6356
f 4436//4436 6366//6366 5949//5949
f 6159//6159 1273//1273 4515//4515
f 6506//6506 1597//1597 4878//4878
f 3755//3755 6359//6359 6291//6291
f 3367//3367 3556//3556 3173//3173
f 5148//5148 6369//6369 5147//5147
f 6408//6408 5147//5147 6369//6369
f 3749//3749 868//868 5181//5181
f 868//868 7204//7204 5181//5181
f 1356//1356 5209//5209 1173//1173
f 5179//5179 5219//5219 7264//7264
f 5210//5210 7224//7224 1690//1690
f 6386//6386 5278//5278 1703//1703
f 2322//2322 6361//6361 1955//1955
f 5988//5988 5632//5632 5919//5919
f 6996//6996 6443//6443 5306//5306
f 5285//5285 7339//7339 6775//6775
f 6417//6417 928//928 2145//2145
f 6910//6910 5408//5408 3565//3565
f 6373//6373 6038//6038 1459//1459
f 6363//6363 5576//5576 3208//3208
f 6371//6371 3956//3956 3785//3785
f 294//294 6453//6453 6345//6345
f 6365//6365 2586//2586 2764//2764
f 5128//5128 838//838 5129//5129
f 853//853 6349//6349 5148//5148
f 5180//5180 868//868 3749//3749
f 3285//3285 6957//6957 872//872
f 879//879 6360//6360 1608//1608
f 5263//5263 6370//6370 1179//1179
f 5638//5638 7339//7339 6306//6306
f 1473//1473 5467//5467 6701//6701
f 2393//2393 960//960 961//961
f 5586//5586 6362//6362 1558//1558
f 1533//1533 6424//6424 4533//4533
f 6381//6381 1047//1047 7145//7145
f 6366//6366 4373//4373 5949//5949
f 1897//1897 1686//1686 5129//5129
f 6910//6910 3565//3565 3309//3309
f 6371//6371 243//243 3956//3956
f 268//268 3293//3293 6409//6409
f 285//285 5869//5869 6091//6091
f 6577//6577 6350//6350 6537//6537
f 1943//1943 6374//6374 6317//6317
f 5541//5541 3651//3651 1316//1316
f 6300//6300 5715//5715 5892//5892
f 5024//5024 6189//6189 4958//4958
f 1383//1383 6619//6619 1195//1195
f 2181//2181 4142//4142 2178//2178
f 3541//3541 6221//6221 3729//3729
f 6392//6392 6236//6236 6393//6393
f 1545//1545 6381//6381 7145//7145
f 6373//6373 2038//2038 1307//1307
f 4059//4059 6389//6389 6182//6182
f 4060//4060 5864//5864 6945//6945
f 2324//2324 2811//2811 6590//6590
f 5172//5172 5153//5153 3910//3910
f 1972//1972 6417//6417 2145//2145
f 6375//6375 5507//5507 6201//6201
f 2669//2669 944//944 5413//5413
f 5857//5857 6051//6051 6824//6824
f 613//613 7100//7100 3450//3450
f 4366//4366 516//516 3751//3751
f 4366//4366 3751//3751 5712//5712
f 5865//5865 6315//6315 6817//6817
f 2102//2102 7184//7184 6962//6962
f 3295//3295 6345//6345 6453//6453
f 6375//6375 6201//6201 7371//7371
f 2348//2348 2770//2770 342//342
f 7327//7327 4752//4752 684//684
f 2497//2497 6300//6300 5892//5892
f 6371//6371 5857//5857 6824//6824
f 6206//6206 3970//3970 3987//3987
f 1104//1104 6376//6376 3987//3987
f 1400//1400 5675//5675 6398//6398
f 247//247 6390//6390 4072//4072
f 4183//4183 7122//7122 3043//3043
f 4224//4224 341//341 2348//2348
f 4224//4224 2348//2348 4189//4189
f 3094//3094 2727//2727 2722//2722
f 3971//3971 7191//7191 4715//4715
f 4902//4902 2355//2355 7053//7053
f 1593//1593 1767//1767 4914//4914
f 7053//7053 2198//2198 4902//4902
f 3135//3135 2951//2951 812//812
f 6474//6474 6938//6938 1010//1010
f 6376//6376 6206//6206 3987//3987
f 4062//4062 4116//4116 3485//3485
f 6382//6382 5877//5877 2282//2282
f 614//614 4529//4529 2639//2639
f 6396//6396 3225//3225 4665//4665
f 3111//3111 5533//5533 3102//3102
f 6539//6539 6403//6403 4073//4073
f 6763//6763 4208//4208 4209//4209
f 4470//4470 593//593 2727//2727
f 1374//1374 3890//3890 1186//1186
f 2537//2537 6632//6632 5730//5730
f 5024//5024 4958//4958 4993//4993
f 6491//6491 4996//4996 3679//3679
f 6379//6379 5047//5047 2596//2596
f 2596//2596 5047//5047 5018//5018
f 1173//1173 6549//6549 6293//6293
f 6227//6227 5260//5260 5261//5261
f 6443//6443 6996//6996 6923//6923
f 6531//6531 3357//3357 6119//6119
f 2479//2479 1479//1479 5922//5922
f 2991//2991 5635//5635 2637//2637
f 976//976 2393//2393 5506//5506
f 6474//6474 1230//1230 1031//1031
f 292//292 3155//3155 2958//2958
f 6403//6403 1231//1231 6390//6390
f 2684//2684 337//337 6382//6382
f 4356//4356 6377//6377 2613//2613
f 2737//2737 614//614 2639//2639
f 7026//7026 4847//4847 1765//1765
f 1611//1611 1610//1610 4992//4992
f 905//905 6386//6386 5341//5341
f 6701//6701 927//927 6417//6417
f 6383//6383 951//951 6705//6705
f 6384//6384 2679//2679 3050//3050
f 502//502 1250//1250 6900//6900
f 7312//7312 5884//5884 2697//2697
f 4431//4431 4396//4396 1177//1177
f 4500//4500 3442//3442 5720//5720
f 6826//6826 6519//6519 3112//3112
f 6389//6389 6392//6392 6182//6182
f 2586//2586 4113//4113 2764//2764
f 4274//4274 6831//6831 6097//6097
f 501//501 4353//4353 6426//6426
f 3167//3167 5172//5172 2997//2997
f 191//191 3709//3709 3868//3868
f 6392//6392 2207//2207 6124//6124
f 2313//2313 6476//6476 2134//2134
f 6227//6227 5261//5261 6730//6730
f 6996//6996 3002//3002 890//890
f 6184//6184 5935//5935 7048//7048
f 208//208 6410//6410 6260//6260
f 6382//6382 337//337 5877//5877
f 315//315 6807//6807 342//342
f 6510//6510 6327//6327 1048//1048
f 268//268 191//191 3868//3868
f 3556//3556 852//852 6895//6895
f 5635//5635 6531//6531 6119//6119
f 6474//6474 1019//1019 1230//1230
f 271//271 2684//2684 6382//6382
f 4062//4062 3291//3291 6315//6315
f 7275//7275 6359//6359 3391//3391
f 5531//5531 6363//6363 7371//7371
f 4062//4062 6315//6315 254//254
f 6205//6205 3608//3608 3986//3986
f 3970//3970 6394//6394 3986//3986
f 6089//6089 1225//1225 6827//6827
f 309//309 2867//2867 2684//2684
f 2513//2513 6412//6412 4190//4190
f 2505//2505 2432//2432 4213//4213
f 6396//6396 4620//4620 3023//3023
f 6397//6397 3135//3135 2944//2944
f 6306//6306 7308//7308 1277//1277
f 1031//1031 7147//7147 6474//6474
f 6394//6394 6205//6205 3986//3986
f 4086//4086 6519//6519 6409//6409
f 3097//3097 3258//3258 4499//4499
f 6401//6401 770//770 1593//1593
f 6397//6397 3494//3494 3135//3135
f 6784//6784 6402//6402 3629//3629
f 3683//3683 4116//4116 4062//4062
f 4092//4092 309//309 2684//2684
f 1878//1878 6424//6424 6157//6157
f 5732//5732 6396//6396 3023//3023
f 6431//6431 6405//6405 6357//6357
f 1758//1758 4967//4967 4968//4968
f 1758//1758 4968//4968 1753//1753
f 3133//3133 4980//4980 2772//2772
f 2772//2772 4980//4980 2771//2771
f 2065//2065 6724//6724 4990//4990
f 5113//5113 2249//2249 5089//5089
f 6030//6030 7296//7296 5116//5116
f 5306//5306 3002//3002 6996//6996
f 5329//5329 2991//2991 6418//6418
f 928//928 6402//6402 6784//6784
f 438//438 4242//4242 4270//4270
f 490//490 521//521 2969//2969
f 5326//5326 1957//1957 6227//6227
f 5253//5253 6454//6454 925//925
f 6402//6402 5784//5784 3629//3629
f 2700//2700 5113//5113 5089//5089
f 6096//6096 3369//3369 3561//3561
f 4166//4166 6185//6185 5935//5935
f 5146//5146 6408//6408 5207//5207
f 418//418 2505//2505 6831//6831
f 353//353 5935//5935 6185//6185
f 6399//6399 6260//6260 6954//6954
f 3826//3826 4353//4353 501//501
f 419//419 2505//2505 4213//4213
f 4980//4980 6735//6735 2771//2771
f 6357//6357 6405//6405 2280//2280
f 2145//2145 928//928 929//929
f 6403//6403 1235//1235 1231//1231
f 6408//6408 6717//6717 5207//5207
f 5467//5467 951//951 6701//6701
f 3295//3295 6453//6453 6364//6364
f 2045//2045 569//569 6395//6395
f 5531//5531 5487//5487 5925//5925
f 366//366 2348//2348 342//342
f 7021//7021 852//852 3556//3556
f 6412//6412 366//366 4190//4190
f 404//404 6413//6413 7312//7312
f 2969//2969 6414//6414 490//490
f 6415//6415 4354//4354 3826//3826
f 3004//3004 4530//4530 592//592
f 2979//2979 6416//6416 843//843
f 843//843 6416//6416 3180//3180
f 5467//5467 7035//7035 6422//6422
f 2090//2090 6804//6804 1056//1056
f 6411//6411 1665//1665 1491//1491
f 1797//1797 618//618 1796//1796
f 7326//7326 648//648 6777//6777
f 4618//4618 6777//6777 648//648
f 3097//3097 6419//6419 3258//3258
f 1472//1472 618//618 1797//1797
f 6420//6420 4877//4877 3850//3850
f 2176//2176 2591//2591 4961//4961
f 7244//7244 7184//7184 5912//5912
f 5628//5628 1814//1814 5326//5326
f 6418//6418 6814//6814 6923//6923
f 5338//5338 3537//3537 7132//7132
f 928//928 6417//6417 6402//6402
f 976//976 5975//5975 6528//6528
f 6422//6422 5487//5487 5531//5531
f 5554//5554 1037//1037 6725//6725
f 6482//6482 5554//5554 6725//6725
f 5614//5614 6423//6423 5716//5716
f 2046//2046 1715//1715 4414//4414
f 1718//1718 4400//4400 4444//4444
f 2723//2723 6419//6419 3097//3097
f 5628//5628 5326//5326 6333//6333
f 5912//5912 6468//6468 7244//7244
f 4074//4074 7048//7048 2856//2856
f 5788//5788 6502//6502 6461//6461
f 4226//4226 6412//6412 425//425
f 425//425 6412//6412 2513//2513
f 418//418 1977//1977 2150//2150
f 6412//6412 4226//4226 4189//4189
f 4072//4072 6345//6345 3848//3848
f 6462//6462 3848//3848 6345//6345
f 418//418 2150//2150 4212//4212
f 1758//1758 1580//1580 7212//7212
f 1758//1758 7212//7212 1419//1419
f 257//257 4064//4064 6456//6456
f 3442//3442 4499//4499 3258//3258
f 3625//3625 6470//6470 732//732
f 5968//5968 1449//1449 6425//6425
f 829//829 7244//7244 6436//6436
f 2045//2045 6395//6395 1878//1878
f 6426//6426 4353//4353 3284//3284
f 2626//2626 5234//5234 7239//7239
f 5287//5287 6428//6428 5288//5288
f 6608//6608 7132//7132 3537//3537
f 6462//6462 3479//3479 206//206
f 206//206 5654//5654 6462//6462
f 6462//6462 3295//3295 3479//3479
f 6867//6867 4327//4327 6429//6429
f 3534//3534 3355//3355 3004//3004
f 6777//6777 1186//1186 1375//1375
f 5471//5471 3610//3610 6441//6441
f 7075//7075 2286//2286 2668//2668
f 400//400 2513//2513 4190//4190
f 6924//6924 4194//4194 6643//6643
f 425//425 4287//4287 2426//2426
f 3534//3534 3004//3004 3198//3198
f 6102//6102 2316//2316 6476//6476
f 6405//6405 6431//6431 2690//2690
f 4961//4961 7088//7088 2176//2176
f 3140//3140 5006//5006 6735//6735
f 3550//3550 6477//6477 3594//3594
f 2414//2414 5222//5222 5221//5221
f 5306//5306 7239//7239 880//880
f 3753//3753 6432//6432 5917//5917
f 6433//6433 6714//6714 959//959
f 6434//6434 1032//1032 7220//7220
f 7316//7316 3090//3090 2905//2905
f 3442//3442 5896//5896 5720//5720
f 7105//7105 6067//6067 6427//6427
f 4919//4919 2690//2690 6431//6431
f 6431//6431 6449//6449 4919//4919
f 1451//1451 5325//5325 5628//5628
f 3888//3888 5338//5338 6435//6435
f 6490//6490 6435//6435 5338//5338
f 1451//1451 5366//5366 7114//7114
f 770//770 6401//6401 6458//6458
f 4908//4908 2443//2443 6323//6323
f 5337//5337 6608//6608 3537//3537
f 6432//6432 5967//5967 5917//5917
f 4908//4908 4940//4940 4939//4939
f 7149//7149 6115//6115 7187//7187
f 4980//4980 3140//3140 6735//6735
f 6831//6831 4274//4274 418//418
f 6378//6378 3442//3442 4500//4500
f 4064//4064 6866//6866 1768//1768
f 1539//1539 7315//7315 4408//4408
f 521//521 490//490 3373//3373
f 4064//4064 1768//1768 1586//1586
f 6436//6436 6468//6468 1602//1602
f 3113//3113 952//952 5451//5451
f 5133//5133 2161//2161 7307//7307
f 3113//3113 5451//5451 2934//2934
f 1602//1602 7051//7051 6436//6436
f 3178//3178 4231//4231 6437//6437
f 3721//3721 57//57 1384//1384
f 5777//5777 6425//6425 892//892
f 6425//6425 5777//5777 5968//5968
f 6964//6964 7244//7244 829//829
f 6437//6437 6721//6721 3552//3552
f 525//525 3090//3090 6438//6438
f 7316//7316 6438//6438 3090//3090
f 2720//2720 6447//6447 6419//6419
f 5023//5023 6440//6440 6672//6672
f 3367//3367 3594//3594 6929//6929
f 1423//1423 5760//5760 6700//6700
f 6898//6898 6455//6455 3113//3113
f 6437//6437 4231//4231 6721//6721
f 6443//6443 2626//2626 5306//5306
f 6444//6444 5377//5377 3888//3888
f 2881//2881 6448//6448 6447//6447
f 6448//6448 4446//4446 6447//6447
f 770//770 6021//6021 1767//1767
f 4893//4893 3056//3056 4918//4918
f 4908//4908 4906//4906 2443//2443
f 4918//4918 6449//6449 4893//4893
f 4990//4990 6440//6440 5023//5023
f 837//837 5075//5075 5076//5076
f 5253//5253 3818//3818 6454//6454
f 2810//2810 2626//2626 6443//6443
f 5931//5931 3519//3519 6642//6642
f 2881//2881 6447//6447 2527//2527
f 6439//6439 3579//3579 4841//4841
f 7026//7026 6452//6452 4899//4899
f 5007//5007 6753//6753 3140//3140
f 6785//6785 5012//5012 3767//3767
f 6753//6753 5066//5066 3140//3140
f 5093//5093 829//829 6436//6436
f 5123//5123 2889//2889 5122//5122
f 5654//5654 174//174 3862//3862
f 1593//1593 770//770 1767//1767
f 247//247 5654//5654 3862//3862
f 6451//6451 7280//7280 4323//4323
f 5446//5446 7223//7223 967//967
f 3599//3599 5537//5537 982//982
f 6113//6113 5309//5309 5264//5264
f 934//934 5351//5351 5411//5411
f 3625//3625 6439//6439 6920//6920
f 6445//6445 3599//3599 982//982
f 4276//4276 6831//6831 419//419
f 4382//4382 7315//7315 4358//4358
f 6455//6455 2994//2994 3113//3113
f 6454//6454 5357//5357 925//925
f 2483//2483 7223//7223 7293//7293
f 7223//7223 2483//2483 967//967
f 7293//7293 7223//7223 5412//5412
f 4225//4225 4223//4223 4188//4188
f 4382//4382 4358//4358 5946//5946
f 6540//6540 4064//4064 257//257
f 2414//2414 5221//5221 2080//2080
f 3625//3625 6920//6920 4725//4725
f 1384//1384 1380//1380 1203//1203
f 1384//1384 1203//1203 3994//3994
f 6764//6764 2161//2161 5133//5133
f 3872//3872 57//57 3721//3721
f 7245//7245 140//140 2670//2670
f 6807//6807 4190//4190 366//366
f 6458//6458 4823//4823 770//770
f 6465//6465 4907//4907 4906//4906
f 3660//3660 5091//5091 3457//3457
f 3278//3278 7185//7185 5067//5067
f 1841//1841 7155//7155 1699//1699
f 2546//2546 6459//6459 2640//2640
f 568//568 4382//4382 2245//2245
f 6448//6448 6463//6463 4446//4446
f 5123//5123 2875//2875 5121//5121
f 4323//4323 1434//1434 6451//6451
f 5049//5049 3364//3364 3554//3554
f 6874//6874 6513//6513 5093//5093
f 1245//1245 6513//6513 5029//5029
f 2519//2519 5123//5123 5121//5121
f 7131//7131 5168//5168 6111//6111
f 5264//5264 881//881 5265//5265
f 5780//5780 3001//3001 2625//2625
f 6443//6443 6923//6923 2810//2810
f 5351//5351 923//923 6073//6073
f 7281//7281 2199//2199 1828//1828
f 2773//2773 6467//6467 6440//6440
f 6459//6459 2546//2546 5431//5431
f 4276//4276 6356//6356 6097//6097
f 6329//6329 6297//6297 325//325
f 2199//2199 7281//7281 3149//3149
f 3149//3149 7281//7281 2189//2189
f 7374//7374 1841//1841 1699//1699
f 4073//4073 6403//6403 6390//6390
f 6807//6807 366//366 342//342
f 7039//7039 6514//6514 6546//6546
f 6416//6416 5049//5049 3554//3554
f 3930//3930 6785//6785 1152//1152
f 1602//1602 6468//6468 1603//1603
f 5122//5122 2889//2889 5124//5124
f 6264//6264 3034//3034 3999//3999
f 1332//1332 4075//4075 295//295
f 4408//4408 6472//6472 2051//2051
f 6473//6473 4984//4984 1841//1841
f 6478//6478 5780//5780 7169//7169
f 6311//6311 2666//2666 5854//5854
f 4055//4055 6475//6475 250//250
f 368//368 6721//6721 7278//7278
f 6113//6113 7153//7153 5309//5309
f 6472//6472 2045//2045 2051//2051
f 4499//4499 6378//6378 3450//3450
f 6479//6479 4528//4528 4598//4598
f 6473//6473 1670//1670 5015//5015
f 3307//3307 6868//6868 5033//5033
f 1246//1246 6547//6547 5033//5033
f 5405//5405 6480//6480 2015//2015
f 951//951 5467//5467 3966//3966
f 368//368 7278//7278 3232//3232
f 5903//5903 647//647 3974//3974
f 866//866 5122//5122 7018//7018
f 6406//6406 6482//6482 6709//6709
f 6311//6311 5854//5854 3210//3210
f 3768//3768 6477//6477 4998//4998
f 5709//5709 552//552 5888//5888
f 2075//2075 5888//5888 492//492
f 6281//6281 6311//6311 3210//3210
f 6311//6311 6281//6281 240//240
f 6403//6403 4137//4137 1235//1235
f 951//951 3966//3966 6705//6705
f 3550//3550 3234//3234 4972//4972
f 1246//1246 5033//5033 6868//6868
f 6459//6459 6487//6487 6665//6665
f 6477//6477 3550//3550 4972//4972
f 2063//2063 6481//6481 5390//5390
f 6481//6481 2232//2232 5390//5390
f 1728//1728 279//279 5675//5675
f 2621//2621 6499//6499 6559//6559
f 5071//5071 2153//2153 5038//5038
f 5135//5135 5080//5080 844//844
f 5675//5675 279//279 6398//6398
f 6498//6498 4073//4073 7079//7079
f 1391//1391 6743//6743 3708//3708
f 3388//3388 3591//3591 6483//6483
f 5749//5749 5958//5958 3244//3244
f 3307//3307 3843//3843 6868//6868
f 3367//3367 2977//2977 3550//3550
f 6482//6482 6725//6725 6709//6709
f 2670//2670 140//140 2838//2838
f 6559//6559 2999//2999 2621//2621
f 3188//3188 4413//4413 6559//6559
f 5903//5903 3359//3359 3733//3733
f 4633//4633 6486//6486 1207//1207
f 3657//3657 6489//6489 1423//1423
f 1728//1728 5675//5675 6529//6529
f 1355//1355 3567//3567 1170//1170
f 6450//6450 2399//2399 5292//5292
f 6486//6486 1196//1196 1207//1207
f 6251//6251 6596//6596 6264//6264
f 6257//6257 1355//1355 1170//1170
f 256//256 6511//6511 6262//6262
f 352//352 330//330 2279//2279
f 6487//6487 1972//1972 2145//2145
f 5371//5371 1532//1532 5370//5370
f 5760//5760 6489//6489 6683//6683
f 6489//6489 5760//5760 1423//1423
f 1254//1254 3823//3823 5132//5132
f 1254//1254 5132//5132 1774//1774
f 6485//6485 3810//3810 6479//6479
f 7148//7148 5108//5108 1163//1163
f 6436//6436 7051//7051 5093//5093
f 6485//6485 6479//6479 3959//3959
f 4915//4915 6492//6492 2277//2277
f 2687//2687 6492//6492 4915//4915
f 6509//6509 4970//4970 5748//5748
f 5445//5445 3874//3874 6639//6639
f 6561//6561 6485//6485 4597//4597
f 6495//6495 6509//6509 4924//4924
f 6500//6500 6495//6495 2862//2862
f 6073//6073 6493//6493 2387//2387
f 5417//5417 5640//5640 1281//1281
f 6639//6639 5444//5444 5445//5445
f 6857//6857 5538//5538 6515//6515
f 3599//3599 3704//3704 6515//6515
f 5552//5552 2208//2208 6823//6823
f 201//201 1728//1728 1554//1554
f 6826//6826 3112//3112 227//227
f 2387//2387 6493//6493 908//908
f 6129//6129 6826//6826 227//227
f 5899//5899 5730//5730 7013//7013
f 1170//1170 7148//7148 1163//1163
f 5944//5944 534//534 4323//4323
f 5292//5292 6421//6421 6450//6450
f 6553//6553 6518//6518 1502//1502
f 6500//6500 2866//2866 4970//4970
f 6498//6498 6978//6978 6048//6048
f 6561//6561 6139//6139 6485//6485
f 5553//5553 5552//5552 6823//6823
f 6501//6501 5001//5001 6868//6868
f 3173//3173 3556//3556 6895//6895
f 1718//1718 4444//4444 4467//4467
f 5253//5253 5296//5296 896//896
f 6474//6474 7147//7147 6938//6938
f 6498//6498 6090//6090 4073//4073
f 6238//6238 5656//5656 6836//6836
f 5845//5845 139//139 1209//1209
f 5845//5845 1209//1209 6237//6237
f 6496//6496 5417//5417 1281//1281
f 5944//5944 4323//4323 3824//3824
f 6500//6500 5958//5958 2866//2866
f 6493//6493 5292//5292 2399//2399
f 6511//6511 255//255 6262//6262
f 6857//6857 3708//3708 5539//5539
f 2720//2720 6503//6503 6447//6447
f 5096//5096 3173//3173 6895//6895
f 6504//6504 3818//3818 5253//5253
f 5485//5485 6341//6341 5484//5484
f 283//283 6313//6313 6505//6505
f 6505//6505 5859//5859 2295//2295
f 7167//7167 6834//6834 1796//1796
f 6506//6506 4924//4924 4969//4969
f 1843//1843 7095//7095 969//969
f 1272//1272 6834//6834 4505//4505
f 6507//6507 2442//2442 6495//6495
f 2961//2961 4912//4912 2581//2581
f 6504//6504 5252//5252 3253//3253
f 6504//6504 3253//3253 5224//5224
f 6386//6386 1703//1703 6115//6115
f 1966//1966 2260//2260 5484//5484
f 6445//6445 966//966 3704//3704
f 6505//6505 6313//6313 2085//2085
f 561//561 4445//4445 4444//4444
f 6503//6503 6320//6320 6447//6447
f 6509//6509 2094//2094 4924//4924
f 5463//5463 2260//2260 1966//1966
f 7115//7115 1843//1843 969//969
f 6510//6510 2273//2273 2679//2679
f 248//248 6313//6313 4107//4107
f 6519//6519 6826//6826 190//190
f 6510//6510 1048//1048 2273//2273
f 248//248 6090//6090 6498//6498
f 5551//5551 6520//6520 2040//2040
f 7114//7114 7134//7134 5640//5640
f 4063//4063 6511//6511 1586//1586
f 4726//4726 3426//3426 7183//7183
f 1315//1315 4726//4726 1303//1303
f 851//851 5096//5096 6895//6895
f 3550//3550 3594//3594 3367//3367
f 2675//2675 6512//6512 240//240
f 6514//6514 6501//6501 3843//3843
f 5845//5845 6262//6262 5866//5866
f 6254//6254 5845//5845 5866//5866
f 6509//6509 5748//5748 2094//2094
f 7118//7118 6515//6515 5538//5538
f 6515//6515 7118//7118 5537//5537
f 3599//3599 6515//6515 5537//5537
f 2040//2040 6520//6520 6494//6494
f 5100//5100 6516//6516 2071//2071
f 6517//6517 5975//5975 6557//6557
f 2085//2085 248//248 207//207
f 283//283 6696//6696 6313//6313
f 6553//6553 7015//7015 6518//6518
f 4912//4912 3131//3131 4948//4948
f 1494//1494 5015//5015 1670//1670
f 6868//6868 3843//3843 6501//6501
f 5382//5382 1166//1166 5409//5409
f 6528//6528 6517//6517 950//950
f 5989//5989 6520//6520 5551//5551
f 6517//6517 6557//6557 6074//6074
f 5599//5599 1059//1059 7119//7119
f 6523//6523 2405//2405 2056//2056
f 7036//7036 6033//6033 1253//1253
f 2085//2085 207//207 5858//5858
f 4911//4911 4912//4912 4948//4948
f 6529//6529 1554//1554 1728//1728
f 6553//6553 6131//6131 253//253
f 2082//2082 4401//4401 6242//6242
f 6519//6519 2955//2955 3112//3112
f 6470//6470 3426//3426 4726//4726
f 5368//5368 3357//3357 6531//6531
f 4398//4398 3436//3436 6942//6942
f 5947//5947 4398//4398 6942//6942
f 5614//5614 3063//3063 533//533
f 2404//2404 6523//6523 575//575
f 6523//6523 587//587 575//575
f 5526//5526 5505//5505 6702//6702
f 6523//6523 2056//2056 587//587
f 6433//6433 6525//6525 5523//5523
f 6526//6526 4387//4387 2396//2396
f 1377//1377 6118//6118 1373//1373
f 6528//6528 960//960 2393//2393
f 7038//7038 5499//5499 6247//6247
f 5675//5675 1400//1400 6529//6529
f 1219//1219 6529//6529 1400//1400
f 258//258 6391//6391 5997//5997
f 4305//4305 6097//6097 2328//2328
f 1002//1002 6702//6702 6557//6557
f 6313//6313 248//248 2085//2085
f 4305//4305 2328//2328 4329//4329
f 5485//5485 2113//2113 6341//6341
f 557//557 5614//5614 533//533
f 1715//1715 6538//6538 6708//6708
f 6313//6313 2089//2089 4107//4107
f 5368//5368 5330//5330 7019//7019
f 4398//4398 3639//3639 3648//3648
f 4398//4398 3648//3648 3647//3647
f 1002//1002 6557//6557 5975//5975
f 1394//1394 1219//1219 5992//5992
f 1225//1225 5992//5992 1219//1219
f 2046//2046 2054//2054 6538//6538
f 5329//5329 6531//6531 2991//2991
f 1714//1714 1002//1002 5527//5527
f 6532//6532 1022//1022 2456//2456
f 2046//2046 6538//6538 1715//1715
f 4505//4505 4504//4504 7302//7302
f 2009//2009 7195//7195 6473//6473
f 3894//3894 1356//1356 5236//5236
f 1356//1356 3894//3894 5209//5209
f 2996//2996 6459//6459 6665//6665
f 125//125 1219//1219 1394//1394
f 6810//6810 6533//6533 6877//6877
f 3869//3869 6075//6075 5452//5452
f 1002//1002 5975//5975 5527//5527
f 1002//1002 1714//1714 1320//1320
f 1377//1377 1737//1737 1538//1538
f 1721//1721 5362//5362 5639//5639
f 3657//3657 6566//6566 6489//6489
f 2633//2633 2996//2996 6665//6665
f 2009//2009 6473//6473 5015//5015
f 5371//5371 5370//5370 6460//6460
f 248//248 4107//4107 6090//6090
f 2236//2236 954//954 5415//5415
f 602//602 3116//3116 3115//3115
f 2737//2737 602//602 3115//3115
f 2046//2046 4414//4414 6526//6526
f 2046//2046 6526//6526 1879//1879
f 5149//5149 6534//6534 1351//1351
f 6530//6530 6535//6535 6707//6707
f 6577//6577 6537//6537 5370//5370
f 3732//3732 3889//3889 4540//4540
f 6019//6019 6103//6103 5986//5986
f 1830//1830 7195//7195 2009//2009
f 5476//5476 7362//7362 6334//6334
f 954//954 5453//5453 970//970
f 6535//6535 136//136 1635//1635
f 6707//6707 6535//6535 1635//1635
f 4287//4287 6536//6536 2518//2518
f 4568//4568 4540//4540 1372//1372
f 1351//1351 6534//6534 6549//6549
f 5386//5386 7160//7160 2236//2236
f 6019//6019 5986//5986 1188//1188
f 6552//6552 7141//7141 2353//2353
f 140//140 6238//6238 94//94
f 2088//2088 330//330 1917//1917
f 6539//6539 4073//4073 6090//6090
f 1225//1225 4053//4053 6827//6827
f 5036//5036 5760//5760 5009//5009
f 2088//2088 1917//1917 1910//1910
f 140//140 94//94 2838//2838
f 6090//6090 4107//4107 6539//6539
f 4926//4926 6514//6514 7039//7039
f 602//602 2639//2639 592//592
f 602//602 592//592 2995//2995
f 6538//6538 2054//2054 4508//4508
f 6538//6538 1702//1702 6708//6708
f 177//177 2367//2367 6552//6552
f 6540//6540 2088//2088 6866//6866
f 3829//3829 5244//5244 3252//3252
f 6173//6173 6953//6953 5237//5237
f 3300//3300 6542//6542 4985//4985
f 2570//2570 6550//6550 2760//2760
f 7036//7036 3829//3829 3252//3252
f 6546//6546 6514//6514 3672//3672
f 6544//6544 5655//5655 6535//6535
f 3608//3608 6545//6545 3985//3985
f 2620//2620 2487//2487 5235//5235
f 6562//6562 5221//5221 5222//5222
f 6545//6545 6548//6548 3985//3985
f 260//260 1822//1822 6552//6552
f 5209//5209 6549//6549 1173//1173
f 6126//6126 2570//2570 5849//5849
f 6551//6551 5849//5849 2570//2570
f 227//227 6550//6550 2570//2570
f 7127//7127 5986//5986 4531//4531
f 4958//4958 5746//5746 6027//6027
f 6548//6548 2654//2654 84//84
f 6469//6469 4958//4958 6027//6027
f 1817//1817 7015//7015 6712//6712
f 6246//6246 6527//6527 5035//5035
f 6246//6246 5035//5035 5004//5004
f 4048//4048 2367//2367 177//177
f 3672//3672 6514//6514 3843//3843
f 1351//1351 6549//6549 5209//5209
f 6617//6617 6587//6587 6584//6584
f 6562//6562 2399//2399 6450//6450
f 3935//3935 3771//3771 5594//5594
f 2716//2716 6562//6562 5223//5223
f 2399//2399 6562//6562 2716//2716
f 6551//6551 2210//2210 6250//6250
f 6617//6617 593//593 6587//6587
f 6046//6046 3935//3935 5594//5594
f 1351//1351 5209//5209 5208//5208
f 5036//5036 5009//5009 2153//2153
f 6553//6553 6544//6544 7015//7015
f 260//260 6552//6552 2353//2353
f 2158//2158 4305//4305 1982//1982
f 3903//3903 4560//4560 7127//7127
f 3355//3355 6555//6555 3361//3361
f 2033//2033 6556//6556 1636//1636
f 6555//6555 4531//4531 3361//3361
f 2582//2582 6494//6494 1036//1036
f 6555//6555 3355//3355 3531//3531
f 3935//3935 3052//3052 7261//7261
f 3450//3450 6139//6139 6561//6561
f 3955//3955 6508//6508 3769//3769
f 6471//6471 4134//4134 322//322
f 6683//6683 5009//5009 5760//5760
f 6559//6559 4413//4413 2999//2999
f 3955//3955 3769//3769 5567//5567
f 5860//5860 6899//6899 2452//2452
f 6555//6555 3903//3903 7127//7127
f 4274//4274 4305//4305 2158//2158
f 6079//6079 1102//1102 1302//1302
f 6563//6563 1184//1184 3903//3903
f 5259//5259 7344//7344 2485//2485
f 6563//6563 3903//3903 3531//3531
f 1102//1102 1116//1116 1302//1302
f 6559//6559 4365//4365 3188//3188
f 1328//1328 4946//4946 6560//6560
f 6564//6564 2192//2192 1823//1823
f 5037//5037 5038//5038 2153//2153
f 3450//3450 6561//6561 613//613
f 4134//4134 2358//2358 2173//2173
f 5217//5217 879//879 1992//1992
f 3446//3446 6139//6139 6378//6378
f 2127//2127 1022//1022 1903//1903
f 6499//6499 4365//4365 6559//6559
f 253//253 5655//5655 6544//6544
f 2452//2452 2295//2295 2125//2125
f 5593//5593 3052//3052 3935//3935
f 6154//6154 1982//1982 6309//6309
f 6563//6563 4407//4407 1184//1184
f 5259//5259 1957//1957 5258//5258
f 1995//1995 6564//6564 757//757
f 4888//4888 6564//6564 1995//1995
f 6360//6360 879//879 1955//1955
f 5893//5893 4407//4407 6563//6563
f 5893//5893 6563//6563 3344//3344
f 6330//6330 4208//4208 6057//6057
f 253//253 6131//6131 1130//1130
f 253//253 1130//1130 5994//5994
f 5860//5860 2452//2452 6233//6233
f 6984//6984 7221//7221 4288//4288
f 7037//7037 6984//6984 4288//4288
f 2485//2485 5260//5260 5259//5259
f 5222//5222 5223//5223 6562//6562
f 6566//6566 810//810 6683//6683
f 6566//6566 6683//6683 6489//6489
f 6544//6544 6553//6553 253//253
f 7152//7152 5352//5352 2732//2732
f 2125//2125 2295//2295 5859//5859
f 6524//6524 7152//7152 2732//2732
f 6568//6568 818//818 5053//5053
f 7234//7234 6567//6567 6566//6566
f 6614//6614 1328//1328 6660//6660
f 818//818 6568//6568 3593//3593
f 6569//6569 5222//5222 2414//2414
f 2485//2485 7241//7241 2486//2486
f 4300//4300 483//483 6597//6597
f 6712//6712 7015//7015 6530//6530
f 4300//4300 6597//6597 1425//1425
f 6414//6414 3178//3178 6096//6096
f 490//490 6414//6414 6096//6096
f 1360//1360 7201//7201 3739//3739
f 7152//7152 5412//5412 5411//5411
f 1783//1783 1619//1619 4300//4300
f 1783//1783 4300//4300 437//437
f 945//945 6229//6229 5459//5459
f 4339//4339 477//477 6414//6414
f 4339//4339 6414//6414 2969//2969
f 2392//2392 5402//5402 5403//5403
f 2392//2392 5403//5403 6231//6231
f 2501//2501 7241//7241 2485//2485
f 2792//2792 2610//2610 4339//4339
f 520//520 2792//2792 4339//4339
f 6571//6571 2140//2140 6590//6590
f 844//844 5108//5108 7148//7148
f 7268//7268 6810//6810 6877//6877
f 4267//4267 1783//1783 1613//1613
f 6574//6574 4722//4722 6322//6322
f 5135//5135 844//844 7148//7148
f 6877//6877 4540//4540 3889//3889
f 4989//4989 5020//5020 6944//6944
f 945//945 6577//6577 1532//1532
f 2392//2392 6231//6231 5788//5788
f 2486//2486 5234//5234 2626//2626
f 6572//6572 6568//6568 821//821
f 2612//2612 2790//2790 2792//2792
f 3757//3757 3917//3917 844//844
f 3757//3757 5080//5080 3554//3554
f 2612//2612 2792//2792 2615//2615
f 7004//7004 6574//6574 4787//4787
f 4722//4722 7004//7004 6573//6573
f 4945//4945 4946//4946 1501//1501
f 821//821 5085//5085 6572//6572
f 224//224 285//285 6829//6829
f 6574//6574 705//705 6997//6997
f 1801//1801 6586//6586 1951//1951
f 6049//6049 224//224 6829//6829
f 6944//6944 5020//5020 5050//5050
f 5150//5150 5149//5149 1161//1161
f 5097//5097 5150//5150 1161//1161
f 2612//2612 2797//2797 2335//2335
f 1561//1561 1533//1533 4533//4533
f 6578//6578 6586//6586 1259//1259
f 4541//4541 6877//6877 6533//6533
f 1561//1561 4533//4533 2390//2390
f 6842//6842 3764//3764 6944//6944
f 3912//3912 6842//6842 6944//6944
f 5084//5084 7306//7306 5085//5085
f 6577//6577 945//945 6575//6575
f 2086//2086 5604//5604 6890//6890
f 408//408 5880//5880 1838//1838
f 4983//4983 6580//6580 4945//4945
f 6890//6890 6582//6582 2086//2086
f 6578//6578 2169//2169 1951//1951
f 7266//7266 6164//6164 4722//4722
f 6584//6584 6424//6424 6395//6395
f 6660//6660 6560//6560 6457//6457
f 4541//4541 6533//6533 4507//4507
f 5150//5150 1683//1683 5767//5767
f 6534//6534 5150//5150 5767//5767
f 4290//4290 6641//6641 6924//6924
f 2064//2064 6579//6579 408//408
f 1744//1744 1561//1561 6601//6601
f 6759//6759 5456//5456 6752//6752
f 6581//6581 5010//5010 2437//2437
f 6581//6581 5011//5011 5010//5010
f 4541//4541 1372//1372 4540//4540
f 2501//2501 2485//2485 7344//7344
f 5455//5455 7135//7135 6759//6759
f 6583//6583 1869//1869 5869//5869
f 6585//6585 4130//4130 2768//2768
f 6583//6583 6049//6049 154//154
f 154//154 5847//5847 6583//6583
f 6579//6579 1520//1520 6319//6319
f 4290//4290 6636//6636 3915//3915
f 6584//6584 4534//4534 4533//4533
f 6424//6424 6584//6584 4533//4533
f 6560//6560 4946//4946 6666//6666
f 6560//6560 6666//6666 6466//6466
f 6617//6617 6395//6395 569//569
f 1831//1831 6724//6724 4954//4954
f 6724//6724 5021//5021 4954//4954
f 6585//6585 3150//3150 3158//3158
f 3150//3150 6585//6585 2956//2956
f 6587//6587 4534//4534 6584//6584
f 6017//6017 4534//4534 6587//6587
f 6587//6587 5729//5729 6017//6017
f 6925//6925 6457//6457 6466//6466
f 4130//4130 315//315 2768//2768
f 3844//3844 3673//3673 4100//4100
f 3392//3392 4918//4918 3384//3384
f 4131//4131 3844//3844 4100//4100
f 3392//3392 3384//3384 3926//3926
f 5135//5135 7148//7148 870//870
f 6588//6588 4634//4634 6589//6589
f 5511//5511 1958//1958 2171//2171
f 1501//1501 1328//1328 6592//6592
f 910//910 7074//7074 5358//5358
f 6605//6605 305//305 4084//4084
f 6590//6590 2811//2811 7125//7125
f 3384//3384 6591//6591 3926//3926
f 910//910 5358//5358 1270//1270
f 5508//5508 5533//5533 5532//5532
f 1838//1838 2064//2064 408//408
f 5474//5474 967//967 1958//1958
f 1207//1207 6589//6589 4634//4634
f 5924//5924 5508//5508 5532//5532
f 1319//1319 7321//7321 6592//6592
f 1319//1319 6592//6592 6614//6614
f 5474//5474 1958//1958 6872//6872
f 6588//6588 6589//6589 1744//1744
f 6593//6593 5508//5508 5509//5509
f 5508//5508 6593//6593 3102//3102
f 316//316 6594//6594 3697//3697
f 367//367 6594//6594 3844//3844
f 6878//6878 1738//1738 5474//5474
f 3942//3942 305//305 6645//6645
f 6718//6718 4200//4200 1838//1838
f 6093//6093 6718//6718 1838//1838
f 6597//6597 483//483 534//534
f 367//367 3844//3844 3681//3681
f 3034//3034 6596//6596 3998//3998
f 6264//6264 6596//6596 3034//3034
f 6606//6606 367//367 3497//3497
f 2899//2899 3474//3474 6599//6599
f 6597//6597 5944//5944 6337//6337
f 1425//1425 6597//6597 6337//6337
f 266//266 6091//6091 5869//5869
f 6597//6597 534//534 5944//5944
f 6631//6631 6634//6634 6921//6921
f 1744//1744 6589//6589 4561//4561
f 1744//1744 4561//4561 1561//1561
f 6588//6588 1744//1744 2110//2110
f 225//225 286//286 266//266
f 3158//3158 4152//4152 4130//4130
f 6605//6605 1325//1325 1142//1142
f 288//288 2948//2948 3158//3158
f 7081//7081 4127//4127 6603//6603
f 6602//6602 1156//1156 6169//6169
f 986//986 5483//5483 6679//6679
f 359//359 6605//6605 1334//1334
f 3199//3199 5236//5236 7132//7132
f 6521//6521 6596//6596 6251//6251
f 1434//1434 6693//6693 6366//6366
f 6897//6897 1192//1192 635//635
f 5336//5336 6608//6608 5337//5337
f 483//483 6693//6693 534//534
f 6608//6608 5336//5336 901//901
f 6366//6366 6693//6693 4373//4373
f 6148//6148 3697//3697 288//288
f 6606//6606 2948//2948 3697//3697
f 6608//6608 3199//3199 7132//7132
f 6440//6440 6862//6862 2773//2773
f 4492//4492 7175//7175 2636//2636
f 6440//6440 6467//6467 6672//6672
f 635//635 1192//1192 1202//1202
f 3399//3399 4545//4545 3268//3268
f 6609//6609 3399//3399 3405//3405
f 4554//4554 4553//4553 3182//3182
f 4292//4292 2072//2072 6240//6240
f 4545//4545 6609//6609 6607//6607
f 6609//6609 4656//4656 6694//6694
f 5006//5006 7012//7012 5005//5005
f 5689//5689 4158//4158 4159//4159
f 493//493 4292//4292 6240//6240
f 5689//5689 4159//4159 6697//6697
f 3449//3449 600//600 3267//3267
f 6906//6906 7143//7143 5689//5689
f 912//912 2323//2323 5298//5298
f 492//492 6839//6839 4292//4292
f 6079//6079 6615//6615 1291//1291
f 6595//6595 2899//2899 7082//7082
f 6584//6584 6395//6395 6617//6617
f 1501//1501 6592//6592 1678//1678
f 2156//2156 6906//6906 429//429
f 6614//6614 6592//6592 1328//1328
f 569//569 2402//2402 2727//2727
f 6607//6607 6694//6694 630//630
f 1073//1073 6616//6616 3055//3055
f 6729//6729 6694//6694 3037//3037
f 3913//3913 6835//6835 359//359
f 1350//1350 5710//5710 6956//6956
f 859//859 5764//5764 1895//1895
f 859//859 1895//1895 5765//5765
f 6331//6331 2899//2899 6595//6595
f 537//537 6625//6625 7181//7181
f 2676//2676 6558//6558 6616//6616
f 7161//7161 6635//6635 3549//3549
f 3708//3708 6857//6857 5492//5492
f 859//859 2255//2255 7197//7197
f 6956//6956 4272//4272 1164//1164
f 1023//1023 6558//6558 2676//2676
f 6059//6059 6618//6618 5611//5611
f 6618//6618 3473//3473 6623//6623
f 3473//3473 6618//6618 6059//6059
f 6622//6622 4988//4988 6620//6620
f 6620//6620 2775//2775 6622//6622
f 6620//6620 5018//5018 2775//2775
f 6380//6380 6621//6621 3691//3691
f 6627//6627 1069//1069 6621//6621
f 4987//4987 6622//6622 6646//6646
f 6623//6623 3474//3474 2899//2899
f 6331//6331 6623//6623 2899//2899
f 1345//1345 6624//6624 5886//5886
f 2895//2895 599//599 2725//2725
f 6624//6624 1345//1345 6008//6008
f 4981//4981 6966//6966 2101//2101
f 600//600 3272//3272 2895//2895
f 6625//6625 1358//1358 7181//7181
f 6626//6626 2268//2268 1909//1909
f 6628//6628 3272//3272 600//600
f 3449//3449 6628//6628 600//600
f 5039//5039 5037//5037 6629//6629
f 3268//3268 6628//6628 3809//3809
f 3268//3268 4545//4545 6628//6628
f 3272//3272 4545//4545 6607//6607
f 3272//3272 6607//6607 607//607
f 2895//2895 3267//3267 600//600
f 6630//6630 6634//6634 7202//7202
f 2725//2725 6064//6064 2895//2895
f 2535//2535 2725//2725 2537//2537
f 6632//6632 2537//2537 2725//2725
f 4998//4998 6982//6982 3768//3768
f 741//741 6631//6631 1410//1410
f 4865//4865 6631//6631 741//741
f 4936//4936 6630//6630 4938//4938
f 6064//6064 2725//2725 2535//2535
f 6630//6630 7202//7202 4907//4907
f 986//986 6663//6663 5482//5482
f 6633//6633 3853//3853 4896//4896
f 1345//1345 4290//4290 6924//6924
f 3201//3201 5442//5442 6639//6639
f 966//966 3201//3201 6639//6639
f 3915//3915 3927//3927 6641//6641
f 4290//4290 3915//3915 6641//6641
f 3549//3549 6635//6635 6638//6638
f 6636//6636 428//428 3915//3915
f 5643//5643 5441//5441 5443//5443
f 981//981 6637//6637 5643//5643
f 3201//3201 6445//6445 5643//5643
f 3201//3201 5643//5643 5443//5443
f 3922//3922 6640//6640 6636//6636
f 6636//6636 4290//4290 3922//3922
f 5439//5439 6637//6637 5473//5473
f 5473//5473 6637//6637 980//980
f 6645//6645 6835//6835 6651//6651
f 6638//6638 4148//4148 6645//6645
f 3942//3942 6645//6645 4148//4148
f 6641//6641 3927//3927 370//370
f 6541//6541 7161//7161 6654//6654
f 3561//3561 3369//3369 6640//6640
f 6641//6641 4194//4194 6924//6924
f 6640//6640 3369//3369 428//428
f 5931//5931 6642//6642 6314//6314
f 370//370 4194//4194 6641//6641
f 6094//6094 4194//4194 370//370
f 6967//6967 7022//7022 3155//3155
f 6643//6643 4194//4194 4195//4195
f 6314//6314 6642//6642 6399//6399
f 5445//5445 943//943 5410//5410
f 359//359 6835//6835 6605//6605
f 6620//6620 3169//3169 5018//5018
f 359//359 1334//1334 1337//1337
f 3460//3460 6644//6644 3072//3072
f 476//476 6644//6644 3460//3460
f 5641//5641 6655//6655 5459//5459
f 6876//6876 1391//1391 3874//3874
f 5705//5705 1427//1427 6145//6145
f 472//472 5705//5705 6145//6145
f 6604//6604 5389//5389 6655//6655
f 3549//3549 6651//6651 5938//5938
f 4987//4987 2431//2431 2092//2092
f 5018//5018 3169//3169 5048//5048
f 6651//6651 6835//6835 3913//3913
f 5656//5656 5997//5997 7311//7311
f 6836//6836 5656//5656 7311//7311
f 6492//6492 4987//4987 2092//2092
f 2408//2408 2249//2249 5167//5167
f 6645//6645 6651//6651 6638//6638
f 2687//2687 6622//6622 4987//4987
f 6644//6644 5611//5611 454//454
f 6646//6646 2775//2775 5017//5017
f 2431//2431 6646//6646 5016//5016
f 5017//5017 5016//5016 6646//6646
f 6331//6331 6647//6647 6618//6618
f 3929//3929 6108//6108 1156//1156
f 3929//3929 1156//1156 6602//6602
f 5656//5656 140//140 7245//7245
f 6238//6238 140//140 5656//5656
f 7098//7098 3913//3913 4215//4215
f 5066//5066 2514//2514 5006//5006
f 4340//4340 4371//4371 1169//1169
f 6624//6624 4340//4340 1169//1169
f 6648//6648 5938//5938 7098//7098
f 6648//6648 7098//7098 3920//3920
f 1801//1801 5968//5968 6586//6586
f 4340//4340 6008//6008 1526//1526
f 4340//4340 1526//1526 1685//1685
f 6650//6650 6656//6656 5141//5141
f 5371//5371 6460//6460 1881//1881
f 5165//5165 5191//5191 6650//6650
f 5398//5398 6487//6487 2145//2145
f 5006//5006 3140//3140 5066//5066
f 6638//6638 6651//6651 3549//3549
f 1881//1881 2407//2407 2232//2232
f 1881//1881 6460//6460 6113//6113
f 5005//5005 6735//6735 5006//5006
f 2145//2145 929//929 5398//5398
f 6653//6653 566//566 7082//7082
f 6654//6654 7161//7161 3549//3549
f 1742//1742 985//985 5459//5459
f 5371//5371 1881//1881 2232//2232
f 7323//7323 1333//1333 1660//1660
f 6655//6655 6575//6575 5459//5459
f 2397//2397 2386//2386 2396//2396
f 6350//6350 6655//6655 5389//5389
f 6604//6604 6655//6655 5641//5641
f 4129//4129 5609//5609 4150//4150
f 334//334 4129//4129 4150//4150
f 5140//5140 6656//6656 5192//5192
f 6650//6650 5192//5192 6656//6656
f 5192//5192 6650//6650 5191//5191
f 4129//4129 6144//6144 6091//6091
f 6657//6657 1347//1347 506//506
f 3117//3117 6658//6658 5464//5464
f 2416//2416 519//519 6664//6664
f 7233//7233 4861//4861 754//754
f 3753//3753 5190//5190 3568//3568
f 2406//2406 6744//6744 6612//6612
f 6716//6716 7233//7233 2766//2766
f 6658//6658 5427//5427 3871//3871
f 3871//3871 5464//5464 6658//6658
f 840//840 5763//5763 5077//5077
f 1150//1150 4959//4959 7323//7323
f 6457//6457 6560//6560 6466//6466
f 566//566 6664//6664 7082//7082
f 5192//5192 3753//3753 3568//3568
f 4387//4387 2416//2416 2397//2397
f 1150//1150 7323//7323 7310//7310
f 840//840 5077//5077 3071//3071
f 3071//3071 2884//2884 840//840
f 2386//2386 566//566 6652//6652
f 6653//6653 6652//6652 566//566
f 6661//6661 7151//7151 4299//4299
f 2397//2397 566//566 2386//2386
f 6664//6664 519//519 6595//6595
f 2397//2397 6664//6664 566//566
f 6664//6664 6595//6595 7082//7082
f 5482//5482 6663//6663 1749//1749
f 6664//6664 2397//2397 2416//2416
f 6653//6653 7082//7082 6599//6599
f 6599//6599 6187//6187 6653//6653
f 2724//2724 6653//6653 6187//6187
f 6665//6665 6487//6487 5398//5398
f 5521//5521 6663//6663 6649//6649
f 5521//5521 6649//6649 5543//5543
f 4475//4475 2724//2724 4509//4509
f 3078//3078 4509//4509 2724//2724
f 3547//3547 5019//5019 3390//3390
f 6652//6652 2724//2724 4475//4475
f 6580//6580 1149//1149 6666//6666
f 6666//6666 4946//4946 6580//6580
f 380//380 1921//1921 1910//1910
f 380//380 1910//1910 1917//1917
f 6667//6667 5976//5976 3338//3338
f 3726//3726 41//41 6619//6619
f 3078//3078 6187//6187 6600//6600
f 2894//2894 2896//2896 3078//3078
f 3078//3078 6600//6600 2894//2894
f 6679//6679 999//999 986//986
f 380//380 352//352 2504//2504
f 4203//4203 380//380 2504//2504
f 6649//6649 6663//6663 986//986
f 4227//4227 3072//3072 6644//6644
f 454//454 4227//4227 6644//6644
f 5679//5679 6827//6827 4053//4053
f 6093//6093 1838//1838 5880//5880
f 4354//4354 6415//6415 7282//7282
f 2329//2329 2334//2334 6677//6677
f 1619//1619 6668//6668 483//483
f 1181//1181 1702//1702 4507//4507
f 6669//6669 5901//5901 5727//5727
f 3216//3216 6670//6670 4637//4637
f 6671//6671 1482//1482 663//663
f 4941//4941 6779//6779 6770//6770
f 6845//6845 1837//1837 4979//4979
f 7294//7294 4992//4992 1610//1610
f 1244//1244 7033//7033 5757//5757
f 5082//5082 6673//6673 5081//5081
f 1981//1981 6674//6674 2508//2508
f 6674//6674 2155//2155 2508//2508
f 1895//1895 5082//5082 5765//5765
f 3825//3825 1428//1428 5136//5136
f 5178//5178 5180//5180 3749//3749
f 5211//5211 6771//6771 7273//7273
f 927//927 6383//6383 5784//5784
f 992//992 6176//6176 1466//1466
f 1590//1590 5572//5572 1709//1709
f 4054//4054 6875//6875 4108//4108
f 6610//6610 6696//6696 2444//2444
f 2430//2430 372//372 2435//2435
f 5688//5688 6973//6973 2882//2882
f 4925//4925 3581//3581 4901//4901
f 803//803 6401//6401 1593//1593
f 2947//2947 6167//6167 2592//2592
f 1984//1984 5186//5186 2163//2163
f 1649//1649 7200//7200 942//942
f 1466//1466 5977//5977 5926//5926
f 1172//1172 1330//1330 5796//5796
f 7140//7140 1044//1044 3378//3378
f 6241//6241 5703//5703 7328//7328
f 6367//6367 4487//4487 6731//6731
f 6671//6671 1648//1648 1482//1482
f 4634//4634 7064//7064 1207//1207
f 4713//4713 2836//2836 2832//2832
f 4991//4991 3833//3833 6766//6766
f 5003//5003 5034//5034 1612//1612
f 6673//6673 6672//6672 5081//5081
f 2069//2069 5063//5063 2425//2425
f 5103//5103 836//836 5070//5070
f 1255//1255 3825//3825 5136//5136
f 5139//5139 5138//5138 2501//2501
f 5179//5179 5178//5178 3749//3749
f 887//887 5246//5246 6822//6822
f 5321//5321 6908//6908 921//921
f 2810//2810 6814//6814 6730//6730
f 6679//6679 5460//5460 958//958
f 3924//3924 3514//3514 6741//6741
f 6675//6675 40//40 3879//3879
f 3227//3227 176//176 2838//2838
f 6610//6610 2430//2430 2435//2435
f 6437//6437 6096//6096 3178//3178
f 3761//3761 3564//3564 4301//4301
f 4364//4364 6704//6704 4337//4337
f 6670//6670 678//678 4637//4637
f 2280//2280 6976//6976 6357//6357
f 7337//7337 5013//5013 1494//1494
f 7295//7295 7294//7294 1610//1610
f 5025//5025 3593//3593 6568//6568
f 5133//5133 1984//1984 2163//2163
f 3285//3285 5142//5142 5203//5203
f 6994//6994 6972//6972 6490//6490
f 1538//1538 963//963 6118//6118
f 959//959 948//948 1698//1698
f 5502//5502 955//955 6723//6723
f 5543//5543 6703//6703 5544//5544
f 3468//3468 6241//6241 7328//7328
f 7008//7008 218//218 7001//7001
f 6681//6681 5395//5395 5923//5923
f 1172//1172 5796//5796 6804//6804
f 4580//4580 1792//1792 4511//4511
f 4302//4302 2427//2427 4328//4328
f 802//802 4904//4904 6358//6358
f 4054//4054 4108//4108 5872//5872
f 2155//2155 2336//2336 2509//2509
f 3167//3167 6171//6171 3562//3562
f 227//227 2570//2570 6126//6126
f 6530//6530 7015//7015 6544//6544
f 6278//6278 1163//1163 5108//5108
f 3167//3167 3562//3562 5172//5172
f 3626//3626 3773//3773 7140//7140
f 4113//4113 2586//2586 2194//2194
f 6701//6701 951//951 927//927
f 4113//4113 2194//2194 2357//2357
f 6425//6425 1449//1449 6713//6713
f 901//901 5272//5272 3199//3199
f 5537//5537 6406//6406 982//982
f 6406//6406 6709//6709 5552//5552
f 5643//5643 6445//6445 981//981
f 6246//6246 6554//6554 6192//6192
f 6246//6246 6192//6192 6028//6028
f 3344//3344 6563//6563 3531//3531
f 6530//6530 6544//6544 6535//6535
f 6614//6614 6660//6660 3932//3932
f 1958//1958 967//967 5493//5493
f 6872//6872 1958//1958 6143//6143
f 6672//6672 6467//6467 5051//5051
f 6113//6113 5310//5310 1881//1881
f 986//986 2665//2665 6649//6649
f 3169//3169 3547//3547 5048//5048
f 4227//4227 6536//6536 2513//2513
f 4227//4227 2513//2513 400//400
f 6684//6684 6606//6606 3497//3497
f 7346//7346 6686//6686 5699//5699
f 1402//1402 6687//6687 723//723
f 5137//5137 1772//1772 7257//7257
f 5401//5401 5400//5400 6117//6117
f 6690//6690 1029//1029 6726//6726
f 3694//3694 6690//6690 6726//6726
f 5663//5663 6691//6691 184//184
f 264//264 6691//6691 5663//5663
f 6693//6693 483//483 6668//6668
f 6612//6612 6503//6503 2720//2720
f 6612//6612 2720//2720 2723//2723
f 6694//6694 6607//6607 6609//6609
f 6699//6699 5003//5003 1760//1760
f 1055//1055 3684//3684 1172//1172
f 7179//7179 2681//2681 1044//1044
f 3484//3484 6692//6692 3846//3846
f 4228//4228 3681//3681 4131//4131
f 1282//1282 1646//1646 1480//1480
f 4778//4778 6687//6687 1402//1402
f 6706//6706 5739//5739 745//745
f 4975//4975 2343//2343 2592//2592
f 6688//6688 5747//5747 1582//1582
f 6368//6368 6698//6698 2336//2336
f 818//818 5055//5055 3760//3760
f 6722//6722 3760//3760 5055//5055
f 6700//6700 5036//5036 1615//1615
f 2052//2052 6972//6972 891//891
f 5380//5380 5346//5346 6837//6837
f 1473//1473 6701//6701 1972//1972
f 5401//5401 5436//5436 6780//6780
f 5474//5474 5446//5446 967//967
f 5641//5641 6689//6689 6604//6604
f 6557//6557 6702//6702 3924//3924
f 184//184 6691//6691 2453//2453
f 219//219 2453//2453 6691//6691
f 6696//6696 2089//2089 6313//6313
f 452//452 6704//6704 3177//3177
f 6704//6704 452//452 3560//3560
f 6704//6704 2968//2968 3177//3177
f 4580//4580 1456//1456 1276//1276
f 4629//4629 1282//1282 1480//1480
f 6687//6687 1220//1220 1555//1555
f 2765//2765 2592//2592 2198//2198
f 5367//5367 5327//5327 5328//5328
f 1055//1055 1172//1172 5930//5930
f 2948//2948 6684//6684 5688//5688
f 771//771 6706//6706 2852//2852
f 3930//3930 1152//1152 5013//5013
f 6695//6695 6934//6934 2121//2121
f 5401//5401 2392//2392 5436//5436
f 4369//4369 7123//7123 4417//4417
f 2852//2852 6706//6706 2455//2455
f 6001//6001 6150//6150 2863//2863
f 3321//3321 6066//6066 3503//3503
f 6220//6220 6708//6708 1360//1360
f 7201//7201 6708//6708 1181//1181
f 5367//5367 5328//5328 937//937
f 5552//5552 6709//6709 6520//6520
f 3883//3883 3321//3321 3503//3503
f 5858//5858 207//207 135//135
f 6711//6711 1163//1163 6278//6278
f 6698//6698 4994//4994 2336//2336
f 2577//2577 2764//2764 4113//4113
f 6196//6196 5290//5290 5247//5247
f 2598//2598 2336//2336 4994//4994
f 2423//2423 2257//2257 5063//5063
f 6226//6226 6822//6822 5964//5964
f 1867//1867 6712//6712 6310//6310
f 6701//6701 6417//6417 1972//1972
f 6662//6662 4959//4959 1150//1150
f 2577//2577 4113//4113 4059//4059
f 3629//3629 6713//6713 6784//6784
f 641//641 6671//6671 7191//7191
f 5760//5760 5036//5036 6700//6700
f 6437//6437 3552//3552 3369//3369
f 5070//5070 6700//6700 5103//5103
f 6520//6520 6709//6709 6494//6494
f 6725//6725 6494//6494 6709//6709
f 6708//6708 1702//1702 1181//1181
f 6480//6480 6543//6543 1649//1649
f 6694//6694 4656//4656 3037//3037
f 6694//6694 6729//6729 630//630
f 6637//6637 5441//5441 5643//5643
f 4952//4952 3169//3169 6620//6620
f 3124//3124 5480//5480 6667//6667
f 6690//6690 2584//2584 5597//5597
f 5142//5142 6812//6812 5203//5203
f 6690//6690 5597//5597 3147//3147
f 6001//6001 2863//2863 321//321
f 7128//7128 3377//3377 3581//3581
f 4861//4861 7104//7104 4905//4905
f 6717//6717 2802//2802 5207//5207
f 3447//3447 3629//3629 3269//3269
f 5503//5503 5976//5976 6667//6667
f 3693//3693 1055//1055 1233//1233
f 4200//4200 6718//6718 2181//2181
f 700//700 2662//2662 4743//4743
f 6719//6719 6432//6432 5191//5191
f 1117//1117 5495//5495 992//992
f 1304//1304 1117//1117 5541//5541
f 4052//4052 183//183 219//219
f 6727//6727 5982//5982 6001//6001
f 6133//6133 6720//6720 3590//3590
f 6720//6720 6330//6330 5981//5981
f 427//427 3663//3663 3835//3835
f 6715//6715 1475//1475 4650//4650
f 700//700 4743//4743 4781//4781
f 4781//4781 2451//2451 700//700
f 2176//2176 4921//4921 2591//2591
f 2347//2347 5000//5000 4975//4975
f 6870//6870 1484//1484 5489//5489
f 690//690 3517//3517 3321//3321
f 4713//4713 700//700 2285//2285
f 2175//2175 6724//6724 1831//1831
f 2498//2498 849//849 5083//5083
f 3930//3930 7343//7343 5076//5076
f 5982//5982 3232//3232 6001//6001
f 4060//4060 2577//2577 5864//5864
f 7104//7104 6716//6716 2771//2771
f 887//887 7264//7264 6196//6196
f 6093//6093 1824//1824 6318//6318
f 4558//4558 1282//1282 4598//4598
f 6721//6721 368//368 3591//3591
f 5503//5503 6667//6667 5480//5480
f 6733//6733 2524//2524 6833//6833
f 4228//4228 427//427 3835//3835
f 2015//2015 942//942 932//932
f 955//955 5786//5786 6723//6723
f 4558//4558 4598//4598 4528//4528
f 3694//3694 6726//6726 1041//1041
f 5314//5314 6972//6972 2052//2052
f 536//536 559//559 2799//2799
f 4713//4713 2285//2285 4679//4679
f 6718//6718 6093//6093 6318//6318
f 6112//6112 5272//5272 6717//6717
f 7297//7297 1903//1903 1022//1022
f 5516//5516 5502//5502 5517//5517
f 3241//3241 6727//6727 280//280
f 3959//3959 4598//4598 7163//7163
f 1296//1296 3798//3798 7163//7163
f 3487//3487 3292//3292 6728//6728
f 263//263 4082//4082 4067//4067
f 4114//4114 4060//4060 3151//3151
f 6728//6728 3292//3292 3684//3684
f 4060//4060 6945//6945 3151//3151
f 2179//2179 4979//4979 4933//4933
f 6730//6730 6814//6814 5328//5328
f 6480//6480 5405//5405 5438//5438
f 5461//5461 947//947 5462//5462
f 263//263 4067//4067 4052//4052
f 6727//6727 321//321 280//280
f 4325//4325 7319//7319 536//536
f 1880//1880 2406//2406 6750//6750
f 2832//2832 2662//2662 4713//4713
f 5404//5404 2015//2015 6296//6296
f 6296//6296 1968//1968 5404//5404
f 210//210 6050//6050 3624//3624
f 6731//6731 577//577 3812//3812
f 5250//5250 6421//6421 6258//6258
f 1694//1694 6732//6732 1693//1693
f 5127//5127 6737//6737 3906//3906
f 5974//5974 6037//6037 1649//1649
f 6729//6729 4692//4692 2828//2828
f 7104//7104 2179//2179 4933//4933
f 5114//5114 6733//6733 5113//5113
f 5974//5974 1649//1649 6543//6543
f 891//891 1173//1173 6293//6293
f 6480//6480 5438//5438 5973//5973
f 5273//5273 891//891 6293//6293
f 5170//5170 873//873 5169//5169
f 2268//2268 6626//6626 1903//1903
f 6993//6993 6496//6496 7135//7135
f 6734//6734 219//219 6691//6691
f 4975//4975 6167//6167 6736//6736
f 5032//5032 6736//6736 6167//6167
f 6781//6781 6738//6738 2229//2229
f 4326//4326 3564//3564 6747//6747
f 6735//6735 2179//2179 2771//2771
f 6737//6737 7204//7204 868//868
f 873//873 876//876 7299//7299
f 5322//5322 5249//5249 6258//6258
f 6738//6738 6147//6147 2229//2229
f 4597//4597 6485//6485 3959//3959
f 5022//5022 1693//1693 5020//5020
f 5200//5200 5771//5771 6957//6957
f 3015//3015 210//210 259//259
f 6253//6253 5842//5842 6181//6181
f 6480//6480 1649//1649 2015//2015
f 4989//4989 5022//5022 5020//5020
f 5880//5880 1692//1692 6754//6754
f 219//219 6734//6734 263//263
f 6736//6736 2347//2347 4975//4975
f 972//972 997//997 6752//6752
f 2050//2050 2406//2406 1880//1880
f 2402//2402 568//568 2245//2245
f 2402//2402 569//569 568//568
f 6984//6984 5939//5939 401//401
f 2722//2722 2727//2727 2402//2402
f 756//756 6660//6660 6457//6457
f 779//779 4964//4964 3157//3157
f 5032//5032 3306//3306 3070//3070
f 6752//6752 6803//6803 6759//6759
f 4105//4105 3382//3382 7237//7237
f 4296//4296 1249//1249 4264//4264
f 6758//6758 5759//5759 6767//6767
f 6746//6746 1454//1454 6993//6993
f 1986//1986 7123//7123 5945//5945
f 560//560 6747//6747 3571//3571
f 6748//6748 6110//6110 5112//5112
f 5863//5863 252//252 5842//5842
f 6755//6755 3015//3015 6710//6710
f 1870//1870 6373//6373 5516//5516
f 2905//2905 2901//2901 3432//3432
f 6753//6753 5065//5065 5066//5066
f 6686//6686 4296//4296 4264//4264
f 1986//1986 5945//5945 4315//4315
f 6026//6026 756//756 6457//6457
f 4326//4326 6747//6747 500//500
f 6258//6258 1547//1547 5322//5322
f 5250//5250 6258//6258 5249//5249
f 2059//2059 6750//6750 5728//5728
f 408//408 1692//1692 5880//5880
f 7037//7037 3663//3663 427//427
f 6791//6791 7026//7026 1765//1765
f 2753//2753 3103//3103 5998//5998
f 2753//2753 5998//5998 2569//2569
f 4104//4104 3241//3241 241//241
f 4104//4104 241//241 6282//6282
f 4814//4814 3932//3932 756//756
f 6893//6893 4814//4814 756//756
f 630//630 4615//4615 2731//2731
f 141//141 6755//6755 95//95
f 6755//6755 141//141 210//210
f 5270//5270 5313//5313 7186//7186
f 734//734 6791//6791 1765//1765
f 5996//5996 6836//6836 7311//7311
f 3124//3124 6667//6667 5518//5518
f 3382//3382 5982//5982 6727//6727
f 3765//3765 6720//6720 1141//1141
f 972//972 6752//6752 5456//5456
f 3765//3765 1141//1141 4120//4120
f 4162//4162 6754//6754 4161//4161
f 2366//2366 2351//2351 245//245
f 6756//6756 2753//2753 124//124
f 5065//5065 2889//2889 5101//5101
f 7186//7186 5313//5313 6907//6907
f 473//473 1978//1978 4282//4282
f 6757//6757 6791//6791 4760//4760
f 176//176 3227//3227 6710//6710
f 7047//7047 7203//7203 7199//7199
f 6759//6759 7135//7135 5456//5456
f 593//593 6617//6617 2727//2727
f 847//847 3650//3650 7265//7265
f 4581//4581 4608//4608 628//628
f 4608//4608 2147//2147 628//628
f 4608//4608 4581//4581 4651//4651
f 6310//6310 6712//6712 6530//6530
f 4208//4208 6330//6330 3765//3765
f 6707//6707 6310//6310 6530//6530
f 5455//5455 6759//6759 971//971
f 4208//4208 3765//3765 4209//4209
f 4859//4859 1829//1829 5741//5741
f 7308//7308 6306//6306 7339//7339
f 5205//5205 5206//5206 6907//6907
f 846//846 3074//3074 5759//5759
f 137//137 6310//6310 6761//6761
f 923//923 6421//6421 5292//5292
f 2838//2838 176//176 2670//2670
f 923//923 5292//5292 6073//6073
f 3767//3767 1152//1152 6785//6785
f 6751//6751 7295//7295 7265//7265
f 4167//4167 1155//1155 6763//6763
f 4243//4243 6763//6763 1155//1155
f 6765//6765 7113//7113 7110//7110
f 1547//1547 923//923 1529//1529
f 1135//1135 753//753 6786//6786
f 1606//1606 5205//5205 7110//7110
f 1547//1547 1529//1529 907//907
f 6763//6763 4209//4209 4167//4167
f 6907//6907 5313//5313 5269//5269
f 5683//5683 2345//2345 4121//4121
f 4210//4210 6057//6057 4208//4208
f 6770//6770 5011//5011 6581//6581
f 6770//6770 6581//6581 4940//4940
f 6762//6762 4152//4152 5688//5688
f 5079//5079 6764//6764 1774//1774
f 6767//6767 5759//5759 6745//6745
f 4209//4209 3765//3765 4120//4120
f 137//137 6761//6761 1857//1857
f 6763//6763 4210//4210 4208//4208
f 6751//6751 7265//7265 6767//6767
f 297//297 2590//2590 5683//5683
f 4243//4243 1343//1343 415//415
f 6769//6769 4971//4971 3234//3234
f 7266//7266 6573//6573 7327//7327
f 2408//2408 5167//5167 2415//2415
f 6770//6770 6779//6779 5011//5011
f 6770//6770 2686//2686 4941//4941
f 6748//6748 2408//2408 2415//2415
f 6985//6985 6771//6771 5211//5211
f 2408//2408 5088//5088 2249//2249
f 855//855 1429//1429 3664//3664
f 4970//4970 6769//6769 2436//2436
f 209//209 6183//6183 2670//2670
f 176//176 209//209 2670//2670
f 3169//3169 5019//5019 3547//3547
f 5401//5401 6117//6117 5402//5402
f 873//873 5151//5151 5169//5169
f 3169//3169 4952//4952 5019//5019
f 4970//4970 2436//2436 5748//5748
f 3015//3015 3212//3212 209//209
f 6772//6772 5112//5112 1522//1522
f 4779//4779 1729//1729 723//723
f 6940//6940 5914//5914 5768//5768
f 2606//2606 857//857 5156//5156
f 5104//5104 857//857 2606//2606
f 1774//1774 6760//6760 5079//5079
f 5788//5788 7170//7170 965//965
f 699//699 4779//4779 723//723
f 137//137 1867//1867 6310//6310
f 4302//4302 7203//7203 6429//6429
f 7203//7203 4302//4302 4328//4328
f 5638//5638 6837//6837 7339//7339
f 6772//6772 6748//6748 5112//5112
f 6710//6710 3015//3015 209//209
f 3273//3273 3555//3555 5462//5462
f 6860//6860 4593//4593 4549//4549
f 5346//5346 6775//6775 6837//6837
f 5141//5141 6656//6656 5086//5086
f 863//863 5151//5151 6773//6773
f 6940//6940 6776//6776 5914//5914
f 995//995 2465//2465 5454//5454
f 6781//6781 2229//2229 2383//2383
f 995//995 5454//5454 971//971
f 6776//6776 1429//1429 6305//6305
f 6775//6775 7339//7339 6837//6837
f 5141//5141 5086//5086 5959//5959
f 3015//3015 259//259 3212//3212
f 4859//4859 5741//5741 753//753
f 5461//5461 5462//5462 974//974
f 4549//4549 6749//6749 2234//2234
f 875//875 5309//5309 6370//6370
f 5263//5263 875//875 6370//6370
f 6620//6620 4988//4988 4952//4952
f 4619//4619 4593//4593 6860//6860
f 4809//4809 6778//6778 4810//4810
f 2865//2865 3054//3054 4988//4988
f 6780//6780 5400//5400 5401//5401
f 1875//1875 6781//6781 177//177
f 3624//3624 6783//6783 259//259
f 6783//6783 3045//3045 259//259
f 6784//6784 6713//6713 1449//1449
f 1495//1495 7171//7171 1673//1673
f 6777//6777 4618//4618 1374//1374
f 6786//6786 5741//5741 4904//4904
f 875//875 6719//6719 5195//5195
f 875//875 5195//5195 1512//1512
f 6798//6798 1842//1842 4//4
f 6787//6787 3326//3326 3519//3519
f 1825//1825 1832//1832 4143//4143
f 6788//6788 7285//7285 4166//4166
f 4223//4223 1669//1669 340//340
f 1888//1888 2014//2014 403//403
f 4258//4258 3467//3467 476//476
f 462//462 2892//2892 6887//6887
f 462//462 6887//6887 4348//4348
f 7083//7083 3475//3475 4394//4394
f 2539//2539 6789//6789 5729//5729
f 3312//3312 3544//3544 590//590
f 3085//3085 6790//6790 4562//4562
f 7167//7167 1796//1796 618//618
f 1725//1725 1556//1556 1221//1221
f 2574//2574 6792//6792 4818//4818
f 1333//1333 6793//6793 4873//4873
f 2174//2174 7195//7195 1830//1830
f 6795//6795 5010//5010 5011//5011
f 5213//5213 3737//3737 3896//3896
f 885//885 6797//6797 7073//7073
f 1040//1040 7276//7276 5596//5596
f 6838//6838 4007//4007 6787//6787
f 6411//6411 1825//1825 4143//4143
f 2156//2156 5699//5699 6906//6906
f 4377//4377 6012//6012 4356//4356
f 6800//6800 1967//1967 6015//6015
f 4613//4613 4584//4584 4585//4585
f 653//653 6611//6611 635//635
f 5902//5902 1292//1292 4657//4657
f 7350//7350 4929//4929 5909//5909
f 7283//7283 6801//6801 3493//3493
f 6929//6929 3556//3556 3367//3367
f 856//856 6864//6864 2340//2340
f 3080//3080 2904//2904 3445//3445
f 937//937 2479//2479 5367//5367
f 5428//5428 2734//2734 2540//2540
f 3273//3273 6802//6802 5392//5392
f 3630//3630 3287//3287 5356//5356
f 996//996 7006//7006 6803//6803
f 2456//2456 6879//6879 6121//6121
f 1138//1138 1040//1040 5596//5596
f 1050//1050 1322//1322 1033//1033
f 5600//5600 6805//6805 5604//5604
f 348//348 3675//3675 4136//4136
f 5879//5879 7194//7194 7020//7020
f 4261//4261 4193//4193 2434//2434
f 350//350 2950//2950 6914//6914
f 4283//4283 4312//4312 3560//3560
f 6810//6810 4452//4452 3739//3739
f 7027//7027 4497//4497 585//585
f 6819//6819 3312//3312 590//590
f 703//703 1725//1725 1221//1221
f 6792//6792 4819//4819 4818//4818
f 2042//2042 1644//1644 1467//1467
f 4898//4898 4899//4899 1597//1597
f 1771//1771 4898//4898 1597//1597
f 2192//2192 6811//6811 4910//4910
f 7350//7350 5909//5909 3230//3230
f 4910//4910 2174//2174 1830//1830
f 1414//1414 1582//1582 3676//3676
f 2012//2012 806//806 2421//2421
f 2012//2012 2421//2421 5057//5057
f 1580//1580 1918//1918 6962//6962
f 3836//3836 7214//7214 3276//3276
f 3175//3175 857//857 5105//5105
f 7351//7351 869//869 2331//2331
f 5963//5963 5173//5173 1175//1175
f 1901//1901 6813//6813 2080//2080
f 5186//5186 1777//1777 6796//6796
f 5318//5318 6816//6816 2540//2540
f 6802//6802 938//938 5372//5372
f 3514//3514 5464//5464 3871//3871
f 977//977 5529//5529 5528//5528
f 2844//2844 6933//6933 1027//1027
f 3211//3211 5535//5535 3020//3020
f 2854//2854 5600//5600 5566//5566
f 6866//6866 6385//6385 1594//1594
f 6818//6818 302//302 2680//2680
f 307//307 4088//4088 1234//1234
f 6789//6789 2729//2729 5729//5729
f 4539//4539 4566//4566 6909//6909
f 6790//6790 3216//3216 4562//4562
f 4593//4593 4619//4619 2103//2103
f 2742//2742 7175//7175 2928//2928
f 4613//4613 4585//4585 3976//3976
f 4623//4623 1097//1097 3969//3969
f 4755//4755 708//708 6934//6934
f 2355//2355 781//781 6873//6873
f 6820//6820 4905//4905 4859//4859
f 3230//3230 801//801 784//784
f 1414//1414 3676//3676 1413//1413
f 5061//5061 6821//6821 2102//2102
f 5033//5033 3662//3662 3459//3459
f 5184//5184 5183//5183 3062//3062
f 6797//6797 885//885 5212//5212
f 6822//6822 5246//5246 5964//5964
f 6815//6815 5334//5334 1788//1788
f 6814//6814 3183//3183 5328//5328
f 6802//6802 5372//5372 5392//5392
f 3636//3636 6714//6714 6433//6433
f 6798//6798 6147//6147 1847//1847
f 7256//7256 562//562 2881//2881
f 156//156 6826//6826 6129//6129
f 4377//4377 4356//4356 2613//2613
f 4755//4755 6934//6934 6695//6695
f 6827//6827 5679//5679 3846//3846
f 3368//3368 4283//4283 3560//3560
f 2243//2243 2242//2242 7151//7151
f 2366//2366 245//245 6880//6880
f 6643//6643 5697//5697 6924//6924
f 230//230 160//160 6086//6086
f 6810//6810 7201//7201 6533//6533
f 6828//6828 6123//6123 1862//1862
f 6829//6829 4085//4085 265//265
f 6239//6239 307//307 1234//1234
f 3124//3124 956//956 5480//5480
f 6357//6357 6976//6976 6977//6977
f 963//963 6926//6926 6142//6142
f 6830//6830 685//685 6245//6245
f 5868//5868 5996//5996 257//257
f 6832//6832 6372//6372 7157//7157
f 6030//6030 856//856 7296//7296
f 1848//1848 4658//4658 669//669
f 6809//6809 5892//5892 5715//5715
f 1824//1824 6093//6093 2010//2010
f 6823//6823 2034//2034 980//980
f 6866//6866 1594//1594 1768//1768
f 7120//7120 6409//6409 190//190
f 1056//1056 6804//6804 6949//6949
f 4367//4367 518//518 2077//2077
f 6833//6833 5167//5167 6733//6733
f 5859//5859 2085//2085 5858//5858
f 6834//6834 1272//1272 1796//1796
f 6445//6445 3704//3704 3599//3599
f 829//829 5093//5093 6513//6513
f 6138//6138 2082//2082 561//561
f 5527//5527 5975//5975 976//976
f 1702//1702 6538//6538 4508//4508
f 345//345 4134//4134 2173//2173
f 7268//7268 6877//6877 3889//3889
f 3764//3764 4989//4989 6944//6944
f 6829//6829 285//285 4085//4085
f 6605//6605 6835//6835 305//305
f 653//653 635//635 1388//1388
f 6878//6878 6876//6876 1738//1738
f 3874//3874 1391//1391 5492//5492
f 6835//6835 6645//6645 305//305
f 3768//3768 3929//3929 3594//3594
f 6804//6804 5796//5796 6949//6949
f 5753//5753 5009//5009 6683//6683
f 1824//1824 2010//2010 4141//4141
f 7112//7112 5771//5771 5200//5200
f 2268//2268 1903//1903 7297//7297
f 5380//5380 6837//6837 5638//5638
f 5868//5868 6836//6836 5996//5996
f 3273//3273 5462//5462 6802//6802
f 863//863 6773//6773 1899//1899
f 1650//1650 2//2 3//3
f 71//71 6838//6838 2931//2931
f 6839//6839 4291//4291 457//457
f 629//629 2556//2556 4651//4651
f 2269//2269 6968//6968 731//731
f 1506//1506 5740//5740 781//781
f 6348//6348 1506//1506 781//781
f 804//804 3764//3764 6884//6884
f 3926//3926 6843//6843 4959//4959
f 1147//1147 6844//6844 6982//6982
f 5762//5762 5099//5099 1424//1424
f 6847//6847 5233//5233 5256//5256
f 5274//5274 6387//6387 2052//2052
f 6848//6848 976//976 5506//5506
f 2090//2090 1056//1056 6851//6851
f 6849//6849 2441//2441 6851//6851
f 2281//2281 6851//6851 2441//2441
f 1076//1076 6851//6851 2281//2281
f 6805//6805 5600//5600 5605//5605
f 6853//6853 230//230 2130//2130
f 4257//4257 399//399 6299//6299
f 6854//6854 4261//4261 2691//2691
f 481//481 6999//6999 2262//2262
f 502//502 6900//6900 1601//1601
f 6612//6612 2723//2723 4498//4498
f 6855//6855 4755//4755 2128//2128
f 904//904 2634//2634 6927//6927
f 6856//6856 5356//5356 5357//5357
f 5506//5506 2393//2393 5465//5465
f 3283//3283 7172//7172 1049//1049
f 6850//6850 3588//3588 1050//1050
f 3777//3777 3925//3925 4155//4155
f 6854//6854 2339//2339 4261//4261
f 409//409 6999//6999 1889//1889
f 7221//7221 5942//5942 6565//6565
f 1601//1601 6900//6900 1784//1784
f 4315//4315 455//455 6840//6840
f 2167//2167 6840//6840 4317//4317
f 6839//6839 492//492 1526//1526
f 3346//3346 4413//4413 3347//3347
f 4589//4589 6347//6347 1848//1848
f 3733//3733 3720//3720 3503//3503
f 6841//6841 1287//1287 1653//1653
f 4628//4628 3029//3029 613//613
f 4672//4672 634//634 4596//4596
f 4756//4756 2671//2671 688//688
f 2012//2012 6861//6861 4960//4960
f 6862//6862 4990//4990 2175//2175
f 1149//1149 6580//6580 5014//5014
f 1149//1149 5014//5014 1152//1152
f 3676//3676 6863//6863 3845//3845
f 2511//2511 6846//6846 6979//6979
f 3836//3836 3499//3499 6863//6863
f 3845//3845 6863//6863 3499//3499
f 5034//5034 6864//6864 1782//1782
f 5041//5041 6865//6865 5105//5105
f 6847//6847 3437//3437 5233//5233
f 5255//5255 6847//6847 5324//5324
f 902//902 903//903 929//929
f 2579//2579 3309//3309 2926//2926
f 7117//7117 6933//6933 5540//5540
f 3621//3621 5587//5587 5544//5544
f 130//130 6946//6946 171//171
f 1732//1732 230//230 6853//6853
f 4055//4055 6875//6875 2851//2851
f 6365//6365 6914//6914 2593//2593
f 4283//4283 4257//4257 6299//6299
f 457//457 402//402 1888//1888
f 3257//3257 4415//4415 6915//6915
f 629//629 4651//4651 4581//4581
f 3409//3409 4628//4628 613//613
f 3016//3016 4756//4756 688//688
f 6845//6845 5005//5005 7012//7012
f 824//824 6864//6864 5034//5034
f 2606//2606 6869//6869 7043//7043
f 928//928 902//902 929//929
f 6870//6870 5642//5642 6037//6037
f 5642//5642 6870//6870 6388//6388
f 6900//6900 6006//6006 1784//1784
f 3836//3836 5757//5757 7214//7214
f 6872//6872 6878//6878 5474//5474
f 6860//6860 3977//3977 4619//4619
f 6869//6869 6226//6226 5218//5218
f 7117//7117 5540//5540 2171//2171
f 230//230 1732//1732 1557//1557
f 6334//6334 1553//1553 5476//5476
f 7142//7142 348//348 406//406
f 6138//6138 6867//6867 4352//4352
f 6898//6898 2370//2370 6455//6455
f 324//324 4108//4108 6875//6875
f 5243//5243 2904//2904 5781//5781
f 6613//6613 6852//6852 6987//6987
f 6875//6875 6297//6297 6329//6329
f 6870//6870 5489//5489 3802//3802
f 4672//4672 4596//4596 6897//6897
f 191//191 268//268 7120//7120
f 6873//6873 2042//2042 2216//2216
f 6426//6426 3284//3284 7256//7256
f 3060//3060 6426//6426 7256//7256
f 2323//2323 6871//6871 2625//2625
f 4055//4055 6297//6297 6875//6875
f 6513//6513 6874//6874 3660//3660
f 6471//6471 2190//2190 4134//4134
f 1246//1246 6868//6868 5001//5001
f 6876//6876 5410//5410 1738//1738
f 3733//3733 3503//3503 5903//5903
f 6874//6874 6812//6812 5092//5092
f 6505//6505 2295//2295 2439//2439
f 6565//6565 4288//4288 7221//7221
f 7081//7081 6603//6603 6053//6053
f 6862//6862 6440//6440 4990//4990
f 6862//6862 6427//6427 6067//6067
f 1591//1591 6603//6603 4126//4126
f 6839//6839 457//457 2072//2072
f 6857//6857 3704//3704 5492//5492
f 6876//6876 5445//5445 5410//5410
f 6878//6878 6743//6743 1391//1391
f 2406//2406 6612//6612 4498//4498
f 2127//2127 6879//6879 1022//1022
f 6879//6879 2456//2456 1022//1022
f 6878//6878 6872//6872 6743//6743
f 5461//5461 974//974 2783//2783
f 5500//5500 7006//7006 1005//1005
f 3623//3623 3236//3236 4782//4782
f 324//324 6875//6875 6329//6329
f 1591//1591 4126//4126 4081//4081
f 2351//2351 6881//6881 245//245
f 2883//2883 6883//6883 405//405
f 4375//4375 1510//1510 1687//1687
f 6884//6884 3764//3764 6842//6842
f 6621//6621 6904//6904 6627//6627
f 6880//6880 4069//4069 4050//4050
f 372//372 2430//2430 324//324
f 731//731 6888//6888 2848//2848
f 7193//7193 5494//5494 6889//6889
f 1600//1600 6890//6890 6805//6805
f 6892//6892 3925//3925 3777//3777
f 5900//5900 5623//5623 3733//3733
f 831//831 6894//6894 2605//2605
f 6896//6896 3555//3555 3393//3393
f 6053//6053 1591//1591 1764//1764
f 6881//6881 4069//4069 245//245
f 6881//6881 290//290 2358//2358
f 4505//4505 6834//6834 4535//4535
f 3735//3735 6897//6897 6819//6819
f 3207//3207 4782//4782 2674//2674
f 4840//4840 6977//6977 731//731
f 6922//6922 4840//4840 2848//2848
f 4918//4918 4892//4892 3384//3384
f 4960//4960 6861//6861 1667//1667
f 6992//6992 885//885 7247//7247
f 3183//3183 2637//2637 937//937
f 6910//6910 2579//2579 2635//2635
f 1013//1013 1618//1618 1127//1127
f 6805//6805 6890//6890 5604//5604
f 1253//1253 7018//7018 867//867
f 130//130 6859//6859 85//85
f 6899//6899 2439//2439 2295//2295
f 7138//7138 6889//6889 7117//7117
f 6898//6898 2934//2934 5450//5450
f 3662//3662 5099//5099 3466//3466
f 6086//6086 1947//1947 230//230
f 6066//6066 647//647 5903//5903
f 2522//2522 5765//5765 5082//5082
f 3555//3555 6896//6896 974//974
f 3525//3525 7147//7147 5585//5585
f 2239//2239 5275//5275 2403//2403
f 2637//2637 5635//5635 5388//5388
f 3359//3359 5900//5900 3733//3733
f 4504//4504 4505//4505 4535//4535
f 6894//6894 6527//6527 2605//2605
f 6602//6602 6169//6169 1161//1161
f 6904//6904 2127//2127 6626//6626
f 6627//6627 6904//6904 6626//6626
f 2487//2487 7186//7186 5235//5235
f 3207//3207 2674//2674 4743//4743
f 6867//6867 4375//4375 1687//1687
f 372//372 324//324 4138//4138
f 350//350 6914//6914 6365//6365
f 7059//7059 1266//1266 4415//4415
f 6819//6819 6897//6897 4596//4596
f 4756//4756 6922//6922 2848//2848
f 3233//3233 6913//6913 4199//4199
f 3503//3503 6066//6066 5903//5903
f 2522//2522 5082//5082 5081//5081
f 5274//5274 2239//2239 2403//2403
f 6900//6900 1250//1250 1426//1426
f 829//829 6513//6513 1245//1245
f 3346//3346 3347//3347 4452//4452
f 2992//2992 3358//3358 4604//4604
f 3183//3183 937//937 5328//5328
f 3376//3376 5890//5890 6919//6919
f 3631//3631 3792//3792 3812//3812
f 76//76 6905//6905 1926//1926
f 6973//6973 3072//3072 2882//2882
f 1790//1790 1272//1272 4505//4505
f 1151//1151 6903//6903 4930//4930
f 3557//3557 3756//3756 3918//3918
f 6917//6917 6904//6904 6380//6380
f 1933//1933 1926//1926 7077//7077
f 1031//1031 6912//6912 7147//7147
f 6806//6806 3981//3981 2//2
f 4566//4566 6902//6902 3358//3358
f 6903//6903 4931//4931 4930//4930
f 6907//6907 6765//6765 5205//5205
f 6960//6960 994//994 6930//6930
f 85//85 6859//6859 170//170
f 3819//3819 6915//6915 1266//1266
f 6909//6909 4566//4566 3358//3358
f 2857//2857 4840//4840 6922//6922
f 7343//7343 7345//7345 5076//5076
f 7073//7073 7205//7205 885//885
f 6908//6908 5408//5408 6910//6910
f 1969//1969 2370//2370 2350//2350
f 6904//6904 6917//6917 2127//2127
f 524//524 5709//5709 2075//2075
f 864//864 6911//6911 5768//5768
f 6912//6912 1045//1045 7147//7147
f 493//493 6240//6240 478//478
f 2893//2893 2707//2707 2522//2522
f 1548//1548 6157//6157 4503//4503
f 494//494 493//493 478//478
f 6418//6418 2991//2991 3183//3183
f 5568//5568 6434//6434 6508//6508
f 5245//5245 3829//3829 5216//5216
f 6904//6904 6621//6621 6380//6380
f 5702//5702 6657//6657 3920//3920
f 6026//6026 4868//4868 6893//6893
f 6907//6907 5269//5269 6765//6765
f 6907//6907 5206//5206 7186//7186
f 1969//1969 2350//2350 1843//1843
f 4367//4367 2077//2077 4414//4414
f 1127//1127 5568//5568 6508//6508
f 5702//5702 3920//3920 5693//5693
f 756//756 6026//6026 6893//6893
f 4234//4234 6913//6913 3172//3172
f 2692//2692 6914//6914 411//411
f 6913//6913 4234//4234 4199//4199
f 5722//5722 6915//6915 4476//4476
f 7289//7289 2960//2960 6935//6935
f 6914//6914 2692//2692 2593//2593
f 3257//3257 6915//6915 5722//5722
f 4126//4126 6603//6603 1578//1578
f 493//493 524//524 2075//2075
f 2755//2755 171//171 6946//6946
f 6288//6288 5890//5890 3376//3376
f 5727//5727 3792//3792 3631//3631
f 6916//6916 1878//1878 6157//6157
f 6917//6917 1398//1398 2127//2127
f 4173//4173 1237//1237 1412//1412
f 2121//2121 6941//6941 5731//5731
f 6977//6977 4840//4840 6918//6918
f 6918//6918 4893//4893 6338//6338
f 3750//3750 4366//4366 5712//5712
f 6922//6922 6920//6920 4841//4841
f 6918//6918 6357//6357 6977//6977
f 3056//3056 2857//2857 4841//4841
f 4387//4387 6526//6526 2077//2077
f 2848//2848 4840//4840 731//731
f 7014//7014 6943//6943 5514//5514
f 3750//3750 5712//5712 3739//3739
f 6457//6457 6925//6925 6026//6026
f 7360//7360 5216//5216 6986//6986
f 4233//4233 6936//6936 2435//2435
f 7299//7299 876//876 6172//6172
f 6751//6751 6767//6767 6745//6745
f 6773//6773 873//873 7299//7299
f 6665//6665 6927//6927 2633//2633
f 7289//7289 2583//2583 2763//2763
f 6024//6024 6921//6921 4936//4936
f 4078//4078 7289//7289 2763//2763
f 5398//5398 6927//6927 6665//6665
f 4387//4387 2077//2077 2251//2251
f 6240//6240 2072//2072 6980//6980
f 3929//3929 6602//6602 6929//6929
f 2857//2857 6922//6922 4841//4841
f 3812//3812 6367//6367 6731//6731
f 4525//4525 2538//2538 7126//7126
f 1639//1639 1468//1468 1496//1496
f 1996//1996 7327//7327 6573//6573
f 3290//3290 5571//5571 5572//5572
f 4060//4060 4114//4114 2764//2764
f 4655//4655 6931//6931 4691//4691
f 725//725 1639//1639 1496//1496
f 6929//6929 7021//7021 3556//3556
f 1687//1687 6932//6932 1507//1507
f 6941//6941 3976//3976 5731//5731
f 4845//4845 3853//3853 3146//3146
f 6933//6933 3619//3619 1027//1027
f 6932//6932 1164//1164 468//468
f 4835//4835 1996//1996 6573//6573
f 2340//2340 824//824 2511//2511
f 5050//5050 5020//5020 1154//1154
f 6936//6936 6685//6685 6697//6697
f 4060//4060 2764//2764 2577//2577
f 5768//5768 5914//5914 864//864
f 1590//1590 3290//3290 5572//5572
f 2542//2542 6969//6969 7013//7013
f 2198//2198 7292//7292 2765//2765
f 6894//6894 2340//2340 2511//2511
f 6003//6003 6980//6980 403//403
f 3918//3918 1344//1344 7206//7206
f 3557//3557 3918//3918 7206//7206
f 7289//7289 6935//6935 4122//4122
f 5651//5651 171//171 2755//2755
f 5514//5514 6943//6943 6960//6960
f 4159//4159 6936//6936 6697//6697
f 6936//6936 4159//4159 2435//2435
f 5725//5725 6955//6955 2060//2060
f 2060//2060 6955//6955 6937//6937
f 6938//6938 3338//3338 5976//5976
f 6849//6849 1056//1056 7096//7096
f 5591//5591 6939//6939 5592//5592
f 6939//6939 3290//3290 5592//5592
f 3664//3664 6940//6940 5762//5762
f 6849//6849 7096//7096 2853//2853
f 6951//6951 1142//1142 1325//1325
f 3543//3543 3546//3546 2932//2932
f 6244//6244 6941//6941 6934//6934
f 4986//4986 1582//1582 5747//5747
f 888//888 5226//5226 5297//5297
f 4085//4085 6951//6951 1134//1134
f 6942//6942 7030//7030 5947//5947
f 2389//2389 6937//6937 6955//6955
f 3543//3543 2932//2932 606//606
f 5592//5592 3290//3290 1047//1047
f 7091//7091 6173//6173 5237//5237
f 4984//4984 2180//2180 6277//6277
f 6919//6919 5948//5948 6101//6101
f 460//460 6742//6742 1520//1520
f 6263//6263 6943//6943 7014//7014
f 6945//6945 5864//5864 6954//6954
f 6938//6938 3525//3525 3338//3338
f 4787//4787 6574//6574 6997//6997
f 4084//4084 305//305 7372//7372
f 5186//5186 6796//6796 1254//1254
f 910//910 888//888 5297//5297
f 7112//7112 5200//5200 883//883
f 131//131 6946//6946 3991//3991
f 3750//3750 3347//3347 6965//6965
f 6950//6950 4084//4084 3933//3933
f 6951//6951 4149//4149 1142//1142
f 4149//4149 6951//6951 1505//1505
f 481//481 1894//1894 460//460
f 481//481 460//460 1889//1889
f 6776//6776 5773//5773 6953//6953
f 4138//4138 6981//6981 372//372
f 6948//6948 1244//1244 4986//4986
f 5361//5361 5639//5639 1378//1378
f 5071//5071 1615//1615 5036//5036
f 6998//6998 2873//2873 3466//3466
f 5779//5779 6958//6958 7091//7091
f 6048//6048 134//134 6080//6080
f 6954//6954 6393//6393 6399//6399
f 6955//6955 2231//2231 2389//2389
f 6952//6952 4787//4787 6678//6678
f 5099//5099 5762//5762 6998//6998
f 6953//6953 3637//3637 5237//5237
f 5753//5753 4937//4937 6966//6966
f 6958//6958 884//884 876//876
f 6911//6911 6998//6998 5768//5768
f 6953//6953 5914//5914 6776//6776
f 2102//2102 6962//6962 1918//1918
f 6954//6954 5864//5864 6393//6393
f 4972//4972 3234//3234 4971//4971
f 2542//2542 6632//6632 2731//2731
f 207//207 6498//6498 6048//6048
f 6048//6048 6080//6080 207//207
f 6957//6957 5771//5771 861//861
f 3084//3084 6746//6746 6993//6993
f 6137//6137 1430//1430 6808//6808
f 3734//3734 5361//5361 1378//1378
f 5514//5514 6960//6960 6930//6930
f 6955//6955 1882//1882 2231//2231
f 4587//4587 2542//2542 2731//2731
f 3497//3497 3275//3275 6973//6973
f 4452//4452 3347//3347 3750//3750
f 1893//1893 6928//6928 1684//1684
f 7091//7091 6958//6958 3288//3288
f 474//474 7253//7253 6928//6928
f 6546//6546 7054//7054 7039//7039
f 839//839 6277//6277 5077//5077
f 904//904 6988//6988 6985//6985
f 2465//2465 5500//5500 6930//6930
f 6960//6960 1553//1553 994//994
f 768//768 2429//2429 6794//6794
f 6961//6961 5749//5749 3244//3244
f 807//807 6961//6961 3244//3244
f 6961//6961 4973//4973 4972//4972
f 6962//6962 7212//7212 1580//1580
f 6277//6277 5755//5755 5077//5077
f 850//850 5086//5086 6656//6656
f 963//963 7137//7137 6118//6118
f 891//891 6994//6994 1173//1173
f 5923//5923 5376//5376 7050//7050
f 6115//6115 6963//6963 5399//5399
f 6963//6963 1373//1373 5399//5399
f 6964//6964 829//829 1245//1245
f 7184//7184 6964//6964 6962//6962
f 7212//7212 6964//6964 1245//1245
f 6964//6964 7212//7212 6962//6962
f 6996//6996 6295//6295 5330//5330
f 6445//6445 982//982 981//981
f 6966//6966 2153//2153 5009//5009
f 6967//6967 6883//6883 7023//7023
f 340//340 6959//6959 1834//1834
f 1904//1904 6968//6968 2269//2269
f 4199//4199 4234//4234 6981//6981
f 6240//6240 6980//6980 478//478
f 994//994 2465//2465 6930//6930
f 2542//2542 7013//7013 5730//5730
f 5071//5071 5038//5038 5073//5073
f 5071//5071 5073//5073 1980//1980
f 6958//6958 5170//5170 3288//3288
f 5099//5099 6998//6998 3466//3466
f 4366//4366 6965//6965 4337//4337
f 6598//6598 3275//3275 3497//3497
f 2678//2678 2860//2860 768//768
f 5330//5330 5329//5329 6418//6418
f 971//971 5454//5454 2643//2643
f 6039//6039 6971//6971 7309//7309
f 783//783 1599//1599 7039//7039
f 5627//5627 6972//6972 5314//5314
f 402//402 1519//1519 4196//4196
f 5921//5921 6974//6974 3363//3363
f 6974//6974 7137//7137 5434//5434
f 971//971 2643//2643 5455//5455
f 1519//1519 6975//6975 6643//6643
f 4321//4321 7055//7055 2262//2262
f 1396//1396 6104//6104 686//686
f 2269//2269 6976//6976 6022//6022
f 4998//4998 4925//4925 1147//1147
f 4925//4925 4998//4998 5908//5908
f 7092//7092 7324//7324 6774//6774
f 1373//1373 6974//6974 5921//5921
f 5906//5906 2443//2443 2272//2272
f 6975//6975 5697//5697 6643//6643
f 1502//1502 6056//6056 6131//6131
f 6613//6613 141//141 95//95
f 6290//6290 5906//5906 2272//2272
f 6977//6977 6976//6976 2269//2269
f 5330//5330 6418//6418 6923//6923
f 6553//6553 1502//1502 6131//6131
f 5036//5036 2153//2153 5071//5071
f 6972//6972 5627//5627 6490//6490
f 6979//6979 5035//5035 2511//2511
f 6271//6271 6999//6999 461//461
f 6852//6852 6613//6613 95//95
f 1889//1889 6999//6999 481//481
f 5245//5245 5216//5216 7219//7219
f 6739//6739 4288//4288 7166//7166
f 6980//6980 2072//2072 403//403
f 6981//6981 4233//4233 372//372
f 7079//7079 6978//6978 6498//6498
f 929//929 6927//6927 5398//5398
f 6981//6981 2778//2778 4233//4233
f 6277//6277 7155//7155 4984//4984
f 3391//3391 4919//4919 7275//7275
f 5118//5118 6983//6983 1509//1509
f 1005//1005 5514//5514 5500//5500
f 427//427 6984//6984 7037//7037
f 4753//4753 3864//3864 1396//1396
f 5004//5004 7041//7041 6554//6554
f 1755//1755 6501//6501 4926//4926
f 4973//4973 4998//4998 6477//6477
f 1509//1509 6983//6983 1900//1900
f 6803//6803 995//995 971//971
f 6990//6990 2243//2243 497//497
f 2180//2180 3139//3139 5755//5755
f 4926//4926 6501//6501 6514//6514
f 3829//3829 6986//6986 5216//5216
f 1310//1310 6987//6987 6615//6615
f 6759//6759 6803//6803 971//971
f 1454//1454 6496//6496 6993//6993
f 6323//6323 5906//5906 2686//2686
f 6982//6982 6844//6844 6108//6108
f 904//904 903//903 6988//6988
f 903//903 904//904 6927//6927
f 3041//3041 4919//4919 3391//3391
f 1006//1006 3626//3626 3214//3214
f 4141//4141 6518//6518 2002//2002
f 2526//2526 6990//6990 4347//4347
f 4868//4868 6991//6991 4867//4867
f 4153//4153 1238//1238 4132//4132
f 6993//6993 5416//5416 3084//3084
f 6969//6969 6995//6995 7370//7370
f 5910//5910 2180//2180 7195//7195
f 6999//6999 6271//6271 2262//2262
f 4908//4908 6323//6323 4940//4940
f 6993//6993 7135//7135 5416//5416
f 996//996 6803//6803 6752//6752
f 7253//7253 2251//2251 518//518
f 6928//6928 7253//7253 518//518
f 2243//2243 6661//6661 497//497
f 7275//7275 4918//4918 3392//3392
f 7275//7275 3392//3392 6359//6359
f 850//850 5084//5084 7010//7010
f 2410//2410 2252//2252 7253//7253
f 2324//2324 4405//4405 2492//2492
f 7000//7000 2061//2061 7013//7013
f 7002//7002 996//996 5515//5515
f 4608//4608 6430//6430 6464//6464
f 4052//4052 7008//7008 7001//7001
f 7001//7001 183//183 4052//4052
f 2410//2410 7253//7253 474//474
f 4766//4766 2042//2042 1467//1467
f 2620//2620 2502//2502 5207//5207
f 7006//7006 7002//7002 1005//1005
f 1005//1005 7002//7002 1006//1006
f 5567//5567 7003//7003 3577//3577
f 499//499 4324//4324 7331//7331
f 7002//7002 5515//5515 1007//1007
f 2428//2428 6405//6405 2689//2689
f 6391//6391 258//258 2856//2856
f 7048//7048 331//331 2856//2856
f 2802//2802 2620//2620 5207//5207
f 3959//3959 3798//3798 4597//4597
f 995//995 7006//7006 5500//5500
f 4765//4765 4766//4766 1467//1467
f 4845//4845 3146//3146 2925//2925
f 7292//7292 2198//2198 7053//7053
f 4153//4153 5939//5939 4228//4228
f 4141//4141 2010//2010 4162//4162
f 4153//4153 4228//4228 4131//4131
f 1502//1502 4141//4141 4162//4162
f 3672//3672 7228//7228 6546//6546
f 497//497 481//481 7055//7055
f 4758//4758 4845//4845 2925//2925
f 7008//7008 6053//6053 1764//1764
f 2002//2002 1824//1824 4141//4141
f 4132//4132 4154//4154 4153//4153
f 563//563 2324//2324 6570//6570
f 4899//4899 6452//6452 4878//4878
f 7010//7010 827//827 5086//5086
f 4404//4404 563//563 6570//6570
f 7009//7009 4766//4766 4701//4701
f 7246//7246 6871//6871 7007//7007
f 6871//6871 7246//7246 5228//5228
f 5133//5133 2331//2331 1984//1984
f 7011//7011 2526//2526 4397//4397
f 4397//4397 7016//7016 7011//7011
f 3929//3929 6929//6929 3594//3594
f 3853//3853 4876//4876 3146//3146
f 870//870 3567//3567 3168//3168
f 5753//5753 6966//6966 5009//5009
f 6400//6400 6967//6967 3155//3155
f 6225//6225 867//867 7018//7018
f 7011//7011 6990//6990 2526//2526
f 3490//3490 3672//3672 6970//6970
f 7011//7011 2242//2242 2243//2243
f 827//827 7010//7010 5053//5053
f 2098//2098 1579//1579 4132//4132
f 7028//7028 501//501 6426//6426
f 3119//3119 6902//6902 3502//3502
f 4700//4700 7066//7066 4668//4668
f 7014//7014 1006//1006 3214//3214
f 7015//7015 1817//1817 6518//6518
f 4303//4303 3075//3075 442//442
f 7016//7016 2248//2248 6255//6255
f 3433//3433 5183//5183 5184//5184
f 4089//4089 1234//1234 1229//1229
f 1229//1229 1234//1234 4088//4088
f 5609//5609 267//267 6055//6055
f 2098//2098 4132//4132 317//317
f 3289//3289 3433//3433 5184//5184
f 7017//7017 6442//6442 1144//1144
f 5723//5723 585//585 2059//2059
f 3476//3476 5887//5887 3824//3824
f 3639//3639 5947//5947 7280//7280
f 3464//3464 4303//4303 442//442
f 6255//6255 2242//2242 7016//7016
f 6537//6537 6350//6350 5369//5369
f 6033//6033 866//866 7018//7018
f 1254//1254 6796//6796 5185//5185
f 6602//6602 7021//7021 6929//6929
f 6629//6629 2153//2153 6966//6966
f 992//992 1466//1466 7240//7240
f 1942//1942 7001//7001 218//218
f 426//426 4258//4258 3460//3460
f 3275//3275 426//426 3460//3460
f 7021//7021 6602//6602 1161//1161
f 4557//4557 4525//4525 7126//7126
f 6629//6629 6966//6966 4981//4981
f 7022//7022 7023//7023 6092//6092
f 465//465 2342//2342 7024//7024
f 1942//1942 218//218 5662//5662
f 1537//1537 5723//5723 1885//1885
f 4651//4651 6430//6430 4608//4608
f 4674//4674 3798//3798 658//658
f 7280//7280 3476//3476 3824//3824
f 1537//1537 1885//1885 2105//2105
f 2147//2147 6464//6464 4607//4607
f 2213//2213 2365//2365 2572//2572
f 735//735 7026//7026 6791//6791
f 1355//1355 5229//5229 3567//3567
f 318//318 1766//1766 4102//4102
f 427//427 4228//4228 5939//5939
f 2048//2048 4432//4432 6013//6013
f 2213//2213 2572//2572 6778//6778
f 7228//7228 3851//3851 7211//7211
f 5119//5119 5100//5100 7005//7005
f 5251//5251 3433//3433 5252//5252
f 1112//1112 4708//4708 658//658
f 4899//4899 4898//4898 4847//4847
f 3154//3154 3486//3486 7031//7031
f 6190//6190 7032//7032 3306//3306
f 1304//1304 1108//1108 1117//1117
f 3060//3060 7028//7028 6426//6426
f 7029//7029 1568//1568 1537//1537
f 308//308 1417//1417 6239//6239
f 6014//6014 2048//2048 6013//6013
f 6075//6075 7038//7038 5452//5452
f 3358//3358 3119//3119 4604//4604
f 6983//6983 5119//5119 7005//7005
f 4721//4721 6464//6464 6430//6430
f 1234//1234 308//308 6239//6239
f 6225//6225 7018//7018 5124//5124
f 7026//7026 4899//4899 4847//4847
f 7031//7031 3486//3486 7040//7040
f 3459//3459 3070//3070 3306//3306
f 2214//2214 4817//4817 726//726
f 1598//1598 1754//1754 308//308
f 4878//4878 1597//1597 4899//4899
f 7031//7031 7040//7040 3492//3492
f 5297//5297 7246//7246 7007//7007
f 5467//5467 5785//5785 7035//7035
f 4625//4625 1568//1568 7029//7029
f 953//953 6075//6075 1734//1734
f 266//266 286//286 4129//4129
f 6051//6051 6342//6342 7046//7046
f 266//266 4129//4129 6091//6091
f 6970//6970 7032//7032 3132//3132
f 5045//5045 1780//1780 7033//7033
f 7033//7033 1780//1780 6760//6760
f 6407//6407 6739//6739 7166//7166
f 1253//1253 6033//6033 7018//7018
f 6703//6703 5543//5543 6649//6649
f 465//465 7024//7024 2599//2599
f 6970//6970 3132//3132 800//800
f 304//304 3381//3381 3576//3576
f 5225//5225 5226//5226 888//888
f 6478//6478 3168//3168 7034//7034
f 7372//7372 304//304 3576//3576
f 4722//4722 6573//6573 7266//7266
f 5468//5468 2930//2930 5434//5434
f 7034//7034 3567//3567 5229//5229
f 5625//5625 7036//7036 1253//1253
f 5468//5468 5434//5434 7137//7137
f 3545//3545 6444//6444 7164//7164
f 6308//6308 7164//7164 7156//7156
f 1400//1400 6398//6398 4053//4053
f 4053//4053 6398//6398 4068//4068
f 7037//7037 6739//6739 4314//4314
f 7037//7037 4288//4288 6739//6739
f 1734//1734 3869//3869 1378//1378
f 6703//6703 6971//6971 5794//5794
f 6703//6703 5794//5794 5544//5544
f 5431//5431 5785//5785 1473//1473
f 6098//6098 7225//7225 7199//7199
f 2116//2116 636//636 1930//1930
f 1734//1734 5415//5415 953//953
f 3513//3513 5488//5488 5468//5468
f 7038//7038 5476//5476 5499//5499
f 636//636 7029//7029 1930//1930
f 4926//4926 7039//7039 1599//1599
f 6142//6142 3513//3513 5468//5468
f 4857//4857 2678//2678 768//768
f 3840//3840 3545//3545 7164//7164
f 726//726 1873//1873 1863//1863
f 7043//7043 5125//5125 2606//2606
f 6312//6312 6052//6052 1671//1671
f 2225//2225 5785//5785 5431//5431
f 6164//6164 685//685 6322//6322
f 5004//5004 5035//5035 6979//6979
f 4722//4722 6164//6164 6322//6322
f 2589//2589 7022//7022 6092//6092
f 331//331 6391//6391 2856//2856
f 1418//1418 3676//3676 1582//1582
f 4986//4986 1418//1418 1582//1582
f 2050//2050 1880//1880 4445//4445
f 3307//3307 7032//7032 7042//7042
f 7040//7040 787//787 4935//4935
f 4935//4935 3493//3493 7040//7040
f 7040//7040 3493//3493 3492//3492
f 5785//5785 5790//5790 7035//7035
f 1734//1734 6075//6075 3869//3869
f 953//953 970//970 7362//7362
f 1777//1777 5225//5225 1258//1258
f 2665//2665 6703//6703 6649//6649
f 2327//2327 2477//2477 6522//6522
f 2327//2327 6522//6522 2493//2493
f 3720//3720 3733//3733 5623//5623
f 4618//4618 3720//3720 5623//5623
f 2069//2069 1696//1696 5063//5063
f 6796//6796 1777//1777 1258//1258
f 681//681 726//726 1863//1863
f 3459//3459 3306//3306 3307//3307
f 2279//2279 331//331 353//353
f 7042//7042 3843//3843 3307//3307
f 7041//7041 5004//5004 4977//4977
f 3875//3875 3720//3720 4618//4618
f 6292//6292 7043//7043 5176//5176
f 7043//7043 5218//5218 5176//5176
f 4651//4651 7052//7052 6430//6430
f 2754//2754 2572//2572 7065//7065
f 7045//7045 726//726 681//681
f 1378//1378 5639//5639 1734//1734
f 1136//1136 244//244 1671//1671
f 7044//7044 7266//7266 4721//4721
f 6010//6010 5885//5885 6742//6742
f 6659//6659 7199//7199 7225//7225
f 3476//3476 7030//7030 533//533
f 5757//5757 6863//6863 1418//1418
f 6744//6744 2406//2406 2050//2050
f 3476//3476 533//533 4322//4322
f 4721//4721 6430//6430 7044//7044
f 314//314 1834//1834 6882//6882
f 244//244 7046//7046 1671//1671
f 6824//6824 7046//7046 244//244
f 1777//1777 5186//5186 1984//1984
f 1777//1777 1984//1984 2168//2168
f 2327//2327 2494//2494 4473//4473
f 3720//3720 3875//3875 3883//3883
f 3720//3720 3883//3883 3503//3503
f 5063//5063 1516//1516 5030//5030
f 5063//5063 5030//5030 2423//2423
f 2327//2327 4473//4473 2628//2628
f 3672//3672 7042//7042 6970//6970
f 7042//7042 7032//7032 6970//6970
f 7046//7046 6312//6312 1671//1671
f 6184//6184 7048//7048 4074//4074
f 1525//1525 5118//5118 5117//5117
f 7111//7111 5144//5144 2791//2791
f 7049//7049 4185//4185 364//364
f 7111//7111 2791//2791 2502//2502
f 7050//7050 5376//5376 6774//6774
f 6413//6413 6092//6092 7023//7023
f 3892//3892 5368//5368 7019//7019
f 130//130 171//171 6859//6859
f 7055//7055 481//481 2262//2262
f 5369//5369 3892//3892 7019//7019
f 4674//4674 658//658 4708//4708
f 6398//6398 279//279 4101//4101
f 6744//6744 6659//6659 6503//6503
f 6612//6612 6744//6744 6503//6503
f 7033//7033 842//842 5757//5757
f 7211//7211 7054//7054 6546//6546
f 314//314 2361//2361 2770//2770
f 341//341 314//314 2770//2770
f 6413//6413 7023//7023 7312//7312
f 7052//7052 7044//7044 6430//6430
f 1291//1291 1//1 1095//1095
f 2117//2117 6203//6203 5831//5831
f 221//221 7056//7056 3239//3239
f 1159//1159 7057//7057 433//433
f 1266//1266 7059//7059 5714//5714
f 5895//5895 1366//1366 3899//3899
f 1787//1787 7060//7060 7062//7062
f 4502//4502 7061//7061 3191//3191
f 4501//4501 4502//4502 2815//2815
f 1653//1653 7063//7063 6160//6160
f 7064//7064 4634//4634 1220//1220
f 3416//3416 4657//4657 7183//7183
f 7065//7065 2746//2746 2754//2754
f 4765//4765 7066//7066 4701//4701
f 7067//7067 7103//7103 6989//6989
f 7068//7068 3146//3146 750//750
f 7069//7069 4823//4823 6458//6458
f 791//791 7070//7070 3762//3762
f 6491//6491 5029//5029 3660//3660
f 833//833 7206//7206 834//834
f 5756//5756 3276//3276 841//841
f 3059//3059 7071//7071 846//846
f 7072//7072 3161//3161 6171//6171
f 6927//6927 929//929 903//903
f 7075//7075 1752//1752 5791//5791
f 3707//3707 7076//7076 3866//3866
f 1028//1028 7236//7236 1316//1316
f 3052//3052 6558//6558 3020//3020
f 1054//1054 3487//3487 1074//1074
f 7077//7077 1926//1926 6905//6905
f 271//271 7078//7078 5667//5667
f 7079//7079 4073//4073 6390//6390
f 7081//7081 4144//4144 1915//1915
f 361//361 308//308 1754//1754
f 376//376 2950//2950 327//327
f 6599//6599 7082//7082 2899//2899
f 7083//7083 3432//3432 2901//2901
f 1807//1807 4403//4403 7182//7182
f 7061//7061 2807//2807 3191//3191
f 2062//2062 4593//4593 2103//2103
f 2733//2733 7085//7085 4594//4594
f 691//691 4760//4760 4695//4695
f 744//744 1556//1556 704//704
f 7087//7087 3157//3157 4921//4921
f 7088//7088 4961//4961 806//806
f 7089//7089 813//813 7229//7229
f 1154//1154 7090//7090 3917//3917
f 2721//2721 7093//7093 6035//6035
f 7094//7094 3357//3357 6604//6604
f 5496//5496 2250//2250 2934//2934
f 1025//1025 7096//7096 5557//5557
f 5585//5585 5584//5584 5798//5798
f 3980//3980 1023//1023 2676//2676
f 6680//6680 1743//1743 82//82
f 7056//7056 3576//3576 3381//3381
f 320//320 7080//7080 4103//4103
f 2583//2583 7289//7289 297//297
f 7080//7080 343//343 2264//2264
f 468//468 1507//1507 6932//6932
f 7084//7084 7099//7099 7290//7290
f 3740//3740 6289//6289 6321//6321
f 2537//2537 6404//6404 4482//4482
f 7100//7100 4526//4526 3450//3450
f 1787//1787 1452//1452 7060//7060
f 1452//1452 7101//7101 1271//1271
f 3614//3614 3416//3416 7183//7183
f 7102//7102 678//678 6670//6670
f 7068//7068 2925//2925 3146//3146
f 6989//6989 7103//7103 720//720
f 7104//7104 4861//4861 6716//6716
f 4936//4936 6921//6921 6634//6634
f 2961//2961 788//788 3131//3131
f 4916//4916 7105//7105 2359//2359
f 4919//4919 6449//6449 7275//7275
f 5069//5069 5008//5008 7283//7283
f 6491//6491 3660//3660 3457//3457
f 5078//5078 5756//5756 841//841
f 3457//3457 5060//5060 4996//4996
f 7108//7108 5960//5960 872//872
f 5167//5167 2249//2249 5113//5113
f 861//861 7108//7108 872//872
f 7110//7110 5205//5205 6765//6765
f 7111//7111 2620//2620 5235//5235
f 7112//7112 2903//2903 2721//2721
f 1435//1435 7113//7113 3642//3642
f 5782//5782 5321//5321 3350//3350
f 7114//7114 1275//1275 1451//1451
f 5431//5431 1473//1473 1972//1972
f 7115//7115 968//968 7260//7260
f 7095//7095 5450//5450 2250//2250
f 3978//3978 5416//5416 5455//5455
f 2643//2643 3978//3978 5455//5455
f 5418//5418 5458//5458 1479//1479
f 7116//7116 5464//5464 3514//3514
f 5497//5497 5496//5496 2934//2934
f 975//975 5485//5485 5484//5484
f 5790//5790 2225//2225 5924//5924
f 7117//7117 5493//5493 7138//7138
f 3338//3338 5518//5518 6667//6667
f 7118//7118 6482//6482 5537//5537
f 1051//1051 6352//6352 7178//7178
f 6582//6582 7119//7119 5586//5586
f 1129//1129 1673//1673 1030//1030
f 5990//5990 7298//7298 1116//1116
f 5831//5831 1554//1554 125//125
f 171//171 2366//2366 6859//6859
f 7120//7120 268//268 6409//6409
f 3482//3482 298//298 6891//6891
f 4080//4080 3688//3688 3849//3849
f 6328//6328 2955//2955 7097//7097
f 4086//4086 7097//7097 2955//2955
f 7121//7121 292//292 2958//2958
f 6734//6734 4082//4082 263//263
f 3491//3491 3841//3841 335//335
f 7122//7122 4183//4183 4182//4182
f 7057//7057 1346//1346 433//433
f 3920//3920 7098//7098 5693//5693
f 1346//1346 4346//4346 3923//3923
f 1987//1987 6011//6011 7335//7335
f 5945//5945 7123//7123 7263//7263
f 4425//4425 7124//7124 4391//4391
f 7083//7083 4394//4394 3432//3432
f 4501//4501 7125//7125 2811//2811
f 5895//5895 3899//3899 1363//1363
f 6800//6800 6015//6015 572//572
f 3806//3806 4515//4515 1273//1273
f 2723//2723 7126//7126 2538//2538
f 7101//7101 4528//4528 1271//1271
f 7127//7127 1188//1188 5986//5986
f 7085//7085 4595//4595 4594//4594
f 4700//4700 4669//4669 2026//2026
f 4724//4724 3886//3886 4689//4689
f 3244//3244 7128//7128 807//807
f 4985//4985 3845//3845 811//811
f 1492//1492 4960//4960 1667//1667
f 5089//5089 2694//2694 2700//2700
f 7089//7089 7129//7129 6722//6722
f 7230//7230 2081//2081 7242//7242
f 5206//5206 7131//7131 5235//5235
f 6797//6797 5213//5213 3896//3896
f 886//886 5216//5216 7360//7360
f 5232//5232 2902//2902 3477//3477
f 7132//7132 5236//5236 3904//3904
f 7092//7092 2325//2325 2487//2487
f 5276//5276 7073//7073 5239//5239
f 5331//5331 7133//7133 2401//2401
f 906//906 2233//2233 2055//2055
f 5922//5922 7134//7134 5366//5366
f 5376//5376 5395//5395 5375//5375
f 5430//5430 6383//6383 6705//6705
f 7136//7136 2465//2465 5453//5453
f 5468//5468 7137//7137 6142//6142
f 3021//3021 7138//7138 2483//2483
f 6488//6488 1553//1553 7274//7274
f 6912//6912 7119//7119 1059//1059
f 2367//2367 7141//7141 6552//6552
f 7084//7084 2722//2722 2245//2245
f 6821//6821 2510//2510 5094//5094
f 5782//5782 7144//7144 3356//3356
f 7145//7145 1047//1047 1590//1590
f 3362//3362 3361//3361 4531//4531
f 669//669 1476//1476 1848//1848
f 7146//7146 4914//4914 5739//5739
f 3980//3980 2676//2676 7297//7297
f 5879//5879 306//306 7194//7194
f 7142//7142 4263//4263 7180//7180
f 7117//7117 2171//2171 5493//5493
f 5279//5279 2047//2047 5281//5281
f 4008//4008 4007//4007 3314//3314
f 1297//1297 7150//7150 6051//6051
f 7151//7151 6661//6661 2243//2243
f 2071//2071 6224//6224 1887//1887
f 6197//6197 3895//3895 5230//5230
f 7149//7149 6963//6963 6115//6115
f 6800//6800 572//572 1961//1961
f 3665//3665 6137//6137 3822//3822
f 5412//5412 7152//7152 7293//7293
f 3638//3638 6137//6137 6808//6808
f 7153//7153 6113//6113 6460//6460
f 1697//1697 4187//4187 4223//4223
f 7155//7155 839//839 838//838
f 6279//6279 6197//6197 5230//5230
f 6198//6198 5275//5275 3095//3095
f 7156//7156 7164//7164 6444//6444
f 7119//7119 1230//1230 5586//5586
f 7135//7135 6496//6496 3793//3793
f 1028//1028 1316//1316 6353//6353
f 7158//7158 6181//6181 252//252
f 7157//7157 4400//4400 5717//5717
f 4086//4086 6409//6409 3293//3293
f 2537//2537 4482//4482 2535//2535
f 1715//1715 7159//7159 4414//4414
f 5171//5171 865//865 6030//6030
f 7159//7159 4367//4367 4414//4414
f 7154//7154 6399//6399 6236//6236
f 6459//6459 5431//5431 6487//6487
f 5171//5171 5116//5116 2503//2503
f 975//975 5484//5484 2260//2260
f 4912//4912 2961//2961 3131//3131
f 6521//6521 6251//6251 5993//5993
f 2236//2236 7160//7160 954//954
f 7160//7160 7136//7136 954//954
f 7161//7161 6541//6541 3366//3366
f 7127//7127 4560//4560 1188//1188
f 7152//7152 6524//6524 7293//7293
f 945//945 5459//5459 6575//6575
f 2140//2140 6570//6570 6590//6590
f 2392//2392 5788//5788 965//965
f 6187//6187 3251//3251 6600//6600
f 6108//6108 3929//3929 3768//3768
f 4553//4553 4492//4492 3182//3182
f 6982//6982 6108//6108 3768//3768
f 985//985 5641//5641 5459//5459
f 4354//4354 7282//7282 1250//1250
f 4991//4991 6766//6766 6740//6740
f 3271//3271 5638//5638 5437//5437
f 3214//3214 7140//7140 3378//3378
f 7143//7143 6686//6686 1761//1761
f 5430//5430 6705//6705 962//962
f 7128//7128 3581//3581 807//807
f 3959//3959 7163//7163 3798//3798
f 857//857 7107//7107 5156//5156
f 5342//5342 5400//5400 7149//7149
f 2062//2062 2103//2103 1884//1884
f 5431//5431 1972//1972 6487//6487
f 2082//2082 6242//6242 561//561
f 7261//7261 3052//3052 3020//3020
f 6//6 6858//6858 2544//2544
f 3750//3750 3739//3739 4452//4452
f 4173//4173 1412//1412 4126//4126
f 1340//1340 3918//3918 3756//3756
f 7096//7096 6949//6949 5557//5557
f 4262//4262 6980//6980 6003//6003
f 404//404 4262//4262 6003//6003
f 4984//4984 7155//7155 1841//1841
f 3864//3864 4724//4724 4689//4689
f 3168//3168 3567//3567 7034//7034
f 3638//3638 6808//6808 526//526
f 7033//7033 1244//1244 5045//5045
f 2050//2050 6242//6242 4401//4401
f 1734//1734 5639//5639 5415//5415
f 7047//7047 2082//2082 4352//4352
f 6146//6146 6675//6675 3323//3323
f 7166//7166 1252//1252 6407//6407
f 1252//1252 7263//7263 4369//4369
f 1517//1517 1518//1518 6224//6224
f 5052//5052 7265//7265 7295//7295
f 7168//7168 5103//5103 1615//1615
f 3168//3168 7169//7169 2972//2972
f 926//926 3734//3734 3360//3360
f 3978//3978 2643//2643 7160//7160
f 2892//2892 2885//2885 3277//3277
f 7174//7174 376//376 3454//3454
f 6156//6156 3740//3740 3901//3901
f 7175//7175 4553//4553 2928//2928
f 7176//7176 1156//1156 6108//6108
f 1058//1058 7179//7179 3773//3773
f 7172//7172 1322//1322 1050//1050
f 6146//6146 3323//3323 3329//3329
f 373//373 4235//4235 6913//6913
f 7182//7182 539//539 4404//4404
f 1807//1807 4404//4404 7062//7062
f 4535//4535 7167//7167 603//603
f 2482//2482 1967//1967 6800//6800
f 2482//2482 6800//6800 6063//6063
f 3650//3650 6767//6767 7265//7265
f 1980//1980 7168//7168 1615//1615
f 7168//7168 5102//5102 5103//5103
f 2793//2793 7169//7169 2617//2617
f 5270//5270 7186//7186 2487//2487
f 2055//2055 7187//7187 5279//5279
f 6176//6176 1513//1513 5789//5789
f 993//993 5496//5496 5792//5792
f 7189//7189 5503//5503 3878//3878
f 7191//7191 3971//3971 3800//3800
f 5069//5069 7283//7283 3657//3657
f 1887//1887 6845//6845 7207//7207
f 7177//7177 3159//3159 3160//3160
f 7112//7112 2721//2721 2715//2715
f 5375//5375 2142//2142 6141//6141
f 7192//7192 6681//6681 2984//2984
f 5395//5395 5463//5463 7188//7188
f 7095//7095 2350//2350 5450//5450
f 6176//6176 5789//5789 2363//2363
f 7194//7194 335//335 7020//7020
f 5698//5698 7180//7180 4293//4293
f 6473//6473 7195//7195 4984//4984
f 2239//2239 6172//6172 884//884
f 7195//7195 2180//2180 4984//4984
f 618//618 641//641 4601//4601
f 3533//3533 3740//3740 6156//6156
f 7196//7196 1983//1983 7168//7168
f 6516//6516 1517//1517 6224//6224
f 7198//7198 6289//6289 3741//3741
f 998//998 5503//5503 7189//7189
f 1742//1742 7189//7189 985//985
f 7193//7193 6326//6326 5494//5494
f 7178//7178 7313//7313 3866//3866
f 7224//7224 5273//5273 1690//1690
f 6360//6360 1811//1811 886//886
f 5642//5642 6388//6388 3271//3271
f 501//501 7190//7190 6415//6415
f 5381//5381 7200//7200 5437//5437
f 7187//7187 6115//6115 1703//1703
f 7149//7149 7187//7187 5342//5342
f 4726//4726 7183//7183 1303//1303
f 5279//5279 7187//7187 1703//1703
f 7197//7197 2255//2255 5188//5188
f 5008//5008 7185//7185 6753//6753
f 6736//6736 3069//3069 7213//7213
f 7204//7204 6737//6737 1686//1686
f 4328//4328 7199//7199 7203//7203
f 7199//7199 4328//4328 6098//6098
f 3470//3470 3650//3650 1428//1428
f 3650//3650 3470//3470 6758//6758
f 6745//6745 6766//6766 3833//3833
f 2233//2233 6117//6117 5400//5400
f 7171//7171 6339//6339 1673//1673
f 3233//3233 373//373 6913//6913
f 1609//1609 5189//5189 7344//7344
f 5781//5781 2904//2904 2534//2534
f 5386//5386 3978//3978 7160//7160
f 7166//7166 4288//4288 6565//6565
f 3978//3978 5386//5386 5634//5634
f 6751//6751 6745//6745 3833//3833
f 885//885 7205//7205 7247//7247
f 5948//5948 5890//5890 3740//3740
f 5948//5948 3740//3740 3533//3533
f 7206//7206 1344//1344 834//834
f 3557//3557 7206//7206 6885//6885
f 6885//6885 7206//7206 833//833
f 7184//7184 6821//6821 5912//5912
f 870//870 7148//7148 1170//1170
f 3567//3567 870//870 1170//1170
f 4445//4445 1880//1880 4467//4467
f 5757//5757 842//842 7214//7214
f 4701//4701 7066//7066 4700//4700
f 833//833 834//834 1525//1525
f 6328//6328 7097//7097 2946//2946
f 7060//7060 1807//1807 7062//7062
f 5342//5342 2233//2233 5400//5400
f 3308//3308 2949//2949 811//811
f 3345//3345 3619//3619 6889//6889
f 2199//2199 3149//3149 2588//2588
f 3149//3149 3152//3152 2588//2588
f 3091//3091 7208//7208 1085//1085
f 403//403 7209//7209 6003//6003
f 3275//3275 3460//3460 3072//3072
f 524//524 493//493 494//494
f 7210//7210 2482//2482 7249//7249
f 7211//7211 3851//3851 4883//4883
f 7214//7214 3666//3666 3462//3462
f 7218//7218 3168//3168 2972//2972
f 3315//3315 7216//7216 2927//2927
f 3398//3398 373//373 4139//4139
f 2254//2254 7217//7217 2705//2705
f 4581//4581 7210//7210 605//605
f 7210//7210 4581//4581 628//628
f 7213//7213 7300//7300 7106//7106
f 7218//7218 5134//5134 5135//5135
f 7204//7204 7109//7109 5182//5182
f 7219//7219 5319//5319 3645//3645
f 6497//6497 3520//3520 5498//5498
f 1318//1318 7220//7220 1083//1083
f 7208//7208 1046//1046 1085//1085
f 2008//2008 7209//7209 2014//2014
f 7221//7221 4229//4229 5942//5942
f 5134//5134 7218//7218 2972//2972
f 5283//5283 5241//5241 877//877
f 1811//1811 1810//1810 5319//5319
f 7222//7222 5640//5640 7134//7134
f 7222//7222 5478//5478 1470//1470
f 5498//5498 3520//3520 5792//5792
f 554//554 3653//3653 3638//3638
f 5858//5858 2125//2125 5859//5859
f 5155//5155 7168//7168 1983//1983
f 6497//6497 5498//5498 6247//6247
f 5640//5640 7222//7222 1470//1470
f 5494//5494 3345//3345 6889//6889
f 2081//2081 6279//6279 5230//5230
f 7224//7224 2239//2239 5274//5274
f 1095//1095 1102//1102 6079//6079
f 7245//7245 258//258 5997//5997
f 1466//1466 6176//6176 5977//5977
f 2239//2239 7224//7224 6172//6172
f 6617//6617 569//569 2727//2727
f 7221//7221 6984//6984 401//401
f 4513//4513 606//606 2638//2638
f 4229//4229 7221//7221 401//401
f 7214//7214 842//842 3666//3666
f 6973//6973 3275//3275 3072//3072
f 7224//7224 5210//5210 7299//7299
f 5340//5340 2812//2812 7247//7247
f 1418//1418 1244//1244 5757//5757
f 7047//7047 7199//7199 6659//6659
f 2888//2888 2696//2696 7300//7300
f 3845//3845 3308//3308 811//811
f 3398//3398 4139//4139 3592//3592
f 7181//7181 3530//3530 5984//5984
f 5155//5155 1983//1983 7361//7361
f 4688//4688 684//684 1463//1463
f 4104//4104 3382//3382 6727//6727
f 6887//6887 2892//2892 3279//3279
f 3277//3277 2885//2885 7174//7174
f 7215//7215 1517//1517 6516//6516
f 7188//7188 5375//5375 5395//5395
f 2008//2008 2014//2014 4196//4196
f 5781//5781 5283//5283 877//877
f 554//554 3638//3638 1263//1263
f 5656//5656 7245//7245 5997//5997
f 3382//3382 3388//3388 6483//6483
f 7228//7228 3672//3672 3490//3490
f 7229//7229 1667//1667 6861//6861
f 1284//1284 1095//1095 3981//3981
f 3898//3898 3530//3530 7181//7181
f 7233//7233 6716//6716 4861//4861
f 6567//6567 7234//7234 4935//4935
f 5625//5625 5962//5962 7367//7367
f 911//911 2139//2139 7007//7007
f 5365//5365 7235//7235 5386//5386
f 7237//7237 3382//3382 4104//4104
f 499//499 7355//7355 2332//2332
f 4394//4394 3475//3475 554//554
f 5218//5218 7043//7043 6869//6869
f 2626//2626 7239//7239 5306//5306
f 7236//7236 5512//5512 1304//1304
f 7181//7181 3571//3571 537//537
f 7234//7234 3493//3493 4935//4935
f 7241//7241 2501//2501 5770//5770
f 5138//5138 5770//5770 2501//2501
f 5499//5499 6488//6488 5513//5513
f 7242//7242 2081//2081 5161//5161
f 7240//7240 1466//1466 6177//6177
f 7243//7243 6010//6010 6061//6061
f 7184//7184 7244//7244 6964//6964
f 6483//6483 5982//5982 3382//3382
f 7123//7123 4369//4369 7263//7263
f 6613//6613 6987//6987 1310//1310
f 258//258 7245//7245 6183//6183
f 7245//7245 2670//2670 6183//6183
f 7162//7162 7261//7261 3020//3020
f 1887//1887 6224//6224 1518//1518
f 6030//6030 5116//5116 5171//5171
f 2323//2323 911//911 7007//7007
f 6928//6928 518//518 1508//1508
f 1117//1117 7240//7240 5541//5541
f 7240//7240 1117//1117 992//992
f 5226//5226 7246//7246 5297//5297
f 4798//4798 7292//7292 7053//7053
f 1358//1358 3898//3898 7181//7181
f 850//850 5140//5140 3160//3160
f 5188//5188 7230//7230 7242//7242
f 6179//6179 6613//6613 1310//1310
f 1684//1684 6928//6928 1508//1508
f 4798//4798 7053//7053 4852//4852
f 3308//3308 3499//3499 5756//5756
f 6276//6276 3308//3308 5756//5756
f 1508//1508 7227//7227 1684//1684
f 7166//7166 6565//6565 7263//7263
f 6806//6806 1284//1284 3981//3981
f 2013//2013 1887//1887 1518//1518
f 5340//5340 7247//7247 7205//7205
f 684//684 4752//4752 1463//1463
f 3060//3060 7329//7329 3075//3075
f 3131//3131 7250//7250 6256//6256
f 1128//1128 5580//5580 7162//7162
f 1058//1058 3586//3586 1082//1082
f 5667//5667 7255//7255 271//271
f 4575//4575 2389//2389 4542//4542
f 7254//7254 3335//3335 2916//2916
f 7250//7250 3134//3134 6256//6256
f 5059//5059 5058//5058 2700//2700
f 1617//1617 6864//6864 856//856
f 7257//7257 5138//5138 5139//5139
f 5137//5137 7257//7257 5163//5163
f 7258//7258 5770//5770 1985//1985
f 1992//1992 5218//5218 5217//5217
f 1738//1738 7259//7259 5474//5474
f 7261//7261 5580//5580 3771//3771
f 2611//2611 5164//5164 2794//2794
f 1992//1992 5176//5176 5218//5218
f 3568//3568 5190//5190 2976//2976
f 1864//1864 7262//7262 1114//1114
f 6441//6441 6461//6461 6502//6502
f 7243//7243 1354//1354 4346//4346
f 484//484 4277//4277 3366//3366
f 2189//2189 5584//5584 2957//2957
f 6541//6541 484//484 3366//3366
f 3657//3657 7234//7234 6566//6566
f 3739//3739 7201//7201 6810//6810
f 7166//7166 7263//7263 1252//1252
f 7257//7257 1772//1772 1985//1985
f 368//368 6483//6483 3591//3591
f 6441//6441 6502//6502 5471//5471
f 6859//6859 2366//2366 6880//6880
f 851//851 6895//6895 5148//5148
f 474//474 6928//6928 1893//1893
f 2694//2694 5059//5059 2700//2700
f 7262//7262 7139//7139 1114//1114
f 7261//7261 7162//7162 5580//5580
f 3570//3570 7264//7264 887//887
f 5147//5147 851//851 5148//5148
f 7249//7249 2482//2482 6063//6063
f 7207//7207 6845//6845 7012//7012
f 3149//3149 2189//2189 2957//2957
f 684//684 4721//4721 7327//7327
f 7276//7276 7240//7240 6177//6177
f 7267//7267 2156//2156 4265//4265
f 6810//6810 7268//7268 4452//4452
f 729//729 730//730 4838//4838
f 1003//1003 2663//2663 6441//6441
f 4079//4079 7271//7271 215//215
f 7272//7272 4432//4432 1543//1543
f 5897//5897 4452//4452 7268//7268
f 681//681 2204//2204 7045//7045
f 882//882 2715//2715 5266//5266
f 1448//1448 5268//5268 5269//5269
f 7274//7274 2129//2129 1731//1731
f 2129//2129 7274//7274 5561//5561
f 3651//3651 7276//7276 1040//1040
f 5861//5861 7277//7277 6475//6475
f 4231//4231 7278//7278 6721//6721
f 4798//4798 4797//4797 3148//3148
f 7279//7279 1485//1485 4047//4047
f 3443//3443 3451//3451 595//595
f 5541//5541 7276//7276 3651//3651
f 7270//7270 6441//6441 3610//3610
f 5990//5990 1102//1102 1284//1284
f 859//859 5765//5765 871//871
f 3639//3639 7280//7280 6451//6451
f 900//900 1448//1448 5269//5269
f 7274//7274 1553//1553 5561//5561
f 2255//2255 859//859 871//871
f 3271//3271 5437//5437 5642//5642
f 6736//6736 7213//7213 2424//2424
f 4104//4104 6727//6727 3241//3241
f 1617//1617 856//856 6030//6030
f 7279//7279 5990//5990 1284//1284
f 7291//7291 7284//7284 689//689
f 7286//7286 1542//1542 5615//5615
f 7287//7287 4478//4478 1453//1453
f 692//692 4696//4696 2115//2115
f 7288//7288 3714//3714 4759//4759
f 332//332 7285//7285 6788//6788
f 7290//7290 4333//4333 509//509
f 5615//5615 1544//1544 1357//1357
f 4504//4504 4535//4535 3451//3451
f 7291//7291 4660//4660 647//647
f 5054//5054 6662//6662 1150//1150
f 847//847 848//848 1772//1772
f 4239//4239 3277//3277 7174//7174
f 3454//3454 4239//4239 7174//7174
f 6747//6747 3564//3564 4349//4349
f 7286//7286 4371//4371 1542//1542
f 1256//1256 5618//5618 1800//1800
f 4697//4697 692//692 2115//2115
f 3833//3833 7294//7294 7295//7295
f 7296//7296 831//831 2500//2500
f 2340//2340 7296//7296 856//856
f 7284//7284 7254//7254 689//689
f 7293//7293 2669//2669 3021//3021
f 6347//6347 2316//2316 4546//4546
f 6306//6306 5381//5381 5437//5437
f 7296//7296 2500//2500 5116//5116
f 2507//2507 2788//2788 7307//7307
f 4047//4047 7298//7298 5990//5990
f 3907//3907 6657//6657 506//506
f 5054//5054 1150//1150 813//813
f 999//999 2665//2665 986//986
f 5638//5638 6306//6306 5437//5437
f 2765//2765 7292//7292 7269//7269
f 6967//6967 7023//7023 7022//7022
f 7056//7056 3381//3381 3239//3239
f 3069//3069 7300//7300 7213//7213
f 7289//7289 4122//4122 297//297
f 1051//1051 7178//7178 3682//3682
f 3571//3571 6747//6747 4349//4349
f 7300//7300 2696//2696 7106//7106
f 7224//7224 7299//7299 6172//6172
f 2888//2888 7300//7300 3069//3069
f 3443//3443 4504//4504 3451//3451
f 2471//2471 7303//7303 4697//4697
f 2206//2206 2576//2576 2186//2186
f 562//562 3254//3254 6463//6463
f 654//654 4625//4625 636//636
f 4036//4036 1550//1550 160//160
f 2910//2910 3329//3329 5850//5850
f 409//409 2258//2258 461//461
f 7305//7305 4316//4316 2790//2790
f 583//583 4493//4493 4554//4554
f 3182//3182 583//583 4554//4554
f 2733//2733 4594//4594 4549//4549
f 2120//2120 1936//1936 4635//4635
f 4697//4697 4664//4664 2471//2471
f 7303//7303 2449//2449 4697//4697
f 7306//7306 3160//3160 3159//3159
f 6036//6036 5475//5475 1108//1108
f 7309//7309 999//999 2783//2783
f 5925//5925 5577//5577 6363//6363
f 102//102 5662//5662 101//101
f 332//332 5981//5981 7285//7285
f 3832//3832 3658//3658 4239//4239
f 4446//4446 6463//6463 5896//5896
f 643//643 3512//3512 3319//3319
f 5002//5002 5001//5001 6501//6501
f 6036//6036 1108//1108 5512//5512
f 6352//6352 7313//7313 7178//7178
f 5731//5731 6995//6995 4655//4655
f 5625//5625 1253//1253 5962//5962
f 2120//2120 4635//4635 2308//2308
f 3624//3624 5873//5873 4065//4065
f 6773//6773 7299//7299 5210//5210
f 7312//7312 7023//7023 2883//2883
f 1245//1245 5029//5029 1419//1419
f 4505//4505 7302//7302 4472//4472
f 322//322 4134//4134 345//345
f 7310//7310 1660//1660 1492//1492
f 500//500 6747//6747 560//560
f 7309//7309 6971//6971 2665//2665
f 7092//7092 6774//6774 2325//2325
f 6999//6999 409//409 461//461
f 654//654 636//636 4673//4673
f 4996//4996 5060//5060 6168//6168
f 1899//1899 6773//6773 5210//5210
f 6354//6354 7311//7311 2440//2440
f 3102//3102 3339//3339 7313//7313
f 3329//3329 3323//3323 6676//6676
f 7313//7313 3339//3339 3866//3866
f 7212//7212 1245//1245 1419//1419
f 322//322 345//345 2008//2008
f 3160//3160 7306//7306 5084//5084
f 847//847 1428//1428 3650//3650
f 847//847 7265//7265 5052//5052
f 54//54 7314//7314 2738//2738
f 2867//2867 2869//2869 4181//4181
f 2985//2985 7319//7319 4325//4325
f 4546//4546 7238//7238 1848//1848
f 2094//2094 1918//1918 1580//1580
f 5532//5532 7318//7318 1864//1864
f 7318//7318 5533//5533 2206//2206
f 480//480 2156//2156 7267//7267
f 7320//7320 4504//4504 3264//3264
f 7316//7316 4483//4483 3096//3096
f 1753//1753 2094//2094 1580//1580
f 7318//7318 2206//2206 7262//7262
f 4021//4021 7322//7322 102//102
f 6471//6471 1677//1677 4106//4106
f 2815//2815 4502//4502 3004//3004
f 7317//7317 4885//4885 5955//5955
f 7323//7323 4959//4959 6843//6843
f 6576//6576 1344//1344 3918//3918
f 5057//5057 2067//2067 6861//6861
f 5447//5447 5494//5494 6326//6326
f 4324//4324 2332//2332 535//535
f 4816//4816 7321//7321 1468//1468
f 901//901 7324//7324 5271//5271
f 7324//7324 901//901 5336//5336
f 7050//7050 7324//7324 5336//5336
f 7325//7325 3785//3785 6376//6376
f 2405//2405 6404//6404 5899//5899
f 5487//5487 1114//1114 7139//7139
f 7315//7315 1689//1689 1898//1898
f 1600//1600 7373//7373 6890//6890
f 7326//7326 1375//1375 4548//4548
f 7326//7326 6777//6777 1375//1375
f 7315//7315 6472//6472 4408//4408
f 6419//6419 6447//6447 4446//4446
f 2056//2056 2405//2405 5899//5899
f 5603//5603 5599//5599 7373//7373
f 7319//7319 500//500 559//559
f 7256//7256 2881//2881 7341//7341
f 5093//5093 7051//7051 6812//6812
f 1340//1340 6576//6576 3918//3918
f 6951//6951 1325//1325 1134//1134
f 5093//5093 6812//6812 6874//6874
f 2117//2117 5831//5831 82//82
f 7327//7327 4721//4721 7266//7266
f 592//592 2815//2815 3004//3004
f 7367//7367 5102//5102 5155//5155
f 6347//6347 4546//4546 1848//1848
f 7232//7232 2986//2986 4513//4513
f 5979//5979 5487//5487 7139//7139
f 6379//6379 2788//2788 2507//2507
f 7177//7177 3160//3160 2976//2976
f 6992//6992 2618//2618 5212//5212
f 5127//5127 5128//5128 1686//1686
f 885//885 6992//6992 5212//5212
f 6737//6737 5127//5127 1686//1686
f 7320//7320 7302//7302 4504//4504
f 5850//5850 3329//3329 6676//6676
f 5076//5076 7345//7345 3919//3919
f 4050//4050 6471//6471 4106//4106
f 7122//7122 2867//2867 309//309
f 456//456 2339//2339 6854//6854
f 7328//7328 4293//4293 3665//3665
f 7330//7330 2412//2412 471//471
f 486//486 2073//2073 7332//7332
f 1898//1898 7332//7332 2073//2073
f 7342//7342 1517//1517 1344//1344
f 2795//2795 2169//2169 2503//2503
f 7334//7334 2235//2235 7133//7133
f 2275//2275 7080//7080 319//319
f 7328//7328 5703//5703 4293//4293
f 7335//7335 7058//7058 480//480
f 535//535 498//498 4324//4324
f 3188//3188 4364//4364 6965//6965
f 4468//4468 1271//1271 1455//1455
f 720//720 4739//4739 1871//1871
f 4929//4929 5957//5957 4931//4931
f 5915//5915 1608//1608 7360//7360
f 7334//7334 5391//5391 2235//2235
f 4316//4316 2602//2602 2790//2790
f 2602//2602 4316//4316 6854//6854
f 2607//2607 7347//7347 465//465
f 7347//7347 2607//2607 7331//7331
f 7336//7336 2303//2303 612//612
f 1463//1463 1119//1119 7304//7304
f 4997//4997 3679//3679 4996//4996
f 1686//1686 1897//1897 7204//7204
f 7339//7339 5285//5285 7308//7308
f 1636//1636 6556//6556 1642//1642
f 1674//1674 276//276 6882//6882
f 3101//3101 4671//4671 672//672
f 7338//7338 7177//7177 5164//5164
f 7352//7352 2796//2796 2500//2500
f 5852//5852 1554//1554 5831//5831
f 4151//4151 4178//4178 4177//4177
f 4359//4359 5946//5946 4358//4358
f 7340//7340 4612//4612 4610//4610
f 6995//6995 6969//6969 4587//4587
f 4551//4551 4621//4621 6367//6367
f 1464//1464 1636//1636 1642//1642
f 7342//7342 6332//6332 1518//1518
f 6385//6385 6866//6866 2088//2088
f 6422//6422 5531//5531 6201//6201
f 2527//2527 6447//6447 6320//6320
f 1901//1901 6450//6450 6421//6421
f 4725//4725 6920//6920 3016//3016
f 4069//4069 2190//2190 6471//6471
f 7019//7019 5330//5330 6295//6295
f 954//954 970//970 953//953
f 6605//6605 4084//4084 1325//1325
f 3930//3930 5013//5013 7337//7337
f 7337//7337 7343//7343 3930//3930
f 536//536 2799//2799 499//499
f 1901//1901 6421//6421 5250//5250
f 1344//1344 6576//6576 7342//7342
f 5535//5535 7162//7162 3020//3020
f 7344//7344 5189//5189 5139//5139
f 6385//6385 2088//2088 1910//1910
f 7256//7256 7341//7341 3060//3060
f 6488//6488 5499//5499 5476//5476
f 5133//5133 7307//7307 2331//2331
f 7351//7351 2331//2331 7307//7307
f 4513//4513 6947//6947 3543//3543
f 1553//1553 6488//6488 5476//5476
f 6992//6992 7247//7247 6985//6985
f 6992//6992 6985//6985 5211//5211
f 4513//4513 3543//3543 606//606
f 4316//4316 456//456 6854//6854
f 3496//3496 4997//4997 4996//4996
f 2412//2412 4359//4359 508//508
f 6931//6931 6995//6995 4587//4587
f 7315//7315 1898//1898 4358//4358
f 3160//3160 5140//5140 2976//2976
f 7345//7345 5127//5127 3919//3919
f 2342//2342 7347//7347 498//498
f 617//617 7167//7167 618//618
f 2457//2457 4848//4848 2442//2442
f 2457//2457 2442//2442 4900//4900
f 3049//3049 769//769 3230//3230
f 4929//4929 7350//7350 785//785
f 3049//3049 3230//3230 784//784
f 7352//7352 6171//6171 3167//3167
f 6042//6042 7353//7353 5535//5535
f 544//544 1953//1953 2137//2137
f 7348//7348 4440//4440 7355//7355
f 7231//7231 7355//7355 4440//4440
f 7359//7359 771//771 2846//2846
f 7361//7361 1983//1983 5176//5176
f 7362//7362 7038//7038 6075//6075
f 7363//7363 1674//1674 275//275
f 3295//3295 6364//6364 292//292
f 5933//5933 4140//4140 3592//3592
f 7335//7335 7346//7346 7058//7058
f 508//508 1898//1898 2073//2073
f 7356//7356 3023//3023 4550//4550
f 1460//1460 7357//7357 4739//4739
f 2568//2568 2752//2752 3101//3101
f 4965//4965 7366//7366 4997//4997
f 7129//7129 5959//5959 6223//6223
f 869//869 7351//7351 5160//5160
f 7367//7367 5962//5962 5102//5102
f 7368//7368 6326//6326 5413//5413
f 1406//1406 5560//5560 1731//1731
f 4047//4047 2033//2033 1636//1636
f 2275//2275 7364//7364 7354//7354
f 7364//7364 2275//2275 319//319
f 5933//5933 3592//3592 4139//4139
f 4264//4264 407//407 1761//1761
f 2528//2528 4359//4359 2709//2709
f 7358//7358 1638//1638 720//720
f 7350//7350 4884//4884 785//785
f 7366//7366 1416//1416 4997//4997
f 5176//5176 1992//1992 7361//7361
f 5915//5915 7361//7361 1992//1992
f 5891//5891 544//544 2137//2137
f 3649//3649 7369//7369 4468//4468
f 5731//5731 7370//7370 6995//6995
f 5378//5378 6116//6116 6114//6114
f 6055//6055 4151//4151 4150//4150
f 3016//3016 7349//7349 4725//4725
f 5307//5307 5369//5369 7019//7019
f 5531//5531 7371//7371 6201//6201
f 7362//7362 970//970 6334//6334
f 879//879 5915//5915 1992//1992
f 2015//2015 1649//1649 942//942
f 7372//7372 305//305 3942//3942
f 6996//6996 5330//5330 6923//6923
f 7000//7000 7370//7370 4614//4614
f 7370//7370 7000//7000 6969//6969
f 7038//7038 7362//7362 5476//5476
f 7352//7352 7130//7130 6171//6171
f 617//617 618//618 4601//4601
f 5155//5155 7361//7361 5915//5915
f 7355//7355 7231//7231 2332//2332
f 7252//7252 5535//5535 7353//7353
f 5535//5535 7252//7252 7162//7162
f 2528//2528 2709//2709 7099//7099
f 5731//5731 4655//4655 4690//4690
f 3160//3160 5084//5084 850//850
f 5599//5599 6582//6582 7373//7373
f 6890//6890 7373//7373 6582//6582
f 5603//5603 7373//7373 1600//1600
f 7374//7374 7343//7343 7337//7337
f 7374//7374 7345//7345 7343//7343
f 7232//7232 4513//4513 5726//5726
f 6488//6488 7274//7274 5560//5560
f 6488//6488 5560//5560 5513//5513
f 5915//5915 7360//7360 7367//7367
f 7347//7347 4324//4324 498//498
# 14512 faces, 0 coords texture

# End of File
