v 0.180473 -0.277181 0.014054
v -0.151884 0.089541 0.016645
v -0.177878 -0.273560 0.022758
v -0.151064 0.223481 -0.030400
v -0.087127 0.231240 -0.034414
v 0.148793 0.230424 -0.031962
v 0.070456 0.240129 -0.026264
v -0.178770 -0.272464 0.028430
v -0.178839 -0.271473 0.034097
v -0.177780 -0.270538 0.039776
v -0.175892 -0.269716 0.045461
v -0.173653 -0.268974 0.051134
v -0.169608 -0.268167 0.058694
v -0.166743 -0.267692 0.063375
v -0.164214 -0.267217 0.067727
v -0.161026 -0.266690 0.073481
v -0.155479 -0.265991 0.082933
v -0.151932 -0.265598 0.087938
v -0.147062 -0.265219 0.092930
v -0.140696 -0.264935 0.097556
v -0.133729 -0.264588 0.101832
v -0.127788 -0.264349 0.104547
v -0.120986 -0.263992 0.107445
v -0.111600 -0.263400 0.111307
v -0.100979 -0.262996 0.115628
v -0.089121 -0.262491 0.120342
v -0.068279 -0.262219 0.128191
v -0.062551 -0.262179 0.130238
v -0.052405 -0.262226 0.133625
v -0.040854 -0.262254 0.137194
v -0.031743 -0.262408 0.139562
v -0.019895 -0.262566 0.141906
v -0.009208 -0.262680 0.143101
v -0.003444 -0.262727 0.143365
v 0.003588 -0.262758 0.143241
v 0.013251 -0.262757 0.142357
v 0.021795 -0.262728 0.140983
v 0.035872 -0.262615 0.137666
v 0.052509 -0.262624 0.132753
v 0.061025 -0.262638 0.129944
v 0.082762 -0.263142 0.122171
v 0.088277 -0.263383 0.120102
v 0.098306 -0.263902 0.116234
v 0.108474 -0.264399 0.112255
v 0.118662 -0.265075 0.108239
v 0.126439 -0.265489 0.105050
v 0.132318 -0.265714 0.102544
v 0.137151 -0.265971 0.099670
v 0.142025 -0.266185 0.096437
v 0.146470 -0.266369 0.093182
v 0.154101 -0.266865 0.085619
v 0.159657 -0.267272 0.079855
v 0.165482 -0.267728 0.074055
v 0.170536 -0.268206 0.068859
v 0.175000 -0.268813 0.063440
v 0.179014 -0.269383 0.057951
v 0.182045 -0.270008 0.052331
v 0.184030 -0.270613 0.046676
v 0.186613 -0.271707 0.036210
v 0.187360 -0.272571 0.029759
v 0.186038 -0.273758 0.024168
v 0.183831 -0.275355 0.018972
v 0.182103 -0.248543 0.014064
v 0.179652 -0.225314 0.014881
v 0.168971 -0.202255 0.014784
v 0.166933 -0.190987 0.016088
v 0.163431 -0.179814 0.016546
v 0.156483 -0.157949 0.016567
v 0.153888 -0.147311 0.015678
v 0.148935 -0.131703 0.015429
v 0.139786 -0.116373 0.015973
v 0.129810 -0.103422 0.017909
v 0.121131 -0.086465 0.017178
v 0.120246 -0.080577 0.017819
v 0.119551 -0.075279 0.018530
v 0.118831 -0.068844 0.018580
v 0.118472 -0.053215 0.018045
v 0.118860 -0.046062 0.017072
v 0.119892 -0.038019 0.017134
v 0.121323 -0.026131 0.014883
v 0.129431 0.010859 0.019610
v 0.132395 0.027507 0.016528
v 0.134916 0.044035 0.013265
v 0.140812 0.058456 0.010634
v 0.143283 0.068936 0.015152
v 0.145427 0.084695 0.009805
v 0.145506 0.088330 0.014890
v 0.144556 0.086157 0.022688
v 0.143564 0.084017 0.030615
v 0.142937 0.082913 0.035913
v 0.142320 0.081953 0.041222
v 0.141783 0.081253 0.046553
v 0.141351 0.080753 0.051894
v 0.141006 0.080686 0.057201
v 0.141057 0.080983 0.062491
v 0.141822 0.081857 0.067542
v 0.143475 0.082914 0.072378
v 0.145474 0.083931 0.077071
v 0.147559 0.085112 0.081680
v 0.150032 0.088272 0.084170
v 0.151707 0.093102 0.084877
v 0.150528 0.097827 0.083195
v 0.148387 0.101534 0.080160
v 0.146512 0.105388 0.077085
v 0.144649 0.109578 0.074295
v 0.142968 0.113867 0.071506
v 0.140949 0.118313 0.068891
v 0.139108 0.122815 0.066309
v 0.137584 0.127412 0.063856
v 0.136572 0.131972 0.061319
v 0.136334 0.136470 0.058659
v 0.136675 0.141004 0.056075
v 0.137580 0.145573 0.053552
v 0.138968 0.150278 0.050955
v 0.142716 0.159620 0.046296
v 0.144778 0.165238 0.044059
v 0.146781 0.171411 0.042034
v 0.148669 0.177878 0.040523
v 0.149983 0.184510 0.038798
v 0.150821 0.191316 0.036982
v 0.151727 0.197771 0.035031
v 0.152633 0.203262 0.032006
v 0.153302 0.208426 0.028815
v 0.154196 0.212908 0.026105
v 0.154089 0.216185 0.021804
v 0.153767 0.222487 0.013273
v 0.153396 0.224958 0.008529
v 0.152994 0.226875 0.003701
v 0.152540 0.228438 -0.001195
v 0.152048 0.228817 -0.006423
v 0.151507 0.229453 -0.011651
v 0.150943 0.229937 -0.016875
v 0.150341 0.230208 -0.022081
v 0.149711 0.230004 -0.027215
v 0.139290 0.230370 -0.031714
v 0.129234 0.229853 -0.032460
v 0.118878 0.230893 -0.032620
v 0.087577 0.238330 -0.030396
v 0.083463 0.233982 -0.020128
v 0.081214 0.232630 -0.005953
v 0.080224 0.229922 0.003318
v 0.078381 0.227105 0.012299
v 0.073755 0.217807 0.024471
v 0.068646 0.195136 0.038468
v 0.061136 0.175868 0.050651
v 0.052957 0.168979 0.059904
v 0.044718 0.161067 0.068345
v 0.028879 0.155530 0.077557
v 0.016982 0.149115 0.081246
v 0.003335 0.147273 0.083487
v -0.005903 0.145576 0.082188
v -0.024565 0.147643 0.079429
v -0.048718 0.157112 0.068664
v -0.057949 0.165195 0.061210
v -0.066675 0.171773 0.052018
v -0.073299 0.181285 0.042925
v -0.080628 0.196917 0.030288
v -0.086171 0.219783 0.005907
v -0.096921 0.230864 -0.034140
v -0.114781 0.230273 -0.032749
v -0.132533 0.227996 -0.030893
v -0.141773 0.226610 -0.030281
v -0.152116 0.225002 -0.025409
v -0.152616 0.224904 -0.020131
v -0.152887 0.225319 -0.014834
v -0.153094 0.225225 -0.009569
v -0.153269 0.225221 -0.004310
v -0.153405 0.224072 0.000850
v -0.153510 0.221419 0.005752
v -0.153569 0.218331 0.010606
v -0.153561 0.214673 0.015226
v -0.153392 0.208287 0.021156
v -0.152994 0.199998 0.027457
v -0.152712 0.194631 0.030859
v -0.152269 0.187791 0.034837
v -0.151463 0.177681 0.039761
v -0.150645 0.168996 0.044075
v -0.149457 0.158216 0.049410
v -0.148488 0.150809 0.053137
v -0.147936 0.146094 0.055530
v -0.148244 0.135689 0.060279
v -0.148434 0.126802 0.064508
v -0.149206 0.117103 0.068849
v -0.150295 0.112139 0.070737
v -0.151436 0.107608 0.072471
v -0.152904 0.102865 0.073953
v -0.154428 0.098050 0.075063
v -0.156122 0.093236 0.075648
v -0.156049 0.088266 0.074300
v -0.154238 0.084860 0.070921
v -0.151368 0.082991 0.067112
v -0.148945 0.082085 0.062629
v -0.146911 0.081280 0.057960
v -0.145860 0.081045 0.052827
v -0.145172 0.080948 0.047608
v -0.145276 0.081893 0.042320
v -0.145526 0.082872 0.037032
v -0.146251 0.084489 0.031898
v -0.147681 0.086090 0.026776
v -0.149639 0.087768 0.021699
v -0.148643 0.078764 0.014920
v -0.139785 0.048652 0.020248
v -0.135718 0.038797 0.024124
v -0.131990 0.023756 0.022810
v -0.129866 0.008635 0.027714
v -0.124488 -0.019181 0.024009
v -0.122565 -0.029376 0.024044
v -0.121323 -0.038132 0.024049
v -0.120375 -0.052104 0.024036
v -0.124328 -0.074117 0.019926
v -0.135302 -0.094677 0.010455
v -0.142221 -0.104683 0.005202
v -0.160811 -0.151371 -0.009405
v -0.169128 -0.210646 0.006996
v 0.179409 -0.276989 0.008732
v 0.176799 -0.276502 0.001597
v 0.172221 -0.275474 -0.010302
v 0.166760 -0.274273 -0.023292
v 0.164797 -0.273770 -0.029027
v 0.161746 -0.273238 -0.035222
v 0.157836 -0.272447 -0.044919
v 0.152316 -0.271757 -0.055088
v 0.148708 -0.271434 -0.060148
v 0.142739 -0.271095 -0.066101
v 0.132082 -0.270610 -0.074799
v 0.124528 -0.270384 -0.080478
v 0.114582 -0.270161 -0.088404
v 0.109711 -0.270181 -0.092410
v 0.104996 -0.270342 -0.096063
v 0.098051 -0.270740 -0.100740
v 0.084408 -0.271938 -0.107062
v 0.078309 -0.272631 -0.109089
v 0.072495 -0.273340 -0.110564
v 0.066619 -0.273988 -0.111982
v 0.060612 -0.274714 -0.112822
v 0.054542 -0.275418 -0.113466
v 0.048444 -0.276062 -0.114007
v 0.042321 -0.276636 -0.114315
v 0.036155 -0.277106 -0.114633
v 0.029969 -0.277454 -0.114928
v 0.021931 -0.277755 -0.115231
v 0.011461 -0.277978 -0.115509
v 0.005216 -0.277990 -0.115582
v -0.006605 -0.277835 -0.115576
v -0.014218 -0.277667 -0.115468
v -0.025732 -0.277161 -0.115250
v -0.031912 -0.276781 -0.115371
v -0.038087 -0.276325 -0.115676
v -0.044237 -0.275788 -0.116096
v -0.054159 -0.274703 -0.116649
v -0.062496 -0.273624 -0.116863
v -0.068460 -0.272830 -0.116588
v -0.074876 -0.272009 -0.115700
v -0.080119 -0.271322 -0.114712
v -0.085709 -0.270633 -0.112904
v -0.096443 -0.269462 -0.108561
v -0.100623 -0.269076 -0.106251
v -0.103644 -0.268787 -0.103335
v -0.105749 -0.268574 -0.099852
v -0.107434 -0.268479 -0.096335
v -0.109737 -0.268591 -0.089077
v -0.112225 -0.268737 -0.083299
v -0.121230 -0.269231 -0.069628
v -0.127511 -0.269493 -0.063602
v -0.140831 -0.269906 -0.054529
v -0.148914 -0.270187 -0.048875
v -0.156207 -0.270486 -0.042899
v -0.161354 -0.270796 -0.036616
v -0.164157 -0.271126 -0.030057
v -0.165687 -0.271459 -0.023331
v -0.167591 -0.271800 -0.016500
v -0.169997 -0.272141 -0.009637
v -0.171112 -0.272477 -0.002820
v -0.171937 -0.272794 0.003891
v -0.174206 -0.273113 0.010485
v -0.175699 -0.273385 0.016774
v -0.178159 -0.262118 0.019519
v -0.177034 -0.250546 0.018717
v -0.172831 -0.227864 0.010481
v -0.170828 -0.217966 0.009224
v -0.166300 -0.194095 0.000519
v -0.165841 -0.185028 -0.001506
v -0.166073 -0.174310 -0.005017
v -0.155975 -0.130681 -0.005922
v -0.150533 -0.118761 -0.001748
v -0.126858 -0.079670 0.017702
v -0.120995 -0.064094 0.022941
v -0.125938 -0.012058 0.024550
v -0.129251 0.009007 0.020421
v -0.133008 0.030790 0.022349
v -0.142039 0.054542 0.019532
v -0.145583 0.066049 0.015095
v -0.155952 0.091297 0.005881
v -0.157642 0.092135 0.000420
v -0.158968 0.092956 -0.005092
v -0.159691 0.093776 -0.010676
v -0.159965 0.094560 -0.016356
v -0.160740 0.096894 -0.027781
v -0.161342 0.098384 -0.033660
v -0.161559 0.100067 -0.039500
v -0.161525 0.102029 -0.045292
v -0.160359 0.104515 -0.050947
v -0.158664 0.107713 -0.056129
v -0.156917 0.111216 -0.060978
v -0.154948 0.115540 -0.065238
v -0.153349 0.120348 -0.068637
v -0.152119 0.125311 -0.071689
v -0.151653 0.130375 -0.074343
v -0.151346 0.135967 -0.076305
v -0.151169 0.141496 -0.077833
v -0.150932 0.146984 -0.079177
v -0.150613 0.157503 -0.080445
v -0.150746 0.163362 -0.080542
v -0.151242 0.173784 -0.079486
v -0.151382 0.178888 -0.077830
v -0.151465 0.183778 -0.075665
v -0.151591 0.188551 -0.073273
v -0.151617 0.192104 -0.070851
v -0.151648 0.197405 -0.066237
v -0.151623 0.201713 -0.062536
v -0.151545 0.205925 -0.058583
v -0.151182 0.213825 -0.049583
v -0.150990 0.217534 -0.044874
v -0.150784 0.220413 -0.040012
v -0.150764 0.223321 -0.035403
v -0.124724 0.230843 -0.031949
v -0.108636 0.229891 -0.033498
v -0.073827 0.226019 -0.051710
v -0.062367 0.224047 -0.061869
v -0.049624 0.222085 -0.071162
v -0.037356 0.216161 -0.078787
v -0.025716 0.216511 -0.079211
v -0.005259 0.214430 -0.080152
v 0.032738 0.218783 -0.077731
v 0.060323 0.220672 -0.063430
v 0.071569 0.225526 -0.052997
v 0.098654 0.235294 -0.033415
v 0.108644 0.232580 -0.032802
v 0.149063 0.225894 -0.035830
v 0.149272 0.221205 -0.040033
v 0.149532 0.217351 -0.044974
v 0.149801 0.211642 -0.050552
v 0.150203 0.203087 -0.058781
v 0.150342 0.195772 -0.065560
v 0.150352 0.191280 -0.070078
v 0.150351 0.187365 -0.073328
v 0.150263 0.183112 -0.075720
v 0.150219 0.179489 -0.077647
v 0.150127 0.174044 -0.079637
v 0.149926 0.168893 -0.080162
v 0.149809 0.163526 -0.080635
v 0.149610 0.158086 -0.080607
v 0.149184 0.147291 -0.079636
v 0.149281 0.141792 -0.078387
v 0.149596 0.136375 -0.076930
v 0.149914 0.130969 -0.075194
v 0.150119 0.125891 -0.072713
v 0.150223 0.120871 -0.069899
v 0.150513 0.116019 -0.066617
v 0.150404 0.111406 -0.062862
v 0.150560 0.107735 -0.058004
v 0.150379 0.104303 -0.052945
v 0.150625 0.101496 -0.047474
v 0.150253 0.099470 -0.041636
v 0.150108 0.097755 -0.035770
v 0.149497 0.096473 -0.029834
v 0.149009 0.095421 -0.023965
v 0.148697 0.094626 -0.018181
v 0.148305 0.093756 -0.012486
v 0.147643 0.092448 -0.004343
v 0.146780 0.090948 0.004210
v 0.142631 0.064968 0.011047
v 0.137482 0.049994 0.012549
v 0.133392 0.035216 0.013868
v 0.130428 0.020836 0.011100
v 0.127378 0.001092 0.017826
v 0.124122 -0.010350 0.012423
v 0.118556 -0.059566 0.019402
v 0.122219 -0.090959 0.016159
v 0.127607 -0.101069 0.015155
v 0.146209 -0.125559 0.015812
v 0.152131 -0.142347 0.014885
v 0.159410 -0.166453 0.017090
v 0.173215 -0.209926 0.015009
v 0.181950 -0.232450 0.014783
v 0.179996 -0.255036 0.013725
v 0.179390 -0.266133 0.013507
v -0.074069 0.232189 -0.027732
v -0.086967 0.231560 -0.028370
v -0.087155 0.230417 -0.022648
v -0.087519 0.228720 -0.016959
v -0.087543 0.227368 -0.011308
v -0.086961 0.223300 -0.000765
v -0.084494 0.213747 0.015068
v -0.082089 0.204655 0.024051
v -0.077288 0.189981 0.035582
v -0.036434 0.153148 0.076495
v -0.016712 0.147047 0.081481
v 0.009169 0.148062 0.082869
v 0.023666 0.152018 0.079663
v 0.037024 0.156973 0.073351
v 0.048792 0.164611 0.065269
v 0.058119 0.172636 0.055509
v 0.065331 0.184060 0.045039
v 0.070866 0.203206 0.033802
v 0.076930 0.224728 0.017336
v 0.082608 0.233941 -0.013064
v 0.083547 0.236147 -0.029328
v 0.069341 0.237389 -0.022410
v 0.068048 0.235275 -0.018688
v 0.067220 0.233207 -0.014418
v 0.066708 0.231742 -0.009692
v 0.066119 0.230836 -0.004871
v 0.065414 0.229513 -0.000026
v 0.064516 0.227040 0.004693
v 0.063421 0.224100 0.009321
v 0.062158 0.221814 0.013857
v 0.060659 0.218002 0.018039
v 0.058855 0.212683 0.022834
v 0.055803 0.202956 0.030689
v 0.053957 0.198132 0.034844
v 0.051913 0.193808 0.038967
v 0.049768 0.190267 0.043046
v 0.047361 0.187347 0.046993
v 0.044804 0.184256 0.050619
v 0.042026 0.181618 0.053720
v 0.038665 0.178422 0.057175
v 0.035119 0.175526 0.059900
v 0.031394 0.172682 0.062425
v 0.027308 0.169907 0.064287
v 0.022930 0.167241 0.065704
v 0.018371 0.164888 0.067010
v 0.013440 0.163059 0.068075
v 0.008452 0.161439 0.069099
v -0.002173 0.160131 0.069976
v -0.012725 0.161178 0.069249
v -0.017779 0.162475 0.068486
v -0.022779 0.163934 0.067633
v -0.027518 0.165908 0.066522
v -0.032089 0.167897 0.064866
v -0.036243 0.170072 0.062607
v -0.040025 0.172618 0.060052
v -0.043603 0.175333 0.057384
v -0.046748 0.178211 0.054311
v -0.049715 0.181060 0.051034
v -0.052094 0.184259 0.047622
v -0.054425 0.187498 0.044232
v -0.057119 0.191226 0.039219
v -0.060501 0.196150 0.032560
v -0.062441 0.199115 0.028615
v -0.064211 0.202410 0.024584
v -0.065625 0.205780 0.020376
v -0.066884 0.208997 0.016028
v -0.067975 0.212055 0.011571
v -0.068891 0.215226 0.006923
v -0.069627 0.218214 0.002200
v -0.070194 0.220802 -0.002586
v -0.070646 0.223598 -0.007359
v -0.071017 0.226447 -0.012003
v -0.071409 0.229187 -0.016456
v -0.071834 0.232317 -0.020776
v 0.076866 0.236070 -0.031737
v 0.080851 0.233999 -0.039915
v 0.045759 0.220446 -0.072908
v 0.019008 0.217027 -0.078985
v -0.069411 0.225033 -0.055517
v -0.084064 0.230251 -0.039185
v -0.079725 0.231632 -0.030777
v -0.067717 0.234231 -0.028629
v -0.061121 0.234182 -0.035466
v -0.057620 0.234937 -0.040020
v -0.054742 0.236145 -0.044131
v -0.051765 0.237509 -0.048218
v -0.045983 0.239014 -0.054693
v -0.038528 0.239565 -0.060979
v -0.032475 0.239347 -0.064663
v -0.027742 0.238875 -0.066475
v -0.023062 0.238375 -0.067589
v -0.017822 0.237838 -0.068798
v -0.012761 0.237650 -0.069651
v -0.007676 0.237430 -0.070323
v -0.002573 0.237478 -0.070830
v 0.002548 0.237504 -0.070811
v 0.007632 0.237513 -0.070250
v 0.012694 0.237746 -0.069559
v 0.017716 0.238030 -0.068701
v 0.026231 0.239260 -0.066998
v 0.032544 0.240087 -0.065787
v 0.037236 0.240283 -0.063864
v 0.041303 0.239918 -0.060794
v 0.044981 0.239105 -0.056939
v 0.050979 0.236927 -0.049242
v 0.053975 0.236104 -0.045252
v 0.056700 0.235817 -0.041144
v 0.059776 0.236440 -0.037187
v 0.062845 0.237343 -0.033225
v 0.066337 0.238673 -0.029519
v -0.143193 0.064652 0.026510
v -0.141902 0.054682 0.028095
v -0.138294 0.038920 0.043720
v -0.076379 0.031856 0.147792
v -0.131236 0.065081 0.110606
v -0.123426 -0.017843 0.075850
v 0.088475 0.066989 0.139471
v -0.143864 0.092304 0.086919
v 0.031552 0.135833 0.106500
v 0.015154 0.145890 0.096071
v 0.138628 0.079963 0.101050
v 0.033127 0.156289 0.082669
v 0.097407 0.127060 0.109147
v 0.118772 0.135689 0.076411
v 0.057404 0.154462 0.085183
v 0.054540 0.169757 0.069367
v 0.108653 0.162327 0.070155
v 0.139343 0.173291 0.048231
v 0.076165 0.174081 0.060758
v 0.068094 0.192845 0.045315
v 0.132812 0.214541 0.034040
v 0.142844 0.190692 0.042538
v 0.149152 0.216929 0.028393
v 0.092652 0.223619 0.026128
v 0.081822 0.188216 0.040761
v 0.130536 0.231222 -0.002494
v 0.107459 0.230222 -0.000238
v 0.147087 0.225340 0.014506
v 0.131139 0.231357 -0.025333
v 0.137685 0.230780 -0.027256
v 0.089962 0.235170 0.004276
v 0.096091 0.232765 -0.015943
v 0.089598 0.238413 -0.027273
v 0.017074 0.082850 0.137621
v 0.007194 0.135895 0.100742
v -0.005608 0.124478 0.110895
v -0.025850 0.146977 0.088956
v -0.067957 0.109047 0.131614
v -0.118994 0.095483 0.102520
v -0.075275 0.134083 0.092738
v -0.054924 0.162987 0.076679
v -0.141297 0.127861 0.067826
v -0.066263 0.167699 0.076228
v -0.110421 0.158003 0.073660
v -0.140431 0.143882 0.059447
v -0.095434 0.179464 0.045263
v -0.081360 0.202587 0.031200
v -0.143318 0.164246 0.047390
v -0.075879 0.181408 0.061537
v -0.123417 0.198495 0.036259
v -0.137052 0.177634 0.040612
v -0.088139 0.207042 0.031728
v -0.147200 0.188899 0.034856
v -0.106780 0.210131 0.025488
v -0.138026 0.223790 0.008876
v -0.131880 0.197792 0.034967
v -0.127809 0.228354 -0.021979
v -0.095610 0.232527 -0.008064
v -0.119219 0.232187 -0.027758
v -0.094197 0.233104 -0.028408
v -0.140768 0.227271 -0.001386
v -0.146245 0.226072 -0.024881
v 0.126683 -0.012302 0.066321
v 0.123916 -0.026259 0.031201
v 0.134311 0.056718 0.096524
v 0.137536 0.075413 0.076649
v 0.133008 0.023650 0.032559
v 0.138399 0.046197 0.028723
v 0.142091 0.065426 0.040601
v 0.143636 0.072967 0.020099
v 0.144283 0.080591 0.019336
v 0.011515 -0.255054 0.143140
v 0.119724 -0.058513 0.023483
v 0.089335 -0.118542 0.125940
v 0.134098 -0.110082 0.034431
v 0.102965 -0.186151 0.122937
v 0.098486 -0.235100 0.118359
v 0.136904 -0.138369 0.051288
v 0.141863 -0.173310 0.068203
v 0.159758 -0.169870 0.023100
v 0.144021 -0.158473 0.051410
v 0.139513 -0.228898 0.094896
v 0.165561 -0.188912 0.023154
v 0.148980 -0.245629 0.086969
v 0.158671 -0.227987 0.071706
v 0.162708 -0.206428 0.040040
v 0.177673 -0.252452 0.055129
v 0.177208 -0.227920 0.029193
v 0.181458 -0.250702 0.023573
v 0.183316 -0.268483 0.020076
v -0.122875 -0.044872 0.045883
v -0.105471 -0.113284 0.107907
v -0.143381 -0.105796 0.013049
v -0.029431 -0.241693 0.141620
v -0.120863 -0.061857 0.062908
v -0.056184 -0.239443 0.134540
v -0.113377 -0.199926 0.115996
v -0.157460 -0.173272 0.053539
v -0.166312 -0.182033 0.007311
v -0.120415 -0.248201 0.107450
v -0.168161 -0.186833 0.027265
v -0.144800 -0.221280 0.085082
v -0.137639 -0.242484 0.097275
v -0.166538 -0.212086 0.042493
v -0.153646 -0.255136 0.082452
v -0.170122 -0.206338 0.016274
v -0.164545 -0.256299 0.064352
v -0.178200 -0.251874 0.031470
v -0.173168 -0.261194 0.051979
v -0.179547 -0.265662 0.028878
v -0.177946 -0.264797 0.040292
v -0.140458 0.057792 0.059295
v -0.130016 0.003850 0.041683
v -0.033240 0.071743 0.137250
v -0.133656 0.024649 0.103401
v 0.043601 -0.000912 0.142089
v 0.103725 0.095438 0.115297
v 0.135886 0.032770 0.100184
v 0.051516 0.111541 0.121322
v 0.117256 0.112977 0.089183
v 0.107336 0.140113 0.090432
v 0.127285 0.151140 0.061515
v 0.113726 0.150164 0.081081
v 0.129873 0.167241 0.060780
v 0.102201 0.173939 0.047605
v 0.120950 0.179384 0.054164
v 0.143261 0.177537 0.042971
v 0.139658 0.208185 0.041986
v 0.135503 0.221529 0.027368
v 0.078488 0.215712 0.036145
v 0.071926 0.180259 0.058306
v 0.116903 0.228512 0.015124
v 0.106868 0.222717 0.025037
v 0.135121 0.226990 0.013851
v 0.096702 0.232208 0.014331
v 0.009229 0.055209 0.148403
v 0.077293 0.105643 0.130659
v 0.016928 0.126938 0.094806
v -0.010041 0.145619 0.093640
v 0.000312 0.130522 0.098657
v -0.099297 0.064860 0.135774
v -0.012776 0.099709 0.126742
v -0.129924 0.116223 0.081980
v -0.042988 0.151579 0.079423
v -0.063476 0.156119 0.076384
v -0.069238 0.156694 0.066923
v -0.082111 0.188282 0.048851
v -0.145845 0.173415 0.042391
v -0.073651 0.158196 0.062743
v -0.064849 0.174063 0.057857
v -0.126260 0.174252 0.058319
v -0.094592 0.191318 0.031664
v -0.139313 0.172412 0.043237
v -0.085192 0.197435 0.040306
v -0.104268 0.201532 0.040712
v -0.091735 0.226563 0.005611
v -0.147558 0.207756 0.023130
v -0.133916 0.191778 0.034007
v -0.109393 0.222681 0.020322
v -0.121755 0.224826 0.000984
v -0.131289 0.226847 0.005216
v 0.120254 -0.048393 0.023773
v -0.124300 -0.028011 0.039652
v 0.123776 -0.032552 0.041297
v 0.125241 -0.023338 0.051122
v 0.129567 -0.000147 0.050883
v 0.127504 -0.010560 0.050109
v 0.138202 0.034623 0.076697
v 0.139548 0.068835 0.057118
v 0.139088 0.047776 0.076249
v 0.140580 0.051245 0.047949
v -0.112422 -0.020560 0.104361
v 0.001171 -0.239156 0.144889
v 0.015163 -0.241330 0.143619
v 0.122227 -0.072595 0.048379
v 0.016731 -0.182763 0.145668
v -0.029972 -0.215940 0.143391
v 0.089679 -0.251586 0.120582
v 0.067198 -0.219327 0.132352
v 0.126842 -0.257853 0.104137
v 0.155100 -0.151256 0.024933
v 0.133195 -0.156625 0.074855
v 0.111359 -0.217524 0.116166
v 0.152495 -0.177997 0.045810
v 0.139413 -0.148551 0.053286
v 0.144978 -0.168639 0.054090
v 0.113721 -0.260222 0.110145
v 0.136005 -0.247922 0.098413
v 0.142549 -0.238990 0.092484
v 0.148669 -0.197687 0.070765
v 0.141755 -0.223056 0.091023
v 0.154250 -0.189921 0.048939
v 0.166763 -0.226664 0.058837
v -0.122373 -0.049159 0.054001
v -0.075173 -0.054245 0.132987
v -0.127999 -0.089964 0.046394
v -0.122649 -0.035362 0.062202
v -0.122887 -0.070093 0.042155
v -0.124760 -0.102324 0.066523
v -0.068933 -0.214354 0.132549
v -0.144103 -0.136250 0.056577
v -0.115059 -0.232413 0.111535
v -0.164961 -0.157488 -0.000370
v -0.158282 -0.148839 0.040378
v -0.158239 -0.132991 0.009075
v -0.132672 -0.233475 0.101397
v -0.157853 -0.208223 0.056289
v -0.169594 -0.198361 0.018227
v -0.153761 -0.232127 0.073238
v -0.173961 -0.229354 0.029545
v -0.171322 -0.230950 0.041981
v -0.168335 -0.245191 0.054993
v -0.132964 0.023406 0.032961
v -0.013891 0.026244 0.147117
v -0.018300 0.095693 0.141788
v -0.127112 0.003165 0.091942
v -0.103034 0.037199 0.141113
v 0.106339 -0.045163 0.111209
v 0.036631 0.065523 0.139885
v 0.104667 0.083412 0.119895
v 0.113477 0.106543 0.098590
v 0.089214 0.020674 0.142685
v 0.132015 0.009187 0.064380
v 0.057239 0.118901 0.100481
v 0.005892 0.115717 0.118321
v 0.109812 0.135580 0.088059
v 0.109294 0.109996 0.102310
v 0.101473 0.136271 0.098969
v 0.124243 0.143902 0.066328
v 0.128698 0.139922 0.062883
v 0.135153 0.161884 0.052768
v 0.107383 0.155106 0.084848
v 0.119231 0.163473 0.072748
v 0.134986 0.180065 0.054958
v 0.110046 0.201129 0.034240
v 0.081956 0.173785 0.068774
v 0.125092 0.181204 0.057173
v 0.125164 0.197463 0.039679
v 0.134888 0.204570 0.044217
v 0.132757 0.217031 0.028464
v 0.083950 0.210777 0.032645
v 0.079003 0.228681 0.023898
v 0.115235 0.231806 0.009434
v 0.100577 0.208966 0.034815
v 0.116067 0.217342 0.023281
v 0.125382 0.220744 0.023449
v 0.093711 0.227403 0.012569
v 0.094276 0.228050 0.024394
v 0.009406 0.073849 0.136806
v 0.034813 0.100451 0.141385
v 0.091067 0.083951 0.131654
v -0.016128 0.132070 0.098657
v 0.005266 0.142551 0.089738
v 0.001372 0.125636 0.095847
v 0.001375 0.142266 0.100134
v -0.123195 0.052023 0.122862
v -0.067377 0.056723 0.146024
v -0.026950 0.118367 0.115243
v -0.026910 0.090426 0.138367
v -0.120483 0.127023 0.081320
v -0.048449 0.158158 0.085774
v -0.034176 0.147890 0.082212
v -0.073034 0.166749 0.064683
v -0.082240 0.173014 0.049426
v -0.063797 0.141213 0.079326
v -0.086297 0.180436 0.042826
v -0.099577 0.168439 0.058859
v -0.075187 0.149141 0.075788
v -0.129841 0.176643 0.048487
v -0.132916 0.155629 0.055633
v -0.088723 0.186171 0.038946
v -0.095541 0.208835 0.021067
v -0.102768 0.208313 0.030652
v -0.115684 0.175256 0.047988
v -0.114102 0.228601 -0.010965
v -0.093476 0.213722 0.016673
v -0.149331 0.217670 0.014058
v -0.124678 0.215948 0.017043
v -0.131015 0.229506 -0.005455
v -0.125090 0.225171 0.007935
v -0.125659 -0.019601 0.046172
v 0.120563 -0.040037 0.080494
v 0.124311 -0.027777 0.058414
v 0.129947 0.004365 0.040594
v 0.138799 0.040411 0.062941
v 0.138456 0.043215 0.084685
v 0.141114 0.055650 0.053088
v -0.116229 0.006032 0.117432
v -0.120550 -0.028269 0.082367
v -0.036799 -0.240692 0.140009
v 0.088450 -0.220262 0.123891
v 0.048849 -0.218818 0.138231
v 0.121940 -0.095045 0.063903
v -0.000708 -0.189798 0.146752
v 0.011058 -0.216686 0.145819
v -0.014268 -0.228162 0.145014
v 0.053173 -0.178385 0.138122
v 0.055456 -0.243834 0.133686
v 0.111145 -0.241597 0.112362
v 0.141304 -0.159727 0.056783
v 0.135762 -0.127606 0.048287
v 0.133711 -0.207814 0.098376
v 0.106011 -0.214819 0.118667
v 0.149075 -0.174082 0.049207
v 0.149976 -0.186901 0.056053
v 0.146645 -0.151935 0.044467
v 0.146261 -0.179330 0.060094
v 0.124872 -0.244521 0.105618
v 0.108791 -0.254658 0.112400
v 0.123414 -0.236407 0.107533
v 0.147068 -0.236229 0.087192
v 0.143108 -0.188702 0.076369
v 0.155467 -0.210320 0.062789
v 0.171617 -0.220457 0.039368
v -0.123093 -0.038145 0.053586
v -0.014200 -0.075981 0.138664
v -0.092453 0.001674 0.134411
v -0.134856 -0.102339 0.043616
v -0.120368 -0.086645 0.070990
v -0.062122 -0.189393 0.135821
v -0.047976 -0.215648 0.139219
v -0.121470 -0.058326 0.028753
v -0.131768 -0.112866 0.060224
v -0.080277 -0.217462 0.127871
v -0.056644 -0.216441 0.136636
v -0.122942 -0.106965 0.073014
v -0.153403 -0.133896 0.037565
v -0.079236 -0.223931 0.127866
v -0.127879 -0.215870 0.105654
v -0.166843 -0.168423 0.032185
v -0.135834 -0.180894 0.085728
v -0.155871 -0.126585 0.013972
v -0.137712 -0.233896 0.096977
v -0.168248 -0.207986 0.037079
v -0.163728 -0.218873 0.050767
v -0.146569 -0.244118 0.088594
v -0.172165 -0.222083 0.016023
v -0.160706 -0.239778 0.063965
v -0.134590 0.028953 0.036167
v -0.136345 0.035654 0.033850
v -0.065963 0.024230 0.146595
v -0.013028 0.066037 0.138890
v 0.000583 0.098953 0.144404
v -0.135517 0.021976 0.070728
v -0.120431 -0.015080 0.092394
v -0.111611 0.017784 0.129522
v -0.093646 0.039039 0.145152
v 0.047984 -0.038381 0.137908
v 0.113595 -0.063153 0.085668
v 0.073520 0.090326 0.134846
v 0.019626 0.077946 0.136831
v 0.119688 0.089908 0.103494
v 0.091224 0.092497 0.127927
v 0.111022 0.087214 0.111861
v 0.131508 0.095356 0.093273
v 0.113661 0.048101 0.133210
v 0.077633 0.056272 0.145748
v 0.071096 0.123843 0.122853
v 0.084691 0.139088 0.081794
v 0.012344 0.124447 0.109545
v -0.004087 0.125501 0.121305
v 0.118208 0.125349 0.080699
v 0.093149 0.126119 0.114037
v 0.106608 0.104542 0.108930
v 0.126003 0.156049 0.063633
v 0.137997 0.158470 0.050055
v 0.129580 0.194878 0.048559
v 0.118503 0.187438 0.040325
v 0.119831 0.205472 0.031709
v 0.091182 0.182369 0.058011
v 0.068589 0.164964 0.069007
v 0.120395 0.176266 0.058532
v 0.109041 0.226578 0.008991
v 0.087955 0.209856 0.038264
v 0.109838 0.209148 0.032771
v 0.028957 0.046802 0.151501
v 0.066655 0.017585 0.144958
v 0.012132 0.064328 0.139740
v 0.000279 0.088814 0.139969
v 0.020010 0.105277 0.132536
v 0.028553 0.087192 0.138352
v 0.080901 0.094192 0.132819
v 0.100914 0.076330 0.127739
v -0.031741 0.141033 0.098922
v -0.005497 0.123634 0.097501
v -0.000582 0.122852 0.107357
v -0.136607 0.041673 0.097990
v -0.121081 0.026216 0.124710
v -0.071841 0.073913 0.137294
v -0.085909 0.048068 0.146266
v -0.028108 0.102048 0.124854
v -0.006240 0.110704 0.114750
v -0.044564 0.090179 0.135947
v -0.028251 0.075577 0.136258
v -0.124283 0.113618 0.087097
v -0.111260 0.137234 0.097044
v -0.044840 0.157130 0.074916
v -0.038885 0.151326 0.093583
v -0.076709 0.174170 0.060507
v -0.090057 0.170449 0.053103
v -0.083999 0.161716 0.059409
v -0.096114 0.185079 0.053605
v -0.082247 0.160647 0.072368
v -0.131163 0.187014 0.041042
v -0.125594 0.185857 0.049197
v -0.120331 0.170284 0.065238
v -0.105451 0.229214 -0.019617
v -0.119805 0.233065 -0.023139
v -0.103934 0.219896 0.013932
v -0.144361 0.221175 0.010664
v -0.118184 0.223892 0.009409
v -0.136905 0.230432 -0.012020
v 0.121502 -0.054452 0.064513
v 0.118319 -0.034526 0.089959
v 0.123143 -0.024008 0.075264
v 0.133505 0.021401 0.044087
v 0.135419 0.021341 0.070849
v 0.138290 0.039672 0.053531
v -0.101499 -0.019366 0.123357
v -0.103396 0.018462 0.135584
v -0.102745 -0.052999 0.111749
v -0.119835 -0.022507 0.089563
v 0.075545 -0.225843 0.128631
v 0.027855 -0.209084 0.143729
v 0.042919 -0.243908 0.137421
v 0.120003 -0.063965 0.068417
v 0.125422 -0.114510 0.066164
v 0.121694 -0.065247 0.035571
v 0.008972 -0.200058 0.146497
v -0.004703 -0.181707 0.146469
v 0.005113 -0.213321 0.146368
v 0.034670 -0.198026 0.142880
v 0.083450 -0.211030 0.126597
v 0.106543 -0.231538 0.115666
v 0.131717 -0.141206 0.067339
v 0.148716 -0.129248 0.023865
v 0.124534 -0.222136 0.108563
v 0.144378 -0.186098 0.072356
v 0.164474 -0.245087 0.071525
v 0.150358 -0.227780 0.081327
v 0.137036 -0.187773 0.085412
v 0.147501 -0.213179 0.080438
v 0.152254 -0.195083 0.055703
v -0.023214 -0.139624 0.142506
v -0.089730 0.019477 0.141995
v -0.119453 -0.067397 0.069950
v -0.058794 -0.143293 0.135273
v -0.082767 -0.199386 0.127544
v -0.130382 -0.117358 0.065423
v -0.102639 -0.216449 0.118826
v -0.140918 -0.126265 0.054635
v -0.096176 -0.220571 0.120916
v -0.129071 -0.197030 0.101841
v -0.134423 -0.225165 0.099850
v -0.147561 -0.199706 0.072651
v -0.160233 -0.139233 0.018826
v -0.122800 -0.226991 0.108423
v -0.161032 -0.198369 0.049139
v -0.171528 -0.215083 0.017925
v -0.049424 0.035353 0.148918
v -0.074007 0.016372 0.143822
v 0.050484 0.007522 0.143308
v -0.029675 0.058352 0.145275
v -0.001188 0.062130 0.141309
v -0.016596 0.103261 0.142440
v -0.010776 0.085037 0.137866
v -0.130508 0.036377 0.114400
v -0.135777 0.028297 0.051427
v -0.111176 0.028501 0.134108
v -0.120366 0.019856 0.122357
v -0.107109 0.046368 0.137998
v 0.064612 -0.027430 0.136727
v 0.041508 -0.009244 0.141021
v 0.120464 -0.079557 0.063334
v 0.117732 -0.051144 0.081488
v 0.051337 0.060914 0.143238
v 0.082482 0.082242 0.134546
v 0.027114 0.081206 0.136966
v 0.122479 0.098270 0.095326
v 0.102304 0.105985 0.112801
v 0.085485 0.096467 0.130007
v 0.089361 0.055872 0.144089
v 0.113666 0.038776 0.134507
v 0.075154 0.050404 0.147596
v 0.080673 0.067518 0.140416
v 0.062176 0.112677 0.110604
v 0.047589 0.113776 0.129556
v 0.082868 0.136128 0.099398
v 0.099977 0.147722 0.093827
v -0.001761 0.127849 0.116231
v 0.018762 0.119737 0.118556
v -0.022241 0.127006 0.110320
v 0.103342 0.116209 0.106884
v 0.088159 0.128927 0.115577
v 0.132299 0.130394 0.065471
v 0.083541 0.161492 0.064652
v 0.114276 0.171878 0.050595
v 0.097208 0.229914 0.008076
v 0.094704 0.224662 0.030338
v 0.067149 0.040435 0.148950
v 0.021458 0.062168 0.141236
v 0.072188 0.035479 0.148696
v 0.047864 0.018683 0.145731
v 0.023209 0.054871 0.148349
v 0.030352 0.070054 0.137871
v 0.033626 0.106539 0.141443
v 0.022993 0.100293 0.116170
v 0.015008 0.105613 0.141945
v 0.097944 0.091182 0.122669
v -0.024954 0.139950 0.099975
v -0.017709 0.126121 0.096309
v -0.133836 0.047855 0.104476
v -0.135245 0.060435 0.090614
v -0.087981 0.058750 0.143082
v -0.051532 0.046394 0.150116
v -0.021024 0.099261 0.122480
v -0.046347 0.105826 0.119416
v -0.001024 0.097978 0.121685
v -0.033037 0.084583 0.136008
v -0.033119 0.067168 0.138938
v -0.119712 0.135993 0.079266
v -0.097134 0.191239 0.042296
v -0.077132 0.167566 0.056580
v -0.105848 0.184345 0.047778
v -0.090959 0.176800 0.056344
v -0.121156 0.176745 0.058087
v -0.104360 0.225246 0.006185
v -0.112972 0.231284 0.001247
v 0.122144 -0.063776 0.048611
v 0.114038 -0.049097 0.089034
v 0.128412 -0.001195 0.078759
v 0.136270 0.023786 0.091416
v 0.136739 0.034863 0.047441
v -0.113074 -0.028389 0.098980
v -0.074151 -0.036821 0.134782
v -0.096376 0.035986 0.143817
v -0.115879 -0.064007 0.087304
v -0.096729 -0.042114 0.120826
v -0.117272 -0.042580 0.082727
v 0.065761 -0.248195 0.129810
v 0.052170 -0.209148 0.138030
v 0.119146 -0.073444 0.068354
v 0.115457 -0.107178 0.090202
v 0.119979 -0.132671 0.089098
v 0.123755 -0.034350 0.050398
v 0.122686 -0.028768 0.073718
v -0.018761 -0.184955 0.145731
v 0.005065 -0.184359 0.146639
v 0.127574 -0.212465 0.106116
v 0.152707 -0.244042 0.082612
v 0.141655 -0.210636 0.087759
v -0.030479 -0.125047 0.140119
v -0.037530 -0.056975 0.137895
v -0.025658 -0.096994 0.138597
v -0.068362 -0.007643 0.139165
v -0.045688 -0.078937 0.135948
v -0.078748 0.000325 0.138643
v -0.115150 -0.093446 0.086871
v -0.043013 -0.160684 0.140490
v -0.027619 -0.152538 0.142942
v -0.094346 -0.203082 0.123135
v -0.057457 -0.194989 0.137361
v -0.139957 -0.138457 0.063643
v -0.136986 -0.127786 0.061721
v -0.120772 -0.208769 0.111124
v -0.131591 -0.188009 0.094849
v -0.137553 -0.213398 0.094311
v -0.147322 -0.176825 0.068845
v -0.163064 -0.184916 0.043616
v -0.159049 -0.226335 0.061569
v -0.035835 0.011862 0.144583
v -0.010972 0.040070 0.151374
v 0.036533 0.008277 0.143897
v -0.021415 0.067620 0.138325
v -0.047306 0.060138 0.143713
v -0.003608 0.056843 0.146659
v 0.004141 0.101815 0.133105
v -0.131017 0.041935 0.113464
v 0.053271 -0.011926 0.139830
v 0.055219 -0.021589 0.138559
v 0.124621 -0.095157 0.047765
v 0.119774 -0.051700 0.075876
v 0.059879 0.066669 0.141639
v 0.045466 0.084623 0.136521
v 0.098975 0.064861 0.136007
v 0.118962 0.040045 0.130339
v 0.105839 0.041976 0.139337
v 0.058945 0.059616 0.144314
v 0.067189 0.025581 0.147073
v 0.084100 0.061698 0.142670
v 0.056169 0.110723 0.115368
v 0.068974 0.117603 0.104064
v 0.052301 0.114362 0.125123
v 0.037493 0.103380 0.120387
v 0.095613 0.139558 0.103055
v 0.074827 0.130914 0.084609
v -0.012050 0.125689 0.112888
v 0.069684 0.152915 0.082298
v 0.100275 0.235135 -0.006127
v 0.049106 0.052631 0.149046
v 0.062303 0.037339 0.149027
v 0.031153 0.056438 0.146540
v 0.053863 0.034030 0.148668
v 0.009902 0.042579 0.151847
v 0.029226 0.108621 0.137992
v 0.045250 0.104808 0.139650
v 0.031941 0.105416 0.128175
v 0.038361 0.117222 0.108542
v -0.027013 0.130075 0.097559
v -0.134363 0.054055 0.100387
v -0.137612 0.078097 0.100566
v -0.057573 0.039401 0.149240
v -0.035131 0.102480 0.140325
v -0.008922 0.100100 0.115751
v -0.006661 0.102723 0.134420
v -0.119292 0.143385 0.081106
v -0.125124 0.146912 0.067557
v -0.100022 0.190274 0.035464
v -0.100723 0.192196 0.047771
v -0.110810 0.192151 0.037575
v 0.109693 -0.058301 0.100956
v 0.114794 -0.058233 0.083813
v 0.124439 -0.015159 0.078137
v 0.129220 -0.000501 0.072824
v 0.137711 0.038053 0.093139
v 0.132355 0.016079 0.098345
v 0.134092 0.034062 0.022425
v -0.110039 -0.029277 0.110256
v -0.092231 -0.030604 0.127583
v -0.112931 -0.045096 0.099730
v -0.118755 -0.074785 0.074902
v -0.099844 -0.033591 0.120321
v -0.091492 -0.053694 0.124708
v -0.114401 -0.033882 0.093348
v -0.119652 -0.044374 0.074790
v 0.110774 -0.082230 0.097087
v 0.115909 -0.119483 0.092012
v 0.121309 -0.100359 0.070536
v 0.130794 -0.132082 0.062040
v -0.015049 -0.173823 0.145715
v -0.023457 -0.109781 0.139703
v -0.030893 -0.086924 0.137640
v -0.036658 -0.102162 0.137502
v -0.015624 -0.154807 0.144540
v -0.052882 -0.010603 0.140488
v -0.070460 0.007683 0.141842
v -0.085159 -0.082906 0.127127
v -0.082001 0.007837 0.139728
v -0.080324 -0.011487 0.136106
v -0.117253 -0.073750 0.081685
v -0.078391 -0.172276 0.129704
v -0.043196 -0.182660 0.141251
v -0.128289 -0.202745 0.104002
v -0.155252 -0.225584 0.067644
v -0.025547 0.031359 0.148311
v -0.057638 0.029609 0.147632
v -0.027760 0.047006 0.151556
v 0.003380 0.040550 0.151536
v 0.049441 0.030235 0.147929
v 0.058895 0.018670 0.145576
v -0.008564 0.075396 0.136451
v -0.044352 0.067399 0.139563
v 0.004892 0.094770 0.142920
v 0.008473 0.100868 0.129284
v 0.058237 -0.032210 0.137237
v 0.124108 -0.102079 0.059451
v 0.033335 0.077779 0.136632
v 0.040563 0.070335 0.138269
v 0.102456 0.045361 0.140840
v 0.109821 0.067929 0.127321
v 0.124805 0.036413 0.122717
v 0.068161 0.052639 0.147405
v 0.064030 0.111462 0.133786
v 0.039232 0.110407 0.131559
v 0.045841 0.104469 0.115235
v 0.074830 0.125792 0.102139
v 0.115530 0.233153 -0.012600
v 0.056381 0.050550 0.149278
v -0.006717 0.045311 0.152143
v 0.057577 0.109433 0.108968
v -0.047954 0.133122 0.089019
v -0.149475 0.080593 0.071515
v -0.042536 0.043129 0.150530
v -0.045703 0.052392 0.149409
v -0.125685 0.161410 0.063935
v -0.114091 0.204288 0.027693
v 0.122764 -0.018766 0.083049
v 0.136945 0.023917 0.081471
v 0.131256 0.008089 0.081609
v -0.085655 -0.026033 0.132335
v -0.069597 -0.045145 0.134944
v -0.109881 -0.036089 0.109126
v -0.089547 -0.043873 0.127776
v 0.114681 -0.070054 0.081967
v 0.111571 -0.067814 0.094413
v -0.002138 -0.100764 0.140027
v -0.011336 -0.098001 0.139590
v -0.028046 -0.113112 0.139438
v -0.028137 -0.073225 0.137893
v -0.049258 -0.053760 0.137014
v -0.065033 -0.067518 0.133848
v -0.087938 -0.053259 0.127883
v -0.086318 0.000930 0.136635
v -0.053394 -0.181693 0.138592
v -0.045429 0.011190 0.144350
v -0.018069 0.055005 0.148369
v -0.023085 0.071894 0.136959
v -0.001835 0.104592 0.142983
v 0.071387 -0.008516 0.137958
v 0.096895 -0.071875 0.116595
v 0.061600 -0.046171 0.135781
v 0.102124 0.057452 0.138000
v 0.116126 0.051615 0.130547
v 0.114312 0.015284 0.125836
v 0.002587 0.051395 0.150791
v -0.111854 0.208999 0.031665
v 0.119860 -0.009912 0.101679
v -0.081680 -0.036604 0.132718
v -0.067047 -0.026996 0.137003
v -0.015341 -0.114055 0.140779
v -0.018803 -0.084096 0.138585
v -0.000095 -0.166346 0.145947
v -0.049301 -0.020879 0.139640
v -0.036390 -0.036114 0.139245
v -0.070673 -0.078133 0.132156
v -0.079357 -0.072589 0.130158
v -0.100007 0.009489 0.133097
v -0.123505 -0.152372 0.092632
v -0.000006 0.018880 0.145733
v 0.030131 -0.056530 0.138277
v 0.125960 0.053009 0.118466
v 0.122323 -0.011299 0.092317
v 0.126398 -0.001560 0.088603
v -0.012195 -0.125888 0.142080
v -0.060958 -0.040741 0.136625
v 0.012182 -0.183754 0.146206
v -0.125625 -0.132872 0.080612
v -0.006568 0.001578 0.143262
v 0.015034 -0.041998 0.139570
v 0.031647 -0.037211 0.139184
v 0.129178 0.016662 0.106481
v -0.002301 -0.129385 0.142771
v 0.015529 -0.108868 0.140199
v 0.129864 0.006960 0.088647
v 0.133179 0.021948 0.102359
v -0.000417 -0.070157 0.138887
v 0.025407 -0.022283 0.140435
v 0.044719 -0.026785 0.139041
v -0.013231 -0.043004 0.139692
v -0.144156 0.069017 0.023624
v -0.141856 0.071952 0.044587
v -0.142284 0.067794 0.039579
v -0.136352 0.060686 0.082647
v -0.134269 0.020653 0.097675
v -0.123251 -0.030811 0.030714
v -0.138386 0.065556 0.067548
v -0.139630 0.070834 0.083685
v -0.133710 0.093227 0.092251
v 0.022381 0.147313 0.095305
v 0.127048 0.104029 0.087663
v 0.017722 0.147660 0.086823
v 0.132242 0.123437 0.070451
v 0.052175 0.118522 0.102470
v 0.132381 0.111870 0.078239
v 0.046649 0.159881 0.082271
v 0.047655 0.136906 0.090167
v 0.098023 0.173632 0.052208
v 0.074615 0.140131 0.076263
v 0.062980 0.173442 0.057433
v 0.071077 0.172371 0.053716
v 0.148818 0.210615 0.031116
v 0.059188 0.157533 0.065787
v 0.106618 0.188292 0.041327
v 0.070686 0.200895 0.040771
v 0.078774 0.199300 0.041043
v 0.074292 0.219767 0.029805
v 0.080138 0.179099 0.055764
v 0.078677 0.232703 0.014646
v 0.145045 0.229571 0.004791
v 0.148259 0.229920 0.000461
v 0.123459 0.232663 -0.005216
v 0.108043 0.234660 -0.026461
v 0.145156 0.231511 -0.012404
v 0.096761 0.236612 -0.027995
v 0.097864 0.230358 0.001562
v 0.088893 0.238355 -0.006771
v 0.107201 0.235464 -0.009829
v 0.007649 0.125910 0.095558
v -0.020201 0.144873 0.083128
v 0.008185 0.145082 0.086476
v -0.150972 0.095083 0.079931
v -0.147793 0.101943 0.078220
v 0.030141 0.110526 0.110142
v -0.115862 0.077726 0.116312
v -0.021736 0.130862 0.096664
v -0.067931 0.114590 0.109672
v -0.050958 0.160960 0.081647
v -0.082682 0.126855 0.112529
v -0.049570 0.149577 0.091703
v -0.098776 0.141390 0.077324
v -0.144029 0.140166 0.059969
v -0.124222 0.138362 0.071986
v -0.072149 0.180270 0.052856
v -0.063284 0.167308 0.065184
v -0.136619 0.120279 0.074896
v -0.144453 0.154500 0.052398
v -0.076909 0.191528 0.038114
v -0.079585 0.153651 0.082422
v -0.112237 0.165668 0.056519
v -0.086442 0.221937 0.015078
v -0.081390 0.208448 0.026203
v -0.109656 0.215846 0.028900
v -0.146325 0.200628 0.028154
v -0.138069 0.206493 0.024046
v -0.121768 0.199160 0.030723
v -0.120536 0.233496 -0.004210
v -0.102940 0.232279 -0.025980
v -0.110667 0.229578 -0.027896
v -0.093178 0.233123 -0.012651
v -0.148560 0.226666 -0.009020
v -0.139565 0.229770 -0.024319
v 0.098708 -0.046368 0.120155
v 0.135098 0.072754 0.086724
v 0.122576 -0.028016 0.022839
v 0.145919 0.083471 0.087311
v 0.118158 0.079538 0.113185
v 0.138759 0.054715 0.075168
v 0.125391 -0.014454 0.024204
v 0.135691 0.034358 0.035901
v 0.138542 0.075754 0.066017
v 0.137706 0.047054 0.020052
v 0.139373 0.064290 0.062231
v 0.142590 0.075613 0.034105
v -0.122138 -0.061387 0.033318
v 0.120044 -0.028697 0.089893
v 0.120976 -0.079799 0.022743
v 0.122303 -0.074262 0.040328
v 0.128203 -0.116187 0.055504
v 0.073465 -0.092621 0.131680
v 0.142111 -0.118210 0.025159
v 0.143466 -0.121539 0.029261
v 0.150572 -0.136206 0.020937
v 0.131977 -0.189548 0.094316
v 0.162002 -0.178072 0.023743
v 0.156798 -0.160231 0.024170
v 0.173417 -0.261708 0.064423
v 0.152764 -0.212653 0.071158
v 0.167449 -0.201432 0.019931
v 0.178924 -0.265318 0.057146
v 0.168218 -0.261425 0.070570
v 0.175019 -0.216742 0.021791
v 0.176239 -0.237778 0.049763
v 0.179435 -0.243132 0.036637
v 0.182878 -0.261263 0.041602
v 0.185578 -0.268061 0.026915
v 0.181267 -0.261478 0.019913
v 0.182799 -0.261026 0.025000
v -0.006399 -0.240628 0.144700
v -0.133172 -0.091446 0.024247
v -0.121892 -0.047571 0.030620
v -0.127172 -0.080865 0.024170
v -0.154878 -0.126980 0.001728
v -0.087331 -0.156264 0.127810
v -0.159680 -0.140623 -0.001609
v -0.068937 -0.244891 0.129632
v -0.110569 -0.252997 0.111988
v -0.144080 -0.236477 0.090097
v -0.165152 -0.194977 0.040441
v -0.159403 -0.257959 0.073405
v -0.175486 -0.247288 0.041618
v -0.144216 0.079094 0.035069
v -0.138676 0.043471 0.028838
v -0.138316 0.036763 0.059788
v -0.128786 0.003782 0.085448
v -0.143282 0.077067 0.058086
v -0.094357 0.099425 0.125173
v -0.138618 0.044250 0.080087
v 0.086327 0.126025 0.118388
v -0.007003 0.142498 0.085214
v 0.129709 0.066435 0.110117
v 0.065327 0.120513 0.127090
v 0.098877 0.150797 0.088115
v 0.055436 0.171508 0.063796
v 0.117288 0.146738 0.076681
v 0.124687 0.186427 0.050859
v 0.116220 0.169553 0.066759
v 0.113184 0.167999 0.061249
v 0.146731 0.207678 0.033671
v 0.128445 0.227518 0.014386
v 0.064216 0.180994 0.051694
v 0.105481 0.232048 0.008452
v 0.112781 0.228324 0.018989
v -0.056609 0.051169 0.149064
v 0.098771 0.101561 0.117363
v 0.040029 0.131580 0.094555
v -0.021491 0.148260 0.093850
v -0.079757 0.094322 0.130611
v 0.005021 0.104119 0.137475
v -0.057956 0.148552 0.081328
v -0.072044 0.183741 0.047468
v -0.111932 0.176071 0.042864
v -0.098922 0.196438 0.028723
v -0.089247 0.229228 0.000160
v -0.103531 0.228283 -0.011292
v -0.110374 0.222578 0.010467
v -0.124832 -0.023000 0.035646
v 0.121485 -0.049586 0.031281
v 0.124930 -0.023735 0.039987
v 0.140824 0.076482 0.049626
v -0.111132 -0.070457 0.097098
v 0.120375 -0.067936 0.025014
v 0.138625 -0.113592 0.022528
v -0.009585 -0.195634 0.146527
v 0.055960 -0.223039 0.135738
v 0.152882 -0.164549 0.037650
v 0.121692 -0.174550 0.103742
v 0.157859 -0.182546 0.039337
v 0.153562 -0.200106 0.055635
v 0.160517 -0.223614 0.066272
v -0.131439 -0.092971 0.039152
v -0.120764 -0.050309 0.066726
v -0.115572 -0.045296 0.086952
v -0.124580 -0.080613 0.046703
v -0.083031 -0.245824 0.124232
v -0.041350 -0.196572 0.141633
v -0.138695 -0.147469 0.070049
v -0.112761 -0.242029 0.111584
v -0.127261 -0.245756 0.103900
v -0.144654 -0.208544 0.080282
v -0.172298 -0.244684 0.047329
v -0.141211 0.054986 0.053483
v -0.024161 0.051885 0.150464
v -0.020878 0.100404 0.142549
v -0.119570 -0.002412 0.105314
v -0.115207 0.062693 0.125711
v 0.124516 0.012657 0.112277
v 0.005334 0.029887 0.148104
v 0.105355 0.067983 0.130679
v 0.109449 0.122033 0.093725
v 0.064013 -0.008933 0.139062
v 0.053978 0.148331 0.099867
v 0.006056 0.101930 0.113534
v 0.105396 0.136903 0.093642
v 0.123590 0.164429 0.067812
v 0.102609 0.154505 0.083517
v 0.117951 0.152151 0.075717
v 0.065347 0.134790 0.086513
v 0.145384 0.218801 0.030782
v 0.149488 0.221977 0.019557
v 0.091150 0.207288 0.042943
v 0.075672 0.178681 0.049437
v 0.076884 0.190668 0.044822
v 0.130940 0.220391 0.022885
v 0.118231 0.232928 -0.016933
v 0.102908 0.226121 0.015700
v 0.122015 0.216865 0.024774
v 0.089034 0.231392 0.010098
v 0.099426 0.215168 0.030456
v 0.101732 0.036549 0.141667
v -0.025748 0.086116 0.137058
v 0.036762 0.084973 0.137203
v 0.011003 0.139825 0.100970
v -0.009967 0.138140 0.101435
v 0.005804 0.131086 0.097794
v -0.108246 0.052664 0.136449
v -0.067131 0.032386 0.148067
v -0.018176 0.124618 0.120339
v -0.027334 0.108459 0.136828
v -0.140898 0.110540 0.077262
v -0.136027 0.110230 0.080791
v -0.117792 0.128662 0.084126
v -0.046738 0.141599 0.089913
v -0.062557 0.158780 0.080077
v -0.060550 0.138495 0.082093
v -0.081343 0.183007 0.051310
v -0.103716 0.148854 0.071316
v -0.070421 0.146507 0.073695
v -0.068470 0.179090 0.063281
v -0.084274 0.215296 0.023791
v -0.090394 0.200992 0.032111
v -0.115987 0.213506 0.019604
v -0.100321 0.180756 0.057828
v -0.133255 0.208096 0.026999
v -0.114662 0.191512 0.033046
v -0.100702 0.210748 0.019453
v -0.116487 0.221618 0.013195
v -0.129796 0.000427 0.057133
v 0.119299 -0.101742 0.078891
v 0.126497 -0.013148 0.035550
v 0.123110 -0.036508 0.060320
v 0.139702 0.048207 0.068503
v 0.137023 0.038487 0.097922
v 0.141650 0.057563 0.037665
v 0.135937 0.070585 0.076559
v 0.140409 0.051630 0.036919
v -0.120538 0.003211 0.108836
v -0.122863 -0.027475 0.068277
v 0.101902 -0.173983 0.123573
v 0.135724 -0.154937 0.067691
v 0.124135 -0.200442 0.108249
v 0.102599 -0.199724 0.121992
v 0.147661 -0.143166 0.037507
v 0.135114 -0.229488 0.099595
v 0.139619 -0.200635 0.087010
v 0.163095 -0.214494 0.049018
v 0.179272 -0.228371 0.022019
v 0.161352 -0.219749 0.061265
v -0.108763 -0.009436 0.117944
v -0.133168 -0.104302 0.049644
v -0.095470 -0.060904 0.119015
v -0.036938 -0.222965 0.141454
v -0.124705 -0.094710 0.060966
v -0.097981 -0.248079 0.117857
v -0.041012 -0.206134 0.141459
v -0.163194 -0.153975 0.029796
v -0.167036 -0.162079 0.017315
v -0.098857 -0.186432 0.123200
v -0.150439 -0.138150 0.047794
v -0.149552 -0.114892 0.010843
v -0.164625 -0.171623 0.039837
v -0.141782 -0.246682 0.093907
v -0.171762 -0.222784 0.035962
v -0.089939 -0.028134 0.129683
v 0.010916 0.095617 0.142997
v -0.131274 0.008281 0.050173
v -0.097114 0.012902 0.135984
v -0.081749 0.039147 0.148035
v 0.107659 -0.059814 0.106352
v 0.073546 0.095605 0.134306
v 0.011902 0.068598 0.137883
v 0.145594 0.095836 0.087862
v 0.114546 0.062624 0.126974
v 0.060325 0.073475 0.137753
v 0.083730 0.118108 0.123350
v 0.091651 0.148397 0.068906
v 0.018722 0.126869 0.107987
v -0.019466 0.104442 0.113192
v 0.121491 0.109226 0.087707
v 0.114195 0.156392 0.079527
v 0.113448 0.162343 0.076719
v 0.115746 0.196772 0.034359
v 0.112456 0.220701 0.027211
v 0.095342 0.184397 0.053980
v 0.069809 0.162987 0.057602
v 0.136591 0.218589 0.032676
v 0.084956 0.213927 0.027312
v 0.084720 0.227374 0.016474
v 0.086679 0.196777 0.049565
v 0.122608 0.225758 0.016277
v 0.093169 0.229372 0.018417
v 0.090258 0.212210 0.029237
v 0.016629 0.046284 0.151979
v -0.013347 0.088981 0.139288
v 0.079744 0.081504 0.134783
v 0.092122 0.058645 0.141948
v -0.028227 0.130220 0.110697
v 0.005211 0.141123 0.095341
v 0.012292 0.123361 0.102067
v -0.136252 0.024579 0.093114
v -0.053343 0.071569 0.138362
v -0.031545 0.109366 0.133304
v -0.010656 0.113226 0.115630
v -0.064401 0.098061 0.133420
v -0.106075 0.091554 0.114208
v -0.055359 0.163472 0.082867
v -0.036132 0.144128 0.098115
v -0.084779 0.187116 0.043303
v -0.084484 0.164897 0.068889
v -0.094501 0.158102 0.068947
v -0.129057 0.171236 0.052814
v -0.108520 0.215250 0.020065
v -0.127985 0.180838 0.050808
v -0.109246 0.159315 0.062019
v -0.099445 0.233400 -0.011703
v -0.125599 0.227228 -0.008570
v -0.139292 0.220182 0.013656
v -0.124940 -0.023734 0.050370
v 0.122713 -0.046041 0.051071
v 0.139799 0.046897 0.061852
v 0.140291 0.057333 0.062885
v -0.107775 -0.004339 0.121425
v -0.109992 0.009646 0.126221
v 0.121234 -0.046441 0.071935
v 0.123831 -0.125721 0.078700
v 0.070722 -0.108641 0.132646
v -0.044856 -0.240286 0.137874
v -0.022869 -0.225741 0.144043
v -0.016654 -0.243040 0.143668
v 0.037484 -0.222550 0.140847
v 0.101463 -0.248938 0.115900
v 0.117112 -0.207384 0.114218
v 0.152342 -0.155328 0.035466
v 0.171957 -0.244283 0.062513
v 0.139633 -0.172330 0.072610
v 0.168086 -0.224720 0.052808
v -0.058173 -0.078200 0.134234
v -0.140467 -0.106279 0.034487
v -0.121520 -0.053063 0.060571
v -0.089745 -0.127302 0.126395
v -0.122460 -0.068643 0.048851
v -0.112553 -0.099249 0.091435
v -0.120833 -0.192415 0.110276
v -0.115488 -0.110023 0.088312
v -0.152508 -0.121610 0.023150
v -0.106589 -0.228085 0.115794
v -0.156788 -0.158531 0.049730
v -0.150567 -0.222292 0.074803
v -0.151494 -0.236962 0.079009
v -0.154978 -0.194328 0.059158
v -0.151837 -0.259553 0.086744
v -0.159504 -0.245491 0.068599
v -0.139881 0.045464 0.035442
v -0.015147 0.104024 0.132061
v -0.136670 0.034917 0.097112
v -0.121856 -0.011361 0.090056
v -0.124921 -0.003856 0.088810
v -0.117533 0.030837 0.130025
v -0.125050 0.013693 0.112171
v -0.106353 0.059062 0.134795
v 0.076935 0.012105 0.141791
v 0.116678 -0.065143 0.077332
v 0.115154 -0.043386 0.089850
v 0.057045 0.044941 0.149916
v 0.113862 0.082947 0.112460
v 0.107928 -0.024624 0.111265
v 0.089729 0.032683 0.145541
v 0.083487 0.072110 0.136784
v 0.034634 0.119853 0.112521
v 0.062367 0.097332 0.136072
v 0.077956 0.130293 0.100245
v 0.104117 0.144350 0.093101
v -0.000543 0.102080 0.113979
v -0.000185 0.120250 0.120471
v -0.036396 0.125090 0.096560
v 0.116305 0.131048 0.080608
v 0.086734 0.135869 0.108452
v 0.104382 0.122796 0.101478
v 0.111155 0.172855 0.045959
v 0.080297 0.181709 0.060982
v 0.102442 0.161349 0.054271
v 0.060824 0.159176 0.085058
v 0.074686 0.174732 0.066149
v 0.104649 0.159802 0.057456
v 0.086823 0.197857 0.034845
v 0.106493 0.203191 0.040038
v 0.021125 0.116881 0.116932
v 0.013472 0.106010 0.137327
v -0.014723 0.141387 0.100862
v -0.037307 0.150176 0.087798
v -0.013251 0.122795 0.106294
v -0.127869 0.053160 0.116064
v -0.126656 0.037233 0.120577
v -0.128882 0.023620 0.113054
v -0.095680 0.051894 0.142899
v -0.038409 0.119500 0.114663
v 0.018140 0.099377 0.118044
v -0.037200 0.090780 0.137161
v -0.024712 0.062201 0.141460
v -0.118215 0.117388 0.088192
v -0.115745 0.127508 0.088093
v -0.044774 0.151383 0.095211
v -0.069347 0.174912 0.070085
v -0.088774 0.171721 0.067415
v -0.079628 0.155003 0.067922
v -0.127969 0.167460 0.056677
v -0.113564 0.228264 -0.016664
v -0.110583 0.225804 -0.005201
v -0.130953 0.228405 -0.017763
v 0.118090 -0.042261 0.085843
v 0.124255 -0.025189 0.064541
v 0.123510 0.000906 0.100897
v -0.117021 -0.081834 0.083004
v -0.112440 -0.049524 0.100600
v 0.037624 -0.212196 0.141637
v 0.121567 -0.071963 0.056668
v 0.081180 -0.140460 0.131135
v 0.121944 -0.058533 0.056654
v 0.045046 -0.196505 0.140512
v 0.077626 -0.199831 0.129380
v 0.142907 -0.129109 0.037859
v 0.115131 -0.193228 0.115523
v 0.145100 -0.201015 0.079140
v 0.150466 -0.211892 0.075339
v 0.162664 -0.200478 0.034500
v -0.074068 -0.014527 0.137158
v -0.087921 0.035490 0.146756
v -0.122360 -0.076337 0.054323
v -0.075911 -0.187095 0.130378
v -0.102834 -0.196901 0.120973
v -0.129383 -0.168952 0.090846
v -0.121357 -0.121712 0.082052
v -0.138927 -0.206599 0.089904
v -0.153798 -0.186547 0.061022
v -0.154343 -0.203905 0.061142
v -0.170572 -0.209717 0.030404
v -0.053562 0.000130 0.141959
v -0.007562 0.051415 0.150935
v -0.013427 0.099437 0.143457
v -0.006307 0.098955 0.126362
v -0.102466 0.042201 0.141258
v 0.038214 -0.022352 0.139840
v 0.066704 -0.072201 0.133433
v 0.125705 -0.096612 0.021920
v 0.051065 0.081098 0.135949
v 0.093826 0.074123 0.133670
v 0.053694 0.090842 0.136896
v 0.124876 0.085442 0.105135
v 0.133158 0.061102 0.095647
v 0.079070 0.039297 0.148305
v 0.072229 0.075258 0.136578
v 0.078798 0.129811 0.115000
v 0.022848 0.100338 0.122393
v 0.079911 0.143065 0.072164
v 0.087374 0.140277 0.097478
v 0.006776 0.124226 0.109898
v 0.027545 0.132961 0.115338
v 0.011581 0.121820 0.120458
v 0.094026 0.133460 0.109327
v 0.087397 0.172112 0.063227
v 0.066082 0.152369 0.089010
v 0.090143 0.234527 -0.004467
v 0.037655 0.044512 0.151331
v 0.073745 0.023960 0.146795
v 0.083121 0.035836 0.147511
v 0.034402 0.038996 0.150538
v 0.024741 0.099332 0.142798
v 0.036477 0.092210 0.139101
v 0.029487 0.101961 0.122579
v 0.030650 0.116477 0.113138
v -0.134323 0.064150 0.100104
v -0.134850 0.037868 0.104181
v -0.130830 0.059848 0.108739
v -0.135562 0.083013 0.098793
v -0.074090 0.065035 0.142493
v -0.085325 0.063794 0.141300
v -0.070115 0.044316 0.148637
v -0.037044 0.028210 0.147428
v -0.032309 0.101461 0.121681
v -0.011572 0.110051 0.113896
v 0.000554 0.100205 0.130764
v -0.115133 0.145170 0.088774
v -0.129689 0.136888 0.068733
v -0.119476 0.184465 0.043525
v -0.093296 0.180601 0.051540
v -0.100495 0.223015 0.010596
v -0.112648 0.227699 0.012229
v 0.111412 -0.075012 0.095730
v 0.137307 0.032628 0.064534
v 0.130130 0.037658 0.114323
v -0.109173 -0.020704 0.113932
v -0.116435 -0.022538 0.097406
v -0.096730 0.020937 0.139794
v -0.109221 -0.059165 0.103297
v -0.119435 -0.056277 0.070951
v 0.105642 -0.105410 0.104728
v 0.121367 -0.089189 0.062902
v 0.122865 -0.129892 0.082832
v 0.131032 -0.120086 0.051738
v 0.118908 -0.114771 0.085352
v 0.155566 -0.253531 0.081181
v 0.148110 -0.258772 0.090307
v 0.145107 -0.217369 0.085139
v -0.067007 -0.089341 0.132437
v -0.041099 -0.115508 0.137626
v 0.045827 -0.183011 0.140396
v -0.088692 -0.105053 0.125475
v -0.090789 -0.018973 0.130770
v -0.118094 -0.094640 0.080902
v -0.103867 -0.130601 0.115457
v -0.038339 -0.149331 0.140721
v -0.141909 -0.170072 0.074310
v -0.134707 -0.188007 0.089736
v -0.132428 -0.213138 0.100949
v -0.143445 -0.187890 0.076756
v -0.017452 0.043363 0.151758
v -0.028587 0.041455 0.150984
v 0.029537 -0.000369 0.142667
v -0.003067 0.083401 0.137667
v -0.044470 0.078399 0.135502
v -0.127011 0.043397 0.119459
v 0.056110 -0.002116 0.141040
v 0.107084 -0.016277 0.116297
v 0.053483 0.068115 0.140228
v 0.106074 0.072913 0.126184
v 0.131768 0.024642 0.107800
v 0.108176 0.029186 0.136362
v 0.065344 0.121253 0.121203
v 0.063630 0.114250 0.103314
v 0.036130 0.106672 0.111147
v 0.071406 0.124435 0.114167
v 0.078361 0.131562 0.090404
v -0.017647 0.128119 0.113444
v 0.080124 0.164196 0.069920
v 0.072648 0.168768 0.077291
v 0.117826 0.231978 -0.026048
v 0.040464 0.111352 0.136005
v 0.056674 0.114208 0.104621
v -0.063773 0.139563 0.103493
v -0.135600 0.053390 0.094830
v -0.141268 0.071890 0.089646
v -0.061112 0.105306 0.134057
v -0.044465 0.109821 0.136782
v -0.115649 0.155189 0.081288
v -0.105406 0.194828 0.044931
v -0.125199 0.214151 0.022078
v 0.129529 -0.000887 0.063759
v -0.087222 -0.008931 0.134325
v -0.103553 -0.030741 0.118309
v 0.105967 -0.053824 0.110511
v 0.114335 -0.087575 0.088669
v 0.112019 -0.106562 0.096013
v 0.127986 -0.145700 0.079380
v 0.128348 -0.137715 0.074179
v 0.133516 -0.199623 0.096036
v -0.003157 -0.045176 0.139692
v -0.002303 -0.086821 0.139175
v -0.045997 -0.105217 0.136177
v -0.053827 -0.068992 0.135374
v -0.041772 -0.090620 0.136403
v 0.025058 0.013337 0.144858
v -0.097754 -0.051625 0.117484
v -0.114682 -0.081290 0.088728
v -0.050543 -0.154343 0.138273
v -0.049778 -0.196956 0.139550
v -0.065166 -0.155571 0.133849
v -0.025615 -0.191593 0.144833
v -0.115981 -0.127018 0.093620
v -0.042081 -0.005941 0.141709
v -0.036960 0.051498 0.150099
v -0.060217 0.067356 0.141249
v 0.091564 -0.010291 0.131659
v 0.076197 -0.033235 0.133831
v 0.098693 -0.085275 0.113229
v 0.086949 -0.043164 0.128579
v 0.071596 -0.019637 0.136368
v 0.123488 -0.092746 0.053884
v 0.087529 0.007192 0.137563
v 0.052039 0.106826 0.112208
v 0.070681 0.123885 0.092224
v 0.072722 0.123276 0.097292
v -0.041598 0.131311 0.091501
v -0.147934 0.078845 0.082898
v -0.121889 0.155699 0.074598
v -0.122016 0.161297 0.072156
v -0.109030 0.196797 0.040251
v 0.117134 -0.014676 0.103794
v -0.063604 -0.015081 0.138803
v 0.113425 -0.070129 0.086625
v 0.113624 -0.077945 0.088389
v -0.034311 -0.178040 0.142982
v -0.077026 -0.081048 0.130431
v -0.102210 0.001584 0.128765
v -0.111380 -0.180723 0.117286
v -0.054426 0.015938 0.145064
v 0.022091 0.024613 0.146749
v 0.068041 -0.049016 0.134520
v 0.028416 -0.086162 0.137784
v 0.133881 0.040402 0.106190
v 0.120977 0.035038 0.127635
v 0.057542 0.114574 0.134076
v -0.015318 -0.140848 0.143389
v -0.035187 -0.018257 0.140675
v -0.073296 -0.070441 0.132049
v -0.084339 -0.069996 0.128391
v -0.089298 0.008326 0.137647
v 0.120510 -0.018172 0.094684
v 0.120152 0.010312 0.116693
v 0.004333 -0.111298 0.140959
v -0.121683 -0.142134 0.090871
v 0.129442 0.024574 0.112522
v 0.009138 -0.132235 0.142919
v 0.002963 -0.080190 0.138944
v 0.042616 -0.066004 0.136775
v -0.015037 -0.067166 0.138753
v -0.142375 0.058700 0.033164
v -0.143196 0.077181 0.044956
v -0.126424 -0.014747 0.038112
v -0.129545 0.009177 0.095349
v -0.144949 0.078321 0.063407
v -0.139047 0.059091 0.067453
v -0.145087 0.081394 0.091357
v -0.129776 0.108693 0.086735
v 0.022213 0.152172 0.084716
v 0.053766 0.130945 0.103705
v 0.045864 0.113112 0.106683
v 0.124883 0.115637 0.080363
v 0.034485 0.140567 0.093174
v 0.060424 0.151941 0.071683
v 0.047276 0.136632 0.108583
v 0.053125 0.142978 0.081492
v 0.103942 0.184788 0.046458
v 0.085108 0.174834 0.065585
v 0.069812 0.140631 0.079749
v 0.059825 0.162598 0.067879
v 0.078009 0.171569 0.050388
v 0.062470 0.155183 0.066038
v 0.055313 0.162688 0.071934
v 0.109902 0.184691 0.039637
v 0.079197 0.176397 0.045529
v 0.080308 0.235039 0.006201
v 0.138541 0.231091 0.009223
v 0.115798 0.233286 -0.007058
v 0.134437 0.232063 -0.013815
v -0.131792 0.099815 0.089814
v 0.010417 0.107182 0.113983
v 0.033054 0.101349 0.117801
v -0.125716 0.063228 0.116549
v -0.022516 0.123490 0.098027
v -0.088634 0.128378 0.091014
v -0.061889 0.115904 0.130150
v -0.110840 0.117989 0.098963
v -0.074386 0.118475 0.126064
v -0.083540 0.157859 0.084945
v -0.112218 0.152503 0.084575
v -0.135213 0.129073 0.070685
v -0.071734 0.149579 0.091126
v -0.102019 0.170946 0.054151
v -0.140424 0.200578 0.028048
v 0.106513 -0.038498 0.111743
v 0.081718 -0.031635 0.132335
v 0.129947 0.076191 0.111251
v 0.137720 0.058294 0.077816
v 0.111387 0.073793 0.121512
v 0.140951 0.057453 0.017507
v 0.127219 -0.099288 0.036172
v 0.128897 -0.113051 0.050602
v 0.094902 -0.102948 0.118062
v 0.081456 -0.059460 0.129745
v 0.141416 -0.122668 0.035499
v 0.143024 -0.134483 0.040282
v 0.124121 -0.154690 0.091112
v 0.156624 -0.176437 0.037099
v 0.176892 -0.242947 0.052817
v 0.159073 -0.199693 0.042296
v 0.181869 -0.243488 0.022148
v 0.182878 -0.264370 0.045606
v -0.125421 -0.079924 0.040436
v -0.020653 -0.208065 0.145364
v -0.123015 -0.069996 0.027213
v -0.077481 -0.154103 0.130199
v -0.143464 -0.226742 0.088819
v -0.171717 -0.249218 0.050589
v -0.124691 -0.010726 0.079618
v -0.126528 -0.012852 0.061116
v -0.099683 0.087017 0.125202
v -0.082900 0.104823 0.127577
v 0.073124 0.121357 0.126124
v 0.122793 0.069423 0.119251
v 0.130586 0.058227 0.105819
v 0.091198 0.144629 0.088756
v 0.123480 0.229088 0.005838
v 0.025253 0.131440 0.092410
v 0.038208 0.133589 0.098421
v -0.069411 0.082064 0.133964
v -0.078783 0.101838 0.129414
v -0.056763 0.155541 0.086386
v -0.100834 0.229505 0.001250
v 0.141194 0.065412 0.049605
v -0.112185 -0.089654 0.091813
v 0.081595 -0.188882 0.128962
v 0.060856 -0.131695 0.134673
v 0.097354 -0.223413 0.120214
v 0.092652 -0.182589 0.126743
v 0.096976 -0.145875 0.124162
v 0.120702 -0.185184 0.108738
v 0.137403 -0.173625 0.077560
v -0.026992 -0.201462 0.144485
v -0.132234 -0.150518 0.079719
v -0.152009 -0.149657 0.052415
v -0.158280 -0.202506 0.054184
v -0.149303 -0.213105 0.072840
v -0.139887 0.044374 0.048868
v -0.018266 0.049561 0.151479
v -0.113840 0.052068 0.132418
v -0.102738 0.071598 0.129747
v 0.096502 0.022279 0.140573
v 0.021271 0.037514 0.150534
v 0.061208 0.009775 0.143183
v 0.059740 0.141891 0.097616
v 0.054907 0.148731 0.086653
v 0.099803 0.155889 0.060771
v 0.067479 0.118956 0.097592
v 0.094662 0.193922 0.047382
v 0.093907 0.213258 0.038616
v 0.123993 0.231741 -0.027585
v 0.092572 0.230332 0.003774
v 0.093416 0.028451 0.143440
v -0.067326 0.038919 0.148829
v -0.017027 0.108224 0.113394
v -0.030705 0.106123 0.128956
v -0.115388 0.131267 0.089166
v -0.072834 0.147009 0.078454
v -0.057041 0.121974 0.103840
v -0.107440 0.161428 0.056813
v -0.106204 0.151958 0.071116
v -0.096926 0.172498 0.065322
v -0.127593 -0.009615 0.049591
v -0.125818 -0.011534 0.071133
v 0.112150 -0.095644 0.094695
v 0.136832 0.065841 0.073576
v -0.124235 -0.021653 0.065519
v 0.065957 -0.164249 0.133955
v 0.108122 -0.183446 0.120137
v 0.107336 -0.202636 0.119845
v 0.097808 -0.190328 0.124508
v -0.095831 -0.021955 0.126721
v -0.114472 -0.001177 0.114363
v -0.091771 -0.076471 0.122474
v -0.069125 -0.225623 0.131566
v -0.107574 -0.192825 0.119397
v -0.078794 0.053106 0.146593
v 0.102684 -0.078564 0.109615
v 0.140869 0.087780 0.096446
v 0.045160 0.077351 0.136381
v 0.088874 0.102659 0.124919
v 0.086714 0.152834 0.063250
v 0.018702 0.129974 0.118657
v 0.029509 0.128641 0.100414
v -0.033690 0.109270 0.111884
v 0.105158 0.158250 0.073030
v 0.100230 0.194713 0.045748
v 0.065085 0.083232 0.135378
v -0.025168 0.123085 0.118242
v -0.029426 0.124661 0.103161
v -0.137399 0.043621 0.090287
v -0.135799 0.020801 0.086773
v -0.055346 0.086893 0.134377
v -0.059203 0.112041 0.117444
v -0.046502 0.096515 0.136956
v -0.111420 0.072051 0.123114
v -0.087468 0.160906 0.080592
v -0.096605 0.159186 0.063956
v -0.102926 0.150747 0.066707
v 0.037157 -0.117822 0.138403
v 0.169441 -0.233410 0.060355
v -0.071392 -0.101870 0.131436
v -0.107816 -0.127743 0.108725
v -0.119867 -0.105731 0.078822
v -0.108859 -0.101452 0.097900
v -0.157896 -0.219040 0.060058
v -0.072361 0.022622 0.146243
v -0.120547 0.037471 0.128756
v 0.116659 -0.030359 0.095242
v 0.108248 -0.042572 0.106034
v 0.085828 0.052045 0.145956
v 0.101575 -0.038907 0.119254
v 0.108980 -0.036325 0.104433
v 0.037180 0.128234 0.113434
v 0.053049 0.097255 0.137639
v -0.035392 0.133430 0.095898
v -0.046192 0.131525 0.099457
v 0.103880 0.164409 0.051261
v 0.093918 0.151594 0.064345
v 0.062479 0.156918 0.074825
v 0.060645 0.156851 0.090279
v 0.020578 0.104424 0.112068
v -0.046647 0.113217 0.107062
v -0.032266 0.118881 0.115583
v -0.094411 0.165385 0.071195
v -0.078644 0.152772 0.076475
v -0.079054 -0.032422 0.133955
v -0.112424 -0.063724 0.096881
v -0.110488 -0.049014 0.104813
v 0.076721 -0.122231 0.131764
v 0.062869 -0.175911 0.134807
v 0.123829 -0.209903 0.109458
v 0.158472 -0.204611 0.046111
v -0.043645 -0.128666 0.138093
v -0.097891 -0.116514 0.119308
v -0.098050 -0.081230 0.114212
v -0.085098 -0.188139 0.127125
v -0.092294 -0.161444 0.126388
v -0.044370 0.003711 0.143028
v -0.132477 0.038667 0.110791
v 0.081674 -0.074371 0.128624
v 0.124209 -0.090666 0.037016
v 0.129730 -0.102171 0.028153
v 0.061976 0.091866 0.136107
v 0.138866 0.092683 0.093679
v 0.133592 0.072179 0.098409
v 0.069612 0.067412 0.141527
v 0.081480 0.135409 0.086403
v 0.028667 0.127738 0.117192
v 0.077849 0.023015 0.145866
v 0.022154 0.043955 0.151907
v -0.137196 0.072760 0.102752
v -0.138405 0.089349 0.092437
v -0.040684 0.105179 0.122514
v -0.102076 0.141426 0.095432
v -0.102205 -0.078134 0.107098
v 0.103626 -0.111305 0.108009
v 0.134600 -0.120779 0.045908
v 0.129491 -0.106039 0.041017
v 0.029920 -0.184439 0.143835
v -0.051162 -0.123668 0.136093
v 0.033486 -0.154788 0.141982
v -0.102965 -0.098954 0.108317
v -0.098029 -0.002264 0.130412
v -0.111376 -0.139876 0.107299
v -0.091825 -0.138941 0.126192
v -0.108911 -0.186064 0.118885
v -0.132880 -0.163460 0.083915
v -0.124981 -0.166911 0.096511
v 0.114916 0.003689 0.117605
v 0.100975 -0.024124 0.122862
v 0.124759 0.021925 0.117880
v 0.114284 0.023739 0.130388
v -0.027768 0.130751 0.115879
v 0.076642 0.153617 0.071073
v -0.060989 0.142208 0.094003
v -0.069845 0.124564 0.094398
v -0.046257 0.112255 0.127893
v 0.101192 -0.055051 0.115983
v 0.110344 -0.111403 0.099005
v -0.054085 -0.113006 0.134933
v -0.061061 0.010777 0.143538
v -0.117334 -0.120798 0.088527
v 0.074553 0.000708 0.139119
v 0.096004 -0.012906 0.128829
v 0.091784 -0.068659 0.121730
v 0.086805 -0.096017 0.125594
v 0.074057 -0.052125 0.132953
v 0.090388 -0.063928 0.123553
v 0.082064 0.019519 0.143670
v 0.069240 0.002815 0.140478
v -0.041800 0.141121 0.095164
v -0.153553 0.085735 0.077562
v 0.114472 -0.022261 0.102836
v 0.004503 -0.150235 0.144780
v -0.084983 -0.091703 0.127122
v -0.070745 -0.169144 0.132251
v 0.024695 -0.065644 0.138222
v 0.028380 -0.165369 0.143490
v 0.010791 -0.013701 0.141519
v 0.014778 -0.165135 0.145204
v 0.014272 -0.097592 0.139401
v -0.117073 -0.139041 0.097004
v 0.014133 -0.144608 0.143777
v 0.005604 -0.053130 0.139336
v -0.139862 0.047050 0.066660
v -0.124155 0.106125 0.092279
v 0.051631 0.125049 0.104661
v 0.063631 0.130080 0.092597
v 0.027619 0.148751 0.093783
v 0.021861 0.135946 0.096103
v 0.068528 0.146829 0.081780
v 0.067675 0.168460 0.057111
v 0.004717 0.109606 0.114840
v -0.125936 0.085679 0.102875
v -0.072294 0.116676 0.105241
v -0.083200 0.140921 0.082479
v -0.069858 0.121286 0.118000
v -0.102787 0.105598 0.115320
v -0.113044 0.132562 0.094952
v -0.080084 0.123121 0.120917
v -0.078091 0.145939 0.092311
v -0.073183 0.140766 0.097188
v 0.130787 0.084119 0.104665
v 0.101870 -0.119798 0.112225
v 0.095071 -0.094105 0.117129
v 0.078346 -0.070632 0.130337
v -0.107917 -0.168486 0.118847
v -0.086647 -0.143786 0.128124
v -0.137410 0.037975 0.092666
v -0.130088 0.004222 0.077910
v -0.093642 0.077267 0.132522
v -0.098986 0.098447 0.122061
v -0.008971 -0.009729 0.141971
v 0.024803 0.127146 0.102344
v 0.078940 -0.163698 0.131205
v 0.064231 -0.192210 0.134412
v 0.058524 -0.120925 0.134796
v 0.061988 -0.143534 0.134679
v 0.088357 -0.165498 0.129035
v 0.103340 -0.129469 0.113006
v 0.087389 -0.148068 0.129430
v 0.116270 -0.181634 0.112818
v -0.155109 -0.211638 0.061788
v -0.110243 0.063404 0.129687
v 0.107545 0.023776 0.135414
v 0.053793 0.143502 0.102913
v -0.069097 0.146248 0.086558
v -0.057751 0.108341 0.110937
v -0.055256 0.126763 0.107093
v -0.126842 -0.003045 0.081576
v 0.085967 -0.172768 0.129220
v 0.069184 -0.152467 0.133383
v 0.114643 -0.186826 0.115320
v -0.106966 -0.066726 0.103196
v -0.096050 -0.072627 0.117243
v 0.109480 -0.065859 0.101431
v 0.082632 0.146813 0.068587
v -0.025503 0.101850 0.113676
v -0.031320 0.126993 0.117622
v -0.050405 0.106375 0.116203
v -0.108112 0.099870 0.107852
v -0.116086 0.067939 0.121976
v -0.088753 0.168736 0.072011
v 0.123884 -0.141382 0.085554
v 0.066665 -0.098161 0.133136
v -0.079565 -0.090471 0.129320
v 0.090880 -0.031686 0.128200
v -0.054459 0.133132 0.090643
v -0.047057 0.119216 0.107153
v 0.075996 -0.134310 0.132237
v 0.078491 -0.114671 0.131001
v 0.073573 -0.185995 0.131378
v -0.103720 -0.119978 0.112716
v -0.092082 -0.122800 0.124774
v -0.105221 -0.086055 0.102177
v -0.097654 -0.086787 0.115327
v -0.095071 -0.175194 0.125063
v 0.076355 -0.059952 0.131728
v 0.084954 -0.088996 0.126597
v 0.064988 0.102761 0.135029
v -0.123926 0.077027 0.110098
v -0.110235 0.086834 0.113232
v -0.106865 0.147346 0.089773
v 0.099291 -0.098791 0.112264
v -0.051763 -0.091796 0.134880
v 0.045750 -0.167418 0.139982
v 0.040067 -0.152266 0.140458
v -0.065220 -0.125066 0.132966
v -0.118190 -0.157921 0.103580
v -0.108144 -0.139092 0.112123
v -0.095662 -0.128632 0.123071
v -0.102297 -0.153729 0.121411
v 0.111540 -0.005552 0.115879
v 0.101156 -0.009612 0.125919
v -0.051319 0.135117 0.098157
v -0.064039 0.129674 0.102408
v 0.114388 -0.133597 0.098175
v -0.027858 -0.000269 0.142887
v 0.081637 -0.097351 0.128904
v 0.115555 -0.006081 0.110955
v -0.093642 -0.090458 0.120714
v 0.014527 0.000744 0.143052
v 0.006425 -0.027546 0.140513
v -0.023241 -0.033481 0.139958
v 0.026386 -0.110401 0.139309
v 0.005718 -0.092377 0.139394
v -0.112264 0.113295 0.096935
v -0.128851 0.075024 0.108483
v -0.083152 0.126447 0.106415
v -0.078420 0.124893 0.116381
v -0.076991 0.129353 0.088476
v -0.111674 0.108075 0.099769
v -0.102543 0.095910 0.118136
v -0.093001 0.119383 0.118720
v -0.086899 0.108249 0.125262
v -0.072057 0.134715 0.096902
v 0.095221 -0.127873 0.122397
v 0.105237 -0.116267 0.106658
v 0.071293 -0.082556 0.132187
v 0.129423 -0.175700 0.092119
v -0.101343 0.081029 0.125559
v -0.088231 0.068315 0.138512
v -0.090624 0.095689 0.128059
v -0.013738 -0.023940 0.140774
v 0.092045 -0.160980 0.127863
v 0.070711 -0.127129 0.133077
v 0.113487 -0.156274 0.108374
v 0.114468 -0.171150 0.112191
v -0.051278 0.115272 0.104757
v -0.101359 -0.061909 0.110777
v 0.108932 -0.096491 0.099986
v -0.044058 0.128575 0.113862
v -0.043938 0.106596 0.111974
v 0.076291 -0.096220 0.130944
v 0.098199 -0.033128 0.123369
v -0.121149 0.067323 0.118320
v 0.022422 -0.147679 0.143108
v -0.071205 -0.138537 0.131798
v 0.106508 -0.005173 0.121859
v -0.051985 0.137574 0.107682
v -0.065860 0.116641 0.100515
v 0.079365 -0.091198 0.129749
v 0.082808 -0.006971 0.135549
v 0.122764 -0.002615 0.099182
v 0.037561 -0.076747 0.136872
v 0.024640 -0.075578 0.137975
v -0.080145 0.121498 0.098021
v -0.104186 0.129315 0.107137
v 0.086609 -0.129105 0.128700
v 0.101030 -0.134385 0.117702
v 0.101879 -0.156755 0.121999
v 0.106164 -0.140188 0.112743
v -0.038929 0.131945 0.105342
v 0.104833 0.003577 0.127146
v -0.074401 0.119722 0.095339
v 0.118668 -0.153306 0.099312
v -0.092582 0.125841 0.116154
v -0.087829 0.128842 0.109224
v -0.079494 0.075782 0.135446
v -0.090093 0.084406 0.131576
v -0.147150 0.082277 0.023555
v -0.138099 0.068235 0.079044
v -0.134316 0.016709 0.078048
v -0.136543 0.066474 0.088603
v 0.148111 0.089667 0.089260
v 0.133797 0.106474 0.081825
v 0.037977 0.155408 0.078952
v 0.050088 0.165778 0.074899
v 0.043746 0.161004 0.077350
v 0.043119 0.151989 0.087899
v 0.092562 0.160791 0.057157
v 0.087433 0.145036 0.071411
v 0.064171 0.172151 0.065885
v 0.052584 0.147281 0.075211
v 0.138418 0.232842 -0.003646
v 0.097788 0.232042 -0.010314
v 0.091358 0.238691 -0.014663
v 0.084635 0.238187 0.002819
v 0.098183 0.233107 -0.020702
v 0.088371 0.239193 -0.019525
v -0.015927 0.143505 0.086474
v -0.087204 0.078152 0.133788
v -0.031803 0.100652 0.116894
v -0.061081 0.119965 0.099598
v -0.092189 0.130251 0.106388
v -0.125578 0.130677 0.075052
v -0.076348 0.193809 0.045796
v -0.093160 0.160262 0.072789
v -0.108008 0.155271 0.068085
v -0.147279 0.182038 0.038064
v -0.121063 0.193264 0.035530
v -0.124409 0.233261 -0.025483
v 0.121366 -0.037334 0.023511
v 0.143169 0.080789 0.084174
v 0.121835 0.056840 0.121810
v 0.135211 0.039624 0.021064
v 0.136962 0.072732 0.071800
v 0.143117 0.072898 0.028040
v 0.140469 0.053070 0.030003
v 0.026908 -0.096980 0.138322
v 0.147988 -0.137645 0.033261
v 0.124669 -0.187946 0.104478
v 0.167114 -0.207877 0.032334
v 0.160916 -0.235650 0.072715
v 0.174870 -0.224394 0.034312
v 0.169522 -0.238922 0.063557
v 0.180430 -0.250696 0.045000
v 0.179080 -0.238075 0.032440
v 0.181965 -0.236493 0.020388
v -0.102538 -0.162403 0.122000
v -0.130569 -0.126801 0.070468
v -0.131652 0.009781 0.084991
v -0.141462 0.073867 0.067348
v -0.107441 0.119522 0.105737
v -0.137283 0.025701 0.082759
v 0.134084 0.073652 0.106271
v 0.071820 0.110888 0.131187
v 0.112731 0.230314 0.012656
v 0.097684 0.109165 0.115636
v 0.047605 0.148435 0.081083
v -0.085236 0.097803 0.128745
v -0.054645 0.139882 0.082298
v -0.068751 0.161679 0.070866
v -0.100804 0.202562 0.034540
v -0.110931 0.224959 0.003366
v 0.154961 -0.155155 0.027847
v 0.165727 -0.192266 0.025087
v -0.139220 -0.100107 0.020327
v -0.014937 -0.207871 0.145993
v -0.143936 -0.159455 0.068031
v -0.175744 -0.241077 0.033434
v -0.030633 0.099220 0.140823
v 0.119371 -0.003187 0.106817
v 0.083675 -0.018012 0.133464
v 0.046066 0.139982 0.096357
v 0.087800 0.199620 0.039952
v 0.066982 0.186899 0.049947
v 0.098277 0.221115 0.027293
v 0.095171 0.052506 0.143023
v -0.084687 0.203038 0.037381
v -0.086853 0.132356 0.082616
v -0.061204 0.168235 0.072054
v -0.091420 0.193732 0.035446
v -0.090914 0.211516 0.021497
v -0.081079 0.198181 0.042759
v -0.103452 0.180002 0.051439
v -0.117490 0.232342 0.001309
v -0.132843 0.216080 0.020887
v -0.127576 0.197399 0.039034
v -0.126727 0.227195 0.001776
v -0.115232 0.218248 0.020943
v -0.143757 0.224767 0.004052
v 0.122832 -0.037654 0.035453
v -0.134075 0.020018 0.055241
v 0.134076 0.064219 0.088629
v 0.123064 -0.082634 0.045170
v 0.123656 -0.251540 0.105679
v 0.143654 -0.248945 0.092471
v -0.123379 -0.036019 0.039388
v -0.122521 -0.055662 0.047865
v -0.111569 -0.012533 0.110537
v -0.136530 -0.113678 0.051895
v -0.167992 -0.175727 0.025305
v -0.165357 -0.156665 0.012216
v -0.130932 -0.252713 0.101705
v -0.166385 -0.181685 0.034555
v -0.170193 -0.204500 0.027802
v -0.166460 -0.186762 0.007891
v -0.084204 -0.017203 0.134093
v -0.107472 0.005428 0.126037
v 0.095880 0.084389 0.128087
v 0.125097 0.058922 0.116015
v 0.093749 0.148961 0.071587
v 0.108484 0.146507 0.088136
v 0.126067 0.171372 0.064193
v 0.129771 0.201850 0.043321
v 0.120870 0.171736 0.065400
v 0.143287 0.200466 0.040311
v 0.079208 0.221047 0.032127
v 0.087050 0.222906 0.019689
v -0.058923 0.142349 0.100716
v -0.004432 0.130081 0.097037
v -0.084586 0.090364 0.130782
v -0.013489 0.070126 0.137325
v -0.098472 0.116840 0.116225
v -0.028535 0.146292 0.083613
v -0.065900 0.154451 0.070822
v -0.072581 0.152495 0.067326
v -0.086729 0.168034 0.063293
v -0.097051 0.143661 0.072213
v -0.113096 0.164465 0.065020
v -0.149997 0.224759 0.001858
v -0.142265 0.228767 -0.015345
v 0.118188 -0.061256 0.075490
v 0.122487 -0.045774 0.058388
v 0.072829 -0.237100 0.128515
v 0.143127 -0.172886 0.064295
v 0.116288 -0.244761 0.109707
v 0.130447 -0.222466 0.103931
v 0.156693 -0.217536 0.067655
v 0.178301 -0.236800 0.038227
v -0.116798 -0.103006 0.084596
v -0.127719 -0.233865 0.104757
v -0.121147 -0.005593 0.098235
v -0.117686 0.052245 0.129135
v -0.099861 0.027619 0.140585
v 0.084830 0.000721 0.136611
v 0.077012 0.129588 0.107372
v 0.077890 0.167303 0.073772
v 0.016825 0.058701 0.144440
v 0.004856 0.085735 0.138643
v 0.046193 0.110791 0.125300
v -0.013081 0.098964 0.117581
v -0.040111 0.128626 0.101327
v -0.040843 0.099824 0.138815
v -0.121416 0.190348 0.041661
v -0.118529 0.178202 0.052707
v -0.123796 0.165613 0.067220
v -0.095317 0.222305 0.007296
v 0.126691 -0.014070 0.059667
v -0.095609 -0.035697 0.123427
v -0.118723 -0.015802 0.097347
v 0.015058 -0.200259 0.145898
v 0.118077 -0.079706 0.071894
v -0.002825 -0.225953 0.145797
v 0.052375 -0.194132 0.138512
v 0.137534 -0.151753 0.059123
v 0.163592 -0.188565 0.030388
v -0.110966 -0.080173 0.094832
v -0.049804 -0.172541 0.139330
v -0.059141 -0.205702 0.136519
v -0.143356 -0.198252 0.079327
v -0.061932 -0.001806 0.140925
v -0.043477 0.048256 0.150529
v -0.004137 0.069488 0.137451
v 0.131272 0.053655 0.108401
v 0.008050 0.126981 0.120899
v 0.121963 0.122989 0.078274
v 0.091297 0.175038 0.059600
v 0.019928 0.072314 0.137115
v -0.074189 0.086768 0.132791
v -0.116131 0.168673 0.063596
v -0.112134 -0.055393 0.099927
v 0.065398 -0.207682 0.133701
v 0.117121 -0.098907 0.084154
v 0.122667 -0.083030 0.051318
v 0.121730 -0.111484 0.076820
v 0.132302 -0.167007 0.082702
v -0.095949 -0.099018 0.118888
v -0.100182 -0.124349 0.118381
v -0.138483 -0.158356 0.074660
v -0.138190 -0.176144 0.080980
v -0.109357 -0.205341 0.117572
v 0.010021 0.048455 0.151941
v 0.024473 -0.009012 0.141723
v 0.111042 -0.020345 0.107988
v 0.121719 -0.082329 0.057770
v 0.034813 0.110196 0.135948
v 0.088052 0.122916 0.118970
v 0.099884 0.234827 0.005764
v 0.067594 0.046756 0.148824
v -0.047932 0.136706 0.102889
v -0.055939 0.055884 0.146823
v -0.053394 0.093173 0.135188
v -0.049961 0.105826 0.136870
v -0.121033 0.149680 0.077047
v -0.096382 0.182349 0.040356
v 0.112171 -0.055045 0.091005
v 0.086064 -0.139128 0.129574
v -0.017919 -0.097296 0.139216
v -0.115560 -0.071999 0.087929
v -0.109187 -0.107729 0.098998
v -0.123975 -0.204363 0.108538
v -0.133629 -0.197854 0.095484
v -0.006855 0.105707 0.139779
v 0.107736 -0.084161 0.102265
v 0.090923 -0.044655 0.126008
v 0.065400 0.123625 0.092666
v 0.107145 0.232378 -0.006070
v 0.116407 0.233272 -0.000847
v -0.144083 0.076211 0.091728
v 0.125927 -0.006223 0.083485
v 0.110461 -0.027984 0.104778
v 0.137419 0.026615 0.086149
v 0.134426 0.016765 0.078897
v -0.078561 -0.046994 0.132750
v -0.098545 -0.165349 0.124114
v -0.021229 0.077974 0.136131
v -0.000969 0.102046 0.136942
v -0.001262 -0.148897 0.144650
v -0.082485 -0.056587 0.130530
v 0.129328 0.048956 0.114137
v 0.051377 -0.138258 0.136918
v -0.121142 -0.133264 0.087528
v 0.030181 -0.130047 0.140537
v 0.128669 0.010958 0.101539
v 0.015114 -0.082934 0.138621
v 0.045850 0.144973 0.101887
v 0.040893 0.133560 0.089307
v 0.054021 0.153252 0.072310
v 0.057548 0.150032 0.080084
v 0.068833 0.135180 0.082522
v 0.066560 0.159091 0.062061
v 0.083534 0.203472 0.036237
v 0.138883 0.232426 0.002466
v 0.126773 0.232407 -0.008968
v -0.124512 0.057698 0.118791
v -0.094605 0.133797 0.090501
v -0.051299 0.110964 0.135289
v -0.065726 0.119862 0.121679
v -0.089011 0.141784 0.075652
v -0.137092 0.134535 0.066407
v -0.057383 0.161528 0.065987
v -0.130148 0.123191 0.077374
v -0.138249 0.183061 0.037372
v 0.080249 -0.042934 0.131678
v 0.125095 -0.094608 0.038547
v 0.128121 -0.128518 0.068740
v 0.152482 -0.141272 0.019451
v 0.168946 -0.252120 0.067407
v -0.168163 -0.191857 0.029802
v -0.139406 0.042440 0.062862
v -0.137875 0.033711 0.070587
v 0.110021 0.158373 0.081193
v 0.024808 0.142728 0.097078
v 0.039351 0.140439 0.106280
v -0.060057 0.149283 0.077357
v -0.073132 0.186451 0.051517
v -0.106381 0.169793 0.049781
v -0.109501 0.218509 0.014307
v 0.136466 0.024647 0.074393
v 0.086184 -0.200335 0.126642
v 0.081038 -0.130947 0.130945
v 0.151008 -0.198800 0.065403
v 0.091240 0.002928 0.134888
v 0.100126 0.072791 0.130553
v 0.058459 0.132581 0.099198
v 0.012366 0.099280 0.123941
v 0.092643 0.155670 0.059810
v 0.074884 0.197355 0.047152
v 0.102628 0.007562 0.130527
v -0.122353 0.042476 0.126021
v -0.029147 0.104735 0.140793
v -0.130037 0.150722 0.060525
v -0.125350 -0.018821 0.059691
v -0.132076 0.018878 0.101869
v 0.118329 -0.172597 0.107690
v -0.094131 -0.009169 0.130898
v -0.121586 -0.080602 0.061676
v -0.131832 0.014729 0.038911
v 0.102231 -0.067922 0.111984
v 0.091114 0.145504 0.078493
v 0.034449 0.129193 0.096118
v 0.092563 0.107888 0.120045
v 0.110657 0.129061 0.088430
v 0.083090 0.226608 0.025012
v 0.084477 0.191668 0.046252
v 0.082383 0.185765 0.057014
v -0.132794 0.012263 0.065992
v -0.059652 0.078734 0.135119
v -0.054172 0.100107 0.135756
v -0.131457 0.087336 0.097735
v -0.059610 0.153808 0.082006
v -0.110648 0.001768 0.120718
v 0.041761 -0.130966 0.138553
v -0.087393 -0.111901 0.126538
v -0.164255 -0.247530 0.061759
v 0.089372 0.038604 0.146674
v 0.105025 -0.034249 0.115682
v 0.085021 0.041765 0.147217
v 0.041739 0.137730 0.110056
v -0.045923 0.136451 0.108492
v 0.106339 0.209517 0.036908
v -0.081316 0.157691 0.064019
v 0.053509 -0.157279 0.137296
v -0.123873 -0.175222 0.101888
v -0.158093 -0.187904 0.053424
v 0.091597 -0.079857 0.120916
v 0.073906 0.060505 0.144513
v 0.074476 0.147609 0.073549
v -0.101958 0.139001 0.100453
v 0.093755 -0.116562 0.121692
v -0.092692 -0.110103 0.123187
v -0.082535 -0.103954 0.128328
v -0.119089 -0.086853 0.076675
v -0.019909 0.037420 0.150350
v -0.065864 0.066599 0.141700
v 0.122321 0.025906 0.122840
v 0.063029 0.118038 0.117596
v 0.073951 0.172887 0.071983
v -0.057590 0.114820 0.122660
v -0.039577 0.106080 0.139084
v 0.114397 -0.092430 0.089563
v 0.128188 -0.155877 0.084579
v 0.088096 -0.005757 0.134017
v 0.088160 -0.084067 0.124020
v 0.081731 -0.048122 0.130617
v 0.096011 -0.057453 0.120045
v 0.053291 -0.100487 0.135078
v -0.139542 0.070233 0.063951
v 0.046220 0.126494 0.107900
v 0.052111 0.144332 0.087751
v 0.129094 0.229106 0.005978
v 0.130410 0.231562 -0.017993
v -0.125036 0.099140 0.096120
v -0.087028 0.144993 0.078144
v -0.079927 0.154507 0.088795
v 0.103155 -0.047287 0.115737
v 0.125262 0.074232 0.115177
v 0.124196 -0.092087 0.028795
v 0.085329 -0.063561 0.127223
v -0.105528 -0.175115 0.120781
v -0.097424 -0.148574 0.124013
v -0.069718 0.077476 0.135355
v -0.105535 0.098033 0.112421
v 0.131092 0.067010 0.100655
v 0.030868 0.131837 0.091390
v 0.044373 0.134303 0.093168
v -0.070596 0.093059 0.132578
v 0.061616 -0.154626 0.134928
v 0.057094 0.151420 0.096520
v -0.028108 0.113125 0.114852
v -0.102075 0.145227 0.075422
v -0.128559 -0.002329 0.070498
v -0.128647 -0.003541 0.063857
v -0.130929 0.021324 0.107018
v 0.023721 0.130490 0.107692
v 0.036428 0.137506 0.102497
v -0.064659 0.087094 0.133685
v -0.038897 0.095001 0.138127
v 0.065454 -0.082805 0.133342
v 0.173819 -0.240133 0.057771
v 0.086473 -0.028939 0.130765
v 0.065833 0.164366 0.080010
v 0.058001 0.146983 0.098486
v 0.091087 -0.136871 0.126972
v 0.087762 -0.108931 0.126014
v -0.083149 -0.116702 0.128502
v -0.116333 -0.178752 0.112579
v 0.125459 -0.095028 0.033199
v 0.122291 -0.079860 0.031246
v 0.133496 0.068817 0.089925
v 0.138521 0.076402 0.089407
v 0.061907 0.139447 0.092917
v 0.080903 0.007024 0.139379
v -0.106910 0.144495 0.094478
v -0.103005 -0.007660 0.125394
v -0.119029 -0.174056 0.108274
v -0.096216 -0.120662 0.121570
v -0.105506 -0.144060 0.116932
v 0.071495 0.150408 0.077795
v -0.057905 0.136384 0.091855
v -0.078082 0.134697 0.087654
v -0.041593 0.111816 0.131401
v -0.051390 0.109024 0.120098
v -0.056549 0.113723 0.132586
v -0.074563 -0.113859 0.130813
v 0.087248 -0.053066 0.127168
v 0.092711 0.014251 0.138417
v 0.007923 -0.162393 0.145576
v -0.082200 -0.080601 0.128616
v -0.097211 -0.091718 0.116464
v 0.010762 -0.069995 0.138712
v 0.038652 -0.093727 0.136892
v 0.055455 -0.066505 0.135352
v 0.038703 -0.177443 0.141995
v 0.024445 -0.131135 0.141392
v 0.036439 -0.103921 0.137593
v -0.120037 -0.153560 0.098550
v -0.138644 0.039545 0.075554
v 0.043621 0.116932 0.106058
v 0.033525 0.148678 0.092487
v -0.116634 0.083055 0.112460
v -0.096759 0.136407 0.101504
v -0.071644 0.119502 0.111448
v -0.105107 0.111945 0.110587
v -0.110318 0.125240 0.100361
v -0.097981 0.108135 0.119797
v 0.088152 -0.155682 0.129228
v 0.078776 -0.149211 0.131686
v 0.047993 -0.110903 0.136205
v 0.105535 -0.154102 0.118063
v 0.103179 -0.165946 0.122268
v 0.103238 0.018543 0.135799
v 0.066446 0.140738 0.084029
v 0.072414 -0.173926 0.132171
v -0.026340 0.099572 0.120364
v 0.076308 -0.082373 0.130810
v -0.099597 0.139722 0.084290
v -0.113090 -0.150842 0.108823
v -0.095520 -0.134641 0.123857
v -0.099743 -0.142822 0.121967
v -0.061870 0.114363 0.103627
v 0.117196 0.000853 0.112967
v 0.050442 -0.074599 0.135547
v -0.107525 0.130795 0.103602
v -0.067925 -0.145791 0.132766
v 0.105720 -0.093518 0.104373
v -0.039089 0.132986 0.113351
v -0.042107 0.102688 0.116119
v 0.029103 -0.141536 0.141712
v -0.091834 -0.149351 0.126524
v 0.094167 0.009737 0.135901
v -0.061901 0.134328 0.105099
v -0.082224 0.125811 0.089107
v -0.088710 0.128286 0.103443
v 0.081830 -0.122195 0.130246
v 0.095292 -0.157142 0.126347
v 0.116297 -0.142919 0.098646
v -0.035463 0.128767 0.104748
v 0.108043 -0.000541 0.122323
v -0.097586 0.127031 0.113056
v 0.042344 0.144748 0.086150
v -0.109301 0.111621 0.102619
v 0.048589 0.141279 0.081971
v 0.048486 0.146629 0.096805
v -0.108026 -0.155175 0.116715
v -0.131327 0.006697 0.070839
v -0.096966 0.149961 0.066688
v 0.051430 -0.085657 0.135231
v -0.101804 -0.105439 0.111954
v -0.086061 -0.099484 0.126676
v 0.085494 -0.100203 0.126823
v 0.099421 -0.000802 0.129537
v -0.117374 -0.165219 0.107655
v 0.091669 -0.105808 0.122099
v -0.082754 -0.096550 0.128144
v -0.077802 0.069703 0.139429
v 0.049374 -0.127502 0.136779
v -0.093480 0.131491 0.101947
v 0.098844 -0.154989 0.123958
v 0.099168 0.011656 0.134346
v -0.143458 0.074514 0.031155
v -0.142576 0.063144 0.034559
v 0.023083 0.126218 0.096252
v 0.039202 0.156902 0.084859
v 0.067387 0.177537 0.055384
v 0.066222 0.177449 0.061872
v 0.095470 0.205382 0.039916
v 0.085890 0.233774 0.014906
v 0.146176 0.231015 -0.021051
v 0.101186 0.233768 -0.028299
v 0.084664 0.238564 -0.014053
v -0.052982 0.159606 0.071662
v -0.128443 0.158025 0.058594
v -0.124346 0.229650 -0.013384
v -0.115316 0.228926 -0.022858
v 0.128765 0.003546 0.025548
v 0.143641 -0.120319 0.020392
v 0.134364 -0.112686 0.038258
v 0.179745 -0.244947 0.042281
v -0.116646 -0.258862 0.109143
v -0.125499 -0.258077 0.105046
v -0.147167 -0.235507 0.085545
v -0.149631 -0.256228 0.088501
v -0.176063 -0.240827 0.026339
v -0.174840 -0.256725 0.047620
v -0.175921 -0.263299 0.046269
v -0.102010 0.114988 0.113715
v 0.122078 0.150796 0.068857
v 0.011787 0.101820 0.143737
v -0.111425 0.184456 0.038249
v -0.086353 0.223922 0.009162
v -0.109256 0.227838 -0.013955
v 0.016340 -0.221537 0.144843
v 0.159170 -0.175343 0.030007
v 0.140149 -0.245183 0.095144
v -0.120130 -0.046310 0.071836
v -0.012421 -0.251997 0.143570
v -0.138477 -0.254361 0.097190
v 0.121924 0.158614 0.070168
v 0.139507 0.187250 0.049327
v 0.123781 0.211770 0.029004
v 0.139796 0.225922 0.021874
v -0.000811 0.143062 0.095314
v -0.018683 0.106829 0.135340
v -0.061208 0.166182 0.081302
v -0.086483 0.137624 0.079122
v -0.138138 0.163588 0.048712
v 0.121996 -0.039621 0.029415
v 0.140904 0.070600 0.048282
v 0.007684 -0.244479 0.144191
v 0.145536 -0.173849 0.056610
v -0.124144 -0.027399 0.056297
v 0.108099 -0.052167 0.106044
v 0.056332 0.109088 0.136546
v 0.113873 0.100075 0.102162
v 0.086503 0.109524 0.124072
v 0.126216 0.205885 0.033432
v 0.108867 0.225639 0.014146
v 0.113939 0.206455 0.030387
v 0.114109 0.222449 0.020729
v 0.118014 0.212236 0.027674
v 0.091069 0.218576 0.034531
v 0.062027 0.002566 0.141360
v 0.076830 0.075354 0.136060
v -0.005538 0.144454 0.096851
v -0.040374 0.072450 0.137261
v -0.033225 0.150407 0.093041
v -0.089663 0.173368 0.045661
v -0.091248 0.137928 0.077545
v -0.074362 0.151195 0.086111
v -0.095486 0.202403 0.025462
v -0.114755 0.162537 0.072824
v -0.137715 0.213977 0.019252
v -0.130228 0.224205 0.010937
v 0.132499 0.012799 0.056021
v 0.136011 0.027178 0.097101
v 0.023946 -0.228149 0.143225
v 0.131128 -0.251838 0.101607
v 0.170074 -0.221584 0.044695
v -0.122600 -0.050002 0.039930
v -0.149669 -0.157327 0.059640
v -0.021915 0.105494 0.131466
v -0.118439 0.003221 0.112344
v 0.118015 0.101677 0.096617
v 0.100756 0.131358 0.102297
v 0.130460 0.146096 0.059000
v 0.134528 0.190881 0.051834
v 0.099755 0.167781 0.050637
v 0.077608 0.178382 0.063814
v -0.116935 0.111616 0.092594
v -0.045641 0.153744 0.085551
v -0.094998 0.184040 0.048435
v -0.082218 0.164608 0.054153
v -0.117464 0.179034 0.045927
v -0.133260 0.228175 -0.025939
v -0.116352 -0.036370 0.087940
v 0.030189 -0.195231 0.143754
v 0.146749 -0.128369 0.029674
v 0.147922 -0.187280 0.063861
v 0.159699 -0.213035 0.054430
v -0.091997 0.025342 0.143227
v -0.086592 -0.177288 0.127233
v -0.162961 -0.161073 0.039042
v -0.150834 -0.196470 0.066620
v -0.168815 -0.226171 0.045058
v -0.079630 0.023451 0.145636
v 0.033579 0.061322 0.142118
v 0.057596 0.086799 0.136081
v 0.119419 0.085265 0.107468
v 0.096469 0.144399 0.098097
v 0.100003 0.114947 0.111373
v 0.089023 0.138955 0.104232
v 0.048925 0.042257 0.150492
v 0.027193 0.065249 0.139616
v 0.034443 0.114702 0.110873
v 0.030207 0.102109 0.142253
v -0.030601 0.146556 0.098083
v -0.140779 0.073269 0.097021
v -0.077232 0.081265 0.133758
v -0.040529 0.085332 0.135456
v 0.119010 -0.120357 0.086928
v -0.022410 -0.162053 0.144332
v 0.160919 -0.238976 0.073893
v 0.032628 0.029472 0.147877
v 0.022128 0.102612 0.127411
v 0.072598 0.068993 0.140558
v 0.027080 0.074656 0.136886
v 0.065125 0.057435 0.145544
v 0.027470 0.103161 0.112980
v 0.097496 0.133555 0.105564
v 0.099695 0.141107 0.098718
v -0.014008 0.128698 0.117605
v 0.070274 0.164030 0.081833
v 0.037412 0.051387 0.150329
v 0.020838 0.105457 0.142326
v 0.045163 0.110519 0.138237
v -0.133460 0.064014 0.106413
v -0.122596 0.204738 0.026334
v 0.111114 -0.045472 0.096143
v 0.121579 -0.022723 0.086605
v 0.117498 -0.070151 0.073842
v 0.091541 -0.144860 0.127452
v 0.118714 -0.109638 0.083961
v -0.061079 0.073379 0.137763
v 0.106107 0.051392 0.137832
v 0.053580 0.116258 0.129549
v 0.061837 0.127476 0.095190
v -0.118545 0.158369 0.076905
v -0.105652 -0.046238 0.111467
v 0.116956 -0.090578 0.081134
v -0.090514 -0.066388 0.124410
v -0.014032 0.079493 0.136475
v 0.006716 0.100479 0.144236
v -0.052559 -0.031377 0.138404
v 0.118507 0.055470 0.126773
v 0.134571 0.020828 0.096347
v -0.026927 -0.049340 0.138977
v -0.140729 0.049312 0.052120
v -0.137406 0.100861 0.085034
v 0.138056 0.117671 0.071129
v 0.051474 0.135484 0.106040
v 0.051160 0.164152 0.069456
v 0.112417 0.231769 -0.017605
v -0.020586 0.123970 0.106496
v -0.051213 0.114539 0.130446
v -0.117469 0.149069 0.084251
v -0.136957 0.155676 0.053856
v -0.104640 0.213947 0.028545
v -0.125658 0.204338 0.033316
v -0.101373 0.234425 -0.030034
v -0.102433 0.232116 -0.021397
v 0.104706 -0.022865 0.118669
v 0.126574 -0.106099 0.050414
v 0.164866 -0.253133 0.072379
v 0.172057 -0.215760 0.030842
v 0.181434 -0.253340 0.038950
v 0.184375 -0.262627 0.031040
v -0.130860 -0.088830 0.031036
v -0.161985 -0.145747 0.009549
v -0.137654 0.031068 0.078746
v 0.058993 0.117446 0.130482
v 0.145797 0.192837 0.037876
v 0.075315 0.183476 0.052987
v -0.080816 0.114604 0.125945
v -0.109134 0.182482 0.044002
v -0.096518 0.225771 0.003483
v 0.122571 -0.048137 0.045770
v 0.002098 -0.201532 0.146753
v 0.106503 -0.149850 0.115721
v 0.161187 -0.181708 0.031797
v -0.124993 -0.076797 0.034209
v -0.126191 -0.091754 0.054062
v -0.122271 -0.241885 0.106914
v -0.113476 0.058045 0.130075
v -0.104812 0.078162 0.123454
v 0.024128 0.108682 0.111616
v 0.094731 0.148393 0.084063
v -0.002078 0.139498 0.101299
v 0.011517 0.134149 0.098600
v -0.082661 0.178840 0.047721
v -0.080309 0.178026 0.052986
v -0.108921 0.154354 0.079395
v -0.069483 0.177992 0.058862
v -0.114697 0.213214 0.025676
v -0.102089 0.186822 0.052362
v -0.117436 0.199360 0.028402
v -0.122944 0.002734 0.103408
v 0.136986 -0.161873 0.070523
v 0.147785 -0.155136 0.044063
v 0.119960 0.045790 0.128242
v 0.074813 0.154008 0.073985
v 0.015495 0.124692 0.120525
v -0.037418 0.112980 0.110597
v 0.071616 0.169738 0.065903
v 0.120803 0.221081 0.019944
v 0.021556 0.050297 0.151110
v 0.017744 0.124278 0.101063
v -0.137861 0.033239 0.085349
v -0.121564 0.089051 0.105008
v -0.100229 0.159054 0.059446
v 0.119861 -0.038008 0.084162
v -0.143982 -0.116330 0.039566
v -0.150113 -0.248595 0.085547
v 0.111721 -0.038473 0.098041
v 0.131224 0.006545 0.072842
v 0.083364 0.136873 0.092509
v -0.013083 0.119377 0.118965
v 0.006045 0.121307 0.120718
v 0.111524 0.166778 0.055567
v -0.020098 0.144186 0.099574
v -0.103729 0.055572 0.138206
v -0.109629 0.094230 0.108829
v -0.072697 0.178147 0.066111
v -0.070690 0.168503 0.071469
v -0.094685 0.179422 0.060550
v -0.104181 0.226451 -0.005229
v -0.090110 -0.212026 0.124064
v -0.106303 -0.157843 0.118801
v -0.172235 -0.217125 0.027465
v -0.131762 0.027711 0.108832
v 0.095111 0.069536 0.135105
v 0.078273 0.134804 0.081112
v 0.081920 0.169510 0.069040
v 0.068608 0.157510 0.085584
v 0.026477 0.032733 0.148810
v 0.017117 0.099370 0.143570
v -0.013448 0.103200 0.113679
v -0.117218 0.142901 0.086083
v -0.117250 -0.027139 0.092653
v 0.129995 -0.110294 0.045294
v -0.099839 -0.101325 0.114127
v 0.108980 0.018770 0.131959
v 0.071897 0.121213 0.101686
v 0.086250 0.139745 0.087019
v 0.081316 0.154979 0.066092
v -0.075519 0.124474 0.091063
v -0.039540 0.055997 0.147236
v -0.058844 0.060717 0.143771
v 0.078562 -0.016134 0.135235
v 0.126379 -0.110162 0.056219
v 0.118224 -0.023228 0.097065
v -0.139778 0.053232 0.067834
v -0.137570 0.059495 0.075577
v -0.139848 0.069786 0.059278
v -0.140905 0.085110 0.093704
v -0.150683 0.084859 0.083368
v 0.022206 0.149675 0.090686
v 0.032018 0.135694 0.112461
v 0.051490 0.153421 0.077765
v -0.128114 0.058501 0.113927
v -0.028871 0.123748 0.097437
v -0.081143 0.158850 0.078026
v -0.067027 0.146787 0.093908
v 0.135338 0.050436 0.098686
v -0.137188 0.064103 0.076965
v 0.135648 0.044642 0.100243
v 0.078627 -0.174767 0.130683
v -0.039474 0.123821 0.115129
v -0.099845 0.173503 0.059638
v -0.128315 0.010071 0.101141
v 0.136547 0.085740 0.100900
v 0.021574 0.131405 0.112976
v 0.105774 0.158955 0.064488
v 0.058318 0.079783 0.135681
v -0.090431 0.156447 0.076760
v 0.107246 -0.031754 0.110510
v -0.030359 0.135502 0.096712
v 0.014643 0.101977 0.113227
v 0.122069 -0.060692 0.041442
v 0.113194 -0.198665 0.117016
v -0.107198 -0.080912 0.099605
v -0.076837 -0.163315 0.130265
v -0.103411 0.088586 0.119238
v -0.107440 0.150325 0.084939
v 0.112980 -0.123460 0.097390
v 0.070484 0.104718 0.133229
v 0.092930 -0.050998 0.123581
v 0.101246 -0.147486 0.120804
v 0.095452 -0.028817 0.126085
v 0.070662 -0.061713 0.133219
v 0.117656 0.012686 0.121042
v 0.026845 0.152413 0.088927
v 0.019754 0.140511 0.098531
v 0.063770 0.166649 0.063003
v -0.077442 0.123759 0.110115
v -0.072838 0.129335 0.093218
v -0.106810 0.126127 0.105469
v 0.097654 -0.118461 0.117519
v -0.046986 0.123787 0.110644
v -0.051889 0.106428 0.111874
v -0.073804 -0.088060 0.131043
v 0.104626 -0.012212 0.121482
v -0.026186 -0.008901 0.141862
v 0.075413 -0.108680 0.131627
v -0.094538 -0.080902 0.119357
v -0.081799 0.130642 0.085281
v -0.083565 0.125369 0.118250
v -0.085534 -0.134173 0.128270
v -0.085632 0.072510 0.136306
v -0.103068 -0.072679 0.106298
v -0.110815 -0.118560 0.099765
v 0.077818 -0.004081 0.137414
v -0.143689 0.074834 0.079941
v 0.053023 0.163085 0.076962
v 0.044236 0.157092 0.085351
v 0.095105 0.177674 0.056202
v 0.094425 0.237178 -0.019667
v 0.132787 -0.129686 0.054552
v 0.150615 -0.144215 0.032116
v -0.086545 0.129095 0.086478
v -0.136886 0.028233 0.070838
v -0.102996 0.123484 0.110371
v 0.071814 0.158871 0.081212
v 0.060524 0.053819 0.147537
v -0.114579 -0.041319 0.091067
v -0.115760 -0.012569 0.105220
v 0.124965 -0.119750 0.072091
v -0.091973 0.179767 0.039426
v 0.104121 -0.089804 0.106579
v 0.135612 0.020079 0.086116
v 0.050386 0.141413 0.105749
v 0.120935 0.231536 -0.010927
v -0.091688 0.145537 0.072087
v 0.096410 0.150384 0.075681
v 0.094560 -0.088703 0.117647
v -0.064890 0.111778 0.107290
v 0.095782 -0.135284 0.123376
v 0.109115 -0.167038 0.117282
v -0.091566 -0.099468 0.123195
v -0.095129 0.135632 0.083869
v -0.073576 0.171494 0.066471
v -0.091771 0.132034 0.086275
v -0.145500 0.075124 0.022222
v -0.134178 0.032293 0.027367
v -0.141030 0.050823 0.025548
v -0.127212 0.068941 0.113287
v 0.128115 0.134151 0.066586
v 0.073020 0.213074 0.034569
v 0.075635 0.208023 0.041321
v 0.074922 0.224558 0.024506
v 0.107864 0.235577 -0.020657
v 0.147806 0.230642 -0.006179
v 0.091884 0.234451 -0.010063
v 0.102095 0.235360 -0.011781
v -0.039823 0.134824 0.094475
v -0.127270 0.140867 0.068076
v -0.063444 0.173549 0.065433
v -0.132942 0.182132 0.040087
v -0.114822 0.223928 0.018102
v -0.118204 0.186579 0.038174
v -0.149123 0.221809 0.007724
v -0.123507 0.232020 -0.008797
v -0.138698 0.230244 -0.018009
v 0.104211 -0.060407 0.111523
v 0.138770 0.077084 0.082761
v 0.139573 0.078338 0.071810
v 0.032381 -0.240245 0.140461
v 0.121178 -0.068970 0.029500
v 0.175337 -0.221748 0.027333
v -0.167734 -0.198884 0.010166
v -0.165141 -0.224386 0.051010
v -0.173727 -0.229328 0.021220
v -0.178989 -0.258582 0.026658
v -0.177918 -0.252119 0.036918
v -0.127975 -0.006993 0.037001
v 0.083259 0.132849 0.112107
v 0.116687 0.173025 0.056021
v 0.132250 0.224284 0.017941
v 0.102670 0.231721 0.014408
v -0.058505 0.143452 0.078700
v -0.142367 0.179914 0.039053
v -0.089977 0.230524 -0.007019
v -0.110884 0.228744 0.003518
v -0.121840 0.228572 -0.004500
v 0.138898 0.041112 0.080363
v 0.155566 -0.198931 0.049313
v -0.138253 -0.100367 0.028364
v -0.168529 -0.178304 0.014238
v -0.174491 -0.241931 0.040228
v -0.026701 0.096203 0.140663
v 0.108370 0.079246 0.119282
v 0.138754 0.037628 0.084679
v 0.123229 0.137848 0.069844
v 0.118007 0.158214 0.075324
v 0.110088 0.192123 0.036896
v 0.138510 0.178039 0.050444
v 0.141123 0.168089 0.046167
v 0.145019 0.224840 0.020122
v 0.082849 0.231428 0.020863
v -0.015231 0.146695 0.096328
v -0.121380 0.132795 0.077768
v -0.049670 0.137080 0.086091
v -0.078988 0.182501 0.056327
v -0.070856 0.182831 0.058709
v -0.131410 0.169732 0.049073
v -0.076395 0.196041 0.040101
v -0.090639 0.205394 0.026195
v -0.112911 0.172111 0.047502
v -0.132987 0.220570 0.015969
v -0.135546 0.202386 0.027490
v -0.117537 -0.001354 0.109992
v -0.121037 -0.035684 0.074376
v 0.093738 -0.211339 0.123050
v 0.133964 -0.138772 0.057313
v 0.115585 -0.233299 0.111753
v -0.168959 -0.190687 0.017894
v -0.171453 -0.211148 0.025712
v -0.167966 -0.198848 0.033963
v -0.142280 -0.240135 0.092776
v -0.008264 0.081338 0.136965
v 0.046827 0.070109 0.138733
v 0.012327 0.124265 0.097385
v 0.123173 0.175493 0.061808
v 0.112264 0.213868 0.027888
v 0.080971 0.209658 0.036869
v 0.123529 0.226815 0.011103
v 0.008873 0.123083 0.105361
v -0.020042 0.118162 0.116757
v -0.063927 0.144581 0.075526
v -0.101301 0.204988 0.023344
v -0.123054 0.219521 0.011640
v -0.128213 0.218637 0.019988
v -0.107157 -0.031301 0.114759
v 0.120487 -0.055749 0.070764
v 0.156537 -0.170326 0.033762
v 0.150326 -0.159334 0.040596
v 0.130997 -0.243290 0.102143
v 0.145080 -0.229259 0.088112
v -0.146939 -0.111803 0.020792
v -0.123865 -0.002770 0.093928
v -0.113297 0.024814 0.131554
v 0.009967 0.079276 0.136924
v 0.086953 0.089688 0.131762
v 0.110298 0.092004 0.109982
v 0.054735 0.126534 0.101255
v 0.105305 0.150700 0.089543
v 0.140073 0.197339 0.046414
v 0.116272 0.178184 0.045702
v 0.121762 0.186626 0.044913
v 0.107387 0.218889 0.028940
v 0.011053 0.060277 0.142821
v -0.007089 0.121767 0.103686
v 0.001197 0.124794 0.112012
v -0.119896 0.056643 0.124547
v 0.005611 0.098244 0.119699
v -0.002046 0.113438 0.116791
v -0.014276 0.062452 0.141120
v -0.121677 0.120748 0.083722
v -0.105034 0.175373 0.049418
v -0.127366 0.191102 0.044235
v -0.123826 0.182094 0.052942
v -0.125433 0.169403 0.062644
v -0.114021 0.232047 -0.004381
v -0.130280 0.228097 -0.012978
v -0.106935 0.032134 0.137782
v -0.002734 -0.212428 0.146476
v 0.120193 -0.225370 0.110859
v 0.152870 -0.227224 0.078360
v 0.156111 -0.205828 0.053155
v -0.147575 -0.127553 0.043758
v -0.139585 -0.226388 0.094188
v -0.165699 -0.188839 0.037686
v -0.164555 -0.201155 0.043240
v -0.108499 0.039338 0.137881
v 0.120948 -0.068277 0.061973
v 0.125748 0.091838 0.098731
v 0.095252 0.147172 0.091922
v 0.001490 0.126074 0.121243
v 0.096710 0.218199 0.033384
v 0.028281 0.042591 0.151541
v 0.022123 0.093997 0.141346
v -0.010832 0.128027 0.096478
v -0.075186 0.036945 0.148784
v -0.018264 0.111887 0.114019
v -0.112065 0.149173 0.088262
v -0.078879 0.162215 0.057129
v -0.120674 0.183211 0.048677
v -0.092530 0.174462 0.048952
v -0.098283 0.217547 0.012800
v 0.125903 -0.013437 0.071262
v -0.118275 -0.031410 0.087434
v 0.114984 -0.098873 0.089424
v -0.073030 -0.002488 0.139257
v -0.081039 0.015427 0.142302
v -0.163007 -0.229019 0.056711
v 0.003764 0.047098 0.152150
v 0.118336 0.073982 0.118286
v 0.070774 0.013705 0.143287
v 0.033242 0.104196 0.112754
v 0.074108 0.126694 0.111562
v 0.125798 0.231607 -0.020912
v 0.046105 0.057669 0.145165
v 0.039918 0.108526 0.139914
v -0.137491 0.068294 0.099256
v -0.009508 0.101414 0.130995
v -0.009099 0.101899 0.143509
v -0.122148 0.145805 0.073483
v -0.100535 0.196149 0.043432
v -0.122165 0.210322 0.020606
v 0.130496 -0.210601 0.102921
v -0.036626 -0.072871 0.137156
v -0.092143 -0.060282 0.123344
v 0.001506 0.098820 0.125974
v 0.126980 -0.097932 0.029080
v 0.039378 0.081892 0.136564
v 0.105004 0.062410 0.134000
v 0.044761 0.097506 0.139100
v 0.064311 0.134496 0.088642
v 0.062553 0.121259 0.096149
v 0.062766 0.047884 0.149242
v 0.046995 0.109286 0.109625
v -0.046316 0.146596 0.093389
v -0.150982 0.081744 0.077256
v -0.034321 0.046457 0.151343
v -0.036301 0.063144 0.141173
v -0.110883 0.160128 0.068388
v -0.086414 -0.036285 0.130710
v -0.022283 0.045964 0.151792
v 0.044074 0.112717 0.133362
v -0.111953 0.200050 0.034615
v -0.103904 0.206729 0.035665
v -0.000313 0.025436 0.146920
v -0.123513 0.008243 0.109389
v 0.042021 0.111928 0.107426
v 0.118912 0.120360 0.082699
v 0.045437 0.138798 0.084410
v 0.056971 0.147807 0.075660
v 0.100067 0.182263 0.051509
v 0.062223 0.160260 0.062726
v 0.140848 0.228398 0.016073
v 0.093170 0.234001 0.000174
v 0.104760 0.235504 -0.002245
v -0.013041 0.121927 0.103132
v -0.063669 0.116514 0.118302
v -0.065447 0.141074 0.084238
v -0.082606 0.207952 0.032871
v -0.117478 0.207084 0.022974
v -0.118912 0.234628 -0.010899
v 0.134249 0.067808 0.085406
v 0.134487 0.080087 0.105788
v 0.137943 0.069754 0.066034
v 0.142529 0.064663 0.031606
v 0.152427 -0.236514 0.081413
v 0.174042 -0.226513 0.040829
v 0.181201 -0.248527 0.031807
v -0.008847 -0.215807 0.146135
v -0.023050 -0.247509 0.142423
v -0.177697 -0.251651 0.024941
v -0.179154 -0.260040 0.034335
v -0.075012 0.122649 0.121121
v 0.127798 0.060062 0.110264
v 0.121106 0.168184 0.068854
v 0.110935 0.225654 0.023583
v -0.061873 0.055551 0.146773
v -0.104145 0.202222 0.029639
v 0.140179 -0.254955 0.095940
v -0.031468 0.053126 0.149660
v -0.110859 -0.023021 0.108816
v 0.112733 0.119223 0.090658
v 0.057990 0.124601 0.098108
v 0.101608 0.188650 0.048149
v 0.078730 0.184901 0.042902
v 0.086413 0.236263 0.008989
v 0.107525 0.008947 0.127757
v -0.066927 0.134437 0.101656
v -0.119336 0.216233 0.015096
v 0.090228 0.117920 0.119012
v 0.109718 0.152143 0.085178
v 0.077903 0.171940 0.055265
v 0.091650 0.191191 0.052914
v 0.090243 0.224811 0.015854
v 0.085989 0.206202 0.030727
v -0.009040 0.096701 0.143295
v 0.082054 0.087374 0.133926
v -0.019356 0.129078 0.117535
v 0.009974 0.144313 0.097149
v -0.107872 0.020900 0.133799
v -0.054510 0.080581 0.134792
v -0.071835 0.099906 0.131597
v -0.083890 0.192893 0.044109
v -0.092995 0.233989 -0.022876
v -0.102493 0.231180 -0.016309
v -0.144354 0.215275 0.017167
v -0.117111 0.022243 0.127388
v -0.111599 -0.028328 0.105406
v -0.121100 -0.071158 0.061535
v -0.126303 -0.120531 0.073715
v -0.127500 -0.147635 0.084911
v -0.136039 0.031596 0.042911
v -0.124588 0.021454 0.117928
v -0.090907 0.053036 0.144336
v -0.105942 0.068284 0.130080
v 0.109827 -0.053195 0.099878
v 0.036064 0.138457 0.109133
v 0.047606 0.092105 0.137753
v -0.006501 0.119490 0.119875
v 0.112857 0.180041 0.041875
v 0.109684 0.163840 0.063842
v 0.064764 0.157898 0.088872
v 0.089874 0.206023 0.034436
v -0.039015 0.149369 0.082709
v 0.122232 0.003923 0.107139
v 0.147721 -0.202555 0.075710
v -0.088746 -0.198121 0.125416
v -0.152984 -0.215009 0.066609
v 0.133241 -0.107107 0.021820
v 0.077286 0.064869 0.142230
v 0.074530 0.126723 0.118595
v 0.081512 0.138580 0.077441
v 0.029121 0.121218 0.115585
v 0.022933 0.124586 0.118855
v 0.060893 0.152781 0.094352
v 0.095872 0.231018 -0.004922
v 0.085022 0.025858 0.145205
v 0.038852 0.102984 0.114957
v -0.061744 0.044401 0.149285
v -0.020751 0.021322 0.146135
v -0.006145 0.105126 0.113246
v -0.095618 0.134053 0.106766
v -0.108217 0.224699 0.014891
v -0.064096 -0.104974 0.132834
v -0.114081 -0.189789 0.115687
v -0.048485 0.084038 0.134778
v 0.120206 0.019809 0.122380
v 0.082895 0.108994 0.126644
v -0.064052 0.017583 0.145119
v -0.027256 -0.172509 0.144159
v 0.100122 0.052312 0.140903
v 0.069093 0.130733 0.085507
v -0.076593 -0.102685 0.130187
v 0.133081 0.054617 0.103042
v 0.132618 0.034664 0.108447
v 0.049206 0.112538 0.106700
v 0.016215 0.132927 0.095276
v 0.048557 0.144787 0.079184
v 0.106078 0.178258 0.043473
v 0.085692 0.182892 0.060833
v 0.063137 0.147102 0.092570
v 0.069986 0.163456 0.063980
v 0.110671 0.231071 -0.010871
v -0.058927 0.109931 0.133928
v -0.067733 0.118137 0.127477
v 0.126566 0.064704 0.115136
v 0.123490 0.078649 0.112302
v 0.123178 -0.086730 0.031136
v 0.133158 -0.116812 0.045238
v 0.097739 -0.107797 0.115197
v 0.165267 -0.197474 0.027579
v 0.180550 -0.261747 0.052825
v -0.072284 -0.207221 0.131572
v -0.072732 0.112844 0.129265
v 0.068775 0.117157 0.130101
v 0.122477 0.232984 0.000288
v 0.036167 0.132264 0.090594
v -0.100583 0.231596 -0.006017
v 0.098450 -0.125608 0.118384
v -0.014015 0.051895 0.150522
v 0.056269 0.154132 0.091067
v -0.115000 0.138978 0.091096
v -0.074404 0.047911 0.147918
v 0.051756 0.074812 0.137023
v 0.013382 0.129291 0.118036
v -0.054434 0.108398 0.116395
v -0.036063 0.138243 0.097131
v 0.015601 0.108394 0.114003
v -0.099253 0.055653 0.140195
v -0.097725 0.166516 0.065048
v -0.075880 -0.024029 0.135629
v -0.117857 -0.197514 0.113104
v -0.125072 -0.184976 0.103674
v 0.133535 -0.107471 0.028450
v -0.129295 0.080071 0.104421
v -0.110972 -0.154580 0.113145
v -0.103200 -0.147778 0.119908
v 0.101755 0.024205 0.139005
v 0.118063 0.023795 0.127142
v -0.064739 0.143117 0.089262
v 0.085271 -0.115014 0.128256
v -0.153200 0.089504 0.079847
v 0.049531 0.131073 0.107295
v 0.028693 0.137741 0.093367
v 0.065569 0.163091 0.059500
v -0.079762 0.141445 0.088143
v -0.114463 0.122789 0.090965
v -0.068704 0.129488 0.098180
v -0.064759 0.144172 0.099812
v -0.150870 -0.207533 0.068141
v -0.056706 0.133283 0.108060
v 0.108645 -0.075756 0.101708
v 0.106329 -0.066050 0.107389
v -0.038175 0.106354 0.111598
v -0.084890 0.164182 0.075353
v -0.050270 0.130416 0.093320
v -0.097671 0.138000 0.095945
v -0.103917 0.145719 0.081698
v -0.100370 -0.135545 0.120304
v 0.109980 -0.011403 0.114372
v -0.060622 0.125383 0.103238
v -0.118343 0.105910 0.095535
v -0.133614 0.076660 0.104459
v -0.133879 0.072423 0.106412
v -0.100413 0.092374 0.122369
v -0.096280 0.071512 0.133345
v 0.110051 -0.175508 0.117993
v -0.033053 0.131989 0.114500
v -0.047315 0.104571 0.113757
v -0.053329 0.139603 0.101861
v -0.064731 0.125171 0.098464
v -0.084114 0.125671 0.100446
v -0.034150 0.125782 0.101839
v 0.110112 0.006704 0.124209
v -0.094157 0.088332 0.128988
v 0.133703 0.102247 0.085709
v 0.046053 0.163332 0.073197
v 0.057682 0.153543 0.068409
v 0.088494 0.235516 -0.000139
v -0.020521 0.146666 0.088026
v -0.090714 0.072308 0.135106
v -0.144944 0.077227 0.070167
v -0.138853 0.228532 -0.004314
v 0.122267 -0.039701 0.067635
v -0.168207 -0.182618 0.024046
v -0.081448 -0.022367 0.134338
v 0.131412 0.070983 0.109936
v 0.118017 0.172603 0.061943
v 0.076163 0.217743 0.033327
v -0.118151 0.166772 0.068890
v -0.109979 -0.011943 0.114708
v -0.105761 -0.022361 0.118933
v -0.092271 0.218893 0.012459
v 0.122414 0.132092 0.073702
v -0.113990 -0.065047 0.093302
v 0.112228 0.230281 -0.004229
v 0.126525 0.040863 0.120208
v 0.056068 0.157914 0.069574
v 0.143781 0.231221 -0.001486
v 0.132008 0.228512 0.009096
v 0.031976 0.097309 0.141164
v -0.021958 0.106235 0.140252
v 0.107062 0.129129 0.093872
v 0.094861 0.038869 0.144665
v 0.086263 -0.073555 0.125772
v -0.071754 0.068945 0.140545
v 0.057981 0.115644 0.120279
v 0.034734 -0.169096 0.142531
v 0.044514 0.132224 0.110367
v -0.083028 0.150327 0.086598
v 0.103943 -0.040890 0.115973
v 0.071163 -0.032782 0.135074
v 0.131477 0.062924 0.099916
v 0.051888 0.149526 0.092165
v 0.081659 -0.108540 0.129547
v 0.091074 -0.113339 0.123855
v -0.112055 -0.166475 0.114858
v -0.103012 -0.181743 0.121994
v -0.046753 0.112801 0.132714
v 0.038886 0.142535 0.090803
v 0.082269 -0.084408 0.128172
v -0.103411 0.142439 0.089891
v -0.034994 0.132313 0.108682
v -0.093283 0.130905 0.111982
v 0.041144 0.138670 0.087501
v 0.157372 -0.166711 0.029541
v -0.136603 -0.249217 0.098049
v 0.135690 0.223764 0.022318
v -0.130659 0.165048 0.052420
v -0.123667 -0.034462 0.047015
v 0.015975 0.087667 0.139208
v -0.119186 -0.036073 0.081800
v -0.085849 0.023991 0.144677
v 0.091569 -0.129447 0.125800
v -0.083147 0.183446 0.046645
v -0.078779 0.173180 0.054831
v -0.033375 0.113700 0.115099
v -0.093271 -0.070824 0.121099
v 0.100774 -0.140218 0.119596
v -0.056306 -0.130997 0.135288
v -0.050250 0.131828 0.111275
v 0.126032 0.231875 -0.014787
v -0.129945 0.183203 0.045545
v 0.114462 0.187453 0.038405
v -0.012600 0.046966 0.151973
v 0.005783 0.127266 0.114479
v -0.136790 0.065181 0.082111
v 0.144129 0.084941 0.094059
v -0.140282 0.071687 0.078493
v 0.061639 0.112269 0.105493
v 0.054164 0.167624 0.074303
v 0.040050 0.158643 0.076558
v 0.042577 0.157189 0.080556
v 0.144153 0.185739 0.040817
v 0.076162 0.228597 0.019067
v 0.145204 0.228246 0.010494
v 0.132535 0.231377 -0.007024
v 0.113354 0.232970 -0.029092
v 0.081715 0.236798 -0.002108
v -0.074092 0.185771 0.044189
v -0.077965 0.197139 0.034663
v -0.089917 0.217992 0.019979
v -0.145649 0.227756 -0.015332
v 0.139193 0.074996 0.060196
v 0.155531 -0.154620 0.021731
v 0.135279 -0.256569 0.099444
v 0.178470 -0.240342 0.044849
v 0.179037 -0.233565 0.027782
v -0.161333 -0.191728 0.047647
v -0.167915 -0.237699 0.051864
v -0.141348 0.073972 0.060915
v -0.002549 0.142275 0.085463
v 0.131070 0.069125 0.105106
v 0.053240 0.167812 0.065069
v -0.140260 0.189363 0.034338
v -0.109129 0.226977 0.007962
v -0.143195 0.077198 0.051960
v -0.141738 0.061640 0.046512
v 0.041304 0.141288 0.101322
v 0.118986 0.142375 0.074867
v 0.140558 0.221285 0.029995
v 0.086489 0.190577 0.039888
v 0.073333 0.167673 0.052768
v 0.068993 0.183950 0.054477
v 0.103223 0.218455 0.026483
v 0.129246 0.212207 0.030473
v 0.101272 0.222860 0.021296
v -0.010155 0.143828 0.099381
v -0.004918 0.144012 0.090506
v -0.076774 0.191069 0.051608
v -0.079297 0.201892 0.036853
v -0.136125 0.196269 0.030428
v -0.103694 0.214597 0.016134
v 0.144178 -0.142261 0.042719
v 0.140874 -0.163655 0.061105
v 0.158527 -0.214784 0.060827
v -0.132024 -0.245099 0.101111
v -0.087866 0.041994 0.146770
v 0.055048 0.102340 0.137404
v 0.115063 0.093819 0.104486
v 0.114923 0.166482 0.071278
v 0.128867 0.177829 0.059740
v 0.128225 0.187954 0.053002
v 0.132767 0.209605 0.039572
v 0.078811 0.225020 0.028078
v 0.092739 0.224251 0.020998
v 0.117233 0.224432 0.016274
v 0.081729 0.077651 0.135255
v -0.056335 0.138095 0.096959
v -0.135566 0.027393 0.099308
v -0.103109 0.025705 0.138633
v -0.063842 0.150535 0.072852
v -0.133921 0.186919 0.036520
v -0.133786 0.173493 0.044527
v -0.106206 -0.011808 0.121127
v 0.126304 -0.230028 0.106641
v 0.152257 -0.206342 0.067982
v 0.153821 -0.204922 0.061470
v -0.122474 -0.041681 0.032798
v -0.127264 -0.224614 0.105873
v -0.166690 -0.219469 0.045804
v -0.035411 0.034475 0.149061
v -0.120886 0.010909 0.116098
v 0.080920 0.133656 0.104420
v 0.070847 0.122018 0.108721
v 0.109495 0.166473 0.051194
v 0.113176 0.229531 0.007262
v 0.107516 0.197369 0.039639
v 0.094806 0.078809 0.131479
v -0.018617 0.137982 0.100465
v -0.035832 0.148547 0.096502
v 0.000181 0.122009 0.102020
v -0.101046 0.046768 0.141343
v 0.011840 0.098831 0.118364
v -0.027500 0.081437 0.136086
v -0.047992 0.155944 0.091135
v -0.064143 0.172467 0.072845
v 0.116077 -0.080134 0.079271
v -0.153203 -0.176052 0.060563
v -0.152728 -0.125202 0.028699
v -0.117104 -0.217845 0.112537
v -0.156561 -0.197148 0.056446
v 0.087095 0.084507 0.133219
v 0.016325 0.127113 0.114134
v -0.007810 0.128237 0.116611
v 0.096773 0.212236 0.035146
v 0.051672 0.048052 0.150120
v -0.132655 0.059439 0.102768
v -0.036476 0.078671 0.135681
v -0.074401 0.162879 0.060433
v -0.094119 0.181715 0.056732
v -0.095136 0.231339 -0.002969
v -0.007424 0.061479 0.141856
v 0.070178 0.124051 0.117987
v 0.067927 0.120922 0.114216
v 0.065450 0.162042 0.084584
v 0.018245 0.106760 0.137306
v 0.050601 0.113436 0.135455
v 0.028962 0.107515 0.132775
v -0.042949 0.133780 0.104050
v -0.008808 0.098026 0.120895
v -0.094498 0.185180 0.035376
v -0.108549 0.189226 0.043231
v -0.111939 -0.039956 0.103520
v -0.084312 -0.046132 0.130717
v 0.009729 0.103826 0.134059
v 0.041766 0.104618 0.119623
v -0.106674 0.211233 0.033066
v -0.087716 -0.062607 0.126985
v -0.086181 0.013859 0.140561
v -0.132861 -0.136647 0.072318
v -0.007897 0.031153 0.148426
v 0.107385 0.035595 0.138197
v -0.092773 0.014789 0.138669
v -0.138212 0.050882 0.080000
v -0.145760 0.086734 0.088914
v 0.018377 0.146104 0.092700
v 0.045797 0.143399 0.082280
v 0.082892 0.217419 0.031614
v 0.118833 0.230321 0.010994
v 0.112735 0.233201 -0.023565
v 0.011474 0.129462 0.094998
v 0.012583 0.147795 0.091116
v -0.056392 0.116390 0.127790
v -0.046259 0.157605 0.080825
v -0.114491 0.116940 0.092704
v -0.093906 0.140569 0.074955
v -0.106010 0.218452 0.023897
v 0.103057 -0.030403 0.119353
v -0.122536 -0.064981 0.038517
v 0.127264 -0.104958 0.046475
v 0.176356 -0.246903 0.056451
v 0.168292 -0.213709 0.038110
v 0.181520 -0.256640 0.023832
v 0.182324 -0.255265 0.031264
v -0.169531 -0.196886 0.023869
v -0.139524 0.065861 0.059935
v 0.116125 0.068524 0.123460
v 0.103642 0.156528 0.077615
v 0.092044 0.143787 0.095155
v 0.059312 0.171428 0.067859
v 0.104931 0.227782 0.011572
v 0.044268 0.141670 0.106759
v -0.013854 0.136281 0.100503
v -0.053498 0.159512 0.087428
v -0.105837 0.220411 0.009547
v -0.112498 -0.072782 0.094414
v 0.120872 -0.057934 0.029165
v 0.138111 -0.113738 0.029319
v 0.151536 -0.183165 0.050644
v 0.143402 0.215317 0.035352
v 0.143939 0.222387 0.026041
v 0.081907 0.194786 0.038035
v 0.073465 0.176824 0.053863
v 0.107674 0.224256 0.019529
v 0.099763 0.230346 0.020564
v 0.127189 0.217339 0.027141
v 0.020339 0.130679 0.093434
v -0.010039 0.133392 0.098752
v -0.036989 0.102032 0.119768
v -0.068007 0.163588 0.073997
v -0.075319 0.150441 0.080235
v -0.083621 0.216896 0.018750
v -0.088049 0.199382 0.036346
v -0.091079 0.175468 0.064082
v -0.129665 0.213516 0.024989
v -0.120355 0.221819 0.006798
v 0.133044 -0.146886 0.068179
v 0.108399 -0.193923 0.119967
v 0.112076 -0.207486 0.117156
v 0.150081 -0.150615 0.038064
v -0.162889 -0.149029 0.023872
v -0.158413 -0.139597 0.029900
v -0.145776 -0.251261 0.090948
v 0.109448 0.056080 0.133948
v 0.120951 0.051136 0.125651
v 0.075162 0.163413 0.077331
v 0.028584 0.127742 0.095352
v 0.094981 0.096837 0.122564
v 0.121530 0.198844 0.035236
v 0.096926 0.188510 0.049543
v 0.084252 0.183412 0.043326
v 0.090154 0.218274 0.023998
v 0.029331 0.052583 0.149994
v 0.066189 0.078145 0.135737
v -0.026336 0.125769 0.106679
v 0.007026 0.122878 0.100147
v -0.049237 0.076644 0.135905
v -0.033354 0.107911 0.138572
v -0.056236 0.150584 0.085110
v -0.104296 0.155345 0.062040
v -0.114204 0.168460 0.057227
v -0.097342 0.235064 -0.017929
v 0.122204 -0.049757 0.039138
v 0.117889 -0.215119 0.113330
v -0.121726 -0.112568 0.077723
v -0.011126 0.106078 0.138562
v -0.020086 0.101726 0.127608
v 0.112606 -0.032227 0.099443
v 0.090068 0.071282 0.135856
v 0.098281 0.158782 0.056580
v 0.069374 0.168619 0.072645
v 0.101353 0.201412 0.039975
v -0.031273 0.148044 0.088321
v -0.126329 0.026919 0.117940
v -0.056689 0.112633 0.106086
v -0.114153 0.103081 0.099845
v -0.091034 0.163539 0.075999
v 0.088207 0.077994 0.134429
v 0.081948 0.125160 0.120971
v 0.033590 0.125142 0.114634
v 0.024059 0.130273 0.118011
v 0.088487 0.163980 0.060020
v -0.134206 0.059031 0.096550
v -0.130858 0.053577 0.109876
v -0.128050 0.093517 0.096586
v -0.091114 0.066132 0.138625
v -0.114168 0.230667 0.006866
v -0.107255 -0.038737 0.112383
v -0.057231 -0.170157 0.137067
v -0.000748 0.080117 0.136941
v 0.117091 0.033962 0.131076
v 0.041152 0.107428 0.111032
v 0.078521 0.171805 0.072160
v 0.065410 0.163488 0.074363
v 0.060910 0.115843 0.102189
v -0.073987 0.146840 0.096065
v -0.079609 0.122470 0.093246
v -0.041171 0.108930 0.126501
v -0.129163 0.208215 0.029330
v 0.123408 -0.194473 0.107910
v -0.022933 0.010599 0.144474
v -0.052519 0.060261 0.143776
v 0.049060 0.107571 0.117891
v 0.075295 0.126522 0.095975
v 0.122485 -0.007304 0.095507
v -0.125768 0.004510 0.098720
v 0.046993 0.121221 0.104713
v 0.126277 0.109314 0.083971
v 0.062381 0.160888 0.079649
v 0.065564 0.158808 0.069449
v 0.104863 0.192195 0.044678
v 0.082852 0.178874 0.065449
v 0.060081 0.174414 0.062453
v 0.083355 0.181381 0.049344
v 0.053612 0.158144 0.074872
v 0.080976 0.235156 0.011069
v 0.140661 0.232011 -0.018301
v -0.089609 0.113065 0.122612
v 0.142327 0.063160 0.016545
v -0.171624 -0.255322 0.053552
v 0.132203 0.067054 0.095283
v 0.096134 -0.166684 0.126189
v 0.050514 0.145893 0.102204
v 0.049578 0.142643 0.091688
v 0.099992 0.153127 0.076226
v 0.064593 0.116318 0.100539
v 0.092507 0.200281 0.046929
v -0.024080 0.108487 0.113734
v -0.102521 0.163926 0.055316
v 0.094545 -0.174952 0.126685
v -0.111202 -0.005299 0.115690
v -0.087101 -0.077469 0.126257
v 0.087328 0.148739 0.066628
v 0.107476 0.159785 0.076884
v -0.087250 0.154513 0.081262
v -0.098220 0.154555 0.063126
v -0.121899 -0.065471 0.055307
v -0.121421 -0.186447 0.108610
v -0.115193 0.038618 0.133443
v 0.033176 0.130792 0.115260
v -0.043209 0.127323 0.094740
v 0.106434 0.162672 0.054074
v -0.052263 0.121127 0.105246
v 0.067909 0.072512 0.138295
v 0.098536 -0.021143 0.125482
v 0.124974 0.029591 0.120495
v 0.078865 0.149250 0.069213
v -0.061664 0.138624 0.088058
v -0.036070 0.109274 0.129700
v -0.051816 0.112814 0.124525
v -0.077766 -0.063908 0.131444
v 0.002750 -0.133324 0.143211
v 0.063928 0.140764 0.088680
v 0.028449 0.152702 0.083347
v -0.102284 0.134795 0.105494
v 0.090284 -0.101960 0.123064
v -0.100186 0.075728 0.129261
v -0.097040 0.101994 0.122522
v -0.096744 0.082308 0.129404
v 0.083008 -0.153823 0.130689
v -0.063233 0.112032 0.112443
v -0.106960 -0.092342 0.099680
v -0.114533 0.092345 0.107111
v -0.056050 0.117109 0.102292
v -0.079322 0.122632 0.103756
v -0.075903 0.118663 0.101484
v -0.105735 0.105026 0.110490
v -0.107415 0.136221 0.101490
v 0.073143 -0.071819 0.132020
v -0.106967 0.083172 0.118156
v -0.058050 0.138819 0.105769
v -0.067556 0.119869 0.097105
v 0.143184 0.091206 0.092766
v 0.030867 0.154051 0.087328
v 0.138900 0.232698 -0.009853
v 0.080382 0.235083 0.001753
v -0.010535 0.143011 0.088215
v 0.141300 0.079954 0.077070
v 0.119656 0.063425 0.122906
v 0.117791 0.059352 0.125414
v 0.135305 0.036386 0.027542
v 0.153881 -0.146160 0.024085
v 0.165985 -0.203318 0.027759
v -0.144392 -0.215434 0.083735
v -0.138637 0.069201 0.073563
v 0.136815 0.075967 0.102182
v 0.048119 0.154054 0.083134
v -0.056237 0.134999 0.086137
v -0.109084 0.221669 0.005578
v -0.176752 -0.245896 0.036467
v 0.086541 0.202303 0.044448
v 0.071649 0.189785 0.051130
v 0.091305 0.049241 0.144883
v -0.060426 0.164521 0.074292
v -0.089227 0.212691 0.025841
v -0.080540 0.193387 0.047404
v -0.102011 0.176001 0.054323
v -0.120103 0.228199 0.006024
v 0.125078 -0.095745 0.042649
v -0.168513 -0.184657 0.016008
v -0.088810 -0.015636 0.132382
v 0.126324 0.194197 0.045126
v -0.024195 0.145487 0.084746
v -0.076121 0.150824 0.070413
v -0.146716 0.226977 -0.002415
v 0.170341 -0.248181 0.065313
v -0.120971 0.062302 0.120821
v 0.111203 0.098068 0.106405
v 0.038952 0.106693 0.125509
v -0.045336 0.103281 0.138133
v -0.114041 -0.054059 0.095053
v -0.089738 -0.092094 0.124211
v 0.099759 0.235102 -0.000244
v -0.061010 0.092391 0.134016
v 0.069996 0.121187 0.095868
v 0.104564 0.236242 -0.006949
v 0.117300 0.233045 0.005693
v -0.141457 0.079784 0.096042
v -0.017367 0.083463 0.137025
v -0.070377 0.120846 0.123222
v -0.124727 0.124124 0.079638
v 0.138645 0.076520 0.096387
v 0.151144 -0.138936 0.025989
v 0.031170 0.143977 0.094800
v 0.102580 -0.002198 0.126820
v 0.086919 0.158097 0.061315
v 0.083068 0.220972 0.024513
v 0.084591 0.191251 0.053134
v -0.118002 -0.111944 0.084157
v -0.107127 0.140826 0.098329
v 0.078355 0.176075 0.068897
v -0.037553 0.110427 0.135345
v 0.090696 -0.093129 0.121931
v 0.060152 0.137037 0.096994
v -0.054210 0.134437 0.094277
v -0.081905 0.136152 0.083327
v 0.085985 0.014250 0.140643
v -0.074114 0.123050 0.115302
v -0.109182 0.105020 0.104254
v -0.101103 -0.114086 0.114971
v 0.038051 0.137288 0.091371
v 0.050172 0.139566 0.086235
v 0.094915 -0.001755 0.131949
v 0.067066 0.171736 0.061845
v 0.070372 0.174284 0.058356
v -0.123391 0.234305 -0.018086
v -0.122913 -0.253172 0.106111
v 0.119129 0.095140 0.100134
v -0.002511 0.142921 0.099517
v -0.092634 0.197655 0.029213
v -0.104578 0.009594 0.130285
v 0.127356 0.097319 0.093181
v -0.087435 0.166403 0.056348
v 0.093011 0.141907 0.100836
v 0.027030 0.105916 0.142014
v -0.027592 0.149313 0.093501
v -0.138395 0.068767 0.094065
v 0.065828 0.114608 0.106597
v 0.024095 0.107745 0.137516
v 0.050410 0.107090 0.138334
v -0.055291 0.075008 0.136693
v -0.108768 -0.042174 0.109485
v -0.088686 -0.072037 0.125446
v -0.134305 0.147088 0.060063
v -0.098831 0.235380 -0.024353
v 0.077755 0.117603 0.126540
v -0.145210 -0.110712 0.027371
v 0.114801 -0.036009 0.094388
v -0.010739 0.124778 0.121155
v 0.072832 0.135835 0.080201
v -0.140824 0.072356 0.054239
v -0.025063 0.134509 0.097130
v -0.096663 0.093123 0.125883
v -0.042024 0.116680 0.109056
v -0.089871 -0.082683 0.124099
v 0.048434 0.163196 0.078365
v 0.107726 0.235834 -0.014608
v -0.117290 0.227077 0.011786
v -0.136350 0.168567 0.046186
v 0.106312 -0.074993 0.105657
v 0.038827 0.074987 0.136871
v -0.108567 0.205606 0.036489
v -0.059142 0.159768 0.084535
v 0.177261 -0.231367 0.035310
v 0.180997 -0.243818 0.028975
v 0.073921 0.167627 0.059546
v -0.099760 0.130514 0.109945
v 0.087729 0.177967 0.062478
v 0.123085 0.062698 0.118951
v -0.059826 0.129849 0.105399
v -0.084539 0.124798 0.094712
v 0.120857 0.006449 0.112179
v -0.025745 0.101430 0.141835
v 0.129837 0.063370 0.104375
v -0.076571 0.142443 0.093661
v -0.142370 0.074311 0.075048
v 0.127990 0.126560 0.071631
v 0.147075 0.200570 0.035169
v 0.073072 0.206197 0.036430
v 0.102570 0.233996 -0.017848
v 0.088458 0.239374 -0.010278
v 0.086458 0.238279 -0.025133
v -0.031739 0.104365 0.112451
v -0.050264 0.158481 0.075901
v -0.069154 0.175221 0.054333
v -0.074505 0.190193 0.042426
v -0.086623 0.225164 0.004497
v -0.115130 0.229265 -0.029542
v -0.107310 0.229358 -0.023886
v -0.090221 0.233039 -0.025875
v -0.109578 0.228631 -0.018885
v -0.134332 0.228644 -0.020656
v 0.128216 0.055360 0.113734
v 0.149477 -0.131169 0.019351
v 0.180482 -0.239080 0.026468
v 0.185906 -0.267924 0.032398
v -0.166872 -0.192255 0.008683
v -0.177550 -0.258101 0.041528
v 0.083829 0.128947 0.116726
v 0.132201 0.136901 0.061502
v 0.063602 0.175441 0.053360
v 0.091596 0.237904 -0.029772
v 0.092337 0.238848 -0.024713
v 0.038865 0.147892 0.090980
v -0.064327 0.168420 0.060572
v -0.116205 0.181295 0.041217
v -0.102183 0.196965 0.033897
v -0.108281 0.226766 -0.009431
v -0.127637 0.228665 -0.027941
v -0.126077 0.226507 -0.002944
v 0.138941 0.040528 0.074253
v 0.155136 -0.150428 0.020535
v 0.181936 -0.266167 0.050167
v -0.174327 -0.235958 0.037471
v -0.179084 -0.266462 0.035445
v -0.000269 0.107090 0.113673
v 0.141197 0.182956 0.045754
v 0.092416 0.218821 0.029566
v 0.015454 0.142574 0.099256
v -0.022972 0.130065 0.114326
v -0.015014 0.106641 0.138039
v -0.061379 0.169168 0.075955
v -0.071536 0.161270 0.064564
v -0.077003 0.154570 0.064879
v -0.070799 0.181265 0.062414
v -0.061903 0.169350 0.068688
v -0.112246 0.220141 0.024102
v 0.148299 -0.177488 0.053235
v 0.130830 -0.232995 0.103200
v 0.135441 -0.236228 0.099355
v -0.173648 -0.230400 0.034693
v -0.121714 -0.020057 0.082190
v -0.019226 0.099410 0.116986
v 0.130705 0.173133 0.059756
v 0.143809 0.207721 0.037850
v -0.005894 0.141070 0.101059
v 0.005696 0.140615 0.101740
v -0.026540 0.107153 0.131810
v -0.067632 0.176975 0.065708
v -0.088866 0.171567 0.058574
v -0.087900 0.171134 0.047724
v -0.086579 0.192593 0.039434
v -0.104718 0.210605 0.020425
v 0.153211 -0.218645 0.074434
v -0.022583 0.107372 0.134343
v -0.003541 0.094480 0.142784
v 0.121493 0.181949 0.050768
v 0.098184 0.162889 0.053575
v 0.043073 0.111128 0.128923
v 0.009154 0.105926 0.140849
v -0.012067 0.122781 0.098826
v -0.117596 0.123645 0.086060
v -0.043162 0.151214 0.089795
v -0.085255 0.167795 0.050978
v -0.083372 0.161257 0.065778
v -0.123568 0.178835 0.056195
v -0.116672 0.232117 -0.016762
v -0.112223 0.227122 -0.000213
v 0.146488 -0.187445 0.068319
v -0.172971 -0.222363 0.024721
v 0.084694 0.136409 0.104171
v 0.042200 0.047796 0.150755
v -0.004073 0.100420 0.131329
v -0.096547 0.188611 0.048528
v -0.121646 -0.216876 0.110108
v 0.100019 0.234094 0.010822
v 0.053961 0.055108 0.147044
v 0.014930 0.051179 0.150762
v 0.039698 0.102651 0.140740
v -0.050128 0.056177 0.146812
v -0.003954 0.099402 0.116379
v -0.096765 0.185249 0.044104
v -0.098985 0.197177 0.038230
v -0.105184 0.189724 0.047873
v 0.097185 0.005068 0.132771
v -0.032182 0.129488 0.095210
v -0.146403 0.078440 0.087954
v 0.003063 0.105036 0.142340
v 0.127344 0.004515 0.094624
v -0.144719 0.078198 0.028660
v -0.142767 0.059099 0.023356
v 0.074175 0.173347 0.049724
v 0.108035 0.204405 0.036679
v 0.077547 0.183889 0.047649
v 0.080588 0.175401 0.051301
v 0.113205 0.229642 0.001813
v 0.127420 0.232387 -0.003571
v 0.097361 0.234966 -0.024268
v 0.104739 0.234332 0.003062
v -0.018240 0.122054 0.101210
v -0.091428 0.134740 0.080935
v -0.123902 0.154171 0.069359
v -0.117451 0.174101 0.057150
v -0.118917 0.202165 0.026393
v -0.105791 0.229895 -0.029292
v 0.105719 -0.028847 0.115179
v 0.126054 -0.100293 0.044944
v 0.145934 -0.123873 0.024613
v 0.153601 -0.150338 0.030081
v 0.174528 -0.250702 0.060193
v 0.105668 0.169534 0.047550
v 0.108640 0.228209 0.004346
v -0.066535 0.050503 0.148265
v -0.079105 0.186635 0.053505
v 0.164220 -0.184269 0.025138
v 0.138912 0.223666 0.025865
v 0.120915 0.232534 -0.021761
v -0.119542 0.043436 0.129177
v -0.043826 0.135914 0.089916
v -0.069027 0.139736 0.100671
v -0.086282 0.175069 0.045464
v -0.085299 0.211988 0.028880
v -0.098390 0.213470 0.017357
v -0.119009 0.220188 0.010784
v -0.170753 -0.214328 0.032927
v 0.072344 0.079563 0.135265
v -0.042292 0.110429 0.109228
v 0.105983 0.157334 0.081100
v 0.137553 0.214020 0.037587
v 0.087728 0.227806 0.011877
v 0.126665 0.224129 0.019843
v -0.024248 0.128170 0.118650
v -0.040867 0.147329 0.096900
v -0.104792 0.159118 0.058366
v -0.105878 0.228380 -0.016142
v -0.123186 0.233287 -0.012660
v -0.127377 -0.156244 0.088706
v 0.072840 0.084661 0.134972
v 0.001309 0.099295 0.116746
v -0.037578 0.129947 0.093339
v 0.089498 0.132134 0.112377
v 0.024341 0.113467 0.113688
v -0.024954 0.146552 0.097950
v -0.041924 0.150500 0.085085
v -0.000514 0.054824 0.148516
v -0.005105 0.100713 0.144311
v 0.085445 0.141743 0.075710
v 0.002980 0.127824 0.116936
v 0.028292 0.131354 0.104927
v 0.014262 0.115367 0.117760
v 0.086692 0.238733 -0.002560
v 0.017868 0.041248 0.151537
v -0.074193 0.054522 0.146645
v -0.094593 0.227827 0.000932
v -0.075912 0.011302 0.141974
v 0.036772 0.111032 0.108412
v 0.079285 0.159421 0.069235
v 0.068358 0.166850 0.077635
v 0.116506 0.231859 -0.021212
v 0.051917 0.114304 0.105226
v -0.054308 0.065689 0.141361
v -0.045355 0.131076 0.091149
v 0.122877 0.040843 0.125646
v 0.054524 0.122733 0.100851
v 0.048473 0.116320 0.105886
v 0.059870 0.155420 0.080435
v 0.038448 0.133408 0.112949
v 0.058439 0.167290 0.071326
v 0.027351 0.100406 0.118369
v -0.023620 0.126814 0.096648
v -0.070949 0.116225 0.099979
v -0.079545 0.119479 0.124246
v -0.066540 0.113539 0.130597
v -0.076878 0.150973 0.092431
v 0.160926 -0.188025 0.036103
v 0.182040 -0.247946 0.017682
v -0.099407 0.225956 0.006209
v 0.060555 0.119104 0.099035
v 0.091051 0.228362 0.007916
v -0.110970 0.141683 0.095156
v -0.069110 0.143615 0.079896
v 0.026926 0.133909 0.109847
v 0.096377 0.198435 0.043508
v -0.029841 0.122291 0.116283
v 0.172651 -0.232445 0.052761
v 0.041431 0.127594 0.111210
v 0.060169 0.148374 0.096243
v -0.093604 0.170985 0.068712
v -0.080379 0.156002 0.072239
v 0.063652 0.153780 0.091780
v 0.130181 -0.104210 0.034713
v 0.071087 0.145101 0.077436
v -0.147864 0.081946 0.087270
v 0.019378 0.145026 0.097701
v 0.010283 0.111407 0.115874
v 0.055336 0.137804 0.102842
v 0.056990 0.143269 0.100586
v 0.082860 0.150293 0.066276
v -0.033728 0.122624 0.116014
v -0.051946 0.110559 0.108257
v -0.120710 0.079608 0.110935
v -0.114450 0.108282 0.096662
v -0.040556 0.134671 0.108687
v -0.088036 0.128033 0.115131
v -0.137683 0.063351 0.072561
v -0.132147 0.010089 0.079958
v 0.051007 0.158822 0.079865
v 0.044268 0.135288 0.088083
v 0.056246 0.150042 0.071785
v 0.133797 0.231453 -0.000766
v 0.102753 0.233135 -0.023134
v -0.036380 0.102209 0.114805
v -0.094708 0.133339 0.097786
v -0.123335 0.134346 0.074893
v -0.118091 0.195824 0.031042
v 0.179197 -0.249227 0.050104
v -0.055422 0.144387 0.083175
v -0.106888 0.223890 0.000316
v -0.116568 0.011594 0.121439
v 0.076125 0.189307 0.049227
v 0.098827 0.226060 0.025601
v -0.103174 0.051620 0.139855
v -0.061273 0.164280 0.068325
v -0.126728 0.222322 0.014565
v -0.131248 0.192033 0.038518
v -0.115384 0.218751 0.017003
v -0.105675 -0.000241 0.125288
v 0.128254 0.070375 0.114118
v 0.133784 0.198860 0.047487
v 0.082443 0.223128 0.028841
v 0.083036 0.225714 0.020849
v -0.004858 0.135339 0.101017
v -0.003705 0.065105 0.139284
v -0.066455 0.158028 0.072115
v -0.069305 0.151111 0.069341
v 0.176693 -0.257618 0.058729
v -0.015852 0.098553 0.122171
v -0.122521 0.187431 0.045838
v -0.123661 0.194802 0.039863
v -0.090881 0.223545 0.010387
v 0.010460 0.127633 0.114114
v 0.020318 0.066698 0.138730
v -0.097721 -0.108346 0.118207
v 0.034993 0.107783 0.131070
v -0.119977 0.153053 0.078797
v -0.098417 0.186129 0.039643
v -0.010615 0.104908 0.135302
v 0.119755 0.232156 -0.004657
v -0.015145 0.074146 0.136509
v -0.148689 0.090407 0.084416
v -0.061441 0.118232 0.125048
v -0.095493 0.146845 0.069473
v -0.056169 0.162761 0.070381
v -0.074374 0.186915 0.056953
v -0.111778 0.168512 0.050902
v -0.108761 0.164638 0.053826
v -0.106894 0.220203 0.018436
v 0.033161 0.132363 0.101751
v 0.082803 0.185753 0.052231
v -0.060895 0.082774 0.134259
v -0.044128 0.133619 0.112028
v 0.109975 0.215589 0.032287
v -0.078186 0.158553 0.060454
v -0.110721 0.131983 0.099104
v 0.076011 0.169227 0.075097
v -0.139533 0.070717 0.068382
v 0.042215 0.122312 0.107955
v 0.128587 0.230387 0.001209
v 0.122339 0.231609 -0.017151
v -0.097360 -0.155446 0.124419
v -0.029938 0.108790 0.114861
v -0.067713 0.113628 0.103979
v -0.061143 0.110566 0.107447
v -0.094738 0.154550 0.066925
v -0.126660 0.228439 -0.017002
v 0.146885 -0.125337 0.019965
v 0.154061 -0.159790 0.031848
v 0.125430 0.161699 0.065582
v 0.000672 0.141616 0.090297
v 0.090929 0.213420 0.033383
v -0.142291 0.210013 0.021623
v 0.131972 0.151643 0.056441
v 0.130654 0.184040 0.056060
v -0.132360 0.069072 0.109013
v -0.124933 0.210049 0.026604
v -0.113512 0.158370 0.077425
v -0.024548 0.123067 0.102264
v 0.172826 -0.228661 0.047114
v 0.062973 0.115726 0.132284
v -0.084830 0.120489 0.122082
v 0.020305 0.110554 0.114835
v 0.001446 0.135601 0.101409
v -0.066226 0.176806 0.062097
v 0.087684 0.141099 0.092322
v -0.129172 0.063157 0.113112
v 0.179988 -0.256529 0.050179
v -0.097893 0.176222 0.062443
v 0.100624 0.154657 0.066510
v -0.090719 0.151201 0.073803
v 0.030925 0.151814 0.090719
v 0.016253 0.137324 0.098956
v 0.093984 0.167088 0.055234
v 0.176311 -0.232689 0.042171
v -0.090755 0.175537 0.043348
v -0.093097 0.150504 0.069526
v -0.095383 0.137736 0.079493
v -0.134356 0.229124 -0.016255
v 0.135427 0.071981 0.081285
v 0.177797 -0.222326 0.020206
v -0.121314 0.229993 0.000188
v -0.013979 0.144503 0.091331
v -0.051696 0.133128 0.088505
v -0.134526 0.164661 0.049428
v 0.119484 0.226372 0.013075
v 0.127240 0.228827 0.009569
v 0.104612 0.214106 0.031447
v -0.121200 0.173778 0.061474
v -0.023621 0.114204 0.114327
v -0.111778 0.145225 0.092159
v -0.135599 0.068242 0.104552
v 0.066472 0.128153 0.088578
v 0.052517 0.110927 0.107870
v -0.114440 0.197942 0.030027
v 0.087323 0.187043 0.056876
v -0.090841 0.231850 -0.018214
v 0.112291 0.166182 0.066755
v -0.037582 0.149803 0.079009
v 0.125083 0.005263 0.102135
v 0.135392 0.066755 0.080124
v -0.098785 0.163641 0.060037
v -0.037599 0.128629 0.115650
v -0.090088 0.128913 0.097339
v -0.130404 0.228429 0.000108
v 0.058040 0.117985 0.126009
v 0.035585 0.144794 0.092832
v -0.080644 0.168961 0.052585
v 0.129994 0.231548 -0.012518
v 0.083784 0.238365 -0.007332
v -0.073649 0.188903 0.047260
v 0.139741 0.073223 0.054985
v 0.002520 0.143355 0.085862
v 0.115013 0.088709 0.107550
v -0.132079 0.178266 0.043411
v 0.104708 0.198324 0.042969
v 0.180635 -0.255420 0.018677
v 0.061871 0.167932 0.068031
v 0.079058 0.191450 0.041142
v -0.012011 0.104567 0.141724
v -0.069915 0.144441 0.098805
v 0.035767 0.153352 0.089055
v -0.143435 0.227557 -0.005932
v 0.146291 0.086600 -0.006469
v 0.142702 0.067209 0.001466
v 0.134659 0.056993 -0.017197
v -0.052081 0.093605 -0.099555
v 0.090229 0.000556 -0.051693
v 0.114327 0.077842 -0.067837
v 0.146346 0.101335 -0.054430
v -0.023513 0.168004 -0.095449
v -0.118028 0.115183 -0.081231
v -0.148080 0.117599 -0.069843
v -0.024275 0.208807 -0.082948
v -0.133414 0.129279 -0.079514
v -0.113910 0.174125 -0.084766
v -0.035739 0.211206 -0.081842
v -0.061508 0.204715 -0.083321
v -0.071878 0.159887 -0.094786
v -0.123399 0.145398 -0.085541
v -0.146454 0.171776 -0.080577
v -0.082671 0.223231 -0.054347
v -0.142330 0.210405 -0.056578
v -0.135959 0.193945 -0.071977
v -0.109895 0.223852 -0.047955
v 0.096652 0.131880 -0.091173
v 0.043785 0.184626 -0.093461
v 0.039777 0.215124 -0.078949
v 0.050566 0.209807 -0.080475
v 0.137621 0.160131 -0.083095
v 0.118369 0.185750 -0.078863
v 0.077154 0.189770 -0.087248
v 0.141275 0.173070 -0.081211
v 0.142498 0.185644 -0.075490
v 0.110064 0.222659 -0.049038
v 0.086735 0.216466 -0.061405
v 0.096152 0.233575 -0.040036
v 0.140122 0.202825 -0.060656
v 0.132040 0.196297 -0.067134
v 0.141987 0.224739 -0.038598
v 0.117182 -0.021916 -0.001357
v -0.110682 0.006226 -0.032445
v -0.122730 -0.009266 0.005695
v -0.128393 0.017611 0.001647
v -0.141835 0.067738 -0.030894
v -0.145508 0.100784 -0.061366
v -0.136744 0.046423 0.014901
v -0.157137 0.088200 -0.023784
v -0.132699 0.036475 0.013290
v -0.148794 0.072191 0.009139
v -0.157881 0.089411 -0.011269
v -0.153782 0.077094 -0.018279
v -0.156532 0.085952 -0.006153
v -0.065861 -0.033202 -0.078632
v -0.112541 -0.017999 -0.013461
v -0.118195 -0.054119 0.018418
v 0.106479 -0.028456 -0.019784
v 0.117009 -0.072170 0.014596
v -0.029567 -0.198774 -0.115740
v -0.015330 -0.248578 -0.114482
v -0.117917 -0.073359 0.010878
v -0.132233 -0.089832 0.007776
v -0.027894 -0.235773 -0.114941
v -0.059074 -0.263137 -0.118236
v -0.104352 -0.134459 -0.057491
v -0.139719 -0.123298 -0.028535
v -0.065650 -0.263375 -0.118397
v -0.035542 -0.227950 -0.113056
v -0.154461 -0.146622 -0.019758
v -0.090508 -0.260886 -0.112106
v -0.077306 -0.192692 -0.102034
v -0.109270 -0.250880 -0.097370
v -0.162662 -0.179443 -0.014076
v -0.140731 -0.231672 -0.062514
v -0.123612 -0.254102 -0.069707
v -0.167037 -0.217244 -0.017660
v -0.147325 -0.199822 -0.046017
v -0.166238 -0.259663 -0.029051
v -0.176093 -0.255298 0.011487
v -0.170944 -0.234242 -0.006486
v 0.098119 -0.142410 -0.067614
v 0.101547 -0.076993 -0.020657
v 0.121956 -0.094637 0.007947
v 0.137955 -0.127804 -0.012928
v 0.031630 -0.204233 -0.107010
v 0.046923 -0.256599 -0.109233
v 0.136070 -0.138188 -0.031936
v 0.089864 -0.261440 -0.102186
v 0.159785 -0.200291 -0.018739
v 0.141674 -0.235636 -0.071589
v 0.134186 -0.187927 -0.052002
v 0.168324 -0.198425 0.010069
v 0.169037 -0.211246 -0.011458
v 0.164729 -0.254215 -0.037019
v 0.185146 -0.240838 0.006930
v 0.180434 -0.223031 0.005531
v 0.172310 -0.266383 -0.012065
v 0.169067 -0.254644 -0.025616
v 0.174335 -0.269495 -0.004548
v 0.136626 0.071749 -0.034431
v 0.113419 0.042541 -0.052516
v 0.129731 0.024080 0.001059
v 0.049291 0.080397 -0.096578
v -0.107660 0.138451 -0.088623
v -0.009142 0.196020 -0.088450
v -0.138016 0.115911 -0.073333
v -0.145873 0.159379 -0.081525
v -0.041271 0.193330 -0.090567
v -0.135007 0.186922 -0.076909
v -0.089282 0.114874 -0.091288
v -0.087525 0.184118 -0.086861
v -0.128003 0.121550 -0.079094
v -0.120612 0.152941 -0.086106
v -0.131251 0.174956 -0.082420
v -0.098516 0.229736 -0.038240
v -0.118828 0.196521 -0.073239
v -0.131687 0.208766 -0.060524
v -0.145857 0.185616 -0.075834
v -0.096295 0.204936 -0.073333
v 0.000842 0.188971 -0.090880
v 0.062952 0.119809 -0.096493
v 0.032537 0.211379 -0.081782
v 0.080186 0.205929 -0.073318
v 0.060254 0.215015 -0.071430
v 0.120898 0.163294 -0.085410
v 0.073435 0.204062 -0.078137
v 0.090903 0.198847 -0.076954
v 0.105475 0.231552 -0.038095
v 0.103904 0.203682 -0.068524
v 0.070036 0.219533 -0.061047
v 0.104454 0.219695 -0.054636
v 0.125752 0.223792 -0.043663
v 0.144965 0.196762 -0.065318
v 0.125814 0.191238 -0.073409
v 0.112471 0.028588 -0.045632
v -0.118500 -0.002050 -0.012531
v -0.124590 0.024485 -0.021027
v -0.154721 0.092138 -0.042011
v -0.156411 0.088543 -0.030128
v -0.137783 0.102156 -0.066949
v -0.133449 0.045961 -0.011186
v -0.144551 0.060466 0.012872
v -0.143087 0.067317 -0.024116
v -0.153090 0.073134 -0.007597
v -0.090393 0.018414 -0.058011
v 0.097411 -0.033020 -0.028787
v -0.066523 -0.117439 -0.095267
v -0.116029 -0.062036 0.014288
v -0.110370 -0.041288 -0.008306
v -0.121472 -0.007433 -0.000086
v -0.113656 -0.057604 0.006025
v 0.113939 -0.058393 0.007342
v -0.128281 -0.082795 0.011270
v -0.140550 -0.104296 -0.001656
v -0.019832 -0.222287 -0.109859
v -0.041451 -0.267717 -0.115595
v -0.110474 -0.095205 -0.017238
v -0.041947 -0.212307 -0.109604
v -0.129355 -0.134153 -0.045756
v -0.050026 -0.242788 -0.120896
v -0.037609 -0.220390 -0.111130
v -0.045776 -0.248229 -0.117937
v -0.074674 -0.144977 -0.074014
v -0.058278 -0.223770 -0.119175
v -0.114611 -0.232218 -0.096509
v -0.121425 -0.232517 -0.086409
v -0.109459 -0.261410 -0.089230
v -0.154206 -0.252027 -0.046464
v -0.166863 -0.202737 -0.004026
v -0.150074 -0.177010 -0.035476
v -0.170895 -0.267738 -0.010003
v -0.161059 -0.236684 -0.039508
v -0.170496 -0.248364 -0.011747
v 0.002969 -0.148698 -0.107911
v 0.138089 -0.117137 0.008427
v 0.108773 -0.059004 -0.005285
v 0.119293 -0.084724 0.012211
v 0.106731 -0.074156 -0.010008
v 0.117616 -0.119149 -0.030484
v 0.002511 -0.177601 -0.110399
v 0.123378 -0.134133 -0.042825
v 0.151792 -0.167552 -0.013439
v 0.102004 -0.212026 -0.099805
v 0.122998 -0.154614 -0.061554
v 0.151254 -0.214541 -0.045693
v 0.160367 -0.186997 -0.006627
v 0.174502 -0.211319 0.005237
v 0.180931 -0.252303 0.008112
v 0.173570 -0.225879 -0.020328
v 0.179997 -0.245534 -0.012107
v 0.138981 0.065519 -0.012585
v 0.133918 0.047252 -0.000608
v 0.090315 0.047530 -0.069400
v 0.129091 0.066005 -0.046756
v 0.126296 0.029602 -0.020741
v -0.007809 0.137676 -0.097238
v -0.074369 0.130116 -0.095498
v -0.115217 0.126352 -0.084963
v -0.025387 0.192411 -0.089945
v -0.066473 0.027048 -0.078428
v -0.105160 0.029661 -0.052949
v -0.131512 0.105477 -0.071662
v -0.135439 0.171461 -0.082275
v -0.133052 0.136003 -0.081259
v -0.127722 0.113291 -0.076526
v -0.049897 0.208270 -0.082673
v -0.023908 0.202311 -0.086018
v -0.075315 0.096350 -0.091317
v -0.111237 0.116075 -0.084182
v -0.077442 0.174918 -0.091357
v -0.091536 0.162980 -0.090505
v -0.116576 0.133669 -0.085823
v -0.130257 0.145229 -0.083777
v -0.106027 0.161070 -0.088209
v -0.112792 0.212849 -0.060641
v -0.119063 0.187351 -0.079144
v -0.120155 0.219967 -0.050503
v -0.101222 0.215382 -0.060675
v -0.118344 0.205092 -0.065971
v -0.013181 0.186220 -0.091696
v 0.069457 0.174554 -0.093086
v 0.058697 0.109693 -0.096170
v 0.015134 0.197372 -0.088038
v 0.022750 0.184710 -0.092332
v 0.060601 0.207522 -0.079369
v 0.059010 0.200457 -0.085559
v 0.106499 0.177217 -0.085060
v 0.118011 0.197075 -0.069447
v 0.131589 0.204447 -0.059993
v 0.116922 0.229459 -0.037905
v 0.117576 0.193080 -0.073374
v 0.103388 0.027875 -0.053362
v 0.127245 0.046642 -0.035544
v -0.121852 0.000774 -0.006985
v -0.113999 -0.009097 -0.016135
v -0.123979 0.012771 -0.011983
v -0.112875 -0.005143 -0.020820
v -0.121769 0.056792 -0.051376
v -0.115055 0.001984 -0.022244
v -0.152743 0.080060 -0.027146
v -0.151683 0.071619 -0.013005
v -0.134458 0.056822 -0.033214
v -0.128409 0.011562 0.009675
v -0.095134 -0.021226 -0.035806
v -0.115422 0.022044 -0.037678
v 0.103343 -0.014560 -0.030424
v -0.044869 -0.189375 -0.101849
v -0.108482 -0.037117 -0.012792
v -0.112937 -0.052047 0.002295
v -0.111995 -0.066224 0.002308
v 0.108069 -0.066550 -0.005861
v -0.126883 -0.095780 -0.010991
v -0.025286 -0.240862 -0.116825
v -0.031140 -0.248312 -0.115416
v -0.110356 -0.116565 -0.036614
v -0.129521 -0.086783 0.004349
v -0.025514 -0.210745 -0.111052
v -0.054282 -0.235208 -0.121003
v -0.130956 -0.104852 -0.021511
v -0.120939 -0.146157 -0.057567
v -0.072730 -0.247636 -0.120219
v -0.097743 -0.168845 -0.084345
v -0.075248 -0.137318 -0.070496
v -0.054715 -0.204834 -0.110175
v -0.049125 -0.218650 -0.115198
v -0.086115 -0.222212 -0.116214
v -0.111877 -0.245343 -0.094539
v -0.120803 -0.245513 -0.078414
v -0.121865 -0.227625 -0.087782
v -0.108374 -0.263758 -0.092888
v -0.166328 -0.249261 -0.027855
v -0.134791 -0.254808 -0.060182
v -0.166373 -0.211203 -0.016638
v -0.168486 -0.210440 -0.001555
v -0.169195 -0.264217 -0.016124
v -0.163095 -0.220585 -0.032940
v 0.050845 -0.173127 -0.098912
v -0.030927 -0.173211 -0.115337
v 0.128821 -0.116267 -0.017720
v 0.130659 -0.108981 0.003029
v 0.103326 -0.056758 -0.016420
v 0.109185 -0.084831 -0.004311
v 0.104820 -0.071175 -0.013580
v 0.135609 -0.131597 -0.027555
v 0.091412 -0.106414 -0.047788
v 0.009791 -0.208151 -0.114678
v -0.024140 -0.183253 -0.115210
v 0.126204 -0.142592 -0.048730
v 0.111888 -0.136680 -0.048027
v 0.145410 -0.183829 -0.035032
v 0.154870 -0.156849 0.008109
v 0.079589 -0.238524 -0.109439
v 0.058812 -0.195879 -0.095491
v 0.093985 -0.186755 -0.089111
v 0.119663 -0.139403 -0.047706
v 0.127228 -0.214032 -0.077103
v 0.142062 -0.195899 -0.043235
v 0.155626 -0.193001 -0.021326
v 0.184038 -0.232573 -0.001368
v 0.182857 -0.236497 -0.005489
v 0.177618 -0.256922 -0.005162
v 0.163500 -0.226607 -0.038852
v 0.161006 -0.205915 -0.021832
v 0.131861 0.038435 -0.008869
v 0.134599 0.050271 0.002326
v 0.109043 0.030479 -0.050151
v 0.064933 0.019046 -0.071565
v 0.131614 0.046159 -0.020359
v 0.118040 0.054503 -0.053818
v 0.133969 0.050083 -0.011798
v 0.123936 0.027161 -0.025509
v 0.061161 0.046083 -0.080851
v 0.077445 -0.003150 -0.057260
v -0.039232 0.113671 -0.098128
v 0.014619 0.164577 -0.095715
v -0.042949 0.164445 -0.096752
v -0.071959 0.106479 -0.094019
v -0.108052 0.126661 -0.087275
v -0.026236 0.184755 -0.092369
v -0.026394 0.059801 -0.097091
v -0.076950 0.008858 -0.062287
v -0.128079 0.041725 -0.027835
v -0.093972 0.037397 -0.063536
v -0.124507 0.096503 -0.070536
v -0.122925 0.104576 -0.075302
v -0.055534 0.203682 -0.084980
v -0.053478 0.218328 -0.073685
v -0.075937 0.101169 -0.092409
v -0.057197 0.074283 -0.096409
v -0.083395 0.161449 -0.092350
v -0.073942 0.191618 -0.087847
v -0.100762 0.175025 -0.086954
v -0.131806 0.162107 -0.083953
v -0.103242 0.187983 -0.082143
v -0.094435 0.210265 -0.067907
v 0.057749 0.179812 -0.094048
v 0.057372 0.117666 -0.096984
v 0.111753 0.206657 -0.063174
v 0.116425 0.211330 -0.057521
v 0.097671 0.021104 -0.053879
v 0.086408 0.020021 -0.061767
v -0.126764 0.073013 -0.057359
v -0.145311 0.060512 0.002974
v -0.139418 0.063079 -0.028225
v -0.140652 0.068728 -0.037366
v -0.087335 -0.035604 -0.042010
v -0.107756 -0.018782 -0.021895
v -0.118071 0.016088 -0.029004
v -0.125838 0.032223 -0.024737
v 0.088870 -0.025972 -0.039812
v 0.101517 0.000399 -0.039730
v 0.111253 -0.034261 -0.008749
v -0.037131 -0.116102 -0.106070
v -0.042656 -0.005166 -0.096388
v -0.062538 -0.150195 -0.086480
v -0.036959 -0.194499 -0.106958
v -0.117923 -0.029400 0.005164
v -0.099840 -0.070405 -0.023560
v 0.118130 -0.030658 0.006714
v -0.025266 -0.269069 -0.112624
v -0.080991 -0.113547 -0.058343
v -0.115543 -0.126472 -0.048847
v -0.119486 -0.090371 -0.005763
v -0.014360 -0.204250 -0.118152
v -0.065809 -0.252986 -0.120253
v -0.129534 -0.121656 -0.039178
v -0.141345 -0.110273 -0.013480
v -0.123405 -0.133013 -0.051206
v -0.100463 -0.153913 -0.073048
v -0.061456 -0.227972 -0.120598
v -0.077374 -0.260888 -0.117067
v -0.071436 -0.170923 -0.089696
v -0.098412 -0.195476 -0.100807
v -0.069924 -0.132616 -0.079426
v -0.079609 -0.149426 -0.074181
v -0.065365 -0.222651 -0.119942
v -0.100631 -0.212858 -0.105650
v -0.066739 -0.205552 -0.112182
v -0.114621 -0.238096 -0.093803
v -0.106764 -0.263609 -0.097957
v -0.130547 -0.238069 -0.070702
v -0.170081 -0.218725 0.001639
v 0.012250 -0.122927 -0.104604
v 0.109448 -0.158016 -0.074069
v -0.006201 -0.169452 -0.111556
v -0.034329 -0.185142 -0.116210
v 0.142472 -0.123328 0.009549
v 0.116160 -0.062187 0.014189
v 0.103507 -0.051047 -0.016278
v 0.117004 -0.106944 -0.017750
v 0.104576 -0.094350 -0.020448
v 0.108308 -0.129689 -0.045434
v 0.026152 -0.192321 -0.112529
v 0.022705 -0.227574 -0.107894
v -0.000949 -0.195103 -0.111934
v -0.029209 -0.187781 -0.117205
v 0.129298 -0.134382 -0.040563
v 0.131257 -0.148735 -0.049760
v 0.100172 -0.129645 -0.052507
v 0.156315 -0.181684 -0.012248
v 0.152365 -0.202658 -0.032727
v 0.139926 -0.152134 -0.027163
v 0.146356 -0.142846 -0.001911
v 0.097440 -0.229790 -0.105535
v 0.068229 -0.263060 -0.108695
v 0.091716 -0.210591 -0.100371
v 0.040322 -0.190273 -0.101473
v 0.122072 -0.177542 -0.074522
v 0.122401 -0.194674 -0.076116
v 0.109915 -0.141703 -0.055133
v 0.146400 -0.224636 -0.064137
v 0.107766 -0.240321 -0.100272
v 0.173282 -0.244083 -0.026060
v 0.159822 -0.235935 -0.053213
v 0.163596 -0.214258 -0.026519
v 0.138162 0.058518 -0.002010
v 0.118347 0.042923 -0.048072
v 0.083565 0.024038 -0.064771
v 0.077289 0.011518 -0.062997
v 0.122747 0.030249 -0.031330
v 0.073566 0.063219 -0.081959
v 0.067735 0.035037 -0.074885
v -0.050237 0.101232 -0.099515
v -0.024374 0.139682 -0.097253
v -0.058582 0.178079 -0.094442
v -0.055722 0.116113 -0.097915
v -0.059538 0.085481 -0.095510
v -0.096247 0.130353 -0.091068
v -0.071399 0.054125 -0.079214
v -0.034263 0.084359 -0.098250
v -0.082196 0.022008 -0.063596
v -0.062287 0.000199 -0.086173
v -0.105652 0.041154 -0.058122
v -0.086120 0.060207 -0.076040
v -0.116992 0.106865 -0.078883
v -0.059592 0.220350 -0.068641
v -0.067851 0.092976 -0.091943
v -0.049132 0.082061 -0.099942
v -0.089247 0.100974 -0.088513
v -0.090451 0.085523 -0.083180
v -0.060122 0.191473 -0.090414
v -0.097791 0.196149 -0.079105
v -0.111613 0.194569 -0.076601
v 0.061816 0.147269 -0.097105
v 0.059672 0.101317 -0.095101
v 0.034679 0.118794 -0.098572
v 0.074282 0.115431 -0.094784
v 0.089071 0.015837 -0.058544
v 0.072535 0.008149 -0.063920
v -0.129815 0.062666 -0.047128
v -0.113978 0.066627 -0.062509
v -0.095552 0.056665 -0.070340
v -0.139357 0.057964 -0.010480
v -0.077847 -0.011772 -0.056522
v -0.078896 -0.078712 -0.063701
v -0.105383 -0.005843 -0.032115
v -0.104918 -0.025769 -0.022981
v 0.097650 -0.027568 -0.031325
v 0.091960 -0.012930 -0.044162
v 0.093560 0.015908 -0.055085
v -0.005931 -0.103128 -0.104568
v -0.033644 -0.148219 -0.109280
v -0.066976 -0.011995 -0.078342
v -0.064107 -0.166808 -0.088924
v -0.070435 -0.143146 -0.076228
v -0.043324 -0.199564 -0.103900
v -0.040631 -0.182157 -0.111827
v -0.118660 -0.045015 0.016847
v -0.113176 -0.086546 -0.007665
v 0.122717 -0.011118 0.007107
v -0.016849 -0.259727 -0.107844
v -0.095416 -0.092952 -0.031345
v -0.072961 -0.124704 -0.077227
v -0.003950 -0.187736 -0.110260
v -0.014891 -0.211046 -0.118175
v -0.148157 -0.119929 -0.011017
v -0.087873 -0.143711 -0.066917
v -0.076860 -0.157861 -0.080098
v -0.075302 -0.229277 -0.120401
v -0.089124 -0.163983 -0.080347
v -0.069971 -0.159286 -0.083098
v -0.078623 -0.180154 -0.093668
v -0.086843 -0.208222 -0.111352
v -0.074804 -0.123896 -0.070458
v -0.067343 -0.132083 -0.092914
v -0.101554 -0.228180 -0.108261
v -0.108000 -0.212968 -0.097909
v -0.104118 -0.256749 -0.104598
v 0.019604 -0.147542 -0.106496
v -0.004265 -0.148575 -0.108841
v 0.108073 -0.151826 -0.068718
v 0.128775 -0.171450 -0.064379
v 0.005112 -0.161809 -0.107562
v 0.106156 -0.034465 -0.017720
v 0.123924 -0.126221 -0.035355
v 0.020488 -0.206269 -0.112863
v 0.038268 -0.218485 -0.109307
v 0.009658 -0.190982 -0.111055
v -0.006906 -0.205130 -0.117052
v 0.162228 -0.180017 0.007482
v 0.143586 -0.166231 -0.031081
v 0.084286 -0.195871 -0.093507
v 0.088444 -0.218913 -0.105036
v 0.059976 -0.190069 -0.092571
v 0.041474 -0.199835 -0.100828
v 0.125698 -0.183875 -0.068221
v 0.108469 -0.171902 -0.083987
v 0.130856 -0.192951 -0.058087
v 0.130689 -0.210521 -0.069789
v 0.119304 -0.257659 -0.085024
v 0.103281 -0.235055 -0.103502
v 0.168303 -0.242221 -0.037734
v 0.156813 -0.254756 -0.052337
v 0.108858 0.021672 -0.044963
v 0.066362 0.006147 -0.067100
v 0.054204 0.061123 -0.089190
v 0.047983 0.096361 -0.098645
v 0.077616 0.042861 -0.073999
v 0.041495 -0.007191 -0.095446
v 0.051300 0.035512 -0.089377
v 0.085020 -0.010170 -0.050120
v -0.040923 0.125534 -0.097798
v 0.002760 0.156927 -0.096250
v -0.030151 0.120881 -0.097596
v -0.059390 0.160753 -0.096779
v -0.062549 0.173349 -0.094618
v -0.045410 0.135573 -0.097633
v -0.062062 0.098234 -0.094924
v -0.059357 0.054842 -0.092858
v -0.077473 0.039247 -0.071833
v -0.039875 0.062278 -0.099078
v -0.046040 0.091230 -0.099787
v -0.083319 0.009601 -0.058309
v -0.047876 0.025150 -0.097552
v -0.100210 0.081092 -0.076959
v -0.065296 0.075707 -0.088484
v -0.102167 0.089500 -0.079440
v -0.086995 0.210252 -0.070703
v -0.108881 0.190569 -0.079855
v -0.083948 0.204698 -0.077651
v 0.052936 0.131143 -0.097496
v 0.047193 0.161020 -0.097172
v 0.075660 0.100896 -0.092335
v 0.050981 0.103400 -0.097743
v -0.121720 0.042540 -0.042615
v -0.086331 -0.023432 -0.043669
v -0.090004 -0.008478 -0.046446
v -0.056578 -0.054619 -0.085278
v -0.100385 -0.026021 -0.028271
v -0.026265 -0.084638 -0.099803
v 0.004433 -0.045869 -0.102945
v -0.010303 -0.154143 -0.110252
v -0.053624 -0.024605 -0.091171
v -0.032141 -0.023460 -0.096601
v -0.074253 -0.024878 -0.064867
v -0.044586 -0.175064 -0.109916
v -0.060384 -0.182046 -0.097637
v -0.048492 -0.178669 -0.099065
v -0.108110 -0.087092 -0.014968
v 0.007022 -0.272917 -0.113006
v -0.093397 -0.114468 -0.044770
v -0.076864 -0.112080 -0.076791
v -0.072841 -0.121943 -0.083764
v -0.010862 -0.181972 -0.111879
v -0.009286 -0.229351 -0.112613
v -0.085125 -0.128447 -0.059687
v -0.079517 -0.234138 -0.119626
v -0.101448 -0.191405 -0.097061
v -0.076903 -0.210761 -0.113908
v -0.091110 -0.235306 -0.114312
v 0.020939 -0.141342 -0.104399
v 0.006861 -0.128802 -0.106069
v 0.135178 -0.168097 -0.048159
v 0.130441 -0.121632 -0.024245
v 0.033770 -0.209327 -0.106332
v 0.122183 -0.164684 -0.071279
v 0.113959 -0.204017 -0.091669
v 0.121974 -0.232720 -0.090190
v 0.133402 -0.263077 -0.072889
v 0.161308 -0.266593 -0.037394
v 0.116187 0.011147 -0.028721
v 0.036481 0.079222 -0.101440
v 0.061323 0.005754 -0.071964
v 0.059251 -0.020590 -0.075508
v 0.042265 0.007137 -0.096306
v 0.045395 0.041801 -0.096850
v 0.079004 -0.013084 -0.052388
v -0.036122 0.101316 -0.098246
v -0.050222 0.122039 -0.098000
v -0.007272 0.113715 -0.097760
v -0.058443 0.147316 -0.097493
v -0.038327 0.148809 -0.097299
v -0.109487 0.151081 -0.088375
v -0.071560 0.062775 -0.081713
v -0.042485 0.069952 -0.099577
v -0.080254 0.054323 -0.075981
v -0.069164 0.029105 -0.074782
v -0.042750 0.057086 -0.099316
v -0.061546 0.017743 -0.088039
v -0.060599 0.036039 -0.090095
v -0.095569 0.083380 -0.080104
v -0.109926 0.078363 -0.070383
v -0.069006 0.085731 -0.089681
v -0.082875 0.195691 -0.083400
v 0.056411 0.091890 -0.093855
v 0.042723 0.095384 -0.100219
v -0.102471 -0.009249 -0.034619
v -0.069609 -0.036571 -0.073140
v -0.079908 -0.055994 -0.056729
v -0.072207 -0.055387 -0.067885
v -0.060186 -0.035454 -0.084643
v -0.006641 -0.064156 -0.101883
v -0.024532 -0.100280 -0.103229
v -0.010438 -0.084457 -0.102294
v -0.003570 -0.022583 -0.101139
v -0.011517 -0.107567 -0.105106
v 0.001373 -0.124213 -0.106444
v -0.018215 -0.151247 -0.110203
v -0.047087 -0.025752 -0.094131
v -0.056629 -0.042735 -0.086830
v -0.067222 -0.024082 -0.077600
v -0.072872 -0.029508 -0.067991
v -0.058174 -0.142044 -0.103418
v -0.039194 -0.178500 -0.114395
v -0.053289 -0.165652 -0.095433
v 0.120242 -0.014297 0.001591
v 0.115840 -0.014906 -0.008986
v 0.015691 -0.253569 -0.107093
v -0.085376 -0.104404 -0.048909
v -0.088024 -0.112511 -0.048133
v 0.008717 -0.221462 -0.110703
v -0.109659 -0.239415 -0.101789
v 0.027348 -0.166315 -0.113458
v 0.014423 -0.139352 -0.105192
v 0.129264 -0.164649 -0.062615
v 0.133933 -0.161375 -0.050273
v 0.069247 -0.226857 -0.110941
v 0.112043 -0.221970 -0.100039
v 0.123587 -0.243028 -0.085993
v 0.145094 -0.255548 -0.064512
v 0.063860 -0.000632 -0.068043
v 0.045126 0.082678 -0.099447
v 0.044578 0.057672 -0.098578
v 0.054736 -0.000700 -0.082395
v 0.037694 0.020361 -0.099526
v 0.012230 0.039821 -0.101780
v 0.084024 -0.021375 -0.045560
v -0.017397 0.105219 -0.097493
v -0.014533 0.123881 -0.097530
v 0.006098 0.115452 -0.098129
v -0.056268 0.126136 -0.097463
v -0.074040 0.145640 -0.095365
v -0.117845 0.140603 -0.086295
v -0.054247 0.069791 -0.098280
v -0.107492 0.086143 -0.075308
v 0.052850 0.072649 -0.092346
v 0.040690 0.102839 -0.099888
v 0.032296 0.045273 -0.101850
v -0.073557 -0.037148 -0.066891
v -0.025257 -0.065072 -0.098149
v -0.001474 -0.061994 -0.102540
v -0.020357 -0.128437 -0.108341
v -0.018692 -0.137050 -0.109056
v -0.041804 -0.037000 -0.095082
v -0.051637 -0.164185 -0.102293
v -0.006513 -0.256023 -0.108251
v -0.001402 -0.242607 -0.117094
v 0.000595 -0.213359 -0.117334
v -0.108841 -0.123834 -0.045708
v 0.072598 -0.146082 -0.086471
v 0.025735 -0.136749 -0.101824
v 0.128935 -0.225057 -0.081782
v 0.155198 -0.234267 -0.057916
v 0.050354 0.067662 -0.094123
v 0.038498 0.048324 -0.100753
v 0.083701 -0.055291 -0.041506
v 0.067460 -0.017536 -0.061716
v 0.018969 0.029804 -0.102370
v 0.035024 0.057990 -0.101672
v -0.009002 0.015421 -0.098510
v 0.018457 0.128178 -0.097893
v -0.078439 0.117151 -0.094107
v 0.039436 0.034706 -0.099764
v -0.080860 -0.029648 -0.052327
v -0.009750 -0.131536 -0.108139
v -0.013817 -0.240906 -0.115770
v 0.035746 -0.083605 -0.092841
v 0.013371 0.020368 -0.102453
v 0.011948 -0.004540 -0.102870
v 0.016369 0.061304 -0.101250
v 0.022086 -0.128500 -0.101764
v 0.003744 -0.112823 -0.105196
v 0.009674 0.009569 -0.102454
v 0.037110 0.006659 -0.098811
v 0.019055 0.043200 -0.102057
v -0.008873 0.058634 -0.097851
v 0.016966 -0.119915 -0.103104
v 0.008826 0.052256 -0.100960
v -0.011023 0.046164 -0.097593
v 0.001268 0.049169 -0.099899
v 0.007130 0.027073 -0.101641
v 0.139362 0.056084 0.006777
v 0.143053 0.076151 -0.016027
v 0.132407 0.031504 0.005794
v 0.118782 0.024796 -0.034960
v 0.147600 0.093264 -0.031788
v 0.146940 0.096371 -0.044540
v 0.117117 0.097615 -0.075353
v -0.146582 0.129442 -0.075648
v -0.035859 0.206186 -0.084652
v -0.056824 0.174677 -0.095286
v -0.073179 0.219687 -0.063668
v -0.074953 0.221645 -0.060069
v -0.114521 0.227949 -0.040196
v -0.128426 0.227148 -0.038354
v -0.141211 0.217009 -0.049806
v -0.144081 0.224303 -0.036849
v -0.089098 0.229458 -0.039969
v 0.147024 0.109878 -0.064071
v 0.134417 0.112647 -0.073232
v 0.107071 0.064667 -0.066265
v 0.125753 0.139166 -0.083979
v 0.044695 0.215918 -0.077449
v 0.079910 0.227809 -0.049801
v 0.074761 0.145346 -0.095232
v 0.087074 0.155015 -0.092259
v 0.085524 0.184171 -0.087037
v 0.133548 0.179191 -0.080064
v 0.120662 0.218874 -0.049843
v 0.082578 0.232025 -0.044942
v 0.139822 0.189550 -0.072949
v 0.131212 0.225876 -0.038577
v 0.143099 0.215953 -0.048293
v 0.131443 0.221170 -0.044883
v -0.101675 -0.035642 -0.023526
v -0.119358 0.069370 -0.060270
v -0.152487 0.103222 -0.057605
v -0.131774 0.024942 0.014517
v -0.156190 0.097733 -0.047481
v -0.134300 0.041547 0.015370
v -0.096469 0.111454 -0.088324
v -0.133891 0.047195 -0.000598
v -0.112551 -0.034329 -0.006093
v -0.076385 0.000977 -0.060603
v 0.112345 -0.048003 -0.000886
v 0.078872 -0.119238 -0.073882
v -0.002885 -0.237212 -0.114810
v -0.035692 -0.260428 -0.113502
v -0.050286 -0.271085 -0.116870
v -0.095827 -0.072712 -0.035980
v -0.030503 -0.272391 -0.114210
v -0.137616 -0.106873 -0.017536
v -0.084866 -0.261087 -0.114758
v -0.153499 -0.138810 -0.017899
v -0.106521 -0.145347 -0.066097
v -0.140505 -0.175380 -0.046040
v -0.124191 -0.265730 -0.066410
v -0.132783 -0.142383 -0.041659
v -0.159871 -0.225502 -0.040619
v -0.103672 -0.178706 -0.089183
v -0.159022 -0.189545 -0.023650
v -0.164203 -0.190974 -0.011116
v -0.135584 -0.199725 -0.061144
v -0.163688 -0.264943 -0.034621
v -0.163840 -0.253616 -0.034494
v -0.174066 -0.240491 0.008738
v 0.124537 -0.110359 -0.012703
v 0.037589 -0.267465 -0.111406
v 0.054875 -0.161836 -0.101796
v 0.011389 -0.242478 -0.115406
v 0.140008 -0.164833 -0.037107
v 0.057280 -0.202523 -0.099600
v 0.062598 -0.266650 -0.110682
v 0.092628 -0.198254 -0.093271
v 0.166116 -0.190069 0.009611
v 0.114190 -0.264276 -0.087947
v 0.139762 -0.266013 -0.067904
v 0.153628 -0.224522 -0.054400
v 0.121532 -0.226134 -0.090344
v 0.149035 -0.249115 -0.062140
v 0.171304 -0.231457 -0.030641
v 0.165791 -0.263030 -0.027657
v 0.167925 -0.267980 -0.021875
v 0.178070 -0.261364 0.006940
v 0.145602 0.085866 -0.021177
v 0.132569 0.081836 -0.053201
v 0.135053 0.061351 -0.023437
v 0.098443 0.073293 -0.074775
v -0.134408 0.096976 -0.065597
v -0.140689 0.108904 -0.068912
v -0.035816 0.167831 -0.095966
v -0.087131 0.131809 -0.093305
v -0.108254 0.200159 -0.073312
v -0.142647 0.162104 -0.082095
v -0.109228 0.229503 -0.037359
v -0.129629 0.192236 -0.074628
v 0.028126 0.170238 -0.095367
v -0.005689 0.080382 -0.098126
v 0.043222 0.192965 -0.090792
v 0.095551 0.219765 -0.056944
v 0.052787 0.193186 -0.090206
v 0.129132 0.153820 -0.084408
v 0.067902 0.202359 -0.081749
v 0.088333 0.210579 -0.066287
v 0.105203 0.213535 -0.060172
v 0.105196 0.000652 -0.035878
v -0.120331 -0.029984 0.014158
v -0.119520 -0.018289 0.002812
v -0.145938 0.084211 -0.046070
v -0.139301 0.081998 -0.051667
v -0.130853 0.030608 -0.003966
v -0.063552 0.055541 -0.086680
v 0.041796 -0.123349 -0.091745
v -0.097713 -0.103701 -0.034596
v -0.116504 -0.016754 -0.005970
v -0.018252 -0.197931 -0.117698
v -0.084963 -0.097028 -0.058295
v -0.093120 -0.193569 -0.101878
v -0.139678 -0.135479 -0.032603
v -0.043791 -0.239748 -0.120405
v -0.036084 -0.204919 -0.105905
v -0.045524 -0.155472 -0.109216
v -0.054659 -0.241162 -0.121482
v -0.114456 -0.262510 -0.079540
v -0.109403 -0.194533 -0.088758
v -0.154244 -0.260534 -0.046143
v -0.158458 -0.241382 -0.043471
v -0.173222 -0.255026 -0.001829
v -0.059941 -0.073630 -0.083917
v 0.113084 -0.087766 -0.001285
v 0.096616 -0.095002 -0.033762
v 0.145751 -0.129599 0.010415
v 0.019330 -0.158788 -0.109535
v 0.051040 -0.269610 -0.112492
v 0.102099 -0.246152 -0.100136
v 0.096334 -0.260549 -0.099363
v 0.135318 -0.215863 -0.068754
v 0.136508 -0.160342 -0.043469
v 0.158079 -0.179790 -0.005898
v 0.165115 -0.195724 -0.001878
v 0.157035 -0.260557 -0.049271
v 0.168726 -0.216639 -0.018365
v 0.172268 -0.218499 -0.013866
v 0.174365 -0.255046 -0.016226
v 0.078244 0.061333 -0.079820
v 0.127556 0.076606 -0.056041
v 0.125831 0.040225 -0.033294
v -0.049272 0.006368 -0.095794
v 0.041632 0.122427 -0.098166
v -0.099015 0.116791 -0.088713
v 0.006546 0.181708 -0.092830
v -0.099717 0.027084 -0.055571
v -0.108440 0.007876 -0.036585
v -0.123016 0.172733 -0.083679
v -0.073196 0.186006 -0.089698
v -0.090180 0.145831 -0.092367
v -0.090454 0.220047 -0.057205
v -0.127193 0.212495 -0.057652
v -0.101672 0.221951 -0.051468
v 0.083307 0.190363 -0.085103
v 0.020678 0.203431 -0.085537
v 0.070984 0.213543 -0.067824
v 0.063545 0.177688 -0.093626
v 0.072208 0.208247 -0.074018
v 0.085701 0.197278 -0.079746
v 0.105372 0.190469 -0.078905
v 0.081386 0.215321 -0.063174
v 0.101439 0.230775 -0.043114
v 0.118883 0.204854 -0.062529
v 0.135274 0.203256 -0.060492
v 0.108628 0.043540 -0.056868
v 0.133887 0.062109 -0.032410
v -0.104411 0.002315 -0.037960
v -0.121078 0.017955 -0.024654
v -0.116941 0.034520 -0.044227
v -0.123480 0.018771 -0.019438
v -0.158523 0.095514 -0.036955
v -0.137696 0.057328 -0.016056
v -0.125022 0.042208 -0.036624
v -0.127553 0.001016 0.018859
v -0.149300 0.066752 0.000196
v -0.110372 0.030115 -0.048794
v 0.107520 -0.019050 -0.021908
v -0.054830 -0.198482 -0.106348
v -0.106786 -0.072527 -0.009995
v -0.121488 -0.083150 0.002706
v -0.124964 -0.112989 -0.032702
v -0.028585 -0.231575 -0.112464
v -0.139229 -0.116326 -0.025050
v -0.111431 -0.076934 -0.003931
v -0.045108 -0.226923 -0.115982
v -0.126225 -0.100419 -0.017161
v -0.122181 -0.162907 -0.056599
v -0.050827 -0.262962 -0.117576
v -0.091121 -0.248592 -0.113466
v -0.107810 -0.165532 -0.079072
v -0.102530 -0.116333 -0.039489
v -0.059132 -0.192574 -0.103876
v -0.082498 -0.227972 -0.118364
v -0.113244 -0.248391 -0.088204
v -0.136066 -0.222903 -0.069392
v -0.160127 -0.251403 -0.040477
v -0.151399 -0.221713 -0.051337
v -0.148028 -0.185053 -0.039319
v -0.159726 -0.209214 -0.033230
v 0.033459 -0.186362 -0.110419
v -0.057776 -0.154777 -0.093400
v 0.098385 -0.102934 -0.036697
v 0.056518 -0.047745 -0.078040
v 0.112388 -0.078040 0.005075
v 0.083630 -0.130100 -0.073823
v -0.022540 -0.210320 -0.115364
v -0.032704 -0.162467 -0.112774
v 0.114479 -0.154483 -0.066900
v 0.096596 -0.109918 -0.043015
v 0.131712 -0.176367 -0.057410
v 0.038813 -0.232371 -0.113880
v 0.091421 -0.166078 -0.088694
v 0.078853 -0.190133 -0.090990
v 0.117510 -0.195098 -0.081897
v 0.153718 -0.196484 -0.026873
v 0.147195 -0.175623 -0.029264
v 0.176961 -0.216579 0.002625
v 0.154006 -0.215566 -0.041621
v 0.176136 -0.245834 -0.019776
v 0.184005 -0.244761 0.000343
v 0.141125 0.071123 -0.015386
v 0.100694 0.042122 -0.061794
v 0.053639 0.054093 -0.088545
v 0.131073 0.055587 -0.034147
v 0.114397 0.055896 -0.057404
v 0.057913 0.030927 -0.079838
v 0.097989 -0.078439 -0.026281
v 0.024004 0.177501 -0.094033
v -0.062928 0.121760 -0.096620
v -0.083360 0.103638 -0.090920
v 0.002955 -0.036275 -0.102744
v -0.127429 0.047545 -0.036503
v -0.121716 0.079850 -0.064917
v -0.130520 0.151012 -0.084021
v -0.088935 0.187912 -0.085443
v -0.086741 0.177180 -0.088833
v -0.106776 0.131030 -0.088288
v -0.104336 0.216831 -0.058101
v -0.105346 0.207584 -0.067541
v -0.093395 0.216223 -0.061592
v 0.004633 0.148034 -0.096829
v 0.012698 0.191183 -0.090250
v 0.026988 0.192769 -0.089989
v 0.071668 0.188447 -0.089173
v 0.109599 0.186851 -0.080331
v 0.105919 0.195182 -0.075130
v 0.120775 0.223333 -0.045419
v 0.110248 0.010595 -0.036205
v 0.121101 0.043367 -0.044242
v -0.126450 0.063389 -0.051245
v -0.105898 -0.034445 -0.018197
v -0.128947 0.055430 -0.041459
v 0.085905 0.006015 -0.056694
v 0.108929 -0.047708 -0.008459
v -0.068698 -0.089730 -0.081428
v -0.016317 0.047043 -0.096939
v -0.045128 -0.134458 -0.108128
v -0.031090 -0.201295 -0.111591
v -0.108350 -0.042283 -0.011790
v -0.107063 -0.057359 -0.012360
v -0.109607 -0.059857 -0.003470
v -0.090778 -0.049374 -0.039145
v 0.108627 -0.034624 -0.013432
v -0.137804 -0.100647 -0.004509
v -0.128619 -0.092815 -0.006120
v -0.011480 -0.223031 -0.114498
v -0.079766 -0.131433 -0.064811
v -0.110518 -0.137344 -0.059263
v -0.024571 -0.222182 -0.109006
v -0.137545 -0.130340 -0.034134
v -0.112571 -0.177991 -0.078172
v -0.123357 -0.209400 -0.081526
v -0.065438 -0.149581 -0.082166
v -0.094750 -0.150256 -0.070107
v -0.047970 -0.214144 -0.113015
v -0.084698 -0.217421 -0.115549
v -0.094214 -0.203835 -0.107088
v -0.130880 -0.232469 -0.073249
v -0.165897 -0.232377 -0.027137
v -0.147043 -0.246751 -0.052806
v -0.164913 -0.227049 -0.030171
v 0.004918 -0.090969 -0.103694
v 0.073062 -0.162291 -0.086714
v -0.022498 -0.175577 -0.114741
v -0.040783 -0.193728 -0.103639
v 0.122836 -0.117418 -0.026095
v 0.138804 -0.140252 -0.022069
v 0.110946 -0.108519 -0.023893
v 0.105611 -0.132586 -0.050420
v 0.019700 -0.175121 -0.112244
v 0.026753 -0.270259 -0.112144
v -0.012027 -0.198516 -0.116152
v 0.138108 -0.147631 -0.028759
v 0.084830 -0.141299 -0.074430
v 0.146610 -0.191839 -0.035994
v 0.143807 -0.135639 -0.002367
v 0.113869 -0.209310 -0.094261
v 0.080201 -0.266183 -0.106824
v 0.059951 -0.228121 -0.113175
v 0.031068 -0.194121 -0.109241
v 0.124759 -0.206553 -0.076559
v 0.160209 -0.227468 -0.045295
v 0.105721 -0.225433 -0.104146
v 0.140838 -0.202077 -0.047402
v 0.176092 -0.238638 -0.022334
v 0.150400 -0.235801 -0.063783
v 0.158499 -0.210362 -0.030596
v 0.079409 0.026663 -0.067684
v 0.083190 0.010955 -0.060064
v 0.116022 0.065802 -0.060776
v 0.123428 0.036776 -0.035656
v 0.083199 0.038840 -0.070125
v 0.096458 -0.009816 -0.041571
v -0.064086 0.088547 -0.092075
v -0.000467 0.105410 -0.098166
v -0.094821 0.031044 -0.060415
v -0.061967 -0.008543 -0.085910
v -0.132366 0.045295 -0.018112
v -0.134645 0.050986 -0.017974
v -0.100660 0.044406 -0.062739
v -0.075643 0.063994 -0.080614
v -0.052832 0.212947 -0.078586
v -0.071359 0.115729 -0.095292
v -0.102621 0.074313 -0.073051
v -0.100309 0.182152 -0.084825
v 0.057033 0.123800 -0.097167
v 0.049524 0.190017 -0.091733
v 0.049252 0.087482 -0.097326
v 0.025565 0.119316 -0.098464
v 0.092602 0.116262 -0.090688
v 0.110973 0.171646 -0.085691
v -0.149622 0.084620 -0.041154
v -0.119734 0.061250 -0.055734
v -0.135383 0.052014 -0.010886
v -0.133396 0.052903 -0.029066
v -0.069695 -0.013908 -0.073092
v -0.076522 -0.101321 -0.076698
v -0.102002 -0.001289 -0.039103
v -0.110597 -0.030850 -0.011330
v -0.123919 0.034893 -0.032858
v 0.065112 -0.076472 -0.065698
v -0.039193 -0.166112 -0.113070
v -0.042716 -0.054426 -0.093775
v -0.056274 -0.013805 -0.090533
v -0.065572 -0.161955 -0.085675
v -0.064448 -0.144152 -0.085636
v -0.112124 -0.042578 -0.004458
v -0.103136 -0.070952 -0.015001
v 0.114427 -0.032192 -0.002645
v -0.025390 -0.256717 -0.110160
v -0.095567 -0.079527 -0.030206
v -0.075384 -0.131653 -0.068937
v -0.019317 -0.217328 -0.112576
v -0.122405 -0.123336 -0.044193
v -0.126345 -0.144180 -0.050438
v -0.067475 -0.226349 -0.120741
v -0.086842 -0.253131 -0.115288
v -0.064210 -0.155036 -0.083773
v -0.050960 -0.124644 -0.105716
v -0.062199 -0.216134 -0.117369
v -0.097462 -0.228585 -0.111086
v -0.066141 -0.195393 -0.105942
v -0.099385 -0.263990 -0.107877
v 0.010826 -0.165574 -0.108021
v -0.018419 -0.113106 -0.106005
v 0.120148 -0.144594 -0.052756
v -0.036597 -0.190087 -0.111948
v 0.134168 -0.118737 -0.008403
v 0.099155 -0.055098 -0.021576
v 0.108608 -0.095881 -0.013725
v 0.120799 -0.102440 -0.008168
v 0.103672 -0.088834 -0.020207
v 0.013325 -0.216422 -0.110734
v 0.018985 -0.223432 -0.107399
v 0.013998 -0.198888 -0.114353
v 0.097584 -0.114277 -0.044987
v 0.145900 -0.208106 -0.046378
v 0.147498 -0.159737 -0.016999
v 0.138379 -0.181902 -0.045585
v 0.142936 -0.157129 -0.024808
v 0.076927 -0.223591 -0.109088
v 0.065916 -0.248599 -0.109824
v 0.078497 -0.253815 -0.106375
v 0.073379 -0.203345 -0.099368
v 0.079791 -0.229610 -0.110094
v 0.063104 -0.174377 -0.088170
v 0.097955 -0.168166 -0.088305
v 0.117601 -0.184563 -0.077698
v 0.150003 -0.222686 -0.057838
v 0.088625 -0.247340 -0.104986
v 0.100514 0.011405 -0.046500
v 0.090970 0.031426 -0.063025
v 0.095052 0.027431 -0.058602
v 0.070216 0.022098 -0.069733
v 0.120699 0.021850 -0.029028
v 0.053189 0.025049 -0.085706
v 0.073659 0.049033 -0.077430
v 0.007192 -0.008131 -0.102663
v 0.096767 0.005884 -0.047868
v 0.005595 0.175393 -0.094112
v -0.009253 0.178482 -0.093523
v -0.008427 0.163590 -0.095690
v -0.044869 0.115687 -0.098382
v -0.031984 0.198693 -0.087827
v -0.054566 0.036400 -0.095950
v -0.072827 0.028817 -0.071246
v -0.066981 -0.000477 -0.077769
v -0.084771 -0.012446 -0.048554
v -0.070670 0.010245 -0.069729
v -0.028065 0.032446 -0.096964
v -0.112299 0.040404 -0.052465
v -0.115577 0.051964 -0.054796
v -0.064121 0.069474 -0.088203
v -0.054851 0.086916 -0.098720
v -0.061943 0.200004 -0.085889
v -0.022555 0.086774 -0.097209
v 0.074183 0.131001 -0.095633
v 0.070555 0.002607 -0.063188
v -0.088084 -0.029790 -0.040534
v -0.090854 0.009338 -0.054004
v -0.049954 -0.043445 -0.091327
v -0.093307 -0.030923 -0.033818
v 0.099448 -0.018447 -0.034252
v 0.086148 -0.039948 -0.037694
v 0.055335 -0.027260 -0.081196
v -0.019605 -0.162700 -0.112412
v -0.062696 -0.024626 -0.083457
v -0.073472 -0.001695 -0.064159
v -0.041887 -0.183783 -0.106987
v -0.052818 -0.183303 -0.098300
v -0.101487 -0.088245 -0.023075
v -0.112908 -0.091075 -0.011713
v 0.128027 0.010063 0.009086
v -0.102940 -0.105717 -0.030974
v -0.081304 -0.106339 -0.063782
v 0.003808 -0.188633 -0.109433
v -0.012736 -0.228840 -0.110972
v -0.143824 -0.114678 -0.013339
v -0.148526 -0.126468 -0.017099
v -0.097454 -0.250488 -0.111063
v -0.097484 -0.161959 -0.079097
v -0.108650 -0.201427 -0.092304
v -0.095979 -0.219044 -0.110942
v -0.084957 -0.134471 -0.063191
v -0.076587 -0.117852 -0.069659
v -0.105437 -0.217983 -0.102054
v 0.080512 -0.103030 -0.065110
v 0.129355 -0.186392 -0.060480
v 0.000713 -0.171061 -0.109872
v -0.004670 -0.158647 -0.110060
v 0.025571 -0.200838 -0.112076
v 0.024419 -0.212700 -0.108474
v 0.042411 -0.205324 -0.102503
v 0.012694 -0.181730 -0.111411
v 0.009687 -0.214554 -0.113475
v 0.044354 -0.193686 -0.098583
v 0.049297 -0.181489 -0.096399
v 0.127231 -0.192349 -0.065889
v 0.109323 -0.204729 -0.094350
v 0.118765 -0.230383 -0.094031
v 0.167262 -0.247553 -0.037185
v 0.164446 -0.231645 -0.042019
v 0.120698 0.004548 -0.014656
v 0.064073 0.065939 -0.085048
v 0.065269 0.043567 -0.078338
v 0.049235 -0.000187 -0.090142
v 0.048248 0.059486 -0.095430
v 0.070670 -0.009485 -0.059535
v -0.026088 0.151503 -0.096821
v -0.064626 0.104208 -0.094962
v -0.067019 0.046057 -0.080533
v 0.000880 0.068256 -0.099265
v -0.033631 0.040394 -0.097713
v -0.071704 0.016198 -0.069225
v -0.058383 0.015030 -0.091549
v -0.079830 0.012842 -0.061487
v -0.064001 0.014569 -0.083713
v -0.106521 0.065881 -0.067304
v -0.070014 0.213352 -0.073352
v 0.045467 0.145218 -0.097702
v -0.119645 0.044167 -0.046961
v -0.095165 -0.006076 -0.043870
v -0.082922 -0.025700 -0.048171
v -0.064408 -0.059367 -0.077505
v -0.085077 -0.061515 -0.049455
v 0.012629 -0.076690 -0.102316
v 0.004199 -0.063604 -0.102914
v -0.017660 -0.018886 -0.097679
v -0.032766 -0.011791 -0.096653
v -0.064530 0.003004 -0.082719
v -0.063244 -0.127361 -0.100130
v -0.054551 -0.153165 -0.103162
v -0.097420 -0.081301 -0.025193
v 0.111448 -0.006035 -0.022820
v 0.025688 -0.249444 -0.107488
v -0.089661 -0.091502 -0.041740
v -0.099490 -0.128932 -0.052296
v -0.072199 -0.119035 -0.087191
v -0.066373 -0.128679 -0.096548
v 0.016173 -0.238532 -0.110277
v -0.094818 -0.137675 -0.060614
v -0.084974 -0.120422 -0.055218
v -0.092503 -0.174514 -0.088482
v -0.089051 -0.185722 -0.096686
v -0.088177 -0.201688 -0.107363
v 0.037461 -0.179242 -0.109522
v 0.036251 -0.222718 -0.110397
v 0.158593 -0.173491 0.002331
v 0.155831 -0.170825 -0.004336
v 0.052209 -0.238672 -0.114212
v 0.107362 -0.164914 -0.081221
v 0.112725 -0.252624 -0.091967
v 0.147150 -0.265287 -0.061694
v 0.164920 -0.258454 -0.032307
v 0.125760 0.016957 -0.009334
v 0.037929 0.070840 -0.101448
v 0.046522 -0.008733 -0.091836
v 0.048348 0.034588 -0.093490
v 0.073740 -0.021612 -0.053873
v 0.078001 -0.024286 -0.049086
v -0.100310 0.147029 -0.090488
v -0.082038 0.077483 -0.083493
v -0.056528 0.066061 -0.096517
v -0.031499 0.061184 -0.097751
v -0.051497 0.053049 -0.098426
v -0.066933 0.013423 -0.076926
v -0.057589 0.032591 -0.093508
v -0.086733 0.074309 -0.080810
v 0.063271 0.087515 -0.091381
v 0.052216 0.114530 -0.097509
v 0.032360 0.033043 -0.101569
v 0.004747 0.090976 -0.098964
v -0.097650 -0.010570 -0.039318
v -0.077344 -0.050181 -0.060411
v -0.073039 -0.050141 -0.066840
v -0.061266 -0.045413 -0.082149
v -0.043433 -0.079578 -0.094857
v -0.032934 -0.102731 -0.103142
v -0.006988 -0.093284 -0.103478
v -0.021685 -0.080521 -0.099925
v -0.018827 -0.046479 -0.098607
v -0.030774 -0.135605 -0.109103
v -0.023978 -0.056287 -0.098096
v -0.031792 -0.045577 -0.096661
v -0.012479 -0.022678 -0.098944
v -0.063621 -0.141206 -0.094020
v -0.044441 -0.168067 -0.111630
v -0.057045 -0.172630 -0.093148
v 0.003009 -0.227559 -0.117215
v -0.082649 -0.108776 -0.055093
v -0.082943 -0.114891 -0.055011
v -0.104454 -0.245817 -0.106420
v 0.022916 -0.152421 -0.108423
v 0.095429 -0.152185 -0.080782
v 0.043561 -0.133138 -0.095471
v 0.122083 -0.219875 -0.087865
v 0.132669 -0.250231 -0.074902
v 0.158772 -0.243321 -0.054490
v 0.065118 -0.010011 -0.065331
v 0.100378 -0.068623 -0.023099
v 0.062607 -0.013222 -0.069043
v 0.039678 0.015297 -0.098321
v 0.028727 0.047280 -0.102056
v -0.036379 0.001102 -0.096965
v 0.086323 -0.030746 -0.039747
v -0.028855 0.109397 -0.097621
v -0.054213 0.132972 -0.097507
v 0.062970 0.074877 -0.087849
v 0.031363 0.071390 -0.101730
v -0.078964 -0.019468 -0.054555
v -0.085209 -0.070086 -0.051338
v -0.024854 -0.145414 -0.109516
v -0.050606 -0.033126 -0.091950
v -0.006273 -0.252311 -0.111133
v 0.003445 -0.262978 -0.107250
v 0.004560 -0.252641 -0.109762
v -0.000498 -0.220761 -0.118582
v -0.010052 -0.209730 -0.118265
v -0.107467 -0.129817 -0.052701
v 0.018517 -0.130306 -0.103245
v 0.044301 -0.027589 -0.091559
v 0.080919 -0.040226 -0.043768
v 0.096163 -0.049617 -0.025753
v 0.068830 -0.027035 -0.059842
v 0.000978 0.030128 -0.100437
v 0.019106 -0.028672 -0.102254
v -0.079617 -0.037178 -0.056148
v -0.002024 -0.110243 -0.105286
v 0.016142 0.012141 -0.102695
v 0.037880 -0.004707 -0.097599
v -0.020060 0.064379 -0.096863
v 0.047347 -0.106926 -0.085513
v 0.024656 0.000356 -0.101905
v 0.031367 0.013917 -0.101010
v -0.021731 0.051523 -0.096773
v 0.009464 -0.114447 -0.104595
v 0.029800 -0.106873 -0.096742
v -0.009210 0.034910 -0.098059
v 0.146049 0.086168 -0.015510
v 0.138649 0.084739 -0.045319
v 0.035219 0.178441 -0.094370
v 0.042477 0.174882 -0.095687
v 0.130555 0.095534 -0.065838
v -0.046340 0.160841 -0.097125
v -0.117942 0.160333 -0.086280
v 0.137327 0.106035 -0.068027
v 0.116230 0.115154 -0.081755
v 0.142983 0.118564 -0.072126
v 0.037266 0.206780 -0.084293
v 0.131924 0.123730 -0.078421
v 0.110657 0.160928 -0.087475
v 0.088509 0.169471 -0.090034
v 0.007336 0.075378 -0.099826
v -0.136048 0.050486 0.002650
v 0.083824 -0.112971 -0.064634
v 0.057647 -0.142264 -0.094968
v -0.085313 -0.090908 -0.058052
v -0.099487 -0.069006 -0.027832
v -0.142331 -0.154791 -0.035704
v -0.135139 -0.187014 -0.055788
v -0.153234 -0.156486 -0.025398
v -0.148314 -0.140570 -0.025193
v -0.153451 -0.234157 -0.049556
v -0.112323 -0.166785 -0.074827
v -0.155737 -0.181709 -0.027324
v -0.162068 -0.205460 -0.026387
v -0.145317 -0.192574 -0.045280
v -0.117845 -0.191069 -0.077347
v 0.032283 -0.247308 -0.107704
v 0.042531 -0.270330 -0.112588
v 0.030888 -0.145462 -0.104482
v 0.016485 -0.227921 -0.107937
v 0.055117 -0.263747 -0.110328
v 0.105095 -0.191958 -0.086710
v 0.124003 -0.260225 -0.080574
v 0.132865 0.076828 -0.049017
v 0.079722 0.080050 -0.085165
v -0.027374 0.175318 -0.094435
v 0.013839 0.171267 -0.094865
v -0.013795 0.065126 -0.097204
v 0.045094 0.207166 -0.083814
v 0.042286 0.200172 -0.087745
v 0.130645 0.162120 -0.084149
v 0.084034 0.208198 -0.069524
v 0.096661 0.199825 -0.074202
v 0.113470 0.000578 -0.024257
v -0.124288 0.001149 0.001017
v -0.147316 0.094253 -0.053743
v -0.132493 0.090808 -0.063643
v -0.063208 0.043162 -0.085768
v 0.069790 -0.130906 -0.081171
v 0.027086 -0.127613 -0.099381
v -0.089293 -0.101887 -0.041917
v -0.077557 -0.090221 -0.070554
v -0.084831 -0.101844 -0.052153
v -0.028596 -0.211088 -0.108688
v -0.048760 -0.163493 -0.108590
v -0.115687 -0.218171 -0.092969
v -0.113968 -0.185398 -0.078573
v -0.157978 -0.167135 -0.022804
v -0.155578 -0.246686 -0.045786
v -0.071694 -0.066007 -0.069659
v -0.051807 -0.059579 -0.088481
v 0.087303 -0.094124 -0.052738
v 0.097777 -0.089559 -0.029820
v 0.011511 -0.158134 -0.107817
v 0.081910 0.054405 -0.076034
v 0.127011 0.086425 -0.063779
v 0.127760 0.043258 -0.030405
v -0.048018 -0.005424 -0.095311
v 0.035641 0.142447 -0.097539
v -0.101112 0.019928 -0.051043
v -0.114451 0.014595 -0.033478
v 0.098451 0.192646 -0.079200
v 0.095395 0.181965 -0.085532
v 0.086508 0.071828 -0.079865
v 0.058327 0.173041 -0.095378
v 0.101759 0.187574 -0.081799
v 0.104166 0.047204 -0.061569
v 0.132387 0.066487 -0.040572
v -0.110583 0.017628 -0.040416
v 0.102982 -0.026337 -0.026166
v 0.031588 -0.026768 -0.098668
v -0.128171 -0.117256 -0.036241
v -0.115104 -0.082865 -0.001588
v -0.107981 -0.151734 -0.070287
v -0.128784 -0.183967 -0.060973
v -0.117995 -0.163239 -0.062594
v -0.104931 -0.158830 -0.076291
v -0.125837 -0.230056 -0.080893
v -0.142750 -0.224705 -0.061648
v -0.142479 -0.208291 -0.057148
v -0.149287 -0.189667 -0.038991
v 0.029746 -0.178944 -0.113335
v -0.063442 -0.143123 -0.090828
v 0.107357 -0.116540 -0.036927
v 0.093779 -0.103995 -0.042431
v 0.060504 -0.034861 -0.073953
v 0.069799 -0.053203 -0.060633
v 0.091201 -0.134180 -0.065207
v 0.078296 -0.128509 -0.077624
v -0.034745 -0.169556 -0.114383
v -0.028040 -0.150610 -0.109966
v 0.078833 -0.148144 -0.081778
v 0.100766 -0.164397 -0.085600
v 0.108628 -0.176710 -0.084092
v 0.145760 -0.179302 -0.033178
v 0.142467 0.079902 -0.025976
v 0.095633 -0.060607 -0.027350
v -0.000704 -0.045839 -0.102436
v -0.023068 -0.020525 -0.097006
v -0.053620 0.047602 -0.097307
v -0.053272 0.025467 -0.095840
v -0.072249 -0.110982 -0.086404
v -0.073994 -0.080154 -0.070947
v -0.045048 -0.149017 -0.108118
v -0.025316 -0.202201 -0.117262
v -0.104688 -0.060171 -0.018120
v -0.063225 -0.188016 -0.101512
v -0.082490 -0.197782 -0.105182
v -0.119384 -0.201392 -0.081497
v -0.126669 -0.222274 -0.081881
v 0.059539 -0.162441 -0.096742
v 0.073746 -0.153483 -0.086929
v 0.101158 -0.100259 -0.031865
v 0.022842 -0.188732 -0.113429
v 0.007020 -0.171112 -0.108821
v 0.079433 -0.139674 -0.079625
v 0.090626 -0.265686 -0.102666
v 0.048544 -0.227450 -0.113563
v 0.134108 -0.206768 -0.061826
v 0.125106 0.068791 -0.054204
v 0.111245 0.126521 -0.086229
v 0.110277 0.095859 -0.077944
v -0.023749 0.158022 -0.096391
v -0.060694 -0.015927 -0.086614
v -0.017841 0.079028 -0.097115
v -0.043931 0.204090 -0.086071
v 0.091905 0.145885 -0.092160
v 0.101151 0.129166 -0.089818
v 0.125142 0.177785 -0.081727
v -0.070775 -0.106977 -0.086949
v 0.074987 -0.037797 -0.051646
v 0.094230 -0.069006 -0.033059
v -0.040281 -0.152943 -0.109578
v -0.035545 -0.069070 -0.095885
v -0.052331 -0.049193 -0.089170
v -0.045888 -0.014684 -0.095256
v -0.114949 -0.037761 0.001277
v -0.059575 -0.113220 -0.099027
v -0.043542 -0.119822 -0.106144
v -0.133462 -0.244771 -0.064336
v 0.100561 -0.061965 -0.021404
v 0.027237 -0.233542 -0.110612
v 0.019215 -0.199182 -0.114408
v 0.086654 -0.188459 -0.089723
v 0.098108 -0.179208 -0.088371
v 0.003526 0.008473 -0.101633
v 0.012075 -0.014928 -0.103021
v -0.044563 0.039783 -0.098656
v -0.022414 0.030801 -0.096681
v -0.063640 0.063106 -0.087658
v -0.077022 0.209544 -0.075235
v 0.057915 0.147888 -0.097513
v 0.034661 0.149882 -0.097239
v 0.086191 0.115198 -0.092258
v -0.098867 -0.001634 -0.042574
v -0.095564 -0.043359 -0.030379
v -0.058940 -0.094823 -0.092127
v 0.051824 -0.017205 -0.086010
v -0.041728 -0.027815 -0.095505
v -0.046007 0.000739 -0.096188
v -0.092052 -0.158259 -0.076001
v -0.113758 -0.205350 -0.088890
v 0.090453 -0.111570 -0.053906
v 0.065963 -0.105922 -0.072706
v 0.106444 -0.230720 -0.103469
v 0.123867 0.016661 -0.015878
v 0.062142 0.055148 -0.082719
v 0.057163 0.066313 -0.087871
v 0.037283 0.092580 -0.100875
v 0.051905 0.011571 -0.087329
v 0.044182 0.134108 -0.097730
v -0.056347 -0.060575 -0.085172
v 0.020006 -0.063087 -0.100845
v 0.028557 -0.087002 -0.097001
v 0.010161 -0.066092 -0.102632
v -0.013107 -0.001768 -0.098038
v -0.055832 -0.154803 -0.099852
v 0.043373 -0.244958 -0.109923
v 0.028983 -0.258175 -0.106612
v -0.087883 -0.092592 -0.050115
v -0.094708 -0.086313 -0.030172
v 0.005772 -0.233324 -0.116419
v 0.033975 -0.234267 -0.112976
v 0.037559 -0.163565 -0.112338
v 0.043011 -0.175607 -0.106271
v 0.048406 -0.218340 -0.109284
v 0.031705 -0.015252 -0.099378
v 0.046546 0.027001 -0.094729
v 0.073878 -0.028627 -0.052814
v 0.087745 -0.035984 -0.036844
v -0.071465 0.076824 -0.086090
v -0.047088 0.046513 -0.098930
v 0.073120 0.085921 -0.088924
v -0.085913 -0.045117 -0.046251
v -0.033557 -0.075579 -0.097021
v -0.047845 -0.081668 -0.093649
v -0.031079 -0.092964 -0.100910
v -0.003566 -0.086812 -0.103347
v -0.026556 -0.035172 -0.097040
v -0.037944 -0.043815 -0.095719
v -0.064581 -0.136624 -0.096617
v -0.088586 -0.107344 -0.044941
v 0.100070 -0.148531 -0.073157
v 0.044254 -0.157693 -0.107851
v 0.165667 -0.237280 -0.043479
v 0.098419 -0.068686 -0.026284
v -0.039542 0.015371 -0.097479
v -0.026998 0.017608 -0.096745
v -0.086444 -0.080188 -0.053120
v 0.075439 -0.065311 -0.053685
v -0.014876 0.018757 -0.097316
v 0.020893 -0.037496 -0.101632
v 0.007206 -0.022729 -0.102885
v 0.054525 -0.088757 -0.076828
v 0.066529 -0.117435 -0.076874
v 0.026227 0.012700 -0.101914
v 0.019228 -0.100771 -0.101310
v 0.044692 -0.101370 -0.086495
v 0.140583 0.081318 -0.035118
v 0.133256 0.108495 -0.071819
v 0.135268 0.093189 -0.059734
v 0.094965 0.080076 -0.079068
v 0.116478 0.124448 -0.083982
v 0.110536 0.115103 -0.084058
v 0.132879 0.135634 -0.081422
v 0.085492 0.132365 -0.093561
v 0.063618 0.160690 -0.096087
v 0.095803 -0.125497 -0.054026
v 0.081459 -0.116988 -0.070804
v 0.070040 -0.152737 -0.088885
v -0.080828 -0.094554 -0.066984
v -0.094297 -0.051936 -0.034316
v -0.151569 -0.170234 -0.032621
v -0.128282 -0.191074 -0.065879
v -0.139301 -0.195515 -0.053887
v -0.117554 -0.156795 -0.062949
v 0.045657 -0.261953 -0.109935
v 0.053142 -0.245855 -0.111809
v 0.124695 0.100233 -0.072143
v 0.088066 0.102920 -0.089466
v 0.121882 0.158537 -0.085700
v -0.129922 0.039746 -0.019394
v 0.050037 -0.116069 -0.085737
v 0.026178 -0.109632 -0.098808
v 0.036967 -0.130770 -0.095976
v -0.069245 -0.102701 -0.086813
v -0.065847 -0.072352 -0.077960
v -0.079148 -0.067351 -0.059648
v -0.038453 -0.053762 -0.095216
v 0.092461 -0.084798 -0.038889
v 0.087329 -0.104042 -0.057730
v 0.126329 0.091348 -0.066610
v 0.086996 0.056303 -0.074259
v 0.097025 0.049483 -0.066638
v 0.027116 -0.038430 -0.099688
v -0.123943 -0.172583 -0.058804
v -0.133631 -0.212402 -0.069849
v 0.023623 -0.170960 -0.113053
v 0.057818 -0.040251 -0.077263
v 0.078982 -0.045971 -0.046918
v 0.077102 -0.160269 -0.085834
v 0.117716 -0.189667 -0.078905
v 0.092246 -0.053766 -0.030313
v 0.026197 -0.026624 -0.100592
v -0.073645 -0.095202 -0.078211
v -0.041235 -0.127883 -0.107842
v -0.038824 -0.139360 -0.108912
v 0.014694 -0.088616 -0.102135
v 0.035783 -0.101007 -0.092849
v 0.064312 -0.153318 -0.093416
v 0.085940 -0.146940 -0.078363
v 0.129430 0.129590 -0.081070
v 0.102025 0.139765 -0.090117
v -0.065702 -0.107637 -0.092410
v 0.075854 -0.056376 -0.052291
v 0.082664 -0.082255 -0.055184
v 0.086025 -0.060334 -0.039667
v -0.036273 -0.154174 -0.110459
v -0.032487 -0.064927 -0.096487
v -0.053975 -0.111771 -0.101274
v -0.052376 -0.118407 -0.103847
v 0.090014 -0.116638 -0.057811
v 0.087621 -0.182382 -0.088621
v -0.000826 -0.000881 -0.101043
v -0.064120 -0.081318 -0.082566
v 0.074246 -0.101735 -0.067913
v 0.067060 0.056619 -0.081627
v -0.094948 -0.060625 -0.035281
v 0.023012 -0.073995 -0.099538
v -0.024743 0.006555 -0.096670
v 0.038217 -0.236884 -0.113754
v 0.035629 -0.157095 -0.110339
v -0.033566 -0.083059 -0.098231
v -0.038840 -0.081167 -0.096622
v -0.042815 -0.090155 -0.097840
v -0.001085 -0.073013 -0.102870
v 0.036174 -0.142976 -0.101957
v -0.042761 0.004046 -0.096854
v -0.015209 0.030803 -0.097114
v -0.084481 -0.076300 -0.054441
v 0.009859 -0.057282 -0.102820
v 0.052466 -0.032515 -0.083982
v 0.081973 -0.064528 -0.046196
v 0.071585 -0.064464 -0.057932
v 0.017631 0.091830 -0.099819
v 0.056128 -0.066995 -0.076306
v 0.065511 -0.090000 -0.067356
v 0.060153 -0.111684 -0.078522
v 0.025419 -0.099376 -0.098776
v 0.125569 0.107307 -0.075088
v 0.131218 0.145459 -0.083628
v 0.103401 -0.126164 -0.047466
v 0.086826 -0.116749 -0.062811
v 0.082002 -0.126315 -0.075229
v -0.145793 -0.171376 -0.039505
v -0.151856 -0.208705 -0.045180
v 0.105198 0.073682 -0.071084
v 0.050195 -0.111792 -0.084768
v -0.070204 -0.060356 -0.070761
v -0.073751 -0.072164 -0.068539
v 0.086024 -0.081727 -0.051296
v 0.095427 -0.084172 -0.030569
v 0.082810 -0.092971 -0.060372
v -0.129453 -0.201083 -0.070223
v 0.079393 -0.169152 -0.086438
v -0.069563 -0.082096 -0.077221
v -0.062481 -0.099312 -0.091450
v 0.071218 -0.177734 -0.086127
v -0.055828 -0.083782 -0.090031
v 0.068157 -0.092814 -0.067006
v 0.008792 -0.086618 -0.103131
v -0.020652 0.018598 -0.096740
v 0.032969 -0.076214 -0.094732
v 0.060710 -0.079341 -0.070367
v 0.072872 -0.082920 -0.061742
v 0.061658 -0.099817 -0.072945
v 0.036850 -0.117780 -0.093074
v -0.069263 -0.072344 -0.074117
v -0.052943 -0.088552 -0.093323
v -0.051459 -0.078643 -0.091121
v 0.070881 -0.088478 -0.064479
v -0.057407 -0.068051 -0.084916
v 0.045306 -0.089127 -0.085518
v 0.044588 -0.097346 -0.086223
v 0.140422 0.064122 -0.004959
v 0.133620 0.040885 0.009420
v 0.145039 0.079930 0.000945
v 0.144487 0.091246 -0.040769
v -0.046091 0.217858 -0.076441
v -0.079383 0.215863 -0.066464
v -0.134277 0.220395 -0.047754
v 0.140252 0.103733 -0.064383
v -0.103698 0.116408 -0.087136
v -0.100798 -0.054677 -0.025577
v -0.155767 -0.141757 -0.014420
v -0.066913 -0.232283 -0.121567
v -0.158877 -0.153117 -0.014806
v -0.127399 -0.156189 -0.049066
v 0.019655 -0.260030 -0.106359
v 0.147116 -0.135401 0.006842
v 0.177031 -0.266662 0.004696
v 0.147035 0.090623 -0.025567
v 0.138824 0.090818 -0.052362
v 0.100715 0.058748 -0.068050
v -0.126942 0.082912 -0.063178
v -0.046108 0.183755 -0.093629
v -0.135350 0.124081 -0.077221
v 0.029975 0.158844 -0.096594
v 0.113300 0.133834 -0.086732
v 0.096848 0.215254 -0.060876
v -0.132932 0.042082 0.000261
v -0.155410 0.084503 -0.027224
v -0.121525 -0.071259 0.016254
v -0.096554 -0.181280 -0.093469
v -0.137929 -0.147124 -0.036760
v -0.047489 -0.138516 -0.107972
v -0.106940 -0.189829 -0.090800
v -0.143492 -0.253033 -0.054357
v 0.108804 -0.103361 -0.020611
v 0.129291 -0.129244 -0.034965
v 0.105931 -0.264772 -0.094359
v 0.106031 -0.253725 -0.096241
v 0.157598 -0.203490 -0.025748
v 0.181137 -0.232163 -0.007385
v -0.041295 0.026525 -0.097996
v -0.084734 0.119869 -0.092908
v -0.142740 0.122429 -0.074079
v -0.141007 0.149955 -0.081684
v -0.135886 0.215131 -0.053234
v -0.141149 0.189836 -0.074453
v 0.076144 0.198947 -0.081635
v 0.116589 0.148463 -0.087008
v 0.107250 0.036013 -0.054455
v -0.145413 0.068204 -0.019822
v 0.113082 -0.020858 -0.011030
v 0.043903 0.001762 -0.094784
v -0.132174 -0.159996 -0.045689
v -0.044073 -0.255843 -0.116489
v -0.122661 -0.237443 -0.081292
v -0.133400 -0.190599 -0.059510
v 0.033546 -0.198295 -0.104960
v 0.117149 -0.078276 0.011849
v 0.080742 -0.112716 -0.067942
v 0.104471 -0.110628 -0.035403
v 0.138262 -0.172321 -0.042806
v 0.074236 -0.168064 -0.085723
v 0.171268 -0.207020 0.001190
v 0.059723 0.039748 -0.080155
v -0.044752 0.174924 -0.095707
v 0.126958 0.187363 -0.076683
v 0.125355 0.059925 -0.048532
v -0.112211 0.002939 -0.027623
v -0.126185 0.088655 -0.066106
v -0.104524 -0.048407 -0.018786
v -0.046654 -0.098257 -0.099278
v -0.059240 -0.145812 -0.100648
v -0.106818 -0.061065 -0.008872
v 0.110918 -0.074161 0.001942
v 0.133426 -0.113193 0.000680
v 0.133622 -0.139305 -0.039717
v 0.033293 -0.168364 -0.113909
v 0.151510 -0.160399 -0.007280
v 0.085414 -0.122936 -0.069073
v 0.135582 -0.145772 -0.037572
v 0.069007 -0.239621 -0.110750
v 0.133268 0.037970 0.001715
v 0.112332 0.069289 -0.064889
v 0.126269 0.054515 -0.043145
v 0.128776 0.037227 -0.020207
v -0.064189 0.115481 -0.096223
v -0.056334 0.099555 -0.098489
v -0.055040 0.003228 -0.093066
v -0.095024 0.201111 -0.076711
v 0.089291 0.092808 -0.086091
v -0.091366 0.062419 -0.074597
v 0.014950 -0.097713 -0.102403
v -0.042145 -0.205484 -0.106164
v -0.025751 -0.247350 -0.115705
v -0.011683 -0.270340 -0.111722
v -0.119946 -0.101236 -0.018633
v -0.051222 -0.253771 -0.118618
v -0.081333 -0.169108 -0.085920
v -0.048969 -0.129807 -0.107051
v -0.027307 -0.125108 -0.108020
v 0.119533 -0.149563 -0.058326
v 0.120593 -0.172560 -0.076162
v 0.091755 -0.047087 -0.030886
v 0.106109 -0.090656 -0.013967
v 0.122858 -0.099251 0.000675
v 0.004171 -0.199078 -0.113462
v 0.014617 -0.210615 -0.113135
v 0.060551 -0.222755 -0.110987
v 0.091794 -0.236965 -0.105899
v 0.087039 -0.176738 -0.088237
v 0.096378 -0.160254 -0.086446
v 0.102380 -0.136324 -0.056860
v 0.135984 -0.230966 -0.076727
v 0.053027 0.047501 -0.088309
v -0.103018 0.100807 -0.083057
v -0.087823 0.089201 -0.085496
v -0.141778 0.074152 -0.042420
v -0.147613 0.074393 -0.028589
v -0.141943 0.058723 -0.002883
v -0.143995 0.064062 -0.013015
v -0.061546 -0.120394 -0.100085
v -0.075337 -0.014602 -0.060888
v -0.100080 -0.100275 -0.030577
v -0.076059 -0.109401 -0.079395
v -0.086748 -0.157939 -0.076551
v -0.075710 -0.117517 -0.075737
v 0.078276 -0.069116 -0.052038
v 0.110064 -0.122376 -0.038943
v 0.028554 -0.208027 -0.108231
v 0.019832 -0.181183 -0.112619
v 0.116152 -0.179219 -0.079469
v 0.138128 -0.197113 -0.048280
v 0.130018 -0.204368 -0.065720
v 0.125450 0.005893 0.001140
v -0.069344 0.070726 -0.085002
v -0.069373 0.036570 -0.076169
v 0.032662 0.083975 -0.101299
v -0.068843 -0.051892 -0.072397
v 0.002229 -0.079913 -0.103243
v -0.055790 -0.129409 -0.104910
v -0.060560 -0.175925 -0.094324
v 0.012769 -0.247811 -0.113156
v -0.091815 -0.082057 -0.044137
v -0.063742 -0.132889 -0.099427
v 0.020716 -0.251143 -0.108663
v -0.106402 -0.226596 -0.103640
v 0.059752 -0.238507 -0.113244
v 0.161175 -0.257219 -0.042972
v 0.054082 -0.013338 -0.083440
v 0.047773 0.011487 -0.092484
v -0.085971 0.046592 -0.071028
v -0.046406 0.075085 -0.099939
v -0.092620 0.192313 -0.082687
v -0.036646 -0.131465 -0.108580
v -0.058417 -0.157901 -0.089655
v -0.006341 -0.265043 -0.108538
v 0.086690 -0.157320 -0.085602
v 0.132473 -0.165975 -0.056041
v 0.131649 -0.236378 -0.080446
v 0.049224 -0.023765 -0.088020
v -0.063732 0.135522 -0.096864
v -0.046923 -0.172847 -0.106048
v -0.022057 -0.236985 -0.114045
v 0.026314 -0.141883 -0.103619
v 0.023534 -0.132665 -0.101545
v 0.028806 -0.119440 -0.097944
v 0.136860 0.086108 -0.050251
v -0.137182 0.226784 -0.035308
v 0.101548 0.117623 -0.088003
v 0.125203 0.112388 -0.077174
v 0.090806 0.229678 -0.047340
v -0.136290 0.048632 0.009145
v 0.087163 -0.110944 -0.060665
v 0.058092 -0.128952 -0.087171
v -0.091393 -0.075301 -0.044456
v -0.128633 -0.150274 -0.046929
v -0.139802 -0.185616 -0.049595
v -0.118910 -0.263921 -0.072684
v -0.124163 -0.195545 -0.073339
v 0.052395 -0.150663 -0.102466
v 0.009505 -0.255828 -0.106841
v 0.147606 -0.164955 -0.021723
v 0.103388 -0.201412 -0.093486
v 0.170871 -0.225455 -0.026717
v 0.135325 0.075216 -0.042253
v -0.124363 0.190388 -0.076887
v -0.012804 0.096025 -0.097553
v 0.074113 0.193801 -0.085752
v 0.108721 -0.001604 -0.029789
v 0.063897 -0.140922 -0.089573
v -0.079794 -0.100885 -0.070566
v -0.046917 -0.073825 -0.092371
v 0.076014 -0.098002 -0.065752
v 0.138658 -0.125041 -0.005259
v 0.119670 0.075929 -0.064276
v -0.093102 0.002808 -0.049693
v -0.124998 0.178262 -0.081972
v 0.090341 0.086255 -0.083512
v 0.061016 0.189375 -0.090948
v 0.099129 0.174521 -0.087305
v -0.123964 -0.010429 0.011849
v 0.023782 -0.015238 -0.101661
v -0.101490 -0.077340 -0.018865
v -0.114391 -0.103328 -0.021808
v -0.122508 -0.158042 -0.055402
v 0.089875 -0.095531 -0.045474
v 0.086872 -0.135070 -0.070709
v 0.074618 -0.127503 -0.078399
v 0.141650 -0.170809 -0.036969
v -0.051834 -0.141265 -0.106884
v -0.080972 -0.187809 -0.098139
v -0.072746 -0.223187 -0.119651
v 0.057842 -0.170856 -0.092841
v 0.013798 -0.261109 -0.106600
v 0.098059 0.107051 -0.086794
v 0.094881 0.035992 -0.062415
v -0.095661 0.018813 -0.054798
v 0.063351 -0.046501 -0.069708
v -0.067269 -0.177701 -0.094817
v -0.074159 -0.202400 -0.108930
v 0.101712 -0.092343 -0.026030
v 0.069585 -0.245423 -0.109381
v 0.056008 -0.181864 -0.092245
v 0.003694 -0.015116 -0.102357
v -0.050226 0.034311 -0.097606
v -0.027299 0.088185 -0.097444
v 0.093184 -0.042104 -0.030121
v 0.058685 -0.025358 -0.076604
v -0.110607 -0.221635 -0.099082
v 0.084764 -0.105617 -0.062800
v 0.121932 0.015579 -0.020759
v -0.050081 0.018449 -0.096531
v -0.050920 -0.070622 -0.089793
v -0.064277 -0.052978 -0.077830
v 0.045477 -0.063587 -0.086734
v 0.017752 -0.073034 -0.101208
v -0.056108 -0.155736 -0.097970
v 0.110855 -0.015556 -0.018111
v 0.043860 -0.164520 -0.109446
v 0.049939 0.024443 -0.090727
v 0.028451 0.105387 -0.099525
v -0.018148 -0.089106 -0.101636
v -0.005958 -0.042885 -0.101386
v 0.144055 -0.241019 -0.068545
v 0.070666 -0.003634 -0.061168
v 0.042790 -0.016529 -0.093740
v 0.066759 -0.041699 -0.064772
v 0.009189 -0.037194 -0.103058
v 0.011822 -0.028728 -0.103057
v 0.014302 0.107979 -0.098774
v 0.032400 -0.001194 -0.099960
v 0.060104 -0.094380 -0.072324
v 0.060505 -0.120495 -0.081192
v 0.008919 -0.106737 -0.104155
v 0.136731 0.097959 -0.062984
v 0.118771 0.131082 -0.084740
v 0.143661 0.131789 -0.077409
v 0.078149 -0.109551 -0.068971
v 0.065395 -0.159325 -0.091298
v -0.143886 -0.143202 -0.030390
v 0.025253 -0.241410 -0.112069
v 0.039850 -0.249427 -0.107758
v 0.097551 -0.183723 -0.088179
v 0.082479 0.102699 -0.090942
v 0.117797 0.002974 -0.019533
v -0.138026 0.092710 -0.060437
v 0.092905 -0.092761 -0.036708
v 0.033664 0.130211 -0.097952
v 0.039722 -0.029645 -0.094324
v -0.115943 -0.145106 -0.061950
v -0.120351 -0.180527 -0.067402
v 0.102032 -0.119910 -0.044515
v 0.089925 -0.101395 -0.048063
v 0.065977 -0.067264 -0.064893
v 0.095995 -0.137208 -0.063389
v 0.084230 -0.134991 -0.073862
v 0.067875 -0.148879 -0.089133
v 0.074475 -0.148513 -0.086274
v -0.124763 -0.216564 -0.083308
v 0.019533 -0.085949 -0.100737
v 0.039984 -0.096774 -0.089815
v 0.067536 -0.164891 -0.087773
v 0.099695 0.088166 -0.080071
v 0.095711 0.122650 -0.090445
v 0.107858 0.131335 -0.088186
v 0.076034 -0.076208 -0.057073
v -0.057503 -0.121748 -0.102714
v 0.080330 -0.108165 -0.066460
v 0.035388 -0.062956 -0.094001
v 0.080273 -0.032047 -0.045157
v -0.042480 -0.101188 -0.101258
v -0.000731 -0.029929 -0.102002
v -0.036368 -0.099257 -0.101797
v 0.051545 -0.140407 -0.097232
v 0.052977 -0.046868 -0.081891
v 0.084282 -0.070402 -0.046493
v 0.044143 -0.041766 -0.090134
v 0.015366 -0.048282 -0.102367
v 0.060351 -0.065092 -0.071821
v 0.086562 -0.129614 -0.069406
v -0.117481 -0.183946 -0.073287
v 0.052398 -0.105114 -0.081690
v 0.078933 -0.116596 -0.072643
v -0.062685 -0.070906 -0.080776
v -0.041770 -0.063337 -0.093609
v 0.084074 -0.088277 -0.056685
v 0.035082 -0.030437 -0.096810
v 0.031932 -0.044437 -0.097284
v 0.102017 0.145817 -0.090216
v -0.056637 -0.103300 -0.096929
v 0.079012 -0.061251 -0.048649
v 0.089454 -0.081488 -0.045969
v 0.085471 -0.092444 -0.056596
v 0.069431 -0.070063 -0.060850
v 0.077924 -0.083871 -0.059503
v 0.081008 -0.164094 -0.086334
v -0.049572 -0.093499 -0.096630
v 0.060714 -0.089454 -0.070595
v 0.052875 -0.079372 -0.078772
v 0.067938 -0.077727 -0.063399
v 0.051276 -0.066529 -0.081245
v -0.127043 -0.166684 -0.053002
v -0.139322 -0.169347 -0.044648
v 0.082376 -0.123887 -0.073994
v 0.063968 -0.233171 -0.112931
v 0.064504 -0.133589 -0.085629
v -0.133166 -0.150287 -0.042079
v 0.080461 -0.095718 -0.063267
v 0.042467 -0.050346 -0.090446
v -0.019679 0.003242 -0.096937
v 0.071880 -0.075460 -0.059831
v 0.030903 -0.062487 -0.096562
v 0.030580 -0.071768 -0.096226
v 0.085807 -0.169767 -0.088110
v 0.047448 -0.069194 -0.084562
v 0.144505 0.085187 -0.026726
v -0.147116 0.178930 -0.078656
v -0.145486 0.218515 -0.046396
v 0.075299 0.161668 -0.093884
v 0.145644 0.205347 -0.057315
v 0.032396 0.063912 -0.101861
v -0.147047 0.064525 0.007874
v -0.152727 0.080001 0.003288
v -0.155464 0.080206 -0.009012
v -0.118917 -0.058913 0.020451
v -0.159813 -0.178998 -0.020171
v -0.164914 -0.197841 -0.011759
v -0.152741 -0.226323 -0.050563
v -0.168250 -0.223042 -0.015687
v -0.173170 -0.267344 0.003189
v -0.176564 -0.266706 0.014446
v 0.153430 -0.151387 0.009514
v 0.068635 -0.267126 -0.109845
v 0.166250 -0.193221 0.005240
v 0.152982 -0.266988 -0.054344
v 0.184405 -0.234246 0.006683
v 0.172822 -0.212424 -0.002937
v -0.003555 0.201279 -0.086305
v 0.032350 0.199629 -0.087525
v 0.061436 0.203011 -0.083240
v 0.104840 0.010443 -0.042055
v -0.132441 0.040738 -0.007429
v -0.018752 -0.273443 -0.113509
v -0.124556 -0.076855 0.013648
v -0.104937 0.224927 -0.046754
v 0.063301 0.210732 -0.075174
v -0.102501 0.010510 -0.044729
v -0.119590 0.032613 -0.039144
v -0.149736 0.110844 -0.065343
v -0.115485 -0.046579 0.006849
v -0.036247 -0.242094 -0.118727
v -0.133921 -0.126115 -0.038182
v -0.108589 -0.176748 -0.083839
v -0.094585 -0.244143 -0.112503
v -0.153042 -0.186698 -0.032713
v -0.153495 -0.204105 -0.040342
v -0.016360 -0.168340 -0.112999
v 0.110542 -0.115322 -0.031759
v 0.068978 -0.183057 -0.087710
v 0.125567 -0.148361 -0.053959
v 0.164529 -0.203020 -0.011995
v 0.174252 -0.260369 -0.011670
v 0.136572 0.065574 -0.020640
v 0.058565 0.022070 -0.077655
v -0.137080 0.157841 -0.083036
v -0.118045 0.101491 -0.076526
v -0.114666 0.224415 -0.046441
v -0.081482 0.226396 -0.049330
v 0.054268 0.213191 -0.076334
v -0.121565 0.007069 -0.013828
v 0.104658 0.021574 -0.048960
v -0.038025 -0.252555 -0.114609
v -0.027746 -0.226713 -0.110316
v -0.134853 -0.119533 -0.033336
v -0.055253 -0.217299 -0.116406
v -0.115968 -0.240394 -0.089638
v -0.166241 -0.221546 -0.023737
v -0.024144 -0.171586 -0.114418
v 0.030705 -0.273735 -0.113604
v 0.149200 -0.151768 -0.004017
v 0.057508 -0.243035 -0.112609
v 0.157363 -0.189819 -0.015878
v 0.184868 -0.238431 0.000154
v 0.180902 -0.226622 -0.003899
v 0.156452 -0.230309 -0.054869
v -0.127565 0.024315 -0.009852
v -0.124832 0.136525 -0.083772
v -0.124953 -0.128574 -0.047455
v -0.094716 -0.144167 -0.065672
v -0.085797 -0.175933 -0.089286
v -0.085142 -0.245460 -0.116808
v -0.060515 -0.207979 -0.113240
v -0.168299 -0.214137 -0.008861
v 0.017725 -0.153780 -0.108171
v -0.030288 -0.181161 -0.116772
v 0.110830 -0.091924 -0.007602
v 0.055066 -0.252260 -0.110101
v 0.168568 -0.250496 -0.030643
v 0.167289 -0.231722 -0.036394
v 0.135763 0.059457 -0.011130
v -0.057567 0.092829 -0.097628
v -0.032630 0.180959 -0.093553
v -0.110284 0.096724 -0.078278
v -0.085832 0.215903 -0.064048
v -0.068555 0.099774 -0.093422
v 0.033766 0.167817 -0.095918
v -0.090970 -0.024406 -0.038255
v -0.047061 -0.184278 -0.100306
v -0.070826 -0.137746 -0.075434
v -0.055713 -0.167123 -0.092177
v -0.103209 -0.111892 -0.035152
v -0.013954 -0.176250 -0.113005
v -0.076759 -0.121525 -0.066038
v -0.093986 -0.255212 -0.111573
v -0.086106 -0.168749 -0.084071
v -0.076743 -0.217298 -0.117191
v -0.093531 -0.210487 -0.110520
v 0.102698 -0.032835 -0.023246
v 0.028700 -0.201293 -0.109532
v 0.029854 -0.184835 -0.112720
v 0.150204 -0.173169 -0.021704
v 0.124686 -0.174788 -0.071113
v 0.058262 0.004657 -0.076087
v 0.069067 -0.014116 -0.060142
v -0.045150 0.152015 -0.097505
v -0.038801 0.031989 -0.098068
v -0.043058 0.082798 -0.099638
v -0.047852 0.096262 -0.099729
v -0.059085 0.214083 -0.076037
v 0.054859 0.098890 -0.095659
v 0.072560 0.103850 -0.093472
v 0.041538 0.078477 -0.100677
v -0.119910 0.050756 -0.050152
v -0.109794 -0.002411 -0.027562
v -0.106793 -0.081018 -0.013621
v -0.098479 -0.123473 -0.047370
v 0.017288 -0.244332 -0.113503
v -0.090598 -0.132633 -0.058163
v 0.009759 -0.149848 -0.107083
v 0.014415 -0.145095 -0.106081
v 0.134685 -0.151554 -0.044569
v 0.125222 -0.123258 -0.031677
v 0.075068 -0.209527 -0.102735
v 0.116916 -0.161064 -0.072480
v 0.109536 -0.247515 -0.096616
v 0.118765 -0.250269 -0.087936
v -0.113773 0.147436 -0.087720
v -0.046304 0.064282 -0.099680
v -0.068523 0.013895 -0.073714
v -0.063411 0.028851 -0.084741
v -0.059533 0.021739 -0.090864
v -0.074105 0.088305 -0.089379
v -0.101768 0.192192 -0.080473
v -0.014159 -0.078090 -0.101200
v -0.051539 -0.014657 -0.093225
v -0.022504 -0.040878 -0.097709
v 0.002121 -0.238186 -0.118170
v 0.003506 -0.206319 -0.115348
v -0.099974 -0.239041 -0.110345
v 0.048693 -0.127580 -0.090871
v 0.068930 -0.214806 -0.106098
v 0.127130 -0.231472 -0.084715
v 0.039782 0.083939 -0.101024
v 0.055261 0.012655 -0.081538
v 0.095786 -0.018955 -0.037910
v 0.059258 0.087086 -0.092060
v -0.065642 -0.064573 -0.076624
v -0.011642 -0.060933 -0.100827
v -0.052768 -0.170479 -0.095427
v 0.004101 -0.266565 -0.109291
v 0.128157 -0.218968 -0.079345
v 0.040131 0.060228 -0.100712
v 0.036122 0.041235 -0.101094
v -0.079929 -0.044363 -0.056226
v -0.006791 -0.242528 -0.116378
v -0.019621 -0.239494 -0.115488
v 0.016541 -0.004992 -0.102780
v 0.113258 0.015418 -0.035760
v 0.115714 0.093355 -0.074122
v -0.046592 0.201419 -0.087062
v 0.091382 0.177298 -0.087880
v 0.128449 0.216420 -0.050179
v -0.080921 0.002717 -0.057170
v -0.115022 -0.068376 0.009710
v -0.103452 -0.064678 -0.015882
v -0.121742 -0.140550 -0.055511
v -0.103888 -0.236887 -0.107515
v -0.146557 -0.164166 -0.036342
v -0.161517 -0.184614 -0.017080
v 0.139055 -0.120799 0.001774
v 0.061252 -0.254338 -0.109631
v 0.152014 -0.254879 -0.058446
v 0.134992 -0.252433 -0.072433
v 0.169997 -0.237125 -0.033991
v 0.170251 -0.258600 -0.021509
v 0.178064 -0.258445 0.000463
v -0.127361 0.185463 -0.078718
v 0.073829 0.216310 -0.063795
v 0.117943 -0.002469 -0.014488
v -0.120800 -0.022136 0.009002
v -0.134581 -0.137369 -0.039253
v -0.049173 -0.157675 -0.108077
v -0.064695 -0.245962 -0.121055
v -0.114137 -0.255205 -0.082376
v -0.158626 -0.231390 -0.042796
v -0.171298 -0.259388 -0.010677
v -0.052936 -0.066256 -0.088013
v 0.094925 -0.250077 -0.101373
v 0.162989 -0.196686 -0.009511
v 0.122262 0.055478 -0.049843
v -0.093945 0.228662 -0.040953
v -0.120871 0.211661 -0.059523
v 0.081958 0.201262 -0.077909
v 0.093694 0.190724 -0.081844
v -0.132346 0.031825 0.009924
v -0.048189 -0.195701 -0.103141
v -0.114630 -0.074132 0.004708
v -0.114708 -0.161221 -0.068520
v -0.116779 -0.112458 -0.031814
v -0.163646 -0.215390 -0.028251
v 0.069355 -0.121428 -0.077293
v 0.103118 -0.172306 -0.087303
v 0.133301 0.051863 -0.020229
v 0.057892 0.056992 -0.085383
v -0.121025 0.088519 -0.068965
v -0.131056 0.025773 0.004739
v -0.081494 -0.126383 -0.061382
v -0.066577 -0.144624 -0.081048
v -0.088966 -0.149502 -0.070275
v 0.093232 -0.141632 -0.070094
v 0.118910 -0.207779 -0.088308
v 0.045624 -0.222170 -0.111294
v 0.145982 -0.202677 -0.041576
v 0.129420 0.030811 -0.009599
v -0.072164 0.206364 -0.079531
v -0.150341 0.090686 -0.047063
v -0.067743 -0.139637 -0.080431
v -0.032202 -0.266216 -0.113337
v 0.014083 -0.222319 -0.108246
v 0.141579 -0.147536 -0.017823
v 0.071946 -0.253961 -0.107558
v 0.047669 -0.203176 -0.100526
v -0.054979 -0.033705 -0.089195
v -0.051851 -0.189616 -0.100962
v -0.105036 -0.208673 -0.099480
v 0.036427 -0.204590 -0.104358
v -0.064370 0.163209 -0.095717
v -0.100348 -0.018769 -0.032041
v -0.039722 -0.012533 -0.096392
v 0.031181 -0.239397 -0.112780
v 0.048535 0.073597 -0.096567
v -0.060244 0.063638 -0.092215
v -0.055422 0.053973 -0.096606
v -0.062562 0.023487 -0.086474
v -0.013009 -0.096105 -0.103258
v -0.047090 -0.168822 -0.109055
v 0.118737 -0.013047 -0.003634
v 0.117085 -0.008187 -0.011405
v -0.108205 -0.244902 -0.102021
v 0.128742 -0.248498 -0.079190
v 0.105177 -0.064501 -0.012275
v 0.004286 -0.243566 -0.116483
v 0.004250 -0.223484 -0.114007
v 0.013766 -0.038005 -0.102782
v 0.139341 0.073144 -0.025278
v 0.142285 0.112017 -0.068683
v 0.138090 0.121815 -0.075562
v 0.120045 0.063608 -0.056659
v -0.140637 0.054229 0.008749
v 0.088640 -0.121998 -0.062065
v -0.137263 -0.237664 -0.063805
v 0.094330 0.204756 -0.070180
v 0.101199 -0.087197 -0.024462
v 0.022426 0.013831 -0.102377
v -0.115676 -0.167682 -0.068129
v -0.126379 -0.238116 -0.075698
v 0.080294 -0.142302 -0.078780
v 0.091703 -0.083100 -0.042024
v -0.088190 0.037808 -0.066683
v 0.088541 -0.139591 -0.071164
v 0.054997 -0.231765 -0.114536
v 0.116942 0.104313 -0.078031
v -0.058758 -0.024734 -0.087313
v 0.089882 -0.057627 -0.033873
v -0.040816 -0.073734 -0.094713
v -0.113233 -0.047550 -0.000058
v -0.070963 -0.115754 -0.089383
v -0.048052 -0.109614 -0.102560
v 0.096367 -0.174345 -0.089201
v -0.098396 0.011051 -0.049123
v 0.067869 -0.113232 -0.074943
v 0.074243 0.094171 -0.090931
v -0.094482 -0.068369 -0.037854
v 0.071631 -0.045826 -0.057637
v 0.141249 0.085768 -0.040396
v 0.123603 0.118512 -0.079854
v 0.047553 -0.250605 -0.109535
v -0.136881 -0.206064 -0.062996
v 0.037576 -0.020537 -0.096386
v 0.038297 -0.108898 -0.091497
v 0.075167 -0.186188 -0.088938
v -0.066320 -0.238807 -0.121695
v 0.181579 -0.236817 -0.011497
v -0.059002 -0.251058 -0.120005
v 0.056914 0.047379 -0.084003
v 0.024240 -0.057386 -0.099760
v -0.065758 0.037151 -0.080763
v -0.077026 -0.061522 -0.061622
v -0.059898 -0.128617 -0.102737
v -0.111066 -0.233106 -0.100976
v 0.121317 0.142081 -0.085489
v 0.081467 0.176462 -0.090178
v -0.017635 -0.032268 -0.098157
v -0.057397 -0.077622 -0.087038
v -0.128431 -0.206280 -0.074165
v 0.059605 -0.084363 -0.071421
v 0.048295 -0.037300 -0.087321
v 0.031352 -0.264932 -0.109864
v 0.143724 0.075481 -0.009920
v 0.140976 0.062299 0.001349
v 0.134272 0.046510 0.007472
v 0.144351 0.076517 -0.004855
v 0.146416 0.104219 -0.058452
v 0.137881 0.143699 -0.081719
v 0.137676 0.220859 -0.044466
v 0.144756 0.226742 -0.035490
v -0.131410 0.085852 -0.061069
v -0.153821 0.099177 -0.052154
v 0.114218 -0.068858 0.010930
v -0.081615 -0.009003 -0.052573
v -0.007851 -0.238082 -0.113548
v -0.037023 -0.271891 -0.115035
v -0.081804 -0.265806 -0.115189
v -0.128866 -0.262883 -0.063094
v -0.159260 -0.262165 -0.041506
v 0.060010 -0.157833 -0.097991
v 0.171232 -0.205286 0.007874
v 0.174530 -0.231983 -0.024558
v 0.136188 0.081302 -0.047258
v -0.120117 0.165664 -0.085167
v 0.145815 0.176963 -0.079456
v -0.155087 0.086416 0.002426
v -0.046952 -0.233689 -0.119153
v -0.111392 -0.264645 -0.084127
v 0.108674 -0.258755 -0.092793
v 0.141040 -0.212012 -0.057589
v 0.177450 -0.233601 -0.018208
v 0.180602 -0.248925 -0.005659
v 0.103241 0.083355 -0.076394
v 0.100079 0.225575 -0.050156
v 0.110169 0.216958 -0.054632
v 0.103698 0.038295 -0.058218
v -0.151012 0.076407 -0.024029
v -0.137991 0.062026 -0.032217
v -0.048700 -0.202108 -0.106492
v -0.032797 -0.220070 -0.109571
v -0.037469 -0.210012 -0.107235
v -0.126704 -0.162032 -0.051273
v -0.162556 -0.247595 -0.036765
v -0.170149 -0.223691 -0.005688
v 0.035501 -0.190621 -0.105710
v -0.016796 -0.215807 -0.115884
v 0.114930 -0.146728 -0.057620
v 0.183697 -0.247151 0.007194
v 0.152202 -0.210014 -0.038696
v 0.091732 -0.099126 -0.042157
v -0.078918 0.031885 -0.068671
v -0.114660 0.178245 -0.083440
v -0.138143 0.142620 -0.081345
v -0.138785 0.207004 -0.060859
v 0.031413 0.187390 -0.091881
v -0.130174 0.051581 -0.035422
v 0.115500 -0.045212 0.006208
v -0.034143 -0.200456 -0.107259
v -0.107911 -0.068263 -0.006797
v -0.081174 -0.136955 -0.066569
v -0.022523 -0.198825 -0.118292
v -0.036896 -0.236725 -0.118173
v -0.137001 -0.102155 -0.010833
v -0.111533 -0.133390 -0.055689
v -0.115390 -0.178481 -0.073106
v -0.070403 -0.153138 -0.079732
v -0.111569 -0.241058 -0.098563
v -0.110580 -0.253190 -0.090547
v -0.129563 -0.228961 -0.076142
v -0.123620 -0.247878 -0.073241
v -0.163721 -0.201497 -0.019287
v -0.166617 -0.206767 -0.012127
v 0.076968 -0.164491 -0.086008
v -0.039296 -0.189574 -0.107017
v 0.135131 -0.126588 -0.021199
v 0.126025 -0.104845 -0.002112
v 0.106746 -0.053958 -0.010946
v 0.133192 -0.134230 -0.035569
v 0.034416 -0.175111 -0.112856
v 0.148894 -0.199164 -0.035361
v 0.121069 -0.201560 -0.081795
v -0.057463 0.111223 -0.097858
v -0.059036 -0.004112 -0.089426
v -0.058895 0.188674 -0.091592
v -0.126171 0.158151 -0.085008
v 0.115048 0.226336 -0.043999
v 0.067503 -0.099458 -0.069683
v 0.091991 0.007620 -0.053193
v -0.119763 -0.086017 -0.000911
v -0.022524 -0.216343 -0.110490
v -0.071947 -0.261676 -0.117959
v -0.099247 -0.203677 -0.103819
v -0.054593 -0.210842 -0.113607
v -0.116648 -0.224907 -0.093977
v -0.139939 -0.247600 -0.057960
v 0.009236 -0.176896 -0.110187
v -0.031980 -0.120811 -0.107297
v 0.123770 -0.169526 -0.071903
v 0.001341 -0.182785 -0.110043
v 0.021547 -0.218548 -0.107668
v 0.124880 -0.131113 -0.039833
v 0.134452 -0.172660 -0.051090
v 0.087128 -0.225854 -0.107484
v 0.043479 -0.215425 -0.107754
v 0.098535 -0.156845 -0.082910
v 0.106890 -0.186852 -0.084728
v 0.134863 -0.198810 -0.053718
v 0.081544 -0.248229 -0.106768
v 0.135251 0.054967 -0.003773
v -0.058275 0.048325 -0.093806
v -0.060658 0.073274 -0.092704
v -0.141292 0.078047 -0.046960
v -0.112955 0.056766 -0.058991
v -0.103770 -0.019044 -0.027663
v -0.014393 -0.146630 -0.109446
v -0.038196 -0.199897 -0.104398
v -0.037079 -0.186357 -0.113911
v 0.005220 -0.193975 -0.111356
v -0.101114 -0.220493 -0.107178
v -0.106693 -0.257446 -0.099681
v -0.088999 -0.242219 -0.114844
v 0.113270 -0.120627 -0.034473
v -0.002813 -0.202020 -0.115254
v 0.126226 -0.200311 -0.070169
v 0.161932 -0.248109 -0.047900
v 0.048952 0.048786 -0.093805
v -0.072486 0.022339 -0.069922
v 0.056212 0.105139 -0.096185
v -0.069410 0.020449 -0.072889
v 0.047904 0.110258 -0.098415
v 0.043532 0.088556 -0.100209
v 0.025275 0.031921 -0.102210
v -0.060890 -0.148940 -0.091165
v -0.011873 -0.263793 -0.108385
v -0.094759 -0.099848 -0.035276
v 0.090501 -0.154396 -0.084203
v 0.128874 -0.159337 -0.060348
v 0.130469 -0.153935 -0.054156
v 0.130926 -0.258864 -0.074839
v 0.100451 -0.072727 -0.021788
v -0.067379 0.052693 -0.081663
v -0.076005 0.052514 -0.076776
v 0.045989 0.118756 -0.098110
v -0.016592 -0.235222 -0.111752
v 0.001906 0.128664 -0.097611
v 0.035779 0.027205 -0.100590
v 0.009929 -0.096840 -0.103443
v -0.064046 0.217420 -0.070599
v -0.158444 0.097943 -0.043016
v -0.003260 -0.227305 -0.118441
v -0.132330 -0.174378 -0.052546
v -0.121789 -0.259251 -0.069677
v -0.161324 -0.257378 -0.039103
v 0.038536 -0.169428 -0.112366
v 0.097211 -0.200976 -0.094081
v 0.116877 -0.224965 -0.096372
v 0.148738 -0.259355 -0.061302
v 0.061579 0.194198 -0.088535
v -0.118002 -0.034423 0.008442
v -0.143745 0.089279 -0.052641
v -0.119221 -0.006789 -0.006673
v -0.042034 -0.159168 -0.111001
v 0.118498 -0.088949 0.006016
v 0.094316 -0.243959 -0.103024
v 0.098802 -0.254890 -0.098721
v 0.138793 -0.158268 -0.035642
v -0.139626 0.061946 -0.021218
v -0.132046 0.033348 0.001369
v -0.146574 0.063115 -0.003465
v -0.022316 -0.233017 -0.111513
v -0.132712 -0.114196 -0.030859
v -0.121798 -0.152248 -0.056391
v -0.070417 -0.194162 -0.104442
v -0.111228 -0.257565 -0.086131
v -0.150045 -0.215497 -0.050754
v -0.146777 -0.179196 -0.040214
v 0.042297 -0.182461 -0.102868
v 0.091196 -0.090595 -0.040334
v 0.115257 -0.083366 0.005254
v -0.027266 -0.205115 -0.113996
v 0.153991 -0.185160 -0.019921
v 0.181101 -0.252224 0.001196
v 0.122302 -0.002976 -0.002403
v 0.099566 -0.083110 -0.025477
v -0.129377 0.046888 -0.030746
v -0.099523 -0.041393 -0.024546
v -0.011023 -0.216877 -0.118028
v -0.093947 -0.198313 -0.104398
v -0.165479 -0.238261 -0.029755
v 0.081389 -0.152858 -0.082579
v 0.104821 -0.045533 -0.015912
v 0.120090 -0.112098 -0.020316
v 0.138025 -0.134807 -0.021554
v 0.140000 -0.133396 -0.012474
v 0.005220 -0.167357 -0.108023
v 0.025463 -0.261529 -0.107553
v -0.012071 -0.187959 -0.112209
v 0.081014 -0.132567 -0.077307
v 0.150884 -0.191284 -0.028916
v 0.074634 -0.260089 -0.106807
v 0.113169 -0.228600 -0.099331
v 0.155848 -0.214816 -0.037797
v 0.134581 0.054389 -0.009624
v 0.103774 -0.007589 -0.033061
v -0.151722 0.083483 -0.035877
v -0.070054 0.002168 -0.070492
v -0.107727 -0.026453 -0.018429
v -0.119443 0.025255 -0.034235
v -0.035068 -0.178094 -0.115855
v -0.066790 -0.137407 -0.085783
v -0.101098 -0.072199 -0.018396
v -0.020115 -0.252121 -0.112519
v -0.097696 -0.073725 -0.029239
v -0.015742 -0.222423 -0.111710
v -0.083069 -0.162211 -0.080524
v -0.066667 -0.211538 -0.115505
v -0.099875 -0.257593 -0.108711
v 0.113713 -0.101286 -0.014369
v 0.015715 -0.187823 -0.112785
v 0.083588 -0.259407 -0.104528
v 0.114967 -0.173317 -0.080766
v -0.067200 0.059573 -0.083362
v -0.074464 0.202133 -0.081944
v -0.091792 -0.036609 -0.035244
v -0.044556 -0.041404 -0.094005
v 0.101898 -0.042888 -0.021130
v -0.073439 0.006720 -0.065278
v -0.080922 -0.109246 -0.060999
v -0.081270 -0.103185 -0.066392
v 0.006427 -0.182487 -0.110092
v -0.143876 -0.126108 -0.023359
v -0.091183 -0.229560 -0.114475
v -0.084873 -0.234642 -0.117476
v 0.127926 -0.176299 -0.065271
v -0.000308 -0.165215 -0.109144
v 0.039764 -0.209630 -0.105128
v 0.110908 -0.215315 -0.098929
v 0.053295 -0.186290 -0.093638
v 0.074802 0.081442 -0.087145
v 0.052721 0.002787 -0.085752
v 0.074475 -0.006698 -0.057595
v 0.059989 0.132878 -0.097293
v 0.058036 0.160910 -0.096846
v 0.056873 0.142423 -0.097564
v 0.048709 -0.081596 -0.082691
v -0.054435 -0.145246 -0.105434
v -0.098248 -0.075481 -0.024003
v -0.067972 -0.124780 -0.094585
v 0.043790 -0.170038 -0.108348
v 0.046342 -0.232649 -0.114813
v 0.117190 -0.168798 -0.078253
v 0.012067 -0.226559 -0.109092
v 0.024628 -0.144842 -0.105152
v 0.027427 -0.159749 -0.111722
v 0.031978 -0.162556 -0.112840
v 0.030713 -0.132928 -0.098840
v 0.150683 -0.242690 -0.062056
v 0.044251 0.048449 -0.098216
v 0.048747 0.178185 -0.094913
v 0.132906 0.101359 -0.068264
v 0.145201 0.097641 -0.050946
v 0.088375 0.122436 -0.092457
v -0.158685 -0.196461 -0.027439
v -0.158057 -0.202349 -0.032388
v 0.044184 -0.239081 -0.113377
v 0.114216 -0.198768 -0.087395
v 0.085172 0.079351 -0.082976
v 0.042140 -0.111109 -0.089367
v 0.088330 -0.100319 -0.051727
v 0.104399 -0.080116 -0.016927
v 0.003376 -0.155713 -0.108093
v 0.130629 0.090146 -0.061857
v -0.105319 0.017831 -0.046096
v 0.109727 0.059414 -0.062308
v -0.120214 -0.116382 -0.036895
v -0.078976 -0.243893 -0.119244
v 0.111779 -0.192151 -0.083752
v -0.018781 -0.009141 -0.097266
v -0.026751 -0.194905 -0.117972
v -0.057480 -0.186962 -0.100308
v -0.121673 -0.221515 -0.088212
v 0.022481 -0.091639 -0.099804
v -0.000328 -0.097400 -0.104174
v 0.104791 -0.106740 -0.031435
v 0.014841 -0.194209 -0.113797
v 0.011369 -0.171496 -0.109399
v 0.082042 -0.146162 -0.078764
v 0.108936 0.141690 -0.088523
v 0.078956 -0.076742 -0.055174
v -0.127918 -0.251431 -0.066519
v 0.019524 -0.233512 -0.108529
v -0.119416 -0.214008 -0.087743
v 0.092841 -0.120721 -0.055021
v 0.056732 0.076332 -0.090342
v -0.006173 0.093305 -0.097978
v 0.014482 -0.063536 -0.102079
v 0.035518 -0.254219 -0.107017
v -0.091738 -0.090828 -0.035847
v 0.034155 -0.226431 -0.110883
v 0.082344 -0.026054 -0.044835
v -0.038004 -0.090897 -0.099200
v 0.162383 -0.240865 -0.049063
v -0.053429 0.012552 -0.094818
v -0.090444 -0.066983 -0.043350
v 0.009475 -0.046692 -0.102988
v 0.015550 -0.108187 -0.102832
v 0.139936 0.149792 -0.081936
v -0.082908 -0.083685 -0.059601
v -0.099086 -0.064376 -0.029650
v -0.117269 -0.150422 -0.062509
v -0.113173 -0.153994 -0.068221
v 0.043047 -0.128289 -0.093208
v -0.066243 -0.097519 -0.087420
v 0.124100 0.083023 -0.064274
v 0.071190 -0.137392 -0.083201
v 0.076952 -0.137796 -0.080855
v 0.111309 -0.182542 -0.081200
v 0.042237 -0.081912 -0.088232
v 0.069123 -0.171497 -0.086140
v 0.074659 -0.108112 -0.070144
v 0.073890 -0.070346 -0.056586
v 0.049749 -0.091246 -0.081527
v 0.097809 -0.122450 -0.049308
v 0.064156 -0.084153 -0.067224
v 0.069267 -0.081109 -0.063247
v -0.124855 0.222109 -0.046925
v -0.073826 -0.236527 -0.120841
v 0.140133 0.095842 -0.056321
v -0.111703 -0.189028 -0.083448
v -0.043630 -0.262462 -0.115957
v 0.062681 0.034529 -0.077012
v -0.103999 -0.055041 -0.020653
v 0.113883 -0.073204 0.009549
v 0.073836 -0.233595 -0.111305
v -0.117883 -0.096266 -0.013040
v -0.098869 0.101825 -0.085073
v -0.094924 -0.077793 -0.036120
v -0.112258 -0.227625 -0.099348
v -0.045256 -0.115044 -0.104773
v -0.055573 -0.160903 -0.093331
v 0.124586 -0.238001 -0.086629
v -0.049280 -0.169727 -0.102443
v 0.017201 -0.018636 -0.102684
v 0.058693 -0.153241 -0.098774
v 0.044444 -0.151676 -0.105243
v 0.142621 -0.127024 0.002816
v -0.136109 0.177097 -0.081062
v 0.089358 -0.090778 -0.046609
v -0.049206 -0.151440 -0.106837
v -0.055356 0.019488 -0.094242
v 0.037930 -0.042088 -0.094260
v -0.057123 -0.135526 -0.104772
v -0.024795 -0.007345 -0.096716
v 0.119191 0.011009 -0.023493
v 0.076511 -0.148833 -0.084385
v 0.019600 -0.053987 -0.101333
v 0.052273 -0.098152 -0.080111
v -0.048203 0.192138 -0.091025
v 0.108112 0.228083 -0.043364
v -0.119999 0.011606 -0.021655
v -0.042577 -0.186760 -0.103831
v 0.142263 0.069623 -0.007391
v -0.156447 0.083329 -0.014753
v 0.156750 -0.248838 -0.055236
v 0.152777 -0.260325 -0.056242
v -0.051855 -0.159771 -0.105464
v 0.086410 -0.252416 -0.104621
v -0.080671 -0.142051 -0.069551
v -0.117545 -0.171552 -0.065820
v 0.087393 -0.088039 -0.051477
v 0.080060 -0.177880 -0.087260
v 0.124835 0.147686 -0.085206
v 0.141947 0.090333 -0.046410
v -0.125659 0.229066 -0.035523
v -0.139761 0.221893 -0.044122
v -0.085692 0.228433 -0.044951
v 0.090920 0.233325 -0.041048
v 0.123898 0.228710 -0.036895
v 0.136828 0.226779 -0.037016
v 0.144596 0.220396 -0.043232
v -0.153837 0.077036 -0.004273
v -0.119421 -0.065612 0.018521
v -0.144181 -0.110340 -0.003333
v 0.177089 -0.216219 0.009622
v 0.183363 -0.229040 0.003115
v 0.173800 -0.237661 -0.028228
v 0.159791 -0.262630 -0.042735
v 0.171614 -0.270764 -0.012352
v -0.043550 0.213784 -0.079895
v -0.041327 0.187868 -0.092388
v 0.099852 0.234038 -0.036915
v -0.131390 0.039871 -0.013897
v -0.016859 -0.266989 -0.110487
v -0.139024 -0.140413 -0.034374
v -0.103013 -0.264079 -0.104658
v -0.050150 -0.238257 -0.121164
v -0.167321 -0.265548 -0.023454
v 0.168520 -0.200942 0.002391
v 0.158070 -0.267689 -0.045059
v -0.123622 0.128874 -0.082723
v 0.095731 0.230844 -0.045587
v -0.135767 0.055097 -0.022661
v -0.142299 0.054741 0.014996
v -0.031402 -0.238757 -0.117470
v -0.033308 -0.214499 -0.108064
v -0.104008 -0.170281 -0.084191
v -0.168491 -0.258485 -0.020904
v 0.104056 -0.098525 -0.025700
v 0.113542 -0.129473 -0.041269
v 0.062440 -0.179846 -0.088855
v -0.141177 0.175783 -0.080804
v -0.089783 0.170828 -0.089540
v -0.112144 0.216297 -0.057059
v 0.117653 0.175006 -0.083863
v -0.109533 -0.050808 -0.009846
v 0.111927 -0.063457 0.003779
v -0.020730 -0.204020 -0.118300
v -0.091685 -0.217924 -0.113595
v -0.162956 -0.195389 -0.017251
v 0.141824 -0.139122 -0.010957
v -0.008505 -0.194552 -0.113466
v -0.031686 -0.192145 -0.116223
v 0.103893 -0.219482 -0.102955
v 0.101818 0.102538 -0.084102
v 0.067931 0.013553 -0.068125
v 0.094125 -0.005331 -0.045857
v -0.066857 0.110523 -0.095245
v -0.119482 0.191894 -0.076659
v -0.143724 0.057717 0.008903
v -0.132635 0.049042 -0.023923
v -0.082840 -0.097791 -0.063356
v -0.054762 -0.229932 -0.119576
v -0.053736 -0.134819 -0.106185
v -0.033127 -0.194883 -0.113557
v 0.009575 -0.196313 -0.113236
v 0.132331 -0.144005 -0.044558
v 0.087864 -0.231270 -0.107988
v 0.085494 -0.243072 -0.107214
v 0.103598 -0.160229 -0.081271
v 0.104609 -0.181079 -0.085419
v 0.114505 0.036746 -0.048570
v 0.061737 0.013273 -0.072659
v 0.055180 0.035816 -0.083743
v -0.051358 0.110331 -0.098828
v -0.010660 0.170748 -0.094851
v -0.056932 0.042139 -0.094789
v 0.089452 -0.008370 -0.048182
v -0.023546 -0.262915 -0.110248
v -0.068915 -0.131765 -0.086484
v -0.003098 -0.175150 -0.111307
v -0.076713 -0.126358 -0.065937
v -0.090340 -0.154262 -0.073270
v -0.102674 -0.163898 -0.080374
v 0.014950 -0.204300 -0.114527
v 0.023259 -0.201010 -0.113152
v -0.057921 0.152655 -0.097294
v -0.081533 -0.016916 -0.050772
v 0.022473 -0.246272 -0.111336
v -0.092624 -0.120815 -0.049361
v 0.020999 -0.241171 -0.112168
v 0.009268 -0.143059 -0.106526
v 0.136971 -0.151718 -0.036619
v 0.114783 -0.240485 -0.095700
v 0.160824 -0.253276 -0.046645
v 0.051474 0.093321 -0.096402
v 0.043938 0.017413 -0.096142
v 0.077476 -0.019094 -0.051199
v -0.096418 0.137758 -0.091201
v -0.052900 0.075538 -0.099163
v -0.060385 0.027483 -0.090122
v -0.036545 -0.032692 -0.096188
v -0.085220 -0.109267 -0.050006
v -0.078516 -0.116831 -0.063264
v 0.130973 -0.169591 -0.060354
v -0.114522 0.079475 -0.068175
v -0.001247 -0.248709 -0.114025
v 0.138043 -0.223496 -0.072003
v 0.045085 0.066925 -0.098801
v 0.041616 0.042606 -0.099251
v 0.027845 -0.007156 -0.100986
v 0.004441 -0.101202 -0.104329
v 0.047598 0.170989 -0.096108
v -0.091285 0.226519 -0.046692
v 0.125787 0.171285 -0.083531
v 0.135195 0.213603 -0.051438
v -0.143851 -0.132987 -0.026655
v -0.102331 -0.139886 -0.062212
v -0.135242 -0.178540 -0.052013
v -0.173374 -0.246651 0.001759
v 0.099622 -0.195074 -0.089522
v 0.142652 -0.218899 -0.063173
v -0.137257 0.165295 -0.082683
v -0.053440 -0.246792 -0.120475
v -0.173178 -0.261631 -0.001637
v 0.117355 -0.093053 -0.001218
v 0.134119 -0.154877 -0.047988
v 0.131161 0.050683 -0.027933
v 0.078676 0.221294 -0.057297
v -0.116468 0.040845 -0.048970
v -0.158552 0.093404 -0.029151
v -0.150600 0.071832 0.002661
v -0.123668 -0.080029 0.008016
v -0.039643 -0.234366 -0.117678
v -0.052892 -0.223584 -0.117730
v -0.109260 -0.099709 -0.021229
v 0.033008 -0.181202 -0.111742
v 0.102675 -0.154367 -0.076851
v 0.027049 -0.219649 -0.107689
v 0.092547 -0.192347 -0.090420
v -0.125710 0.055939 -0.046621
v -0.028555 -0.206943 -0.110543
v -0.133574 -0.093542 -0.001528
v -0.133849 -0.097345 -0.008463
v -0.103850 -0.148987 -0.069109
v -0.136418 -0.228857 -0.068029
v 0.081220 -0.158775 -0.085380
v 0.118071 -0.214318 -0.092437
v 0.158417 -0.227732 -0.049809
v 0.178846 -0.228530 -0.012556
v -0.062253 0.079854 -0.091928
v -0.125143 -0.137748 -0.051441
v 0.068861 -0.219814 -0.108774
v -0.072948 0.036188 -0.073222
v -0.089695 -0.017338 -0.042331
v -0.074481 0.012952 -0.065560
v -0.115335 -0.107874 -0.026596
v -0.098490 -0.112891 -0.039567
v -0.092453 -0.225237 -0.113978
v 0.055251 -0.176580 -0.093232
v 0.123264 -0.188127 -0.072845
v -0.046001 0.012280 -0.096989
v -0.076253 0.021168 -0.066581
v -0.123517 0.049508 -0.044578
v -0.063073 -0.112584 -0.096541
v -0.070025 -0.126070 -0.089861
v -0.095209 -0.188739 -0.098512
v -0.054420 0.061276 -0.097637
v -0.063715 -0.034345 -0.081063
v -0.062007 -0.086617 -0.086514
v -0.018548 -0.101787 -0.103841
v -0.053719 -0.176902 -0.095846
v 0.008059 -0.228631 -0.111963
v 0.066778 -0.003962 -0.064342
v -0.001435 -0.254349 -0.108738
v 0.111277 -0.043609 -0.005400
v -0.149945 -0.151416 -0.027337
v -0.155756 -0.154038 -0.020687
v 0.030260 -0.156699 -0.110647
v 0.048162 0.201283 -0.086780
v 0.037769 -0.137291 -0.098613
v -0.143589 -0.138840 -0.029229
v 0.121471 0.072373 -0.060539
v 0.093591 0.186708 -0.084169
v -0.067990 -0.187642 -0.100928
v -0.137726 -0.217966 -0.066495
v 0.077030 -0.154216 -0.084830
v 0.104718 -0.168509 -0.085331
v 0.061459 -0.165663 -0.092369
v 0.071102 -0.158299 -0.088470
v 0.041229 -0.227681 -0.113062
v 0.097437 -0.074714 -0.028419
v 0.031310 -0.094920 -0.095547
v 0.023117 -0.255368 -0.105491
v 0.010187 -0.235664 -0.112607
v 0.007156 -0.238535 -0.116659
v 0.029253 -0.172817 -0.114145
v 0.162065 -0.233631 -0.047319
v 0.053915 0.086740 -0.093911
v 0.144284 0.087203 -0.032803
v -0.112383 -0.147529 -0.065583
v 0.022369 -0.111766 -0.100668
v -0.047780 -0.056515 -0.091237
v 0.024915 -0.176929 -0.113336
v 0.093934 -0.076342 -0.036674
v 0.095580 -0.056205 -0.026201
v 0.054616 -0.092511 -0.076965
v 0.083379 -0.117580 -0.068595
v 0.067716 -0.187902 -0.090321
v -0.130445 0.223746 -0.043639
v 0.141549 0.100834 -0.060488
v -0.117651 -0.068025 0.014564
v 0.107018 -0.098864 -0.018775
v 0.101846 -0.260000 -0.096895
v -0.137181 -0.153988 -0.039585
v -0.157073 -0.218219 -0.042591
v -0.159643 -0.214891 -0.036473
v 0.038410 -0.194493 -0.102346
v 0.026364 -0.066452 -0.098447
v 0.167514 -0.204412 -0.006078
v -0.109023 -0.055476 -0.006947
v -0.051367 0.000618 -0.094606
v 0.064257 -0.094960 -0.069632
v 0.115670 -0.096951 -0.008115
v 0.092643 -0.180601 -0.088838
v 0.145408 -0.229787 -0.067948
v 0.116737 0.028418 -0.040450
v -0.085030 -0.153423 -0.074080
v -0.060498 -0.169338 -0.090563
v 0.049328 -0.009842 -0.089225
v 0.085732 -0.151425 -0.081420
v 0.052682 -0.121733 -0.086219
v 0.107226 -0.196670 -0.088880
v 0.168025 -0.225289 -0.031342
v 0.123659 0.078486 -0.061712
v 0.116266 0.072292 -0.064041
v -0.122506 -0.105788 -0.024100
v 0.065062 -0.125615 -0.081054
v 0.137214 -0.166413 -0.043483
v -0.051883 -0.153952 -0.105505
v 0.089711 0.161973 -0.091029
v -0.047166 -0.063806 -0.091255
v 0.027667 -0.244906 -0.110558
v 0.100057 -0.188463 -0.088096
v 0.092852 -0.086760 -0.036225
v 0.007056 -0.074712 -0.102970
v 0.087118 -0.064279 -0.039799
v 0.088520 -0.129551 -0.066138
v -0.038124 -0.062618 -0.094956
v 0.031204 -0.036545 -0.098210
v 0.039274 -0.068364 -0.091069
v 0.056033 -0.103178 -0.078543
v -0.132081 -0.155056 -0.044177
v -0.175150 -0.261479 0.007392
v -0.109556 -0.170694 -0.080111
v 0.114815 -0.114076 -0.026104
v 0.061021 -0.184954 -0.090462
v -0.133616 0.058305 -0.037044
v -0.117881 -0.233195 -0.091008
v 0.059416 -0.248375 -0.110740
v 0.151866 -0.228867 -0.060176
v -0.060582 -0.202224 -0.109438
v 0.053313 -0.257150 -0.109725
v -0.059388 -0.163255 -0.088827
v -0.051461 -0.166990 -0.098703
v 0.045639 0.077626 -0.098886
v 0.016782 -0.249555 -0.111070
v -0.093050 -0.126609 -0.052373
v 0.158049 -0.163908 0.011950
v 0.062210 -0.261281 -0.109376
v 0.170028 -0.243206 -0.032210
v 0.175061 -0.263542 -0.005871
v -0.098400 0.226855 -0.044906
v 0.101422 -0.176081 -0.088009
v 0.031368 -0.215031 -0.107548
v -0.057956 0.060671 -0.094786
v 0.105105 -0.059929 -0.013506
v 0.005075 -0.217777 -0.115205
v 0.088998 -0.144643 -0.075173
v -0.142948 -0.202487 -0.052874
v -0.060736 -0.233959 -0.121269
v -0.136770 0.087989 -0.058087
v 0.054118 -0.156575 -0.103190
v -0.027517 -0.216924 -0.108473
v -0.048660 -0.207994 -0.110280
v 0.015190 -0.175981 -0.111166
v -0.090259 -0.096434 -0.038967
v 0.089922 -0.149741 -0.079937
v -0.046053 -0.161030 -0.110214
v -0.017810 -0.228493 -0.109936
v -0.162925 -0.231870 -0.035134
v 0.107915 -0.210202 -0.097587
v 0.032287 -0.126780 -0.096538
v 0.023394 -0.237561 -0.111216
v 0.165778 -0.242001 -0.043421
v 0.061343 -0.147536 -0.094802
v 0.043016 0.073443 -0.100070
v -0.031797 -0.206933 -0.107503
v -0.119809 0.228400 -0.037601
v -0.158315 0.091637 -0.021756
v -0.155281 0.082734 -0.004018
v -0.154320 -0.130822 -0.011140
v -0.103516 -0.198336 -0.097906
v -0.159501 -0.266518 -0.040551
v 0.099666 -0.266335 -0.098724
v 0.164495 -0.183746 0.011992
v 0.164462 -0.268860 -0.029521
v -0.131596 0.227689 -0.035075
v -0.067466 0.066175 -0.084837
v -0.164779 -0.185196 -0.007750
v 0.131901 -0.126244 -0.028096
v -0.069163 0.223004 -0.060315
v 0.105039 0.226335 -0.047613
v -0.154747 0.081143 -0.022128
v -0.030309 -0.243507 -0.117499
v -0.097625 -0.118522 -0.044043
v -0.153884 -0.191907 -0.033416
v 0.106021 -0.103631 -0.026220
v 0.115520 -0.125237 -0.037651
v 0.077181 -0.103486 -0.066899
v 0.076368 -0.173728 -0.086107
v 0.182316 -0.229091 0.008921
v 0.057144 0.017616 -0.078811
v -0.108046 0.204416 -0.069766
v 0.116982 0.189911 -0.076328
v 0.129007 0.054762 -0.038110
v -0.104421 -0.041561 -0.017962
v -0.126014 -0.088541 -0.001707
v -0.006430 -0.232996 -0.113287
v -0.110712 -0.142266 -0.063036
v -0.117023 -0.130786 -0.052594
v -0.068964 -0.147833 -0.078666
v -0.087928 -0.195441 -0.103550
v -0.108456 -0.258492 -0.094365
v -0.144979 -0.236157 -0.057300
v -0.164465 -0.207322 -0.021420
v 0.117867 -0.134663 -0.044045
v 0.150454 -0.185179 -0.026944
v 0.124521 -0.161983 -0.066538
v 0.176100 -0.221963 -0.009794
v 0.178999 -0.256897 0.005850
v -0.117848 -0.078166 0.006279
v -0.080835 -0.251056 -0.118052
v -0.060974 -0.158190 -0.086796
v -0.073388 -0.128087 -0.072239
v 0.130569 -0.113458 -0.007378
v 0.020067 -0.212731 -0.109973
v 0.009458 -0.202081 -0.114407
v -0.022532 -0.190382 -0.116355
v 0.074003 -0.249226 -0.108075
v -0.083931 0.219480 -0.060364
v -0.064610 -0.013276 -0.082125
v -0.044957 -0.179993 -0.103465
v -0.072045 -0.132984 -0.073934
v -0.079463 -0.222773 -0.118413
v 0.100590 -0.047811 -0.021102
v 0.023391 -0.195370 -0.113436
v 0.026948 -0.187957 -0.113044
v 0.050112 -0.198200 -0.097761
v -0.053737 0.104948 -0.098981
v -0.060634 0.047829 -0.090492
v -0.033187 -0.054365 -0.096443
v -0.064852 -0.005916 -0.082077
v -0.100865 -0.247073 -0.109433
v 0.029300 -0.190589 -0.111653
v 0.126947 -0.166778 -0.066388
v 0.110200 -0.161985 -0.076406
v -0.046647 0.054290 -0.099283
v -0.060701 -0.060737 -0.081250
v -0.009352 -0.259866 -0.106813
v 0.005834 -0.212019 -0.115390
v -0.115167 -0.122346 -0.044211
v -0.102212 -0.252646 -0.107725
v 0.094420 -0.156470 -0.084732
v 0.060202 0.071062 -0.087640
v 0.007169 -0.248262 -0.113654
v 0.019521 -0.136796 -0.103574
v -0.009469 -0.248267 -0.114505
v -0.020203 -0.245014 -0.116072
v 0.086532 0.219742 -0.058206
v -0.148345 0.105828 -0.063165
v -0.133274 0.044126 0.005008
v 0.083358 -0.108143 -0.064500
v -0.000348 -0.232600 -0.118309
v -0.116728 -0.140828 -0.059616
v -0.151221 -0.182357 -0.034460
v 0.046622 -0.145853 -0.101922
v 0.171360 -0.261887 -0.017262
v -0.104026 0.228082 -0.040647
v -0.122311 0.024871 -0.027858
v -0.064255 0.048612 -0.084721
v 0.177111 -0.219539 -0.002965
v -0.117559 -0.082416 0.001486
v -0.110578 -0.159461 -0.073497
v -0.109258 -0.110107 -0.029850
v -0.129920 -0.225587 -0.076574
v -0.018412 -0.209216 -0.117864
v 0.131635 -0.182511 -0.056002
v 0.095438 -0.164083 -0.087821
v 0.066661 -0.192687 -0.093100
v -0.106630 -0.053282 -0.015884
v -0.132940 -0.100553 -0.014404
v -0.079315 -0.121795 -0.061839
v -0.113016 -0.198928 -0.086335
v -0.066430 0.080504 -0.089029
v 0.130406 0.174389 -0.082523
v -0.154827 0.086651 -0.033265
v -0.060121 -0.153254 -0.089094
v -0.065892 -0.171283 -0.090872
v 0.135258 -0.181364 -0.049950
v 0.096716 -0.222940 -0.105369
v 0.121262 -0.182403 -0.074180
v 0.009649 -0.186254 -0.110481
v -0.089531 -0.138418 -0.062760
v -0.005497 -0.155459 -0.109839
v 0.024289 -0.205107 -0.111526
v 0.044946 -0.187320 -0.098212
v -0.028442 0.079573 -0.097479
v -0.087046 -0.098733 -0.045799
v -0.085275 -0.182395 -0.094052
v 0.043470 0.033175 -0.097628
v -0.051842 0.064950 -0.098997
v -0.050039 0.059025 -0.099182
v -0.062306 -0.137694 -0.100075
v 0.117411 -0.220310 -0.095336
v 0.131695 -0.241459 -0.078912
v 0.008399 -0.261248 -0.106675
v 0.119712 0.081444 -0.066652
v -0.152528 -0.197053 -0.038260
v 0.083967 -0.125816 -0.072277
v -0.113958 -0.191375 -0.081627
v -0.123718 -0.119566 -0.039860
v -0.130966 -0.219533 -0.075584
v 0.082512 -0.140075 -0.075793
v -0.042866 -0.164179 -0.111749
v -0.045759 0.031955 -0.098201
v 0.093008 -0.111351 -0.048403
v 0.111202 -0.234679 -0.100054
v 0.048019 -0.243835 -0.111136
v 0.013482 -0.231957 -0.109317
v 0.042016 0.027282 -0.098106
v 0.074441 -0.157669 -0.086913
v 0.091731 -0.158027 -0.086267
v 0.038324 -0.242898 -0.111190
v 0.039210 -0.148258 -0.104599
v 0.127987 0.103106 -0.072050
v 0.134396 0.088522 -0.056169
v 0.081629 -0.184475 -0.088710
v 0.016714 -0.163182 -0.109313
v 0.178935 -0.240026 -0.016888
v -0.044354 0.018849 -0.097543
v 0.025612 -0.082033 -0.098423
v 0.135623 -0.177818 -0.049277
v 0.063306 -0.169428 -0.088688
v 0.128460 -0.138985 -0.045076
v -0.113969 -0.099176 -0.017889
v 0.017146 -0.217634 -0.108721
v 0.082512 -0.233990 -0.109625
v 0.041953 0.162882 -0.096903
v 0.011067 -0.251328 -0.110221
v -0.060481 -0.134354 -0.102576
v -0.002344 -0.260697 -0.106390
v 0.086199 -0.162923 -0.087527
v 0.053933 -0.145763 -0.099370
v -0.049587 -0.166407 -0.105983
v -0.136908 0.224999 -0.039467
v -0.117498 -0.257734 -0.076798
v 0.003597 -0.257723 -0.106611
v -0.085789 -0.003083 -0.051667
v 0.079344 -0.097235 -0.064342
v 0.068488 -0.143909 -0.086875
v -0.043576 -0.068900 -0.093144
v 0.084008 -0.100037 -0.062114
v -0.154888 0.077830 -0.013287
v -0.129372 -0.125477 -0.041949
v -0.081531 0.191770 -0.085817
v -0.023160 -0.227712 -0.109776
v -0.053757 -0.004641 -0.093041
v -0.135392 -0.110691 -0.024882
v -0.083627 -0.147696 -0.071148
v -0.072846 -0.140292 -0.073648
v -0.087933 -0.213358 -0.113428
v 0.025948 -0.183071 -0.113296
v -0.104190 -0.120403 -0.042557
v -0.097908 -0.135345 -0.058369
v 0.118774 -0.165603 -0.075307
v -0.056699 0.025113 -0.093724
v -0.105054 -0.065898 -0.011442
v -0.118429 -0.135833 -0.055943
v -0.099451 -0.173320 -0.087450
v -0.108819 -0.104643 -0.025134
v 0.117118 -0.203017 -0.087793
v 0.122538 -0.214077 -0.084306
v 0.067473 -0.257079 -0.108414
v -0.106445 -0.250199 -0.102622
v -0.040559 -0.146297 -0.108767
v 0.098476 -0.172272 -0.088991
v -0.126290 -0.257130 -0.066145
v 0.093775 0.225152 -0.051841
v -0.163119 -0.241949 -0.035720
v 0.138653 -0.177132 -0.043737
v 0.127979 -0.109152 -0.004774
v -0.059243 0.103974 -0.097368
v -0.061226 0.108941 -0.096712
v -0.039245 -0.171239 -0.113952
v -0.141780 -0.242297 -0.058332
v 0.119971 -0.128342 -0.038346
v -0.047236 -0.174795 -0.102442
v 0.052015 0.108685 -0.097507
v -0.049155 0.069855 -0.099707
v -0.028750 -0.259927 -0.111249
v 0.091381 -0.256341 -0.101862
v -0.128532 -0.109606 -0.028130
v 0.061139 0.023672 -0.075504
v 0.129777 -0.197768 -0.061861
v -0.070235 -0.217297 -0.117979
v 0.147096 -0.213075 -0.050285
v 0.111085 -0.168747 -0.081116
v 0.037280 -0.213644 -0.107153
v 0.051650 -0.192082 -0.095323
v 0.113611 -0.165156 -0.077988
v 0.155083 -0.239293 -0.058440
v 0.085928 -0.096822 -0.057787
v -0.122919 0.065558 -0.055556
v 0.019502 -0.193084 -0.113718
v 0.094892 -0.116513 -0.048800
v 0.029188 -0.253862 -0.105684
v -0.119729 0.224978 -0.043589
v -0.049725 -0.172850 -0.098741
v -0.120743 -0.168549 -0.060201
v 0.075506 -0.181984 -0.087407
v -0.010582 -0.234653 -0.111827
v -0.051780 0.042295 -0.097671
v 0.092250 -0.175265 -0.088833
v 0.108182 -0.110371 -0.029502
v 0.091264 -0.161464 -0.087844
v 0.077145 0.235832 -0.028047
v 0.076930 0.233875 -0.022472
v 0.076623 0.233635 -0.017419
v 0.073738 0.232322 -0.010995
v 0.073270 0.230929 -0.001433
v 0.072430 0.228964 0.003528
v 0.071419 0.226503 0.008395
v 0.070222 0.225024 0.013162
v 0.068830 0.221937 0.017672
v 0.067279 0.217447 0.022205
v 0.065069 0.210395 0.027487
v 0.059810 0.201934 0.032681
v 0.064411 0.201123 0.034268
v 0.061506 0.196227 0.037342
v 0.059265 0.190503 0.041553
v 0.056290 0.184777 0.045857
v 0.051728 0.185119 0.047168
v 0.052185 0.176147 0.053557
v 0.043815 0.174863 0.057614
v 0.042024 0.169119 0.061702
v 0.031404 0.162055 0.068402
v 0.024939 0.158854 0.070651
v 0.021471 0.155780 0.073085
v 0.015431 0.157202 0.072044
v 0.009241 0.153225 0.076081
v -0.005801 0.150898 0.077647
v -0.012127 0.151736 0.076792
v -0.018902 0.153706 0.074930
v -0.025326 0.155986 0.072864
v -0.030995 0.158618 0.070681
v -0.038580 0.160655 0.068175
v -0.045089 0.165779 0.063171
v -0.054771 0.170486 0.056733
v -0.063722 0.184078 0.043184
v -0.066908 0.192590 0.034714
v -0.067677 0.195978 0.031476
v -0.074896 0.200699 0.027222
v -0.077233 0.205723 0.022658
v -0.077364 0.209126 0.018734
v -0.072880 0.209715 0.016539
v -0.074424 0.212345 0.013024
v -0.081955 0.220282 0.002862
v -0.078234 0.220788 0.000581
v -0.080661 0.224581 -0.007204
v -0.078954 0.225515 -0.009954
v -0.079022 0.227791 -0.015903
v -0.075992 0.231805 -0.023235
v -0.081431 0.229397 -0.020372
v -0.080449 0.231634 -0.026800
v -0.064394 0.176305 0.049156
v -0.069386 0.185912 0.039755
v -0.063384 0.189258 0.039038
v -0.059882 0.186255 0.043192
v 0.057108 0.177492 0.051136
v 0.050886 0.171265 0.057578
v 0.039314 0.162049 0.067390
v 0.030739 0.156753 0.072425
v 0.025824 0.154959 0.074337
v 0.017754 0.153642 0.075700
v 0.002708 0.150770 0.078636
v -0.016292 0.149034 0.078952
v -0.026017 0.151689 0.076524
v -0.039239 0.157078 0.070627
v -0.054091 0.165645 0.060798
v -0.045091 0.171131 0.059514
v -0.060847 0.170592 0.055065
v -0.075260 0.227024 -0.013653
v 0.073552 0.235694 -0.024675
v 0.005549 0.156411 0.072971
v -0.019298 0.159139 0.070732
v -0.035978 0.164821 0.065919
v -0.052911 0.177951 0.051995
v -0.075735 0.229295 -0.018424
v 0.080790 0.234863 -0.024473
v 0.066939 0.205074 0.032083
v 0.064180 0.192710 0.039554
v 0.056685 0.194562 0.038331
v 0.061851 0.185857 0.043972
v 0.054447 0.189959 0.042505
v 0.047651 0.167111 0.061588
v 0.044332 0.165364 0.063728
v -0.030885 0.153881 0.074177
v -0.073827 0.189197 0.036232
v -0.068061 0.200912 0.026566
v -0.069600 0.204786 0.022371
v -0.080488 0.214141 0.013024
v -0.072997 0.214508 0.008635
v -0.073689 0.217870 0.003570
v -0.082735 0.223322 -0.002564
v -0.073806 0.221148 -0.002563
v 0.071569 0.233805 -0.016844
v 0.072371 0.234323 -0.020738
v 0.034137 0.169679 0.063347
v -0.074774 0.224466 -0.008556
v -0.074272 0.231015 -0.032548
v -0.070003 0.231057 -0.039242
v -0.062694 0.230193 -0.047200
v -0.062019 0.226785 -0.056073
v -0.051381 0.231368 -0.058727
v -0.048108 0.229542 -0.063693
v -0.038157 0.232472 -0.066375
v -0.037826 0.227842 -0.070312
v -0.024024 0.227540 -0.073383
v -0.017950 0.231121 -0.072143
v -0.009072 0.226634 -0.074968
v -0.004287 0.219887 -0.077855
v 0.013424 0.228647 -0.073807
v 0.026193 0.227067 -0.073474
v 0.030049 0.232787 -0.069191
v 0.039231 0.230567 -0.067426
v 0.045612 0.229101 -0.064748
v 0.051665 0.232083 -0.055886
v 0.056886 0.227550 -0.055228
v 0.062625 0.230578 -0.046665
v 0.068796 0.233601 -0.037797
v -0.078994 0.231915 -0.036832
v -0.070294 0.229411 -0.045930
v -0.064802 0.231100 -0.040803
v -0.057599 0.228356 -0.056828
v -0.053800 0.233342 -0.051198
v -0.054234 0.226298 -0.063504
v -0.045405 0.227525 -0.067462
v -0.041351 0.234804 -0.062807
v -0.029614 0.223488 -0.075370
v -0.028710 0.232606 -0.069866
v -0.018748 0.223907 -0.075560
v -0.013125 0.220476 -0.077378
v 0.003302 0.220780 -0.077576
v 0.009157 0.222940 -0.076511
v 0.021308 0.224995 -0.074979
v 0.019674 0.230505 -0.072229
v 0.037943 0.224879 -0.071893
v 0.034753 0.231262 -0.068753
v 0.050269 0.227040 -0.063047
v 0.048474 0.231899 -0.060260
v 0.058323 0.223883 -0.060100
v 0.062190 0.226053 -0.054085
v 0.057572 0.230492 -0.049186
v 0.067419 0.231597 -0.044270
v 0.068435 0.235584 -0.032287
v 0.075750 0.235436 -0.037646
v -0.070540 0.231027 -0.034775
v -0.057722 0.232454 -0.046144
v -0.046445 0.235882 -0.057806
v -0.033335 0.232720 -0.068249
v -0.003655 0.233009 -0.072854
v 0.042352 0.235450 -0.063255
v 0.062341 0.233451 -0.039756
v 0.072326 0.231997 -0.043778
v -0.066161 0.231627 -0.034432
v -0.060594 0.232421 -0.041855
v 0.001744 0.233433 -0.072881
v -0.000269 0.228218 -0.075041
v 0.023091 0.234481 -0.069639
v 0.066959 0.227951 -0.050120
v -0.073884 0.231673 -0.037009
v -0.069768 0.231329 -0.030228
v -0.031930 0.227346 -0.072429
v 0.043422 0.226272 -0.068309
v 0.049174 0.224114 -0.066863
v 0.053425 0.227283 -0.059825
v 0.071994 0.234752 -0.032850
v 0.065388 0.235327 -0.034359
v -0.051113 0.234718 -0.053253
v 0.054327 0.223778 -0.063528
v 0.058384 0.232732 -0.044306
f 201 200 2
f 201 2293 200
f 198 199 4112
f 2765 4112 3117
f 2293 4112 199
f 1247 3117 292
f 498 1247 291
f 292 291 1247
f 197 1368 196
f 499 4113 202
f 837 203 3118
f 710 3118 204
f 205 710 204
f 1010 2296 1250
f 3149 205 289
f 1369 1609 3119
f 207 1252 206
f 3568 1250 2296
f 3569 1322 2297
f 2345 3897 4008
f 102 1528 101
f 2313 3889 151
f 3463 1288 188
f 2166 3759 2767
f 103 3497 1528
f 2924 2298 106
f 150 1287 399
f 1287 3704 399
f 1256 2557 2141
f 1259 992 4009
f 1258 1880 149
f 149 1880 400
f 992 1259 108
f 1794 1177 3571
f 110 992 109
f 509 2299 148
f 105 2298 104
f 1262 4229 3988
f 513 2926 3572
f 113 2850 112
f 2301 401 3573
f 3089 1262 3574
f 147 3498 2926
f 3886 4372 509
f 2852 4080 2049
f 863 115 3171
f 3393 4169 1710
f 145 4033 1387
f 624 118 3575
f 1266 3825 2770
f 2946 120 4010
f 1266 4033 403
f 1268 1385 122
f 1268 3732 1385
f 2771 4205 3784
f 520 1268 123
f 144 4011 405
f 125 1446 124
f 1271 2572 3123
f 120 2946 119
f 3122 405 4011
f 525 1446 126
f 1545 3940 3354
f 1275 142 3576
f 1276 3577 128
f 1275 3576 3173
f 127 128 3577
f 1276 128 1277
f 2538 4119 3578
f 1275 3828 142
f 127 3577 126
f 3128 3989 4012
f 1279 3579 338
f 1279 3702 3579
f 131 3126 130
f 132 2773 1280
f 135 527 134
f 135 134 6
f 338 337 2774
f 2308 529 3127
f 140 141 3580
f 140 4360 2775
f 3580 4360 140
f 1284 3989 3128
f 2775 2309 2312
f 2312 4014 139
f 139 4014 408
f 530 4034 138
f 408 138 463
f 2981 857 1533
f 151 398 2313
f 759 2418 152
f 397 759 152
f 187 1288 186
f 2314 2292 2163
f 749 1007 1292
f 2016 3475 4015
f 186 1289 185
f 2776 538 4016
f 2776 4016 153
f 2273 2725 2316
f 1469 4141 2123
f 183 539 182
f 2241 2738 2290
f 180 181 1298
f 647 4037 155
f 1299 1114 3130
f 1300 4017 155
f 2967 647 4017
f 1659 3658 3131
f 3581 156 4018
f 1304 4018 396
f 156 396 4018
f 3180 1304 3582
f 1566 3049 2320
f 394 1476 1308
f 2423 3300 1570
f 156 1397 1300
f 901 3634 3132
f 550 175 2322
f 3514 773 3583
f 395 394 1308
f 2383 4059 3133
f 2795 158 4019
f 550 1915 1310
f 1310 654 173
f 172 774 171
f 1740 4038 3134
f 2859 4041 161
f 907 2384 3135
f 1313 3322 3136
f 905 556 2324
f 1315 160 4020
f 1315 4127 160
f 556 4020 326
f 3365 4347 390
f 1315 2779 4021
f 4022 3365 390
f 904 4021 4023
f 391 4347 392
f 389 159 557
f 5 159 389
f 169 3135 2424
f 2424 3917 167
f 909 3584 3504
f 559 1318 162
f 165 1317 3584
f 166 1317 165
f 2859 1318 4024
f 164 559 163
f 163 559 4
f 2583 3474 3138
f 819 287 1936
f 659 79 2325
f 80 1325 1321
f 98 99 2326
f 2468 3335 4025
f 1491 4351 1997
f 377 1325 80
f 2329 1327 3140
f 94 95 3585
f 374 2328 1124
f 1921 565 1328
f 1329 3325 1997
f 1328 2328 83
f 2331 1492 1030
f 3585 4362 94
f 372 85 84
f 1330 91 1406
f 568 567 85
f 88 89 568
f 1330 568 89
f 86 87 568
f 88 568 87
f 210 1936 287
f 378 77 570
f 570 1408 378
f 925 2673 3142
f 75 1333 74
f 38 3141 37
f 2642 1700 73
f 379 1700 380
f 3141 789 1586
f 72 3390 71
f 788 920 675
f 806 43 44
f 2781 4298 71
f 381 4298 4026
f 806 44 684
f 1339 70 4026
f 2862 3935 933
f 1339 2551 70
f 1342 68 3586
f 677 47 3587
f 50 3340 49
f 69 3586 68
f 1588 3776 2063
f 52 1758 51
f 2798 1341 577
f 1341 4137 67
f 66 67 580
f 1343 1347 54
f 1343 55 1346
f 65 1345 384
f 53 54 1347
f 2664 2032 2338
f 1348 2939 3143
f 1590 2338 2336
f 3143 4331 1348
f 1351 1933 59
f 1930 4238 3588
f 385 1503 2341
f 3589 4027 2341
f 1932 2341 4027
f 1352 4028 60
f 2941 1351 4028
f 587 387 1353
f 587 1352 61
f 386 4367 387
f 587 1353 1354
f 387 587 62
f 387 62 1
f 34 2801 33
f 33 2801 32
f 212 1356 211
f 1356 212 590
f 210 286 1358
f 3213 1516 829
f 1583 593 30
f 284 213 1361
f 700 1361 213
f 1359 1516 284
f 697 821 825
f 23 24 2784
f 281 2400 282
f 24 1363 2784
f 2400 281 4029
f 21 22 2785
f 705 4029 3144
f 603 3144 214
f 2400 596 282
f 19 2787 18
f 834 956 280
f 3246 1365 3590
f 834 279 3146
f 15 16 604
f 707 3146 2788
f 1366 604 16
f 15 604 14
f 2788 278 3332
f 605 3332 3147
f 605 3333 3148
f 608 11 2790
f 607 3147 277
f 12 2790 11
f 608 4047 10
f 3148 3333 4030
f 9 607 8
f 8 607 3
f 1248 1873 1368
f 3039 4227 3027
f 2182 1371 2162
f 2632 4288 2345
f 1252 208 3640
f 2246 2417 2710
f 191 1179 190
f 3640 208 1357
f 1693 2070 1202
f 1528 2297 101
f 2124 3463 189
f 1179 3297 190
f 1375 991 4031
f 150 4363 1287
f 1376 3593 151
f 2648 2077 3594
f 400 3866 148
f 2298 103 104
f 3121 992 4032
f 1628 3220 986
f 147 2926 402
f 1380 3825 146
f 1380 146 3595
f 624 3171 117
f 723 3601 620
f 119 3575 118
f 864 4251 2408
f 145 1387 404
f 517 1271 144
f 144 404 517
f 1384 3509 3151
f 124 520 123
f 2409 3509 1383
f 117 118 624
f 1385 4010 122
f 3124 3576 143
f 1273 143 3122
f 2769 1387 4033
f 3153 4098 632
f 130 3126 129
f 1281 2774 337
f 1389 629 2350
f 1898 3314 3577
f 1792 1982 137
f 527 2773 134
f 136 527 135
f 1897 3888 141
f 629 3701 2350
f 4013 2775 4360
f 3091 4120 4035
f 1390 3400 1012
f 2418 3915 152
f 3541 2745 4036
f 1286 2313 398
f 3385 4349 641
f 153 641 397
f 1301 154 4037
f 1301 4245 154
f 1298 181 182
f 762 1471 3154
f 2998 2355 3742
f 179 180 1303
f 542 1303 180
f 544 3582 157
f 395 1308 157
f 177 645 176
f 2858 1398 4038
f 4039 1115 1399
f 3235 4088 2449
f 1307 394 2795
f 1115 4268 3683
f 550 1310 174
f 174 175 550
f 653 4019 1400
f 4039 4105 1115
f 393 1400 158
f 774 3135 170
f 774 172 654
f 2547 3634 3596
f 4040 1401 2796
f 2324 326 4041
f 1400 393 3156
f 1316 3156 392
f 1402 3901 3597
f 557 4022 389
f 327 4127 2934
f 168 2424 167
f 162 4 559
f 165 3584 164
f 1404 3729 659
f 1325 377 376
f 2385 561 661
f 1322 2326 99
f 97 3890 3140
f 2326 3890 98
f 82 374 1124
f 914 2517 720
f 93 1406 92
f 1488 667 4043
f 1921 1328 373
f 90 1330 89
f 85 86 568
f 2262 3084 1507
f 569 2814 35
f 1964 1935 1823
f 42 675 41
f 42 43 675
f 3586 69 4044
f 678 4131 2358
f 796 931 574
f 1414 2954 1929
f 577 383 68
f 2815 4060 801
f 66 2359 65
f 1345 65 2359
f 56 1346 55
f 3340 2390 685
f 2064 1931 3160
f 1047 3327 581
f 3433 1346 4045
f 1933 4045 58
f 64 1503 385
f 63 4198 386
f 1932 4198 63
f 61 62 587
f 3213 3161 2360
f 591 31 32
f 1585 3331 2801
f 1751 2800 1418
f 2006 1421 1362
f 2396 700 596
f 596 283 282
f 284 1361 1359
f 20 21 2802
f 23 2785 22
f 280 956 214
f 2395 1513 3162
f 1062 4097 3662
f 1692 4147 831
f 830 600 703
f 279 834 280
f 1607 17 18
f 2037 1067 1151
f 278 2788 279
f 708 4063 4046
f 1427 3163 1367
f 3147 3332 277
f 277 3 607
f 3333 607 4047
f 10 11 608
f 1873 3983 3598
f 2766 1872 3599
f 3231 960 1203
f 3523 4005 1430
f 967 4241 3368
f 1214 2276 2365
f 718 3343 724
f 2627 2275 2366
f 2516 1185 3166
f 2558 3724 3600
f 2145 3230 4048
f 1381 620 3601
f 3121 4032 727
f 863 4304 114
f 728 621 862
f 1379 3220 1442
f 1536 1443 3168
f 3170 515 4049
f 2826 996 4050
f 2804 3221 2851
f 732 3649 3169
f 2804 731 3170
f 737 1542 626
f 3602 626 1542
f 520 124 1446
f 522 3763 3603
f 1273 3124 143
f 3353 1892 3604
f 628 2947 3605
f 743 4153 2979
f 523 4232 3578
f 630 3608 3606
f 737 3738 3607
f 1453 3738 743
f 525 3314 3172
f 2772 1275 3173
f 2370 3606 3608
f 2600 3525 3905
f 756 1457 1550
f 3379 1724 1458
f 3067 4216 4051
f 532 4314 1461
f 2829 636 3609
f 3593 4363 151
f 637 1461 4314
f 636 2829 3610
f 3359 1789 4052
f 3778 4269 4053
f 183 184 539
f 1467 2923 1901
f 2318 757 3175
f 2354 3154 1471
f 4054 540 2809
f 643 2355 4055
f 1471 3900 2354
f 651 2377 2372
f 1472 4136 644
f 545 650 645
f 2543 3708 2833
f 643 646 2420
f 546 2997 4057
f 3131 3658 4058
f 1182 2777 1114
f 649 3683 2375
f 773 769 2376
f 548 3155 650
f 3991 4335 3179
f 2372 2377 3612
f 2835 3962 3181
f 2383 2968 4059
f 1025 3237 2379
f 769 3181 2376
f 1573 2837 3183
f 170 171 774
f 1312 2933 547
f 655 553 3613
f 547 2323 1312
f 551 4075 1568
f 3158 4042 657
f 656 3404 3133
f 552 2838 658
f 78 79 659
f 659 2325 2812
f 812 588 691
f 1486 664 1405
f 779 1079 1580
f 664 1803 2452
f 662 1405 664
f 3159 4043 667
f 1327 3585 95
f 1955 566 2813
f 3038 783 1324
f 36 569 35
f 670 35 2814
f 671 2814 569
f 671 37 2841
f 792 670 2814
f 3141 2841 37
f 672 2388 1334
f 920 676 2428
f 2156 2172 2229
f 2430 2389 805
f 382 2551 69
f 797 2459 3616
f 924 1163 1135
f 3188 682 575
f 578 797 683
f 2815 804 4060
f 3637 807 4061
f 686 2799 2390
f 2430 807 3189
f 3211 685 4062
f 1340 1811 1501
f 1504 2864 3617
f 808 3212 686
f 802 4060 804
f 1502 2864 1504
f 1505 3512 1747
f 1818 3286 1130
f 694 1494 2816
f 287 819 209
f 1510 949 1424
f 1513 2396 3162
f 600 3548 3618
f 2395 3506 2398
f 600 3618 703
f 827 2398 1517
f 3190 2553 598
f 1692 2399 3191
f 3269 3591 835
f 2553 3717 3192
f 1605 1608 1366
f 1364 833 3193
f 708 1519 4063
f 290 3118 203
f 1158 3802 3194
f 2793 1521 3010
f 917 3963 1224
f 2046 1626 3620
f 875 961 3225
f 2819 3920 3621
f 3621 3920 3218
f 2327 1228 2404
f 1555 2981 3196
f 2445 3011 4065
f 1261 1259 1883
f 726 3601 3167
f 724 3343 1436
f 727 4032 112
f 727 2850 726
f 115 863 114
f 618 723 2406
f 1383 4348 3622
f 3197 2409 2407
f 1536 3168 1537
f 2408 3914 864
f 1895 3169 1270
f 2825 742 3198
f 3312 1264 622
f 1541 3604 2144
f 1383 3622 3336
f 621 731 4066
f 2851 864 3624
f 1538 3761 866
f 1450 3549 3152
f 3625 4151 518
f 3124 1273 3626
f 1272 2536 3199
f 3199 3700 627
f 1547 3355 3627
f 1388 3723 870
f 1948 3929 3701
f 2368 3903 871
f 866 2825 2823
f 629 1389 3628
f 1539 3198 742
f 631 3521 1386
f 2824 3628 1389
f 1547 3627 745
f 632 995 744
f 745 3737 1547
f 521 4050 996
f 2082 4174 1974
f 2472 746 1527
f 963 876 1550
f 1160 2917 840
f 974 1551 3629
f 2684 2107 3630
f 751 637 2414
f 2962 3961 4068
f 882 751 2414
f 1712 857 3201
f 4069 752 4314
f 3360 1554 4069
f 2438 3239 3632
f 2846 3779 4070
f 755 4340 3202
f 839 2416 1071
f 640 1467 1879
f 1294 538 1562
f 1646 895 2831
f 647 4315 3131
f 3557 4358 1020
f 1564 3556 644
f 3965 897 4072
f 2419 4257 3633
f 4056 2420 646
f 1564 768 763
f 2964 4143 761
f 2857 3965 898
f 543 2856 1741
f 2810 2543 2833
f 765 3743 1989
f 2547 3132 3634
f 3635 548 650
f 2811 3991 545
f 768 3683 3102
f 2375 768 4074
f 1399 2835 3204
f 549 3181 1477
f 770 3305 2356
f 3614 1568 4075
f 1023 4088 648
f 2321 3300 541
f 1401 3439 1571
f 2382 4042 776
f 906 3727 2562
f 773 4145 769
f 1480 2380 2837
f 168 169 2424
f 3748 4146 908
f 2380 3183 2837
f 2384 3504 558
f 3205 4246 775
f 1998 2816 1494
f 664 2452 662
f 1667 2452 560
f 1029 2516 2840
f 783 3166 3159
f 1955 666 1577
f 1955 1577 784
f 916 3513 1805
f 919 4064 786
f 676 920 930
f 1580 1079 3208
f 792 2455 926
f 676 1411 1037
f 2430 1587 806
f 3616 683 797
f 682 797 578
f 71 1409 2781
f 3637 4061 2431
f 1929 3209 681
f 1929 2798 3209
f 3210 4299 1589
f 576 2863 2429
f 2389 677 2842
f 43 806 1587
f 3211 4061 807
f 934 3637 2431
f 584 4238 3713
f 2566 687 3638
f 3242 582 4076
f 3328 3996 2337
f 940 689 802
f 3638 3639 2566
f 1593 1222 1760
f 917 3361 843
f 2006 593 822
f 2844 1357 1331
f 696 2394 820
f 2617 1765 1669
f 697 2006 822
f 1966 1603 2845
f 2943 702 1361
f 703 3641 951
f 1606 2609 3590
f 831 3192 2399
f 2869 3642 1519
f 707 4063 1519
f 603 214 956
f 500 837 3373
f 837 3118 836
f 499 3119 1609
f 1109 1985 1463
f 1073 3225 961
f 2808 2846 4077
f 3357 1550 4078
f 1556 1251 3631
f 1612 2436 3214
f 1615 3307 3644
f 2865 1033 2438
f 2567 2439 2627
f 997 1620 1098
f 3358 1551 974
f 746 848 3216
f 1704 2873 1323
f 1535 2848 976
f 748 850 3217
f 614 1006 3218
f 3165 1621 851
f 2819 3960 2848
f 3391 2611 1087
f 2101 2225 2726
f 3525 1166 2371
f 2828 3629 1551
f 2839 720 663
f 1260 4186 2139
f 985 1627 3645
f 1379 986 3220
f 1094 3666 533
f 1902 2145 1439
f 1630 3252 858
f 2928 4309 3767
f 1632 3515 511
f 1440 3524 2587
f 2470 3515 859
f 1787 3274 3646
f 861 3920 2819
f 977 614 861
f 108 109 992
f 992 110 4032
f 1441 4300 621
f 619 728 862
f 113 114 2850
f 731 2804 2851
f 2804 519 3221
f 1382 3914 3223
f 866 2823 1538
f 3607 3738 2805
f 1639 2853 516
f 1637 2049 4080
f 1791 4180 2897
f 869 734 623
f 740 3929 3648
f 1282 1983 995
f 745 521 996
f 738 3199 2536
f 872 4284 2605
f 732 4115 3649
f 1164 2891 1002
f 2443 3802 3216
f 3303 984 4081
f 988 2976 1714
f 2793 1005 4082
f 3217 850 978
f 847 879 1526
f 880 2403 3650
f 2994 1007 3651
f 3652 2831 895
f 3256 1008 4083
f 3226 883 3653
f 882 3226 3653
f 1712 883 3227
f 2194 3919 1432
f 1372 1876 193
f 1524 2008 887
f 1697 1651 3654
f 1111 3011 2445
f 3052 1439 3655
f 722 1630 3230
f 756 1016 1457
f 2026 2662 2447
f 839 1655 3231
f 1657 1468 4084
f 2546 640 3232
f 3175 4236 2318
f 1908 3707 2239
f 894 4016 3706
f 641 153 894
f 895 1646 4085
f 1953 1296 3657
f 2374 4058 3658
f 2965 896 3177
f 4073 761 4143
f 899 1741 2856
f 760 896 1020
f 761 4073 4086
f 3182 4277 2561
f 1660 2195 1565
f 1474 4257 3916
f 4087 2606 898
f 1569 3564 766
f 2381 4247 3234
f 1740 3261 2858
f 3132 3564 901
f 1023 2449 4088
f 648 1662 3236
f 905 4089 2779
f 3366 4157 1401
f 3322 772 4089
f 326 2324 556
f 906 3263 1742
f 2357 4240 4090
f 774 3367 907
f 658 2384 552
f 1313 2379 3237
f 777 3748 657
f 1572 2778 3238
f 3137 4024 1318
f 1674 1026 2951
f 1668 3386 2365
f 1488 4043 782
f 668 915 1492
f 3013 3265 1131
f 714 2438 1033
f 966 3632 3239
f 1130 1190 1035
f 842 4064 919
f 2428 675 920
f 790 3659 2914
f 1043 779 1580
f 925 3729 1404
f 2457 928 3240
f 926 1045 2952
f 2952 3240 928
f 1762 2218 2698
f 2091 2455 2861
f 796 3189 931
f 682 3188 2459
f 2333 3935 2862
f 680 3189 3241
f 935 576 1591
f 688 799 579
f 1046 2431 3284
f 1415 3639 3243
f 3432 2460 1681
f 1749 942 2865
f 3056 2866 1148
f 947 1058 1686
f 2483 1768 2099
f 2114 2526 1824
f 1148 2866 2068
f 1515 948 3244
f 820 948 946
f 1689 1769 1426
f 830 951 3245
f 952 1771 2868
f 2362 2845 1065
f 955 3590 1365
f 1515 3244 824
f 3003 956 4092
f 1692 831 2399
f 3145 3269 2037
f 601 1519 3642
f 961 3674 1073
f 958 3410 2038
f 2038 501 2870
f 959 1070 613
f 1527 746 2467
f 2521 1074 1737
f 611 1071 1204
f 963 1775 876
f 1728 2071 1009
f 1969 500 1370
f 1462 3851 3248
f 885 3368 1614
f 714 1033 1697
f 1076 970 1698
f 379 73 1700
f 1079 2426 3208
f 973 716 3276
f 748 3650 2403
f 2076 852 3250
f 850 3760 2012
f 634 879 978
f 1087 1552 504
f 1946 3335 2468
f 1080 1780 1085
f 979 1552 1087
f 1708 3150 2440
f 1090 3528 616
f 1725 2889 1104
f 1947 3721 3251
f 2013 4220 3845
f 986 3251 2874
f 3252 2992 2469
f 3446 2014 3665
f 987 533 3666
f 882 4083 3226
f 724 1634 990
f 4093 1633 2876
f 727 3167 3121
f 3121 4009 992
f 2471 4000 1716
f 512 2052 1638
f 623 4079 3151
f 3222 4079 3223
f 524 4121 1388
f 3127 3397 2308
f 1447 1981 871
f 741 1455 3667
f 1719 2877 4094
f 1086 999 1100
f 1000 1157 1086
f 2602 1706 1721
f 2980 3765 1001
f 848 746 2472
f 1003 2880 747
f 1709 2889 1725
f 1105 1625 2879
f 878 1724 3255
f 1723 3522 2880
f 1781 880 2568
f 717 3218 1006
f 1563 881 2881
f 1292 4192 1008
f 2414 3740 3256
f 1007 3984 1292
f 1729 2901 3669
f 1611 3631 1728
f 502 2901 1729
f 2882 2083 1108
f 754 4135 3338
f 2646 2883 2291
f 1985 1733 3257
f 2719 4065 2190
f 888 3779 1013
f 3164 4005 2364
f 3258 4340 3840
f 1737 3287 4095
f 2215 3058 3259
f 649 1399 1115
f 1116 4106 2969
f 2606 4285 898
f 3260 4285 3671
f 2856 4104 4096
f 2449 2858 3261
f 2832 4326 3262
f 2999 1022 3672
f 3236 4339 648
f 771 4125 3773
f 2950 4176 1954
f 3133 3990 1483
f 3157 3597 2357
f 560 3264 1667
f 1803 1121 560
f 665 1745 782
f 564 1326 1030
f 669 1747 2393
f 2453 1035 1190
f 942 3554 2865
f 844 1033 1683
f 918 1035 1129
f 2059 1750 2475
f 3013 919 3265
f 943 1128 1147
f 2455 792 921
f 1808 1040 1996
f 3024 924 1335
f 1136 1755 1335
f 2885 1754 1581
f 662 1042 661
f 780 1487 1042
f 1487 780 1667
f 1044 1137 2886
f 926 2455 1233
f 1758 52 1757
f 1047 581 1757
f 1760 3075 2033
f 2401 1764 1187
f 2485 1686 2007
f 3001 3388 1058
f 948 698 1061
f 1965 1423 2483
f 25 1510 1363
f 826 3641 4097
f 1768 1771 2484
f 2362 1065 1768
f 2609 595 1066
f 709 835 3591
f 2618 3643 1152
f 1774 1070 1817
f 1852 1156 2888
f 963 3194 1775
f 3670 611 891
f 2830 3769 1159
f 961 4255 3674
f 3552 1160 2443
f 1161 877 2889
f 1457 3931 1550
f 964 1649 1075
f 1009 2071 1075
f 613 970 1778
f 1779 1622 2488
f 1618 2426 1119
f 3098 4099 1175
f 2611 3391 2078
f 1530 1780 1080
f 1323 1920 3271
f 1083 853 980
f 1084 980 853
f 854 1169 981
f 1169 2611 2892
f 1100 1156 1086
f 2890 2078 3391
f 1787 3676 3675
f 983 1177 1088
f 1260 1794 721
f 1787 3646 3676
f 1531 2491 3791
f 1003 3277 2490
f 1786 1290 3273
f 1715 2876 1633
f 725 2895 2894
f 1173 3646 3274
f 2895 1092 2894
f 533 1647 1094
f 2896 3981 3666
f 3007 1790 1716
f 3008 2897 3677
f 3153 1388 4098
f 2636 526 3275
f 1097 1175 4099
f 3276 1099 1097
f 1001 3765 1099
f 1099 3765 2898
f 1620 2877 1098
f 1001 633 4100
f 1003 2490 1102
f 1644 1005 3678
f 984 3303 3679
f 3277 1003 4101
f 3971 3680 877
f 1793 2490 3277
f 1725 1091 1903
f 983 3571 1177
f 881 3448 3051
f 3681 2048 2494
f 1250 1796 1010
f 884 1009 1107
f 1876 1179 192
f 2466 1012 1180
f 1181 3021 4102
f 1180 1012 1109
f 2593 2026 3922
f 2445 4259 3682
f 1629 3402 4103
f 1610 4269 3279
f 3778 4370 2507
f 1018 1113 3281
f 2498 3281 1113
f 1662 1182 3236
f 2856 543 4104
f 649 1115 3683
f 2356 652 4105
f 2949 1021 3684
f 1801 3684 4106
f 775 1802 3283
f 846 1119 2500
f 2041 2817 3377
f 972 1619 1027
f 1119 1027 2500
f 1121 3264 560
f 1120 3264 2514
f 615 2840 1122
f 376 81 2780
f 1189 3369 3685
f 1804 3913 2401
f 1125 3369 1189
f 3099 3685 1131
f 3207 1805 3513
f 2860 1036 3099
f 1748 1031 669
f 2860 3553 1036
f 694 691 1595
f 1618 846 2905
f 1039 2456 971
f 1809 3749 1810
f 1194 1813 1218
f 1140 1814 1761
f 1196 3285 1816
f 1197 3285 1050
f 1218 813 1196
f 1199 1130 3286
f 1196 1816 1139
f 2461 3728 1819
f 1964 1823 1422
f 3411 1823 1044
f 3269 835 1067
f 3401 3813 1226
f 1155 1069 1434
f 1068 3401 1202
f 1073 3674 3231
f 1069 1772 2618
f 1204 1071 2416
f 3280 4370 1695
f 2570 3229 3287
f 1644 877 3687
f 2567 3955 4107
f 2043 2267 1319
f 1162 1208 969
f 1245 845 1077
f 2672 1922 3288
f 1163 4129 1833
f 1002 1165 3993
f 2011 1081 3289
f 3445 2011 3195
f 2871 3276 716
f 1167 1435 3290
f 1856 3803 2104
f 2756 2226 3937
f 1170 4311 1857
f 2046 1103 3291
f 984 1090 2444
f 1104 4266 3921
f 1835 4344 3295
f 1836 4343 2510
f 1979 2510 3293
f 1174 3424 1899
f 1899 3517 2512
f 1097 3668 1175
f 1169 3098 3294
f 1100 2888 1156
f 1203 1694 1073
f 1882 3308 3295
f 1177 1835 1088
f 2047 4162 4108
f 1563 4155 2123
f 1797 2513 4109
f 2124 190 3297
f 1109 957 1180
f 1826 2466 3298
f 1841 1840 2912
f 2836 541 3300
f 3305 770 3689
f 2488 1622 2515
f 1032 2518 1188
f 1670 2060 1127
f 1128 2617 1147
f 1998 1494 503
f 1846 1845 1192
f 1410 1137 1044
f 1140 1195 1138
f 1199 3286 3690
f 3268 942 3691
f 2402 1849 3963
f 1234 2343 3692
f 2618 1152 3693
f 1143 2113 958
f 1970 1429 3302
f 1212 1694 1176
f 874 1086 1157
f 1158 3194 2916
f 1457 3656 2520
f 1395 2521 4110
f 1077 969 1437
f 2267 2509 3061
f 845 1208 1162
f 1854 2133 2332
f 1166 1084 2909
f 2974 1210 853
f 1210 2919 1529
f 980 3803 1083
f 1456 1783 3694
f 2910 1857 2945
f 1793 2900 3303
f 1176 3270 1212
f 1842 3994 3304
f 652 2356 3305
f 1844 2918 1220
f 1049 1057 941
f 692 2518 2523
f 1053 1815 1593
f 942 1749 3695
f 1852 1434 3306
f 2974 3757 1210
f 1230 1241 4111
f 1863 2904 1184
f 2514 3817 1229
f 1232 1197 2918
f 1137 927 1219
f 2918 1221 1220
f 1220 1221 1859
f 1852 3306 1226
f 845 1245 1237
f 1242 615 1782
f 2502 1217 1194
f 2695 2278 2129
f 2727 2697 1870
f 2920 1242 1123
f 1029 2840 2920
f 1698 1244 1237
f 2921 1871 1246
f 1871 1812 1246
f 1368 198 4112
f 1873 3598 195
f 291 202 4113
f 289 288 3149
f 1615 3044 3307
f 208 1252 207
f 3592 2632 2345
f 1254 2296 1797
f 1878 4109 2513
f 3029 2084 3697
f 1258 3698 3031
f 1287 1554 3360
f 149 399 1258
f 507 4216 3698
f 1261 2924 1259
f 1259 2924 108
f 1950 3600 2367
f 3308 4178 3804
f 2352 2745 3699
f 2532 3827 3033
f 2925 4218 3105
f 1887 3311 2306
f 3006 3982 1093
f 403 146 1266
f 2535 3313 1893
f 1267 3604 4114
f 2769 2770 628
f 122 123 1268
f 3732 1268 1445
f 3068 1891 3313
f 3381 3565 1895
f 1642 3649 4115
f 517 2572 1271
f 3346 1449 4116
f 1641 3356 2536
f 405 3122 143
f 2411 627 3700
f 3826 1896 4117
f 2853 1636 1274
f 141 142 1897
f 406 3576 142
f 129 1277 128
f 525 3577 3314
f 1898 1276 2537
f 3648 3929 4118
f 3200 1948 3701
f 1792 3579 3702
f 2774 1279 338
f 131 132 1280
f 523 3578 4119
f 526 3829 527
f 4034 1281 337
f 4120 3091 2311
f 1454 1983 528
f 995 2492 1282
f 141 3888 3580
f 1718 3500 3315
f 2927 3989 3424
f 2963 1461 3703
f 3653 3768 751
f 398 152 1286
f 534 3968 1393
f 1554 1287 750
f 1287 3360 3704
f 187 188 1288
f 1879 1467 1901
f 186 1288 1289
f 2992 4172 1714
f 2893 3273 1290
f 1255 3797 1901
f 1905 4309 4122
f 1292 1008 749
f 3114 3116 4123
f 3705 2688 2929
f 538 2809 1562
f 641 894 3706
f 2854 2239 3707
f 2149 2542 3318
f 1296 3296 1658
f 1396 3771 2595
f 1297 4328 3708
f 1113 3012 2930
f 1299 3130 1739
f 1912 2546 2318
f 1018 3281 1299
f 155 156 1300
f 896 2997 546
f 153 154 2545
f 1912 539 1302
f 892 3232 640
f 1182 1114 4124
f 178 179 1303
f 3180 3612 2377
f 2179 3461 3319
f 765 3916 2057
f 1479 2969 2378
f 2474 3773 4125
f 176 2322 175
f 655 3613 3596
f 158 2795 394
f 653 2950 2451
f 2372 3612 3320
f 544 157 1308
f 1309 2968 1213
f 656 4059 3709
f 173 174 1310
f 3184 3613 553
f 1311 3184 1480
f 2970 1183 4126
f 2381 547 2933
f 3158 4332 1313
f 1663 4089 772
f 904 3366 2935
f 159 327 2934
f 327 160 4127
f 1316 4347 3774
f 555 3156 1316
f 166 167 1317
f 3584 4373 3504
f 1318 2859 162
f 559 2425 1318
f 1622 2936 4128
f 2665 2548 1831
f 2348 3594 2077
f 2325 79 1321
f 99 100 1322
f 2674 1320 2077
f 1167 1920 1781
f 667 1324 783
f 561 1325 1486
f 81 375 82
f 95 96 1327
f 1997 2329 1491
f 2328 1328 565
f 1488 784 1577
f 84 1921 373
f 90 91 1330
f 2330 1330 3326
f 1921 84 3831
f 567 2330 3326
f 210 1358 1936
f 2985 779 1332
f 3712 2090 4129
f 1333 73 74
f 3911 2073 2388
f 1163 2937 4129
f 2274 2266 2231
f 1926 3430 2089
f 1677 2862 1926
f 2781 1337 4130
f 382 70 2551
f 3093 3752 4131
f 577 68 1342
f 54 55 1343
f 3713 2664 1590
f 687 809 3387
f 939 3387 1679
f 940 3160 689
f 56 57 1346
f 2552 4258 4132
f 52 53 1347
f 937 808 3327
f 64 384 1348
f 2843 811 3714
f 2783 3588 2339
f 2337 811 3328
f 385 2341 63
f 2340 2433 1350
f 2339 1351 2940
f 58 59 1933
f 60 61 1352
f 3715 4367 586
f 3715 1354 1353
f 1354 3715 3716
f 59 4028 1351
f 2801 34 1355
f 1356 1358 211
f 209 1357 208
f 2457 3240 3330
f 787 31 591
f 30 31 1583
f 27 1362 26
f 213 283 700
f 25 1363 24
f 830 3245 1364
f 1064 3245 1770
f 1518 3193 833
f 3190 705 3717
f 3247 831 601
f 278 277 3332
f 9 4047 607
f 198 1368 197
f 837 1609 1369
f 503 4064 1612
f 1875 1371 713
f 3598 1372 194
f 1561 2996 2214
f 3334 2242 2152
f 1877 609 3026
f 2807 3610 2829
f 1920 1167 3719
f 2404 4025 3335
f 855 1784 1378
f 2945 4356 2910
f 729 4150 1442
f 2874 3251 3721
f 402 3595 146
f 2305 3825 3722
f 735 865 3223
f 3624 1382 734
f 1537 3622 514
f 2409 1383 3336
f 2049 3647 4133
f 3382 4348 1384
f 2410 4067 625
f 121 4010 120
f 2512 3929 3437
f 1386 3200 1546
f 2947 3904 3605
f 1387 2369 404
f 1452 3723 3153
f 3648 4118 4134
f 2822 870 3723
f 1539 2824 3337
f 2495 3022 3338
f 1733 3400 4135
f 2649 3465 1949
f 3105 2530 3724
f 1645 3651 3725
f 636 4333 3174
f 1943 2948 2247
f 2899 3678 1005
f 1074 2521 1395
f 2419 3633 642
f 3611 644 4136
f 1397 2560 1300
f 1914 3909 3233
f 1021 4106 3684
f 649 3962 1399
f 770 2356 3339
f 1400 4176 653
f 1401 4040 3000
f 1316 1571 555
f 1568 3614 2562
f 1742 1024 3727
f 1874 1403 778
f 2516 3104 1185
f 1490 566 784
f 2461 1407 3728
f 1333 75 1408
f 3142 1408 3729
f 1957 2564 1960
f 2074 72 1700
f 3455 572 3730
f 1498 3187 800
f 801 3209 683
f 2358 4299 1342
f 2284 3560 2953
f 689 1414 3731
f 580 67 4137
f 1496 2972 576
f 1496 576 2429
f 2799 685 2390
f 2842 685 3211
f 2864 3243 810
f 690 1504 1416
f 3242 2336 582
f 1419 3923 1127
f 1356 2942 1358
f 1420 693 1684
f 949 1510 825
f 1234 1965 3372
f 1515 701 1966
f 1424 1602 699
f 827 1512 2395
f 1365 3247 955
f 2397 3618 3548
f 709 3591 1427
f 2363 4046 707
f 1826 3298 3341
f 1154 3302 1429
f 1695 962 1430
f 2437 1971 2958
f 2253 3882 2959
f 1722 3254 1974
f 1702 3781 3005
f 1209 3290 1082
f 2587 1436 3343
f 3524 1634 1436
f 2140 2569 2911
f 512 2533 1977
f 3052 3655 1653
f 2053 2893 2960
f 618 1628 1440
f 1441 621 2407
f 3336 730 1441
f 2050 1978 2571
f 856 1947 2584
f 2510 3927 1836
f 2534 3982 1890
f 520 1445 1268
f 1446 3733 520
f 3172 3314 2806
f 626 3602 4138
f 1270 3823 1888
f 1981 3253 2826
f 2536 1272 3734
f 628 3957 3735
f 1896 3763 3346
f 1272 3123 2572
f 1450 737 626
f 626 4138 3549
f 3275 1982 4139
f 1899 3106 1174
f 2822 1452 3736
f 632 1547 3737
f 1450 743 3738
f 2805 1453 2825
f 1282 3315 1983
f 1897 3828 3347
f 996 3253 2370
f 741 3784 2605
f 3016 2573 3348
f 3656 1457 1016
f 891 1204 2520
f 1458 878 975
f 1164 3289 1458
f 1461 2963 532
f 2142 3418 3739
f 637 4254 2414
f 752 3961 2962
f 751 1285 1461
f 1459 532 2963
f 3248 3851 3239
f 1524 3257 1733
f 1789 2896 1094
f 2732 2085 3741
f 1110 2364 2575
f 539 184 1466
f 1289 2923 1466
f 3129 2123 4141
f 2355 4256 3742
f 2154 2248 4142
f 2832 4073 4143
f 546 3177 896
f 2030 3772 2321
f 1911 3058 2966
f 765 1989 1474
f 3203 3633 1474
f 2998 3115 760
f 155 4017 647
f 2576 3976 3130
f 3907 549 4144
f 1307 3583 3744
f 1477 3962 2375
f 2372 549 3745
f 1802 4307 3283
f 1183 1213 2968
f 2999 4319 3746
f 899 4096 2969
f 1480 2837 1311
f 2380 1480 3747
f 3321 4126 1183
f 1482 4075 3204
f 3263 3614 4145
f 1483 908 4146
f 775 3283 3350
f 1874 1994 3149
f 910 1674 2427
f 781 1486 2780
f 376 2780 1325
f 1577 667 1488
f 615 1122 1489
f 1490 668 1492
f 3139 4330 563
f 915 1030 1492
f 1875 3044 1251
f 1585 1355 793
f 2841 2797 671
f 789 922 1411
f 1753 2489 971
f 77 659 570
f 659 2812 1404
f 2841 921 2797
f 1962 2579 2174
f 2459 3188 3749
f 2001 3054 3750
f 2001 800 3751
f 2002 1960 2564
f 1499 3615 3752
f 3894 3935 3093
f 1927 798 575
f 798 1755 3092
f 579 2431 1500
f 807 3637 3241
f 1502 1504 1592
f 1681 1931 583
f 2337 3143 2939
f 585 3589 1503
f 810 2432 3617
f 695 1934 1597
f 815 693 1417
f 1511 1821 818
f 787 1508 818
f 2956 1509 2581
f 25 26 1510
f 1513 1512 3753
f 824 3661 3754
f 1686 3539 2007
f 2209 2866 2069
f 824 3754 701
f 1066 1517 2398
f 2787 19 3755
f 830 3193 600
f 599 1604 706
f 708 2869 1519
f 3003 1519 4147
f 604 1608 2599
f 1874 778 1994
f 1520 1126 3301
f 3255 1521 3552
f 3522 1723 1724
f 1523 814 1862
f 852 3964 3250
f 100 2297 1322
f 3290 1209 3756
f 2919 1210 3757
f 2019 3766 4148
f 3289 3993 2011
f 781 2839 663
f 978 850 2012
f 2586 860 3351
f 2897 3097 3758
f 2961 2584 1947
f 988 3395 2976
f 2166 2015 3759
f 3011 3402 1736
f 2265 3475 4149
f 1257 3497 2298
f 1006 614 3760
f 2491 3351 860
f 3820 1883 1535
f 3720 1442 4150
f 1537 2556 1536
f 2821 866 3761
f 742 2824 1539
f 630 3606 3224
f 3345 2018 3762
f 2471 3090 867
f 1639 516 2978
f 1892 4114 3604
f 3625 625 4151
f 3602 1542 3732
f 738 3356 1543
f 2412 3627 3355
f 3355 744 4152
f 739 3626 2588
f 1896 3826 3763
f 1980 3839 3354
f 1453 743 2979
f 3152 1386 4153
f 1547 632 744
f 1544 2412 3355
f 2412 3939 3764
f 1641 3384 3356
f 2486 4100 633
f 712 3357 1695
f 1707 4148 3766
f 1552 1082 504
f 2020 1464 4154
f 989 2928 3767
f 750 4301 1554
f 4051 3360 1459
f 2981 2166 2767
f 1285 751 3768
f 1556 2161 2982
f 1614 3215 966
f 1776 3407 3769
f 2908 3527 1827
f 501 3257 1524
f 2541 2929 2688
f 2624 1110 3770
f 1630 3380 3230
f 2991 3981 1464
f 2651 1560 3363
f 3797 2983 2637
f 1953 2595 3771
f 1562 3726 1294
f 3296 2123 4155
f 1007 2881 881
f 2964 3556 763
f 2377 651 3364
f 1305 3036 1910
f 1991 1570 4156
f 1567 3550 1662
f 1569 766 1567
f 2932 3709 1309
f 1568 3709 551
f 3234 3564 902
f 3179 1567 766
f 3772 4156 1570
f 1571 1316 3774
f 2796 1401 4157
f 3322 3958 4158
f 2778 4297 3238
f 2904 1043 912
f 2985 1332 911
f 1803 663 720
f 720 2839 914
f 785 2004 2596
f 3368 1579 843
f 2402 1579 2596
f 1031 3685 3369
f 1940 503 1612
f 503 1494 4064
f 3868 2118 2755
f 787 591 1508
f 1584 3331 1585
f 2428 1037 41
f 2841 1586 1671
f 1037 2428 676
f 796 574 1587
f 680 3751 800
f 3752 3615 803
f 2552 3918 936
f 1591 576 2972
f 1592 2843 1502
f 2032 4207 690
f 815 1594 2986
f 1595 3849 592
f 1765 2617 823
f 2066 3952 2482
f 787 818 1583
f 2392 3849 691
f 695 2392 3711
f 2617 696 823
f 824 2986 3661
f 2986 3979 3661
f 2100 1769 1063
f 1517 2867 827
f 2987 1605 602
f 2786 833 1364
f 3663 955 1967
f 1771 1065 2868
f 500 1969 1609
f 1734 3643 957
f 1112 4269 2507
f 1611 884 2161
f 3013 1748 919
f 713 1371 1613
f 2658 1615 1650
f 2578 1251 3044
f 1011 3450 3375
f 2176 1616 3376
f 2122 3272 1975
f 2456 2905 1191
f 2988 3980 3780
f 2903 2041 3377
f 997 3294 1620
f 3668 4094 2877
f 4148 4160 2019
f 2873 4364 1621
f 3964 1257 976
f 2848 617 718
f 854 979 1087
f 3710 4128 2936
f 2125 3780 2040
f 1702 3790 3781
f 1803 720 2989
f 2989 720 2517
f 506 3032 3378
f 1105 3308 2703
f 1081 1703 3379
f 1626 847 1526
f 1837 3816 1836
f 986 2895 1628
f 1629 4048 3402
f 3229 1439 4161
f 1630 858 3380
f 1714 2469 2992
f 1631 4108 4162
f 2494 2272 2604
f 511 723 1632
f 4163 1715 1633
f 1895 3420 3381
f 1635 3647 994
f 733 3007 1889
f 1636 3421 2590
f 3782 2571 1978
f 3821 4188 1638
f 3008 3677 3383
f 3353 3998 516
f 2622 2978 3783
f 1637 3782 1640
f 3151 2993 1384
f 2368 3603 2589
f 1548 3356 3384
f 2605 4338 741
f 2018 4366 3784
f 1004 2893 2053
f 2960 1290 4164
f 1161 3687 877
f 1395 4082 3687
f 1460 4068 3609
f 2881 1007 4165
f 2831 3968 3785
f 4166 1646 3385
f 2928 1647 4122
f 1729 3796 3034
f 1649 3786 885
f 2574 753 1777
f 3004 2658 1650
f 1017 2830 1159
f 3654 4244 968
f 3110 4295 2725
f 2020 4154 2191
f 3052 1653 1004
f 858 3981 3380
f 890 2884 1654
f 1429 1203 960
f 757 4084 1468
f 1646 4166 4085
f 758 3657 2855
f 760 3115 896
f 760 2355 2998
f 1993 4210 3746
f 2320 3049 3789
f 1305 3743 2057
f 648 1567 1662
f 1664 4040 772
f 2779 4023 4021
f 772 3237 1664
f 1954 3439 3000
f 2859 4024 554
f 776 3238 909
f 972 779 1666
f 2040 3980 911
f 912 1667 3264
f 3386 2528 1238
f 2331 1030 1326
f 1326 565 2331
f 1215 1032 2058
f 2060 2475 1750
f 2060 3974 3685
f 923 1039 3249
f 672 1026 1672
f 928 926 2952
f 3330 1410 2361
f 921 1671 929
f 2972 1496 679
f 2333 1927 3615
f 1962 2174 2185
f 3242 4076 939
f 1416 2432 582
f 583 2335 1681
f 1820 1056 2065
f 941 1195 1049
f 2401 1146 1804
f 2870 3554 3268
f 1524 1683 501
f 1509 816 2581
f 2067 3079 2187
f 2221 2100 2608
f 823 3777 2035
f 817 1685 945
f 3001 949 821
f 2224 2749 3002
f 1689 1064 2506
f 1606 1690 2609
f 601 4147 1519
f 3270 1101 2486
f 1970 3441 1203
f 3280 3357 4168
f 1015 4103 3682
f 639 3279 1696
f 612 3004 2071
f 1370 965 3095
f 3248 714 1697
f 844 3619 1651
f 1244 1698 970
f 1334 2388 2073
f 1672 1674 3249
f 1580 3208 910
f 1081 2011 1701
f 748 3664 3790
f 2568 1702 3005
f 2075 2046 1703
f 1703 1081 1701
f 1704 3250 849
f 1919 2387 562
f 2348 3898 3324
f 982 2890 3391
f 2890 982 1707
f 1375 4031 3791
f 3150 4031 991
f 1004 1653 1709
f 2889 877 3680
f 2106 2975 2612
f 2304 1710 4169
f 985 2876 1711
f 3567 3227 4170
f 2045 3852 3792
f 2659 4204 4171
f 2992 722 4172
f 3046 2014 3793
f 1715 4163 860
f 993 1716 1790
f 2667 4209 2653
f 1095 3097 3008
f 3580 2310 4173
f 1282 3925 3397
f 1099 2898 1097
f 873 2980 2082
f 1780 3195 973
f 1721 1720 3398
f 1984 1623 3398
f 1100 2877 1722
f 2880 3967 1723
f 3291 4101 747
f 1725 4191 1709
f 3394 3792 2080
f 1006 2403 717
f 749 3725 3651
f 3051 3984 1007
f 2083 3484 1108
f 1727 1010 3795
f 1107 1009 3796
f 1648 3034 3796
f 505 3697 2084
f 1011 4175 1731
f 1732 2254 3798
f 1390 4135 3400
f 3444 4135 4175
f 1430 3164 712
f 1987 888 2085
f 1013 2719 888
f 889 1559 1736
f 3287 1737 1161
f 3287 1015 1696
f 3012 1988 3443
f 2613 3867 2706
f 182 539 2544
f 1481 3134 2794
f 1740 3134 2448
f 1479 3672 899
f 897 3262 1022
f 3673 1954 4176
f 1024 3901 3727
f 2562 1402 3404
f 3157 1025 3799
f 1192 1118 2188
f 914 913 1030
f 1185 2563 665
f 1168 1867 1746
f 3040 1855 1489
f 1747 3342 1125
f 2679 3636 916
f 1748 3100 2454
f 786 3265 919
f 1125 1189 3207
f 592 943 1751
f 1207 2610 2009
f 2196 1809 1754
f 572 2090 2782
f 2462 1820 3801
f 52 1347 2938
f 1679 1048 939
f 1761 2092 2065
f 1761 2065 1049
f 941 1141 1858
f 1153 838 1851
f 3268 1145 4177
f 2033 3414 2689
f 1764 2580 2003
f 1126 1520 2003
f 1765 2035 2434
f 594 2007 3406
f 1687 4159 2099
f 1690 2868 1065
f 2464 828 1771
f 1426 1968 1604
f 2618 3693 1069
f 3441 3566 1694
f 1154 3298 1773
f 2888 3009 1852
f 1655 1071 1017
f 2884 3670 1016
f 2024 3362 3407
f 3814 4183 3022
f 2539 1648 753
f 2827 1778 1437
f 3016 3348 1211
f 973 1085 1780
f 1864 2103 3408
f 1782 1238 1242
f 1783 2104 3803
f 1090 4356 3528
f 3571 983 3970
f 1837 3927 3017
f 879 634 3060
f 3295 3308 3804
f 3308 1105 4178
f 3646 3970 3676
f 3274 1787 3392
f 1836 1788 1093
f 1647 2928 1094
f 3359 4154 1464
f 1375 2491 991
f 1791 4287 2622
f 2975 2106 4179
f 1639 2978 2622
f 1791 3783 4180
f 3702 2927 4181
f 1719 2898 873
f 1171 2490 1793
f 3807 721 1794
f 3417 4344 4182
f 3037 1913 3808
f 2279 2287 3809
f 3669 3795 1107
f 1797 2882 2513
f 1010 1796 3795
f 2688 3705 1907
f 535 1952 3363
f 2575 3770 1110
f 2085 1014 3810
f 1738 3259 2930
f 1840 4267 2912
f 1116 3282 1801
f 3305 3994 652
f 775 3206 1802
f 1480 553 3811
f 2989 1121 1803
f 1124 3893 1326
f 1146 1200 1804
f 1132 1751 1419
f 916 1805 1129
f 2816 812 694
f 1916 3532 715
f 2583 3138 2110
f 3266 2625 1996
f 1135 790 2914
f 1756 1040 1134
f 3266 1996 1040
f 2111 2088 2250
f 1496 3749 679
f 932 1136 2550
f 1057 1767 3411
f 1497 799 3812
f 1048 1811 799
f 2112 2220 2092
f 3285 1815 1053
f 2217 3405 1814
f 1844 1220 1142
f 958 2113 3410
f 1860 1222 1198
f 1130 1035 1818
f 1507 1818 2262
f 1819 1956 2461
f 1767 2065 1056
f 1220 1859 1825
f 3298 1154 3341
f 3299 3021 960
f 1827 3022 4183
f 3023 2275 3086
f 2117 3526 2610
f 969 3533 1832
f 2478 2489 1833
f 1923 2937 3024
f 3905 2371 979
f 3412 1209 1552
f 3688 3815 1172
f 1835 3815 1088
f 1093 2534 3413
f 1089 3017 1979
f 2123 3296 1469
f 3477 3853 4184
f 189 190 2124
f 1839 3297 3087
f 1841 3511 2450
f 1841 1182 4124
f 1183 3304 1213
f 1117 1842 3304
f 82 564 81
f 1198 1232 1188
f 1132 3186 2800
f 1191 846 1845
f 846 3377 1845
f 1846 1807 2914
f 1044 2886 3411
f 1138 1217 2502
f 1051 1140 1138
f 1138 1858 1217
f 1196 1871 2921
f 1865 3864 1868
f 1220 1825 1142
f 1849 4249 2679
f 2098 3406 2007
f 2695 2529 2278
f 2158 3881 2720
f 1855 3040 2468
f 2468 2524 1855
f 2620 3408 2103
f 1083 1856 4185
f 2900 3679 3303
f 2818 3620 2212
f 633 2442 3225
f 1138 1195 1858
f 2219 2597 2093
f 2132 1233 673
f 1222 1593 1198
f 692 3863 1860
f 2915 3690 3286
f 1523 3695 1749
f 1862 3695 1523
f 845 1870 2697
f 2921 2236 1221
f 1227 1870 1237
f 1168 4185 1856
f 1121 1186 1028
f 1168 3858 1867
f 1239 1217 1231
f 1239 3864 1865
f 2921 1246 2236
f 1812 1236 2235
f 3416 1746 1867
f 1235 1817 3813
f 1070 1774 613
f 1244 1236 1237
f 1865 2133 2238
f 1871 1243 1812
f 1248 1249 3983
f 609 3599 1428
f 3039 3027 1250
f 192 193 1876
f 1877 3718 609
f 2124 3297 3030
f 2854 1656 892
f 892 640 1879
f 3066 3866 1880
f 3219 2139 4186
f 4182 4344 1794
f 3417 4182 4187
f 2298 1261 3820
f 3031 1256 2141
f 2963 3703 3418
f 512 1638 4188
f 2051 3806 3822
f 2603 3378 4189
f 1881 3464 2139
f 2747 1887 3419
f 2634 1977 1887
f 1895 1270 3420
f 3345 1888 3823
f 867 4346 3421
f 3421 1636 3824
f 1710 2612 1265
f 3422 2143 1717
f 2305 2770 3825
f 1894 1891 4190
f 1274 4117 3353
f 2589 3763 3826
f 1269 3499 1893
f 2978 3998 3423
f 3088 4229 3827
f 1894 3519 1891
f 1888 3420 1270
f 3381 3420 1635
f 3734 4369 522
f 1448 4114 1896
f 2772 3347 3828
f 1897 3347 2310
f 1277 3520 1276
f 3152 631 1386
f 2538 3106 1278
f 2511 3517 3424
f 3829 526 1900
f 1982 3275 526
f 2637 2138 1879
f 2145 4048 1439
f 1439 3052 1902
f 4191 1725 1903
f 3273 3399 1786
f 3034 4317 1729
f 4192 1292 1106
f 2021 4309 3035
f 3878 2147 4193
f 2242 3950 3069
f 2688 1907 3425
f 535 3425 4195
f 2639 4196 2834
f 2057 4211 3036
f 3259 4341 2215
f 1911 2966 1800
f 1913 2834 4196
f 1913 4196 3808
f 2561 4278 3841
f 1806 715 2640
f 715 2041 1916
f 2548 1917 1829
f 1918 3324 2155
f 2404 3335 3427
f 849 2873 1704
f 2641 1918 3428
f 3038 1324 1919
f 3326 1490 3831
f 3429 2073 2642
f 1923 1335 1755
f 3014 1923 3430
f 2156 2088 3431
f 2120 3061 2643
f 2782 1926 1338
f 3014 2782 2090
f 2798 1929 2954
f 2339 4238 4318
f 1931 1681 2460
f 689 1931 4197
f 1932 4027 3997
f 57 4045 1346
f 1511 674 1964
f 1516 3213 590
f 2955 3711 1936
f 2342 2159 2644
f 1362 1421 26
f 697 3434 821
f 599 1938 3245
f 1367 2789 1939
f 3832 709 1939
f 2702 2982 1374
f 2137 2702 1374
f 1940 2182 1995
f 2816 2577 1574
f 2473 2883 1951
f 2164 2150 2245
f 535 4195 3435
f 2294 3897 3039
f 1944 855 1378
f 2349 3978 3436
f 3508 4250 1377
f 2674 2077 3833
f 1442 2961 1379
f 3200 4337 1948
f 3437 4290 4119
f 2585 3759 2015
f 3546 3953 2531
f 1263 4230 2650
f 2592 2646 2908
f 3362 3769 3407
f 3435 1943 1952
f 1658 3657 1296
f 1401 3000 3439
f 2950 1954 4199
f 1147 1669 2503
f 2476 2168 2458
f 574 1959 788
f 2002 1498 573
f 1340 2252 1413
f 2956 1684 693
f 2475 3516 2059
f 821 949 825
f 2463 818 1821
f 674 1935 1964
f 3372 4159 1225
f 2845 1423 1060
f 1967 601 704
f 2175 1691 704
f 2037 3389 2175
f 2137 2922 2554
f 1176 3566 1069
f 638 3376 1616
f 3487 3869 1972
f 2104 1783 2177
f 2121 3949 719
f 1434 3009 1974
f 1157 1975 874
f 3105 2178 3835
f 1263 2367 3836
f 2052 512 3442
f 1978 4320 3047
f 721 3807 4200
f 1979 3838 1089
f 1545 3354 3839
f 1540 3762 3354
f 1447 2771 1981
f 3253 3667 1455
f 526 136 1982
f 136 137 1982
f 1454 4152 4201
f 1983 4201 995
f 1984 3459 1456
f 719 2691 1973
f 1109 3400 1985
f 1986 3258 3840
f 3011 1986 1534
f 1465 4070 1558
f 2678 4341 4202
f 762 3319 1471
f 3319 762 4203
f 2192 3447 2687
f 3073 1652 3042
f 1914 2561 3841
f 1473 1992 2655
f 541 1992 2321
f 1914 764 3043
f 1993 3043 3451
f 2656 1995 2182
f 1994 1941 1484
f 2387 1919 1997
f 1997 1919 1329
f 3044 2971 3307
f 2577 1998 1995
f 2184 2170 2652
f 3750 1678 2000
f 1498 800 2001
f 2063 3054 1588
f 3843 2596 2004
f 2186 1750 1407
f 1144 2693 3844
f 1685 2128 1148
f 1359 829 1516
f 2657 1484 1941
f 1520 1764 2003
f 1733 4135 3444
f 1744 1192 2188
f 508 3569 3045
f 1167 3290 1529
f 2078 3856 1530
f 3445 1701 2011
f 1081 1458 3289
f 2012 3409 978
f 2050 2013 3845
f 1790 4179 993
f 857 3665 1533
f 2469 2976 3446
f 506 4171 4204
f 1986 3840 1534
f 2055 3558 2654
f 3846 1537 514
f 3047 4320 3837
f 1642 4366 3649
f 2771 3839 4205
f 2075 2872 2019
f 4206 2020 2191
f 755 3202 2020
f 1905 4192 3035
f 2446 2742 3494
f 1556 2023 1251
f 3095 841 2347
f 2025 2687 3447
f 2662 890 1654
f 2364 1110 2662
f 2244 2746 2239
f 536 2138 2637
f 1660 4210 2195
f 1910 2028 3847
f 2984 4352 3841
f 2751 4296 3848
f 1349 2664 1930
f 1349 4310 4207
f 1963 938 809
f 2487 970 613
f 2616 3414 2759
f 3371 3777 823
f 1599 3453 3406
f 2504 2036 1600
f 2037 1151 3389
f 832 2037 704
f 706 1608 1605
f 838 1463 501
f 966 3239 3851
f 1971 4140 3851
f 2040 911 1332
f 2903 2988 2044
f 1806 2817 715
f 2602 981 1706
f 2548 2629 1831
f 1319 2640 2043
f 2601 1916 3050
f 3032 1713 3852
f 3530 4189 4208
f 1007 881 3051
f 2123 3129 3448
f 2446 1631 3853
f 2413 3630 2107
f 1264 2852 622
f 2993 3647 3854
f 2050 2571 2013
f 1532 2405 2050
f 3806 4180 3783
f 1977 3442 512
f 3396 2653 4209
f 1902 3052 3449
f 1651 3375 3450
f 3074 3490 2265
f 3073 2181 3855
f 2977 3558 1652
f 2020 4206 755
f 1993 3451 4210
f 2320 2056 1566
f 1661 4087 4211
f 900 3476 3036
f 3452 3507 2058
f 2503 3516 1034
f 3084 2186 1407
f 918 2913 1750
f 1129 2913 918
f 2281 2501 2668
f 2758 3537 2614
f 929 2698 2091
f 673 2455 2091
f 1415 3243 3160
f 2465 1142 1693
f 2694 2208 2094
f 2007 594 2485
f 1062 594 3453
f 950 3850 3454
f 2671 2159 3538
f 3056 2128 1822
f 3056 2069 2866
f 1075 2071 964
f 2386 965 836
f 2672 3288 2642
f 2782 3730 572
f 2075 847 1626
f 1857 2818 1170
f 2076 3045 2010
f 2077 2675 3934
f 1085 2892 1080
f 1788 2990 2079
f 3006 856 3393
f 3046 3793 1713
f 3394 3395 1643
f 3396 3422 4212
f 1720 874 2081
f 2677 3949 1617
f 1101 4174 1549
f 2882 3969 3278
f 2253 1942 3057
f 2686 3810 2109
f 2085 3861 1987
f 1911 3259 3058
f 4202 4341 3443
f 2262 918 2186
f 1407 3055 3084
f 1744 1133 1807
f 2188 3473 1744
f 2088 1752 3431
f 2111 3059 1134
f 1927 1677 798
f 2074 1922 4213
f 3712 4129 2937
f 673 2091 2130
f 1760 3405 2217
f 1760 2033 3405
f 2504 589 2094
f 1505 3636 1578
f 2757 3538 3457
f 1766 3480 2482
f 2066 2482 2681
f 2724 2682 3458
f 2159 2671 1850
f 1768 2484 2099
f 1063 2608 2100
f 828 1687 2099
f 1843 2232 2125
f 3076 2226 2102
f 1864 1433 2103
f 2620 1856 3460
f 1531 3978 634
f 2105 4052 1553
f 1553 3489 2105
f 4214 2612 2683
f 2189 4220 3859
f 3461 2107 3860
f 2179 3037 3461
f 3349 4142 2248
f 2243 537 2685
f 2085 3810 3861
f 2929 2109 3862
f 2593 1798 1560
f 1907 4195 3425
f 1806 2640 2110
f 2120 2630 3061
f 2111 1134 1808
f 3561 1820 2065
f 2729 944 3561
f 2134 2096 1824
f 3813 1068 2230
f 1235 3077 2165
f 3272 2122 1617
f 2665 2116 1828
f 2267 2102 3063
f 2199 2116 2665
f 2669 3536 3462
f 1207 2583 2110
f 719 3398 2121
f 2439 1834 2677
f 874 1975 3272
f 2047 3448 3129
f 2123 3448 1563
f 4215 3030 1839
f 188 189 3463
f 2225 3481 2232
f 3864 2126 1868
f 2693 1223 1861
f 2481 2233 2694
f 1699 1853 1208
f 3529 2130 2091
f 2219 3529 2218
f 2915 3975 1861
f 2523 1861 3863
f 1864 3408 3065
f 2743 3495 2286
f 1240 2135 2699
f 1240 1865 1868
f 1866 1225 2134
f 2487 2131 1244
f 1374 3696 3026
f 1875 1251 2344
f 2633 2139 3464
f 3417 4187 1882
f 2911 3293 2510
f 4036 2302 4372
f 400 1880 3866
f 2142 1949 3465
f 507 4051 4216
f 1890 4214 2143
f 1541 2144 3466
f 3735 3957 1267
f 722 3230 2145
f 3456 2240 2213
f 3403 2706 3867
f 1295 2242 3069
f 537 4007 3467
f 2542 3932 3426
f 2147 2707 1293
f 1908 2746 2346
f 2647 2245 2150
f 2709 1988 1908
f 2280 2728 3071
f 1373 3830 2710
f 2148 3948 3467
f 3808 4007 2154
f 2228 3349 3469
f 3808 4371 3037
f 2155 3324 3045
f 2758 1924 3868
f 2216 3431 1752
f 2643 2158 2072
f 938 2252 1340
f 1420 1684 1597
f 2220 3561 2092
f 2022 2161 884
f 3870 2710 2164
f 3496 1942 3871
f 2230 3077 1235
f 2767 635 2981
f 2981 1533 2166
f 2711 3872 2171
f 2718 2062 2204
f 2258 2169 1958
f 3834 2257 2171
f 1928 2288 1413
f 2906 2668 2501
f 1673 2712 2173
f 2740 3834 2715
f 2006 825 1421
f 952 2868 3471
f 1691 1967 704
f 2027 2194 3376
f 2958 2176 1432
f 1973 2764 2716
f 1890 2143 2717
f 2925 1881 4218
f 2667 1438 4219
f 1913 3037 2179
f 2725 3876 2316
f 3318 2025 3873
f 2736 4002 3472
f 2201 3855 2261
f 1612 1613 1940
f 2344 2162 1371
f 2167 2712 2184
f 1752 1808 2263
f 2188 3992 3473
f 3019 3859 4220
f 1710 2304 2189
f 3475 4234 4015
f 1013 4065 2719
f 3042 1652 4221
f 2977 4149 3475
f 3787 2180 4222
f 2193 2996 2647
f 2213 2268 4223
f 2028 3036 3476
f 2195 3476 1565
f 1809 1581 1754
f 2741 2196 1041
f 2266 2274 1336
f 2203 1582 2061
f 2693 1144 2198
f 2205 589 2034
f 2207 1956 3874
f 3063 2102 3857
f 2048 3853 3477
f 1178 4141 3176
f 2054 4149 3986
f 2061 1582 2258
f 2061 2739 2203
f 1960 3842 2183
f 929 1675 1762
f 1763 2615 2598
f 2207 3874 2067
f 3874 2208 2067
f 1514 2209 3539
f 2643 1925 2158
f 1853 3064 2119
f 2046 2075 1626
f 1526 2212 1626
f 2194 1291 2268
f 2983 2705 3875
f 3114 2721 2540
f 3479 2721 2655
f 2730 2216 1752
f 1814 1816 2217
f 1225 4159 2100
f 2682 1766 2222
f 3480 2724 2723
f 2160 3082 2097
f 2097 2734 2160
f 2645 2097 2724
f 2225 2271 3481
f 3076 3481 2271
f 3472 2181 3562
f 2048 3477 2227
f 1990 2316 3876
f 2316 1990 3482
f 2156 2229 3059
f 2689 2160 2270
f 2203 3536 3078
f 2275 2627 2439
f 1230 4111 2276
f 2232 2726 2225
f 1231 1858 1239
f 1144 3987 3924
f 2067 2208 3079
f 2529 2238 2133
f 3788 536 3875
f 1730 1108 3484
f 502 4306 2901
f 1295 3069 2241
f 2279 3493 3877
f 1295 3081 2242
f 2149 3950 3334
f 2685 3948 3080
f 2147 4294 4193
f 3483 3788 4224
f 2708 3951 3879
f 2246 4312 2289
f 893 4286 3880
f 2948 4312 3830
f 1943 2247 2255
f 2248 2154 537
f 3070 2248 537
f 2259 2741 2284
f 2628 3945 3109
f 2270 3561 2220
f 1596 2097 3082
f 2223 2723 1596
f 3057 1561 3882
f 2291 2314 3083
f 2163 3869 3487
f 1373 2255 2247
f 2197 2258 1582
f 2607 2652 2170
f 1495 573 2000
f 2715 1495 3488
f 2740 2283 2763
f 2259 1413 2288
f 2180 3447 3074
f 2054 2201 2261
f 2187 1507 3084
f 2191 2105 3489
f 2227 2494 2048
f 3490 2192 1014
f 2315 4234 3741
f 2266 1336 1582
f 1582 3078 2266
f 2601 3710 2043
f 2233 3079 2208
f 2187 3079 2005
f 3120 2213 2240
f 1904 2268 3120
f 2734 2069 1360
f 2691 1834 2735
f 2736 3472 3883
f 3482 4002 2228
f 2316 3482 3492
f 2279 3877 3878
f 2196 2741 1928
f 2118 3945 2211
f 3542 2720 2274
f 2439 2677 3086
f 1206 3023 3086
f 2365 2232 1214
f 1863 1229 1214
f 2243 3080 2737
f 2738 2241 3493
f 2289 4312 3081
f 2317 2290 2738
f 2249 571 3555
f 1942 3486 3057
f 2284 2741 2172
f 2731 3544 4225
f 1631 2446 3494
f 2160 2734 1360
f 2743 2101 3495
f 3492 2108 3884
f 2108 3070 3020
f 2288 2741 2259
f 3081 1295 4226
f 2246 2289 2744
f 2289 4226 3545
f 2290 1295 2241
f 2292 3871 2163
f 2314 3502 3083
f 2253 3871 1942
f 199 200 2293
f 292 3117 201
f 1368 2765 1248
f 3570 4008 3897
f 1877 3027 4227
f 610 2582 205
f 2750 2162 4228
f 1010 1727 2296
f 2294 3568 1254
f 100 101 2297
f 2076 2010 3885
f 1528 3497 852
f 3497 103 2298
f 401 148 2299
f 2141 4322 3066
f 2301 3498 401
f 3033 3827 4229
f 147 401 3498
f 3310 3546 4230
f 2301 3574 1262
f 3794 2471 1716
f 3794 3938 2303
f 2304 4169 2584
f 1532 3845 2304
f 513 3722 1380
f 3722 4368 2305
f 3311 1885 4231
f 3419 2306 2352
f 3521 2537 4232
f 3829 1900 3887
f 2309 3127 529
f 1096 3928 3128
f 529 3091 2309
f 1718 3127 1283
f 3888 1897 2310
f 1283 4173 1718
f 3125 1279 4233
f 2308 3128 529
f 407 2775 139
f 1281 4034 4035
f 1393 3174 3501
f 1376 151 3889
f 2254 3083 3502
f 2883 2314 2291
f 4234 3475 2732
f 1735 2719 2315
f 2181 3482 1990
f 3482 2228 3492
f 3478 2706 4235
f 3403 3999 3545
f 1468 1018 757
f 2319 4018 3180
f 2319 3908 3611
f 2320 3789 2056
f 3451 1566 2056
f 2321 1992 2030
f 2970 1312 4237
f 547 4261 2323
f 161 4041 326
f 554 4297 3958
f 1118 2817 1525
f 2110 3138 1806
f 2675 3139 2326
f 97 98 3890
f 1945 3719 3891
f 3892 2919 2327
f 1577 1329 1324
f 96 3140 1327
f 563 1491 2329
f 568 1330 2330
f 76 1408 75
f 3092 3188 798
f 1499 2333 3615
f 2551 3935 3894
f 1811 1340 2334
f 3432 1681 3895
f 583 3714 2335
f 2336 3242 2887
f 2336 936 1590
f 2843 3328 811
f 1503 3143 585
f 584 4318 4238
f 2941 3716 2940
f 3589 3996 2340
f 3329 3997 1350
f 1932 63 2341
f 946 1061 2343
f 1689 1426 3896
f 950 2506 1064
f 2344 2023 4228
f 2294 3570 3897
f 2709 3071 2728
f 2708 2346 2746
f 508 3324 3898
f 1918 3508 2348
f 1378 3436 1944
f 3436 4311 1170
f 740 3648 2350
f 870 2822 2350
f 2875 977 861
f 2747 3954 1887
f 3089 2302 3899
f 1952 1943 2353
f 3176 2354 3900
f 3176 1469 4239
f 2419 4256 643
f 1470 3742 642
f 2356 4039 3339
f 3282 4105 652
f 1402 3727 3901
f 3000 1664 4240
f 928 2457 670
f 2430 805 807
f 3209 3547 1412
f 1342 3586 2358
f 2359 66 580
f 2942 1356 3161
f 1356 590 2360
f 2483 2362 1768
f 1423 2845 2362
f 2957 597 1424
f 698 948 1515
f 1425 2435 703
f 951 830 703
f 1367 3163 3902
f 2447 2662 1110
f 2662 1654 3164
f 2847 3644 3307
f 785 1579 4241
f 2726 2365 3386
f 2232 1843 1214
f 510 990 1634
f 1829 3023 1832
f 1917 2366 1829
f 2634 3836 3535
f 1263 2650 2367
f 621 728 3170
f 1447 871 3903
f 871 3384 2368
f 1449 2572 4242
f 517 404 2369
f 3608 3737 4243
f 2370 4243 996
f 1166 3412 2371
f 979 2042 3905
f 1462 968 4244
f 1901 2923 1255
f 1308 3320 544
f 1477 3745 549
f 3478 2540 2721
f 2737 3080 3094
f 540 3742 2809
f 1301 4058 4245
f 1564 4074 768
f 2375 4074 3745
f 3320 4144 549
f 1476 3744 3583
f 651 4074 3364
f 3908 2319 2377
f 3043 1479 3909
f 2949 3233 1021
f 657 3748 3910
f 3799 3910 3990
f 3206 775 4246
f 901 3234 4247
f 3504 4355 776
f 777 2382 658
f 3350 1478 4248
f 1478 2968 2383
f 558 3917 2384
f 1405 661 561
f 2951 3775 2385
f 2555 1370 3095
f 2674 2387 3323
f 1586 2841 3141
f 45 677 684
f 677 3587 2842
f 689 3731 802
f 1500 4062 579
f 695 1597 2392
f 2454 3100 1431
f 953 829 702
f 2435 954 3641
f 598 2398 3506
f 2134 2722 2096
f 21 2785 2397
f 597 2957 1425
f 598 3246 2398
f 3144 603 705
f 603 3191 2399
f 2400 4029 3190
f 785 2596 1579
f 1578 2679 4249
f 102 103 1528
f 3427 1377 4250
f 3427 4001 2404
f 3392 3791 1708
f 514 3047 2017
f 2405 4320 2050
f 620 2406 723
f 2406 3352 3220
f 3623 4066 731
f 869 3197 734
f 736 3625 2408
f 735 3223 3914
f 2409 3336 2407
f 1384 1383 3509
f 4251 3221 736
f 519 2946 2410
f 3700 3939 4252
f 1273 3122 3510
f 2588 3939 4253
f 1548 3764 1543
f 531 3216 848
f 2107 3470 2413
f 2736 3883 1795
f 3740 2414 4254
f 1008 3256 749
f 4255 2467 839
f 963 3931 2916
f 3071 2346 3096
f 1646 3785 759
f 1286 152 3915
f 2355 643 4256
f 2420 4257 643
f 765 1474 3916
f 2419 643 4257
f 2421 4072 3746
f 1565 4087 2421
f 1992 3479 2655
f 1570 1306 2423
f 2836 2423 3511
f 1317 167 3917
f 3584 909 2425
f 559 164 2425
f 660 778 1403
f 2393 1747 3512
f 3505 910 2427
f 1699 2663 2251
f 2863 2566 940
f 2430 806 2389
f 2431 579 3284
f 3433 4318 4258
f 1504 2432 1416
f 690 4207 1592
f 2783 1350 3588
f 212 1516 590
f 1062 3453 2505
f 3662 594 1062
f 2035 3941 2434
f 953 3753 3754
f 1612 2454 2436
f 3185 1493 1431
f 3228 1432 3919
f 753 2574 4140
f 714 3239 2438
f 1749 2438 3632
f 3813 2230 1235
f 531 975 878
f 878 3552 531
f 1526 3060 2212
f 1173 1627 3816
f 1173 3274 2440
f 990 861 724
f 619 2850 4304
f 2975 1790 3758
f 854 2611 1169
f 1175 3294 3098
f 1001 1099 2442
f 531 3552 2443
f 2444 616 3815
f 1091 1104 3921
f 1013 3779 4259
f 1696 3682 639
f 1631 4162 3853
f 2048 3681 2446
f 1110 2624 2447
f 2497 2593 3922
f 3261 1740 4260
f 2381 3234 4261
f 1023 4125 2449
f 1182 1841 2450
f 2376 3583 773
f 3514 1307 4262
f 2452 1667 780
f 780 662 2452
f 3301 1190 3686
f 1670 1127 3923
f 1131 2860 3099
f 788 675 574
f 673 1233 2455
f 910 3249 1674
f 1039 2905 2456
f 3659 2456 1845
f 2204 2062 2168
f 1498 2564 3187
f 1675 2458 1762
f 1038 2476 2458
f 2459 3749 1496
f 797 682 2459
f 2460 3432 2359
f 580 4137 2460
f 1057 1049 1767
f 1956 2207 3055
f 1847 1056 1149
f 1820 2462 1056
f 1821 1059 2463
f 959 1000 1070
f 1826 1181 2466
f 2416 2467 1158
f 4255 875 2467
f 2468 4025 2524
f 1714 2976 2469
f 857 1712 4263
f 1632 859 3515
f 1540 867 3090
f 3421 4000 867
f 873 3254 1719
f 2878 1002 4264
f 1002 2891 2472
f 2651 2473 2661
f 2883 2473 2415
f 1152 3643 1734
f 4125 4339 2474
f 2423 3773 2474
f 1748 3013 1031
f 40 1037 795
f 1485 2914 2477
f 1078 3911 2478
f 1043 3505 1487
f 3015 2753 4265
f 2754 2127 3924
f 1816 1051 1139
f 1202 2070 1068
f 2462 1149 1056
f 1063 1769 2506
f 3662 699 2485
f 1101 1549 2486
f 1070 1000 1817
f 959 1157 1000
f 1622 3050 2515
f 2489 2478 1672
f 1529 3719 1167
f 1171 3921 4266
f 2490 4266 3680
f 860 991 2491
f 3316 4121 524
f 3925 1282 2492
f 999 2493 997
f 2227 3491 2494
f 2272 3562 2604
f 1181 1390 1012
f 2495 4102 3814
f 2661 2024 3926
f 890 2026 2496
f 1799 2541 2497
f 1113 2930 2498
f 1840 2498 4267
f 1019 4104 4268
f 763 768 3102
f 2173 2501 1673
f 1811 3812 799
f 1194 1218 2502
f 1682 3452 1216
f 1034 1147 2503
f 1822 3801 944
f 1511 1964 1422
f 826 1062 2505
f 1205 2521 2507
f 3778 2507 4269
f 1698 1245 1076
f 2271 2226 3076
f 2271 2225 2743
f 3103 2730 2508
f 2665 1831 2199
f 2090 4213 1922
f 2074 4213 3455
f 1837 1836 3927
f 2140 2510 4343
f 3316 2511 3928
f 524 4118 3517
f 1948 3437 3929
f 1278 3106 4270
f 3029 1878 3930
f 2988 3780 2044
f 1029 3104 2516
f 665 3166 1185
f 3104 2920 1241
f 1215 3686 2518
f 2518 3686 2523
f 3002 2342 2224
f 2916 2520 4271
f 963 1550 3931
f 1112 2507 2521
f 1205 4110 2521
f 2126 3864 2522
f 1199 3690 2523
f 3372 2526 1234
f 3371 2343 1234
f 1228 4185 3518
f 3518 1746 2524
f 1433 4004 3386
f 927 1045 1219
f 3077 1859 2256
f 1859 1221 2236
f 2114 1688 2526
f 2277 1870 1227
f 2528 4111 1123
f 1252 3640 2391
f 2702 2137 2554
f 3030 3697 4272
f 2470 1883 1259
f 1438 3835 2178
f 2530 3835 2748
f 1392 2650 2531
f 3311 4231 2306
f 1269 1891 3519
f 1887 1977 2533
f 512 4188 2533
f 1890 2717 2534
f 1444 3413 2534
f 3423 2535 3822
f 3068 3466 2144
f 1449 4369 1272
f 2536 3734 1641
f 3520 2307 2537
f 3563 4359 2636
f 1899 4270 3106
f 722 4217 4172
f 1714 4172 988
f 1904 3034 2539
f 1777 753 1648
f 2762 4235 2706
f 3094 3116 1906
f 2541 3425 2497
f 2686 3540 1799
f 1656 3707 3468
f 1909 3426 3932
f 2623 3318 4273
f 4274 2422 3107
f 4058 2374 4245
f 3906 538 4275
f 2318 2546 3933
f 548 3132 2547
f 2548 2119 2629
f 508 3898 3934
f 2157 3945 3868
f 2118 2211 2231
f 2333 3093 3935
f 2551 3894 69
f 2938 1343 2552
f 936 2887 1047
f 1584 793 1935
f 1365 3246 2553
f 729 3352 2556
f 3720 4150 3846
f 3936 2141 2557
f 1256 4216 2557
f 2558 3600 2660
f 3032 4189 3378
f 2559 3203 3154
f 1396 2595 2559
f 3177 546 4276
f 3581 4361 1397
f 3182 771 4277
f 1991 3841 4278
f 1402 3597 3404
f 3709 1568 4279
f 1676 930 2564
f 2283 2715 3112
f 2259 2953 2260
f 3812 2334 1962
f 2566 3639 940
f 1344 3638 687
f 2137 1428 2922
f 2439 2567 1834
f 2286 2756 3937
f 1817 1852 1226
f 880 3650 2568
f 1976 4219 4218
f 3219 2569 1881
f 2889 2570 1161
f 2571 3782 2303
f 3938 2013 2571
f 2369 3904 517
f 2572 1449 1272
f 2573 3016 2716
f 3255 1724 1723
f 2574 1777 1649
f 2808 4077 3523
f 1558 3770 1465
f 2931 3976 767
f 1808 1996 2263
f 1752 2111 1808
f 971 2489 1672
f 2183 1957 1960
f 1684 3849 1597
f 1764 3913 2580
f 814 2580 1804
f 2582 836 710
f 786 4064 1494
f 503 1995 1998
f 2009 3992 2583
f 1806 3138 1525
f 2188 1118 1525
f 1525 3474 2188
f 2584 2405 2304
f 1950 2585 4280
f 1392 3438 2585
f 859 1632 2587
f 2412 4253 3939
f 2588 4253 3173
f 3940 2589 4281
f 1545 3903 2589
f 3826 4281 2589
f 1274 1636 2590
f 886 2908 2646
f 1560 3926 2593
f 2084 1730 2594
f 1730 3456 2594
f 1953 3995 2595
f 642 2559 2595
f 2596 3843 1578
f 1578 4249 2596
f 2699 2733 2527
f 2597 2219 2525
f 2175 3471 1691
f 2599 1608 835
f 835 709 2599
f 1431 2436 2454
f 1612 842 2454
f 2039 2574 1649
f 964 3786 1649
f 2042 2602 2600
f 1623 1984 3525
f 2044 3050 1916
f 1721 2600 2602
f 1625 4289 4208
f 1886 3724 2603
f 1093 3413 1836
f 2731 4225 4283
f 2604 4225 3681
f 2533 2051 1885
f 1885 3311 2533
f 1642 4115 2605
f 3224 4338 4284
f 1661 4056 2606
f 3260 898 4285
f 2218 2607 2525
f 2218 794 2607
f 1761 1049 1195
f 3454 2680 2608
f 3777 1688 3941
f 1690 3660 2609
f 1517 1066 595
f 2628 2610 3526
f 1830 2009 2610
f 2611 2078 2892
f 2612 4214 1265
f 1710 3859 2612
f 1726 2879 1625
f 2045 3792 1625
f 2678 4202 3942
f 2728 3880 4286
f 2758 3868 2669
f 3537 571 2614
f 2218 2525 2219
f 2206 2598 2615
f 1763 2754 3113
f 2616 1763 2598
f 1055 1669 1765
f 2222 2034 2096
f 2096 2034 1824
f 711 3693 1152
f 1731 754 2619
f 1731 2619 3527
f 2104 3460 1856
f 1784 3676 2621
f 1088 616 3528
f 3805 2622 4287
f 2853 1639 3943
f 2686 1799 3944
f 1799 3922 2624
f 2508 1996 1133
f 932 1810 3749
f 1750 2186 918
f 3526 3542 2628
f 2119 2210 2629
f 2690 1925 2643
f 2640 1319 2110
f 2529 2695 1869
f 2752 2631 2197
f 2131 2256 2235
f 2219 2093 3529
f 2132 2130 2269
f 2632 3718 1253
f 2603 4189 3530
f 2703 3819 4289
f 2306 3419 1887
f 2748 3836 2367
f 2537 3521 1898
f 3437 1948 4290
f 1451 3106 4291
f 1900 526 2636
f 2637 1879 1901
f 2273 4294 2725
f 3049 3847 2028
f 1566 4321 3049
f 2639 1305 1910
f 2153 4196 3531
f 2630 2110 1319
f 1918 2155 3428
f 1924 2614 3431
f 1044 1823 1935
f 2342 2644 2519
f 2723 2724 2097
f 2734 2645 4292
f 2647 2150 3879
f 2647 1561 2245
f 3335 4006 1377
f 562 1705 3534
f 1884 3936 3465
f 1949 3759 2649
f 2650 1392 1950
f 1950 2367 2650
f 1394 3363 1952
f 1953 3771 1296
f 794 2458 2168
f 3041 2167 1999
f 2257 2711 2171
f 2748 1438 3535
f 1438 2667 2653
f 2016 4015 4293
f 1306 1570 1991
f 1991 4278 1306
f 2422 2655 1297
f 3569 3885 2010
f 1533 3046 2659
f 2660 4280 506
f 506 3378 2660
f 2023 1556 2347
f 2646 2592 4282
f 2496 3926 2024
f 2662 2026 890
f 2664 2338 1590
f 1235 2234 1817
f 589 2753 2094
f 2094 2036 2504
f 2665 1917 2548
f 2666 3806 3821
f 2666 3677 2897
f 2178 4219 1438
f 2667 4219 1976
f 2249 3111 2282
f 2668 3111 3555
f 2203 3462 3536
f 1675 1671 1038
f 2680 3850 2671
f 500 3373 965
f 2074 3288 1922
f 2675 2077 1320
f 2648 3833 2077
f 1320 3139 2675
f 2675 2326 1322
f 2676 3865 3422
f 2569 2140 3946
f 1834 2691 3949
f 3880 3942 893
f 2086 3543 2678
f 1924 2216 2157
f 3529 2091 2698
f 2607 2170 2525
f 2670 2689 3414
f 2003 2580 2095
f 2095 1849 2679
f 2680 2757 2608
f 2223 1596 2206
f 2722 2222 2096
f 2975 3097 2683
f 1095 2143 2683
f 2227 3477 3947
f 3860 2684 3900
f 2153 3531 3467
f 2373 3080 3948
f 2541 1799 3540
f 2624 3944 1799
f 1014 2192 2687
f 3862 2687 2623
f 3425 2541 2688
f 2689 2270 2220
f 2465 1693 2113
f 2072 3526 2643
f 2210 2158 1925
f 2158 2210 3881
f 2677 1834 3949
f 2567 2735 1834
f 1222 1223 1848
f 3874 2094 2208
f 2694 2094 3015
f 3801 2128 817
f 1201 2462 3801
f 1227 1236 2129
f 1236 2136 2695
f 1235 2165 2234
f 3495 3065 1211
f 1211 2104 3016
f 2135 2692 2132
f 2700 2031 2713
f 2134 1225 2701
f 2702 2554 2555
f 1371 1875 2344
f 2344 1251 2023
f 2633 4289 3819
f 2703 4289 1105
f 2141 3936 2704
f 2302 4036 2745
f 2983 2146 4223
f 4235 4354 2540
f 2706 3478 2613
f 2242 3334 3950
f 2149 3318 2707
f 2193 3879 3951
f 3468 1908 1988
f 2791 2710 2417
f 4196 2639 3531
f 2282 2172 3440
f 2257 2740 2711
f 3872 2173 2712
f 2906 2740 1961
f 2714 2283 3112
f 2000 3488 1495
f 3459 2177 1783
f 2143 3865 2717
f 1444 2534 2717
f 2508 3992 2009
f 2009 3103 2508
f 2719 2190 2315
f 1735 888 2719
f 1240 2699 2237
f 2061 2202 2565
f 2197 2169 2258
f 1336 2274 2720
f 2211 2628 3542
f 2194 2027 1291
f 1297 2655 2721
f 2215 2678 3543
f 2130 3529 2093
f 2223 2482 3480
f 2724 3480 2682
f 2724 3458 2645
f 3110 2725 4294
f 3787 2725 4295
f 2726 2232 2365
f 3386 4004 2726
f 1854 2696 2752
f 1869 2238 2529
f 2728 4286 2709
f 2280 3867 2728
f 3561 2270 2729
f 3062 1961 2283
f 2730 3103 2216
f 3042 4353 2264
f 2265 3490 2732
f 1014 2085 2732
f 2269 2733 2135
f 2224 4292 2645
f 2756 2286 2573
f 2735 2764 2691
f 3491 3883 2272
f 1795 3349 2736
f 1906 4354 4003
f 3020 3809 2287
f 2241 3877 3493
f 3493 4354 2738
f 2739 2281 3462
f 2285 4225 3544
f 1553 3767 2742
f 2286 3937 2743
f 2317 3403 3545
f 2744 3999 3096
f 2352 2302 2745
f 3438 2531 3953
f 1854 2529 2133
f 2338 582 2336
f 1908 2239 2746
f 2244 3951 2746
f 2591 2295 841
f 3310 3699 2745
f 1263 3836 3954
f 2367 2530 2748
f 2653 3535 1438
f 2222 2722 3457
f 2422 3708 3107
f 2029 3848 4296
f 2110 2117 1207
f 2610 1207 2117
f 1676 2204 2168
f 2205 3952 589
f 2615 1763 3113
f 2616 2759 2754
f 2281 2565 2501
f 2031 2527 2597
f 2031 2169 2713
f 2231 3536 2755
f 1676 1957 2204
f 2756 3955 2116
f 2680 3538 2757
f 2669 3537 2758
f 2198 2759 3414
f 2759 2198 2127
f 2759 2127 2754
f 2631 2752 2696
f 2256 1246 2235
f 2760 886 2291
f 3083 2760 2291
f 2597 2761 2031
f 1484 2657 2750
f 1958 2169 2761
f 1854 2332 2696
f 2332 2700 2696
f 2706 3403 2762
f 2317 2738 2762
f 2753 589 3952
f 2173 2711 2740
f 2567 4107 2735
f 2756 4107 3955
f 2293 201 3117
f 1247 498 2765
f 1949 3739 2767
f 635 3196 2981
f 116 3171 115
f 2302 3089 2768
f 2768 2299 509
f 1266 2770 2769
f 628 3605 2769
f 2305 3068 3956
f 3957 628 2770
f 741 3667 2771
f 1447 3839 2771
f 1544 4152 2772
f 1454 3347 2772
f 133 2773 132
f 1281 4120 2774
f 2312 139 2775
f 407 140 2775
f 2545 4275 153
f 1294 4016 538
f 767 2576 2777
f 1303 2931 2811
f 2324 554 3958
f 1665 3238 4297
f 1315 4020 2779
f 556 905 2779
f 2780 564 781
f 569 36 37
f 1338 4130 1337
f 381 71 4298
f 1409 3730 1337
f 45 46 677
f 2433 3588 1350
f 1363 597 3959
f 23 2784 2785
f 3959 2785 2784
f 1605 599 706
f 19 2802 3755
f 2787 3755 2987
f 3332 605 2788
f 2789 4030 2790
f 606 3832 2789
f 2790 12 606
f 606 2789 2790
f 2791 2150 2710
f 2792 862 2803
f 1644 4082 1005
f 2793 4082 2917
f 539 1912 2544
f 1398 2949 2794
f 1117 1481 2794
f 2451 4262 653
f 2796 4157 4023
f 1663 772 2796
f 670 34 35
f 41 1037 40
f 792 671 2797
f 67 577 1341
f 3210 1412 4299
f 2390 581 686
f 670 1355 34
f 21 2397 2802
f 2803 1443 2792
f 742 2825 1453
f 866 2821 2805
f 1450 626 3549
f 3733 4138 3602
f 752 1554 2807
f 3593 3610 4301
f 2575 3523 1465
f 962 4053 3523
f 1470 3995 2809
f 538 3906 2809
f 645 177 545
f 2373 3948 2810
f 2148 2638 2810
f 545 1303 2811
f 767 2777 3550
f 2582 1522 2386
f 971 2456 1753
f 561 1486 1405
f 681 3731 1414
f 3616 2815 683
f 690 1592 1504
f 669 3342 1747
f 2391 588 3551
f 824 3244 2986
f 1421 825 1510
f 1513 3753 2396
f 1515 1966 698
f 1608 604 1366
f 3003 4092 1519
f 707 4092 3146
f 2750 2591 1484
f 2402 4249 1849
f 1224 1849 2095
f 2212 1170 2818
f 1857 3679 2818
f 976 2848 3960
f 2012 2586 2820
f 1531 3409 2820
f 2408 2821 735
f 518 3607 2821
f 3608 3736 1452
f 1389 2350 2822
f 2823 872 732
f 732 1538 2823
f 1389 3337 2824
f 742 2979 2824
f 2825 3198 2823
f 866 2805 2825
f 3384 871 4302
f 871 1981 2826
f 1076 1437 1778
f 1437 2122 2827
f 875 4264 1527
f 1551 4148 2828
f 2828 982 1624
f 3961 2807 2829
f 3174 3609 636
f 611 3670 2830
f 2831 3652 2881
f 2418 3785 534
f 4143 763 4326
f 1741 3262 543
f 3114 2540 3116
f 2833 4123 2810
f 1305 2639 2834
f 1913 2179 2834
f 769 3204 2835
f 649 2375 3962
f 2423 2474 3511
f 1841 2912 2836
f 1573 3367 2837
f 1310 1311 4303
f 777 658 2838
f 552 3183 2838
f 2839 913 914
f 1242 2920 2840
f 3325 666 3585
f 1224 1523 917
f 29 30 593
f 1411 795 1037
f 578 803 682
f 681 1414 1929
f 2842 3211 2389
f 937 939 1759
f 2939 3714 811
f 2064 1502 583
f 696 816 1509
f 2844 3640 1357
f 815 2986 1506
f 595 2845 1603
f 1151 706 1604
f 1527 2467 875
f 639 3779 1610
f 1987 4070 3779
f 3185 2847 1493
f 785 4241 3644
f 972 1119 2426
f 976 3250 3964
f 1535 976 1257
f 1535 617 2848
f 1634 3524 2849
f 2894 2849 725
f 510 2849 2894
f 860 510 1715
f 727 112 2850
f 1382 3624 864
f 731 2851 4305
f 2049 4133 2852
f 3090 4324 1264
f 2622 3943 1639
f 1889 3824 733
f 876 2443 1160
f 3619 1524 887
f 3483 892 2138
f 759 3385 1646
f 641 3706 2855
f 2499 4104 543
f 1116 4096 1019
f 1020 3671 760
f 2421 898 3965
f 898 3260 2857
f 3182 1398 771
f 2794 4038 1398
f 554 4041 2859
f 161 162 2859
f 1026 3053 2951
f 1132 1036 3553
f 1036 1419 3099
f 2861 921 929
f 933 4130 2862
f 4091 2566 2863
f 810 3617 2864
f 2865 1683 1033
f 2068 1685 1148
f 2867 595 1603
f 942 3268 3554
f 2870 958 2038
f 611 1017 1071
f 1655 1017 3299
f 1697 844 1651
f 2008 3375 887
f 716 2878 2871
f 998 1099 2871
f 2872 1703 1701
f 975 1164 1458
f 3621 4364 849
f 1621 1323 2873
f 3391 1087 982
f 2876 1092 3966
f 1092 2895 2874
f 2876 1715 1092
f 1719 1722 2877
f 2472 4264 1002
f 2879 1726 1290
f 1786 4178 1290
f 1102 3967 1003
f 2899 1723 3967
f 2994 4165 1007
f 3968 2831 2881
f 1108 3930 2882
f 1727 3278 3969
f 1394 2415 2473
f 1016 1654 2884
f 890 3407 2884
f 1676 2168 2476
f 2479 2907 1756
f 1141 2886 1137
f 1053 1816 3285
f 1053 2217 1816
f 2068 945 1685
f 1060 1061 698
f 1686 2485 947
f 1100 1722 2888
f 1653 2570 1709
f 2828 1707 982
f 1707 3856 2890
f 2891 1164 975
f 975 848 2891
f 1242 2840 615
f 2078 1080 2892
f 3098 2892 1085
f 1785 3571 3970
f 1290 2960 2893
f 1004 4191 2893
f 1440 2895 725
f 1789 3359 2896
f 1464 3202 2991
f 2897 3758 1791
f 1719 4094 2898
f 1005 3010 2899
f 1102 3680 3971
f 1793 3277 2900
f 2818 3679 3972
f 1727 3669 2901
f 3120 2240 4306
f 3811 2933 4307
f 2970 4126 1312
f 2903 1027 1619
f 1520 1187 1764
f 1187 3507 2401
f 816 2617 1128
f 923 2426 2905
f 3111 2668 1961
f 1485 2477 2907
f 1050 3285 1196
f 1608 706 835
f 1734 957 1153
f 1852 1000 1156
f 839 1071 1655
f 2416 839 2467
f 3973 2908 1557
f 3362 2592 3973
f 2508 2730 2263
f 1529 3756 1210
f 1209 3412 2909
f 984 3679 2910
f 2510 2140 2911
f 3344 2911 2569
f 1800 2966 4308
f 2912 4308 2836
f 2839 781 913
f 3800 2913 1805
f 1189 3685 3974
f 2914 3659 1846
f 2465 1844 1142
f 1507 3559 2915
f 1204 4271 2520
f 2916 4271 1158
f 2917 4110 840
f 1160 1521 2917
f 2276 3817 1230
f 1229 1120 2514
f 1216 1232 2918
f 1749 917 1523
f 1050 2921 1221
f 2919 3757 2327
f 2919 3892 1529
f 1239 1193 1217
f 941 1858 1195
f 2918 1050 1221
f 1423 1965 3692
f 1236 1227 1237
f 4111 2528 4350
f 1238 1123 1242
f 3104 1029 2920
f 499 2922 1872
f 1428 3599 1872
f 3028 3983 3718
f 1289 505 2923
f 1261 2298 2924
f 107 2924 106
f 1886 3464 2925
f 2569 4218 1881
f 2300 3572 2926
f 513 3595 2926
f 2927 3702 3125
f 1174 1451 2927
f 2021 3767 4309
f 1789 2928 989
f 2541 3540 2929
f 2109 1014 3862
f 2930 1911 1800
f 1800 4267 2930
f 2931 1303 542
f 1213 3689 1309
f 770 551 2932
f 1312 2902 2933
f 2935 3977 1314
f 557 159 2934
f 2934 1314 3977
f 1314 4021 2935
f 1622 1779 2936
f 3710 2936 2102
f 1163 3024 2937
f 1923 3014 2937
f 938 1679 809
f 1757 52 2938
f 811 2337 2939
f 2335 3714 2939
f 1349 4325 4310
f 3715 586 3716
f 3329 1350 2940
f 1352 1354 2941
f 1354 3716 2941
f 1585 2801 1355
f 1585 793 1584
f 2360 3161 1356
f 2555 3095 2944
f 2347 2982 2944
f 2349 634 3978
f 3436 1378 4311
f 2621 3528 1784
f 511 3167 3601
f 2946 4010 2410
f 2946 519 3575
f 628 3735 2947
f 3904 4242 2572
f 850 1006 3760
f 1394 2473 2651
f 1951 2661 2473
f 3435 1909 2948
f 2246 3830 4312
f 2949 3684 2794
f 1398 2561 3233
f 1024 4199 1954
f 2950 4199 2451
f 661 2951 2385
f 2951 661 1042
f 662 661 1405
f 2813 566 1330
f 566 3326 1330
f 2059 3516 1407
f 2739 2565 2281
f 927 1410 791
f 3112 2953 2714
f 1414 4197 2954
f 693 815 2956
f 1424 699 2957
f 2958 1616 2176
f 1432 3228 2958
f 2027 3376 1972
f 2959 1972 3869
f 1726 4164 1290
f 3449 2053 4313
f 1947 3251 2961
f 3108 2584 2961
f 2962 4068 4254
f 532 4069 4314
f 1285 3703 1461
f 635 3739 3418
f 184 1289 1466
f 761 2965 2964
f 1564 763 3556
f 1472 2964 2965
f 1020 896 3557
f 541 4308 2966
f 1300 3178 2967
f 1475 4071 4315
f 1309 4059 2968
f 1478 3321 2968
f 1021 2378 2969
f 2969 1479 899
f 2933 3811 553
f 2323 4237 1312
f 4237 1481 4345
f 3044 3818 2971
f 2971 3818 3214
f 795 39 40
f 683 3210 578
f 1083 4185 2974
f 3019 4179 2106
f 2014 3446 2976
f 2055 1652 3558
f 3073 3986 1652
f 1883 3820 1261
f 2298 3820 1257
f 2535 3423 1541
f 868 3783 2978
f 1546 3628 2979
f 2979 742 1453
f 1549 2082 2980
f 1001 4100 2980
f 2659 2166 1533
f 2161 1374 2982
f 2702 2944 2982
f 2591 2386 1522
f 3797 2146 2983
f 3772 3848 2984
f 3451 4352 2029
f 2904 1332 779
f 1324 1329 1919
f 1362 29 593
f 1586 789 1671
f 1601 3661 3979
f 3471 1968 952
f 2464 1968 1426
f 2987 602 2787
f 2786 2987 833
f 884 1796 2022
f 2041 2903 2044
f 1619 911 3980
f 2990 985 1711
f 1711 4316 2990
f 2896 1464 3981
f 3647 2049 3854
f 1640 3047 2993
f 1645 3174 2994
f 2995 1616 1462
f 2193 3951 2996
f 1659 4071 2997
f 1475 4057 2997
f 540 3658 2998
f 2997 3115 1659
f 1741 3672 1022
f 3043 4319 1479
f 4090 4240 1664
f 3000 4240 1954
f 1044 1935 2361
f 1501 1048 1679
f 2481 3113 2233
f 1507 2187 3559
f 2087 2067 2187
f 949 3001 1058
f 821 945 3001
f 2519 4292 2342
f 3003 4147 3191
f 834 4092 956
f 2070 1693 1825
f 3004 1650 964
f 964 2071 3004
f 504 1082 3005
f 3005 1082 2568
f 2534 1093 3982
f 1716 1889 3007
f 2441 1790 3007
f 2052 3383 1638
f 1717 1095 3008
f 1722 1974 3009
f 1723 2899 3010
f 1005 2793 3010
f 1534 4065 3011
f 1113 1018 3012
f 1468 1657 1988
f 1131 1031 3013
f 2454 919 1748
f 1132 2800 1751
f 1755 3430 1923
f 2130 2093 2269
f 2481 2694 3015
f 2094 2753 3015
f 916 1129 2003
f 2099 2484 828
f 1771 952 2464
f 1077 1437 1076
f 1089 3646 3017
f 2079 2990 3018
f 3721 1947 4316
f 2106 3859 3019
f 2013 3938 3019
f 2287 2108 3020
f 3020 2243 2737
f 2901 4342 1727
f 1727 3969 2296
f 2328 3893 1124
f 3800 3207 1189
f 1134 1041 2885
f 3021 1181 1826
f 1826 3341 3021
f 754 3338 3022
f 1206 1832 3023
f 1163 924 3024
f 790 1163 1833
f 1843 2125 3025
f 2904 1863 1332
f 2278 2529 1854
f 3026 1428 2137
f 3027 1796 1250
f 2632 3592 3028
f 1873 1248 3983
f 2513 3930 1878
f 3029 3930 1730
f 3030 4215 3697
f 3030 4272 3463
f 2141 3066 3031
f 1880 1258 3031
f 506 4204 3032
f 2080 3852 1713
f 3033 4229 3899
f 3033 2306 2532
f 2176 2194 1432
f 1648 2539 3034
f 1904 3120 4317
f 1106 4108 3035
f 1631 3494 3035
f 2028 1910 3036
f 3036 1305 2057
f 3470 4371 4142
f 2107 3461 3037
f 3433 1933 4318
f 2955 1358 2942
f 1594 3161 3979
f 3039 1250 3568
f 1489 3038 3040
f 1598 2434 1600
f 3041 1999 2718
f 1511 1508 674
f 2362 2483 1423
f 2055 4221 1652
f 3489 4353 2191
f 2999 1479 4319
f 2378 3909 1479
f 713 3818 1875
f 2076 2155 3045
f 3395 3793 2014
f 1713 4204 3046
f 3382 3047 514
f 1978 2050 4320
f 1530 3766 3048
f 2019 2872 3048
f 2539 3919 1904
f 2028 3789 3049
f 2044 2515 3050
f 1622 4128 3050
f 2047 4108 3051
f 2053 3449 3052
f 3229 3655 1439
f 3775 2951 3053
f 1404 3775 925
f 570 3729 1408
f 1497 1678 2063
f 2001 3751 3054
f 1046 3284 2063
f 2245 1561 3057
f 2214 1291 3882
f 2215 3479 3058
f 3058 3479 2966
f 2111 2250 3059
f 634 2349 3060
f 3060 1170 2212
f 1124 1326 564
f 564 1030 913
f 2630 1319 3061
f 2690 2509 1831
f 3111 1961 3560
f 2763 2283 1961
f 2065 2092 3561
f 2115 2122 1206
f 3063 2116 2199
f 1239 2522 3864
f 1201 3801 817
f 1685 817 2128
f 1226 3306 3401
f 2487 2234 2131
f 1880 3031 3066
f 3886 3066 4322
f 3418 2142 4323
f 2142 2557 3067
f 2144 3956 3068
f 1269 3313 1891
f 3069 2707 2147
f 2147 3877 3069
f 2243 3020 3070
f 2108 3469 3070
f 2709 1908 2346
f 2346 2791 3096
f 3072 3440 2156
f 3486 2164 2245
f 3486 1942 3985
f 2353 1394 1952
f 1957 3041 2204
f 2272 3472 3562
f 1990 3855 2181
f 2192 3490 3074
f 2265 2054 4222
f 1336 2197 1582
f 2198 3414 3075
f 2977 1652 3986
f 2689 2220 3405
f 3857 2102 2226
f 2229 1041 3059
f 1937 2270 2160
f 2231 2266 3078
f 2233 3924 3987
f 3079 3987 2005
f 2373 3094 3080
f 3080 2243 2685
f 2152 2242 3081
f 2290 4226 1295
f 1732 2760 2254
f 2255 2353 1943
f 1928 1413 2252
f 2087 2187 3084
f 3085 589 2504
f 2115 1206 3086
f 3570 1254 3087
f 1179 3503 3087
f 1894 3572 3088
f 2301 1262 3988
f 3089 3574 2768
f 2352 3899 2302
f 2852 1264 4324
f 2312 2309 3091
f 529 2311 3091
f 2333 1499 3093
f 1499 3752 3093
f 1437 1832 1206
f 2540 1906 3116
f 3094 1906 2737
f 3095 2386 841
f 664 1486 663
f 2417 2744 3096
f 3096 2280 3071
f 2552 4132 3918
f 1346 4258 1343
f 3328 4310 4325
f 1055 2434 1598
f 1095 2683 3097
f 973 4099 1085
f 1419 1127 3099
f 1031 1131 3685
f 1748 669 3100
f 1581 2550 3101
f 3102 2499 543
f 2832 4143 4326
f 2009 1830 3103
f 2517 1185 3104
f 1866 1824 2526
f 3600 3724 2530
f 1886 2925 3105
f 2636 3275 3563
f 1451 1174 3106
f 4321 1566 4327
f 1757 2938 1047
f 1047 2938 936
f 3095 2347 2944
f 1969 2554 2922
f 2961 1442 3837
f 1830 2610 3109
f 2196 1928 2626
f 2637 1901 3797
f 1255 2594 3797
f 3110 4294 1293
f 1293 3873 3110
f 3560 1961 3062
f 3082 2160 2689
f 2715 3488 3112
f 2271 3937 2226
f 2754 3924 3113
f 2833 3708 4328
f 3114 4328 2721
f 2998 1659 3115
f 2997 896 3115
f 3116 3094 2373
f 2373 4123 3116
f 3117 1247 2765
f 290 204 3118
f 710 836 3118
f 1403 1874 288
f 202 1369 3119
f 841 2386 2591
f 3485 4306 2240
f 502 4317 3120
f 3122 4011 3123
f 627 3510 3122
f 1272 3199 3123
f 627 3122 3123
f 2411 3626 1273
f 739 3576 3124
f 3989 2927 3125
f 2774 4233 1279
f 3887 3520 1280
f 1277 129 3126
f 2309 4013 3127
f 1718 3397 3127
f 3128 4012 529
f 2308 1096 3128
f 3129 4141 1838
f 1838 4162 3129
f 3130 1114 2576
f 1301 4037 3131
f 4071 3131 4315
f 3635 4365 548
f 3132 4365 3564
f 908 1483 3990
f 1483 4248 3133
f 3134 1481 2323
f 2323 2448 3134
f 169 170 3135
f 3135 774 907
f 3136 2778 1572
f 1572 3158 3136
f 1318 2425 3137
f 909 3238 4329
f 1491 563 4330
f 563 3890 3139
f 96 97 3140
f 3140 563 2329
f 1333 1408 3142
f 1136 3092 1755
f 798 2089 1755
f 67 383 577
f 2335 2939 1345
f 1348 384 1345
f 2337 585 3143
f 64 1348 4331
f 2224 3458 2749
f 281 214 3144
f 2399 705 603
f 832 3642 3145
f 279 2788 3146
f 607 3333 3147
f 3148 4030 1367
f 1367 3902 3148
f 288 1874 3149
f 991 4163 3150
f 1633 3645 3150
f 869 623 3151
f 1546 4153 1386
f 3152 4153 1450
f 632 3737 3153
f 2492 4098 1388
f 125 126 1446
f 525 3172 1446
f 2415 2353 2255
f 2255 2292 2415
f 2793 2917 1521
f 1302 539 1466
f 2354 4239 3154
f 1396 2559 3154
f 645 650 3155
f 2547 3155 548
f 393 392 3156
f 555 3673 3156
f 2357 4090 3157
f 2379 3799 1025
f 2379 1313 4332
f 1313 3136 3158
f 77 78 659
f 1486 1325 2780
f 667 783 3159
f 915 668 782
f 1026 672 1334
f 1931 689 3160
f 940 1415 3160
f 593 2006 1362
f 1594 1417 3161
f 1417 2942 3161
f 3912 3162 596
f 3162 3912 3506
f 2363 3902 3163
f 1427 708 3163
f 1429 1970 1203
f 756 712 3164
f 717 880 3165
f 1781 1920 3165
f 783 1122 3166
f 725 3524 1440
f 1440 723 618
f 511 3515 3167
f 3168 2803 730
f 730 1537 3168
f 3169 1895 3565
f 3169 1538 732
f 624 4049 515
f 3170 4049 2804
f 116 117 3171
f 3171 624 515
f 2806 3733 3172
f 739 2588 3173
f 3173 1544 2772
f 1550 712 756
f 3501 3174 4333
f 1393 2994 3174
f 1466 1467 1302
f 640 2546 1302
f 1299 4236 1018
f 4334 1178 3176
f 3296 4239 1469
f 1472 2965 3177
f 3178 4276 546
f 3178 4057 2967
f 2560 4276 1300
f 766 3635 3179
f 3550 3179 4335
f 2377 2319 3180
f 396 3582 1304
f 549 3907 3181
f 3181 769 2835
f 2858 771 1398
f 3773 4277 771
f 2380 3206 3183
f 3183 552 1573
f 553 1480 3184
f 1310 1915 1311
f 1492 2331 1490
f 1955 784 566
f 1490 3326 566
f 1493 2971 1431
f 1494 694 3186
f 694 1418 3186
f 1584 1508 591
f 38 39 922
f 39 795 922
f 788 1959 3187
f 932 3749 3188
f 686 3212 579
f 598 3912 3190
f 3191 603 956
f 956 3003 3191
f 831 3247 3192
f 3192 1365 2553
f 1518 600 3193
f 830 1364 3193
f 963 2916 3194
f 3445 3195 1780
f 716 973 3195
f 1803 560 2452
f 635 3703 3196
f 1285 3768 3196
f 2407 3623 3197
f 869 3509 3197
f 3224 4284 1539
f 872 2823 3198
f 738 3700 3199
f 627 3123 3199
f 4336 1546 3200
f 2635 1948 4337
f 3698 3704 507
f 1555 3768 3201
f 1559 2991 3202
f 1464 2020 3202
f 2708 2150 2791
f 1989 4203 1474
f 762 3154 3203
f 769 1482 3204
f 551 3339 3204
f 2838 4246 777
f 775 3350 3205
f 3206 4246 3183
f 2380 3747 3206
f 3513 916 3636
f 2003 2095 2679
f 3207 1747 1125
f 1584 591 3331
f 920 788 930
f 2426 923 3208
f 924 3101 1136
f 1412 683 3209
f 801 681 3209
f 2973 3210 1589
f 3547 4299 1412
f 685 2799 4062
f 2566 4091 687
f 808 937 3212
f 1759 3212 937
f 1601 3979 3213
f 2729 2270 1937
f 818 822 1583
f 1331 3711 2844
f 823 820 946
f 820 823 696
f 1055 1819 1669
f 1359 702 829
f 2943 953 702
f 1463 1153 1109
f 1772 1773 2618
f 2436 2971 3214
f 2182 1613 1371
f 3215 1614 3368
f 843 3361 3215
f 1828 3955 2627
f 2131 2234 2165
f 531 2443 3216
f 3217 978 879
f 879 3358 3217
f 3165 851 717
f 718 2819 2848
f 1241 1028 1186
f 1121 2989 1186
f 3219 4186 3344
f 3219 1881 2139
f 1628 2406 3220
f 729 1442 3220
f 2410 625 3221
f 3221 4251 2851
f 865 3381 3222
f 3222 1635 994
f 865 3222 3223
f 623 1382 4079
f 1539 630 3224
f 1455 741 4338
f 2442 998 3225
f 1073 633 3225
f 2827 1975 959
f 748 2403 850
f 3217 3664 748
f 974 3629 3790
f 3226 1647 533
f 3227 533 987
f 987 4170 3227
f 2539 753 3228
f 2437 2958 3228
f 1629 4161 1439
f 1015 3287 3229
f 1559 889 3230
f 889 4048 3230
f 1203 1073 3231
f 1656 3232 892
f 2561 1914 3233
f 2949 1398 3233
f 1565 2421 1660
f 902 4260 3234
f 2448 4261 3234
f 2449 3261 3235
f 902 1569 3235
f 3236 2450 903
f 1023 648 4339
f 1025 4090 3237
f 772 3322 3237
f 1665 4329 3238
f 3238 776 1572
f 782 1745 915
f 844 1697 1033
f 714 3248 3239
f 910 3505 1580
f 791 2952 1045
f 926 1233 1045
f 793 1355 2457
f 2001 3750 1498
f 2432 4076 582
f 937 3242 939
f 2864 1502 3243
f 2064 3160 3243
f 1931 2460 4197
f 2065 1767 1049
f 1844 1682 1216
f 1956 1819 1055
f 1602 1424 949
f 1064 599 3245
f 1066 2398 3246
f 598 2553 3246
f 1967 955 3247
f 1365 3192 3247
f 1434 3693 3306
f 1176 1694 3566
f 1069 1155 1176
f 1737 4095 2521
f 965 1370 500
f 3248 968 1462
f 1817 2234 1774
f 1672 3249 971
f 976 3960 3250
f 1704 2155 3250
f 977 1391 614
f 990 2875 861
f 616 2444 1090
f 984 2910 1090
f 3251 986 1379
f 1379 2961 3251
f 1712 3227 3567
f 987 858 3252
f 510 2875 990
f 870 4134 1388
f 2511 3316 524
f 1455 2370 3253
f 996 2826 3253
f 3525 2600 1623
f 3254 1722 1719
f 3010 3255 1723
f 1008 4122 4083
f 3256 882 2414
f 1463 3257 501
f 1180 957 1773
f 1559 3202 3258
f 2654 3840 4340
f 1911 2930 3259
f 2678 2215 4341
f 646 4055 3671
f 1020 2857 3260
f 2448 4260 1740
f 902 3235 3261
f 1741 1022 3262
f 897 4073 3262
f 906 3614 3263
f 773 3514 3263
f 1207 2009 2583
f 3474 2583 3992
f 1028 2514 3264
f 1030 915 1745
f 1524 3619 1683
f 786 3553 3265
f 2860 1131 3265
f 1040 2477 3266
f 2479 1756 1581
f 912 1043 1667
f 1201 1149 2462
f 1046 2063 2431
f 1054 4177 1145
f 958 4177 1143
f 2482 2205 1766
f 2205 2034 1766
f 951 826 1770
f 1770 3245 951
f 2485 1602 947
f 3145 3591 3269
f 1772 3302 1773
f 2486 1212 3270
f 3270 1176 1155
f 1075 1777 1648
f 1648 3796 1075
f 3276 1097 4099
f 1920 3719 3271
f 2641 3271 1945
f 1456 3525 1984
f 3273 2893 1903
f 1903 3399 3273
f 1787 3675 3392
f 1708 2440 3274
f 1792 4139 1982
f 3563 4291 3106
f 747 4101 1003
f 1103 2900 3277
f 3485 2083 4342
f 2083 2882 3278
f 1112 4095 3279
f 3279 639 1610
f 1695 3357 3280
f 3280 4168 2507
f 1114 1299 3281
f 652 1801 3282
f 3282 1116 1019
f 2902 3321 3283
f 1478 3350 3283
f 1188 1216 1032
f 1216 3452 1032
f 1818 1035 918
f 3284 799 1497
f 1497 2063 3284
f 1218 1139 1051
f 1139 1218 1196
f 958 2870 3268
f 942 3695 3691
f 1818 1507 3286
f 1507 2915 3286
f 1682 3267 1146
f 814 1804 1200
f 1146 1054 1200
f 1150 2505 1599
f 1599 950 1150
f 1000 1086 1156
f 1074 1161 1737
f 3287 1161 2570
f 845 2697 1208
f 3288 2074 1700
f 1700 2642 3288
f 1165 2011 3993
f 1435 1082 3290
f 2909 3756 1209
f 1084 3694 980
f 1103 4101 3291
f 1724 3379 3291
f 3413 1444 4343
f 3865 3292 1444
f 2911 3344 3293
f 3838 4200 3807
f 1175 1620 3294
f 997 2493 3294
f 3295 1172 1835
f 3417 3295 4344
f 3296 4155 1658
f 1179 3087 3297
f 1839 3030 3297
f 1180 1773 3298
f 1429 3341 1154
f 960 1655 3299
f 1017 1159 3299
f 2321 1570 3300
f 3300 2423 2836
f 2453 1190 1126
f 1223 3863 1861
f 692 2523 3863
f 1154 1773 3302
f 2199 1831 2509
f 1746 3416 1855
f 2444 4081 984
f 3303 1171 1793
f 2970 4237 4345
f 1481 1117 3304
f 2932 3689 770
f 1842 652 3994
f 2918 1197 1050
f 1848 3075 1222
f 711 3401 3306
f 1193 1239 1865
f 2277 2727 1870
f 2131 2235 1244
f 1243 1871 813
f 2235 1246 1812
f 498 2766 1249
f 1249 2765 498
f 1493 2847 3307
f 1882 2703 3308
f 2879 4178 1105
f 1883 2470 3309
f 859 3343 3309
f 2745 3546 3310
f 1263 3954 3310
f 3499 4231 1885
f 1888 3345 3312
f 1540 3090 3312
f 1269 1893 3313
f 2535 3466 3313
f 2853 1274 516
f 1898 631 3314
f 631 2806 3314
f 528 1983 3315
f 1282 3397 3315
f 1284 3928 2511
f 1096 3925 3316
f 184 185 1289
f 1647 3226 3317
f 2623 2025 3318
f 2180 3873 2025
f 3657 3726 1953
f 1470 2595 3995
f 1298 2544 542
f 1739 3130 3976
f 3203 4203 762
f 3319 4203 2179
f 1476 4144 1308
f 3320 549 2372
f 2837 4303 1311
f 1183 2968 3321
f 1478 3283 3321
f 3322 4089 3958
f 1313 3237 3322
f 3323 4351 4330
f 1320 2674 3323
f 561 2812 1321
f 1918 2348 3324
f 508 3045 3324
f 1326 3893 565
f 2329 3325 1327
f 2331 3831 1490
f 3326 85 567
f 672 2478 2388
f 808 581 3327
f 2843 4310 3328
f 585 2337 3996
f 2340 1350 3997
f 2783 2940 1350
f 2361 793 3330
f 793 2457 3330
f 674 1508 1584
f 591 32 3331
f 32 2801 3331
f 2701 2100 2221
f 283 596 700
f 596 3162 2396
f 608 4030 3333
f 605 3147 3333
f 2152 4194 3334
f 1909 3932 3334
f 3534 4006 1946
f 1377 3427 3335
f 2803 1441 730
f 1441 2407 3336
f 1389 3736 3337
f 3337 630 1539
f 3338 1390 2495
f 1399 3204 3339
f 3339 551 770
f 660 1574 778
f 2517 2563 1185
f 76 378 1408
f 671 792 2814
f 789 1411 1038
f 685 3587 3340
f 50 1758 3340
f 1417 1420 1934
f 1934 2942 1417
f 1060 698 1966
f 1689 3896 1064
f 1604 599 3896
f 1429 960 3341
f 960 3021 3341
f 1430 712 1695
f 1433 1238 1867
f 617 3309 3343
f 3343 859 2587
f 2569 3219 3344
f 721 4200 3344
f 1980 3762 2018
f 3345 3762 3312
f 1449 4242 4116
f 3346 4116 1896
f 528 2310 3347
f 2286 3495 3348
f 2248 3469 3349
f 2228 2736 3349
f 2383 4248 1478
f 1483 4146 3350
f 1488 782 1576
f 668 1490 784
f 565 1921 2331
f 794 2168 2062
f 2972 679 1591
f 3241 3776 680
f 807 3241 3189
f 680 800 3189
f 1506 1509 2956
f 1515 824 701
f 1513 2395 1512
f 3056 1360 2069
f 2519 2209 2069
f 212 285 1516
f 1126 1129 2453
f 1129 1035 2453
f 1158 2467 746
f 1531 2820 3351
f 856 3018 1947
f 1443 1536 620
f 1536 2556 3352
f 3352 620 1536
f 1443 620 1381
f 735 3761 865
f 3169 3565 1538
f 2978 516 3998
f 516 1274 3353
f 2590 3421 4346
f 867 1540 3354
f 3355 1547 744
f 744 4201 4152
f 1548 1543 3356
f 738 2536 3356
f 876 4078 1550
f 3357 4078 4168
f 974 3664 3358
f 3358 879 847
f 1464 2896 3359
f 989 4052 1789
f 752 4069 1554
f 3360 4069 1459
f 917 3632 3361
f 966 3215 3361
f 2024 4282 3362
f 2908 3973 2592
f 1798 535 3363
f 3364 1564 644
f 644 3908 3364
f 1567 648 1569
f 391 390 4347
f 557 3977 3365
f 3366 1401 1571
f 1571 3774 3366
f 654 4303 3367
f 1573 907 3367
f 1575 2951 1042
f 1184 2904 912
f 2095 814 1224
f 3215 3368 843
f 3342 3369 1125
f 2182 1940 1613
f 1079 779 972
f 41 675 2428
f 1587 2430 796
f 2206 1596 2598
f 823 946 3371
f 946 2343 3371
f 949 947 1602
f 828 2464 1769
f 828 2484 1771
f 1225 1866 3372
f 2454 842 919
f 3100 669 2393
f 1615 3644 3374
f 885 3374 967
f 1651 887 3375
f 3375 2008 1011
f 638 1972 3376
f 2040 3025 2125
f 2488 2515 2125
f 3377 2500 2903
f 1456 1084 1166
f 981 2602 2042
f 1721 3398 1623
f 719 1973 1984
f 3378 2603 2558
f 2558 2660 3378
f 3380 2991 1559
f 1559 3230 3380
f 723 2587 1632
f 1635 3222 3381
f 1383 1384 4348
f 1384 2993 3382
f 3396 4212 2052
f 3383 1717 3008
f 1641 2368 3384
f 2826 4302 871
f 397 641 4349
f 2855 4166 641
f 1789 1094 2928
f 885 2039 1649
f 1238 1433 3386
f 1668 4111 4350
f 1188 1232 1216
f 922 789 3141
f 1999 2607 2062
f 939 1680 3387
f 1344 687 3387
f 2843 3714 1502
f 2064 3243 1502
f 3267 2465 1143
f 594 3662 2485
f 945 3434 817
f 3001 945 3388
f 3389 1604 1968
f 1968 3471 3389
f 2074 3455 3390
f 1409 71 3390
f 910 923 3249
f 854 1087 2611
f 504 982 1087
f 1708 3274 3392
f 3392 855 1944
f 3393 1710 1265
f 1265 3006 3393
f 2080 3395 3394
f 2145 4217 722
f 3449 4172 4217
f 2014 2976 3395
f 988 1643 3395
f 3396 4209 3422
f 2052 3442 3396
f 1096 2308 3397
f 1718 3315 3397
f 2081 2121 3398
f 719 1984 3398
f 3688 1091 3921
f 1172 3804 3399
f 884 1611 1728
f 1728 1009 884
f 1255 505 2084
f 3487 638 3798
f 1733 1985 3400
f 1109 1012 3400
f 3402 3011 1111
f 1111 4103 3402
f 1696 4095 3287
f 2744 3545 3999
f 2317 2762 3403
f 1743 3133 3404
f 656 4279 3404
f 665 2563 1745
f 3014 3430 2782
f 1340 1501 938
f 581 2390 1758
f 2670 2616 2598
f 3406 2098 1850
f 1850 1599 3406
f 1065 2845 3660
f 1776 2884 3407
f 890 2496 3407
f 1781 3165 880
f 717 2403 880
f 1435 1167 1781
f 1781 2568 1435
f 2620 3460 3408
f 1211 3065 3408
f 2621 983 1088
f 1088 3528 2621
f 634 978 3409
f 3409 2012 2820
f 1135 1485 2479
f 1219 2522 1141
f 1851 838 3410
f 3076 2102 2936
f 3481 3076 1779
f 1552 2371 3412
f 1166 2909 3412
f 3292 4343 1444
f 3413 4343 1836
f 1837 3017 1173
f 1861 3844 2693
f 1202 1153 1851
f 562 3534 3415
f 1946 2468 3415
f 1168 1856 3858
f 1746 3518 1168
f 1867 1782 3416
f 615 1855 3416
f 2676 3946 2140
f 1976 4218 2569
f 4182 1260 4187
f 1882 3295 3417
f 3067 4323 2142
f 3418 4323 2963
f 3033 2352 2306
f 2352 3699 3419
f 1888 622 3420
f 622 4133 3420
f 2853 3824 1636
f 2471 867 4000
f 1717 4212 3422
f 1976 2676 3422
f 1893 3822 2535
f 3423 868 2978
f 1174 2927 3424
f 3424 1284 2511
f 536 3483 2138
f 3425 535 1798
f 1907 4273 3426
f 1909 3435 3426
f 1302 2546 1912
f 1704 3428 2155
f 3427 4250 1945
f 2327 2404 4001
f 1704 1323 3428
f 1323 3271 3428
f 1755 2089 3430
f 1926 2782 3430
f 2614 3072 3431
f 2335 3895 1681
f 1345 2359 3432
f 1351 4318 1933
f 4132 4258 584
f 695 3711 2955
f 1936 1358 2955
f 945 821 3434
f 2463 3434 697
f 1909 4194 2948
f 2945 4311 1378
f 1278 4270 3437
f 2635 4290 1948
f 2649 2585 3438
f 3438 1392 2531
f 1954 3673 3439
f 555 1571 3439
f 1419 943 1034
f 1362 28 29
f 2249 2282 3440
f 2172 2156 3440
f 701 2867 1603
f 1970 3302 1772
f 1772 3566 1970
f 3441 1694 1203
f 1437 1206 2122
f 1977 3535 3442
f 2653 3396 3442
f 2716 3459 1973
f 1738 3012 3443
f 1988 2151 3443
f 1473 2030 1992
f 3323 2387 4351
f 1995 2656 1941
f 2004 3185 3100
f 829 1601 3213
f 1524 1733 3444
f 1165 3195 2011
f 3048 3445 1530
f 2586 2012 1391
f 1391 2351 2586
f 3046 3665 2014
f 3567 4263 1712
f 2192 3074 3447
f 3447 2180 2025
f 1591 1963 809
f 2114 3085 1600
f 2047 3051 3448
f 881 1563 3448
f 2960 4313 2053
f 3449 4313 4172
f 1011 3798 3450
f 2995 3450 638
f 2056 4210 3451
f 2984 2029 4352
f 2058 3507 1187
f 3452 2058 1032
f 2087 3084 3055
f 2064 583 1931
f 1599 2505 3453
f 1063 2506 3454
f 965 3373 836
f 1409 3390 3455
f 2146 2594 3456
f 1730 3484 3456
f 1561 2647 2996
f 2084 3029 1730
f 3022 2619 754
f 2089 1677 1926
f 2159 3002 2749
f 3458 2682 2749
f 2224 2645 3458
f 2100 1687 1769
f 1783 1456 3459
f 1984 1973 3459
f 1211 3408 3460
f 2684 3860 2107
f 3461 3860 3319
f 2203 2739 3462
f 571 3537 3462
f 2115 1617 2122
f 2124 3030 3463
f 2527 2237 2699
f 1868 2126 2135
f 1881 2925 3464
f 1886 3530 3464
f 2649 3953 3465
f 3465 2557 2142
f 3068 3313 3466
f 3466 2535 1541
f 2638 2148 3467
f 3467 2685 537
f 1657 4084 3468
f 2248 3070 3469
f 2108 3492 3469
f 1795 2413 3470
f 3470 2107 3037
f 2120 2643 3526
f 2700 2237 2031
f 788 3187 930
f 3187 2564 930
f 3112 2260 2953
f 2715 2283 2740
f 2175 3389 3471
f 2464 952 1968
f 3073 3562 2181
f 2272 3883 3472
f 2162 2656 2182
f 2167 2184 1999
f 2059 1407 1750
f 3473 2508 1133
f 1133 1744 3473
f 1525 3138 3474
f 2016 2977 3475
f 2265 2732 3475
f 900 1565 3476
f 2195 3789 3476
f 2198 1848 2693
f 2366 1917 2665
f 1178 4334 3477
f 2200 3947 3477
f 2072 2158 2720
f 2721 3543 3478
f 2215 3543 3479
f 3457 2682 2222
f 1766 2682 3480
f 2488 3481 1779
f 2736 2228 4002
f 3469 3492 2228
f 3082 2670 1596
f 536 3788 3483
f 3483 4224 2854
f 2083 3485 3484
f 2240 3456 3484
f 2240 3484 3485
f 3278 4342 2083
f 2245 3057 3486
f 3496 3985 1942
f 2282 3560 2284
f 2088 2156 2250
f 3487 3798 3502
f 3077 2256 2165
f 2000 2185 3488
f 2174 2260 3488
f 1553 3544 3489
f 3042 2191 4353
f 1014 2732 3490
f 2272 2494 3491
f 2227 3630 3491
f 2287 3884 2108
f 3492 3884 2316
f 3086 2275 2439
f 1227 2129 2277
f 2737 1906 4003
f 2762 2738 4354
f 3494 2742 2021
f 2021 3035 3494
f 1211 3348 3495
f 1373 3985 2255
f 2301 3988 3498
f 2300 2926 3498
f 1885 1893 3499
f 1269 3519 3499
f 3500 2310 528
f 528 3315 3500
f 1286 3501 2313
f 534 1393 3501
f 3502 2314 2163
f 2163 3487 3502
f 2325 1321 2812
f 2812 561 2385
f 1876 2345 3503
f 2345 4008 3503
f 977 2875 2351
f 1186 2989 2517
f 2563 2517 914
f 1668 4350 3386
f 2101 2726 4004
f 3170 731 621
f 3504 2384 658
f 2382 776 4355
f 1043 1580 3505
f 2844 2392 588
f 2395 3162 3506
f 1377 3594 3508
f 2641 4250 1918
f 2409 3197 3509
f 869 3151 3509
f 3510 627 2411
f 3510 2411 1273
f 903 2450 3511
f 3511 1841 2836
f 2424 3135 2384
f 907 552 2384
f 1505 3843 3512
f 3513 3636 1747
f 1747 3207 3513
f 2795 4262 1307
f 2451 3263 3514
f 794 1762 2458
f 1675 1038 2458
f 1180 3298 2466
f 4009 3515 2470
f 3516 3923 1034
f 1040 2907 2477
f 1847 3411 1056
f 1212 2486 633
f 1073 4167 633
f 2024 3407 2496
f 1163 790 1135
f 1218 1051 2502
f 2503 3728 3516
f 1419 1751 943
f 2504 1600 3085
f 1899 3424 3517
f 3517 2511 524
f 1190 1130 1199
f 1855 2524 1746
f 1894 3827 3519
f 2532 3499 3519
f 2537 1276 3520
f 1277 3126 3520
f 2307 4232 2537
f 3521 4232 4290
f 2086 2613 3478
f 2361 1935 793
f 2573 2716 2764
f 1973 2691 2764
f 747 2880 3522
f 3164 1430 4005
f 1430 962 3523
f 2607 1999 2652
f 1999 2184 2652
f 2062 2607 794
f 1962 1413 2579
f 3186 786 1494
f 2586 3351 2820
f 725 2849 3524
f 2750 2295 2591
f 2733 2597 2527
f 1456 1166 3525
f 1721 1623 2600
f 2072 3542 3526
f 1830 3109 3103
f 2157 2216 3103
f 1669 1147 2617
f 2908 886 3527
f 1784 3528 4356
f 1813 1194 1193
f 2698 2218 3529
f 2722 2134 2701
f 2701 2221 2722
f 2633 3464 3530
f 3530 1886 2603
f 3531 2639 1910
f 1910 3847 3531
f 2640 715 3532
f 2601 3532 1916
f 1829 1832 3533
f 3335 1946 4006
f 1946 3415 3534
f 2653 3442 3535
f 1977 2634 3535
f 2669 2755 3536
f 2231 3078 3536
f 2669 3462 3537
f 2159 2749 3538
f 2680 2671 3538
f 3539 1850 2098
f 3540 2686 2109
f 2109 2929 3540
f 2663 2727 2752
f 2704 3936 4357
f 1884 3953 3541
f 2213 4223 2146
f 2214 3875 2705
f 2700 2713 2696
f 2031 2237 2527
f 2072 2720 3542
f 2086 3478 3543
f 2721 3479 3543
f 2221 2608 2757
f 2731 3489 3544
f 3544 1553 2742
f 2744 2289 3545
f 3545 2290 2317
f 2531 4230 3546
f 2745 3541 3546
f 1673 2501 2565
f 2169 2031 2761
f 2798 3547 3209
f 577 1342 3547
f 2802 2397 3548
f 3548 600 1518
f 3549 2806 631
f 631 3152 3549
f 1567 3179 3550
f 3550 4335 767
f 1137 1410 927
f 2816 1574 3551
f 660 2391 3551
f 2860 3265 3553
f 786 3186 3553
f 3663 2868 1606
f 1683 2865 3554
f 1823 3411 1847
f 1784 4356 1378
f 2281 2668 3555
f 3556 2964 1472
f 1472 644 3556
f 3557 2965 761
f 2857 1020 4358
f 3558 2977 2016
f 2016 4293 3558
f 857 2981 1555
f 1555 3201 857
f 3559 2187 2005
f 2005 3975 3559
f 1038 1671 789
f 929 2091 2861
f 828 1769 1687
f 1960 2002 573
f 573 3842 1960
f 2087 3055 2207
f 2207 2067 2087
f 3560 3062 2953
f 944 1820 3561
f 3562 3073 2264
f 2264 4283 3562
f 2169 2197 2631
f 3563 3106 2538
f 1900 2636 4359
f 1569 902 3564
f 3234 901 3564
f 3381 865 3565
f 865 1538 3565
f 885 967 3368
f 3441 1970 3566
f 1772 1069 3566
f 3567 4170 2469
f 3446 4263 2469
f 1368 4112 2765
f 2766 3599 1249
f 196 1873 195
f 2296 1254 3568
f 2294 3039 3568
f 2297 3885 3569
f 3570 2294 1254
f 1797 3087 1254
f 1785 3807 3571
f 2300 3088 3572
f 1891 4368 4190
f 3573 401 2299
f 2299 3574 3573
f 2301 3573 3574
f 2299 2768 3574
f 863 3171 728
f 515 728 3171
f 119 2946 3575
f 519 4049 3575
f 406 143 3576
f 739 3173 3576
f 525 126 3577
f 2307 3887 3578
f 1900 4359 3578
f 1792 137 3579
f 137 338 3579
f 527 136 526
f 3500 4173 2310
f 1662 3550 2777
f 2560 1397 4361
f 1397 156 3581
f 396 157 3582
f 544 3612 3582
f 2376 3907 3583
f 3583 1307 3514
f 172 173 654
f 3504 776 909
f 3917 4373 1317
f 3137 2425 909
f 374 83 2328
f 1327 3325 3585
f 1406 94 4362
f 92 1406 91
f 1406 2813 1330
f 286 211 1358
f 1333 3429 73
f 44 45 684
f 678 2358 3586
f 48 3340 3587
f 685 2842 3587
f 934 2431 2063
f 50 51 1758
f 3588 1349 1930
f 2341 1503 3589
f 585 3996 3589
f 1354 1352 587
f 670 2457 1355
f 1234 1688 3371
f 700 2943 1361
f 1689 2506 1769
f 1607 18 2787
f 955 3663 3590
f 3590 1066 3246
f 3591 3145 2869
f 2869 708 3591
f 604 3832 14
f 606 12 13
f 2363 2788 605
f 3592 1876 1372
f 1372 3983 3592
f 610 205 3149
f 1376 3610 3593
f 150 151 4363
f 2348 3508 3594
f 1377 4006 3594
f 402 2926 3595
f 3595 513 1380
f 1443 1381 2792
f 3577 1276 1898
f 2322 176 645
f 760 4055 2355
f 1915 550 3596
f 3155 2547 2322
f 3157 3799 3597
f 1743 3404 3597
f 1030 1745 914
f 93 94 1406
f 1406 4362 2813
f 780 1042 662
f 2252 1963 2480
f 2360 590 3213
f 700 2396 2943
f 1604 3389 1151
f 193 194 1372
f 194 195 3598
f 2665 1828 2366
f 2530 2367 3600
f 1950 2660 3600
f 718 617 3343
f 2408 3625 2821
f 1542 4151 3732
f 1445 3733 3602
f 3603 2368 1641
f 1641 3734 3603
f 1267 2144 3604
f 1541 3998 3604
f 3605 2369 1387
f 1387 2769 3605
f 3606 2370 1455
f 1455 4338 3606
f 2805 2821 3607
f 630 3736 3608
f 1452 3737 3608
f 3609 3174 1645
f 1645 1460 3609
f 2807 4301 3610
f 1376 3889 3610
f 4136 4276 3611
f 2560 4361 3611
f 3180 3582 3612
f 544 3320 3612
f 3184 1915 3613
f 1915 3596 3613
f 1482 4145 3614
f 906 2562 3614
f 588 2392 691
f 1705 3833 3534
f 2648 4006 3534
f 2847 3185 2004
f 2004 785 2847
f 569 37 671
f 2429 3616 1496
f 1340 1413 2334
f 807 805 3211
f 3284 579 799
f 688 1048 799
f 812 3551 588
f 2391 2844 588
f 1417 1594 815
f 2463 1059 817
f 1941 1574 2577
f 2816 3551 812
f 2986 3244 2394
f 2397 1425 3618
f 1425 703 3618
f 597 1363 1424
f 887 1651 3619
f 844 1683 3619
f 2818 3972 3620
f 1103 2046 3620
f 2873 849 4364
f 849 3960 3621
f 1443 2803 3168
f 3622 1537 730
f 730 3336 3622
f 3624 4305 2851
f 734 3197 3623
f 623 734 1382
f 3623 4305 734
f 518 1542 737
f 737 3607 518
f 518 2821 3625
f 736 625 3625
f 2411 4252 3626
f 3626 739 3124
f 2412 3764 3627
f 521 745 3627
f 2824 2979 3628
f 1546 4336 3628
f 1974 1101 1155
f 1155 1434 1974
f 2472 2891 848
f 848 975 531
f 3629 2828 1624
f 1624 3790 3629
f 2413 3491 3630
f 2227 3947 3630
f 1611 1556 3631
f 3631 612 2071
f 966 3361 3632
f 917 1749 3632
f 2646 1951 2883
f 3633 3203 2559
f 2559 642 3633
f 901 4247 3634
f 655 3596 3634
f 650 3991 3635
f 3132 548 4365
f 1577 1324 667
f 2679 1578 3636
f 921 2861 2455
f 1583 31 787
f 930 2476 676
f 684 2389 806
f 934 3241 3637
f 1959 931 800
f 931 3189 800
f 804 2815 2429
f 810 3243 3639
f 1415 940 3639
f 1760 2217 1593
f 1579 3963 843
f 1937 3056 2729
f 3640 2844 2391
f 2434 1055 1765
f 826 951 3641
f 703 2435 3641
f 3642 832 704
f 3642 704 601
f 3643 2618 1773
f 1609 837 500
f 2847 785 3644
f 967 3374 3644
f 1619 972 1666
f 2440 3150 3645
f 1633 4093 3645
f 511 3601 723
f 1173 3017 3646
f 2819 718 724
f 724 861 2819
f 619 4304 728
f 1635 4133 3647
f 1637 3854 2049
f 870 2350 3648
f 3823 3649 4366
f 1270 3169 3649
f 1098 1100 999
f 1720 999 1086
f 748 3790 3650
f 1702 2568 3650
f 1007 749 3651
f 3651 1645 2994
f 895 4155 3652
f 1563 2881 3652
f 883 3201 3653
f 3653 751 882
f 1651 3450 4244
f 968 1697 3654
f 3655 3229 2570
f 1016 3670 3656
f 891 2520 3656
f 1654 1016 756
f 756 3164 1654
f 1299 1739 2318
f 1658 4085 3657
f 758 3726 3657
f 1659 2998 3658
f 540 4054 3658
f 1186 2517 3104
f 971 3249 1039
f 1039 923 2905
f 1191 1845 2456
f 1845 1846 3659
f 2361 1410 1044
f 934 3776 3241
f 804 2429 2863
f 1591 809 935
f 1938 1364 3245
f 2867 1517 595
f 1601 829 3661
f 953 3754 3661
f 1691 2868 3663
f 1606 3590 3663
f 2037 832 3145
f 2869 3145 3642
f 1694 4167 1073
f 1204 891 611
f 3217 3358 3664
f 974 3790 3664
f 1706 2493 999
f 3046 1533 3665
f 857 4263 3665
f 1094 2896 3666
f 3666 858 987
f 860 2351 2875
f 1391 977 2351
f 3667 3253 1981
f 1981 2771 3667
f 1002 716 1165
f 998 2871 2878
f 716 1002 2878
f 1727 3795 3669
f 3670 2884 1776
f 1776 2830 3670
f 891 3656 3670
f 3671 1020 3260
f 1741 899 3672
f 3672 1479 2999
f 1400 3156 3673
f 555 3439 3673
f 1672 1026 1674
f 783 1489 1122
f 1038 676 2476
f 672 1672 2478
f 581 1758 1757
f 2694 2233 2208
f 943 2581 1128
f 1056 3411 1767
f 2098 2007 3539
f 2068 3388 945
f 826 2505 1770
f 1150 950 1770
f 708 1427 3591
f 1101 3270 1155
f 1722 3009 2888
f 839 3231 3674
f 1160 4078 876
f 1775 2443 876
f 1076 1778 970
f 2125 3481 2488
f 2042 979 854
f 854 981 2042
f 3675 1784 855
f 855 3392 3675
f 983 2621 3676
f 1784 3675 3676
f 1788 1627 985
f 1788 985 2990
f 993 3794 1716
f 2666 3821 3677
f 1638 3383 3677
f 1706 981 2493
f 998 2442 1099
f 2899 3971 3678
f 3678 877 1644
f 2900 3972 3679
f 1857 2910 3679
f 1102 2490 3680
f 3680 1104 2889
f 2494 2604 3681
f 2285 2446 3681
f 2447 3922 2026
f 1696 1015 3682
f 3682 1111 2445
f 2499 3102 3683
f 768 2375 3683
f 1801 1842 3684
f 1117 2794 3684
f 1119 972 1027
f 1127 2060 3685
f 692 1188 2518
f 1032 1215 2518
f 1215 3301 3686
f 1199 3686 1190
f 1811 1048 1501
f 1761 1195 1140
f 1141 941 1057
f 1057 2886 1141
f 1815 1197 1232
f 2217 1053 1593
f 1975 1157 959
f 1072 4102 3021
f 1074 1395 3687
f 1077 1076 1245
f 3348 2573 2286
f 1829 2366 3023
f 3688 1172 3399
f 2932 1309 3689
f 1213 3994 3689
f 1229 1184 1120
f 1132 1419 1036
f 1219 2126 2522
f 3690 2915 1861
f 1861 2523 3690
f 3691 1862 1145
f 1145 3268 3691
f 1060 1423 3692
f 1434 1069 3693
f 853 1083 2974
f 615 1489 1855
f 1783 980 3694
f 1084 1456 3694
f 1241 1230 1028
f 3077 1825 1859
f 1862 3691 3695
f 1193 1194 1217
f 1233 2692 1045
f 3813 3401 1068
f 1186 3104 1241
f 1239 1858 2522
f 1238 2528 1123
f 1698 1237 1245
f 1249 3718 3983
f 2022 1796 3696
f 3696 1796 3027
f 206 1252 1403
f 505 4272 3697
f 3697 1878 3029
f 105 106 2298
f 1256 3031 3698
f 1258 3704 3698
f 3699 3310 2747
f 2747 3419 3699
f 3700 738 1543
f 1543 3939 3700
f 740 2350 3701
f 629 4336 3701
f 1279 3125 3702
f 1451 4181 2927
f 1285 3196 3703
f 635 3418 3703
f 1258 399 3704
f 2929 3862 3705
f 2623 4273 3705
f 3706 1294 758
f 758 2855 3706
f 1908 3468 3707
f 3707 1656 2854
f 1293 2707 3318
f 2543 3107 3708
f 3708 2422 1297
f 1739 2544 1912
f 1912 2318 1739
f 2932 551 3709
f 2562 4279 1568
f 2267 2043 3710
f 1322 3934 2675
f 1489 783 3038
f 1331 1936 3711
f 3014 3712 2937
f 1922 4129 2090
f 2548 1829 2119
f 1590 4132 3713
f 3713 1930 2664
f 583 1502 3714
f 386 4198 4367
f 3329 3716 586
f 3329 2940 3716
f 209 819 1357
f 819 1331 1357
f 1934 2955 2942
f 1331 819 1936
f 1938 2786 1364
f 2399 3192 3717
f 3717 2553 3190
f 1939 709 1427
f 1249 1248 2765
f 1877 1253 3718
f 3718 2632 3028
f 1529 3891 3719
f 1945 3271 3719
f 1537 3846 2556
f 2017 3837 3720
f 3018 4316 1947
f 1711 3966 3721
f 3572 4190 513
f 3068 2305 4368
f 726 2792 1381
f 736 3221 625
f 1388 3153 3723
f 3723 1452 2822
f 2558 2603 3724
f 3724 1886 3105
f 749 3740 3725
f 3725 1460 1645
f 758 1294 3726
f 1562 3995 3726
f 1402 2562 3727
f 3727 906 1742
f 1745 2563 914
f 1407 3516 3728
f 2503 1819 3728
f 3729 925 3142
f 2782 1338 3730
f 3730 1409 3455
f 937 3327 3242
f 1511 818 1508
f 1866 2526 3372
f 599 1605 1938
f 1428 1872 2922
f 499 1969 2922
f 609 3718 3599
f 1436 2587 3524
f 1440 1628 2895
f 986 2874 2895
f 1445 3602 3732
f 625 4067 3732
f 1445 520 3733
f 1446 3172 3733
f 3346 522 4369
f 522 3603 3734
f 1267 4114 3735
f 1448 2947 3735
f 630 3337 3736
f 3736 1389 2822
f 745 4243 3737
f 1452 3153 3737
f 1453 2805 3738
f 3738 737 1450
f 635 2767 3739
f 3739 1949 2142
f 1460 3725 3740
f 749 3256 3740
f 3741 2085 1735
f 1735 2315 3741
f 640 1302 1467
f 1470 2809 3742
f 765 2057 3743
f 3743 1305 2834
f 2965 3557 896
f 767 2811 2931
f 1476 394 3744
f 3744 394 1307
f 1477 2375 3745
f 3745 651 2372
f 1660 2421 3746
f 3746 1022 2999
f 1480 3811 3747
f 1802 3206 3747
f 1117 3684 1842
f 1801 652 1842
f 908 3910 3748
f 3748 777 3205
f 1994 1522 3149
f 1803 664 663
f 1941 1994 1574
f 922 795 1411
f 921 792 2797
f 2185 2000 1678
f 573 1498 3750
f 680 3776 3751
f 3054 3751 1588
f 2973 1589 3752
f 1589 4131 3752
f 1759 939 1048
f 2617 816 696
f 1506 2956 815
f 1512 3754 3753
f 953 2396 3753
f 701 1603 1966
f 3755 1518 833
f 833 2987 3755
f 1852 1817 1000
f 1522 2582 610
f 1463 1985 3257
f 2909 853 3756
f 1529 3290 3756
f 2974 1228 3757
f 1228 2327 3757
f 3097 2975 3758
f 2441 4287 3758
f 2585 2649 3759
f 1949 2767 3759
f 1391 2012 3760
f 1538 865 3761
f 3761 735 2821
f 1980 3354 3762
f 1540 3312 3762
f 2589 3603 3763
f 522 3346 3763
f 1548 4050 3764
f 521 3627 3764
f 2980 873 3765
f 873 2898 3765
f 2019 3048 3766
f 1530 3856 3766
f 2021 2742 3767
f 3767 1553 989
f 1555 3196 3768
f 3362 3973 3769
f 2830 1776 3769
f 2575 1465 3770
f 1558 3944 3770
f 1396 4239 3771
f 1570 2321 3772
f 2030 3848 3772
f 2423 1306 3773
f 3365 3977 3774
f 2935 3366 3774
f 660 3551 1574
f 1404 2385 3775
f 1576 668 784
f 784 1488 1576
f 934 2063 3776
f 1588 3751 3776
f 2032 690 1416
f 1416 582 2032
f 2394 1506 2986
f 2036 3874 1598
f 1956 1055 1598
f 1850 2671 1599
f 822 2463 697
f 3777 3371 1688
f 1688 2114 3941
f 2485 699 1602
f 2808 4053 1610
f 3280 2507 4370
f 639 4259 3779
f 1613 3214 713
f 1615 2658 3044
f 2081 3398 1720
f 3780 2125 2515
f 2515 2044 3780
f 1624 504 3781
f 504 3005 3781
f 1978 1640 3782
f 1637 4080 3782
f 868 3806 3783
f 3783 1791 2622
f 1642 2605 3784
f 741 2771 3784
f 2418 759 3785
f 3785 1646 2831
f 1075 1649 1777
f 1650 3786 964
f 1072 3299 1159
f 2958 1462 1616
f 3074 4222 2180
f 2261 3876 3787
f 1004 2053 3052
f 2996 3951 3788
f 2244 4224 3788
f 2028 3476 3789
f 2195 2056 3789
f 911 1619 1666
f 1666 2985 911
f 3264 1120 912
f 1671 1675 929
f 1338 1926 2862
f 1677 2333 2862
f 2185 1678 3812
f 1064 1770 950
f 1690 1065 3660
f 2658 3004 612
f 612 2578 2658
f 1697 968 3248
f 1624 3781 3790
f 1702 3650 3790
f 1257 3964 3497
f 1706 999 1721
f 999 1720 1721
f 3791 3392 1944
f 1944 3978 3791
f 3792 3394 1625
f 3793 3395 2080
f 2080 1713 3793
f 993 3938 3794
f 2303 4324 3794
f 2082 3254 873
f 1724 747 3522
f 1796 1107 3795
f 3669 3796 1729
f 1009 1075 3796
f 536 2637 2983
f 1731 1732 1011
f 638 3450 3798
f 3798 1011 1732
f 1074 3687 1161
f 2544 1298 182
f 2379 3910 3799
f 1743 3597 3799
f 916 2003 2679
f 1189 3974 3800
f 1129 1805 2913
f 1833 1753 790
f 1808 1134 1040
f 1040 1756 2907
f 1820 944 3801
f 688 1759 1048
f 2220 2112 3405
f 2733 2269 2093
f 3401 1734 1153
f 2753 3952 4265
f 950 3454 2506
f 1771 1768 1065
f 746 3216 3802
f 3803 980 1783
f 1786 3399 3804
f 3804 1172 3295
f 2441 3007 3805
f 733 3943 3805
f 868 3822 3806
f 2051 3821 3806
f 1794 3571 3807
f 1785 3838 3807
f 537 2154 4007
f 3470 3037 4371
f 3809 3020 2737
f 2737 4003 3809
f 2686 3861 3810
f 2902 4307 2933
f 3811 4307 3747
f 2550 1810 932
f 3812 1811 2334
f 1815 3285 1197
f 1956 3055 2461
f 1068 2070 2230
f 1434 1852 3009
f 3022 2495 3814
f 3814 1072 1159
f 3533 1853 1829
f 1853 2119 1829
f 1833 1078 2478
f 2827 2122 1975
f 616 1088 3815
f 3815 1835 1172
f 1837 1173 3816
f 1627 1788 3816
f 1627 1173 2440
f 2440 3645 1627
f 2631 2713 2169
f 1815 1198 1593
f 2127 2198 1144
f 2514 1230 3817
f 3025 1863 1214
f 3025 1214 1843
f 2103 1433 1867
f 1869 1813 2238
f 813 1869 1243
f 713 3214 3818
f 1428 3026 609
f 3483 2854 892
f 3819 1260 2139
f 2139 2633 3819
f 3309 1535 1883
f 1638 3677 3821
f 2533 4188 2051
f 3822 1893 1885
f 3822 1885 2051
f 1270 3649 3823
f 3823 2018 3345
f 2853 3943 3824
f 1889 4000 3824
f 1266 146 3825
f 1380 3722 3825
f 1892 4117 1896
f 2590 4281 1274
f 2532 3519 3827
f 3827 1894 3088
f 1897 142 3828
f 3828 1275 2772
f 3578 3887 1900
f 1280 2773 3829
f 2543 2810 2638
f 2246 2710 3830
f 1373 2247 3830
f 3184 1311 1915
f 1920 1621 3165
f 2331 1921 3831
f 3831 85 3326
f 2479 1581 3101
f 2625 1133 1996
f 1996 2508 2263
f 2119 3064 2210
f 1337 3730 1338
f 938 1963 2252
f 1349 4207 2664
f 695 2955 1934
f 2644 3539 2519
f 2734 2097 2645
f 1939 1427 1367
f 1939 2789 3832
f 13 3832 606
f 2161 2022 1374
f 3038 562 3415
f 2648 3534 3833
f 1705 2387 3833
f 1950 1392 2585
f 2015 4280 2585
f 1952 535 3435
f 2167 3041 2183
f 2183 2171 2167
f 2171 3842 3834
f 1495 2715 3834
f 2174 3488 2185
f 679 2626 2480
f 1420 1417 693
f 1420 1597 1934
f 1584 1935 674
f 1060 1966 2845
f 1438 2748 3835
f 3835 2530 3105
f 2748 3535 3836
f 2634 3954 3836
f 2017 3047 3837
f 3837 2405 3108
f 1785 3970 3838
f 3838 1979 3293
f 1980 4205 3839
f 1447 3903 3839
f 2654 4293 3840
f 1735 2085 888
f 1987 3779 888
f 1991 4156 3841
f 3841 764 1914
f 2422 2030 2655
f 3842 573 1495
f 1505 1578 3843
f 1861 3975 3844
f 2005 3987 3844
f 1530 1080 2078
f 2189 2304 3845
f 3845 1532 2050
f 3846 514 2017
f 2017 3720 3846
f 2019 847 2075
f 2022 3696 1374
f 2638 3531 3847
f 3848 2030 2751
f 3370 3849 1684
f 2392 1597 3849
f 1824 2034 3085
f 2034 589 3085
f 3850 950 1599
f 501 2038 838
f 1462 1971 3851
f 2039 1614 3851
f 2044 1916 2041
f 715 2817 2041
f 2080 3792 3852
f 2045 4189 3852
f 2075 1703 2872
f 1838 4184 3853
f 3853 2048 2446
f 3854 1637 1640
f 3854 1640 2993
f 1990 3876 3855
f 3855 2201 3073
f 3451 2029 1566
f 2029 4296 1566
f 570 659 3729
f 2718 2204 3041
f 2465 1052 1844
f 1142 1825 1693
f 2386 3095 965
f 2628 3109 2610
f 2674 3833 2387
f 1705 562 2387
f 2078 2890 3856
f 1707 3766 3856
f 1643 1726 3394
f 2646 2291 886
f 2760 3527 886
f 1850 2644 2159
f 2226 2116 3857
f 3858 1856 2620
f 2106 2612 3859
f 3859 1710 2189
f 2200 3900 2684
f 1471 3319 3860
f 2686 3944 3861
f 1558 1987 3861
f 2025 2623 2687
f 2623 3705 3862
f 1798 3363 1560
f 2690 2643 3061
f 1201 1059 1821
f 1821 1149 1201
f 817 1059 1201
f 2115 2677 1617
f 2627 2366 1828
f 2110 2630 2117
f 1699 3881 3064
f 2115 3086 2677
f 2132 2269 2135
f 2136 1243 2695
f 1223 1860 3863
f 2132 673 2130
f 1444 2717 3865
f 2143 3422 3865
f 3066 3886 3866
f 509 148 3866
f 1717 2143 1095
f 2613 3880 3867
f 2280 3999 3867
f 2164 2710 2150
f 2231 2755 2118
f 1928 2480 2626
f 2097 1596 2723
f 2223 3480 2723
f 2161 1556 1611
f 2163 3871 3869
f 2253 2959 3869
f 3870 1373 2710
f 2253 3869 3871
f 3871 2292 3496
f 2659 4171 2166
f 2258 1958 2170
f 1495 3834 3842
f 2171 2183 3842
f 2501 2173 2906
f 2711 2173 3872
f 2177 3016 2104
f 2104 1211 3460
f 2180 4295 3873
f 1293 3318 3873
f 2183 3041 1957
f 573 3750 2000
f 2696 2713 2631
f 1956 1598 3874
f 2210 3064 3881
f 2212 3620 1626
f 2214 2996 3875
f 3875 536 2983
f 1752 2263 2730
f 2125 2232 3481
f 2725 3787 3876
f 2261 3855 3876
f 3078 1582 2203
f 2135 1240 1868
f 2133 1240 2237
f 2241 3069 3877
f 2147 3878 3877
f 2287 2279 3878
f 2193 2647 3879
f 2150 2708 3879
f 3486 3985 2164
f 1373 3870 2164
f 2728 3867 3880
f 2613 3942 3880
f 3830 2247 2948
f 2251 2720 3881
f 2027 2959 3882
f 3882 2253 3057
f 3883 3491 2413
f 2413 1795 3883
f 2274 2231 2211
f 1229 3817 1214
f 1668 2365 2276
f 2172 2741 2229
f 1937 2160 1360
f 2287 4193 3884
f 2273 2316 3884
f 2744 2417 2246
f 2023 2347 2295
f 3885 2297 1528
f 2768 509 4372
f 509 3866 3886
f 3887 1280 3829
f 2310 3580 3888
f 2313 4333 3889
f 636 3610 3889
f 2318 3933 757
f 3596 2322 2547
f 2322 645 3155
f 2326 3139 3890
f 563 3140 3890
f 1529 3892 3891
f 2327 4001 3891
f 2327 3891 3892
f 82 1124 564
f 2328 565 3893
f 567 568 2330
f 3093 4131 3894
f 678 4044 3894
f 2335 1345 3895
f 3895 1345 3432
f 2338 2032 582
f 1060 3692 2343
f 599 1064 3896
f 2345 4288 3897
f 1253 4227 3897
f 3898 2348 2077
f 2077 3934 3898
f 3899 1262 3089
f 1471 3860 3900
f 2200 4334 3900
f 1024 4240 3901
f 2357 3597 3901
f 2430 3189 796
f 3902 2363 605
f 605 3148 3902
f 2368 2589 3903
f 1545 3839 3903
f 2572 517 3904
f 2369 3605 3904
f 2042 2600 3905
f 1552 979 2371
f 1971 1462 2958
f 2374 4054 3906
f 2776 4275 538
f 1476 3583 3907
f 2376 3181 3907
f 2377 3364 3908
f 644 3611 3908
f 2378 3233 3909
f 3909 1914 3043
f 908 3990 3910
f 2379 4332 3910
f 2388 2478 3911
f 2785 3959 2397
f 2400 3190 3912
f 598 3506 3912
f 1804 2580 3913
f 1382 864 3914
f 3914 2408 735
f 2292 2255 3496
f 3915 2418 534
f 534 3501 3915
f 2420 4056 3916
f 1661 4211 3916
f 2424 2384 3917
f 3584 1317 4373
f 925 1334 2673
f 2073 2673 1334
f 800 3187 1959
f 1590 936 3918
f 2433 4325 3588
f 1760 1222 3075
f 1848 2198 3075
f 1512 701 3754
f 699 3662 954
f 2194 2268 3919
f 3919 2539 3228
f 861 3218 3920
f 1171 4081 3921
f 2444 3815 3921
f 2447 2624 3922
f 3922 1799 2497
f 2450 3236 1182
f 1662 2777 1182
f 3923 1419 1034
f 1426 1769 2464
f 3267 1052 2465
f 2466 1181 1012
f 1264 3312 3090
f 1928 2252 2480
f 2127 1144 3924
f 1753 1833 2489
f 2492 4121 3925
f 1096 3397 3925
f 2496 2593 3926
f 2651 3926 1560
f 2497 1798 2593
f 1027 2903 2500
f 932 3188 1136
f 1150 1770 2505
f 1162 969 1077
f 1831 2629 2690
f 1437 969 1832
f 3927 2510 1979
f 1979 3017 3927
f 1284 3128 3928
f 3928 1096 3316
f 2512 4118 3929
f 740 3701 3929
f 2513 2882 3930
f 1108 1730 3930
f 3931 1457 2520
f 2520 2916 3931
f 2236 2256 1859
f 1370 2555 2554
f 1255 2923 505
f 859 3309 2470
f 3822 868 3423
f 3932 2542 2149
f 2149 3334 3932
f 2546 3232 3933
f 1322 3569 3934
f 2550 1136 3101
f 3935 2551 1339
f 1339 933 3935
f 2557 3465 3936
f 1884 4357 3936
f 2565 2739 2061
f 1957 1676 2564
f 1962 2185 3812
f 2271 2743 3937
f 2571 2303 3938
f 993 3019 3938
f 2578 3044 2658
f 1251 2578 612
f 612 3631 1251
f 2588 4252 3939
f 1543 3764 3939
f 2590 4346 3940
f 3940 1545 2589
f 2594 1255 2084
f 1836 3816 1788
f 2608 1063 3454
f 2035 3777 3941
f 3941 2114 1600
f 2591 1522 1484
f 3942 2613 2086
f 3942 2086 2678
f 2249 3440 2614
f 3022 1827 2619
f 3527 2760 1731
f 3858 2620 2103
f 2103 1867 3858
f 2622 3805 3943
f 733 3824 3943
f 2624 3770 3944
f 1558 3861 3944
f 2120 2117 2630
f 1858 1141 2522
f 2135 2126 2692
f 2695 1243 1869
f 1869 813 1813
f 2638 3847 3049
f 3532 2043 2640
f 2642 73 3429
f 3429 1333 2673
f 2256 2131 2165
f 1999 2062 2718
f 2663 2197 2251
f 1336 2720 2251
f 2170 1958 2525
f 2628 2211 3945
f 2118 3868 3945
f 2676 1976 3946
f 1976 2569 3946
f 3414 2616 2670
f 2683 2612 2975
f 3947 2200 2684
f 2684 3630 3947
f 2685 3467 3948
f 2148 2810 3948
f 2691 719 3949
f 2121 1617 3949
f 2697 2663 1699
f 1225 2100 2701
f 3950 2149 2707
f 2707 3069 3950
f 2708 2746 3951
f 2244 3788 3951
f 2712 2167 3872
f 2167 2171 3872
f 1673 2202 2712
f 2205 2482 3952
f 2027 3882 1291
f 1291 2214 2705
f 2033 2689 3405
f 1854 2752 2277
f 3546 3541 3953
f 2649 3438 3953
f 2634 1887 3954
f 2747 3310 3954
f 1828 2116 3955
f 3457 2221 2757
f 2681 2206 2615
f 2615 2066 2681
f 2033 3075 3414
f 2144 3957 3956
f 3956 2770 2305
f 2770 3956 3957
f 2144 1267 3957
f 2778 4158 3958
f 2784 1363 3959
f 1425 3959 597
f 2417 3096 2791
f 2791 2346 2708
f 2385 1404 2812
f 2819 3621 3960
f 849 3250 3960
f 2829 4068 3961
f 3961 752 2807
f 1477 3181 3962
f 2835 1399 3962
f 917 843 3963
f 1579 2402 3963
f 1100 1098 2877
f 1620 3668 2877
f 2857 4086 3965
f 1022 4072 897
f 2068 2866 2209
f 2874 3721 3966
f 3966 1711 2876
f 2874 3966 1092
f 2880 1003 3967
f 1102 3971 3967
f 2881 4165 3968
f 534 3785 3968
f 3969 2882 1797
f 1797 2296 3969
f 2883 2415 2314
f 2415 2292 2314
f 2885 1581 1756
f 1363 1510 1424
f 3646 1089 3970
f 1089 3838 3970
f 2897 3008 3097
f 3971 877 3678
f 2899 3967 3971
f 2900 1103 3972
f 1103 3620 3972
f 2401 3913 1764
f 1816 1140 1051
f 1827 1557 2908
f 1557 3769 3973
f 2060 2913 3974
f 2913 3800 3974
f 2915 3559 3975
f 2005 3844 3975
f 969 1853 3533
f 1123 1241 2920
f 499 1609 1969
f 1467 1466 2923
f 3976 2931 542
f 2935 3774 3977
f 3977 557 2934
f 2552 936 2938
f 1348 1345 2939
f 2783 2339 2940
f 1944 3436 3978
f 726 1381 3601
f 2948 1943 3435
f 3720 3837 1442
f 3979 2986 1594
f 2040 3780 3980
f 2991 3380 3981
f 858 3666 3981
f 2581 3370 1684
f 3002 2159 2342
f 1825 3077 2230
f 856 3006 2079
f 2079 3018 856
f 3982 3006 1265
f 1265 1890 3982
f 733 3805 3007
f 1986 3011 1736
f 1736 3258 1986
f 592 3370 943
f 2196 2626 1809
f 2626 679 1809
f 3028 3592 3983
f 1372 3598 3983
f 3984 3051 1106
f 1106 1292 3984
f 2101 4004 1864
f 2346 3071 2709
f 3496 2255 3985
f 1373 2164 3985
f 1041 2229 2741
f 3986 3073 2201
f 2201 2054 3986
f 1144 3844 3987
f 3987 3079 2233
f 3083 2254 2760
f 1732 1731 2760
f 3988 3088 2300
f 2300 3498 3988
f 575 798 3188
f 3188 3092 1136
f 3098 1169 2892
f 3099 1127 3685
f 2277 2278 1854
f 499 202 3119
f 3125 4012 3989
f 1284 3424 3989
f 3990 3133 1743
f 1743 3799 3990
f 665 3159 3166
f 3179 3635 3991
f 650 545 3991
f 2635 4337 3521
f 3521 631 1898
f 1418 1595 592
f 592 1751 1418
f 2378 1021 3233
f 3992 2188 3474
f 2625 3266 2477
f 2477 2914 2625
f 2081 3272 1617
f 1617 2121 2081
f 3993 3289 1164
f 1164 1002 3993
f 816 1128 2581
f 943 3370 2581
f 3305 3689 3994
f 1213 3304 3994
f 2542 4273 3318
f 1953 3726 3995
f 1562 2809 3995
f 3328 4325 3996
f 2433 2340 3996
f 3997 3329 586
f 586 1932 3997
f 2036 2094 3874
f 3210 683 1412
f 3896 1426 1604
f 3353 3604 3998
f 1541 3423 3998
f 3403 3867 3999
f 2280 3096 3999
f 3421 3824 4000
f 1889 1716 4000
f 4001 3427 1945
f 1945 3891 4001
f 1940 1995 503
f 4002 3482 2181
f 2181 3472 4002
f 4003 3493 2279
f 2279 3809 4003
f 3495 2101 3065
f 2101 1864 3065
f 38 922 3141
f 1433 1864 4004
f 2524 1228 3518
f 4005 3523 2575
f 2575 2364 4005
f 2619 1827 3527
f 2648 3594 4006
f 2987 2786 1605
f 4007 3808 2153
f 2153 3467 4007
f 3520 3887 2307
f 203 1369 202
f 196 1368 1873
f 3570 3087 4008
f 3087 3503 4008
f 2213 3120 2268
f 1291 4223 2268
f 107 108 2924
f 3121 3515 4009
f 2470 1259 4009
f 121 122 4010
f 1385 4067 4010
f 3311 1887 2533
f 4011 144 1271
f 1271 3123 4011
f 3125 4233 4012
f 2311 529 4012
f 133 134 2773
f 527 3829 2773
f 1283 3127 4013
f 4013 2309 2775
f 2312 4035 4014
f 530 138 4014
f 408 4014 138
f 2315 2190 4015
f 2190 4293 4015
f 1294 3706 4016
f 894 153 4016
f 542 180 1298
f 4017 1300 2967
f 1304 3180 4018
f 2319 4361 4018
f 545 178 1303
f 177 178 545
f 158 1400 4019
f 4019 653 2795
f 774 654 3367
f 2324 3958 905
f 160 326 4020
f 556 2779 4020
f 904 2935 4021
f 1314 4127 4021
f 390 389 4022
f 4022 557 3365
f 4023 2779 1663
f 1663 2796 4023
f 2425 164 3584
f 3137 4329 4024
f 1665 554 4024
f 79 80 1321
f 4025 2404 1228
f 1228 2524 4025
f 83 373 1328
f 2673 1333 3142
f 2237 2700 2332
f 70 381 4026
f 1339 4026 933
f 1344 3387 1680
f 4027 3589 2340
f 2340 3997 4027
f 59 60 4028
f 4028 1352 2941
f 285 284 1516
f 702 1359 1361
f 28 1362 27
f 281 3144 4029
f 705 3190 4029
f 16 602 1366
f 608 2790 4030
f 2789 1367 4030
f 3027 1877 3696
f 2344 4228 2162
f 4031 3150 1708
f 1708 3791 4031
f 111 4032 110
f 111 112 4032
f 145 403 4033
f 4033 1266 2769
f 337 138 4034
f 530 4035 4034
f 530 4014 4035
f 4035 2312 3091
f 2768 4372 2302
f 2704 4357 4036
f 154 155 4037
f 647 3131 4037
f 3742 540 2998
f 2794 3134 4038
f 4038 1740 2858
f 1399 3339 4039
f 2356 4105 4039
f 2796 772 4040
f 1664 3000 4040
f 4041 554 2324
f 4042 3158 1572
f 1572 776 4042
f 3159 665 4043
f 665 782 4043
f 1337 2781 1409
f 380 1700 72
f 72 2074 3390
f 69 3894 4044
f 4044 678 3586
f 801 683 2815
f 48 3587 47
f 677 46 47
f 57 58 4045
f 2800 3186 1418
f 694 1595 1418
f 19 20 2802
f 4046 2363 3163
f 3163 708 4046
f 9 10 4047
f 4047 608 3333
f 3231 1655 960
f 1904 3919 2268
f 889 3402 4048
f 1629 1439 4048
f 727 726 3167
f 624 3575 4049
f 519 2804 4049
f 521 3764 4050
f 1548 4302 4050
f 1458 1081 3379
f 1391 3760 614
f 507 3360 4051
f 1459 4323 4051
f 637 751 1461
f 989 1553 4052
f 2105 4154 4052
f 2808 3523 4053
f 962 4370 4053
f 2809 3906 4054
f 2374 3658 4054
f 760 3671 4055
f 4055 646 643
f 646 4285 4056
f 1661 3916 4056
f 1475 2967 4057
f 4057 3178 546
f 3906 4245 2374
f 4058 1301 3131
f 1309 3709 4059
f 656 3133 4059
f 907 1573 552
f 1132 3553 3186
f 1135 2479 924
f 681 4060 3731
f 802 3731 4060
f 681 801 4060
f 3211 4062 4061
f 1500 2431 4061
f 808 686 581
f 686 579 4062
f 1500 4061 4062
f 1998 2577 2816
f 1506 2394 1509
f 1061 946 948
f 948 820 2394
f 954 4097 3641
f 3457 2749 2682
f 706 1151 835
f 707 4046 4063
f 13 14 3832
f 842 1612 4064
f 861 614 3218
f 851 4364 3218
f 1530 3445 1780
f 1532 2304 2405
f 2405 2584 3108
f 1534 2190 4065
f 1013 4259 4065
f 1436 1634 724
f 2406 1628 618
f 622 1888 3312
f 4066 3623 2407
f 2407 621 4066
f 2410 4010 4067
f 1385 3732 4067
f 1778 2827 959
f 2829 3609 4068
f 1460 4254 4068
f 2962 4314 752
f 532 1459 4069
f 2071 1728 3631
f 1987 1558 4070
f 1465 4077 4070
f 1475 2997 4071
f 4071 1659 3131
f 1022 3746 4072
f 4072 2421 3965
f 2832 3262 4073
f 897 4086 4073
f 1564 3364 4074
f 651 3745 4074
f 551 3204 4075
f 4075 1482 3614
f 2382 777 657
f 657 4042 2382
f 2427 1575 1042
f 1042 1487 2427
f 1184 912 1120
f 1043 2904 779
f 1576 782 668
f 2427 1674 1575
f 1674 2951 1575
f 2429 2815 3616
f 3054 2063 1678
f 1497 3812 1678
f 687 935 809
f 1679 3387 809
f 675 43 1587
f 688 579 3212
f 1963 679 2480
f 2432 1344 4076
f 1680 939 4076
f 1759 688 3212
f 1141 1137 1219
f 948 2394 3244
f 1583 822 593
f 2035 1765 823
f 696 1509 2394
f 953 3661 829
f 1200 1054 1145
f 1145 1862 1200
f 875 4255 961
f 2846 4070 4077
f 1465 3523 4077
f 840 4168 4078
f 3214 1613 1612
f 2438 1749 2865
f 2627 3955 2567
f 1618 1119 846
f 3218 717 851
f 2371 3905 3525
f 2587 723 1440
f 2894 1715 510
f 860 2875 510
f 4079 3222 994
f 994 3151 4079
f 2852 4324 4080
f 2303 3782 4080
f 2442 633 1001
f 2444 3921 4081
f 4081 1171 3303
f 1644 3687 4082
f 1395 4110 4082
f 879 3060 1526
f 850 2403 1006
f 3317 3226 4083
f 4083 882 3256
f 885 3786 3374
f 1650 1615 3374
f 1524 3444 2008
f 2742 2446 2285
f 2285 3544 2742
f 757 3232 4084
f 1656 3468 4084
f 2855 3657 4085
f 4085 1658 895
f 897 3965 4086
f 2857 4358 4086
f 2561 1398 3182
f 898 2421 4087
f 900 4087 1565
f 4088 3235 1569
f 1569 648 4088
f 1663 2779 4089
f 905 3958 4089
f 1664 3237 4090
f 1025 3157 4090
f 1410 2952 791
f 791 1045 927
f 926 928 792
f 2089 798 1677
f 4091 2863 576
f 576 935 4091
f 938 1501 1679
f 1680 4076 1344
f 810 3638 1344
f 2886 1057 3411
f 1682 1146 3452
f 2113 1851 3410
f 834 3146 4092
f 707 1519 4092
f 1181 4102 1390
f 712 1550 3357
f 1650 3374 3786
f 1370 2554 1969
f 966 3851 1614
f 1614 2039 885
f 2985 1666 779
f 2871 1099 3276
f 1435 2568 1082
f 1104 1091 1725
f 2992 3252 1630
f 1630 722 2992
f 4093 2876 985
f 985 3645 4093
f 4094 3668 1097
f 1097 2898 4094
f 2046 3291 3379
f 1534 3840 2190
f 1696 3279 4095
f 1112 2521 4095
f 2830 1017 611
f 1114 2777 2576
f 767 3976 2576
f 1116 2969 4096
f 4096 899 2856
f 1306 4277 3773
f 3263 2451 1742
f 3370 592 3849
f 1147 1034 943
f 1335 1923 3024
f 2068 2209 1514
f 1060 2343 1061
f 954 3662 4097
f 4097 1062 826
f 957 1109 1153
f 1463 838 1153
f 613 1778 959
f 1077 845 1162
f 3272 2081 874
f 1720 1086 874
f 4098 2492 995
f 995 632 4098
f 3098 1085 4099
f 973 3276 4099
f 4100 2486 1549
f 1549 2980 4100
f 4101 1103 3277
f 1072 3814 4102
f 2495 1390 4102
f 1111 3682 4103
f 1015 4161 4103
f 2499 4268 4104
f 1019 4096 4104
f 4105 3282 1019
f 1019 1115 4105
f 1021 2969 4106
f 4106 1116 1801
f 1806 1525 2817
f 1118 3377 2817
f 2906 1961 2668
f 1196 813 1871
f 1682 1844 1052
f 2128 3801 1822
f 835 1151 1067
f 4078 1160 840
f 2756 2573 4107
f 2764 2735 4107
f 1552 1209 1082
f 1210 3756 853
f 2909 1084 853
f 1091 3688 3399
f 3399 1903 1091
f 1631 3035 4108
f 1106 3051 4108
f 1878 4215 4109
f 4109 1839 1797
f 3643 1773 957
f 3021 3299 1072
f 3301 1126 1190
f 1192 1744 1846
f 790 1753 3659
f 1192 1845 3377
f 3377 846 2500
f 1138 2502 1051
f 1199 2523 3686
f 1152 1734 711
f 1205 840 4110
f 2917 4082 4110
f 1699 1208 2697
f 3038 2468 3040
f 2514 1028 1230
f 1844 1216 2918
f 692 1860 1188
f 1184 1229 1863
f 1782 1867 1238
f 845 1237 1870
f 1668 2276 4111
f 2293 3117 4112
f 499 1872 4113
f 498 291 4113
f 2345 1876 3592
f 2137 1374 3026
f 3696 1877 3026
f 507 3704 3360
f 1535 1257 3820
f 1892 1896 4114
f 1448 3735 4114
f 4115 732 872
f 872 2605 4115
f 4116 2947 1448
f 1448 1896 4116
f 1892 3353 4117
f 4117 1274 3826
f 3126 131 1280
f 1280 3520 3126
f 2512 3517 4118
f 524 4134 4118
f 4119 2538 1278
f 1278 3437 4119
f 2311 4233 4120
f 1281 4035 4120
f 528 3347 1454
f 3316 3925 4121
f 2492 1388 4121
f 753 2437 3228
f 3317 4083 4122
f 4122 1008 1905
f 2373 2810 4123
f 2833 4328 4123
f 3281 2498 4124
f 1840 1841 4124
f 771 2449 4125
f 1023 4339 4125
f 4126 3321 2902
f 2902 1312 4126
f 1315 4021 4127
f 1314 2934 4127
f 4128 3710 2601
f 2601 3050 4128
f 561 1321 1325
f 666 3325 1329
f 1329 1577 666
f 84 85 3831
f 1922 3911 4129
f 1078 1833 4129
f 1338 2862 4130
f 933 4298 4130
f 1589 2358 4131
f 678 3894 4131
f 584 3713 4132
f 1590 3918 4132
f 2887 3242 3327
f 601 1967 3247
f 602 1605 1366
f 203 837 1369
f 1531 3791 3978
f 1635 3420 4133
f 622 2852 4133
f 524 1388 4134
f 4134 870 3648
f 1390 3338 4135
f 754 4175 4135
f 2651 2661 3926
f 4136 1472 3177
f 3177 4276 4136
f 2281 3555 571
f 2249 2614 571
f 676 1038 1411
f 3062 2714 2953
f 4137 1341 2954
f 2954 2460 4137
f 3340 1758 2390
f 805 2389 3211
f 3639 3638 810
f 694 812 691
f 2846 2808 1610
f 1610 3779 2846
f 2803 4300 1441
f 2792 726 619
f 619 862 2792
f 4138 3733 2806
f 2806 3549 4138
f 1792 4181 4139
f 1451 4291 4139
f 4140 2574 2039
f 2039 3851 4140
f 3258 1736 1559
f 1656 4084 3232
f 757 3933 3232
f 1738 2930 3012
f 1469 3176 4141
f 1178 4184 4141
f 4142 3349 1795
f 1795 3470 4142
f 4143 2964 763
f 3102 4326 763
f 3320 1308 4144
f 4144 1476 3907
f 1482 769 4145
f 4145 773 3263
f 4146 3748 3205
f 3205 3350 4146
f 781 663 1486
f 2329 1997 3325
f 686 4062 2799
f 1504 3617 2432
f 810 1344 2432
f 2463 822 818
f 2581 1684 2956
f 2867 1512 827
f 827 2395 2398
f 601 831 4147
f 1692 3191 4147
f 1215 1187 3301
f 3552 878 3255
f 1200 1862 814
f 1523 1224 814
f 1192 3377 1118
f 1707 2828 4148
f 2977 3986 4149
f 2054 2265 4149
f 3309 617 1535
f 729 3220 3352
f 4150 729 2556
f 2556 3846 4150
f 625 3732 4151
f 1542 518 4151
f 1454 2772 4152
f 4152 1544 3355
f 1546 2979 4153
f 743 1450 4153
f 1551 3358 847
f 3359 4052 4154
f 2105 2191 4154
f 2982 2347 1556
f 2496 2026 2593
f 1563 3652 4155
f 895 1658 4155
f 900 4211 4087
f 4087 1661 2606
f 4156 3772 2984
f 2984 3841 4156
f 4157 3366 904
f 904 4023 4157
f 4158 2778 3136
f 4158 3136 3322
f 1581 1810 2550
f 1026 1334 3053
f 1671 921 2841
f 578 2973 803
f 803 2973 3752
f 1599 2671 3850
f 3850 2680 3454
f 3372 1965 4159
f 2867 701 1512
f 1607 2787 602
f 1967 1691 3663
f 1607 602 17
f 602 16 17
f 604 2599 709
f 709 3832 604
f 2004 3100 2393
f 2393 3843 2004
f 910 3208 923
f 847 2019 4160
f 1621 1920 1323
f 1629 4103 4161
f 4161 1015 3229
f 2047 3129 4162
f 1838 3853 4162
f 1633 3150 4163
f 991 860 4163
f 3382 2993 3047
f 1640 1978 3047
f 1726 1643 4164
f 1643 4313 4164
f 4165 2994 1393
f 1393 3968 4165
f 3385 641 4166
f 2855 4085 4166
f 2138 892 1879
f 1657 3468 1988
f 1241 1123 4111
f 3386 4350 2528
f 1682 1052 3267
f 1143 1054 3267
f 1687 2100 4159
f 949 1058 947
f 1066 3590 2609
f 1691 3471 2868
f 1825 2230 2070
f 2113 1693 1202
f 1202 1851 2113
f 4167 1694 1212
f 4168 840 1205
f 1205 2507 4168
f 2046 3379 1703
f 2493 981 1169
f 1169 3294 2493
f 4169 3393 856
f 856 2584 4169
f 2079 3006 1093
f 2079 1093 1788
f 4170 987 3252
f 3252 2469 4170
f 506 4280 4171
f 2015 2166 4171
f 3794 4324 2471
f 3500 1718 4173
f 1283 4360 4173
f 2082 1549 4174
f 4174 1101 1974
f 3255 3010 1521
f 747 1724 3291
f 3669 1107 3796
f 1011 2008 4175
f 754 1731 4175
f 4175 2008 3444
f 3401 711 1734
f 1736 3402 889
f 2950 653 4176
f 4176 1400 3673
f 3800 1805 3207
f 2060 1750 2913
f 1754 1041 2196
f 2887 3327 1047
f 2112 1814 3405
f 1054 1143 4177
f 1146 3267 1054
f 3015 4265 2481
f 2615 3113 2481
f 1775 3194 3802
f 3802 1158 746
f 2199 2267 3063
f 2879 1290 4178
f 1786 3804 4178
f 3019 993 4179
f 4180 3806 2666
f 2666 2897 4180
f 1451 4139 4181
f 4181 1792 3702
f 4182 1794 1260
f 3819 4187 1260
f 1796 884 1107
f 814 2095 2580
f 1126 2003 1129
f 2914 1485 1135
f 1134 3059 1041
f 813 1218 1813
f 2092 1761 2112
f 1816 1814 1140
f 4177 958 3268
f 838 2038 3410
f 1819 2503 1669
f 1422 1821 1511
f 1823 1847 1149
f 4183 3814 1159
f 1159 1557 4183
f 3023 2366 2275
f 1319 2267 3061
f 1838 4141 4184
f 4184 1178 3477
f 1840 4124 2498
f 1050 1196 2921
f 1168 3518 4185
f 1228 2974 4185
f 1212 633 4167
f 1231 1217 1858
f 1198 1815 1232
f 1198 1188 1860
f 1083 3803 1856
f 1234 3692 1965
f 2238 1813 1193
f 2238 1193 1865
f 191 192 1179
f 1179 1876 3503
f 4186 1260 721
f 721 3344 4186
f 4187 3819 2703
f 2703 1882 4187
f 3821 2051 4188
f 3032 3852 4189
f 2045 4208 4189
f 3722 513 4190
f 4190 3572 1894
f 1903 2893 4191
f 1004 1709 4191
f 1106 3035 4192
f 1905 1008 4192
f 2273 3884 4193
f 4193 2287 3878
f 893 3443 2151
f 1909 3334 4194
f 2152 4312 4194
f 4195 1907 3426
f 3426 3435 4195
f 2153 3808 4196
f 764 3451 3043
f 1993 4319 3043
f 562 3038 1919
f 1078 4129 3911
f 3911 1922 2549
f 575 3615 1927
f 2954 1341 2798
f 2460 2954 4197
f 4197 1414 689
f 4198 1932 586
f 586 4367 4198
f 1600 2434 3941
f 2468 3038 3415
f 1296 4239 3296
f 4199 1024 1742
f 1742 2451 4199
f 2813 666 1955
f 3240 1410 3330
f 3072 2614 3440
f 2257 3834 2740
f 2483 2099 1965
f 704 2037 2175
f 1972 638 3487
f 4200 3838 3293
f 3293 3344 4200
f 744 995 4201
f 1983 1454 4201
f 4202 3443 893
f 893 3942 4202
f 3203 1474 4203
f 1989 2834 4203
f 3042 2264 3073
f 2393 3512 3843
f 1058 1514 1686
f 778 1574 1994
f 2010 3045 3569
f 508 3934 3569
f 2659 3046 4204
f 1713 3032 4204
f 2654 755 2055
f 4205 1980 2018
f 2018 3784 4205
f 3445 3048 1701
f 2191 4221 4206
f 2055 755 4206
f 841 2295 2347
f 2176 3376 2194
f 1473 2655 2030
f 2422 4274 2030
f 2032 2664 4207
f 613 1774 2487
f 836 3373 837
f 2870 501 1683
f 1683 3554 2870
f 2235 1236 1244
f 3025 2040 1332
f 1332 1863 3025
f 2045 1625 4208
f 4208 2633 3530
f 4209 2667 1976
f 1976 3422 4209
f 2261 4222 2054
f 2056 2195 4210
f 1660 3746 4210
f 900 3036 4211
f 2057 3916 4211
f 2614 1924 2758
f 2582 2386 836
f 2076 3250 2155
f 4212 1717 3383
f 3383 2052 4212
f 2082 1974 3254
f 2625 1807 1133
f 2216 1924 3431
f 4213 2090 572
f 572 3455 4213
f 794 2218 1762
f 2223 2681 2482
f 2177 3459 2716
f 2716 3016 2177
f 2683 2143 4214
f 1890 1265 4214
f 1581 1809 1810
f 1824 3085 2114
f 1234 2526 1688
f 2157 3868 1924
f 1925 2690 2629
f 2629 2210 1925
f 1839 4109 4215
f 1878 3697 4215
f 2695 2129 1236
f 1246 2256 2236
f 1226 3813 1817
f 2295 4228 2023
f 3292 3865 2676
f 2676 2140 3292
f 3067 2557 4216
f 1256 3698 4216
f 4217 2145 1902
f 2213 2146 3456
f 2250 2156 3059
f 2162 2750 2656
f 2750 2657 2656
f 1394 2651 3363
f 2259 2579 1413
f 1413 1962 2334
f 2178 3105 4218
f 2178 4218 4219
f 2179 4203 2834
f 1989 3743 2834
f 2184 2202 2170
f 3992 2508 3473
f 2189 3845 4220
f 4220 2013 3019
f 2055 4206 4221
f 4221 2191 3042
f 3074 2265 4222
f 4222 2261 3787
f 1291 2705 4223
f 3857 2116 3063
f 1762 2698 929
f 2209 2519 3539
f 1336 2251 2197
f 2088 2111 1752
f 2663 2697 2727
f 1240 2133 1865
f 3875 2996 3788
f 4224 2244 2239
f 2239 2854 4224
f 2214 3882 1561
f 3081 4226 2289
f 537 2243 3070
f 2953 2259 2284
f 2157 3103 3109
f 2173 2740 2906
f 2579 2259 2260
f 2222 1766 2034
f 2101 2743 2225
f 1754 2885 1041
f 2274 2211 3542
f 2129 2278 2277
f 2172 2282 2284
f 2249 3555 3111
f 1394 2353 2415
f 2285 3681 4225
f 2604 4283 4225
f 2290 3545 4226
f 3039 3897 4227
f 4227 1253 1877
f 4228 2295 2750
f 3088 3988 4229
f 1262 3899 4229
f 2531 2650 4230
f 4230 1263 3310
f 4231 3499 2532
f 2532 2306 4231
f 3033 3899 2352
f 2307 3578 4232
f 523 4290 4232
f 2774 4120 4233
f 2311 4012 4233
f 2732 3741 4234
f 2315 4015 4234
f 2762 4354 4235
f 4235 2540 3478
f 3175 1018 4236
f 4236 1299 2318
f 541 2966 1992
f 4237 2323 1481
f 3304 4345 1481
f 2780 81 564
f 1335 924 1136
f 48 49 3340
f 2339 3588 4238
f 1930 3713 4238
f 2940 1351 2941
f 1170 3060 2349
f 1170 2349 3436
f 4239 2354 3176
f 2357 3901 4240
f 1024 1954 4240
f 670 792 928
f 2359 580 2460
f 954 2957 699
f 3164 2364 2662
f 1579 3368 4241
f 967 3644 4241
f 4242 3904 2947
f 2947 4116 4242
f 745 996 4243
f 4243 2370 3608
f 3654 1651 4244
f 4244 2995 1462
f 3906 4275 4245
f 2545 154 4245
f 3205 777 4246
f 2838 3183 4246
f 655 4247 553
f 2381 2933 553
f 2381 553 4247
f 655 3634 4247
f 2383 3133 4248
f 4248 1483 3350
f 2073 3911 2549
f 2844 3711 2392
f 2399 3717 705
f 1146 2401 3507
f 3507 3452 1146
f 2402 2596 4249
f 3508 1918 4250
f 2641 1945 4250
f 736 2408 4251
f 864 2851 4251
f 2410 3221 519
f 2588 3626 4252
f 4252 2411 3700
f 4253 2412 1544
f 1544 3173 4253
f 637 4314 4254
f 4254 1460 3740
f 839 3674 4255
f 4256 2419 642
f 642 3742 4256
f 2420 3916 4257
f 1474 3633 4257
f 1079 972 2426
f 1618 2905 2426
f 2427 1487 3505
f 2752 2197 2663
f 940 802 2863
f 803 3615 682
f 684 677 2389
f 2552 1343 4258
f 4258 1346 3433
f 2971 2436 1431
f 4140 1971 2437
f 2437 753 4140
f 2443 1775 3802
f 3688 3921 3815
f 639 3682 4259
f 2445 4065 4259
f 2448 3234 4260
f 4260 902 3261
f 2448 2323 4261
f 4261 547 2381
f 2795 653 4262
f 4262 2451 3514
f 1496 3616 2459
f 2463 817 3434
f 595 3660 2845
f 3567 2469 4263
f 3446 3665 4263
f 2472 1527 4264
f 875 998 4264
f 2646 4282 1951
f 903 3511 2474
f 1487 1667 1043
f 2066 2615 4265
f 2615 2481 4265
f 2233 3113 3924
f 2099 4159 1965
f 1774 2234 2487
f 1104 3680 4266
f 4266 2490 1171
f 1375 3791 2491
f 2491 1531 3351
f 997 1098 999
f 2498 2930 4267
f 1800 2912 4267
f 2499 3683 4268
f 4268 1115 1019
f 1673 2565 2202
f 1761 1814 2112
f 2729 1822 944
f 1112 3279 4269
f 1610 4053 4269
f 2509 2690 3061
f 4270 1899 2512
f 2512 3437 4270
f 1204 2416 4271
f 2416 1158 4271
f 1699 3064 1853
f 1219 1045 2692
f 1233 2132 2692
f 505 1288 4272
f 1643 988 4172
f 2542 3426 4273
f 1907 3705 4273
f 4321 4327 3107
f 2751 2030 4274
f 1739 3976 2544
f 2776 153 4275
f 2545 4245 4275
f 2128 3056 1148
f 3178 1300 4276
f 2560 3611 4276
f 1306 4278 4277
f 2561 4277 4278
f 2562 3404 4279
f 4279 656 3709
f 1498 2002 2564
f 2202 2061 2258
f 1941 2577 1995
f 2015 4171 4280
f 4280 2660 1950
f 3826 1274 4281
f 4281 2590 3940
f 2592 3362 4282
f 4282 2024 2661
f 2595 1470 642
f 3532 2601 2043
f 2604 3562 4283
f 4283 2264 2731
f 4284 872 3198
f 3198 1539 4284
f 2606 4056 4285
f 646 3671 4285
f 2609 3660 595
f 1625 3394 1726
f 893 2151 4286
f 2151 2709 4286
f 3109 3945 2157
f 1791 3758 4287
f 4287 2441 3805
f 2687 3862 1014
f 2109 3810 1014
f 1809 679 3749
f 4288 2632 1253
f 1253 3897 4288
f 2633 4208 4289
f 1625 1105 4289
f 2635 3521 4290
f 523 4119 4290
f 4291 3563 3275
f 3275 4139 4291
f 2638 3467 3531
f 2641 3428 3271
f 2224 2342 4292
f 2519 2069 4292
f 1296 3771 4239
f 1396 3154 4239
f 571 3462 2281
f 2190 3840 4293
f 2654 3558 4293
f 1992 2966 3479
f 3885 1528 2076
f 1528 852 2076
f 2661 1951 4282
f 1958 2761 2525
f 1244 970 2487
f 1866 2134 1824
f 2670 2598 1596
f 2670 3082 2689
f 2073 2549 2672
f 2672 2642 2073
f 2672 2549 1922
f 2073 3429 2673
f 2206 2681 2223
f 2644 1850 3539
f 1798 2497 3425
f 2282 3111 3560
f 2113 1143 2465
f 2251 3881 1699
f 4223 2705 2983
f 1988 2709 2151
f 2273 4193 4294
f 2147 1293 4294
f 3110 3873 4295
f 4295 2180 3787
f 1812 2136 1236
f 2283 2714 3062
f 2734 4292 2069
f 2764 4107 2573
f 3457 2722 2221
f 4274 4327 2751
f 2476 930 1676
f 1763 2616 2754
f 2727 2277 2752
f 2657 1941 2656
f 2066 4265 3952
f 2763 1961 2740
f 2778 3958 4297
f 4297 554 1665
f 2781 4130 4298
f 933 4026 4298
f 697 825 2006
f 1425 2397 3959
f 2786 1938 1605
f 2363 707 2788
f 3547 1342 4299
f 2358 1589 4299
f 2802 3548 1518
f 1518 3755 2802
f 2803 862 4300
f 862 621 4300
f 2807 1554 4301
f 750 4363 4301
f 682 3615 575
f 610 3149 1522
f 1994 1484 1522
f 1224 3963 1849
f 2826 4050 4302
f 4302 1548 3384
f 2837 3367 4303
f 4303 654 1310
f 578 3210 2973
f 852 3497 3964
f 2850 114 4304
f 863 728 4304
f 619 726 2850
f 3624 734 4305
f 4305 3623 731
f 3552 1521 1160
f 2858 2449 771
f 1677 1927 2333
f 935 687 4091
f 1701 3048 2872
f 1458 1724 878
f 504 1624 982
f 4148 1551 4160
f 1551 847 4160
f 2878 4264 998
f 875 3225 998
f 1756 1134 2885
f 936 2336 2887
f 2068 1058 3388
f 1510 26 1421
f 2889 1709 2570
f 1653 3655 2570
f 615 3416 1782
f 1092 1715 2894
f 510 1634 2849
f 3485 4342 4306
f 4306 502 3120
f 2902 3283 4307
f 1802 3747 4307
f 2988 2903 1619
f 1619 3980 2988
f 1827 4183 1557
f 541 2836 4308
f 4308 2912 1800
f 781 564 913
f 1202 3401 1153
f 1853 969 1208
f 711 3306 3693
f 1872 2766 498
f 498 4113 1872
f 1249 3599 3718
f 2928 4122 4309
f 1905 3035 4309
f 2102 2267 3710
f 4310 2843 1592
f 1592 4207 4310
f 2944 2702 2555
f 3409 1531 634
f 2945 1857 4311
f 2948 4194 4312
f 2152 3081 4312
f 1410 3240 2952
f 2959 2027 1972
f 2960 4164 4313
f 1643 4172 4313
f 2962 4254 4314
f 4315 647 2967
f 4315 2967 1475
f 1493 3307 2971
f 2441 3758 1790
f 2975 4179 1790
f 2984 3848 2029
f 2995 4244 3450
f 2456 3659 1753
f 3012 1018 1988
f 3712 3014 2090
f 2733 2093 2597
f 3018 2990 4316
f 4316 1711 3721
f 1807 2625 2914
f 1812 1243 2136
f 502 1729 4317
f 4317 3034 1904
f 1351 2339 4318
f 584 4258 4318
f 3213 3979 3161
f 1600 2036 1598
f 1993 3746 4319
f 2405 3837 4320
f 4296 4327 1566
f 3107 2638 4321
f 3053 925 3775
f 2475 2060 1670
f 1670 3923 2475
f 1678 3750 3054
f 1937 1360 3056
f 4322 2141 2704
f 2704 4372 4322
f 3067 4051 4323
f 1459 2963 4323
f 2156 3431 3072
f 1797 1839 3087
f 3090 2471 4324
f 2303 4080 4324
f 1349 3588 4325
f 2433 3996 4325
f 4326 3102 543
f 543 3262 4326
f 4296 2751 4327
f 4274 3107 4327
f 2755 2669 3868
f 3837 3108 2961
f 3112 3488 2260
f 2174 2579 2260
f 2756 2116 2226
f 1297 2721 4328
f 3114 4123 4328
f 288 206 1403
f 3121 3167 3515
f 1665 4024 4329
f 4329 3137 909
f 4330 3139 1320
f 1320 3323 4330
f 4331 3143 1503
f 1503 64 4331
f 2993 3151 994
f 994 3647 2993
f 4332 3158 657
f 657 3910 4332
f 925 3053 1334
f 596 2400 3912
f 2516 3166 1122
f 1122 2840 2516
f 636 3889 4333
f 4333 2313 3501
f 3175 757 1018
f 1468 1988 1018
f 3176 3900 4334
f 2200 3477 4334
f 3991 2811 4335
f 2811 767 4335
f 1431 3100 3185
f 3200 3701 4336
f 629 3628 4336
f 4337 3200 1386
f 1386 3521 4337
f 1505 1747 3636
f 931 1959 574
f 4079 1382 3223
f 2605 4284 4338
f 3224 3606 4338
f 883 3226 533
f 533 3227 883
f 4339 3236 903
f 903 2474 4339
f 3258 3202 4340
f 4340 755 2654
f 4341 3259 1738
f 1738 3443 4341
f 3264 1121 1028
f 1067 2037 3269
f 3278 1727 4342
f 2901 4306 4342
f 2126 1219 2692
f 1822 2729 3056
f 1422 1149 1821
f 1422 1823 1149
f 3292 2140 4343
f 4344 1835 1177
f 1177 1794 4344
f 2509 2267 2199
f 4345 3304 1183
f 4345 1183 2970
f 3317 4122 1647
f 542 2544 3976
f 3281 4124 1114
f 3369 3342 669
f 669 1031 3369
f 1963 1591 679
f 3352 2406 620
f 4346 867 3354
f 3354 3940 4346
f 3365 3774 4347
f 1316 392 4347
f 1191 2905 846
f 4348 3382 514
f 514 3622 4348
f 4349 3385 759
f 759 397 4349
f 4217 1902 3449
f 2254 3502 3798
f 1744 1807 1846
f 1485 2907 2479
f 918 2262 1818
f 3076 2936 1779
f 2693 1848 1223
f 1222 1860 1223
f 2798 577 3547
f 3433 4045 1933
f 2387 1997 4351
f 1491 4330 4351
f 4352 3451 764
f 764 3841 4352
f 1407 2461 3055
f 594 3406 3453
f 3457 3538 2749
f 3463 4272 1288
f 505 1289 1288
f 3526 2117 2120
f 2258 2170 2202
f 2184 2712 2202
f 4353 3489 2731
f 2731 2264 4353
f 3493 4003 4354
f 1906 2540 4354
f 2288 1928 2741
f 1286 3915 3501
f 860 2586 2351
f 4355 3504 658
f 658 2382 4355
f 3923 3516 2475
f 1090 2910 4356
f 2945 1378 4356
f 4357 1884 3541
f 3541 4036 4357
f 2699 2135 2733
f 2868 1690 1606
f 4358 3557 761
f 761 4086 4358
f 4359 3563 2538
f 2538 3578 4359
f 515 3170 728
f 3580 4173 4360
f 1283 4013 4360
f 3581 4018 4361
f 2319 3611 4361
f 3585 666 4362
f 666 2813 4362
f 2938 1347 1343
f 3593 4301 4363
f 750 1287 4363
f 2322 3596 550
f 3621 3218 4364
f 851 1621 4364
f 4365 3635 766
f 766 3564 4365
f 1642 3784 4366
f 4366 2018 3823
f 2863 802 804
f 205 2582 710
f 1620 1175 3668
f 716 3195 1165
f 3539 1686 1514
f 1520 3301 1187
f 1215 2058 1187
f 660 1252 2391
f 1252 660 1403
f 675 1587 574
f 4367 3715 1353
f 1353 387 4367
f 3722 4190 4368
f 4368 1891 3068
f 3734 1272 4369
f 4369 1449 3346
f 3768 3653 3201
f 883 1712 3201
f 1557 1159 3769
f 3778 4053 4370
f 962 1695 4370
f 1875 3818 3044
f 2995 638 1616
f 3797 2594 2146
f 4371 3808 2154
f 2154 4142 4371
f 2479 3101 924
f 1595 691 3849
f 2186 3084 2262
f 2237 2332 2133
f 1214 3817 2276
f 3886 4322 4372
f 2704 4036 4372
f 2943 2396 953
f 4373 3917 558
f 558 3504 4373
f 2957 954 2435
f 2435 1425 2957
f 3049 4321 2638
f 3107 2543 2638
f 1884 3465 3953
f 2597 2525 2761
f 983 3676 3970
f 1514 1058 2068
f 6035 371 86
f 5297 5073 6671
f 369 370 4374
f 4374 5675 369
f 5072 4786 6672
f 6050 368 5155
f 4675 373 6673
f 5074 6114 374
f 7237 6368 5784
f 5675 5155 368
f 5074 82 375
f 365 5077 364
f 4375 372 84
f 5160 6401 4383
f 5076 6036 5077
f 6202 5090 5998
f 6040 5089 6675
f 308 309 5079
f 6037 4697 330
f 6054 5081 4795
f 4483 4963 6499
f 315 6369 314
f 4488 6369 316
f 330 4806 329
f 4488 317 318
f 466 7349 328
f 315 316 6369
f 159 4485 327
f 5086 4393 321
f 5085 7042 7336
f 5084 160 5165
f 327 5165 160
f 323 6370 322
f 5228 6077 6039
f 5086 322 6370
f 326 7042 161
f 321 322 5086
f 5087 162 6200
f 324 5087 7043
f 325 4 5087
f 162 5087 4
f 328 6420 467
f 5088 5 7044
f 5088 6563 159
f 4492 465 334
f 5908 6618 5682
f 360 5089 359
f 4398 334 5093
f 5089 6618 359
f 5241 5301 4471
f 5999 6975 6676
f 4492 334 4398
f 5913 354 6289
f 335 4494 464
f 7166 4500 336
f 4401 348 5098
f 4404 347 348
f 136 7046 137
f 463 138 5100
f 4407 7045 337
f 7045 5100 138
f 5101 4503 345
f 4600 137 7046
f 4503 344 345
f 6372 343 4503
f 7047 5102 136
f 5103 342 6372
f 7048 341 5103
f 4408 5240 7153
f 341 7048 340
f 339 340 6678
f 4410 6678 340
f 135 6 6678
f 339 6678 6
f 289 5250 288
f 5108 289 205
f 6680 5109 302
f 5108 204 4419
f 4419 290 5110
f 6041 5220 5111
f 6394 4511 7060
f 300 6817 5247
f 291 7071 202
f 4512 7071 291
f 6374 5251 4713
f 4512 291 292
f 4421 297 7337
f 296 4421 295
f 4421 7337 4418
f 4421 4423 295
f 293 6694 2
f 6681 4758 76
f 4428 76 75
f 4547 6090 74
f 73 4547 74
f 4523 4432 286
f 4518 7050 6377
f 6682 5114 4824
f 4838 4426 209
f 6061 210 7050
f 6818 7366 4935
f 5260 4620 6727
f 4526 5118 6590
f 5121 247 6684
f 250 5119 249
f 4526 249 5119
f 4434 5119 250
f 251 4434 250
f 6731 5122 4737
f 254 6685 253
f 5515 7339 4846
f 254 255 6685
f 4440 5123 255
f 5124 7339 5515
f 256 4440 255
f 213 284 6043
f 257 5439 256
f 5123 6685 255
f 5124 6043 284
f 259 260 4750
f 4739 5765 5762
f 4849 5432 6044
f 4858 7063 4750
f 4535 7006 6662
f 263 6210 5194
f 264 5127 263
f 6686 7535 6820
f 213 6045 283
f 5923 7317 4447
f 6597 5518 7340
f 5127 6210 263
f 6379 281 5132
f 268 7341 267
f 269 5134 268
f 281 4539 214
f 4539 4644 214
f 5129 5273 6380
f 268 5134 7341
f 5197 5737 6711
f 6712 279 4752
f 4645 271 4541
f 279 5136 278
f 4541 273 6382
f 277 278 4449
f 276 3 6383
f 381 4757 71
f 243 244 4930
f 4760 5447 5137
f 5367 6431 241
f 5958 6291 6688
f 6818 7421 5117
f 4650 380 4545
f 382 6048 70
f 239 6431 5706
f 382 4773 6048
f 5208 7276 5006
f 5143 235 5204
f 234 6385 233
f 5374 232 6385
f 232 5374 231
f 5374 5805 231
f 230 231 5805
f 5289 5460 5142
f 5145 7343 66
f 6069 229 7342
f 67 66 7343
f 229 6069 228
f 5146 5711 226
f 6386 5145 4462
f 227 5146 226
f 6825 5589 5147
f 5378 4555 5294
f 5042 6514 5149
f 4557 6689 384
f 4784 6970 5634
f 4557 384 7052
f 4466 7052 64
f 224 5147 5589
f 6095 7066 6689
f 5589 6825 7033
f 385 7359 4466
f 6095 4557 6389
f 6546 5151 7054
f 219 220 7344
f 64 385 4466
f 4558 6716 386
f 5590 4950 7055
f 5153 218 7344
f 219 7344 218
f 387 5154 386
f 5154 7378 386
f 4469 217 7056
f 216 217 4469
f 6049 216 4469
f 387 215 6049
f 216 6049 215
f 387 1 215
f 83 6673 373
f 367 368 6050
f 5712 5156 6691
f 5745 4603 5300
f 305 6401 304
f 6052 6005 5091
f 364 5077 363
f 362 4380 6675
f 5077 6929 363
f 6390 333 465
f 306 4383 305
f 305 4383 6401
f 308 5079 307
f 4384 332 333
f 4477 6076 312
f 312 313 4477
f 4391 5164 313
f 5814 4576 7057
f 332 4387 331
f 5166 4589 4486
f 4385 4482 6055
f 4703 6753 6417
f 4391 313 314
f 159 5 5088
f 321 4393 320
f 316 317 4488
f 4485 7426 327
f 6185 6891 4974
f 6200 161 7345
f 5993 5689 5608
f 5685 5718 6391
f 351 4403 350
f 6058 4501 5175
f 349 350 4403
f 4496 5173 4595
f 4404 345 346
f 346 347 4404
f 5175 4499 6058
f 337 338 7059
f 4406 6058 5174
f 4498 7059 338
f 5102 7046 136
f 4410 7047 135
f 342 5103 341
f 207 5177 208
f 304 5107 303
f 5178 5113 4727
f 203 5110 290
f 4610 7444 6873
f 5247 7168 299
f 5181 6394 7060
f 205 204 5108
f 297 4421 296
f 4610 7351 6060
f 5410 5690 4823
f 7049 7338 6376
f 294 6694 293
f 6694 294 4423
f 6167 5489 7346
f 5905 5997 7239
f 6571 7432 4625
f 287 7050 210
f 209 4426 6377
f 4453 6831 379
f 4828 5499 5758
f 4758 77 378
f 7061 6127 6395
f 247 5121 246
f 245 6127 244
f 6127 245 6395
f 211 286 4432
f 4523 286 6396
f 212 4524 7051
f 252 4437 251
f 6729 7085 5793
f 4526 6684 249
f 5511 5731 5868
f 5128 6063 7062
f 212 7051 285
f 5439 257 7063
f 6730 5190 7171
f 7102 5334 4726
f 6695 5190 7064
f 6043 6045 213
f 5192 7017 5792
f 7318 4628 6654
f 5194 6696 262
f 5518 5195 6065
f 5132 281 7347
f 4443 7347 282
f 5196 6066 266
f 265 266 6066
f 4749 6735 4637
f 262 6696 261
f 6687 7341 5134
f 4644 4752 280
f 5134 269 7065
f 4645 7065 271
f 7162 7291 5198
f 4538 6821 5272
f 4449 7157 5198
f 6383 7291 6382
f 5339 5330 6859
f 73 379 4547
f 6952 7355 5364
f 4757 381 5202
f 237 238 5706
f 236 5204 235
f 383 67 7306
f 6743 4654 7348
f 230 7342 229
f 6069 7342 7251
f 4870 7306 67
f 65 4462 66
f 5453 6698 5807
f 6241 7276 5141
f 5210 4870 6386
f 4462 65 384
f 6388 7359 385
f 6095 7257 7066
f 4465 6388 385
f 385 63 4465
f 4673 4463 5212
f 5213 7187 4559
f 5296 6850 6700
f 4671 6414 4560
f 5297 7030 4561
f 374 6034 83
f 4564 5808 5712
f 4565 4681 5217
f 5509 375 81
f 4590 5221 5477
f 5222 5396 5392
f 5160 4383 4476
f 5224 6692 4573
f 4574 6721 4583
f 4574 7068 4385
f 4476 4575 4572
f 331 7057 330
f 6229 7015 6549
f 4488 6078 4479
f 4907 4971 4905
f 4573 7160 7079
f 4479 7015 6369
f 7310 5227 5229
f 4586 6720 6229
f 4395 6397 5229
f 6078 4394 4479
f 5083 328 7349
f 5221 4590 4490
f 6390 5231 4593
f 6392 4595 5173
f 5093 6421 4399
f 4496 4595 6398
f 137 4600 338
f 7027 4405 7350
f 6550 5237 5720
f 4407 5238 7069
f 5241 6081 6704
f 5242 6575 7165
f 4506 4604 6422
f 7028 5246 5244
f 4615 6400 5245
f 299 300 5247
f 301 5109 6817
f 4418 6060 7351
f 4418 7168 4509
f 304 7418 5107
f 7070 5395 5248
f 6876 5416 6400
f 4414 6578 5181
f 4611 6837 4514
f 4513 6082 6150
f 4513 4415 4714
f 4826 4977 4717
f 6249 5748 5222
f 5253 6270 4427
f 6745 4651 4759
f 5064 4955 5666
f 4836 6125 6707
f 4426 4521 4518
f 5327 5415 6875
f 4619 4521 6402
f 4653 4621 4548
f 78 4729 79
f 210 6396 286
f 4523 7170 4626
f 4432 4524 211
f 6126 7416 6880
f 5345 6425 6708
f 4624 6403 7352
f 6426 4736 6404
f 4531 4528 7073
f 5262 7274 4629
f 5264 4434 6656
f 4438 6708 6425
f 4438 6695 5261
f 7072 7352 6403
f 4632 7527 7074
f 6488 7521 7353
f 4634 7299 5254
f 264 6686 5127
f 6012 5133 6088
f 4640 4750 261
f 6711 7537 5197
f 5275 6408 6004
f 280 214 4644
f 6931 5131 7354
f 272 4541 271
f 274 6382 273
f 4645 6558 7075
f 5276 6845 6713
f 6462 7301 7008
f 6952 5801 7355
f 72 4545 380
f 5280 6847 4652
f 5280 7001 6090
f 4621 6613 4546
f 75 6090 4428
f 4865 7544 7356
f 6320 6290 7357
f 5429 5282 6714
f 4549 6790 6410
f 4661 6384 68
f 5874 6140 5806
f 6987 6094 7358
f 5462 6016 7078
f 6412 5442 4658
f 5373 5535 4947
f 7066 7257 5210
f 7053 4466 7359
f 4559 5212 5213
f 4463 6389 5213
f 384 6689 4462
f 5214 4560 6414
f 5296 4465 6716
f 6717 4771 5383
f 4459 6413 4673
f 5214 5295 4560
f 63 6716 4465
f 6575 4674 4678
f 4675 5072 373
f 5302 7111 6096
f 4679 4471 5301
f 4680 6575 4376
f 7111 5302 7360
f 6846 6299 6238
f 4490 4594 5221
f 4579 4568 4688
f 4382 4482 7068
f 5875 6234 7148
f 5328 5308 6724
f 5106 6053 5309
f 4510 4572 5159
f 5164 7160 6417
f 7015 4573 7079
f 6055 4482 4476
f 5159 4572 4694
f 5225 6752 4795
f 7191 5547 6168
f 4579 4382 4568
f 5401 6720 4704
f 6076 4583 6721
f 4583 6076 5310
f 4484 5224 4573
f 4386 4702 4584
f 6218 6549 5166
f 7081 6564 4587
f 4393 6077 6722
f 4588 5315 4585
f 4394 4487 4589
f 5228 6564 4487
f 6456 5316 5227
f 4706 6231 5320
f 5095 5914 5493
f 6390 4593 5318
f 351 352 4400
f 5719 4400 5172
f 6398 6421 4494
f 4601 4504 7362
f 4601 7362 5322
f 5321 4401 7082
f 4405 5099 6703
f 4601 4598 4409
f 4405 6754 5099
f 4498 338 4600
f 6098 7362 4504
f 4721 6393 5176
f 4790 5217 4681
f 7363 6116 4564
f 5185 4605 4425
f 4605 4506 4607
f 5723 4606 4604
f 5723 4414 6438
f 4607 4506 4609
f 4826 4607 6486
f 6053 6679 6101
f 6705 6150 6082
f 4512 292 6374
f 6706 4714 4415
f 4613 4414 5723
f 5327 5105 7364
f 4506 7028 4609
f 6724 7295 5328
f 4884 6393 6423
f 4729 5115 5425
f 6661 7498 5567
f 7083 4519 5335
f 5337 7258 6105
f 4979 5561 5882
f 5280 4652 6106
f 212 211 4524
f 6757 4733 7365
f 5258 6838 4433
f 4730 6395 246
f 5118 6086 6424
f 5520 5343 6728
f 6302 7422 7367
f 4622 5341 4733
f 5282 5793 7085
f 5258 4438 6425
f 6695 7171 5190
f 6555 4631 6654
f 4736 7512 6404
f 5340 7181 6731
f 4732 5655 7368
f 6333 6303 6733
f 4628 7064 5193
f 6580 5349 7369
f 6441 7155 5577
f 4534 5436 6427
f 7086 5352 4636
f 5436 6761 6427
f 4635 4528 4531
f 5581 6856 7370
f 5352 7519 6468
f 5271 7433 6737
f 4639 7296 4536
f 6087 5766 4536
f 6736 7371 4537
f 4750 7063 259
f 5135 4448 4641
f 5357 7328 5355
f 4444 6623 7372
f 4446 6445 4643
f 5131 6931 7087
f 4643 6445 6740
f 279 280 4752
f 4645 4541 6558
f 4646 5357 6429
f 4543 6857 4641
f 5355 6429 5357
f 5702 5275 7373
f 5984 4984 4982
f 5502 6409 6430
f 4545 71 4757
f 4944 5444 6743
f 378 76 4758
f 7001 6106 6681
f 4621 4546 7084
f 6092 6410 5772
f 6625 6938 5448
f 7229 5636 6808
f 6592 5363 7088
f 4457 6108 6746
f 6410 7293 4549
f 5916 6991 4769
f 5770 7234 6747
f 240 241 6431
f 4765 6791 7089
f 7090 4756 4766
f 4767 6746 6108
f 382 6384 6432
f 7374 4665 4659
f 6849 4668 7375
f 6585 6748 4771
f 4457 5369 6112
f 70 6048 5202
f 4553 6905 7091
f 233 6385 232
f 5926 5586 6433
f 4777 7255 6713
f 5005 7403 7376
f 5290 4779 6749
f 5294 6870 5378
f 4873 4776 4553
f 6072 4669 4670
f 5213 7429 7377
f 4670 6435 5296
f 6546 7308 4882
f 6548 6850 7378
f 4783 7308 7054
f 4784 5043 6437
f 6586 4674 4472
f 6033 6672 4786
f 4710 4602 6423
f 4565 5217 6117
f 5091 6005 6115
f 5387 5325 6116
f 5388 4788 5384
f 4677 5470 7093
f 4796 7112 6750
f 4807 5390 4973
f 5111 7004 6041
f 4577 4475 5480
f 5051 5405 6282
f 5411 7098 7070
f 4583 4390 6439
f 4482 4382 4575
f 4696 4388 4576
f 5398 4576 4388
f 332 4384 4387
f 4567 5399 5052
f 6118 5399 5305
f 4699 7188 4797
f 4971 4810 6123
f 4580 4795 4896
f 5225 4811 6752
f 4581 4584 4702
f 6505 6185 4704
f 6218 4486 7096
f 5163 4812 4813
f 5840 6911 4814
f 5404 7236 4473
f 5928 6247 6122
f 4499 5721 6624
f 4598 5322 4708
f 4708 4709 5239
f 4602 6081 4676
f 5400 4905 4822
f 6204 6621 5690
f 5395 7070 7098
f 5248 5395 5410
f 4715 7295 6706
f 5187 5693 7099
f 5558 5609 5843
f 5749 4412 4609
f 4829 7094 5389
f 4427 6083 5339
f 5905 6124 6950
f 6120 7515 6751
f 4851 5434 5421
f 5349 6580 5422
f 6761 7322 5351
f 4837 6785 5443
f 4618 4519 5113
f 208 4838 209
f 6569 5761 7379
f 5330 4546 6745
f 6681 7084 4758
f 4840 377 80
f 6528 7416 4623
f 4744 7382 4843
f 6440 7512 5430
f 5267 7521 4625
f 4839 4733 5761
f 4627 5282 6758
f 4631 4735 6759
f 6839 7550 5257
f 4732 6440 5430
f 5514 4737 5259
f 4529 6440 4738
f 4847 6581 6441
f 5579 6467 6442
f 4740 6044 5432
f 4628 7318 7100
f 7380 5433 6443
f 4437 6759 4735
f 6187 7301 7381
f 4854 4843 7382
f 6131 6064 7101
f 5351 6427 6761
f 5432 4746 4740
f 6261 7006 6762
f 5268 7299 5438
f 5436 6884 6444
f 4637 6736 5270
f 4640 7371 6788
f 258 7063 257
f 5828 4642 6763
f 5354 6737 6628
f 4644 6740 6445
f 5530 6898 6764
f 4862 6902 6766
f 5742 6491 6446
f 6447 4766 4756
f 6726 4726 5334
f 4944 4649 5444
f 4546 4522 7084
f 4653 6808 6613
f 4652 6448 6136
f 4453 380 6137
f 5200 7163 6448
f 4767 6769 6068
f 4762 7077 4659
f 4866 5528 7384
f 5451 7385 7103
f 6768 7384 5528
f 5375 5806 6140
f 6138 7103 7385
f 5368 4869 4734
f 6447 4648 5360
f 4665 7374 4551
f 4865 6068 6769
f 4768 6806 6412
f 6108 6112 7104
f 4459 4673 6071
f 4667 6585 5380
f 6190 4943 6770
f 6432 6592 4773
f 5369 4457 5363
f 4881 6832 6141
f 6771 4774 7105
f 6433 7297 5926
f 6141 6832 7106
f 6141 7105 4774
f 5781 6143 7107
f 6985 6774 7108
f 4781 7159 5465
f 5442 6715 4659
f 4769 5365 6144
f 6523 7145 5042
f 5807 6165 6775
f 4662 7106 7387
f 4783 5381 5295
f 4468 5590 6450
f 5538 4672 6451
f 5589 6387 223
f 4785 4673 5212
f 4559 6690 6216
f 4562 6871 6777
f 6033 4786 6452
f 4884 4676 4505
f 4830 4710 5467
f 6248 5468 4563
f 4677 7093 7110
f 6452 6777 6871
f 6096 7111 6657
f 4677 7551 5302
f 5388 4888 5743
f 6146 6657 7111
f 4819 5385 4683
f 4830 5467 5475
f 7112 5479 4793
f 4898 6119 6453
f 6477 7124 5680
f 4580 4896 4700
f 4684 4793 5479
f 4377 6453 6119
f 4797 6453 5490
f 6097 7058 6454
f 5481 5603 7114
f 4699 7137 5024
f 6604 6779 5599
f 4575 4805 4695
f 5083 6038 7388
f 4698 6457 4578
f 4898 5390 4807
f 4377 5490 6453
f 4377 6480 4902
f 6148 4810 7004
f 6504 4973 5879
f 4813 4486 5163
f 4491 4592 4707
f 6756 5329 4818
f 4885 7093 4819
f 4610 6873 6150
f 5400 4822 5396
f 5554 4803 6781
f 5484 7125 4916
f 5739 4918 5823
f 4717 4605 4607
f 4919 6782 6600
f 4919 6459 5498
f 4828 6517 5499
f 4710 6423 5467
f 7288 6361 6267
f 5055 4860 5033
f 5393 5812 7389
f 5602 5483 6874
f 7029 6460 7390
f 5438 5795 5268
f 4836 6568 5361
f 5191 6125 6784
f 6173 7266 5624
f 6785 4994 4756
f 4619 6402 6638
f 7003 4733 5508
f 80 4729 4840
f 6590 7548 7116
f 5267 4625 6463
f 5511 6897 4932
f 6878 4744 7117
f 4550 6767 7118
f 6138 4765 6786
f 4845 4734 5654
f 4846 7339 284
f 5343 6579 7119
f 6728 4633 7036
f 7120 5849 5350
f 5439 6885 6466
f 6244 4849 7392
f 6130 4848 4851
f 6580 7369 4835
f 4856 6787 5519
f 4854 5521 4843
f 5622 5771 6878
f 4744 4843 7117
f 6787 5522 4747
f 4940 6901 6789
f 4988 6783 4922
f 5783 6241 5292
f 6474 6902 4778
f 6464 7118 6767
f 6894 6859 7393
f 4516 5758 6470
f 4549 4865 6790
f 4455 6161 6471
f 4945 7312 6161
f 6139 4656 7122
f 4763 5527 7394
f 4866 7453 5528
f 4875 6594 5529
f 4844 5512 4765
f 6162 7520 5802
f 6138 6510 6791
f 4869 6510 5038
f 4553 7091 4873
f 6594 4875 7396
f 5533 7454 6845
f 4875 6598 6089
f 4875 7255 5532
f 4878 5534 5524
f 6134 6766 6474
f 4877 6889 5782
f 4876 5524 5534
f 5380 6775 6164
f 5535 6934 4947
f 4779 5534 6792
f 225 226 4949
f 5853 7475 4881
f 5634 6970 6793
f 6970 7332 6793
f 221 7067 220
f 4789 7093 5470
f 6482 4815 4975
f 5541 5975 5473
f 5637 6475 5635
f 4956 6926 6794
f 7094 4829 7115
f 5635 7211 5544
f 6480 4684 4958
f 5643 4897 4959
f 4700 4896 4389
f 6453 5390 4898
f 4793 6119 7397
f 5220 4688 5313
f 5838 7346 5489
f 5726 7428 7398
f 5608 5689 5168
f 6795 4967 6797
f 5552 4903 4801
f 6535 5552 4691
f 6659 6168 5547
f 4905 4971 6123
f 6455 4805 6147
f 4704 4586 4909
f 4705 6456 4908
f 5915 5095 4814
f 6798 7546 4914
f 4914 6796 6482
f 4913 4815 6483
f 6796 7546 4592
f 6796 4815 6482
f 5645 4952 5592
f 4915 7201 5557
f 5559 4916 7125
f 5611 6170 4980
f 5495 5498 6459
f 4922 6783 4860
f 5526 7452 6939
f 5503 6635 4981
f 5611 5029 4978
f 7389 4833 7400
f 5412 5483 4833
f 4834 7446 4742
f 6554 7326 5733
f 4928 6460 5506
f 6235 4929 6487
f 4996 4729 4411
f 6802 7407 6188
f 6489 7128 7126
f 5578 7305 7127
f 6158 4843 5521
f 6158 4932 4933
f 4855 5575 5889
f 4844 7089 6865
f 5360 6464 4934
f 5038 5654 4869
f 6293 7126 7128
f 4936 5520 6490
f 6490 5573 7305
f 6467 5579 4632
f 6243 4441 5796
f 6252 4939 5581
f 5516 7410 7401
f 5522 6787 6178
f 5742 6939 6491
f 4763 7395 7402
f 6492 4941 4859
f 6492 6491 7129
f 4946 7376 7403
f 4772 6834 7130
f 6068 4865 6494
f 4944 6494 5362
f 4455 6598 4945
f 5209 5585 5584
f 6433 6179 5458
f 5587 7555 7225
f 7404 4754 6496
f 6583 6749 5377
f 5379 5853 4774
f 6807 5711 5633
f 5009 6498 7131
f 5711 4880 6498
f 223 224 5589
f 7132 4464 6180
f 5152 4950 5590
f 4790 4681 5471
f 5544 6909 4957
f 6482 4975 7133
f 6484 5592 4952
f 4953 7110 4885
f 5542 6908 6181
f 5472 6516 5858
f 4891 5017 4957
f 5595 7135 5596
f 5021 4959 4796
f 5021 5643 4959
f 4804 4966 6183
f 4804 5604 4966
f 4699 5599 6779
f 6795 5482 4967
f 5601 7460 7405
f 4570 5602 6797
f 6503 6606 7138
f 6503 7524 7018
f 6168 6659 4967
f 5025 4907 4905
f 4973 7442 5879
f 4807 4973 6504
f 6121 4910 6891
f 4909 4813 6505
f 5401 4704 5311
f 5012 5404 4473
f 4887 4976 4914
f 5012 6515 6799
f 6600 5609 4614
f 5663 5882 5054
f 4980 5610 5611
f 5503 7206 4424
f 6275 4982 6520
f 6274 4983 5885
f 6508 5617 5619
f 6186 5954 6765
f 5672 4753 4987
f 5030 7399 5619
f 5612 6266 4424
f 5888 5034 7139
f 4925 5412 4992
f 5035 7302 5865
f 5771 5622 6801
f 5418 7542 5623
f 7381 5434 7445
f 6609 4411 4997
f 6083 4427 6270
f 5036 7499 7407
f 5037 5117 6509
f 5890 4999 7140
f 5729 5184 6803
f 5184 5890 4931
f 6465 7440 7141
f 7408 5038 6510
f 5449 5531 6139
f 6885 4858 7410
f 6611 4442 6735
f 6143 7480 7411
f 5692 6326 6206
f 5006 6190 6805
f 6770 5286 7142
f 4943 6190 5006
f 4554 6412 6806
f 4947 6583 5373
f 5042 6145 6514
f 5634 7559 4784
f 4681 5854 6263
f 4953 5011 6475
f 4473 7303 5012
f 4976 6799 5857
f 5303 6808 4452
f 6476 5047 5635
f 4954 5014 5637
f 6278 6192 5657
f 5028 5048 5639
f 5565 6601 5640
f 6517 4720 4829
f 5642 5019 5018
f 5023 4474 4582
f 4900 4966 6810
f 7405 7460 4968
f 6577 5025 7143
f 4701 7513 4974
f 5311 7513 4481
f 5644 5540 7412
f 5065 6373 5639
f 5646 6154 5054
f 5647 5561 5936
f 5883 5822 6506
f 4921 5563 5031
f 5055 5032 5664
f 4922 5502 4988
f 4832 5618 5648
f 4923 4989 5649
f 5847 7139 5034
f 5624 6462 6521
f 5652 7212 7144
f 4930 6127 6522
f 6614 5140 7413
f 5056 6528 6812
f 4935 6855 6818
f 7127 7305 6488
f 5344 6732 4435
f 6197 5041 7414
f 5149 5632 5042
f 6145 5042 7145
f 6145 7263 4460
f 6603 5044 7146
f 5053 6525 7147
f 6322 6968 5641
f 4957 7135 5544
f 5592 6524 6373
f 5059 6529 5835
f 5028 5045 6525
f 5663 4992 5029
f 6783 5033 4860
f 4430 5056 7415
f 6126 4623 7416
f 6924 6197 5728
f 5063 5058 5665
f 5016 5065 5048
f 6084 5666 4955
f 5183 7330 6025
f 4987 4753 4942
f 5053 7478 6814
f 5068 5548 5689
f 5065 5645 6373
f 5664 6951 7149
f 6334 6006 5668
f 5058 5071 5016
f 5071 5070 5068
f 372 6035 85
f 373 5072 84
f 6777 4786 5072
f 374 82 5074
f 366 5076 365
f 6050 5076 367
f 6199 6051 7041
f 6929 4380 363
f 6701 6531 4379
f 6075 307 5079
f 4566 4794 5317
f 4689 6454 7058
f 5681 6753 6692
f 5082 7349 329
f 5555 6038 6816
f 5083 4392 328
f 4394 319 6722
f 5084 7336 160
f 326 7336 7042
f 6039 7043 7247
f 324 325 5087
f 161 6200 162
f 467 7044 5
f 6563 5088 7151
f 360 361 5089
f 5809 5912 6201
f 357 358 5684
f 5686 5960 6289
f 4494 6421 464
f 336 463 5094
f 6203 7417 5094
f 5815 5095 5096
f 5320 6664 5233
f 349 6693 348
f 6693 4403 5098
f 463 5100 5094
f 5240 4503 4409
f 4502 7046 5102
f 4599 6534 7153
f 4502 5104 6534
f 5102 7047 6677
f 6515 4952 6169
f 5105 6854 7364
f 5107 6680 303
f 290 4419 204
f 5724 6588 6680
f 300 301 6817
f 203 202 5110
f 5110 6204 7419
f 4480 4809 5111
f 4422 7511 7031
f 298 7337 297
f 5423 5113 4519
f 4903 5552 6535
f 6320 5523 7420
f 6512 6206 6326
f 6509 5117 7421
f 5037 6527 5117
f 4521 6536 4518
f 4526 6998 5118
f 6424 4624 5426
f 6175 6207 5693
f 5794 5694 6537
f 4730 246 5121
f 248 6684 247
f 4733 7003 4622
f 4629 7516 5122
f 4436 5346 6899
f 6302 4630 7422
f 4435 7522 7155
f 4856 5519 5437
f 6611 5002 5628
f 4630 6840 5431
f 6209 5126 7156
f 6355 6540 5695
f 6292 7062 6063
f 4738 7189 4529
f 6557 5699 4542
f 6557 7328 5129
f 6407 5701 7423
f 6739 7373 6740
f 282 7347 281
f 5701 5131 6541
f 270 7065 269
f 5135 6821 4448
f 5134 4448 6821
f 4448 7075 4641
f 279 6712 5136
f 7383 6107 5444
f 5362 6860 4649
f 242 243 4930
f 6188 7499 6522
f 6293 7331 6602
f 5204 237 5706
f 5140 7233 7232
f 5652 7413 7497
f 69 6384 382
f 4661 6110 6384
f 4871 5292 6241
f 235 5143 234
f 6593 7531 5458
f 4664 7281 7158
f 4776 4872 6823
f 7343 6386 4870
f 228 5146 227
f 224 225 5147
f 6807 5010 4949
f 5382 7298 5043
f 5009 7131 7009
f 6824 7462 5149
f 5150 6544 5010
f 6276 5150 5633
f 4882 5893 6546
f 5212 4559 6216
f 4467 5153 7425
f 4950 7344 220
f 4468 6547 5152
f 4467 7056 5153
f 4671 6850 6548
f 5297 5784 5073
f 5297 4561 6415
f 4379 7273 6115
f 4695 4694 4572
f 4383 6075 4476
f 4572 4510 5160
f 5814 4387 5080
f 6097 5714 5161
f 6097 4686 5680
f 320 6722 319
f 6722 6077 4487
f 4812 6505 4813
f 4489 5163 7361
f 313 5164 4477
f 6397 5084 7426
f 4479 5166 6549
f 4399 6392 5717
f 7417 6203 7536
f 4407 7059 5238
f 4398 5717 5685
f 5171 7217 6826
f 6975 5999 4400
f 6220 4596 5173
f 6565 4496 4493
f 5174 5720 5237
f 5721 5322 5750
f 5174 6624 5720
f 6703 5175 4501
f 348 4401 6098
f 4727 6552 5178
f 5415 5113 4425
f 4520 4604 6829
f 7427 5246 4507
f 5179 6588 6828
f 5182 7398 7428
f 5692 6206 6358
f 5061 5728 6197
f 4527 5508 5507
f 5185 6829 4605
f 4524 4737 5514
f 4766 7386 6947
f 7386 5368 5186
f 6223 6897 7099
f 5731 6896 5626
f 4743 4938 7204
f 7154 6899 5346
f 5431 6553 4529
f 5190 6730 6403
f 4532 4530 5190
f 6709 7073 4528
f 5191 6709 6125
f 5192 5821 6830
f 6830 7326 5192
f 6656 5193 7161
f 4631 6995 6654
f 262 263 5194
f 5270 6842 6556
f 5850 6960 5797
f 266 267 5196
f 5356 6066 4538
f 283 4443 282
f 5197 4542 5699
f 5197 5699 5737
f 4543 7075 6558
f 6382 7291 7162
f 6007 6660 4980
f 4547 379 6831
f 6831 4453 7163
f 6347 6360 6023
f 4761 6253 5448
f 381 70 5202
f 5444 6542 6226
f 5629 6446 4859
f 236 237 5204
f 5204 5925 5709
f 4881 5205 6832
f 6497 7131 6498
f 5805 7342 230
f 4781 7263 7145
f 5207 4666 4879
f 6806 4768 7164
f 4871 5141 6834
f 5209 4556 4770
f 4552 5585 4770
f 222 6387 221
f 6436 7377 7429
f 6435 4670 4669
f 6547 7425 5153
f 5975 5541 5855
f 5808 6099 6562
f 5075 7264 5325
f 4480 5220 4798
f 4685 5478 5715
f 5252 4571 5748
f 4803 5222 4571
f 6229 4386 5224
f 4580 5312 5225
f 5226 5162 7136
f 5088 7044 7151
f 5754 5750 5236
f 6533 5097 5751
f 6201 6247 5406
f 465 4492 5231
f 4912 7150 6911
f 6550 4493 5232
f 335 336 4500
f 4494 5234 6398
f 4497 5235 6565
f 5750 5235 4497
f 5094 7417 7166
f 5237 4406 5174
f 4600 7027 4498
f 4598 4708 5239
f 4598 5239 4409
f 5755 6942 5241
f 7109 4471 4787
f 6415 5157 4470
f 5243 4412 5223
f 5244 7427 6876
f 5245 5557 7167
f 5757 5245 5252
f 5246 4606 6438
f 6873 7444 4508
f 298 299 7168
f 6152 4823 6151
f 4513 4714 6835
f 5249 4692 6853
f 5245 6400 4915
f 5181 6578 6836
f 6374 7169 5251
f 292 201 4420
f 5245 5757 4615
f 4516 4828 5758
f 5253 4616 5570
f 4748 5438 7299
f 4617 5361 6568
f 6875 4717 4827
f 5825 6638 6402
f 5337 4521 4619
f 6396 4431 7170
f 5761 7430 7379
f 5184 5510 6155
f 4736 6426 5760
f 6195 4433 6838
f 5760 6426 6839
f 7430 6757 5256
f 6536 4620 6569
f 4534 7100 4740
f 5510 7528 6155
f 5266 5700 7431
f 4532 6086 6129
f 6998 4526 5264
f 6978 6840 4630
f 7121 4632 7074
f 7194 7528 7432
f 4931 7353 7195
f 6596 6568 5254
f 5352 7392 4636
f 6901 5269 4937
f 5194 6556 6842
f 5356 4538 5737
f 5135 4641 6711
f 4646 7254 7253
f 5701 6407 5131
f 4643 7373 4446
f 5770 6747 7174
f 5873 4647 6845
f 5278 6092 5285
f 5200 4652 6847
f 5793 5282 6848
f 7085 4734 7434
f 5779 5648 4988
f 6133 4554 5284
f 6773 5630 7175
f 5365 6000 4762
f 6902 5286 7435
f 6190 7142 5005
f 6632 7316 5370
f 6143 5781 7436
f 4664 7158 7177
f 7246 5289 7437
f 6574 4877 5782
f 4779 6792 6749
f 4459 6071 5291
f 4668 6867 7375
f 5141 4871 6241
f 4557 7052 5293
f 4466 7053 6436
f 5378 4672 5538
f 5453 6717 4555
f 4783 5295 4468
f 4671 6700 6850
f 5296 6700 4670
f 5155 5073 5784
f 6117 5217 5745
f 5469 4711 5468
f 5241 6704 5755
f 5299 6794 5543
f 6657 5299 6576
f 5325 6562 6116
f 7363 4564 5756
f 5298 5755 6704
f 81 376 5509
f 6609 5539 6851
f 4792 5470 4677
f 4651 5829 5445
f 6625 5741 6852
f 7124 4961 4895
f 6148 4809 4578
f 4982 6275 5786
f 5411 6724 6853
f 6101 4694 6577
f 4899 6605 6778
f 6257 5789 5481
f 4702 5401 4481
f 6505 4812 6185
f 4582 5313 4688
f 4489 7361 5315
f 4588 5227 5316
f 6910 4491 5402
f 5219 5402 6811
f 5319 6723 4594
f 5318 4593 5319
f 5097 5320 4402
f 4597 7082 5407
f 5322 4499 4708
f 7046 4502 5323
f 6534 5099 4502
f 4884 6530 5324
f 5106 7561 4712
f 4608 7178 5326
f 5327 4827 5105
f 4608 6485 7178
f 4915 5249 5308
f 5115 7213 5425
f 5955 7533 6064
f 4627 6848 5282
f 6848 4627 7179
f 5327 7364 4618
f 4413 6552 6233
f 5185 5178 4520
f 7083 5335 7438
f 5339 4864 4427
f 5341 7181 7180
f 4629 5122 7439
f 5340 7180 7181
f 4626 7365 7180
f 5345 6758 4525
f 4935 5342 6855
f 6465 7119 7440
f 5343 7119 5428
f 6732 7368 5655
f 4435 7155 5344
f 5429 6758 5282
f 6404 6553 5346
f 5259 6426 4436
f 6405 7074 5130
f 5850 5797 7441
f 4639 5766 5798
f 4725 5434 5349
f 5350 6441 6581
f 5762 5125 7182
f 6125 7322 6707
f 4528 4635 5351
f 5269 7392 4849
f 5353 4853 6469
f 6856 4743 5188
f 6762 4639 6949
f 7296 4535 4749
f 5355 4543 6429
f 5272 5737 4538
f 4646 5129 5357
f 6348 5949 7184
f 6409 4755 6464
f 4726 6784 5361
f 6460 7029 4617
f 4864 5339 6859
f 5137 4649 6860
f 4649 4944 5362
f 4773 7088 5372
f 6253 7076 5801
f 4760 6860 5364
f 5365 4762 4659
f 4780 6144 4659
f 6764 7323 5530
f 4863 5440 6863
f 5367 242 6864
f 4934 4844 6865
f 4772 7130 5369
f 6002 5281 6866
f 5455 5371 4667
f 4668 5291 6867
f 6862 5372 7088
f 7014 5372 6226
f 7185 5373 6583
f 5459 6888 6868
f 5874 5806 6584
f 5461 7002 5007
f 6161 7453 6471
f 5276 7402 6472
f 4554 7376 6496
f 5534 7552 6792
f 4666 5377 4879
f 5148 4555 7186
f 5853 5379 6869
f 6771 7448 4774
f 5453 5380 6585
f 6698 4879 5807
f 6699 4559 7187
f 6655 7487 6699
f 5043 7559 5382
f 5465 5148 7298
f 4785 6216 7271
f 5470 4888 5384
f 4711 4818 5385
f 6777 4675 4562
f 4564 6099 5808
f 5387 6116 4603
f 5388 4563 5468
f 6517 5389 5499
f 5545 5680 5161
f 4797 5490 4699
f 7188 7442 5390
f 4905 6123 4822
f 6635 5503 5812
f 5566 7400 5483
f 5395 7098 5394
f 5222 4803 5396
f 4966 5604 5598
f 4964 4799 5397
f 5555 6481 6587
f 4973 5390 7442
f 6184 6479 4965
f 5080 5480 5814
f 4702 7080 4581
f 5312 7080 4702
f 5403 5169 5171
f 5012 6799 5404
f 5809 5911 5912
f 7152 5817 7443
f 6780 4820 6149
f 5180 4712 5326
f 5247 4508 7444
f 5724 6828 6588
f 4608 5326 5409
f 5411 4714 4612
f 4612 6724 5411
f 4932 6158 5511
f 4827 5327 6875
f 4618 5113 5415
f 5757 5749 4615
f 4718 5244 6876
f 5930 4719 6438
f 5894 7242 5820
f 5055 5664 5062
f 5615 6951 4831
f 5792 7533 5821
f 6447 6877 4648
f 6337 7240 5419
f 5649 5497 6595
f 6507 4989 4923
f 6507 4923 5420
f 5421 4834 4742
f 4742 4851 5421
f 4835 6461 6589
f 5422 6878 5771
f 6235 5424 6879
f 6727 4620 5337
f 4729 6725 5115
f 5036 4841 6880
f 5426 7548 5118
f 5569 5869 5507
f 5120 7005 6881
f 4744 6589 6461
f 5282 7434 6714
f 6882 4525 5429
f 6943 7469 5760
f 6943 4625 7409
f 6538 5431 7189
f 6208 5431 6840
f 4848 7265 4745
f 6130 6467 6883
f 5432 4849 6244
f 4534 4740 4746
f 4440 6466 5433
f 5123 5433 7380
f 4851 6734 5434
f 6801 5277 7445
f 5795 7222 4927
f 4534 4746 5436
f 5269 6901 6900
f 6539 4856 6511
f 5581 5796 6252
f 4852 7222 6841
f 5516 6466 6885
f 5439 6466 256
f 5356 6763 6066
f 6623 7183 4751
f 4863 5742 5440
f 4723 5614 4983
f 4780 4659 6715
f 4665 4658 5442
f 6742 4837 5443
f 7090 7102 6785
f 5137 7383 4649
f 5445 4759 4651
f 5785 5445 5829
f 4650 6744 6137
f 6067 7250 6886
f 4760 6067 6886
f 5741 6625 6253
f 5001 5531 5449
f 5450 4764 5708
f 6591 5001 5449
f 6772 5142 5874
f 5802 7562 6887
f 4866 7122 5831
f 5294 4555 6717
f 5807 5380 5453
f 4461 7435 7447
f 6214 4871 5456
f 5369 5363 6592
f 4776 4873 7190
f 6771 4873 7448
f 5459 6868 6593
f 5143 7307 4775
f 5374 6868 6888
f 6776 5459 7387
f 4872 7177 5144
f 6357 7002 6113
f 4647 7197 5533
f 5532 7396 4875
f 6134 4778 6889
f 5971 4664 5832
f 7449 4778 4876
f 5534 7198 4876
f 6698 5207 4879
f 5465 7554 4555
f 6560 6832 5205
f 6776 5466 7035
f 6393 4721 5467
f 5471 7022 5075
f 4792 5541 4888
f 5071 5063 5834
f 6096 6999 5302
f 5389 5475 4721
f 4794 4894 4897
f 4962 4897 6477
f 4897 5643 4961
f 5317 5545 4893
f 4892 5479 4959
f 5226 5022 5162
f 5603 5481 5789
f 7191 4967 5482
f 6501 6797 5602
f 5484 4916 7192
f 4917 5558 6228
f 4691 5552 7193
f 5488 7167 6485
f 4608 5409 5488
f 4799 4964 6890
f 4906 7188 6779
f 4489 4908 4910
f 7137 5490 4808
f 5490 7137 4699
f 4811 5491 4696
f 5555 6587 5839
f 5491 6891 4388
f 5219 5859 4911
f 4912 5840 5556
f 5841 5317 4893
f 4958 6258 4800
f 5018 5492 5642
f 5406 6296 5842
f 4683 5494 4819
f 6277 7211 5494
f 5559 5495 4916
f 6892 5495 4716
f 5888 5419 6893
f 4717 6782 4827
f 6102 6854 5844
f 6854 5105 5498
f 5017 4829 4720
f 5389 4721 5499
f 4864 6859 6894
f 6192 5846 5501
f 5947 5501 5774
f 4990 4981 6595
f 4981 7206 5503
f 5746 7515 7259
f 5505 4926 4837
f 4837 6742 5505
f 4927 6173 7209
f 4617 6568 6596
f 4842 6803 6155
f 4527 7493 7003
f 6571 5257 7194
f 6463 5510 7195
f 5187 6897 5511
f 4934 6767 4844
f 4868 5512 7450
f 6195 6812 6528
f 5513 7327 6882
f 4846 7051 5514
f 6899 4846 5514
f 6511 7401 5628
f 5516 7401 6406
f 4850 4632 5517
f 4857 5850 5518
f 5577 6490 7451
f 5520 4936 5343
f 6579 7440 7119
f 5521 7141 6896
f 5522 6597 4747
f 5518 6597 4857
f 4636 5269 6900
f 5269 4849 4937
f 5691 7420 6205
f 6313 6031 6032
f 4862 5286 6902
f 6164 4878 4461
f 5526 4755 6409
f 4863 6863 6903
f 7123 5527 7453
f 4763 7402 5527
f 5450 6768 4764
f 4945 6598 6904
f 4455 6089 6598
f 6898 7450 5512
f 5803 6764 4550
f 4656 6139 5531
f 6615 7315 5001
f 5144 6823 4872
f 5535 7329 4553
f 5008 7091 6905
f 6906 7557 7454
f 7396 7557 4663
f 6245 5462 7197
f 4777 7454 5532
f 5464 7449 7198
f 4553 6823 6215
f 5710 7270 7158
f 5008 6869 5379
f 5149 5536 6824
f 4464 7055 6180
f 4672 7271 6451
f 6451 5893 5538
f 6516 6475 5014
f 5856 7412 5540
f 5027 4976 5857
f 5215 5752 5743
f 5473 4888 5541
f 5014 6181 6908
f 5044 4886 5543
f 6909 4683 4957
f 6963 6219 5391
f 4389 4896 6599
f 6599 4895 4389
f 4898 6457 5546
f 5399 6118 7095
f 4958 4800 6479
f 6659 5547 5726
f 4799 6809 5547
f 4968 5836 5880
f 5550 6501 5485
f 6502 7138 6606
f 6971 6264 7199
f 4801 4903 4515
f 5550 7193 7200
f 5396 5554 5400
f 6816 6038 4806
f 4911 5556 6912
f 6485 5557 7201
f 6459 4614 7192
f 5484 7192 4917
f 7125 5484 6682
f 5560 6266 7406
f 6031 6986 6913
f 5956 6312 6124
f 4724 5640 6601
f 7117 7203 4855
f 5865 6104 5568
f 6242 7017 6914
f 4728 6881 6915
f 6270 5253 5570
f 6872 6221 5570
f 5426 6880 4841
f 4430 7415 5036
f 6294 6649 4456
f 5731 4999 7456
f 4842 5507 5869
f 5520 7451 6490
f 6639 6156 5790
f 5574 6916 7203
f 6916 4517 5567
f 6615 7210 5625
f 5577 7522 6490
f 7127 4931 5578
f 5579 6442 7457
f 6062 5580 7204
f 5581 4939 4853
f 6822 6271 6917
f 5533 6845 4647
f 6513 6140 5874
f 4870 5584 7306
f 5585 4552 6110
f 5705 7481 6294
f 5806 6633 6918
f 5284 6496 4754
f 6134 6889 6919
f 4880 6697 5588
f 6825 5010 6544
f 6387 7033 5211
f 4464 6450 5590
f 5590 4468 5152
f 5044 5543 7146
f 5049 6373 6524
f 6416 7551 7110
f 5666 6084 4889
f 6182 7134 5876
f 4890 6272 5594
f 7111 7360 5472
f 5877 5047 5595
f 6259 5500 5878
f 5819 5660 5877
f 4960 5020 5391
f 5391 5020 6282
f 4389 5022 5226
f 7136 4798 4474
f 7205 5599 7459
f 5489 6604 5838
f 5788 5601 5880
f 5601 6605 7460
f 4965 5600 4901
f 6606 5553 6502
f 6606 4969 5553
f 4570 6502 5602
f 6962 5644 7412
f 5053 6814 5607
f 5414 5843 4977
f 6170 4978 4424
f 5610 4979 6526
f 5823 4990 5497
f 7207 6017 5845
f 6607 4986 7208
f 5885 4983 5614
f 4831 4986 6607
f 5887 6665 6508
f 5648 5618 5033
f 5618 4832 5955
f 5621 6665 5564
f 6176 7498 7461
f 5622 6104 6269
f 6608 5733 5623
f 5966 6830 5821
f 6462 4995 6521
f 6521 7566 7209
f 5253 4427 5758
f 6818 6855 5653
f 6615 5001 7210
f 4999 5731 5626
f 5000 4931 5890
f 4931 7195 5184
f 6579 4936 5578
f 5626 4731 5627
f 4637 6735 4442
f 4941 6196 6921
f 5946 5203 5003
f 4754 7175 4861
f 6773 7107 6143
f 5892 5872 5980
f 5933 7218 6924
f 5632 7530 6523
f 6905 7185 7462
f 6276 5633 7463
f 5537 7332 4882
f 6793 4883 7032
f 4885 5494 7211
f 6476 5635 5544
f 5048 5065 5639
f 5028 6800 5048
f 4621 4653 6613
f 5064 5638 4955
f 5049 5028 6373
f 5045 7147 6525
f 5841 5556 5747
f 5021 5305 6193
f 5605 5881 5644
f 5857 4816 5027
f 5993 6169 5060
f 5897 5693 6207
f 5920 5338 5976
f 4982 6506 6520
f 4984 6506 4982
f 5441 5664 6132
f 6527 7415 5056
f 6213 7505 5652
f 4998 6246 6213
f 7144 7212 5650
f 5037 6509 6614
f 5038 7408 7315
f 6920 7210 5001
f 5038 5653 5654
f 4732 7409 5039
f 6488 5573 5039
f 4956 7147 6926
f 6524 5013 5045
f 5659 7393 5445
f 5445 7243 5659
f 5775 6250 6279
f 6330 6616 5900
f 5029 6526 5663
f 5663 4925 4992
f 5063 5071 5058
f 5058 5016 5048
f 5667 5813 5716
f 5670 5904 5607
f 5016 5068 5060
f 5661 5070 5071
f 5987 5332 5674
f 5073 5155 5675
f 6035 6674 4374
f 6217 5907 4470
f 5678 6458 5677
f 4706 5753 6927
f 5679 5927 6928
f 6051 6996 6929
f 5019 4794 4566
f 4577 5480 5080
f 5480 7058 4478
f 6040 5682 6618
f 6940 5679 5909
f 5960 6648 6288
f 5810 6634 5078
f 358 6618 5684
f 5718 5685 5717
f 5388 5941 4563
f 6982 7272 7465
f 6562 6620 5808
f 356 6619 6289
f 6316 4396 5816
f 6316 5406 6930
f 4495 5687 5407
f 4706 5320 5233
f 5410 5112 5690
f 7071 7097 6621
f 4722 5425 7213
f 6091 5917 6290
f 5799 6688 6291
f 7012 7320 6212
f 6223 5919 5413
f 5427 6915 6881
f 6540 5697 7214
f 5945 6012 6667
f 6045 4439 7215
f 6063 5695 6292
f 6043 5124 4439
f 5698 5515 7154
f 6623 7543 7372
f 5263 6237 5764
f 5132 6541 5131
f 6932 6931 7466
f 6408 5275 6932
f 4447 7466 5703
f 5850 7441 5518
f 5287 6918 5979
f 6177 7126 5571
f 5866 6649 6294
f 4456 7300 5925
f 6921 5707 7216
f 5708 6920 6591
f 5830 6959 4764
f 5709 7307 5143
f 6179 6433 5586
f 6295 7108 6774
f 5290 6749 6934
f 5588 6498 4880
f 5756 5712 6217
f 5927 7483 6928
f 4689 5714 6454
f 5332 5671 5667
f 5171 5718 7217
f 5687 4495 5929
f 6263 5854 5539
f 5723 4413 6233
f 6679 7319 5725
f 6298 7319 6828
f 4416 4510 5159
f 4692 4719 5930
f 4970 5726 7398
f 5727 7275 6240
f 6196 6924 7218
f 5572 7324 6966
f 4999 5890 5729
f 5868 5187 5511
f 6292 5698 7219
f 6726 5334 7335
f 6758 7321 4627
f 5966 4832 5779
f 6194 7502 6608
f 5865 7034 5035
f 5522 6261 4857
f 6311 6949 5798
f 5347 5735 6733
f 5967 7399 5030
f 6718 6238 6299
f 6305 4655 6937
f 6010 5741 6299
f 6136 5448 6938
f 5203 7486 5742
f 4863 5526 6939
f 6620 5386 7220
f 5387 4603 5217
f 5218 7199 5986
f 6507 5746 5824
f 5219 4816 6300
f 6399 6941 6642
f 5223 6941 6399
f 5223 6399 5243
f 4412 6100 4609
f 4700 4584 4581
f 4497 5721 5750
f 6566 5754 7221
f 4817 6296 4913
f 5842 4817 6930
f 4706 5233 5753
f 5687 5096 7278
f 4718 6876 4615
f 4427 6470 5758
f 5900 5662 5952
f 5059 5063 5665
f 5904 5669 6626
f 6571 6943 5257
f 4736 5760 7469
f 4839 5761 5260
f 6757 5761 4733
f 6538 7422 4630
f 5265 6443 5433
f 6570 7431 5700
f 7037 5764 6627
f 5266 7431 5765
f 5849 5517 4739
f 6251 4927 7222
f 4639 4536 5766
f 5271 6737 7183
f 4444 5699 5767
f 6311 5798 7470
f 6931 7354 7466
f 7395 5802 7520
f 5003 6923 6109
f 5771 6801 5422
f 4865 7356 6790
f 5772 6304 5452
f 5740 6238 6937
f 6260 5774 5501
f 6307 4769 6144
f 6629 6308 7471
f 5918 5958 6309
f 4648 6877 5778
f 5502 5283 4988
f 5779 4832 5648
f 5949 7479 7224
f 6629 7471 6955
f 5781 7107 5587
f 6574 5463 7225
f 5710 6774 6945
f 5833 7311 7108
f 5292 7375 5783
f 6415 4470 6617
f 6617 4470 5907
f 6135 5951 5658
f 5478 5811 4381
f 4921 5031 5786
f 4900 6719 6631
f 4822 6631 4693
f 5601 7405 5880
f 4904 6264 5789
f 4969 6503 5551
f 5934 5818 5953
f 5821 4832 5966
f 5793 6848 4429
f 5186 6729 6947
f 4728 6537 5694
f 5424 7525 6537
f 5266 7292 5700
f 5765 7121 5266
f 5506 6948 4927
f 6948 5268 5795
f 5581 7370 5796
f 5188 7204 7370
f 5945 7470 7223
f 4639 5798 6949
f 6312 6950 6124
f 5664 4831 6951
f 4831 6607 5615
f 5918 6291 5958
f 5799 6291 7226
f 6291 5918 7227
f 5278 5801 6952
f 4763 7394 5802
f 4868 6887 6953
f 6954 5366 7323
f 5803 4550 5525
f 6955 5370 5959
f 5370 6239 6632
f 7023 5804 5780
f 5040 6984 6310
f 5374 6888 5805
f 4458 5206 5805
f 6179 5586 6633
f 5287 6967 7228
f 5453 7554 6698
f 375 5509 4472
f 5393 6751 5812
f 6595 6635 4923
f 5492 6219 5813
f 5813 6219 5716
f 5814 6532 4576
f 6317 5816 4396
f 5809 6317 6057
f 4495 5407 7082
f 5660 5819 6646
f 5951 5785 6636
f 6830 5418 7472
f 5821 5192 5792
f 6337 7509 7279
f 4918 5612 4990
f 4724 5824 5746
f 4519 7083 5423
f 4517 6639 5790
f 6763 7543 5828
f 4445 7535 6958
f 7208 5441 6765
f 7229 5894 5636
f 6967 5871 5830
f 7232 7477 5576
f 5451 6953 5831
f 7123 7394 5527
f 6307 5776 4769
f 5288 5463 6641
f 6641 7534 7311
f 5059 5835 5474
f 7011 5835 6529
f 5549 6478 4968
f 5600 5549 4901
f 6073 4904 7473
f 6257 5880 5836
f 5486 5671 5837
f 6890 5838 5182
f 5915 4814 6911
f 5609 4977 5843
f 6642 5843 6399
f 6342 7202 6015
f 5953 6014 5331
f 6192 6278 5593
f 5846 5593 7267
f 5848 4724 5746
f 5765 4739 5517
f 4739 5350 5849
f 6311 5348 6960
f 4655 5285 7474
f 5970 5851 6961
f 6091 6290 6320
f 5536 7131 7475
f 5570 6610 6270
f 5591 6851 5854
f 6551 5722 6297
f 5975 4791 5473
f 6907 5881 6644
f 6811 5027 4816
f 4955 6182 6084
f 5545 5317 4794
f 5915 5753 6371
f 4918 7406 6266
f 5976 6977 6042
f 6268 5562 6964
f 5997 5862 7230
f 4924 7021 5787
f 5901 6256 5835
f 5568 7277 7034
f 6269 5865 7302
f 6933 5979 6918
f 6933 5586 7476
f 6246 4998 6047
f 6294 4456 6965
f 6959 5576 7477
f 7233 6509 5870
f 5583 7228 6967
f 5979 5871 5287
f 6109 6747 7234
f 6923 5980 5872
f 5873 6845 5582
f 5582 6917 5873
f 5806 7228 6584
f 6584 6772 5874
f 5875 7148 6283
f 7134 7478 5876
f 5053 7458 7478
f 5596 5877 5595
f 5047 5877 5660
f 4720 5641 6968
f 4690 5667 5671
f 5881 5605 6644
f 6907 5975 5881
f 5338 5882 5561
f 5883 5982 6637
f 6640 6103 6323
f 5615 6274 4984
f 5055 5033 5032
f 5620 7399 5888
f 5419 5497 6893
f 6176 5889 5575
f 5184 5729 5890
f 5626 7140 4999
f 4451 5891 5630
f 5378 5538 7235
f 6630 7242 7229
f 5785 5894 5820
f 5848 5218 5986
f 6264 7488 7199
f 6518 6962 7236
f 5936 4825 5988
f 5964 6957 6328
f 5877 6322 5658
f 4954 5660 6260
f 5899 5674 5050
f 5864 5899 5050
f 5474 5835 6256
f 6181 7267 5542
f 6335 5116 6988
f 6573 5116 6240
f 6006 6936 5668
f 5076 7237 6036
f 5679 6940 5940
f 5679 6928 6287
f 5752 5910 5941
f 6202 6634 5683
f 6982 7465 5940
f 6371 4591 5688
f 5754 5321 4597
f 5365 4769 6000
f 5116 6356 6002
f 6222 7508 7333
f 5040 6310 5918
f 5919 5693 6976
f 5919 6976 5730
f 6042 6102 5844
f 6175 7005 5120
f 5921 4540 5701
f 5735 5704 6333
f 5923 4447 5703
f 5762 6979 7238
f 5762 7431 6979
f 6965 5925 5867
f 6449 7300 6649
f 5866 7476 6649
f 5810 6701 6315
f 6634 5998 5927
f 5172 7040 5929
f 7040 6080 5929
f 6530 5722 5324
f 5181 7060 6438
f 6652 5906 5668
f 5903 6285 5996
f 5061 7239 6198
f 6924 7330 5933
f 6170 6007 4980
f 6336 6030 5199
f 5823 5497 7240
f 5419 5888 5937
f 5201 6299 5741
f 6009 6344 7038
f 6305 6937 6238
f 6531 5940 7465
f 5078 5927 5940
f 6935 5752 5713
f 5298 5942 5755
f 5158 5942 4563
f 7037 7567 5764
f 5924 6979 6570
f 6004 7317 5768
f 6333 5704 6211
f 6162 5366 7241
f 6954 5440 5366
f 5658 5948 5819
f 6358 5727 6983
f 5804 6310 6984
f 5359 7227 7479
f 6163 5464 6985
f 5464 7198 5950
f 5894 7229 7242
f 5938 7229 6010
f 5785 7284 6636
f 6234 5952 5662
f 6339 7287 5759
f 5973 5331 6014
f 5934 5953 5331
f 5827 5954 6131
f 5955 6064 5333
f 5562 5956 6019
f 5977 7489 6312
f 5139 7320 6688
f 7012 7333 5958
f 6804 7325 5630
f 6804 7411 7480
f 5962 6015 7202
f 5963 5046 6343
f 6345 6011 6338
f 7284 5785 5820
f 5778 5418 5283
f 5969 7007 5435
f 5970 6001 6205
f 7474 7563 5851
f 6653 7485 5289
f 6013 7358 6094
f 5063 5059 5474
f 4724 5848 5986
f 6977 6645 5120
f 5866 6294 7481
f 5979 7481 6602
f 6923 6922 7216
f 5980 5707 7482
f 6651 5875 5666
f 5982 5981 6969
f 5982 6969 5983
f 6325 6969 5885
f 5984 5886 4984
f 5892 5980 7013
f 5837 5896 5486
f 5640 5895 5896
f 6073 5486 5896
f 5987 6020 5837
f 5647 5936 5988
f 5989 6973 6330
f 5990 6669 6192
f 5991 6159 6343
f 6363 6346 6989
f 6913 5902 6990
f 6964 5861 6268
f 6225 6023 6360
f 5931 6006 5996
f 7244 6350 6284
f 5673 5997 7230
f 6199 5156 7484
f 5156 5216 5744
f 7040 5999 5092
f 5916 6961 6991
f 6000 6991 6304
f 6091 5691 7245
f 5970 6622 6001
f 6308 6866 5281
f 5727 6240 5777
f 5126 6844 6003
f 5133 7317 5923
f 5910 6701 5158
f 5931 6285 7269
f 6936 6025 6652
f 6981 5331 7207
f 5738 6519 6026
f 5936 6660 5738
f 4825 5936 6008
f 5738 6026 6008
f 6338 7038 6345
f 5303 6010 7229
f 4452 6852 5303
f 6650 5133 6012
f 5133 5923 6088
f 6343 5898 5963
f 5949 7224 7184
f 6142 7039 6366
f 5953 5791 6014
f 5973 5935 6336
f 5962 6981 6015
f 5832 5289 7485
f 6411 6653 7246
f 6666 7207 5973
f 6224 5613 5884
f 6362 6020 5899
f 6367 6986 6267
f 6367 6913 6986
f 5995 6992 6993
f 6352 6993 6992
f 6346 5992 6989
f 6032 7025 5906
f 6025 6936 5931
f 6025 7330 6198
f 6018 5995 6029
f 6026 6014 5791
f 5845 6017 6027
f 7230 5057 5957
f 6021 7288 5057
f 6023 6225 6029
f 6755 6018 5974
f 6028 6017 6666
f 5668 5906 6334
f 7244 6990 5902
f 4786 6777 6452
f 86 85 6035
f 4375 6674 372
f 365 5076 5077
f 6647 6036 7237
f 6420 328 4392
f 7336 5084 7565
f 6994 7247 5085
f 6039 6994 4587
f 361 6675 5089
f 5407 6232 4597
f 5321 7082 4597
f 4439 7214 7215
f 6978 5924 6840
f 5944 6819 6354
f 6246 6864 4930
f 6177 7231 4998
f 6048 4773 5372
f 366 367 5076
f 4380 6929 6996
f 6929 5077 7041
f 5157 6575 5242
f 5725 4694 6101
f 5309 7143 5106
f 7058 6097 6054
f 4575 4476 4482
f 4476 6075 6055
f 6056 5841 4893
f 6956 6057 6317
f 6836 6059 6394
f 6060 4418 4509
f 4509 7444 6060
f 5672 6974 5067
f 6536 4431 7249
f 4431 6396 6061
f 6803 7324 5729
f 5580 7370 7204
f 6065 5130 4938
f 6359 6063 5128
f 5695 7214 6292
f 6242 7101 6064
f 6062 4938 5130
f 5446 6886 7250
f 6067 4760 5364
f 4654 6746 6068
f 4549 6494 4865
f 6697 6069 7251
f 6069 6697 5146
f 6833 7251 5206
f 6070 5205 6497
f 4673 4785 5383
f 6072 7187 6436
f 5381 6699 7487
f 6264 4904 7488
f 4816 6273 5405
f 4798 5162 6074
f 5079 6055 6075
f 6076 6721 311
f 4477 6417 6076
f 4574 310 6721
f 4488 318 6078
f 4504 4409 5101
f 5235 6220 6079
f 5999 7040 5172
f 4422 7351 6705
f 5542 6084 6182
f 5542 5593 6084
f 4413 5178 6552
f 6003 5921 6540
f 6359 7290 7252
f 4532 6424 6086
f 5119 5264 4526
f 4445 6958 6738
f 5763 5922 6088
f 5129 4646 7253
f 6572 5275 7254
f 5198 7157 4543
f 7255 4875 6089
f 4455 6471 6089
f 6365 5977 7256
f 75 74 6090
f 4547 6847 6090
f 6001 7245 5691
f 5917 6335 6290
f 5772 5452 6092
f 6093 7538 6770
f 4943 7276 6093
f 6314 6987 7491
f 5949 6741 5359
f 5293 6389 4557
f 6413 6561 7257
f 5201 5801 5278
f 5285 5773 5278
f 4712 6679 6053
f 4896 4795 5081
f 5320 5097 6664
f 5101 6098 4504
f 5236 5322 7362
f 5325 4787 6562
f 6100 6486 4609
f 4412 6486 6100
f 4694 6418 6577
f 6101 6577 6053
f 6104 5622 5889
f 6102 5335 7364
f 5336 7438 5794
f 5336 6105 7258
f 5794 6537 5336
f 6681 6106 4548
f 4428 6090 7001
f 4982 5031 5984
f 6542 5444 6107
f 7383 5137 7539
f 4457 6112 6108
f 7104 4658 7492
f 6109 7234 5003
f 5872 6822 6109
f 5584 5585 4661
f 6432 6110 5454
f 6335 5917 6356
f 6111 7467 7245
f 6493 7130 6834
f 6112 6493 7104
f 4662 6113 7002
f 4662 7387 6113
f 4674 5074 4472
f 4679 6562 4787
f 6942 6115 5386
f 6099 4564 6116
f 5300 4603 7363
f 4680 6114 4674
f 4567 5305 5399
f 5305 4796 6118
f 6480 4377 4793
f 5546 7540 4898
f 4802 5551 6751
f 5848 5746 7259
f 4910 6121 4489
f 6121 4812 5163
f 5171 6826 6231
f 5604 4804 6123
f 6183 6123 4804
f 5974 6290 6988
f 6018 6755 7260
f 6286 6815 6124
f 6019 5956 6815
f 4836 6784 6125
f 4624 7352 6126
f 6802 6127 7061
f 6645 6972 6207
f 7003 5508 4527
f 7173 6236 7493
f 4530 7161 5193
f 6129 7161 4532
f 5954 5333 6131
f 6131 5333 6064
f 5033 5618 5032
f 5618 6186 6132
f 6412 4554 6133
f 6163 6889 4778
f 4877 7555 6889
f 5500 6259 6135
f 6259 5659 6135
f 6136 5446 4761
f 4761 5448 6136
f 5446 7261 6886
f 6448 7163 7261
f 6138 7385 6510
f 5512 6786 4765
f 6768 5450 7494
f 6140 5007 5375
f 7105 6141 7495
f 4774 4881 6141
f 4664 5971 7262
f 5971 7485 7039
f 5463 7436 5781
f 7500 7573 5288
f 4451 6307 6144
f 5382 4460 7263
f 4460 6191 6145
f 6081 7109 4676
f 5855 4682 6657
f 5245 7167 5252
f 5111 4809 7004
f 4810 4907 7004
f 4809 5306 4578
f 6504 6148 4578
f 5329 4891 4683
f 6150 4715 4415
f 4715 6873 6149
f 4513 6150 4415
f 6151 6837 6152
f 5690 6151 4823
f 4611 6082 6152
f 6152 6082 6835
f 5500 6135 5658
f 5968 6319 5826
f 5943 6340 6658
f 5564 5864 5621
f 5504 6874 6154
f 5507 4842 6155
f 4729 5425 4411
f 5413 5790 6156
f 5186 5368 4734
f 6581 7265 7120
f 5521 5511 6158
f 4860 4942 4544
f 5055 4987 4860
f 6023 6318 6347
f 5898 6343 6159
f 7356 7544 7077
f 5527 6471 7453
f 6161 4455 4945
f 5802 6887 6162
f 5946 7241 5366
f 4778 7449 6163
f 5950 6985 5464
f 5524 4461 4878
f 6164 4461 4667
f 6165 7552 6775
f 6165 4879 5377
f 4840 6851 6166
f 5215 5473 4791
f 5608 6282 5993
f 5397 5879 6167
f 6167 4906 5489
f 6257 7473 4904
f 4693 6631 5392
f 4570 4967 6659
f 4967 7191 6168
f 6515 5857 6799
f 6007 5738 6660
f 6007 5560 6519
f 6462 5624 7266
f 6213 5652 7497
f 5576 6489 5140
f 6176 5567 7498
f 5571 7564 7231
f 4998 7497 7304
f 5002 6735 6662
f 7006 6261 6178
f 5582 7174 6747
f 5586 6918 6633
f 6179 6633 6357
f 4950 7067 7055
f 4883 7132 5211
f 5593 5542 7267
f 4800 4965 6479
f 4900 7191 6719
f 4974 5311 6185
f 5614 4723 7007
f 7007 6640 6323
f 6275 6520 5617
f 6765 4723 4983
f 6132 6765 5441
f 5672 4987 5062
f 4995 6462 7008
f 5421 7381 7301
f 5651 6522 7499
f 6348 7184 7500
f 6804 6189 7268
f 6222 5692 6358
f 7501 6326 5692
f 5005 6805 6190
f 6093 6770 4943
f 6276 7463 4460
f 5501 5990 6192
f 6810 5397 4799
f 4964 7346 6890
f 7010 7566 7302
f 5733 6608 7502
f 4623 4433 6195
f 6838 7327 6812
f 5041 6924 6196
f 5657 6192 6669
f 6281 5835 7011
f 4956 7458 5053
f 5670 6814 5015
f 4941 7414 5041
f 5004 5656 7414
f 5600 7455 4690
f 5728 5061 6198
f 6652 6025 6198
f 5060 5068 5689
f 5744 7484 5156
f 5909 6996 6051
f 5085 7247 7503
f 7043 5087 7503
f 5406 6316 6201
f 5998 6634 6202
f 5092 6288 6663
f 5915 5096 5095
f 5230 7221 5097
f 6203 5100 7045
f 6702 7069 5238
f 5094 5100 6203
f 5107 4416 5724
f 6298 5724 4416
f 5110 4417 6204
f 4417 6621 6204
f 208 5177 6827
f 6937 5851 5939
f 5851 5970 6205
f 6512 5183 7269
f 5120 6207 6175
f 6359 7252 6063
f 6553 5431 5128
f 5923 5703 6209
f 6209 5274 6844
f 5127 6820 6210
f 6556 5194 7504
f 5958 6688 7012
f 7464 6213 6246
f 7212 5652 7505
f 5208 6834 5141
f 6934 5535 7270
f 5151 6451 7271
f 6647 5907 6691
f 6005 5158 6701
f 4394 4589 5166
f 4813 7096 4486
f 4685 5715 5167
f 5167 6458 4685
f 5492 5018 6219
f 5173 6079 6220
f 5320 6826 6220
f 6422 4604 4606
f 5725 5159 4694
f 6567 6836 6578
f 6309 7508 5040
f 5730 5413 5919
f 6897 6223 6156
f 5353 6856 5581
f 6028 6666 6265
f 5974 6029 6225
f 6862 6226 5372
f 4454 5444 6226
f 5536 7009 7131
f 5216 7220 7272
f 5386 6115 7273
f 6120 5551 6971
f 4594 5304 5221
f 6229 5224 4484
f 4479 6549 7015
f 5403 5171 6231
f 5688 6533 6232
f 6876 7427 5416
f 6233 288 4613
f 5759 5952 5875
f 6487 5255 5424
f 6879 6915 6235
f 5257 7550 7274
f 6236 7274 6128
f 6819 7156 5126
f 5924 5764 6237
f 6710 6237 5263
f 6238 6718 6305
f 6630 5938 7016
f 5776 6632 6239
f 6240 5116 5777
f 6573 6240 7275
f 5783 6093 6241
f 5208 5141 7276
f 5469 5468 6248
f 5568 6914 7277
f 5796 7370 6243
f 5580 7457 6243
f 6244 7392 6468
f 4746 5432 6244
f 4642 6066 6763
f 6314 7226 6291
f 5462 7078 7197
f 7231 6047 4998
f 4563 5942 6248
f 5545 5811 5478
f 5392 4515 6249
f 4803 5554 5396
f 4852 4742 6251
f 5438 4748 6252
f 4761 7076 6253
f 6253 5801 5741
f 6776 7387 7106
f 6411 7078 6016
f 6255 7294 6906
f 6794 5299 6146
f 5594 6794 4890
f 5332 5069 5674
f 6181 6260 5501
f 4824 5114 5504
f 5522 6178 6261
f 4535 7296 6762
f 6360 7510 7507
f 6262 7510 5939
f 6257 5481 7570
f 7018 5789 6264
f 6073 7488 4904
f 6056 7496 5841
f 6265 7509 6224
f 7019 6301 6329
f 6658 7256 5861
f 5277 6801 6269
f 5872 5892 6271
f 5139 5799 6917
f 6182 5876 6272
f 6282 5405 6273
f 6274 5615 6607
f 6275 4985 6324
f 5889 7461 6104
f 6083 4997 4411
f 6612 7463 5633
f 4460 5382 6276
f 4683 6909 6277
f 5635 5011 7211
f 5978 7021 5565
f 5868 6175 5187
f 5657 6301 6278
f 5987 5899 6020
f 5786 5307 4921
f 6281 6616 6280
f 5901 5835 6281
f 5903 6573 6285
f 7275 6358 6206
f 6286 6124 6974
f 6005 4379 6115
f 6287 7248 6996
f 6288 5092 5960
f 355 6289 354
f 5815 5096 5687
f 5974 6988 5852
f 5974 7357 6290
f 5800 7227 5918
f 6094 6314 5359
f 5697 7215 7214
f 6292 7214 5698
f 7128 5576 7331
f 7280 5705 5571
f 6670 5867 5925
f 6294 6965 5705
f 5710 7158 7281
f 4664 6295 7281
f 6199 6691 5156
f 5928 6644 6296
f 5722 4951 6297
f 5159 6298 4416
f 6045 7215 5736
f 6378 4443 5736
f 5278 6299 5201
f 5938 6010 7282
f 5747 5859 6300
f 5875 6651 5759
f 6301 6651 6278
f 5762 7238 5125
f 6978 7238 6979
f 6733 6303 5944
f 6211 5348 6667
f 6305 5773 4655
f 5851 6937 4655
f 6279 6260 5660
f 5046 5963 5948
f 6668 6350 5902
f 4451 6582 6307
f 5804 6866 6308
f 5281 6332 6308
f 6309 5040 5918
f 5945 6667 6311
f 5348 5797 6960
f 6652 5957 5906
f 6291 7227 6314
f 6094 6987 6314
f 7092 6247 5912
f 5816 6201 6316
f 5842 6930 5406
f 6363 6352 6346
f 6318 6989 6159
f 5435 6172 6319
f 5818 5934 5962
f 6153 7202 5826
f 4985 5972 6256
f 6262 7420 5523
f 6320 5691 6091
f 5608 6963 5391
f 6021 6365 6321
f 5952 6234 5875
f 5641 5878 6322
f 5819 5877 5658
f 5051 6282 5020
f 5983 6323 6103
f 5614 7007 6325
f 6324 5307 6275
f 5885 5614 6325
f 5984 5563 7283
f 6019 7283 5562
f 7501 6212 7424
f 5791 5730 4825
f 5820 6328 7284
f 6331 5947 6306
f 7288 6321 6361
f 6329 5657 6669
f 6964 5989 7024
f 5947 6331 5279
f 6619 5090 6202
f 5908 5998 5090
f 6332 6111 6622
f 6239 7285 5776
f 5763 6088 5696
f 5704 5797 6211
f 5922 5763 6333
f 7467 6356 5917
f 5935 6519 6336
f 6030 7406 5860
f 5419 5937 7286
f 6265 7279 7509
f 6347 5964 6011
f 6338 5964 6009
f 5759 7287 5943
f 6339 7019 7287
f 5992 6250 5775
f 5956 6124 6815
f 5961 5815 6341
f 6015 5845 6342
f 5898 5992 5963
f 6937 7560 5740
f 6360 6011 7510
f 5884 5983 6349
f 6280 6616 6973
f 5900 7024 6330
f 5417 6306 6346
f 5992 6346 6306
f 6658 6340 6364
f 5861 6964 7024
f 6957 6347 6318
f 6338 6011 5964
f 5183 6025 5931
f 6641 7571 6366
f 6741 6013 6094
f 6349 6027 5884
f 6349 5983 6103
f 5995 7260 6350
f 6350 7244 5902
f 5994 6668 6351
f 6351 5902 6913
f 6363 6993 6352
f 5996 6334 7289
f 6710 6085 6046
f 5263 7567 6354
f 5242 7165 5300
f 6111 6332 7467
f 6356 7467 5281
f 6113 6179 6357
f 5375 5007 6357
f 6230 6122 7092
f 5777 6983 5727
f 6358 6983 6222
f 6046 7290 6208
f 6085 7252 7290
f 6011 7560 7510
f 7507 7510 5523
f 6321 6364 7019
f 6363 6318 6023
f 6327 6267 6669
f 5992 5947 6250
f 6365 7256 6364
f 6364 6321 6365
f 6348 7500 6366
f 5463 7534 6641
f 6351 6913 6353
f 6986 7288 6267
f 6327 5994 6353
f 6361 6321 7019
f 368 369 5675
f 6368 5155 5784
f 4569 5480 4475
f 4576 5398 7057
f 4391 314 6369
f 324 7043 323
f 5086 7043 6039
f 5240 4408 4503
f 343 6372 342
f 4408 5103 6372
f 5103 7153 6677
f 6373 5645 5592
f 4713 7097 6374
f 6376 7338 4423
f 7049 7169 6375
f 7511 4514 6376
f 287 209 6377
f 6377 4426 4518
f 5701 6541 6378
f 5131 7087 5132
f 6739 7087 6931
f 275 6382 274
f 4449 5198 7291
f 6383 277 7291
f 6382 275 6383
f 69 68 6384
f 6432 6384 6110
f 4775 6868 6385
f 66 4462 5145
f 4462 7066 6386
f 5211 7067 6387
f 222 223 6387
f 4465 6435 6388
f 5293 7429 6389
f 4463 7257 6389
f 6391 5718 5169
f 6392 5173 4596
f 4399 4595 6392
f 5475 5467 4721
f 6059 5112 6394
f 5394 7060 4511
f 245 246 6395
f 4730 7116 7061
f 210 6061 6396
f 4431 7379 7170
f 4743 7340 4938
f 5156 5712 5216
f 4583 6439 4574
f 4569 4590 4689
f 4689 7058 4569
f 4395 5084 6397
f 6563 7310 4485
f 5753 7150 6927
f 5748 6642 6941
f 6400 5416 5249
f 5249 4915 6400
f 6402 4521 4838
f 4839 5260 6487
f 4433 7171 5258
f 5261 4531 4438
f 6424 6403 4624
f 7512 6440 6404
f 5347 5700 7292
f 6789 6901 6443
f 5265 5516 6406
f 4540 7423 5701
f 5274 5769 6407
f 5702 6932 5275
f 6408 4447 6004
f 4652 6136 6106
f 4922 5526 6409
f 6952 7572 6092
f 5362 4549 7293
f 6016 7568 6411
f 4874 6906 7294
f 4658 4768 6412
f 6434 6561 4459
f 6548 7309 4671
f 4467 7425 6414
f 6415 4376 5157
f 4715 5328 7295
f 4820 7178 5328
f 5310 6076 6417
f 6417 4477 5164
f 4703 7160 4573
f 4687 6457 4698
f 6418 4695 4805
f 4701 4481 7513
f 7081 4587 6419
f 6994 7565 4587
f 4392 7044 6420
f 5219 6300 5859
f 4600 5323 6754
f 5238 4498 7027
f 4605 4717 4425
f 7028 4506 6422
f 4718 4609 7028
f 4604 4520 5723
f 4623 7072 4433
f 4525 7514 5345
f 6838 5258 7514
f 6426 6404 4436
f 5259 6839 6426
f 5261 7172 4635
f 6735 4749 4535
f 4749 5270 6428
f 4450 6381 6429
f 6572 4646 6429
f 6430 4648 5502
f 239 240 6431
f 6113 5458 6179
f 6449 5926 7297
f 4668 6849 6434
f 4669 6388 6435
f 4465 5296 6435
f 6436 7429 4466
f 4669 6072 6436
f 5537 7308 6450
f 4464 7132 5537
f 4781 5465 7298
f 4565 5591 5854
f 6117 5745 7165
f 4680 4562 6114
f 4562 6034 6114
f 4795 4580 5225
f 6120 7259 7515
f 5420 7515 6507
f 4390 5023 6439
f 4579 4805 4382
f 4572 4575 4695
f 5398 6587 6481
f 4697 5398 6481
f 4481 5225 5312
f 4817 4592 4491
f 5758 4616 5253
f 4732 7368 6440
f 4529 6404 6440
f 5259 4737 5122
f 6839 5259 7516
f 4852 7457 6442
f 4937 6995 6944
f 7020 6914 4993
f 7036 4745 7517
f 6461 4835 7518
f 5268 5254 7299
f 4634 6761 6444
f 6381 6712 4446
f 6445 4752 4644
f 6446 5203 5742
f 4994 6877 4756
f 4648 6430 5360
f 4454 6743 5444
f 5446 6136 6448
f 6448 4652 5200
f 6108 7492 4767
f 6449 7297 6543
f 4456 6649 7300
f 5950 4779 5290
f 5290 6945 5950
f 4464 5537 6450
f 6547 4468 5295
f 5151 6546 6451
f 6415 4561 6452
f 5841 5747 5317
f 5409 4821 6781
f 4821 5554 6781
f 4907 6455 6147
f 4705 5316 6456
f 6457 4807 4578
f 4687 5546 6457
f 7150 7496 5678
f 4788 5468 4711
f 4919 4614 6459
f 5812 5503 7389
f 4617 6596 6460
f 4533 7518 4835
f 5428 7391 4633
f 6187 7008 7301
f 7302 6521 4995
f 5184 7195 5510
f 5368 6791 4869
f 4731 7141 5627
f 6465 7141 5521
f 6466 5516 5265
f 5265 5433 6466
f 4850 6883 6467
f 4852 6442 6130
f 6884 7553 4939
f 6468 7553 6244
f 4747 6760 6469
f 5352 7086 7519
f 6715 5284 4861
f 5284 4754 4861
f 4864 6894 6470
f 5376 6089 6471
f 7241 5770 7520
f 5770 7174 6472
f 4871 6214 6473
f 4552 4770 6473
f 4778 6134 6474
f 5893 7235 5538
f 6437 7186 4784
f 6530 4884 4505
f 5605 4815 4913
f 6644 5605 4913
f 5544 5595 6476
f 5836 4968 6478
f 6119 4793 4377
f 5218 7259 6120
f 6481 6816 4697
f 5556 5841 4912
f 7236 7133 4975
f 6482 7133 4887
f 4592 4817 6483
f 4952 6515 6484
f 7146 7334 6603
f 6485 7201 7178
f 4608 5488 6485
f 4412 5243 6486
f 5664 4986 4831
f 5664 7149 5062
f 4753 5004 4942
f 6487 4929 4839
f 5655 5039 5573
f 5267 7353 7521
f 6177 4998 7304
f 6174 5140 6489
f 5573 6490 7522
f 4936 6490 7305
f 4544 7129 6491
f 4859 6446 6491
f 4859 6491 6492
f 6492 7129 5004
f 5006 7164 5208
f 4768 7104 6493
f 4549 5362 6494
f 4944 7348 6494
f 6110 4661 5585
f 68 383 7306
f 6495 6513 5460
f 5284 4554 6496
f 7555 7558 6919
f 5588 6070 6497
f 5205 4881 4782
f 5009 6612 6498
f 5023 6499 4474
f 7205 7460 6605
f 7459 7547 6500
f 5602 5485 6501
f 4570 6659 6502
f 4969 6606 6503
f 5603 5789 7524
f 4978 6170 5611
f 6520 6506 5030
f 4984 5616 6506
f 6635 5420 4923
f 5887 6508 5620
f 4978 5029 4991
f 4926 4994 4837
f 4994 6785 4837
f 5539 5854 6851
f 6851 5591 6166
f 6509 7421 5870
f 6509 7233 6614
f 4869 6791 6510
f 5531 7408 4656
f 4656 7385 7122
f 5628 6539 6511
f 4940 6406 6511
f 6980 6512 5631
f 5457 5007 7190
f 6191 7009 6514
f 4948 5149 6514
f 5012 6484 6515
f 5014 5858 6516
f 7360 7110 6475
f 6283 5670 5064
f 5019 4566 6813
f 4960 5018 5019
f 5644 6962 6518
f 6524 5045 5049
f 5560 7406 6519
f 5935 6026 6519
f 5030 5619 6520
f 5035 7502 7010
f 5506 7209 4928
f 5651 7464 6522
f 5042 5632 6523
f 6523 4666 5207
f 5053 5607 6525
f 5029 5610 6526
f 5882 6526 4979
f 5056 6683 6527
f 5037 7144 6527
f 4623 6195 6528
f 4430 7416 5056
f 4987 5055 5062
f 4566 5317 6813
f 5656 5067 5061
f 6529 5669 7011
f 5070 5066 5548
f 5675 6671 5073
f 6033 4561 7030
f 4505 7264 6530
f 5078 6531 5810
f 4811 4696 6532
f 5679 5940 5927
f 6391 4593 5231
f 6550 7166 5237
f 5688 6664 6533
f 4709 6534 4599
f 5104 7153 6534
f 5323 4502 5099
f 4919 5105 4827
f 6376 4423 7031
f 5114 6682 6535
f 5260 6569 4620
f 6061 7249 4431
f 4728 6879 6537
f 4630 5431 6538
f 6732 5344 7526
f 5577 7451 6441
f 5437 6511 4856
f 5921 5697 6540
f 5130 7074 7527
f 6062 7527 5579
f 5132 7347 6541
f 4443 6378 6541
f 5696 6088 5923
f 6542 4545 4757
f 4757 7014 6542
f 4874 7437 4663
f 7307 5709 7300
f 5209 5210 4556
f 5634 6793 7032
f 6387 5589 7033
f 5150 5010 6545
f 6807 6545 5010
f 6690 7054 5151
f 5537 4882 7308
f 5153 5152 6547
f 6414 4671 7309
f 5756 4470 5242
f 6549 6218 4586
f 4586 6229 6549
f 5667 5492 5813
f 5168 5716 6219
f 4493 5234 5232
f 5232 4500 6550
f 6552 5177 6233
f 5128 7062 6553
f 5189 5346 6553
f 5865 5568 7034
f 7017 7277 6914
f 5193 6656 6555
f 4735 4631 6555
f 6210 7504 5194
f 6857 7328 4542
f 5129 6380 6557
f 4541 7162 6558
f 5198 4543 6558
f 7279 5739 7240
f 6833 6560 5205
f 5459 6776 7035
f 5210 6561 4556
f 6413 4459 6561
f 6397 7426 7310
f 4485 159 6563
f 5228 4587 6564
f 5685 5231 4492
f 5232 4494 335
f 5235 6079 6565
f 4496 5234 4493
f 5751 7221 5754
f 5235 5750 6566
f 6578 5108 6567
f 4836 6707 6568
f 6569 5260 5761
f 7194 6236 7528
f 6155 7173 4527
f 5764 5924 6570
f 4625 6943 6571
f 5257 7274 7194
f 6004 7254 5275
f 6250 5774 6279
f 6646 6279 5660
f 5903 6643 6573
f 5833 6641 7311
f 5781 7225 5463
f 4680 4674 6575
f 6576 4886 5856
f 4972 7143 5025
f 5309 6053 6577
f 4414 4613 6578
f 6578 289 5108
f 4932 5574 4933
f 5069 5716 5066
f 5032 6132 5664
f 6579 5343 4936
f 6734 7369 5349
f 4835 6589 6580
f 4533 4745 7036
f 6157 7120 7265
f 5630 7316 6582
f 5776 6307 6582
f 4461 7447 5455
f 7529 6749 6583
f 7185 6583 7530
f 6584 5583 4867
f 4867 6772 6584
f 5371 6748 4667
f 4771 6717 6585
f 6587 5398 4388
f 4814 5095 5493
f 6873 4508 5408
f 5109 6588 4508
f 4821 5409 5106
f 5823 4918 4990
f 4744 6878 6589
f 5422 6580 6589
f 208 6827 4838
f 4841 7116 5426
f 5121 6590 4730
f 6139 7494 5449
f 5450 5708 6591
f 5454 4552 6214
f 4552 6473 6214
f 7088 4773 6592
f 5456 4772 6592
f 6543 5458 7531
f 6254 7387 5458
f 6594 7396 5142
f 5142 6772 6594
f 5467 6423 6393
f 6393 4884 5324
f 5876 5594 6272
f 4890 5472 6272
f 5479 7112 4959
f 6532 4478 7026
f 5487 7167 5488
f 4913 6483 4817
f 6123 6183 6631
f 4990 6595 5497
f 6517 4829 5389
f 5641 4828 4516
f 4923 5649 6595
f 5268 6948 6596
f 5506 6460 6596
f 377 4840 6166
f 4750 6788 4858
f 6788 4442 7532
f 6065 7340 5518
f 6597 7340 6760
f 5704 7441 5797
f 6469 7519 7086
f 4939 6468 4853
f 5528 6161 7312
f 5583 7312 4867
f 6598 4875 5529
f 5529 6904 6598
f 5680 7124 4895
f 5081 6599 4896
f 4962 5680 5545
f 5680 4686 5161
f 5716 5168 5066
f 5332 5837 5671
f 7278 6371 5688
f 5558 4614 5609
f 5871 5979 6602
f 5705 7280 6602
f 7303 7334 6484
f 4473 5026 6603
f 5053 7147 4956
f 5876 7458 5594
f 6605 4899 7313
f 4899 7398 5182
f 5788 6605 5601
f 6604 7313 4899
f 5028 6525 5607
f 4992 4833 4991
f 4926 6194 6608
f 4997 6610 6609
f 5539 6609 6610
f 5000 7140 5627
f 7009 6191 7463
f 5829 4651 7314
f 6745 4546 7314
f 6174 7413 5140
f 6614 7413 7144
f 6615 5625 5653
f 5531 5001 7315
f 6197 7414 5656
f 5307 6281 6280
f 5297 6617 5784
f 4577 5080 4384
f 5908 5090 6618
f 6618 5089 6040
f 5684 6618 5090
f 5386 7273 7220
f 4713 6151 6621
f 6961 7285 6622
f 5354 4751 7183
f 4751 5828 6623
f 5925 5204 5706
f 5706 5138 5925
f 5712 5756 4564
f 5174 6058 6624
f 6221 5324 5722
f 6573 7275 6285
f 5448 6253 6625
f 6010 6852 5741
f 5230 6220 5235
f 6570 6627 5764
f 5700 5347 6627
f 5766 6087 6628
f 5271 7183 5767
f 5273 7223 5767
f 5452 7474 5285
f 5804 6308 6629
f 6846 7016 5938
f 6338 6009 7038
f 6631 6183 4900
f 5791 5953 5730
f 5776 6582 6632
f 5959 5370 7316
f 5375 6357 6633
f 6586 6166 5591
f 4472 5509 6166
f 6315 6634 5810
f 4991 7389 5503
f 6636 5965 5046
f 5046 5951 6636
f 5822 5883 6637
f 5613 6224 6637
f 5825 5423 6638
f 4517 6916 6639
f 6640 5968 6103
f 6142 7262 5971
f 6574 7311 7534
f 7262 7571 5833
f 4985 5621 5972
f 5843 6642 5558
f 6249 6228 6642
f 5116 6573 6643
f 5903 5996 6643
f 5989 5863 5563
f 5837 5332 5987
f 5661 5972 5050
f 5048 6626 5665
f 6306 5994 6331
f 6217 6691 5907
f 5676 7041 6647
f 5960 5686 6648
f 5686 6202 6648
f 5926 6449 6649
f 5928 6122 6907
f 6242 6064 5792
f 6506 5822 5030
f 5616 4920 5883
f 5896 6020 5978
f 5977 6312 6268
f 6365 7489 5977
f 5666 6278 6651
f 5981 5883 4920
f 6676 5913 5999
f 6004 4447 7317
f 6005 6701 4379
f 5992 5775 5963
f 5289 7246 6653
f 6142 5971 7039
f 5562 6312 5956
f 4740 7318 6044
f 5193 6654 4628
f 6065 6405 5130
f 6072 4670 6655
f 5714 4381 5161
f 6129 5264 6656
f 4735 6555 6656
f 5299 4886 6576
f 5977 5861 7256
f 5861 7024 6658
f 5864 5972 5621
f 4970 6502 6659
f 4952 5645 6169
f 4979 4980 6660
f 4856 6539 6178
f 6184 4808 6479
f 4965 4800 5600
f 7455 5492 5667
f 5677 6723 4397
f 5913 5092 5999
f 4985 6275 6665
f 5617 6508 6665
f 6643 6988 5116
f 6336 5199 5973
f 5687 5929 6080
f 6327 5990 5947
f 6668 5994 6022
f 5279 5994 6327
f 6329 6669 6267
f 6353 5994 6351
f 4575 4382 4805
f 5367 6864 6670
f 5675 6674 6671
f 6671 6674 7030
f 6033 4375 6672
f 4375 84 6672
f 83 6034 6673
f 4562 4675 6673
f 6674 5675 4374
f 361 362 6675
f 4380 7248 6675
f 4390 6499 5023
f 6038 5083 5082
f 5083 7349 5082
f 4394 6078 318
f 354 5913 6676
f 464 5093 334
f 5685 4492 4398
f 4410 7048 6677
f 6678 4410 135
f 5725 6101 6679
f 301 302 5109
f 6680 5107 5724
f 4522 6725 78
f 4428 7001 6681
f 4522 4758 7084
f 5484 7506 6682
f 5117 6527 6683
f 6812 7569 5056
f 248 249 6684
f 4526 6590 6684
f 4741 253 6685
f 4434 251 4437
f 265 6686 264
f 4642 6958 7535
f 5134 6821 6687
f 6688 5799 5139
f 7012 6688 7320
f 72 71 4545
f 4650 4545 6107
f 5372 7014 6048
f 6689 4557 6095
f 5151 6216 6690
f 4559 6699 6690
f 6691 6199 5676
f 4703 4573 6692
f 4406 7417 6058
f 349 4403 6693
f 4530 7064 5190
f 5194 6842 6696
f 4537 261 6696
f 5143 5204 5709
f 6070 5588 6697
f 4880 5146 6697
f 7159 5207 6698
f 4879 6165 5807
f 6699 7187 6655
f 5381 6690 6699
f 6700 4671 4560
f 4574 6439 7068
f 5252 6941 5757
f 6692 5224 4386
f 4588 5316 5315
f 4705 4489 5315
f 5719 7443 4403
f 4399 4398 5093
f 4403 351 4400
f 4405 6703 4501
f 5238 7350 6702
f 5170 7417 7536
f 5246 7427 5244
f 6082 4422 6705
f 4415 4715 6706
f 6706 4612 4714
f 6707 4634 5254
f 5254 6568 6707
f 4548 6136 6938
f 4438 4531 6708
f 7073 7321 6708
f 5191 7335 6709
f 5263 6354 6710
f 4749 4637 5270
f 5272 5135 6711
f 4641 6857 7537
f 4450 5136 6712
f 5355 6857 4543
f 6713 6089 5376
f 5376 5276 6713
f 6986 5057 7288
f 4845 6855 6714
f 5342 6882 6714
f 4861 4780 6715
f 5442 6133 6715
f 5455 7490 7538
f 4660 7538 5783
f 63 386 6716
f 4558 6850 6716
f 5294 6717 6870
f 5278 5773 6718
f 5773 6305 6718
f 5646 5054 5559
f 5559 7125 5646
f 5482 7200 6719
f 4801 6631 6719
f 4574 4385 309
f 6418 4694 4695
f 4386 6229 6720
f 6564 4585 4589
f 6720 5401 4702
f 4702 4386 6720
f 6723 5319 5169
f 6391 5169 5319
f 4601 4409 4504
f 4711 4789 4788
f 5308 6853 6724
f 7179 7335 5334
f 5191 6784 6726
f 6537 7525 6105
f 4411 5425 4722
f 4533 7036 4633
f 4847 7451 6728
f 5793 6947 6729
f 4433 7072 6730
f 6731 4737 5340
f 5655 4435 6732
f 7422 7526 5344
f 5763 5944 6303
f 5944 7567 7037
f 5349 5434 6734
f 4851 4848 6734
f 4535 6662 6735
f 4537 6842 6736
f 6737 7433 5766
f 5766 6628 6737
f 4751 6628 6738
f 6087 5270 4638
f 6740 4644 4539
f 4539 6379 6740
f 6094 5359 6741
f 6741 5949 6348
f 6742 4726 5361
f 6068 7348 4654
f 6107 7383 7539
f 4650 6137 380
f 4453 379 380
f 6613 7314 4546
f 4767 6068 6746
f 6746 4654 4457
f 6109 6822 6747
f 6071 4771 5291
f 6749 7529 6934
f 4676 4884 6423
f 4674 6586 6117
f 5591 4565 6117
f 6119 4898 7540
f 7095 6118 7541
f 4480 4798 6074
f 5477 4689 4590
f 4801 4515 6631
f 7400 4802 5393
f 4811 7026 6752
f 6054 4795 6752
f 5681 4483 6753
f 4483 5310 6753
f 4486 4589 5163
f 4705 5315 5316
f 4489 6121 5163
f 4707 6811 5402
f 5402 5219 4911
f 4401 5098 5817
f 4497 6565 6624
f 4499 5175 4708
f 5323 5099 6754
f 4405 7027 6754
f 6149 5408 5179
f 5179 6780 6149
f 5646 4824 6154
f 5178 5185 5113
f 4830 5475 6756
f 7542 6877 4994
f 5937 5888 7399
f 5422 4725 5349
f 5341 7365 4733
f 6757 7365 5256
f 5429 4525 6758
f 5732 4627 7321
f 253 4741 6759
f 4741 7380 6759
f 6427 7172 4534
f 5353 6469 6760
f 4933 7117 4843
f 6461 7391 4744
f 5436 6444 6761
f 6125 4528 7322
f 5737 7543 5356
f 6623 5828 7543
f 5803 6954 6764
f 6162 5530 7323
f 6132 6186 6765
f 5954 4723 6765
f 6134 6919 6766
f 4946 7403 6766
f 4934 6464 6767
f 6898 6767 4550
f 4758 4522 77
f 4522 78 77
f 5528 7176 6768
f 6591 7494 5450
f 5360 4657 6447
f 4767 4551 6769
f 4551 7077 7544
f 7490 6770 7538
f 4862 7142 5286
f 5461 5457 6771
f 5457 4873 6771
f 5529 6594 6772
f 5142 5460 5874
f 6143 7411 6773
f 5630 5891 7175
f 5950 6945 6774
f 5710 7281 6774
f 4878 6164 6775
f 6775 5380 5807
f 228 6069 5146
f 6560 7035 5466
f 6593 7387 5459
f 6798 4914 4976
f 4914 6482 4887
f 6480 4793 4684
f 4897 4962 4794
f 4377 4808 5490
f 4691 6895 5114
f 5489 4906 6779
f 6418 6455 5025
f 5025 6577 6418
f 4902 4808 4377
f 4813 4909 4586
f 4704 6720 4586
f 4592 5606 4707
f 5179 5180 6780
f 5488 6781 4803
f 4823 6152 5248
f 5248 5410 4823
f 6782 4717 4977
f 4977 6600 6782
f 4836 5361 6784
f 4726 6726 6784
f 4727 5113 5825
f 6786 5512 4868
f 4868 7103 6786
f 5734 4857 6261
f 4747 6597 6760
f 4743 6856 6760
f 4747 5519 6787
f 4856 6178 6787
f 6611 7532 4442
f 5265 6406 6789
f 6406 4940 6789
f 6159 5991 6328
f 5991 7284 6328
f 4780 4451 6144
f 4871 6473 5292
f 5526 6903 4755
f 5525 7118 4755
f 6790 6160 5772
f 5772 6410 6790
f 6791 4765 6138
f 5377 6749 6792
f 4881 4774 5853
f 5537 7132 6793
f 6544 7032 4883
f 5494 4885 4819
f 4789 5384 4788
f 4711 5385 4789
f 5044 6603 5026
f 4682 5855 5541
f 6657 6146 5299
f 4958 4902 6480
f 4684 4892 4894
f 5552 7200 7193
f 4691 7193 6895
f 4905 5400 5025
f 4989 5847 5034
f 5034 6893 4989
f 4922 7452 5526
f 4742 7446 6251
f 7029 7390 5505
f 7010 6194 7545
f 5574 7203 4933
f 4933 4843 6158
f 4934 4657 5360
f 4632 4850 6467
f 4949 226 5711
f 5146 4880 5711
f 4953 4885 5011
f 4960 5391 6219
f 4796 5305 5021
f 4900 6810 7191
f 4799 5547 7191
f 4968 6500 4901
f 6797 6501 5550
f 5550 6795 6797
f 6798 4976 5027
f 6796 4914 7546
f 6799 4976 4887
f 4887 5404 6799
f 6800 5607 6626
f 6626 5048 6800
f 5860 6559 6030
f 5954 5827 4723
f 4942 4860 4987
f 5887 5787 6665
f 4833 4992 5412
f 5412 4925 6154
f 6269 7302 7008
f 5622 6269 6801
f 6187 7445 5277
f 4411 4722 6083
f 6270 4997 6083
f 5036 7407 4841
f 5184 6155 6803
f 5572 7456 7324
f 6858 7268 6189
f 5005 7376 6805
f 4554 6806 6805
f 4768 6493 7164
f 5006 6805 6806
f 5010 5147 4949
f 4949 5711 6807
f 5472 7360 6516
f 5636 7314 6808
f 5028 5607 6800
f 4720 6968 5017
f 6517 4828 4720
f 5019 5642 4894
f 5643 5021 6193
f 4798 7136 5162
f 4799 6890 6809
f 5182 7428 6809
f 4799 7191 6810
f 4901 6500 4965
f 7547 6184 4965
f 5540 5855 5856
f 4886 5026 5856
f 6811 4707 5606
f 6195 6838 6812
f 4935 7569 5513
f 5500 6322 5878
f 5951 6135 5659
f 5047 6476 5595
f 4954 5637 5660
f 5019 6813 4960
f 5993 5060 5689
f 5669 6529 6626
f 6814 5670 5607
f 6169 5645 5060
f 5070 5661 5674
f 5069 5070 5674
f 6481 5555 6816
f 320 4393 6722
f 5301 6942 5386
f 6817 5109 4508
f 4508 5247 6817
f 5220 4480 5111
f 5690 7419 6204
f 5690 6621 6151
f 4713 6837 6151
f 4691 5114 6535
f 6326 5631 6512
f 6683 7366 5117
f 6590 5118 7548
f 5426 5118 6424
f 5897 6976 5693
f 6175 5693 5187
f 5126 6355 6819
f 4445 7504 6820
f 5127 6686 6820
f 5135 5272 6821
f 4538 5196 6821
f 5582 6747 6822
f 6822 5872 6271
f 7158 6823 5144
f 4553 4776 6823
f 5209 5584 5210
f 5711 6498 6612
f 5009 7463 6612
f 6869 6824 5536
f 6905 7462 5008
f 6544 7033 6825
f 5242 4470 5157
f 318 319 4394
f 5052 5162 4567
f 4589 7361 5163
f 6578 4613 289
f 6828 5180 5179
f 5180 5326 6780
f 5328 6149 4820
f 4506 4605 6829
f 6829 5185 4520
f 6554 5192 7326
f 4450 6429 4543
f 6137 7163 4453
f 5200 6847 6831
f 6832 6560 5466
f 5466 7106 6832
f 6070 7251 6833
f 7035 6560 7549
f 5208 6493 6834
f 4772 5456 6834
f 5325 5387 5075
f 5228 6039 4587
f 5314 4588 4585
f 4585 7081 5314
f 5685 6391 5231
f 4495 5719 5929
f 5719 5172 5929
f 4714 7070 6835
f 5248 6152 6835
f 6836 6567 6059
f 5251 4514 6837
f 4611 6152 6837
f 6875 4425 4717
f 4838 6827 6402
f 4929 6235 5569
f 5569 5507 4929
f 6425 7514 5258
f 5513 6812 7327
f 6046 6208 6840
f 6252 4441 6841
f 5270 6736 6842
f 4537 6696 6842
f 5768 5273 6843
f 5273 7253 6843
f 5126 6209 6844
f 5274 7423 6844
f 6572 7373 5275
f 6739 5702 7373
f 5276 5582 6845
f 6846 6238 7016
f 5938 7282 6846
f 5280 6090 6847
f 4547 6831 6847
f 5732 7179 4627
f 5334 4429 6848
f 5460 5289 4872
f 5292 6473 6849
f 4770 6434 6849
f 5296 6716 6850
f 4558 7378 6850
f 4840 4996 6851
f 6416 5302 7551
f 5302 6999 4677
f 6010 5303 6852
f 4452 6938 6852
f 5308 5249 6853
f 4692 7098 6853
f 5106 7143 4821
f 333 6390 4384
f 5751 5754 4597
f 5328 7201 5308
f 5330 5115 4546
f 6233 206 288
f 5337 4620 4521
f 4919 5498 5105
f 5498 6892 6854
f 5342 6714 6855
f 4845 5654 6855
f 5188 7370 6856
f 5353 6760 6856
f 6557 4542 7328
f 4542 7537 6857
f 7023 7224 5800
f 5780 6955 6858
f 5330 4759 6859
f 4759 7393 6859
f 5362 7293 6860
f 6860 4760 5137
f 6861 4654 6862
f 5363 6861 6862
f 6863 5803 5525
f 5525 6903 6863
f 5368 7386 6865
f 4657 4934 6865
f 5804 6984 6866
f 4553 6215 5535
f 5374 6385 6868
f 4775 7531 6868
f 4779 7198 5534
f 4878 6775 7552
f 5008 6824 6869
f 5536 7475 6869
f 6756 4378 5329
f 4562 4680 6871
f 4679 5301 6620
f 4693 5392 5396
f 5306 4480 5052
f 5225 4481 4701
f 5311 4481 5401
f 4702 4481 5312
f 4820 6780 5326
f 6588 5408 4508
f 5412 6154 6874
f 5243 5843 5414
f 5414 4826 5243
f 4719 5416 7427
f 6877 7542 5778
f 5422 6589 6878
f 5825 6402 6827
f 5424 6537 6879
f 4728 6915 6879
f 5426 4624 6880
f 6880 4430 5036
f 6977 5120 5694
f 5429 6714 6882
f 5342 5513 6882
f 5849 6157 4850
f 6883 4848 6130
f 4741 6685 5123
f 4746 7553 5436
f 6468 4939 7553
f 5439 7063 6885
f 5828 6958 4642
f 5951 7243 5785
f 5447 6886 7261
f 6886 5447 4760
f 4868 7450 6887
f 5530 6162 6887
f 5453 6585 6717
f 4555 7554 5453
f 5465 6698 7554
f 5369 6592 4772
f 5371 5455 4660
f 6867 5371 4660
f 5456 6592 5454
f 5461 5007 5457
f 6140 7190 5007
f 5459 7035 6888
f 4458 5805 6888
f 4647 6917 5799
f 6163 5782 6889
f 6919 6889 7555
f 6081 4602 6704
f 4602 4710 5469
f 6416 7360 5302
f 5477 5221 5476
f 6604 5182 5838
f 5182 6809 6890
f 5491 4388 4696
f 6891 4910 6587
f 5492 6258 5642
f 5494 4683 6277
f 4716 5844 6892
f 5649 6893 5497
f 5034 5888 6893
f 7393 5659 6894
f 5360 6430 6409
f 5485 6874 6895
f 5504 5114 6895
f 5511 5521 6896
f 4731 5626 6896
f 5413 6156 6223
f 6897 6156 4932
f 4550 6764 6898
f 4850 5517 5849
f 6261 6762 5734
f 5519 7196 5437
f 4937 6443 6901
f 4940 6900 6901
f 5286 7447 7435
f 4876 6902 5524
f 5525 4755 6903
f 5529 6772 6904
f 4867 7312 7556
f 4553 7329 6905
f 5373 7185 6905
f 5533 6255 6906
f 4874 4663 7557
f 5081 4895 6599
f 5556 5840 6912
f 6912 5840 4814
f 6224 6028 6265
f 6265 6030 6559
f 6266 5612 4918
f 5739 5860 4918
f 6367 6353 6913
f 6324 4985 6256
f 6256 5901 6324
f 5568 6104 4993
f 6915 5427 5569
f 5569 6235 6915
f 5574 6639 6916
f 4647 5873 6917
f 6917 5582 6822
f 5586 6933 6918
f 5287 7228 6918
f 7555 5587 7558
f 6919 7523 6766
f 5014 4954 6181
f 5594 4956 6794
f 5014 6908 5858
f 6282 5608 5391
f 5598 4810 6148
f 7208 6765 4983
f 5001 6591 6920
f 6959 7477 5708
f 6921 5629 4859
f 5629 7216 6922
f 5872 6109 6923
f 5183 5933 7330
f 6276 5382 6925
f 5634 6925 7559
f 5028 5639 6373
f 4684 4894 5642
f 5663 5054 4925
f 5655 4732 5039
f 5013 6926 5045
f 6926 5013 6794
f 4685 6056 4893
f 6154 4925 5054
f 5875 6283 5666
f 6626 5607 5904
f 5638 5064 5015
f 6283 5064 5666
f 5670 5015 5064
f 5060 5065 5016
f 4753 5672 5067
f 6928 5908 5682
f 5682 6040 6928
f 362 363 4380
f 6036 7041 5077
f 5161 4686 6097
f 6097 5081 6054
f 6052 5755 5942
f 5686 6289 6619
f 5815 5961 5914
f 6930 4396 6316
f 5730 5953 5413
f 5919 7099 5693
f 6407 7354 5131
f 5702 6931 6932
f 6932 7466 6408
f 5926 7476 5586
f 5866 7481 6933
f 5707 6921 6196
f 6196 4941 5041
f 6215 7270 5535
f 6934 7270 6945
f 5712 6691 6217
f 6122 6935 5713
f 5215 5713 5752
f 6006 5931 6936
f 5731 7456 5868
f 5736 4443 6045
f 6205 5939 5851
f 6625 6852 6938
f 4544 6491 6939
f 6939 5742 4863
f 6287 5909 5679
f 6940 5909 7484
f 4817 5493 6930
f 5493 5914 6930
f 6232 5751 4597
f 5301 5241 6942
f 6052 6942 5755
f 5952 5943 5900
f 5665 6529 5059
f 5760 5257 6943
f 5039 7409 4625
f 6303 6333 5763
f 4631 7380 6944
f 6345 5740 7560
f 5948 5658 5046
f 5658 5951 5046
f 5290 6934 6945
f 5326 4712 7561
f 6947 5793 4429
f 4429 7090 6947
f 6105 5336 6537
f 5795 4927 6948
f 5506 6596 6948
f 6311 6960 6949
f 5734 6762 6949
f 6950 5862 5997
f 5886 6951 5615
f 7076 7355 5801
f 7293 7572 5364
f 7562 5831 6953
f 5451 7103 6953
f 5440 7486 5366
f 5959 7268 6955
f 5780 6629 6955
f 4396 5961 6956
f 6317 4396 6956
f 6080 6663 6956
f 6957 6318 6159
f 6159 6328 6957
f 6958 5828 4751
f 4751 6738 6958
f 5708 4764 6959
f 6293 7128 7331
f 5489 6779 6604
f 5599 7313 6604
f 4924 7139 6601
f 5887 7139 4924
f 5734 6949 6960
f 7563 6991 6961
f 5856 5026 6962
f 5026 7236 6962
f 5858 6908 5542
f 5168 6219 6963
f 5647 6972 5561
f 5977 6268 5861
f 5867 7231 7564
f 6965 7564 5705
f 5427 5572 5869
f 7176 5583 6967
f 5596 5017 6968
f 6280 4921 5307
f 5786 6275 5307
f 6323 5983 6969
f 4784 7235 6970
f 5537 6793 7332
f 5218 6120 6971
f 5551 7018 6971
f 5986 5895 5640
f 5644 6518 5605
f 5976 5561 6972
f 5976 6972 6645
f 4889 6084 5593
f 5672 6286 6974
f 6974 5905 7239
f 5683 5912 5911
f 5913 6289 5960
f 5172 4400 5999
f 5988 6976 5897
f 6881 5694 5120
f 5694 7000 6977
f 5921 5736 5697
f 6237 6840 5924
f 6978 4630 6302
f 5924 6978 6979
f 5925 5138 6670
f 5138 5367 6670
f 5933 5183 6980
f 5183 6512 6980
f 5962 5934 6981
f 6982 5940 5744
f 5744 7272 6982
f 5158 5941 5910
f 4791 5975 6907
f 6211 5922 6333
f 5777 6984 6983
f 5040 7508 6983
f 5040 6983 6984
f 5777 6866 6984
f 5950 6774 6985
f 6985 5782 6163
f 6986 6031 6313
f 6342 5826 7202
f 5827 5435 7007
f 6987 6016 5462
f 5462 7491 6987
f 6988 6290 6335
f 6993 6029 5995
f 5644 5975 5540
f 5564 6946 5864
f 5640 5978 5565
f 5980 7216 5707
f 6196 5985 5707
f 5884 5613 5983
f 5863 5989 6964
f 6330 7024 5989
f 5898 6159 6989
f 6989 6318 6363
f 7024 5900 5943
f 6990 7244 7025
f 6032 6031 6990
f 5998 7483 5927
f 6991 7563 6304
f 6000 4769 6991
f 5691 6205 6001
f 6299 7282 6010
f 6027 6028 5884
f 5884 6028 6224
f 6350 6668 6992
f 6022 5417 6992
f 5358 5886 6171
f 6171 6019 5358
f 5974 6225 7357
f 6456 7388 6038
f 6419 4587 7565
f 6045 6043 4439
f 6044 6654 6995
f 4631 6944 6995
f 4394 6722 4487
f 5170 6702 4501
f 5347 6997 5735
f 5228 4487 6077
f 4513 6835 6082
f 6998 5264 6129
f 6086 5118 6998
f 6354 6819 6355
f 5126 6003 6355
f 6096 5541 6999
f 4792 4677 6999
f 7000 6102 6042
f 6105 6727 5337
f 5863 7283 5563
f 6357 5007 7002
f 5461 7495 7002
f 6117 4678 4674
f 6755 5974 5852
f 6024 6755 5852
f 6815 5358 6019
f 6128 5262 7003
f 4839 5508 4733
f 6172 5435 6131
f 5435 5827 6131
f 6154 4824 5504
f 6073 7473 6478
f 5176 5324 6221
f 5868 7005 6175
f 5427 6881 7005
f 6178 6662 7006
f 4535 6762 7006
f 5969 5968 6640
f 7008 6187 5277
f 5277 6269 7008
f 6188 6522 6127
f 4930 244 6127
f 4948 6514 7009
f 4924 5787 5887
f 4928 7209 7566
f 5713 5215 4791
f 4791 6907 5713
f 4821 4972 5554
f 6212 7501 7333
f 6309 5958 7333
f 6326 7501 7424
f 6212 5892 7013
f 4757 5202 7014
f 5202 6048 7014
f 7015 6229 4484
f 4596 6220 6826
f 7016 6238 5740
f 5740 7038 7016
f 5774 6250 5947
f 6327 5947 5279
f 6242 5792 7017
f 7017 5192 6554
f 5809 6201 6317
f 6251 7222 4852
f 6264 6971 7018
f 5551 6503 7018
f 6170 4424 6266
f 6340 7287 7019
f 5858 6272 5472
f 4993 7498 7020
f 6946 7021 6362
f 5677 4594 6723
f 5169 4397 6723
f 5698 4439 5124
f 5471 6263 7022
f 4563 5941 5158
f 6052 5942 5158
f 6629 5780 5804
f 6858 7224 5780
f 7433 7470 5798
f 6319 5969 5435
f 6009 5820 6344
f 6347 6957 5964
f 6334 5906 7025
f 6032 6990 7025
f 6267 6353 6367
f 5928 5406 6247
f 5101 4409 4503
f 6445 6712 4752
f 6381 4450 6712
f 6054 6752 7026
f 7026 4811 6532
f 4596 5717 6392
f 4600 6754 7027
f 4501 7350 4405
f 7028 6422 5246
f 5390 6453 4797
f 6781 5488 5409
f 4579 6147 4805
f 4928 7390 6460
f 6742 7029 5505
f 5313 4582 4474
f 5597 6499 4963
f 5931 7269 5183
f 5297 6671 7030
f 7030 4375 6033
f 7031 4421 4418
f 4418 7351 7031
f 7032 6544 5150
f 5150 6925 7032
f 7033 6544 4883
f 4883 5211 7033
f 7034 6554 5733
f 5733 7502 7034
f 6738 4638 4445
f 6833 7549 6560
f 7035 7549 6888
f 5735 6333 6733
f 7036 7517 4847
f 4847 6728 7036
f 4981 4990 5612
f 4424 7206 5612
f 5671 5486 4690
f 5332 5667 5716
f 6620 7220 5808
f 6733 5944 7037
f 5263 5764 7567
f 6630 7016 7038
f 5740 6345 7038
f 5911 6288 6648
f 6653 6411 7568
f 6016 7358 7039
f 7040 6663 6080
f 5670 6283 5669
f 5669 5904 5670
f 375 4472 5074
f 5676 6199 7041
f 5509 376 377
f 377 6166 5509
f 4996 4840 4729
f 4391 7160 5164
f 6037 5398 4697
f 5814 7057 4387
f 5085 7345 7042
f 6200 7503 5087
f 5086 6370 7043
f 467 6420 7044
f 4392 7151 7044
f 355 356 6289
f 5093 464 6421
f 138 337 7045
f 4407 7069 7045
f 136 135 7047
f 4410 6677 7047
f 5103 6677 7048
f 4410 340 7048
f 4420 6374 292
f 4420 201 6375
f 6376 4514 7049
f 4514 7169 7049
f 6375 201 6694
f 201 2 6694
f 287 6377 7050
f 4518 7249 7050
f 6812 5513 7569
f 5513 5342 4935
f 5255 5260 6727
f 7051 4524 5514
f 281 6379 4539
f 6513 5874 5460
f 234 5143 6385
f 5143 4775 6385
f 5206 7342 5805
f 384 64 7052
f 4466 5293 7052
f 7053 6388 4669
f 4669 6436 7053
f 7054 6690 5381
f 5381 4783 7054
f 7055 4464 5590
f 218 7056 217
f 7309 4467 6414
f 79 4729 80
f 4712 5180 6679
f 5180 7319 6679
f 6037 330 7057
f 331 4387 7057
f 6054 7026 7058
f 4706 6927 4397
f 4498 5238 7059
f 4407 337 7059
f 5930 6438 7060
f 6395 4730 7061
f 4841 6802 7061
f 4523 4626 4432
f 6292 7219 7062
f 5189 6553 7062
f 258 259 7063
f 4858 6885 7063
f 4530 5193 7064
f 7064 4628 6695
f 270 271 7065
f 7065 4448 5134
f 238 239 5706
f 5210 6386 7066
f 4462 6689 7066
f 4950 220 7067
f 5051 6300 5405
f 5052 4480 6074
f 4510 7418 5160
f 7015 4484 4573
f 6077 5086 6039
f 7043 7503 7247
f 5229 5314 4395
f 4488 4479 6369
f 4500 7166 6550
f 348 6098 4404
f 5719 4403 4400
f 6398 5234 4496
f 6079 5173 4496
f 4496 6565 6079
f 5720 4493 6550
f 6702 7536 7069
f 6203 7045 7069
f 5248 6835 7070
f 4714 5411 7070
f 6438 4414 5181
f 4512 7097 7071
f 4417 202 7071
f 6403 6730 7072
f 5346 4436 6404
f 6709 7335 7073
f 5732 7321 7073
f 6085 6710 6354
f 6354 6355 6085
f 6086 6998 6129
f 6405 7292 7074
f 5266 7121 7074
f 5923 6209 5696
f 6209 7156 5696
f 4543 4641 7075
f 4448 7065 7075
f 4761 7250 7076
f 4551 7374 7077
f 4762 6304 7077
f 5375 6633 5806
f 6411 7294 7078
f 6255 7197 7078
f 4459 5291 4668
f 4391 6369 7079
f 7079 6369 7015
f 7428 5726 5547
f 6455 6418 4805
f 5312 4580 7080
f 4700 4581 7080
f 4569 4475 4490
f 6391 5319 4593
f 5318 4475 6390
f 4401 5817 7082
f 4715 6149 5328
f 7000 7438 6102
f 5336 7258 7083
f 7084 6681 4621
f 6729 5186 7085
f 4845 7434 4734
f 4636 7196 7086
f 4536 6428 6087
f 4638 6628 6087
f 6739 6379 7087
f 6379 5132 7087
f 5368 6865 7089
f 7089 4844 4765
f 4766 6947 7090
f 4429 7102 7090
f 6001 6622 6111
f 7091 5008 5379
f 5379 7448 7091
f 5912 6634 7092
f 4789 4819 7093
f 4885 7110 7093
f 4378 5475 7094
f 6750 7541 6118
f 7095 5546 4687
f 4700 7080 4580
f 5681 4584 4963
f 4963 4483 5681
f 5310 6417 6753
f 4813 4586 7096
f 7096 4586 6218
f 4676 6423 4602
f 5469 6704 4602
f 4512 6374 7097
f 7097 4713 6621
f 5411 6853 7098
f 4692 5394 7098
f 5919 6223 7099
f 4718 4615 5749
f 5623 4994 4926
f 4926 6608 5623
f 5423 5825 5113
f 4534 7172 7100
f 6695 4628 7100
f 6242 7020 7101
f 7101 6172 6131
f 4533 6734 4848
f 6444 6884 4748
f 5443 6785 7102
f 7102 4429 5334
f 6138 6786 7103
f 4868 6953 7103
f 7104 4768 4658
f 5772 6160 6304
f 5365 4659 6144
f 6434 4770 4556
f 4556 6561 6434
f 4773 382 6432
f 4662 7495 6141
f 7105 5461 6771
f 5466 6776 7106
f 7106 4662 6141
f 6495 5460 4872
f 6773 7175 7107
f 4754 7404 7107
f 6295 5833 7108
f 7108 5782 6985
f 6437 7298 5148
f 4659 4665 5442
f 4787 7264 7109
f 4505 4676 7109
f 5468 4788 5388
f 4953 6475 7110
f 4792 4888 5470
f 5215 5743 4888
f 7111 4890 6146
f 4793 7397 7112
f 4796 4959 7112
f 5019 4894 4794
f 4381 5714 7113
f 4685 4893 5478
f 7114 6778 5788
f 5880 6257 7570
f 4699 5024 5599
f 4906 6167 5879
f 4817 5842 6296
f 5406 5928 6296
f 5249 5416 4692
f 6705 4610 6150
f 6837 4713 5251
f 5017 4891 7115
f 6153 5826 6319
f 5968 5969 6319
f 5504 6895 6874
f 6874 5485 5602
f 6609 4996 4411
f 4841 7061 7116
f 7116 4730 6590
f 4933 7203 7117
f 4855 5622 7117
f 6464 4755 7118
f 7118 5525 4550
f 7119 6465 4854
f 4854 7382 7119
f 5350 6581 7120
f 6157 5849 7120
f 4440 256 6466
f 5765 5517 7121
f 5519 4747 6469
f 6469 7086 5519
f 5451 5831 7122
f 7122 4866 6139
f 7123 4866 5831
f 5209 4770 5585
f 5378 6870 4672
f 6477 4961 7124
f 5022 4895 4961
f 6121 6891 4812
f 5839 4910 4908
f 4489 4705 4908
f 4912 6911 5840
f 5592 6484 7334
f 4824 5646 7125
f 6026 5935 6014
f 6459 4916 5495
f 6293 7280 7126
f 6177 7304 7126
f 5120 6645 6207
f 6488 7353 7127
f 5000 5578 4931
f 4854 6465 5521
f 6176 7461 5889
f 7128 6489 5576
f 6959 7331 5576
f 4942 5004 7129
f 6112 5369 7130
f 4870 5210 5584
f 6113 6254 5458
f 6497 4782 7131
f 4782 7475 7131
f 7133 5404 4887
f 4955 5638 7134
f 5017 5596 7135
f 4892 4897 4894
f 5022 4567 5162
f 4961 6477 4897
f 6499 5597 7136
f 5598 5397 4966
f 6184 7547 7137
f 6502 4970 7138
f 5603 7524 7138
f 4972 5025 5400
f 5397 5598 5879
f 5604 6123 4810
f 6185 4812 6891
f 6505 4704 4909
f 5558 7192 4614
f 4980 4979 5610
f 4991 5503 4424
f 6783 4988 5648
f 4989 6507 5824
f 5824 5847 4989
f 5887 5620 7139
f 4424 4978 4991
f 5626 5627 7140
f 7140 5000 5890
f 4731 6896 7141
f 6735 5002 6611
f 4862 7403 7142
f 7142 6190 6770
f 5011 5635 6475
f 6515 6169 5857
f 6516 7360 6475
f 5017 7115 4829
f 5643 6193 4961
f 5309 6577 7143
f 6519 5738 6007
f 6506 5616 5883
f 5617 6665 6275
f 5650 7415 7144
f 5037 6614 7144
f 6818 5653 5625
f 5625 7421 6818
f 6669 5990 6327
f 7145 6523 5207
f 5207 7159 7145
f 5013 6524 7146
f 5045 6926 7147
f 5051 5020 6813
f 6197 5656 5061
f 5669 6283 7148
f 7149 6815 6286
f 5071 5068 5016
f 6035 372 6674
f 4375 7030 6674
f 5678 5677 4397
f 4397 6927 5678
f 5753 6911 7150
f 6532 5814 4478
f 5480 4569 7058
f 6419 4395 5314
f 5314 7081 6419
f 4392 5227 7151
f 5227 7310 7151
f 4495 7082 7152
f 5098 7443 5817
f 5104 4502 5102
f 5102 6677 5104
f 4599 7153 5240
f 5104 6677 7153
f 5103 4408 7153
f 5689 5548 5168
f 5110 7419 4419
f 6059 6567 4419
f 4618 5335 4519
f 6535 6682 7506
f 6228 7506 4917
f 5330 7213 5115
f 7154 5346 5189
f 5189 7219 7154
f 6441 7182 7155
f 5125 7367 7155
f 6208 5128 5431
f 5763 5696 7156
f 5695 6085 6355
f 5348 6311 6667
f 7157 5136 4450
f 4450 4543 7157
f 5136 4449 278
f 5144 7177 7158
f 5147 225 4949
f 4781 7145 7159
f 7009 5536 4948
f 5940 6940 5744
f 4391 7079 7160
f 4386 4584 6692
f 6692 4584 5681
f 5165 7426 5084
f 4395 6419 5084
f 5167 5304 5677
f 5677 6458 5167
f 5169 5403 4397
f 5722 6551 5570
f 206 6233 5177
f 5507 6155 4527
f 4530 4532 7161
f 7161 6129 6656
f 6557 6380 5699
f 5198 6558 7162
f 7162 4541 6382
f 6137 7261 7163
f 7163 5200 6831
f 6493 5208 7164
f 7164 5006 6806
f 5212 4463 5213
f 5214 6547 5295
f 5295 7487 4560
f 4678 6117 7165
f 7165 5745 5300
f 4701 4811 5225
f 5487 5252 7167
f 5247 7444 7168
f 4418 7337 7168
f 5723 6233 4613
f 5250 4613 288
f 4420 6375 7169
f 7169 4514 5251
f 7148 6234 5669
f 5256 4626 7170
f 7170 4523 6396
f 4438 5258 7171
f 7171 4433 6730
f 6427 4635 7172
f 5261 7100 7172
f 6731 7439 5122
f 6128 7493 6236
f 5119 4434 5264
f 4940 6511 6900
f 5437 7196 6900
f 4637 4442 6736
f 5272 6711 5737
f 5768 7223 5273
f 5767 6380 5273
f 7174 5582 5276
f 5276 6472 7174
f 4621 6681 4548
f 6239 6308 6332
f 5281 7467 6332
f 5891 4861 7175
f 4754 7107 7175
f 4764 6768 7176
f 5528 7312 7176
f 7177 4872 5832
f 5832 4664 7177
f 4468 6450 4783
f 5306 4698 4578
f 4811 4701 5491
f 5476 5221 5304
f 5721 4499 5322
f 5487 4803 4571
f 4571 5252 5487
f 4820 5326 7178
f 4819 4789 5385
f 5191 6726 7335
f 7179 5334 6848
f 5340 4432 7180
f 4432 4626 7180
f 7181 5341 4622
f 4622 7439 7181
f 5654 5653 6855
f 4441 6243 4852
f 4852 6841 4441
f 7182 5350 4739
f 4739 5762 7182
f 4748 6884 4939
f 4444 5767 7183
f 7184 6858 6189
f 6189 7500 7184
f 4766 6447 4657
f 4734 7085 5186
f 7088 5363 6862
f 6862 4454 6226
f 5377 7530 6583
f 5632 7462 7185
f 5378 7235 7186
f 7186 6437 5148
f 5378 7186 4555
f 5148 5465 4555
f 5213 7377 7187
f 6072 6655 7187
f 6221 6872 5176
f 4960 6813 5020
f 5395 5394 4511
f 4511 5410 5395
f 4698 5052 4687
f 5399 7095 4687
f 5399 4687 5052
f 4698 5306 5052
f 5390 4797 7188
f 4699 6779 7188
f 4480 5306 4809
f 5554 4972 5400
f 5477 5714 4689
f 5493 4817 4491
f 5112 5410 4511
f 4511 6394 5112
f 5818 5790 5413
f 5413 5953 5818
f 5415 4425 6875
f 5937 7399 7286
f 6635 5812 5420
f 6878 7117 5622
f 4855 5889 5622
f 5343 5428 4633
f 4633 6728 5343
f 5431 4529 7189
f 4738 7526 7189
f 5433 5123 4440
f 5437 6900 6511
f 4655 5773 5285
f 6513 6495 7190
f 5476 7113 5477
f 5549 5600 4690
f 5549 4690 5486
f 5482 6719 7191
f 5553 5483 5602
f 4916 6459 7192
f 5558 4917 7192
f 7193 5550 5485
f 5485 6895 7193
f 6228 6249 5496
f 5496 7506 6228
f 4716 5559 5054
f 7173 7528 6236
f 6463 7432 5510
f 5519 7086 7196
f 7196 4636 6900
f 5376 6471 5527
f 6255 5533 7197
f 4779 5950 7198
f 5858 5542 6182
f 4955 7134 6182
f 5013 7146 5543
f 5811 5545 5161
f 5161 4381 5811
f 7199 5218 6971
f 5392 6631 4515
f 5552 4801 7200
f 5566 5483 5553
f 5553 4802 5566
f 5556 4911 5859
f 4915 5308 7201
f 5328 7178 7201
f 5563 5984 5031
f 7202 6153 4517
f 5925 6965 4456
f 5869 6966 4842
f 7203 6916 5575
f 5575 4855 7203
f 6916 5567 5575
f 4435 5655 5573
f 5578 5000 5627
f 5188 4743 7204
f 7204 4938 6062
f 5592 7146 6524
f 4890 7111 5472
f 5226 4700 4389
f 6605 7313 7205
f 5024 7459 5599
f 7398 5603 4970
f 5603 7138 4970
f 7398 7114 5603
f 5882 5663 6526
f 6015 7207 5845
f 6666 6017 7207
f 6274 7208 4983
f 5613 6637 5982
f 5982 5883 5981
f 4832 7533 5955
f 6508 5619 5620
f 5619 7399 5620
f 5506 4927 7209
f 7209 5624 6521
f 6609 6851 4996
f 4722 5339 6083
f 6920 7477 7210
f 5870 5625 7210
f 6539 5628 5002
f 6662 6539 5002
f 6923 7216 5980
f 6277 6909 5544
f 6181 4954 6260
f 7135 4957 5017
f 6811 6798 5027
f 6783 5648 5033
f 7212 7505 7499
f 5036 5650 7212
f 6284 7260 6024
f 5066 5168 5548
f 5300 5756 5242
f 4387 4384 5080
f 4398 4399 5717
f 5753 5233 4591
f 5320 6231 6826
f 7214 5695 6540
f 5274 6209 5703
f 5736 5701 6378
f 5703 5769 5274
f 5735 7468 5704
f 7216 5629 6921
f 5476 5715 5478
f 5171 5169 5718
f 5718 5717 7217
f 5717 4596 7217
f 5109 6680 6588
f 5788 6778 6605
f 5933 5631 7218
f 5631 7424 7218
f 5698 7154 7219
f 5189 7062 7219
f 5734 6960 4857
f 4857 6597 5522
f 5973 6014 5935
f 6299 5278 6718
f 6227 7272 7220
f 5216 5808 7220
f 4724 6601 5824
f 5748 6249 6642
f 5751 5097 7221
f 5230 6566 7221
f 5760 6839 5257
f 5271 5767 7223
f 5768 6650 7223
f 5285 6092 5452
f 5630 6582 4451
f 4780 5891 4451
f 6308 6239 5370
f 5283 5779 4988
f 7023 5780 7224
f 6858 7184 7224
f 5781 5587 7225
f 7225 4877 6574
f 6617 5297 6415
f 4381 7113 5478
f 4825 6008 5791
f 6008 6026 5791
f 5955 6186 5618
f 4441 6252 5796
f 6314 7491 7226
f 6245 5799 7226
f 5800 7479 7227
f 5359 6314 7227
f 5583 6584 7228
f 5806 6918 7228
f 6122 6247 7092
f 4696 4576 6532
f 4517 5818 5962
f 5962 7202 4517
f 5567 4517 6153
f 5830 4764 6967
f 6961 5916 5776
f 5776 7285 6961
f 5776 5916 4769
f 5832 4872 5289
f 5661 5834 5972
f 5836 7473 6257
f 7114 7570 5481
f 6604 4899 5182
f 5914 4396 6930
f 5844 6854 6892
f 5852 6643 5996
f 5996 6024 5852
f 6551 5539 6610
f 5215 4888 5473
f 6644 5928 6907
f 4960 6219 5018
f 6177 5571 7231
f 5867 6864 7231
f 5576 5140 7232
f 5870 7210 7232
f 5870 7232 7233
f 5140 6614 7233
f 5770 7241 7234
f 5946 5003 7234
f 4920 5885 5981
f 6969 5981 5885
f 7208 4986 5441
f 5893 6970 7235
f 4784 7186 7235
f 5026 4473 7236
f 7019 6339 6301
f 6279 5774 6260
f 5474 5834 5063
f 5673 7230 5957
f 6313 5906 5957
f 6247 6201 5912
f 5960 5092 5913
f 6676 353 354
f 4825 5730 6976
f 5844 5338 5920
f 7238 6978 6302
f 6302 7367 7238
f 5927 5078 6634
f 5176 6393 5324
f 5932 6198 7239
f 5061 5067 7239
f 6337 7279 7240
f 7240 5739 5823
f 5133 6650 5768
f 5946 7234 7241
f 6472 7520 5770
f 5951 5659 7243
f 7243 5445 5785
f 6186 5955 5333
f 5333 5954 6186
f 5057 6986 6313
f 6313 5957 5057
f 6341 5815 5687
f 5046 5965 6343
f 5967 5030 5822
f 5982 5983 5613
f 5886 5984 6171
f 5707 5985 7482
f 5895 6073 5896
f 5991 6343 5965
f 6360 6347 6011
f 6001 6111 7245
f 7245 5917 6091
f 6002 6356 5281
f 6355 6003 6540
f 5936 5738 6008
f 6666 5973 5199
f 4874 7294 7246
f 5640 5896 5978
f 6018 7260 5995
f 5995 6350 6992
f 6666 5199 6030
f 6030 6265 6666
f 6034 374 6114
f 6037 7057 5398
f 7247 6994 6039
f 6040 6675 7248
f 4380 6996 7248
f 352 353 6975
f 353 6676 6975
f 6552 4727 5177
f 6042 6977 7000
f 7000 5694 5794
f 6050 7237 5076
f 6052 5158 6005
f 5166 4479 4394
f 6394 5181 6836
f 6061 7050 7249
f 7249 4518 6536
f 5128 6208 6359
f 6027 6342 5845
f 6067 7076 7250
f 7250 4761 5446
f 7251 6070 6697
f 5383 6071 4673
f 4568 4582 4688
f 7068 4568 4382
f 4393 5086 6077
f 6458 5678 7496
f 5678 6927 7150
f 345 4404 5101
f 6085 5695 7252
f 5695 6063 7252
f 6556 4445 4638
f 6004 6843 7253
f 7253 5273 5129
f 6004 7253 7254
f 7254 4646 6572
f 6089 6713 7255
f 4777 5532 7255
f 6095 6389 7257
f 4463 6413 7257
f 6099 6116 6562
f 7258 5337 4619
f 4619 7083 7258
f 4787 4471 4679
f 6119 7540 7397
f 7259 5218 5848
f 6230 6935 6122
f 5713 6907 6122
f 6755 6024 7260
f 6284 6350 7260
f 5389 7094 5475
f 4378 6756 5475
f 6137 6744 5447
f 6137 5447 7261
f 7261 5446 6448
f 6641 5833 7571
f 5833 6295 7262
f 6145 7145 7263
f 4781 7298 7263
f 4505 7109 7264
f 4787 5325 7264
f 7113 5476 5478
f 7115 4891 4378
f 4378 7094 7115
f 7265 4848 6883
f 4942 7129 4544
f 6160 7077 6304
f 4762 6000 6304
f 6173 7446 7266
f 4834 7301 7266
f 5570 4616 6872
f 6966 5869 5572
f 5869 5569 5427
f 7055 5211 6180
f 6181 5846 7267
f 7007 6323 6325
f 6858 6955 7268
f 5959 7325 7268
f 6181 5501 5846
f 6811 4816 5219
f 5936 5561 6660
f 5688 4591 6664
f 4522 5115 6725
f 6205 6262 5939
f 6285 6206 7269
f 6215 7158 7270
f 5710 6945 7270
f 4672 6870 7271
f 7271 6216 5151
f 6227 7465 7272
f 5744 5216 7272
f 7273 4379 6227
f 6227 7220 7273
f 4594 4490 5318
f 4591 6371 5753
f 5753 5915 6911
f 6231 4706 5403
f 4706 4397 5403
f 5262 6128 7274
f 6236 7194 7274
f 5763 7156 6819
f 6241 6093 7276
f 4943 5006 7276
f 5298 6704 6248
f 7277 7017 6554
f 6554 7034 7277
f 4939 6252 4748
f 4890 6794 6146
f 5096 6371 7278
f 7279 6265 6559
f 5905 6950 5997
f 6272 5858 6182
f 4997 6270 6610
f 5570 6551 6610
f 5931 5996 6285
f 4439 5698 7214
f 5571 7126 7280
f 6293 6602 7280
f 6295 6774 7281
f 5676 6647 6691
f 6299 6846 7282
f 6306 6022 5994
f 5972 5474 6256
f 5500 5658 6322
f 5863 5562 7283
f 7283 6171 5984
f 5991 5965 7284
f 6202 5686 6619
f 6332 6622 7285
f 7286 6337 5419
f 6637 7509 5822
f 6340 5943 7287
f 6344 7242 6630
f 6352 6992 5417
f 5417 6022 6306
f 5417 6346 6352
f 6334 7025 7289
f 7289 6024 5996
f 5279 6331 5994
f 7092 6315 6230
f 6359 6208 7290
f 6046 6085 7290
f 6993 6363 6023
f 6361 7019 6329
f 6340 7019 6364
f 358 359 6618
f 6534 4709 5099
f 5736 5921 5701
f 4703 6417 7160
f 5250 289 4613
f 5266 7074 7292
f 7292 6405 5347
f 6952 5364 7572
f 5364 6860 7293
f 6255 7078 7294
f 6411 7246 7294
f 4612 6706 7295
f 4814 5493 6910
f 6403 6424 4532
f 4532 5190 6403
f 5945 7223 6650
f 4639 6762 7296
f 4548 6106 6136
f 6433 5458 7297
f 5458 6543 7297
f 6437 5043 7298
f 5382 7263 7298
f 6467 6130 6442
f 4851 4742 4852
f 7299 4634 6444
f 6444 4748 7299
f 6543 7300 6449
f 5709 5925 7300
f 5498 5495 6892
f 6462 7266 7301
f 4834 5421 7301
f 5035 7010 7302
f 7195 5267 6463
f 6483 4815 4592
f 6484 5012 7303
f 7303 4473 6603
f 5495 5559 4716
f 7304 6174 6489
f 6489 7126 7304
f 5573 6488 7305
f 7305 5578 4936
f 6112 7130 6493
f 5584 4661 7306
f 4661 68 7306
f 5588 6497 6498
f 4958 5642 6258
f 5879 5598 6504
f 5502 4922 6409
f 6512 7269 6206
f 6285 7275 6206
f 5641 4720 4828
f 5075 4951 6530
f 4478 7058 7026
f 5915 6371 5096
f 6535 7506 4903
f 5496 4515 4903
f 6543 7531 7307
f 6546 7054 7308
f 4783 6450 7308
f 6049 4469 7309
f 7056 4467 4469
f 6563 7151 7310
f 7311 6574 5782
f 5782 7108 7311
f 6586 4472 6166
f 6148 6504 5598
f 6595 4981 6635
f 4945 7556 7312
f 5583 7176 7312
f 5599 7205 7313
f 6613 6808 7314
f 7314 5636 5829
f 7314 4651 6745
f 7315 6615 5653
f 5653 5038 7315
f 5715 5476 5304
f 6530 4951 5722
f 5941 5388 5743
f 6249 4515 5496
f 6632 6582 7316
f 5630 7325 7316
f 7083 4619 6638
f 6638 5423 7083
f 4664 7262 6295
f 5057 7230 5862
f 5819 5948 6646
f 5965 6636 7284
f 5133 5768 7317
f 5941 5743 5752
f 6654 6044 7318
f 4740 7100 7318
f 4560 6655 4670
f 4670 6700 4560
f 6097 6454 5714
f 5180 6828 7319
f 5139 6271 7320
f 5892 6212 7320
f 4449 5136 7157
f 5392 6249 5222
f 6870 6717 5383
f 6029 5974 6018
f 7321 6758 5345
f 5345 6708 7321
f 7322 6761 4634
f 4634 6707 7322
f 6764 6954 7323
f 7323 5366 6162
f 6813 5317 5051
f 4719 4692 5416
f 4885 7211 5011
f 7324 6803 4842
f 4842 6966 7324
f 6804 7268 7325
f 5959 7316 7325
f 5660 5637 5047
f 5637 5635 5047
f 5665 6626 6529
f 5110 202 4417
f 5149 4948 5536
f 6830 7472 7326
f 5623 5733 7326
f 6838 7514 7327
f 4525 6882 7327
f 6857 5355 7328
f 5357 5129 7328
f 7329 5535 5373
f 5373 6905 7329
f 7271 6870 5383
f 5383 4785 7271
f 5385 4818 5329
f 5412 6874 5483
f 6881 4728 5694
f 5894 5785 5829
f 5829 5636 5894
f 5469 6248 6704
f 7330 6924 5728
f 5728 6198 7330
f 5684 6619 356
f 356 357 5684
f 5892 7320 6271
f 5139 6917 6271
f 5729 7456 4999
f 5787 6946 5564
f 5961 6341 6956
f 7331 6959 5830
f 5830 6602 7331
f 7332 6970 5893
f 5844 5920 6042
f 5920 5976 6042
f 6230 5752 6935
f 7012 6212 7333
f 5692 6222 7333
f 6226 6542 7014
f 5910 6230 6315
f 6315 6701 5910
f 7303 6603 7334
f 7146 5592 7334
f 7335 7179 5732
f 5732 7073 7335
f 5784 5907 7237
f 5072 6672 84
f 311 312 6076
f 330 4697 4806
f 4697 6816 4806
f 5082 4806 6038
f 326 160 7336
f 6419 7565 5084
f 6370 323 7043
f 336 5094 7166
f 302 303 6680
f 5394 5930 7060
f 298 7168 7337
f 295 4423 294
f 4423 7338 6694
f 7338 7049 6375
f 6375 6694 7338
f 76 4428 6681
f 6725 4729 78
f 5121 6684 6590
f 4524 5340 4737
f 284 285 4846
f 6759 4437 252
f 252 253 6759
f 6044 6995 4849
f 4640 261 4537
f 4537 7371 4640
f 4540 5921 6003
f 6003 6844 4540
f 6065 4938 7340
f 4743 6760 7340
f 7341 6687 5196
f 5196 267 7341
f 272 273 4541
f 4449 7291 277
f 3 277 6383
f 6047 7231 6864
f 4930 6864 242
f 5367 241 242
f 4663 7437 5142
f 5206 7251 7342
f 5145 6386 7343
f 4870 67 7343
f 7344 4950 5152
f 5152 5153 7344
f 218 5153 7056
f 6218 5166 4486
f 161 7042 7345
f 5085 7503 7345
f 6056 4685 6458
f 344 4503 343
f 4503 4408 6372
f 206 5177 207
f 4506 6829 4604
f 5408 6149 6873
f 4715 6150 6873
f 5838 6890 7346
f 4964 6167 7346
f 4425 5113 5185
f 6536 4521 4620
f 4846 285 7051
f 7171 6695 4438
f 4726 5443 7102
f 260 261 4750
f 4640 6788 4750
f 4443 6541 7347
f 276 6383 275
f 6068 6494 7348
f 7348 4944 6743
f 221 6387 7067
f 5211 7055 7067
f 5154 387 6049
f 4790 5387 5217
f 4582 4568 6439
f 6439 5023 4582
f 5310 4390 4583
f 5229 6397 7310
f 466 329 7349
f 4475 5318 4490
f 5230 5097 4402
f 4402 6220 5230
f 6531 6701 5810
f 6057 6956 6663
f 4501 6702 7350
f 7350 5238 7027
f 5322 4598 4601
f 4500 5232 335
f 5244 4718 7028
f 4610 6705 7351
f 4422 7031 7351
f 4615 6876 6400
f 5748 4571 5222
f 4759 5330 6745
f 4413 4520 5178
f 4426 4838 4521
f 5255 6487 5260
f 4434 4437 4735
f 4735 6656 4434
f 7352 7072 4623
f 4623 6126 7352
f 5267 7195 7353
f 4931 7127 7353
f 4536 7296 6428
f 6088 5922 6012
f 6686 265 6066
f 6407 5769 7354
f 5769 7466 7354
f 7355 7076 6067
f 6067 5364 7355
f 7356 7077 6160
f 6160 6790 7356
f 7357 5523 6320
f 5284 6715 6133
f 6013 7039 7358
f 7358 6016 6987
f 6585 4667 6748
f 6867 6748 5371
f 7359 6388 7053
f 4590 4569 4490
f 4574 309 310
f 6456 6038 4908
f 5231 6390 465
f 5677 5304 4594
f 5236 7362 5321
f 7362 6098 4401
f 4607 4609 6486
f 5335 4618 7364
f 6176 5575 5567
f 6153 6661 5567
f 6102 7438 5335
f 4432 5340 4524
f 5341 7180 7365
f 4626 5256 7365
f 6818 5117 7366
f 6683 7569 7366
f 5344 7155 7367
f 5125 7238 7367
f 6732 7526 7368
f 4738 6440 7368
f 6627 5347 6733
f 7369 6734 4533
f 4533 4835 7369
f 4531 5261 4635
f 7371 6736 4442
f 4442 6788 7371
f 5354 7183 6737
f 5737 5699 7372
f 7372 5699 4444
f 4645 7075 7065
f 6572 4446 7373
f 6013 6741 6348
f 6348 6366 6013
f 6808 5303 7229
f 4659 7077 7374
f 4660 5783 7375
f 7375 5292 6849
f 4946 6496 7376
f 4554 6805 7376
f 6436 7187 7377
f 4558 386 7378
f 7309 4469 4467
f 4790 5075 5387
f 5384 4888 5388
f 4966 5397 6810
f 4568 7068 6439
f 6300 4816 5405
f 4710 4830 5469
f 5112 7419 5690
f 4609 4718 5749
f 4830 6756 4818
f 5256 7170 7379
f 7379 4431 6569
f 6757 7430 5761
f 6443 6944 7380
f 7381 5421 5434
f 4725 7445 5434
f 4744 7391 7382
f 5428 7119 7382
f 6628 4751 5354
f 4446 6429 6381
f 5444 4649 7383
f 5447 7539 5137
f 6768 7494 7384
f 6139 4866 7384
f 5451 7122 7385
f 4656 6510 7385
f 5186 6947 7386
f 7386 4766 4657
f 6769 7544 4865
f 4867 7556 6772
f 6254 6113 7387
f 6452 4561 6033
f 4471 7109 6081
f 6081 5241 4471
f 6871 4680 4376
f 4376 6452 6871
f 6657 4682 6096
f 7021 5978 6362
f 5557 5245 4915
f 4907 5025 6455
f 6041 4579 4688
f 4688 5220 6041
f 6456 5227 7388
f 5227 4392 7388
f 4807 6504 4578
f 4807 6457 4898
f 7004 4809 6148
f 4974 6891 4701
f 4910 5839 6587
f 4911 6912 6910
f 4818 4711 5469
f 5469 4830 4818
f 4826 4717 4607
f 4614 4919 6600
f 6259 5878 4516
f 4616 5758 5499
f 4833 5483 7400
f 4928 7545 7390
f 6194 4926 7390
f 4533 4848 4745
f 6461 4633 7391
f 5428 7382 7391
f 6827 4727 5825
f 4839 4929 5508
f 4929 5507 5508
f 5269 4636 7392
f 5352 6468 7392
f 4632 7121 5517
f 6788 7532 4858
f 5628 7410 4858
f 4759 5445 7393
f 6259 6894 5659
f 4427 4864 6470
f 7394 7123 5831
f 5831 7562 7394
f 6472 7402 7395
f 7395 4763 5802
f 4770 6849 6473
f 5532 7557 7396
f 4663 5142 7396
f 4777 6713 6845
f 4876 4778 6902
f 6164 4667 5380
f 4792 6999 5541
f 6096 4682 5541
f 6475 5637 5014
f 6750 7112 7397
f 4899 6778 7398
f 5549 5486 6478
f 6479 4808 4902
f 6120 6751 5551
f 4802 4969 5551
f 4579 7004 6147
f 6910 6912 4814
f 5557 6485 7167
f 6486 5243 4826
f 5414 4977 4826
f 6019 6171 7283
f 5967 7286 7399
f 6751 5393 4802
f 7400 5393 7389
f 6447 4756 6877
f 4853 5353 5581
f 6511 6406 7401
f 7402 5276 5376
f 5376 5527 7402
f 4941 6492 5004
f 5004 7414 4941
f 5005 7142 7403
f 4862 6766 7403
f 6967 5287 5871
f 6495 4872 4776
f 7523 7558 6496
f 5587 7107 7404
f 4666 7530 5377
f 5711 6612 5633
f 5471 5075 4790
f 5479 4892 4684
f 6273 6169 5993
f 4570 6797 4967
f 4968 5880 7405
f 4907 4810 4971
f 6147 7004 4907
f 6891 5491 4701
f 4919 4827 6782
f 4992 4991 5029
f 5611 5610 5029
f 7406 6030 6336
f 6336 6519 7406
f 4725 5422 6801
f 5624 7209 6173
f 4927 6251 6173
f 6802 4841 7407
f 6510 4656 7408
f 5531 7315 7408
f 7409 4732 5430
f 5628 7401 7410
f 7410 5516 6885
f 7411 6804 5630
f 5630 6773 7411
f 6807 5633 6545
f 6263 5471 4681
f 4958 4684 5642
f 4975 5605 6518
f 5856 6962 7412
f 5560 6007 6170
f 6170 6266 5560
f 4921 5989 5563
f 4982 5786 5031
f 5505 7390 4926
f 6174 7497 7413
f 5652 7144 7413
f 6545 5633 5150
f 5150 6276 6925
f 5543 6794 5013
f 6527 7144 7415
f 5650 5036 7415
f 6528 5056 7416
f 4430 6880 7416
f 5067 5656 4753
f 5834 5661 5071
f 5070 5548 5068
f 5661 5050 5674
f 5899 5987 5674
f 6942 5091 6115
f 5683 5911 6648
f 352 6975 4400
f 6533 6664 5097
f 5098 348 6693
f 5170 6058 7417
f 4416 5107 7418
f 304 6401 7418
f 6567 5108 4419
f 5112 6059 7419
f 6059 4419 7419
f 6262 6205 7420
f 7420 5691 6320
f 5625 5870 7421
f 6899 7154 5515
f 6538 7526 7422
f 5344 7367 7422
f 4540 6844 7423
f 7423 5274 6407
f 5985 7218 7424
f 5631 6326 7424
f 6825 5147 5010
f 4785 5212 6216
f 7425 6547 5214
f 5214 6414 7425
f 4678 7165 6575
f 6575 5157 4376
f 5910 5752 6230
f 5160 4476 4572
f 4895 6097 5680
f 5165 327 7426
f 4485 7310 7426
f 5720 6565 4493
f 6624 6058 4499
f 5101 4404 6098
f 5177 4727 6827
f 4719 7427 4507
f 5547 6809 7428
f 6924 5041 6197
f 4657 6865 7386
f 6834 5456 4871
f 4459 4668 6434
f 6180 5211 7132
f 7132 4883 6793
f 5213 6389 7429
f 5293 4466 7429
f 5420 5812 6751
f 5220 5313 4798
f 5318 5319 4594
f 6228 5558 6642
f 5749 5757 5223
f 5223 4412 5749
f 7136 5597 5226
f 5720 6624 6565
f 6232 7278 5688
f 4409 4599 5240
f 6438 4507 5246
f 6374 4420 7169
f 7011 5669 6234
f 5514 5259 4436
f 4436 6899 5514
f 5256 7379 7430
f 6569 4431 6536
f 4629 7439 5262
f 4622 7003 5262
f 6570 6979 7431
f 5762 5765 7431
f 6463 4625 7432
f 7432 6571 7194
f 5254 5268 6596
f 4849 6995 4937
f 5271 7470 7433
f 5798 5766 7433
f 6104 5865 6269
f 4845 6714 7434
f 7434 5282 7085
f 5524 6902 7435
f 7436 5463 5288
f 7436 5288 7573
f 5289 5142 7437
f 7437 4874 7246
f 5217 4603 5745
f 6576 5855 6657
f 5022 4389 4895
f 6118 4796 6750
f 6665 5787 5564
f 5311 4704 6185
f 4474 4798 5313
f 4589 4487 6564
f 4588 5314 5227
f 5402 4911 6910
f 5754 5236 5321
f 5323 4600 7046
f 5415 5327 4618
f 4891 4957 4683
f 5115 4522 4546
f 7000 5794 7438
f 7438 5336 7083
f 6731 7181 7439
f 4622 5262 7439
f 6579 5578 7440
f 5627 7141 7440
f 6997 6065 5195
f 5195 7468 6997
f 7222 5795 5438
f 5438 6841 7222
f 5704 7468 7441
f 5195 5518 7441
f 4749 6428 7296
f 5932 7239 5997
f 5997 5673 5932
f 5886 5615 4984
f 5339 4722 5330
f 5201 5741 5801
f 4667 4461 5455
f 4660 7375 6867
f 4674 6114 5074
f 5329 4683 5385
f 5386 6620 5301
f 5816 6317 6201
f 6872 4616 5499
f 5396 4822 4693
f 7442 7188 4906
f 4906 5879 7442
f 5402 4491 4707
f 4816 5857 6273
f 5098 4403 7443
f 7443 5719 7152
f 4509 7168 7444
f 4719 4507 6438
f 5430 7469 7409
f 4631 6759 7380
f 7380 4741 5123
f 6187 7381 7445
f 4725 6801 7445
f 4834 7266 7446
f 6173 6251 7446
f 6981 5934 5331
f 5973 7207 5331
f 5946 7486 5203
f 5441 4986 5664
f 5443 4726 6742
f 6785 4756 7090
f 6107 7539 4650
f 7285 6239 6332
f 5286 7490 7447
f 4873 7091 7448
f 5379 4774 7448
f 6593 5458 7387
f 4647 5799 6245
f 6245 7197 4647
f 4876 7198 7449
f 5464 6163 7449
f 5477 7113 5714
f 5478 4893 5545
f 6257 4904 5789
f 4808 6184 7137
f 6027 6017 6028
f 5731 5511 6896
f 7450 6898 5530
f 5530 6887 7450
f 4846 6899 5515
f 5520 6728 7451
f 4847 6441 7451
f 5526 4863 6903
f 6474 6766 6902
f 5524 7435 4461
f 5803 6863 5440
f 5803 5440 6954
f 4860 7452 4922
f 7453 4866 7123
f 4776 7190 6495
f 4777 6845 7454
f 7454 5533 6906
f 5299 5543 4886
f 5595 5544 7135
f 5600 4800 7455
f 5726 4970 6659
f 4801 6719 7200
f 7200 5482 6795
f 4802 5553 4969
f 5082 329 4806
f 6682 4824 7125
f 4979 6660 5561
f 7406 4918 5860
f 5138 6431 5367
f 5729 7324 7456
f 5572 5868 7456
f 6243 7457 4852
f 5454 6110 4552
f 4956 5594 7458
f 5876 7478 7458
f 5066 5070 5069
f 5641 4516 5878
f 4474 6499 7136
f 5024 7547 7459
f 6500 7460 7459
f 7205 7459 7460
f 6500 4968 7460
f 5602 6502 5553
f 5604 4810 5598
f 4975 4815 5605
f 5609 6600 4977
f 4981 5612 7206
f 5822 7286 5967
f 6274 4920 5616
f 5616 4984 6274
f 4985 6665 5621
f 4993 6104 7461
f 5627 7440 5578
f 6662 6178 6539
f 4859 4941 6921
f 5632 5149 7462
f 6824 5008 7462
f 6191 4460 7463
f 7134 5638 5015
f 5015 7478 7134
f 5329 4378 4891
f 5556 5859 5747
f 4567 6193 5305
f 5644 5881 5975
f 5649 4989 6893
f 6246 6522 7464
f 5651 7505 7464
f 6330 6973 6616
f 5028 5049 5045
f 5948 5963 6646
f 6279 6646 5775
f 5901 6281 5307
f 5307 6324 5901
f 5069 5332 5716
f 5075 6530 7264
f 4470 5756 6217
f 6287 6996 5909
f 6227 4379 7465
f 4379 6531 7465
f 6664 4591 5233
f 6621 4417 7071
f 7213 5330 4722
f 6012 6211 6667
f 5767 5699 6380
f 5769 5703 7466
f 4447 6408 7466
f 4495 7152 5719
f 6297 7022 5539
f 5394 4692 5930
f 5917 7245 7467
f 5698 5124 5515
f 5779 5283 5966
f 5778 5283 4648
f 5283 5502 4648
f 7468 5735 6997
f 6116 7363 4603
f 6232 5407 7278
f 5300 7363 5756
f 6941 5252 5748
f 6943 7409 7469
f 7469 5430 4736
f 6570 5700 6627
f 5271 7223 7470
f 7470 5945 6311
f 5947 5990 5501
f 7471 6308 5370
f 5370 6955 7471
f 5298 6248 5942
f 6630 7038 6344
f 5847 6601 7139
f 6362 5864 6946
f 4932 6156 5574
f 5580 6243 7370
f 5850 4857 6960
f 5797 5348 6211
f 6952 6092 5278
f 5465 7159 6698
f 5216 5712 5808
f 6057 6288 5809
f 5168 6963 5608
f 5817 7152 7082
f 5418 5623 7472
f 5623 7326 7472
f 5419 7240 5497
f 5790 5818 4517
f 4723 5827 7007
f 6622 5970 6961
f 6641 6366 5288
f 4962 6477 5680
f 5836 6478 7473
f 5593 5846 6192
f 5452 7563 7474
f 4782 4881 7475
f 5853 6869 7475
f 5539 6551 6297
f 5026 4886 5044
f 5338 5561 5976
f 4995 7008 7302
f 5926 6649 7476
f 7476 5866 6933
f 5868 5572 7005
f 7232 7210 7477
f 6920 5708 7477
f 5015 6814 7478
f 4716 5054 5882
f 5886 5358 6951
f 5358 7149 6951
f 4780 4861 5891
f 5897 6207 6972
f 4889 5593 6278
f 6643 5852 6988
f 6002 5777 5116
f 6647 7041 6036
f 6368 7237 6050
f 6050 5155 6368
f 6531 5078 5940
f 6645 6977 5976
f 5697 5736 7215
f 6670 6864 5867
f 5570 6221 5722
f 5777 6002 6866
f 5988 4825 6976
f 6009 5964 6328
f 6080 6341 5687
f 6843 6004 5768
f 6013 6366 7039
f 5800 7224 7479
f 7479 5949 5359
f 5662 7011 6234
f 5562 6268 6312
f 7436 7573 6143
f 7480 6189 6804
f 5961 4396 5914
f 6080 6956 6341
f 5820 6009 6328
f 5826 6342 5968
f 6015 6981 7207
f 5986 5640 4724
f 5705 6602 7481
f 5979 6933 7481
f 5985 7424 7482
f 4889 6278 5666
f 6301 6339 6651
f 5980 7482 7013
f 6196 7218 5985
f 5986 7199 5895
f 6073 6478 5486
f 5837 6020 5896
f 5988 5897 5647
f 5897 6972 5647
f 5902 6351 6668
f 7483 5998 5908
f 5908 6928 7483
f 5744 6940 7484
f 5909 6051 7484
f 5092 6663 7040
f 7229 5938 6630
f 6345 7560 6011
f 6012 5945 6650
f 5775 6646 5963
f 6653 7568 7485
f 7485 5971 5832
f 6362 5978 6020
f 6993 6023 6029
f 5862 6021 5057
f 6913 6990 6031
f 6284 7025 7244
f 5083 7388 4392
f 6040 7248 6287
f 6287 6928 6040
f 6041 7004 4579
f 4930 6522 6246
f 6049 7309 5154
f 6548 7378 5154
f 7041 6051 6929
f 6057 6663 6288
f 5067 6974 7239
f 6342 6027 6349
f 6349 5968 6342
f 5946 5366 7486
f 5440 5742 7486
f 4458 7549 5206
f 6071 5383 4771
f 6655 4560 7487
f 7487 5295 5381
f 6073 5895 7488
f 5895 7199 7488
f 5862 6950 7489
f 5455 7447 7490
f 7490 5286 6770
f 7491 5462 6245
f 6245 7226 7491
f 5106 4712 6053
f 5747 6300 5051
f 4401 5321 7362
f 6102 7364 6854
f 6107 4545 6542
f 4551 4767 7492
f 7492 6108 7104
f 6356 5116 6335
f 4562 6673 6034
f 4789 5470 5384
f 5905 6974 6124
f 5351 7322 4528
f 6125 6709 4528
f 6126 6880 4624
f 6128 7003 7493
f 7493 4527 7173
f 6132 5032 5618
f 6133 5442 6412
f 6591 5449 7494
f 6139 7384 7494
f 4662 7002 7495
f 7495 5461 7105
f 5095 5815 5914
f 5187 7099 6897
f 5368 7089 6791
f 6157 7265 6883
f 6883 4850 6157
f 6161 5528 7453
f 5377 6792 6165
f 6167 4964 5397
f 4912 5841 7496
f 6056 6458 7496
f 6174 7304 7497
f 7497 4998 6213
f 6661 7020 7498
f 4993 7461 7498
f 4966 4900 6183
f 5617 6520 5619
f 6188 7407 7499
f 5036 7212 7499
f 7480 7573 6189
f 5288 6366 7500
f 5692 7333 7501
f 7013 7424 6212
f 6194 7010 7502
f 5035 7034 7502
f 5052 6074 5162
f 5932 5673 6198
f 6199 7484 6051
f 6200 7345 7503
f 6202 5683 6648
f 7417 4406 5237
f 5237 7166 7417
f 6210 6820 7504
f 4445 6556 7504
f 6012 5922 6211
f 6213 7464 7505
f 5651 7499 7505
f 5167 5715 5304
f 6220 4402 5320
f 4721 5176 6872
f 5723 6438 4606
f 5523 7357 6225
f 5496 4903 7506
f 6232 6533 5751
f 5424 6235 6487
f 6066 4642 6686
f 6047 6864 6246
f 5022 6193 4567
f 4800 6258 7455
f 5847 5824 6601
f 4924 6601 5565
f 5523 6225 7507
f 6225 6360 7507
f 6263 5539 7022
f 6297 4951 7022
f 5545 4794 4962
f 5739 7279 6559
f 6559 5860 5739
f 6273 5993 6282
f 6914 7020 6242
f 6280 6973 4921
f 5662 6281 7011
f 5911 5809 6288
f 6296 6644 4913
f 6298 6828 5724
f 5763 6819 5944
f 4655 7474 5851
f 6022 6992 6668
f 6309 7333 7508
f 6222 6983 7508
f 6310 7023 5800
f 5800 5918 6310
f 6313 6032 5906
f 6321 7288 6021
f 6652 5668 6936
f 6334 5996 6006
f 6337 5822 7509
f 6637 6224 7509
f 5943 5952 5759
f 7242 6344 5820
f 6262 5523 7510
f 5474 5972 5834
f 5898 6989 5992
f 5862 7489 6021
f 7289 7025 6284
f 6284 6024 7289
f 6329 6267 6361
f 6349 6103 5968
f 6353 6267 6327
f 5239 4709 4599
f 4599 4409 5239
f 4421 7031 4423
f 6376 7031 7511
f 4422 4611 7511
f 6931 5702 6739
f 6445 4446 6712
f 5580 6062 5579
f 5579 7457 5580
f 6055 309 4385
f 5310 4483 4390
f 5234 4494 5232
f 5223 5757 6941
f 6401 5160 7418
f 4510 4416 7418
f 4736 5430 7512
f 6553 6404 4529
f 4937 6944 6443
f 6413 4463 4673
f 6416 7110 7360
f 7513 5311 4974
f 4491 6910 5493
f 4595 4399 6421
f 6421 6398 4595
f 4606 5246 6422
f 6425 5345 7514
f 4525 7327 7514
f 4635 6427 5351
f 6429 4446 6572
f 5138 5706 6431
f 6432 5454 6592
f 5854 4681 4565
f 5746 6507 7515
f 5420 6751 7515
f 5259 5122 7516
f 4629 7550 7516
f 4745 7265 7517
f 6581 4847 7517
f 7518 4533 4633
f 7518 4633 6461
f 4658 4665 4551
f 4551 7492 4658
f 6451 6546 5893
f 4882 7332 5893
f 6452 4376 6415
f 4991 4833 7389
f 5654 4734 4869
f 6130 4851 4852
f 7519 6469 4853
f 4853 6468 7519
f 6472 7395 7520
f 7520 6162 7241
f 4975 6518 7236
f 7236 5404 7133
f 6488 5039 7521
f 5039 4625 7521
f 5577 7155 7522
f 7522 4435 5573
f 7523 6496 4946
f 4946 6766 7523
f 4782 6497 5205
f 4390 4483 6499
f 5789 7018 7524
f 6503 7138 7524
f 5631 5933 6980
f 6140 6513 7190
f 6514 6145 6191
f 5424 5255 7525
f 6727 6105 7525
f 6538 7189 7526
f 4738 7368 7526
f 5125 7155 7182
f 7182 6441 5350
f 4632 5579 7527
f 7527 6062 5130
f 7300 6543 7307
f 6555 6654 5193
f 6556 4638 5270
f 6087 6428 5270
f 5205 6070 6833
f 5210 7257 6561
f 6562 4679 6620
f 5315 4589 4585
f 6564 7081 4585
f 6566 5750 5754
f 6566 5230 5235
f 7173 6155 7528
f 5510 7432 7528
f 6576 5856 5855
f 5855 5540 5975
f 6581 7517 7265
f 7529 6583 4947
f 4947 6934 7529
f 4666 6523 7530
f 7530 5632 7185
f 4388 6891 6587
f 6588 5179 5408
f 6593 6868 7531
f 4775 7307 7531
f 4478 5814 5480
f 4803 5487 5488
f 4908 5555 5839
f 4908 6038 5555
f 6631 4822 6123
f 6611 5628 7532
f 5628 4858 7532
f 6602 5830 5871
f 6274 6607 7208
f 4832 5821 7533
f 5792 6064 7533
f 7463 5009 7009
f 5004 4753 5656
f 5784 6617 5907
f 5090 6619 5684
f 7183 6623 4444
f 5721 4497 6624
f 4638 6738 6628
f 7534 5463 6574
f 5243 6399 5843
f 4921 6973 5989
f 5665 5058 5048
f 6647 7237 5907
f 6652 6198 5673
f 6658 6364 7256
f 7020 6661 6172
f 6172 7101 7020
f 5667 4690 7455
f 5672 5062 6286
f 5062 7149 6286
f 6315 7092 6634
f 5912 5683 6634
f 5863 6964 5562
f 4445 6820 7535
f 7535 6686 4642
f 6687 6821 5196
f 4538 6066 5196
f 4482 4385 7068
f 5597 4584 4700
f 4700 5226 5597
f 6203 7069 7536
f 6702 5170 7536
f 4708 5175 4709
f 6703 5099 4709
f 6703 4709 5175
f 4514 7511 4611
f 4422 6082 4611
f 4548 6938 4653
f 4653 4452 6808
f 6708 4531 7073
f 6237 6710 6046
f 6046 6840 6237
f 4542 5197 7537
f 7537 6711 4641
f 6093 5783 7538
f 7538 4660 5455
f 310 311 6721
f 4610 6060 7444
f 7295 6724 4612
f 6727 7525 5255
f 6739 6740 6379
f 7029 6742 5361
f 5361 4617 7029
f 4654 6743 4454
f 4454 6862 4654
f 7539 5447 6744
f 6744 4650 7539
f 5546 7541 7540
f 6750 7397 7540
f 6750 7540 7541
f 7541 5546 7095
f 4703 6692 6753
f 7361 4589 5315
f 4994 5623 7542
f 5418 5778 7542
f 6763 5356 7543
f 5737 7372 7543
f 7544 6769 4551
f 6861 5363 4457
f 4457 4654 6861
f 6777 5072 4675
f 6778 7114 7398
f 4902 4958 6479
f 6789 6443 5265
f 6795 5550 7200
f 6796 4592 4815
f 7452 4860 4544
f 4544 6939 7452
f 6194 7390 7545
f 4928 7566 7545
f 5606 4592 7546
f 4920 6274 5885
f 6127 6802 6188
f 5634 7032 6925
f 4965 6500 7547
f 5024 7137 7547
f 5857 6169 6273
f 5888 7139 5620
f 6894 6259 4516
f 4516 6470 6894
f 7455 6258 5492
f 5426 7116 7548
f 6826 7217 4596
f 5418 6830 5966
f 5966 5283 5418
f 6833 5206 7549
f 4458 6888 7549
f 6839 7516 7550
f 4629 7274 7550
f 6841 5438 6252
f 4643 6740 7373
f 4677 7110 7551
f 6748 6867 5291
f 5291 4771 6748
f 6165 6792 7552
f 7552 5534 4878
f 6872 5499 4721
f 6884 5436 7553
f 4746 6244 7553
f 5456 5454 6214
f 5457 7190 4873
f 4877 7225 7555
f 7404 7558 5587
f 6409 6464 5360
f 6767 6898 5512
f 5512 4844 6767
f 7556 4945 6904
f 6904 6772 7556
f 5532 7454 7557
f 7557 6906 4874
f 4993 6914 5568
f 7404 6496 7558
f 7523 6919 7558
f 6322 5877 5596
f 5596 6968 6322
f 4892 4959 4897
f 6446 5629 6922
f 6922 5203 6446
f 6922 6923 5003
f 5003 5203 6922
f 6925 5382 7559
f 5043 4784 7559
f 5065 5060 5645
f 5864 6362 5899
f 6942 6052 5091
f 6298 5159 5725
f 5725 7319 6298
f 5673 5957 6652
f 4452 4653 6938
f 7560 6937 5939
f 5939 7510 7560
f 6946 5787 7021
f 4924 5565 7021
f 5106 5409 7561
f 5409 5326 7561
f 6312 7489 6950
f 7149 5358 6815
f 6953 6887 7562
f 5802 7394 7562
f 5597 4963 4584
f 6961 5851 7563
f 5452 6304 7563
f 5571 5705 7564
f 6965 5867 7564
f 6967 4764 7176
f 4968 4901 5549
f 6969 6325 6323
f 7278 5407 5687
f 371 6035 4374
f 4374 370 371
f 7565 6994 5085
f 5085 7336 7565
f 4501 6058 5170
f 5195 7441 7468
f 6055 5079 309
f 7001 5280 6106
f 6586 5591 6117
f 6365 6021 7489
f 6640 7007 5969
f 6521 7302 7566
f 7010 7545 7566
f 4821 7143 4972
f 7013 7482 7424
f 5992 6306 5947
f 7339 5124 284
f 4951 5075 7022
f 5804 7023 6310
f 5943 6658 7024
f 6997 5347 6405
f 6405 6065 6997
f 6097 4895 5081
f 6627 6733 7037
f 5944 6354 7567
f 7568 6016 7039
f 7039 7485 7568
f 5338 5844 4716
f 4716 5882 5338
f 4935 7366 7569
f 6683 5056 7569
f 5229 5227 5314
f 5236 5750 5322
f 6390 4475 4577
f 4577 4384 6390
f 5317 5747 5051
f 4413 5723 4520
f 7100 5261 6695
f 7570 7114 5788
f 5788 5880 7570
f 6798 6811 5606
f 5606 7546 6798
f 5050 5972 5864
f 5484 4917 7506
f 6823 7158 6215
f 6277 5544 7211
f 6616 6281 5662
f 5662 5900 6616
f 283 6045 4443
f 6661 6153 6319
f 6319 6172 6661
f 5657 6329 6301
f 5759 6651 6339
f 307 6075 4383
f 4383 306 307
f 7496 7150 4912
f 7571 7262 6142
f 6142 6366 7571
f 5427 7005 5572
f 5022 4961 6193
f 6358 7275 5727
f 7286 5822 6337
f 7572 7293 6410
f 6410 6092 7572
f 6548 5154 7309
f 6639 5574 6156
f 4802 7400 5566
f 7500 6189 7573
f 7480 6143 7573
f 409 7641 7
f 7664 7665 410
f 139 7647 407
f 7 7574 462
f 408 462 7574
f 463 462 408
f 7575 407 7647
f 7575 7576 407
f 140 407 7577
f 7576 7577 407
f 141 140 7578
f 7577 7578 140
f 142 141 7579
f 7578 7579 141
f 406 142 7580
f 7579 7580 142
f 7580 7581 406
f 143 406 7582
f 7581 7582 406
f 7582 7583 143
f 405 143 7584
f 7583 7584 143
f 405 7584 7648
f 7585 7648 7584
f 405 7648 7586
f 144 7586 7649
f 7587 7649 7586
f 7588 7651 7649
f 423 7652 422
f 424 7590 423
f 7590 7627 7589
f 424 425 7590
f 7591 403 7627
f 7591 7628 403
f 402 146 7628
f 402 7628 7653
f 7593 7653 7628
f 7629 147 7654
f 429 7666 428
f 147 7629 401
f 7629 7630 401
f 7594 7630 7629
f 7595 7631 7630
f 7596 400 7631
f 7596 7632 400
f 7632 7598 149
f 7597 7598 7632
f 7598 7633 399
f 7599 151 7633
f 398 151 7599
f 7600 7634 398
f 7599 7600 398
f 7601 398 7634
f 7601 7635 398
f 152 7635 397
f 7602 7655 7635
f 397 7635 7655
f 7603 7655 7602
f 440 7644 439
f 7604 153 7636
f 397 7636 153
f 7605 7637 153
f 442 443 7638
f 7606 154 7637
f 7606 7639 154
f 153 7637 154
f 154 7639 155
f 7606 7623 7639
f 155 7639 7623
f 7607 7623 7606
f 156 7623 7624
f 7607 7624 7623
f 7625 448 7608
f 449 7608 448
f 7610 7656 7609
f 451 7657 450
f 452 7658 451
f 453 7613 452
f 7613 7659 7612
f 454 7614 453
f 455 7660 454
f 456 7661 455
f 7616 7662 7615
f 457 7663 456
f 457 458 7663
f 7617 7663 7667
f 459 460 7640
f 391 7619 7621
f 468 7622 388
f 7620 388 7622
f 7622 389 390
f 389 7622 5
f 7574 7647 408
f 410 7665 409
f 7575 7665 7576
f 7641 409 7665
f 412 7577 411
f 7576 7664 7577
f 413 7577 412
f 414 7578 413
f 7577 413 7578
f 415 7579 414
f 7578 414 7579
f 416 7580 415
f 7579 415 7580
f 417 7581 416
f 7580 416 7581
f 418 7582 417
f 7581 417 7582
f 419 7583 418
f 7582 418 7583
f 7583 419 7584
f 419 7585 7584
f 422 7650 421
f 7586 7585 7587
f 7650 422 7652
f 7652 423 7590
f 404 7649 7651
f 404 7651 145
f 7591 7590 426
f 145 7589 7627
f 425 426 7590
f 427 7592 426
f 7591 426 7592
f 428 7592 427
f 7592 428 7666
f 7593 7666 7594
f 7653 7654 402
f 432 7595 431
f 148 7630 400
f 434 7597 433
f 7595 433 7597
f 7598 7597 7642
f 434 7642 7597
f 7642 434 435
f 436 7601 435
f 7603 438 439
f 7643 438 7602
f 7603 439 7644
f 7655 7636 397
f 442 7638 441
f 7604 7644 7605
f 7606 7605 7638
f 7638 444 7645
f 7638 7645 7606
f 7606 7645 7607
f 7626 7645 447
f 448 7625 7626
f 447 448 7626
f 450 7609 449
f 7624 7656 396
f 7609 450 7657
f 7657 451 7658
f 396 7610 157
f 7658 452 7613
f 157 7610 395
f 7613 453 7614
f 395 7611 394
f 7614 454 7660
f 7660 455 7661
f 394 7659 158
f 7661 456 7663
f 458 7667 7663
f 158 7615 393
f 7640 7667 459
f 460 7646 7640
f 7619 392 7617
f 7620 7646 461
f 392 7619 391
f 460 461 7646
f 461 388 7620
f 390 391 7621
f 7619 7646 7621
f 7621 7620 7622
f 468 5 7622
f 155 7623 156
f 396 156 7624
f 7607 7625 7624
f 7608 7624 7625
f 7607 7626 7625
f 435 7600 7599
f 446 447 7645
f 403 145 7627
f 7627 7590 7591
f 146 403 7628
f 7628 7591 7592
f 402 7654 147
f 7629 7593 7594
f 148 401 7630
f 7630 7594 7595
f 431 7595 7594
f 400 7630 7631
f 7631 7595 7596
f 149 400 7632
f 7596 7597 7632
f 399 149 7598
f 150 399 7633
f 7598 7642 7633
f 151 150 7633
f 7634 7600 7601
f 152 398 7635
f 7635 7601 7602
f 153 7604 7605
f 7605 7644 7638
f 7637 7605 7606
f 449 7609 7608
f 393 7617 392
f 7640 7619 7618
f 458 459 7667
f 7641 7575 7574
f 7574 7 7641
f 7594 7666 430
f 430 431 7594
f 7595 432 433
f 7599 7633 7642
f 7599 7642 435
f 436 7643 7601
f 7601 7600 435
f 7643 436 437
f 438 7643 437
f 7603 7602 438
f 7602 7601 7643
f 441 7638 7644
f 7638 443 444
f 445 7645 444
f 7620 7621 7646
f 7619 7640 7646
f 7645 7626 7607
f 139 408 7647
f 7647 7574 7575
f 7585 7586 7648
f 7586 144 405
f 7587 7588 7649
f 7649 404 144
f 7650 7588 7587
f 7587 7585 7650
f 7651 7588 7589
f 7652 7589 7588
f 7588 7650 7652
f 145 7651 7589
f 7589 7652 7590
f 7592 7593 7628
f 7653 7593 7654
f 7654 7593 7629
f 7604 7636 7603
f 7655 7603 7636
f 7656 7624 7608
f 7609 7656 7608
f 7657 7611 7610
f 7610 7609 7657
f 395 7610 7611
f 7658 7612 7611
f 7611 7657 7658
f 394 7611 7612
f 7612 7658 7613
f 394 7612 7659
f 7659 7613 7614
f 158 7659 7614
f 7660 7615 7614
f 158 7614 7615
f 7661 7616 7615
f 7615 7660 7661
f 393 7615 7662
f 7662 7616 7617
f 7663 7617 7616
f 7616 7661 7663
f 390 7621 7622
f 7664 410 411
f 411 7577 7664
f 7664 7576 7665
f 7665 7575 7641
f 7585 419 420
f 7585 420 421
f 421 7650 7585
f 7593 7592 7666
f 429 430 7666
f 7597 7596 7595
f 7604 7603 7644
f 440 441 7644
f 7645 445 446
f 7610 396 7656
f 393 7662 7617
f 7617 7618 7619
f 7667 7640 7618
f 7618 7617 7667
f 469 7730 388
f 7715 7668 7730
f 470 7723 469
f 7691 7723 470
f 328 467 7690
f 7668 7689 468
f 468 7689 5
f 7689 7690 467
f 472 7716 471
f 7671 466 7670
f 471 7724 470
f 7690 7670 466
f 7692 329 7671
f 7673 7694 7672
f 474 7737 473
f 7692 7672 7694
f 7718 7674 476
f 7697 331 7731
f 7677 478 479
f 7699 7697 7676
f 7699 7700 332
f 7677 480 7719
f 7680 7725 485
f 7702 465 7701
f 7702 7703 465
f 7682 7727 487
f 7704 486 7727
f 490 7720 489
f 464 7705 7732
f 489 7683 488
f 7683 7732 7705
f 7707 7738 7733
f 492 7685 491
f 7709 7734 7686
f 7685 7686 7734
f 495 7721 494
f 7712 7728 7687
f 494 7739 493
f 7714 463 7722
f 7728 7722 336
f 496 497 7736
f 7713 7735 7688
f 463 7714 462
f 462 7735 7
f 467 5 7689
f 468 388 7668
f 7691 7669 7723
f 7691 470 7724
f 7716 472 7693
f 7690 466 328
f 7671 7670 7716
f 7696 7717 475
f 7692 7694 329
f 475 7674 7696
f 7718 476 7698
f 7695 7675 330
f 7698 7731 7718
f 7677 7676 478
f 7719 482 7725
f 7679 333 7700
f 7679 7678 7726
f 7680 485 7704
f 7682 7681 7727
f 7706 7682 488
f 7681 334 7703
f 7706 488 7683
f 7708 7720 491
f 7708 7684 7720
f 7708 491 7685
f 7711 7685 493
f 7709 335 7738
f 7711 7686 7685
f 7711 493 7739
f 496 7736 7721
f 7710 7728 335
f 495 496 7721
f 7713 7736 497
f 7715 7729 7668
f 7669 7691 7690
f 7670 7690 7691
f 7715 7723 7669
f 466 7671 329
f 7671 7716 7692
f 7672 7692 7693
f 7673 330 7694
f 330 329 7694
f 7717 7673 7672
f 330 7731 331
f 7698 7676 7731
f 7697 7731 7676
f 7674 7718 7675
f 7677 7699 7676
f 7700 7699 7678
f 7679 7726 7701
f 7719 7726 7678
f 7681 7703 7704
f 465 7703 334
f 464 334 7705
f 7705 7706 7683
f 464 7732 7733
f 464 7733 335
f 7684 7708 7707
f 7685 7734 7708
f 7683 7720 7684
f 7686 7710 7709
f 7686 7711 7710
f 7687 7710 7711
f 7710 7687 7728
f 7687 7721 7712
f 497 7 7713
f 7714 7735 462
f 336 7722 463
f 7689 7668 7729
f 388 7730 7668
f 7670 7724 7716
f 473 7693 472
f 7672 7737 7717
f 474 475 7717
f 475 476 7674
f 477 7698 476
f 7699 332 7697
f 332 331 7697
f 7698 478 7676
f 480 7677 479
f 483 7725 482
f 333 7701 465
f 7702 7725 7680
f 486 7704 485
f 7704 7727 7681
f 487 488 7682
f 490 491 7720
f 492 493 7685
f 7688 7712 7721
f 7687 7739 7721
f 7689 7729 7690
f 333 7679 7701
f 335 7709 7710
f 7722 7712 7688
f 7722 7688 7714
f 7715 7730 7723
f 471 7716 7724
f 7724 7670 7691
f 481 7719 480
f 7678 7677 7719
f 481 482 7719
f 484 7725 483
f 7702 7726 7725
f 7719 7725 7726
f 7702 7701 7726
f 484 485 7725
f 487 7727 486
f 334 7681 7682
f 7682 7705 334
f 336 335 7728
f 7729 7715 7669
f 7669 7690 7729
f 469 7723 7730
f 330 7673 7695
f 330 7675 7731
f 7677 7678 7699
f 333 332 7700
f 7679 7700 7678
f 7702 7680 7703
f 7680 7704 7703
f 7732 7683 7684
f 7684 7733 7732
f 7733 7684 7707
f 7709 7738 7734
f 7707 7708 7734
f 7714 7688 7735
f 7713 7 7735
f 7736 7713 7688
f 7688 7721 7736
f 473 7737 7693
f 7693 7692 7716
f 474 7717 7737
f 7737 7672 7693
f 7673 7717 7696
f 7696 7695 7673
f 477 478 7698
f 489 7720 7683
f 335 7733 7738
f 7707 7734 7738
f 494 7721 7739
f 7739 7687 7711
f 7695 7696 7674
f 7674 7675 7695
f 7675 7718 7731
f 7706 7705 7682
f 7722 7728 7712