####
#
# OBJ File Generated by Meshlab
#
####
# Object novel_top_6677.obj
#
# Vertices: 6677
# Faces: 13165
#
####
vn 0.125879 0.985103 -0.117158
v 0.147014 0.254741 -0.016971
vn 0.114360 0.985013 -0.129114
v 0.141883 0.254099 -0.026167
vn 0.235594 0.959586 0.153915
v 0.142330 0.257920 0.000295
vn 0.055811 0.992654 -0.107346
v 0.135878 0.255141 -0.018240
vn 0.068426 0.970919 -0.229422
v 0.128613 0.256592 -0.010254
vn 0.013740 0.999583 -0.025408
v 0.122365 0.259583 -0.003321
vn 0.112745 0.993592 0.007974
v 0.099971 0.258533 -0.017570
vn 0.137188 0.740839 0.657524
v 0.054659 0.249816 0.022044
vn 0.103452 0.687495 0.718783
v 0.063398 0.232608 0.039711
vn 0.113003 0.732037 0.671827
v 0.053847 0.236730 0.036707
vn 0.248012 0.783468 0.569796
v 0.055320 0.258358 0.012041
vn 0.261243 0.845045 0.466532
v 0.153657 0.247192 0.014927
vn -0.047693 0.789426 0.611990
v 0.127880 0.247137 0.020013
vn 0.153184 0.625731 0.764850
v 0.053200 0.229047 0.044564
vn 0.211560 0.558427 0.802123
v 0.145726 0.229311 0.036377
vn 0.219807 0.543405 0.810183
v 0.058968 0.219964 0.049788
vn 0.157873 0.547783 0.821590
v 0.067258 0.214436 0.051028
vn 0.221352 0.531800 0.817430
v 0.049755 0.211016 0.058416
vn 0.260166 0.539625 0.800699
v 0.051775 0.218807 0.052936
vn -0.028922 0.619926 0.784127
v 0.115925 0.218315 0.045850
vn 0.015677 0.560121 0.828263
v 0.102387 0.226463 0.041634
vn 0.039664 0.565302 0.823930
v 0.041334 0.190513 0.074935
vn 0.019562 0.646267 0.762860
v 0.040122 0.195783 0.070510
vn 0.476608 0.225237 0.849772
v 0.154762 0.198943 0.047621
vn 0.555796 0.048652 0.829894
v 0.150603 0.192142 0.051229
vn 0.332077 0.288405 0.898080
v 0.143374 0.194313 0.055819
vn 0.552397 -0.037593 0.832733
v 0.145333 0.185841 0.054918
vn 0.434661 0.138299 0.889912
v 0.158885 0.174263 0.046663
vn 0.575185 0.070677 0.814965
v 0.161939 0.163583 0.046864
vn 0.519658 0.316074 0.793759
v 0.154459 0.166855 0.052028
vn 0.109729 0.557410 0.822954
v 0.115932 0.184347 0.068540
vn 0.277396 0.400112 0.873477
v 0.111089 0.178652 0.073650
vn -0.006641 0.604823 0.796332
v -0.003772 0.118592 0.123843
vn -0.026023 0.504536 0.862998
v 0.006903 0.138867 0.109894
vn -0.007899 0.553096 0.833080
v -0.002400 0.132439 0.113706
vn -0.034950 0.548833 0.835201
v 0.018726 0.176248 0.082457
vn 0.002396 0.484325 0.874885
v 0.030435 0.179283 0.080836
vn -0.047224 0.484370 0.873588
v 0.020047 0.184031 0.078019
vn 0.007285 0.688805 0.724910
v 0.035642 0.160082 0.098379
vn -0.027367 0.620042 0.784091
v 0.008627 0.173754 0.083625
vn -0.037418 0.536584 0.843017
v 0.017033 0.153454 0.102578
vn -0.012535 0.714543 0.699479
v 0.015555 0.162321 0.095231
vn -0.000611 0.744332 0.667809
v 0.022951 0.165546 0.091271
vn -0.007307 0.656289 0.754474
v -0.001785 0.172598 0.084364
vn -0.028866 0.596781 0.801885
v 0.002179 0.179780 0.078904
vn 0.664735 0.020306 0.746803
v 0.157193 0.158021 0.051380
vn 0.655917 0.103053 0.747766
v 0.158434 0.147747 0.049733
vn -0.004739 0.598447 0.801148
v 0.001815 0.123658 0.119940
vn 0.630872 -0.007496 0.775851
v 0.167883 0.147101 0.042161
vn 0.010487 -0.060764 0.998097
v 0.006711 0.073072 0.143018
vn 0.269784 0.623246 0.734018
v 0.086729 0.139963 0.100125
vn 0.877753 -0.450819 0.162207
v 0.141736 0.065438 0.033085
vn 0.898151 -0.320736 0.300755
v 0.137063 0.072632 0.063223
vn 0.560278 -0.300928 0.771706
v 0.098264 0.061429 0.126911
vn 0.402990 -0.304617 0.863022
v 0.087605 0.061681 0.133108
vn 0.003629 -0.381647 0.924301
v 0.009322 0.031825 0.126931
vn -0.022365 -0.231630 0.972547
v 0.000957 0.014932 0.121362
vn 0.949611 -0.274783 0.150776
v 0.123408 0.020224 0.031624
vn -0.005410 -0.169381 0.985536
v 0.004263 0.006025 0.119657
vn -0.013336 -0.117399 0.992995
v 0.004585 -0.004194 0.118219
vn 0.244999 -0.352618 0.903126
v 0.054348 0.020246 0.117032
vn 0.184679 -0.341455 0.921576
v 0.045271 0.021487 0.119712
vn 0.846504 -0.165215 0.506098
v 0.103566 0.003545 0.078667
vn 0.987324 -0.149574 0.053091
v 0.120526 0.002963 0.022919
vn 0.988229 -0.102142 0.113892
v 0.119358 -0.001724 0.029889
vn 0.029111 -0.017456 0.999424
v 0.011182 -0.018426 0.117009
vn 0.100031 -0.044750 0.993977
v 0.019298 -0.015271 0.116611
vn 0.973069 0.187828 0.133633
v 0.120062 -0.027638 0.033663
vn 0.979528 0.201072 0.009698
v 0.120736 -0.027954 0.024312
vn 0.020153 0.180427 0.983382
v 0.010450 -0.034679 0.118394
vn 0.931998 -0.091904 0.350619
v 0.112842 -0.001158 0.057817
vn 0.900740 -0.098692 0.422998
v 0.109009 -0.003965 0.065889
vn 0.012020 0.256806 0.966388
v 0.010960 -0.044847 0.120793
vn 0.728114 -0.529239 0.435609
v 0.106505 0.033288 0.092590
vn 0.044544 0.300559 0.952723
v 0.016428 -0.052587 0.122944
vn -0.030811 0.285928 0.957756
v 0.008171 -0.055143 0.123726
vn 0.954000 0.280907 0.104764
v 0.122181 -0.034901 0.030801
vn 0.242721 0.325969 0.913691
v 0.035172 -0.055450 0.120979
vn 0.322443 0.340343 0.883288
v 0.042517 -0.060579 0.120642
vn -0.063040 0.270152 0.960752
v -0.000163 -0.074097 0.128827
vn 0.595934 0.264672 0.758163
v 0.125947 -0.141377 0.097741
vn 0.534718 0.208228 0.818974
v 0.124574 -0.157562 0.103406
vn 0.659702 0.294160 0.691566
v 0.139075 -0.155222 0.091885
vn 0.585998 0.249934 0.770805
v 0.110731 -0.106248 0.097249
vn 0.499124 0.166266 0.850430
v 0.114069 -0.159046 0.109958
vn 0.413860 0.283833 0.864962
v 0.067880 -0.061911 0.108905
vn 0.592300 0.261513 0.762097
v 0.114327 -0.123920 0.100703
vn 0.483910 0.119895 0.866866
v 0.097717 -0.161073 0.119393
vn 0.502215 0.181736 0.845430
v 0.086495 -0.132537 0.121080
vn -0.068580 0.226311 0.971638
v 0.008649 -0.090659 0.133745
vn 0.459057 0.108466 0.881761
v 0.069974 -0.148614 0.133201
vn -0.066044 0.187776 0.979989
v 0.006406 -0.107036 0.137050
vn 0.480650 0.199658 0.853880
v 0.072294 -0.125553 0.127782
vn 0.468058 0.073141 0.880666
v 0.078648 -0.163218 0.129970
vn -0.061879 0.158515 0.985416
v 0.001529 -0.122141 0.139370
vn -0.007447 0.196702 0.980435
v 0.023629 -0.104659 0.137653
vn 0.490907 0.176673 0.853110
v 0.077795 -0.132711 0.126202
vn 0.385674 0.049161 0.921324
v 0.061401 -0.165142 0.138607
vn -0.016626 0.091698 0.995648
v 0.018256 -0.170219 0.146249
vn 0.082059 0.078436 0.993536
v 0.034850 -0.168224 0.145604
vn -0.025208 0.111645 0.993428
v 0.019583 -0.151844 0.144505
vn -0.056444 0.103404 0.993037
v 0.001143 -0.171164 0.145639
vn 0.733400 0.311009 0.604482
v 0.144048 -0.154310 0.086227
vn 0.851851 0.335216 0.402467
v 0.149296 -0.144114 0.071045
vn 0.815404 0.337237 0.470518
v 0.150209 -0.153087 0.076659
vn 0.869509 0.358889 0.339343
v 0.154771 -0.152028 0.066377
vn 0.781008 0.403273 0.476863
v 0.128140 -0.078264 0.062221
vn 0.951186 0.307107 -0.030500
v 0.142833 -0.087787 0.019918
vn 0.681738 0.259659 0.683967
v 0.125321 -0.106191 0.085436
vn 0.960433 0.237288 0.145815
v 0.147392 -0.106774 0.041415
vn 0.956744 0.290388 0.017764
v 0.144497 -0.092869 0.027951
vn 0.939171 0.287205 0.188336
v 0.152032 -0.134899 0.052637
vn 0.905260 0.366636 0.214669
v 0.157603 -0.151035 0.055300
vn 0.930723 0.348422 0.111164
v 0.156570 -0.141380 0.038488
vn 0.968409 0.248730 0.017794
v 0.152041 -0.122106 0.019432
vn 0.916262 0.375553 0.139371
v 0.159416 -0.149985 0.043753
vn 0.932034 0.356333 0.065879
v 0.160076 -0.148838 0.032477
vn 0.943867 0.330324 -0.000883
v 0.159943 -0.147884 0.022823
vn 0.874894 -0.409246 0.258995
v 0.176988 0.114100 0.014429
vn 0.870081 -0.240131 0.430461
v 0.173059 0.115236 0.024294
vn 0.822090 -0.274148 0.499011
v 0.169239 0.121102 0.033052
vn 0.725511 -0.688068 0.013998
v 0.172866 0.107115 0.008925
vn 0.735410 -0.676396 0.040747
v 0.165877 0.100973 0.015332
vn 0.799012 -0.375981 0.469273
v 0.175835 0.125779 0.025161
vn 0.829992 -0.526555 0.183994
v 0.173154 0.107842 0.018839
vn 0.775810 -0.626763 0.072708
v 0.179735 0.114013 0.002246
vn 0.842647 -0.356435 0.403608
v 0.177883 0.121245 0.017784
vn 0.818077 -0.480680 0.315747
v 0.181797 0.121850 0.009396
vn 0.750343 -0.660320 -0.031012
v 0.184328 0.119211 -0.007210
vn 0.496147 -0.039155 0.867355
v 0.153066 0.183437 0.048840
vn 0.444270 0.140282 0.884842
v 0.147080 0.174102 0.051309
vn 0.490297 0.035777 0.870821
v 0.157792 0.190906 0.046569
vn 0.274635 0.936741 0.217008
v 0.080349 0.262961 -0.023266
vn 0.310639 0.906189 0.286922
v 0.073288 0.261779 -0.013501
vn 0.115887 0.953157 0.279396
v 0.076713 0.258804 -0.004463
vn 0.612578 0.698660 0.369623
v 0.056934 0.270644 -0.006632
vn 0.579093 0.743197 0.335127
v 0.064529 0.267325 -0.014777
vn 0.452643 0.829805 0.326402
v 0.071057 0.265876 -0.020952
vn 0.478981 0.863659 0.157069
v 0.072613 0.267907 -0.029325
vn 0.674406 0.676514 0.295813
v 0.057464 0.276496 -0.018486
vn 0.602613 0.751328 0.269007
v 0.065491 0.271168 -0.024198
vn 0.725449 0.665302 0.176344
v 0.057410 0.280043 -0.027758
vn 0.441686 0.828622 0.343947
v 0.065797 0.261947 -0.003833
vn 0.135169 0.736142 0.663193
v 0.054221 0.242203 0.030551
vn 0.046477 0.785276 0.617400
v 0.085370 0.247209 0.020332
vn 0.046153 0.888888 0.455793
v 0.081906 0.252220 0.012301
vn 0.090351 0.994235 -0.057745
v 0.125591 0.255612 -0.019661
vn -0.023522 0.968800 0.246724
v 0.102973 0.259331 -0.000238
vn -0.011068 0.884206 0.466966
v 0.117427 0.256185 0.006157
vn 0.186628 0.797005 0.574415
v 0.064088 0.252922 0.016529
vn 0.109594 0.790034 0.603188
v 0.073768 0.248212 0.020234
vn 0.063143 0.511329 0.857062
v 0.085450 0.219666 0.045845
vn 0.077057 0.610600 0.788181
v 0.080397 0.228488 0.041387
vn 0.071004 0.697454 0.713103
v 0.056981 0.201069 0.064617
vn 0.073823 0.577624 0.812958
v 0.098712 0.203869 0.060109
vn 0.023462 0.672815 0.739438
v 0.089007 0.203138 0.060965
vn 0.275724 0.215099 0.936861
v 0.141829 0.211575 0.047280
vn -0.008525 0.753075 0.657880
v 0.082402 0.206251 0.056404
vn -0.006585 0.489763 0.871831
v 0.031086 0.189615 0.075745
vn 0.026906 0.443084 0.896076
v 0.038471 0.184896 0.078103
vn -0.030670 0.816246 0.576890
v 0.069842 0.171318 0.084347
vn 0.076035 0.644436 0.760868
v 0.064802 0.174899 0.080333
vn 0.181322 0.310233 0.933208
v 0.113355 0.196310 0.058935
vn 0.023939 0.593279 0.804641
v 0.117578 0.190905 0.060740
vn -0.012436 0.498414 0.866850
v 0.016550 0.136718 0.111331
vn -0.001540 0.590460 0.807065
v 0.022053 0.118430 0.124079
vn -0.040694 0.467702 0.882949
v 0.006528 0.148003 0.104804
vn -0.068386 0.547623 0.833926
v 0.011163 0.181151 0.078721
vn 0.086479 0.686388 0.722075
v 0.100907 0.180480 0.071974
vn 0.065882 0.567027 0.821060
v 0.047841 0.135085 0.111460
vn 0.017901 0.172067 0.984923
v 0.047522 0.082154 0.142001
vn 0.012413 -0.448162 0.893866
v 0.025051 0.049431 0.135236
vn 0.040659 -0.492874 0.869150
v 0.043149 0.045042 0.132394
vn 0.157529 -0.195573 0.967954
v 0.035050 0.004775 0.117057
vn 0.082263 -0.363934 0.927785
v 0.059441 0.058866 0.138954
vn 0.100316 -0.512682 0.852698
v 0.062057 0.049084 0.133637
vn 0.922320 0.356896 0.148161
v 0.125349 -0.044367 0.032456
vn 0.175795 -0.459372 0.870674
v 0.051125 0.028544 0.121492
vn 0.285409 -0.206867 0.935814
v 0.053840 0.004879 0.112821
vn 0.074941 0.081210 0.993876
v 0.016760 -0.026349 0.116997
vn 0.312717 0.132332 0.940583
v 0.043117 -0.034483 0.112209
vn 0.591803 0.267185 0.760514
v 0.133714 -0.156142 0.096804
vn 0.552126 0.224619 0.802934
v 0.123023 -0.147886 0.101889
vn 0.165520 0.000946 0.986206
v 0.026738 -0.020521 0.115450
vn 0.456739 0.214170 0.863435
v 0.083970 -0.057857 0.100834
vn 0.415505 0.246616 0.875521
v 0.076208 -0.064512 0.105705
vn 0.854372 0.243293 0.459192
v 0.118805 -0.047707 0.052682
vn 0.865897 0.156840 0.474999
v 0.113864 -0.042579 0.059468
vn 0.680940 0.276192 0.678262
v 0.130665 -0.124190 0.086378
vn 0.634026 0.372049 0.677931
v 0.099444 -0.062916 0.092223
vn 0.945267 0.324079 0.037988
v 0.141392 -0.083203 0.028850
vn 0.796921 -0.129199 0.590105
v 0.152841 0.113108 0.053971
vn 0.020478 0.986543 0.162218
v 0.112077 0.259604 -0.000786
vn 0.067244 0.753327 0.654199
v 0.085378 0.234704 0.034247
vn 0.082704 0.749420 0.656909
v 0.079559 0.241042 0.027149
vn -0.050783 0.877659 0.476587
v 0.098059 0.255640 0.005970
vn 0.094557 0.976934 -0.191463
v 0.138866 0.256459 -0.008907
vn -0.025466 0.772136 0.634947
v 0.117624 0.246919 0.019922
vn 0.012404 0.843821 0.536482
v 0.132186 0.251702 0.013552
vn 0.055932 0.602953 0.795814
v 0.135916 0.225638 0.040407
vn -0.065220 0.787255 0.613168
v 0.116488 0.236879 0.031769
vn -0.062923 0.781088 0.621243
v 0.122897 0.241441 0.025839
vn -0.013345 0.827105 0.561890
v 0.112485 0.251371 0.013270
vn 0.110289 0.526858 0.842768
v 0.107842 0.206210 0.057879
vn -0.013330 0.575038 0.818018
v 0.106975 0.218066 0.045690
vn 0.335832 0.416406 0.844880
v 0.148323 0.199190 0.051424
vn 0.149658 0.672126 0.725155
v 0.062959 0.206309 0.058116
vn 0.178107 0.404525 0.897016
v 0.087100 0.195459 0.065939
vn 0.192323 0.381304 0.904223
v 0.120470 0.205152 0.055308
vn 0.059847 0.611314 0.789122
v 0.046257 0.159223 0.098994
vn 0.161434 0.448466 0.879100
v 0.057029 0.156868 0.098933
vn 0.050296 0.686592 0.725301
v 0.090725 0.180258 0.071914
vn 0.145444 0.643224 0.751737
v 0.082156 0.179718 0.073393
vn 0.204029 0.446040 0.871448
v 0.139125 0.201663 0.050132
vn 0.015675 0.559592 0.828620
v 0.123207 0.214843 0.049823
vn 0.021856 0.672012 0.740217
v 0.048121 0.170682 0.085446
vn 0.090084 0.625197 0.775251
v 0.046489 0.203615 0.063615
vn 0.200872 0.381738 0.902179
v 0.125646 0.186460 0.066335
vn 0.004660 0.567098 0.823637
v 0.014922 0.113205 0.127896
vn 0.876698 -0.401951 0.264264
v 0.144985 0.078436 0.045738
vn 0.835908 -0.460031 0.299381
v 0.146204 0.085997 0.052649
vn 0.785364 -0.280853 0.551657
v 0.158381 0.120019 0.049064
vn 0.002374 -0.094404 0.995531
v 0.034948 0.071244 0.142647
vn 0.807224 -0.508617 0.299497
v 0.152497 0.093154 0.048452
vn 0.853732 -0.171197 0.491765
v 0.167311 0.110981 0.033349
vn 0.814185 -0.482988 0.322218
v 0.164589 0.102055 0.033874
vn 0.242472 0.493820 0.835074
v 0.076696 0.103048 0.131000
vn 0.218437 0.361477 0.906432
v 0.075138 0.093738 0.136211
vn 0.170709 -0.426001 0.888472
v 0.070152 0.055341 0.136008
vn 0.294007 -0.451325 0.842535
v 0.080191 0.053623 0.132605
vn 0.123242 -0.337106 0.933365
v 0.035486 0.022823 0.121745
vn 0.360996 -0.241189 0.900838
v 0.064328 0.006403 0.109491
vn 0.756379 0.433221 0.490112
v 0.111111 -0.070378 0.082566
vn 0.726551 0.335387 0.599699
v 0.112384 -0.079302 0.087553
vn 0.479677 -0.455126 0.750180
v 0.085088 0.022500 0.105657
vn 0.581525 -0.418412 0.697682
v 0.091767 0.022333 0.100662
vn 0.523384 -0.559177 0.642955
v 0.091615 0.029566 0.106122
vn 0.171458 -0.257031 0.951072
v 0.039889 0.013565 0.118244
vn 0.244242 0.030344 0.969239
v 0.036505 -0.024985 0.113435
vn 0.661424 -0.210308 0.719922
v 0.093637 -0.002178 0.089459
vn 0.291827 -0.117436 0.949234
v 0.053710 -0.013177 0.109784
vn 0.778607 0.155155 0.608028
v 0.104168 -0.042890 0.074727
vn 0.092441 0.207609 0.973834
v 0.018725 -0.037449 0.118490
vn 0.166743 0.237596 0.956946
v 0.026164 -0.039957 0.118127
vn 0.685307 0.132543 0.716091
v 0.091360 -0.035259 0.086499
vn 0.718817 0.257944 0.645575
v 0.131780 -0.114524 0.081744
vn 0.867288 0.045355 0.495736
v 0.107957 -0.026493 0.067011
vn 0.703404 0.294056 0.647112
v 0.093217 -0.044699 0.088173
vn 0.782846 0.389803 0.484980
v 0.129873 -0.096223 0.073422
vn 0.807450 0.296483 0.510022
v 0.138083 -0.112931 0.072917
vn 0.774344 0.267239 0.573563
v 0.137822 -0.122967 0.078004
vn 0.933693 0.240494 0.265291
v 0.147151 -0.118246 0.055959
vn 0.926285 0.260590 0.272192
v 0.148970 -0.129103 0.059062
vn 0.584974 0.340641 0.736050
v 0.152725 0.134465 0.060387
vn 0.812072 0.002459 0.583552
v 0.140904 0.096819 0.070863
vn 0.831971 -0.480470 0.277441
v 0.170096 0.105919 0.025608
vn 0.093381 0.983758 0.153301
v 0.083706 0.260101 -0.012635
vn -0.043735 0.969322 0.241872
v 0.086265 0.259190 -0.003276
vn -0.016752 0.863888 0.503405
v 0.107588 0.255808 0.006499
vn 0.081690 0.604013 0.792777
v 0.136834 0.234697 0.035408
vn -0.028320 0.783846 0.620310
v 0.107441 0.236935 0.030408
vn -0.034167 0.706212 0.707176
v 0.109369 0.232413 0.036837
vn 0.014639 0.750981 0.660162
v 0.098079 0.234364 0.033862
vn -0.029124 0.750654 0.660054
v 0.112234 0.241410 0.025403
vn 0.182065 0.452729 0.872862
v 0.077400 0.193729 0.069066
vn 0.272278 0.369677 0.888371
v 0.149118 0.205491 0.047066
vn -0.000073 0.839425 0.543476
v 0.102165 0.251421 0.013395
vn 0.061602 0.586411 0.807668
v 0.079007 0.212583 0.050727
vn 0.096555 0.747584 0.657112
v 0.073358 0.235515 0.035147
vn 0.340744 0.326304 0.881714
v 0.131435 0.187604 0.064158
vn 0.243454 0.392891 0.886773
v 0.129100 0.200804 0.053502
vn -0.034872 0.734364 0.677859
v 0.126878 0.236923 0.033358
vn 0.154894 0.453987 0.877442
v 0.067494 0.191097 0.072400
vn 0.283372 0.511422 0.811263
v 0.090631 0.172238 0.082931
vn 0.174930 0.365758 0.914123
v 0.094804 0.197744 0.063685
vn 0.230897 0.292308 0.928032
v 0.102969 0.196516 0.061768
vn 0.295857 0.576202 0.761880
v 0.084008 0.147763 0.093059
vn 0.090607 0.588176 0.803641
v 0.107369 0.186846 0.063890
vn 0.137759 0.443586 0.885581
v 0.065478 0.181960 0.076050
vn 0.419684 0.256163 0.870773
v 0.083276 0.155812 0.089296
vn 0.005997 0.460255 0.887766
v 0.028106 0.100044 0.135766
vn 0.073369 0.566072 0.821084
v 0.060055 0.111467 0.128317
vn 0.072708 0.460940 0.884448
v 0.039408 0.152071 0.103477
vn -0.003999 0.514995 0.857184
v 0.028784 0.153263 0.103446
vn 0.293495 0.545629 0.784952
v 0.111259 0.156324 0.074528
vn 0.467302 0.321484 0.823576
v 0.126541 0.151751 0.075738
vn 0.403240 0.284373 0.869787
v 0.118224 0.162744 0.067835
vn 0.123136 0.095869 0.987748
v 0.063808 0.079706 0.141263
vn 0.056940 0.705354 0.706565
v 0.069548 0.168077 0.090394
vn 0.895791 -0.368268 0.248871
v 0.132823 0.062944 0.065470
vn 0.914741 -0.346333 0.208094
v 0.126698 0.034193 0.038918
vn 0.943782 -0.189436 0.270906
v 0.117574 0.012353 0.048667
vn 0.890755 -0.288503 0.351171
v 0.114889 0.023353 0.064464
vn 0.769880 -0.432512 0.469274
v 0.114061 0.051657 0.103369
vn 0.789874 0.100704 0.604944
v 0.129472 0.100985 0.084783
vn 0.647988 -0.481899 0.589818
v 0.106037 0.050650 0.113023
vn 0.550813 -0.484511 0.679599
v 0.098624 0.051609 0.120629
vn 0.547997 -0.561675 0.619856
v 0.098935 0.043578 0.113898
vn 0.085110 -0.543021 0.835395
v 0.054369 0.042788 0.130337
vn 0.825025 -0.238264 0.512410
v 0.115768 0.062874 0.108042
vn 0.853641 -0.270218 0.445285
v 0.119652 0.061102 0.100431
vn 0.773564 -0.376578 0.509693
v 0.103501 0.024119 0.088529
vn 0.812114 -0.432463 0.391722
v 0.110122 0.030435 0.082713
vn 0.580728 0.014499 0.813968
v 0.078190 -0.025584 0.096588
vn 0.639636 0.072505 0.765251
v 0.084989 -0.030470 0.091534
vn 0.914975 0.044358 0.401064
v 0.111450 -0.021016 0.058895
vn 0.107369 -0.118044 0.987187
v 0.021647 -0.005461 0.117239
vn 0.272171 -0.033525 0.961665
v 0.048018 -0.023593 0.110161
vn 0.562413 0.177141 0.807659
v 0.078770 -0.036036 0.097870
vn 0.582971 -0.191759 0.789540
v 0.086455 -0.008793 0.093315
vn 0.605515 -0.110131 0.788177
v 0.085681 -0.019708 0.091580
vn 0.809926 -0.094649 0.578845
v 0.101745 -0.013618 0.077663
vn 0.675068 0.366759 0.640134
v 0.106181 -0.071354 0.090226
vn 0.735297 0.441331 0.514359
v 0.105338 -0.064207 0.085580
vn 0.248489 0.198896 0.947995
v 0.033701 -0.037134 0.115767
vn 0.170590 0.137632 0.975683
v 0.026497 -0.031208 0.116260
vn 0.368078 0.040591 0.928909
v 0.063915 -0.031826 0.105288
vn 0.349453 0.142592 0.926040
v 0.058632 -0.042361 0.107674
vn 0.509223 0.280111 0.813775
v 0.087691 -0.099312 0.111248
vn 0.542837 0.285114 0.789961
v 0.094651 -0.098942 0.106541
vn 0.673466 -0.153967 0.723006
v 0.094216 -0.013719 0.086019
vn -0.035028 0.249123 0.967838
v 0.014989 -0.084998 0.132832
vn 0.186701 0.270228 0.944521
v 0.036042 -0.091919 0.133348
vn 0.107446 0.281782 0.953443
v 0.021263 -0.046288 0.120601
vn -0.044123 0.159892 0.986148
v 0.017418 -0.118927 0.139825
vn 0.803790 0.416865 0.424436
v 0.127629 -0.062270 0.048012
vn 0.833285 0.335869 0.439123
v 0.123070 -0.052945 0.047632
vn 0.699854 -0.001800 0.714284
v 0.096356 -0.030732 0.081547
vn 0.872587 0.259091 0.414082
v 0.143909 -0.122217 0.067472
vn 0.808432 0.311356 0.499495
v 0.144195 -0.138841 0.076941
vn 0.918869 0.287210 0.270537
v 0.145278 -0.107591 0.051879
vn 0.787674 0.380202 0.484785
v 0.128444 -0.087925 0.068885
vn 0.870244 0.317550 0.376613
v 0.142484 -0.110174 0.062747
vn 0.773861 0.422471 0.471866
v 0.108307 -0.061669 0.078377
vn 0.760249 0.425244 0.491111
v 0.117867 -0.063002 0.063298
vn 0.773056 0.130742 0.620718
v 0.112364 0.082085 0.114352
vn 0.768214 -0.180152 0.614324
v 0.141752 0.118726 0.070822
vn 0.459518 0.590471 0.663466
v 0.106640 0.120093 0.100930
vn 0.893176 -0.176889 0.413458
v 0.132252 0.079644 0.080396
vn 0.038634 0.739196 0.672381
v 0.090700 0.240477 0.026612
vn 0.022267 0.771689 0.635610
v 0.096218 0.246877 0.020304
vn 0.008890 0.660015 0.751200
v 0.112651 0.212627 0.051468
vn 0.094782 0.451478 0.887234
v 0.057320 0.188130 0.074837
vn 0.096608 0.503605 0.858515
v 0.134341 0.218369 0.047641
vn 0.625867 0.214973 0.749718
v 0.103581 0.134379 0.093413
vn 0.452723 0.217508 0.864715
v 0.092110 0.159412 0.084341
vn 0.320757 0.483257 0.814603
v 0.089525 0.151141 0.088240
vn 0.084210 0.581233 0.809368
v 0.063782 0.164209 0.094163
vn 0.569121 0.118857 0.813618
v 0.144719 0.155026 0.062533
vn 0.086443 0.462803 0.882236
v 0.047297 0.186084 0.077077
vn 0.049420 0.620639 0.782538
v 0.059962 0.195501 0.070346
vn 0.075113 0.707990 0.702217
v 0.068359 0.199832 0.065442
vn 0.092658 0.455056 0.885629
v 0.043209 0.143126 0.107039
vn 0.148956 0.413689 0.898150
v 0.049813 0.150093 0.102863
vn 0.004442 0.748538 0.663077
v 0.031450 0.165418 0.091295
vn 0.147079 0.516204 0.843742
v 0.053363 0.141527 0.106479
vn 0.470918 0.453113 0.756918
v 0.092294 0.130593 0.103556
vn 0.201239 0.569894 0.796695
v 0.068566 0.142775 0.102417
vn 0.133560 0.631887 0.763466
v 0.068254 0.135196 0.108755
vn 0.565916 -0.015167 0.824323
v 0.137700 0.183647 0.060627
vn 0.257027 0.585988 0.768476
v 0.077169 0.120794 0.118017
vn 0.031080 0.565601 0.824093
v 0.050577 0.113401 0.127492
vn 0.175338 0.588085 0.789565
v 0.080220 0.169851 0.087739
vn 0.821940 -0.023156 0.569103
v 0.145585 0.098022 0.063859
vn 0.897499 -0.118331 0.424845
v 0.127701 0.076697 0.089564
vn 0.877259 -0.066757 0.475352
v 0.123785 0.075964 0.097133
vn 0.345425 -0.618661 0.705649
v 0.083216 0.038047 0.119368
vn 0.443570 -0.352533 0.823994
v 0.078604 0.015045 0.105600
vn 0.405793 -0.579469 0.706787
v 0.084144 0.030518 0.112188
vn 0.373935 -0.480817 0.793087
v 0.077229 0.023777 0.110810
vn 0.166781 -0.255822 0.952229
v 0.068581 0.063364 0.139347
vn 0.235418 -0.262398 0.935802
v 0.049152 0.012934 0.116057
vn 0.856780 -0.444680 0.261129
v 0.122137 0.043259 0.069223
vn 0.844911 -0.455759 0.280015
v 0.121313 0.050278 0.085245
vn 0.650196 -0.502584 0.569784
v 0.098752 0.028619 0.098401
vn 0.449410 0.324185 0.832427
v 0.062728 -0.077455 0.117551
vn 0.451470 0.225577 0.863302
v 0.090987 -0.074781 0.101094
vn 0.489891 0.249320 0.835372
v 0.091757 -0.065899 0.098605
vn 0.834690 -0.453181 0.312921
v 0.115922 0.036247 0.076134
vn 0.783057 -0.523413 0.335948
v 0.113251 0.038683 0.086920
vn 0.204268 0.285147 0.936464
v 0.030178 -0.046553 0.119163
vn 0.481012 -0.040496 0.875778
v 0.069804 -0.021084 0.102148
vn 0.797508 0.278675 0.535089
v 0.105736 -0.052586 0.075905
vn 0.306377 0.269976 0.912823
v 0.039366 -0.044882 0.116148
vn 0.602429 0.254823 0.756402
v 0.106795 -0.079727 0.093363
vn 0.338513 0.254006 0.906030
v 0.051103 -0.105511 0.132836
vn 0.029365 0.305793 0.951645
v 0.018907 -0.069200 0.128181
vn 0.826279 -0.027209 0.562604
v 0.103816 -0.021766 0.073685
vn 0.973586 0.088400 0.210515
v 0.117759 -0.019704 0.040105
vn 0.948289 0.014427 0.317079
v 0.114572 -0.015709 0.050604
vn 0.876539 0.282468 0.389733
v 0.147017 -0.133896 0.068284
vn 0.598197 0.037076 0.800491
v 0.116227 0.142574 0.082745
vn 0.666562 0.170373 0.725719
v 0.146839 0.128142 0.067573
vn 0.847927 -0.122099 0.515860
v 0.136907 0.089041 0.075933
vn 0.031274 0.536080 0.843588
v 0.096406 0.218366 0.045696
vn 0.231830 0.419702 0.877557
v 0.075228 0.184615 0.072519
vn 0.184403 0.423751 0.886809
v 0.095349 0.188644 0.065814
vn 0.623676 0.349009 0.699444
v 0.102549 0.099531 0.118474
vn 0.498127 0.400589 0.769024
v 0.093988 0.098807 0.125556
vn 0.568687 0.413668 0.710967
v 0.100156 0.128002 0.098415
vn 0.207572 0.726213 0.655385
v 0.106309 0.150151 0.083561
vn 0.417822 0.178219 0.890878
v 0.084448 0.163819 0.087756
vn 0.192567 0.645358 0.739210
v 0.077105 0.137741 0.104883
vn 0.498134 0.327410 0.802910
v 0.136675 0.135918 0.067265
vn 0.102487 0.298467 0.948901
v 0.065196 0.090145 0.139012
vn 0.290351 0.621627 0.727514
v 0.097463 0.150507 0.085948
vn 0.428954 0.394750 0.812509
v 0.101815 0.156206 0.078574
vn 0.177393 0.693296 0.698479
v 0.119751 0.154742 0.075129
vn 0.895554 -0.203666 0.395606
v 0.124420 0.066455 0.093130
vn 0.756843 -0.642087 0.122119
v 0.161843 0.097352 0.024849
vn 0.674778 -0.176082 0.716708
v 0.105603 0.065888 0.122034
vn 0.888036 -0.341806 0.307507
v 0.125391 0.058356 0.084457
vn 0.367281 -0.351921 0.860962
v 0.070662 0.016408 0.110069
vn 0.650312 -0.548791 0.525284
v 0.105771 0.042921 0.106288
vn 0.374052 0.195032 0.906668
v 0.073554 -0.053975 0.104322
vn 0.387359 0.140632 0.911140
v 0.070170 -0.041951 0.103651
vn 0.478623 -0.257666 0.839362
v 0.079111 0.005444 0.102019
vn 0.400650 0.332251 0.853867
v 0.050180 -0.060941 0.117456
vn 0.143419 0.322624 0.935598
v 0.029505 -0.072219 0.128374
vn 0.857463 0.401078 0.322325
v 0.133949 -0.070821 0.043920
vn 0.917568 0.352916 0.183081
v 0.138850 -0.078884 0.038598
vn 0.795134 0.423621 0.433943
v 0.130824 -0.073079 0.052904
vn 0.475981 0.532811 0.699682
v 0.133727 0.128382 0.076460
vn 0.547982 0.295628 0.782509
v 0.127013 0.135501 0.074174
vn 0.350624 0.508393 0.786511
v 0.114547 0.149013 0.082926
vn 0.506741 0.025961 0.861708
v 0.108179 0.164008 0.074649
vn 0.230903 0.587931 0.775256
v 0.076910 0.129793 0.111552
vn 0.434208 0.582137 0.687445
v 0.093534 0.116591 0.113038
vn 0.284640 0.371446 0.883747
v 0.068100 0.152722 0.096988
vn 0.316373 0.281981 0.905756
v 0.075377 0.161267 0.092322
vn 0.857711 0.024486 0.513550
v 0.125201 0.082841 0.095286
vn 0.686810 -0.333660 0.645727
v 0.096505 0.017983 0.094109
vn 0.423066 -0.271195 0.864563
v 0.072212 0.008336 0.106453
vn 0.461484 0.287531 0.839261
v 0.067827 -0.095660 0.121546
vn 0.198146 0.633952 0.747558
v 0.096031 0.176045 0.078280
vn 0.466386 0.353988 0.810665
v 0.109630 0.144913 0.087815
vn 0.405181 -0.121824 0.906084
v 0.064052 -0.011816 0.106033
vn 0.562933 -0.245769 0.789116
v 0.086817 0.001832 0.096076
vn 0.549516 -0.317422 0.772836
v 0.087549 0.013170 0.099557
vn 0.804991 -0.240764 0.542238
v 0.102015 0.012800 0.084585
vn 0.511700 0.486758 0.707976
v 0.107818 0.127324 0.092814
vn 0.465936 0.565673 0.680381
v 0.116094 0.127203 0.087158
vn 0.553680 0.325742 0.766375
v 0.118852 0.133200 0.080703
vn 0.078298 0.984609 -0.156250
v 0.117038 0.257276 -0.011902
vn 0.018499 0.817509 0.575619
v 0.136502 0.247959 0.019731
vn 0.157974 0.807207 0.568736
v 0.145014 0.245345 0.022036
vn -0.041203 0.706726 0.706286
v 0.102170 0.211105 0.051736
vn 0.383402 0.305762 0.871500
v 0.128150 0.165364 0.062702
vn 0.437007 0.101819 0.893677
v 0.099114 0.166632 0.079889
vn 0.190454 0.163271 0.968024
v 0.073398 0.083731 0.139422
vn 0.288951 0.061160 0.955388
v 0.080351 0.078696 0.138291
vn 0.261998 -0.277965 0.924171
v 0.077458 0.062508 0.137019
vn 0.317683 -0.577860 0.751768
v 0.082014 0.045562 0.126373
vn 0.910496 -0.141490 0.388560
v 0.110690 0.005156 0.064880
vn 0.521438 0.281065 0.805671
v 0.090657 -0.091165 0.106333
vn 0.554816 0.219682 0.802446
v 0.106443 -0.096387 0.097367
vn 0.477958 0.304074 0.824072
v 0.078093 -0.083002 0.111169
vn 0.334442 0.068687 0.939910
v 0.055807 -0.156775 0.140351
vn 0.761286 -0.217609 0.610811
v 0.153432 0.123299 0.058379
vn 0.835649 -0.164878 0.523934
v 0.156245 0.102087 0.050500
vn 0.454918 0.761452 0.461779
v 0.056128 0.264588 0.003468
vn 0.240474 0.905602 0.349368
v 0.071687 0.257192 0.002588
vn 0.001099 0.866954 0.498388
v 0.091929 0.251526 0.012990
vn 0.234537 0.269485 0.934008
v 0.131515 0.209031 0.051329
vn 0.003213 0.687876 0.725821
v 0.090516 0.210019 0.052318
vn 0.910410 0.400349 0.104286
v 0.130101 -0.054551 0.030253
vn 0.868136 0.381738 0.317200
v 0.127058 -0.053253 0.040063
vn 0.441735 0.231292 0.866818
v 0.084186 -0.069663 0.103242
vn 0.486065 0.274610 0.829657
v 0.085489 -0.081094 0.106020
vn 0.747133 0.283668 0.601103
v 0.099570 -0.048254 0.082168
vn -0.032575 0.979117 0.200672
v 0.094875 0.259612 -0.002477
vn 0.216504 0.974173 -0.064128
v 0.147418 0.255561 -0.007587
vn 0.053127 0.994542 0.089797
v 0.131107 0.259798 -0.000495
vn -0.009041 0.884176 0.467066
v 0.127139 0.256555 0.006500
vn -0.011037 0.777813 0.628399
v 0.134860 0.242159 0.026905
vn 0.048255 0.601192 0.797646
v 0.091314 0.227780 0.041292
vn 0.254289 0.511768 0.820628
v 0.136269 0.194486 0.057747
vn 0.053592 0.700572 0.711567
v 0.079794 0.201352 0.063087
vn -0.040968 0.469588 0.881934
v 0.014093 0.144346 0.107181
vn 0.240186 0.645826 0.724720
v 0.127253 0.158310 0.069457
vn 0.326909 0.511507 0.794664
v 0.147165 0.167920 0.054988
vn 0.323794 0.515651 0.793260
v 0.140946 0.164834 0.059655
vn 0.269381 0.587185 0.763314
v 0.076663 0.145059 0.097923
vn 0.812268 -0.181373 0.554368
v 0.162972 0.116123 0.040735
vn 0.922657 -0.277327 0.267945
v 0.120177 0.022419 0.048522
vn 0.619936 0.266644 0.737957
v 0.100296 0.090466 0.124463
vn 0.284406 -0.483707 0.827732
v 0.068921 0.025375 0.114967
vn 0.803476 0.343470 0.486265
v 0.111540 -0.058086 0.069490
vn 0.773598 0.030608 0.632937
v 0.102612 -0.031629 0.075012
vn 0.213055 0.243473 0.946218
v 0.039629 -0.102415 0.135473
vn 0.416779 0.168615 0.893233
v 0.061562 -0.132574 0.134979
vn 0.385339 0.101240 0.917205
v 0.060471 -0.147937 0.137793
vn 0.973539 -0.022252 0.227437
v 0.116637 -0.008858 0.043694
vn 0.668869 -0.032598 0.742666
v 0.152199 0.153619 0.055226
vn 0.804942 -0.510870 0.301794
v 0.157837 0.096823 0.041593
vn 0.030819 0.929032 0.368714
v 0.079689 0.255764 0.003748
vn 0.057187 0.998356 0.003884
v 0.093566 0.259455 -0.010921
vn 0.103523 0.511770 0.852862
v 0.054814 0.178240 0.079494
vn 0.037986 0.812929 0.581123
v 0.085766 0.175569 0.078817
vn 0.004547 0.762376 0.647118
v 0.060494 0.169871 0.086230
vn 0.853571 -0.370529 0.366230
v 0.120861 0.055210 0.093326
vn 0.616249 0.292246 0.731320
v 0.088814 -0.049674 0.095366
vn 0.617146 0.226287 0.753608
v 0.118288 -0.107195 0.091754
vn 0.991307 -0.009060 0.131257
v 0.118343 -0.009919 0.033551
vn 0.487234 0.227522 0.843111
v 0.094622 -0.083391 0.101399
vn 0.867973 -0.111990 0.483819
v 0.104744 -0.005022 0.074052
vn 0.486410 0.275083 0.829297
v 0.091672 0.089251 0.131112
vn 0.558428 0.425473 0.712131
v 0.123419 0.120540 0.090121
vn 0.557173 0.242420 0.794223
v 0.151206 0.161879 0.056816
vn 0.464004 0.386284 0.797173
v 0.098032 0.137121 0.097810
vn 0.565762 -0.207969 0.797911
v 0.139848 0.177067 0.056845
vn 0.472753 0.158070 0.866902
v 0.136536 0.170263 0.057356
vn 0.507493 0.333387 0.794546
v 0.147758 0.138640 0.059012
vn 0.121596 0.447120 0.886171
v 0.067244 0.099626 0.134763
vn 0.739954 0.001084 0.672656
v 0.109238 0.073290 0.119242
vn 0.824711 -0.034682 0.564490
v 0.115452 0.072663 0.111266
vn 0.591608 0.121377 0.797037
v 0.097554 0.080880 0.129398
vn 0.559698 -0.599967 0.571645
v 0.098621 0.036193 0.106689
vn 0.890476 0.299386 0.342668
v 0.122371 -0.044570 0.043372
vn 0.933954 0.262536 0.242497
v 0.121181 -0.036491 0.038682
vn 0.216167 0.667113 0.712904
v 0.093047 0.145109 0.092761
vn 0.629918 0.248723 0.735758
v 0.141130 0.126060 0.073209
vn 0.473224 0.502784 0.723372
v 0.095849 0.108558 0.118365
vn 0.458604 0.326328 0.826554
v 0.120417 0.149535 0.079830
vn 0.486984 0.554773 0.674592
v 0.101390 0.114361 0.110022
vn 0.694971 0.137053 0.705855
v 0.105307 0.081764 0.122221
vn 0.378215 0.230608 0.896534
v 0.063551 -0.052298 0.107808
vn 0.670949 0.206841 0.712070
v 0.132355 0.121111 0.082380
vn 0.705745 0.033418 0.707678
v 0.137791 0.121681 0.076823
vn 0.779341 -0.014548 0.626431
v 0.129490 0.109640 0.083879
vn 0.382498 0.485821 0.785922
v 0.103191 0.143952 0.091831
vn 0.762598 0.176108 0.622439
v 0.116160 0.104643 0.100951
vn 0.118335 0.873975 0.471343
v 0.137203 0.255207 0.007054
vn 0.152210 0.863039 0.481660
v 0.142308 0.250767 0.014454
vn 0.771639 -0.118250 0.624972
v 0.135836 0.113558 0.076157
vn 0.198854 -0.069098 0.977590
v 0.072879 0.072414 0.139971
vn -0.038122 0.902169 0.429695
v 0.088801 0.255566 0.004895
vn 0.619466 0.379887 0.686985
v 0.109842 0.110630 0.106152
vn 0.252031 0.104655 0.962044
v 0.049113 -0.146916 0.141600
vn 0.342653 -0.120060 0.931759
v 0.083765 0.070794 0.137014
vn 0.515793 -0.098616 0.851018
v 0.093607 0.071034 0.132369
vn 0.440501 0.095930 0.892612
v 0.088609 0.079696 0.134959
vn 0.514851 0.250073 0.819995
v 0.099274 -0.074518 0.096880
vn 0.599518 0.396577 0.695201
v 0.104381 0.106876 0.113069
vn 0.779196 0.223518 0.585571
v 0.113837 0.090285 0.109950
vn 0.599517 0.364283 0.712655
v 0.116579 0.115938 0.098198
vn 0.278131 0.882843 0.378458
v 0.148324 0.252686 0.007140
vn 0.553158 0.228415 0.801151
v 0.111840 -0.132419 0.105188
vn 0.127088 0.096862 0.987151
v 0.039959 -0.150383 0.143688
vn 0.133567 0.543814 0.828509
v 0.064923 0.224502 0.045533
vn 0.089975 0.606858 0.789701
v 0.071502 0.228945 0.042031
vn 0.084003 0.555410 0.827323
v 0.124578 0.193931 0.058469
vn 0.438132 -0.471521 0.765316
v 0.090052 0.052628 0.127551
vn 0.508492 0.255421 0.822312
v 0.134945 0.154366 0.069478
vn -0.004671 -0.259974 0.965604
v 0.042921 0.064288 0.141159
vn 0.071498 0.705141 0.705454
v 0.074642 0.176313 0.078694
vn 0.127141 0.610493 0.781750
v 0.065859 0.126539 0.116346
vn 0.791478 -0.584279 0.179389
v 0.156543 0.093063 0.032486
vn 0.605859 0.173547 0.776412
v 0.110299 0.136145 0.087549
vn 0.778020 -0.111577 0.618252
v 0.159854 0.129848 0.053015
vn 0.264541 0.443246 0.856476
v 0.144710 0.220231 0.045047
vn -0.000898 0.731939 0.681369
v 0.052975 0.164789 0.092867
vn 0.665633 0.218866 0.713464
v 0.158022 0.138293 0.053706
vn 0.422996 0.244090 0.872636
v 0.141796 0.171159 0.054260
vn 0.686943 0.713970 0.135485
v 0.061041 0.276642 -0.029865
vn 0.600189 0.796131 0.077129
v 0.066743 0.272287 -0.032622
vn 0.342483 0.939218 0.023974
v 0.080461 0.264869 -0.035132
vn 0.510092 0.856876 -0.074626
v 0.071374 0.268869 -0.040498
vn 0.254037 0.961694 -0.103008
v 0.088012 0.262136 -0.041881
vn 0.308079 0.923391 -0.228991
v 0.083657 0.261588 -0.052836
vn 0.224860 0.971757 0.071594
v 0.090251 0.262159 -0.031120
vn 0.741256 0.599192 -0.302503
v 0.051441 0.285636 -0.047552
vn 0.178350 0.982166 0.059517
v 0.101449 0.259300 -0.027571
vn 0.315583 0.326957 -0.890790
v 0.158162 0.206276 -0.079124
vn 0.004216 0.282663 -0.959210
v 0.001755 0.211991 -0.100816
vn 0.309648 0.109815 -0.944489
v 0.166027 0.189718 -0.080634
vn -0.016937 0.289633 -0.956988
v 0.016853 0.218174 -0.099108
vn 0.012646 0.200517 -0.979609
v 0.006062 0.193899 -0.105560
vn 0.391565 -0.172989 -0.903743
v 0.166233 0.162047 -0.079122
vn 0.019193 0.052286 -0.998448
v 0.008478 0.154956 -0.109693
vn 0.012057 0.070946 -0.997407
v 0.025763 0.163361 -0.108852
vn 0.441760 -0.253683 -0.860519
v 0.168736 0.154674 -0.076211
vn 0.217707 0.187431 -0.957848
v 0.120449 0.197624 -0.091766
vn 0.370807 -0.636868 -0.675945
v 0.187348 0.142973 -0.059511
vn 0.022491 -0.018642 -0.999573
v 0.009262 0.130717 -0.110197
vn 0.539030 -0.616170 -0.574265
v 0.178110 0.134877 -0.058273
vn 0.618805 -0.711273 -0.333424
v 0.176479 0.123460 -0.042927
vn 0.584682 -0.684238 -0.435850
v 0.178057 0.128946 -0.050381
vn 0.498510 -0.339017 -0.797844
v 0.170859 0.147350 -0.072447
vn 0.029224 -0.199271 -0.979509
v -0.004455 0.098208 -0.106578
vn 0.028067 -0.204938 -0.978373
v 0.007903 0.097983 -0.106195
vn 0.867398 -0.486280 0.105605
v 0.152273 0.081128 0.018785
vn 0.861582 -0.506118 0.039004
v 0.155245 0.084782 0.008789
vn 0.030879 -0.206161 -0.978031
v -0.004933 0.073107 -0.101046
vn 0.802904 -0.574214 -0.160075
v 0.162082 0.098588 -0.017800
vn 0.882676 -0.469582 0.019396
v 0.145242 0.066756 0.007349
vn 0.830430 -0.556648 0.022994
v 0.160659 0.093735 0.007474
vn 0.633727 -0.741430 -0.220617
v 0.177460 0.118521 -0.026449
vn 0.671545 -0.716015 -0.190657
v 0.173887 0.113247 -0.018313
vn 0.640915 -0.750781 -0.159863
v 0.177297 0.113288 -0.009056
vn 0.685913 -0.720639 -0.101010
v 0.172134 0.107710 -0.002115
vn 0.645099 -0.761761 -0.059726
v 0.188415 0.124868 -0.014920
vn 0.890574 -0.451905 0.051565
v 0.141637 0.060357 0.012325
vn 0.884584 -0.454036 0.106595
v 0.142060 0.063020 0.022518
vn 0.905529 -0.423147 0.031038
v 0.137010 0.050484 0.009370
vn 0.916367 -0.395803 0.060104
v 0.133401 0.043466 0.017039
vn 0.901995 -0.422844 0.087225
v 0.137576 0.053209 0.019313
vn 0.093275 -0.085797 -0.991937
v 0.055676 0.123887 -0.108433
vn 0.266266 -0.334129 -0.904135
v 0.078386 0.085771 -0.094693
vn 0.496541 -0.348864 -0.794822
v 0.114632 0.084737 -0.078191
vn 0.053741 -0.136165 -0.989227
v 0.006404 0.045255 -0.095610
vn 0.937570 -0.347484 -0.014745
v 0.127714 0.028905 0.009983
vn 0.930212 -0.365173 0.036796
v 0.129877 0.034913 0.016057
vn 0.959540 -0.281436 -0.008728
v 0.124274 0.018454 0.012666
vn 0.031598 -0.037110 -0.998811
v -0.007476 0.025202 -0.094661
vn 0.065047 -0.026926 -0.997519
v 0.002348 0.018352 -0.093944
vn 0.056131 -0.176460 -0.982706
v 0.013024 0.053248 -0.096523
vn 0.534982 -0.152245 -0.831033
v 0.081214 0.010810 -0.074274
vn 0.053513 -0.027657 -0.998184
v -0.001630 -0.003044 -0.093717
vn 0.991054 -0.132236 -0.018046
v 0.119924 -0.001798 0.015345
vn 0.981163 0.088018 -0.171963
v 0.117199 -0.024201 -0.000587
vn 0.987700 0.083322 -0.132311
v 0.118447 -0.021728 0.008477
vn 0.969751 0.222713 -0.099913
v 0.120712 -0.029988 0.014878
vn 0.995943 -0.059240 -0.067733
v 0.118784 -0.010785 0.011874
vn 0.481468 0.020265 -0.876230
v 0.068189 -0.030541 -0.077205
vn 0.954161 0.237661 -0.181919
v 0.119841 -0.032637 0.005394
vn 0.074046 0.058850 -0.995517
v 0.009520 -0.028358 -0.092695
vn 0.003962 0.080416 -0.996754
v -0.008789 -0.032143 -0.093867
vn 0.924910 0.379256 -0.026591
v 0.127173 -0.047604 0.021320
vn 0.495735 -0.117518 -0.860486
v 0.072447 -0.004963 -0.076943
vn 0.299629 0.068990 -0.951558
v 0.046657 -0.031916 -0.086499
vn 0.275378 -0.022233 -0.961079
v 0.046050 -0.019939 -0.086597
vn 0.382445 0.109058 -0.917520
v 0.055011 -0.036340 -0.083834
vn 0.542267 0.257225 -0.799864
v 0.109371 -0.159944 -0.083425
vn 0.230976 0.186510 -0.954916
v 0.072402 -0.165654 -0.101059
vn 0.179088 0.178471 -0.967510
v 0.063596 -0.166913 -0.103140
vn 0.366257 0.167330 -0.915345
v 0.087762 -0.134200 -0.090619
vn 0.515190 0.130057 -0.847151
v 0.097808 -0.129904 -0.084820
vn 0.464110 0.223745 -0.857053
v 0.099560 -0.161561 -0.089788
vn 0.375648 0.209772 -0.902709
v 0.088854 -0.163225 -0.095310
vn 0.902413 0.392838 -0.177001
v 0.134047 -0.068260 0.003841
vn 0.574515 0.295921 -0.763127
v 0.115621 -0.158809 -0.078534
vn 0.593401 0.233584 -0.770268
v 0.110523 -0.148763 -0.078786
vn 0.623740 0.290671 -0.725575
v 0.121604 -0.157654 -0.073225
vn 0.914190 0.388354 -0.115923
v 0.132892 -0.062943 0.011614
vn 0.939679 0.333516 -0.075958
v 0.140748 -0.083000 0.011466
vn 0.714821 0.229031 -0.660739
v 0.119268 -0.132341 -0.065375
vn 0.709405 0.301414 -0.637097
v 0.132619 -0.155427 -0.061485
vn 0.960129 0.273019 -0.060109
v 0.147564 -0.105206 0.007099
vn 0.968831 0.247452 -0.011618
v 0.149865 -0.113331 0.013758
vn 0.794740 0.290032 -0.533170
v 0.139486 -0.146852 -0.048250
vn 0.752182 0.308111 -0.582486
v 0.137565 -0.154393 -0.055058
vn 0.838787 0.254913 -0.481099
v 0.138940 -0.119510 -0.035516
vn 0.893452 0.236301 -0.381975
v 0.142731 -0.119419 -0.027982
vn 0.835662 0.307990 -0.454765
v 0.146098 -0.152472 -0.040775
vn 0.882965 0.272144 -0.382506
v 0.147621 -0.142388 -0.030418
vn 0.873930 0.293975 -0.387072
v 0.149849 -0.151500 -0.032251
vn 0.910454 0.258045 -0.323243
v 0.149255 -0.137908 -0.022855
vn 0.949188 0.240235 -0.203296
v 0.152245 -0.132199 -0.007089
vn 0.969363 0.240377 -0.050541
v 0.152206 -0.123117 0.009022
vn 0.903681 0.287666 -0.317189
v 0.153316 -0.150489 -0.022554
vn 0.927996 0.273629 -0.252883
v 0.152716 -0.140527 -0.014231
vn 0.941613 0.288709 -0.173241
v 0.155557 -0.141889 -0.003431
vn 0.920986 0.305055 -0.242334
v 0.156095 -0.149583 -0.012692
vn 0.953584 0.288289 -0.086992
v 0.156690 -0.140339 0.008091
vn 0.941127 0.317999 -0.114705
v 0.158951 -0.148322 0.004334
vn 0.949023 0.310457 -0.054510
v 0.159553 -0.147797 0.014609
vn 0.952694 0.303442 -0.017247
v 0.157071 -0.139710 0.018410
vn -0.028363 0.213154 -0.976607
v 0.000388 -0.071846 -0.102167
vn -0.024254 0.176408 -0.984018
v 0.005614 -0.082207 -0.104374
vn -0.086406 0.155498 -0.984050
v -0.004688 -0.082172 -0.103791
vn 0.160565 0.162415 -0.973571
v 0.055021 -0.159128 -0.103166
vn 0.242221 0.237138 -0.940795
v 0.040068 -0.048249 -0.091195
vn 0.239454 0.287633 -0.927323
v 0.041472 -0.066984 -0.096696
vn -0.067942 0.143631 -0.987296
v 0.001246 -0.091166 -0.105550
vn 0.298965 0.197758 -0.933548
v 0.080936 -0.164413 -0.098437
vn 0.377130 -0.093931 -0.921385
v 0.036647 -0.119226 -0.105110
vn 0.159967 0.105463 -0.981472
v 0.041788 -0.146410 -0.103521
vn -0.092420 0.153077 -0.983883
v 0.002580 -0.109141 -0.108249
vn 0.110355 0.165656 -0.979990
v 0.028289 -0.170783 -0.108674
vn 0.119341 0.163860 -0.979238
v 0.035647 -0.170220 -0.107707
vn -0.051243 0.021005 -0.998465
v -0.001067 -0.126931 -0.110098
vn 0.093498 0.174336 -0.980237
v 0.016712 -0.171377 -0.110030
vn 0.076312 0.052549 -0.995698
v 0.004587 -0.153823 -0.108359
vn 0.073374 0.186822 -0.979650
v 0.005008 -0.171709 -0.111163
vn 0.046064 0.185177 -0.981625
v -0.002817 -0.171767 -0.111667
vn 0.642182 0.563042 -0.520178
v 0.045743 0.287285 -0.055486
vn 0.567319 0.525748 -0.633828
v 0.040039 0.288342 -0.060537
vn -0.001400 0.365216 -0.930922
v 0.001544 0.258910 -0.085557
vn 0.414270 0.490198 -0.766868
v 0.032946 0.289170 -0.065008
vn -0.002937 0.396531 -0.918017
v 0.001285 0.268003 -0.081740
vn 0.294477 0.433874 -0.851491
v 0.024839 0.289635 -0.068519
vn 0.161506 0.422091 -0.892051
v 0.016911 0.282071 -0.074286
vn 0.201149 0.401427 -0.893530
v 0.016324 0.289765 -0.070962
vn -0.034280 0.374166 -0.926728
v 0.000111 0.289461 -0.072506
vn 0.342985 0.583201 -0.736368
v 0.155851 0.227739 -0.068531
vn 0.149546 0.988730 0.007039
v 0.112433 0.257508 -0.028358
vn 0.286221 0.777000 -0.560668
v 0.162828 0.237547 -0.054419
vn 0.356407 0.692397 -0.627344
v 0.154527 0.234978 -0.062324
vn 0.119866 0.992770 -0.006239
v 0.117258 0.256481 -0.021587
vn 0.221306 0.933372 -0.282560
v 0.143273 0.250671 -0.042436
vn 0.108610 0.991180 -0.075939
v 0.131587 0.254897 -0.027760
vn 0.338558 0.790538 -0.510321
v 0.151586 0.241651 -0.055401
vn 0.234242 0.936024 -0.262658
v 0.157774 0.249895 -0.031454
vn 0.304065 0.420755 -0.854698
v 0.161234 0.214783 -0.074211
vn 0.207155 0.489880 -0.846820
v 0.102611 0.231050 -0.084813
vn 0.268025 0.332187 -0.904331
v 0.141661 0.210085 -0.083120
vn 0.331062 -0.021376 -0.943367
v 0.162945 0.177847 -0.082119
vn 0.014278 0.128810 -0.991567
v 0.003235 0.182730 -0.107436
vn 0.238448 0.550938 -0.799756
v 0.075360 0.242549 -0.084424
vn 0.020028 -0.023939 -0.999513
v 0.037397 0.131423 -0.109759
vn 0.016001 0.023321 -0.999600
v -0.002585 0.141985 -0.110334
vn 0.022202 0.033493 -0.999192
v 0.041144 0.148566 -0.109484
vn 0.381882 -0.158438 -0.910529
v 0.150010 0.153681 -0.084352
vn 0.343382 -0.097972 -0.934072
v 0.151580 0.163516 -0.085122
vn 0.507246 -0.779938 -0.366604
v 0.184672 0.129830 -0.042690
vn 0.092143 -0.262935 -0.960404
v 0.046519 0.091816 -0.103071
vn 0.753400 -0.656901 -0.029487
v 0.166151 0.101360 0.003642
vn 0.448042 -0.314206 -0.836978
v 0.101304 0.066893 -0.078884
vn 0.608444 -0.471353 -0.638453
v 0.147470 0.112490 -0.068255
vn 0.031709 -0.132316 -0.990700
v -0.005637 0.046350 -0.096250
vn 0.888507 -0.448603 -0.096489
v 0.136152 0.049905 -0.007915
vn 0.968005 -0.234952 -0.088118
v 0.122154 0.011837 0.004308
vn 0.958088 -0.196089 -0.208846
v 0.119684 0.006285 -0.004605
vn 0.530281 -0.226230 -0.817082
v 0.090086 0.030533 -0.072642
vn 0.432514 -0.167384 -0.885954
v 0.080703 0.029180 -0.077649
vn 0.910396 0.385682 -0.149764
v 0.128022 -0.052051 0.009905
vn 0.900459 -0.262998 -0.346420
v 0.112323 0.004007 -0.023812
vn 0.995444 0.078335 -0.054367
v 0.119322 -0.019535 0.018017
vn 0.219852 0.040064 -0.974710
v 0.037461 -0.027506 -0.088668
vn 0.665621 0.296904 -0.684687
v 0.127274 -0.156518 -0.067547
vn 0.934234 0.200138 -0.295215
v 0.115724 -0.035487 -0.014882
vn 0.806076 0.258068 -0.532580
v 0.137229 -0.126393 -0.042032
vn 0.754411 0.273759 -0.596590
v 0.134126 -0.139898 -0.052195
vn 0.743430 0.271116 -0.611399
v 0.131930 -0.131286 -0.051144
vn 0.929902 0.321349 -0.178935
v 0.157915 -0.148879 -0.003730
vn 0.395746 0.401241 -0.826070
v 0.088739 -0.080119 -0.068415
vn 0.145558 0.168077 -0.974968
v 0.052314 -0.168420 -0.105213
vn 0.404599 0.372199 -0.835325
v 0.099543 -0.100058 -0.075675
vn 0.225154 0.425124 -0.876685
v 0.091235 -0.099505 -0.077822
vn -0.056740 0.159982 -0.985488
v 0.007535 -0.099950 -0.107265
vn 0.522325 0.187387 -0.831903
v 0.064086 -0.056234 -0.083755
vn 0.538642 0.146476 -0.829704
v 0.068741 -0.047698 -0.079048
vn 0.029193 0.358132 -0.933215
v 0.045241 0.231459 -0.095235
vn -0.013792 0.323042 -0.946284
v 0.036106 0.227429 -0.096720
vn 0.303345 0.864238 -0.401341
v 0.148299 0.246956 -0.048619
vn 0.247581 0.896878 -0.366488
v 0.132196 0.249362 -0.054827
vn 0.226823 0.629114 -0.743483
v 0.098165 0.240747 -0.078895
vn 0.315360 0.492216 -0.811339
v 0.148885 0.223972 -0.073958
vn 0.252029 0.552098 -0.794776
v 0.120777 0.233321 -0.078285
vn 0.281399 -0.147194 -0.948234
v 0.092841 0.122661 -0.101440
vn 0.081900 0.334772 -0.938733
v 0.054038 0.226117 -0.096808
vn 0.467038 -0.320181 -0.824232
v 0.128848 0.118019 -0.084440
vn 0.364189 -0.120305 -0.923522
v 0.128349 0.145090 -0.091757
vn 0.289691 0.001841 -0.957119
v 0.125907 0.162643 -0.093529
vn 0.341767 -0.127419 -0.931107
v 0.113524 0.135434 -0.096320
vn 0.862373 -0.454386 -0.223263
v 0.149274 0.083273 -0.031373
vn 0.688497 -0.413145 -0.596057
v 0.112983 0.043170 -0.058301
vn 0.837914 -0.467363 -0.281909
v 0.125020 0.039131 -0.031556
vn 0.367487 -0.075347 -0.926972
v 0.066515 0.011797 -0.081726
vn 0.967634 -0.131869 -0.215161
v 0.117609 -0.005258 -0.005342
vn 0.912593 -0.341535 -0.224784
v 0.121721 0.020901 -0.012227
vn 0.884857 -0.015425 -0.465607
v 0.109779 -0.015334 -0.022804
vn 0.190259 -0.032655 -0.981191
v 0.037991 -0.001056 -0.089212
vn 0.088800 -0.188826 -0.977987
v 0.023460 0.051846 -0.095553
vn 0.977594 -0.027599 -0.208681
v 0.116060 -0.016242 -0.006715
vn 0.891841 0.405021 -0.201439
v 0.130210 -0.059934 0.003994
vn 0.527267 -0.051579 -0.848133
v 0.072539 -0.022438 -0.074811
vn 0.573019 0.099537 -0.813475
v 0.066837 -0.094376 -0.086073
vn 0.440663 0.263861 -0.858017
v 0.075906 -0.095490 -0.080763
vn 0.424172 0.260851 -0.867200
v 0.070892 -0.102704 -0.085325
vn 0.726659 0.263476 -0.634466
v 0.124286 -0.126669 -0.057663
vn 0.671291 0.372904 -0.640555
v 0.105265 -0.047673 -0.040186
vn 0.738769 0.343193 -0.580034
v 0.130313 -0.105802 -0.040228
vn 0.739949 0.314214 -0.594765
v 0.126180 -0.111253 -0.048100
vn 0.954439 0.232468 -0.187096
v 0.149043 -0.116366 -0.004387
vn 0.932926 0.250754 -0.258402
v 0.146028 -0.111874 -0.012362
vn 0.499420 0.076571 -0.862970
v 0.055845 -0.108368 -0.095050
vn 0.363342 0.212612 -0.907071
v 0.063111 -0.116310 -0.093058
vn 0.247512 0.249384 -0.936240
v 0.079404 -0.127908 -0.091722
vn 0.577188 0.153341 -0.802085
v 0.061936 -0.071446 -0.088587
vn 0.541171 0.101390 -0.834778
v 0.055299 -0.083154 -0.095325
vn 0.132288 0.189727 -0.972884
v 0.021879 -0.041566 -0.093078
vn 0.126292 -0.138843 -0.982229
v 0.013021 -0.136029 -0.108978
vn 0.150444 -0.050198 -0.987343
v 0.019783 -0.143868 -0.106818
vn 0.093210 -0.069827 -0.993195
v 0.008855 -0.144876 -0.108198
vn 0.256830 0.395962 -0.881619
v 0.119511 0.223179 -0.084190
vn 0.371741 0.672977 -0.639461
v 0.058214 0.260283 -0.075929
vn 0.160656 0.467093 -0.869491
v 0.056328 0.243995 -0.088782
vn 0.112435 0.471830 -0.874491
v 0.048185 0.249198 -0.087195
vn 0.299600 0.592757 -0.747582
v 0.041196 0.271960 -0.073323
vn 0.139699 0.989653 -0.032720
v 0.121771 0.256299 -0.028644
vn 0.210340 0.850434 -0.482202
v 0.122579 0.248532 -0.061381
vn 0.223362 0.961017 -0.162962
v 0.105830 0.257626 -0.046353
vn 0.169908 0.980971 -0.093953
v 0.116803 0.256517 -0.035591
vn 0.168319 0.974297 -0.149713
v 0.125883 0.254491 -0.038317
vn 0.243632 0.685454 -0.686146
v 0.127313 0.240281 -0.070658
vn 0.735047 0.673927 -0.074352
v 0.055818 0.283039 -0.036830
vn 0.240401 0.908290 -0.342370
v 0.091557 0.257499 -0.058527
vn 0.196961 0.241788 -0.950129
v 0.087924 0.210135 -0.095931
vn 0.270023 0.038259 -0.962093
v 0.136597 0.176907 -0.090204
vn 0.244730 0.336302 -0.909400
v 0.126281 0.214966 -0.085576
vn 0.172139 0.543772 -0.821389
v 0.040718 0.263308 -0.079693
vn 0.217467 0.007089 -0.976042
v 0.091764 0.144650 -0.103011
vn 0.168538 0.065408 -0.983523
v 0.074420 0.155754 -0.105906
vn 0.155749 0.381802 -0.911027
v 0.063602 0.229717 -0.094123
vn 0.129459 0.305026 -0.943504
v 0.062528 0.220608 -0.097670
vn 0.409144 -0.222067 -0.885035
v 0.146252 0.144668 -0.084166
vn 0.802885 -0.551011 -0.227512
v 0.158166 0.096223 -0.026760
vn 0.501165 -0.368589 -0.782928
v 0.137072 0.118086 -0.079494
vn 0.553215 -0.409326 -0.725538
v 0.133584 0.103888 -0.074553
vn 0.411851 -0.314954 -0.855093
v 0.108558 0.108019 -0.091288
vn 0.487385 -0.345052 -0.802119
v 0.143286 0.127339 -0.079817
vn 0.405892 -0.221691 -0.886626
v 0.118127 0.127213 -0.092831
vn 0.619168 -0.450317 -0.643308
v 0.141395 0.104032 -0.068042
vn 0.449476 -0.341656 -0.825374
v 0.109673 0.089503 -0.083094
vn 0.881968 -0.469246 -0.044052
v 0.146755 0.069861 -0.000291
vn 0.869098 -0.413292 -0.271767
v 0.121034 0.028895 -0.027284
vn 0.861247 -0.378906 -0.338650
v 0.116552 0.026048 -0.036454
vn 0.899934 -0.176478 -0.398715
v 0.099656 -0.016804 -0.041813
vn 0.941046 -0.280122 -0.189640
v 0.122013 0.016801 -0.004882
vn 0.872759 -0.342436 -0.347892
v 0.112335 0.017168 -0.038158
vn 0.323953 -0.072881 -0.943262
v 0.055946 -0.005934 -0.084338
vn 0.122492 -0.024574 -0.992165
v 0.021224 -0.003400 -0.091785
vn 0.939246 0.027597 -0.342134
v 0.114152 -0.018695 -0.014398
vn 0.856728 0.358132 -0.371159
v 0.123379 -0.064378 -0.019840
vn 0.898070 0.313209 -0.308820
v 0.119601 -0.054290 -0.019646
vn 0.621391 0.192940 -0.759373
v 0.080741 -0.075891 -0.072012
vn 0.735399 0.298651 -0.608273
v 0.104968 -0.039355 -0.035875
vn 0.831980 0.121301 -0.541383
v 0.099354 -0.033355 -0.040854
vn 0.778605 0.354032 -0.518108
v 0.111666 -0.045372 -0.031843
vn 0.784048 0.180937 -0.593742
v 0.104637 -0.031665 -0.033078
vn 0.524950 0.200145 -0.827266
v 0.101894 -0.150667 -0.085436
vn 0.820409 0.200399 -0.535508
v 0.116982 -0.112126 -0.061342
vn 0.773803 0.189951 -0.604274
v 0.116739 -0.121240 -0.064811
vn 0.773830 0.177915 -0.607892
v 0.112192 -0.111826 -0.068633
vn 0.762254 0.266117 -0.590043
v 0.121985 -0.116569 -0.055969
vn 0.825087 0.201749 -0.527758
v 0.114641 -0.103912 -0.062266
vn 0.599226 0.151052 -0.786200
v 0.104361 -0.139798 -0.081419
vn 0.664149 0.112091 -0.739149
v 0.107079 -0.129894 -0.077507
vn 0.666933 0.206377 -0.715967
v 0.113581 -0.138495 -0.073303
vn 0.657571 0.258100 -0.707803
v 0.092870 -0.056133 -0.055731
vn 0.696489 0.416348 -0.584430
v 0.110977 -0.062262 -0.045408
vn 0.579599 0.432091 -0.690914
v 0.107641 -0.068690 -0.052932
vn 0.844188 0.400303 -0.356515
v 0.133200 -0.078083 -0.013147
vn 0.893145 0.370936 -0.254360
v 0.137942 -0.082824 -0.005819
vn 0.942982 0.302164 -0.139579
v 0.144709 -0.097971 0.000050
vn 0.853114 0.223568 -0.471396
v 0.117484 -0.096633 -0.053897
vn 0.183765 0.211598 -0.959925
v 0.031235 -0.044741 -0.092265
vn 0.349219 0.475822 -0.807242
v 0.098481 -0.082241 -0.066340
vn 0.365208 0.112860 -0.924059
v 0.053939 -0.120426 -0.097438
vn 0.293338 -0.071514 -0.953330
v 0.034116 -0.130324 -0.104581
vn 0.335979 0.007353 -0.941841
v 0.044168 -0.125456 -0.101323
vn 0.261671 0.266773 -0.927556
v 0.042728 -0.075515 -0.098961
vn 0.365386 0.128943 -0.921882
v 0.043458 -0.090536 -0.102209
vn 0.380568 0.178236 -0.907414
v 0.047798 -0.082418 -0.099051
vn 0.038269 0.230590 -0.972298
v 0.011968 -0.074686 -0.102817
vn 0.181703 0.019645 -0.983157
v 0.031867 -0.142534 -0.104778
vn 0.245607 -0.012147 -0.969293
v 0.029209 -0.113275 -0.108424
vn 0.217601 0.625471 -0.749290
v 0.109210 0.237890 -0.078331
vn 0.216818 0.730669 -0.647389
v 0.115780 0.243316 -0.071008
vn 0.315336 0.628810 -0.710747
v 0.137744 0.236483 -0.069770
vn 0.201488 0.943842 -0.261848
v 0.124123 0.252664 -0.049944
vn 0.265249 0.721675 -0.639396
v 0.083998 0.250908 -0.074522
vn 0.092360 0.067967 -0.993403
v 0.056051 0.160229 -0.108200
vn 0.273912 0.006767 -0.961731
v 0.111472 0.152990 -0.097950
vn 0.200296 0.326073 -0.923882
v 0.090967 0.219689 -0.092357
vn 0.184354 0.213768 -0.959331
v 0.078060 0.207855 -0.098398
vn 0.147618 0.079071 -0.985879
v 0.066612 0.163191 -0.106616
vn 0.756110 -0.415439 -0.505675
v 0.135165 0.073693 -0.053783
vn 0.736218 -0.412643 -0.536384
v 0.138988 0.084841 -0.056759
vn 0.770379 -0.398708 -0.497541
v 0.112648 0.033526 -0.051448
vn 0.833213 -0.354192 -0.424623
v 0.112452 0.025219 -0.044925
vn 0.833542 -0.317148 -0.452356
v 0.108114 0.016822 -0.046970
vn 0.453373 -0.319351 -0.832147
v 0.149276 0.136426 -0.080021
vn 0.862308 -0.481046 -0.158178
v 0.150492 0.080783 -0.019832
vn 0.864628 -0.500712 -0.041308
v 0.152043 0.079294 -0.000056
vn 0.718262 -0.664155 -0.207359
v 0.170395 0.111806 -0.027176
vn 0.587220 -0.373912 -0.717888
v 0.114477 0.060429 -0.067447
vn 0.655098 -0.420576 -0.627664
v 0.117626 0.053598 -0.060507
vn 0.862540 -0.261602 -0.433115
v 0.102374 0.001335 -0.047909
vn 0.621635 -0.341646 -0.704875
v 0.104252 0.041201 -0.065994
vn 0.529615 -0.281042 -0.800327
v 0.095459 0.039800 -0.072100
vn 0.437136 -0.228855 -0.869792
v 0.086127 0.038638 -0.077175
vn 0.078081 -0.085974 -0.993233
v 0.010487 0.034775 -0.094150
vn 0.078298 -0.044389 -0.995941
v 0.008783 0.025200 -0.093703
vn 0.833505 0.248941 -0.493253
v 0.110945 -0.035167 -0.026540
vn 0.665756 0.095350 -0.740052
v 0.074001 -0.058578 -0.076827
vn 0.646877 0.208008 -0.733678
v 0.087505 -0.063491 -0.062722
vn 0.766904 0.075750 -0.637276
v 0.085557 -0.052007 -0.063029
vn 0.628089 0.016478 -0.777967
v 0.060213 -0.090278 -0.091584
vn 0.473367 0.409577 -0.779853
v 0.097483 -0.066304 -0.056891
vn 0.534659 0.434992 -0.724515
v 0.101933 -0.059692 -0.050570
vn 0.764211 0.369306 -0.528767
v 0.126811 -0.091001 -0.035032
vn 0.438875 0.317351 -0.840641
v 0.082350 -0.086153 -0.074111
vn 0.916933 0.367937 -0.154453
v 0.137947 -0.077916 0.003301
vn 0.872272 0.268930 -0.408434
v 0.119448 -0.075824 -0.037461
vn 0.859743 0.319919 -0.398112
v 0.121825 -0.070356 -0.028547
vn 0.458424 -0.026016 -0.888353
v 0.046117 -0.113842 -0.100917
vn 0.158597 0.125559 -0.979327
v 0.029488 -0.103243 -0.107668
vn 0.015937 0.185978 -0.982425
v 0.019213 -0.099073 -0.107395
vn 0.049168 0.201033 -0.978350
v 0.020767 -0.088289 -0.105179
vn 0.497422 0.007764 -0.867474
v 0.047330 -0.101082 -0.100927
vn -0.104081 0.138115 -0.984932
v -0.002965 -0.100222 -0.106365
vn 0.225959 0.917338 -0.327770
v 0.102491 0.256091 -0.056000
vn 0.256538 0.726699 -0.637257
v 0.093344 0.248625 -0.073125
vn 0.336523 0.860756 -0.381905
v 0.075030 0.262229 -0.061363
vn 0.276250 0.791731 -0.544837
v 0.077131 0.256541 -0.070431
vn 0.475726 0.709354 -0.520097
v 0.057968 0.267070 -0.067630
vn 0.356397 0.774479 -0.522650
v 0.066680 0.260940 -0.068789
vn 0.247205 0.213637 -0.945118
v 0.139913 0.199360 -0.086779
vn 0.115201 0.095196 -0.988770
v 0.059399 0.170987 -0.106933
vn 0.141310 0.152687 -0.978120
v 0.063814 0.194202 -0.103313
vn 0.030625 0.096634 -0.994849
v 0.042689 0.173852 -0.107789
vn 0.036783 0.127892 -0.991106
v 0.043675 0.183734 -0.106696
vn 0.017962 0.016642 -0.999700
v 0.007633 0.140304 -0.110201
vn 0.713521 -0.610933 -0.343000
v 0.161540 0.109469 -0.044579
vn 0.710918 -0.558723 -0.427113
v 0.155809 0.107856 -0.053077
vn 0.772933 -0.533208 -0.343895
v 0.155064 0.101031 -0.044678
vn 0.685663 -0.496234 -0.532558
v 0.148855 0.105524 -0.060864
vn 0.733437 -0.431375 -0.525343
v 0.129267 0.064382 -0.054503
vn 0.668901 -0.382725 -0.637255
v 0.127407 0.071612 -0.061791
vn 0.873537 -0.459679 -0.160088
v 0.131691 0.043225 -0.014756
vn 0.877648 -0.311925 -0.363918
v 0.107637 0.007475 -0.040629
vn 0.902114 -0.272384 -0.334660
v 0.108764 0.001048 -0.031082
vn 0.433098 -0.055990 -0.899606
v 0.063689 -0.021591 -0.079753
vn 0.313811 0.351007 -0.882223
v 0.094166 -0.107686 -0.080894
vn 0.600459 0.451202 -0.660202
v 0.105797 -0.054841 -0.044402
vn 0.760716 0.262176 -0.593780
v 0.111762 -0.094333 -0.063095
vn 0.678741 0.260086 -0.686779
v 0.108311 -0.101976 -0.070078
vn 0.260526 -0.119457 -0.958048
v 0.026784 -0.123584 -0.108164
vn 0.203898 0.414161 -0.887072
v 0.083458 0.228336 -0.090577
vn 0.199777 0.415666 -0.887305
v 0.093963 0.227414 -0.088612
vn 0.015352 0.026427 -0.999533
v 0.022140 0.144075 -0.109852
vn 0.024413 -0.149612 -0.988443
v 0.021879 0.111745 -0.108336
vn 0.664508 -0.700294 -0.260802
v 0.173394 0.117667 -0.035384
vn 0.641925 -0.203161 -0.739363
v 0.089669 0.012862 -0.068435
vn 0.631346 -0.177360 -0.754947
v 0.085665 0.003482 -0.069339
vn 0.722969 -0.201604 -0.660811
v 0.093130 0.004752 -0.062481
vn 0.277754 0.444014 -0.851883
v 0.092696 -0.090520 -0.072819
vn 0.042094 0.006442 -0.999093
v 0.046443 0.139177 -0.109536
vn 0.069860 -0.245090 -0.966980
v 0.036393 0.086268 -0.102354
vn 0.828850 -0.069466 -0.555141
v 0.088957 -0.033093 -0.058415
vn 0.811978 -0.208859 -0.545041
v 0.096454 -0.004368 -0.055624
vn 0.704102 -0.161775 -0.691426
v 0.088955 -0.004870 -0.064385
vn 0.585145 0.012691 -0.810829
v 0.076199 -0.030939 -0.072329
vn 0.792211 -0.012382 -0.610121
v 0.084604 -0.041605 -0.064217
vn 0.729274 -0.032887 -0.683431
v 0.083170 -0.031833 -0.066421
vn 0.894864 -0.277512 -0.349579
v 0.104719 -0.002806 -0.039061
vn 0.887652 -0.249715 -0.386932
v 0.100524 -0.008142 -0.045741
vn 0.759854 -0.102670 -0.641936
v 0.087060 -0.023136 -0.062937
vn 0.850828 -0.135637 -0.507635
v 0.092168 -0.023527 -0.055319
vn 0.557211 0.792994 -0.246327
v 0.064660 0.271660 -0.049942
vn 0.366800 0.922088 -0.123335
v 0.079385 0.264474 -0.044626
vn 0.230336 0.172309 -0.957734
v 0.129362 0.195544 -0.090076
vn 0.032804 0.164281 -0.985868
v 0.043984 0.193741 -0.105193
vn 0.133936 -0.237985 -0.961990
v 0.037837 0.065700 -0.096960
vn 0.245254 -0.315620 -0.916643
v 0.071758 0.077858 -0.093656
vn 0.809490 -0.427993 -0.401930
v 0.142058 0.080137 -0.047601
vn 0.261103 -0.107686 -0.959286
v 0.056922 0.030493 -0.086316
vn 0.170734 -0.297214 -0.939422
v 0.052804 0.076858 -0.097662
vn 0.120402 -0.275615 -0.953698
v 0.045390 0.081229 -0.100169
vn 0.212452 -0.156783 -0.964512
v 0.051091 0.040410 -0.089107
vn 0.629997 -0.058002 -0.774428
v 0.080176 -0.022773 -0.069476
vn 0.106240 0.007264 -0.994314
v 0.017381 -0.021158 -0.091846
vn 0.160336 0.022145 -0.986814
v 0.027585 -0.024027 -0.090530
vn 0.236422 0.187617 -0.953365
v 0.071013 -0.140588 -0.096647
vn 0.238229 0.225297 -0.944716
v 0.070667 -0.132125 -0.094884
vn 0.272248 0.183055 -0.944654
v 0.078574 -0.137681 -0.094158
vn 0.247106 0.385822 -0.888865
v 0.083181 -0.103225 -0.081317
vn 0.091239 0.020039 -0.995627
v 0.019546 -0.116748 -0.110062
vn 0.068437 0.126478 -0.989606
v 0.022442 -0.108316 -0.109023
vn 0.100278 0.061470 -0.993059
v 0.015354 -0.153282 -0.107357
vn 0.051032 0.386758 -0.920768
v 0.019834 0.255281 -0.086288
vn 0.148180 0.973917 -0.171838
v 0.137357 0.253343 -0.035429
vn 0.013442 0.252745 -0.967440
v 0.043969 0.213100 -0.101107
vn 0.251414 0.660028 -0.707923
v 0.076196 0.249493 -0.078620
vn 0.050087 -0.222457 -0.973655
v 0.023342 0.077275 -0.100990
vn 0.201946 -0.303180 -0.931289
v 0.067882 0.096372 -0.101167
vn 0.157485 -0.244738 -0.956714
v 0.063176 0.103172 -0.104150
vn 0.652106 -0.620534 -0.435540
v 0.163947 0.117337 -0.053384
vn 0.890159 -0.425642 -0.162624
v 0.127949 0.034541 -0.010779
vn 0.725930 -0.447603 -0.522185
v 0.124360 0.055961 -0.054354
vn 0.080817 0.161451 -0.983566
v 0.011753 -0.038476 -0.093641
vn 0.037291 0.210368 -0.976911
v 0.003405 -0.045539 -0.095573
vn 0.316278 0.180016 -0.931430
v 0.047832 -0.042440 -0.087561
vn 0.118952 0.084526 -0.989296
v 0.019788 -0.031336 -0.091954
vn 0.605284 0.400869 -0.687703
v 0.108023 -0.084759 -0.062343
vn 0.590246 0.234690 -0.772354
v 0.104188 -0.111612 -0.077091
vn 0.318949 0.239334 -0.917056
v 0.088234 -0.123603 -0.088116
vn 0.219975 0.520610 -0.824970
v 0.081485 0.237961 -0.085744
vn 0.209768 0.232087 -0.949807
v 0.114796 0.204192 -0.091560
vn 0.003365 0.177448 -0.984124
v 0.025546 0.192883 -0.105471
vn 0.854783 -0.438985 -0.276836
v 0.144421 0.077069 -0.037818
vn 0.864366 -0.463924 -0.194024
v 0.140752 0.065454 -0.028113
vn 0.356606 -0.127213 -0.925553
v 0.072209 0.028325 -0.081092
vn 0.262407 -0.167667 -0.950279
v 0.060977 0.039756 -0.086537
vn 0.874219 -0.089588 -0.477195
v 0.104142 -0.016573 -0.032765
vn 0.076849 -0.220581 -0.972337
v 0.027099 0.068287 -0.098720
vn 0.269106 -0.267446 -0.925232
v 0.074049 0.062927 -0.088289
vn 0.928150 -0.075965 -0.364371
v 0.114329 -0.009697 -0.014254
vn 0.278257 0.397992 -0.874171
v 0.084080 -0.095537 -0.077569
vn 0.793356 0.395168 -0.463065
v 0.132317 -0.089535 -0.025965
vn 0.255754 0.576619 -0.775951
v 0.057734 0.252630 -0.083160
vn 0.757290 -0.485065 -0.437291
v 0.149694 0.098976 -0.052729
vn 0.812777 -0.467160 -0.348074
v 0.150339 0.093822 -0.045312
vn 0.441238 -0.309187 -0.842444
v 0.096489 0.057134 -0.077751
vn 0.732384 0.132873 -0.667801
v 0.109789 -0.120810 -0.073534
vn 0.580902 0.260132 -0.771288
v 0.085834 -0.071797 -0.066652
vn 0.671664 0.018615 -0.740622
v 0.079362 -0.038441 -0.070155
vn 0.551437 0.072662 -0.831046
v 0.072582 -0.039035 -0.075218
vn 0.886322 0.298675 -0.353874
v 0.118540 -0.060245 -0.028225
vn 0.826981 0.304615 -0.472559
v 0.114826 -0.071826 -0.045813
vn 0.754065 0.338488 -0.562861
v 0.112599 -0.079161 -0.053893
vn 0.814096 0.245479 -0.526297
v 0.119786 -0.107160 -0.054631
vn 0.461648 0.463524 -0.756325
v 0.103344 -0.075315 -0.059754
vn 0.129677 -0.091458 -0.987329
v 0.016441 -0.126663 -0.109891
vn 0.285900 0.109736 -0.951955
v 0.037465 -0.097539 -0.105228
vn 0.200771 0.946964 -0.250899
v 0.133838 0.251727 -0.045332
vn 0.242010 0.836422 -0.491762
v 0.098228 0.252973 -0.065105
vn 0.141435 -0.108856 -0.983944
v 0.031394 0.035186 -0.091821
vn 0.667193 0.304685 -0.679720
v 0.098165 -0.050076 -0.048079
vn 0.870693 0.246379 -0.425664
v 0.117499 -0.087101 -0.049068
vn 0.088838 0.235328 -0.967847
v 0.021591 -0.078695 -0.103057
vn 0.273805 0.829286 -0.487150
v 0.087687 0.254521 -0.067302
vn 0.237032 0.736663 -0.633359
v 0.104147 0.246046 -0.071656
vn 0.025131 -0.065700 -0.997523
v 0.007575 -0.129206 -0.110442
vn 0.604908 -0.383710 -0.697748
v 0.129322 0.087883 -0.068942
vn 0.029393 -0.095512 -0.994994
v 0.038019 0.121028 -0.109138
vn 0.568995 0.718266 -0.400423
v 0.057596 0.273272 -0.058521
vn 0.106164 -0.162776 -0.980935
v 0.057046 0.112506 -0.106948
vn 0.872198 -0.200939 -0.445976
v 0.096187 -0.015419 -0.051133
vn 0.375524 -0.298119 -0.877557
v 0.091526 0.065216 -0.082972
vn 0.305831 -0.255345 -0.917206
v 0.077205 0.055365 -0.085202
vn 0.029256 -0.180474 -0.983145
v 0.016094 0.105190 -0.107404
vn 0.905855 0.115580 -0.407515
v 0.112643 -0.025765 -0.019195
vn 0.697091 0.051031 -0.715164
v 0.078418 -0.047838 -0.071447
vn 0.011754 0.127962 -0.991709
v 0.025872 0.182841 -0.107024
vn 0.220285 -0.237664 -0.946039
v 0.058067 0.059631 -0.091567
vn 0.522485 -0.333535 -0.784706
v 0.110789 0.068286 -0.073805
vn 0.115225 -0.160195 -0.980337
v 0.027012 0.043274 -0.093578
vn 0.703346 -0.692293 -0.161356
v 0.171098 0.108757 -0.011133
vn 0.730530 0.160884 -0.663659
v 0.113253 -0.128531 -0.070969
vn 0.292137 0.863144 -0.411873
v 0.140920 0.247085 -0.053196
vn 0.204305 0.565973 -0.798707
v 0.049290 0.258096 -0.081722
vn 0.280040 0.167567 -0.945251
v 0.076670 -0.146936 -0.096309
vn 0.225751 0.923051 -0.311471
v 0.113566 0.254010 -0.053703
vn 0.348933 0.732680 -0.584317
v 0.144602 0.239708 -0.062898
vn 0.920968 -0.185550 -0.342620
v 0.115666 0.002148 -0.014757
vn 0.336956 0.642780 -0.687964
v 0.049751 0.266408 -0.074860
vn 0.634181 -0.748480 -0.193889
v 0.181209 0.118734 -0.017076
vn 0.797851 0.310360 -0.516827
v 0.142051 -0.153414 -0.048231
vn -0.203504 -0.978590 -0.030780
v -0.186798 0.117032 -0.032239
vn -0.158257 -0.985346 -0.063622
v -0.203401 0.120076 -0.039317
vn -0.401555 -0.765042 0.503452
v -0.194862 0.125458 -0.000619
vn -0.302615 -0.895125 0.327377
v -0.190146 0.120422 -0.006378
vn -0.358812 -0.795933 0.487592
v -0.186748 0.123325 0.002390
vn -0.537504 -0.620842 0.570653
v -0.166625 0.124999 0.021040
vn -0.403807 -0.686563 0.604625
v -0.191239 0.128689 0.006136
vn -0.242716 -0.957311 0.156985
v -0.183664 0.117214 -0.013016
vn -0.683631 -0.149488 0.714354
v -0.154301 0.144789 0.043038
vn -0.638355 -0.289678 0.713154
v -0.159659 0.137525 0.036045
vn -0.616017 -0.013803 0.787612
v -0.154605 0.163425 0.044642
vn -0.532641 0.071964 0.843276
v -0.154906 0.182384 0.043753
vn -0.465858 0.149849 0.872079
v -0.151793 0.192569 0.044494
vn -0.567721 0.194040 0.800026
v -0.146792 0.184529 0.049300
vn -0.372366 0.395840 0.839437
v -0.146205 0.214718 0.041919
vn -0.157185 -0.968351 -0.193880
v -0.225746 0.125052 -0.050392
vn -0.235282 -0.957802 0.165097
v -0.224236 0.124523 -0.031158
vn -0.243760 -0.757561 0.605543
v -0.249447 0.140024 -0.010171
vn -0.254225 -0.837057 0.484465
v -0.248216 0.135087 -0.016475
vn -0.255199 0.671217 0.695946
v -0.141384 0.236937 0.029402
vn -0.322513 0.578980 0.748844
v -0.150879 0.231530 0.029696
vn -0.271387 0.690226 0.670773
v -0.149490 0.240015 0.022791
vn -0.153567 0.979494 -0.130419
v -0.146357 0.259383 -0.025846
vn -0.153694 -0.985047 0.077852
v -0.251148 0.128671 -0.041008
vn -0.256278 0.538437 0.802750
v -0.194835 0.224038 0.019466
vn -0.080723 -0.978509 -0.189746
v -0.283499 0.133704 -0.056315
vn -0.178991 -0.650864 0.737793
v -0.240885 0.149428 0.001908
vn -0.047820 -0.718048 -0.694349
v -0.330785 0.146464 -0.078858
vn -0.069936 -0.869510 -0.488939
v -0.331926 0.140942 -0.071271
vn -0.064781 -0.997899 -0.000766
v -0.289992 0.133532 -0.048833
vn -0.041335 -0.918482 -0.393296
v -0.313242 0.138001 -0.067421
vn -0.041319 -0.985398 -0.165176
v -0.308904 0.135208 -0.058219
vn -0.079308 -0.678167 -0.730616
v -0.365390 0.148595 -0.077693
vn -0.108770 -0.618117 -0.778525
v -0.375793 0.150596 -0.078150
vn -0.056222 -0.991511 0.117238
v -0.335667 0.136243 -0.045317
vn 0.021832 -0.735059 -0.677652
v -0.398350 0.146769 -0.072665
vn -0.060452 -0.959680 -0.274517
v -0.330462 0.137258 -0.062327
vn -0.061180 -0.930172 -0.361990
v -0.340915 0.138800 -0.065323
vn 0.012476 -0.009651 -0.999876
v -0.318287 0.174332 -0.088991
vn -0.070172 -0.981210 -0.179730
v -0.349464 0.137296 -0.058149
vn -0.076941 -0.965517 -0.248710
v -0.360611 0.138881 -0.060896
vn -0.072458 -0.807476 -0.585433
v -0.380440 0.145080 -0.071531
vn -0.053784 -0.938516 -0.341020
v -0.372562 0.140728 -0.064066
vn 0.000610 -0.521640 -0.853166
v -0.400847 0.153697 -0.078454
vn 0.030229 -0.441154 -0.896922
v -0.411528 0.155685 -0.079524
vn 0.146208 -0.437993 -0.887009
v -0.428814 0.155318 -0.081213
vn -0.005364 -0.923517 -0.383520
v -0.384522 0.140820 -0.063565
vn 0.039179 -0.899522 -0.435115
v -0.396618 0.140917 -0.064033
vn 0.057110 0.870053 -0.489638
v -0.366641 0.231531 -0.052444
vn 0.138291 -0.705977 -0.694602
v -0.442774 0.145839 -0.076942
vn 0.113966 -0.539986 -0.833922
v -0.450298 0.151434 -0.082872
vn 0.006626 0.996232 -0.086470
v -0.403960 0.240576 -0.033037
vn 0.061158 0.991766 -0.112514
v -0.384667 0.239910 -0.032956
vn 0.033748 0.965761 -0.257230
v -0.393610 0.239277 -0.038630
vn -0.025340 -0.243656 0.969531
v -0.334642 0.181689 0.016091
vn 0.070539 -0.793407 -0.604591
v -0.414081 0.142659 -0.069062
vn 0.123379 -0.673288 -0.729014
v -0.432361 0.147053 -0.076143
vn 0.034586 -0.698286 -0.714983
v -0.458827 0.146220 -0.079470
vn 0.076231 -0.499726 -0.862822
v -0.460796 0.153713 -0.085425
vn 0.192857 0.025163 -0.980904
v -0.473779 0.175903 -0.092547
vn 0.157434 0.208716 -0.965221
v -0.466971 0.184935 -0.090122
vn 0.149252 -0.006046 -0.988781
v -0.461927 0.174173 -0.090518
vn 0.071744 -0.431094 -0.899450
v -0.489653 0.160167 -0.092229
vn 0.036562 -0.999226 -0.014484
v -0.431037 0.134395 -0.048764
vn 0.007806 -0.977371 0.211386
v -0.424841 0.135677 -0.038341
vn -0.017487 -0.995981 0.087838
v -0.442943 0.134252 -0.046737
vn 0.159651 -0.493191 -0.855145
v -0.439169 0.153266 -0.082238
vn -0.026663 -0.636989 -0.770412
v -0.494874 0.154216 -0.088637
vn -0.081845 -0.493845 0.865690
v -0.448288 0.168733 -0.004633
vn -0.093405 -0.330099 0.939314
v -0.443548 0.178182 0.000277
vn 0.173812 -0.206024 0.962987
v -0.529604 0.186039 -0.004605
vn 0.261033 0.044521 0.964303
v -0.532909 0.197357 -0.003018
vn -0.006305 -0.788298 -0.615262
v -0.483990 0.146762 -0.081198
vn 0.053803 0.788507 0.612668
v -0.543131 0.220976 -0.012954
vn -0.161520 -0.458041 -0.874134
v -0.511818 0.164508 -0.094114
vn -0.157835 -0.633887 -0.757150
v -0.509380 0.157409 -0.089718
vn -0.280282 -0.624518 -0.728985
v -0.518086 0.159058 -0.088470
vn -0.166111 0.900868 0.401054
v -0.516879 0.232266 -0.027918
vn -0.130980 0.902779 0.409676
v -0.532070 0.228149 -0.024094
vn -0.190049 0.943452 0.271624
v -0.526244 0.231605 -0.030902
vn -0.400355 -0.564243 -0.722043
v -0.527748 0.162392 -0.086798
vn -0.180488 0.957852 0.223480
v -0.541084 0.227702 -0.027658
vn -0.021215 -0.490982 -0.870912
v -0.500955 0.160816 -0.093042
vn 0.015813 -0.222370 -0.974834
v -0.504031 0.171373 -0.097463
vn 0.122053 -0.211924 -0.969635
v -0.492818 0.169278 -0.095854
vn 0.090541 0.498868 -0.861936
v -0.505084 0.198638 -0.092165
vn -0.020617 0.842495 -0.538310
v -0.509774 0.230166 -0.062154
vn -0.005279 0.874672 -0.484686
v -0.503022 0.233318 -0.057023
vn -0.371696 0.908794 -0.189565
v -0.552764 0.224479 -0.041412
vn -0.479888 -0.631066 -0.609478
v -0.534208 0.159429 -0.079991
vn -0.234756 0.689723 -0.684961
v -0.527952 0.215452 -0.077217
vn -0.473998 0.681714 -0.557308
v -0.557505 0.213900 -0.058523
vn -0.431405 0.808014 -0.401252
v -0.545952 0.222422 -0.056106
vn -0.477632 0.705806 -0.523168
v -0.551785 0.216246 -0.060519
vn -0.403394 0.294845 -0.866222
v -0.530790 0.193972 -0.090761
vn -0.411095 0.440003 -0.798373
v -0.533460 0.201191 -0.086059
vn -0.543521 0.547352 -0.636389
v -0.558515 0.208727 -0.062839
vn -0.637167 0.297803 -0.710867
v -0.559333 0.199939 -0.067407
vn -0.620687 0.209887 -0.755443
v -0.551604 0.195909 -0.075456
vn -0.651051 -0.224029 -0.725220
v -0.558494 0.177830 -0.069561
vn -0.613678 -0.490946 -0.618362
v -0.557067 0.168988 -0.066284
vn 0.253347 -0.133871 0.958068
v -0.538276 0.189484 -0.001803
vn -0.011013 -0.833172 -0.552904
v -0.466360 0.141920 -0.074358
vn 0.003559 -0.817775 -0.575527
v -0.476212 0.144129 -0.077488
vn 0.144551 -0.453944 0.879227
v -0.531664 0.173904 -0.008655
vn 0.206050 -0.386623 0.898925
v -0.539220 0.177936 -0.004917
vn -0.096316 -0.982173 -0.161430
v -0.478649 0.136964 -0.058959
vn 0.286030 0.349904 0.892050
v -0.539046 0.207379 -0.002878
vn -0.081605 -0.815773 -0.572586
v -0.493692 0.147405 -0.081303
vn -0.174368 -0.922731 0.343750
v -0.520078 0.146609 -0.037348
vn -0.197611 -0.895465 0.398864
v -0.509538 0.145236 -0.035766
vn -0.016234 -0.884461 0.466331
v -0.545476 0.155468 -0.024086
vn 0.061280 -0.758297 0.649022
v -0.543594 0.159354 -0.018221
vn -0.112547 -0.722931 -0.681693
v -0.502782 0.152588 -0.086331
vn -0.219437 -0.766595 -0.603473
v -0.512304 0.152344 -0.083526
vn -0.133786 -0.952859 0.272327
v -0.547459 0.153092 -0.030484
vn -0.329261 -0.761487 -0.558323
v -0.523473 0.153690 -0.080241
vn 0.041037 -0.507110 0.860904
v -0.524105 0.169213 -0.012064
vn 0.001461 -0.645271 0.763952
v -0.525597 0.161950 -0.017159
vn -0.335780 -0.936864 -0.097663
v -0.543840 0.150818 -0.048466
vn -0.293271 -0.955867 0.017650
v -0.550292 0.152497 -0.040195
vn -0.532497 -0.675679 -0.509809
v -0.539692 0.158115 -0.073250
vn -0.457362 -0.808404 -0.370543
v -0.539232 0.153547 -0.065737
vn -0.419093 -0.881375 -0.218034
v -0.552770 0.154644 -0.049469
vn -0.535306 -0.723574 -0.435761
v -0.554821 0.159556 -0.057974
vn -0.121802 -0.297002 0.947077
v -0.211069 0.177019 0.022953
vn -0.302354 -0.292174 0.907313
v -0.201129 0.162604 0.019466
vn -0.021860 -0.907900 -0.418616
v -0.287964 0.137020 -0.065857
vn -0.268380 0.629470 0.729204
v -0.159012 0.234698 0.024003
vn -0.163190 0.883907 -0.438267
v -0.151868 0.251451 -0.048272
vn -0.163217 0.763036 -0.625409
v -0.170203 0.239751 -0.061286
vn -0.187292 0.572198 -0.798443
v -0.148716 0.228443 -0.076773
vn 0.030785 -0.368544 -0.929100
v -0.281424 0.156689 -0.084599
vn 0.042176 -0.285984 -0.957306
v -0.262535 0.159521 -0.084769
vn -0.179041 -0.008729 -0.983803
v -0.159191 0.182122 -0.089078
vn -0.182585 0.436720 -0.880874
v -0.149000 0.218523 -0.082676
vn -0.161258 0.361993 -0.918127
v -0.158210 0.211991 -0.083840
vn -0.165368 0.501558 -0.849172
v -0.158202 0.222099 -0.079018
vn -0.066959 -0.841755 -0.535691
v -0.260456 0.136232 -0.068048
vn -0.135667 -0.167145 -0.976554
v -0.165407 0.165616 -0.086504
vn 0.020315 -0.330871 -0.943457
v -0.230033 0.154347 -0.081739
vn -0.131360 0.555279 -0.821225
v -0.186134 0.222189 -0.073783
vn -0.145341 0.478359 -0.866054
v -0.176611 0.218914 -0.077394
vn -0.100827 -0.888814 -0.447039
v -0.241178 0.131339 -0.062409
vn -0.103330 -0.898494 -0.426652
v -0.224306 0.127789 -0.059633
vn -0.323000 -0.575088 -0.751628
v -0.157230 0.127875 -0.072544
vn -0.357692 -0.906904 -0.222671
v -0.168425 0.112778 -0.042281
vn -0.245833 -0.895748 -0.370407
v -0.170096 0.116233 -0.051598
vn -0.297976 -0.949553 -0.097768
v -0.176352 0.114728 -0.036507
vn -0.456288 -0.887394 0.065831
v -0.170082 0.111903 -0.020673
vn -0.203540 -0.977471 0.055867
v -0.195588 0.118627 -0.025273
vn -0.609223 -0.458185 0.647235
v -0.163504 0.130888 0.029083
vn -0.393928 0.009803 0.919089
v -0.169846 0.188526 0.035948
vn -0.464004 0.012720 0.885742
v -0.163672 0.181246 0.038946
vn -0.341581 -0.734829 0.585960
v -0.207306 0.133578 0.001594
vn -0.321480 0.225474 0.919680
v -0.164768 0.207708 0.035884
vn -0.276247 0.554411 0.785058
v -0.167522 0.228791 0.025749
vn -0.291656 0.449941 0.844091
v -0.174849 0.222064 0.027357
vn -0.281724 0.432198 0.856643
v -0.167137 0.221698 0.030044
vn -0.063970 -0.757505 0.649688
v -0.292573 0.154566 -0.002272
vn 0.026931 -0.672011 -0.740052
v -0.298937 0.145772 -0.078614
vn -0.095968 -0.439628 -0.893038
v -0.368256 0.156468 -0.082740
vn 0.032055 -0.448025 -0.893446
v -0.300612 0.154157 -0.084343
vn -0.015477 -0.895078 0.445642
v -0.354968 0.144710 -0.021551
vn 0.015771 -0.094286 -0.995420
v -0.308487 0.169625 -0.088361
vn -0.098046 -0.062104 0.993242
v -0.254071 0.188865 0.021145
vn -0.031997 -0.781043 0.623657
v -0.351456 0.156775 -0.002535
vn 0.095380 -0.852475 -0.513993
v -0.446901 0.140448 -0.070710
vn 0.076852 -0.996569 -0.030717
v -0.409454 0.135719 -0.047152
vn 0.081553 -0.974179 -0.210534
v -0.412785 0.136338 -0.055121
vn -0.238553 0.901727 0.360529
v -0.493169 0.238706 -0.028463
vn 0.070978 -0.953455 0.293062
v -0.402367 0.137894 -0.033069
vn 0.101598 0.356550 -0.928736
v -0.431899 0.197903 -0.081776
vn 0.115047 -0.453881 -0.883604
v -0.470274 0.156430 -0.087670
vn -0.006280 0.645403 -0.763816
v -0.464262 0.217289 -0.071836
vn 0.277721 0.553137 0.785436
v -0.540368 0.213684 -0.005965
vn -0.368732 -0.183287 -0.911286
v -0.525312 0.175905 -0.094277
vn -0.268964 0.961031 0.063862
v -0.549644 0.226294 -0.031474
vn -0.093482 0.724425 0.682986
v -0.459673 0.238093 -0.013856
vn -0.380713 0.891073 -0.247075
v -0.546363 0.225612 -0.047110
vn -0.435870 0.815809 -0.380096
v -0.555376 0.220103 -0.050510
vn -0.658412 0.036102 -0.751791
v -0.559300 0.187373 -0.070122
vn 0.140859 -0.594679 0.791527
v -0.541126 0.167723 -0.010725
vn -0.155066 0.203696 0.966676
v -0.494782 0.204832 -0.004105
vn 0.001670 -0.785007 0.619485
v -0.533304 0.156978 -0.022037
vn -0.167366 -0.782631 0.599564
v -0.505807 0.149445 -0.027303
vn -0.137981 0.989745 -0.036965
v -0.140822 0.261046 -0.017056
vn -0.255973 0.902139 0.347308
v -0.149681 0.255771 -0.000799
vn -0.180519 0.960606 -0.211304
v -0.161463 0.255510 -0.032674
vn -0.011044 0.969974 -0.242960
v -0.308680 0.231800 -0.046116
vn -0.015480 0.977053 -0.212434
v -0.298840 0.232516 -0.043419
vn -0.107822 0.896046 -0.430670
v -0.236672 0.233104 -0.053729
vn -0.079119 0.920677 -0.382223
v -0.255135 0.231420 -0.053228
vn 0.023086 0.147828 -0.988744
v -0.219923 0.189138 -0.084425
vn -0.072035 -0.162280 -0.984112
v -0.181463 0.165828 -0.084877
vn 0.012079 -0.205732 -0.978534
v -0.213738 0.161726 -0.083332
vn 0.018008 -0.483384 -0.875223
v -0.214950 0.144612 -0.077134
vn -0.109227 -0.916366 -0.385153
v -0.207676 0.123771 -0.055795
vn -0.085292 -0.791968 -0.604576
v -0.205318 0.128644 -0.064328
vn -0.467499 -0.879200 -0.091935
v -0.167021 0.110290 -0.031260
vn -0.241905 -0.689228 0.682969
v -0.240840 0.141683 -0.005119
vn -0.480747 -0.638457 0.601045
v -0.175912 0.127514 0.015794
vn -0.552801 -0.340173 0.760719
v -0.168510 0.140356 0.030052
vn -0.120164 -0.473256 0.872691
v -0.255742 0.169785 0.015109
vn -0.063977 -0.522085 0.850490
v -0.286944 0.169437 0.011354
vn -0.018409 -0.601135 0.798935
v -0.298448 0.166307 0.008781
vn -0.459863 -0.230540 0.857541
v -0.183132 0.151267 0.025406
vn -0.437693 -0.163010 0.884224
v -0.186697 0.160226 0.025142
vn 0.044701 -0.048210 -0.997836
v -0.246105 0.174571 -0.086299
vn 0.041608 -0.182310 -0.982360
v -0.243773 0.164938 -0.085101
vn -0.041077 0.143931 -0.988735
v -0.335488 0.182163 -0.088102
vn 0.035803 0.073048 -0.996686
v -0.283705 0.181658 -0.088149
vn 0.038269 -0.086559 -0.995511
v -0.287449 0.171804 -0.088168
vn 0.002588 0.030625 -0.999528
v -0.302212 0.177379 -0.088504
vn -0.022028 -0.786239 0.617529
v -0.321689 0.155442 -0.003211
vn -0.037389 -0.827375 0.560405
v -0.320112 0.149617 -0.011148
vn 0.131837 0.984447 -0.116116
v -0.348939 0.234947 -0.035320
vn 0.113269 0.990479 0.078236
v -0.344558 0.234528 -0.026697
vn 0.070053 0.992950 -0.095622
v -0.338868 0.233826 -0.035240
vn -0.072847 0.102334 -0.992079
v -0.353076 0.179411 -0.087549
vn -0.014171 -0.771455 0.636126
v -0.392177 0.150190 -0.013292
vn 0.046359 -0.221637 -0.974027
v -0.414300 0.165233 -0.082906
vn 0.097422 -0.384759 -0.917861
v -0.420131 0.157652 -0.080990
vn 0.128746 -0.236279 -0.963118
v -0.425325 0.164119 -0.083668
vn -0.125590 -0.842607 0.523680
v -0.279352 0.142676 -0.016298
vn -0.008208 -0.305603 0.952124
v -0.306250 0.179630 0.015621
vn -0.136534 -0.400400 0.906112
v -0.370914 0.176140 0.011715
vn -0.081637 -0.655236 0.751000
v -0.446880 0.153702 -0.015401
vn -0.073545 -0.757693 0.648454
v -0.447205 0.145323 -0.023882
vn 0.071244 0.258222 -0.963455
v -0.414622 0.192092 -0.081763
vn 0.085974 0.120602 -0.988971
v -0.418055 0.182700 -0.083935
vn 0.153489 -0.082617 -0.984691
v -0.431721 0.171469 -0.085931
vn 0.145306 0.066110 -0.987176
v -0.438465 0.178900 -0.087048
vn -0.126932 -0.832107 0.539895
v -0.488369 0.144009 -0.030227
vn -0.112056 -0.726256 0.678230
v -0.484929 0.149379 -0.022901
vn 0.064418 0.978944 0.193699
v -0.383481 0.239541 -0.023022
vn 0.152652 -0.094541 -0.983748
v -0.442137 0.169684 -0.087451
vn 0.148994 -0.292200 -0.944680
v -0.445627 0.160434 -0.086445
vn 0.105314 0.330639 -0.937863
v -0.452134 0.192830 -0.085875
vn -0.193371 0.357045 0.913853
v -0.482081 0.215893 -0.005365
vn -0.106617 0.941763 0.318928
v -0.546326 0.225499 -0.021647
vn 0.115532 0.468160 0.876059
v -0.527834 0.212787 -0.008597
vn 0.120722 0.027467 0.992306
v -0.524835 0.195856 -0.004583
vn -0.067839 0.368243 0.927251
v -0.511438 0.211614 -0.008053
vn -0.121040 -0.697753 0.706038
v -0.511515 0.155565 -0.021728
vn -0.107862 -0.905206 0.411056
v -0.480852 0.139934 -0.035691
vn -0.213326 0.951724 0.220709
v -0.155207 0.257033 -0.008331
vn -0.162148 0.923098 -0.348710
v -0.156736 0.253714 -0.041494
vn -0.228877 0.823251 0.519493
v -0.162604 0.248377 0.007221
vn -0.303116 0.355246 0.884263
v -0.161685 0.217031 0.033897
vn -0.229476 0.947585 -0.222313
v -0.197178 0.246957 -0.035942
vn -0.260023 0.940436 0.219015
v -0.183114 0.250882 -0.011708
vn 0.000296 0.732182 -0.681109
v -0.274529 0.219731 -0.070568
vn 0.011177 0.567245 -0.823473
v -0.277242 0.211616 -0.077492
vn -0.028355 0.531773 -0.846412
v -0.348353 0.206921 -0.078097
vn -0.038230 0.347727 -0.936816
v -0.328743 0.195185 -0.085024
vn -0.057736 0.212711 -0.975408
v -0.344571 0.185962 -0.087046
vn -0.249815 0.907246 0.338375
v -0.217231 0.239693 -0.009128
vn -0.222123 0.950817 0.215889
v -0.225535 0.239532 -0.016052
vn -0.191358 0.889176 0.415631
v -0.228251 0.235241 -0.005238
vn -0.230554 0.972222 0.040358
v -0.174866 0.254125 -0.019309
vn -0.090955 0.226575 -0.969738
v -0.185259 0.199605 -0.083564
vn -0.100951 0.363939 -0.925936
v -0.189701 0.209022 -0.080229
vn -0.186062 0.853200 -0.487268
v -0.188191 0.242716 -0.051503
vn -0.162657 0.764995 -0.623158
v -0.187909 0.236762 -0.060324
vn -0.043431 -0.574785 -0.817151
v -0.195534 0.137320 -0.073167
vn -0.053010 -0.652643 -0.755808
v -0.202865 0.134245 -0.070487
vn -0.112432 0.498376 -0.859639
v -0.195414 0.217354 -0.075545
vn -0.032211 -0.213250 -0.976467
v -0.191639 0.161638 -0.083573
vn -0.044338 -0.352331 -0.934825
v -0.188996 0.150999 -0.080542
vn -0.157552 0.057029 -0.985863
v -0.168102 0.187840 -0.087454
vn 0.037194 0.187862 -0.981491
v -0.231810 0.191738 -0.084319
vn -0.016388 0.009509 -0.999820
v -0.205100 0.178536 -0.085063
vn -0.176169 -0.820910 -0.543204
v -0.171986 0.121201 -0.060364
vn -0.364883 -0.531436 0.764484
v -0.212199 0.141570 0.007012
vn -0.451386 -0.534958 0.714193
v -0.182004 0.135536 0.018281
vn -0.183436 -0.960846 0.207669
v -0.244579 0.129075 -0.031381
vn -0.034331 0.991751 0.123496
v -0.272508 0.234338 -0.021749
vn -0.027246 0.967315 0.252109
v -0.279796 0.232802 -0.014620
vn -0.051860 0.958248 0.281198
v -0.269978 0.232493 -0.012475
vn -0.300748 -0.921378 0.246199
v -0.205154 0.121850 -0.018630
vn -0.135059 0.439699 0.887932
v -0.224547 0.212272 0.019325
vn -0.384621 -0.274250 0.881393
v -0.200779 0.153874 0.017090
vn -0.499984 -0.237700 0.832775
v -0.173425 0.149433 0.030217
vn 0.025285 -0.090642 -0.995563
v -0.297613 0.170268 -0.088404
vn 0.049112 0.110093 -0.992707
v -0.273677 0.184330 -0.087452
vn -0.012945 -0.125818 -0.991969
v -0.327386 0.168020 -0.088489
vn -0.015761 -0.302962 -0.952872
v -0.332955 0.159181 -0.086644
vn -0.032076 -0.129950 -0.991001
v -0.338447 0.167080 -0.088086
vn -0.045902 -0.972549 0.228127
v -0.343532 0.137859 -0.038185
vn -0.033810 -0.007013 -0.999404
v -0.334301 0.174157 -0.088724
vn -0.057035 0.546197 -0.835713
v -0.358153 0.208898 -0.076365
vn -0.043654 0.192359 0.980353
v -0.333921 0.197824 0.016703
vn -0.010592 -0.670264 0.742047
v -0.333631 0.164205 0.006337
vn -0.078616 -0.132264 -0.988092
v -0.387280 0.168796 -0.084397
vn -0.012765 0.043032 -0.998992
v -0.402023 0.176894 -0.083889
vn -0.065317 0.415374 -0.907302
v -0.375968 0.200285 -0.079470
vn -0.018998 -0.774898 0.631801
v -0.332035 0.157357 -0.001020
vn -0.023877 -0.618740 0.785233
v -0.315659 0.166202 0.008333
vn -0.028443 -0.735323 0.677120
v -0.313540 0.159767 0.002261
vn 0.086092 -0.980281 -0.177867
v -0.401414 0.137082 -0.053187
vn -0.053697 -0.711701 0.700427
v -0.409456 0.150085 -0.013851
vn -0.022353 0.194720 -0.980604
v -0.397711 0.185908 -0.082856
vn -0.007689 -0.119508 -0.992803
v -0.405769 0.169546 -0.083583
vn 0.124389 0.201366 -0.971586
v -0.445346 0.186054 -0.087002
vn -0.084761 -0.574674 0.813981
v -0.362830 0.168810 0.008313
vn -0.167305 0.211944 0.962855
v -0.404455 0.204943 0.006333
vn -0.184625 0.232688 0.954866
v -0.395779 0.205075 0.007971
vn -0.161384 0.357292 0.919944
v -0.398129 0.212339 0.005318
vn -0.154290 -0.562715 0.812125
v -0.383261 0.166969 0.003815
vn -0.076473 0.340329 0.937192
v -0.452882 0.219033 -0.002118
vn -0.093065 -0.001610 0.995659
v -0.446557 0.195258 0.002746
vn -0.193470 -0.206061 0.959223
v -0.394377 0.183437 0.008710
vn -0.203312 -0.038922 0.978340
v -0.391407 0.190994 0.010257
vn 0.103487 -0.056809 -0.993007
v -0.421526 0.173236 -0.084633
vn 0.172987 -0.257930 -0.950551
v -0.435398 0.162311 -0.084935
vn 0.212184 0.178945 -0.960706
v -0.477221 0.183540 -0.092209
vn 0.036424 0.699413 -0.713789
v -0.438345 0.225684 -0.064453
vn 0.141347 0.683170 -0.716450
v -0.489448 0.216177 -0.075368
vn -0.222256 0.643732 0.732265
v -0.492917 0.228383 -0.015670
vn -0.275860 0.679415 0.679924
v -0.485422 0.232768 -0.017015
vn -0.090202 -0.443793 0.891578
v -0.472299 0.170296 -0.005553
vn -0.206155 0.071265 -0.975921
v -0.518576 0.183635 -0.097093
vn -0.310067 0.942993 -0.120920
v -0.538155 0.229375 -0.044191
vn -0.501287 0.599395 -0.624049
v -0.548866 0.211626 -0.068253
vn -0.436458 0.722338 -0.536406
v -0.543065 0.218790 -0.064858
vn -0.411256 0.636895 -0.652099
v -0.539514 0.213896 -0.073023
vn -0.291064 0.922665 -0.252927
v -0.531586 0.230017 -0.052225
vn -0.370526 0.883890 -0.285394
v -0.540187 0.226864 -0.052107
vn -0.049872 -0.992264 0.113688
v -0.454392 0.134927 -0.046662
vn -0.077311 -0.708358 0.701606
v -0.474626 0.150301 -0.020619
vn -0.066692 -0.874114 0.481120
v -0.469919 0.140404 -0.032697
vn -0.049770 -0.766488 0.640328
v -0.467150 0.145947 -0.024595
vn -0.131428 -0.403611 0.905442
v -0.498783 0.172943 -0.008435
vn -0.148570 -0.312867 0.938105
v -0.490258 0.177926 -0.005298
vn -0.154060 -0.931787 0.328692
v -0.491479 0.140112 -0.038872
vn -0.306008 -0.885889 -0.348655
v -0.522796 0.148300 -0.070371
vn -0.205218 -0.948300 0.242100
v -0.502003 0.141118 -0.042331
vn -0.194737 0.979577 -0.050072
v -0.163853 0.256328 -0.022973
vn -0.198909 0.634856 0.746588
v -0.213088 0.225242 0.013308
vn -0.208794 0.738989 0.640548
v -0.218532 0.229203 0.007694
vn -0.206991 0.963660 -0.168861
v -0.171620 0.253973 -0.030386
vn -0.220582 0.967793 -0.121326
v -0.180165 0.252228 -0.028167
vn -0.166840 0.754263 -0.635021
v -0.154635 0.240858 -0.063811
vn -0.035893 0.524326 -0.850761
v -0.216685 0.215136 -0.074976
vn -0.018417 0.382525 -0.923762
v -0.215562 0.206042 -0.079566
vn 0.030480 0.303110 -0.952468
v -0.260440 0.196675 -0.084107
vn -0.071130 0.451122 0.889623
v -0.274142 0.210392 0.014337
vn -0.224077 0.960294 -0.166205
v -0.188071 0.250020 -0.031877
vn -0.041311 0.091272 -0.994969
v -0.199539 0.185737 -0.084803
vn 0.026409 0.404694 -0.914071
v -0.279022 0.201909 -0.082796
vn -0.012603 0.344888 -0.938559
v -0.304503 0.197773 -0.084587
vn 0.030273 0.320355 -0.946814
v -0.239805 0.199462 -0.082619
vn -0.103402 -0.339717 -0.934827
v -0.171444 0.150901 -0.081933
vn -0.111912 -0.543726 -0.831768
v -0.177294 0.136458 -0.074356
vn 0.019570 0.298490 -0.954212
v -0.222887 0.199204 -0.082217
vn -0.036077 -0.006670 -0.999327
v -0.196843 0.177910 -0.085327
vn 0.047615 -0.194786 -0.979689
v -0.281876 0.165116 -0.086992
vn 0.049213 -0.069432 -0.996372
v -0.236210 0.172455 -0.085693
vn -0.044539 -0.654189 -0.755019
v -0.229631 0.138249 -0.073140
vn 0.010134 -0.598958 -0.800716
v -0.220946 0.139044 -0.074065
vn -0.210792 -0.896124 0.390550
v -0.232198 0.131123 -0.016556
vn -0.212107 -0.942060 0.259872
v -0.233302 0.128118 -0.026283
vn -0.437859 -0.387812 0.811099
v -0.187992 0.143854 0.020372
vn -0.131111 -0.694187 0.707753
v -0.266138 0.155494 0.002603
vn -0.183684 -0.772267 0.608165
v -0.260258 0.144528 -0.008419
vn -0.017937 0.475646 0.879454
v -0.324188 0.210069 0.012620
vn -0.026287 0.333188 0.942494
v -0.315560 0.204581 0.015269
vn -0.034265 0.574543 0.817757
v -0.314251 0.214184 0.010212
vn -0.060640 -0.314998 0.947153
v -0.286316 0.179521 0.016208
vn -0.039361 0.188623 0.981260
v -0.307043 0.199031 0.017064
vn -0.051441 0.361758 0.930852
v -0.361810 0.205960 0.012347
vn -0.268865 0.721325 0.638281
v -0.185568 0.238201 0.010558
vn -0.267809 0.685823 0.676702
v -0.176826 0.237405 0.014843
vn -0.121900 0.017072 0.992396
v -0.220781 0.193681 0.024587
vn -0.292446 -0.426277 0.856016
v -0.215018 0.151634 0.010634
vn 0.013401 0.356479 -0.934207
v -0.288504 0.198699 -0.084404
vn -0.008986 0.451591 -0.892180
v -0.296832 0.203934 -0.082132
vn -0.093989 -0.365304 -0.926131
v -0.351671 0.158511 -0.085355
vn -0.093644 -0.522243 -0.847639
v -0.357907 0.153662 -0.082115
vn -0.095992 0.037552 -0.994673
v -0.372315 0.175862 -0.086007
vn -0.077506 -0.587391 -0.805584
v -0.347760 0.151702 -0.082141
vn -0.003679 -0.504845 -0.863202
v -0.328823 0.152645 -0.083843
vn -0.024816 -0.075195 0.996860
v -0.306675 0.189173 0.017610
vn -0.003712 0.860022 -0.510243
v -0.338309 0.226295 -0.058372
vn -0.020994 0.904104 -0.426798
v -0.326570 0.228136 -0.055450
vn 0.005264 0.847078 0.531443
v -0.411206 0.235911 -0.013700
vn 0.034313 0.764776 0.643382
v -0.421215 0.234307 -0.010982
vn -0.065630 -0.936930 0.343299
v -0.303725 0.137846 -0.030899
vn -0.056466 -0.970906 0.232708
v -0.308910 0.136049 -0.038121
vn -0.087449 -0.941065 0.326725
v -0.292824 0.136783 -0.031423
vn -0.067109 -0.953391 0.294180
v -0.323980 0.137826 -0.034802
vn 0.025292 -0.902468 0.430014
v -0.376520 0.143148 -0.024640
vn 0.042054 -0.853154 0.519961
v -0.392380 0.144130 -0.021446
vn -0.110954 0.134945 0.984621
v -0.367306 0.195794 0.014617
vn -0.068312 0.199856 0.977441
v -0.358314 0.197502 0.015089
vn -0.064659 -0.482137 0.873706
v -0.352896 0.172643 0.011845
vn 0.012160 -0.885437 0.464600
v -0.410352 0.139988 -0.027084
vn -0.085624 -0.783786 0.615100
v -0.428484 0.143247 -0.023577
vn 0.117812 -0.328985 -0.936958
v -0.454398 0.159179 -0.087151
vn -0.049916 -0.994553 -0.091500
v -0.368059 0.138027 -0.052664
vn 0.052333 -0.998526 -0.014423
v -0.384151 0.137760 -0.047204
vn -0.033305 0.744377 -0.666928
v -0.457529 0.228362 -0.061616
vn -0.032945 0.780437 -0.624366
v -0.465358 0.231587 -0.057286
vn -0.091448 0.165851 0.981902
v -0.427935 0.204524 0.003768
vn -0.178962 -0.274063 0.944914
v -0.402129 0.180181 0.006503
vn -0.100812 -0.604172 0.790452
v -0.411022 0.157903 -0.007235
vn 0.064800 0.576184 -0.814747
v -0.422832 0.216575 -0.071066
vn 0.053806 0.469060 -0.881526
v -0.409577 0.208179 -0.075102
vn 0.060601 0.555944 -0.829007
v -0.412666 0.215025 -0.071196
vn 0.059142 0.655555 -0.752828
v -0.416242 0.222533 -0.065842
vn 0.058301 0.757431 -0.650307
v -0.419523 0.229234 -0.059524
vn -0.089120 -0.483574 0.870755
v -0.439831 0.169360 -0.003584
vn -0.157165 -0.322161 0.933548
v -0.413211 0.177821 0.003643
vn -0.069462 0.329588 0.941566
v -0.419660 0.214443 0.001830
vn -0.133588 -0.121512 0.983559
v -0.417354 0.188559 0.005424
vn -0.108110 -0.052062 0.992775
v -0.426936 0.192316 0.004619
vn -0.162460 -0.454296 0.875912
v -0.402695 0.170878 0.002586
vn -0.134335 -0.498198 0.856594
v -0.412326 0.166916 -0.001390
vn 0.069132 0.936029 -0.345065
v -0.436226 0.240997 -0.042024
vn 0.114059 0.989985 -0.083188
v -0.438776 0.243742 -0.031811
vn 0.060123 0.852489 -0.519275
v -0.432434 0.236007 -0.051351
vn -0.071495 0.007819 0.997410
v -0.508835 0.195160 -0.004912
vn -0.249129 0.863335 0.438848
v -0.501127 0.235466 -0.027303
vn -0.177143 0.541702 0.821693
v -0.496883 0.221763 -0.011453
vn -0.149853 -0.447325 0.881728
v -0.491217 0.169498 -0.009048
vn -0.142595 -0.746251 0.650213
v -0.495475 0.149092 -0.025161
vn -0.061091 -0.940757 0.333533
v -0.450051 0.136580 -0.038353
vn 0.033836 -0.986908 -0.157694
v -0.439487 0.134753 -0.054695
vn -0.177726 -0.946433 0.269588
v -0.530596 0.148325 -0.038234
vn -0.083344 -0.915000 0.394753
v -0.537351 0.152252 -0.030444
vn -0.161146 -0.138450 0.977171
v -0.490009 0.188218 -0.002758
vn -0.157482 -0.225185 0.961505
v -0.481608 0.183376 -0.002215
vn -0.054492 -0.944638 0.323559
v -0.462217 0.136989 -0.039162
vn -0.151858 0.957494 -0.245245
v -0.235942 0.236989 -0.043386
vn -0.134169 0.791881 -0.595755
v -0.205485 0.234277 -0.059210
vn 0.004317 0.971794 0.235794
v -0.328589 0.232042 -0.017514
vn -0.047182 0.836209 0.546377
v -0.303097 0.226351 -0.001823
vn -0.043612 0.665737 0.744911
v -0.304371 0.218440 0.007554
vn 0.003035 0.583457 -0.812138
v -0.251413 0.213834 -0.075300
vn -0.056209 0.151013 -0.986933
v -0.192514 0.192331 -0.084409
vn 0.022987 0.446204 -0.894636
v -0.256232 0.205775 -0.080338
vn 0.008210 0.445107 -0.895440
v -0.236454 0.207608 -0.079093
vn 0.026749 0.314456 -0.948895
v -0.249933 0.198094 -0.083385
vn 0.048838 0.008912 -0.998767
v -0.256633 0.178200 -0.086820
vn -0.004575 0.122435 -0.992466
v -0.209373 0.187548 -0.084361
vn -0.041592 -0.089928 -0.995079
v -0.189877 0.172360 -0.085270
vn 0.005223 -0.601169 -0.799105
v -0.280492 0.147729 -0.079743
vn -0.338132 0.026689 0.940720
v -0.177027 0.195075 0.033090
vn -0.167285 -0.954541 0.246713
v -0.267548 0.132551 -0.034382
vn -0.041410 0.443514 0.895310
v -0.305696 0.209114 0.013709
vn -0.032712 0.483700 0.874622
v -0.284000 0.211307 0.013424
vn -0.056234 0.605228 0.794064
v -0.277935 0.216667 0.010170
vn -0.024328 0.815966 0.577588
v -0.322476 0.224544 -0.000669
vn -0.015350 0.679698 0.733331
v -0.323006 0.218283 0.006608
vn -0.017495 0.999082 -0.039113
v -0.317150 0.233540 -0.032385
vn -0.030330 0.774743 -0.631548
v -0.302953 0.221190 -0.068514
vn 0.119609 -0.248728 -0.961160
v -0.462227 0.162792 -0.089164
vn 0.134215 -0.125042 -0.983032
v -0.452749 0.167451 -0.088709
vn 0.074240 -0.997229 -0.004808
v -0.392778 0.137246 -0.045548
vn 0.086905 0.923788 -0.372911
v -0.426916 0.239263 -0.044337
vn -0.007562 0.582348 0.812905
v -0.427783 0.228449 -0.005482
vn -0.092484 -0.137757 0.986139
v -0.442595 0.188055 0.002626
vn -0.086864 0.141813 0.986075
v -0.440959 0.203871 0.002675
vn -0.107474 0.203111 0.973239
v -0.415065 0.205288 0.004763
vn -0.117892 0.354625 0.927547
v -0.408341 0.213568 0.003266
vn -0.157759 0.043271 0.986529
v -0.409517 0.195598 0.006758
vn 0.066244 0.854041 -0.515971
v -0.412628 0.234315 -0.051633
vn -0.192567 0.690181 0.697544
v -0.469976 0.236494 -0.014362
vn -0.252743 0.585255 0.770453
v -0.476994 0.231082 -0.012124
vn -0.075504 0.261682 0.962196
v -0.432745 0.211840 0.001537
vn 0.082248 0.914492 -0.396157
v -0.419201 0.237800 -0.045794
vn -0.130302 0.375304 0.917697
v -0.501014 0.213002 -0.007541
vn -0.259109 0.965761 -0.012979
v -0.529295 0.232286 -0.041274
vn -0.221623 0.968184 0.116206
v -0.520032 0.234444 -0.037838
vn -0.077282 -0.893042 -0.443288
v -0.485406 0.142293 -0.073772
vn -0.069387 0.666259 -0.742486
v -0.216907 0.224369 -0.068106
vn -0.034676 0.986976 -0.157086
v -0.278644 0.233665 -0.039716
vn -0.042021 0.883532 0.466482
v -0.314052 0.228163 -0.005709
vn -0.043224 0.937342 0.345719
v -0.305844 0.231187 -0.011703
vn -0.017554 0.853725 -0.520428
v -0.273338 0.225652 -0.062387
vn -0.032713 0.925109 -0.378291
v -0.273341 0.230006 -0.053764
vn -0.086152 -0.405392 -0.910074
v -0.179316 0.146107 -0.079191
vn -0.064834 -0.492255 -0.868033
v -0.187272 0.141357 -0.076198
vn -0.279694 -0.044476 0.959058
v -0.186052 0.191018 0.030025
vn -0.152937 -0.986394 0.060311
v -0.271158 0.131432 -0.044431
vn -0.058448 -0.932160 0.357296
v -0.315601 0.138751 -0.030599
vn -0.016445 0.913430 0.406663
v -0.324223 0.229140 -0.008738
vn -0.027552 0.978627 0.203790
v -0.298756 0.233270 -0.018128
vn -0.146078 -0.036274 0.988608
v -0.202649 0.192867 0.026930
vn -0.318862 0.162024 0.933850
v -0.174733 0.205174 0.033086
vn -0.027257 0.224573 -0.974076
v -0.327958 0.187522 -0.087342
vn -0.090591 0.338774 -0.936496
v -0.362544 0.194164 -0.083241
vn -0.032719 0.871021 -0.490155
v -0.307455 0.225953 -0.060818
vn -0.006870 0.785362 -0.618999
v -0.291269 0.221993 -0.067842
vn -0.007487 0.966037 -0.258294
v -0.326418 0.231510 -0.046166
vn -0.016263 0.924157 -0.381667
v -0.310534 0.229137 -0.054015
vn 0.052363 0.956100 -0.288326
v -0.411954 0.239016 -0.041420
vn 0.038701 0.917847 -0.395043
v -0.402810 0.237248 -0.045052
vn 0.006802 0.785137 0.619285
v -0.384920 0.232166 -0.007725
vn -0.053903 0.670541 0.739912
v -0.406098 0.229420 -0.005936
vn 0.107220 0.992967 0.050202
v -0.420936 0.241503 -0.028768
vn 0.038540 0.945219 -0.324155
v -0.447596 0.242496 -0.039462
vn 0.112604 0.985362 -0.127995
v -0.429019 0.242134 -0.034872
vn -0.182919 0.715112 0.674653
v -0.502173 0.228925 -0.018729
vn -0.055132 0.742220 -0.667884
v -0.228077 0.225996 -0.065647
vn -0.017902 0.997903 -0.062202
v -0.285609 0.234269 -0.032440
vn -0.081964 0.753278 0.652575
v -0.263797 0.223780 0.005047
vn -0.198375 0.034723 0.979511
v -0.193759 0.197441 0.028346
vn -0.255167 0.393847 0.883048
v -0.190662 0.216579 0.024811
vn 0.010429 0.932367 -0.361363
v -0.336124 0.230035 -0.050824
vn -0.051323 0.686656 -0.725168
v -0.326415 0.216279 -0.072120
vn -0.002824 0.783880 -0.620906
v -0.343153 0.221898 -0.064822
vn -0.028955 0.875685 -0.482014
v -0.317313 0.226512 -0.059216
vn 0.074911 0.918724 0.387731
v -0.420873 0.239134 -0.018746
vn 0.002062 0.642970 0.765889
v -0.416629 0.229156 -0.005922
vn -0.057665 0.491652 0.868881
v -0.412019 0.221870 -0.001131
vn -0.120330 0.482045 0.867844
v -0.391488 0.217937 0.003838
vn 0.054445 0.787284 -0.614182
v -0.482447 0.230440 -0.058907
vn -0.055440 0.920062 -0.387831
v -0.480726 0.239852 -0.044080
vn -0.005147 0.830016 -0.557716
v -0.474390 0.235099 -0.052167
vn -0.193878 0.514636 -0.835201
v -0.522700 0.202297 -0.089625
vn -0.001497 0.986593 -0.163194
v -0.455674 0.244648 -0.033230
vn 0.056682 0.998045 0.026324
v -0.448120 0.244830 -0.028288
vn 0.013970 0.612343 0.790469
v -0.438434 0.232106 -0.007956
vn 0.090699 0.817033 0.569413
v -0.439577 0.239479 -0.015318
vn -0.010969 0.867419 -0.497457
v -0.452867 0.238193 -0.048648
vn -0.022061 0.921292 -0.388245
v -0.459160 0.241867 -0.041282
vn -0.052691 0.570245 -0.819783
v -0.327165 0.209453 -0.077500
vn -0.032407 0.454197 -0.890312
v -0.323817 0.201462 -0.082562
vn -0.045693 0.728572 -0.683443
v -0.515584 0.218482 -0.076204
vn 0.110876 0.725997 -0.678701
v -0.494465 0.220996 -0.071433
vn -0.067084 0.994728 -0.077566
v -0.466128 0.244354 -0.032322
vn -0.002997 0.894051 -0.447954
v -0.495736 0.235929 -0.052091
vn -0.016966 0.973683 0.227276
v -0.289454 0.233006 -0.016559
vn 0.061938 0.675773 -0.734503
v -0.507693 0.213300 -0.081328
vn 0.126699 0.680742 -0.721483
v -0.497354 0.214970 -0.078212
vn -0.003483 0.693114 -0.720820
v -0.449820 0.224502 -0.065928
vn -0.000877 0.768387 -0.639984
v -0.446402 0.230774 -0.059142
vn -0.021316 0.805592 -0.592087
v -0.453650 0.234127 -0.054663
vn -0.472522 -0.769098 0.430363
v -0.169306 0.120007 0.011434
vn -0.415616 -0.858879 0.299317
v -0.171186 0.116670 0.000726
vn -0.293437 -0.908383 0.297884
v -0.180633 0.118593 -0.003439
vn -0.522467 -0.484836 0.701400
v -0.172527 0.133794 0.023526
vn -0.392079 -0.794825 0.463171
v -0.178417 0.122044 0.006508
vn -0.091153 -0.980610 0.173477
v -0.287113 0.134174 -0.039278
vn -0.109864 0.094271 0.989466
v -0.262047 0.195587 0.020109
vn -0.115595 -0.585474 0.802408
v -0.264391 0.163292 0.009734
vn -0.042693 -0.999059 -0.007686
v -0.318118 0.134846 -0.050643
vn 0.001729 -0.610637 -0.791908
v -0.309006 0.148032 -0.080592
vn -0.103510 -0.361045 -0.926786
v -0.380198 0.160149 -0.082933
vn 0.005975 -0.335660 -0.941964
v -0.323056 0.158539 -0.086393
vn 0.002553 -0.588445 -0.808533
v -0.320395 0.149355 -0.081691
vn -0.096775 0.946064 0.309187
v -0.260039 0.232735 -0.010342
vn -0.038945 0.897441 0.439411
v -0.277567 0.229639 -0.005434
vn -0.108979 0.932979 0.343036
v -0.249845 0.233110 -0.008304
vn -0.102370 0.433921 0.895116
v -0.251282 0.209900 0.017000
vn -0.111757 0.248692 0.962114
v -0.244002 0.202446 0.020584
vn -0.010877 0.653275 -0.757043
v -0.384258 0.219528 -0.066694
vn 0.037384 0.870393 -0.490936
v -0.392973 0.234817 -0.048987
vn 0.134527 0.397931 -0.907498
v -0.468151 0.194406 -0.087160
vn 0.135691 0.040104 -0.989939
v -0.449475 0.176818 -0.088628
vn -0.065429 -0.861351 0.503779
v -0.446256 0.139496 -0.031747
vn -0.010633 -0.991648 -0.128532
v -0.448419 0.134638 -0.055188
vn -0.089961 0.487785 0.868316
v -0.456794 0.228204 -0.006432
vn -0.071107 -0.985991 -0.150880
v -0.469690 0.135978 -0.058112
vn -0.082993 -0.962670 0.257641
v -0.473270 0.136939 -0.041759
vn -0.233928 0.963995 0.126454
v -0.535441 0.230223 -0.034120
vn 0.128798 0.644974 0.753273
v -0.535724 0.217077 -0.009996
vn -0.010119 0.715146 0.698902
v -0.528893 0.222185 -0.015094
vn -0.034321 0.853040 0.520716
v -0.537771 0.224408 -0.018103
vn 0.009273 0.081601 -0.996622
v -0.507561 0.182012 -0.098290
vn -0.010704 0.318760 -0.947775
v -0.511308 0.191274 -0.096040
vn -0.032960 0.477922 -0.877784
v -0.514264 0.198517 -0.092828
vn -0.409532 0.548090 -0.729302
v -0.536419 0.207716 -0.080172
vn -0.637199 -0.196452 -0.745241
v -0.543537 0.177124 -0.082778
vn -0.522836 0.465791 -0.713919
v -0.545751 0.205817 -0.075457
vn -0.631166 0.092438 -0.770120
v -0.544726 0.189283 -0.082176
vn -0.529912 -0.181455 -0.828413
v -0.534267 0.176785 -0.089871
vn -0.061733 -0.737136 0.672919
v -0.521471 0.156343 -0.022367
vn -0.106547 -0.862598 0.494542
v -0.526450 0.151411 -0.029703
vn -0.339864 -0.901809 -0.266897
v -0.530252 0.148782 -0.063896
vn -0.236524 -0.971190 -0.029089
v -0.520008 0.144065 -0.053330
vn -0.379928 -0.362148 0.851178
v -0.206119 0.147990 0.012730
vn -0.291680 0.897652 0.330368
v -0.200218 0.244856 -0.008774
vn -0.269803 0.841563 0.467951
v -0.207507 0.239270 -0.002245
vn -0.132286 0.331209 -0.934238
v -0.177746 0.208551 -0.081829
vn -0.228072 -0.285142 -0.930955
v -0.154458 0.151577 -0.085035
vn -0.144815 -0.275050 -0.950461
v -0.163726 0.155962 -0.084532
vn -0.140382 0.174488 -0.974601
v -0.174678 0.196633 -0.085410
vn -0.092020 -0.827882 -0.553302
v -0.231861 0.131936 -0.065683
vn -0.167468 -0.912074 -0.374267
v -0.180265 0.119185 -0.053712
vn -0.199703 -0.899862 0.387772
v -0.262847 0.134935 -0.024833
vn -0.258593 -0.855716 0.448195
v -0.222105 0.131327 -0.010768
vn -0.304184 0.824080 0.477875
v -0.143795 0.254033 0.007816
vn -0.272022 0.615994 0.739294
v -0.185271 0.231209 0.017401
vn -0.286855 0.299815 0.909849
v -0.181991 0.213151 0.028762
vn 0.012391 -0.746603 -0.665154
v -0.289173 0.143274 -0.075487
vn -0.033156 0.112251 0.993127
v -0.291287 0.196839 0.017951
vn -0.028414 0.062649 0.997631
v -0.299711 0.194784 0.017878
vn -0.084014 -0.409994 0.908211
v -0.278415 0.174523 0.014927
vn 0.074747 -0.830972 -0.551269
v -0.425230 0.140631 -0.067879
vn 0.060337 -0.943424 -0.326053
v -0.433011 0.136419 -0.060314
vn -0.008848 -0.800729 0.598961
v -0.407671 0.144556 -0.020217
vn -0.246927 0.760135 0.601017
v -0.493546 0.234143 -0.021730
vn 0.026460 0.159632 -0.986822
v -0.407989 0.184472 -0.083029
vn -0.056715 0.961048 0.270501
v -0.457725 0.244433 -0.023820
vn 0.122232 0.958621 0.257108
v -0.441151 0.243460 -0.023091
vn -0.144416 0.928529 -0.342021
v -0.513785 0.233815 -0.054365
vn -0.112244 -0.599057 0.792800
v -0.427095 0.156830 -0.010223
vn -0.265303 0.784154 0.560996
v -0.178138 0.243608 0.007125
vn -0.153633 0.807975 -0.568835
v -0.161675 0.243747 -0.058242
vn -0.159994 0.871306 -0.463926
v -0.160148 0.249250 -0.049814
vn -0.118024 -0.834209 -0.538670
v -0.188428 0.123924 -0.060572
vn -0.094536 0.303322 0.948187
v -0.259343 0.204045 0.018608
vn 0.070833 0.966376 0.247186
v -0.339926 0.232514 -0.017920
vn 0.025673 0.975901 -0.216700
v -0.334430 0.232383 -0.042592
vn -0.224143 -0.201110 0.953580
v -0.385749 0.183143 0.010684
vn -0.086774 -0.839334 0.536646
v -0.290178 0.144479 -0.015513
vn -0.077465 -0.888901 0.451502
v -0.297071 0.140925 -0.022933
vn -0.105841 -0.638443 0.762357
v -0.481031 0.155806 -0.016260
vn 0.119505 0.964860 -0.234018
v -0.368312 0.237036 -0.038626
vn -0.007907 0.957913 0.286949
v -0.401970 0.239373 -0.020554
vn -0.086267 0.659376 -0.746848
v -0.518908 0.211123 -0.083430
vn -0.215809 -0.965676 0.144553
v -0.513320 0.142874 -0.046356
vn -0.231276 -0.969371 -0.082656
v -0.512987 0.142712 -0.057253
vn -0.087375 -0.173969 0.980867
v -0.451146 0.186284 0.001679
vn -0.204337 0.919240 -0.336516
v -0.188320 0.247292 -0.041815
vn -0.130219 0.985049 -0.112788
v -0.247013 0.236453 -0.036340
vn -0.088735 0.992050 -0.089241
v -0.257860 0.235403 -0.034969
vn -0.200602 -0.971965 0.122647
v -0.234258 0.126213 -0.036013
vn -0.415613 -0.371309 0.830298
v -0.197386 0.145436 0.016142
vn -0.298302 -0.538363 0.788150
v -0.222514 0.145225 0.004427
vn -0.145492 -0.746375 0.649428
v -0.266338 0.150012 -0.003423
vn -0.075371 0.253563 0.964378
v -0.341788 0.200143 0.015528
vn -0.062111 0.070665 0.995564
v -0.349789 0.192541 0.016330
vn -0.254156 -0.951792 0.171743
v -0.193584 0.118988 -0.015667
vn -0.109749 -0.226444 0.967821
v -0.219809 0.181572 0.023166
vn -0.188564 0.036333 0.981389
v -0.379433 0.193246 0.013030
vn -0.006065 -0.424388 0.905460
v -0.316999 0.174883 0.013806
vn -0.096928 -0.680146 0.726641
v -0.375692 0.161396 0.000594
vn 0.064913 -0.981972 0.177533
v -0.386015 0.138231 -0.037627
vn -0.145931 0.896756 0.417770
v -0.467966 0.242264 -0.021399
vn -0.189910 -0.085670 0.978057
v -0.401004 0.188913 0.008289
vn 0.057499 0.532117 -0.844716
v -0.438727 0.212220 -0.075187
vn 0.097923 0.530980 -0.841707
v -0.469377 0.203055 -0.082473
vn -0.105351 0.974394 -0.198639
v -0.475953 0.243051 -0.036609
vn -0.184600 0.982667 0.016979
v -0.486159 0.241411 -0.034537
vn -0.068492 0.959143 -0.274508
v -0.491928 0.239155 -0.044636
vn 0.156268 0.072714 -0.985034
v -0.495256 0.180556 -0.096998
vn -0.038165 -0.686816 0.725828
v -0.465785 0.151689 -0.018487
vn 0.065376 -0.336293 0.939486
v -0.522247 0.178854 -0.007731
vn -0.128742 -0.990468 -0.048980
v -0.485734 0.137256 -0.054259
vn -0.168882 -0.981542 0.089748
v -0.493811 0.138437 -0.048551
vn -0.276252 0.483165 0.830805
v -0.184131 0.223056 0.023574
vn -0.280102 0.754158 0.593960
v -0.200672 0.235933 0.006203
vn -0.081876 0.423133 -0.902361
v -0.200256 0.210849 -0.078357
vn -0.300722 -0.882470 0.361682
v -0.214985 0.126052 -0.017276
vn -0.338878 -0.827328 0.447985
v -0.209792 0.128390 -0.008443
vn -0.036108 0.343724 0.938376
v -0.289802 0.205346 0.015977
vn -0.037693 0.507511 0.860821
v -0.352056 0.212472 0.009620
vn -0.013177 0.617481 0.786475
v -0.371025 0.220437 0.003662
vn -0.096707 0.025722 0.994980
v -0.242726 0.192853 0.022125
vn -0.088242 -0.204566 0.974867
v -0.246167 0.182044 0.020754
vn -0.037927 -0.376526 0.925629
v -0.343939 0.176509 0.014133
vn 0.014587 -0.996693 0.079944
v -0.375342 0.138263 -0.042896
vn -0.031868 0.845364 -0.533239
v -0.462977 0.237149 -0.049698
vn -0.112736 -0.253499 0.960744
v -0.424800 0.181666 0.003084
vn -0.094019 -0.193078 0.976669
v -0.434648 0.185059 0.002960
vn 0.022201 0.605938 -0.795202
v -0.394771 0.217133 -0.068711
vn -0.028533 0.340967 -0.939642
v -0.393005 0.196363 -0.079996
vn -0.206389 0.958044 0.198884
v -0.509347 0.236101 -0.034962
vn -0.217760 0.972614 0.081254
v -0.497998 0.239257 -0.036193
vn -0.133912 0.852216 -0.505762
v -0.518423 0.229056 -0.062773
vn -0.031264 -0.940569 -0.338160
v -0.463164 0.137405 -0.065732
vn -0.037285 -0.992056 -0.120141
v -0.458966 0.135084 -0.056373
vn 0.052440 -0.933184 -0.355553
v -0.442812 0.136659 -0.062559
vn -0.454111 -0.828194 -0.328447
v -0.546388 0.154128 -0.057983
vn -0.280391 -0.955484 -0.091826
v -0.528006 0.146335 -0.054869
vn -0.048476 0.826332 -0.561093
v -0.255252 0.226361 -0.062467
vn -0.047904 0.888616 -0.456144
v -0.264111 0.228618 -0.057806
vn -0.186383 0.926726 -0.326253
v -0.215654 0.240094 -0.044834
vn -0.280375 0.951634 0.125631
v -0.203484 0.246260 -0.018554
vn -0.102361 0.860306 0.499395
v -0.257130 0.229132 -0.001366
vn 0.056335 0.929415 -0.364712
v -0.384099 0.237270 -0.043135
vn 0.129301 0.960912 0.244806
v -0.431249 0.241856 -0.023484
vn 0.044574 -0.960757 0.273786
v -0.378311 0.139818 -0.032975
vn -0.095375 0.019124 0.995258
v -0.465227 0.196699 0.001226
vn -0.201921 0.953163 0.225183
v -0.476724 0.243045 -0.027855
vn -0.155360 -0.858334 -0.489006
v -0.504670 0.147013 -0.078189
vn -0.182930 0.981484 -0.056791
v -0.235268 0.238751 -0.032045
vn -0.216482 0.976195 0.013411
v -0.225120 0.240947 -0.027134
vn -0.151438 0.283286 0.947003
v -0.217807 0.205874 0.022996
vn -0.094289 -0.154745 0.983445
v -0.227420 0.185318 0.023162
vn 0.040043 0.982768 0.180452
v -0.411862 0.240232 -0.024545
vn -0.134034 0.971754 -0.194239
v -0.504099 0.237487 -0.046528
vn -0.109376 0.571256 0.813451
v -0.507272 0.220695 -0.012522
vn -0.042728 0.628047 -0.777001
v -0.318904 0.213579 -0.074811
vn 0.060811 0.727853 -0.683032
v -0.478597 0.224801 -0.065051
vn -0.138495 0.914692 0.379681
v -0.239626 0.233637 -0.006497
vn -0.051376 -0.051781 0.997336
v -0.283858 0.189880 0.018483
vn -0.177743 0.943710 0.278959
v -0.233888 0.236862 -0.012825
vn -0.143530 0.963834 0.224549
v -0.242325 0.236062 -0.015229
vn 0.080116 0.846992 0.525534
v -0.356645 0.229815 -0.007174
vn 0.015610 0.695470 -0.718386
v -0.390866 0.223243 -0.063343
vn -0.054125 -0.215930 0.974907
v -0.352313 0.182115 0.015405
vn 0.059836 -0.964958 -0.255491
v -0.422879 0.136040 -0.057247
vn -0.094430 0.819124 0.565790
v -0.522643 0.227637 -0.021082
vn -0.546347 0.335057 -0.767621
v -0.542172 0.199276 -0.081516
vn -0.649865 -0.065988 -0.757180
v -0.552056 0.183224 -0.076230
vn -0.188580 -0.924986 -0.329907
v -0.507241 0.144185 -0.070581
vn -0.276896 0.667776 0.690944
v -0.193787 0.233080 0.012484
vn -0.121080 -0.551903 0.825071
v -0.231437 0.159516 0.011795
vn -0.151446 0.770751 -0.618876
v -0.522602 0.223226 -0.069852
vn -0.088247 -0.357526 0.929725
v -0.239911 0.174716 0.019152
vn -0.112190 -0.473723 0.873499
v -0.225853 0.164872 0.015798
vn -0.118478 0.232291 0.965403
v -0.226861 0.202757 0.022706
vn -0.097155 -0.399613 0.911521
v -0.267371 0.174349 0.015814
vn -0.160233 0.240072 0.957440
v -0.381281 0.203982 0.011019
vn -0.069376 0.803816 -0.590819
v -0.237129 0.227657 -0.062653
vn -0.091065 0.186589 -0.978208
v -0.364541 0.184501 -0.085778
vn 0.056274 0.631968 -0.772949
v -0.405954 0.220183 -0.067040
vn -0.082067 0.036499 0.995958
v -0.272770 0.193070 0.019128
vn 0.125868 0.951367 0.281172
v -0.352215 0.233981 -0.017745
vn -0.227370 0.223977 0.947701
v -0.192107 0.207905 0.027387
vn -0.055378 0.577871 -0.814247
v -0.367197 0.212154 -0.073436
vn -0.018506 0.688575 -0.724929
v -0.366921 0.219855 -0.066987
vn -0.198619 0.977670 -0.068639
v -0.514198 0.236007 -0.044487
vn -0.056889 0.635275 0.770188
v -0.388733 0.225180 -0.000750
vn -0.039079 0.725904 0.686685
v -0.395331 0.230768 -0.006211
vn -0.147339 0.987615 0.053918
v -0.244228 0.237102 -0.025003
vn -0.128220 0.694738 0.707742
v -0.234463 0.223586 0.009827
vn -0.172045 0.783401 0.597230
v -0.226720 0.229503 0.004666
vn -0.021848 0.558019 0.829540
v -0.361413 0.216081 0.007102
vn 0.063709 0.895154 0.441181
v -0.345450 0.229798 -0.009142
vn 0.075248 0.963104 -0.258395
v -0.343324 0.232546 -0.043617
vn 0.114134 0.992891 0.033764
v -0.377367 0.239541 -0.028600
vn -0.143526 -0.822511 0.550342
v -0.515922 0.150405 -0.028944
vn -0.400011 -0.585792 0.704868
v -0.192237 0.135816 0.012598
vn -0.199463 -0.916984 0.345478
v -0.241849 0.131368 -0.020894
vn -0.260673 -0.769606 0.582886
v -0.232323 0.136040 -0.007406
vn -0.378039 -0.566850 0.731961
v -0.202748 0.138781 0.009707
vn -0.307494 -0.729310 0.611191
v -0.216950 0.135499 -0.000957
vn -0.471650 -0.379166 0.796102
v -0.178049 0.142434 0.024892
vn -0.083511 -0.017558 0.996352
v -0.456103 0.194818 0.001913
vn -0.238995 0.653278 0.718408
v -0.203244 0.228734 0.013024
vn -0.096316 -0.276900 -0.956059
v -0.359958 0.162251 -0.085736
vn -0.126227 0.825637 0.549900
v -0.236742 0.229712 0.001957
vn -0.008802 -0.406984 0.913393
v -0.327124 0.175603 0.014155
vn -0.286236 -0.694100 0.660526
v -0.225455 0.137553 -0.002320
vn -0.074929 0.878982 0.470931
v -0.267487 0.229015 -0.003195
vn -0.179603 -0.143671 0.973191
v -0.408872 0.186152 0.006426
vn 0.078299 -0.905987 -0.416001
v -0.416594 0.138503 -0.062508
vn -0.546994 0.252302 -0.798211
v -0.538176 0.194074 -0.086249
vn 0.044128 0.996081 0.076653
v -0.333753 0.233564 -0.026558
vn -0.052164 0.451592 -0.890698
v -0.208908 0.211382 -0.077503
vn -0.276539 0.103272 0.955438
v -0.184503 0.201769 0.030305
vn -0.288408 0.904829 0.313218
v -0.065071 0.266555 -0.023468
vn -0.594504 0.681066 0.427450
v -0.049815 0.268879 -0.007865
vn -0.076699 0.966294 0.245748
v -0.073849 0.264754 -0.022657
vn -0.523893 0.703652 0.480011
v -0.049802 0.263158 0.000397
vn -0.518948 0.734360 0.437503
v -0.054786 0.262635 -0.005230
vn -0.298342 0.767882 0.566876
v -0.049689 0.256453 0.008465
vn -0.023576 0.999702 0.006380
v -0.090791 0.264266 -0.018017
vn -0.082756 0.765229 0.638417
v -0.049757 0.248818 0.016941
vn -0.052542 0.725812 0.685884
v -0.049988 0.242224 0.024021
vn -0.032236 0.770468 0.636663
v -0.059177 0.246944 0.018595
vn -0.014085 0.888450 0.458758
v -0.067225 0.251343 0.011816
vn -0.315895 0.535761 0.783053
v -0.142910 0.228705 0.035953
vn -0.083773 0.735133 0.672727
v -0.050292 0.235545 0.031327
vn -0.094244 0.736748 0.669567
v -0.057372 0.232701 0.033481
vn -0.051903 0.714951 0.697245
v -0.050603 0.222400 0.045410
vn -0.086047 0.734682 0.672933
v -0.050548 0.229811 0.037701
vn 0.019336 0.786416 0.617395
v -0.088547 0.228086 0.035257
vn -0.485424 0.200157 0.851058
v -0.142582 0.193869 0.048470
vn -0.130112 0.406665 0.904265
v -0.093489 0.210155 0.055797
vn -0.135445 0.529316 0.837544
v -0.058130 0.202912 0.062925
vn -0.163678 0.414849 0.895047
v -0.062126 0.194559 0.066225
vn -0.142965 0.572484 0.807355
v -0.047250 0.205595 0.062991
vn -0.087557 0.472006 0.877236
v -0.039185 0.192965 0.070451
vn -0.068030 0.633237 0.770962
v -0.076494 0.186776 0.066589
vn -0.134189 0.337964 0.931544
v -0.078960 0.198869 0.061720
vn -0.032384 0.511386 0.858740
v -0.075309 0.207281 0.058440
vn -0.638077 0.127214 0.759390
v -0.141893 0.177502 0.055268
vn -0.568318 0.076367 0.819257
v -0.134008 0.173174 0.062037
vn -0.151336 0.444746 0.882779
v -0.050794 0.195767 0.067651
vn 0.032727 0.587657 0.808448
v -0.037864 0.140537 0.108961
vn -0.884263 -0.323875 0.336428
v -0.152036 0.125000 0.043568
vn 0.004119 0.581327 0.813659
v -0.026455 0.118470 0.123844
vn -0.804604 -0.475441 0.355764
v -0.150323 0.118489 0.035136
vn -0.784767 -0.380697 0.489091
v -0.155325 0.126843 0.035272
vn 0.012026 0.582016 0.813088
v -0.019567 0.125590 0.118582
vn -0.010114 0.529420 0.848300
v -0.012154 0.107700 0.131386
vn -0.978465 -0.203420 0.035026
v -0.124885 0.050186 0.021362
vn -0.911557 0.036872 0.409517
v -0.127685 0.105438 0.077643
vn -0.922511 -0.200321 0.329916
v -0.145610 0.101601 0.034174
vn -0.928806 -0.216113 0.301023
v -0.139638 0.096713 0.048201
vn -0.844630 -0.382306 0.374757
v -0.152396 0.108721 0.020380
vn -0.873974 -0.482514 0.057878
v -0.134238 0.076316 0.014594
vn -0.846939 -0.512804 0.140451
v -0.136018 0.083712 0.034773
vn -0.797798 -0.583174 0.153055
v -0.141005 0.088609 0.027006
vn -0.854878 -0.507715 0.106818
v -0.135489 0.080390 0.024464
vn -0.910975 -0.297123 0.286083
v -0.148796 0.101231 0.024956
vn -0.749902 -0.661001 0.026925
v -0.143691 0.088577 0.004731
vn -0.786533 -0.610912 0.090296
v -0.140615 0.086106 0.015497
vn -0.866189 -0.437367 0.241717
v -0.145238 0.095255 0.029151
vn -0.873509 -0.422579 0.241679
v -0.141679 0.093029 0.037688
vn -0.803724 -0.501085 0.320847
v -0.156079 0.108520 0.011728
vn -0.765863 -0.634926 0.101600
v -0.150073 0.095283 0.003896
vn -0.730162 -0.682042 0.041001
v -0.152887 0.097002 -0.004590
vn -0.784510 -0.610916 0.106424
v -0.146906 0.092496 0.011907
vn -0.794769 -0.569705 0.209233
v -0.156551 0.103857 0.002073
vn -0.031978 0.230253 0.972605
v -0.014180 0.085551 0.141620
vn -0.986761 -0.152771 0.054432
v -0.123199 0.042562 0.028359
vn -0.192765 0.520793 0.831635
v -0.078244 0.107627 0.129336
vn -0.953755 -0.291227 0.074422
v -0.127840 0.064148 0.033712
vn -0.020315 -0.154784 0.987740
v -0.010553 0.069470 0.142319
vn -0.010295 -0.250963 0.967942
v 0.000157 0.064688 0.141626
vn -0.992708 -0.109754 0.049858
v -0.121920 0.030901 0.026162
vn -0.054868 -0.502775 0.862674
v -0.032718 0.043867 0.131252
vn -0.087231 -0.543872 0.834622
v -0.047806 0.038406 0.126608
vn -0.412900 -0.487906 0.769065
v -0.093256 0.053357 0.127534
vn -0.387921 -0.593587 0.705104
v -0.092478 0.045296 0.121889
vn -0.986207 0.014601 0.164873
v -0.118860 -0.007836 0.032703
vn -0.996845 0.025327 0.075226
v -0.119990 -0.006240 0.022786
vn -0.986114 0.141895 0.086288
v -0.121259 -0.021052 0.021612
vn -0.196435 -0.643934 0.739434
v -0.073522 0.036310 0.120866
vn -0.084955 -0.310025 0.946925
v -0.014519 0.022546 0.122420
vn -0.063508 -0.144409 0.987478
v -0.003759 0.000067 0.118432
vn -0.908593 0.417257 0.018870
v -0.130394 -0.047125 0.012293
vn -0.985336 0.170584 0.003801
v -0.121793 -0.022548 0.013215
vn -0.128316 0.026537 0.991378
v -0.013190 -0.023876 0.115644
vn -0.922403 0.378269 0.078015
v -0.140372 -0.069177 0.013784
vn -0.107822 0.293972 0.949713
v -0.012061 -0.058798 0.123400
vn -0.859483 0.068457 0.506559
v -0.112354 -0.028845 0.056924
vn -0.728715 0.313790 0.608695
v -0.109979 -0.080636 0.080094
vn -0.732531 0.318510 0.601623
v -0.105877 -0.072570 0.080562
vn -0.560145 0.172737 0.810185
v -0.117965 -0.156752 0.095320
vn -0.587148 0.200972 0.784135
v -0.124827 -0.155700 0.090319
vn -0.615301 0.216470 0.757988
v -0.120166 -0.138682 0.089366
vn -0.647852 0.239549 0.723121
v -0.133695 -0.154161 0.082853
vn -0.831302 0.320874 0.453848
v -0.138670 -0.110028 0.056309
vn -0.880330 0.270725 0.389522
v -0.143720 -0.112000 0.047692
vn -0.865776 0.262217 0.426232
v -0.142338 -0.118939 0.055057
vn -0.975588 0.214943 0.045035
v -0.150669 -0.100778 0.003710
vn -0.725823 0.282525 0.627185
v -0.141753 -0.152631 0.074408
vn -0.801432 0.310490 0.511177
v -0.148563 -0.151244 0.064556
vn -0.970759 0.177831 0.161253
v -0.149119 -0.103891 0.022981
vn -0.969529 0.217217 0.113271
v -0.148643 -0.095240 0.014552
vn -0.830871 0.304891 0.465504
v -0.144924 -0.135097 0.060099
vn -0.858234 0.344207 0.380730
v -0.153887 -0.150063 0.053947
vn -0.979212 0.196493 0.050340
v -0.154832 -0.121212 0.001619
vn -0.901054 0.372309 0.222459
v -0.158401 -0.148753 0.038599
vn -0.917902 0.281051 0.280118
v -0.149597 -0.129115 0.043386
vn -0.936238 0.288101 0.201138
v -0.152604 -0.130299 0.033288
vn -0.885607 0.367766 0.283635
v -0.156463 -0.149398 0.046359
vn -0.956602 0.288803 0.038796
v -0.158760 -0.138368 0.005808
vn -0.927290 0.359507 0.104345
v -0.160659 -0.147356 0.022608
vn -0.912275 0.374060 0.166833
v -0.159778 -0.148071 0.030715
vn -0.945137 0.322019 0.054954
v -0.161223 -0.146459 0.010569
vn -0.096124 0.280765 0.954951
v -0.008229 -0.051403 0.121521
vn -0.548534 0.109963 0.828866
v -0.094334 -0.159871 0.111435
vn -0.552639 0.147138 0.820330
v -0.110437 -0.157807 0.100549
vn -0.526793 0.069416 0.847155
v -0.076107 -0.162066 0.123331
vn -0.073321 0.229277 0.970596
v -0.012446 -0.090572 0.132361
vn -0.109666 0.275484 0.955030
v -0.017327 -0.076312 0.128224
vn -0.283332 0.064419 0.956856
v -0.043576 -0.165968 0.139567
vn -0.413764 0.105721 0.904225
v -0.056379 -0.147463 0.133173
vn -0.445694 0.050421 0.893764
v -0.059135 -0.164070 0.133187
vn -0.063548 0.200096 0.977713
v -0.001372 -0.102850 0.135701
vn -0.203591 0.077933 0.975949
v -0.035690 -0.166989 0.141654
vn -0.090657 0.105492 0.990279
v -0.022070 -0.168853 0.143832
vn -0.064852 0.148134 0.986839
v -0.006691 -0.128785 0.139889
vn -0.067509 0.105208 0.992156
v -0.011476 -0.170195 0.144764
vn 0.001301 0.648425 0.761278
v -0.004034 0.160209 0.097463
vn 0.022290 0.598763 0.800616
v -0.020908 0.182196 0.077302
vn 0.009379 0.612116 0.790713
v -0.009674 0.179953 0.078615
vn -0.258072 0.746863 0.612858
v -0.137238 0.251244 0.014924
vn -0.112977 0.961410 -0.250854
v -0.109892 0.261717 -0.017159
vn -0.137914 0.819002 0.556970
v -0.128199 0.255632 0.013042
vn -0.023952 0.973053 -0.229336
v -0.118960 0.261438 -0.017036
vn 0.119168 0.894394 0.431113
v -0.106208 0.262253 -0.002354
vn -0.020497 0.997578 0.066462
v -0.107714 0.264971 -0.008201
vn -0.025824 0.987647 -0.154555
v -0.129362 0.261253 -0.017082
vn 0.066339 0.968024 0.241925
v -0.080488 0.263935 -0.015935
vn -0.138022 0.969781 -0.201182
v -0.100964 0.263335 -0.018143
vn 0.074327 0.985396 0.153199
v -0.098645 0.264838 -0.010117
vn -0.001051 0.683750 0.729715
v -0.122675 0.236077 0.033325
vn -0.097113 0.680948 0.725864
v -0.055737 0.209302 0.057942
vn -0.068590 0.709931 0.700923
v -0.049786 0.213227 0.054546
vn -0.680006 0.073678 0.729496
v -0.147978 0.162362 0.050483
vn -0.470831 0.331103 0.817734
v -0.134245 0.181020 0.060128
vn -0.008437 0.543309 0.839490
v -0.011559 0.137913 0.110077
vn -0.146752 0.562893 0.813398
v -0.104608 0.188379 0.069330
vn -0.017170 0.401858 0.915541
v -0.027163 0.096246 0.137435
vn -0.008778 0.468794 0.883264
v -0.011860 0.100364 0.135604
vn -0.598822 0.297438 0.743601
v -0.107345 0.136830 0.093964
vn -0.027487 0.054067 0.998159
v -0.010195 0.078057 0.142842
vn -0.867124 -0.158162 0.472315
v -0.128362 0.116920 0.079078
vn -0.767806 -0.486591 0.416777
v -0.112049 0.046302 0.103135
vn -0.822428 -0.466998 0.324847
v -0.114935 0.044876 0.095108
vn -0.009859 -0.401030 0.916012
v -0.002882 0.053828 0.137464
vn -0.011124 0.322632 0.946459
v -0.048040 0.090645 0.139373
vn -0.984723 -0.078697 0.155331
v -0.118971 0.009741 0.035845
vn -0.993188 -0.027794 0.113158
v -0.119443 0.001627 0.029038
vn -0.985361 -0.126117 0.114706
v -0.120699 0.028552 0.037968
vn -0.975075 -0.206584 0.080946
v -0.122529 0.046306 0.047783
vn -0.045147 -0.459655 0.886949
v -0.015630 0.039715 0.129943
vn -0.113010 -0.240996 0.963924
v -0.018051 0.014177 0.119749
vn -0.956310 -0.044944 0.288881
v -0.114812 -0.002372 0.049770
vn -0.964376 -0.096932 0.246136
v -0.116435 0.007469 0.046725
vn -0.806587 -0.373774 0.457941
v -0.106124 0.022054 0.082936
vn -0.874636 -0.343952 0.341626
v -0.111213 0.024549 0.074624
vn -0.186405 -0.309167 0.932560
v -0.041988 0.016055 0.116314
vn -0.877430 0.317783 0.359348
v -0.128714 -0.055903 0.038346
vn -0.845497 0.292821 0.446533
v -0.125263 -0.056794 0.046308
vn -0.119656 0.227040 0.966507
v -0.009912 -0.041481 0.118547
vn -0.564786 0.154209 0.810701
v -0.107898 -0.146369 0.100191
vn -0.777962 0.336809 0.530410
v -0.119855 -0.089698 0.071732
vn -0.628219 0.218067 0.746851
v -0.106359 -0.089752 0.087414
vn -0.565013 0.198966 0.800733
v -0.097880 -0.094546 0.094466
vn -0.972430 0.233013 0.009271
v -0.156831 -0.130801 0.000416
vn -0.587282 0.226284 0.777108
v -0.099099 -0.112604 0.098690
vn -0.156035 0.284115 0.946008
v -0.017182 -0.050091 0.119990
vn -0.214478 0.241243 0.946468
v -0.033615 -0.093034 0.130202
vn -0.338131 0.273578 0.900457
v -0.043339 -0.090145 0.126517
vn -0.553155 0.146491 0.820098
v -0.081877 -0.136034 0.116371
vn -0.404078 0.329066 0.853485
v -0.046440 -0.071247 0.118346
vn -0.480274 0.184181 0.857563
v -0.062825 -0.123923 0.126058
vn -0.451223 0.143288 0.880833
v -0.060132 -0.135329 0.129738
vn -0.018913 0.565652 0.824427
v -0.030962 0.186468 0.074496
vn -0.126584 0.542004 0.830788
v -0.048409 0.186596 0.073051
vn 0.031305 0.569904 0.821115
v -0.027972 0.134816 0.112507
vn -0.039464 0.563616 0.825094
v -0.032856 0.160589 0.097351
vn 0.033247 0.705375 0.708054
v -0.026235 0.170578 0.087295
vn -0.270602 0.913336 0.304289
v -0.139290 0.258779 0.000450
vn -0.140153 0.914634 0.379213
v -0.064616 0.255008 0.002570
vn -0.004030 0.740846 0.671663
v -0.119623 0.252158 0.018647
vn 0.001498 0.936123 0.351670
v -0.116559 0.261862 0.000237
vn -0.079713 0.912955 0.400200
v -0.069562 0.261909 -0.013732
vn -0.274350 0.855318 0.439504
v -0.061850 0.259211 -0.005980
vn -0.024819 0.908883 0.416313
v -0.069852 0.257328 -0.004496
vn -0.619349 0.710961 0.333078
v -0.049726 0.273584 -0.016116
vn 0.024517 0.886788 0.461526
v -0.118844 0.258115 0.009687
vn 0.022041 0.729006 0.684152
v -0.069298 0.245259 0.020423
vn 0.152197 0.913675 0.376875
v -0.088179 0.262391 -0.008461
vn -0.002378 0.679151 0.733994
v -0.120659 0.243932 0.025559
vn -0.147833 0.843155 0.516948
v -0.057882 0.252829 0.010105
vn 0.084439 0.865539 0.493673
v -0.076878 0.250507 0.014604
vn 0.031213 0.572062 0.819616
v -0.090368 0.240773 0.024994
vn -0.327963 0.432915 0.839657
v -0.140214 0.209119 0.048015
vn -0.278978 0.470421 0.837183
v -0.131604 0.204063 0.053751
vn -0.060997 0.794625 0.604028
v -0.070690 0.226725 0.038920
vn 0.109537 0.806482 0.581024
v -0.096910 0.226815 0.038314
vn 0.093765 0.767140 0.634590
v -0.106415 0.226175 0.041507
vn -0.127791 0.350935 0.927639
v -0.086042 0.204797 0.059038
vn -0.320298 0.354886 0.878331
v -0.120884 0.196093 0.061383
vn -0.384588 0.231545 0.893577
v -0.120429 0.188109 0.062694
vn -0.070450 0.559198 0.826035
v -0.059963 0.140389 0.108847
vn -0.116762 0.583030 0.804017
v -0.070248 0.134990 0.110858
vn -0.576745 0.318010 0.752486
v -0.117035 0.158245 0.073989
vn -0.487498 0.530897 0.693177
v -0.123581 0.155219 0.072584
vn -0.000995 0.500393 0.865798
v -0.030113 0.104886 0.132832
vn -0.735940 -0.044321 0.675594
v -0.126227 0.144485 0.072979
vn -0.876560 -0.433032 0.210062
v -0.132146 0.084339 0.055757
vn -0.152040 0.560539 0.814051
v -0.074391 0.113883 0.125925
vn -0.792572 0.182651 0.581780
v -0.144154 0.132284 0.057169
vn -0.284178 0.562431 0.776476
v -0.091222 0.142104 0.100457
vn -0.675966 0.360903 0.642510
v -0.127675 0.136088 0.072688
vn -0.952636 -0.250541 0.172377
v -0.127071 0.078303 0.070112
vn -0.953186 -0.102521 0.284474
v -0.125007 0.084726 0.086611
vn -0.939106 -0.029410 0.342367
v -0.137507 0.100399 0.055954
vn -0.978743 -0.106018 0.175564
v -0.123843 0.073651 0.084463
vn -0.961828 -0.195910 0.191063
v -0.121505 0.058756 0.089365
vn -0.180214 0.441832 0.878810
v -0.077037 0.099764 0.134107
vn -0.968862 -0.213350 0.125650
v -0.120244 0.038408 0.053851
vn -0.947756 -0.288703 0.135684
v -0.119241 0.040217 0.065073
vn -0.948223 -0.246418 0.200380
v -0.117430 0.030540 0.059582
vn -0.970714 -0.231663 0.063610
v -0.124844 0.054670 0.040938
vn -0.149854 -0.195279 0.969232
v -0.023064 0.006395 0.117339
vn -0.150516 -0.253155 0.955645
v -0.026335 0.014030 0.118605
vn -0.880719 -0.028755 0.472765
v -0.110502 -0.019509 0.059822
vn -0.233553 -0.200631 0.951420
v -0.040416 -0.000483 0.112347
vn -0.461105 -0.307250 0.832454
v -0.076988 0.006098 0.100750
vn -0.122764 -0.559994 0.819350
v -0.069837 0.050042 0.132939
vn -0.906008 0.179163 0.383471
v -0.117620 -0.031922 0.047623
vn -0.124913 -0.064409 0.990075
v -0.013254 -0.015168 0.115902
vn -0.162804 0.121188 0.979188
v -0.017003 -0.031348 0.115631
vn -0.928934 0.069065 0.363748
v -0.114816 -0.020937 0.050603
vn -0.653638 -0.106836 0.749229
v -0.090237 -0.023840 0.083523
vn -0.489861 0.268157 0.829535
v -0.060129 -0.095362 0.119655
vn -0.412057 0.247393 0.876930
v -0.046400 -0.046783 0.109309
vn -0.354317 0.272728 0.894471
v -0.037312 -0.047616 0.113689
vn -0.503300 0.292937 0.812944
v -0.068713 -0.081537 0.109608
vn -0.468579 0.131816 0.873532
v -0.075054 -0.041912 0.096442
vn -0.575682 0.203452 0.791958
v -0.095096 -0.119474 0.103572
vn -0.389479 0.171450 0.904937
v -0.055381 -0.045363 0.104644
vn -0.378779 0.123997 0.917143
v -0.049686 -0.038976 0.106044
vn -0.523835 0.231994 0.819619
v -0.071485 -0.110413 0.117348
vn -0.550016 0.193645 0.812394
v -0.081593 -0.121308 0.113513
vn -0.080457 0.172065 0.981794
v -0.017906 -0.115609 0.137009
vn -0.149125 0.146377 0.977924
v -0.031945 -0.130645 0.138075
vn -0.416076 0.257121 0.872221
v -0.051063 -0.097564 0.125467
vn -0.034439 0.445683 0.894528
v -0.021491 0.149518 0.102787
vn -0.058782 0.574547 0.816358
v -0.044663 0.162148 0.095060
vn -0.083985 0.996403 -0.011267
v -0.122693 0.263693 -0.008339
vn 0.084569 0.663589 0.743302
v -0.110627 0.246538 0.022814
vn 0.090200 0.668534 0.738192
v -0.094209 0.232768 0.030667
vn 0.169331 0.704189 0.689526
v -0.104548 0.231999 0.033967
vn -0.026284 0.646294 0.762635
v -0.071954 0.237265 0.026861
vn -0.032282 0.662654 0.748229
v -0.124710 0.201833 0.056370
vn 0.038114 0.767566 0.639835
v -0.098664 0.222041 0.046186
vn -0.059352 0.583224 0.810140
v -0.105934 0.198158 0.056377
vn -0.399152 0.294939 0.868152
v -0.127565 0.199325 0.057344
vn -0.391569 0.423746 0.816770
v -0.125100 0.181011 0.064199
vn 0.025632 0.704512 0.709229
v -0.118672 0.198217 0.060266
vn -0.178488 0.446410 0.876846
v -0.113715 0.192240 0.064868
vn -0.305337 0.423723 0.852777
v -0.102068 0.164719 0.085257
vn -0.160057 0.692156 0.703777
v -0.105501 0.171724 0.076665
vn -0.242070 0.554452 0.796232
v -0.109150 0.176770 0.070439
vn -0.390328 0.397037 0.830666
v -0.109389 0.167902 0.080488
vn -0.188552 0.597686 0.779243
v -0.088640 0.160327 0.090880
vn -0.070818 0.462907 0.883573
v -0.039318 0.155583 0.099352
vn -0.605179 0.140103 0.783664
v -0.125696 0.161596 0.067001
vn -0.592240 0.183111 0.784680
v -0.133893 0.161568 0.060403
vn -0.694261 0.042015 0.718496
v -0.143208 0.154635 0.057128
vn -0.568520 0.384149 0.727471
v -0.114442 0.148257 0.086045
vn -0.582985 0.173193 0.793809
v -0.109348 0.159737 0.080526
vn 0.025788 0.552988 0.832790
v -0.035482 0.132958 0.114087
vn 0.008800 0.559845 0.828551
v -0.044116 0.113882 0.127203
vn -0.723474 0.361691 0.588018
v -0.134077 0.130571 0.071927
vn -0.719101 0.334169 0.609282
v -0.129210 0.128550 0.078786
vn -0.449854 0.456180 0.767810
v -0.108399 0.146673 0.091103
vn -0.689425 0.134001 0.711855
v -0.130420 0.150909 0.070351
vn -0.921060 -0.251744 0.297108
v -0.113517 0.021457 0.065006
vn -0.952817 -0.194163 0.233325
v -0.116766 0.022558 0.054589
vn -0.971639 -0.170234 0.164129
v -0.119215 0.029157 0.048792
vn -0.911716 -0.373207 0.171727
v -0.118081 0.042147 0.077617
vn -0.461682 -0.472266 0.750876
v -0.085660 0.019316 0.101872
vn -0.273510 -0.046112 0.960763
v -0.032375 -0.020490 0.111557
vn -0.213762 -0.500201 0.839110
v -0.059272 0.027192 0.117393
vn -0.149550 -0.526415 0.836972
v -0.053653 0.032100 0.121695
vn -0.962461 0.259314 0.080155
v -0.122906 -0.029157 0.020334
vn -0.936542 0.247101 0.248658
v -0.120525 -0.031224 0.037759
vn -0.940894 -0.106732 0.321445
v -0.113153 0.004750 0.056882
vn -0.311202 0.203154 0.928376
v -0.032078 -0.039150 0.113343
vn -0.373703 0.167724 0.912258
v -0.041586 -0.038565 0.109416
vn -0.558471 0.237448 0.794814
v -0.089553 -0.098331 0.101459
vn -0.403845 -0.051319 0.913387
v -0.064745 -0.025876 0.100582
vn -0.547034 0.095582 0.831636
v -0.076807 -0.033920 0.094167
vn -0.898028 0.368611 0.240149
v -0.132007 -0.055307 0.028541
vn -0.908097 0.368115 0.199628
v -0.137114 -0.064590 0.023214
vn -0.747300 0.291768 0.597005
v -0.126466 -0.105621 0.072839
vn -0.749675 0.231145 0.620129
v -0.130464 -0.115990 0.071892
vn -0.944320 0.282972 0.167891
v -0.145398 -0.085225 0.019535
vn -0.908587 0.304190 0.286247
v -0.142244 -0.083031 0.029269
vn -0.338752 0.024508 0.940556
v -0.058139 -0.034613 0.102540
vn -0.290651 0.319321 0.901973
v -0.035759 -0.073501 0.123556
vn -0.260398 0.287692 0.921643
v -0.035372 -0.083863 0.127262
vn -0.241547 0.202508 0.949023
v -0.038876 -0.110180 0.132960
vn -0.033078 0.436168 0.899257
v -0.031049 0.152804 0.100952
vn -0.041265 0.542163 0.839260
v -0.047909 0.152657 0.100052
vn -0.011970 0.694117 0.719763
v -0.034808 0.167044 0.091153
vn 0.165233 0.893384 0.417807
v -0.101552 0.257908 0.003898
vn 0.069630 0.752528 0.654869
v -0.086931 0.248945 0.019013
vn 0.000853 0.647259 0.762270
v -0.082738 0.233955 0.029491
vn 0.081898 0.695062 0.714270
v -0.101798 0.249128 0.019822
vn -0.182973 0.425330 0.886349
v -0.118780 0.218698 0.047671
vn -0.611221 -0.003496 0.791452
v -0.118438 0.166865 0.073714
vn -0.365717 0.532232 0.763531
v -0.100980 0.150088 0.089489
vn -0.397157 0.474997 0.785267
v -0.120473 0.176009 0.070876
vn -0.371898 0.462106 0.805077
v -0.116160 0.172613 0.074884
vn -0.272128 0.510537 0.815658
v -0.095290 0.172697 0.078388
vn -0.159836 0.600127 0.783773
v -0.092022 0.165199 0.085235
vn -0.000559 0.564414 0.825491
v -0.054274 0.114742 0.126803
vn 0.006726 0.554639 0.832064
v -0.041479 0.127380 0.117730
vn -0.019538 0.557131 0.830195
v -0.051253 0.129209 0.116472
vn -0.004475 0.590287 0.807181
v -0.048873 0.143524 0.107012
vn -0.344150 0.453796 0.821967
v -0.092465 0.150934 0.093253
vn -0.977180 -0.178601 0.114985
v -0.125844 0.068755 0.065672
vn -0.931226 0.034016 0.362851
v -0.127560 0.095099 0.082096
vn -0.919304 -0.300841 0.253722
v -0.131380 0.087314 0.065150
vn -0.980725 -0.170309 0.095777
v -0.123974 0.060952 0.072589
vn -0.021658 -0.116323 0.992975
v -0.048982 0.070909 0.142110
vn -0.114827 -0.422330 0.899140
v -0.032512 0.028868 0.122953
vn -0.510937 -0.265852 0.817475
v -0.080604 0.000268 0.096519
vn -0.502297 -0.205277 0.839976
v -0.075700 -0.008767 0.097102
vn -0.190443 -0.415374 0.889492
v -0.050021 0.023276 0.117554
vn -0.649907 -0.192105 0.735335
v -0.091845 -0.013456 0.084219
vn -0.501687 -0.348790 0.791616
v -0.083862 0.009649 0.098108
vn -0.585784 -0.389329 0.710831
v -0.092994 0.015000 0.094346
vn -0.881286 -0.094666 0.463004
v -0.108861 -0.010110 0.064638
vn -0.673432 -0.298084 0.676488
v -0.097065 0.007464 0.087325
vn -0.201911 -0.015363 0.979284
v -0.021998 -0.020698 0.114233
vn -0.532738 0.193084 0.823959
v -0.081827 -0.049487 0.094040
vn -0.599789 -0.154568 0.785087
v -0.085773 -0.018129 0.088236
vn -0.805562 0.287078 0.518321
v -0.123364 -0.063048 0.053645
vn -0.701565 0.168766 0.692332
v -0.092151 -0.041096 0.082049
vn -0.868428 0.284794 0.405864
v -0.124133 -0.049065 0.043639
vn -0.371630 -0.132696 0.918849
v -0.061196 -0.017247 0.102878
vn -0.330218 -0.008409 0.943867
v -0.048012 -0.029138 0.105986
vn -0.323933 -0.191436 0.926509
v -0.057092 -0.008344 0.106034
vn -0.417945 0.043882 0.907412
v -0.068921 -0.034350 0.098659
vn -0.689976 0.230926 0.686008
v -0.126399 -0.123960 0.078732
vn -0.658387 0.252317 0.709129
v -0.126716 -0.135021 0.082547
vn -0.920514 0.337819 0.196299
v -0.141631 -0.075530 0.021717
vn -0.696187 0.185673 0.693433
v -0.113950 0.139213 0.086698
vn -0.286830 0.480175 0.828952
v -0.084957 0.147627 0.098092
vn -0.085178 0.593519 0.800300
v -0.066475 0.153865 0.098403
vn -0.075971 0.540968 0.837605
v -0.056229 0.157745 0.096395
vn -0.236071 0.503919 0.830865
v -0.084175 0.155732 0.095443
vn -0.168127 0.505573 0.846244
v -0.076549 0.167147 0.087424
vn -0.180906 0.518587 0.835668
v -0.084905 0.172367 0.082870
vn -0.827772 -0.378220 0.414419
v -0.135722 0.117037 0.065007
vn 0.001046 0.552485 0.833522
v -0.044757 0.135239 0.112844
vn -0.109302 0.597380 0.794475
v -0.074211 0.159586 0.093269
vn -0.036811 0.548806 0.835139
v -0.053115 0.136230 0.111969
vn -0.149507 0.582463 0.798990
v -0.075668 0.127322 0.116259
vn -0.017210 -0.352259 0.935744
v -0.030892 0.059860 0.139730
vn -0.028659 -0.339561 0.940147
v -0.050101 0.060946 0.139572
vn -0.057808 -0.560346 0.826239
v -0.051776 0.044484 0.130458
vn -0.340919 -0.399177 0.851135
v -0.069299 0.017010 0.108668
vn -0.826925 -0.170798 0.535745
v -0.104962 -0.004095 0.073003
vn -0.758837 -0.238840 0.605906
v -0.101026 0.001603 0.080377
vn -0.643415 -0.261647 0.719415
v -0.093974 -0.002880 0.085850
vn -0.714841 -0.011649 0.699190
v -0.095730 -0.031350 0.077523
vn -0.582536 0.234905 0.778121
v -0.087421 -0.056088 0.091730
vn -0.662890 0.273634 0.696923
v -0.094135 -0.057640 0.086479
vn -0.659196 0.243353 0.711505
v -0.089706 -0.048957 0.087431
vn -0.161884 -0.595975 0.786516
v -0.063482 0.033922 0.121004
vn -0.559933 0.227835 0.796596
v -0.089855 -0.064534 0.092725
vn -0.607007 -0.009918 0.794634
v -0.082285 -0.027465 0.089416
vn -0.675142 0.043619 0.736397
v -0.088720 -0.032793 0.084207
vn -0.417912 0.231230 0.878568
v -0.069795 -0.061459 0.102223
vn -0.455963 0.192637 0.868901
v -0.080162 -0.060389 0.097317
vn -0.741538 0.292698 0.603696
v -0.110053 -0.052567 0.066042
vn -0.846563 0.220871 0.484301
v -0.118899 -0.042825 0.049891
vn -0.834846 0.139355 0.532552
v -0.114404 -0.037264 0.055371
vn -0.105420 0.549866 0.828573
v -0.067702 0.166969 0.088820
vn -0.067392 0.614958 0.785675
v -0.056194 0.167433 0.090832
vn -0.154745 0.607842 0.778834
v -0.094868 0.182657 0.075077
vn 0.069999 0.798615 0.597758
v -0.084200 0.183739 0.071110
vn -0.734062 0.092185 0.672797
v -0.120408 0.141663 0.079268
vn -0.041433 0.591992 0.804878
v -0.058153 0.149092 0.102599
vn -0.908029 -0.095690 0.407831
v -0.134747 0.108176 0.061087
vn -0.135053 0.609096 0.781514
v -0.066538 0.185730 0.069601
vn -0.520809 0.454084 0.722887
v -0.100140 0.109272 0.118302
vn -0.207499 0.583161 0.785409
v -0.080203 0.140766 0.104505
vn -0.865793 0.194150 0.461203
v -0.118075 0.098223 0.099828
vn -0.830921 0.111601 0.545083
v -0.115169 0.108356 0.102083
vn -0.921747 0.047426 0.384881
v -0.118490 0.081362 0.105220
vn -0.864091 0.195125 0.463974
v -0.116558 0.090926 0.106619
vn -0.550687 -0.470807 0.689264
v -0.101412 0.052352 0.121612
vn -0.777992 0.216058 0.589955
v -0.113349 -0.046297 0.059087
vn -0.819954 -0.097159 0.564123
v -0.106251 -0.019088 0.066759
vn -0.860080 0.324120 0.393966
v -0.133757 -0.071996 0.040938
vn -0.733102 0.296229 0.612217
v -0.120002 -0.097921 0.076561
vn -0.174395 0.524992 0.833048
v -0.076648 0.150403 0.099517
vn -0.317241 0.478311 0.818888
v -0.086274 0.104347 0.129025
vn -0.799457 0.241174 0.550185
v -0.111158 0.092034 0.114746
vn -0.856504 0.155774 0.492072
v -0.114737 0.084981 0.112172
vn -0.033973 -0.492443 0.869681
v -0.051146 0.051698 0.135105
vn -0.005710 0.146472 0.989198
v -0.048965 0.081341 0.141882
vn -0.437954 0.285174 0.852568
v -0.052527 -0.054488 0.108659
vn -0.780379 0.243974 0.575748
v -0.123573 -0.073423 0.058184
vn -0.885641 0.268211 0.379082
v -0.143591 -0.097583 0.037566
vn -0.082647 0.656773 0.749546
v -0.073507 0.173968 0.084381
vn -0.021403 0.722279 0.691270
v -0.062786 0.174153 0.084178
vn -0.807510 -0.353764 0.471995
v -0.146153 0.123820 0.054430
vn -0.910397 -0.308720 0.275445
v -0.136178 0.091749 0.056175
vn -0.869157 -0.455118 0.193477
v -0.135766 0.086293 0.046426
vn -0.018260 0.789191 0.613877
v -0.068944 0.178877 0.077172
vn -0.013509 0.700633 0.713394
v -0.045768 0.170688 0.087449
vn -0.004042 0.741498 0.670943
v -0.053423 0.174120 0.083476
vn -0.604783 0.440397 0.663542
v -0.111441 0.118672 0.103727
vn -0.779290 0.184247 0.598965
v -0.119928 0.117426 0.096182
vn -0.025272 -0.220166 0.975135
v -0.058640 0.067133 0.141122
vn -0.100625 -0.247458 0.963659
v -0.069066 0.065448 0.140447
vn -0.722354 -0.566137 0.397107
v -0.109543 0.038357 0.096892
vn -0.623843 -0.607029 0.492276
v -0.104946 0.039624 0.105832
vn -0.266071 -0.269330 0.925563
v -0.080646 0.065060 0.137975
vn -0.367552 -0.661895 0.653300
v -0.090075 0.036576 0.114883
vn -0.351102 -0.398902 0.847116
v -0.088403 0.058854 0.132953
vn -0.251852 -0.492318 0.833183
v -0.079448 0.054351 0.133528
vn -0.396983 -0.615139 0.681182
v -0.087481 0.028339 0.107845
vn -0.511573 0.050856 0.857734
v -0.095074 0.079032 0.133962
vn -0.534568 0.258687 0.804561
v -0.096726 0.089337 0.130970
vn -0.088398 0.492935 0.865564
v -0.122748 0.207875 0.049902
vn -0.093756 0.588749 0.802860
v -0.124245 0.227136 0.041427
vn -0.189283 0.307058 0.932677
v -0.111835 0.211735 0.051295
vn -0.118842 0.448117 0.886041
v -0.068532 0.201185 0.062261
vn -0.494506 0.347206 0.796813
v -0.138360 0.187085 0.054254
vn 0.065660 0.736924 0.672779
v -0.092601 0.188338 0.066010
vn -0.168370 0.416183 0.893557
v -0.043964 0.199233 0.067324
vn -0.797192 -0.487321 0.356374
v -0.145474 0.118735 0.046786
vn -0.823791 -0.541300 0.168414
v -0.146232 0.093586 0.020610
vn -0.862088 -0.453666 0.225812
v -0.151370 0.100381 0.013713
vn -0.813791 -0.412405 0.409470
v -0.139685 0.117182 0.056595
vn -0.048837 0.429887 0.901561
v -0.065024 0.098932 0.136066
vn -0.458474 0.502119 0.733266
v -0.095197 0.125248 0.109408
vn -0.338410 0.545329 0.766873
v -0.089099 0.134125 0.107735
vn -0.905982 -0.190022 0.378271
v -0.117747 0.061968 0.104982
vn -0.494709 -0.646462 0.580818
v -0.096533 0.033746 0.107288
vn -0.421366 -0.381203 0.822882
v -0.077442 0.013797 0.103667
vn -0.254411 0.280828 0.925425
v -0.027559 -0.048892 0.117394
vn -0.554380 0.220640 0.802484
v -0.093836 -0.074475 0.092482
vn -0.552063 0.197195 0.810149
v -0.096941 -0.084413 0.092889
vn -0.621959 0.218713 0.751885
v -0.111424 -0.118545 0.090672
vn -0.826543 0.234566 0.511669
v -0.134057 -0.086418 0.048550
vn -0.947026 0.214834 0.238720
v -0.149409 -0.121386 0.036936
vn -0.961689 0.178763 0.207843
v -0.148954 -0.111964 0.031298
vn -0.940601 0.218700 0.259691
v -0.147023 -0.102590 0.031740
vn -0.883053 0.326290 0.337271
v -0.149747 -0.136270 0.050511
vn -0.204897 0.115721 0.971919
v -0.037749 -0.150662 0.139678
vn 0.021748 0.695851 0.717857
v -0.024385 0.164521 0.093755
vn 0.123270 0.877427 0.463601
v -0.101803 0.254811 0.012054
vn 0.116731 0.666076 0.736693
v -0.112322 0.238509 0.030304
vn 0.004984 0.679404 0.733747
v -0.099775 0.193853 0.061113
vn 0.124715 0.774681 0.619932
v -0.109600 0.195428 0.060864
vn -0.056968 0.565040 0.823094
v -0.064455 0.114713 0.126611
vn -0.729157 0.295289 0.617361
v -0.114826 -0.089779 0.079125
vn 0.113694 0.926436 0.358873
v -0.084728 0.253491 0.009430
vn 0.048194 0.932350 0.358331
v -0.075279 0.254105 0.003362
vn -0.005840 0.571621 0.820497
v -0.114831 0.202161 0.053285
vn -0.110579 0.488902 0.865301
v -0.101261 0.215290 0.052164
vn -0.132305 0.559207 0.818402
v -0.068723 0.145133 0.104631
vn -0.278516 0.390172 0.877607
v -0.114356 0.182209 0.065866
vn -0.535039 0.469048 0.702657
v -0.130135 0.156699 0.066526
vn -0.669314 0.206106 0.713820
v -0.137248 0.154410 0.062986
vn -0.067128 0.600942 0.796469
v -0.067063 0.127648 0.116854
vn -0.961521 -0.050723 0.270009
v -0.121725 0.075965 0.095126
vn -0.273533 -0.232672 0.933297
v -0.052071 0.002069 0.109993
vn -0.901419 0.340727 0.267113
v -0.127098 -0.047107 0.033864
vn -0.808162 0.264502 0.526225
v -0.136985 -0.117466 0.063853
vn 0.044657 0.725325 0.686956
v -0.016563 0.168068 0.089176
vn -0.366483 0.810079 0.457670
v -0.056262 0.257885 0.001645
vn -0.117793 0.422517 0.898668
v -0.089185 0.195653 0.060565
vn -0.493936 0.163005 0.854082
v -0.134306 0.195674 0.052988
vn -0.366250 0.340293 0.866061
v -0.099069 0.159298 0.087995
vn -0.652251 0.259394 0.712238
v -0.121872 0.149586 0.078601
vn -0.939884 -0.042320 0.338860
v -0.130806 0.095904 0.072610
vn -0.960885 -0.248518 0.122225
v -0.121877 0.054034 0.080105
vn -0.723322 -0.329071 0.607057
v -0.100193 0.015939 0.087876
vn -0.684683 -0.469326 0.557622
v -0.100472 0.023549 0.092312
vn -0.888225 0.271809 0.370374
v -0.142093 -0.089425 0.035494
vn -0.007491 0.546346 0.837526
v -0.020553 0.141501 0.107530
vn -0.791591 0.202034 0.576685
v -0.124894 0.122373 0.088176
vn -0.080052 -0.408174 0.909388
v -0.020970 0.030397 0.124896
vn -0.738122 0.171584 0.652484
v -0.099245 -0.042678 0.074861
vn -0.077169 0.616755 0.783364
v -0.088411 0.179738 0.078853
vn -0.869903 0.278771 0.406886
v -0.137834 -0.081887 0.039501
vn 0.017493 0.760786 0.648767
v -0.079125 0.178639 0.077698
vn -0.171922 0.375736 0.910640
v -0.072375 0.192887 0.064759
vn -0.100751 0.581737 0.807113
v -0.070163 0.121145 0.121445
vn -0.895331 -0.314434 0.315457
v -0.117992 0.054001 0.098404
vn -0.763101 -0.031210 0.645526
v -0.109256 0.073577 0.121814
vn -0.681181 -0.245730 0.689645
v -0.106270 0.063146 0.123082
vn -0.840708 -0.159457 0.517478
v -0.113868 0.065262 0.114035
vn -0.317165 0.531082 0.785722
v -0.085589 0.126138 0.114087
vn -0.605394 0.436450 0.665590
v -0.114841 0.129952 0.090386
vn -0.870441 0.020636 0.491840
v -0.115060 0.076697 0.113423
vn -0.897752 -0.244417 0.366471
v -0.144405 0.109881 0.039382
vn -0.840282 -0.086141 0.535262
v -0.140813 0.125494 0.064327
vn -0.067307 0.665255 0.743577
v -0.046200 0.178488 0.079368
vn -0.513922 0.396924 0.760484
v -0.096874 0.100305 0.125811
vn -0.699864 0.299858 0.648287
v -0.106332 0.100707 0.117457
vn -0.671911 0.105008 0.733150
v -0.103591 0.081536 0.127134
vn -0.060577 0.525166 0.848841
v -0.082235 0.190540 0.064101
vn -0.176361 0.506539 0.843988
v -0.056882 0.188316 0.070098
vn -0.172887 -0.059264 0.983157
v -0.074635 0.074112 0.141044
vn -0.754495 0.246251 0.608356
v -0.134350 -0.125067 0.070493
vn -0.014571 0.675113 0.737571
v -0.114665 0.225096 0.043499
vn -0.275165 0.550591 0.788121
v -0.083959 0.112074 0.124709
vn -0.653258 0.204667 0.728948
v -0.118723 -0.116923 0.083944
vn -0.744518 -0.521695 0.416565
v -0.107498 0.030882 0.089916
vn -0.354336 -0.518641 0.778111
v -0.078199 0.023015 0.108264
vn -0.628407 -0.596591 0.499182
v -0.102259 0.031754 0.098820
vn -0.615236 -0.103012 0.781584
v -0.101313 0.071237 0.129337
vn -0.360743 0.214204 0.907734
v -0.087622 0.086156 0.136492
vn -0.519075 -0.325067 0.790502
v -0.097526 0.061283 0.129166
vn -0.503489 0.435476 0.746231
v -0.099372 0.133645 0.101731
vn -0.149864 0.639505 0.754038
v -0.133141 0.232902 0.035381
vn 0.146639 0.915334 0.375048
v -0.093613 0.255524 0.006502
vn -0.785630 0.290597 0.546204
v -0.122859 -0.083860 0.063409
vn -0.906398 0.248630 0.341505
v -0.145536 -0.106638 0.039523
vn -0.206358 0.451718 0.867967
v -0.137142 0.215299 0.043394
vn -0.421704 0.508028 0.751048
v -0.108566 0.152944 0.083380
vn -0.526104 -0.016457 0.850261
v -0.073482 -0.026174 0.095756
vn -0.361242 0.377700 0.852553
v -0.101601 0.178198 0.073306
vn -0.621848 0.202222 0.756579
v -0.112367 -0.109168 0.087303
vn -0.825020 0.209647 0.524777
v -0.112689 0.100040 0.108579
vn 0.119196 0.886779 0.446560
v -0.078219 0.259318 -0.006782
vn -0.227675 0.440860 0.868221
v -0.135076 0.224227 0.041177
vn -0.847632 -0.432672 0.307107
v -0.112178 0.031647 0.080575
vn 0.149539 0.895031 0.420188
v -0.085887 0.256677 -0.000150
vn -0.370436 0.917726 0.143378
v -0.062670 0.270439 -0.033272
vn -0.097052 0.739264 0.666386
v -0.065695 0.232208 0.032744
vn -0.717632 0.314345 0.621443
v -0.136284 0.135250 0.064639
vn 0.124631 0.608208 0.783933
v -0.101439 0.239963 0.026263
vn -0.887100 -0.271272 0.373452
v -0.148354 0.109431 0.029768
vn -0.064688 0.590749 0.804258
v -0.108810 0.220435 0.048212
vn -0.044355 0.996050 0.076917
v -0.113260 0.264743 -0.006945
vn -0.026842 0.989464 -0.142272
v -0.135502 0.260374 -0.026155
vn -0.017242 0.983147 -0.182001
v -0.130903 0.258779 -0.035332
vn 0.023074 0.988998 -0.146117
v -0.124814 0.259831 -0.026369
vn -0.001432 0.990057 -0.140658
v -0.120576 0.258535 -0.035514
vn -0.138154 0.941109 -0.308590
v -0.137124 0.256382 -0.043787
vn -0.213132 0.870646 -0.443340
v -0.143500 0.251338 -0.051975
vn -0.156249 0.973842 -0.164979
v -0.104734 0.260473 -0.026887
vn -0.152064 0.987341 0.045114
v -0.082600 0.264835 -0.027525
vn -0.270296 0.958068 -0.095108
v -0.089129 0.263002 -0.037164
vn -0.235775 0.784194 -0.573978
v -0.145410 0.245043 -0.061376
vn -0.257730 0.716384 -0.648359
v -0.136648 0.243269 -0.067598
vn -0.590479 0.615491 -0.522021
v -0.040822 0.279697 -0.061556
vn -0.679192 0.667101 -0.306065
v -0.047101 0.278539 -0.053374
vn -0.227435 0.607220 -0.761287
v -0.139182 0.234062 -0.075012
vn -0.232920 0.571252 -0.787032
v -0.122756 0.236496 -0.078071
vn 0.011434 0.153739 -0.988045
v -0.014240 0.187278 -0.107001
vn -0.463916 0.549960 -0.694497
v -0.032942 0.280632 -0.067289
vn -0.586068 0.545743 -0.598907
v -0.035140 0.286653 -0.060820
vn 0.039132 0.301146 -0.952775
v -0.012089 0.226183 -0.096776
vn -0.440576 0.490243 -0.752034
v -0.027637 0.287793 -0.065969
vn -0.311396 0.478875 -0.820800
v -0.024100 0.280905 -0.071852
vn -0.067956 0.411247 -0.908987
v -0.016169 0.259335 -0.084606
vn -0.027453 0.383875 -0.922977
v -0.017792 0.250568 -0.088319
vn -0.035700 0.414727 -0.909245
v -0.027492 0.247315 -0.089400
vn -0.145867 0.425635 -0.893061
v -0.012434 0.278894 -0.075810
vn -0.063536 0.391227 -0.918098
v -0.003479 0.283331 -0.074730
vn -0.134077 0.404240 -0.904772
v -0.008942 0.289134 -0.071719
vn -0.204018 0.502696 -0.840044
v -0.139713 0.224876 -0.081315
vn -0.157267 0.156113 -0.975139
v -0.072975 0.195088 -0.104145
vn -0.180317 0.190047 -0.965074
v -0.150166 0.198022 -0.089598
vn 0.017860 0.004421 -0.999831
v -0.009827 0.134082 -0.110626
vn -0.287121 -0.131676 -0.948801
v -0.128356 0.154556 -0.093097
vn -0.229255 -0.177356 -0.957072
v -0.144425 0.160763 -0.089630
vn 0.027459 -0.159921 -0.986748
v -0.009822 0.108463 -0.108657
vn -0.363845 -0.441015 -0.820440
v -0.150734 0.132356 -0.078394
vn 0.027475 -0.086944 -0.995834
v -0.042628 0.117766 -0.110734
vn 0.030417 -0.023204 -0.999268
v -0.037280 0.129326 -0.111204
vn -0.388504 -0.115049 -0.914237
v -0.098539 0.130865 -0.101481
vn -0.396629 -0.154968 -0.904804
v -0.095056 0.123383 -0.101903
vn -0.437760 -0.195320 -0.877620
v -0.103155 0.123098 -0.097988
vn -0.846295 -0.532276 -0.021616
v -0.135407 0.077517 -0.002392
vn -0.896760 -0.442515 -0.001621
v -0.131950 0.071348 0.004719
vn -0.132505 -0.233824 -0.963207
v -0.052382 0.057163 -0.096846
vn -0.129598 -0.170836 -0.976739
v -0.047536 0.040535 -0.093991
vn -0.299073 -0.220892 -0.928312
v -0.073242 0.052897 -0.091524
vn -0.930004 -0.254651 -0.265037
v -0.116894 0.035736 -0.040825
vn -0.941024 -0.237890 -0.240589
v -0.119380 0.045834 -0.041460
vn -0.970607 -0.240234 -0.014514
v -0.126155 0.054994 0.004941
vn -0.014401 -0.032252 -0.999376
v -0.016543 0.021403 -0.094656
vn -0.984161 -0.149553 -0.095192
v -0.120638 0.027665 -0.009319
vn -0.993754 -0.111388 -0.006773
v -0.122007 0.029499 0.013257
vn -0.006246 0.005195 -0.999967
v -0.011290 -0.022703 -0.093524
vn -0.995352 -0.087385 -0.040484
v -0.120886 0.019959 0.007605
vn -0.555486 -0.160460 -0.815897
v -0.084556 0.021591 -0.078713
vn -0.999337 0.036248 -0.003338
v -0.120364 -0.005946 0.012365
vn -0.187218 -0.089738 -0.978211
v -0.051634 0.022119 -0.090930
vn -0.234876 -0.068919 -0.969579
v -0.051306 -0.013989 -0.088644
vn -0.984176 0.105612 -0.142281
v -0.119925 -0.015876 -0.004059
vn -0.941507 0.316044 -0.116963
v -0.124154 -0.033910 0.001827
vn -0.158904 0.171498 -0.972285
v -0.017374 -0.067226 -0.099862
vn -0.536652 0.293627 -0.791068
v -0.120695 -0.157666 -0.088635
vn -0.616558 0.292361 -0.731014
v -0.129341 -0.155811 -0.081285
vn -0.615048 0.228760 -0.754576
v -0.120631 -0.142388 -0.083414
vn -0.852048 0.214479 -0.477507
v -0.126013 -0.093794 -0.061989
vn -0.123695 0.129121 -0.983884
v -0.008831 -0.091519 -0.104593
vn -0.491508 0.254530 -0.832847
v -0.114472 -0.158907 -0.093020
vn -0.406783 0.232894 -0.883339
v -0.104597 -0.160713 -0.098635
vn -0.091957 0.163646 -0.982224
v -0.008095 -0.108908 -0.107063
vn -0.207326 0.209907 -0.955487
v -0.083464 -0.164237 -0.106581
vn -0.306650 0.225876 -0.924633
v -0.094273 -0.162469 -0.103298
vn -0.124726 0.187947 -0.974227
v -0.072204 -0.166047 -0.108858
vn -0.141279 0.175739 -0.974246
v -0.068900 -0.151367 -0.106445
vn -0.409402 0.233611 -0.881939
v -0.073836 -0.076492 -0.088909
vn -0.184078 0.224175 -0.957006
v -0.047306 -0.106033 -0.104126
vn -0.215625 0.229293 -0.949174
v -0.053118 -0.098220 -0.101156
vn -0.045352 0.068789 -0.996600
v -0.018412 -0.127441 -0.109079
vn -0.081904 0.048116 -0.995478
v -0.044385 -0.141779 -0.108138
vn -0.108433 0.141904 -0.983924
v -0.060166 -0.151429 -0.107546
vn -0.024315 -0.015191 -0.999589
v -0.009595 -0.134655 -0.109767
vn -0.062175 0.138651 -0.988388
v -0.054844 -0.159882 -0.109166
vn -0.029775 0.127482 -0.991394
v -0.037673 -0.170390 -0.111245
vn 0.048365 0.058346 -0.997124
v -0.006390 -0.154115 -0.109113
vn -0.014606 0.138487 -0.990257
v -0.026104 -0.171177 -0.111715
vn 0.012222 0.165823 -0.986080
v -0.014485 -0.171603 -0.111906
vn -0.891253 0.437758 -0.118476
v -0.130907 -0.049292 0.000875
vn -0.746631 0.262270 -0.611356
v -0.137271 -0.138085 -0.065574
vn -0.690115 0.282562 -0.666258
v -0.132886 -0.143233 -0.072720
vn -0.738125 0.325195 -0.591117
v -0.141219 -0.153138 -0.068016
vn -0.797415 0.281140 -0.533938
v -0.143816 -0.143763 -0.059325
vn -0.785878 0.308723 -0.535803
v -0.145806 -0.152058 -0.061111
vn -0.899835 0.414736 -0.135247
v -0.138807 -0.066856 -0.003803
vn -0.871846 0.443029 -0.208831
v -0.133448 -0.057367 -0.007489
vn -0.900532 0.375731 -0.218788
v -0.125462 -0.048494 -0.019835
vn -0.720254 0.172779 -0.671849
v -0.122353 -0.123556 -0.076571
vn -0.959634 0.271445 -0.073617
v -0.149096 -0.094580 -0.006451
vn -0.910730 0.282408 -0.301357
v -0.155908 -0.149158 -0.038323
vn -0.879085 0.287715 -0.380039
v -0.153216 -0.150060 -0.046253
vn -0.900263 0.221409 -0.374838
v -0.149199 -0.132571 -0.043193
vn -0.953605 0.215222 -0.210517
v -0.154013 -0.130093 -0.026039
vn -0.981353 0.191482 -0.016758
v -0.153816 -0.115160 -0.004915
vn -0.959475 0.269099 -0.083625
v -0.158404 -0.138331 -0.010722
vn -0.956037 0.285968 -0.064933
v -0.161034 -0.146515 -0.007890
vn -0.808972 -0.573756 -0.127944
v -0.135551 0.080312 -0.022103
vn -0.805732 -0.551090 -0.217015
v -0.134089 0.081946 -0.034234
vn -0.597295 -0.757133 -0.264552
v -0.151444 0.101948 -0.039967
vn -0.708725 -0.705409 -0.010363
v -0.146258 0.091425 -0.004802
vn -0.657873 -0.747920 -0.088430
v -0.153593 0.099131 -0.021705
vn -0.696568 0.604002 -0.387264
v -0.040849 0.285373 -0.054160
vn -0.757108 0.631005 -0.169173
v -0.046298 0.283340 -0.043396
vn -0.140367 0.565069 -0.813016
v -0.041351 0.257570 -0.082279
vn -0.607349 0.792173 0.059913
v -0.054670 0.274982 -0.034759
vn -0.736385 0.676530 0.006670
v -0.048664 0.281213 -0.034953
vn -0.684130 0.701033 0.201294
v -0.049624 0.278417 -0.026936
vn -0.191340 0.973499 -0.125258
v -0.094430 0.262631 -0.027486
vn -0.134112 0.895395 -0.424595
v -0.119775 0.252069 -0.061721
vn -0.223555 0.959253 0.172789
v -0.071824 0.267418 -0.031177
vn -0.312323 0.924690 -0.217723
v -0.075558 0.265813 -0.047857
vn -0.283722 0.957860 -0.044798
v -0.078811 0.266211 -0.038686
vn -0.290937 0.857380 -0.424566
v -0.066603 0.262608 -0.063984
vn -0.292137 0.890529 -0.348733
v -0.071703 0.264430 -0.055935
vn -0.259778 0.437846 -0.860701
v -0.017615 0.288700 -0.069980
vn -0.204930 0.479054 -0.853529
v -0.022825 0.272777 -0.076814
vn -0.165574 0.809736 -0.562950
v -0.108333 0.248625 -0.071270
vn -0.161063 0.902387 -0.399696
v -0.102981 0.252629 -0.065446
vn 0.009749 0.074143 -0.997200
v -0.009542 0.162104 -0.109469
vn -0.023133 0.072036 -0.997134
v -0.053208 0.156838 -0.110861
vn -0.204014 -0.135676 -0.969521
v -0.148189 0.168282 -0.090066
vn 0.027404 0.104364 -0.994162
v -0.030660 0.177534 -0.108416
vn 0.004004 0.104211 -0.994547
v -0.047792 0.174104 -0.109286
vn -0.068072 0.113381 -0.991217
v -0.056969 0.176958 -0.108736
vn -0.079711 0.032238 -0.996297
v -0.061330 0.140885 -0.111185
vn -0.490070 -0.730254 -0.475984
v -0.153757 0.111842 -0.057031
vn -0.509945 -0.401395 -0.760814
v -0.123247 0.110512 -0.082104
vn -0.522269 -0.236595 -0.819303
v -0.092357 0.068189 -0.086513
vn 0.029918 -0.077071 -0.996577
v -0.007299 0.035510 -0.095188
vn -0.990290 -0.006283 -0.138878
v -0.119008 0.001674 -0.004049
vn -0.885114 -0.229164 -0.405040
v -0.109890 0.019888 -0.047342
vn -0.001887 0.170444 -0.985366
v -0.007376 -0.042172 -0.095124
vn -0.977014 0.193835 -0.088721
v -0.121697 -0.025103 0.001886
vn -0.968106 -0.157898 -0.194524
v -0.117002 0.019143 -0.023937
vn -0.642172 -0.108185 -0.758888
v -0.084893 -0.013366 -0.071443
vn -0.263425 0.348867 -0.899388
v -0.070392 -0.067762 -0.086995
vn -0.962533 0.000553 -0.271166
v -0.114893 -0.008638 -0.022032
vn -0.184673 0.160794 -0.969557
v -0.022982 -0.084957 -0.101236
vn -0.397044 0.438434 -0.806308
v -0.102441 -0.073354 -0.068335
vn -0.455242 0.345130 -0.820756
v -0.096014 -0.076604 -0.073279
vn -0.039687 0.135679 -0.989958
v -0.049220 -0.169276 -0.110761
vn -0.834503 0.293474 -0.466344
v -0.149891 -0.151019 -0.053771
vn -0.862027 0.272171 -0.427589
v -0.127113 -0.086379 -0.056053
vn -0.869701 0.308315 -0.385437
v -0.127720 -0.078705 -0.049411
vn -0.972173 0.201712 -0.119130
v -0.152853 -0.113244 -0.013443
vn -0.949434 0.284029 -0.133803
v -0.160429 -0.147059 -0.015655
vn -0.606816 -0.399957 -0.686883
v -0.116779 0.095176 -0.078464
vn -0.562859 -0.344025 -0.751556
v -0.108579 0.094203 -0.084578
vn -0.638945 -0.367358 -0.675868
v -0.113378 0.087125 -0.077021
vn -0.656054 0.739744 -0.149574
v -0.051571 0.276722 -0.044217
vn -0.172763 0.910376 -0.375990
v -0.133117 0.253781 -0.052414
vn -0.202738 0.845179 -0.494540
v -0.129525 0.250570 -0.061021
vn -0.202650 0.969735 -0.136187
v -0.099759 0.260191 -0.036269
vn -0.261175 0.925811 -0.273245
v -0.090737 0.259080 -0.054925
vn -0.226366 0.886913 -0.402670
v -0.085407 0.257538 -0.063362
vn -0.209211 0.897152 -0.389036
v -0.094856 0.254828 -0.064130
vn -0.291481 0.956052 -0.031691
v -0.069346 0.268993 -0.040931
vn -0.246599 0.629209 -0.737078
v -0.040953 0.264376 -0.077159
vn 0.021884 0.158691 -0.987086
v -0.042488 0.193260 -0.106765
vn -0.210524 0.834483 -0.509233
v -0.080036 0.255264 -0.069740
vn -0.250593 0.544362 -0.800545
v -0.031841 0.268556 -0.076924
vn -0.213465 0.634673 -0.742713
v -0.057648 0.252268 -0.082883
vn -0.145737 0.470890 -0.870071
v -0.024092 0.264247 -0.081301
vn -0.032452 0.980233 -0.195165
v -0.116708 0.257199 -0.044405
vn 0.025247 0.011705 -0.999613
v -0.029226 0.135907 -0.110944
vn -0.191175 0.169127 -0.966875
v -0.133398 0.198170 -0.092693
vn -0.178256 0.094224 -0.979462
v -0.114860 0.190574 -0.096888
vn -0.209211 0.048342 -0.976675
v -0.112039 0.179784 -0.098167
vn -0.200397 0.337244 -0.919841
v -0.100765 0.217577 -0.093796
vn -0.202098 0.358284 -0.911476
v -0.111087 0.217402 -0.091596
vn -0.141542 0.050975 -0.988619
v -0.068079 0.147240 -0.110220
vn -0.171582 0.306821 -0.936173
v -0.080077 0.218071 -0.097777
vn -0.166701 0.492642 -0.854116
v -0.079143 0.233812 -0.091177
vn -0.130221 0.463809 -0.876313
v -0.070650 0.232163 -0.093539
vn -0.323627 -0.118632 -0.938718
v -0.120069 0.148668 -0.095029
vn -0.333245 -0.034726 -0.942201
v -0.104056 0.149621 -0.100736
vn -0.181913 0.063454 -0.981265
v -0.133023 0.188481 -0.093903
vn -0.269977 0.015497 -0.962742
v -0.086036 0.143125 -0.106530
vn 0.023617 -0.092218 -0.995459
v -0.023569 0.117742 -0.110191
vn -0.213919 0.038716 -0.976084
v -0.077765 0.144318 -0.108569
vn -0.557623 -0.271382 -0.784480
v -0.097026 0.077055 -0.085994
vn -0.642905 -0.263454 -0.719212
v -0.104649 0.073329 -0.078529
vn -0.736099 -0.656836 -0.163476
v -0.141057 0.088059 -0.026612
vn -0.715703 -0.654020 -0.245003
v -0.140259 0.090250 -0.035632
vn -0.405764 -0.406736 -0.818487
v -0.141686 0.128305 -0.080652
vn -0.244850 -0.235290 -0.940578
v -0.068713 0.059572 -0.094423
vn -0.057467 -0.191780 -0.979754
v -0.056800 0.103768 -0.109147
vn -0.746999 -0.587857 -0.310511
v -0.135519 0.088644 -0.044870
vn -0.979901 -0.188011 -0.066676
v -0.123560 0.045479 -0.010587
vn -0.798818 -0.210202 -0.563654
v -0.101246 0.015279 -0.060574
vn -0.739774 -0.229132 -0.632640
v -0.099280 0.023353 -0.066029
vn -0.872070 0.104170 -0.478166
v -0.106440 -0.031651 -0.045750
vn -0.977889 -0.041079 -0.205052
v -0.116970 0.001218 -0.015040
vn -0.986497 -0.072939 -0.146638
v -0.118565 0.010218 -0.009136
vn -0.924584 -0.233309 -0.301183
v -0.114379 0.025069 -0.039312
vn -0.949875 -0.184515 -0.252372
v -0.115256 0.019412 -0.032000
vn -0.853485 0.045178 -0.519156
v -0.102133 -0.029266 -0.054353
vn -0.301670 0.173064 -0.937574
v -0.060706 -0.119160 -0.102598
vn -0.730124 0.097081 -0.676383
v -0.096103 -0.028364 -0.062375
vn -0.164667 0.139196 -0.976478
v -0.026515 -0.043124 -0.093803
vn -0.054155 0.238699 -0.969582
v -0.036461 -0.107699 -0.105841
vn -0.194444 0.195631 -0.961208
v -0.071593 -0.135401 -0.102967
vn -0.022927 0.074815 -0.996934
v -0.031814 -0.152391 -0.109318
vn -0.361254 0.052442 -0.930992
v -0.066948 -0.044721 -0.082097
vn -0.015455 0.040209 -0.999072
v -0.024020 -0.148487 -0.109247
vn -0.856524 0.404861 -0.320084
v -0.131636 -0.065349 -0.024658
vn -0.965136 0.194979 -0.174632
v -0.153375 -0.121246 -0.020072
vn -0.867687 0.354325 -0.348673
v -0.143133 -0.091688 -0.028831
vn -0.915864 0.256979 -0.308470
v -0.147840 -0.108775 -0.031563
vn -0.970299 0.213492 -0.113760
v -0.156044 -0.130404 -0.014693
vn -0.328520 -0.263880 -0.906886
v -0.138998 0.142316 -0.087077
vn -0.473766 -0.262187 -0.840716
v -0.105735 0.114232 -0.094189
vn -0.271278 0.910233 -0.312864
v -0.080906 0.261828 -0.055360
vn -0.395027 0.909258 -0.131161
v -0.060219 0.271443 -0.044574
vn -0.521231 0.802176 -0.291259
v -0.054164 0.271984 -0.053868
vn -0.027385 0.399044 -0.916523
v -0.046322 0.230985 -0.096643
vn -0.081429 0.397387 -0.914031
v -0.055516 0.227639 -0.097520
vn -0.185053 0.824807 -0.534273
v -0.088043 0.252391 -0.071750
vn -0.188293 0.635824 -0.748514
v -0.097066 0.241689 -0.081708
vn -0.206710 0.638750 -0.741128
v -0.105613 0.242144 -0.079112
vn -0.177758 -0.053668 -0.982610
v -0.070137 0.125049 -0.110225
vn -0.197217 0.115073 -0.973583
v -0.092008 0.186036 -0.101966
vn -0.214308 0.087824 -0.972810
v -0.101644 0.182648 -0.100257
vn -0.574654 -0.688453 -0.442498
v -0.145037 0.104642 -0.056031
vn -0.723125 -0.571040 -0.388592
v -0.133716 0.091877 -0.053871
vn -0.909643 -0.235307 -0.342315
v -0.118079 0.051333 -0.050516
vn -0.941095 -0.322033 -0.103128
v -0.127030 0.063743 -0.022869
vn -0.752831 -0.654626 -0.068638
v -0.142130 0.087273 -0.014890
vn -0.512351 -0.583364 -0.630224
v -0.142772 0.114258 -0.070465
vn 0.016488 -0.215678 -0.976325
v -0.042925 0.095487 -0.107236
vn -0.351212 -0.198033 -0.915114
v -0.082798 0.110871 -0.104659
vn -0.638730 -0.530078 -0.557711
v -0.130180 0.099159 -0.068047
vn -0.743291 -0.280860 -0.607154
v -0.103861 0.033367 -0.064862
vn -0.677513 -0.439611 -0.589676
v -0.121741 0.090796 -0.070501
vn -0.041522 -0.193948 -0.980133
v -0.034934 0.053768 -0.097627
vn -0.851928 -0.213755 -0.478045
v -0.105634 0.015502 -0.053525
vn -0.622279 -0.155755 -0.767144
v -0.084580 0.002835 -0.075337
vn -0.174664 -0.147548 -0.973510
v -0.054841 0.032877 -0.091576
vn -0.367124 -0.106825 -0.924018
v -0.069969 0.012142 -0.085008
vn -0.674315 -0.271023 -0.686911
v -0.100865 0.041341 -0.071522
vn -0.119199 -0.047381 -0.991739
v -0.034419 0.016540 -0.093232
vn -0.103755 -0.120983 -0.987217
v -0.039031 0.033698 -0.093945
vn -0.977539 0.045041 -0.205887
v -0.118188 -0.007603 -0.009909
vn -0.922517 -0.057494 -0.381649
v -0.109248 -0.008025 -0.041539
vn -0.138780 -0.075583 -0.987435
v -0.041533 0.023984 -0.092722
vn -0.754774 -0.140386 -0.640787
v -0.094675 -0.001958 -0.063687
vn -0.990081 -0.104148 -0.094300
v -0.120071 0.019228 -0.003644
vn -0.603845 0.124585 -0.787305
v -0.089418 -0.028337 -0.068184
vn -0.887366 0.327076 -0.324967
v -0.128080 -0.071651 -0.041721
vn -0.240628 0.269422 -0.932475
v -0.058470 -0.090561 -0.097979
vn -0.513460 -0.012083 -0.858029
v -0.074842 -0.026084 -0.077669
vn -0.074141 0.123779 -0.989536
v -0.017309 -0.037728 -0.094185
vn -0.062360 0.215020 -0.974617
v -0.023135 -0.101153 -0.104567
vn -0.008646 0.198026 -0.980159
v -0.026705 -0.110561 -0.106554
vn -0.029841 0.148012 -0.988535
v -0.034325 -0.116970 -0.107841
vn -0.957101 0.128664 -0.259620
v -0.117742 -0.016936 -0.014871
vn -0.933408 0.129752 -0.334535
v -0.115005 -0.018955 -0.023639
vn -0.758418 0.257571 -0.598715
v -0.104667 -0.046771 -0.053733
vn -0.083957 -0.015926 -0.996342
v -0.021389 -0.021609 -0.093076
vn -0.162561 0.140119 -0.976699
v -0.014850 -0.083171 -0.102632
vn -0.072043 0.014596 -0.997295
v -0.038587 -0.132443 -0.108499
vn -0.010013 0.117734 -0.992995
v -0.025459 -0.120617 -0.108204
vn -0.619839 0.160303 -0.768182
v -0.089887 -0.070087 -0.075832
vn -0.634248 0.216603 -0.742168
v -0.095589 -0.065462 -0.069799
vn -0.473752 0.274920 -0.836647
v -0.085928 -0.088562 -0.082970
vn -0.801204 0.244980 -0.545947
v -0.140458 -0.123232 -0.055295
vn -0.851624 0.254159 -0.458411
v -0.143724 -0.118290 -0.047505
vn -0.783709 0.236192 -0.574468
v -0.129121 -0.110265 -0.064154
vn -0.766057 0.172130 -0.619296
v -0.123286 -0.113158 -0.072879
vn -0.740244 0.224485 -0.633755
v -0.129111 -0.120799 -0.068207
vn -0.347465 0.148139 -0.925918
v -0.099245 -0.129919 -0.095406
vn -0.543364 -0.508768 -0.667765
v -0.132335 0.109234 -0.074725
vn -0.128082 0.973767 -0.188075
v -0.106119 0.257726 -0.044925
vn -0.176643 0.624516 -0.760773
v -0.080729 0.242043 -0.085191
vn -0.154961 0.551735 -0.819497
v -0.072175 0.239390 -0.088918
vn -0.171192 0.793654 -0.583787
v -0.098284 0.248851 -0.073804
vn -0.318845 0.887094 -0.333768
v -0.062833 0.267650 -0.055249
vn -0.241594 0.714987 -0.656069
v -0.067819 0.252093 -0.079536
vn -0.310982 0.778865 -0.544665
v -0.060107 0.259695 -0.073352
vn 0.010900 0.396384 -0.918020
v -0.037364 0.234868 -0.094961
vn 0.023896 -0.032458 -0.999187
v -0.026935 0.127216 -0.110847
vn -0.117636 -0.275025 -0.954213
v -0.059540 0.093746 -0.106314
vn -0.195654 -0.244753 -0.949640
v -0.067016 0.099931 -0.106930
vn -0.771369 -0.231245 -0.592888
v -0.110826 0.060036 -0.067290
vn -0.772266 -0.405038 -0.489438
v -0.122797 0.082262 -0.062333
vn -0.846139 -0.450430 -0.284890
v -0.128847 0.078491 -0.044805
vn -0.911534 -0.320437 -0.257732
v -0.124711 0.068265 -0.044188
vn -0.583734 -0.609934 -0.535943
v -0.138685 0.105967 -0.065429
vn -0.012042 -0.210558 -0.977507
v -0.033618 0.063469 -0.099723
vn -0.235595 -0.295634 -0.925795
v -0.069350 0.089088 -0.102955
vn -0.269832 -0.207533 -0.940277
v -0.074560 0.107459 -0.106783
vn -0.014298 -0.156621 -0.987555
v -0.026319 0.047004 -0.096682
vn -0.779912 -0.185155 -0.597876
v -0.097523 0.006634 -0.062670
vn -0.569767 -0.217068 -0.792621
v -0.088315 0.029880 -0.077988
vn -0.335465 -0.147543 -0.930427
v -0.070070 0.024654 -0.086531
vn -0.843347 -0.250135 -0.475603
v -0.113418 0.046628 -0.058049
vn -0.107724 -0.041559 -0.993312
v -0.028742 -0.001770 -0.093142
vn -0.779011 -0.030351 -0.626275
v -0.099498 -0.007603 -0.057140
vn -0.562659 -0.144877 -0.813895
v -0.079158 -0.004607 -0.078074
vn -0.884113 -0.143266 -0.444769
v -0.107567 0.009658 -0.047400
vn -0.928284 -0.150353 -0.340123
v -0.112152 0.013280 -0.038276
vn -0.409988 -0.096740 -0.906946
v -0.070348 0.001535 -0.083632
vn -0.861557 -0.028952 -0.506834
v -0.105026 -0.012554 -0.049850
vn -0.926172 -0.050034 -0.373768
v -0.108043 -0.016830 -0.042221
vn -0.188817 0.276629 -0.942245
v -0.045339 -0.074740 -0.093557
vn -0.381700 0.257138 -0.887798
v -0.079561 -0.056879 -0.079977
vn -0.451037 0.148697 -0.880031
v -0.081659 -0.042380 -0.075369
vn -0.479375 0.209668 -0.852197
v -0.084974 -0.050576 -0.075672
vn -0.289772 0.142695 -0.946398
v -0.039024 -0.065806 -0.093599
vn -0.249199 0.144993 -0.957537
v -0.027275 -0.064660 -0.097217
vn -0.123611 0.363232 -0.923462
v -0.052316 -0.082660 -0.095836
vn -0.106397 0.336187 -0.935766
v -0.047750 -0.090674 -0.099633
vn -0.181848 -0.054921 -0.981792
v -0.041665 -0.017220 -0.090364
vn -0.812272 0.114137 -0.572002
v -0.099769 -0.037859 -0.059086
vn -0.670035 0.137292 -0.729523
v -0.093070 -0.036245 -0.066915
vn -0.584239 0.166172 -0.794388
v -0.089299 -0.043755 -0.071355
vn -0.282327 0.355290 -0.891101
v -0.101588 -0.110864 -0.089161
vn -0.525287 0.209306 -0.824781
v -0.108960 -0.118098 -0.088024
vn -0.490557 0.272743 -0.827627
v -0.110461 -0.108315 -0.084386
vn -0.343509 0.187165 -0.920310
v -0.064509 -0.110697 -0.099565
vn -0.394269 0.179930 -0.901209
v -0.067791 -0.102020 -0.096631
vn -0.405336 0.184795 -0.895295
v -0.068178 -0.093021 -0.094793
vn -0.272598 0.273363 -0.922477
v -0.064669 -0.082551 -0.093779
vn -0.507453 0.209949 -0.835711
v -0.081285 -0.068685 -0.082672
vn -0.316402 0.400263 -0.860046
v -0.095697 -0.086341 -0.077894
vn -0.240590 0.423663 -0.873285
v -0.102998 -0.101536 -0.084493
vn -0.393882 -0.267704 -0.879313
v -0.126660 0.131686 -0.088869
vn -0.095102 0.451409 -0.887235
v -0.053672 0.235716 -0.093778
vn -0.183149 0.580147 -0.793654
v -0.065099 0.245229 -0.086312
vn 0.045358 0.332250 -0.942100
v -0.037837 0.225158 -0.098744
vn -0.436419 -0.214465 -0.873809
v -0.096914 0.115859 -0.099457
vn -0.354934 -0.100442 -0.929480
v -0.111314 0.143733 -0.097592
vn -0.112376 0.389277 -0.914240
v -0.065122 0.225807 -0.097263
vn -0.082385 0.298768 -0.950763
v -0.058083 0.217093 -0.101346
vn -0.718221 -0.354377 -0.598812
v -0.116387 0.080617 -0.070074
vn -0.658290 -0.694662 -0.289998
v -0.143678 0.095900 -0.041611
vn -0.880407 -0.283077 -0.380462
v -0.112567 0.030561 -0.048730
vn -0.722100 -0.185511 -0.666451
v -0.094734 0.013919 -0.068242
vn -0.651284 -0.187690 -0.735256
v -0.091702 0.021908 -0.073264
vn -0.709623 -0.172963 -0.683022
v -0.091098 0.004749 -0.069739
vn -0.659791 -0.249784 -0.708719
v -0.096390 0.031384 -0.071801
vn -0.436760 -0.113566 -0.892381
v -0.069762 -0.008686 -0.083032
vn -0.438610 -0.103759 -0.892668
v -0.067652 -0.018703 -0.082496
vn -0.460290 -0.184250 -0.868438
v -0.079882 0.028100 -0.082842
vn -0.587825 0.014674 -0.808855
v -0.083038 -0.023017 -0.072018
vn -0.293797 0.206870 -0.933214
v -0.070571 -0.053732 -0.081761
vn -0.372858 0.158599 -0.914234
v -0.076289 -0.047497 -0.078578
vn -0.138758 0.347516 -0.927350
v -0.056267 -0.074706 -0.092162
vn -0.590964 0.161698 -0.790326
v -0.087991 -0.060644 -0.076334
vn -0.143903 -0.034329 -0.988996
v -0.031613 -0.020063 -0.091876
vn -0.557217 -0.122602 -0.821266
v -0.076513 -0.015756 -0.077661
vn -0.374584 -0.000299 -0.927193
v -0.063808 -0.036739 -0.083341
vn -0.270776 0.178435 -0.945961
v -0.088763 -0.144992 -0.101100
vn -0.304662 0.159938 -0.938936
v -0.093800 -0.136555 -0.098112
vn -0.189288 0.366475 -0.910970
v -0.091595 -0.114001 -0.092397
vn -0.202601 0.417632 -0.885740
v -0.093417 -0.104366 -0.087616
vn -0.700565 0.239409 -0.672229
v -0.129210 -0.132378 -0.072115
vn -0.505486 -0.237089 -0.829622
v -0.088446 0.047194 -0.083126
vn -0.083984 0.188038 -0.978564
v -0.016773 -0.048136 -0.095981
vn -0.677718 0.252261 -0.690697
v -0.118321 -0.097872 -0.074809
vn -0.696751 0.195061 -0.690282
v -0.118069 -0.106014 -0.077659
vn -0.446929 0.349305 -0.823554
v -0.111896 -0.099167 -0.080236
vn -0.232128 0.467275 -0.853095
v -0.104496 -0.092571 -0.079287
vn -0.364936 -0.153714 -0.918256
v -0.087338 0.118704 -0.104327
vn -0.188275 0.240863 -0.952123
v -0.106507 0.207723 -0.095619
vn -0.172702 0.177540 -0.968841
v -0.115911 0.200499 -0.095426
vn -0.421758 -0.224086 -0.878581
v -0.082920 0.054893 -0.088157
vn -0.179269 -0.248296 -0.951952
v -0.060949 0.062862 -0.096931
vn -0.072758 -0.259501 -0.962998
v -0.049515 0.078140 -0.102682
vn -0.252092 -0.284044 -0.925078
v -0.070080 0.078262 -0.099320
vn -0.252297 -0.260147 -0.932025
v -0.069529 0.067998 -0.096366
vn -0.235357 0.722598 -0.649969
v -0.124709 0.245197 -0.070082
vn -0.238779 0.619999 -0.747386
v -0.130954 0.238171 -0.074294
vn -0.172445 0.245316 -0.953982
v -0.085206 0.210220 -0.099098
vn -0.126265 0.230449 -0.964858
v -0.065762 0.209130 -0.102534
vn 0.016462 -0.040413 -0.999047
v -0.017290 0.126073 -0.110634
vn -0.191264 -0.220557 -0.956438
v -0.062086 0.052454 -0.094160
vn -0.415250 -0.032113 -0.909141
v -0.065759 -0.028595 -0.082522
vn -0.323087 -0.073490 -0.943512
v -0.058476 -0.021587 -0.086027
vn -0.886552 0.226224 -0.403544
v -0.114328 -0.027310 -0.029306
vn -0.902152 0.080764 -0.423791
v -0.109200 -0.024881 -0.039105
vn -0.942554 0.263666 -0.205115
v -0.121125 -0.032699 -0.015611
vn -0.921864 0.337517 -0.190391
v -0.123930 -0.040750 -0.012837
vn -0.966075 0.192009 -0.172719
v -0.120328 -0.024744 -0.009712
vn -0.950958 0.272705 -0.145979
v -0.122617 -0.032972 -0.006244
vn -0.601572 0.145614 -0.785435
v -0.113811 -0.135832 -0.087345
vn -0.137053 0.101036 -0.985398
v -0.055234 -0.142506 -0.107058
vn 0.007179 -0.004785 -0.999963
v -0.013806 -0.145682 -0.109284
vn -0.912175 0.333801 -0.237727
v -0.121819 -0.039910 -0.021928
vn -0.648607 0.440553 -0.620662
v -0.113606 -0.050560 -0.046911
vn -0.859192 0.435559 -0.268474
v -0.135622 -0.065807 -0.014753
vn -0.822665 0.413010 -0.390697
v -0.137914 -0.082508 -0.030597
vn -0.817684 0.376721 -0.435286
v -0.137705 -0.090660 -0.038518
vn -0.117172 0.922180 -0.368584
v -0.110533 0.252558 -0.062563
vn -0.179197 0.818424 -0.545959
v -0.115987 0.248940 -0.068638
vn -0.208184 0.749816 -0.628041
v -0.078741 0.250183 -0.077587
vn -0.241161 -0.079609 -0.967214
v -0.127976 0.165020 -0.094358
vn -0.598100 -0.323233 -0.733346
v -0.105604 0.083233 -0.081891
vn -0.047129 -0.263104 -0.963616
v -0.050989 0.089001 -0.105619
vn -0.063518 0.157271 -0.985511
v -0.060722 -0.167771 -0.110067
vn -0.528495 0.456083 -0.716017
v -0.117124 -0.083201 -0.068716
vn -0.843964 0.325576 -0.426292
v -0.131911 -0.088481 -0.047308
vn -0.892011 0.344931 -0.292129
v -0.127641 -0.064275 -0.034566
vn -0.895057 0.361552 -0.261060
v -0.126775 -0.056250 -0.027400
vn -0.924102 0.348918 -0.155859
v -0.145252 -0.084578 -0.010613
vn -0.048454 0.970987 -0.234173
v -0.126944 0.257174 -0.044250
vn -0.385979 0.737407 -0.554302
v -0.049396 0.266162 -0.071214
vn -0.224434 0.651533 -0.724661
v -0.115174 0.242973 -0.075599
vn -0.084456 0.946474 -0.311536
v -0.123329 0.254943 -0.053000
vn -0.191846 0.532996 -0.824082
v -0.089994 0.236090 -0.087575
vn -0.122388 0.478792 -0.869356
v -0.062654 0.235613 -0.092689
vn -0.476201 -0.293210 -0.829012
v -0.090958 0.085022 -0.092816
vn -0.809231 0.296431 -0.507221
v -0.112128 -0.034578 -0.037794
vn -0.258546 0.136692 -0.956279
v -0.057831 -0.126467 -0.104690
vn -0.191723 0.187588 -0.963355
v -0.076983 -0.145938 -0.104066
vn -0.028424 0.055936 -0.998030
v -0.033855 -0.124988 -0.108589
vn -0.123693 0.075633 -0.989434
v -0.041953 -0.123505 -0.108019
vn -0.041296 0.025344 -0.998825
v -0.032704 -0.141817 -0.108813
vn -0.292136 0.491946 -0.820150
v -0.106105 -0.082544 -0.072848
vn -0.300151 0.934169 -0.192969
v -0.085059 0.262990 -0.046609
vn -0.405911 0.817455 -0.408660
v -0.056699 0.266508 -0.063268
vn 0.032274 0.060623 -0.997639
v -0.043898 0.154374 -0.110840
vn -0.660446 -0.324917 -0.676935
v -0.110299 0.079060 -0.075723
vn -0.819812 -0.268181 -0.505952
v -0.116699 0.065944 -0.061479
vn -0.455779 -0.273644 -0.846985
v -0.092589 0.100411 -0.097231
vn -0.922594 0.233515 -0.307067
v -0.118119 -0.025541 -0.019482
vn -0.429857 0.213183 -0.877369
v -0.076525 -0.098505 -0.091350
vn -0.705146 0.247438 -0.664487
v -0.101983 -0.054497 -0.059737
vn -0.550474 0.216878 -0.806190
v -0.088085 -0.078755 -0.079104
vn -0.253681 0.950155 -0.181249
v -0.095353 0.259818 -0.045705
vn -0.070444 0.210329 -0.975090
v -0.056373 0.205916 -0.104294
vn -0.689670 -0.219841 -0.689945
v -0.105246 0.063346 -0.074881
vn -0.659811 0.141748 -0.737941
v -0.115203 -0.125705 -0.084454
vn -0.288366 0.309057 -0.906272
v -0.073801 -0.061285 -0.083500
vn -0.440879 0.425873 -0.790100
v -0.113747 -0.090702 -0.075234
vn -0.740057 0.272419 -0.614901
v -0.121223 -0.091934 -0.069486
vn -0.841110 0.375545 -0.389230
v -0.118040 -0.037570 -0.030158
vn -0.178916 0.947437 -0.265239
v -0.102010 0.255991 -0.055538
vn -0.711959 0.415093 -0.566403
v -0.121771 -0.076962 -0.059844
vn -0.839388 0.429567 -0.333015
v -0.137124 -0.074171 -0.022626
vn -0.875874 0.385331 -0.290455
v -0.122663 -0.046631 -0.029727
vn -0.651942 0.483811 -0.583865
v -0.118788 -0.059731 -0.049330
vn -0.711675 -0.058686 -0.700053
v -0.092726 -0.011241 -0.064365
vn -0.797636 0.301302 -0.522489
v -0.123340 -0.086109 -0.063550
vn -0.540414 0.718060 -0.438570
v -0.048155 0.272849 -0.062414
vn -0.408909 0.637092 -0.653381
v -0.039402 0.272817 -0.070235
vn -0.099569 0.307478 -0.946332
v -0.037268 -0.091304 -0.100578
vn -0.120689 0.234321 -0.964639
v -0.027743 -0.092027 -0.101841
vn -0.683662 0.157244 -0.712657
v -0.116697 -0.115762 -0.081144
vn -0.787405 -0.616250 -0.015143
v -0.140074 0.084320 -0.003977
vn -0.744621 0.425508 -0.514278
v -0.116900 -0.043924 -0.038518
vn -0.786638 0.395796 -0.473863
v -0.123607 -0.068942 -0.050722
vn -0.854194 -0.343633 -0.390216
v -0.122937 0.073480 -0.054704
vn -0.508366 0.417731 -0.753037
v -0.104362 -0.064800 -0.062601
vn 0.475875 -0.877744 0.055747
v 0.195967 0.130281 -0.011974
vn 0.449792 -0.861170 -0.236799
v 0.191787 0.130300 -0.033150
vn 0.284146 -0.782251 -0.554387
v 0.195563 0.140363 -0.052330
vn 0.236963 -0.971454 0.011180
v 0.214456 0.136546 -0.019925
vn 0.156833 -0.855170 -0.494053
v 0.213040 0.142302 -0.048327
vn 0.154505 -0.982525 -0.103791
v 0.220136 0.137854 -0.030028
vn 0.294195 -0.154142 -0.943234
v 0.178162 0.171629 -0.076167
vn 0.066374 -0.897347 -0.436306
v 0.233246 0.143524 -0.046675
vn 0.098361 -0.979505 -0.175772
v 0.231290 0.139853 -0.035543
vn 0.067761 -0.996443 -0.050103
v 0.240039 0.140332 -0.029428
vn 0.044310 -0.461799 -0.885877
v 0.227472 0.160880 -0.064079
vn 0.062180 -0.653182 -0.754644
v 0.224046 0.152239 -0.058449
vn 0.228261 0.207428 -0.951247
v 0.181301 0.197875 -0.074867
vn 0.059697 -0.967027 -0.247580
v 0.242295 0.141580 -0.039239
vn 0.223880 0.334652 -0.915361
v 0.176508 0.206444 -0.073688
vn 0.243282 0.471820 -0.847467
v 0.171989 0.216187 -0.070388
vn 0.021507 -0.992814 -0.117722
v 0.250408 0.140776 -0.032766
vn 0.234580 0.862393 -0.448610
v 0.166815 0.242114 -0.044909
vn 0.219838 0.956058 -0.193970
v 0.166563 0.249587 -0.024278
vn 0.249907 0.956258 0.152044
v 0.162916 0.251334 -0.004095
vn 0.276396 0.827926 0.487999
v 0.163567 0.243906 0.015231
vn 0.284925 0.728528 0.622948
v 0.168015 0.237787 0.021354
vn 0.011182 -0.979037 -0.203375
v 0.260693 0.141398 -0.036089
vn -0.044074 -0.986851 -0.155509
v 0.276853 0.140379 -0.031142
vn 0.001725 -0.923694 -0.383127
v 0.302158 0.143197 -0.043131
vn -0.094459 -0.556221 0.825649
v 0.284945 0.160660 0.013618
vn -0.083207 -0.392779 0.915861
v 0.286611 0.167703 0.017665
vn -0.037909 0.110677 -0.993133
v 0.271432 0.191215 -0.071232
vn -0.034280 -0.910466 -0.412161
v 0.279926 0.144600 -0.045816
vn 0.091389 0.117766 -0.988827
v 0.213861 0.191822 -0.070040
vn 0.300519 0.365577 0.880932
v 0.163606 0.216018 0.038085
vn 0.298764 0.644174 0.704116
v 0.163926 0.234912 0.026293
vn 0.278206 0.511860 0.812774
v 0.163986 0.226711 0.032540
vn 0.407663 0.045233 0.912012
v 0.167622 0.179668 0.042404
vn 0.034870 -0.995194 0.091507
v 0.247682 0.140491 -0.022001
vn 0.292248 0.282849 0.913558
v 0.174307 0.211827 0.036261
vn 0.406393 -0.152953 0.900805
v 0.194344 0.174499 0.029840
vn 0.300977 -0.237320 0.923630
v 0.203183 0.179282 0.027335
vn 0.323393 -0.147624 0.934679
v 0.195821 0.184500 0.030945
vn 0.175531 -0.983142 0.051195
v 0.223081 0.138253 -0.020261
vn 0.233363 -0.958757 0.162258
v 0.220056 0.138537 -0.011676
vn 0.549157 -0.588869 0.593010
v 0.189602 0.138252 0.020901
vn 0.401023 -0.278451 0.872723
v 0.208441 0.164425 0.020570
vn 0.377042 -0.362109 0.852477
v 0.215677 0.159446 0.015632
vn 0.309294 -0.941666 0.132676
v 0.210796 0.135985 -0.010006
vn 0.633126 -0.721100 0.281365
v 0.189207 0.129131 0.005509
vn 0.806211 -0.559448 0.192465
v 0.184959 0.122022 0.000850
vn 0.358818 -0.926143 0.116228
v 0.202967 0.133538 -0.008485
vn 0.096268 0.418934 -0.902899
v 0.215189 0.208649 -0.065047
vn 0.010741 -0.960511 -0.278036
v 0.311539 0.141061 -0.037416
vn -0.031612 -0.546620 -0.836784
v 0.291555 0.160129 -0.065008
vn -0.012045 -0.729308 -0.684080
v 0.294063 0.153012 -0.058897
vn 0.007464 -0.849279 -0.527891
v 0.307501 0.147766 -0.051973
vn -0.014485 -0.915633 -0.401753
v 0.290738 0.143923 -0.045053
vn 0.032235 -0.982349 -0.184256
v 0.320599 0.140201 -0.032866
vn 0.043535 -0.892328 -0.449283
v 0.339602 0.145925 -0.046825
vn 0.017491 -0.834103 -0.551331
v 0.319126 0.148701 -0.053214
vn 0.011951 -0.965513 -0.260079
v 0.359754 0.142311 -0.035903
vn 0.100231 0.907078 0.408857
v 0.244842 0.230557 0.000183
vn 0.079467 0.961020 0.264813
v 0.250023 0.232780 -0.007487
vn 0.075084 0.689511 0.720373
v 0.279251 0.221252 0.009009
vn 0.069570 -0.224305 -0.972032
v 0.359880 0.179577 -0.073110
vn 0.082480 -0.429518 -0.899284
v 0.363245 0.170381 -0.069502
vn -0.012760 -0.814597 -0.579887
v 0.383705 0.148738 -0.049185
vn -0.020079 -0.910978 -0.411967
v 0.377552 0.144371 -0.041483
vn -0.015947 -0.970945 -0.238770
v 0.371535 0.141779 -0.033698
vn 0.035952 -0.887679 -0.459057
v 0.361282 0.146575 -0.046358
vn 0.055885 -0.711032 -0.700936
v 0.359742 0.155931 -0.059494
vn 0.013635 -0.915356 -0.402414
v 0.396480 0.143840 -0.041330
vn 0.027809 -0.832997 -0.552578
v 0.371970 0.148906 -0.049678
vn 0.013855 -0.538424 0.842560
v 0.380157 0.162531 0.009970
vn 0.050729 -0.427099 0.902781
v 0.376510 0.170374 0.014454
vn 0.052512 -0.553700 0.831059
v 0.369825 0.163768 0.011026
vn 0.034654 -0.870336 -0.491239
v 0.404926 0.146575 -0.046154
vn 0.029651 0.200347 -0.979276
v 0.383187 0.202516 -0.072055
vn 0.015899 0.237571 -0.971240
v 0.374112 0.204031 -0.071965
vn 0.067063 -0.598813 -0.798077
v 0.376366 0.162031 -0.063238
vn 0.062610 -0.476726 -0.876820
v 0.381099 0.168554 -0.066991
vn 0.035128 -0.714051 -0.699212
v 0.380075 0.155179 -0.056757
vn -0.019537 -0.702288 -0.711625
v 0.390953 0.154511 -0.056092
vn 0.088510 -0.806291 -0.584860
v 0.421358 0.151100 -0.051608
vn 0.013085 -0.623501 -0.781713
v 0.409163 0.159059 -0.060724
vn 0.062624 -0.661984 -0.746897
v 0.419290 0.157645 -0.058903
vn 0.164209 -0.981362 0.099822
v 0.440913 0.147545 -0.027157
vn 0.114939 -0.758478 -0.641482
v 0.455847 0.156910 -0.052595
vn 0.126880 -0.906207 -0.403348
v 0.450000 0.151618 -0.045346
vn 0.108171 -0.453988 0.884417
v 0.340777 0.169815 0.018915
vn 0.125647 -0.854963 -0.503240
v 0.465201 0.154816 -0.047785
vn 0.129323 -0.753698 -0.644372
v 0.436597 0.154658 -0.053170
vn 0.124077 -0.583794 -0.802365
v 0.437928 0.162106 -0.059571
vn 0.138402 0.989892 -0.030969
v 0.543328 0.232066 -0.026414
vn 0.009915 0.980932 0.194096
v 0.539540 0.231495 -0.016510
vn 0.112209 -0.914722 -0.388192
v 0.458211 0.152317 -0.044475
vn 0.163598 -0.572728 0.803255
v 0.416166 0.162643 0.007702
vn 0.123456 -0.375595 -0.918524
v 0.452404 0.170887 -0.062762
vn 0.118802 -0.531732 -0.838539
v 0.458352 0.165000 -0.059201
vn -0.029636 0.955275 0.294232
v 0.530568 0.230669 -0.014387
vn 0.042561 -0.763974 -0.643841
v 0.480686 0.159090 -0.050787
vn -0.171228 0.855397 0.488853
v 0.533519 0.224474 0.001191
vn -0.096831 0.927261 0.361679
v 0.535825 0.228372 -0.006171
vn -0.121909 0.890946 0.437439
v 0.527514 0.227041 -0.005732
vn -0.239006 0.768690 0.593289
v 0.531492 0.219343 0.008432
vn -0.297331 -0.400585 0.866675
v 0.515807 0.184720 0.016809
vn -0.229094 -0.648035 0.726338
v 0.520428 0.178665 0.013976
vn -0.432471 -0.173298 0.884837
v 0.521832 0.188401 0.021061
vn -0.034755 -0.684744 0.727955
v 0.507230 0.173761 0.007033
vn -0.325613 0.489235 0.809089
v 0.518576 0.206400 0.015505
vn -0.431434 0.264071 0.862630
v 0.525704 0.198776 0.022692
vn 0.179684 -0.438092 0.880789
v 0.440796 0.173792 0.008902
vn -0.374609 0.106812 0.921010
v 0.515970 0.195509 0.018296
vn 0.007928 -0.784009 -0.620699
v 0.501116 0.160622 -0.052918
vn 0.049029 -0.800555 -0.597250
v 0.511403 0.161899 -0.054163
vn 0.104072 -0.934541 -0.340298
v 0.507520 0.156985 -0.046149
vn 0.014482 -0.825590 0.564085
v 0.515793 0.168881 0.000964
vn -0.056034 -0.804306 0.591568
v 0.522562 0.172700 0.006699
vn 0.192679 -0.675404 -0.711832
v 0.525647 0.168080 -0.058943
vn 0.169187 -0.820547 -0.545965
v 0.520424 0.163055 -0.054509
vn 0.224421 -0.958733 -0.174544
v 0.534350 0.161182 -0.039264
vn 0.283677 -0.872366 -0.398127
v 0.539230 0.164876 -0.047050
vn 0.136083 -0.970935 0.196894
v 0.534007 0.161777 -0.018763
vn 0.126714 -0.966804 0.221888
v 0.524348 0.160174 -0.020630
vn 0.093381 -0.934230 0.344230
v 0.529922 0.163883 -0.010431
vn 0.207580 -0.978131 -0.013018
v 0.539474 0.161522 -0.029889
vn 0.315392 -0.846492 -0.428929
v 0.544995 0.166470 -0.045956
vn 0.264008 -0.934654 -0.238165
v 0.543293 0.163674 -0.039996
vn 0.370807 -0.703770 -0.605979
v 0.546538 0.170144 -0.050886
vn -0.130903 0.152194 -0.979644
v 0.492801 0.204378 -0.062904
vn 0.129125 -0.661837 -0.738443
v 0.465499 0.160695 -0.054819
vn 0.124052 -0.774812 -0.619901
v 0.472130 0.158119 -0.050708
vn 0.096712 -0.580729 -0.808332
v 0.474434 0.164071 -0.055955
vn 0.329377 0.824077 -0.460878
v 0.539328 0.228587 -0.044370
vn 0.282659 0.911039 -0.300188
v 0.546740 0.229819 -0.035202
vn 0.422420 0.668994 -0.611563
v 0.550181 0.223315 -0.044110
vn -0.027369 -0.248781 -0.968173
v 0.484622 0.177746 -0.061542
vn -0.117691 -0.149938 -0.981666
v 0.493188 0.183099 -0.063306
vn -0.101242 -0.351677 -0.930631
v 0.494074 0.173079 -0.060879
vn 0.447447 0.520332 -0.727356
v 0.543516 0.219311 -0.051639
vn -0.019560 -0.514752 -0.857116
v 0.485169 0.167034 -0.057342
vn 0.416193 0.393527 -0.819707
v 0.537046 0.214587 -0.057878
vn -0.069648 -0.540679 -0.838341
v 0.504296 0.168101 -0.059824
vn 0.090079 0.234264 -0.967991
v 0.521064 0.207536 -0.065463
vn 0.034176 -0.599723 -0.799478
v 0.515448 0.167881 -0.060407
vn 0.521065 -0.019990 -0.853283
v 0.551086 0.188780 -0.056674
vn 0.500955 0.389952 -0.772646
v 0.551956 0.213207 -0.049654
vn 0.224885 -0.467953 -0.854662
v 0.530860 0.175188 -0.063008
vn 0.477933 -0.387491 -0.788309
v 0.548817 0.177336 -0.055336
vn 0.235245 0.971094 -0.040451
v 0.164943 0.251265 -0.014088
vn 0.236260 -0.873397 -0.425862
v 0.203512 0.138893 -0.045726
vn 0.239657 0.456292 -0.856949
v 0.181655 0.213079 -0.069300
vn 0.270151 0.901489 0.338137
v 0.160205 0.249342 0.005979
vn 0.276893 0.571871 0.772201
v 0.155217 0.232994 0.031400
vn -0.009349 -0.982408 0.186513
v 0.255740 0.141235 -0.018573
vn -0.022611 -0.995137 -0.095869
v 0.292673 0.139342 -0.027566
vn -0.061647 0.392086 0.917861
v 0.317443 0.205678 0.020735
vn 0.239796 0.929388 0.280598
v 0.178195 0.246472 0.000850
vn 0.123408 -0.354380 0.926922
v 0.222766 0.178664 0.023073
vn 0.140516 -0.176107 0.974290
v 0.221869 0.189346 0.026212
vn 0.231219 0.953714 0.192272
v 0.212357 0.239288 -0.008619
vn 0.251026 0.905065 0.343283
v 0.207723 0.238263 -0.000833
vn 0.319647 0.038302 0.946762
v 0.180314 0.194364 0.036996
vn 0.669818 -0.453709 0.587785
v 0.180636 0.135390 0.026579
vn 0.107780 -0.836938 0.536580
v 0.245100 0.146380 -0.005680
vn 0.031031 -0.933283 0.357799
v 0.250252 0.142723 -0.012714
vn 0.305558 -0.656372 0.689790
v 0.229616 0.148829 0.003431
vn 0.222123 0.974543 -0.030442
v 0.193100 0.244765 -0.015770
vn 0.217810 0.962839 -0.159688
v 0.184366 0.245891 -0.022504
vn 0.063097 -0.724097 -0.686805
v 0.348493 0.155529 -0.059911
vn 0.008092 -0.918893 -0.394423
v 0.368333 0.144543 -0.041292
vn 0.092335 -0.893651 0.439160
v 0.340840 0.144331 -0.007709
vn 0.002016 0.898105 0.439777
v 0.290350 0.230309 -0.003947
vn 0.024965 -0.568562 -0.822262
v 0.387558 0.163262 -0.063357
vn 0.130712 -0.865487 -0.483578
v 0.430573 0.150122 -0.048356
vn 0.117942 -0.446346 -0.887054
v 0.444018 0.168859 -0.063012
vn 0.075680 -0.152703 -0.985370
v 0.420193 0.182949 -0.070887
vn 0.133811 -0.174007 -0.975611
v 0.430681 0.182135 -0.069534
vn -0.032207 0.913981 0.404478
v 0.521808 0.229541 -0.012176
vn 0.043507 0.509558 0.859335
v 0.446439 0.224318 0.006339
vn 0.059974 0.338940 0.938895
v 0.447362 0.216534 0.009772
vn 0.002793 -0.976132 -0.217161
v 0.393006 0.141242 -0.033702
vn 0.041936 0.969464 0.241621
v 0.524488 0.232791 -0.021360
vn -0.049867 0.487751 0.871558
v 0.499254 0.208438 0.009641
vn -0.210994 0.351906 0.911945
v 0.507952 0.202257 0.013994
vn -0.160201 0.603885 0.780806
v 0.509662 0.212010 0.008465
vn -0.342602 0.670705 0.657859
v 0.529715 0.213163 0.014916
vn 0.083004 -0.959439 0.269419
v 0.471455 0.152664 -0.020374
vn -0.356501 0.519339 0.776655
v 0.527926 0.206114 0.019931
vn 0.012018 0.325389 0.945504
v 0.488461 0.204039 0.011615
vn 0.101729 -0.934895 0.340033
v 0.518388 0.161658 -0.013667
vn 0.139941 -0.944502 0.297209
v 0.489171 0.154702 -0.020011
vn 0.121533 -0.988826 0.086333
v 0.488156 0.152866 -0.028406
vn 0.050932 -0.875959 0.479690
v 0.526070 0.167640 -0.001652
vn 0.062628 -0.897288 0.436981
v 0.520570 0.164794 -0.006446
vn 0.169712 -0.978472 0.117432
v 0.508908 0.156229 -0.029311
vn 0.145173 -0.960181 0.238700
v 0.514244 0.158573 -0.021800
vn 0.248862 -0.887454 -0.387935
v 0.528757 0.162686 -0.049115
vn -0.226474 0.696649 0.680727
v 0.520035 0.215827 0.008159
vn -0.083122 0.764649 0.639064
v 0.512583 0.221157 0.000246
vn 0.082720 0.823275 -0.561583
v 0.451808 0.234092 -0.046163
vn 0.153519 0.975040 -0.160404
v 0.520164 0.234427 -0.039523
vn 0.525154 0.228882 -0.819650
v 0.552137 0.201104 -0.053985
vn 0.236809 0.658187 -0.714640
v 0.524988 0.224881 -0.056758
vn 0.113235 0.765915 -0.632892
v 0.209021 0.228124 -0.051042
vn 0.255742 -0.672784 -0.694232
v 0.197171 0.146269 -0.058531
vn -0.021382 -0.763351 0.645630
v 0.251758 0.151087 0.000730
vn 0.179868 -0.584212 -0.791419
v 0.204783 0.152565 -0.061648
vn 0.231207 0.832831 0.502928
v 0.212677 0.233269 0.006749
vn 0.249556 0.715231 0.652814
v 0.206624 0.228650 0.015298
vn 0.141351 -0.005846 0.989942
v 0.230514 0.195803 0.025745
vn 0.109449 -0.047597 0.992852
v 0.239743 0.192544 0.024451
vn -0.089335 -0.615685 0.782912
v 0.264847 0.159298 0.009833
vn 0.162195 0.978583 -0.126761
v 0.220065 0.238307 -0.025659
vn 0.249953 0.954934 0.160074
v 0.193008 0.244199 -0.006900
vn 0.158586 0.497581 0.852798
v 0.226478 0.214684 0.021202
vn 0.185160 -0.102206 0.977379
v 0.212665 0.193375 0.028350
vn 0.272282 0.083030 0.958629
v 0.189062 0.200589 0.034066
vn 0.242502 0.563446 0.789760
v 0.207146 0.220690 0.022252
vn 0.019060 -0.413920 0.910114
v 0.256383 0.173050 0.018074
vn 0.409096 -0.750123 0.519573
v 0.211196 0.142039 0.007404
vn 0.321141 -0.888801 0.326958
v 0.215761 0.139769 -0.001868
vn 0.384209 -0.686245 0.617617
v 0.220075 0.145337 0.005529
vn 0.488310 -0.201848 0.849006
v 0.199412 0.158975 0.024487
vn 0.468272 -0.807191 0.359394
v 0.197839 0.134990 0.007135
vn 0.269139 -0.875968 0.400305
v 0.225537 0.141898 -0.003403
vn 0.456663 -0.871923 0.176664
v 0.196911 0.132002 -0.002190
vn 0.488149 -0.669438 0.559968
v 0.197645 0.139972 0.015105
vn 0.514129 -0.412743 0.751874
v 0.196767 0.147420 0.022489
vn 0.202030 0.521904 -0.828734
v 0.189809 0.216204 -0.065282
vn -0.082083 -0.884460 0.459339
v 0.280156 0.144057 -0.004828
vn 0.006695 -0.187913 -0.982163
v 0.336640 0.178296 -0.073762
vn -0.010192 -0.012453 -0.999871
v 0.337822 0.187336 -0.074682
vn 0.036596 -0.156233 -0.987042
v 0.347810 0.181296 -0.074109
vn -0.024749 -0.563960 0.825431
v 0.256787 0.164858 0.013314
vn -0.049009 -0.145140 -0.988197
v 0.317407 0.179275 -0.073325
vn -0.044911 -0.308415 -0.950191
v 0.289594 0.170744 -0.069800
vn -0.130386 0.850439 0.509660
v 0.405256 0.235032 -0.006906
vn 0.089724 -0.297945 0.950357
v 0.371497 0.177052 0.017478
vn 0.117128 -0.124795 0.985245
v 0.367121 0.184436 0.019665
vn 0.102439 0.284379 0.953223
v 0.375226 0.202171 0.017085
vn 0.081020 -0.129083 -0.988319
v 0.475252 0.183024 -0.062727
vn 0.009992 0.605873 -0.795498
v 0.400182 0.224207 -0.062444
vn -0.022762 0.701472 -0.712333
v 0.389428 0.227726 -0.059295
vn -0.026445 -0.874868 0.483639
v 0.367268 0.145170 -0.008213
vn -0.020132 -0.974450 0.223702
v 0.380142 0.140865 -0.017134
vn 0.140471 -0.886222 0.441450
v 0.405921 0.145472 -0.009077
vn 0.081201 -0.958558 0.273081
v 0.397871 0.141867 -0.015625
vn 0.149214 -0.963944 0.220335
v 0.408680 0.142447 -0.018855
vn 0.232741 0.862733 -0.448913
v 0.528108 0.230375 -0.048194
vn 0.156315 0.836176 -0.525714
v 0.516470 0.230880 -0.051900
vn 0.122448 0.948848 0.291022
v 0.506773 0.234578 -0.022902
vn 0.134887 -0.881165 0.453160
v 0.448640 0.153172 -0.013099
vn 0.121326 -0.945702 0.301541
v 0.454755 0.151450 -0.019167
vn 0.138643 -0.665705 0.733222
v 0.410187 0.156409 0.003875
vn 0.025745 -0.704198 0.709537
v 0.393171 0.152413 0.002023
vn 0.093905 -0.919906 0.380730
v 0.463002 0.153591 -0.015597
vn 0.139855 0.989149 0.044991
v 0.509703 0.236265 -0.033655
vn 0.130498 0.958679 -0.252795
v 0.509294 0.235536 -0.043839
vn 0.083809 0.990341 -0.110454
v 0.501028 0.237329 -0.037907
vn 0.080769 -0.990757 -0.108980
v 0.482242 0.152302 -0.034527
vn 0.081681 0.795949 0.599828
v 0.502567 0.226380 -0.006243
vn 0.013108 0.658565 0.752410
v 0.500997 0.217907 0.002851
vn 0.136935 -0.922714 0.360345
v 0.508520 0.159828 -0.015032
vn -0.009705 -0.527651 0.849406
v 0.489503 0.176859 0.008736
vn 0.007295 -0.678568 0.734501
v 0.497663 0.171790 0.004795
vn -0.059532 -0.492902 0.868046
v 0.498714 0.179644 0.010530
vn 0.170095 -0.981761 0.084930
v 0.519305 0.157867 -0.029815
vn 0.034983 -0.254287 -0.966496
v 0.396021 0.180018 -0.070957
vn -0.024938 0.917167 -0.397722
v 0.397228 0.237096 -0.046016
vn -0.042350 0.785745 -0.617099
v 0.379629 0.230697 -0.055337
vn 0.334228 0.462329 -0.821306
v 0.530078 0.218679 -0.058978
vn 0.233463 0.188169 -0.953985
v 0.528911 0.201089 -0.065671
vn -0.100791 -0.182966 -0.977939
v 0.510380 0.182806 -0.065721
vn -0.077637 -0.359854 -0.929773
v 0.510367 0.174390 -0.063500
vn -0.148882 0.293884 -0.944175
v 0.492227 0.215013 -0.060516
vn 0.243862 -0.541015 -0.804882
v 0.193502 0.151433 -0.063991
vn 0.238047 -0.168407 -0.956542
v 0.187609 0.172550 -0.073754
vn 0.214867 0.355860 -0.909503
v 0.187596 0.206367 -0.070817
vn 0.128403 -0.274509 -0.952973
v 0.208163 0.168311 -0.068723
vn 0.204339 -0.754615 -0.623540
v 0.204712 0.144608 -0.054129
vn 0.168613 -0.601334 0.781004
v 0.233947 0.158089 0.008955
vn 0.129394 0.037738 -0.990875
v 0.207342 0.187162 -0.071044
vn 0.103530 -0.541457 -0.834329
v 0.216045 0.156486 -0.062515
vn 0.262255 0.917926 0.297716
v 0.187975 0.243852 0.000360
vn 0.232436 0.967058 0.103792
v 0.172512 0.249354 -0.007084
vn 0.184532 0.327130 0.926787
v 0.218848 0.208733 0.025510
vn 0.068997 -0.497599 0.864659
v 0.238967 0.170938 0.017650
vn 0.188594 0.876552 -0.442819
v 0.193705 0.237937 -0.040559
vn 0.084886 0.969143 -0.231424
v 0.239846 0.234549 -0.032712
vn 0.179126 0.678079 0.712827
v 0.223509 0.223034 0.015608
vn 0.222056 0.362774 0.905034
v 0.208787 0.212010 0.026644
vn 0.282941 0.730557 0.621475
v 0.195897 0.232274 0.015642
vn 0.512101 -0.208066 0.833344
v 0.190442 0.154065 0.028794
vn 0.258095 -0.044319 0.965102
v 0.197108 0.194391 0.031868
vn 0.232719 0.173962 0.956859
v 0.200058 0.205046 0.030661
vn 0.096859 -0.566832 0.818120
v 0.233776 0.165461 0.014677
vn 0.098870 -0.140716 0.985101
v 0.248376 0.188134 0.023170
vn 0.094919 0.797996 0.595141
v 0.243454 0.226310 0.007727
vn 0.187758 -0.260954 0.946916
v 0.212601 0.183855 0.026401
vn 0.469650 -0.566337 0.677268
v 0.205359 0.145091 0.015152
vn 0.198359 -0.506360 0.839198
v 0.225481 0.163124 0.014251
vn 0.156782 0.821071 -0.548873
v 0.201631 0.232850 -0.046451
vn 0.090984 0.883695 -0.459134
v 0.218834 0.233502 -0.041247
vn 0.078601 0.807061 -0.585214
v 0.218217 0.229316 -0.048063
vn 0.160956 -0.710636 0.684901
v 0.239970 0.151191 0.001614
vn -0.085262 -0.327166 0.941113
v 0.303238 0.171401 0.020585
vn -0.015772 -0.870348 0.492185
v 0.299330 0.144350 -0.001924
vn 0.038610 -0.911006 0.410581
v 0.311023 0.142945 -0.005172
vn 0.120215 -0.740250 0.661497
v 0.334727 0.153428 0.006685
vn -0.072669 0.705288 -0.705186
v 0.287114 0.221130 -0.058356
vn 0.076270 -0.972688 0.219230
v 0.338366 0.140819 -0.016492
vn -0.006185 -0.668952 0.743280
v 0.382807 0.154389 0.003964
vn 0.020260 -0.063799 0.997757
v 0.396220 0.186146 0.017983
vn 0.064340 -0.961315 -0.267833
v 0.403155 0.142197 -0.036145
vn 0.057730 -0.849705 0.524088
v 0.395574 0.145918 -0.005904
vn -0.023123 0.944061 -0.328960
v 0.371355 0.237721 -0.042040
vn -0.075719 0.775508 -0.626781
v 0.310209 0.225962 -0.055686
vn 0.135365 0.503968 -0.853049
v 0.438764 0.219918 -0.061393
vn 0.140202 0.521576 -0.841607
v 0.448355 0.220737 -0.059395
vn -0.010748 0.957299 -0.288900
v 0.491663 0.237169 -0.040838
vn 0.037762 0.691003 -0.721865
v 0.467162 0.228912 -0.051218
vn 0.054548 0.505457 -0.861126
v 0.466392 0.222120 -0.056414
vn 0.196662 0.845085 0.497147
v 0.477405 0.235067 -0.009784
vn 0.126305 -0.981228 -0.145732
v 0.455242 0.149832 -0.036820
vn 0.107554 -0.988002 0.110838
v 0.461917 0.150517 -0.026941
vn 0.218999 -0.815273 0.536069
v 0.422912 0.151078 -0.005795
vn 0.000262 0.929441 0.368970
v 0.430710 0.239867 -0.010905
vn 0.045198 -0.412059 0.910035
v 0.457435 0.177072 0.008175
vn 0.178905 -0.796929 0.576972
v 0.442341 0.156025 -0.006447
vn 0.109590 -0.766791 0.632473
v 0.452149 0.158680 -0.005492
vn 0.081387 0.885930 0.456623
v 0.507398 0.230813 -0.014084
vn 0.147258 -0.949699 0.276383
v 0.446834 0.149895 -0.020554
vn -0.010863 0.409680 -0.912165
v 0.343760 0.210534 -0.069857
vn -0.003067 0.353249 -0.935524
v 0.367398 0.209818 -0.070190
vn 0.042641 0.439683 -0.897140
v 0.407414 0.216857 -0.066737
vn 0.058685 0.611406 -0.789138
v 0.411761 0.224784 -0.061563
vn -0.034573 0.615838 -0.787114
v 0.352812 0.221664 -0.063270
vn 0.324184 -0.169675 -0.930653
v 0.534743 0.183957 -0.064845
vn 0.022920 -0.369512 -0.928943
v 0.519694 0.176335 -0.064565
vn -0.026879 -0.114547 -0.993054
v 0.518881 0.187125 -0.067147
vn 0.206326 0.218521 -0.953770
v 0.190162 0.198009 -0.072785
vn 0.200725 -0.388606 -0.899275
v 0.199027 0.160990 -0.067751
vn -0.056833 0.378956 -0.923668
v 0.250403 0.205188 -0.066408
vn 0.028744 -0.618925 -0.784924
v 0.234116 0.154133 -0.059612
vn -0.042208 0.282223 -0.958420
v 0.268651 0.199610 -0.069428
vn 0.261192 0.469809 0.843243
v 0.190172 0.220237 0.027848
vn 0.139927 0.761129 0.633327
v 0.233725 0.225294 0.010818
vn -0.016274 -0.104766 0.994364
v 0.276777 0.184565 0.021157
vn 0.028891 -0.153478 0.987730
v 0.266482 0.184353 0.021245
vn 0.183319 0.937696 -0.295161
v 0.198425 0.240908 -0.030714
vn 0.213218 0.971022 -0.107955
v 0.201228 0.242510 -0.021170
vn 0.155271 0.902459 -0.401819
v 0.204517 0.237245 -0.037472
vn 0.109590 0.608669 0.785819
v 0.243336 0.218243 0.016094
vn 0.087311 0.000252 0.996181
v 0.258618 0.193309 0.022549
vn 0.078974 0.197598 0.977097
v 0.264470 0.201452 0.021308
vn 0.129541 0.879608 0.457721
v 0.236033 0.230497 0.002452
vn 0.118967 0.953698 0.276237
v 0.239105 0.233491 -0.006283
vn 0.220909 0.913643 0.341255
v 0.218183 0.236074 -0.002113
vn 0.116946 0.103508 0.987730
v 0.248204 0.198375 0.023537
vn 0.232252 0.805012 -0.545907
v 0.173885 0.237050 -0.050365
vn 0.151311 0.712519 -0.685144
v 0.199822 0.226667 -0.054512
vn 0.152509 0.588871 -0.793708
v 0.198719 0.219293 -0.061250
vn 0.190187 0.772433 -0.605951
v 0.191908 0.231891 -0.050744
vn -0.078612 -0.664183 0.743425
v 0.292301 0.154302 0.009466
vn -0.093900 -0.723561 0.683844
v 0.262890 0.152442 0.003359
vn 0.042789 -0.522661 -0.851466
v 0.335701 0.164361 -0.068459
vn -0.044899 -0.399245 -0.915744
v 0.306704 0.167145 -0.069531
vn 0.119930 -0.619855 0.775497
v 0.336847 0.160786 0.013321
vn 0.030069 -0.995137 -0.093799
v 0.329083 0.139887 -0.028075
vn 0.032939 -0.998950 0.031846
v 0.320046 0.139384 -0.022447
vn -0.066781 -0.971815 0.226088
v 0.281423 0.140358 -0.014405
vn 0.057488 0.036104 0.997693
v 0.270024 0.193558 0.021598
vn -0.088343 -0.272440 0.958108
v 0.292529 0.173524 0.020182
vn -0.076645 -0.492173 0.867117
v 0.295788 0.163075 0.016222
vn 0.005388 -0.964925 0.262469
v 0.300518 0.140350 -0.011589
vn -0.041226 -0.968699 0.244792
v 0.371028 0.141429 -0.016741
vn 0.034756 -0.318333 -0.947342
v 0.413958 0.174997 -0.069211
vn 0.168984 0.076718 -0.982629
v 0.448551 0.195166 -0.067276
vn 0.168883 -0.105723 -0.979950
v 0.447435 0.185741 -0.067335
vn 0.095624 0.158359 -0.982740
v 0.420250 0.201147 -0.070696
vn -0.024241 0.724734 -0.688602
v 0.370925 0.227108 -0.058875
vn -0.045599 0.336205 -0.940684
v 0.325635 0.205757 -0.071092
vn 0.054239 0.217099 0.974642
v 0.453986 0.209357 0.011448
vn 0.210537 0.741472 0.637097
v 0.484503 0.229519 -0.004972
vn -0.015415 0.655886 0.754703
v 0.428181 0.229915 0.002860
vn 0.018227 0.782190 0.622774
v 0.435232 0.234530 -0.002031
vn 0.108485 0.514655 -0.850507
v 0.457588 0.221057 -0.057543
vn -0.017600 0.784751 -0.619562
v 0.473189 0.232188 -0.047424
vn 0.170161 0.224525 -0.959497
v 0.458952 0.205291 -0.063762
vn 0.170069 -0.033138 -0.984875
v 0.455293 0.189409 -0.066205
vn 0.018900 -0.930507 0.365785
v 0.387545 0.142492 -0.012191
vn -0.016990 0.903953 -0.427295
v 0.499891 0.234964 -0.046902
vn 0.190756 -0.459998 0.867187
v 0.430814 0.171538 0.009887
vn 0.199704 -0.567895 0.798508
v 0.436092 0.166181 0.005394
vn 0.003598 0.150394 0.988620
v 0.465799 0.204052 0.012197
vn -0.111862 0.680335 -0.724315
v 0.499392 0.229443 -0.054435
vn 0.114880 0.674860 -0.728949
v 0.450608 0.228103 -0.053374
vn 0.209309 -0.701480 0.681260
v 0.435418 0.159513 -0.000199
vn 0.135810 0.981429 0.135475
v 0.501492 0.236979 -0.029747
vn 0.123396 -0.852758 0.507520
v 0.490216 0.159620 -0.009593
vn 0.045499 -0.397792 -0.916347
v 0.388212 0.173282 -0.068846
vn 0.045461 -0.204208 -0.977871
v 0.387177 0.182693 -0.072113
vn 0.042339 0.139203 -0.989358
v 0.393457 0.199906 -0.072121
vn -0.021707 0.618324 -0.785624
v 0.379967 0.223350 -0.062900
vn 0.031665 0.064330 -0.997426
v 0.375516 0.195185 -0.073302
vn 0.043284 -0.136734 -0.989662
v 0.377810 0.185199 -0.072817
vn -0.057491 0.645930 -0.761229
v 0.325142 0.220912 -0.062274
vn 0.038020 0.835371 -0.548370
v 0.506702 0.232563 -0.051512
vn -0.023777 0.191900 -0.981126
v 0.239287 0.194706 -0.068970
vn -0.033171 0.343008 -0.938747
v 0.240642 0.202579 -0.066796
vn -0.054544 -0.099715 -0.993520
v 0.258262 0.181256 -0.070545
vn 0.189483 0.832015 0.521390
v 0.224368 0.230478 0.006185
vn -0.114279 -0.690787 0.713971
v 0.272587 0.153299 0.005831
vn -0.099098 -0.133147 0.986129
v 0.299501 0.180821 0.022447
vn 0.060263 -0.231934 0.970863
v 0.256728 0.182290 0.021222
vn 0.117233 0.358142 0.926278
v 0.246911 0.208356 0.021271
vn 0.026342 0.775961 0.630231
v 0.343202 0.227383 0.003771
vn 0.050022 0.819882 0.570343
v 0.351727 0.230693 -0.001213
vn 0.131922 0.189338 0.973010
v 0.238880 0.202336 0.023953
vn 0.005215 0.345930 0.938246
v 0.285108 0.205242 0.018695
vn -0.084413 -0.935893 0.342021
v 0.270093 0.142411 -0.010829
vn 0.042983 -0.540386 0.840319
v 0.319539 0.163396 0.017249
vn -0.029987 -0.606281 -0.794685
v 0.302333 0.158569 -0.064316
vn -0.021023 -0.999621 -0.017769
v 0.365400 0.140662 -0.025403
vn 0.141915 0.333038 -0.932173
v 0.435130 0.211069 -0.066145
vn -0.001868 -0.430191 -0.902736
v 0.396958 0.170276 -0.067304
vn 0.018696 0.312980 -0.949576
v 0.390935 0.209798 -0.069908
vn -0.075494 0.983016 -0.167271
v 0.336627 0.238446 -0.034317
vn -0.014806 0.942552 -0.333731
v 0.362859 0.237702 -0.042137
vn 0.113463 0.898354 0.424365
v 0.460894 0.237942 -0.009719
vn 0.127228 0.961379 0.244058
v 0.469560 0.239199 -0.016265
vn 0.135998 0.506726 0.851313
v 0.472812 0.219395 0.006115
vn 0.111807 0.444012 0.889018
v 0.480695 0.212920 0.008438
vn 0.077474 0.802717 -0.591306
v 0.435751 0.233277 -0.049935
vn 0.058739 0.908938 -0.412773
v 0.441771 0.237677 -0.041787
vn 0.020238 0.948074 -0.317406
v 0.471826 0.237941 -0.036837
vn -0.152058 -0.072861 -0.985682
v 0.501670 0.188239 -0.065180
vn -0.015337 0.623071 -0.782015
v 0.507814 0.226945 -0.057543
vn 0.070691 0.551637 -0.831083
v 0.515718 0.223143 -0.060140
vn 0.406750 0.264115 -0.874527
v 0.537351 0.204577 -0.061537
vn 0.054960 -0.321549 0.945296
v 0.405932 0.175113 0.015461
vn 0.070103 -0.625980 0.776682
v 0.457578 0.166720 0.001802
vn 0.072423 -0.791010 0.607502
v 0.461771 0.158674 -0.006575
vn -0.158511 0.512483 -0.843941
v 0.491263 0.224756 -0.056319
vn -0.102769 0.780452 -0.616711
v 0.490893 0.232473 -0.049639
vn 0.005313 -0.569493 0.821979
v 0.477482 0.172843 0.006014
vn -0.040042 -0.414214 0.909298
v 0.473226 0.178670 0.009243
vn 0.085342 -0.799112 0.595094
v 0.479601 0.160577 -0.005696
vn 0.180009 -0.241310 0.953607
v 0.439666 0.183748 0.012792
vn -0.023747 0.979575 -0.199674
v 0.378199 0.239326 -0.037223
vn -0.013200 0.996322 -0.084665
v 0.368444 0.239718 -0.032557
vn 0.019391 0.420206 -0.907221
v 0.398007 0.215718 -0.067525
vn -0.076472 0.397489 -0.914415
v 0.294710 0.207916 -0.068119
vn -0.076052 0.224053 -0.971605
v 0.296786 0.198872 -0.071193
vn -0.068099 0.343849 -0.936553
v 0.304429 0.205678 -0.069716
vn 0.130715 0.929835 -0.343978
v 0.214371 0.236726 -0.035220
vn 0.085483 0.678751 0.729376
v 0.259423 0.220931 0.012003
vn 0.059232 0.828083 0.557468
v 0.264575 0.226572 0.004847
vn 0.049162 -0.392123 0.918598
v 0.323038 0.170911 0.021213
vn -0.029736 -0.363167 0.931250
v 0.314022 0.170727 0.021155
vn 0.009730 0.412565 0.910876
v 0.329382 0.207482 0.020457
vn 0.028255 -0.152739 -0.987863
v 0.411378 0.183349 -0.071256
vn 0.026798 0.736620 -0.675776
v 0.406596 0.229905 -0.057106
vn 0.036948 0.972651 -0.229313
v 0.424877 0.240873 -0.034738
vn 0.118222 0.485027 -0.866471
v 0.428730 0.218948 -0.063530
vn 0.057408 0.942401 0.329522
v 0.452771 0.239704 -0.012008
vn 0.087248 0.994089 -0.064610
v 0.465457 0.240271 -0.026537
vn 0.181491 0.674576 0.715548
v 0.473284 0.228932 -0.000979
vn 0.087604 0.622418 0.777767
v 0.454324 0.228828 0.002847
vn 0.069136 0.816376 0.573368
v 0.453051 0.235789 -0.004440
vn 0.027625 0.720045 0.693377
v 0.444904 0.232307 0.000309
vn 0.029200 0.993861 0.106715
v 0.448535 0.241488 -0.019424
vn 0.003921 0.556286 -0.830982
v 0.474395 0.224501 -0.054310
vn -0.147165 0.223961 -0.963423
v 0.502718 0.210922 -0.063176
vn 0.137433 -0.228608 -0.963769
v 0.466840 0.177473 -0.062947
vn 0.149511 -0.027942 -0.988365
v 0.464928 0.188749 -0.064615
vn -0.070287 0.997518 -0.004238
v 0.404408 0.240867 -0.029164
vn -0.097786 0.989568 0.105799
v 0.413046 0.241369 -0.022471
vn 0.159898 -0.151851 0.975384
v 0.431112 0.186005 0.014901
vn 0.074008 -0.584820 -0.807780
v 0.366423 0.162394 -0.064463
vn -0.022617 0.851835 -0.523322
v 0.369392 0.233585 -0.050436
vn -0.040887 -0.281975 0.958550
v 0.272369 0.176004 0.019305
vn -0.082699 0.197818 0.976744
v 0.312082 0.196696 0.023111
vn -0.052734 0.003853 0.998601
v 0.316542 0.187903 0.024346
vn 0.105848 0.658540 -0.745065
v 0.432236 0.226927 -0.057460
vn -0.036415 -0.050284 -0.998071
v 0.484099 0.188264 -0.062970
vn -0.047715 0.097267 -0.994114
v 0.483836 0.198895 -0.062599
vn 0.065713 0.232558 0.970360
v 0.423843 0.205935 0.014924
vn 0.065119 0.334523 0.940135
v 0.431130 0.213104 0.012281
vn 0.124590 0.040657 0.991375
v 0.428977 0.196224 0.015638
vn 0.088727 0.640970 -0.762420
v 0.422123 0.225943 -0.059576
vn 0.068546 0.799345 -0.596950
v 0.425445 0.232841 -0.051802
vn -0.091016 0.411997 -0.906628
v 0.483040 0.219383 -0.057387
vn -0.032058 0.807900 0.588447
v 0.426950 0.235447 -0.003029
vn -0.053268 0.594894 0.802037
v 0.419674 0.225361 0.005872
vn 0.025664 0.592238 0.805354
v 0.437324 0.227349 0.004653
vn 0.129395 0.066156 0.989384
v 0.439023 0.199353 0.014038
vn 0.189052 -0.943923 -0.270682
v 0.211465 0.137964 -0.038571
vn 0.127608 -0.710902 -0.691617
v 0.214096 0.148735 -0.056434
vn 0.081938 -0.817635 -0.569876
v 0.222699 0.145623 -0.051292
vn -0.003548 -0.651583 -0.758569
v 0.255583 0.154836 -0.059857
vn 0.270310 0.598436 0.754193
v 0.172452 0.229521 0.027586
vn -0.035720 -0.267141 -0.962995
v 0.253967 0.171818 -0.068502
vn 0.008336 0.418346 -0.908249
v 0.232411 0.207705 -0.064463
vn -0.031838 0.509026 -0.860162
v 0.242538 0.212574 -0.062243
vn 0.230218 -0.842089 0.487735
v 0.235342 0.144117 -0.004690
vn 0.460175 -0.463637 0.757152
v 0.213812 0.149889 0.012801
vn 0.117076 0.857592 -0.500828
v 0.210966 0.233238 -0.043287
vn 0.011846 -0.699991 -0.714053
v 0.321528 0.156105 -0.062385
vn 0.001302 -0.743021 -0.669267
v 0.311144 0.153477 -0.059699
vn 0.038634 -0.990424 0.132547
v 0.329059 0.139994 -0.018731
vn 0.060362 -0.689825 -0.721455
v 0.338200 0.157306 -0.062833
vn 0.033378 -0.776365 -0.629399
v 0.329698 0.152715 -0.058321
vn 0.067482 -0.997608 0.014999
v 0.343950 0.140437 -0.024475
vn -0.061192 0.634329 -0.770637
v 0.305200 0.218909 -0.062362
vn 0.032817 0.912750 0.407198
v 0.271040 0.229889 -0.001978
vn 0.048864 0.844672 0.533050
v 0.280131 0.227746 0.001175
vn 0.043247 0.000997 -0.999064
v 0.356856 0.189605 -0.074371
vn -0.001882 0.508474 -0.861075
v 0.389634 0.219257 -0.065761
vn 0.117210 0.127711 0.984861
v 0.344106 0.195295 0.022723
vn 0.135706 0.097480 0.985942
v 0.353936 0.193895 0.021541
vn 0.154362 -0.279027 -0.947796
v 0.445992 0.176562 -0.065707
vn 0.043638 -0.806144 0.590108
v 0.505295 0.167289 -0.000675
vn 0.081326 -0.883624 0.461079
v 0.511915 0.163758 -0.007275
vn 0.121127 -0.306831 0.944025
v 0.448591 0.181047 0.010414
vn 0.041098 -0.204428 0.978019
v 0.456492 0.187331 0.011485
vn 0.183441 -0.980152 -0.075173
v 0.513684 0.156612 -0.038163
vn 0.212411 -0.968567 -0.129455
v 0.524315 0.159024 -0.039140
vn 0.179224 0.396629 -0.900313
v 0.522775 0.216996 -0.062369
vn -0.119635 -0.003896 -0.992810
v 0.510435 0.193066 -0.066762
vn 0.238971 0.584191 -0.775638
v 0.181346 0.221314 -0.064133
vn 0.231253 0.717298 -0.657272
v 0.180896 0.230340 -0.056133
vn -0.046237 0.987921 -0.147900
v 0.347161 0.239230 -0.033842
vn -0.095342 0.986495 -0.133186
v 0.301419 0.235108 -0.031345
vn 0.118679 -0.946018 0.301603
v 0.241127 0.141725 -0.013055
vn 0.012723 0.687811 -0.725779
v 0.239570 0.221553 -0.055506
vn -0.050984 0.998690 0.004419
v 0.286786 0.234521 -0.023217
vn 0.134201 0.731591 0.668405
v 0.462390 0.232460 -0.001964
vn 0.096884 0.984645 0.145218
v 0.517513 0.234608 -0.027813
vn 0.088067 0.545332 0.833581
v 0.490700 0.215066 0.005819
vn -0.155751 -0.456737 0.875862
v 0.507164 0.182154 0.012996
vn -0.096991 -0.187224 0.977517
v 0.498712 0.188444 0.014181
vn -0.057201 -0.279163 0.958538
v 0.490290 0.185675 0.012823
vn -0.091444 0.214166 0.972507
v 0.498627 0.198317 0.013800
vn 0.374596 0.088622 -0.922943
v 0.536570 0.194106 -0.064307
vn 0.112647 -0.935231 -0.335638
v 0.221853 0.140696 -0.041878
vn 0.018788 -0.837057 -0.546793
v 0.255378 0.147444 -0.051413
vn 0.185490 -0.193892 -0.963327
v 0.198122 0.172552 -0.071429
vn 0.233135 -0.284954 -0.929758
v 0.191186 0.165268 -0.071142
vn 0.282374 0.749966 0.598177
v 0.186201 0.235850 0.015966
vn 0.541496 -0.386207 0.746744
v 0.186241 0.144442 0.028143
vn 0.423497 -0.768427 0.479760
v 0.203855 0.139620 0.009364
vn 0.163627 0.445789 -0.880056
v 0.198100 0.210872 -0.066580
vn -0.006327 -0.484726 -0.874643
v 0.325049 0.164825 -0.069015
vn 0.086290 0.563700 0.821460
v 0.371361 0.216636 0.010507
vn 0.035497 -0.452360 0.891129
v 0.400408 0.167468 0.012452
vn 0.080203 0.711953 0.697632
v 0.353390 0.224266 0.006322
vn -0.073644 0.609668 0.789229
v 0.400715 0.221657 0.007099
vn -0.043358 0.692062 0.720535
v 0.389775 0.224796 0.003318
vn 0.081461 -0.346263 -0.934594
v 0.475654 0.172777 -0.060330
vn 0.002101 -0.657673 0.753301
v 0.372272 0.156285 0.005406
vn 0.131293 -0.926128 -0.353622
v 0.422428 0.146496 -0.042826
vn 0.103064 -0.754688 0.647938
v 0.403214 0.150797 -0.000427
vn -0.096399 0.852159 0.514327
v 0.519667 0.225471 -0.004961
vn 0.187305 -0.929937 -0.316441
v 0.518072 0.159259 -0.047233
vn -0.043381 0.993703 0.103305
v 0.394735 0.240145 -0.025630
vn -0.051083 -0.989362 0.136212
v 0.263920 0.140595 -0.019733
vn 0.076167 -0.018801 -0.996918
v 0.216229 0.183759 -0.070289
vn 0.215246 -0.422163 0.880595
v 0.218588 0.168745 0.018860
vn -0.109219 -0.815352 0.568571
v 0.271082 0.147388 -0.001064
vn -0.052012 0.193535 -0.979714
v 0.320201 0.198158 -0.072826
vn -0.064133 0.792597 0.606364
v 0.317226 0.226224 0.004501
vn -0.025956 -0.992352 0.120685
v 0.291460 0.139299 -0.017760
vn -0.061403 0.778825 -0.624229
v 0.327196 0.227672 -0.055480
vn 0.021905 0.172903 -0.984695
v 0.354394 0.198212 -0.073569
vn -0.039947 0.751915 -0.658049
v 0.355011 0.228280 -0.057040
vn -0.099646 0.156885 -0.982577
v 0.511416 0.203728 -0.066016
vn 0.118249 -0.532502 -0.838128
v 0.427228 0.164127 -0.063105
vn -0.035814 -0.089747 0.995320
v 0.464901 0.192899 0.012309
vn 0.042892 0.005252 0.999066
v 0.455911 0.197978 0.012610
vn -0.064086 -0.198217 0.978061
v 0.473159 0.187784 0.012267
vn -0.044723 -0.341763 0.938722
v 0.481402 0.182481 0.011343
vn 0.140629 -0.986157 0.087852
v 0.450949 0.148962 -0.027827
vn -0.037175 0.440918 0.896777
v 0.407700 0.214550 0.012053
vn -0.129193 0.018540 -0.991446
v 0.492846 0.193595 -0.063868
vn 0.005136 0.901735 -0.432259
v 0.256045 0.229634 -0.044199
vn -0.013670 -0.455787 -0.889984
v 0.249426 0.162658 -0.064993
vn 0.010692 -0.625091 -0.780479
v 0.244261 0.154949 -0.059944
vn -0.014315 0.928405 -0.371295
v 0.266311 0.230286 -0.042377
vn 0.047327 0.997446 -0.053490
v 0.257661 0.234080 -0.025369
vn 0.428287 -0.019988 0.903422
v 0.177487 0.176186 0.037836
vn 0.076570 0.266290 0.960847
v 0.273439 0.203315 0.020056
vn 0.194781 0.653268 -0.731643
v 0.190451 0.224557 -0.058747
vn 0.075541 -0.561396 -0.824093
v 0.345705 0.163621 -0.067257
vn -0.017583 -0.554025 -0.832314
v 0.313740 0.161248 -0.066778
vn 0.056970 -0.661702 0.747599
v 0.361940 0.158124 0.007311
vn 0.153719 -0.191127 -0.969454
v 0.439542 0.181554 -0.068053
vn 0.138215 0.174037 -0.974991
v 0.431028 0.201435 -0.069213
vn 0.027398 0.159301 -0.986850
v 0.364773 0.198714 -0.073153
vn -0.030701 0.579026 -0.814731
v 0.343462 0.218758 -0.065129
vn 0.185900 0.797036 0.574608
v 0.493230 0.229614 -0.008263
vn -0.029707 0.987826 -0.152699
v 0.414631 0.241384 -0.033054
vn -0.096381 0.734808 0.671393
v 0.419723 0.232335 -0.000263
vn 0.033420 -0.700237 0.713128
v 0.470146 0.164498 -0.000644
vn 0.097168 -0.981409 0.165513
v 0.480422 0.152560 -0.024704
vn 0.163975 -0.040381 -0.985638
v 0.200733 0.182110 -0.072170
vn -0.034009 0.039275 -0.998650
v 0.242968 0.187691 -0.069975
vn 0.046945 0.333624 -0.941537
v 0.223688 0.203266 -0.066660
vn 0.001120 -0.459358 -0.888251
v 0.238937 0.161620 -0.064244
vn -0.024849 -0.285384 -0.958091
v 0.243677 0.170188 -0.067811
vn -0.051233 0.413573 -0.909029
v 0.261133 0.207079 -0.066248
vn 0.092882 -0.049627 0.994440
v 0.337506 0.186868 0.023728
vn 0.063737 0.169869 0.983403
v 0.333815 0.196625 0.023607
vn 0.078309 0.793507 0.603502
v 0.272839 0.225551 0.005198
vn 0.100742 -0.206075 0.973337
v 0.231690 0.186346 0.024529
vn -0.052400 0.523490 0.850419
v 0.301102 0.212027 0.016068
vn 0.070381 0.299814 -0.951398
v 0.413938 0.209292 -0.069279
vn -0.020330 -0.587491 -0.808975
v 0.398775 0.160983 -0.061885
vn 0.072416 -0.456594 -0.886723
v 0.373026 0.169301 -0.067943
vn -0.008870 0.961300 0.275359
v 0.346747 0.237818 -0.015678
vn -0.091166 0.995530 0.024693
v 0.331799 0.238726 -0.025415
vn -0.065698 0.828443 -0.556207
v 0.336970 0.231356 -0.051597
vn 0.170870 0.948346 0.267287
v 0.479399 0.238085 -0.017926
vn -0.030003 0.952338 -0.303566
v 0.387447 0.238259 -0.041783
vn 0.014463 -0.554321 0.832178
v 0.390987 0.160647 0.008747
vn -0.006650 -0.517543 0.855632
v 0.466248 0.173230 0.006127
vn -0.069289 0.486451 -0.870956
v 0.301876 0.212453 -0.066385
vn 0.010651 0.979462 0.201347
v 0.269182 0.232903 -0.011718
vn 0.040665 0.940463 0.337455
v 0.261296 0.231081 -0.004266
vn -0.020921 0.199710 0.979632
v 0.322928 0.197152 0.023822
vn 0.020495 0.910752 0.412444
v 0.443193 0.238943 -0.009201
vn 0.007341 0.989841 0.141988
v 0.362181 0.239461 -0.023369
vn -0.103833 0.708643 0.697885
v 0.409261 0.228670 0.001775
vn 0.006171 -0.313602 0.949534
v 0.263778 0.176753 0.019354
vn 0.087306 0.229075 0.969486
v 0.441636 0.209270 0.012323
vn 0.083091 0.083641 0.993026
v 0.447423 0.201664 0.013054
vn -0.016857 -0.589208 -0.807806
v 0.265453 0.157926 -0.062491
vn -0.023344 -0.811272 -0.584202
v 0.276880 0.149400 -0.053963
vn 0.046302 -0.882934 -0.467208
v 0.245302 0.145260 -0.048129
vn 0.484493 -0.301013 0.821376
v 0.206643 0.154271 0.018979
vn 0.059461 0.599726 -0.797993
v 0.222869 0.218915 -0.058416
vn -0.050356 -0.198402 -0.978826
v 0.274698 0.176395 -0.070593
vn -0.065507 0.990032 -0.124679
v 0.291063 0.234285 -0.030680
vn -0.017378 0.996611 -0.080402
v 0.273596 0.233771 -0.027663
vn 0.060078 0.231290 0.971028
v 0.383768 0.199608 0.017010
vn -0.212321 -0.043257 0.976242
v 0.507066 0.191922 0.015780
vn -0.029055 -0.640744 -0.767204
v 0.274220 0.156195 -0.061300
vn -0.036361 0.972805 -0.228752
v 0.275042 0.232635 -0.035905
vn 0.053001 0.923923 -0.378890
v 0.246076 0.231700 -0.040064
vn -0.045402 -0.310373 -0.949530
v 0.281374 0.170723 -0.069464
vn -0.042522 -0.247628 -0.967922
v 0.264447 0.173675 -0.069488
vn -0.070710 0.047466 -0.996367
v 0.298676 0.188852 -0.072804
vn 0.110454 0.483501 0.868347
v 0.348340 0.211755 0.016903
vn 0.133260 0.262399 0.955714
v 0.360611 0.201189 0.019253
vn -0.008332 0.337325 0.941351
v 0.392309 0.206612 0.014575
vn -0.013658 0.995117 0.097758
v 0.352059 0.239542 -0.024256
vn 0.014037 0.284311 0.958629
v 0.413099 0.206619 0.015183
vn -0.055947 0.447200 0.892683
v 0.398744 0.213429 0.012106
vn 0.074909 0.763887 0.640988
v 0.361406 0.227691 0.001518
vn -0.031498 0.527780 0.848797
v 0.390488 0.216423 0.009841
vn -0.091046 0.884100 0.458343
v 0.395756 0.235296 -0.009969
vn -0.038971 0.824197 -0.564960
v 0.271116 0.225573 -0.051699
vn -0.001800 0.806431 -0.591325
v 0.249527 0.225649 -0.050746
vn 0.002406 0.955310 0.295596
v 0.279157 0.232194 -0.008356
vn 0.002095 0.602830 0.797867
v 0.329715 0.216322 0.014971
vn -0.081883 0.987669 0.133439
v 0.313143 0.236071 -0.019583
vn -0.092779 0.974654 0.203570
v 0.328508 0.237382 -0.017681
vn -0.016737 0.999090 -0.039226
v 0.422800 0.242033 -0.026174
vn 0.025781 -0.067954 -0.997355
v 0.226131 0.181020 -0.069744
vn -0.039122 -0.117365 -0.992318
v 0.248078 0.179605 -0.069798
vn -0.072256 -0.068262 0.995047
v 0.288512 0.184548 0.021721
vn -0.087398 0.185468 0.978756
v 0.301609 0.196324 0.022104
vn -0.011753 0.997275 0.072830
v 0.377718 0.239951 -0.027206
vn -0.132756 0.923860 0.358969
v 0.412624 0.238895 -0.012348
vn -0.025910 0.980767 0.193453
v 0.287530 0.233835 -0.014733
vn -0.066197 0.949503 0.306695
v 0.393177 0.238280 -0.017561
vn 0.014428 0.149999 0.988581
v 0.393592 0.195279 0.017528
vn 0.049245 -0.005992 0.998769
v 0.385328 0.188317 0.018340
vn 0.053954 0.474632 -0.878529
v 0.223528 0.212114 -0.062649
vn -0.049114 0.960624 -0.273475
v 0.284970 0.232412 -0.038480
vn -0.045739 0.993432 -0.104887
v 0.281556 0.233935 -0.029286
vn 0.082078 -0.116093 0.989841
v 0.375951 0.184249 0.018753
vn -0.042033 0.822959 0.566544
v 0.388179 0.231430 -0.004712
vn 0.014042 0.758101 0.651986
v 0.379733 0.227808 -0.000074
vn 0.086602 0.341184 0.935999
v 0.340921 0.205014 0.020766
vn -0.061391 0.922159 0.381907
v 0.330350 0.234970 -0.009337
vn -0.007651 0.890276 0.455357
v 0.341779 0.234144 -0.006316
vn -0.039671 0.960532 0.275328
v 0.295950 0.233335 -0.012001
vn -0.071397 0.862817 0.500449
v 0.311848 0.229768 -0.001678
vn 0.062162 0.700463 0.710976
v 0.371048 0.224251 0.004127
vn 0.111878 0.587019 0.801806
v 0.355402 0.217064 0.012273
vn -0.034917 0.697647 0.715591
v 0.323828 0.221384 0.010461
vn 0.024239 0.617638 0.786089
v 0.380613 0.220253 0.007106
vn -0.132713 -0.262016 -0.955895
v 0.502207 0.178123 -0.063619
vn 0.145401 0.989293 0.012600
v 0.230485 0.236862 -0.020180
vn 0.038700 0.967797 -0.248738
v 0.256804 0.232678 -0.035677
vn -0.090196 0.958695 0.269757
v 0.321296 0.235710 -0.013765
vn 0.007490 0.948620 0.316328
v 0.377754 0.237843 -0.017543
vn -0.079684 0.996305 0.032043
v 0.305635 0.235942 -0.023815
vn -0.120866 -0.698351 0.705476
v 0.515020 0.176279 0.009933
vn 0.130452 -0.988786 -0.072702
v 0.502890 0.154742 -0.036925
vn -0.042912 0.896871 0.440207
v 0.302655 0.230909 -0.004854
vn -0.068950 0.937668 0.340625
v 0.312240 0.233652 -0.009611
vn 0.159566 0.000861 -0.987187
v 0.527685 0.191011 -0.066952
vn 0.344668 -0.486308 0.802938
v 0.222882 0.154424 0.009993
vn 0.146536 -0.976652 -0.157092
v 0.445197 0.148444 -0.036816
vn 0.112791 0.984631 0.133341
v 0.240252 0.235109 -0.014828
vn 0.068694 0.348506 0.934786
v 0.472113 0.211311 0.010038
vn 0.083485 0.928767 -0.361141
v 0.234275 0.233277 -0.038430
vn -0.017529 0.794114 0.607516
v 0.298157 0.225303 0.003956
vn -0.064906 0.151782 0.986281
v 0.291353 0.195491 0.021430
vn 0.014524 0.069147 -0.997501
v 0.346826 0.192344 -0.074433
vn 0.023415 -0.647411 -0.761782
v 0.330098 0.158779 -0.064604
vn 0.030272 0.358603 -0.932999
v 0.474423 0.215261 -0.059018
vn 0.182646 0.678393 0.711634
v 0.146132 0.238789 0.030439
vn 0.236932 0.546086 0.803526
v 0.057536 0.212802 0.054788
vn 0.182263 0.598469 0.780138
v 0.054739 0.206982 0.059852
vn -0.028149 0.706637 0.707016
v 0.025285 0.160745 0.097437
vn -0.015160 0.598810 0.800748
v 0.006292 0.157505 0.099895
vn -0.000586 0.529656 0.848212
v 0.007025 0.108151 0.131258
vn -0.057018 0.198509 0.978439
v 0.001505 -0.037746 0.118923
vn 0.651321 -0.588960 0.478443
v 0.104071 0.036292 0.100533
vn 0.587345 0.254093 0.768416
v 0.130256 -0.150199 0.097406
vn 0.613668 0.260359 0.745402
v 0.116441 -0.115397 0.095882
vn 0.632080 0.280660 0.722292
v 0.122652 -0.124288 0.093904
vn 0.493579 0.143030 0.857859
v 0.099200 -0.151058 0.117103
vn 0.507298 0.175568 0.843697
v 0.101162 -0.141380 0.114151
vn -0.019720 0.095147 0.995268
v 0.018684 -0.161749 0.145497
vn -0.054565 0.125969 0.990532
v 0.010561 -0.146086 0.143358
vn -0.051001 0.111600 0.992444
v 0.010033 -0.155808 0.144510
vn -0.045110 0.101213 0.993842
v 0.009742 -0.164988 0.145454
vn -0.041263 0.101623 0.993967
v 0.009779 -0.170986 0.146069
vn 0.967412 0.253199 0.002226
v 0.147048 -0.101830 0.026282
vn 0.968379 0.241468 0.062739
v 0.151681 -0.122789 0.029661
vn 0.958698 0.281663 0.039539
v 0.154401 -0.131294 0.023885
vn 0.942976 0.329085 0.050000
v 0.157058 -0.140211 0.028207
vn 0.829252 -0.552029 0.087204
v 0.158541 0.091445 0.016845
vn 0.115567 0.750558 0.650620
v 0.063054 0.238974 0.032350
vn 0.619333 -0.019003 0.784898
v 0.162663 0.154808 0.046055
vn 0.530934 -0.041544 0.846394
v 0.169059 0.158603 0.042088
vn -0.003868 0.601605 0.798784
v 0.012070 0.121397 0.121777
vn -0.027020 0.471668 0.881362
v -0.002968 0.151546 0.102686
vn 0.000100 0.718479 0.695548
v 0.004971 0.165663 0.091122
vn 0.015998 0.497321 0.867419
v 0.026640 0.136087 0.111572
vn 0.059429 0.609462 0.790585
v 0.053242 0.127616 0.116763
vn 0.110554 -0.180273 0.977384
v 0.025524 0.004399 0.118269
vn 0.880997 -0.420843 0.216184
v 0.131440 0.056235 0.058455
vn 0.363211 0.217749 0.905905
v 0.048666 -0.043204 0.111869
vn 0.518967 0.191212 0.833133
v 0.116107 -0.149420 0.106741
vn -0.066944 0.206581 0.976137
v 0.007588 -0.098895 0.135477
vn 0.733564 0.315139 0.602139
v 0.141145 -0.145278 0.085040
vn 0.783453 -0.306167 0.540799
v 0.173399 0.131065 0.034168
vn 0.130355 0.736273 0.664010
v 0.063309 0.245613 0.024909
vn 0.356613 0.314861 0.879596
v 0.152031 0.214158 0.043075
vn 0.063700 0.719829 0.691223
v 0.073232 0.205992 0.056551
vn 0.768049 0.079578 0.635427
v 0.123043 0.106375 0.092207
vn -0.007596 0.557933 0.829851
v -0.003289 0.111825 0.128830
vn 0.007832 0.502294 0.864662
v 0.017780 0.104437 0.133405
vn 0.194149 -0.556049 0.808156
v 0.072274 0.047009 0.130623
vn -0.024538 -0.053574 0.998262
v 0.003682 -0.014756 0.117215
vn 0.865824 -0.387118 0.317000
v 0.117855 0.032737 0.066248
vn 0.914504 -0.387129 0.117528
v 0.133637 0.046131 0.026395
vn 0.895911 0.113959 0.429368
v 0.112692 -0.031953 0.058846
vn 0.722823 0.156521 0.673074
v 0.097546 -0.039062 0.080901
vn 0.210932 0.382413 0.899593
v 0.084647 0.186749 0.069162
vn 0.042382 0.428091 0.902741
v 0.032719 0.144324 0.107345
vn 0.887311 -0.250117 0.387454
v 0.111176 0.019464 0.070608
vn 0.726511 -0.551309 0.410171
v 0.110316 0.041125 0.097357
vn 0.042801 -0.474050 0.879457
v 0.051728 0.051339 0.135631
vn 0.803941 0.382609 0.455291
v 0.133555 -0.095200 0.066389
vn 0.080152 0.239764 0.967517
v 0.029236 -0.098647 0.136155
vn 0.086792 0.154795 0.984127
v 0.036158 -0.130254 0.141679
vn 0.091914 0.194434 0.976600
v 0.032086 -0.108898 0.138183
vn -0.006240 0.163508 0.986522
v 0.024192 -0.113935 0.139250
vn 0.795206 0.328421 0.509693
v 0.146104 -0.146960 0.079133
vn 0.048627 0.613894 0.787890
v 0.049818 0.194648 0.071143
vn 0.005164 0.619429 0.785035
v 0.026045 0.170906 0.086173
vn -0.003043 0.601993 0.798495
v 0.028490 0.122497 0.121018
vn 0.001341 0.598165 0.801372
v 0.036986 0.121944 0.121494
vn 0.487509 -0.149606 0.860205
v 0.131190 0.177327 0.063101
vn 0.005355 -0.363235 0.931682
v 0.018662 0.057286 0.138997
vn 0.039848 -0.198408 0.979309
v 0.052042 0.066828 0.141915
vn 0.080460 -0.327888 0.941284
v 0.025398 0.023551 0.123050
vn 0.494951 0.085999 0.864655
v 0.072281 -0.031242 0.101324
vn -0.045151 0.286825 0.956919
v 0.006718 -0.065497 0.126775
vn 0.927789 0.370252 -0.046060
v 0.135751 -0.067862 0.020300
vn 0.047975 0.405997 0.912614
v 0.056339 0.096717 0.137027
vn 0.849776 -0.299029 0.434122
v 0.107892 0.021014 0.078738
vn 0.402113 0.283459 0.870607
v 0.053954 -0.052092 0.112239
vn 0.858732 0.379933 0.343846
v 0.136318 -0.079949 0.048712
vn 0.902294 0.342723 0.261545
v 0.140172 -0.086895 0.045272
vn 0.147204 0.592881 0.791722
v 0.068004 0.116624 0.123458
vn 0.017354 0.595081 0.803479
v 0.042303 0.128383 0.116643
vn 0.251662 0.569696 0.782376
v 0.077366 0.111930 0.124800
vn 0.810925 0.191005 0.553098
v 0.123306 0.090847 0.096253
vn 0.433427 0.297802 0.850561
v 0.059501 -0.091393 0.124521
vn 0.455271 0.310564 0.834433
v 0.065367 -0.085724 0.119301
vn 0.411158 0.597799 0.688175
v 0.125322 0.127772 0.082003
vn 0.435254 -0.195875 0.878742
v 0.070217 -0.001453 0.104903
vn 0.306200 0.937329 0.166299
v 0.152880 0.253521 -0.001369
vn 0.277645 0.746831 0.604282
v 0.155555 0.241002 0.023855
vn 0.316542 0.487421 0.813770
v 0.154213 0.223549 0.037636
vn 0.008259 0.511619 0.859173
v 0.113033 0.225034 0.042040
vn 0.963835 -0.159610 0.213418
v 0.118508 0.007505 0.041620
vn 0.444157 -0.574303 0.687678
v 0.090997 0.044442 0.120726
vn 0.594998 0.266259 0.758342
v 0.120434 -0.132726 0.099063
vn 0.534248 0.249687 0.807611
v 0.098445 -0.093364 0.101774
vn 0.465726 0.080962 0.881218
v 0.074277 -0.156478 0.131742
vn 0.479829 0.098011 0.871870
v 0.088294 -0.162145 0.124684
vn 0.479419 0.093445 0.872597
v 0.082109 -0.156690 0.127517
vn 0.445392 0.055425 0.893618
v 0.069476 -0.164238 0.134763
vn 0.424519 0.069961 0.902712
v 0.065375 -0.156536 0.136329
vn -0.032712 0.126312 0.991451
v 0.019959 -0.141490 0.143237
vn -0.057408 0.137303 0.988864
v 0.010851 -0.136201 0.142061
vn 0.833242 -0.306516 0.460168
v 0.150656 0.094590 0.056194
vn 0.034095 -0.470055 0.881979
v 0.032540 0.042653 0.131437
vn 0.067096 -0.484840 0.872026
v 0.039162 0.037347 0.128167
vn 0.207658 -0.582801 0.785634
v 0.066824 0.033431 0.121219
vn -0.071455 -0.092275 0.993166
v -0.004446 -0.009981 0.117176
vn 0.215386 -0.200819 0.955657
v 0.044376 0.004509 0.115205
vn -0.068142 0.247984 0.966365
v 0.004179 -0.083008 0.131525
vn 0.484625 0.236573 0.842123
v 0.080581 -0.046322 0.099995
vn 0.495676 0.293142 0.817541
v 0.082423 -0.090743 0.111448
vn -0.002243 0.575207 0.818005
v 0.020741 0.127444 0.117266
vn -0.008359 0.559646 0.828689
v 0.009121 0.129821 0.115458
vn 0.007365 0.235051 0.971955
v 0.017635 0.085969 0.141614
vn 0.065478 0.040631 0.997027
v 0.054225 0.076376 0.142576
vn 0.345586 -0.170408 0.922785
v 0.059384 -0.002961 0.109402
vn 0.774001 0.396288 0.493840
v 0.117584 -0.078839 0.079573
vn 0.346243 0.135196 0.928352
v 0.056207 -0.138550 0.138305
vn 0.959653 -0.099746 0.262900
v 0.116084 0.001387 0.048312
vn 0.753742 0.447437 0.481325
v 0.124516 -0.067408 0.057737
vn 0.057524 0.472869 0.879253
v 0.042480 0.178357 0.080891
vn 0.016086 0.446711 0.894534
v 0.045663 0.099509 0.136003
vn 0.795970 -0.500997 0.339754
v 0.116668 0.046226 0.091576
vn 0.880666 -0.424762 0.209774
v 0.134363 0.057816 0.049352
vn 0.885246 -0.425915 0.186912
v 0.136407 0.057437 0.039469
vn 0.626375 0.221261 0.747461
v 0.111566 -0.089004 0.092287
vn -0.057907 0.183643 0.981286
v 0.015208 -0.107130 0.137680
vn -0.032703 0.222983 0.974274
v 0.017906 -0.095801 0.135527
vn 0.887284 -0.032746 0.460060
v 0.107103 -0.014613 0.068019
vn 0.728822 0.272897 0.627970
v 0.110416 0.099832 0.109943
vn 0.002681 0.581386 0.813623
v 0.124402 0.222996 0.042692
vn 0.154700 0.580726 0.799265
v 0.061672 0.140006 0.105830
vn 0.068663 0.500981 0.862730
v 0.061188 0.104447 0.132753
vn 0.868953 -0.371398 0.327085
v 0.140901 0.081905 0.061518
vn 0.910308 -0.227471 0.345827
v 0.129140 0.068485 0.082663
vn 0.460703 -0.610666 0.644080
v 0.091463 0.036938 0.113461
vn 0.862465 -0.356266 0.359485
v 0.112841 0.027345 0.072961
vn 0.035503 -0.315713 0.948190
v 0.015362 0.023411 0.123745
vn 0.164080 0.292653 0.942036
v 0.032613 -0.081790 0.131007
vn 0.766895 -0.195382 0.611308
v 0.111104 0.064887 0.115894
vn 0.830525 0.096699 0.548524
v 0.119602 0.082684 0.104151
vn 0.264373 0.322902 0.908758
v 0.039266 -0.075209 0.127188
vn 0.241572 0.337056 0.909965
v 0.036583 -0.065824 0.124489
vn 0.974396 0.219211 0.049992
v 0.148224 -0.106891 0.032835
vn 0.410078 0.647149 0.642678
v 0.114163 0.122409 0.094067
vn 0.950237 -0.053924 0.306826
v 0.114408 -0.007077 0.051907
vn 0.972047 -0.181996 0.148330
v 0.120379 0.008354 0.032541
vn 0.499718 0.251292 0.828936
v 0.085769 -0.108229 0.115290
vn 0.531453 0.261152 0.805827
v 0.093783 -0.106755 0.109843
vn 0.563750 0.269455 0.780756
v 0.101818 -0.104386 0.103367
vn 0.301281 0.274822 0.913073
v 0.045921 -0.094965 0.131589
vn 0.150259 -0.558434 0.815827
v 0.057429 0.034978 0.124359
vn 0.791457 0.226271 0.567800
v 0.117349 0.094813 0.102952
vn 0.511285 -0.198033 0.836284
v 0.079080 -0.004684 0.099303
vn 0.000595 -0.024517 0.999699
v 0.044725 0.074008 0.142790
vn 0.763032 0.454131 0.459943
v 0.115869 -0.068940 0.072967
vn 0.221163 0.141522 0.964914
v 0.046322 -0.135069 0.140783
vn 0.876070 -0.434684 0.208690
v 0.146352 0.075754 0.036803
vn 0.145420 -0.589275 0.794737
v 0.064454 0.041037 0.127689
vn 0.516195 0.192767 0.834496
v 0.102934 -0.085918 0.097250
vn 0.869264 -0.104345 0.483210
v 0.120422 0.070255 0.102740
vn 0.224578 -0.478189 0.849058
v 0.060279 0.026992 0.118557
vn 0.386034 0.280079 0.878939
v 0.053892 -0.096272 0.128888
vn 0.339431 0.245855 0.907933
v 0.082558 0.087149 0.136127
vn 0.482229 0.274332 0.831984
v 0.077939 -0.100131 0.117330
vn 0.486329 0.242000 0.839595
v 0.078147 -0.111631 0.120770
vn 0.519338 -0.075237 0.851250
v 0.114775 0.170167 0.071085
vn 0.487070 0.141006 0.861905
v 0.106323 -0.160041 0.114477
vn 0.367870 0.272163 0.889157
v 0.158521 0.206664 0.043403
vn 0.020197 -0.440482 0.897534
v 0.034144 0.051441 0.136145
vn 0.978497 -0.092793 0.184211
v 0.118139 -0.000701 0.038133
vn 0.812196 -0.049896 0.581247
v 0.157834 0.111496 0.046750
vn 0.029200 -0.446989 0.894063
v 0.022932 0.040939 0.130876
vn 0.932412 0.121110 0.340499
v 0.115512 -0.026085 0.050118
vn -0.002465 0.576915 0.816801
v 0.031241 0.116041 0.125884
vn 0.794581 -0.025550 0.606620
v 0.141635 0.107340 0.067936
vn 0.884345 -0.370846 0.283560
v 0.141213 0.075348 0.053918
vn 0.017218 0.311704 0.950023
v 0.027469 0.089775 0.140451
vn 0.006150 0.408343 0.912808
v 0.018646 0.095372 0.138228
vn 0.881276 -0.387351 0.270761
v 0.122831 0.037964 0.058576
vn 0.904993 -0.344271 0.249929
v 0.124091 0.033321 0.048062
vn 0.152247 -0.141442 0.978169
v 0.030598 -0.004194 0.116162
vn 0.136813 0.313385 0.939719
v 0.024654 -0.054336 0.122778
vn 0.736722 0.314508 0.598603
v 0.118453 -0.088236 0.084752
vn 0.894964 -0.423706 0.139692
v 0.137456 0.055616 0.029267
vn 0.927732 -0.305772 0.214050
v 0.123589 0.026179 0.039965
vn 0.947296 -0.235790 0.216872
v 0.120572 0.016227 0.040569
vn 0.553155 0.233543 0.799673
v 0.105876 -0.123553 0.106829
vn 0.093477 0.080847 0.992334
v 0.036583 -0.158049 0.144638
vn 0.210566 0.438133 0.873900
v 0.059676 0.147143 0.101848
vn 0.918579 -0.360172 0.162755
v 0.129994 0.039526 0.033172
vn 0.893110 -0.396917 0.211688
v 0.131571 0.049765 0.045045
vn 0.904992 0.194562 0.378333
v 0.117535 -0.037048 0.049833
vn 0.001022 0.609704 0.792629
v 0.119905 0.231352 0.038368
vn 0.364813 0.403217 0.839242
v 0.084649 0.096672 0.131630
vn 0.468490 0.171383 0.866686
v 0.069150 -0.132538 0.131047
vn 0.441006 0.137530 0.886904
v 0.065341 -0.140183 0.134411
vn -0.061760 0.144339 0.987599
v 0.002189 -0.131780 0.140883
vn 0.024978 0.083617 0.996185
v 0.026755 -0.169216 0.146113
vn 0.973868 0.226195 0.020419
v 0.149453 -0.112089 0.024999
vn 0.033016 0.302602 0.952545
v 0.017010 -0.060231 0.125458
vn 0.310596 0.051272 0.949158
v 0.053387 -0.032834 0.108668
vn 0.750569 0.459038 0.475321
v 0.122160 -0.071418 0.065602
vn 0.026000 0.619351 0.784684
v 0.036686 0.171240 0.085469
vn 0.782340 -0.154776 0.603314
v 0.099783 -0.004446 0.082261
vn 0.291703 -0.589326 0.753395
v 0.075785 0.031914 0.117184
vn 0.546309 -0.135102 0.826616
v 0.078749 -0.014997 0.097419
vn 0.060687 0.244064 0.967858
v 0.055496 0.086043 0.140864
vn 0.896556 -0.352822 0.267777
v 0.129216 0.060579 0.075045
vn 0.366496 0.572813 0.733189
v 0.086379 0.114813 0.118825
vn 0.040082 -0.394806 0.917890
v 0.019653 0.032404 0.126962
vn 0.936193 0.348348 0.046869
v 0.137913 -0.073313 0.028858
vn 0.788677 0.175760 0.589149
v 0.120855 0.099030 0.096083
vn 0.843185 -0.161678 0.512738
v 0.161851 0.106415 0.041650
vn 0.012893 0.522908 0.852292
v 0.043614 0.107304 0.131598
vn 0.918132 -0.235818 0.318471
v 0.116395 0.018139 0.056525
vn 0.043543 -0.093300 0.994685
v 0.012490 -0.009226 0.117568
vn 0.480064 0.559036 0.676031
v 0.096731 0.121998 0.106133
vn 0.460833 0.290350 0.838648
v 0.077623 -0.074495 0.108323
vn 0.210361 0.966540 -0.146797
v 0.157217 0.252524 -0.020636
vn 0.921774 -0.049115 0.384605
v 0.111629 -0.010605 0.058935
vn 0.523561 0.195902 0.829160
v 0.109544 -0.141053 0.108921
vn 0.524778 0.201471 0.827054
v 0.103327 -0.132323 0.110758
vn 0.426424 0.246667 0.870240
v 0.061409 -0.111786 0.130070
vn 0.482601 0.116258 0.868090
v 0.079147 -0.149444 0.128296
vn 0.910564 0.375823 0.172132
v 0.135747 -0.069608 0.035830
vn 0.735903 0.337526 0.586961
v 0.125009 -0.096911 0.081487
vn 0.820616 0.254938 0.511465
v 0.115125 -0.052879 0.060940
vn 0.071190 -0.423888 0.902913
v 0.030975 0.032899 0.126498
vn 0.149600 -0.084487 0.985130
v 0.026671 -0.011688 0.115920
vn 0.607741 -0.037202 0.793263
v 0.123267 0.142761 0.077380
vn 0.775423 0.402443 0.486579
v 0.122731 -0.079040 0.071335
vn 0.780634 0.379089 0.496893
v 0.123658 -0.088000 0.076759
vn 0.878499 -0.292040 0.378090
v 0.136832 0.080224 0.070289
vn 0.105564 0.612223 0.783606
v 0.058416 0.134316 0.110929
vn 0.422001 0.332468 0.843434
v 0.055449 -0.071082 0.118929
vn 0.877405 0.406012 0.255566
v 0.131938 -0.062152 0.038041
vn 0.676297 -0.248626 0.693403
v 0.094563 0.007827 0.091954
vn 0.521378 0.213263 0.826247
v 0.097485 -0.123605 0.112300
vn 0.506462 0.205523 0.837411
v 0.089254 -0.123822 0.117402
vn 0.375536 0.301100 0.876534
v 0.051400 -0.087907 0.127180
vn 0.947231 0.289012 0.138659
v 0.153189 -0.133794 0.043756
vn 0.145394 0.545545 0.825373
v 0.068585 0.108139 0.129548
vn 0.295397 -0.347756 0.889835
v 0.062623 0.018265 0.113681
vn 0.211910 0.071602 0.974663
v 0.045949 -0.157652 0.143337
vn -0.004179 0.759813 0.650128
v 0.041858 0.165138 0.091735
vn 0.494019 0.208447 0.844094
v 0.080005 -0.122728 0.122643
vn 0.016420 0.000968 0.999865
v 0.015658 0.075794 0.142910
vn 0.646977 0.296678 0.702427
v 0.128817 -0.133300 0.092144
vn 0.480639 -0.143449 0.865106
v 0.072452 -0.010696 0.101935
vn 0.649535 0.243452 0.720302
v 0.124283 -0.115444 0.089119
vn 0.016082 -0.369527 0.929081
v 0.049488 0.059001 0.139437
vn 0.833012 0.174952 0.524864
v 0.109906 -0.047858 0.067727
vn 0.400141 0.541620 0.739280
v 0.086955 0.123829 0.111286
vn 0.940145 0.315562 0.128638
v 0.142952 -0.089485 0.037247
vn 0.875637 -0.464197 0.133348
v 0.146967 0.073126 0.026155
vn 0.357710 0.313823 0.879522
v 0.044973 -0.052714 0.116668
vn 0.551415 0.225873 0.803071
v 0.117862 -0.140824 0.103466
vn 0.805874 0.360472 0.469710
v 0.133509 -0.088714 0.061300
vn 0.917675 0.302405 0.257728
v 0.143508 -0.096654 0.046464
vn 0.958010 0.272991 0.087704
v 0.146023 -0.099052 0.035420
vn 0.016527 0.322367 0.946471
v 0.046500 0.090480 0.139891
vn 0.288925 -0.267236 0.919297
v 0.056939 0.012676 0.113774
vn 0.473455 0.229920 0.850281
v 0.070802 -0.116745 0.126404
vn 0.164976 0.063631 0.984243
v 0.042152 -0.167345 0.144648
vn 0.655855 0.296209 0.694344
v 0.134112 -0.143149 0.091558
vn 0.049075 -0.155095 0.986680
v 0.014437 0.002794 0.118949
vn -0.002826 0.348661 0.937245
v 0.010906 0.091585 0.139771
vn 0.365752 0.511573 0.777508
v 0.086064 0.106004 0.125503
vn 0.895580 -0.323583 0.305338
v 0.119285 0.028006 0.057066
vn 0.010657 -0.414319 0.910069
v 0.042580 0.054977 0.137690
vn 0.456367 0.314237 0.832457
v 0.070590 -0.078658 0.113739
vn 0.041161 0.287370 0.956935
v 0.022156 -0.078527 0.131108
vn 0.908976 -0.267902 0.319360
v 0.133121 0.070458 0.072811
vn -0.062617 0.176695 0.982272
v -0.000027 -0.112390 0.137618
vn 0.919994 0.387009 0.061923
v 0.134197 -0.063912 0.028979
vn 0.835134 -0.494069 0.241758
v 0.150516 0.086893 0.040940
vn 0.764194 0.332039 0.552953
v 0.131649 -0.104985 0.077475
vn 0.726794 -0.078942 0.682304
v 0.098562 -0.022683 0.080042
vn 0.336618 0.221508 0.915217
v 0.052812 -0.117803 0.135540
vn 0.879312 -0.194279 0.434817
v 0.108012 0.011241 0.073342
vn 0.235286 -0.615319 0.752345
v 0.074139 0.039418 0.124137
vn 0.905618 -0.366572 0.213263
v 0.128834 0.041354 0.041986
vn -0.001595 -0.439954 0.898019
v 0.005101 0.047280 0.134342
vn 0.238083 -0.107167 0.965314
v 0.043407 -0.014099 0.112293
vn 0.307746 0.259261 -0.915465
v 0.163831 0.199816 -0.079239
vn 0.002027 0.254008 -0.967200
v 0.008213 0.204393 -0.102976
vn 0.012755 0.181356 -0.983335
v -0.004591 0.190636 -0.106325
vn 0.224026 0.129207 -0.965980
v 0.120430 0.188934 -0.093165
vn 0.013360 0.064672 -0.997817
v 0.000105 0.158795 -0.109612
vn 0.016272 0.081906 -0.996507
v 0.017696 0.168668 -0.108565
vn 0.014957 0.104315 -0.994432
v 0.018959 0.177141 -0.107783
vn 0.011424 0.093143 -0.995587
v 0.026193 0.173267 -0.108039
vn 0.016446 0.076265 -0.996952
v 0.008641 0.164473 -0.109063
vn 0.025658 -0.047610 -0.998536
v 0.000776 0.125331 -0.110283
vn 0.024254 -0.110181 -0.993616
v -0.004759 0.117184 -0.109821
vn 0.022657 -0.165354 -0.985974
v 0.006670 0.107732 -0.108156
vn 0.498669 -0.466673 -0.730442
v 0.176514 0.142889 -0.066176
vn 0.877936 -0.472471 0.077458
v 0.146457 0.070013 0.015899
vn 0.136402 -0.052399 -0.989267
v 0.027128 0.025947 -0.091766
vn 0.166730 -0.061466 -0.984085
v 0.037011 0.026786 -0.090276
vn 0.057361 -0.053844 -0.996900
v 0.001304 0.029648 -0.094422
vn 0.978933 -0.204082 -0.006441
v 0.121468 0.007541 0.014010
vn 0.934196 0.333817 -0.125874
v 0.123671 -0.040538 0.012488
vn 0.039141 -0.024947 -0.998922
v -0.004059 -0.013983 -0.093492
vn 0.045956 0.122891 -0.991356
v 0.001279 -0.035379 -0.093800
vn 0.035900 0.250916 -0.967343
v 0.006455 -0.055294 -0.097865
vn 0.199572 0.175315 -0.964073
v 0.065203 -0.157544 -0.101058
vn 0.485851 0.133255 -0.863824
v 0.095182 -0.141873 -0.088077
vn 0.733717 0.298128 -0.610556
v 0.133098 -0.146993 -0.056801
vn 0.953066 0.297225 -0.057646
v 0.144458 -0.094402 0.010988
vn 0.965660 0.259151 -0.018479
v 0.147363 -0.103728 0.017022
vn 0.825198 0.293993 -0.482303
v 0.137867 -0.110334 -0.032606
vn 0.895420 0.237084 -0.376848
v 0.145744 -0.134332 -0.029325
vn 0.134905 0.152396 -0.979069
v 0.044142 -0.160342 -0.104994
vn -0.086938 0.136960 -0.986754
v -0.003743 -0.117522 -0.108988
vn 0.043344 -0.045768 -0.998011
v -0.002474 -0.144911 -0.108991
vn 0.027778 0.353392 -0.935063
v 0.009297 0.254905 -0.086904
vn 0.015934 0.335097 -0.942049
v 0.012076 0.247227 -0.089602
vn 0.077528 0.374048 -0.924163
v 0.008311 0.289677 -0.072258
vn 0.258953 0.893597 -0.366644
v 0.160674 0.246035 -0.039902
vn 0.288321 0.903634 -0.316728
v 0.152470 0.248527 -0.040649
vn 0.256935 0.088307 -0.962386
v 0.176972 0.189326 -0.077134
vn 0.256611 0.565829 -0.783574
v 0.065999 0.247061 -0.084292
vn 0.441478 -0.744575 -0.500705
v 0.186153 0.135640 -0.051096
vn 0.569183 -0.480969 -0.666858
v 0.153751 0.121294 -0.069044
vn 0.028789 -0.022323 -0.999336
v -0.008060 0.014589 -0.094452
vn 0.060399 -0.022525 -0.997920
v 0.000302 0.007104 -0.093847
vn 0.080219 -0.020759 -0.996561
v 0.008557 0.009756 -0.093314
vn 0.591043 0.283143 -0.755313
v 0.115236 -0.154835 -0.077283
vn 0.848114 0.276140 -0.452160
v 0.144103 -0.144277 -0.038930
vn 0.810209 0.253820 -0.528334
v 0.138457 -0.137163 -0.045004
vn -0.008713 0.168423 -0.985676
v 0.011311 -0.090705 -0.105811
vn 0.200665 0.459119 -0.865415
v 0.064657 0.238695 -0.089740
vn 0.290217 0.782544 -0.550816
v 0.134427 0.244238 -0.063079
vn 0.010045 0.350272 -0.936594
v 0.021676 0.244621 -0.090398
vn 0.046402 0.407028 -0.912236
v 0.030162 0.250173 -0.088017
vn 0.008357 0.358441 -0.933515
v 0.029888 0.241871 -0.091427
vn 0.401206 -0.361716 -0.841543
v 0.177832 0.154041 -0.070698
vn 0.442973 -0.291590 -0.847792
v 0.163107 0.146881 -0.076543
vn 0.924744 -0.268279 -0.269954
v 0.118876 0.013027 -0.012810
vn 0.850327 0.362725 -0.381280
v 0.137690 -0.096558 -0.022101
vn 0.950091 0.263988 -0.166243
v 0.147259 -0.107864 -0.002570
vn 0.187931 0.156978 -0.969557
v 0.058062 -0.149676 -0.101142
vn 0.224139 0.361535 -0.905016
v 0.110456 0.222101 -0.087071
vn 0.208456 0.346862 -0.914458
v 0.100905 0.221011 -0.089766
vn 0.109686 0.422894 -0.899516
v 0.017177 0.272277 -0.078931
vn 0.219207 0.955991 -0.195010
v 0.095131 0.259468 -0.048897
vn 0.235878 0.479037 -0.845509
v 0.112710 0.229884 -0.082990
vn 0.047271 0.407326 -0.912059
v 0.038406 0.245195 -0.089860
vn 0.107559 0.396418 -0.911748
v 0.054961 0.235128 -0.093160
vn 0.209329 0.055015 -0.976296
v 0.092418 0.154362 -0.102529
vn 0.367004 -0.305489 -0.878627
v 0.100486 0.106899 -0.094556
vn 0.449940 -0.299337 -0.841398
v 0.134992 0.126220 -0.084057
vn 0.461854 -0.326089 -0.824838
v 0.106920 0.078021 -0.079989
vn 0.710751 -0.350537 -0.609883
v 0.106454 0.033127 -0.059423
vn 0.404892 -0.336367 -0.850247
v 0.103223 0.097480 -0.089658
vn 0.401492 -0.334641 -0.852537
v 0.099973 0.085791 -0.086582
vn 0.887097 -0.361468 -0.287053
v 0.116137 0.018824 -0.028927
vn 0.908258 0.307667 -0.283563
v 0.119907 -0.046586 -0.009905
vn 0.909439 0.335590 -0.245561
v 0.141238 -0.092292 -0.007286
vn 0.858950 0.373864 -0.349902
v 0.136718 -0.088154 -0.015715
vn 0.404518 0.258914 -0.877114
v 0.056021 -0.055958 -0.087926
vn 0.205660 0.965356 -0.160598
v 0.115834 0.255578 -0.043894
vn 0.205034 0.258535 -0.943992
v 0.097984 0.211341 -0.093450
vn 0.304233 0.397621 -0.865644
v 0.151104 0.214366 -0.078344
vn 0.191292 0.042014 -0.980634
v 0.083013 0.149565 -0.104686
vn 0.442488 -0.329808 -0.833925
v 0.117669 0.110089 -0.087380
vn 0.296206 -0.014380 -0.955016
v 0.135227 0.166295 -0.090719
vn 0.301091 -0.021862 -0.953345
v 0.144220 0.170281 -0.088014
vn 0.037237 0.058890 -0.997570
v 0.045889 0.158236 -0.108917
vn 0.163421 0.105723 -0.980875
v 0.070018 0.174275 -0.105054
vn 0.178458 0.090788 -0.979750
v 0.077036 0.166588 -0.104536
vn 0.669196 -0.385789 -0.635093
v 0.132020 0.080949 -0.062517
vn 0.851718 -0.523152 -0.029811
v 0.157334 0.088124 -0.000244
vn 0.599608 -0.378863 -0.704935
v 0.109570 0.050842 -0.066381
vn 0.834334 -0.440231 -0.331789
v 0.120365 0.033592 -0.036013
vn 0.517098 -0.340944 -0.785091
v 0.105757 0.058555 -0.072947
vn 0.305740 -0.054105 -0.950577
v 0.058467 0.010927 -0.084538
vn 0.688421 0.083400 -0.720501
v 0.074357 -0.070364 -0.077661
vn 0.744623 0.357210 -0.563859
v 0.126972 -0.098177 -0.039500
vn 0.376873 -0.011197 -0.926197
v 0.038165 -0.108035 -0.105523
vn 0.008827 0.356343 -0.934314
v 0.036086 0.236206 -0.093496
vn 0.131924 0.127037 -0.983086
v 0.062126 0.181869 -0.105382
vn 0.010819 0.082052 -0.996569
v 0.034379 0.168708 -0.108388
vn 0.023797 0.074865 -0.996910
v 0.041593 0.165295 -0.108553
vn 0.392087 -0.173464 -0.903426
v 0.123334 0.135995 -0.092473
vn 0.643444 -0.543393 -0.539169
v 0.155477 0.114580 -0.061436
vn 0.894032 -0.447107 -0.028332
v 0.140888 0.058424 0.000165
vn 0.893283 -0.332151 -0.302855
v 0.112069 0.009855 -0.030593
vn 0.818573 0.263933 -0.510175
v 0.114019 -0.088287 -0.056866
vn 0.016216 0.036795 -0.999191
v 0.002653 0.148850 -0.110061
vn 0.012110 0.045995 -0.998868
v -0.007128 0.151762 -0.110090
vn 0.252852 0.051129 -0.966153
v 0.118447 0.168502 -0.095461
vn 0.261722 0.041454 -0.964253
v 0.127413 0.172669 -0.092904
vn 0.699442 -0.443799 -0.560199
v 0.142403 0.095459 -0.060527
vn 0.720047 -0.296732 -0.627282
v 0.101445 0.023998 -0.060557
vn 0.852509 -0.008496 -0.522643
v 0.093830 -0.034066 -0.050351
vn 0.600398 -0.142746 -0.786858
v 0.081260 -0.005317 -0.070976
vn 0.669470 -0.117121 -0.733548
v 0.084429 -0.013992 -0.066937
vn 0.013950 0.249706 -0.968221
v -0.003041 0.202319 -0.103628
vn 0.249066 0.106375 -0.962627
v 0.138100 0.188037 -0.089061
vn 0.017515 0.061072 -0.997980
v 0.016649 0.158761 -0.109309
vn 0.076554 0.171191 -0.982259
v 0.052930 0.198660 -0.103938
vn 0.120135 0.189173 -0.974567
v 0.059821 0.203533 -0.102360
vn 0.110794 -0.212357 -0.970891
v 0.030319 0.059001 -0.096342
vn 0.135267 -0.192825 -0.971865
v 0.033147 0.050155 -0.094104
vn 0.305630 -0.252038 -0.918187
v 0.091486 0.111419 -0.099404
vn 0.660100 -0.401352 -0.634969
v 0.122483 0.062559 -0.061434
vn 0.256969 -0.054248 -0.964896
v 0.052994 0.019608 -0.086554
vn 0.050263 -0.096272 -0.994085
v 0.001075 0.038377 -0.095056
vn 0.016755 -0.024698 -0.999555
v -0.009626 0.004405 -0.094263
vn 0.570896 -0.101969 -0.814665
v 0.076840 -0.014047 -0.072857
vn 0.452526 -0.115876 -0.884191
v 0.072829 0.006602 -0.078422
vn 0.545877 -0.152173 -0.823931
v 0.078700 0.002164 -0.074242
vn 0.140564 -0.019719 -0.989875
v 0.024772 -0.013806 -0.091025
vn 0.962600 0.227618 -0.146943
v 0.151425 -0.123935 -0.000910
vn 0.094950 0.198963 -0.975396
v 0.028822 -0.093658 -0.105871
vn 0.062173 0.224134 -0.972573
v 0.052432 0.207989 -0.102084
vn 0.389942 -0.189329 -0.901166
v 0.159203 0.156298 -0.080950
vn 0.215665 -0.270260 -0.938322
v 0.073458 0.103244 -0.102072
vn 0.863806 -0.452778 -0.220980
v 0.126681 0.036580 -0.021206
vn 0.829413 -0.474661 -0.294570
v 0.135420 0.060911 -0.038466
vn 0.900998 -0.152588 -0.406103
v 0.110858 -0.004249 -0.022539
vn 0.637726 0.276825 -0.718800
v 0.119487 -0.149300 -0.071707
vn 0.224111 0.172606 -0.959157
v 0.067801 -0.148136 -0.098823
vn 0.197515 0.300488 -0.933110
v 0.080693 0.217822 -0.095278
vn 0.092966 0.476439 -0.874279
v 0.039868 0.254251 -0.085183
vn 0.314058 0.845539 -0.431777
v 0.157151 0.243820 -0.047432
vn 0.341069 0.601217 -0.722641
v 0.147254 0.232134 -0.069050
vn 0.351139 -0.178588 -0.919134
v 0.108720 0.126748 -0.096705
vn 0.197168 0.192976 -0.961189
v 0.093949 0.201702 -0.096554
vn 0.227262 0.057273 -0.972148
v 0.101740 0.158684 -0.100168
vn 0.242476 0.019530 -0.969961
v 0.100778 0.149213 -0.100820
vn 0.320726 -0.082562 -0.943567
v 0.063831 0.021857 -0.083427
vn 0.966434 0.091800 -0.239955
v 0.115781 -0.026010 -0.009686
vn 0.804699 0.359012 -0.472832
v 0.125763 -0.081184 -0.029548
vn 0.782693 0.305208 -0.542439
v 0.123405 -0.102084 -0.046596
vn 0.773014 0.371045 -0.514563
v 0.133496 -0.099013 -0.031912
vn 0.663198 0.075621 -0.744614
v 0.068037 -0.075632 -0.084104
vn 0.191272 0.134920 -0.972220
v 0.050791 -0.142727 -0.101504
vn 0.153265 0.133829 -0.979081
v 0.046896 -0.152094 -0.103410
vn 0.002257 0.313813 -0.949482
v 0.006502 0.241238 -0.091653
vn 0.014028 0.301508 -0.953360
v -0.002780 0.229229 -0.095539
vn 0.267389 0.430218 -0.862216
v 0.128112 0.224084 -0.081133
vn 0.226144 0.250130 -0.941432
v 0.123846 0.205403 -0.089227
vn 0.353448 -0.234757 -0.905518
v 0.102518 0.117428 -0.097011
vn 0.276616 0.021006 -0.960751
v 0.117629 0.160051 -0.096036
vn -0.010521 0.240219 -0.970662
v 0.034900 0.208600 -0.102221
vn 0.510541 -0.416179 -0.752425
v 0.166665 0.139358 -0.071372
vn 0.523268 -0.325121 -0.787710
v 0.100759 0.049065 -0.072173
vn 0.553035 -0.387398 -0.737614
v 0.127077 0.095562 -0.074800
vn 0.900185 -0.433925 -0.037085
v 0.135818 0.047881 0.000831
vn 0.860112 -0.000997 -0.510105
v 0.101117 -0.024918 -0.036780
vn 0.166428 -0.030690 -0.985576
v 0.031757 -0.006578 -0.090152
vn 0.149433 -0.023696 -0.988488
v 0.029143 0.005099 -0.090892
vn 0.809982 0.400153 -0.428726
v 0.131446 -0.082168 -0.020912
vn 0.146006 0.253571 -0.956234
v 0.024446 -0.051430 -0.095192
vn 0.107998 0.239453 -0.964883
v 0.029676 -0.084379 -0.103621
vn 0.218608 -0.122049 -0.968150
v 0.023594 -0.133930 -0.107158
vn 0.187398 0.153295 -0.970249
v 0.089735 0.193620 -0.098787
vn 0.189807 0.077177 -0.978783
v 0.084222 0.159827 -0.103780
vn 0.550113 -0.366685 -0.750279
v 0.121702 0.086287 -0.074148
vn 0.764388 -0.626170 -0.153692
v 0.167889 0.106437 -0.018355
vn 0.124904 -0.027765 -0.991780
v 0.022689 0.016241 -0.091999
vn 0.091918 -0.026674 -0.995409
v 0.012799 0.017118 -0.093107
vn 0.879892 0.389503 -0.272173
v 0.125987 -0.053864 -0.001477
vn 0.233188 0.288082 -0.928780
v 0.040589 -0.057425 -0.093743
vn 0.201602 0.201707 -0.958473
v 0.104611 0.201258 -0.094402
vn 0.049809 -0.054595 -0.997266
v 0.046605 0.127723 -0.109393
vn 0.088758 -0.019845 -0.995856
v 0.055339 0.133866 -0.108982
vn 0.850216 -0.474449 -0.228103
v 0.130702 0.045796 -0.025507
vn 0.889288 -0.400825 -0.220241
v 0.123593 0.027943 -0.016490
vn 0.888663 -0.447092 -0.101921
v 0.139566 0.057318 -0.011013
vn 0.834854 -0.524728 -0.166371
v 0.156296 0.090101 -0.017885
vn 0.785470 -0.611108 -0.097897
v 0.165759 0.101640 -0.007886
vn 0.783364 -0.283282 -0.553255
v 0.103213 0.016417 -0.054537
vn 0.412928 -0.088505 -0.906453
v 0.063658 -0.010399 -0.080845
vn 0.417245 -0.112395 -0.901817
v 0.074557 0.018550 -0.078997
vn 0.426676 0.225129 -0.875936
v 0.052773 -0.072787 -0.094465
vn 0.040916 0.254840 -0.966117
v 0.009500 -0.064862 -0.100356
vn -0.032910 0.074773 -0.996657
v 0.007876 -0.119279 -0.110293
vn -0.032380 0.150495 -0.988080
v 0.013387 -0.108834 -0.109133
vn 0.012067 0.109383 -0.993926
v 0.034658 0.178653 -0.107439
vn 0.017441 -0.059948 -0.998049
v 0.028997 0.124975 -0.109614
vn 0.635933 -0.240045 -0.733463
v 0.093973 0.022475 -0.067498
vn 0.716512 0.109369 -0.688948
v 0.080522 -0.066134 -0.070518
vn 0.059057 0.084843 -0.994643
v 0.049614 0.167869 -0.108042
vn 0.087367 0.142040 -0.985998
v 0.053342 0.188466 -0.105457
vn 0.173811 -0.185663 -0.967119
v 0.069316 0.111992 -0.105086
vn 0.067854 0.272244 -0.959833
v 0.053120 0.217015 -0.099728
vn 0.311948 -0.281510 -0.907436
v 0.082117 0.063830 -0.086051
vn 0.320975 -0.302786 -0.897383
v 0.085858 0.072764 -0.087622
vn 0.447717 -0.348035 -0.823663
v 0.113917 0.099867 -0.085177
vn 0.207224 -0.082268 -0.974828
v 0.046879 0.028531 -0.088539
vn 0.204883 0.449870 -0.869276
v 0.073202 0.233647 -0.090310
vn 0.029949 -0.218029 -0.975483
v 0.001399 0.089885 -0.104602
vn 0.030991 -0.220703 -0.974849
v 0.010991 0.088658 -0.104021
vn 0.022978 -0.131928 -0.990993
v 0.029549 0.115081 -0.108688
vn 0.596579 -0.560320 -0.574574
v 0.162451 0.123588 -0.062845
vn 0.852458 -0.461553 -0.245530
v 0.141136 0.069103 -0.034897
vn 0.360456 -0.241017 -0.901101
v 0.081569 0.046869 -0.081236
vn 0.169635 -0.127151 -0.977270
v 0.040581 0.036754 -0.090582
vn 0.190346 0.262543 -0.945960
v 0.033102 -0.053152 -0.094059
vn 0.120391 0.086950 -0.988912
v 0.026235 -0.152630 -0.106181
vn 0.132952 0.113736 -0.984575
v 0.036597 -0.152924 -0.104940
vn 0.594806 -0.353678 -0.721885
v 0.119421 0.069725 -0.068085
vn 0.872466 -0.460477 -0.163594
v 0.135735 0.051926 -0.018008
vn 0.169799 -0.181842 -0.968556
v 0.041906 0.046544 -0.091998
vn 0.179820 -0.241942 -0.953483
v 0.048123 0.062518 -0.094398
vn 0.197659 -0.276292 -0.940528
v 0.055542 0.069340 -0.094748
vn 0.020445 0.206705 -0.978190
v 0.043783 0.203556 -0.103356
vn 0.037458 -0.168748 -0.984947
v 0.002057 0.054960 -0.097308
vn 0.038941 -0.192334 -0.980557
v 0.009017 0.062893 -0.098532
vn 0.366744 -0.001683 -0.930320
v 0.054627 -0.026289 -0.083483
vn 0.449437 0.117472 -0.885555
v 0.063663 -0.038572 -0.080105
vn 0.145382 -0.164964 -0.975526
v 0.034930 0.042610 -0.092410
vn 0.009307 0.149771 -0.988677
v 0.034837 0.188571 -0.106181
vn 0.083493 -0.146027 -0.985751
v 0.017057 0.043918 -0.094643
vn 0.067915 -0.028603 -0.997281
v 0.005178 -0.009501 -0.093096
vn 0.082511 -0.023999 -0.996301
v 0.009460 -0.000574 -0.093028
vn 0.897391 -0.358302 -0.257506
v 0.119406 0.020228 -0.019847
vn 0.362891 0.144392 -0.920576
v 0.085661 -0.144698 -0.092904
vn 0.194395 -0.020737 -0.980704
v 0.035103 -0.016784 -0.089222
vn 0.362380 -0.333242 -0.870420
v 0.094915 0.092636 -0.091562
vn 0.494677 -0.368125 -0.787261
v 0.124370 0.104059 -0.081029
vn 0.289694 0.536142 -0.792861
v 0.033780 0.276103 -0.073160
vn 0.309850 -0.025576 -0.950441
v 0.153342 0.174182 -0.085212
vn 0.784712 -0.471663 -0.402195
v 0.129708 0.057299 -0.046780
vn 0.245854 -0.038721 -0.968533
v 0.049452 0.009333 -0.087040
vn 0.904884 0.259604 -0.337330
v 0.142653 -0.111455 -0.022740
vn 0.866832 0.409424 -0.284558
v 0.129898 -0.063500 -0.003552
vn 0.844308 0.289991 -0.450611
v 0.121024 -0.084888 -0.039823
vn 0.106174 0.457523 -0.882836
v 0.031113 0.259654 -0.083376
vn 0.586568 0.005179 -0.809884
v 0.055470 -0.098230 -0.095048
vn 0.094596 -0.233684 -0.967700
v 0.052225 0.101747 -0.105208
vn 0.783686 -0.160199 -0.600144
v 0.091175 -0.014109 -0.059679
vn 0.162767 -0.300938 -0.939650
v 0.055496 0.084652 -0.099710
vn 0.050591 -0.230979 -0.971643
v 0.035868 0.094579 -0.104450
vn 0.057964 -0.180803 -0.981810
v 0.046879 0.108627 -0.107008
vn 0.035975 -0.163473 -0.985892
v 0.038324 0.110846 -0.107774
vn 0.005244 0.212921 -0.977055
v 0.016484 0.197982 -0.104514
vn 0.160089 0.193450 -0.967961
v 0.068295 0.205004 -0.100783
vn 0.162022 0.019556 -0.986593
v 0.073257 0.144354 -0.106690
vn 0.915441 -0.363967 -0.171741
v 0.124804 0.025881 -0.007064
vn 0.104764 -0.048326 -0.993322
v 0.017199 0.025770 -0.092973
vn 0.649721 0.754722 -0.090866
v 0.062836 0.275374 -0.039720
vn 0.093037 -0.243995 -0.965303
v 0.034943 0.076218 -0.099952
vn 0.329756 -0.331574 -0.883923
v 0.088757 0.083374 -0.090343
vn 0.095939 -0.023703 -0.995105
v 0.014339 -0.011206 -0.092331
vn 0.491288 -0.096413 -0.865644
v 0.069914 -0.014707 -0.077214
vn 0.966474 0.240644 -0.089551
v 0.149980 -0.115066 0.003836
vn 0.350473 -0.105388 -0.930625
v 0.160285 0.167292 -0.082282
vn 0.894695 -0.436534 -0.094655
v 0.132128 0.041209 -0.004365
vn 0.055002 0.393580 -0.917644
v 0.011600 0.264258 -0.083036
vn 0.825093 -0.495265 -0.271910
v 0.153303 0.093121 -0.035923
vn 0.877496 -0.458954 -0.139149
v 0.145214 0.070651 -0.018815
vn 0.989309 -0.067069 -0.129498
v 0.117654 -0.013097 0.002279
vn 0.565368 -0.529142 -0.632747
v 0.169312 0.132751 -0.064521
vn 0.724530 -0.246562 -0.643633
v 0.097065 0.014613 -0.061381
vn 0.576414 -0.771628 -0.268957
v 0.181493 0.124282 -0.034406
vn 0.242286 -0.160088 -0.956906
v 0.084960 0.118722 -0.102919
vn 0.232755 -0.218108 -0.947763
v 0.079995 0.111322 -0.102700
vn 0.451487 0.798279 -0.398634
v 0.065808 0.266787 -0.059843
vn 0.127819 -0.001430 -0.991796
v 0.064000 0.139087 -0.108009
vn 0.166874 -0.043450 -0.985020
v 0.072614 0.131869 -0.106672
vn 0.913273 0.226045 -0.338874
v 0.146150 -0.128365 -0.024628
vn 0.914303 -0.404868 -0.011506
v 0.132160 0.039768 0.006943
vn 0.238670 0.345559 -0.907538
v 0.087143 -0.113466 -0.085073
vn 0.860385 0.321148 -0.395729
v 0.139127 -0.103952 -0.025674
vn 0.706744 0.281198 -0.649184
v 0.127290 -0.137954 -0.059199
vn 0.281107 0.205391 -0.937440
v 0.062202 -0.126736 -0.095880
vn 0.193043 -0.030758 -0.980708
v 0.040016 0.007555 -0.089085
vn 0.124873 0.042044 -0.991282
v 0.063176 0.150799 -0.107940
vn 0.032652 0.190181 -0.981206
v 0.014160 -0.082925 -0.104466
vn 0.158560 0.278641 -0.947216
v 0.029872 -0.061530 -0.097116
vn 0.841044 -0.440817 -0.313570
v 0.147670 0.086117 -0.041587
vn 0.017587 0.005476 -0.999830
v 0.016450 0.137090 -0.110100
vn 0.019340 -0.039351 -0.999038
v 0.019282 0.127754 -0.109903
vn 0.236643 -0.278922 -0.930700
v 0.066475 0.067818 -0.091750
vn 0.246617 -0.047070 -0.967969
v 0.047203 -0.001288 -0.087201
vn 0.075692 0.110946 -0.990940
v 0.051892 0.177947 -0.106938
vn 0.632197 -0.664906 -0.397777
v 0.171740 0.122708 -0.049662
vn 0.717231 -0.456575 -0.526420
v 0.119902 0.048683 -0.054064
vn 0.775664 -0.474951 -0.415652
v 0.124323 0.048919 -0.047300
vn 0.243047 -0.203929 -0.948336
v 0.059804 0.049020 -0.088713
vn 0.062634 -0.199832 -0.977826
v 0.019851 0.060941 -0.097637
vn 0.015440 0.148205 -0.988836
v 0.015211 0.185989 -0.106789
vn 0.153859 -0.292480 -0.943813
v 0.058857 0.094010 -0.102183
vn 0.047630 0.027721 -0.998480
v -0.000958 -0.025200 -0.093205
vn 0.948800 0.216672 -0.229851
v 0.118234 -0.034952 -0.004336
vn 0.555543 -0.417658 -0.718982
v 0.139733 0.111168 -0.073997
vn 0.923320 0.295246 -0.245579
v 0.143861 -0.101458 -0.009240
vn 0.604865 -0.617358 -0.502999
v 0.170805 0.126584 -0.056795
vn 0.882445 0.299764 -0.362537
v 0.116133 -0.051680 -0.027807
vn 0.851399 -0.513845 -0.105276
v 0.154079 0.084064 -0.009123
vn 0.013485 0.030137 -0.999455
v 0.031049 0.146547 -0.109677
vn 0.143853 -0.102515 -0.984275
v 0.065634 0.121800 -0.107080
vn 0.338587 0.278321 -0.898831
v 0.049923 -0.061398 -0.092240
vn 0.297847 -0.208603 -0.931543
v 0.070156 0.045615 -0.085012
vn 0.098168 0.261144 -0.960295
v 0.017385 -0.058216 -0.097973
vn 0.200983 -0.039165 -0.978812
v 0.043200 0.017870 -0.088791
vn 0.819755 0.389321 -0.420036
v 0.127556 -0.074134 -0.020506
vn 0.409619 0.204130 -0.889125
v 0.057749 -0.046998 -0.084627
vn 0.111545 -0.096538 -0.989059
v 0.021692 0.034909 -0.093055
vn -0.002259 0.245084 -0.969499
v 0.000365 -0.061879 -0.099701
vn 0.796384 0.078500 -0.599676
v 0.090517 -0.044629 -0.055198
vn 0.033110 -0.217733 -0.975447
v 0.013441 0.079672 -0.101894
vn 0.758375 -0.460052 -0.461757
v 0.118498 0.041405 -0.049333
vn 0.243638 -0.320572 -0.915355
v 0.076172 0.094664 -0.098576
vn 0.820244 -0.482526 -0.307194
v 0.129078 0.049444 -0.037308
vn -0.013769 0.305313 -0.952152
v 0.015989 0.228313 -0.095924
vn 0.439979 -0.277046 -0.854204
v 0.091468 0.047866 -0.077105
vn 0.242575 0.615707 -0.749708
v 0.087008 0.243797 -0.079893
vn 0.086029 0.238241 -0.967388
v 0.014182 -0.048397 -0.095647
vn 0.031188 0.389055 -0.920686
v 0.004926 0.282613 -0.075228
vn 0.682351 0.298891 -0.667129
v 0.126951 -0.147863 -0.064049
vn 0.932468 0.333943 -0.137786
v 0.141605 -0.087894 0.002079
vn 0.863990 0.239629 -0.442831
v 0.142764 -0.135257 -0.036477
vn 0.732885 0.293330 -0.613870
v 0.129278 -0.121042 -0.049605
vn 0.983681 -0.159837 -0.082602
v 0.119738 -0.000670 0.005440
vn 0.278315 -0.294531 -0.914217
v 0.083654 0.102408 -0.099165
vn 0.265331 0.376219 -0.887727
v 0.134485 0.216637 -0.082616
vn 0.765587 -0.576234 -0.286062
v 0.159638 0.102560 -0.035878
vn 0.032304 -0.194953 -0.980280
v 0.028440 0.103028 -0.106625
vn 0.263994 0.274171 -0.924736
v 0.071032 -0.122188 -0.092008
vn 0.624506 0.634192 -0.455842
v 0.050487 0.280484 -0.057230
vn 0.064015 0.035560 -0.997315
v 0.051544 0.149915 -0.109072
vn -0.019644 0.282068 -0.959193
v 0.035339 0.218292 -0.099586
vn 0.183803 0.206497 -0.961029
v 0.035751 -0.089623 -0.104154
vn 0.180664 0.354591 -0.917402
v 0.072399 0.224290 -0.094749
vn -0.022077 0.271096 -0.962299
v 0.025982 0.213559 -0.100673
vn 0.258771 -0.239192 -0.935855
v 0.067659 0.056771 -0.088381
vn 0.616472 0.086974 -0.782558
v 0.061372 -0.079747 -0.090304
vn 0.367897 -0.282348 -0.885963
v 0.086923 0.056010 -0.081814
vn 0.878086 0.227270 -0.421086
v 0.142514 -0.127107 -0.032723
vn 0.126386 0.163190 -0.978466
v 0.042344 -0.169583 -0.106766
vn 0.302728 -0.329956 -0.894139
v 0.086063 0.093282 -0.095155
vn 0.220436 0.069236 -0.972941
v 0.042507 -0.136763 -0.102386
vn 0.283232 0.526871 -0.801365
v 0.131700 0.231466 -0.075877
vn 0.309133 0.507885 -0.804046
v 0.140550 0.228190 -0.074608
vn 0.247934 -0.063774 -0.966676
v 0.093153 0.133763 -0.102405
vn 0.714303 -0.642473 -0.277486
v 0.166294 0.110474 -0.035899
vn 0.013601 0.047936 -0.998758
v 0.024254 0.153108 -0.109503
vn 0.070188 -0.009221 -0.997491
v 0.007050 -0.018290 -0.092727
vn 0.052492 0.412091 -0.909629
v 0.008555 0.274347 -0.078790
vn -0.032572 0.411447 -0.910852
v -0.001216 0.276401 -0.077967
vn 0.901275 0.282985 -0.328058
v 0.115972 -0.044456 -0.021811
vn 0.422554 0.878248 -0.223896
v 0.073345 0.266021 -0.051754
vn 0.026496 -0.122705 -0.992089
v 0.013738 0.115142 -0.109035
vn -0.194265 -0.980934 -0.005504
v -0.225444 0.124043 -0.040947
vn -0.316919 -0.948444 0.004128
v -0.176997 0.114482 -0.026921
vn -0.261504 -0.944729 0.197742
v -0.214609 0.122986 -0.025896
vn -0.364055 0.428589 0.826907
v -0.151478 0.221496 0.035772
vn -0.160508 0.957973 -0.237750
v -0.151410 0.256965 -0.033801
vn -0.100949 -0.938938 -0.328946
v -0.249405 0.130229 -0.058144
vn -0.065787 -0.793257 -0.605323
v -0.342190 0.144631 -0.075403
vn -0.049213 -0.974598 -0.218489
v -0.320270 0.135997 -0.060197
vn -0.050481 -0.905029 -0.422344
v -0.322724 0.139085 -0.068846
vn -0.002441 0.164605 -0.986357
v -0.319331 0.184226 -0.088187
vn -0.001156 0.252615 -0.967566
v -0.311752 0.190761 -0.086751
vn -0.061924 -0.901177 -0.429005
v -0.352021 0.140716 -0.068105
vn 0.040472 -0.655939 -0.753728
v -0.408596 0.148171 -0.074524
vn -0.018058 -0.495991 0.868140
v -0.334858 0.171980 0.012155
vn 0.093928 -0.736860 -0.669489
v -0.450893 0.144255 -0.077077
vn 0.208406 0.020505 -0.977827
v -0.484725 0.176694 -0.094848
vn -0.273086 0.592893 -0.757563
v -0.528040 0.207964 -0.083890
vn -0.557083 -0.409572 -0.722433
v -0.536096 0.168132 -0.085177
vn -0.060704 -0.932069 -0.357159
v -0.475148 0.138793 -0.067706
vn -0.097319 -0.995129 0.015744
v -0.476227 0.135949 -0.051028
vn 0.381886 0.154899 0.911136
v -0.538303 0.200615 -0.001312
vn -0.211681 -0.965784 0.149843
v -0.540756 0.150105 -0.039027
vn -0.171592 0.832282 -0.527127
v -0.152733 0.247102 -0.055644
vn -0.096517 -0.925638 -0.365894
v -0.267542 0.133309 -0.061669
vn -0.164900 0.640583 -0.749974
v -0.158318 0.232355 -0.071627
vn -0.231865 -0.463477 -0.855235
v -0.159909 0.136989 -0.077294
vn 0.036167 -0.331267 -0.942844
v -0.240903 0.155389 -0.082441
vn -0.163030 -0.581547 -0.797009
v -0.167208 0.132288 -0.073002
vn -0.508382 -0.824447 -0.248667
v -0.159750 0.107991 -0.040336
vn -0.158192 -0.982130 -0.101958
v -0.193604 0.118700 -0.041006
vn -0.134153 -0.965825 -0.221778
v -0.200563 0.120784 -0.048624
vn -0.626448 0.045936 0.778108
v -0.149397 0.172937 0.048538
vn -0.167085 -0.985698 -0.021945
v -0.196819 0.118782 -0.033379
vn -0.021135 -0.787589 -0.615839
v -0.316029 0.142532 -0.075085
vn -0.011233 -0.801572 -0.597793
v -0.306633 0.141316 -0.073745
vn 0.024029 -0.850212 -0.525891
v -0.297609 0.139514 -0.070944
vn 0.017823 -0.175544 -0.984310
v -0.317702 0.165521 -0.088207
vn 0.083878 -0.615372 -0.783761
v -0.420265 0.149068 -0.076224
vn -0.034398 -0.826914 0.561275
v -0.330182 0.151382 -0.009139
vn 0.133815 -0.428278 -0.893684
v -0.479758 0.158490 -0.090421
vn 0.045766 -0.674803 -0.736577
v -0.468429 0.148342 -0.081859
vn -0.084892 -0.362453 0.928128
v -0.454693 0.176521 -0.001548
vn -0.131333 -0.659092 0.740506
v -0.501781 0.155226 -0.020411
vn -0.245016 0.953780 0.173985
v -0.145503 0.259207 -0.008584
vn -0.132928 -0.938160 -0.319665
v -0.233701 0.127597 -0.056619
vn 0.037011 0.025138 -0.998999
v -0.227099 0.179445 -0.085398
vn -0.100832 -0.226550 -0.968766
v -0.172790 0.160391 -0.084643
vn -0.099766 -0.129469 -0.986552
v -0.173566 0.168699 -0.086015
vn -0.706038 -0.057664 0.705823
v -0.150973 0.154289 0.047589
vn -0.576989 -0.205660 0.790435
v -0.163922 0.147264 0.035823
vn 0.047958 -0.147222 -0.987940
v -0.254192 0.167174 -0.085912
vn 0.009539 0.058358 -0.998250
v -0.293761 0.179618 -0.088540
vn -0.039924 0.583760 0.810944
v -0.518591 0.219496 -0.012528
vn 0.082770 -0.649854 -0.755539
v -0.477626 0.150569 -0.084769
vn -0.052924 -0.580136 0.812799
v -0.516097 0.163413 -0.015777
vn -0.140228 -0.012895 0.990035
v -0.498925 0.194088 -0.003677
vn -0.245131 0.926824 0.284443
v -0.172644 0.252604 -0.007157
vn -0.216487 0.964876 0.148824
v -0.164010 0.255936 -0.012730
vn -0.070747 0.282746 -0.956582
v -0.195959 0.201977 -0.082116
vn -0.120043 0.443753 -0.888072
v -0.184824 0.215209 -0.078062
vn -0.078872 -0.055229 -0.995354
v -0.180022 0.175472 -0.086073
vn -0.074309 -0.283801 -0.955999
v -0.180976 0.155911 -0.082713
vn -0.173225 -0.978936 -0.108067
v -0.218498 0.123010 -0.045473
vn -0.433968 0.074971 0.897804
v -0.160806 0.190565 0.039863
vn -0.067534 -0.122377 -0.990183
v -0.350132 0.167619 -0.087804
vn -0.059151 -0.672312 0.737901
v -0.352282 0.164107 0.005525
vn -0.026882 -0.742919 0.668841
v -0.342305 0.160159 0.002071
vn -0.054313 -0.687230 0.724407
v -0.401457 0.153913 -0.009532
vn -0.081033 -0.685470 0.723578
v -0.393355 0.157098 -0.005906
vn 0.129311 0.178736 -0.975363
v -0.455871 0.184224 -0.088676
vn -0.137195 -0.567777 0.811669
v -0.393270 0.164832 0.000642
vn 0.133312 0.087649 -0.987191
v -0.428148 0.180800 -0.085263
vn -0.186575 -0.210213 -0.959688
v -0.515292 0.173700 -0.097032
vn -0.098086 -0.476299 0.873796
v -0.507166 0.168304 -0.011961
vn -0.176448 -0.863481 0.472511
v -0.499027 0.144125 -0.032934
vn -0.165490 0.625553 0.762428
v -0.223773 0.222244 0.013150
vn -0.210100 0.684087 -0.698487
v -0.147211 0.237453 -0.069471
vn 0.051494 0.148914 -0.987508
v -0.263671 0.186753 -0.086508
vn -0.008304 0.302656 -0.953064
v -0.296277 0.195680 -0.085433
vn 0.048727 -0.066218 -0.996615
v -0.275939 0.173243 -0.087699
vn -0.031386 -0.516788 -0.855538
v -0.204995 0.141638 -0.075589
vn -0.093050 -0.027381 -0.995285
v -0.361750 0.172561 -0.087159
vn -0.016526 0.043717 0.998907
v -0.317192 0.192952 0.017460
vn -0.056106 -0.829738 0.555326
v -0.310191 0.147807 -0.013000
vn -0.015249 -0.711017 0.703010
v -0.323632 0.161590 0.003885
vn -0.058858 -0.913010 0.403669
v -0.326131 0.140918 -0.027053
vn -0.019202 -0.889983 0.455588
v -0.420627 0.138876 -0.029086
vn -0.057139 -0.769232 0.636410
v -0.417685 0.145235 -0.019853
vn -0.014652 0.713208 -0.700800
v -0.467456 0.224671 -0.064859
vn 0.072215 0.470909 -0.879221
v -0.417879 0.208502 -0.075582
vn 0.077875 0.478136 -0.874827
v -0.429329 0.208503 -0.076574
vn -0.167783 0.371177 0.913278
v -0.490848 0.214410 -0.006417
vn -0.116334 -0.437973 0.891429
v -0.422822 0.171113 -0.000576
vn 0.025924 -0.641597 -0.766604
v -0.486679 0.152314 -0.087132
vn -0.288517 0.499351 0.816949
v -0.159809 0.226101 0.030197
vn 0.051976 0.062584 -0.996685
v -0.238648 0.182029 -0.085885
vn 0.043486 0.187534 -0.981295
v -0.243469 0.190564 -0.085046
vn 0.010200 0.453687 -0.891103
v -0.246036 0.206648 -0.079711
vn 0.034869 0.168521 -0.985081
v -0.253561 0.188878 -0.085808
vn 0.043740 0.073082 -0.996366
v -0.247605 0.182838 -0.086243
vn -0.106410 0.675474 -0.729665
v -0.205635 0.227446 -0.066671
vn -0.114897 0.755095 -0.645468
v -0.211951 0.230683 -0.062392
vn -0.040681 0.736251 0.675484
v -0.294650 0.222273 0.004202
vn -0.194775 -0.299316 0.934062
v -0.202509 0.172486 0.022525
vn -0.097688 -0.107985 -0.989341
v -0.378531 0.169492 -0.085252
vn 0.085943 -0.982649 0.164360
v -0.395148 0.137509 -0.037746
vn 0.062315 0.843998 -0.532714
v -0.423651 0.234744 -0.052436
vn -0.152120 0.518769 0.841272
v -0.467321 0.229616 -0.008618
vn -0.100940 -0.589366 0.801536
v -0.507051 0.160846 -0.016668
vn -0.121343 -0.098787 0.987683
v -0.473092 0.189886 0.000261
vn -0.023818 0.569248 -0.821821
v -0.241692 0.214485 -0.075054
vn 0.025821 0.339663 -0.940193
v -0.231337 0.201486 -0.081612
vn -0.425812 -0.040598 0.903901
v -0.171291 0.180681 0.035151
vn -0.039037 0.584311 0.810590
v -0.333056 0.214581 0.009706
vn -0.046931 0.299392 -0.952975
v -0.336136 0.191571 -0.085978
vn -0.005343 0.852187 0.523210
v -0.330261 0.226293 -0.003466
vn -0.019285 0.945620 -0.324702
v -0.317664 0.230427 -0.050454
vn -0.016524 0.937528 -0.347517
v -0.302166 0.229805 -0.052762
vn 0.047018 0.772894 0.632791
v -0.367647 0.228657 -0.004388
vn 0.007313 0.705879 0.708295
v -0.378286 0.226997 -0.002079
vn -0.036718 0.670649 -0.740865
v -0.235644 0.221003 -0.070364
vn -0.082286 0.613766 0.785188
v -0.269175 0.217500 0.010413
vn -0.172139 -0.841185 0.512617
v -0.267942 0.140338 -0.016715
vn -0.071958 0.279053 -0.957576
v -0.354337 0.190123 -0.085254
vn -0.048621 0.034957 -0.998205
v -0.342743 0.175919 -0.088353
vn -0.046128 0.740543 -0.670424
v -0.335165 0.219115 -0.068608
vn 0.027056 0.858347 -0.512356
v -0.486357 0.235562 -0.051935
vn 0.012850 0.877547 0.479318
v -0.448962 0.242307 -0.018459
vn -0.024787 0.995009 -0.096653
v -0.307111 0.233645 -0.035331
vn -0.017100 0.995826 -0.089659
v -0.295660 0.234086 -0.033953
vn 0.064793 0.811706 -0.580462
v -0.493025 0.231546 -0.058650
vn 0.153668 0.487062 -0.859742
v -0.494905 0.197273 -0.091617
vn 0.176338 0.561793 -0.808266
v -0.487552 0.202449 -0.086550
vn 0.147869 0.596897 -0.788574
v -0.479490 0.206658 -0.081612
vn -0.382986 -0.908676 0.166224
v -0.173040 0.114644 -0.010772
vn -0.108282 -0.942151 0.317215
v -0.283749 0.135885 -0.031380
vn -0.023274 -0.924352 -0.380830
v -0.304909 0.137248 -0.066801
vn -0.053823 0.056437 -0.996954
v -0.392255 0.177317 -0.084218
vn -0.037536 -0.132143 -0.990520
v -0.397309 0.168970 -0.083764
vn -0.014054 -0.863338 0.504431
v -0.345873 0.147486 -0.016245
vn 0.084562 0.444881 -0.891589
v -0.459860 0.198748 -0.084186
vn -0.297755 0.954140 -0.030971
v -0.544259 0.228085 -0.037696
vn -0.574583 0.424362 -0.699837
v -0.553176 0.204672 -0.070337
vn -0.227244 -0.967095 0.114401
v -0.524423 0.145446 -0.046230
vn -0.162543 0.280764 -0.945913
v -0.167051 0.205190 -0.084664
vn -0.044570 -0.713522 -0.699214
v -0.263296 0.141203 -0.074227
vn -0.143153 -0.942693 -0.301392
v -0.216910 0.124176 -0.053435
vn -0.194033 -0.969482 -0.149852
v -0.183933 0.117226 -0.043015
vn -0.249310 -0.944139 -0.215512
v -0.175882 0.115785 -0.045236
vn -0.250823 0.830537 0.497288
v -0.153758 0.250688 0.007210
vn -0.067819 -0.746293 -0.662154
v -0.354795 0.146366 -0.076551
vn -0.088980 -0.813562 -0.574630
v -0.371638 0.145042 -0.072829
vn -0.005914 -0.838545 0.544801
v -0.375813 0.148626 -0.015056
vn 0.019199 0.291286 -0.956443
v -0.404470 0.193949 -0.080831
vn 0.035607 -0.007847 -0.999335
v -0.411573 0.175315 -0.084036
vn -0.039385 0.441557 0.896369
v -0.437241 0.223582 -0.002991
vn -0.243907 0.956650 -0.159158
v -0.522320 0.233440 -0.047947
vn -0.040533 -0.772380 -0.633867
v -0.222411 0.132907 -0.068091
vn -0.166982 -0.378785 0.910296
v -0.209928 0.167209 0.019211
vn 0.016746 0.917446 0.397508
v -0.334613 0.229601 -0.009690
vn -0.011051 -0.203323 0.979049
v -0.314086 0.183585 0.016733
vn 0.088661 0.365366 -0.926632
v -0.421529 0.199887 -0.079890
vn -0.142022 -0.537262 0.831372
v -0.486839 0.162727 -0.012002
vn 0.103980 0.971403 -0.213460
v -0.376214 0.238571 -0.036858
vn 0.184953 0.303177 -0.934813
v -0.492175 0.189548 -0.094538
vn -0.082254 -0.197668 0.976812
v -0.462575 0.185172 0.000488
vn -0.262254 0.661452 0.702640
v -0.167738 0.236642 0.019182
vn -0.196001 0.897459 -0.395160
v -0.197285 0.243454 -0.046081
vn -0.248534 0.847758 0.468549
v -0.170659 0.248706 0.002759
vn -0.087550 0.972169 -0.217309
v -0.256127 0.234259 -0.043387
vn -0.247077 0.968919 0.012198
v -0.186193 0.251321 -0.021991
vn -0.119865 0.613473 -0.780566
v -0.196331 0.224742 -0.070389
vn -0.055174 0.040764 -0.997644
v -0.189258 0.182425 -0.085598
vn -0.118067 -0.447240 -0.886587
v -0.169591 0.141353 -0.078108
vn -0.388878 -0.699496 0.599566
v -0.198426 0.131677 0.004398
vn -0.143786 -0.788847 0.597533
v -0.272114 0.146528 -0.008919
vn -0.243123 -0.813089 0.528940
v -0.240822 0.135257 -0.012364
vn -0.034175 -0.932616 0.359248
v -0.341219 0.140291 -0.030236
vn -0.039313 -0.902681 0.428511
v -0.335565 0.142458 -0.024936
vn -0.005391 -0.582916 0.812515
v -0.325384 0.168646 0.009991
vn -0.012382 -0.505916 0.862494
v -0.306917 0.170667 0.011736
vn 0.102225 0.343403 -0.933608
v -0.442207 0.195276 -0.083885
vn 0.026025 0.616295 -0.787085
v -0.443790 0.218367 -0.071157
vn -0.184165 -0.397389 0.898980
v -0.391711 0.174719 0.006490
vn 0.082732 -0.629434 0.772638
v -0.533209 0.164694 -0.014598
vn -0.138883 0.113832 0.983745
v -0.474080 0.201031 -0.000143
vn -0.037121 0.536606 0.843016
v -0.294751 0.213159 0.011980
vn -0.200026 0.942769 -0.266789
v -0.179378 0.250684 -0.036972
vn -0.018750 0.065781 -0.997658
v -0.327099 0.178377 -0.088855
vn -0.002780 -0.100447 -0.994939
v -0.209447 0.170274 -0.084630
vn -0.170568 0.809016 -0.562495
v -0.179036 0.241501 -0.056579
vn -0.158819 0.709866 -0.686198
v -0.178521 0.234812 -0.064751
vn -0.013669 -0.306923 -0.951636
v -0.197605 0.154554 -0.081567
vn -0.256196 -0.911673 0.321272
v -0.223442 0.127101 -0.021481
vn -0.202603 -0.977302 0.061906
v -0.205073 0.120236 -0.029909
vn -0.475253 -0.145328 0.867764
v -0.177964 0.158404 0.029569
vn -0.477172 -0.088510 0.874341
v -0.172710 0.165839 0.033412
vn -0.055462 -0.668272 0.741846
v -0.290865 0.161354 0.004948
vn -0.037528 0.296451 0.954311
v -0.298023 0.203169 0.016396
vn -0.029829 -0.161725 0.986385
v -0.295844 0.186244 0.017583
vn -0.067030 0.460916 0.884908
v -0.342440 0.209503 0.012025
vn 0.029417 0.243504 -0.969454
v -0.281014 0.191828 -0.086426
vn -0.012292 -0.008334 0.999890
v -0.328953 0.191099 0.017452
vn -0.066348 -0.984385 0.163044
v -0.298605 0.134671 -0.041051
vn -0.050478 -0.980054 0.192212
v -0.317109 0.135736 -0.040942
vn -0.112932 0.059204 0.991837
v -0.419560 0.197516 0.005470
vn 0.066511 0.742906 -0.666084
v -0.409187 0.227486 -0.060409
vn -0.001661 0.480175 -0.877171
v -0.393916 0.207441 -0.075034
vn 0.040608 0.525943 -0.849550
v -0.403283 0.212069 -0.072550
vn -0.026624 0.551939 -0.833459
v -0.384990 0.211856 -0.072486
vn 0.025984 0.414232 -0.909800
v -0.402599 0.203291 -0.077202
vn 0.020505 -0.942489 -0.333608
v -0.452652 0.136795 -0.063985
vn -0.353984 -0.915397 -0.191685
v -0.537249 0.149566 -0.056598
vn -0.179419 0.107707 -0.977859
v -0.158939 0.192314 -0.088640
vn -0.067010 -0.835224 -0.545812
v -0.249874 0.134783 -0.067491
vn -0.035033 0.815046 0.578337
v -0.285749 0.225871 0.000182
vn -0.012414 0.996603 0.081410
v -0.322556 0.233393 -0.025654
vn -0.044917 0.982830 0.178964
v -0.306847 0.233161 -0.019624
vn 0.003564 0.745287 -0.666734
v -0.383386 0.226049 -0.060344
vn -0.012883 0.714922 -0.699086
v -0.375109 0.223081 -0.063672
vn -0.161046 0.273312 0.948349
v -0.474248 0.211969 -0.002419
vn -0.033431 0.999009 -0.029374
v -0.275310 0.234651 -0.030932
vn -0.060876 0.953138 -0.296347
v -0.264671 0.232160 -0.048827
vn -0.016943 0.791844 -0.610488
v -0.264710 0.223268 -0.066242
vn -0.256947 0.965857 -0.033148
v -0.195975 0.248658 -0.025563
vn 0.021203 0.864276 -0.502571
v -0.442569 0.237576 -0.049780
vn -0.145478 -0.908546 0.391638
v -0.275112 0.136754 -0.026177
vn -0.067285 0.422522 -0.903852
v -0.355829 0.199978 -0.081422
vn -0.026929 0.828549 0.559269
v -0.401124 0.235122 -0.011924
vn 0.009864 0.902518 0.430539
v -0.391462 0.237219 -0.015465
vn -0.040212 0.815312 -0.577624
v -0.326259 0.222986 -0.064341
vn -0.044819 0.769246 -0.637378
v -0.315505 0.220536 -0.068344
vn -0.027514 0.920741 0.389204
v -0.286992 0.230397 -0.008069
vn 0.126152 0.657366 -0.742938
v -0.481501 0.213813 -0.075930
vn -0.030708 0.679868 -0.732691
v -0.458645 0.222581 -0.067382
vn -0.119478 -0.741096 0.660682
v -0.274319 0.152908 -0.001667
vn -0.266705 0.957699 0.108078
v -0.214707 0.243176 -0.020776
vn -0.073070 -0.219993 0.972761
v -0.275696 0.182700 0.018020
vn -0.063268 -0.883118 0.464865
v -0.307919 0.142202 -0.021901
vn -0.059191 -0.992299 -0.108804
v -0.338556 0.136223 -0.055322
vn -0.061750 -0.997926 -0.018181
v -0.357189 0.137198 -0.050377
vn -0.044827 -0.359926 -0.931903
v -0.392938 0.160393 -0.081769
vn -0.032320 -0.990303 0.135116
v -0.364105 0.138007 -0.041754
vn -0.053381 -0.569612 -0.820179
v -0.337504 0.151604 -0.083055
vn -0.064934 0.997875 0.005382
v -0.264976 0.235085 -0.028981
vn 0.010912 0.996170 -0.086757
v -0.327255 0.233392 -0.035677
vn -0.052731 0.012331 0.998533
v -0.339085 0.191235 0.017174
vn -0.141246 -0.927035 -0.347355
v -0.496889 0.142118 -0.070084
vn -0.243620 -0.938113 -0.246157
v -0.514246 0.144479 -0.066440
vn -0.399785 -0.806180 -0.436171
v -0.531939 0.152995 -0.072740
vn -0.279549 0.887710 0.365819
v -0.190195 0.246814 -0.005592
vn -0.221806 -0.908349 0.354549
v -0.251974 0.132635 -0.023540
vn -0.014486 0.774973 -0.631829
v -0.512053 0.225177 -0.068854
vn -0.076683 -0.740691 -0.667456
v -0.195878 0.129449 -0.066382
vn -0.113733 -0.289487 0.950401
v -0.256176 0.178951 0.019030
vn -0.192152 0.088391 0.977376
v -0.398729 0.197629 0.008731
vn -0.204033 -0.210083 0.956157
v -0.377262 0.182481 0.012630
vn -0.150412 0.347852 0.925405
v -0.387948 0.210332 0.007954
vn 0.088302 -0.994728 0.052141
v -0.402126 0.136436 -0.042386
vn -0.096250 -0.572128 0.814497
v -0.442288 0.161811 -0.008616
vn -0.055347 0.987648 -0.146590
v -0.267176 0.234287 -0.038979
vn -0.019589 0.995680 0.090757
v -0.282556 0.234293 -0.023568
vn -0.151620 0.605573 -0.781213
v -0.177405 0.227306 -0.071729
vn -0.089147 0.197129 -0.976316
v -0.376431 0.185303 -0.084465
vn -0.098404 -0.682730 0.724014
v -0.384526 0.159326 -0.002571
vn -0.046539 -0.769303 0.637187
v -0.376194 0.154937 -0.006361
vn -0.045024 -0.773701 0.631949
v -0.384172 0.152675 -0.009784
vn -0.020410 -0.797788 -0.602592
v -0.389650 0.144881 -0.070315
vn -0.095940 -0.480072 0.871967
v -0.235259 0.166530 0.015707
vn 0.105519 0.907492 0.406601
v -0.364251 0.234147 -0.013399
vn -0.176634 0.175615 0.968483
v -0.201322 0.203665 0.026483
vn 0.051672 0.711116 -0.701173
v -0.399174 0.224848 -0.062158
vn 0.016242 0.814078 -0.580528
v -0.374540 0.229390 -0.056259
vn -0.079463 0.863506 -0.498040
v -0.245930 0.229797 -0.058296
vn -0.190082 0.974602 0.118404
v -0.234323 0.238672 -0.021371
vn -0.059755 0.762438 0.644296
v -0.275535 0.223585 0.003934
vn -0.096830 -0.372892 0.922809
v -0.248579 0.174416 0.018196
vn -0.046181 0.242339 0.969092
v -0.280682 0.201535 0.017481
vn -0.095186 0.275557 0.956561
v -0.268797 0.202830 0.017912
vn -0.057166 0.509161 -0.858771
v -0.375966 0.207726 -0.075566
vn 0.031510 0.598081 -0.800816
v -0.511192 0.205521 -0.088040
vn -0.080115 -0.037210 0.996091
v -0.360060 0.188685 0.015897
vn -0.143979 -0.120359 0.982234
v -0.369625 0.185644 0.014584
vn 0.143051 0.977643 0.154112
v -0.361865 0.236732 -0.023698
vn -0.134007 -0.661842 0.737568
v -0.258389 0.156904 0.005351
vn 0.034077 0.776637 0.629026
v -0.349727 0.224901 -0.001047
vn 0.016053 0.712918 0.701063
v -0.360218 0.223663 0.000696
vn -0.091445 -0.341805 0.935311
v -0.228970 0.175216 0.020359
vn 0.076500 0.872961 -0.481755
v -0.357347 0.229975 -0.053893
vn -0.101990 -0.495083 0.862839
v -0.245370 0.167387 0.015072
vn -0.076613 0.239366 0.967902
v -0.447057 0.211308 0.000653
vn -0.153575 0.112318 0.981733
v -0.210531 0.199050 0.025630
vn -0.477044 -0.040776 0.877933
v -0.167519 0.173200 0.036651
vn -0.370779 -0.846558 0.381919
v -0.199671 0.123202 -0.008578
vn -0.067153 -0.838301 0.541057
v -0.300316 0.145964 -0.014641
vn -0.226426 0.516728 0.825666
v -0.485941 0.224061 -0.010214
vn -0.447720 -0.365510 -0.816057
v -0.529679 0.169840 -0.090205
vn -0.517840 -0.132568 0.845143
v -0.168398 0.156635 0.034729
vn 0.006608 -0.504129 -0.863603
v -0.260507 0.148779 -0.080152
vn -0.135334 -0.230048 0.963723
v -0.498534 0.182754 -0.005091
vn -0.312315 0.751145 -0.581584
v -0.533341 0.221272 -0.068498
vn -0.105866 0.273404 0.956056
v -0.372707 0.203929 0.012430
vn 0.006991 0.518129 -0.855274
v -0.287536 0.208142 -0.079789
vn -0.039637 -0.788263 0.614061
v -0.311292 0.153962 -0.004714
vn -0.103899 -0.892481 0.438956
v -0.286438 0.139339 -0.023811
vn -0.051152 -0.833863 0.549597
v -0.457527 0.141489 -0.029649
vn -0.135838 0.724566 -0.675687
v -0.196785 0.232008 -0.063707
vn 0.016273 0.017889 -0.999708
v -0.215211 0.179283 -0.085127
vn 0.145879 0.987105 0.065897
v -0.353398 0.235807 -0.027433
vn 0.050437 0.760886 -0.646923
v -0.429324 0.230076 -0.059095
vn -0.127736 -0.976437 0.173936
v -0.483714 0.137385 -0.044838
vn -0.028204 0.956731 -0.289605
v -0.281618 0.231630 -0.048588
vn -0.016590 0.947598 -0.319034
v -0.291901 0.230554 -0.051042
vn -0.049451 0.456147 0.888530
v -0.446587 0.226302 -0.004701
vn 0.089940 0.753489 -0.651279
v -0.489137 0.225964 -0.065149
vn -0.632526 -0.703823 0.323332
v -0.162120 0.113451 0.006034
vn -0.257822 0.963487 -0.072255
v -0.205828 0.245917 -0.029183
vn -0.116105 0.376908 0.918945
v -0.231513 0.208592 0.020021
vn -0.053435 -0.875011 0.481146
v -0.318549 0.143866 -0.020235
vn -0.112387 0.844479 0.523664
v -0.246960 0.229464 0.000426
vn -0.002200 -0.208420 0.978037
v -0.323192 0.182975 0.016536
vn -0.251511 0.852041 -0.459095
v -0.528029 0.227320 -0.062116
vn -0.080095 0.604933 0.792238
v -0.258803 0.217296 0.011599
vn -0.114026 0.603651 0.789053
v -0.250336 0.218021 0.011863
vn -0.111334 0.978159 0.175528
v -0.252341 0.235380 -0.017579
vn 0.025098 0.996813 0.075719
v -0.393054 0.240603 -0.027236
vn -0.066171 0.546849 0.834612
v -0.382472 0.219233 0.004143
vn -0.085130 0.227497 0.970050
v -0.456950 0.210352 0.000107
vn -0.099877 -0.788005 0.607513
v -0.283657 0.149625 -0.007385
vn -0.092761 -0.002433 0.995685
v -0.436721 0.195093 0.003751
vn -0.095375 -0.175558 0.979838
v -0.236070 0.183691 0.022128
vn -0.026963 0.651517 -0.758155
v -0.342129 0.214411 -0.072679
vn 0.112170 0.699341 -0.705932
v -0.484675 0.220157 -0.070698
vn -0.293890 0.825193 0.482375
v -0.196413 0.241836 -0.000000
vn -0.089688 -0.821554 0.563032
v -0.437680 0.141349 -0.027623
vn -0.086639 0.436520 0.895513
v -0.377243 0.212017 0.008753
vn 0.143529 0.982975 -0.114717
v -0.359657 0.236695 -0.034787
vn -0.028290 0.664128 -0.747083
v -0.359069 0.216525 -0.070311
vn -0.140073 0.902996 -0.406175
v -0.225675 0.235995 -0.050764
vn -0.119666 0.714883 0.688928
v -0.244187 0.223967 0.007813
vn -0.120360 0.530696 0.838973
v -0.232526 0.215950 0.016186
vn -0.230284 0.758021 0.610224
v -0.210313 0.232507 0.006564
vn -0.232006 -0.826955 0.512171
v -0.256866 0.137870 -0.016578
vn -0.070452 -0.582990 0.809419
v -0.450970 0.161422 -0.010020
vn -0.031559 -0.280725 0.959269
v -0.513981 0.181208 -0.007133
vn -0.147266 -0.946157 -0.288269
v -0.190801 0.119872 -0.050985
vn -0.179892 0.977077 -0.113841
v -0.155453 0.257557 -0.026228
vn 0.006526 -0.461061 -0.887344
v -0.225333 0.145809 -0.078118
vn -0.018046 -0.658658 0.752226
v -0.307309 0.164054 0.006825
vn 0.085056 -0.911084 -0.403351
v -0.407809 0.139262 -0.062347
vn -0.090699 -0.330759 0.939347
v -0.361647 0.178664 0.013903
vn -0.035135 -0.802072 0.596193
v -0.360523 0.153701 -0.006976
vn 0.118794 0.317048 -0.940940
v -0.460352 0.190946 -0.087460
vn -0.058196 -0.889729 0.452765
v -0.429669 0.138430 -0.030888
vn 0.019431 0.084782 -0.996210
v -0.310147 0.180639 -0.088559
vn -0.107073 0.528724 0.842013
v -0.400093 0.221810 0.000346
vn 0.071530 0.449800 -0.890260
v -0.450114 0.201875 -0.081730
vn 0.178357 0.487520 -0.854701
v -0.477623 0.198500 -0.086775
vn -0.162186 0.210666 0.964010
v -0.483935 0.205868 -0.002542
vn -0.146265 -0.404396 0.902812
v -0.481687 0.171958 -0.006107
vn -0.224161 0.828710 0.512827
v -0.218151 0.234557 0.000428
vn -0.011173 0.625824 -0.779884
v -0.297242 0.213854 -0.075848
vn -0.014368 0.242501 0.970045
v -0.325531 0.200499 0.016287
vn -0.422190 -0.089474 0.902081
v -0.177057 0.175053 0.032011
vn -0.055315 -0.329290 -0.942607
v -0.343007 0.158920 -0.086288
vn -0.017967 0.884730 -0.465758
v -0.296580 0.226672 -0.060300
vn 0.142234 0.989814 -0.006134
v -0.369385 0.238462 -0.030326
vn -0.114931 0.189388 0.975153
v -0.465740 0.206953 -0.000009
vn -0.107718 0.801624 -0.588043
v -0.221330 0.231018 -0.060231
vn -0.162969 0.825362 -0.540572
v -0.197057 0.238373 -0.055435
vn -0.126091 -0.983043 -0.133142
v -0.264888 0.130697 -0.052280
vn -0.029886 0.470236 0.882034
v -0.421039 0.222649 -0.001719
vn -0.041494 -0.939165 0.340951
v -0.350294 0.140496 -0.031000
vn -0.569826 0.050953 -0.820185
v -0.537501 0.186094 -0.088534
vn -0.114289 -0.386590 0.915143
v -0.218853 0.171095 0.019768
vn -0.277560 -0.359929 0.890736
v -0.208276 0.157621 0.015472
vn -0.130172 -0.568213 0.812520
v -0.373510 0.168267 0.006638
vn 0.071710 0.732794 -0.676661
v -0.504668 0.220327 -0.073788
vn -0.182026 -0.956012 0.230017
v -0.256711 0.131017 -0.032676
vn 0.015240 0.569722 -0.821696
v -0.260375 0.212662 -0.076401
vn -0.060996 -0.395847 0.916288
v -0.464362 0.173790 -0.003393
vn -0.164781 0.167350 -0.972029
v -0.165725 0.196695 -0.086852
vn -0.049621 -0.997039 -0.058754
v -0.299245 0.134079 -0.052434
vn -0.171518 -0.449011 0.876910
v -0.217033 0.161425 0.015174
vn 0.002400 0.818796 0.574079
v -0.339120 0.225487 -0.002300
vn -0.066960 -0.986924 0.146618
v -0.325833 0.135798 -0.043765
vn -0.060137 -0.996577 -0.056731
v -0.328078 0.135442 -0.053007
vn -0.158279 0.554949 -0.816688
v -0.167691 0.224862 -0.075358
vn -0.147009 -0.977812 -0.149240
v -0.210201 0.121765 -0.046545
vn -0.532205 -0.058825 0.844570
v -0.163278 0.164219 0.038687
vn -0.019498 -0.856557 0.515685
v -0.361187 0.148392 -0.015009
vn -0.002731 -0.894932 0.446195
v -0.367001 0.144604 -0.022011
vn 0.051775 -0.119386 -0.991497
v -0.264810 0.169681 -0.086888
vn -0.171207 0.879768 -0.443506
v -0.206143 0.239696 -0.050311
vn 0.024389 0.454781 -0.890269
v -0.267735 0.205797 -0.080685
vn -0.014884 -0.211134 -0.977344
v -0.203177 0.161681 -0.083405
vn -0.022424 -0.105790 -0.994136
v -0.199391 0.170341 -0.084844
vn -0.070157 0.204586 -0.976331
v -0.387105 0.186110 -0.083329
vn -0.364863 0.829551 -0.422753
v -0.537348 0.224982 -0.059782
vn -0.294829 0.315656 0.901908
v -0.171093 0.214563 0.031926
vn -0.094101 -0.649596 0.754434
v -0.419029 0.153346 -0.011828
vn -0.146098 0.853179 -0.500740
v -0.214467 0.235713 -0.054789
vn -0.196448 0.420345 0.885843
v -0.475260 0.222236 -0.006394
vn -0.157636 -0.006504 0.987476
v -0.482044 0.194288 -0.000851
vn -0.165619 -0.977168 -0.133088
v -0.495376 0.138920 -0.058790
vn -0.095417 0.461348 0.882074
v -0.263675 0.210796 0.015294
vn -0.039216 0.856156 0.515227
v -0.293409 0.227576 -0.002835
vn -0.134296 -0.695570 -0.705795
v -0.174454 0.127944 -0.067999
vn -0.037368 -0.729836 0.682600
v -0.302200 0.158693 0.001616
vn 0.111601 0.234754 -0.965627
v -0.424726 0.190313 -0.083305
vn 0.234527 0.207605 -0.949683
v -0.485056 0.185395 -0.093925
vn -0.244331 0.740951 0.625535
v -0.158390 0.243506 0.015571
vn -0.182630 0.919283 -0.348663
v -0.168408 0.251423 -0.041772
vn -0.000789 0.186628 -0.982430
v -0.301246 0.187404 -0.087473
vn -0.045426 -0.714326 0.698337
v -0.457180 0.149304 -0.020533
vn -0.136959 -0.976916 -0.163943
v -0.244053 0.127852 -0.051284
vn -0.407020 0.169702 0.897517
v -0.157854 0.200499 0.039996
vn -0.050421 0.441724 -0.895733
v -0.384290 0.203090 -0.077563
vn 0.014905 -0.843984 0.536161
v -0.383957 0.146473 -0.018356
vn 0.062045 0.618738 -0.783144
v -0.471486 0.211331 -0.076811
vn -0.103405 -0.540872 0.834724
v -0.476585 0.163269 -0.010126
vn -0.060583 -0.627023 0.776642
v -0.470700 0.156750 -0.014333
vn -0.005271 -0.353808 -0.935303
v -0.207193 0.151974 -0.080607
vn 0.053958 0.015043 -0.998430
v -0.266945 0.178285 -0.087420
vn -0.095241 -0.388876 0.916354
v -0.433015 0.174740 -0.000007
vn -0.012068 0.997911 0.063472
v -0.292328 0.234334 -0.025143
vn -0.025153 0.633010 -0.773735
v -0.351909 0.213587 -0.073072
vn -0.088166 -0.634551 0.767836
v -0.282151 0.162834 0.007035
vn -0.012650 0.986013 -0.166188
v -0.317213 0.232762 -0.040873
vn -0.157646 0.726798 -0.668515
v -0.162759 0.238127 -0.065053
vn 0.109945 0.936281 -0.333602
v -0.362939 0.234587 -0.045057
vn -0.035785 0.967337 -0.250956
v -0.273044 0.232553 -0.045935
vn -0.055265 0.466245 -0.882928
v -0.333999 0.201566 -0.081980
vn -0.091838 0.188840 0.977704
v -0.252093 0.198983 0.020613
vn 0.024490 0.786477 -0.617134
v -0.366240 0.226640 -0.059707
vn -0.239567 -0.713743 -0.658162
v -0.164435 0.124249 -0.066354
vn -0.543039 0.005274 0.839691
v -0.158523 0.172653 0.041993
vn -0.105958 -0.625863 0.772702
v -0.435581 0.155506 -0.012475
vn 0.126528 0.956190 0.263993
v -0.373100 0.237516 -0.020248
vn -0.013642 0.894100 -0.447660
v -0.284102 0.227457 -0.058902
vn 0.001079 0.732482 -0.680786
v -0.350970 0.219754 -0.067435
vn 0.036577 0.533383 -0.845082
v -0.447617 0.210648 -0.076596
vn 0.040391 -0.980778 -0.190901
v -0.389472 0.138118 -0.054831
vn -0.262431 -0.964619 0.025298
v -0.534263 0.147772 -0.047223
vn -0.080915 0.328241 -0.941122
v -0.371226 0.193541 -0.082552
vn -0.013648 -0.841352 0.540315
v -0.352429 0.150476 -0.011471
vn -0.121347 0.343187 0.931395
v -0.464333 0.218634 -0.002979
vn -0.083195 0.111652 0.990259
v -0.459163 0.202396 0.001296
vn -0.126573 -0.122118 0.984412
v -0.211418 0.187719 0.025405
vn -0.246459 -0.217798 0.944363
v -0.195432 0.177109 0.025435
vn 0.041277 -0.201188 -0.978683
v -0.233775 0.163279 -0.084412
vn 0.034777 0.786631 -0.616444
v -0.437636 0.232475 -0.057026
vn -0.025546 0.906899 -0.420572
v -0.469840 0.240827 -0.042941
vn -0.026027 0.409370 -0.911997
v -0.314142 0.199974 -0.083588
vn -0.019558 0.306606 -0.951636
v -0.321017 0.193367 -0.085872
vn -0.158217 0.415057 -0.895932
v -0.167463 0.215274 -0.080846
vn -0.187069 -0.708379 0.680591
v -0.249988 0.146675 -0.002933
vn 0.058210 0.602631 -0.795894
v -0.433463 0.217961 -0.070871
vn 0.072971 0.778664 -0.623184
v -0.500992 0.227079 -0.065532
vn 0.033991 0.553345 -0.832258
v -0.459522 0.208803 -0.078288
vn -0.214981 -0.976600 0.005988
v -0.503875 0.140248 -0.052651
vn -0.215584 0.937400 -0.273505
v -0.206383 0.243688 -0.040151
vn -0.133276 -0.967913 0.213032
v -0.277505 0.133516 -0.036930
vn -0.277222 0.814063 0.510342
v -0.187117 0.243272 0.003000
vn -0.267284 0.870791 0.412652
v -0.180317 0.248159 -0.001726
vn 0.032462 0.837282 -0.545807
v -0.383417 0.232147 -0.052585
vn 0.012402 -0.485467 -0.874167
v -0.248633 0.147819 -0.079523
vn 0.008270 0.448453 -0.893768
v -0.226086 0.209056 -0.078234
vn -0.086706 -0.722296 0.686128
v -0.283001 0.156739 0.001242
vn -0.091714 0.838613 -0.536952
v -0.229845 0.231023 -0.058567
vn -0.036206 0.928473 0.369631
v -0.296283 0.230839 -0.009714
vn 0.024591 -0.855142 -0.517811
v -0.456345 0.140504 -0.072337
vn -0.225028 0.900391 0.372369
v -0.161396 0.253350 -0.001566
vn -0.657975 -0.571071 0.490863
v -0.157692 0.122351 0.027019
vn -0.004040 0.670899 -0.741538
v -0.285072 0.216597 -0.073422
vn -0.044503 0.198302 -0.979130
v -0.202755 0.194951 -0.083425
vn -0.162195 0.059095 0.984988
v -0.489765 0.197509 -0.002259
vn -0.021583 0.982186 -0.186669
v -0.288703 0.233054 -0.041514
vn -0.088652 0.060946 -0.994196
v -0.382325 0.177179 -0.084924
vn 0.109488 0.318138 -0.941701
v -0.500945 0.190113 -0.095647
vn -0.112268 0.023479 0.993401
v -0.231526 0.193229 0.023276
vn 0.043181 -0.979345 0.197531
v -0.412588 0.136030 -0.037557
vn -0.039209 0.616395 -0.786461
v -0.375818 0.215851 -0.070080
vn -0.395238 -0.759723 0.516341
v -0.202091 0.128347 -0.002576
vn -0.549791 0.789094 0.273970
v -0.056301 0.271371 -0.024746
vn -0.186181 0.334018 0.923996
v -0.096304 0.201172 0.057411
vn -0.618586 0.052040 0.783992
v -0.141858 0.166902 0.054916
vn -0.826166 -0.095555 0.555265
v -0.152042 0.135030 0.042440
vn -0.770054 -0.478454 0.422017
v -0.152975 0.115450 0.025603
vn -0.005858 0.228010 0.973641
v -0.004230 0.084916 0.141969
vn -0.008970 -0.006421 0.999939
v -0.001795 0.075566 0.143128
vn -0.018010 -0.452046 0.891813
v -0.005294 0.044636 0.132907
vn -0.057974 -0.392633 0.917866
v -0.010614 0.030757 0.125817
vn -0.930054 0.362773 0.058269
v -0.126361 -0.038357 0.016948
vn -0.070113 0.285579 0.955787
v -0.005494 -0.066131 0.126183
vn -0.945163 0.326578 -0.003841
v -0.145458 -0.081828 0.004601
vn -0.584633 0.192263 0.788187
v -0.119784 -0.148125 0.092090
vn -0.626474 0.229449 0.744905
v -0.126981 -0.145621 0.085891
vn -0.978113 0.171258 0.118180
v -0.150942 -0.106997 0.012642
vn -0.975335 0.166329 0.145108
v -0.150919 -0.114012 0.020578
vn -0.841510 0.331237 0.426783
v -0.149442 -0.143234 0.057591
vn -0.972037 0.194396 0.131734
v -0.152954 -0.117394 0.011229
vn -0.907855 0.342168 0.242322
v -0.153582 -0.138150 0.040559
vn -0.962040 0.252307 0.104024
v -0.155602 -0.128482 0.010941
vn -0.926518 0.359425 0.111255
v -0.159360 -0.143888 0.022199
vn -0.340657 0.082946 0.936522
v -0.049254 -0.156696 0.137065
vn -0.417811 0.071149 0.905744
v -0.056174 -0.157242 0.134220
vn -0.368383 0.052878 0.928169
v -0.051364 -0.165002 0.136777
vn -0.064675 0.163897 0.984355
v -0.007982 -0.118846 0.138238
vn -0.066405 0.185862 0.980330
v -0.009738 -0.108847 0.136365
vn -0.048311 0.620522 0.782699
v -0.064564 0.208639 0.057493
vn -0.479055 0.187419 0.857543
v -0.147666 0.203301 0.044640
vn -0.000209 0.598219 0.801333
v -0.082472 0.213197 0.054476
vn -0.230564 0.377302 0.896930
v -0.128285 0.217061 0.045555
vn -0.028670 0.499442 0.865873
v -0.002536 0.142387 0.107423
vn -0.891695 -0.189681 0.410976
v -0.130854 0.112229 0.070337
vn -0.922061 -0.380610 0.070285
v -0.130920 0.070809 0.023673
vn -0.990564 -0.096772 0.097043
v -0.120477 0.019830 0.031340
vn -0.999500 -0.013451 0.028628
v -0.120167 0.002536 0.018290
vn -0.989496 -0.143064 0.020744
v -0.123216 0.039707 0.018003
vn -0.189669 -0.232501 0.953923
v -0.033871 0.008679 0.115899
vn -0.157695 -0.314543 0.936053
v -0.033084 0.018960 0.118862
vn -0.593270 0.196520 0.780647
v -0.105623 -0.101448 0.090542
vn -0.964884 0.261905 0.020093
v -0.148158 -0.090695 0.004231
vn -0.979143 0.190922 0.069484
v -0.152811 -0.111294 0.003081
vn -0.541676 0.224533 0.810045
v -0.078519 -0.112379 0.113293
vn -0.073711 0.151068 0.985771
v -0.015755 -0.125937 0.138832
vn -0.036869 0.635002 0.771630
v -0.037006 0.179073 0.079619
vn -0.065137 0.561510 0.824902
v -0.040382 0.184491 0.075335
vn -0.015203 0.510454 0.859771
v -0.022742 0.157732 0.099304
vn -0.979316 -0.080542 0.185615
v -0.122536 0.067527 0.089568
vn -0.398342 -0.295750 0.868249
v -0.070135 0.007798 0.104790
vn -0.959274 0.129626 0.250981
v -0.118035 -0.022784 0.040764
vn -0.565409 0.165239 0.808089
v -0.114066 -0.150178 0.096660
vn -0.497221 0.057951 0.865687
v -0.067322 -0.163103 0.128686
vn -0.476373 0.078170 0.875761
v -0.063328 -0.154789 0.130391
vn -0.457663 0.793660 0.400810
v -0.057817 0.265675 -0.014051
vn -0.034700 0.807236 0.589208
v -0.080442 0.226962 0.037253
vn 0.008310 0.775353 0.631473
v -0.078458 0.221173 0.046426
vn -0.004279 0.586726 0.809774
v -0.013724 0.116834 0.125103
vn -0.005913 0.547777 0.836603
v -0.022645 0.110710 0.129311
vn 0.003570 0.555175 0.831726
v -0.033636 0.112567 0.128058
vn -0.741752 -0.001576 0.670672
v -0.132140 0.144194 0.065997
vn -0.001838 0.200496 0.979693
v -0.040232 0.083550 0.141548
vn -0.981550 -0.159691 0.105163
v -0.121244 0.037162 0.043382
vn -0.988220 -0.130859 0.079353
v -0.122001 0.036633 0.034672
vn -0.021086 -0.440023 0.897739
v -0.013613 0.049903 0.135467
vn -0.947015 -0.160347 0.278300
v -0.114921 0.014231 0.055476
vn -0.881267 -0.251800 0.399957
v -0.108457 0.016072 0.073979
vn -0.543551 -0.142998 0.827106
v -0.078675 -0.017680 0.093162
vn -0.953924 0.299331 -0.020743
v -0.124011 -0.031372 0.010223
vn -0.328610 0.054922 0.942868
v -0.037175 -0.029500 0.109907
vn -0.880230 0.339760 0.331297
v -0.133339 -0.064055 0.034330
vn -0.925278 0.378637 -0.022237
v -0.142012 -0.072757 0.005008
vn -0.262107 0.096167 0.960235
v -0.027192 -0.030264 0.113299
vn -0.542127 0.167752 0.823382
v -0.077772 -0.129357 0.117852
vn -0.453716 0.324508 0.829962
v -0.053676 -0.077912 0.117280
vn -0.175700 0.288838 0.941117
v -0.026658 -0.079521 0.127821
vn -0.103887 0.161542 0.981383
v -0.025428 -0.122729 0.137552
vn -0.497395 0.221191 0.838852
v -0.064677 -0.113279 0.122354
vn -0.942785 -0.294976 0.155388
v -0.128393 0.077545 0.060283
vn -0.710971 -0.141945 0.688746
v -0.096877 -0.019362 0.078077
vn -0.935446 -0.012599 0.353246
v -0.113106 -0.011291 0.054496
vn -0.478307 0.205350 0.853847
v -0.083553 -0.071590 0.097841
vn -0.508432 0.237228 0.827780
v -0.083252 -0.082585 0.100905
vn -0.319676 -0.083420 0.943848
v -0.056736 -0.024992 0.103546
vn -0.337436 0.135117 0.931601
v -0.049671 -0.137760 0.134742
vn -0.165185 0.099452 0.981236
v -0.033113 -0.158523 0.141420
vn -0.134953 0.095976 0.986193
v -0.028612 -0.167945 0.142988
vn -0.100934 0.110763 0.988708
v -0.024747 -0.159152 0.142529
vn -0.917040 -0.364023 0.162863
v -0.130190 0.077592 0.050380
vn -0.889761 0.152615 0.430156
v -0.124073 0.102701 0.085876
vn -0.025409 -0.250803 0.967705
v -0.039942 0.064945 0.141189
vn -0.977818 0.073297 0.196214
v -0.118789 -0.016296 0.034710
vn -0.629458 0.158900 0.760614
v -0.083974 -0.039416 0.089792
vn -0.938722 0.335842 0.077529
v -0.144023 -0.078357 0.012648
vn -0.958633 0.276249 0.068633
v -0.146632 -0.086250 0.011163
vn -0.891152 0.067440 0.448665
v -0.119802 0.105742 0.093116
vn -0.983294 -0.125242 0.132090
v -0.123430 0.064242 0.081952
vn -0.397167 0.219813 0.891034
v -0.062288 -0.053365 0.103391
vn -0.815599 0.288227 0.501720
v -0.129090 -0.071649 0.049603
vn -0.060657 -0.074151 0.995401
v -0.065556 0.072930 0.141903
vn -0.020757 0.035235 0.999164
v -0.057949 0.077141 0.142328
vn -0.841017 0.268822 0.469495
v -0.138824 -0.091959 0.043189
vn -0.158008 -0.417608 0.894783
v -0.072414 0.057942 0.137479
vn -0.203986 -0.609368 0.766199
v -0.076713 0.044577 0.127381
vn -0.298080 -0.557494 0.774821
v -0.085873 0.049498 0.128024
vn -0.434995 -0.190339 0.880085
v -0.091985 0.068704 0.134842
vn -0.957479 -0.284995 0.044866
v -0.127412 0.060578 0.023212
vn -0.122073 -0.477648 0.870029
v -0.043692 0.030712 0.122401
vn -0.824185 -0.490529 0.283020
v -0.113937 0.039063 0.088128
vn -0.996255 -0.062040 0.060222
v -0.120251 0.011019 0.024594
vn -0.322153 -0.293992 0.899881
v -0.061071 0.010107 0.109273
vn -0.595467 0.215622 0.773904
v -0.103803 -0.119489 0.097105
vn -0.607916 0.202435 0.767762
v -0.114088 -0.134218 0.093005
vn -0.063158 0.223886 0.972567
v -0.001779 -0.092226 0.133364
vn -0.066603 0.251618 0.965532
v -0.007973 -0.081987 0.130485
vn -0.267146 0.157249 0.950740
v -0.042794 -0.128988 0.135523
vn -0.205701 0.131685 0.969715
v -0.037928 -0.140652 0.138381
vn 0.018448 0.730831 0.682310
v -0.006836 0.166457 0.090450
vn -0.199449 0.272520 0.941251
v -0.103980 0.206233 0.054526
vn -0.493316 0.097185 0.864404
v -0.139481 0.201247 0.049899
vn -0.028151 0.245480 0.968993
v -0.024250 0.086445 0.140985
vn -0.017622 0.015004 0.999732
v -0.020109 0.075754 0.142634
vn -0.008007 -0.339684 0.940506
v -0.012610 0.059127 0.139470
vn -0.572511 0.229719 0.787058
v -0.092207 -0.109069 0.102782
vn -0.474245 0.286492 0.832475
v -0.068131 -0.071418 0.106228
vn -0.499750 0.114569 0.858559
v -0.067591 -0.143950 0.126802
vn 0.016180 0.636272 0.771295
v -0.028200 0.177372 0.081063
vn -0.076410 -0.232074 0.969692
v -0.008502 0.014749 0.120860
vn -0.368664 -0.233651 0.899719
v -0.063342 0.000394 0.105717
vn -0.101669 0.121708 0.987345
v -0.006763 -0.030347 0.116821
vn -0.762623 -0.086765 0.640998
v -0.101859 -0.024384 0.071590
vn -0.904421 0.284116 0.318278
v -0.122452 -0.039747 0.040443
vn -0.069832 0.206789 0.975890
v -0.011292 -0.098991 0.134266
vn -0.169906 0.213353 0.962088
v -0.030982 -0.102560 0.132984
vn -0.397169 0.311861 0.863134
v -0.043176 -0.055396 0.113846
vn -0.962260 -0.195399 0.189408
v -0.125577 0.078752 0.078475
vn -0.285735 -0.641575 0.711855
v -0.080295 0.031861 0.114503
vn -0.360731 0.108371 0.926352
v -0.065178 -0.043492 0.100644
vn -0.560435 0.215630 0.799635
v -0.086654 -0.114873 0.108390
vn -0.550376 0.240519 0.799523
v -0.083709 -0.105509 0.107769
vn -0.700159 0.274920 0.658937
v -0.135149 -0.142302 0.077155
vn -0.203338 0.219202 0.954256
v -0.021835 -0.040206 0.116386
vn -0.193591 0.309342 0.931037
v -0.023359 -0.059632 0.121966
vn -0.318220 0.186797 0.929432
v -0.046220 -0.118306 0.132459
vn 0.008634 0.541354 0.840751
v -0.029901 0.144811 0.105279
vn -0.029503 0.588269 0.808127
v -0.059356 0.123056 0.120747
vn -0.894640 -0.424775 0.138510
v -0.132054 0.078302 0.041385
vn -0.562925 -0.299092 0.770493
v -0.088994 0.003595 0.092102
vn -0.965927 0.025078 0.257597
v -0.116613 -0.011648 0.043245
vn -0.775613 0.309189 0.550297
v -0.143408 -0.143031 0.067368
vn -0.847925 0.323129 0.420252
v -0.129077 -0.063782 0.043789
vn -0.249491 0.088074 0.964364
v -0.041017 -0.157663 0.139674
vn 0.004703 0.577397 0.816450
v -0.048128 0.121435 0.121954
vn -0.782044 -0.158082 0.602841
v -0.102957 -0.014286 0.072379
vn -0.477643 -0.126743 0.869364
v -0.069992 -0.017428 0.098539
vn -0.811106 0.279529 0.513780
v -0.120335 -0.052542 0.052315
vn -0.694563 0.315261 0.646678
v -0.108882 0.109587 0.111035
vn -0.688992 0.261099 0.676104
v -0.104903 0.091506 0.123224
vn -0.779047 0.356141 0.515994
v -0.124729 -0.094845 0.067925
vn -0.099260 0.514922 0.851471
v -0.069616 0.107197 0.131035
vn 0.004492 0.511880 0.859045
v -0.040372 0.106553 0.131933
vn -0.788379 0.369047 0.492202
v -0.129596 -0.100335 0.064471
vn -0.534485 0.250169 0.807305
v -0.083970 -0.090487 0.102853
vn -0.187358 0.304623 0.933864
v -0.025115 -0.070317 0.125170
vn -0.262978 0.323668 0.908890
v -0.031644 -0.065019 0.121748
vn 0.003894 0.506641 0.862148
v -0.049968 0.107040 0.131722
vn -0.065145 0.566140 0.821731
v -0.060170 0.131860 0.114229
vn -0.696035 0.206647 0.687628
v -0.124362 -0.114219 0.077993
vn -0.017372 0.506529 0.862048
v -0.059502 0.107025 0.131796
vn -0.041245 -0.477032 0.877917
v -0.023957 0.046315 0.133141
vn -0.032988 -0.471077 0.881475
v -0.032110 0.051083 0.135410
vn -0.203125 -0.164474 0.965240
v -0.028987 -0.002778 0.114597
vn -0.323728 -0.023369 0.945862
v -0.085171 0.076221 0.138601
vn -0.399051 0.503819 0.766110
v -0.092123 0.108793 0.123510
vn -0.728160 -0.351413 0.588466
v -0.109319 0.056545 0.116585
vn -0.995674 0.083870 0.040003
v -0.120721 -0.014102 0.017314
vn -0.881849 0.358075 0.306797
v -0.153807 -0.144272 0.048007
vn -0.552235 0.108388 0.826613
v -0.087379 -0.150974 0.114932
vn -0.569397 0.168586 0.804591
v -0.093215 -0.129916 0.107315
vn -0.577840 0.183264 0.795308
v -0.101540 -0.128653 0.101102
vn 0.007840 0.564990 0.825060
v -0.012292 0.130828 0.114784
vn 0.017526 0.566825 0.823652
v -0.020011 0.133843 0.112908
vn -0.110941 -0.121850 0.986329
v -0.012360 -0.005189 0.116964
vn -0.173540 -0.106301 0.979073
v -0.020867 -0.009745 0.115221
vn -0.905941 0.410928 0.102026
v -0.133634 -0.054795 0.018230
vn 0.016613 0.567277 0.823359
v -0.030991 0.126072 0.118470
vn 0.008287 0.575552 0.817723
v -0.037619 0.119890 0.122929
vn -0.915887 0.058370 0.397169
v -0.131687 0.103795 0.069078
vn -0.910499 -0.109311 0.398802
v -0.109344 0.000727 0.065508
vn -0.014289 0.282847 0.959059
v -0.059068 0.088651 0.140239
vn -0.158594 0.251214 0.954851
v -0.027387 -0.087349 0.129937
vn -0.295877 0.114270 0.948367
v -0.045617 -0.148221 0.137387
vn -0.807609 0.363335 0.464495
v -0.134331 -0.101279 0.057096
vn -0.293070 -0.099353 0.950915
v -0.042203 -0.019306 0.108646
vn -0.268350 -0.178742 0.946594
v -0.046823 -0.008953 0.108958
vn -0.714898 0.279463 0.640954
v -0.100106 -0.058667 0.080614
vn -0.836307 0.320346 0.444938
v -0.140016 -0.102067 0.047507
vn -0.670050 -0.507035 0.542171
v -0.107540 0.048180 0.112340
vn -0.672894 0.220835 0.706007
v -0.119367 -0.107383 0.080838
vn -0.065085 0.743514 0.665546
v -0.074184 0.231025 0.032528
vn -0.968158 0.183955 0.169793
v -0.120607 -0.024638 0.030180
vn -0.939378 0.245006 0.239877
v -0.146024 -0.093652 0.027389
vn -0.115509 0.296926 0.947888
v -0.015578 -0.067422 0.125705
vn 0.018930 0.670646 0.741536
v -0.010526 0.171982 0.084889
vn -0.350108 0.383539 0.854589
v -0.087835 0.095614 0.133049
vn 0.020024 0.676839 0.735859
v -0.014285 0.162220 0.095697
vn -0.005209 0.480518 0.876969
v -0.002291 0.102262 0.134643
vn -0.917535 -0.171153 0.358938
v -0.110841 0.010632 0.065349
vn -0.508009 0.254422 0.822920
v -0.066674 -0.103472 0.118333
vn -0.367367 0.220132 0.903650
v -0.048912 -0.107844 0.129224
vn -0.302654 0.316148 0.899139
v -0.033811 -0.056830 0.118114
vn -0.197251 0.176633 0.964310
v -0.035855 -0.120442 0.135722
vn -0.029483 -0.432263 0.901266
v -0.041022 0.055578 0.137550
vn -0.234087 0.561083 0.793971
v -0.080332 0.119743 0.120427
vn -0.582640 0.223813 0.781305
v -0.098379 -0.104468 0.096802
vn -0.673593 0.284949 0.681965
v -0.099197 -0.067206 0.085644
vn -0.064790 -0.564548 0.822854
v -0.059983 0.047135 0.131775
vn -0.135435 0.187337 0.972914
v -0.028361 -0.112657 0.135440
vn -0.795699 0.236911 0.557438
v -0.128884 -0.080703 0.053820
vn -0.015225 -0.010288 0.999831
v -0.039573 0.074594 0.142506
vn -0.101398 -0.590257 0.800822
v -0.057442 0.039514 0.126298
vn -0.961650 0.220689 0.162866
v -0.151419 -0.121892 0.027148
vn 0.003420 0.429935 0.902853
v -0.036931 0.098543 0.136333
vn -0.908957 -0.359745 0.210666
v -0.118853 0.048535 0.088296
vn -0.000569 0.592500 0.805570
v -0.008324 0.124491 0.119231
vn -0.912202 0.404543 0.065062
v -0.136905 -0.061276 0.013927
vn 0.033696 0.648992 0.760048
v -0.018536 0.174708 0.082907
vn -0.870530 -0.179573 0.458182
v -0.106479 0.006110 0.073598
vn -0.561884 0.140069 0.815271
v -0.089078 -0.139742 0.112082
vn -0.450013 0.299350 0.841355
v -0.128185 0.189110 0.057734
vn -0.030877 0.689725 0.723413
v -0.059411 0.215018 0.051978
vn -0.981516 -0.178484 0.069060
v -0.122972 0.045027 0.037771
vn -0.256225 -0.545987 0.797651
v -0.069147 0.027096 0.114482
vn -0.569058 0.475036 0.671203
v -0.108162 0.127401 0.097871
vn -0.974494 -0.211276 0.075657
v -0.124289 0.058229 0.062263
vn -0.959748 -0.265653 0.091168
v -0.121904 0.050462 0.069644
vn -0.395222 0.165848 0.903490
v -0.072461 -0.051519 0.099036
vn -0.487761 0.265778 0.831535
v -0.075667 -0.077296 0.103798
vn -0.266971 -0.401810 0.875943
v -0.060016 0.019717 0.113260
vn -0.756378 0.185684 0.627227
v -0.105929 -0.044478 0.067290
vn -0.740158 0.266269 0.617468
v -0.111001 -0.061064 0.069093
vn -0.765225 0.286433 0.576530
v -0.116200 -0.057090 0.060822
vn -0.494535 0.293920 0.817953
v -0.061196 -0.085028 0.115571
vn -0.515138 0.271785 0.812875
v -0.069865 -0.093133 0.112917
vn -0.517243 0.270768 0.811877
v -0.076838 -0.086923 0.106342
vn -0.836490 0.256237 0.484383
v -0.133159 -0.078314 0.046605
vn -0.899305 0.135041 0.415951
v -0.123476 0.095894 0.091281
vn -0.786506 0.078381 0.612589
v -0.109271 -0.036491 0.062303
vn -0.758314 0.027497 0.651309
v -0.102942 -0.034553 0.069691
vn -0.962215 0.229257 0.146912
v -0.152863 -0.122511 0.018512
vn -0.219057 -0.251085 0.942852
v -0.043902 0.007982 0.113563
vn -0.438365 0.322867 0.838804
v -0.049488 -0.062862 0.113545
vn -0.014335 0.486469 0.873580
v -0.020100 0.102659 0.134221
vn -0.039224 -0.426614 0.903583
v -0.061603 0.056826 0.137620
vn -0.944612 -0.206783 0.254849
v -0.128349 0.086493 0.076038
vn -0.976877 -0.036761 0.210618
v -0.117635 -0.000425 0.039520
vn -0.530288 0.252476 0.809352
v -0.075036 -0.103348 0.112884
vn -0.534933 0.258454 0.804394
v -0.079880 -0.096205 0.107437
vn -0.712661 0.271033 0.647036
v -0.132318 -0.132123 0.075777
vn -0.007492 -0.131627 0.991271
v -0.030135 0.069407 0.142300
vn -0.754561 0.286353 0.590457
v -0.111760 -0.071973 0.072342
vn -0.085071 0.701155 0.707916
v -0.057381 0.180346 0.076180
vn -0.907579 -0.161510 0.387576
v -0.139589 0.107681 0.049711
vn -0.501372 -0.611859 0.611763
v -0.099256 0.042102 0.114516
vn -0.767460 0.282877 0.575314
v -0.138583 -0.134057 0.068994
vn -0.958527 -0.118552 0.259174
v -0.120730 0.064839 0.097191
vn -0.981060 -0.135675 0.138250
v -0.124858 0.070715 0.075455
vn -0.883013 0.276285 0.379413
v -0.145842 -0.127692 0.052991
vn -0.965641 -0.247006 0.080779
v -0.126590 0.062535 0.044425
vn -0.541669 0.087477 0.836028
v -0.085308 -0.160968 0.117408
vn -0.580581 0.174265 0.795335
v -0.107818 -0.136331 0.098263
vn -0.022177 0.386565 0.921995
v -0.017612 0.094342 0.138539
vn -0.926968 -0.066454 0.369209
v -0.134476 0.097759 0.063670
vn -0.875243 -0.163625 0.455167
v -0.150130 0.126890 0.049906
vn -0.065749 0.118313 0.990797
v -0.007924 -0.154815 0.143293
vn 0.021651 0.667196 0.744567
v -0.070923 0.214797 0.052567
vn -0.199779 0.168702 0.965209
v -0.078040 0.083601 0.139861
vn -0.807764 -0.015313 0.589308
v -0.107125 -0.027179 0.064649
vn -0.796591 0.316617 0.514972
v -0.133053 -0.108497 0.064900
vn -0.289033 0.235798 0.927825
v -0.041407 -0.100050 0.129947
vn -0.015510 0.486719 0.873421
v -0.012761 0.154768 0.101016
vn -0.996212 -0.085285 0.017001
v -0.121150 0.020447 0.019410
vn -0.081698 -0.010326 0.996604
v -0.005203 -0.020227 0.116455
vn -0.943666 0.313790 0.105027
v -0.157719 -0.137942 0.017085
vn -0.544378 0.126876 0.829189
v -0.102670 -0.158826 0.105834
vn -0.105331 -0.177517 0.978465
v -0.012464 0.005349 0.118481
vn -0.766148 0.258210 0.588511
v -0.118289 -0.075537 0.065644
vn -0.385373 0.545773 0.744056
v -0.091619 0.117090 0.117778
vn -0.372568 0.316380 0.872409
v -0.044676 -0.080421 0.122709
vn -0.784807 0.145900 0.602322
v -0.110369 0.083514 0.119289
vn -0.965605 -0.259701 0.012712
v -0.126674 0.057106 0.014181
vn -0.972873 -0.133289 0.189080
v -0.118436 0.018671 0.044217
vn -0.113482 0.966253 -0.231250
v -0.141308 0.258334 -0.034677
vn 0.019242 0.293320 -0.955821
v -0.004482 0.219585 -0.098565
vn 0.004227 0.335534 -0.942019
v -0.009411 0.244951 -0.090489
vn -0.049421 0.390731 -0.919177
v -0.006951 0.263197 -0.083513
vn -0.023861 0.360776 -0.932347
v -0.007867 0.254214 -0.087078
vn -0.066195 0.412065 -0.908747
v -0.006661 0.270925 -0.080176
vn 0.020952 0.217811 -0.975766
v -0.013362 0.197108 -0.105087
vn 0.017341 -0.044472 -0.998860
v -0.008136 0.125250 -0.110466
vn 0.031866 -0.217271 -0.975591
v -0.010321 0.089162 -0.104807
vn -0.321758 -0.798891 -0.508178
v -0.162437 0.117582 -0.058400
vn -0.825697 -0.563530 0.025639
v -0.137576 0.080975 0.005425
vn -0.931838 -0.361853 0.027208
v -0.129762 0.066626 0.014724
vn -0.982230 -0.187663 0.002607
v -0.124604 0.047542 0.011214
vn -0.030135 -0.034334 -0.998956
v -0.015702 -0.013708 -0.093651
vn -0.574059 0.268859 -0.773415
v -0.121161 -0.151469 -0.086019
vn -0.440640 0.204496 -0.874081
v -0.105138 -0.150608 -0.095631
vn -0.345376 0.208201 -0.915078
v -0.096023 -0.153071 -0.100279
vn -0.100883 0.170046 -0.980259
v -0.065547 -0.158957 -0.108223
vn -0.006695 0.109318 -0.993984
v -0.025539 -0.158953 -0.110035
vn 0.008706 0.140648 -0.990021
v -0.018813 -0.164174 -0.110714
vn 0.034387 0.147515 -0.988462
v -0.009979 -0.163333 -0.110353
vn -0.903208 0.429085 -0.010106
v -0.134345 -0.055372 0.008581
vn -0.877590 0.426106 -0.219704
v -0.128272 -0.048922 -0.010052
vn -0.946829 0.316608 -0.057215
v -0.146593 -0.085743 -0.002313
vn -0.902449 0.263757 -0.340615
v -0.152211 -0.140283 -0.040752
vn -0.933139 0.256622 -0.251786
v -0.154972 -0.139535 -0.031570
vn -0.975290 0.217778 -0.037184
v -0.151980 -0.106263 -0.005698
vn -0.958218 0.284760 -0.027009
v -0.159261 -0.139976 -0.002847
vn -0.953609 0.300655 -0.015360
v -0.161294 -0.146192 -0.000544
vn -0.596075 -0.786036 -0.163835
v -0.156877 0.103563 -0.031000
vn 0.054766 0.269856 -0.961342
v -0.021705 0.212822 -0.101361
vn -0.474810 -0.416514 -0.775288
v -0.129843 0.116770 -0.081277
vn -0.945813 -0.324693 -0.003609
v -0.128326 0.062606 0.007769
vn -0.961694 -0.116856 -0.247972
v -0.114902 0.011416 -0.028647
vn -0.632056 0.281423 -0.722016
v -0.127902 -0.147734 -0.079220
vn -0.068782 0.088658 -0.993684
v -0.009635 -0.124519 -0.109404
vn -0.258634 0.823483 -0.504959
v -0.137818 0.249223 -0.059144
vn -0.332906 0.540675 -0.772557
v -0.030276 0.275330 -0.072879
vn -0.219270 0.431617 -0.875001
v -0.105931 0.225595 -0.089085
vn 0.009606 0.088694 -0.996013
v -0.012298 0.171879 -0.108665
vn 0.012732 0.055692 -0.998367
v -0.017220 0.154416 -0.110064
vn -0.154217 0.383321 -0.910649
v -0.074970 0.225711 -0.095915
vn -0.313800 -0.045802 -0.948384
v -0.109206 0.153959 -0.099105
vn -0.960735 -0.244683 -0.130834
v -0.124122 0.055716 -0.028381
vn 0.018746 -0.157544 -0.987334
v -0.016775 0.051326 -0.097265
vn -0.976282 -0.099117 -0.192480
v -0.116840 0.010339 -0.019360
vn -0.161550 -0.056348 -0.985255
v -0.043530 0.013980 -0.091801
vn -0.136332 -0.044056 -0.989683
v -0.036018 0.006735 -0.092585
vn -0.908267 0.383672 -0.166873
v -0.125960 -0.040883 -0.003390
vn -0.060249 0.465012 -0.883252
v -0.046186 0.240307 -0.092152
vn -0.220816 0.082745 -0.971799
v -0.094719 0.175664 -0.102456
vn -0.240962 0.045884 -0.969449
v -0.104465 0.172238 -0.100303
vn -0.248447 0.004303 -0.968636
v -0.112623 0.168429 -0.098362
vn -0.290515 0.018794 -0.956686
v -0.099548 0.156326 -0.102265
vn -0.545277 -0.371035 -0.751669
v -0.115838 0.103054 -0.083408
vn -0.658190 -0.602918 -0.450861
v -0.135945 0.098282 -0.059243
vn -0.121825 -0.152798 -0.980720
v -0.063526 0.110779 -0.109653
vn -0.441861 -0.528129 -0.725147
v -0.147446 0.123159 -0.074461
vn -0.694923 -0.710391 -0.111475
v -0.146713 0.093034 -0.021578
vn -0.214951 -0.064553 -0.974489
v -0.052706 0.010146 -0.089841
vn -0.612304 -0.150539 -0.776158
v -0.086358 0.012422 -0.075817
vn -0.995117 0.089182 -0.042284
v -0.120795 -0.014857 0.007057
vn -0.066075 0.044319 -0.996830
v -0.017156 -0.029164 -0.093442
vn -0.171599 0.069361 -0.982722
v -0.050052 -0.131751 -0.107162
vn -0.720688 0.188562 -0.667123
v -0.097959 -0.057494 -0.065173
vn -0.239749 0.433373 -0.868740
v -0.094608 -0.095542 -0.082708
vn -0.862062 0.222141 -0.455525
v -0.145496 -0.128476 -0.049177
vn -0.905405 0.219651 -0.363311
v -0.148116 -0.123541 -0.041001
vn -0.929589 0.218485 -0.296865
v -0.151631 -0.130809 -0.035586
vn -0.292611 -0.365660 -0.883556
v -0.152956 0.141748 -0.081916
vn -0.225628 0.504275 -0.833546
v -0.101197 0.234325 -0.085686
vn -0.230068 0.514026 -0.826345
v -0.112466 0.233417 -0.083014
vn -0.002322 0.185693 -0.982605
v -0.048202 0.202094 -0.105323
vn -0.055080 0.161522 -0.985331
v -0.054979 0.194619 -0.106456
vn -0.040241 0.450529 -0.891854
v -0.037022 0.244193 -0.090494
vn 0.013993 0.378345 -0.925559
v -0.028338 0.238383 -0.093258
vn 0.049281 0.208271 -0.976829
v -0.039846 0.204743 -0.104551
vn -0.176125 -0.124361 -0.976480
v -0.069112 0.116532 -0.109714
vn -0.251494 0.053559 -0.966376
v -0.090760 0.158320 -0.104682
vn -0.833321 -0.163575 -0.528033
v -0.102804 0.007763 -0.055239
vn -0.759037 -0.268687 -0.593018
v -0.107695 0.043564 -0.064874
vn -0.239823 -0.065413 -0.968610
v -0.054016 -0.002107 -0.088773
vn -0.151963 0.318355 -0.935712
v -0.041325 -0.082896 -0.097007
vn -0.140355 0.163259 -0.976549
v -0.018545 -0.092127 -0.103192
vn -0.259794 0.190721 -0.946643
v -0.034266 -0.074467 -0.096466
vn -0.316830 0.262603 -0.911405
v -0.100078 -0.120802 -0.093249
vn 0.068067 0.287553 -0.955343
v -0.029612 0.218969 -0.100128
vn -0.179085 0.010840 -0.983774
v -0.071750 0.135807 -0.110081
vn -0.093941 -0.003610 -0.995571
v -0.063494 0.131781 -0.111288
vn 0.001386 -0.238713 -0.971089
v -0.040826 0.086109 -0.104990
vn 0.027010 -0.214716 -0.976303
v -0.032773 0.093055 -0.106444
vn -0.357658 -0.205586 -0.910942
v -0.074519 0.036069 -0.087157
vn -0.185445 -0.059562 -0.980848
v -0.044066 -0.006838 -0.090607
vn -0.683938 -0.161523 -0.711434
v -0.087905 -0.004174 -0.070685
vn -0.654704 0.038766 -0.754891
v -0.090844 -0.020604 -0.066008
vn -0.298649 0.106336 -0.948421
v -0.044304 -0.056311 -0.090788
vn -0.671854 0.191945 -0.715381
v -0.121154 -0.133254 -0.080260
vn 0.057944 0.298613 -0.952614
v -0.020853 0.222776 -0.098319
vn 0.042314 0.193899 -0.980109
v -0.031737 0.198123 -0.105387
vn 0.033615 0.092634 -0.995133
v -0.038295 0.171040 -0.109297
vn -0.208917 0.413676 -0.886130
v -0.095597 0.226422 -0.091278
vn -0.482659 -0.233092 -0.844221
v -0.084068 0.037618 -0.082960
vn -0.285244 -0.132164 -0.949299
v -0.077231 0.117338 -0.107782
vn -0.194570 0.348199 -0.917006
v -0.065399 -0.073868 -0.090682
vn -0.439803 0.054320 -0.896450
v -0.073379 -0.037001 -0.078985
vn -0.336264 -0.237843 -0.911239
v -0.076712 0.062016 -0.092537
vn -0.348418 -0.267704 -0.898298
v -0.078519 0.072104 -0.094706
vn -0.190257 -0.051875 -0.980363
v -0.149947 0.177935 -0.090740
vn -0.197895 -0.070792 -0.977664
v -0.141439 0.174452 -0.092112
vn 0.018266 -0.102901 -0.994524
v -0.014016 0.117131 -0.109943
vn -0.290632 -0.194223 -0.936915
v -0.137599 0.150714 -0.089612
vn -0.256560 -0.142710 -0.955935
v -0.136204 0.160120 -0.091656
vn -0.260233 -0.205787 -0.943361
v -0.068670 0.044018 -0.090836
vn -0.239399 -0.179051 -0.954269
v -0.064537 0.034728 -0.089994
vn -0.985922 -0.157935 -0.054910
v -0.122402 0.036819 -0.004492
vn -0.687086 0.306508 -0.658761
v -0.136726 -0.154163 -0.073747
vn -0.216018 0.202809 -0.955094
v -0.082822 -0.135633 -0.100814
vn -0.161457 0.161570 -0.973564
v -0.065693 -0.143561 -0.105549
vn -0.748068 0.243971 -0.617149
v -0.135664 -0.127630 -0.063327
vn -0.819194 0.249176 -0.516558
v -0.128895 -0.101601 -0.060581
vn -0.950716 0.222160 -0.216294
v -0.150603 -0.110859 -0.023304
vn -0.955712 0.247694 -0.158944
v -0.150179 -0.102836 -0.015746
vn -0.654607 -0.654917 -0.377588
v -0.140038 0.096931 -0.050537
vn -0.006063 -0.233414 -0.972359
v -0.038694 0.078222 -0.103065
vn -0.942722 -0.326873 -0.066558
v -0.127747 0.063227 -0.011367
vn -0.484810 0.177260 -0.856468
v -0.076383 -0.087377 -0.089521
vn -0.819770 0.403717 -0.406190
v -0.122787 -0.054432 -0.038946
vn -0.251720 0.869784 -0.424397
v -0.076157 0.259822 -0.063478
vn 0.058115 0.268758 -0.961453
v -0.038655 0.215082 -0.101954
vn -0.171615 0.115158 -0.978410
v -0.124313 0.193989 -0.094917
vn -0.070659 0.053863 -0.996045
v -0.059498 0.150046 -0.110989
vn -0.185942 0.033698 -0.981983
v -0.123281 0.182947 -0.095858
vn -0.477314 -0.267857 -0.836914
v -0.099054 0.107020 -0.095739
vn -0.043376 0.078526 -0.995968
v -0.039563 -0.151027 -0.108999
vn -0.200290 -0.029495 -0.979293
v -0.131389 0.176403 -0.094283
vn 0.014758 0.124649 -0.992091
v -0.022751 0.183142 -0.107605
vn 0.038685 0.037877 -0.998533
v -0.042078 0.146152 -0.111177
vn -0.016945 -0.000277 -0.999856
v -0.054832 0.134301 -0.111682
vn 0.029333 0.007720 -0.999540
v -0.044865 0.137357 -0.111509
vn -0.585895 -0.452130 -0.672536
v -0.123420 0.101167 -0.076317
vn -0.890384 -0.452173 -0.052494
v -0.131488 0.071165 -0.006316
vn -0.260497 -0.091117 -0.961166
v -0.061014 0.016826 -0.088323
vn -0.980451 -0.131064 -0.146758
v -0.118726 0.018828 -0.014153
vn -0.990743 -0.125885 -0.050803
v -0.121523 0.028422 0.001614
vn -0.942064 0.006386 -0.335373
v -0.111539 -0.015631 -0.032800
vn -0.139168 0.045321 -0.989231
v -0.027029 -0.031200 -0.092429
vn -0.785234 0.301897 -0.540616
v -0.134444 -0.106476 -0.054905
vn -0.789889 0.289682 -0.540518
v -0.139093 -0.114565 -0.052933
vn -0.446576 -0.251356 -0.858714
v -0.112476 0.122045 -0.092867
vn -0.202310 0.648155 -0.734143
v -0.073168 0.245998 -0.083594
vn -0.178466 0.192523 -0.964927
v -0.089806 0.203761 -0.099732
vn -0.175577 0.136850 -0.974908
v -0.082284 0.190388 -0.103251
vn -0.299022 0.002836 -0.954242
v -0.094024 0.148019 -0.104146
vn -0.845535 -0.229273 -0.482187
v -0.115172 0.056222 -0.059240
vn 0.027697 -0.213251 -0.976605
v -0.021441 0.075384 -0.102041
vn 0.011943 -0.218025 -0.975870
v -0.031545 0.072865 -0.101745
vn -0.149677 -0.287149 -0.946120
v -0.060375 0.083463 -0.103000
vn -0.952944 -0.217515 -0.211152
v -0.117680 0.029240 -0.030857
vn -0.173809 -0.189530 -0.966369
v -0.058222 0.042255 -0.092709
vn -0.952281 -0.090544 -0.291485
v -0.113014 0.005009 -0.033155
vn -0.196292 0.164122 -0.966713
v -0.026222 -0.053593 -0.095711
vn -0.284242 0.122569 -0.950886
v -0.034302 -0.057951 -0.094217
vn -0.807211 0.341766 -0.481255
v -0.136694 -0.098358 -0.046472
vn -0.013503 -0.228285 -0.973501
v -0.051265 0.097637 -0.107853
vn -0.212561 0.251046 -0.944349
v -0.076932 -0.126291 -0.099745
vn -0.166349 0.194752 -0.966643
v -0.075521 -0.156797 -0.106456
vn -0.277599 -0.069830 -0.958156
v -0.079653 0.126709 -0.108045
vn -0.188274 0.322774 -0.927561
v -0.090287 0.218129 -0.095756
vn -0.527736 -0.228173 -0.818188
v -0.092434 0.058140 -0.083700
vn -0.168746 0.096673 -0.980907
v -0.073120 0.164861 -0.107957
vn -0.184868 0.071426 -0.980164
v -0.074749 0.154397 -0.108607
vn -0.249347 0.007615 -0.968384
v -0.046886 -0.035019 -0.088621
vn -0.891984 -0.010796 -0.451939
v -0.105310 -0.022427 -0.048298
vn -0.398772 0.510169 -0.762042
v -0.111510 -0.074338 -0.065749
vn -0.876894 0.391117 -0.279438
v -0.142326 -0.083208 -0.020664
vn -0.080359 0.987564 -0.135129
v -0.110263 0.258828 -0.035724
vn 0.000224 0.245051 -0.969510
v -0.047884 0.211219 -0.103413
vn -0.486760 -0.295939 -0.821879
v -0.094075 0.092903 -0.093807
vn -0.234445 -0.048988 -0.970894
v -0.048922 -0.024589 -0.088451
vn -0.246302 0.124585 -0.961152
v -0.051210 -0.121005 -0.105832
vn -0.847200 0.391628 -0.358999
v -0.132246 -0.073488 -0.032214
vn -0.602310 -0.221798 -0.766831
v -0.098658 0.066193 -0.081459
vn -0.322488 0.100870 -0.941184
v -0.061053 -0.051680 -0.084588
vn -0.967899 -0.201115 -0.150748
v -0.120164 0.035323 -0.024839
vn -0.806184 0.190428 -0.560183
v -0.123837 -0.102095 -0.068855
vn -0.511095 -0.302639 -0.804482
v -0.100342 0.097888 -0.091792
vn -0.035221 0.987658 -0.152615
v -0.114688 0.259621 -0.026478
vn -0.034883 0.008358 -0.999356
v -0.021356 -0.137841 -0.109243
vn -0.980904 0.183206 -0.065288
v -0.155050 -0.122653 -0.009359
vn -0.112729 -0.251339 -0.961312
v -0.051520 0.067043 -0.099510
vn -0.774342 0.025549 -0.632252
v -0.099262 -0.018894 -0.057865
vn -0.886824 0.408798 -0.215470
v -0.140874 -0.075091 -0.012660
vn -0.923092 0.372583 -0.095307
v -0.143490 -0.077617 -0.003313
vn 0.014963 0.032046 -0.999374
v -0.014014 0.144028 -0.110436
vn -0.184335 0.293254 -0.938095
v -0.117972 0.210064 -0.092713
vn -0.972421 -0.203285 -0.114338
v -0.122374 0.045191 -0.022844
vn -0.856708 0.128272 -0.499597
v -0.104037 -0.037232 -0.051535
vn -0.751399 0.311658 -0.581609
v -0.108944 -0.041020 -0.045272
vn -0.847595 0.365341 -0.384848
v -0.132305 -0.081153 -0.039886
vn 0.022555 0.038271 -0.999013
v -0.025596 0.145798 -0.110578
vn 0.029051 -0.139298 -0.989824
v -0.029422 0.109578 -0.109381
vn 0.029350 -0.131914 -0.990827
v -0.037514 0.110722 -0.109798
vn -0.363112 -0.072578 -0.928915
v -0.101754 0.140352 -0.101083
vn -0.932916 -0.315819 -0.172990
v -0.125935 0.065264 -0.034029
vn -0.896538 -0.268363 -0.352421
v -0.115592 0.041055 -0.049781
vn -0.972131 -0.181810 -0.148010
v -0.119329 0.027403 -0.019699
vn -0.048200 0.269870 -0.961690
v -0.031863 -0.100986 -0.104139
vn -0.029944 0.031706 -0.999049
v -0.028498 -0.130802 -0.108847
vn -0.114744 0.530231 -0.840053
v -0.046331 0.250332 -0.086326
vn -0.349383 -0.340641 -0.872866
v -0.144523 0.137415 -0.083327
vn -0.072669 -0.165779 -0.983482
v -0.036700 0.043762 -0.095731
vn -0.821856 -0.263782 -0.504947
v -0.106303 0.024892 -0.056981
vn -0.190697 0.174080 -0.966091
v -0.097893 0.201211 -0.098627
vn -0.183202 0.146385 -0.972115
v -0.106835 0.196991 -0.097578
vn -0.038744 -0.233961 -0.971474
v -0.041514 0.070202 -0.101089
vn -0.194038 0.101243 -0.975756
v -0.080151 0.169648 -0.106144
vn 0.017760 0.010326 -0.999789
v -0.020572 0.135561 -0.110787
vn -0.807073 0.237564 -0.540552
v -0.141940 -0.133610 -0.057352
vn -0.342127 -0.093410 -0.934999
v -0.089185 0.128718 -0.104964
vn -0.979281 -0.176781 -0.098781
v -0.121511 0.036141 -0.015328
vn -0.995348 -0.050583 -0.081997
v -0.119930 0.010786 0.001824
vn -0.265894 0.811593 -0.520209
v -0.071546 0.256701 -0.071508
vn -0.187140 0.013666 -0.982238
v -0.141609 0.183558 -0.092460
vn -0.221545 -0.105867 -0.969386
v -0.137795 0.167758 -0.092286
vn -0.029001 -0.027873 -0.999191
v -0.017667 0.011605 -0.094376
vn -0.118192 0.199209 -0.972803
v -0.017038 -0.058495 -0.098161
vn -0.116275 0.167383 -0.979011
v -0.011285 -0.073844 -0.101802
vn -0.282336 0.345258 -0.895032
v -0.083770 -0.106600 -0.090980
vn -0.864639 0.423185 -0.270764
v -0.130223 -0.057096 -0.017273
vn -0.998800 -0.002353 -0.048909
v -0.120095 0.002390 0.007175
vn -0.157901 0.524665 -0.836537
v -0.033364 0.260548 -0.081649
vn -0.201789 0.270618 -0.941301
v -0.133638 0.206333 -0.090735
vn -0.316016 0.017175 -0.948598
v -0.056093 -0.042205 -0.086111
vn -0.918270 0.283080 -0.276849
v -0.147186 -0.100994 -0.026128
vn -0.196351 0.125645 -0.972450
v -0.099235 0.192141 -0.099719
vn 0.014851 -0.042036 -0.999006
v -0.048736 0.126254 -0.111435
vn -0.526599 0.117611 -0.841939
v -0.083632 -0.033723 -0.073027
vn -0.005686 0.325001 -0.945697
v -0.047238 0.221334 -0.100437
vn -0.469082 -0.469529 -0.748000
v -0.137851 0.119164 -0.077647
vn 0.031236 -0.222152 -0.974512
v -0.018856 0.083636 -0.103820
vn -0.007577 -0.059201 -0.998217
v -0.016599 0.031256 -0.095046
vn -0.253947 0.120874 -0.959635
v -0.035388 -0.049186 -0.092786
vn -0.188798 -0.010017 -0.981965
v -0.038767 -0.027777 -0.090485
vn 0.011239 0.353975 -0.935188
v -0.019150 0.241662 -0.091828
vn 0.042404 0.287450 -0.956857
v -0.013217 0.216703 -0.099744
vn -0.369499 -0.305704 -0.877505
v -0.135938 0.134433 -0.085777
vn -0.654499 0.255444 -0.711604
v -0.126319 -0.139739 -0.077593
vn -0.989067 -0.146145 -0.019718
v -0.122983 0.037883 0.006677
vn -0.793863 -0.474811 -0.379916
v -0.128616 0.084326 -0.053523
vn -0.982290 -0.184770 -0.031095
v -0.124158 0.046101 0.000479
vn -0.237411 0.317381 -0.918099
v -0.081111 -0.116553 -0.095632
vn -0.895439 -0.263058 -0.359151
v -0.120278 0.061861 -0.052077
vn -0.102036 -0.044156 -0.993800
v -0.025507 -0.012299 -0.093037
vn -0.309628 -0.027876 -0.950449
v -0.056609 -0.031538 -0.086035
vn -0.169311 -0.271598 -0.947401
v -0.060634 0.072945 -0.099835
vn -0.158329 0.235893 -0.958794
v -0.075449 0.209991 -0.100864
vn -0.316235 -0.275117 -0.907913
v -0.077194 0.095858 -0.102802
vn -0.417321 -0.285087 -0.862884
v -0.086683 0.093329 -0.098004
vn -0.003885 0.036813 -0.999315
v -0.051279 0.145892 -0.111448
vn -0.211640 0.488149 -0.846711
v -0.121950 0.227613 -0.083921
vn -0.099176 0.159609 -0.982186
v -0.013162 -0.100556 -0.105139
vn -0.073292 0.101632 -0.992119
v -0.049693 -0.151227 -0.108471
vn -0.112454 0.429868 -0.895862
v -0.014711 0.268191 -0.080591
vn -0.625037 -0.223467 -0.747925
v -0.099912 0.057728 -0.078164
vn 0.004765 -0.113857 -0.993486
v -0.016594 0.041325 -0.095855
vn -0.994217 0.046206 -0.096939
v -0.119906 -0.006612 0.001375
vn -0.198450 0.449865 -0.870769
v -0.130230 0.221629 -0.085376
vn 0.020879 0.084676 -0.996190
v -0.045749 0.164150 -0.110184
vn -0.414977 -0.239338 -0.877788
v -0.118342 0.129007 -0.091968
vn -0.425322 -0.360958 -0.829946
v -0.132580 0.125047 -0.083683
vn -0.884566 -0.414981 -0.212915
v -0.128485 0.073581 -0.037285
vn -0.294239 -0.077774 -0.952562
v -0.061833 0.006034 -0.087254
vn -0.146413 -0.054187 -0.987738
v -0.034960 -0.009987 -0.091926
vn -0.213328 0.259837 -0.941794
v -0.089366 -0.125516 -0.096999
vn -0.707982 -0.239808 -0.664269
v -0.104962 0.052313 -0.071620
vn -0.330857 -0.045519 -0.942582
v -0.092054 0.137639 -0.104587
vn -0.437040 -0.241986 -0.866279
v -0.085385 0.064987 -0.089584
vn -0.215999 0.540094 -0.813415
v -0.130907 0.230653 -0.079815
vn 0.037383 0.024267 -0.999006
v -0.035635 0.141105 -0.111030
vn -0.925349 0.314491 -0.211718
v -0.146741 -0.092652 -0.018228
vn -0.595058 -0.723268 -0.350414
v -0.146858 0.101270 -0.047435
vn -0.130713 0.147690 -0.980358
v -0.064991 0.190242 -0.106111
vn -0.135617 0.122964 -0.983101
v -0.065413 0.180578 -0.107351
vn -0.047807 -0.030158 -0.998401
v -0.019241 0.001956 -0.094024
vn -0.269454 -0.018082 -0.962844
v -0.082669 0.135807 -0.107557
vn -0.857541 0.323418 -0.400031
v -0.143269 -0.101408 -0.036949
vn -0.758917 0.269501 -0.592802
v -0.134828 -0.117178 -0.059912
vn -0.890003 0.257471 -0.376302
v -0.146090 -0.112986 -0.039158
vn 0.004179 -0.183749 -0.982964
v -0.025704 0.056770 -0.098364
vn -0.680943 0.153056 -0.716163
v -0.092780 -0.053967 -0.070921
vn -0.150879 0.190899 -0.969945
v -0.071743 0.203181 -0.102906
vn -0.121544 0.177914 -0.976511
v -0.064345 0.199902 -0.104625
vn -0.140368 -0.203756 -0.968907
v -0.052661 0.048723 -0.094854
vn -0.537045 -0.310855 -0.784188
v -0.099482 0.088345 -0.088587
vn -0.013173 0.130363 -0.991379
v -0.050200 0.184290 -0.108112
vn 0.026038 0.117907 -0.992683
v -0.040306 0.181303 -0.108323
vn 0.033846 -0.193010 -0.980613
v -0.015294 0.099610 -0.107237
vn -0.068243 -0.037296 -0.996971
v -0.025396 0.018642 -0.094199
vn -0.295983 0.924309 -0.240931
v -0.067944 0.268338 -0.049091
vn -0.008328 -0.106061 -0.994325
v -0.052972 0.114706 -0.110740
vn 0.024111 -0.160175 -0.986794
v -0.045737 0.106015 -0.109372
vn 0.029188 -0.178586 -0.983491
v -0.035762 0.102313 -0.108392
vn -0.787765 -0.228576 -0.571996
v -0.110591 0.051774 -0.064481
vn -0.048299 0.095855 -0.994223
v -0.055334 0.166914 -0.109916
vn -0.787487 -0.326093 -0.522999
v -0.118196 0.074373 -0.063947
vn 0.012832 0.079609 -0.996744
v -0.019413 0.164644 -0.109358
vn 0.025751 0.084676 -0.996076
v -0.028893 0.167717 -0.109255
vn 0.013726 0.094657 -0.995415
v -0.021551 0.174082 -0.108567
vn -0.238822 0.277148 -0.930673
v -0.065267 -0.060157 -0.084851
vn -0.388517 -0.223158 -0.894011
v -0.078951 0.045328 -0.087659
vn -0.960550 -0.224840 -0.163681
v -0.121876 0.049026 -0.033044
vn -0.998673 -0.049762 -0.013238
v -0.120464 0.011292 0.013211
vn -0.688655 -0.722898 -0.056321
v -0.149742 0.095103 -0.013240
vn -0.575802 0.155992 -0.802570
v -0.081265 -0.080065 -0.084782
vn -0.886359 -0.454208 -0.089791
v -0.130893 0.071903 -0.017097
vn -0.278468 0.068958 -0.957967
v -0.045110 -0.045329 -0.089577
vn -0.179147 0.224100 -0.957959
v -0.125532 0.203545 -0.093121
vn -0.497801 -0.126262 -0.858051
v -0.078234 0.006829 -0.080405
vn -0.372992 -0.178889 -0.910426
v -0.119508 0.138034 -0.093531
vn -0.048233 -0.051780 -0.997493
v -0.023842 0.026872 -0.094621
vn -0.936294 0.281553 -0.209954
v -0.158758 -0.147990 -0.026628
vn 0.030693 -0.185680 -0.982131
v -0.025902 0.100632 -0.107811
vn 0.028157 -0.148309 -0.988540
v -0.019799 0.108702 -0.108992
vn -0.323826 -0.076791 -0.942995
v -0.063254 -0.002834 -0.086058
vn -0.584503 -0.257837 -0.769335
v -0.092895 0.039240 -0.077620
vn -0.523812 0.135253 -0.841028
v -0.107381 -0.128143 -0.091123
vn -0.248136 0.193571 -0.949188
v -0.066441 -0.126693 -0.102286
vn -0.897039 0.431105 -0.097314
v -0.135210 -0.058150 0.000737
vn -0.969400 -0.079364 -0.232304
v -0.114818 0.002382 -0.025205
vn -0.188417 0.398721 -0.897508
v -0.085116 0.226467 -0.093645
vn -0.728347 -0.276715 -0.626848
v -0.111783 0.070838 -0.070470
vn -0.215756 0.445262 -0.869017
v -0.114424 0.224526 -0.087497
vn 0.007530 0.107974 -0.994125
v -0.015492 0.179390 -0.107999
vn -0.059204 0.148828 -0.987089
v -0.014646 -0.117483 -0.108014
vn 0.028138 -0.081866 -0.996246
v -0.033021 0.118693 -0.110549
vn 0.345619 -0.854620 -0.387520
v 0.194042 0.134881 -0.043696
vn 0.234784 -0.965247 -0.114781
v 0.208642 0.135623 -0.028521
vn 0.270002 0.345049 -0.898911
v 0.166949 0.207068 -0.075557
vn 0.329681 0.202908 0.922030
v 0.167913 0.205572 0.039753
vn 0.398630 0.057095 0.915333
v 0.165609 0.189040 0.042771
vn 0.127796 -0.991731 0.011724
v 0.230482 0.139213 -0.025138
vn 0.533952 -0.726539 0.432477
v 0.191683 0.134259 0.013372
vn 0.333465 -0.942551 -0.019957
v 0.204076 0.133460 -0.018402
vn 0.685719 -0.576197 0.444731
v 0.183428 0.129705 0.016762
vn 0.002831 -0.847857 -0.530217
v 0.297336 0.147573 -0.051873
vn 0.040425 -0.872318 -0.487265
v 0.329948 0.146770 -0.049612
vn 0.039536 -0.978159 -0.204062
v 0.347958 0.141658 -0.033685
vn 0.070524 -0.393441 -0.916641
v 0.352664 0.171392 -0.070929
vn 0.007276 0.396846 -0.917856
v 0.379429 0.212929 -0.068978
vn -0.005672 -0.735086 -0.677951
v 0.401612 0.152938 -0.054995
vn 0.034491 -0.765043 -0.643055
v 0.411836 0.151984 -0.053656
vn 0.070691 0.991212 0.111812
v 0.533835 0.232802 -0.024020
vn -0.014775 -0.771177 -0.636450
v 0.490923 0.159713 -0.051679
vn 0.304537 -0.726757 -0.615696
v 0.535779 0.168675 -0.055486
vn 0.177188 -0.983169 0.044528
v 0.529491 0.159637 -0.029598
vn 0.138469 -0.443358 -0.885585
v 0.466939 0.168476 -0.059634
vn 0.474641 -0.106247 -0.873743
v 0.543348 0.186204 -0.060991
vn 0.277297 -0.286927 -0.916940
v 0.182917 0.163758 -0.072885
vn 0.262261 0.227349 -0.937834
v 0.171691 0.198335 -0.077148
vn -0.004216 -0.889172 -0.457554
v 0.271456 0.146162 -0.048205
vn -0.004143 -0.999954 -0.008683
v 0.257698 0.140544 -0.026558
vn 0.684516 -0.719387 0.117985
v 0.189428 0.126693 -0.005252
vn -0.013567 -0.822736 -0.568262
v 0.394167 0.147851 -0.048576
vn 0.075924 0.416228 0.906085
v 0.455086 0.220037 0.007962
vn 0.072147 -0.997394 0.000891
v 0.400449 0.140486 -0.026169
vn 0.049139 0.932005 0.359099
v 0.515298 0.232018 -0.017861
vn 0.158909 -0.976487 0.145675
v 0.497867 0.154525 -0.026990
vn 0.166751 -0.954108 0.248740
v 0.505610 0.157051 -0.022023
vn 0.026202 -0.942723 -0.332546
v 0.253135 0.143081 -0.042358
vn 0.223559 0.743129 0.630698
v 0.216226 0.228017 0.012491
vn 0.140915 0.621649 0.770516
v 0.232675 0.219414 0.016941
vn 0.320947 -0.054868 0.945507
v 0.188543 0.189750 0.034200
vn 0.221204 0.648061 0.728757
v 0.213899 0.223592 0.017619
vn 0.209339 -0.018705 0.977664
v 0.205101 0.196846 0.030228
vn 0.382650 -0.879388 0.283294
v 0.205945 0.136441 0.000331
vn 0.164132 0.876990 0.451608
v 0.498984 0.232280 -0.014761
vn 0.071446 -0.187311 -0.979699
v 0.217422 0.173971 -0.069095
vn -0.046645 -0.068449 -0.996564
v 0.268344 0.183246 -0.071245
vn 0.053591 -0.600714 0.797666
v 0.241631 0.163890 0.012815
vn 0.215309 0.950134 -0.225581
v 0.175290 0.247201 -0.026517
vn 0.264221 0.853476 0.449184
v 0.182267 0.241878 0.008813
vn -0.018305 -0.964697 -0.262727
v 0.293393 0.140974 -0.036702
vn 0.096716 -0.652983 0.751172
v 0.326857 0.157679 0.012401
vn 0.052408 -0.957589 0.283332
v 0.349132 0.142208 -0.014698
vn 0.101633 -0.948781 -0.299142
v 0.413027 0.143998 -0.039108
vn 0.031809 0.233290 0.971887
v 0.476955 0.204017 0.012177
vn 0.096704 -0.926791 -0.362914
v 0.474794 0.153793 -0.042778
vn 0.102185 -0.221157 -0.969870
v 0.526393 0.182421 -0.066259
vn 0.371164 0.629747 -0.682390
v 0.534441 0.223554 -0.053731
vn -0.060812 0.245789 -0.967414
v 0.257008 0.198011 -0.069133
vn 0.277819 0.437203 0.855377
v 0.173305 0.220931 0.032907
vn 0.249864 0.287950 0.924474
v 0.190556 0.211020 0.031774
vn 0.249425 0.415949 0.874513
v 0.199132 0.215987 0.027429
vn 0.209908 0.890462 -0.403753
v 0.184936 0.240727 -0.038720
vn 0.172480 0.932431 0.317526
v 0.228837 0.234523 -0.004123
vn 0.389103 -0.092806 0.916508
v 0.187327 0.179871 0.033699
vn -0.091760 -0.773426 0.627210
v 0.279125 0.148723 0.002009
vn -0.035543 -0.662716 0.748027
v 0.302870 0.154789 0.010863
vn -0.055276 -0.388473 -0.919801
v 0.297867 0.167272 -0.069102
vn 0.009094 -0.281759 -0.959442
v 0.404749 0.177266 -0.070067
vn 0.150870 0.011220 -0.988490
v 0.437924 0.191526 -0.069331
vn 0.074607 0.362203 0.929109
v 0.464002 0.215023 0.009315
vn 0.066543 0.955389 -0.287758
v 0.461648 0.239153 -0.034541
vn 0.157691 -0.639892 0.752111
v 0.445194 0.164422 0.001829
vn 0.208685 0.882421 0.421643
v 0.487973 0.234747 -0.014398
vn 0.181432 0.104276 -0.977859
v 0.197704 0.191251 -0.072369
vn -0.042084 -0.162370 -0.985832
v 0.283163 0.178202 -0.071386
vn -0.049330 -0.926402 0.373291
v 0.290204 0.141828 -0.007880
vn 0.073781 -0.928151 0.364818
v 0.330924 0.142387 -0.009723
vn -0.041628 -0.762258 0.645934
v 0.298240 0.149383 0.004990
vn -0.009231 0.789894 -0.613173
v 0.398218 0.231977 -0.054881
vn -0.070951 0.971755 0.225073
v 0.421491 0.241353 -0.016486
vn 0.098184 0.789822 -0.605427
v 0.444237 0.232870 -0.049333
vn 0.045292 0.851866 -0.521798
v 0.462526 0.234910 -0.043925
vn 0.163434 0.217780 -0.962217
v 0.451148 0.204294 -0.065356
vn 0.059431 -0.705875 0.705839
v 0.484193 0.167061 0.000905
vn 0.165021 -0.297855 0.940240
v 0.425578 0.178624 0.014094
vn 0.171407 -0.449346 0.876760
v 0.420990 0.170321 0.011511
vn 0.110263 -0.987538 -0.112302
v 0.492243 0.153454 -0.036005
vn 0.094729 -0.995272 -0.021438
v 0.472493 0.151193 -0.031360
vn 0.072264 -0.281368 -0.956875
v 0.370427 0.177847 -0.071702
vn 0.033980 0.251371 -0.967294
v 0.402438 0.207294 -0.070366
vn 0.027814 0.988193 -0.150667
v 0.483285 0.238544 -0.033941
vn 0.111109 0.940685 -0.320573
v 0.224221 0.235360 -0.035718
vn -0.094956 0.037663 0.994769
v 0.297357 0.188922 0.022513
vn -0.093602 0.026616 0.995254
v 0.306195 0.188258 0.023477
vn -0.029623 -0.523198 0.851696
v 0.308385 0.162452 0.016894
vn 0.033416 -0.094975 -0.994919
v 0.404280 0.187045 -0.071860
vn 0.030134 0.994462 0.100683
v 0.438298 0.241793 -0.019859
vn 0.052323 0.006370 -0.998610
v 0.414173 0.192275 -0.071797
vn 0.191478 -0.329454 0.924552
v 0.433655 0.178631 0.012437
vn -0.031366 0.855002 -0.517676
v 0.358571 0.233582 -0.050106
vn 0.083705 0.501952 0.860836
v 0.276472 0.213008 0.015577
vn -0.005615 -0.193990 0.980987
v 0.320334 0.178725 0.023580
vn 0.115158 0.662556 -0.740107
v 0.441725 0.227536 -0.055376
vn 0.058681 0.777570 -0.626053
v 0.415213 0.231644 -0.054540
vn -0.065046 0.239289 -0.968767
v 0.483547 0.209440 -0.060917
vn 0.494324 -0.109895 0.862303
v 0.184169 0.159295 0.033318
vn 0.082741 -0.993241 0.081406
v 0.237992 0.140209 -0.020876
vn -0.036966 -0.491969 -0.869827
v 0.282102 0.162183 -0.065944
vn 0.009153 -0.900513 -0.434733
v 0.312363 0.144396 -0.045768
vn 0.020312 -0.997354 -0.069803
v 0.310930 0.139235 -0.027115
vn -0.083605 0.759534 -0.645073
v 0.298192 0.224015 -0.056790
vn -0.034996 -0.888692 0.457168
v 0.377593 0.143940 -0.009583
vn -0.093044 0.369520 -0.924553
v 0.507880 0.219428 -0.061532
vn 0.490605 0.159126 -0.856729
v 0.544701 0.197323 -0.059618
vn 0.247640 0.626575 -0.738971
v 0.172263 0.225946 -0.063568
vn -0.018320 -0.829270 -0.558547
v 0.287165 0.148296 -0.052961
vn -0.027680 -0.693624 -0.719805
v 0.284175 0.154271 -0.060105
vn 0.162981 0.060327 0.984783
v 0.220861 0.199282 0.027280
vn 0.191379 -0.901905 0.387224
v 0.416299 0.146150 -0.012019
vn -0.061432 0.047792 0.996966
v 0.491491 0.194125 0.014013
vn 0.108886 -0.866103 0.487862
v 0.501800 0.161975 -0.008475
vn 0.007833 0.860119 0.510033
v 0.513147 0.227634 -0.009104
vn -0.093314 0.766378 0.635577
v 0.398230 0.229816 -0.001127
vn -0.002407 -0.457973 -0.888963
v 0.406674 0.167775 -0.066315
vn 0.015537 0.865620 -0.500460
v 0.406895 0.235177 -0.049881
vn 0.483584 0.315899 -0.816306
v 0.544789 0.208522 -0.056087
vn 0.083308 -0.373789 0.923765
v 0.234830 0.178124 0.021728
vn 0.099189 -0.483889 0.869490
v 0.229044 0.170839 0.018653
vn 0.267300 0.668495 0.694021
v 0.179657 0.232439 0.022324
vn 0.047829 -0.834522 -0.548895
v 0.346267 0.149370 -0.052191
vn 0.039470 -0.691912 0.720902
v 0.315171 0.154381 0.010496
vn 0.120647 -0.702519 -0.701364
v 0.428942 0.156046 -0.056413
vn -0.017784 0.777150 -0.629064
v 0.363261 0.229637 -0.055866
vn 0.098462 -0.344532 -0.933597
v 0.424185 0.173482 -0.068085
vn 0.193704 -0.694319 0.693109
v 0.419668 0.156175 0.001511
vn 0.164031 0.832171 0.529703
v 0.468850 0.235382 -0.007214
vn -0.036654 -0.008797 0.999289
v 0.481959 0.193715 0.013523
vn 0.006006 0.424624 0.905350
v 0.419535 0.215943 0.011573
vn -0.011887 0.546873 -0.837131
v 0.370146 0.219430 -0.065517
vn -0.050887 0.725844 -0.685975
v 0.345218 0.226375 -0.058548
vn 0.133667 0.188751 -0.972885
v 0.206668 0.196354 -0.070210
vn -0.047358 0.908153 -0.415952
v 0.277760 0.229665 -0.045435
vn 0.279275 0.900768 0.332599
v 0.197705 0.241033 0.000019
vn -0.070327 -0.242869 0.967506
v 0.282391 0.175416 0.019756
vn 0.202482 0.959478 -0.195968
v 0.193287 0.243628 -0.024453
vn 0.252061 0.959311 0.127228
v 0.202450 0.242244 -0.010037
vn 0.081644 0.700459 0.709008
v 0.250018 0.221529 0.012520
vn 0.451211 -0.083060 0.888544
v 0.185560 0.169658 0.033505
vn 0.003157 -0.999653 0.026160
v 0.301241 0.138975 -0.021922
vn 0.164017 -0.969921 -0.179869
v 0.433175 0.146431 -0.037158
vn 0.195613 -0.912517 0.359233
v 0.438511 0.149933 -0.016032
vn 0.169506 0.596813 0.784272
v 0.482464 0.221898 0.002455
vn 0.024663 0.987787 -0.153843
v 0.444298 0.241291 -0.029406
vn 0.065928 -0.858065 0.509291
v 0.470985 0.157078 -0.010228
vn 0.129160 -0.117025 -0.984694
v 0.208032 0.177758 -0.070670
vn -0.047930 0.216086 -0.975197
v 0.247086 0.196252 -0.068927
vn -0.060823 0.342768 0.937449
v 0.296182 0.204250 0.019613
vn -0.071325 0.543256 0.836532
v 0.310946 0.212824 0.016300
vn 0.011663 -0.999931 0.001424
v 0.354291 0.140761 -0.025187
vn 0.116077 0.317735 -0.941047
v 0.424654 0.210115 -0.067892
vn 0.054561 -0.335150 -0.940584
v 0.379849 0.175922 -0.070493
vn -0.044245 0.997277 0.059003
v 0.341836 0.239326 -0.024880
vn -0.017156 0.993675 -0.110980
v 0.357515 0.239666 -0.033128
vn -0.087608 0.927772 -0.362717
v 0.333520 0.235944 -0.042490
vn -0.160016 0.089714 -0.983029
v 0.501824 0.198986 -0.065024
vn 0.161654 0.972759 0.166154
v 0.231992 0.235735 -0.012029
vn 0.055421 0.406250 0.912080
v 0.439006 0.218994 0.009349
vn 0.015285 0.496484 0.867911
v 0.429311 0.222088 0.008297
vn 0.067040 -0.719991 -0.690737
v 0.369655 0.155518 -0.058119
vn 0.043758 0.148787 -0.987901
v 0.410833 0.201392 -0.071226
vn 0.149972 0.351825 -0.923974
v 0.445123 0.212152 -0.064099
vn 0.116994 -0.099738 0.988112
v 0.446390 0.191843 0.013118
vn 0.047478 -0.763007 -0.644644
v 0.230600 0.148465 -0.054351
vn 0.097756 0.265224 -0.959218
v 0.215003 0.199738 -0.068391
vn 0.087725 0.550591 -0.830153
v 0.215361 0.216636 -0.060604
vn -0.028104 0.656165 -0.754094
v 0.248699 0.219066 -0.057933
vn -0.051897 -0.047019 -0.997545
v 0.308618 0.184297 -0.073509
vn 0.050507 -0.984455 -0.168218
v 0.338252 0.140622 -0.031548
vn 0.077453 -0.274728 0.958397
v 0.331401 0.176800 0.022723
vn 0.212823 -0.048308 -0.975896
v 0.192385 0.181626 -0.073640
vn -0.039557 -0.410823 -0.910856
v 0.271735 0.165628 -0.067070
vn -0.031701 -0.970259 -0.239986
v 0.284393 0.140973 -0.035658
vn -0.034483 0.911980 0.408782
v 0.386557 0.236110 -0.013190
vn -0.058304 0.093666 -0.993895
v 0.262633 0.190433 -0.070907
vn -0.060104 0.337057 -0.939564
v 0.314952 0.205466 -0.070585
vn -0.019602 0.829510 -0.558148
v 0.261145 0.225917 -0.050816
vn -0.048049 0.563414 0.824776
v 0.321134 0.214267 0.016228
vn 0.171956 -0.795290 0.581330
v 0.413138 0.150408 -0.003282
vn -0.047979 0.967865 0.246850
v 0.336830 0.237755 -0.016327
vn -0.064868 -0.583677 -0.809391
v 0.495130 0.165308 -0.057141
vn -0.009441 -0.135333 -0.990755
v 0.236925 0.178050 -0.069283
vn -0.042806 0.935085 -0.351830
v 0.352794 0.237160 -0.042433
vn -0.021475 0.998779 -0.044490
v 0.386512 0.240183 -0.031684
vn -0.130688 0.814817 0.564795
v 0.413405 0.234817 -0.004656
vn -0.023571 0.960474 -0.277371
v 0.406046 0.239488 -0.040008
vn 0.362479 -0.035167 0.931328
v 0.181619 0.185074 0.036377
vn 0.470459 0.032035 0.881840
v 0.168783 0.169325 0.042464
vn -0.064531 0.870717 -0.487533
v 0.289299 0.228384 -0.048939
vn -0.096994 0.884034 -0.457248
v 0.311179 0.231006 -0.047986
vn 0.057838 0.436034 0.898070
v 0.380449 0.210225 0.013444
vn 0.045300 0.819848 0.570786
v 0.369713 0.230927 -0.003460
vn 0.132995 0.429873 0.893041
v 0.357975 0.209422 0.016503
vn 0.009710 0.154371 0.987965
v 0.407617 0.198226 0.017128
vn 0.057960 -0.252586 0.965837
v 0.381368 0.178448 0.017231
vn -0.027510 0.793637 0.607769
v 0.325860 0.226725 0.004519
vn 0.047995 0.553785 0.831275
v 0.338293 0.214266 0.016254
vn -0.084319 0.584733 -0.806832
v 0.295173 0.216379 -0.063434
vn -0.101232 0.935145 -0.339494
v 0.317104 0.234147 -0.042440
vn -0.047063 0.539313 -0.840790
v 0.254188 0.213510 -0.062279
vn -0.043487 0.456928 -0.888440
v 0.272001 0.209530 -0.065572
vn -0.038040 0.722229 -0.690607
v 0.265956 0.221514 -0.056622
vn 0.103003 0.089342 0.990661
v 0.374310 0.193080 0.018964
vn 0.030170 0.901174 0.432407
v 0.351316 0.234973 -0.008609
vn 0.024898 0.948424 0.316024
v 0.356678 0.237510 -0.014998
vn -0.070764 0.734906 -0.674467
v 0.319553 0.225033 -0.057748
vn 0.001531 0.986587 -0.163230
v 0.266147 0.233306 -0.031527
vn -0.104641 0.958037 0.266861
v 0.402694 0.239128 -0.017538
vn 0.213822 0.876391 -0.431530
v 0.176622 0.241448 -0.041591
vn 0.213696 0.918576 -0.332494
v 0.169190 0.246080 -0.034750
vn -0.051199 -0.060984 -0.996825
v 0.289917 0.183009 -0.072275
vn 0.425272 0.133415 0.895178
v 0.162526 0.197970 0.043144
vn 0.342120 0.092044 0.935137
v 0.171267 0.196051 0.040060
vn 0.037317 0.009456 -0.999259
v 0.385448 0.192592 -0.073099
vn -0.061848 -0.996187 0.061526
v 0.273782 0.139792 -0.021696
vn -0.070631 0.682579 0.727391
v 0.314152 0.220203 0.010819
vn 0.073191 0.861971 -0.501647
v 0.226777 0.231241 -0.044141
vn -0.092461 0.875327 0.474609
v 0.420734 0.237691 -0.007527
vn 0.115696 -0.252128 0.960753
v 0.414753 0.178921 0.015854
vn 0.176000 0.109818 -0.978245
v 0.457602 0.197199 -0.065458
vn -0.081895 0.951331 -0.297091
v 0.295740 0.232780 -0.039921
vn 0.100453 -0.912161 0.397331
v 0.480284 0.155440 -0.014685
vn 0.128361 -0.337043 -0.932698
v 0.460387 0.172316 -0.062332
vn 0.091010 -0.449846 0.888457
v 0.367726 0.170262 0.015096
vn -0.034115 0.901849 -0.430702
v 0.378956 0.236026 -0.046709
vn 0.042288 0.989968 0.134816
v 0.259069 0.233742 -0.014752
vn -0.028656 -0.777805 0.627852
v 0.374815 0.149303 -0.001635
vn -0.045457 0.505984 -0.861345
v 0.332764 0.214411 -0.067496
vn -0.060731 0.926518 -0.371317
v 0.342529 0.236395 -0.042920
vn -0.050181 0.841949 -0.537218
v 0.348462 0.232656 -0.050892
vn -0.108981 0.974504 -0.196128
v 0.325552 0.237148 -0.035377
vn 0.052756 0.731912 -0.679354
v 0.227570 0.224689 -0.053008
vn 0.129943 -0.070134 0.989038
v 0.347246 0.186130 0.022572
vn -0.061951 0.792212 0.607093
v 0.307626 0.225601 0.004042
vn -0.067753 0.995972 0.058732
v 0.296001 0.235061 -0.021546
vn 0.112356 0.402854 0.908342
v 0.368389 0.207830 0.015743
vn 0.049281 -0.144861 0.988224
v 0.405185 0.183023 0.017445
vn 0.471542 -0.131393 0.872000
v 0.192565 0.164277 0.029154
vn 0.139942 -0.989036 -0.047159
v 0.411214 0.141686 -0.029092
vn 0.197245 -0.965844 0.168049
v 0.419358 0.143781 -0.021816
vn 0.051550 -0.922930 -0.381502
v 0.486263 0.154838 -0.043737
vn -0.067916 0.971773 0.225929
v 0.304127 0.234769 -0.015165
vn 0.142994 -0.379406 -0.914114
v 0.435656 0.172398 -0.065957
vn 0.034101 -0.673372 0.738517
v 0.245293 0.157554 0.007101
vn 0.025386 -0.519078 0.854350
v 0.248268 0.168767 0.016007
vn -0.072016 -0.163673 0.983883
v 0.309909 0.179484 0.023285
vn 0.060127 -0.816451 0.574276
v 0.316221 0.147762 0.002586
vn -0.017793 0.157844 -0.987304
v 0.338338 0.196266 -0.074072
vn 0.230917 -0.816443 0.529243
v 0.432528 0.153052 -0.007193
vn -0.062778 0.876714 -0.476898
v 0.481891 0.235296 -0.043923
vn -0.046038 0.043210 -0.998005
v 0.318069 0.189346 -0.073689
vn -0.048558 0.018833 0.998643
v 0.472550 0.196643 0.013010
vn 0.093126 -0.869397 0.485260
v 0.456243 0.154745 -0.011729
vn 0.150201 -0.923648 0.352581
v 0.498825 0.157450 -0.016886
vn 0.100703 0.500247 0.860007
v 0.253971 0.214287 0.017536
vn 0.113470 0.320058 -0.940578
v 0.464824 0.211773 -0.061005
vn 0.141523 0.148385 -0.978751
v 0.466075 0.200204 -0.063501
vn 0.106592 -0.573506 -0.812237
v 0.448845 0.162930 -0.059006
vn 0.017020 0.084946 -0.996240
v 0.519707 0.197370 -0.067286
vn -0.047864 -0.932728 0.357389
v 0.259096 0.143031 -0.011880
vn 0.201415 0.954114 -0.221582
v 0.530594 0.232664 -0.039493
vn 0.226136 0.970597 -0.082484
v 0.174666 0.248874 -0.017413
vn 0.201240 0.137993 0.969773
v 0.211086 0.202618 0.028622
vn -0.031371 -0.860996 0.507644
v 0.253369 0.146036 -0.006435
vn -0.058283 0.501340 -0.863285
v 0.320596 0.213451 -0.067224
vn 0.116675 -0.972647 -0.200862
v 0.464649 0.151180 -0.038490
vn 0.208185 -0.970028 0.125321
v 0.430267 0.145708 -0.024704
vn -0.001728 0.259807 -0.965659
v 0.232203 0.198321 -0.068068
vn -0.019356 0.649330 0.760261
v 0.295601 0.218353 0.011349
vn -0.034902 0.987186 -0.155711
v 0.395984 0.239986 -0.035935
vn 0.031903 -0.032996 0.998946
v 0.327158 0.187324 0.024599
vn 0.012850 0.997550 0.068762
v 0.429387 0.242256 -0.020935
vn -0.080583 0.843347 -0.531292
v 0.318873 0.229915 -0.051385
vn 0.025459 -0.207367 0.977932
v 0.390008 0.180321 0.017299
vn -0.075554 0.291300 -0.953643
v 0.286663 0.201853 -0.069640
vn 0.075056 0.100176 0.992135
v 0.417795 0.197428 0.016886
vn -0.026530 0.976178 0.215342
v 0.385971 0.239179 -0.022025
vn 0.131900 0.288415 0.948377
v 0.351006 0.202933 0.020119
vn 0.123488 0.233459 0.964493
v 0.368491 0.199478 0.018616
vn -0.112614 0.992208 0.053306
v 0.322231 0.237517 -0.023801
vn -0.003676 -0.982608 -0.185657
v 0.301945 0.139765 -0.032283
vn 0.236255 0.969600 0.063716
v 0.183558 0.246914 -0.009765
vn 0.212890 0.523925 0.824730
v 0.216454 0.217352 0.021854
vn 0.080811 0.985485 -0.149297
v 0.248115 0.234520 -0.029657
vn 0.077636 -0.856955 0.509511
v 0.349040 0.146563 -0.005112
vn -0.021699 0.492953 -0.869785
v 0.360155 0.216442 -0.067098
vn 0.106551 -0.798280 0.592787
v 0.342569 0.149775 0.000685
vn -0.021018 -0.974684 -0.222598
v 0.382358 0.141333 -0.033154
vn -0.026351 -0.909831 -0.414141
v 0.387754 0.144013 -0.041421
vn 0.120825 -0.488195 0.864330
v 0.450083 0.172389 0.006574
vn 0.070228 -0.578071 -0.812959
v 0.356112 0.163056 -0.065771
vn 0.039158 0.137912 -0.989670
v 0.223148 0.192325 -0.069354
vn 0.069128 -0.789911 0.609313
v 0.495388 0.165574 -0.002093
vn 0.203196 -0.597033 0.776056
v 0.426921 0.162888 0.005319
vn 0.069354 -0.355882 0.931954
v 0.246279 0.177905 0.020705
vn -0.032601 -0.431496 -0.901525
v 0.260079 0.164154 -0.066001
vn 0.005617 -0.767597 0.640908
v 0.364193 0.151007 -0.000060
vn -0.171495 0.816068 0.551926
v 0.523964 0.222175 0.001346
vn 0.096261 0.652899 0.751303
v 0.362828 0.221010 0.008106
vn 0.115588 0.529925 0.840131
v 0.363417 0.214621 0.012795
vn -0.062205 0.494514 -0.866941
v 0.310299 0.212830 -0.066916
vn -0.053643 0.571124 0.819109
v 0.411331 0.221561 0.008123
vn 0.173449 0.959864 -0.220402
v 0.208279 0.239958 -0.028064
vn 0.520637 -0.214104 0.826497
v 0.182752 0.150601 0.032672
vn 0.128994 0.504311 -0.853833
v 0.206879 0.213987 -0.063398
vn 0.136758 0.357019 -0.924032
v 0.206742 0.205461 -0.067599
vn 0.029166 -0.987212 0.156720
v 0.310597 0.139606 -0.016517
vn 0.059206 0.690609 -0.720801
v 0.459377 0.228747 -0.051781
vn 0.413093 -0.214453 0.885079
v 0.201354 0.169344 0.025450
vn -0.026021 0.997416 0.066964
v 0.277818 0.234050 -0.019566
vn 0.171882 0.280487 -0.944343
v 0.198065 0.201777 -0.070237
vn -0.049891 0.799004 -0.599253
v 0.280169 0.225154 -0.053193
vn 0.140582 -0.114606 0.983414
v 0.357022 0.184803 0.021086
vn 0.087940 0.995806 0.025223
v 0.493264 0.238131 -0.031517
vn 0.028843 0.909002 -0.415793
v 0.417467 0.237848 -0.044320
vn -0.109181 -0.579034 0.807960
v 0.274827 0.160135 0.011910
vn -0.094135 -0.679671 0.727452
v 0.282230 0.153669 0.007627
vn 0.406892 -0.444697 -0.797924
v 0.540618 0.176129 -0.059513
vn -0.076467 0.368526 0.926467
v 0.306634 0.204700 0.020211
vn 0.141939 0.447020 0.883191
v 0.237332 0.212478 0.020664
vn 0.284721 0.830442 0.478854
v 0.192220 0.238844 0.008389
vn 0.279590 0.631888 0.722874
v 0.188896 0.228605 0.022406
vn 0.157573 0.948037 0.276401
v 0.495820 0.236299 -0.022794
vn 0.097748 -0.553120 0.827347
v 0.407750 0.162533 0.009029
vn 0.111520 -0.440349 0.890874
v 0.411068 0.169205 0.012594
vn 0.096758 0.446552 0.889511
v 0.264781 0.211534 0.017870
vn 0.009854 -0.352627 -0.935712
v 0.332876 0.171253 -0.071853
vn 0.121140 -0.705377 0.698404
v 0.343976 0.156317 0.007946
vn -0.035088 0.313156 -0.949053
v 0.335913 0.204559 -0.071913
vn 0.002239 0.254982 -0.966943
v 0.346022 0.201898 -0.072838
vn 0.156812 0.195959 -0.967993
v 0.441555 0.202696 -0.067339
vn 0.147987 -0.189129 -0.970737
v 0.456720 0.180332 -0.064898
vn -0.039276 -0.998781 -0.029900
v 0.283513 0.139269 -0.024376
vn 0.154618 0.365580 -0.917848
v 0.454616 0.212811 -0.062327
vn 0.114490 0.641802 -0.758276
v 0.207609 0.221636 -0.057918
vn 0.246082 -0.044163 -0.968242
v 0.182580 0.180833 -0.076036
vn -0.053213 0.688199 -0.723568
v 0.335116 0.223564 -0.060581
vn -0.025284 0.661397 -0.749610
v 0.362092 0.224159 -0.061633
vn -0.008481 0.063165 -0.997967
v 0.233602 0.188652 -0.069690
vn -0.010423 -0.964088 0.265379
v 0.360424 0.141927 -0.016047
vn -0.085504 0.880992 -0.465340
v 0.301873 0.229763 -0.048587
vn -0.098223 0.949442 -0.298182
v 0.306750 0.233565 -0.040463
vn 0.137586 -0.498254 0.856045
v 0.351482 0.168189 0.016426
vn 0.131956 -0.342726 0.930122
v 0.360649 0.175147 0.018223
vn 0.254738 -0.416932 -0.872512
v 0.188199 0.157339 -0.068896
vn 0.376303 0.015715 0.926364
v 0.174068 0.186494 0.039407
vn 0.160346 0.268228 0.949917
v 0.229094 0.205813 0.024862
vn -0.047191 0.573014 -0.818186
v 0.264419 0.215375 -0.061697
vn 0.047456 -0.802960 -0.594141
v 0.363357 0.151143 -0.053385
vn 0.091223 0.986228 0.137961
v 0.458686 0.240789 -0.018480
vn -0.057088 0.064900 -0.996258
v 0.252586 0.188911 -0.070341
vn -0.038246 0.291418 -0.955831
v 0.513566 0.213877 -0.063925
vn 0.073067 0.857594 0.509110
v 0.253582 0.227796 0.004058
vn 0.161996 -0.969362 0.184648
v 0.230569 0.140176 -0.014131
vn 0.230705 -0.173032 0.957515
v 0.204406 0.188743 0.029324
vn 0.048496 -0.998748 0.012249
v 0.335719 0.139825 -0.023888
vn -0.047206 0.142879 -0.988614
v 0.329101 0.195367 -0.073851
vn 0.075854 0.691638 -0.718250
v 0.216668 0.223506 -0.055102
vn 0.079641 0.996817 -0.003543
v 0.475856 0.239666 -0.025907
vn 0.112056 0.012016 -0.993629
v 0.425935 0.191877 -0.070856
vn 0.129049 0.071641 0.989047
v 0.363578 0.192808 0.020312
vn 0.960306 0.277704 -0.026344
v 0.145371 -0.096108 0.020231
vn 0.926767 0.363418 -0.095031
v 0.136953 -0.072886 0.011885
vn 0.904702 -0.387719 0.176603
v 0.133034 0.048305 0.035800
vn -0.002413 0.591204 0.806518
v 0.004753 0.116220 0.125736
vn 0.002437 0.536610 0.843827
v 0.025084 0.109418 0.130307
vn -0.001960 0.455290 0.890341
v 0.009206 0.099412 0.136268
vn 0.071026 0.597322 0.798850
v 0.057649 0.119610 0.122570
vn 0.844024 -0.306115 0.440361
v 0.143240 0.089183 0.064928
vn 0.289840 0.048391 0.955851
v 0.051775 -0.166229 0.142235
vn 0.009876 -0.439076 0.898396
v 0.015572 0.048520 0.134890
vn 0.727534 0.037128 0.685066
v 0.125150 0.114573 0.089382
vn 0.502824 0.164269 0.848636
v 0.107702 -0.150267 0.112015
vn 0.957489 0.231408 0.172235
v 0.150266 -0.126063 0.049262
vn 0.656476 -0.061105 0.751868
v 0.091747 -0.025327 0.085956
vn 0.420086 0.037185 0.906722
v 0.160464 0.183434 0.045234
vn 0.789632 0.360114 0.496788
v 0.120907 -0.057644 0.054912
vn 0.364631 0.322085 0.873674
v 0.048614 -0.078162 0.124909
vn 0.180230 0.966792 -0.181194
v 0.150473 0.252887 -0.025751
vn 0.887749 -0.393186 0.239387
v 0.136383 0.065341 0.055779
vn 0.879361 -0.421992 0.220560
v 0.140426 0.067838 0.044844
vn 0.495087 0.149683 0.855853
v 0.083523 -0.141628 0.124609
vn 0.479300 0.143899 0.865774
v 0.074326 -0.140915 0.129719
vn 0.010473 0.073602 0.997233
v 0.026185 0.078907 0.142709
vn 0.355919 0.200600 0.912733
v 0.104718 0.172043 0.077444
vn 0.728667 0.302034 0.614671
v 0.137381 -0.133913 0.083688
vn 0.026051 0.596231 0.802390
v 0.047033 0.121051 0.122062
vn 0.001399 0.472512 0.881323
v 0.037274 0.101969 0.134756
vn 0.347668 0.334222 0.876027
v 0.045468 -0.068527 0.122577
vn 0.031133 0.508277 0.860631
v 0.053086 0.105534 0.132449
vn 0.470513 0.299826 0.829893
v 0.073806 -0.089138 0.115885
vn 0.010074 -0.367160 0.930103
v 0.027223 0.057143 0.138912
vn 0.940423 0.337915 -0.037646
v 0.139482 -0.077838 0.020263
vn 0.333485 0.179903 0.925431
v 0.054052 -0.128565 0.137381
vn 0.425536 0.318399 0.847078
v 0.059131 -0.061339 0.113089
vn 0.874057 -0.484939 0.029319
v 0.149836 0.075251 0.008526
vn 0.794019 -0.235413 -0.560459
v 0.099556 0.006953 -0.055372
vn 0.379797 -0.173677 -0.908620
v 0.137711 0.144841 -0.087922
vn 0.192250 0.470120 -0.861410
v 0.025468 0.274699 -0.076380
vn 0.629235 -0.288532 -0.721674
v 0.098886 0.031818 -0.066660
vn 0.146329 0.272127 -0.951070
v 0.032169 -0.073912 -0.100485
vn 0.822166 0.296145 -0.486149
v 0.121861 -0.093396 -0.043885
vn 0.199407 0.115758 -0.973055
v 0.101430 0.180919 -0.098219
vn 0.355621 -0.185847 -0.915967
v 0.076303 0.037270 -0.081036
vn 0.307120 -0.145214 -0.940526
v 0.066636 0.033909 -0.083844
vn 0.195594 0.150974 -0.968994
v 0.097751 0.192053 -0.097454
vn 0.787172 -0.437223 -0.434967
v 0.145458 0.089817 -0.051001
vn 0.917467 -0.386152 -0.095608
v 0.128365 0.032126 -0.000432
vn 0.381297 -0.084616 -0.920572
v 0.063588 0.001405 -0.082086
vn 0.258212 0.362493 -0.895503
v 0.078606 -0.108849 -0.084968
vn 0.283167 -0.318227 -0.904736
v 0.080255 0.078176 -0.091320
vn 0.272222 0.140387 -0.951938
v 0.147674 0.192333 -0.086002
vn 0.212698 0.239442 -0.947326
v 0.038732 -0.082546 -0.101832
vn 0.307480 0.484639 -0.818890
v 0.029164 0.282404 -0.070764
vn 0.912057 0.335844 -0.235291
v 0.122705 -0.043542 0.001974
vn 0.104852 0.264344 -0.958712
v 0.020526 -0.068470 -0.100452
vn 0.943552 -0.316508 -0.097633
v 0.124992 0.022345 0.002516
vn 0.185183 0.115090 -0.975941
v 0.081693 0.177432 -0.102527
vn 0.170622 0.135619 -0.975959
v 0.072855 0.185630 -0.103135
vn 0.016129 0.302938 -0.952874
v 0.044743 0.222390 -0.098467
vn 0.221382 0.085585 -0.971424
v 0.110390 0.174024 -0.097038
vn -0.010026 0.259337 -0.965735
v 0.017305 0.208373 -0.101969
vn 0.678185 0.274982 -0.681506
v 0.121253 -0.141200 -0.066717
vn 0.382065 -0.238146 -0.892924
v 0.173898 0.162593 -0.075680
vn 0.035281 -0.223648 -0.974031
v 0.020019 0.085918 -0.103091
vn 0.031851 -0.207068 -0.977808
v 0.004947 0.073463 -0.100806
vn 0.195349 0.104118 -0.975191
v 0.092480 0.173935 -0.100831
vn 0.061419 0.155069 -0.985993
v 0.000208 -0.162874 -0.109774
vn -0.599647 -0.792891 0.108387
v -0.164947 0.109662 -0.013859
vn -0.303981 0.401025 0.864161
v -0.142793 0.221048 0.039870
vn -0.036258 -0.787838 -0.614814
v -0.324316 0.143169 -0.075493
vn -0.318296 -0.424559 -0.847607
v -0.521802 0.167206 -0.092607
vn -0.164477 0.922577 -0.348997
v -0.146908 0.254940 -0.042384
vn 0.020426 -0.231754 -0.972560
v -0.302000 0.162538 -0.087410
vn 0.059528 -0.808725 -0.585167
v -0.405205 0.143252 -0.068827
vn -0.598772 -0.096084 0.795135
v -0.159130 0.154915 0.040620
vn -0.048851 -0.864599 0.500083
v -0.328412 0.145874 -0.017677
vn -0.197908 -0.415096 0.887991
v -0.380381 0.174978 0.009279
vn -0.032601 -0.595659 0.802576
v -0.343421 0.167847 0.009219
vn -0.035055 0.503630 -0.863208
v -0.306538 0.206727 -0.080427
vn -0.085673 -0.915934 -0.392078
v -0.277075 0.135454 -0.063651
vn -0.037809 0.966924 0.252248
v -0.316238 0.232060 -0.016243
vn -0.002972 0.537754 -0.843096
v -0.233363 0.214275 -0.075358
vn -0.154904 -0.718020 0.678567
v -0.258595 0.151063 -0.000372
vn -0.383822 -0.164441 0.908647
v -0.186239 0.170144 0.027166
vn -0.165270 0.849887 -0.500378
v -0.169781 0.245842 -0.052710
vn -0.012416 -0.960210 -0.279002
v -0.298264 0.135708 -0.062135
vn -0.011222 -0.302025 -0.953234
v -0.403855 0.161967 -0.082067
vn 0.029675 0.774845 -0.631455
v -0.391996 0.228801 -0.057342
vn 0.051938 0.810269 -0.583752
v -0.401546 0.231515 -0.054588
vn -0.057753 0.378765 0.923689
v -0.429096 0.218648 -0.000293
vn -0.001518 0.650625 0.759398
v -0.353348 0.219467 0.004588
vn -0.122945 -0.591724 0.796710
v -0.252492 0.161433 0.010141
vn -0.110066 -0.299680 0.947670
v -0.472632 0.178906 -0.002082
vn -0.050718 0.328795 -0.943038
v -0.206001 0.203917 -0.080787
vn 0.012975 -0.988952 -0.147669
v -0.378813 0.138478 -0.054452
vn -0.174708 -0.982908 0.058044
v -0.242316 0.127189 -0.040749
vn -0.163028 0.664087 -0.729665
v -0.169090 0.232911 -0.068641
vn 0.035898 -0.312781 -0.949147
v -0.251758 0.157074 -0.083554
vn -0.031865 -0.686462 -0.726467
v -0.254835 0.140975 -0.074606
vn -0.132093 -0.984364 -0.116527
v -0.255285 0.129218 -0.050563
vn -0.189596 -0.588366 0.786052
v -0.231847 0.152124 0.006211
vn -0.086229 -0.549639 0.830940
v -0.275636 0.167144 0.011142
vn -0.270063 -0.614203 0.741499
v -0.232191 0.143630 -0.000434
vn 0.017906 0.768170 -0.639996
v -0.358239 0.223497 -0.063260
vn -0.033369 -0.799204 -0.600132
v -0.279251 0.140492 -0.072394
vn 0.043715 0.282702 -0.958211
v -0.270976 0.194586 -0.085233
vn -0.023077 -0.823392 0.567004
v -0.341480 0.152944 -0.007499
vn -0.256066 0.755702 0.602781
v -0.168969 0.243443 0.011429
vn -0.030085 -0.897483 0.440021
v -0.345378 0.143437 -0.023676
vn -0.288353 0.757992 0.585065
v -0.192673 0.238809 0.006656
vn -0.142291 -0.668260 0.730193
v -0.250183 0.153849 0.004098
vn -0.617502 -0.786408 -0.015947
v -0.161665 0.106173 -0.021651
vn 0.069822 0.901699 0.426690
v -0.381437 0.236682 -0.014830
vn -0.049661 0.638508 -0.768011
v -0.309546 0.214321 -0.075016
vn -0.286555 0.915043 0.283871
v -0.208849 0.243107 -0.011819
vn -0.130975 -0.795445 -0.591703
v -0.180112 0.124303 -0.062662
vn -0.186819 -0.514769 0.836726
v -0.223903 0.155840 0.010597
vn -0.005146 0.384639 0.923053
v -0.007976 0.093596 0.138965
vn 0.005957 0.182751 0.983141
v 0.006773 0.083008 0.142366
vn -0.067477 0.283871 0.956485
v -0.001880 -0.057706 0.123902
vn -0.526518 0.197271 0.826960
v -0.072417 -0.120218 0.119338
vn -0.077901 0.133989 0.987916
v -0.067703 0.081361 0.141439
vn -0.386165 0.171810 0.906288
v -0.053198 -0.126741 0.131418
vn -0.736943 0.275870 0.617099
v -0.105301 -0.064289 0.076954
vn -0.807540 -0.261368 0.528740
v -0.103404 0.011576 0.081299
vn -0.442646 0.290637 0.848289
v -0.052620 -0.087511 0.121463
vn -0.800427 0.313046 0.511194
v -0.129570 -0.091770 0.057676
vn -0.812571 0.302854 0.498004
v -0.135147 -0.094751 0.050677
vn -0.108693 0.318977 0.941509
v -0.071229 0.090958 0.138920
vn -0.150297 -0.388010 0.909318
v -0.040218 0.023661 0.119456
vn -0.053136 -0.304648 0.950982
v -0.004592 0.022920 0.123338
vn -0.064108 0.137888 0.988371
v -0.005181 -0.136768 0.141131
vn -0.557869 0.124973 0.820465
v -0.094399 -0.148470 0.109831
vn -0.913079 0.407056 -0.024335
v -0.138120 -0.063647 0.006267
vn -0.540815 0.088997 0.836420
v -0.079500 -0.153067 0.120385
vn -0.073445 0.111751 0.991018
v -0.015422 -0.160924 0.143488
vn -0.972858 -0.224768 0.055021
v -0.125032 0.053103 0.031063
vn 0.001255 -0.376943 0.926236
v 0.008128 0.056302 0.138619
vn -0.430593 0.203977 0.879194
v -0.055940 -0.115956 0.127939
vn -0.000945 0.371122 0.928584
v 0.002103 0.092758 0.139308
vn -0.078225 0.123770 0.989223
v -0.018304 -0.149504 0.141925
vn -0.564992 0.188226 0.803340
v -0.088449 -0.122820 0.109138
vn -0.541731 -0.760289 -0.358454
v -0.153274 0.106610 -0.048495
vn 0.023485 -0.183606 -0.982719
v -0.017780 0.059732 -0.098759
vn -0.180295 -0.052692 -0.982200
v -0.044639 0.003535 -0.091084
vn -0.720000 -0.513341 -0.466991
v -0.128858 0.090977 -0.061267
vn -0.087967 -0.036892 -0.995440
v -0.027002 0.008990 -0.093759
vn -0.464774 0.129607 -0.875892
v -0.104480 -0.138988 -0.093879
vn -0.091038 0.488791 -0.867638
v -0.035504 0.252713 -0.086129
vn -0.148793 -0.049758 -0.987616
v -0.037692 -0.001581 -0.091977
vn -0.217696 0.148439 -0.964663
v -0.022660 -0.075667 -0.099946
vn -0.956206 -0.068527 -0.284560
v -0.112420 -0.003890 -0.032628
vn -0.186165 0.333717 -0.924108
v -0.060423 -0.067105 -0.088388
vn -0.858322 0.261948 -0.441210
v -0.148101 -0.139980 -0.050046
vn -0.167046 0.180008 -0.969378
v -0.081007 0.201267 -0.101753
vn -0.285557 0.165670 -0.943933
v -0.055426 -0.058722 -0.087517
vn -0.527604 0.509223 -0.679946
v -0.115321 -0.066665 -0.057940
vn -0.830855 0.284228 -0.478429
v -0.130725 -0.095729 -0.054242
vn -0.234727 0.216737 -0.947591
v -0.049894 -0.066408 -0.090400
vn -0.222145 0.083739 -0.971411
v -0.088222 0.168217 -0.104545
vn -0.884746 -0.441369 -0.149727
v -0.130100 0.072939 -0.028164
vn 0.025410 -0.224830 -0.974067
v -0.029387 0.083063 -0.104017
vn -0.603911 -0.248978 -0.757166
v -0.097001 0.049152 -0.077821
vn -0.314197 0.072549 -0.946582
v -0.052306 -0.050758 -0.087693
vn -0.085593 0.134680 -0.987185
v -0.058513 0.185412 -0.107596
vn 0.002772 -0.032471 -0.999469
v -0.011741 -0.005137 -0.094051
vn -0.164085 0.129801 -0.977869
v -0.073842 0.185054 -0.105443
vn -0.023994 0.117453 -0.992789
v -0.033687 -0.161350 -0.110198
vn -0.198315 0.402832 -0.893531
v -0.120675 0.218916 -0.088705
vn -0.232358 -0.133195 -0.963467
v -0.060627 0.026335 -0.089475
vn -0.419162 -0.228239 -0.878755
v -0.090604 0.109132 -0.100909
vn -0.291714 -0.273672 -0.916519
v -0.145868 0.146791 -0.086032
vn 0.011000 0.115064 -0.993297
v -0.007242 0.180440 -0.107822
vn 0.011725 0.088307 -0.996024
v -0.000973 0.170774 -0.108670
vn 0.107852 -0.753374 -0.648687
v 0.444966 0.155780 -0.053319
vn 0.291802 0.671262 -0.681366
v 0.163436 0.230229 -0.062394
vn -0.070639 -0.800237 0.595509
v 0.288907 0.147433 0.001636
vn 0.128918 -0.431008 -0.893091
v 0.209282 0.160708 -0.065702
vn 0.132584 0.549037 0.825215
v 0.463719 0.224459 0.004415
vn 0.060500 0.991464 -0.115496
v 0.455209 0.241134 -0.027757
vn 0.024347 0.565979 -0.824060
v 0.231470 0.216540 -0.059676
vn 0.021835 -0.275028 0.961188
v 0.397823 0.177233 0.016347
vn 0.035991 -0.913075 -0.406200
v 0.350113 0.145014 -0.044177
vn 0.226043 -0.906037 0.357772
v 0.426859 0.147620 -0.014365
vn 0.109877 -0.540938 0.833855
v 0.360566 0.165775 0.013325
vn -0.004863 -0.765542 -0.643368
v 0.302421 0.151679 -0.057544
vn 0.278757 0.182806 0.942802
v 0.181557 0.205642 0.035489
vn -0.058062 0.167013 -0.984244
v 0.308810 0.195909 -0.072724
vn 0.078042 -0.758354 0.647154
v 0.352961 0.152453 0.002310
vn -0.024780 -0.994972 -0.097036
v 0.267386 0.140488 -0.029277
vn 0.047172 -0.962082 0.268649
v 0.320667 0.140866 -0.012360
vn 0.048720 -0.496750 -0.866525
v 0.416791 0.165827 -0.065039
vn 0.089847 0.464000 -0.881267
v 0.418226 0.217909 -0.065338
vn 0.229024 -0.723777 0.650918
v 0.427737 0.156246 -0.001107
vn 0.023797 -0.766390 -0.641934
v 0.248027 0.149856 -0.054796
vn -0.065274 0.638496 -0.766852
v 0.315257 0.219714 -0.062339
vn 0.110115 0.172403 0.978852
v 0.432898 0.204959 0.014309
vn -0.047474 -0.663860 0.746349
v 0.255215 0.157877 0.007748
vn -0.043790 0.693593 -0.719035
v 0.257419 0.220412 -0.057013
vn 0.582448 0.264795 0.768530
v 0.108259 -0.114699 0.102210
vn 0.500986 0.159949 0.850546
v 0.092569 -0.141803 0.119311
vn 0.953163 0.288864 0.089660
v 0.153947 -0.132363 0.033794
vn -0.001590 0.526741 0.850025
v 0.033699 0.108045 0.131190
vn -0.037129 0.146261 0.988549
v 0.019146 -0.130759 0.141757
vn -0.042683 0.278690 0.959432
v 0.011124 -0.075642 0.130077
vn 0.003074 0.580257 0.814428
v 0.031876 0.128556 0.116461
vn -0.061684 0.133267 0.989159
v 0.001864 -0.141020 0.142156
vn 0.008453 0.375538 0.926769
v 0.036983 0.094205 0.138454
vn 0.138432 0.327553 0.934637
v 0.027076 -0.063024 0.125412
vn 0.514637 0.230417 0.825867
v 0.091872 -0.115503 0.113640
vn 0.489897 0.123117 0.863043
v 0.089175 -0.152004 0.122982
vn 0.029892 0.107001 0.993810
v 0.030070 -0.147998 0.144138
vn 0.878583 -0.416620 0.233495
v 0.126875 0.047433 0.059635
vn 0.467033 0.260558 0.844979
v 0.069489 -0.106142 0.124049
vn 0.427433 0.317953 0.846290
v 0.057264 -0.081840 0.122210
vn 0.545482 0.248553 0.800419
v 0.099946 -0.114661 0.108200
vn 0.866432 -0.464477 0.183185
v 0.151618 0.083305 0.029987
vn 0.908211 -0.200140 0.367555
v 0.112610 0.014250 0.064301
vn 0.118009 0.151444 -0.981396
v 0.033615 -0.162593 -0.106678
vn 0.001162 0.328213 -0.944603
v 0.001477 0.248645 -0.089216
vn 0.357217 -0.118183 -0.926515
v 0.169066 0.170201 -0.079223
vn -0.002375 0.319028 -0.947742
v 0.014420 0.238262 -0.092648
vn 0.331576 -0.072029 -0.940675
v 0.133920 0.155055 -0.090739
vn 0.334782 -0.490106 -0.804809
v 0.184573 0.149774 -0.065600
vn 0.903186 -0.302887 -0.304163
v 0.115519 0.011371 -0.021553
vn 0.239599 0.055697 -0.969273
v 0.110181 0.163587 -0.097853
vn 0.233209 0.085001 -0.968704
v 0.119462 0.178587 -0.094511
vn 0.240004 0.092891 -0.966317
v 0.128644 0.183348 -0.091846
vn 0.927111 0.228246 -0.297269
v 0.146198 -0.120665 -0.018998
vn 0.228825 0.302579 -0.925249
v 0.117456 0.213729 -0.088245
vn -0.002720 0.304980 -0.952355
v 0.006417 0.233000 -0.094319
vn -0.004993 0.295785 -0.955242
v 0.006221 0.221888 -0.097802
vn 0.840003 0.404656 -0.361452
v 0.128986 -0.068527 -0.012013
vn 0.211304 0.085276 -0.973693
v 0.101602 0.168971 -0.099428
vn -0.009708 0.226576 -0.973945
v 0.025874 0.203377 -0.103330
vn 0.042026 -0.225205 -0.973405
v 0.027600 0.091291 -0.104074
vn 0.271751 -0.294209 -0.916293
v 0.076733 0.070631 -0.089846
vn 0.099348 0.149335 -0.983783
v 0.021726 -0.161999 -0.107903
vn 0.031008 -0.191605 -0.980982
v -0.001859 0.064878 -0.099282
vn 0.015376 -0.001861 -0.999880
v 0.027361 0.135832 -0.109923
vn -0.012720 0.325857 -0.945334
v 0.025727 0.234086 -0.094166
vn 0.208692 -0.307977 -0.928223
v 0.061580 0.077267 -0.095978
vn -0.009289 0.281543 -0.959504
v 0.010081 0.212887 -0.100604
vn 0.931667 0.236007 -0.276221
v 0.149439 -0.130480 -0.016297
vn 0.030804 -0.219758 -0.975068
v 0.005660 0.082610 -0.102800
vn 0.030731 -0.218412 -0.975373
v -0.002493 0.081144 -0.102729
vn 0.042575 -0.208216 -0.977156
v 0.016251 0.070372 -0.099773
vn 0.225535 0.178274 -0.957785
v 0.061872 -0.138678 -0.098441
vn 0.082309 0.153855 -0.984659
v 0.010642 -0.162523 -0.108957
vn -0.177250 -0.114776 -0.977450
v -0.157956 0.171759 -0.088622
vn -0.175291 -0.373809 -0.910791
v -0.161996 0.146365 -0.081305
vn -0.415160 -0.830693 -0.370932
v -0.161258 0.112331 -0.049562
vn 0.074426 0.447938 -0.890962
v -0.439831 0.204516 -0.079583
vn -0.153109 -0.984573 0.084702
v -0.261381 0.130067 -0.042352
vn -0.033570 0.998566 0.041698
v -0.301942 0.234182 -0.026274
vn -0.101856 -0.719463 0.687021
v -0.437292 0.147987 -0.019674
vn -0.037368 -0.980161 -0.194647
v -0.291633 0.134425 -0.057292
vn -0.125125 -0.596982 0.792437
v -0.240982 0.158376 0.009672
vn -0.104413 0.727167 0.678474
v -0.253611 0.223675 0.006433
vn -0.274054 0.946679 0.169389
v -0.193474 0.248742 -0.015282
vn 0.054953 0.675219 -0.735567
v -0.474655 0.218511 -0.070760
vn -0.099717 -0.186591 -0.977364
v -0.370230 0.166006 -0.085616
vn 0.011043 0.766966 -0.641593
v -0.473531 0.229320 -0.059720
vn -0.064541 0.261057 0.963163
v 0.000093 -0.048256 0.121312
vn -0.129059 0.123142 0.983961
v -0.029871 -0.149593 0.140871
vn -0.921280 0.062365 0.383867
v -0.121403 0.087921 0.097729
vn -0.072424 0.138106 0.987766
v -0.014697 -0.137019 0.140523
vn -0.559924 0.165544 0.811838
v -0.085397 -0.129631 0.112742
vn -0.533961 0.217863 0.816959
v -0.090234 -0.088494 0.098107
vn -0.533752 0.107997 0.838717
v -0.075131 -0.146606 0.122466
vn -0.566382 0.151524 0.810094
v -0.099407 -0.140121 0.104976
vn -0.299031 -0.133709 0.944829
v -0.052012 -0.017930 0.105885
vn -0.072444 0.275459 0.958579
v -0.009380 -0.073147 0.127993
vn -0.600947 0.219851 0.768458
v -0.105233 -0.110946 0.093430
vn -0.103619 0.251212 0.962370
v -0.018973 -0.085185 0.130429
vn -0.971093 -0.227891 0.071024
v -0.124436 0.055861 0.051569
vn -0.063590 0.108112 0.992103
v -0.006706 -0.163373 0.144349
vn -0.585472 0.180036 0.790449
v -0.114051 -0.142174 0.094961
vn -0.058737 0.109924 0.992203
v 0.001045 -0.160055 0.144468
vn -0.061165 0.122738 0.990553
v 0.001126 -0.150415 0.143335
vn 0.007459 0.310526 -0.950536
v -0.001513 0.238822 -0.092462
vn -0.195770 0.097353 -0.975806
v -0.106930 0.188698 -0.098545
vn 0.032888 -0.216669 -0.975691
v -0.022013 0.091554 -0.105746
vn 0.029614 0.144162 -0.989111
v -0.031888 0.187626 -0.107247
vn 0.036949 0.074127 -0.996564
v -0.036442 0.161100 -0.110061
vn -0.115000 0.084390 -0.989774
v -0.064040 0.158701 -0.109929
vn 0.028496 -0.198233 -0.979741
v -0.013039 0.067817 -0.100211
vn 0.019852 -0.199734 -0.979649
v -0.024027 0.065984 -0.100129
vn 0.037371 0.231138 -0.972203
v -0.022352 0.202663 -0.104040
vn -0.460431 -0.263593 -0.847657
v -0.087573 0.075183 -0.091431
vn 0.030793 -0.214994 -0.976130
v -0.011814 0.078437 -0.102413
vn -0.166851 0.115653 -0.979176
v -0.073513 0.174956 -0.106766
vn -0.184386 0.148151 -0.971624
v -0.090288 0.195907 -0.100980
vn 0.022995 0.282418 -0.959016
v -0.006508 0.211499 -0.101075
vn 0.028311 -0.173843 -0.984366
v -0.008841 0.057447 -0.098088
vn -0.062046 -0.035830 -0.997430
v -0.020258 -0.006214 -0.093737
vn -0.377096 -0.252006 -0.891230
v -0.084182 0.102672 -0.102018
vn -0.125152 0.107500 -0.986296
v -0.064684 0.170512 -0.108666
vn -0.337174 -0.207079 -0.918386
v -0.129824 0.142861 -0.090563
vn 0.641195 -0.223431 0.734131
v 0.176471 0.142545 0.034325
vn 0.100821 -0.835737 0.539796
v 0.333014 0.147236 -0.001117
vn 0.173841 -0.979672 -0.100108
v 0.421686 0.143853 -0.032551
vn 0.367302 -0.134307 -0.920354
v 0.142659 0.151927 -0.087124
vn -0.060112 -0.996867 0.051411
v -0.346443 0.136654 -0.047890
vn 0.062668 0.911567 -0.406349
v -0.346814 0.229927 -0.051785
vn -0.088978 0.891535 -0.444127
v 0.326605 0.233227 -0.046775
vn 0.013271 -0.224563 0.974369
v 0.012261 0.065793 0.141762
vn 0.009093 0.181045 0.983433
v 0.037601 0.083110 0.141921
vn 0.573914 -0.796909 -0.188572
v 0.185765 0.124405 -0.024869
vn -0.014892 0.597651 -0.801618
v -0.226289 0.218570 -0.072435
vn -0.105856 0.133574 0.985369
v -0.026047 -0.139883 0.140034
vn -0.094267 0.197471 0.975766
v -0.020166 -0.105428 0.134916
vn -0.030747 -0.378681 0.925016
v -0.000731 0.030950 0.126449
vn -0.059909 -0.995419 0.074505
v -0.465840 0.135263 -0.048679
vn -0.435349 -0.665280 -0.606526
v -0.153480 0.118626 -0.066042
vn -0.132543 0.517591 -0.845300
v -0.055536 0.243683 -0.089219
vn -0.046092 0.654296 -0.754833
v 0.275137 0.218932 -0.059521
vn -0.005259 0.110725 0.993837
v -0.030953 0.079026 0.142289
vn -0.912360 -0.335196 0.235038
v -0.115293 0.031851 0.070386
vn -0.189043 -0.200963 -0.961185
v -0.155699 0.161635 -0.087289
vn -0.243706 -0.307566 0.919788
v -0.051451 0.013273 0.113258
vn 0.031955 0.521002 0.852957
v 0.037177 0.135745 0.111456
vn 0.335023 0.838968 0.428827
v 0.064315 0.258304 0.007079
vn 0.118653 -0.125286 0.985000
v 0.061920 0.069443 0.141453
vn 0.631873 0.235814 0.738328
v 0.116256 -0.098578 0.090958
vn 0.933439 -0.150459 0.325659
v 0.114348 0.008326 0.056664
vn 0.794357 -0.249430 0.553878
v 0.165875 0.127054 0.043001
vn 0.341769 -0.048048 0.938555
v 0.058899 -0.022228 0.107325
vn 0.637186 0.268111 0.722572
v 0.086050 -0.040540 0.093169
vn 0.376195 0.351204 0.857399
v 0.077087 0.152356 0.093479
vn 0.060754 0.995012 -0.079125
v 0.104239 0.258938 -0.009062
vn 0.117772 -0.246863 0.961867
v 0.030282 0.014049 0.119781
vn 0.331693 0.559300 0.759713
v 0.135503 0.160165 0.065426
vn 0.110638 0.751369 0.650541
v 0.070465 0.241702 0.027795
vn 0.766175 -0.194658 0.612442
v 0.098906 0.003638 0.085623
vn 0.284144 0.298695 0.911067
v 0.042446 -0.084978 0.129600
vn 0.928949 -0.358445 0.092579
v 0.130085 0.036672 0.024387
vn 0.206746 0.185979 0.960556
v 0.044254 -0.124135 0.139404
vn 0.290425 0.549998 -0.783043
v 0.163537 0.222788 -0.068733
vn 0.634936 0.067347 -0.769623
v 0.067485 -0.085685 -0.084908
vn 0.557065 0.093234 -0.825219
v 0.062146 -0.100305 -0.090314
vn 0.219777 0.973610 -0.061500
v 0.098341 0.260151 -0.038748
vn 0.325911 0.479334 -0.814875
v 0.156152 0.220891 -0.072943
vn 0.762753 -0.606739 -0.223775
v 0.164134 0.104334 -0.027126
vn 0.831914 0.100320 -0.545760
v 0.107133 -0.024752 -0.028158
vn 0.232388 0.322615 -0.917560
v 0.079459 -0.118166 -0.088561
vn 0.635001 0.129337 -0.761607
v 0.074431 -0.081061 -0.078454
vn 0.486648 0.399418 -0.776942
v 0.103696 -0.091648 -0.069455
vn 0.529900 -0.171937 -0.830448
v 0.085127 0.020825 -0.073667
vn 0.896624 -0.226203 -0.380654
v 0.102815 -0.010368 -0.037931
vn 0.664428 -0.668167 -0.334795
v 0.168957 0.116871 -0.043871
vn 0.240893 0.276672 -0.930281
v 0.132811 0.206915 -0.086593
vn 0.388457 -0.310841 -0.867456
v 0.095748 0.075217 -0.084539
vn 0.113228 0.431944 -0.894765
v 0.022991 0.265831 -0.081239
vn 0.464991 -0.366663 -0.805817
v 0.157861 0.137592 -0.075864
vn 0.877710 0.395980 -0.269860
v 0.134076 -0.073115 -0.004436
vn 0.530011 0.035363 -0.847253
v 0.051892 -0.090901 -0.097821
vn 0.195165 -0.205735 -0.958949
v 0.050111 0.052360 -0.091623
vn 0.497278 -0.362860 -0.788066
v 0.118764 0.093454 -0.079562
vn 0.023481 -0.094942 -0.995206
v 0.002189 -0.136354 -0.109624
vn 0.286590 0.445713 -0.848060
v 0.135356 0.224091 -0.078727
vn 0.284735 0.272557 -0.919042
v 0.149289 0.203335 -0.083131
vn 0.158174 -0.030717 -0.986933
v 0.033125 0.016486 -0.090525
vn 0.222213 -0.041975 -0.974094
v 0.041508 -0.009480 -0.088159
vn 0.211455 0.527144 -0.823047
v 0.091303 0.235237 -0.084970
vn 0.215047 0.274286 -0.937295
v 0.108003 0.212453 -0.090921
vn 0.878994 0.245014 -0.409070
v 0.117312 -0.079858 -0.045264
vn -0.197517 0.979921 0.027257
v -0.153363 0.258479 -0.017372
vn -0.122431 0.747812 0.652525
v -0.512874 0.227288 -0.019395
vn -0.606323 -0.475117 -0.637681
v -0.542672 0.165705 -0.077641
vn -0.021012 -0.409726 0.911967
v -0.296773 0.175009 0.014060
vn -0.185696 0.850131 0.492743
v -0.508739 0.232554 -0.025325
vn -0.188259 0.963104 -0.192326
v -0.225554 0.239899 -0.038704
vn -0.039790 0.756254 0.653067
v -0.313354 0.222182 0.003014
vn -0.244990 -0.869781 -0.428325
v -0.514359 0.147675 -0.075247
vn -0.084371 -0.836417 -0.541561
v -0.214915 0.128268 -0.062204
vn -0.142494 -0.210551 0.967142
v -0.203198 0.182430 0.025387
vn 0.070617 0.798198 0.598242
v -0.429791 0.236695 -0.013136
vn -0.218199 0.307921 -0.926053
v -0.521364 0.192793 -0.094516
vn -0.216028 0.381345 0.898837
v -0.199144 0.213921 0.023789
vn -0.191050 0.148268 0.970318
v -0.389137 0.200222 0.010299
vn -0.055500 -0.154645 0.986410
v -0.344193 0.184631 0.016289
vn 0.044104 -0.230970 -0.971961
v -0.272937 0.162758 -0.085969
vn 0.043951 -0.272221 -0.961230
v -0.291652 0.161567 -0.086539
vn 0.047575 -0.870136 0.490510
v -0.400981 0.141803 -0.024566
vn -0.113921 0.946923 -0.300597
v -0.245984 0.234161 -0.048089
vn -0.271397 0.768415 0.579553
v -0.477253 0.238161 -0.019023
vn -0.138791 -0.637716 0.757664
v -0.491552 0.155431 -0.018301
vn 0.217571 0.410281 -0.885625
v -0.485418 0.193935 -0.091087
vn -0.265089 0.756662 0.597655
v -0.147024 0.247368 0.015158
vn -0.404747 0.056269 -0.912696
v -0.528609 0.184901 -0.093597
vn 0.010029 -0.353390 -0.935422
v -0.311560 0.157875 -0.086101
vn -0.392424 0.287612 0.873661
v -0.154935 0.210752 0.038628
vn 0.023793 -0.096096 -0.995088
v -0.219635 0.170575 -0.084807
vn -0.199639 -0.124326 0.971950
v -0.194880 0.186821 0.027540
vn 0.080442 -0.931570 0.354552
v -0.393502 0.139792 -0.030229
vn -0.182482 0.888437 -0.421164
v -0.178933 0.247010 -0.047101
vn -0.064130 0.705956 0.705346
v -0.060493 0.238821 0.026625
vn -0.910067 0.391461 0.136147
v -0.129147 -0.046465 0.023123
vn 0.000384 0.695427 0.718596
v -0.090418 0.218175 0.050501
vn 0.027230 0.839591 0.542536
v -0.088734 0.223656 0.042613
vn 0.059957 0.640288 0.765791
v -0.079872 0.243682 0.022896
vn -0.812024 -0.184784 0.553600
v -0.133883 0.121444 0.073330
vn -0.933255 -0.059541 0.354247
v -0.111880 -0.003536 0.058313
vn -0.358424 0.516754 0.777494
v -0.099570 0.144633 0.095813
vn -0.891542 0.331902 0.308211
v -0.138031 -0.073383 0.031547
vn -0.229943 0.334938 0.913752
v -0.080473 0.091442 0.136948
vn -0.179433 0.597831 0.781283
v -0.080348 0.132995 0.111177
vn -0.147714 -0.147859 0.977915
v -0.019502 -0.001239 0.116614
vn -0.654771 0.215869 0.724345
v -0.113303 -0.099348 0.084024
vn -0.167688 0.982412 0.082145
v -0.134379 0.262312 -0.007795
vn -0.541266 -0.552169 0.634145
v -0.094251 0.025312 0.100437
vn -0.467603 0.241927 0.850188
v -0.058119 -0.105577 0.124021
vn -0.069562 -0.476382 0.876482
v -0.027372 0.037909 0.128228
vn -0.506736 0.525889 0.683125
v -0.102990 0.124189 0.104495
vn -0.931631 0.319344 0.173443
v -0.124289 -0.036665 0.029032
vn -0.031941 0.473824 0.880040
v -0.011925 0.146173 0.104974
vn -0.733317 0.276351 0.621189
v -0.104219 -0.053422 0.073777
vn -0.569481 -0.221312 0.791652
v -0.085236 -0.008158 0.091048
vn -0.912383 -0.394552 0.109019
v -0.131714 0.074792 0.032967
vn -0.720186 -0.692489 0.042317
v -0.157957 0.102694 -0.011118
vn -0.531176 -0.664252 -0.525947
v -0.146698 0.111014 -0.063176
vn -0.745808 0.301181 -0.594188
v -0.139591 -0.147441 -0.066914
vn -0.557383 0.437784 -0.705457
v -0.109397 -0.057553 -0.054872
vn -0.071871 -0.227685 -0.971079
v -0.043091 0.060559 -0.098704
vn -0.254994 0.052584 -0.965512
v -0.097569 0.165334 -0.102448
vn -0.659230 -0.724767 -0.200320
v -0.147679 0.095929 -0.031154
vn -0.487981 -0.320710 -0.811801
v -0.114691 0.112616 -0.088408
vn -0.210107 0.142666 -0.967213
v -0.061094 -0.134412 -0.104977
vn -0.822382 -0.292820 -0.487795
v -0.110316 0.036550 -0.057435
vn -0.752147 0.132879 -0.645460
v -0.097207 -0.047146 -0.064523
vn -0.074336 0.961195 -0.265667
v -0.113156 0.255200 -0.053447
vn -0.919962 0.386526 -0.065323
v -0.127033 -0.039928 0.006435
vn -0.156402 0.174205 -0.972210
v -0.043840 -0.114054 -0.106632
vn -0.403605 -0.161945 -0.900487
v -0.109493 0.132402 -0.096820
vn -0.822013 0.311233 -0.476894
v -0.140941 -0.108383 -0.046484
vn 0.479786 -0.871459 -0.101804
v 0.194384 0.129549 -0.021901
vn 0.269528 0.822431 0.500962
v 0.202213 0.235661 0.007811
vn 0.000512 -0.622475 0.782640
v 0.249475 0.162531 0.011487
vn -0.033236 -0.304282 0.952002
v 0.465202 0.182736 0.010336
vn 0.004371 0.101574 0.994818
v 0.280708 0.194339 0.021230
vn 0.057067 -0.061119 -0.996498
v 0.367547 0.187685 -0.073680
vn 0.067799 0.652431 0.754809
v 0.345624 0.219881 0.011306
vn 0.045203 -0.773165 -0.632592
v 0.239251 0.148839 -0.054112
vn -0.060470 0.882466 0.466473
v 0.321468 0.231518 -0.003328
vn 0.138946 -0.290034 0.946876
v 0.349715 0.177007 0.020586
vn 0.122755 -0.092291 0.988136
v 0.421713 0.187744 0.016453
vn 0.015708 0.573983 0.818716
v 0.286504 0.215627 0.013269
vn 0.203389 0.929680 -0.307128
v 0.189260 0.242458 -0.031787
vn 0.094168 0.654799 0.749914
v 0.269545 0.220291 0.011331
vn 0.037993 -0.262239 -0.964255
v 0.227164 0.170913 -0.067995
vn -0.102334 0.988689 -0.109645
v 0.313161 0.236431 -0.031084
vn 0.024674 -0.397371 0.917326
v 0.388261 0.170894 0.014283
vn 0.071438 0.047494 -0.996314
v 0.474868 0.193847 -0.063133
vn 0.185624 0.972308 -0.141987
v 0.537052 0.232422 -0.033549
vn 0.002457 -0.780968 -0.624566
v 0.265914 0.150391 -0.055336
vn 0.005700 0.999874 0.014788
v 0.267269 0.234012 -0.021755
vn 0.273438 0.520477 0.808910
v 0.181497 0.224640 0.028152
vn 0.151663 -0.061486 0.986518
v 0.436998 0.191492 0.014449
vn 0.256933 0.776344 0.575565
v 0.176516 0.239163 0.016269
vn 0.070859 -0.032474 0.996958
v 0.411813 0.189402 0.017522
vn 0.054984 -0.930294 -0.362671
v 0.496834 0.155995 -0.044870
vn 0.266291 0.600560 0.753934
v 0.198087 0.224705 0.022173
vn 0.049400 -0.362180 -0.930798
v 0.342119 0.171603 -0.071743
vn 0.014597 0.714393 0.699592
v 0.334330 0.222670 0.009259
vn 0.141858 0.978396 0.150393
v 0.485932 0.238302 -0.024287
vn -0.002203 0.983645 0.180103
v 0.370655 0.239332 -0.022631
vn 0.946046 -0.317454 0.064954
v 0.126481 0.026127 0.021468
vn 0.807303 0.379378 0.452034
v 0.136228 -0.103086 0.068525
vn 0.100906 -0.520555 0.847845
v 0.047784 0.036405 0.126878
vn 0.017112 -0.231262 0.972741
v 0.010541 0.014139 0.121109
vn 0.224793 0.974381 -0.007011
v 0.155558 0.253771 -0.010816
vn 0.008522 0.569840 0.821712
v 0.040677 0.114761 0.126742
vn 0.433078 0.207050 0.877253
v 0.063219 -0.123504 0.132260
vn 0.057554 0.258377 0.964328
v 0.025585 -0.088420 0.133674
vn 0.918079 0.393756 -0.045680
v 0.131522 -0.057823 0.020322
vn 0.541172 -0.411468 -0.733367
v 0.145191 0.119557 -0.074700
vn 0.488988 0.219669 -0.844178
v 0.058926 -0.063762 -0.088779
vn 0.424574 -0.253467 -0.869190
v 0.154619 0.145743 -0.080470
vn 0.253280 0.135077 -0.957916
v 0.052590 -0.131764 -0.099525
vn 0.319092 0.262214 -0.910727
v 0.048763 -0.052119 -0.089626
vn 0.215351 -0.078118 -0.973407
v 0.083622 0.127803 -0.104246
vn 0.158551 -0.215878 -0.963462
v 0.040377 0.056182 -0.094214
vn 0.001400 0.193491 -0.981101
v 0.034842 0.198571 -0.104433
vn 0.333010 -0.071867 -0.940181
v 0.118164 0.144378 -0.095569
vn 0.192351 0.499320 -0.844796
v 0.032525 0.268688 -0.078091
vn 0.297810 -0.053644 -0.953117
v 0.054945 0.002694 -0.085217
vn 0.528916 -0.474056 -0.703931
v 0.160408 0.130267 -0.070086
vn 0.416717 0.412112 -0.810253
v 0.093289 -0.073392 -0.062775
vn 0.015660 0.097769 -0.995086
v 0.010383 0.174936 -0.108134
vn 0.209691 0.117499 -0.970682
v 0.111553 0.184519 -0.095702
vn 0.031192 -0.213373 -0.976473
v 0.018262 0.095325 -0.105296
vn -0.162240 -0.984203 -0.070875
v -0.235127 0.125939 -0.046399
vn -0.192462 -0.981197 0.014539
v -0.214462 0.121873 -0.036981
vn -0.071810 -0.674688 0.734601
v -0.368126 0.163095 0.003085
vn -0.113670 -0.961977 -0.248355
v -0.486243 0.138674 -0.063990
vn -0.095456 0.180865 0.978865
v -0.505002 0.203503 -0.005289
vn 0.057001 0.375518 -0.925061
v -0.411668 0.201075 -0.078542
vn 0.129197 0.219835 -0.966944
v -0.434949 0.188241 -0.085105
vn -0.047261 -0.997287 0.056436
v -0.308528 0.134627 -0.046935
vn -0.186960 0.341987 0.920918
v -0.208590 0.210038 0.023324
vn -0.231208 0.965243 -0.121853
v -0.215606 0.242875 -0.033553
vn -0.115070 0.400660 0.908972
v -0.239304 0.209455 0.018776
vn -0.142941 0.660843 -0.736787
v -0.187172 0.229651 -0.067771
vn -0.014478 -0.945879 0.324196
v -0.360421 0.140575 -0.031488
vn -0.027699 -0.432873 -0.901029
v -0.196934 0.146371 -0.078343
vn -0.013614 -0.660802 -0.750437
v -0.270850 0.144498 -0.076966
vn 0.008593 0.205121 -0.978699
v -0.290628 0.189234 -0.087101
vn -0.103149 -0.668797 0.736255
v -0.274325 0.159661 0.005218
vn -0.042208 0.667085 0.743785
v -0.285678 0.219169 0.007654
vn -0.042840 -0.981214 0.188107
v -0.353843 0.138025 -0.040165
vn -0.034019 -0.436144 0.899234
v -0.006169 0.037153 0.129069
vn -0.535634 0.138418 0.833029
v -0.075562 -0.138470 0.120969
vn 0.001335 -0.241902 0.970300
v -0.020719 0.064593 0.141343
vn -0.015786 -0.409650 0.912106
v -0.022061 0.055121 0.137791
vn -0.083860 -0.504680 0.859224
v -0.037776 0.037732 0.127143
vn -0.605862 0.206462 0.768313
v -0.109617 -0.127315 0.094762
vn -0.448228 0.230490 0.863693
v -0.075278 -0.068611 0.101373
vn -0.516330 0.158236 0.841644
v -0.069472 -0.131799 0.123658
vn -0.273920 -0.643606 0.714660
v -0.083378 0.040213 0.121535
vn -0.551194 0.120758 0.825593
v -0.081435 -0.144038 0.117983
vn -0.252744 -0.142832 0.956932
v -0.036645 -0.010652 0.111500
vn -0.553685 0.132588 0.822103
v -0.101556 -0.151903 0.105506
vn -0.446405 -0.322436 -0.834720
v -0.122683 0.121030 -0.087190
vn 0.053307 0.331621 -0.941906
v -0.028850 0.228894 -0.096848
vn -0.359221 -0.288877 -0.887418
v -0.080264 0.084007 -0.097789
vn 0.061265 0.239950 -0.968850
v -0.030624 0.208668 -0.103000
vn -0.221398 -0.016658 -0.975041
v -0.120478 0.171852 -0.096465
vn -0.237981 0.659030 -0.713474
v -0.049594 0.259076 -0.079582
vn -0.214240 0.073664 -0.973999
v -0.036515 -0.038613 -0.091263
vn -0.512148 -0.312248 -0.800129
v -0.107511 0.104819 -0.089835
vn 0.042386 0.324382 -0.944976
v -0.020030 0.232417 -0.095149
vn 0.038026 0.050624 -0.997994
v -0.035077 0.151148 -0.110619
vn 0.023084 0.064994 -0.997619
v -0.027086 0.157552 -0.110016
vn 0.530324 -0.126792 0.838260
v 0.176238 0.153550 0.037214
vn -0.038786 0.854222 -0.518460
v 0.388493 0.234110 -0.051152
vn 0.026269 0.923937 0.381642
v 0.367857 0.236503 -0.013485
vn -0.086133 -0.844897 0.527949
v 0.261377 0.146678 -0.004045
vn 0.408942 -0.222734 -0.884961
v 0.132412 0.135661 -0.088214
vn -0.072885 -0.869111 -0.489217
v -0.363076 0.142727 -0.070440
vn -0.005642 0.678969 0.734145
v 0.016172 0.168710 0.087909
vn 0.336113 0.555837 0.760311
v 0.084335 0.132696 0.106796
vn 0.786867 -0.017539 0.616873
v 0.148593 0.105250 0.058864
vn 0.885479 -0.146864 0.440861
v 0.107244 0.002260 0.071414
vn 0.745269 -0.364596 0.558251
v 0.110971 0.057436 0.112270
vn 0.818472 0.279464 0.501999
v 0.142326 -0.130185 0.074866
vn 0.121148 -0.437624 0.890959
v 0.041572 0.030050 0.123936
vn 0.694292 0.350937 0.628333
v 0.095549 -0.053358 0.089918
vn 0.967724 -0.242614 0.068182
v 0.122771 0.013944 0.022708
vn 0.893512 -0.381086 0.237508
v 0.127309 0.043318 0.051070
vn 0.211045 0.215791 0.953359
v 0.042360 -0.113233 0.137488
vn 0.761253 0.304029 -0.572766
v 0.133541 -0.115410 -0.041607
vn 0.778727 0.373578 -0.504007
v 0.112994 -0.055009 -0.037036
vn 0.231391 0.836474 -0.496759
v 0.109561 0.250501 -0.063199
vn 0.174322 0.112758 -0.978211
v 0.029566 -0.034529 -0.090814
vn 0.235771 0.147922 -0.960485
v 0.038838 -0.038301 -0.089393
vn 0.166023 0.260525 -0.951085
v 0.070639 0.214721 -0.098180
vn -0.631304 -0.746559 0.210012
v -0.163894 0.110572 -0.004643
vn -0.088227 -0.800679 0.592561
v -0.477675 0.144504 -0.027483
vn 0.048366 -0.918112 0.393359
v -0.384952 0.141555 -0.027426
vn -0.118636 0.214274 0.969542
v -0.235770 0.201609 0.021788
vn 0.068668 0.909737 -0.409468
v -0.373611 0.234915 -0.046700
vn -0.096892 -0.664760 -0.740747
v -0.185526 0.131180 -0.069248
vn -0.630508 -0.364848 -0.685088
v -0.550949 0.171979 -0.073945
vn -0.180771 0.481941 0.857354
v -0.215717 0.216281 0.018835
vn -0.006352 0.247729 -0.968808
v -0.212807 0.196928 -0.082622
vn 0.166672 0.870350 0.463370
v -0.095691 0.260011 -0.001930
vn -0.148405 0.711162 0.687186
v -0.129233 0.248490 0.020749
vn -0.005580 0.539585 0.841913
v -0.039340 0.148290 0.103115
vn -0.637315 0.437229 0.634556
v -0.121328 0.132647 0.082114
vn -0.738977 0.025440 0.673250
v -0.140179 0.143695 0.057430
vn -0.082663 0.600655 0.795224
v -0.130667 0.208684 0.048734
vn -0.764735 0.244547 0.596135
v -0.117636 -0.066937 0.063476
vn -0.185796 0.055628 -0.981012
v -0.150401 0.187973 -0.090639
vn -0.854111 -0.060829 -0.516522
v -0.105072 -0.001128 -0.049913
vn -0.348864 0.254641 -0.901916
v -0.074256 -0.108629 -0.095205
vn -0.535469 0.210354 -0.817939
v -0.113363 -0.146434 -0.089905
vn -0.173138 0.701430 -0.691389
v -0.089132 0.245493 -0.080010
vn -0.059474 -0.065046 -0.996108
v -0.060305 0.122816 -0.111195
vn 0.061329 -0.611386 0.788953
v 0.400963 0.157981 0.006485
vn 0.258600 -0.336358 0.905533
v 0.211024 0.174224 0.023275
vn 0.293153 -0.925308 -0.240555
v 0.201631 0.135079 -0.036273
vn 0.041762 -0.950883 -0.306722
v 0.331382 0.142172 -0.038975
vn 0.009938 0.313344 -0.949588
v 0.357499 0.206254 -0.071478
vn 0.095042 -0.225749 0.969538
v 0.240208 0.184564 0.023274
vn 0.238532 0.727974 -0.642772
v 0.170893 0.232443 -0.057481
vn 0.053630 0.836297 -0.545648
v 0.237345 0.228568 -0.047296
vn 0.012501 0.870102 0.492714
v 0.378333 0.233727 -0.008420
vn 0.148735 0.683139 0.714982
v 0.492346 0.223648 -0.001323
vn -0.058950 -0.463596 0.884084
v 0.266632 0.168067 0.015857
vn 0.352020 -0.925814 -0.137659
v 0.200121 0.133058 -0.027644
vn 0.052604 -0.049543 -0.997386
v 0.395004 0.189862 -0.072598
vn -0.142919 0.410027 -0.900806
v 0.500081 0.221422 -0.059721
vn 0.963486 0.216891 0.157015
v 0.148840 -0.116146 0.045582
vn 0.204452 0.167407 -0.964455
v 0.112891 0.194565 -0.094000
vn 0.289343 -0.046438 -0.956098
v 0.107862 0.142934 -0.098846
vn 0.174398 0.163252 -0.971048
v 0.075212 0.197192 -0.100959
vn 0.185497 0.178743 -0.966251
v 0.084655 0.200325 -0.098628
vn 0.887477 -0.451564 -0.092057
v 0.143694 0.065293 -0.009560
vn 0.869621 0.292963 -0.397407
v 0.116856 -0.065868 -0.037161
vn 0.288891 0.427193 -0.856766
v 0.142004 0.219623 -0.078796
vn 0.945323 0.227107 -0.234066
v 0.149270 -0.122651 -0.010035
vn 0.255003 -0.035046 -0.966305
v 0.099185 0.140994 -0.101234
vn -0.082450 -0.168134 0.982310
v -0.507287 0.186690 -0.005383
vn -0.069156 -0.802830 0.592183
v -0.293744 0.149346 -0.009102
vn -0.001671 0.616510 -0.787345
v -0.453972 0.217224 -0.072087
vn 0.031006 -0.515344 -0.856422
v -0.290412 0.151256 -0.082197
vn -0.108436 -0.155235 0.981908
v -0.264825 0.185461 0.019437
vn -0.029594 0.669293 0.742409
v -0.343027 0.218673 0.005383
vn -0.421948 -0.225890 0.878029
v -0.193115 0.154839 0.020954
vn -0.117737 -0.321904 0.939423
v -0.024237 0.021622 0.121131
vn -0.517805 0.078728 0.851868
v -0.071580 -0.153886 0.125476
vn -0.932108 -0.044731 0.359407
v -0.118599 0.071067 0.105222
vn -0.718329 -0.215811 0.661384
v -0.098675 -0.008687 0.079104
vn -0.773775 0.329129 0.541245
v -0.116297 -0.081859 0.071978
vn -0.092837 -0.064837 -0.993568
v -0.032219 0.026101 -0.093965
vn 0.022010 0.179392 -0.983532
v -0.022765 0.192636 -0.106220
vn -0.187102 0.250042 -0.949985
v -0.095069 0.209844 -0.097374
vn -0.317969 -0.087908 -0.944017
v -0.060692 -0.011360 -0.086204
vn 0.071949 -0.873859 -0.480826
v 0.414728 0.147422 -0.046963
vn -0.040564 0.009830 -0.999129
v 0.279145 0.186095 -0.071754
vn 0.211967 0.825018 -0.523846
v 0.183901 0.236826 -0.046521
vn 0.096732 -0.778748 0.619834
v 0.324855 0.150603 0.004974
vn -0.007813 -0.804847 0.593431
v 0.385273 0.147531 -0.003434
vn 0.080587 -0.876218 0.475129
v 0.322817 0.144889 -0.003183
vn 0.101445 0.993799 -0.045518
v 0.239558 0.235798 -0.024520
vn 0.026346 -0.922856 -0.384243
v 0.320886 0.143301 -0.043109
vn -0.090121 -0.416946 0.904453
v 0.277886 0.167683 0.016801
vn 0.027654 -0.437138 -0.898969
v -0.271409 0.152965 -0.082699
vn -0.966981 -0.241322 0.081920
v -0.121971 0.047997 0.058610
vn -0.888369 -0.094332 0.449336
v -0.123365 0.111761 0.086236
vn 0.486654 -0.050639 0.872126
v 0.176945 0.164302 0.037782
vn 0.101494 0.499091 0.860585
v 0.074839 0.221475 0.045939
vn 0.862256 -0.442313 0.246726
v 0.124370 0.051368 0.076865
vn 0.645266 -0.040037 0.762909
v 0.102001 0.072378 0.126066
vn 0.044294 0.531499 0.845900
v 0.129002 0.230274 0.038132
vn 0.008538 0.768848 0.639375
v 0.107037 0.246618 0.019912
vn 0.602721 0.041409 0.796877
v 0.150229 0.146153 0.057068
vn 0.446407 0.467874 0.762768
v 0.144046 0.134149 0.064594
vn 0.809127 0.381575 0.446895
v 0.133353 -0.081644 0.056100
vn 0.896063 -0.183059 -0.404426
v 0.106534 -0.007942 -0.030816
vn 0.612328 -0.419002 -0.670442
v 0.134962 0.096141 -0.068653
vn 0.204388 0.954673 -0.216393
v 0.147352 0.251907 -0.033525
vn 0.614871 0.134720 -0.777035
v 0.067052 -0.065880 -0.083371
vn 0.663742 -0.401125 -0.631304
v 0.135604 0.089153 -0.063635
vn 0.405790 -0.269157 -0.873435
v 0.112973 0.118238 -0.092676
vn 0.277659 0.041675 -0.959775
v 0.145882 0.181122 -0.087360
vn 0.027299 -0.112044 -0.993328
v 0.004234 0.116856 -0.109475
vn 0.053260 -0.998443 -0.016609
v -0.418850 0.135219 -0.047390
vn 0.027632 -0.113772 0.993123
v -0.517647 0.189389 -0.005378
vn -0.357663 0.094659 0.929041
v -0.167606 0.198016 0.036503
vn -0.346854 -0.226746 0.910098
v -0.193806 0.166027 0.023137
vn 0.002986 0.149003 0.988832
v -0.516462 0.201551 -0.005510
vn -0.133047 -0.540825 0.830546
v -0.497948 0.163283 -0.013820
vn 0.046535 -0.097702 -0.994127
v -0.228111 0.169860 -0.085007
vn 0.104337 0.973366 -0.204139
v -0.420181 0.240399 -0.038134
vn 0.018342 -0.330503 -0.943627
v -0.219120 0.153479 -0.081312
vn -0.320728 -0.132370 0.937876
v -0.186654 0.179893 0.028576
vn -0.054276 -0.739559 -0.670900
v -0.239410 0.136824 -0.070868
vn 0.056259 0.995108 -0.081213
v -0.413614 0.240219 -0.033223
vn -0.027095 -0.670084 -0.741790
v -0.212418 0.135326 -0.070671
vn -0.069765 0.750953 0.656660
v -0.060065 0.227490 0.039061
vn -0.478012 0.574164 0.664710
v -0.115813 0.153939 0.079071
vn 0.091046 0.808778 0.581024
v -0.110401 0.253887 0.015241
vn -0.823067 0.262282 0.503755
v -0.140745 -0.126371 0.062128
vn -0.114259 0.938372 0.326194
v -0.127993 0.260720 0.002623
vn -0.423474 -0.194796 0.884717
v -0.066675 -0.008696 0.102011
vn -0.555314 0.545447 0.627785
v -0.115668 0.122981 0.095154
vn -0.007651 0.695335 0.718645
v -0.037169 0.173767 0.084599
vn 0.125668 0.896252 0.425371
v -0.109490 0.258458 0.006380
vn -0.055450 -0.187871 0.980627
v -0.003558 0.008257 0.119897
vn 0.018559 0.080900 -0.996549
v -0.016759 -0.155689 -0.109643
vn 0.032693 0.262894 -0.964271
v -0.013418 0.207139 -0.102544
vn -0.918212 -0.075058 -0.388913
v -0.110132 0.002450 -0.040572
vn -0.315540 0.176594 -0.932335
v -0.058393 -0.104557 -0.100759
vn -0.801397 -0.122542 -0.585446
v -0.099872 0.000678 -0.057613
vn 0.014173 -0.794564 0.607016
v 0.307167 0.148469 0.003983
vn 0.107833 0.266090 0.957898
v 0.256113 0.204758 0.021146
vn 0.510056 0.187937 0.839359
v 0.094983 -0.132469 0.115923
vn 0.976379 0.203034 0.073897
v 0.149520 -0.114820 0.035733
vn 0.903287 0.301538 -0.305201
v 0.141793 -0.103473 -0.017889
vn 0.892138 0.333178 -0.305095
v 0.140378 -0.096306 -0.014506
vn 0.599597 -0.362950 -0.713267
v 0.124318 0.078946 -0.068365
vn 0.781096 -0.331267 -0.529294
v 0.107527 0.024931 -0.053027
vn 0.119983 0.240964 -0.963089
v 0.061185 0.211563 -0.100368
vn 0.190060 0.094975 -0.977168
v 0.085744 0.168486 -0.102690
vn 0.192249 -0.121169 -0.973837
v 0.076118 0.120554 -0.105105
vn 0.835886 -0.281809 -0.471040
v 0.104160 0.009881 -0.049403
vn 0.017493 0.013418 -0.999757
v 0.036679 0.140246 -0.109706
vn 0.504251 -0.403914 -0.763272
v 0.151528 0.128635 -0.074998
vn -0.059514 0.317701 0.946321
v -0.350988 0.203239 0.013905
vn -0.025753 0.647838 0.761343
v -0.448456 0.235157 -0.010332
vn -0.293299 -0.952302 0.084248
v -0.177936 0.115138 -0.018958
vn -0.267204 0.850285 0.453451
v -0.485472 0.238648 -0.024527
vn -0.484326 0.525134 0.699759
v -0.102024 0.117484 0.111098
vn -0.229337 -0.105163 0.967649
v -0.028312 -0.012841 0.113254
vn -0.114436 0.221713 0.968374
v -0.022196 -0.094720 0.132413
vn -0.138440 0.301962 -0.943214
v -0.069765 0.217667 -0.099649
vn -0.203625 0.369119 -0.906801
v -0.139028 0.213969 -0.086971
vn -0.968196 -0.237234 -0.079473
v -0.124986 0.054558 -0.016651
vn -0.190604 0.110652 -0.975411
v -0.083648 0.178669 -0.104463
vn -0.020691 0.834636 0.550413
v 0.332744 0.230010 0.000120
vn 0.306731 -0.133843 -0.942339
v 0.100271 0.127043 -0.099649
vn -0.059543 -0.791704 0.607996
v -0.301770 0.151717 -0.006704
vn 0.967380 0.230005 0.106181
v 0.151274 -0.124328 0.039539
vn 0.026756 0.315887 -0.948420
v -0.010935 0.235647 -0.093669
vn -0.823485 -0.563766 -0.063570
v -0.135854 0.078903 -0.011224
vn 0.776067 -0.189301 0.601569
v 0.147109 0.116040 0.062703
vn 0.712180 0.244964 0.657869
v 0.107880 0.090878 0.116919
vn -0.026944 0.824169 0.565703
v 0.122510 0.251722 0.013314
vn 0.875136 -0.427449 0.226769
v 0.127872 0.053511 0.067459
vn 0.191925 -0.084617 0.977755
v 0.034058 -0.013349 0.114455
vn 0.792147 -0.452979 -0.409040
v 0.133974 0.065086 -0.047548
vn 0.214903 -0.322449 -0.921870
v 0.067236 0.087182 -0.098126
vn 0.259562 0.183675 -0.948099
v 0.074303 -0.156140 -0.098671
vn -0.037281 -0.948698 0.313980
v -0.437118 0.136111 -0.037273
vn 0.162210 0.240417 0.957020
v -0.527234 0.204271 -0.005499
vn -0.046330 0.373536 0.926458
v -0.333596 0.205692 0.014257
vn 0.072130 0.846916 0.526811
v -0.374782 0.233300 -0.010047
vn 0.001034 -0.512088 -0.858933
v -0.237278 0.145348 -0.077937
vn 0.031184 0.837894 -0.544942
v -0.347471 0.225932 -0.059240
vn -0.279380 0.584402 0.761853
v -0.176065 0.230071 0.021665
vn -0.222240 0.916818 -0.331743
v -0.523053 0.231024 -0.056204
vn -0.007354 0.803078 -0.595828
v -0.281429 0.222617 -0.066945
vn -0.103931 -0.690894 0.715446
v -0.427651 0.150048 -0.016005
vn -0.025378 0.076181 0.996771
v 0.004370 -0.026186 0.117166
vn -0.923012 0.347027 0.166194
v -0.156597 -0.139761 0.029393
vn -0.454991 -0.243488 0.856561
v -0.072353 -0.000564 0.101132
vn -0.970553 -0.236165 -0.047473
v -0.125714 0.054550 -0.005379
vn 0.055903 -0.809136 -0.584956
v 0.338733 0.151017 -0.055300
vn 0.195375 0.972756 0.124797
v 0.221868 0.238028 -0.012861
vn -0.029558 -0.999267 -0.024312
v 0.376402 0.140362 -0.024875
vn 0.017559 0.755567 0.654836
v 0.288610 0.223579 0.006004
vn 0.015324 -0.998835 0.045758
v 0.388279 0.140124 -0.023106
vn -0.101503 0.643631 -0.758575
v 0.482246 0.228563 -0.052064
vn 0.046612 0.189027 -0.980865
v 0.474655 0.204740 -0.061838
vn 0.651946 -0.370125 0.661796
v 0.105568 0.058336 0.119044
vn -0.009615 -0.309285 0.950921
v 0.005387 0.023156 0.123766
vn 0.885179 -0.411464 0.217151
v 0.130171 0.050816 0.052754
vn 0.803550 -0.475372 -0.358231
v 0.122476 0.040888 -0.040952
vn 0.314835 -0.034847 -0.948507
v 0.122725 0.153373 -0.094416
vn 0.812634 -0.426197 -0.397469
v 0.117016 0.033465 -0.043192
vn 0.321160 0.307519 -0.895706
v 0.071291 -0.112661 -0.088798
vn 0.295786 0.065959 -0.952974
v 0.155568 0.185338 -0.084393
vn 0.012684 0.056653 -0.998313
v 0.034973 0.157635 -0.109135
vn 0.154077 0.638716 -0.753858
v -0.489055 0.210309 -0.080664
vn -0.212025 0.515887 0.830003
v -0.205948 0.219969 0.018854
vn -0.132258 -0.978865 -0.155984
v -0.274274 0.132297 -0.054266
vn -0.072511 0.326090 -0.942554
v -0.381301 0.194230 -0.081560
vn -0.078771 0.448759 -0.890175
v -0.366760 0.202462 -0.079128
vn -0.368736 -0.056765 0.927799
v -0.178199 0.185076 0.032411
vn -0.109675 -0.881476 -0.459316
v -0.198049 0.123923 -0.057991
vn -0.012737 -0.661905 -0.749480
v -0.246088 0.140905 -0.074619
vn -0.946171 -0.303971 0.111181
v -0.128926 0.070585 0.042764
vn -0.076360 0.492087 -0.867191
v 0.284140 0.211593 -0.065344
vn 0.041814 -0.820362 -0.570314
v 0.354767 0.150256 -0.052892
vn 0.083464 0.994557 0.062364
v 0.248882 0.234740 -0.019117
vn 0.499099 0.224922 0.836846
v 0.084926 -0.116381 0.118083
vn 0.749815 0.056043 0.659270
v 0.163805 0.137601 0.047400
vn 0.180988 0.885809 0.427299
v 0.072525 0.253961 0.010506
vn 0.011293 -0.314397 0.949224
v 0.034462 0.060896 0.140129
vn 0.612147 0.127107 -0.780462
v 0.103519 -0.122023 -0.079962
vn 0.416655 0.234288 -0.878355
v 0.096323 -0.118012 -0.083593
vn 0.538037 -0.341302 -0.770733
v 0.116278 0.077482 -0.073923
vn -0.027377 -0.421674 0.906334
v -0.515244 0.173092 -0.010237
vn -0.082663 0.119426 0.989396
v -0.451281 0.203068 0.001827
vn -0.647228 0.262522 0.715667
v -0.102542 -0.078174 0.087084
vn -0.923700 -0.142628 0.355579
v -0.142881 0.101589 0.042177
vn -0.088273 0.448644 -0.889340
v -0.025884 0.255800 -0.085458
vn -0.939136 0.211288 -0.270888
v -0.150487 -0.119571 -0.031086
vn -0.896117 0.304468 -0.322915
v -0.118927 -0.032634 -0.023346
vn -0.238629 0.048991 -0.969874
v -0.084119 0.151293 -0.106717
vn -0.469374 -0.134567 -0.872685
v -0.078249 0.017265 -0.081895
vn 0.111700 -0.231704 0.966352
v 0.341257 0.179147 0.022302
vn 0.302719 0.315346 -0.899399
v 0.529789 0.210876 -0.062520
vn 0.054793 0.910544 -0.409766
v 0.429818 0.237913 -0.042837
vn 0.053876 0.866769 0.495790
v 0.359757 0.233381 -0.006378
vn 0.111636 -0.648734 0.752783
v 0.352512 0.160405 0.010445
vn 0.748755 -0.094748 0.656040
v 0.169789 0.136711 0.040537
vn 0.892955 -0.086299 -0.441797
v 0.096169 -0.025410 -0.046645
vn 0.430459 -0.266027 -0.862517
v 0.140827 0.135680 -0.084231
vn 0.174942 -0.191868 -0.965703
v -0.482168 0.167590 -0.093760
vn 0.009877 0.642846 -0.765932
v -0.267045 0.216009 -0.073943
vn -0.067827 -0.821782 -0.565750
v -0.269785 0.138104 -0.069720
vn -0.116780 -0.992827 0.025635
v -0.280540 0.132826 -0.046678
vn 0.048942 -0.946968 -0.317580
v 0.341450 0.142884 -0.039251
vn 0.119909 -0.605963 0.786404
v 0.345019 0.162883 0.013683
vn 0.115349 0.977487 -0.176672
v 0.231183 0.235978 -0.029655
vn 0.202387 0.082446 -0.975829
v 0.093163 0.163962 -0.101618
vn 0.823149 -0.444159 -0.353764
v 0.138795 0.070428 -0.043384
vn -0.056600 0.218012 -0.974303
v -0.008480 -0.064372 -0.100089
vn 0.090284 0.013788 -0.995821
v 0.056206 0.142604 -0.108856
vn 0.842530 0.100592 0.529174
v 0.108825 -0.037409 0.067149
vn 0.831605 -0.545947 -0.101862
v 0.159587 0.092824 -0.008854
vn 0.172668 -0.204637 -0.963488
v -0.471884 0.165958 -0.091244
vn -0.104949 -0.532535 0.839877
v -0.431754 0.164305 -0.005707
vn -0.509386 0.208061 0.835007
v -0.089613 -0.080401 0.096491
vn -0.704276 0.267536 0.657586
v -0.096819 -0.050428 0.080717
vn -0.235962 0.723712 0.648508
v -0.139222 0.244232 0.022083
vn -0.035369 -0.332841 -0.942319
v 0.316119 0.170187 -0.070948
vn -0.052011 0.345353 -0.937031
v 0.278033 0.203654 -0.068205
vn -0.035153 0.200774 -0.979007
v 0.278635 0.195961 -0.070633
vn -0.029186 0.301208 0.953112
v 0.402692 0.206441 0.015069
vn 0.835845 -0.526143 0.156644
v 0.156112 0.089482 0.024651
vn 0.830982 -0.555529 -0.029268
v 0.161881 0.095374 -0.001042
vn 0.152964 -0.268291 -0.951116
v 0.045824 0.071963 -0.097349
vn 0.126508 -0.042961 -0.991035
v 0.062752 0.130241 -0.108016
vn -0.120026 -0.585784 0.801530
v -0.402586 0.161911 -0.003137
vn 0.033345 -0.202204 -0.978776
v -0.223976 0.162365 -0.083727
vn -0.102088 0.994422 0.026530
v -0.254757 0.235993 -0.027153
vn -0.050314 -0.758700 0.649495
v -0.368346 0.157259 -0.003141
vn -0.989395 0.079099 0.121822
v -0.120031 -0.014935 0.026584
vn -0.967624 -0.229716 0.104564
v -0.126810 0.067297 0.054202
vn -0.357112 0.325824 0.875391
v -0.040068 -0.064161 0.118541
vn -0.015656 0.225938 -0.974016
v -0.005710 -0.053648 -0.097599
vn 0.212410 0.977168 -0.004982
v 0.211049 0.240470 -0.017674
vn -0.061394 0.128383 -0.989823
v 0.288233 0.192620 -0.071492
vn -0.640423 0.227768 0.733471
v -0.118271 -0.127697 0.087609
vn -0.010625 -0.432979 0.901342
v 0.002493 0.038946 0.130144
vn -0.082882 0.985738 0.146464
v -0.262472 0.234527 -0.019758
vn 0.096847 -0.504201 0.858139
v 0.329752 0.166367 0.018059
vn 0.441662 0.322342 0.837276
v 0.064555 -0.070060 0.113680
vn 0.950983 0.309132 -0.008244
v 0.123411 -0.037508 0.022761
vn 0.302707 0.694291 -0.652938
v 0.067154 0.254453 -0.077150
vn 0.860321 0.383656 -0.335643
v 0.124510 -0.058503 -0.011033
vn 0.048774 -0.217073 -0.974936
v 0.041206 0.101533 -0.105823
vn -0.171952 0.244029 -0.954402
v -0.158268 0.202089 -0.087025
vn -0.046953 -0.520557 0.852535
v -0.042126 0.046111 0.132074
vn -0.958061 -0.221948 -0.181266
v -0.119936 0.040419 -0.032578
vn 0.019614 0.045991 0.998749
v 0.402937 0.191365 0.017883
vn 0.441555 0.305890 0.843481
v 0.071330 -0.069887 0.110047
vn 0.428930 0.181104 -0.884997
v 0.092358 -0.152781 -0.091210
vn 0.337644 0.185469 -0.922821
v 0.083053 -0.154680 -0.095568
vn 0.447053 0.212987 -0.868781
v 0.064608 -0.108010 -0.090346
vn -0.099662 -0.333495 0.937469
v -0.506852 0.177476 -0.007875
vn -0.055753 -0.721711 0.689945
v -0.360541 0.160484 0.001102
vn -0.113684 -0.550867 0.826814
v -0.420773 0.161748 -0.005938
vn 0.127379 0.608339 -0.783389
v -0.498923 0.206441 -0.085696
vn -0.181405 0.316317 -0.931148
v -0.149406 0.208207 -0.086713
vn -0.046117 0.725587 -0.686584
v -0.246258 0.222362 -0.068253
vn -0.011146 0.736592 0.676245
v -0.065171 0.221392 0.045730
vn -0.851076 0.366047 -0.376404
v -0.124717 -0.063422 -0.043255
vn -0.188733 0.342981 -0.920187
v -0.127995 0.212516 -0.089916
vn -0.211709 0.078598 -0.974167
v -0.081859 0.161083 -0.106606
vn -0.950855 0.258338 -0.170692
v -0.157029 -0.138847 -0.021195
vn -0.196456 0.222368 -0.954965
v -0.031040 -0.083242 -0.099340
vn 0.137217 -0.896835 -0.420545
v 0.440217 0.150510 -0.046070
vn 0.056914 0.933093 -0.355104
v 0.452381 0.238829 -0.037306
vn 0.039514 0.071673 -0.996645
v 0.403480 0.196546 -0.071935
vn 0.164836 0.979044 0.119594
v 0.091575 0.259946 -0.020594
vn 0.429912 0.270943 0.861258
v 0.060637 -0.101159 0.127223
vn 0.011472 -0.434968 0.900373
v 0.012755 0.040226 0.130786
vn 0.676630 0.686812 -0.265447
v 0.056990 0.278297 -0.048416
vn -0.820160 -0.349560 0.452930
v -0.113768 0.055106 0.108652
vn -0.286032 0.239462 -0.927817
v -0.070716 -0.118112 -0.099072
vn -0.942574 -0.248940 -0.222674
v -0.122231 0.056800 -0.040818
vn -0.372975 0.166512 -0.912778
v -0.097679 -0.144858 -0.098002
vn -0.310235 0.648792 0.694855
v 0.525404 0.212360 0.013490
vn 0.112796 0.993481 0.016486
v 0.527368 0.234057 -0.031100
vn 0.069236 -0.235629 0.969374
v 0.020440 0.013866 0.120715
vn 0.008670 0.133157 0.991057
v 0.028360 -0.136128 0.142731
vn -0.009481 0.703463 -0.710669
v -0.257240 0.219631 -0.070550
vn -0.183459 0.124235 -0.975145
v -0.141797 0.193516 -0.091692
vn 0.017074 0.735032 0.677817
v 0.101748 0.240958 0.025887
vn 0.929882 -0.334511 0.153043
v 0.126842 0.030455 0.031685
vn 0.310079 0.871410 -0.380126
v 0.082908 0.258791 -0.062223
vn -0.648551 -0.627108 0.431414
v -0.159293 0.116449 0.017326
vn -0.047482 -0.537185 0.842127
v -0.466676 0.164543 -0.008471
vn -0.800595 0.072936 0.594750
v -0.147645 0.138113 0.049704
vn -0.243361 0.205651 -0.947884
v -0.085762 -0.154500 -0.103809
vn 0.998635 -0.046494 0.023782
v 0.119320 -0.008512 0.022686
vn -0.059548 0.152288 0.986541
v 0.010474 -0.125911 0.140526
vn 0.254177 -0.161501 0.953578
v 0.048978 -0.004384 0.112429
vn 0.108406 -0.021152 -0.993882
v 0.017314 0.007288 -0.092464
vn -0.055697 -0.516097 0.854717
v -0.457462 0.166929 -0.006532
vn -0.037828 0.997248 0.063768
v -0.311857 0.233726 -0.025776
vn -0.021854 0.754857 0.655525
v -0.331688 0.221733 0.002868
vn -0.946227 0.289029 0.145318
v -0.154502 -0.130343 0.022709
vn 0.053909 -0.232454 -0.971112
v 0.028337 0.083317 -0.102138
vn 0.123983 0.992240 -0.009350
v 0.108754 0.257600 -0.019355
vn 0.745393 0.068023 -0.663145
v 0.081154 -0.057536 -0.068789
vn 0.963836 0.264665 -0.031189
v 0.154527 -0.131388 0.013605
vn 0.089889 -0.833358 -0.545376
v -0.437182 0.140743 -0.069363
vn -0.242917 0.854275 0.459571
v -0.135467 0.256940 0.008240
vn -0.915754 0.231418 0.328390
v -0.146432 -0.120514 0.046117
vn -0.933199 0.205185 0.295022
v -0.147071 -0.114414 0.040322
vn 0.083989 0.698832 0.710337
v -0.114398 0.230955 0.037383
vn -0.729286 -0.092483 0.677930
v -0.147074 0.146932 0.050616
vn -0.045619 -0.106758 -0.993238
v -0.027493 0.035928 -0.095064
vn 0.056253 -0.125292 -0.990524
v 0.046898 0.117268 -0.108345
vn -0.065808 0.129189 0.989434
v -0.007470 -0.144960 0.142092
vn -0.942904 -0.331214 -0.035051
v -0.128307 0.063004 -0.000667
vn -0.099107 -0.203402 -0.974067
v -0.044440 0.050861 -0.096352
vn 0.220784 0.083576 -0.971735
v 0.187050 0.189908 -0.074834
vn 0.271317 0.349787 0.896681
v 0.182201 0.214765 0.032511
vn 0.744980 0.388987 0.541935
v 0.102020 -0.056830 0.084127
vn 0.842770 -0.494643 -0.212289
v 0.153455 0.088578 -0.026213
vn -0.571195 -0.631525 -0.524320
v -0.547914 0.161160 -0.067982
vn 0.196389 -0.156023 0.968033
v 0.039485 -0.004451 0.114573
vn -0.016237 0.445502 0.895134
v 0.022571 0.144870 0.107303
vn 0.305235 -0.025178 -0.951944
v 0.172606 0.180018 -0.078673
vn 0.478049 0.666191 -0.572415
v 0.049827 0.273965 -0.066617
vn -0.270744 -0.945569 -0.180547
v -0.521388 0.145360 -0.061252
vn 0.009262 -0.957048 0.289782
v -0.370094 0.140200 -0.032612
vn -0.133449 0.610340 0.780818
v -0.083195 0.162818 0.088436
vn -0.117202 0.702694 0.701773
v -0.131039 0.240921 0.028157
vn -0.145071 -0.119457 -0.982184
v -0.047030 0.030734 -0.092540
vn 0.005105 -0.192194 0.981344
v 0.024201 0.066786 0.141895
vn 0.345105 -0.316540 -0.883575
v 0.094421 0.100691 -0.094699
vn 0.349890 -0.065110 -0.934525
v 0.055793 -0.016048 -0.083545
vn 0.283897 -0.056865 -0.957167
v 0.049626 -0.010781 -0.085914
vn -0.085139 0.144913 0.985775
v -0.022575 -0.131444 0.139094
vn 0.463382 0.572404 -0.676484
v 0.040594 0.281633 -0.065605
vn -0.053790 -0.605824 -0.793778
v -0.388388 0.151420 -0.077039
vn 0.961743 0.248116 -0.116142
v 0.154029 -0.132451 0.003076
vn 0.855771 0.339495 0.390383
v 0.138137 -0.088861 0.053234
vn 0.904479 0.326700 0.274199
v 0.152181 -0.140986 0.060579
vn 0.419695 0.028373 -0.907222
v 0.060782 -0.030732 -0.080807
vn 0.197826 0.978450 -0.059174
v 0.108510 0.257896 -0.036951
vn -0.095948 -0.933421 -0.345715
v -0.257960 0.131989 -0.059806
vn -0.201404 -0.961275 -0.188115
v -0.505259 0.141614 -0.062738
vn -0.044929 0.536040 -0.842996
v -0.316634 0.207552 -0.079044
vn -0.023754 0.792049 0.609995
v -0.075047 0.182812 0.072476
vn 0.080184 0.176080 0.981105
v 0.033941 -0.119364 0.139835
vn 0.849651 0.349739 0.394685
v 0.139118 -0.098723 0.058709
vn 0.872352 -0.478924 -0.098149
v 0.148619 0.074874 -0.009309
vn -0.481811 0.317906 0.816575
v -0.061101 -0.074782 0.111654
vn -0.037830 0.490489 0.870626
v 0.292833 0.211172 0.016052
vn -0.193904 0.247989 -0.949159
v -0.141379 0.203194 -0.089893
vn -0.339264 0.178336 -0.923632
v -0.061720 -0.097768 -0.098243
vn 0.111081 0.117939 0.986788
v 0.038294 -0.141199 0.142881
vn 0.877971 -0.452838 -0.155257
v 0.140241 0.061157 -0.019411
vn 0.853895 -0.469995 -0.223535
v 0.135225 0.055292 -0.028317
vn 0.190018 0.128167 -0.973379
v 0.090870 0.184220 -0.099896
vn -0.453414 0.301152 0.838882
v -0.059751 -0.063751 0.108116
vn 0.452541 -0.027412 0.891322
v 0.121426 0.174934 0.067488
vn -0.283661 0.176675 -0.942509
v -0.054001 -0.111516 -0.103528
vn 0.336036 -0.076983 -0.938698
v 0.143168 0.160095 -0.087781
vn 0.118968 0.947884 -0.295573
v -0.353298 0.233635 -0.044000
vn -0.107744 0.557160 0.823385
v -0.064084 0.160917 0.093281
vn -0.059767 -0.175714 -0.982625
v 0.299632 0.177488 -0.072084
vn 0.301098 0.199322 -0.932529
v 0.156864 0.196459 -0.082434
vn 0.200543 -0.015103 -0.979568
v 0.082794 0.138787 -0.104951
vn -0.126263 0.572570 0.810075
v -0.242097 0.217090 0.014061
vn 0.027542 0.089717 0.995586
v 0.027781 -0.159016 0.145241
vn 0.195538 0.147834 -0.969489
v 0.105559 0.190673 -0.096080
vn -0.042960 0.467945 0.882713
v -0.368719 0.211950 0.009258
vn -0.219708 -0.974216 0.051300
v -0.185643 0.116865 -0.022091
vn 0.184045 0.141734 -0.972645
v 0.082501 0.189562 -0.100764
vn -0.460303 0.327796 0.825028
v -0.054534 -0.069731 0.113413
vn 0.588647 0.004463 0.808378
v 0.139958 0.144645 0.064328
vn -0.418412 -0.666015 0.617540
v -0.184509 0.128802 0.010441
vn 0.003284 -0.316750 -0.948504
v 0.234928 0.168241 -0.066928
vn 0.082051 -0.357580 -0.930271
v 0.217598 0.164960 -0.066658
vn 0.218301 0.924737 -0.311780
v 0.180180 0.244256 -0.032759
vn 0.021816 -0.866191 0.499236
v 0.357108 0.146020 -0.006832
vn 0.059201 0.400694 -0.914297
v 0.046187 0.240141 -0.091617
vn 0.003331 -0.779563 0.626314
v -0.400169 0.147344 -0.016682
vn -0.093664 0.287068 -0.953320
v -0.042350 -0.099325 -0.103014
vn -0.046174 0.677345 0.734215
v 0.304469 0.219414 0.010585
vn 0.295302 -0.096986 -0.950469
v 0.103542 0.134464 -0.099455
vn 0.579187 0.298147 0.758716
v 0.091816 -0.057696 0.095590
vn 0.993934 0.085510 0.069159
v 0.119311 -0.018719 0.028234
vn 0.870787 -0.453740 -0.189342
v 0.145713 0.074886 -0.028034
vn 0.050996 0.676710 -0.734481
v -0.426872 0.223779 -0.065426
vn -0.038912 -0.618529 0.784798
v -0.459126 0.157433 -0.013352
vn 0.610524 -0.047345 0.790581
v 0.130733 0.144081 0.071655
vn 0.089555 0.836791 0.540150
v -0.093601 0.251855 0.015647
vn 0.034798 0.969693 -0.241838
v 0.435894 0.240286 -0.033905
vn 0.919620 0.351333 0.175683
v 0.155201 -0.142376 0.049561
vn -0.122551 -0.623217 0.772387
v -0.067199 0.041830 0.126915
vn -0.039833 0.116292 -0.992416
v -0.043156 -0.159942 -0.109752
vn -0.062049 0.167568 0.983906
v 0.009139 -0.115665 0.138780
vn 0.054849 0.620293 0.782450
v -0.095143 0.245760 0.021748
vn 0.822862 -0.498116 0.273456
v 0.118970 0.044182 0.081069
vn 0.511067 -0.376301 -0.772793
v 0.131928 0.110836 -0.079283
vn 0.000495 0.292938 0.956131
v -0.033571 0.088769 0.140023
vn -0.011367 -0.957343 -0.288732
v 0.271866 0.142407 -0.039038
vn -0.135012 -0.058397 -0.989122
v -0.168380 0.176143 -0.087286
vn 0.834254 0.029434 0.550595
v 0.132100 0.090775 0.083664
vn 0.862701 0.020659 0.505292
v 0.128755 0.086050 0.089224
vn 0.020503 0.354880 0.934687
v -0.520354 0.209730 -0.007798
vn 0.197319 0.328779 -0.923564
v -0.476074 0.190396 -0.090177
vn -0.056206 0.388672 -0.919660
v -0.345285 0.196963 -0.083450
vn 0.025513 -0.912105 -0.409161
v 0.262911 0.144491 -0.045578
vn 0.948083 0.172547 0.267143
v 0.118618 -0.029294 0.042449
vn -0.025426 -0.829021 0.558640
v -0.368544 0.150551 -0.012020
vn -0.011610 0.437093 0.899341
v -0.046445 0.099821 0.135631
vn 0.018339 0.034552 -0.999235
v 0.014271 0.147473 -0.109883
vn -0.025201 0.300103 -0.953574
v 0.025710 0.222784 -0.097887
vn 0.001779 0.418572 0.908182
v -0.054644 0.098460 0.136164
vn 0.794394 0.063744 0.604049
v 0.135139 0.101292 0.077060
vn -0.004513 0.341682 0.939805
v -0.041268 0.092271 0.139070
vn -0.386279 0.320184 -0.865027
v -0.084650 -0.096783 -0.086800
vn 0.791902 0.152819 0.591217
v 0.125946 0.096384 0.090217
vn 0.025612 -0.067845 -0.997367
v 0.010530 0.123078 -0.109836
vn -0.086586 0.560361 -0.823710
v -0.205721 0.219616 -0.072777
vn -0.042336 0.530420 -0.846677
v -0.340668 0.205534 -0.079125
vn -0.040964 -0.055131 -0.997639
v 0.326772 0.183637 -0.074238
vn -0.104080 0.049681 -0.993327
v -0.177362 0.184773 -0.086306
vn 0.431572 -0.256719 -0.864778
v 0.126839 0.127042 -0.088392
vn 0.021182 -0.091517 -0.995578
v 0.020074 0.119975 -0.109381
vn -0.034127 -0.862114 0.505563
v -0.338510 0.147094 -0.016706
vn 0.020621 -0.001529 -0.999786
v -0.000859 0.132836 -0.110426
vn -0.278070 -0.060631 -0.958645
v -0.119043 0.159678 -0.096340
vn 0.304889 0.143928 0.941450
v 0.175323 0.202921 0.037820
vn -0.030486 -0.254437 -0.966609
v 0.326708 0.174633 -0.072892
vn -0.018494 0.204098 0.978776
v 0.399520 0.199132 0.016746
vn -0.047689 -0.954082 0.295726
v -0.333240 0.138635 -0.034424
vn 0.001283 0.158907 0.987293
v 0.026476 -0.125479 0.141057
vn 0.766473 0.189746 -0.613609
v 0.098018 -0.041682 -0.045391
vn -0.059831 0.605309 -0.793739
v -0.333588 0.211516 -0.075412
vn -0.084519 0.122718 -0.988836
v -0.183378 0.190625 -0.085107
vn -0.066451 0.331078 0.941261
v -0.441426 0.217623 -0.000827
vn -0.040326 0.178206 -0.983167
v -0.019014 -0.110901 -0.106722
vn 0.238394 0.918502 0.315472
v 0.170440 0.247565 0.003042
vn 0.472018 -0.346993 -0.810429
v 0.124976 0.110986 -0.083728
vn -0.450794 -0.122120 0.884235
v -0.180507 0.166013 0.029270
vn 0.241466 0.848790 0.470372
v 0.171403 0.243120 0.012371
vn -0.278782 -0.000089 -0.960354
v -0.108701 0.161420 -0.099455
vn 0.440598 -0.295554 -0.847656
v 0.121809 0.117440 -0.088031
vn 0.034184 0.992917 -0.113788
v 0.433088 0.241548 -0.027281
vn -0.607301 0.028261 0.793969
v -0.127834 0.168827 0.066778
vn 0.024034 -0.170297 -0.985100
v -0.000239 0.106662 -0.108090
vn -0.246436 -0.217343 -0.944474
v -0.146943 0.154889 -0.087766
vn -0.008853 0.432633 -0.901527
v 0.351049 0.211991 -0.069179
vn -0.049739 -0.245325 -0.968164
v 0.306519 0.173458 -0.071536
# 6677 vertices, 0 vertices normals

f 3612//3612 6122//6122 472//472
f 9//9 3550//3550 10//10
f 8//8 150//150 11//11
f 20//20 3655//3655 3615//3615
f 25//25 26//26 27//27
f 34//34 4689//4689 35//35
f 3555//3555 1927//1927 3531//3531
f 42//42 43//43 6191//6191
f 6388//6388 56//56 5963//5963
f 59//59 1881//1881 60//60
f 101//101 3541//3541 3542//3542
f 115//115 3546//3546 3547//3547
f 28//28 130//130 131//131
f 136//136 137//137 140//140
f 140//140 141//141 565//565
f 565//565 142//142 140//140
f 5//5 444//444 6//6
f 700//700 444//444 147//147
f 152//152 153//153 6283//6283
f 3529//3529 217//217 154//154
f 24//24 266//266 206//206
f 159//159 22//22 23//23
f 556//556 162//162 161//161
f 168//168 45//45 40//40
f 185//185 415//415 186//186
f 133//133 139//139 138//138
f 139//139 141//141 138//138
f 6530//6530 444//444 700//700
f 10//10 14//14 9//9
f 163//163 209//209 204//204
f 154//154 217//217 3588//3588
f 168//168 36//36 38//38
f 225//225 3738//3738 226//226
f 227//227 514//514 228//228
f 235//235 236//236 237//237
f 6362//6362 184//184 239//239
f 5663//5663 252//252 253//253
f 259//259 203//203 149//149
f 202//202 13//13 198//198
f 17//17 3567//3567 268//268
f 194//194 195//195 269//269
f 207//207 154//154 352//352
f 273//273 265//265 352//352
f 155//155 275//275 276//276
f 279//279 273//273 343//343
f 3611//3611 3774//3774 3678//3678
f 244//244 315//315 316//316
f 416//416 317//317 318//318
f 3751//3751 5975//5975 109//109
f 96//96 3586//3586 3585//3585
f 3563//3563 103//103 3587//3587
f 340//340 6514//6514 341//341
f 22//22 159//159 160//160
f 3578//3578 283//283 284//284
f 353//353 356//356 354//354
f 51//51 403//403 6192//6192
f 5856//5856 3590//3590 3591//3591
f 225//225 226//226 256//256
f 237//237 375//375 518//518
f 74//74 303//303 380//380
f 244//244 381//381 315//315
f 3684//3684 3650//3650 385//385
f 328//328 245//245 3576//3576
f 251//251 189//189 5675//5675
f 459//459 254//254 393//393
f 465//465 395//395 152//152
f 273//273 279//279 396//396
f 351//351 343//343 273//273
f 49//49 3551//3551 47//47
f 303//303 302//302 3600//3600
f 380//380 3580//3580 74//74
f 417//417 3611//3611 3678//3678
f 347//347 521//521 406//406
f 74//74 375//375 302//302
f 375//375 237//237 236//236
f 3608//3608 3609//3609 5865//5865
f 531//531 436//436 401//401
f 241//241 437//437 3640//3640
f 2//2 4//4 1//1
f 2965//2965 3613//3613 3527//3527
f 26//26 214//214 477//477
f 3572//3572 6376//6376 66//66
f 244//244 316//316 243//243
f 3537//3537 87//87 3618//3618
f 3623//3623 3620//3620 3624//3624
f 3541//3541 3625//3625 3626//3626
f 3612//3612 3//3 547//547
f 136//136 461//461 143//143
f 3565//3565 150//150 8//8
f 261//261 262//262 201//201
f 152//152 268//268 465//465
f 397//397 278//278 276//276
f 500//500 498//498 216//216
f 53//53 290//290 5669//5669
f 177//177 466//466 629//629
f 185//185 468//468 378//378
f 5975//5975 3650//3650 456//456
f 533//533 473//473 474//474
f 15//15 2965//2965 3527//3527
f 447//447 204//204 342//342
f 214//214 464//464 271//271
f 464//464 215//215 209//209
f 6550//6550 41//41 479//479
f 3636//3636 3637//3637 3553//3553
f 399//399 486//486 398//398
f 3787//3787 372//372 179//179
f 370//370 413//413 368//368
f 241//241 308//308 5978//5978
f 334//334 488//488 383//383
f 180//180 70//70 243//243
f 326//326 3644//3644 422//422
f 495//495 226//226 3738//3738
f 258//258 497//497 257//257
f 561//561 344//344 157//157
f 209//209 271//271 464//464
f 342//342 209//209 215//215
f 397//397 275//275 208//208
f 346//346 402//402 280//280
f 286//286 480//480 408//408
f 5676//5676 362//362 5657//5657
f 212//212 499//499 435//435
f 371//371 175//175 229//229
f 385//385 234//234 313//313
f 489//489 247//247 388//388
f 3653//3653 388//388 247//247
f 222//222 192//192 3696//3696
f 342//342 215//215 20//20
f 278//278 31//31 164//164
f 3770//3770 210//210 562//562
f 448//448 482//482 512//512
f 337//337 6358//6358 393//393
f 3778//3778 357//357 6192//6192
f 359//359 427//427 403//403
f 235//235 237//237 369//369
f 176//176 229//229 175//175
f 298//298 3660//3660 518//518
f 387//387 419//419 5859//5859
f 3650//3650 3684//3684 456//456
f 205//205 21//21 395//395
f 400//400 357//357 3742//3742
f 408//408 524//524 286//286
f 525//525 428//428 523//523
f 405//405 450//450 228//228
f 515//515 3664//3664 516//516
f 3596//3596 317//317 416//416
f 312//312 506//506 3729//3729
f 404//404 424//424 423//423
f 529//529 528//528 535//535
f 295//295 530//530 3568//3568
f 521//521 531//531 406//406
f 302//302 375//375 432//432
f 375//375 236//236 432//432
f 499//499 274//274 435//435
f 510//510 521//521 51//51
f 347//347 277//277 521//521
f 205//205 342//342 20//20
f 215//215 344//344 3655//3655
f 214//214 271//271 477//477
f 493//493 3643//3643 3670//3670
f 70//70 180//180 6376//6376
f 73//73 243//243 70//70
f 3672//3672 5860//5860 3673//3673
f 496//496 146//146 537//537
f 486//486 517//517 526//526
f 538//538 3654//3654 532//532
f 71//71 3643//3643 5976//5976
f 3657//3657 3599//3599 514//514
f 540//540 541//541 542//542
f 378//378 377//377 543//543
f 242//242 3777//3777 6443//6443
f 301//301 3685//3685 300//300
f 544//544 523//523 398//398
f 525//525 523//523 544//544
f 536//536 451//451 450//450
f 450//450 288//288 536//536
f 3672//3672 3689//3689 3690//3690
f 5975//5975 456//456 84//84
f 85//85 5662//5662 3692//3692
f 467//467 3761//3761 466//466
f 182//182 83//83 3535//3535
f 26//26 206//206 214//214
f 19//19 16//16 14//14
f 14//14 550//550 9//9
f 550//550 17//17 6283//6283
f 479//479 165//165 6550//6550
f 161//161 162//162 500//500
f 363//363 161//161 289//289
f 3775//3775 503//503 3536//3536
f 152//152 6283//6283 268//268
f 194//194 153//153 476//476
f 271//271 209//209 552//552
f 39//39 283//283 210//210
f 3755//3755 524//524 392//392
f 348//348 211//211 429//429
f 3688//3688 450//450 451//451
f 55//55 230//230 553//553
f 3628//3628 172//172 3697//3697
f 329//329 253//253 252//252
f 259//259 267//267 203//203
f 550//550 551//551 9//9
f 551//551 153//153 269//269
f 154//154 207//207 3529//3529
f 18//18 217//217 3529//3529
f 479//479 41//41 167//167
f 316//316 239//239 184//184
f 403//403 358//358 359//359
f 403//403 51//51 483//483
f 363//363 274//274 499//499
f 212//212 213//213 499//499
f 229//229 230//230 452//452
f 245//245 5979//5979 248//248
f 212//212 435//435 169//169
f 427//427 361//361 3778//3778
f 3640//3640 437//437 3611//3611
f 559//559 442//442 443//443
f 559//559 531//531 345//345
f 27//27 26//26 477//477
f 477//477 552//552 270//270
f 5866//5866 3712//3712 5850//5850
f 455//455 469//469 3635//3635
f 107//107 422//422 3644//3644
f 155//155 276//276 204//204
f 3671//3671 3711//3711 3616//3616
f 163//163 552//552 209//209
f 480//480 286//286 554//554
f 317//317 3726//3726 318//318
f 515//515 6285//6285 411//411
f 486//486 6359//6359 398//398
f 537//537 471//471 258//258
f 496//496 258//258 135//135
f 3720//3720 3721//3721 5672//5672
f 5//5 197//197 4//4
f 262//262 21//21 3615//3615
f 3615//3615 205//205 20//20
f 130//130 25//25 27//27
f 131//131 27//27 511//511
f 100//100 6595//6595 3723//3723
f 256//256 120//120 225//225
f 131//131 130//130 27//27
f 133//133 257//257 6500//6500
f 155//155 465//465 156//156
f 222//222 459//459 192//192
f 13//13 199//199 6360//6360
f 550//550 14//14 16//16
f 241//241 5978//5978 437//437
f 5978//5978 382//382 437//437
f 368//368 439//439 235//235
f 315//315 181//181 239//239
f 187//187 327//327 519//519
f 262//262 263//263 21//21
f 552//552 477//477 271//271
f 267//267 341//341 6287//6287
f 354//354 283//283 353//353
f 501//501 294//294 3647//3647
f 238//238 231//231 5982//5982
f 240//240 321//321 3729//3729
f 6566//6566 3783//3783 6575//6575
f 22//22 160//160 350//350
f 154//154 351//351 352//352
f 432//432 236//236 439//439
f 423//423 528//528 529//529
f 3610//3610 508//508 528//528
f 563//563 47//47 6288//6288
f 256//256 123//123 125//125
f 370//370 3730//3730 487//487
f 417//417 433//433 3611//3611
f 3608//3608 3687//3687 6501//6501
f 5914//5914 76//76 73//73
f 510//510 345//345 531//531
f 148//148 193//193 5981//5981
f 132//132 24//24 25//25
f 367//367 3617//3617 453//453
f 54//54 55//55 553//553
f 370//370 368//368 235//235
f 30//30 131//131 481//481
f 481//481 482//482 509//509
f 473//473 197//197 5//5
f 158//158 156//156 465//465
f 165//165 3556//3556 6550//6550
f 444//444 6530//6530 5981//5981
f 6//6 149//149 474//474
f 210//210 211//211 562//562
f 63//63 5985//5985 3729//3729
f 369//369 3660//3660 367//367
f 504//504 3695//3695 493//493
f 289//289 161//161 500//500
f 216//216 3770//3770 562//562
f 336//336 515//515 516//516
f 336//336 545//545 6359//6359
f 295//295 6645//6645 6630//6630
f 538//538 544//544 3654//3654
f 398//398 6359//6359 3654//3654
f 386//386 6501//6501 3687//3687
f 326//326 467//467 327//327
f 399//399 507//507 486//486
f 533//533 547//547 3//3
f 398//398 3654//3654 544//544
f 3677//3677 532//532 3654//3654
f 429//429 5980//5980 430//430
f 336//336 3665//3665 545//545
f 3612//3612 472//472 3//3
f 472//472 197//197 3//3
f 3566//3566 561//561 157//157
f 39//39 3530//3530 284//284
f 46//46 509//509 494//494
f 509//509 482//482 349//349
f 3568//3568 532//532 3737//3737
f 129//129 2861//2861 126//126
f 509//509 30//30 481//481
f 25//25 130//130 132//132
f 462//462 496//496 135//135
f 135//135 143//143 462//462
f 444//444 5981//5981 193//193
f 471//471 196//196 148//148
f 3671//3671 6199//6199 58//58
f 3695//3695 504//504 65//65
f 181//181 384//384 3560//3560
f 461//461 11//11 5973//5973
f 3718//3718 3615//3615 3655//3655
f 201//201 272//272 202//202
f 3566//3566 157//157 266//266
f 273//273 396//396 265//265
f 211//211 354//354 3714//3714
f 3714//3714 429//429 211//211
f 48//48 5654//5654 3553//3553
f 3735//3735 3595//3595 3753//3753
f 329//329 333//333 250//250
f 5663//5663 253//253 112//112
f 138//138 137//137 134//134
f 6287//6287 203//203 267//267
f 152//152 476//476 153//153
f 476//476 263//263 194//194
f 195//195 194//194 340//340
f 260//260 475//475 272//272
f 272//272 201//201 3718//3718
f 264//264 198//198 6287//6287
f 551//551 550//550 6283//6283
f 272//272 6286//6286 260//260
f 254//254 560//560 563//563
f 3639//3639 5974//5974 288//288
f 518//518 414//414 298//298
f 328//328 5664//5664 245//245
f 307//307 3754//3754 3706//3706
f 267//267 463//463 341//341
f 447//447 342//342 205//205
f 355//355 43//43 3530//3530
f 3557//3557 3759//3759 170//170
f 459//459 560//560 254//254
f 5658//5658 255//255 394//394
f 365//365 409//409 3659//3659
f 185//185 186//186 468//468
f 502//502 248//248 5979//5979
f 3707//3707 75//75 3725//3725
f 406//406 531//531 401//401
f 21//21 263//263 476//476
f 273//273 352//352 351//351
f 436//436 425//425 401//401
f 430//430 280//280 402//402
f 427//427 359//359 557//557
f 363//363 402//402 274//274
f 413//413 433//433 368//368
f 513//513 6601//6601 6289//6289
f 524//524 425//425 392//392
f 3755//3755 286//286 524//524
f 394//394 3758//3758 5658//5658
f 405//405 288//288 450//450
f 505//505 469//469 455//455
f 3712//3712 3763//3763 3747//3747
f 3764//3764 3763//3763 5860//5860
f 257//257 133//133 134//134
f 134//134 135//135 257//257
f 5657//5657 557//557 3557//3557
f 60//60 3572//3572 3741//3741
f 114//114 117//117 3548//3548
f 476//476 395//395 21//21
f 523//523 3793//3793 399//399
f 308//308 3809//3809 239//239
f 316//316 315//315 239//239
f 372//372 238//238 3632//3632
f 6355//6355 5663//5663 3766//3766
f 116//116 114//114 6620//6620
f 119//119 128//128 127//127
f 127//127 120//120 119//119
f 463//463 537//537 146//146
f 537//537 258//258 496//496
f 208//208 156//156 478//478
f 22//22 350//350 3588//3588
f 460//460 495//495 3738//3738
f 225//225 484//484 3738//3738
f 394//394 255//255 6642//6642
f 6195//6195 296//296 294//294
f 176//176 3571//3571 229//229
f 416//416 318//318 527//527
f 505//505 3619//3619 3684//3684
f 3610//3610 442//442 508//508
f 131//131 511//511 564//564
f 482//482 5983//5983 349//349
f 3730//3730 370//370 369//369
f 369//369 370//370 235//235
f 381//381 244//244 324//324
f 233//233 313//313 234//234
f 3803//3803 388//388 312//312
f 3606//3606 3604//3604 3767//3767
f 218//218 270//270 552//552
f 296//296 298//298 414//414
f 378//378 468//468 377//377
f 377//377 469//469 505//505
f 515//515 336//336 526//526
f 405//405 228//228 514//514
f 296//296 6195//6195 6387//6387
f 3670//3670 71//71 3745//3745
f 541//541 517//517 542//542
f 539//539 3769//3769 458//458
f 458//458 492//492 539//539
f 135//135 134//134 143//143
f 484//484 121//121 5977//5977
f 222//222 560//560 459//459
f 201//201 202//202 264//264
f 264//264 202//202 198//198
f 478//478 158//158 3567//3567
f 298//298 297//297 3617//3617
f 54//54 553//553 297//297
f 328//328 3803//3803 5664//5664
f 407//407 406//406 401//401
f 74//74 3534//3534 375//375
f 366//366 431//431 3665//3665
f 445//445 13//13 475//475
f 270//270 360//360 477//477
f 3671//3671 3616//3616 3695//3695
f 3701//3701 5670//5670 220//220
f 200//200 3655//3655 344//344
f 98//98 3624//3624 458//458
f 257//257 135//135 258//258
f 390//390 306//306 3698//3698
f 27//27 360//360 511//511
f 256//256 410//410 123//123
f 553//553 230//230 453//453
f 453//453 3617//3617 553//553
f 32//32 5674//5674 3691//3691
f 366//366 365//365 431//431
f 473//473 533//533 3//3
f 474//474 473//473 6//6
f 144//144 10//10 3550//3550
f 3595//3595 3735//3735 3662//3662
f 237//237 518//518 3660//3660
f 138//138 141//141 137//137
f 140//140 137//137 141//141
f 6//6 193//193 149//149
f 208//208 275//275 156//156
f 343//343 498//498 279//279
f 498//498 500//500 162//162
f 170//170 353//353 5972//5972
f 259//259 149//149 193//193
f 145//145 151//151 195//195
f 473//473 3//3 197//197
f 276//276 163//163 204//204
f 3615//3615 21//21 205//205
f 397//397 3577//3577 212//212
f 396//396 556//556 213//213
f 443//443 424//424 3755//3755
f 3530//3530 42//42 41//41
f 210//210 354//354 211//211
f 38//38 36//36 37//37
f 287//287 408//408 480//480
f 495//495 558//558 226//226
f 410//410 256//256 226//226
f 171//171 3639//3639 3732//3732
f 240//240 3762//3762 438//438
f 3775//3775 109//109 503//503
f 5975//5975 84//84 503//503
f 259//259 196//196 267//267
f 196//196 463//463 267//267
f 198//198 13//13 6360//6360
f 261//261 201//201 264//264
f 263//263 262//262 261//261
f 17//17 550//550 16//16
f 5674//5674 435//435 449//449
f 397//397 276//276 275//275
f 155//155 156//156 275//275
f 348//348 430//430 289//289
f 430//430 363//363 289//289
f 3627//3627 364//364 5658//5658
f 175//175 3594//3594 3776//3776
f 3596//3596 416//416 309//309
f 416//416 3634//3634 309//309
f 3652//3652 96//96 3583//3583
f 246//246 189//189 251//251
f 3641//3641 3756//3756 3680//3680
f 334//334 3680//3680 488//488
f 525//525 544//544 538//538
f 532//532 546//546 538//538
f 447//447 155//155 204//204
f 498//498 3645//3645 216//216
f 403//403 483//483 358//358
f 3592//3592 512//512 511//511
f 27//27 477//477 360//360
f 3551//3551 29//29 46//46
f 181//181 315//315 384//384
f 423//423 522//522 404//404
f 213//213 212//212 3577//3577
f 212//212 169//169 397//397
f 406//406 346//346 347//347
f 346//346 280//280 347//347
f 301//301 501//501 409//409
f 502//502 5979//5979 3634//3634
f 430//430 348//348 429//429
f 51//51 521//521 277//277
f 277//277 483//483 51//51
f 437//437 3774//3774 3611//3611
f 418//418 3601//3601 3781//3781
f 193//193 6//6 444//444
f 219//219 5655//5655 166//166
f 3660//3660 298//298 3617//3617
f 3561//3561 3782//3782 3746//3746
f 186//186 415//415 86//86
f 250//250 251//251 329//329
f 6358//6358 192//192 459//459
f 137//137 143//143 134//134
f 146//146 145//145 463//463
f 560//560 222//222 5977//5977
f 133//133 138//138 134//134
f 258//258 471//471 497//497
f 259//259 148//148 196//196
f 496//496 462//462 6410//6410
f 205//205 395//395 447//447
f 478//478 265//265 208//208
f 6617//6617 554//554 286//286
f 358//358 3714//3714 3656//3656
f 3759//3759 359//359 3656//3656
f 3705//3705 3704//3704 3794//3794
f 372//372 62//62 238//238
f 3655//3655 20//20 215//215
f 342//342 204//204 209//209
f 164//164 163//163 278//278
f 278//278 32//32 31//31
f 46//46 29//29 30//30
f 287//287 480//480 448//448
f 277//277 347//347 280//280
f 5674//5674 169//169 435//435
f 246//246 109//109 3775//3775
f 3666//3666 3663//3663 5986//5986
f 92//92 3651//3651 3562//3562
f 6358//6358 3700//3700 6193//6193
f 3696//3696 484//484 222//222
f 348//348 562//562 211//211
f 46//46 30//30 509//509
f 221//221 5658//5658 3658//3658
f 476//476 152//152 395//395
f 465//465 447//447 395//395
f 525//525 538//538 338//338
f 3607//3607 6645//6645 3737//3737
f 423//423 424//424 3610//3610
f 540//540 451//451 536//536
f 3673//3673 5866//5866 3674//3674
f 3788//3788 3748//3748 6124//6124
f 526//526 6359//6359 486//486
f 377//377 505//505 543//543
f 440//440 3762//3762 5985//5985
f 528//528 508//508 5661//5661
f 3659//3659 412//412 3733//3733
f 230//230 55//55 452//452
f 540//540 536//536 452//452
f 3769//3769 3713//3713 3789//3789
f 3537//3537 189//189 3775//3775
f 276//276 278//278 163//163
f 552//552 163//163 164//164
f 354//354 210//210 283//283
f 39//39 284//284 283//283
f 121//121 124//124 3564//3564
f 3596//3596 382//382 317//317
f 181//181 3560//3560 3726//3726
f 82//82 3535//3535 183//183
f 260//260 15//15 3527//3527
f 397//397 169//169 278//278
f 67//67 184//184 3754//3754
f 67//67 180//180 184//184
f 59//59 3791//3791 6121//6121
f 3755//3755 392//392 443//443
f 345//345 441//441 559//559
f 228//228 3688//3688 3719//3719
f 540//540 55//55 541//541
f 79//79 3781//3781 78//78
f 372//372 3787//3787 61//61
f 352//352 265//265 478//478
f 6523//6523 241//241 3640//3640
f 3757//3757 3756//3756 3641//3641
f 3565//3565 5984//5984 151//151
f 6410//6410 151//151 146//146
f 353//353 283//283 3578//3578
f 3578//3578 5972//5972 353//353
f 3646//3646 3786//3786 3599//3599
f 487//487 413//413 370//370
f 557//557 3604//3604 361//361
f 531//531 559//559 436//436
f 443//443 392//392 559//559
f 497//497 471//471 5981//5981
f 3794//3794 293//293 3740//3740
f 3795//3795 3581//3581 3776//3776
f 3742//3742 357//357 3778//3778
f 428//428 3778//3778 3734//3734
f 1//1 4//4 197//197
f 131//131 564//564 481//481
f 551//551 6283//6283 153//153
f 201//201 262//262 3718//3718
f 419//419 3797//3797 3663//3663
f 531//531 521//521 510//510
f 3579//3579 293//293 3661//3661
f 528//528 423//423 3610//3610
f 6198//6198 6612//6612 190//190
f 385//385 543//543 3684//3684
f 207//207 3567//3567 17//17
f 436//436 559//559 392//392
f 29//29 28//28 30//30
f 278//278 169//169 32//32
f 479//479 167//167 34//34
f 6285//6285 541//541 54//54
f 3799//3799 95//95 6623//6623
f 3543//3543 3540//3540 3542//3542
f 3598//3598 3800//3800 3736//3736
f 116//116 117//117 114//114
f 121//121 225//225 120//120
f 256//256 125//125 120//120
f 125//125 122//122 119//119
f 131//131 30//30 28//28
f 136//136 143//143 137//137
f 23//23 22//22 3588//3588
f 108//108 5682//5682 191//191
f 128//128 126//126 2861//2861
f 3550//3550 269//269 5984//5984
f 198//198 6360//6360 203//203
f 26//26 25//25 206//206
f 25//25 24//24 206//206
f 556//556 499//499 213//213
f 157//157 464//464 214//214
f 247//247 3575//3575 306//306
f 254//254 513//513 6289//6289
f 3565//3565 151//151 150//150
f 340//340 341//341 145//145
f 341//341 463//463 145//145
f 260//260 3527//3527 475//475
f 202//202 272//272 475//475
f 475//475 13//13 202//202
f 263//263 340//340 194//194
f 157//157 214//214 266//266
f 214//214 206//206 266//266
f 37//37 3645//3645 160//160
f 159//159 38//38 37//37
f 292//292 3643//3643 3616//3616
f 303//303 74//74 302//302
f 3741//3741 307//307 3791//3791
f 73//73 76//76 75//75
f 467//467 519//519 327//327
f 251//251 250//250 246//246
f 3785//3785 3779//3779 3784//3784
f 338//338 538//538 546//546
f 120//120 127//127 124//124
f 263//263 261//261 6514//6514
f 3714//3714 354//354 356//356
f 353//353 170//170 356//356
f 452//452 536//536 371//371
f 3751//3751 3708//3708 5975//5975
f 3653//3653 312//312 388//388
f 5675//5675 330//330 6196//6196
f 393//393 522//522 337//337
f 268//268 158//158 465//465
f 425//425 285//285 401//401
f 3759//3759 557//557 359//359
f 401//401 285//285 407//407
f 363//363 430//430 402//402
f 411//411 6285//6285 54//54
f 366//366 3685//3685 409//409
f 425//425 524//524 408//408
f 407//407 285//285 426//426
f 3793//3793 3734//3734 3606//3606
f 361//361 3604//3604 3606//3606
f 3665//3665 431//431 3607//3607
f 243//243 73//73 324//324
f 324//324 244//244 243//243
f 442//442 559//559 441//441
f 147//147 5//5 4//4
f 446//446 475//475 3527//3527
f 446//446 534//534 445//445
f 445//445 475//475 446//446
f 6586//6586 31//31 32//32
f 3589//3589 6191//6191 43//43
f 42//42 3530//3530 43//43
f 344//344 215//215 464//464
f 176//176 3581//3581 299//299
f 467//467 466//466 177//177
f 177//177 519//519 467//467
f 316//316 184//184 180//180
f 415//415 185//185 3634//3634
f 460//460 3696//3696 192//192
f 194//194 269//269 153//153
f 471//471 537//537 196//196
f 460//460 3627//3627 224//224
f 484//484 225//225 121//121
f 288//288 405//405 3732//3732
f 232//232 3787//3787 179//179
f 233//233 334//334 314//314
f 242//242 3576//3576 470//470
f 489//489 3576//3576 242//242
f 3721//3721 491//491 3642//3642
f 326//326 327//327 5666//5666
f 326//326 3761//3761 467//467
f 351//351 154//154 3588//3588
f 218//218 31//31 6586//6586
f 5674//5674 32//32 169//169
f 3710//3710 3711//3711 58//58
f 233//233 314//314 313//313
f 330//330 104//104 391//391
f 343//343 350//350 498//498
f 510//510 357//357 400//400
f 400//400 345//345 510//510
f 51//51 357//357 510//510
f 482//482 564//564 512//512
f 448//448 480//480 5983//5983
f 512//512 3592//3592 448//448
f 3686//3686 61//61 3768//3768
f 53//53 3758//3758 3798//3798
f 525//525 3742//3742 428//428
f 436//436 392//392 425//425
f 483//483 277//277 5980//5980
f 429//429 358//358 483//483
f 557//557 361//361 427//427
f 111//111 3779//3779 3785//3785
f 441//441 3669//3669 442//442
f 199//199 534//534 533//533
f 533//533 534//534 547//547
f 3806//3806 367//367 453//453
f 3800//3800 3761//3761 3750//3750
f 463//463 196//196 537//537
f 399//399 3719//3719 507//507
f 540//540 452//452 55//55
f 6195//6195 300//300 3664//3664
f 534//534 12//12 547//547
f 3609//3609 5680//5680 3796//3796
f 3804//3804 6124//6124 3748//3748
f 542//542 517//517 507//507
f 410//410 226//226 558//558
f 305//305 245//245 5664//5664
f 126//126 128//128 119//119
f 426//426 3691//3691 5674//5674
f 502//502 6198//6198 248//248
f 3650//3650 3708//3708 234//234
f 3645//3645 37//37 3728//3728
f 292//292 3740//3740 5976//5976
f 447//447 465//465 155//155
f 3715//3715 5653//5653 3807//3807
f 417//417 3678//3678 438//438
f 5683//5683 3681//3681 3642//3642
f 3719//3719 3793//3793 227//227
f 540//540 542//542 451//451
f 3690//3690 3788//3788 3771//3771
f 546//546 532//532 3568//3568
f 444//444 5//5 147//147
f 80//80 3633//3633 5855//5855
f 478//478 156//156 158//158
f 355//355 3770//3770 3728//3728
f 40//40 44//44 3555//3555
f 425//425 408//408 285//285
f 254//254 563//563 513//513
f 122//122 125//125 123//123
f 514//514 3767//3767 3657//3657
f 237//237 3660//3660 369//369
f 473//473 5//5 6//6
f 484//484 3696//3696 3738//3738
f 314//314 6546//6546 190//190
f 190//190 313//313 314//314
f 120//120 124//124 121//121
f 500//500 562//562 348//348
f 500//500 348//348 289//289
f 562//562 500//500 216//216
f 339//339 3758//3758 394//394
f 3737//3737 3677//3677 3607//3607
f 148//148 259//259 193//193
f 199//199 445//445 534//534
f 218//218 552//552 164//164
f 164//164 31//31 218//218
f 530//530 295//295 6642//6642
f 390//390 3745//3745 306//306
f 5657//5657 3604//3604 557//557
f 522//522 423//423 529//529
f 529//529 337//337 522//522
f 495//495 460//460 224//224
f 3634//3634 185//185 502//502
f 224//224 221//221 3801//3801
f 511//511 512//512 564//564
f 482//482 481//481 564//564
f 494//494 509//509 349//349
f 385//385 313//313 543//543
f 313//313 190//190 543//543
f 508//508 3669//3669 546//546
f 399//399 398//398 523//523
f 523//523 428//428 3734//3734
f 432//432 3762//3762 440//440
f 63//63 6194//6194 3805//3805
f 456//456 3674//3674 84//84
f 13//13 445//445 199//199
f 3577//3577 397//397 208//208
f 3560//3560 3601//3601 318//318
f 3564//3564 6429//6429 5977//5977
f 6500//6500 257//257 497//497
f 491//491 3720//3720 6124//6124
f 6197//6197 62//62 178//178
f 568//568 566//566 139//139
f 133//133 567//567 139//139
f 566//566 4071//4071 565//565
f 3815//3815 3816//3816 3817//3817
f 5713//5713 582//582 579//579
f 3818//3818 3814//3814 5824//5824
f 586//586 3822//3822 584//584
f 587//587 588//588 716//716
f 129//129 1051//1051 602//602
f 603//603 596//596 3823//3823
f 3913//3913 603//603 605//605
f 606//606 605//605 607//607
f 650//650 649//649 3836//3836
f 655//655 3855//3855 657//657
f 662//662 663//663 664//664
f 667//667 665//665 668//668
f 671//671 670//670 675//675
f 684//684 2436//2436 3841//3841
f 683//683 685//685 5899//5899
f 687//687 572//572 4151//4151
f 4051//4051 5703//5703 6563//6563
f 688//688 6563//6563 690//690
f 694//694 693//693 3844//3844
f 700//700 792//792 697//697
f 6500//6500 7//7 573//573
f 729//729 624//624 6521//6521
f 631//631 730//730 632//632
f 656//656 657//657 3855//3855
f 661//661 657//657 656//656
f 733//733 3856//3856 735//735
f 665//665 666//666 663//663
f 664//664 661//661 662//662
f 888//888 742//742 743//743
f 692//692 690//690 5703//5703
f 694//694 692//692 693//693
f 746//746 703//703 1044//1044
f 2//2 1//1 5668//5668
f 6293//6293 5668//5668 704//704
f 697//697 573//573 6530//6530
f 3954//3954 4165//4165 862//862
f 3860//3860 3861//3861 3862//3862
f 776//776 777//777 3867//3867
f 851//851 778//778 779//779
f 784//784 785//785 786//786
f 789//789 6607//6607 790//790
f 573//573 571//571 6500//6500
f 798//798 565//565 4071//4071
f 750//750 787//787 3873//3873
f 3907//3907 3862//3862 3874//3874
f 804//804 3876//3876 3958//3958
f 832//832 829//829 830//830
f 834//834 835//835 836//836
f 838//838 834//834 836//836
f 839//839 840//840 841//841
f 837//837 775//775 4144//4144
f 3837//3837 653//653 6202//6202
f 727//727 645//645 767//767
f 772//772 835//835 837//837
f 855//855 856//856 6007//6007
f 750//750 860//860 861//861
f 1026//1026 861//861 860//860
f 3893//3893 3894//3894 6588//6588
f 601//601 718//718 4000//4000
f 870//870 871//871 959//959
f 758//758 872//872 3880//3880
f 815//815 720//720 920//920
f 599//599 3988//3988 878//878
f 887//887 4172//4172 831//831
f 828//828 737//737 895//895
f 897//897 6250//6250 898//898
f 778//778 851//851 899//899
f 5991//5991 778//778 4059//4059
f 677//677 852//852 931//931
f 741//741 679//679 904//904
f 909//909 910//910 788//788
f 705//705 3890//3890 5993//5993
f 6395//6395 3909//3909 3910//3910
f 6292//6292 811//811 815//815
f 880//880 758//758 3900//3900
f 838//838 836//836 930//930
f 573//573 5992//5992 571//571
f 1025//1025 799//799 1020//1020
f 141//141 139//139 566//566
f 867//867 932//932 933//933
f 4010//4010 3921//3921 4084//4084
f 940//940 895//895 737//737
f 572//572 798//798 6503//6503
f 625//625 768//768 946//946
f 881//881 949//949 950//950
f 951//951 4061//4061 952//952
f 141//141 566//566 565//565
f 3812//3812 3925//3925 578//578
f 3815//3815 3927//3927 3818//3818
f 3814//3814 580//580 3916//3916
f 620//620 4145//4145 3827//3827
f 726//726 884//884 725//725
f 5816//5816 3936//3936 619//619
f 6473//6473 629//629 3828//3828
f 3938//3938 618//618 3939//3939
f 967//967 968//968 969//969
f 740//740 927//927 970//970
f 859//859 971//971 972//972
f 4007//4007 901//901 972//972
f 785//785 973//973 786//786
f 687//687 4151//4151 6563//6563
f 703//703 698//698 699//699
f 716//716 588//588 3849//3849
f 981//981 3912//3912 4024//4024
f 843//843 893//893 928//928
f 898//898 3961//3961 897//897
f 6413//6413 990//990 4093//4093
f 3846//3846 746//746 701//701
f 3957//3957 866//866 3958//3958
f 872//872 6334//6334 3880//3880
f 5995//5995 3978//3978 998//998
f 3828//3828 629//629 727//727
f 6560//6560 926//926 4039//4039
f 652//652 648//648 3834//3834
f 780//780 968//968 4150//4150
f 780//780 990//990 637//637
f 3965//3965 3868//3868 3966//3966
f 789//789 1004//1004 3848//3848
f 750//750 3969//3969 787//787
f 1005//1005 919//919 1006//1006
f 4050//4050 811//811 3976//3976
f 3865//3865 762//762 821//821
f 5685//5685 592//592 3823//3823
f 830//830 3978//3978 832//832
f 1049//1049 3865//3865 724//724
f 4119//4119 831//831 4172//4172
f 890//890 842//842 889//889
f 946//946 1010//1010 1011//1011
f 1012//1012 6250//6250 6203//6203
f 834//834 838//838 1015//1015
f 785//785 784//784 3984//3984
f 903//903 3906//3906 1018//1018
f 932//932 4155//4155 4020//4020
f 867//867 800//800 3951//3951
f 3986//3986 3876//3876 3891//3891
f 3962//3962 5691//5691 3905//3905
f 972//972 901//901 900//900
f 854//854 674//674 4004//4004
f 673//673 6131//6131 3992//3992
f 4088//4088 907//907 910//910
f 6204//6204 1026//1026 1020//1020
f 941//941 3995//3995 3994//3994
f 3912//3912 720//720 3850//3850
f 726//726 5999//5999 4003//4003
f 739//739 930//930 989//989
f 1014//1014 3915//3915 988//988
f 856//856 4004//4004 782//782
f 799//799 570//570 3872//3872
f 4008//4008 3909//3909 3817//3817
f 6295//6295 1028//1028 6292//6292
f 3901//3901 6390//6390 759//759
f 940//940 740//740 1002//1002
f 956//956 3928//3928 4013//4013
f 798//798 4071//4071 6503//6503
f 924//924 949//949 881//881
f 948//948 964//964 951//951
f 944//944 1032//1032 4061//4061
f 952//952 943//943 951//951
f 4066//4066 3811//3811 5711//5711
f 4016//4016 5887//5887 4017//4017
f 3920//3920 5696//5696 871//871
f 6503//6503 1030//1030 4151//4151
f 890//890 6531//6531 1037//1037
f 3825//3825 4027//4027 4019//4019
f 882//882 3975//3975 3900//3900
f 917//917 919//919 918//918
f 839//839 3833//3833 638//638
f 6203//6203 843//843 928//928
f 785//785 858//858 4029//4029
f 6000//6000 6291//6291 998//998
f 1033//1033 1007//1007 4159//4159
f 3928//3928 4036//4036 3943//3943
f 4037//4037 5889//5889 4038//4038
f 6017//6017 1013//1013 897//897
f 4008//4008 1038//1038 4042//4042
f 129//129 600//600 1051//1051
f 885//885 611//611 4043//4043
f 4044//4044 619//619 4045//4045
f 1043//1043 835//835 647//647
f 3846//3846 3953//3953 746//746
f 701//701 6293//6293 3846//3846
f 802//802 787//787 3969//3969
f 630//630 5698//5698 3938//3938
f 629//629 6126//6126 727//727
f 5898//5898 968//968 967//967
f 969//969 4047//4047 1046//1046
f 750//750 861//861 797//797
f 905//905 6204//6204 1020//1020
f 1008//1008 836//836 835//835
f 848//848 1015//1015 838//838
f 4055//4055 3837//3837 4094//4094
f 897//897 3961//3961 4057//4057
f 1014//1014 988//988 1016//1016
f 913//913 5708//5708 3908//3908
f 1005//1005 3920//3920 920//920
f 567//567 568//568 139//139
f 587//587 936//936 6001//6001
f 4061//4061 951//951 3924//3924
f 970//970 927//927 4093//4093
f 1044//1044 3859//3859 747//747
f 4067//4067 3929//3929 6335//6335
f 780//780 969//969 968//968
f 762//762 3997//3997 4069//4069
f 5697//5697 4092//4092 612//612
f 887//887 829//829 832//832
f 4129//4129 3824//3824 4070//4070
f 3940//3940 4074//4074 824//824
f 133//133 571//571 567//567
f 3897//3897 6336//6336 3986//3986
f 3822//3822 4083//4083 3974//3974
f 724//724 821//821 723//723
f 4075//4075 926//926 4002//4002
f 972//972 971//971 4007//4007
f 5945//5945 4037//4037 721//721
f 728//728 1049//1049 3948//3948
f 761//761 1001//1001 1049//1049
f 758//758 3880//3880 882//882
f 974//974 4079//4079 6004//6004
f 697//697 792//792 795//795
f 715//715 714//714 6588//6588
f 3864//3864 3974//3974 6005//6005
f 4083//4083 3822//3822 586//586
f 1043//1043 841//841 840//840
f 1043//1043 647//647 841//841
f 1008//1008 835//835 1043//1043
f 1043//1043 840//840 1008//1008
f 842//842 892//892 889//889
f 4076//4076 3867//3867 649//649
f 1017//1017 931//931 3984//3984
f 1024//1024 857//857 5705//5705
f 794//794 1047//1047 905//905
f 797//797 4164//4164 750//750
f 933//933 6015//6015 706//706
f 737//737 850//850 940//940
f 677//677 899//899 853//853
f 573//573 6569//6569 5992//5992
f 3919//3919 801//801 3893//3893
f 920//920 918//918 1005//1005
f 1040//1040 879//879 3902//3902
f 625//625 926//926 768//768
f 3906//3906 900//900 1018//1018
f 903//903 1018//1018 855//855
f 799//799 905//905 1020//1020
f 3932//3932 4087//4087 4086//4086
f 819//819 3901//3901 818//818
f 3923//3923 938//938 945//945
f 909//909 1030//1030 4088//4088
f 4173//4173 4088//4088 953//953
f 662//662 661//661 658//658
f 6293//6293 701//701 975//975
f 5713//5713 579//579 5871//5871
f 4017//4017 4073//4073 6003//6003
f 4048//4048 3940//3940 3979//3979
f 927//927 739//739 989//989
f 836//836 1008//1008 989//989
f 6353//6353 751//751 4166//4166
f 3837//3837 3963//3963 4094//4094
f 651//651 734//734 3856//3856
f 1052//1052 652//652 651//651
f 3859//3859 797//797 793//793
f 797//797 3859//3859 862//862
f 789//789 3875//3875 6607//6607
f 3980//3980 6013//6013 4097//4097
f 1022//1022 893//893 842//842
f 843//843 844//844 893//893
f 1027//1027 4006//4006 1017//1017
f 1009//1009 737//737 828//828
f 4101//4101 994//994 959//959
f 838//838 929//929 848//848
f 905//905 799//799 3872//3872
f 6561//6561 6014//6014 4105//4105
f 4169//4169 3829//3829 4044//4044
f 1030//1030 909//909 6552//6552
f 788//788 1050//1050 909//909
f 6652//6652 4009//4009 4023//4023
f 1033//1033 4017//4017 6003//6003
f 4106//4106 4013//4013 3908//3908
f 1051//1051 599//599 598//598
f 748//748 906//906 1026//1026
f 566//566 568//568 4071//4071
f 954//954 569//569 570//570
f 956//956 4042//4042 6134//6134
f 3821//3821 591//591 6674//6674
f 627//627 3830//3830 4114//4114
f 1027//1027 784//784 6010//6010
f 3841//3841 786//786 684//684
f 6530//6530 700//700 697//697
f 796//796 795//795 792//792
f 796//796 792//792 702//702
f 792//792 147//147 702//702
f 1003//1003 894//894 3961//3961
f 667//667 666//666 665//665
f 740//740 940//940 739//739
f 766//766 825//825 1001//1001
f 6252//6252 659//659 5894//5894
f 899//899 903//903 778//778
f 769//769 771//771 5991//5991
f 863//863 793//793 1047//1047
f 789//789 790//790 1004//1004
f 3848//3848 3858//3858 789//789
f 834//834 1015//1015 837//837
f 1013//1013 1014//1014 844//844
f 855//855 5702//5702 856//856
f 4165//4165 6011//6011 4164//4164
f 1045//1045 790//790 3952//3952
f 1044//1044 747//747 1019//1019
f 3999//3999 6444//6444 4120//4120
f 3904//3904 6294//6294 888//888
f 888//888 743//743 1037//1037
f 940//940 1002//1002 895//895
f 770//770 5997//5997 895//895
f 926//926 625//625 6568//6568
f 1025//1025 908//908 6516//6516
f 907//907 908//908 910//910
f 1005//1005 5696//5696 3920//3920
f 4103//4103 5890//5890 4009//4009
f 3939//3939 618//618 938//938
f 618//618 5999//5999 937//937
f 5890//5890 934//934 4121//4121
f 6337//6337 4122//4122 4090//4090
f 3924//3924 964//964 3937//3937
f 6582//6582 6583//6583 995//995
f 3851//3851 616//616 3852//3852
f 3914//3914 925//925 924//924
f 3992//3992 4123//4123 674//674
f 1027//1027 1017//1017 784//784
f 953//953 1030//1030 6503//6503
f 3954//3954 862//862 1048//1048
f 1034//1034 4026//4026 4124//4124
f 763//763 998//998 6291//6291
f 643//643 634//634 833//833
f 3833//3833 839//839 833//833
f 1014//1014 1023//1023 3915//3915
f 4005//4005 3831//3831 4125//4125
f 990//990 5996//5996 4093//4093
f 5996//5996 5699//5699 4093//4093
f 992//992 5880//5880 3970//3970
f 3955//3955 6296//6296 3971//3971
f 959//959 5696//5696 4101//4101
f 728//728 3948//3948 925//925
f 3960//3960 1036//1036 825//825
f 948//948 1010//1010 946//946
f 1037//1037 1011//1011 1010//1010
f 832//832 3978//3978 5995//5995
f 3981//3981 1003//1003 3961//3961
f 1015//1015 848//848 3962//3962
f 775//775 837//837 1015//1015
f 4172//4172 827//827 4119//4119
f 910//910 909//909 4088//4088
f 770//770 895//895 1002//1002
f 953//953 4088//4088 1030//1030
f 4109//4109 4133//4133 4108//4108
f 617//617 765//765 4043//4043
f 793//793 861//861 6204//6204
f 834//834 837//837 835//835
f 772//772 647//647 835//835
f 943//943 947//947 948//948
f 883//883 725//725 884//884
f 6001//6001 917//917 981//981
f 977//977 864//864 4138//4138
f 6015//6015 991//991 4138//4138
f 4138//4138 864//864 906//906
f 979//979 4113//4113 980//980
f 821//821 4069//4069 5706//5706
f 6474//6474 3848//3848 1004//1004
f 612//612 6118//6118 614//614
f 729//729 623//623 622//622
f 2422//2422 904//904 679//679
f 679//679 741//741 4007//4007
f 1048//1048 703//703 699//699
f 2//2 6293//6293 975//975
f 6247//6247 913//913 4067//4067
f 1012//1012 826//826 898//898
f 3949//3949 5712//5712 4141//4141
f 4095//4095 3834//3834 4141//4141
f 1052//1052 651//651 655//655
f 863//863 747//747 793//793
f 5989//5989 705//705 5993//5993
f 6671//6671 3892//3892 6296//6296
f 898//898 4127//4127 3961//3961
f 649//649 847//847 3835//3835
f 847//847 4142//4142 3835//3835
f 973//973 684//684 786//786
f 786//786 3841//3841 6010//6010
f 791//791 4051//4051 6563//6563
f 6563//6563 6552//6552 791//791
f 3888//3888 794//794 6569//6569
f 697//697 795//795 6569//6569
f 3944//3944 582//582 3864//3864
f 877//877 593//593 5685//5685
f 873//873 6392//6392 819//819
f 898//898 6250//6250 1012//1012
f 1012//1012 827//827 826//826
f 887//887 831//831 829//829
f 845//845 3886//3886 3981//3981
f 815//815 3920//3920 6292//6292
f 1022//1022 928//928 893//893
f 851//851 853//853 899//899
f 677//677 3906//3906 899//899
f 902//902 3983//3983 3942//3942
f 1025//1025 864//864 908//908
f 803//803 791//791 1050//1050
f 836//836 989//989 930//930
f 932//932 867//867 3951//3951
f 4020//4020 991//991 932//932
f 4149//4149 4023//4023 4065//4065
f 809//809 5994//5994 595//595
f 4088//4088 4173//4173 907//907
f 945//945 938//938 939//939
f 3924//3924 951//951 964//964
f 951//951 943//943 948//948
f 950//950 944//944 881//881
f 1038//1038 3816//3816 4112//4112
f 600//600 599//599 1051//1051
f 765//765 617//617 4111//4111
f 693//693 692//692 5703//5703
f 4139//4139 3982//3982 4125//4125
f 4128//4128 4040//4040 743//743
f 4087//4087 3932//3932 4146//4146
f 6334//6334 872//872 873//873
f 946//946 1011//1011 625//625
f 1011//1011 4040//4040 625//625
f 740//740 739//739 927//927
f 4015//4015 5709//5709 752//752
f 821//821 724//724 3865//3865
f 605//605 4092//4092 3977//3977
f 887//887 732//732 4172//4172
f 1037//1037 743//743 1011//1011
f 1009//1009 889//889 6139//6139
f 842//842 893//893 892//892
f 931//931 1017//1017 971//971
f 971//971 859//859 931//931
f 4028//4028 673//673 3992//3992
f 5702//5702 855//855 4154//4154
f 796//796 975//975 1019//1019
f 4084//4084 5686//5686 939//939
f 1012//1012 4119//4119 827//827
f 906//906 864//864 1025//1025
f 992//992 3993//3993 6016//6016
f 760//760 3959//3959 4003//4003
f 988//988 5998//5998 850//850
f 850//850 1016//1016 988//988
f 971//971 1017//1017 4006//4006
f 4113//4113 979//979 6364//6364
f 6547//6547 809//809 3999//3999
f 773//773 1022//1022 6661//6661
f 760//760 3903//3903 3959//3959
f 965//965 987//987 627//627
f 5714//5714 4022//4022 6142//6142
f 1011//1011 743//743 4040//4040
f 3980//3980 6524//6524 3989//3989
f 1013//1013 844//844 843//843
f 983//983 4108//4108 880//880
f 1033//1033 719//719 1007//1007
f 719//719 1040//1040 3902//3902
f 6364//6364 958//958 5892//5892
f 772//772 4095//4095 647//647
f 767//767 3991//3991 727//727
f 4069//4069 821//821 762//762
f 966//966 730//730 6205//6205
f 5883//5883 6006//6006 845//845
f 847//847 3885//3885 4142//4142
f 630//630 3937//3937 4075//4075
f 4048//4048 3979//3979 6014//6014
f 617//617 4043//4043 611//611
f 6297//6297 4052//4052 3894//3894
f 624//624 622//622 4082//4082
f 773//773 928//928 1022//1022
f 839//839 638//638 840//840
f 6412//6412 1008//1008 840//840
f 890//890 1037//1037 947//947
f 3984//3984 852//852 858//858
f 677//677 853//853 852//852
f 860//860 750//750 3873//3873
f 1006//1006 919//919 4080//4080
f 623//623 626//626 622//622
f 4012//4012 914//914 4106//4106
f 599//599 600//600 1042//1042
f 600//600 601//601 1042//1042
f 4143//4143 656//656 3855//3855
f 929//929 988//988 3915//3915
f 4035//4035 5892//5892 4104//4104
f 975//975 701//701 1019//1019
f 732//732 1036//1036 3960//3960
f 3848//3848 710//710 3858//3858
f 884//884 4026//4026 4137//4137
f 4069//4069 982//982 5697//5697
f 4000//4000 1042//1042 601//601
f 3831//3831 4005//4005 4130//4130
f 4122//4122 6337//6337 4014//4014
f 6207//6207 4155//4155 3951//3951
f 799//799 1025//1025 6516//6516
f 798//798 142//142 565//565
f 1006//1006 4101//4101 5696//5696
f 599//599 878//878 598//598
f 611//611 885//885 3935//3935
f 620//620 6521//6521 624//624
f 964//964 946//946 768//768
f 623//623 3828//3828 626//626
f 5879//5879 5894//5894 4091//4091
f 736//736 664//664 663//663
f 662//662 659//659 663//663
f 738//738 4161//4161 3839//3839
f 573//573 697//697 6569//6569
f 1044//1044 1019//1019 701//701
f 6293//6293 704//704 3846//3846
f 587//587 4107//4107 588//588
f 611//611 3935//3935 721//721
f 3948//3948 1049//1049 1001//1001
f 763//763 6291//6291 3948//3948
f 746//746 1044//1044 701//701
f 609//609 4134//4134 4162//4162
f 4049//4049 4073//4073 4162//4162
f 775//775 3962//3962 774//774
f 700//700 147//147 792//792
f 955//955 911//911 3926//3926
f 4152//4152 865//865 4098//4098
f 815//815 811//811 4116//4116
f 818//818 3997//3997 4046//4046
f 928//928 773//773 6203//6203
f 739//739 940//940 5998//5998
f 1026//1026 6204//6204 861//861
f 793//793 797//797 861//861
f 803//803 3952//3952 4058//4058
f 4148//4148 5994//5994 809//809
f 804//804 6253//6253 4166//4166
f 624//624 729//729 622//622
f 3983//3983 4154//4154 3942//3942
f 6128//6128 4004//4004 4123//4123
f 6474//6474 788//788 910//910
f 819//819 822//822 873//873
f 5875//5875 728//728 3914//3914
f 5699//5699 770//770 970//970
f 838//838 930//930 929//929
f 3964//3964 5990//5990 4158//4158
f 878//878 4167//4167 936//936
f 937//937 4010//4010 4084//4084
f 4083//4083 586//586 4118//4118
f 780//780 637//637 969//969
f 587//587 6001//6001 4107//4107
f 833//833 839//839 643//643
f 3854//3854 644//644 642//642
f 4020//4020 710//710 991//991
f 863//863 1019//1019 747//747
f 1006//1006 4080//4080 4101//4101
f 763//763 3948//3948 1001//1001
f 732//732 887//887 1036//1036
f 3884//3884 4115//4115 5704//5704
f 3837//3837 774//774 3963//3963
f 5880//5880 6016//6016 3869//3869
f 578//578 4066//4066 4112//4112
f 919//919 1005//1005 918//918
f 6661//6661 3922//3922 830//830
f 6002//6002 802//802 4147//4147
f 581//581 6395//6395 4168//4168
f 6540//6540 1029//1029 3994//3994
f 923//923 4078//4078 982//982
f 1014//1014 1013//1013 6017//6017
f 598//598 936//936 4085//4085
f 5959//5959 1051//1051 598//598
f 954//954 568//568 567//567
f 820//820 950//950 6000//6000
f 868//868 4067//4067 6207//6207
f 4000//4000 3988//3988 1042//1042
f 763//763 1001//1001 825//825
f 1033//1033 4159//4159 4016//4016
f 1010//1010 947//947 1037//1037
f 4956//4956 3819//3819 3820//3820
f 6524//6524 824//824 4045//4045
f 3865//3865 1049//1049 5875//5875
f 902//902 4099//4099 1024//1024
f 4140//4140 4170//4170 4171//4171
f 4170//4170 693//693 3871//3871
f 3967//3967 5870//5870 3843//3843
f 6016//6016 3889//3889 3870//3870
f 3927//3927 4168//4168 6639//6639
f 942//942 5886//5886 4063//4063
f 820//820 6000//6000 998//998
f 673//673 986//986 6131//6131
f 1020//1020 1026//1026 906//906
f 3879//3879 6003//6003 3882//3882
f 3930//3930 3931//3931 765//765
f 693//693 5688//5688 3871//3871
f 4082//4082 761//761 4145//4145
f 6204//6204 905//905 1047//1047
f 794//794 3888//3888 1047//1047
f 3920//3920 815//815 920//920
f 568//568 954//954 4173//4173
f 953//953 568//568 4173//4173
f 570//570 907//907 4173//4173
f 829//829 831//831 773//773
f 3965//3965 678//678 4163//4163
f 936//936 598//598 878//878
f 6552//6552 4151//4151 1030//1030
f 4153//4153 4156//4156 6640//6640
f 4054//4054 4105//4105 4097//4097
f 953//953 6503//6503 4071//4071
f 4160//4160 3838//3838 4143//4143
f 967//967 969//969 1046//1046
f 4150//4150 779//779 6393//6393
f 882//882 5689//5689 883//883
f 763//763 825//825 1036//1036
f 763//763 1036//1036 5995//5995
f 831//831 4119//4119 6203//6203
f 782//782 6007//6007 856//856
f 1019//1019 863//863 796//796
f 4000//4000 6444//6444 595//595
f 902//902 901//901 3857//3857
f 788//788 6474//6474 1004//1004
f 1004//1004 790//790 1045//1045
f 633//633 986//986 631//631
f 3954//3954 699//699 696//696
f 699//699 3954//3954 1048//1048
f 1032//1032 6430//6430 952//952
f 952//952 4061//4061 1032//1032
f 860//860 3873//3873 706//706
f 706//706 748//748 860//860
f 948//948 946//946 964//964
f 1035//1035 3821//3821 4174//4174
f 641//641 4056//4056 767//767
f 678//678 858//858 4163//4163
f 3984//3984 931//931 852//852
f 734//734 651//651 3834//3834
f 796//796 3888//3888 795//795
f 1055//1055 1056//1056 1057//1057
f 1058//1058 1593//1593 6517//6517
f 1065//1065 1064//1064 1066//1066
f 5719//5719 4178//4178 1067//1067
f 4208//4208 4183//4183 5720//5720
f 1095//1095 1099//1099 1094//1094
f 1119//1119 1102//1102 1103//1103
f 1116//1116 1117//1117 6366//6366
f 1123//1123 1124//1124 1154//1154
f 1127//1127 1135//1135 1128//1128
f 1129//1129 1127//1127 1128//1128
f 1135//1135 1136//1136 1137//1137
f 1133//1133 4192//4192 4471//4471
f 1145//1145 1146//1146 1233//1233
f 1174//1174 6548//6548 6020//6020
f 1235//1235 1157//1157 1158//1158
f 1160//1160 4195//4195 1124//1124
f 1790//1790 1162//1162 1163//1163
f 1742//1742 1167//1167 1166//1166
f 1128//1128 1167//1167 1129//1129
f 1172//1172 1173//1173 1176//1176
f 2364//2364 4197//4197 2360//2360
f 1187//1187 5900//5900 6629//6629
f 4590//4590 4180//4180 1196//1196
f 1200//1200 5902//5902 1199//1199
f 1252//1252 1202//1202 4176//4176
f 1202//1202 1252//1252 5762//5762
f 1062//1062 1204//1204 1843//1843
f 1209//1209 1210//1210 1211//1211
f 1088//1088 4187//4187 1096//1096
f 1102//1102 6533//6533 1220//1220
f 1088//1088 5724//5724 4187//4187
f 1353//1353 1221//1221 1222//1222
f 1228//1228 1621//1621 1126//1126
f 4192//4192 1133//1133 1142//1142
f 1144//1144 1146//1146 1149//1149
f 1151//1151 1762//1762 1234//1234
f 1166//1166 1120//1120 1161//1161
f 6525//6525 1121//1121 4216//4216
f 4359//4359 1165//1165 1237//1237
f 1133//1133 1129//1129 1169//1169
f 1239//1239 1075//1075 6018//6018
f 1259//1259 4370//4370 1260//1260
f 1267//1267 4213//4213 1268//1268
f 1274//1274 1275//1275 1276//1276
f 1098//1098 1276//1276 1275//1275
f 1144//1144 1233//1233 1146//1146
f 1156//1156 1125//1125 4228//4228
f 4519//4519 6254//6254 6300//6300
f 1318//1318 1319//1319 4255//4255
f 1246//1246 4220//4220 1324//1324
f 1322//1322 1321//1321 4236//4236
f 4175//4175 4237//4237 6144//6144
f 4349//4349 1794//1794 1207//1207
f 1330//1330 1331//1331 1332//1332
f 1710//1710 1333//1333 1711//1711
f 1265//1265 6034//6034 1337//1337
f 1339//1339 1340//1340 1341//1341
f 1341//1341 1343//1343 1339//1339
f 1359//1359 1360//1360 1361//1361
f 1696//1696 1365//1365 1366//1366
f 1367//1367 1284//1284 4246//4246
f 1289//1289 1284//1284 1368//1368
f 5743//5743 4534//4534 1374//1374
f 1377//1377 1378//1378 1379//1379
f 1376//1376 1381//1381 1232//1232
f 1164//1164 1237//1237 1165//1165
f 1170//1170 1157//1157 4359//4359
f 1392//1392 1393//1393 4250//4250
f 1313//1313 1394//1394 1395//1395
f 4199//4199 1396//1396 4251//4251
f 4569//4569 5756//5756 1403//1403
f 1411//1411 1262//1262 1261//1261
f 6311//6311 4255//4255 1319//1319
f 1069//1069 4368//4368 1415//1415
f 4297//4297 4517//4517 1418//1418
f 1419//1419 1420//1420 1421//1421
f 1257//1257 1422//1422 6021//6021
f 1425//1425 1648//1648 1426//1426
f 1433//1433 1773//1773 4256//4256
f 1424//1424 1447//1447 1448//1448
f 1112//1112 1369//1369 1113//1113
f 1470//1470 1466//1466 1471//1471
f 1477//1477 4266//4266 4470//4470
f 1226//1226 1111//1111 4215//4215
f 4196//4196 1482//1482 1483//1483
f 4196//4196 4618//4618 1482//1482
f 4578//4578 4651//4651 1484//1484
f 1487//1487 1743//1743 6023//6023
f 1498//1498 1402//1402 1325//1325
f 1499//1499 1247//1247 1321//1321
f 1499//1499 4235//4235 1247//1247
f 1324//1324 1408//1408 1246//1246
f 4574//4574 1211//1211 1210//1210
f 4550//4550 1335//1335 1179//1179
f 1086//1086 1214//1214 1085//1085
f 1510//1510 1114//1114 1511//1511
f 1521//1521 1522//1522 4282//4282
f 4281//4281 1513//1513 1524//1524
f 1525//1525 4266//4266 1477//1477
f 1526//1526 1132//1132 1527//1527
f 1324//1324 1405//1405 4286//4286
f 1535//1535 1407//1407 1536//1536
f 1537//1537 6401//6401 1501//1501
f 1532//1532 1531//1531 1490//1490
f 6045//6045 1542//1542 6027//6027
f 6401//6401 1205//1205 1501//1501
f 1243//1243 4487//4487 4292//4292
f 1550//1550 1524//1524 6306//6306
f 4403//4403 1439//1439 1553//1553
f 1556//1556 1472//1472 1473//1473
f 1105//1105 1106//1106 4500//4500
f 1439//1439 1567//1567 1440//1440
f 1553//1553 1568//1568 1569//1569
f 4430//4430 1360//1360 1359//1359
f 4530//4530 1361//1361 1570//1570
f 1574//1574 6029//6029 1147//1147
f 1555//1555 1579//1579 1580//1580
f 4303//4303 5905//5905 4304//4304
f 1517//1517 1519//1519 1359//1359
f 1571//1571 4301//4301 1573//1573
f 1255//1255 1596//1596 1204//1204
f 1213//1213 4209//4209 1602//1602
f 1604//1604 1605//1605 1435//1435
f 1270//1270 1269//1269 4483//4483
f 1617//1617 1363//1363 4488//4488
f 1625//1625 6029//6029 1626//1626
f 1151//1151 1150//1150 4317//4317
f 1486//1486 1619//1619 5964//5964
f 1619//1619 1486//1486 1384//1384
f 1632//1632 1297//1297 4229//4229
f 1128//1128 1166//1166 1167//1167
f 4604//4604 5747//5747 1183//1183
f 1191//1191 4198//4198 6434//6434
f 1068//1068 4219//4219 1197//1197
f 1536//1536 1322//1322 1535//1535
f 4520//4520 4322//4322 4204//4204
f 1054//1054 4204//4204 4207//4207
f 1200//1200 1326//1326 4958//4958
f 1502//1502 4553//4553 1645//1645
f 1207//1207 1327//1327 1795//1795
f 1072//1072 6449//6449 1074//1074
f 4574//4574 1649//1649 1543//1543
f 6042//6042 5723//5723 1215//1215
f 4374//4374 1651//1651 1652//1652
f 1422//1422 1257//1257 1653//1653
f 1373//1373 6344//6344 1657//1657
f 1555//1555 1580//1580 1575//1575
f 1555//1555 1473//1473 1472//1472
f 1575//1575 1659//1659 1576//1576
f 4227//4227 1294//1294 6632//6632
f 4197//4197 1664//1664 1665//1665
f 1192//1192 5970//5970 1641//1641
f 1179//1179 4278//4278 4333//4333
f 5720//5720 1605//1605 4208//4208
f 1339//1339 1091//1091 4211//4211
f 1365//1365 1670//1670 1366//1366
f 1671//1671 1277//1277 4503//4503
f 1786//1786 6597//6597 1424//1424
f 1111//1111 1452//1452 1103//1103
f 1114//1114 4244//4244 1614//1614
f 1134//1134 1620//1620 4316//4316
f 1228//1228 1160//1160 1621//1621
f 1123//1123 1295//1295 1124//1124
f 6147//6147 1236//1236 1525//1525
f 1281//1281 4589//4589 4480//4480
f 4596//4596 4595//4595 1673//1673
f 4544//4544 4568//4568 4342//4342
f 1394//1394 1313//1313 1391//1391
f 1493//1493 1402//1402 4650//4650
f 1684//1684 1335//1335 1636//1636
f 4517//4517 1645//1645 4426//4426
f 1595//1595 1057//1057 1056//1056
f 4658//4658 1055//1055 4349//4349
f 1689//1689 1333//1333 1203//1203
f 1494//1494 1399//1399 4569//4569
f 1341//1341 4239//4239 4299//4299
f 1692//1692 1351//1351 4355//4355
f 1225//1225 6149//6149 4356//4356
f 4532//4532 1698//1698 1613//1613
f 1699//1699 1572//1572 1700//1700
f 1147//1147 1148//1148 1574//1574
f 1624//1624 4247//4247 1375//1375
f 1233//1233 1232//1232 1145//1145
f 1677//1677 1162//1162 4318//4318
f 1706//1706 4485//4485 1388//1388
f 1163//1163 1390//1390 4249//4249
f 1562//1562 1707//1707 1077//1077
f 4571//4571 1499//1499 1321//1321
f 1401//1401 1303//1303 4399//4399
f 4271//4271 4273//4273 1496//1496
f 1091//1091 4363//4363 4184//4184
f 4570//4570 1248//1248 4364//4364
f 1069//1069 1415//1415 1683//1683
f 4368//4368 1414//1414 1415//1415
f 1060//1060 1056//1056 1689//1689
f 1436//1436 1652//1652 1423//1423
f 1546//1546 1566//1566 1549//1549
f 4561//4561 1087//1087 4414//4414
f 1717//1717 1449//1449 5728//5728
f 1354//1354 4262//4262 1656//1656
f 6039//6039 4585//4585 4339//4339
f 1718//1718 1694//1694 1454//1454
f 1720//1720 1721//1721 4599//4599
f 1517//1517 1457//1457 4380//4380
f 1461//1461 4383//4383 4385//4385
f 1469//1469 1721//1721 1720//1720
f 1372//1372 4470//4470 1373//1373
f 1557//1557 1657//1657 1476//1476
f 1727//1727 4386//4386 1728//1728
f 1220//1220 6533//6533 1729//1729
f 1495//1495 4272//4272 4285//4285
f 1423//1423 1652//1652 4373//4373
f 1712//1712 1504//1504 4361//4361
f 1508//1508 4303//4303 4603//4603
f 1512//1512 1454//1454 1694//1694
f 1577//1577 1514//1514 6028//6028
f 1726//1726 6373//6373 1661//1661
f 1125//1125 1528//1528 1161//1161
f 1166//1166 1161//1161 1742//1742
f 1733//1733 1732//1732 4398//4398
f 4200//4200 4202//4202 4348//4348
f 1575//1575 1576//1576 1555//1555
f 6045//6045 1561//1561 1542//1542
f 1660//1660 1576//1576 4302//4302
f 1626//1626 4455//4455 1138//1138
f 6029//6029 1625//1625 1375//1375
f 1532//1532 4645//4645 1541//1541
f 1227//1227 4409//4409 6256//6256
f 1202//1202 4309//4309 6343//6343
f 1277//1277 4297//4297 4350//4350
f 4561//4561 1089//1089 4182//4182
f 1609//1609 1667//1667 4608//4608
f 1271//1271 4420//4420 1669//1669
f 4525//4525 1449//1449 1758//1758
f 1380//1380 1381//1381 1376//1376
f 4227//4227 1622//1622 1294//1294
f 1148//1148 1761//1761 1627//1627
f 1764//1764 1648//1648 1425//1425
f 4322//4322 4323//4323 1201//1201
f 1425//1425 1426//1426 1663//1663
f 1140//1140 1139//1139 1661//1661
f 1479//1479 1238//1238 4249//4249
f 1670//1670 4358//4358 5727//5727
f 1651//1651 4374//4374 1753//1753
f 1276//1276 1367//1367 1274//1274
f 1282//1282 1658//1658 1283//1283
f 1134//1134 1131//1131 1620//1620
f 1526//1526 1376//1376 1620//1620
f 1677//1677 4635//4635 1390//1390
f 1530//1530 4396//4396 4435//4435
f 1304//1304 4425//4425 4639//4639
f 1362//1362 4245//4245 4439//4439
f 4440//4440 4439//4439 4441//4441
f 1454//1454 5745//5745 1718//1718
f 1476//1476 1724//1724 6022//6022
f 4331//4331 1380//1380 1526//1526
f 1237//1237 1483//1483 1633//1633
f 1422//1422 1753//1753 4374//4374
f 4444//4444 4613//4613 6369//6369
f 1610//1610 6211//6211 6153//6153
f 1089//1089 4183//4183 4182//4182
f 4284//4284 5743//5743 4340//4340
f 4267//4267 1466//1466 1720//1720
f 1567//1567 1738//1738 6028//6028
f 1439//1439 1747//1747 1567//1567
f 1231//1231 4282//4282 1617//1617
f 4403//4403 1553//1553 1782//1782
f 1682//1682 4435//4435 4419//4419
f 1588//1588 4455//4455 1676//1676
f 1560//1560 5909//5909 1736//1736
f 1784//1784 4250//4250 1785//1785
f 1778//1778 6400//6400 4454//4454
f 1424//1424 1448//1448 6341//6341
f 4421//4421 1345//1345 1687//1687
f 4460//4460 1756//1756 4461//4461
f 6211//6211 1715//1715 4655//4655
f 1504//1504 1400//1400 1505//1505
f 1788//1788 1669//1669 1563//1563
f 1561//1561 1777//1777 4445//4445
f 5908//5908 4443//4443 4464//4464
f 4214//4214 6445//6445 1226//1226
f 6039//6039 6633//6633 4585//4585
f 1655//1655 1729//1729 6533//6533
f 1379//1379 1378//1378 4475//4475
f 1629//1629 1627//1627 1761//1761
f 1727//1727 1618//1618 4193//4193
f 4197//4197 1396//1396 1664//1664
f 1727//1727 1155//1155 4646//4646
f 1628//1628 1630//1630 4548//4548
f 1062//1062 1061//1061 4224//4224
f 4472//4472 1336//1336 4224//4224
f 1058//1058 1204//1204 1596//1596
f 1552//1552 1781//1781 4294//4294
f 1393//1393 1785//1785 4250//4250
f 1312//1312 4535//4535 1310//1310
f 1261//1261 4225//4225 1497//1497
f 1059//1059 1791//1791 4349//4349
f 1684//1684 1636//1636 1794//1794
f 1688//1688 1448//1448 4456//4456
f 4421//4421 1687//1687 1688//1688
f 1351//1351 4354//4354 4259//4259
f 1751//1751 4263//4263 5911//5911
f 1298//1298 1388//1388 4485//4485
f 1408//1408 1398//1398 6216//6216
f 6402//6402 1666//1666 4520//4520
f 1795//1795 1711//1711 1207//1207
f 1440//1440 1568//1568 1439//1439
f 4336//4336 4265//4265 4264//4264
f 1682//1682 6460//6460 1681//1681
f 4389//4389 6570//6570 1191//1191
f 1431//1431 1432//1432 1799//1799
f 1214//1214 1432//1432 1085//1085
f 1776//1776 4483//4483 4458//4458
f 1363//1363 4465//4465 6664//6664
f 1763//1763 1742//1742 4422//4422
f 4510//4510 1714//1714 4501//4501
f 1231//1231 1521//1521 4282//4282
f 6664//6664 5740//5740 4330//4330
f 1571//1571 4489//4489 4305//4305
f 1653//1653 1770//1770 4412//4412
f 1539//1539 4413//4413 4493//4493
f 5726//5726 4260//4260 4493//4493
f 1566//1566 4405//4405 1438//1438
f 1801//1801 1692//1692 4495//4495
f 1149//1149 1146//1146 1377//1377
f 1790//1790 1238//1238 1297//1297
f 1770//1770 1600//1600 1256//1256
f 4318//4318 1482//1482 4618//4618
f 1129//1129 1167//1167 1169//1169
f 1607//1607 4450//4450 1803//1803
f 1569//1569 1568//1568 4546//4546
f 1746//1746 4655//4655 4505//4505
f 1606//1606 4499//4499 6470//6470
f 1560//1560 1803//1803 4450//4450
f 1773//1773 1545//1545 4298//4298
f 1793//1793 1253//1253 4351//4351
f 1504//1504 1712//1712 4452//4452
f 1731//1731 1634//1634 6553//6553
f 4424//4424 1634//1634 1175//1175
f 1798//1798 1764//1764 1708//1708
f 1570//1570 4432//4432 4501//4501
f 6023//6023 4513//4513 1487//1487
f 1244//1244 6036//6036 1487//1487
f 1775//1775 1599//1599 4453//4453
f 4516//4516 1708//1708 1638//1638
f 1798//1798 4516//4516 1392//1392
f 1754//1754 1752//1752 1312//1312
f 1207//1207 1794//1794 1327//1327
f 5767//5767 1685//1685 1428//1428
f 6525//6525 6518//6518 6616//6616
f 4517//4517 4426//4426 1071//1071
f 1431//1431 1434//1434 1432//1432
f 1613//1613 1113//1113 6633//6633
f 1805//1805 1654//1654 1108//1108
f 1616//1616 1481//1481 1118//1118
f 1118//1118 1481//1481 1116//1116
f 1131//1131 1760//1760 1132//1132
f 1127//1127 1129//1129 5721//5721
f 1620//1620 1132//1132 1526//1526
f 1163//1163 1162//1162 1677//1677
f 1154//1154 1158//1158 1123//1123
f 1235//1235 4359//4359 1157//1157
f 6300//6300 1704//1704 4519//4519
f 1176//1176 1177//1177 1730//1730
f 1182//1182 1300//1300 5722//5722
f 1199//1199 1201//1201 4323//4323
f 1644//1644 1200//1200 4323//4323
f 4176//4176 1053//1053 1201//1201
f 1201//1201 1199//1199 1252//1252
f 1210//1210 1649//1649 4574//4574
f 1094//1094 1086//1086 4326//4326
f 1147//1147 1806//1806 1148//1148
f 1164//1164 1168//1168 1483//1483
f 1241//1241 4179//4179 1300//1300
f 1276//1276 1284//1284 1367//1367
f 1291//1291 4527//4527 4315//4315
f 4395//4395 4577//4577 1292//1292
f 1475//1475 6303//6303 6300//6300
f 1241//1241 1391//1391 4521//4521
f 1074//1074 1181//1181 1073//1073
f 1073//1073 1072//1072 1074//1074
f 1328//1328 1791//1791 6602//6602
f 1091//1091 4529//4529 1217//1217
f 1713//1713 5741//5741 1786//1786
f 6458//6458 4243//4243 4245//4245
f 1356//1356 1274//1274 4329//4329
f 1368//1368 1119//1119 1290//1290
f 1284//1284 1276//1276 1368//1368
f 4356//4356 1291//1291 4531//4531
f 5738//5738 5739//5739 1612//1612
f 1691//1691 6031//6031 1366//1366
f 6031//6031 1360//1360 4430//4430
f 4578//4578 1484//1484 1485//1485
f 1479//1479 1286//1286 1287//1287
f 1313//1313 1395//1395 4345//4345
f 1664//1664 4604//4604 1183//1183
f 1402//1402 1493//1493 4347//4347
f 1249//1249 4522//4522 6307//6307
f 6368//6368 1345//1345 4537//4537
f 4287//4287 6401//6401 4538//4538
f 1327//1327 1794//1794 1636//1636
f 4558//4558 1428//1428 4550//4550
f 1657//1657 1557//1557 1372//1372
f 5747//5747 4437//4437 4366//4366
f 1807//1807 1270//1270 1668//1668
f 4624//4624 6027//6027 4278//4278
f 1567//1567 1554//1554 1738//1738
f 1517//1517 1467//1467 1457//1457
f 1551//1551 5739//5739 1520//1520
f 1740//1740 4542//4542 4360//4360
f 1387//1387 1478//1478 4534//4534
f 1561//1561 1537//1537 1809//1809
f 1690//1690 4623//4623 1427//1427
f 1546//1546 1549//1549 4292//4292
f 1518//1518 4530//4530 1569//1569
f 1719//1719 1580//1580 1579//1579
f 1671//1671 1672//1672 4479//4479
f 1501//1501 1809//1809 1537//1537
f 1561//1561 1809//1809 1777//1777
f 1430//1430 1429//1429 4253//4253
f 1579//1579 1555//1555 4400//4400
f 1587//1587 1331//1331 4436//4436
f 1080//1080 1435//1435 1605//1605
f 1097//1097 5737//5737 1096//1096
f 1293//1293 1134//1134 1230//1230
f 4227//4227 1760//1760 1622//1622
f 4520//4520 4205//4205 6402//6402
f 4488//4488 1577//1577 6342//6342
f 4302//4302 1578//1578 1660//1660
f 6042//6042 1604//1604 4211//4211
f 4211//4211 1604//1604 1339//1339
f 1448//1448 1688//1688 6341//6341
f 1424//1424 1713//1713 1786//1786
f 6299//6299 1221//1221 4656//4656
f 6147//6147 6303//6303 1475//1475
f 1195//1195 1194//1194 4437//4437
f 1492//1492 1494//1494 4554//4554
f 1513//1513 6306//6306 1524//1524
f 1780//1780 1527//1527 1724//1724
f 1633//1633 1632//1632 1237//1237
f 1374//1374 4555//4555 5743//5743
f 4284//4284 4340//4340 1740//1740
f 1182//1182 4197//4197 1665//1665
f 4365//4365 1316//1316 6047//6047
f 4219//4219 1643//1643 1197//1197
f 1342//1342 1087//1087 6659//6659
f 1450//1450 1224//1224 6035//6035
f 6477//6477 4388//4388 4556//4556
f 1705//1705 6146//6146 1159//1159
f 1566//1566 4406//4406 4405//4405
f 1084//1084 4311//4311 5736//5736
f 4557//4557 1084//1084 5736//5736
f 5738//5738 4393//4393 1757//1757
f 4411//4411 5765//5765 1735//1735
f 1466//1466 4267//4267 1471//1471
f 4290//4290 1540//1540 4334//4334
f 1531//1531 5731//5731 1540//1540
f 1653//1653 4412//4412 1422//1422
f 1775//1775 4452//4452 1753//1753
f 1691//1691 1366//1366 1670//1670
f 1769//1769 4492//4492 6211//6211
f 4393//4393 5738//5738 4640//4640
f 1778//1778 4512//4512 1344//1344
f 4449//4449 1783//1783 1755//1755
f 4511//4511 4483//4483 1269//1269
f 1082//1082 1598//1598 4378//4378
f 1388//1388 1390//1390 1706//1706
f 1397//1397 1808//1808 1398//1398
f 1572//1572 1701//1701 1700//1700
f 1254//1254 1597//1597 1593//1593
f 4468//4468 1689//1689 1056//1056
f 1056//1056 1060//1060 1595//1595
f 1080//1080 4181//4181 4418//4418
f 1087//1087 4561//4561 4560//4560
f 4416//4416 1096//1096 5737//5737
f 1095//1095 5745//5745 1099//1099
f 1293//1293 1126//1126 1623//1623
f 1120//1120 1166//1166 1135//1135
f 4191//4191 1574//1574 1148//1148
f 1240//1240 4647//4647 4324//4324
f 5747//5747 4604//4604 4199//4199
f 1254//1254 1593//1593 1058//1058
f 1073//1073 1181//1181 4269//4269
f 4209//4209 4210//4210 4311//4311
f 1650//1650 4210//4210 1213//1213
f 4472//4472 5725//5725 4564//4564
f 1222//1222 1805//1805 4524//4524
f 1522//1522 6037//6037 1373//1373
f 1695//1695 1231//1231 1659//1659
f 6485//6485 4519//4519 6415//6415
f 1162//1162 1633//1633 1482//1482
f 1482//1482 4318//4318 1162//1162
f 4218//4218 1299//1299 1240//1240
f 1348//1348 4329//4329 1658//1658
f 1749//1749 1525//1525 1477//1477
f 1297//1297 1632//1632 1790//1790
f 1478//1478 1386//1386 6304//6304
f 6433//6433 4554//4554 4569//4569
f 6311//6311 1249//1249 4255//4255
f 6156//6156 1536//1536 1318//1318
f 4571//4571 1321//1321 4570//4570
f 1596//1596 1796//1796 1328//1328
f 4550//4550 1636//1636 1335//1335
f 1684//1684 1416//1416 6260//6260
f 1119//1119 1368//1368 1098//1098
f 1098//1098 1109//1109 1119//1119
f 1387//1387 1485//1485 1484//1484
f 1485//1485 4284//4284 4578//4578
f 4496//4496 4475//4475 4573//4573
f 4248//4248 1386//1386 6485//6485
f 1484//1484 4230//4230 4474//4474
f 1646//1646 1795//1795 1802//1802
f 1333//1333 1689//1689 4468//4468
f 1656//1656 6608//6608 1354//1354
f 1289//1289 1368//1368 1290//1290
f 1459//1459 1471//1471 6487//6487
f 1525//1525 1236//1236 4266//4266
f 1633//1633 1483//1483 1482//1482
f 4544//4544 1317//1317 4481//4481
f 1406//1406 1535//1535 4236//4236
f 4395//4395 4533//4533 4360//4360
f 4533//4533 4578//4578 4360//4360
f 1709//1709 1808//1808 6647//6647
f 1407//1407 4582//4582 6213//6213
f 1231//1231 1695//1695 1521//1521
f 1555//1555 1576//1576 1473//1473
f 1660//1660 1738//1738 1473//1473
f 1546//1546 4406//4406 1566//1566
f 1375//1375 1229//1229 6041//6041
f 4488//4488 1363//1363 6664//6664
f 1579//1579 4400//4400 1592//1592
f 1107//1107 6032//6032 1717//1717
f 1134//1134 1623//1623 1131//1131
f 1727//1727 1728//1728 1618//1618
f 4517//4517 4297//4297 1645//1645
f 1352//1352 4583//4583 4523//4523
f 4584//4584 1225//1225 4336//4336
f 1592//1592 1455//1455 1456//1456
f 1456//1456 1719//1719 1592//1592
f 1129//1129 1133//1133 5721//5721
f 1665//1665 4587//4587 1300//1300
f 4355//4355 1278//1278 1692//1692
f 1801//1801 4354//4354 1692//1692
f 4420//4420 1548//1548 1669//1669
f 1703//1703 1385//1385 4589//4589
f 1486//1486 1480//1480 4480//4480
f 1055//1055 4468//4468 1056//1056
f 4382//4382 4384//4384 4592//4592
f 4441//4441 4593//4593 4327//4327
f 5911//5911 4594//4594 4408//4408
f 1698//1698 4532//4532 4308//4308
f 1699//1699 1700//1700 1741//1741
f 1229//1229 1375//1375 4247//4247
f 1146//1146 1145//1145 1378//1378
f 1378//1378 1377//1377 1146//1146
f 1380//1380 4573//4573 1381//1381
f 1383//1383 1385//1385 1703//1703
f 4362//4362 1394//1394 4587//4587
f 1494//1494 1496//1496 1399//1399
f 1666//1666 4428//4428 6213//6213
f 6159//6159 1600//1600 5752//5752
f 1369//1369 4585//4585 6633//6633
f 1122//1122 1465//1465 4599//4599
f 1780//1780 1724//1724 1748//1748
f 1373//1373 1657//1657 1372//1372
f 1655//1655 1481//1481 1729//1729
f 1632//1632 1171//1171 1237//1237
f 1807//1807 1489//1489 4391//4391
f 1560//1560 4296//4296 4497//4497
f 1694//1694 1718//1718 1739//1739
f 4395//4395 4621//4621 4577//4577
f 1477//1477 1372//1372 1557//1557
f 1585//1585 1659//1659 1575//1575
f 1331//1331 1330//1330 4436//4436
f 4368//4368 1646//1646 1414//1414
f 4503//4503 4350//4350 4410//4410
f 1257//1257 1258//1258 4372//4372
f 4603//4603 1242//1242 4291//4291
f 1627//1627 1629//1629 1379//1379
f 1213//1213 6257//6257 1650//1650
f 5755//5755 1180//1180 1650//1650
f 1139//1139 4427//4427 1726//1726
f 1218//1218 1716//1716 1715//1715
f 4635//4635 1706//1706 1390//1390
f 5767//5767 1428//1428 4558//4558
f 1767//1767 4451//4451 4464//4464
f 1549//1549 1566//1566 4291//4291
f 4486//4486 1530//1530 4606//4606
f 4435//4435 4397//4397 4606//4606
f 1582//1582 4607//4607 1581//1581
f 1770//1770 4429//4429 6258//6258
f 6341//6341 1713//1713 1424//1424
f 4466//4466 4445//4445 6151//6151
f 5955//5955 6371//6371 4463//4463
f 1504//1504 4452//4452 1400//1400
f 1271//1271 1788//1788 1269//1269
f 1794//1794 1791//1791 1684//1684
f 1059//1059 6602//6602 1791//1791
f 4646//4646 1155//1155 1110//1110
f 1631//1631 6041//6041 1229//1229
f 1070//1070 1071//1071 4351//4351
f 4481//4481 6154//6154 4346//4346
f 1800//1800 4494//4494 4514//4514
f 1753//1753 4412//4412 1775//1775
f 1633//1633 1162//1162 1790//1790
f 1754//1754 1755//1755 1752//1752
f 1796//1796 1336//1336 1259//1259
f 1259//1259 1416//1416 1796//1796
f 1675//1675 4404//4404 4500//4500
f 1389//1389 1169//1169 6025//6025
f 1763//1763 4422//4422 6571//6571
f 1675//1675 1104//1104 1747//1747
f 1400//1400 4453//4453 4580//4580
f 1685//1685 1327//1327 1428//1428
f 1327//1327 1636//1636 1428//1428
f 6300//6300 1123//1123 1704//1704
f 1512//1512 4617//4617 1454//1454
f 1512//1512 1353//1353 4617//4617
f 1595//1595 1597//1597 1057//1057
f 1080//1080 1605//1605 5720//5720
f 1754//1754 1312//1312 1311//1311
f 1290//1290 1103//1103 1452//1452
f 1149//1149 1377//1377 4317//4317
f 1762//1762 1628//1628 6214//6214
f 1156//1156 1528//1528 1125//1125
f 1644//1644 1326//1326 1200//1200
f 1213//1213 1602//1602 1215//1215
f 1456//1456 1455//1455 4263//4263
f 4283//4283 1297//1297 4217//4217
f 1790//1790 1163//1163 1238//1238
f 1319//1319 4428//4428 1251//1251
f 4178//4178 1302//1302 6043//6043
f 1254//1254 6602//6602 1597//1597
f 1217//1217 4211//4211 1091//1091
f 1091//1091 1339//1339 4363//4363
f 1278//1278 4335//4335 1692//1692
f 1274//1274 1097//1097 1275//1275
f 1452//1452 1511//1511 1290//1290
f 1525//1525 1749//1749 1296//1296
f 4639//4639 4343//4343 4231//4231
f 1264//1264 6158//6158 4376//4376
f 5756//5756 4376//4376 1403//1403
f 1193//1193 6459//6459 6307//6307
f 4569//4569 1399//1399 5756//5756
f 1497//1497 4598//4598 4252//4252
f 4592//4592 1349//1349 6399//6399
f 4565//4565 1216//1216 4620//4620
f 1106//1106 1612//1612 1551//1551
f 1551//1551 1104//1104 1106//1106
f 4542//4542 4502//4502 4621//4621
f 4542//4542 4622//4622 4502//4502
f 1122//1122 1679//1679 4216//4216
f 1298//1298 6209//6209 1286//1286
f 4596//4596 1673//1673 1383//1383
f 1406//1406 4221//4221 1641//1641
f 1641//1641 5901//5901 1406//1406
f 6027//6027 1542//1542 4623//4623
f 1636//1636 4550//4550 1428//1428
f 4416//4416 5737//5737 4313//4313
f 1347//1347 4313//4313 4312//4312
f 1340//1340 1604//1604 1435//1435
f 1474//1474 4400//4400 1472//1472
f 5964//5964 1728//1728 1382//1382
f 1503//1503 4361//4361 1491//1491
f 4361//4361 6160//6160 4277//4277
f 1488//1488 4276//4276 4576//4576
f 4287//4287 1206//1206 1205//1205
f 6302//6302 1260//1260 5734//5734
f 4426//4426 1645//1645 4553//4553
f 1537//1537 1561//1561 6045//6045
f 1517//1517 4380//4380 1519//1519
f 1804//1804 1696//1696 1519//1519
f 1261//1261 4274//4274 4270//4270
f 1520//1520 1524//1524 1550//1550
f 1509//1509 1546//1546 4540//4540
f 4292//4292 4487//4487 4540//4540
f 4501//4501 1781//1781 1570//1570
f 1577//1577 6028//6028 1578//1578
f 1738//1738 1660//1660 1578//1578
f 1579//1579 1592//1592 1719//1719
f 1553//1553 1569//1569 4530//4530
f 1371//1371 6396//6396 1589//1589
f 1334//1334 4515//4515 4492//4492
f 6634//6634 4607//4607 4289//4289
f 1308//1308 4629//4629 1544//1544
f 1434//1434 4539//4539 4418//4418
f 1098//1098 1368//1368 1276//1276
f 1608//1608 4499//4499 1606//1606
f 4657//4657 4454//4454 4384//4384
f 1722//1722 1757//1757 1611//1611
f 1480//1480 1118//1118 6366//6366
f 1615//1615 6366//6366 4509//4509
f 1377//1377 1379//1379 1629//1629
f 4324//4324 1301//1301 4586//4586
f 1181//1181 1074//1074 4586//4586
f 4604//4604 1664//1664 1396//1396
f 1189//1189 4319//4319 4630//4630
f 4630//4630 1195//1195 4562//4562
f 1642//1642 1323//1323 6650//6650
f 1208//1208 4574//4574 1543//1543
f 1759//1759 1116//1116 1655//1655
f 1223//1223 1700//1700 1725//1725
f 1295//1295 6303//6303 6367//6367
f 4370//4370 1259//1259 1336//1336
f 1669//1669 1788//1788 1271//1271
f 4258//4258 4413//4413 4469//4469
f 1759//1759 1805//1805 1222//1222
f 4329//4329 1348//1348 1356//1356
f 6259//6259 4288//4288 6527//6527
f 4552//4552 4427//4427 4633//4633
f 4633//4633 1140//1140 4305//4305
f 1316//1316 4342//4342 1680//1680
f 1391//1391 1241//1241 1394//1394
f 1663//1663 5758//5758 4343//4343
f 1203//1203 4369//4369 4207//4207
f 1341//1341 4539//4539 4239//4239
f 1107//1107 4188//4188 1801//1801
f 4314//4314 5757//5757 4620//4620
f 5727//5727 1362//1362 4551//4551
f 4616//4616 4357//4357 1697//1697
f 1388//1388 1298//1298 1286//1286
f 6044//6044 4482//4482 4364//4364
f 1470//1470 1458//1458 1466//1466
f 1458//1458 1804//1804 1466//1466
f 6616//6616 1703//1703 4589//4589
f 1457//1457 4504//4504 1469//1469
f 1616//1616 1382//1382 1728//1728
f 5964//5964 1618//1618 1728//1728
f 1616//1616 1728//1728 4386//4386
f 1727//1727 4646//4646 4386//4386
f 4491//4491 1303//1303 4636//4636
f 4636//4636 4568//4568 1734//1734
f 1607//1607 4390//4390 4450//4450
f 1722//1722 4446//4446 1757//1757
f 1603//1603 4279//4279 5912//5912
f 4239//4239 1799//1799 4256//4256
f 1738//1738 1578//1578 6028//6028
f 4448//4448 1732//1732 1245//1245
f 4512//4512 4615//4615 4601//4601
f 4403//4403 1782//1782 4404//4404
f 5729//5729 4628//4628 6572//6572
f 4316//4316 1620//1620 1376//1376
f 1376//1376 1526//1526 1380//1380
f 1131//1131 1623//1623 1622//1622
f 1762//1762 1151//1151 1630//1630
f 1678//1678 1635//1635 6553//6553
f 5760//5760 4638//4638 4508//4508
f 1585//1585 1580//1580 4627//4627
f 4550//4550 1179//1179 4333//4333
f 1768//1768 4549//4549 4462//4462
f 4290//4290 4559//4559 6527//6527
f 1807//1807 1271//1271 1270//1270
f 1675//1675 4500//4500 1104//1104
f 4423//4423 1389//1389 6025//6025
f 1558//1558 4295//4295 1772//1772
f 1689//1689 1203//1203 6598//6598
f 1551//1551 1612//1612 5739//5739
f 1744//1744 4411//4411 6152//6152
f 4530//4530 1570//1570 1781//1781
f 4501//4501 4294//4294 1781//1781
f 1736//1736 1608//1608 1606//1606
f 1743//1743 4449//4449 1744//1744
f 1574//1574 4191//4191 1676//1676
f 1785//1785 4535//4535 1312//1312
f 1648//1648 1764//1764 1077//1077
f 1516//1516 4465//4465 6416//6416
f 1155//1155 1156//1156 4215//4215
f 1785//1785 1800//1800 1784//1784
f 1408//1408 1324//1324 4286//4286
f 1691//1691 1447//1447 4476//4476
f 1758//1758 6032//6032 1688//1688
f 4307//4307 4308//4308 4532//4532
f 1137//1137 1702//1702 4190//4190
f 1380//1380 4331//4331 6373//6373
f 1637//1637 4425//4425 5910//5910
f 1342//1342 6161//6161 5954//5954
f 1281//1281 4480//4480 1615//1615
f 1793//1793 1802//1802 5753//5753
f 1585//1585 1695//1695 1659//1659
f 1565//1565 4300//4300 4506//4506
f 1634//1634 1389//1389 6553//6553
f 1389//1389 4423//4423 6553//6553
f 4276//4276 1529//1529 4543//4543
f 4449//4449 1743//1743 1783//1783
f 1638//1638 1310//1310 4535//4535
f 1132//1132 1760//1760 1130//1130
f 1130//1130 6019//6019 6022//6022
f 1629//1629 1761//1761 1151//1151
f 4229//4229 4248//4248 6415//6415
f 1387//1387 4534//4534 1485//1485
f 1179//1179 1335//1335 6260//6260
f 1797//1797 1740//1740 4340//4340
f 4637//4637 6435//6435 1538//1538
f 1490//1490 4581//4581 4645//4645
f 1553//1553 1439//1439 1568//1568
f 1559//1559 4600//4600 4436//4436
f 5759//5759 4547//4547 4352//4352
f 1315//1315 4234//4234 1639//1639
f 1527//1527 1132//1132 1130//1130
f 1665//1665 1300//1300 1182//1182
f 1159//1159 1618//1618 4194//4194
f 4194//4194 1619//1619 4485//4485
f 1089//1089 4414//4414 1090//1090
f 1106//1106 1105//1105 1737//1737
f 6533//6533 1654//1654 1655//1655
f 1594//1594 1593//1593 1597//1597
f 1596//1596 1328//1328 1254//1254
f 1157//1157 1170//1170 1704//1704
f 4343//4343 1301//1301 4647//4647
f 4524//4524 1805//1805 1108//1108
f 1395//1395 1401//1401 4345//4345
f 4386//4386 1729//1729 1616//1616
f 6019//6019 1749//1749 1557//1557
f 6517//6517 4648//4648 1058//1058
f 1539//1539 1444//1444 4379//4379
f 1088//1088 1100//1100 5724//5724
f 1132//1132 1620//1620 1131//1131
f 1120//1120 4268//4268 1161//1161
f 1235//1235 1165//1165 4359//4359
f 4249//4249 1238//1238 1163//1163
f 1157//1157 1704//1704 1123//1123
f 4623//4623 1690//1690 1178//1178
f 6224//6224 5056//5056 1187//1187
f 1187//1187 1323//1323 4388//4388
f 4202//4202 4610//4610 4582//4582
f 1641//1641 1640//1640 5901//5901
f 4564//4564 1063//1063 4611//4611
f 1702//1702 4585//4585 4190//4190
f 4192//4192 1631//1631 4471//4471
f 1164//1164 1483//1483 1237//1237
f 6548//6548 1730//1730 1177//1177
f 5730//5730 1180//1180 5755//5755
f 4344//4344 1681//1681 6036//6036
f 1070//1070 4351//4351 1253//1253
f 1793//1793 5753//5753 1253//1253
f 4588//4588 6158//6158 4226//4226
f 6190//6190 1085//1085 4325//4325
f 1432//1432 1434//1434 4325//4325
f 4613//4613 1789//1789 1288//1288
f 1299//1299 6018//6018 4232//4232
f 4567//4567 4254//4254 4598//4598
f 4236//4236 1535//1535 1322//1322
f 1796//1796 1255//1255 1336//1336
f 5723//5723 1217//1217 1337//1337
f 1337//1337 1266//1266 4226//4226
f 1267//1267 4478//4478 1352//1352
f 1212//1212 4372//4372 4583//4583
f 1470//1470 1471//1471 6458//6458
f 1348//1348 1658//1658 1355//1355
f 1115//1115 1120//1120 1135//1135
f 1479//1479 4217//4217 1238//1238
f 1677//1677 1635//1635 1678//1678
f 1317//1317 4365//4365 4366//4366
f 1405//1405 1324//1324 4271//4271
f 1684//1684 1791//1791 1416//1416
f 6572//6572 5764//5764 5729//5729
f 4405//4405 4300//4300 1437//1437
f 1121//1121 4434//4434 1465//1465
f 1468//1468 1469//1469 1720//1720
f 1720//1720 1466//1466 1468//1468
f 1616//1616 1729//1729 1481//1481
f 1655//1655 1116//1116 1481//1481
f 4581//4581 1490//1490 4277//4277
f 1614//1614 1289//1289 1511//1511
f 1226//1226 1510//1510 1111//1111
f 1520//1520 1464//1464 4281//4281
f 1474//1474 1513//1513 4281//4281
f 4395//4395 1292//1292 4533//4533
f 1243//1243 4304//4304 4652//4652
f 1193//1193 4201//4201 4625//4625
f 4614//4614 4487//4487 4486//4486
f 1506//1506 1507//1507 6024//6024
f 1104//1104 1551//1551 1550//1550
f 4530//4530 1782//1782 1553//1553
f 4546//4546 5740//5740 1467//1467
f 1738//1738 1554//1554 1556//1556
f 6306//6306 1513//1513 1556//1556
f 1809//1809 1543//1543 1649//1649
f 1649//1649 1707//1707 1562//1562
f 1359//1359 1519//1519 4430//4430
f 1519//1519 1696//1696 4430//4430
f 1585//1585 1575//1575 1580//1580
f 1572//1572 1699//1699 4627//4627
f 1227//1227 4634//4634 4594//4594
f 1455//1455 1592//1592 1591//1591
f 1591//1591 4400//4400 4626//4626
f 6594//6594 4498//4498 1609//1609
f 4244//4244 1114//1114 1113//1113
f 4527//4527 1291//1291 4244//4244
f 1702//1702 1136//1136 1624//1624
f 1624//1624 1375//1375 1625//1625
f 1633//1633 1790//1790 1632//1632
f 1742//1742 6025//6025 1167//1167
f 1172//1172 4618//4618 4196//4196
f 1173//1173 1172//1172 4196//4196
f 1500//1500 6279//6279 6157//6157
f 1314//1314 1493//1493 4233//4233
f 1091//1091 4184//4184 4529//4529
f 1436//1436 4374//4374 1652//1652
f 1805//1805 1759//1759 1654//1654
f 4385//4385 1723//1723 4328//4328
f 1299//1299 4232//4232 4647//4647
f 4237//4237 4321//4321 4563//4563
f 5724//5724 4524//4524 1108//1108
f 4377//4377 4537//4537 1345//1345
f 1674//1674 4338//4338 4541//4541
f 1290//1290 1119//1119 1103//1103
f 4247//4247 1624//1624 1136//1136
f 1702//1702 1137//1137 1136//1136
f 1480//1480 1615//1615 4480//4480
f 1679//1679 4340//4340 4216//4216
f 4233//4233 4650//4650 5744//5744
f 4199//4199 1190//1190 4562//4562
f 5901//5901 4200//4200 4348//4348
f 1507//1507 4288//4288 1419//1419
f 4312//4312 4572//4572 4653//4653
f 1351//1351 1692//1692 4354//4354
f 1358//1358 4551//4551 6145//6145
f 1224//1224 6046//6046 6035//6035
f 1100//1100 1099//1099 4617//4617
f 4302//4302 1659//1659 1231//1231
f 1365//1365 1696//1696 1458//1458
f 1478//1478 1387//1387 1386//1386
f 4485//4485 1706//1706 1705//1705
f 1705//1705 1706//1706 4579//4579
f 1677//1677 1390//1390 1163//1163
f 1315//1315 4233//4233 1709//1709
f 4389//4389 6309//6309 1196//1196
f 1683//1683 6143//6143 4175//4175
f 1710//1710 4368//4368 4177//4177
f 4361//4361 1503//1503 4373//4373
f 1707//1707 1649//1649 1210//1210
f 1210//1210 1209//1209 6372//6372
f 1441//1441 1442//1442 4378//4378
f 1717//1717 5728//5728 4188//4188
f 1456//1456 4263//4263 5913//5913
f 1724//1724 1476//1476 1725//1725
f 1476//1476 1223//1223 1725//1725
f 4362//4362 4587//4587 6047//6047
f 1529//1529 5960//5960 1558//1558
f 1558//1558 4543//4543 1529//1529
f 6433//6433 1305//1305 4398//4398
f 6306//6306 1556//1556 1554//1554
f 4621//4621 4395//4395 4542//4542
f 1159//1159 4193//4193 1618//1618
f 1732//1732 6490//6490 6512//6512
f 1769//1769 4655//4655 1427//1427
f 1104//1104 1550//1550 6310//6310
f 1476//1476 1657//1657 1223//1223
f 4310//4310 4637//4637 4401//4401
f 6400//6400 4402//4402 1545//1545
f 1802//1802 1793//1793 1646//1646
f 4368//4368 1710//1710 1646//1646
f 1082//1082 4378//4378 4557//4557
f 1610//1610 4608//4608 1715//1715
f 1342//1342 4547//4547 6161//6161
f 1141//1141 4316//4316 1232//1232
f 1232//1232 1233//1233 1141//1141
f 1761//1761 1806//1806 1630//1630
f 4513//4513 1734//1734 4576//4576
f 1427//1427 1745//1745 1769//1769
f 5752//5752 1653//1653 1257//1257
f 1257//1257 4602//4602 5752//5752
f 1385//1385 1384//1384 4480//4480
f 1388//1388 4249//4249 1390//1390
f 4644//4644 1244//1244 4513//4513
f 1463//1463 4381//4381 1774//1774
f 1077//1077 1707//1707 1648//1648
f 1539//1539 1442//1442 1441//1441
f 4387//4387 1172//1172 1730//1730
f 1531//1531 1532//1532 5731//5731
f 1638//1638 1637//1637 5765//5765
f 4511//4511 4541//4541 4458//4458
f 1714//1714 1786//1786 4461//4461
f 4290//4290 4334//4334 4559//4559
f 1702//1702 4339//4339 4585//4585
f 4475//4475 1143//1143 1379//1379
f 4191//4191 1148//1148 1627//1627
f 1634//1634 1731//1731 4387//4387
f 1196//1196 1643//1643 4219//4219
f 1711//1711 1795//1795 1646//1646
f 1646//1646 1710//1710 1711//1711
f 1794//1794 4349//4349 1791//1791
f 1226//1226 6445//6445 1510//1510
f 1679//1679 1122//1122 1515//1515
f 1679//1679 1364//1364 1797//1797
f 4651//4651 4230//4230 1484//1484
f 4252//4252 1338//1338 5756//5756
f 1802//1802 1795//1795 1685//1685
f 1282//1282 4328//4328 1658//1658
f 1486//1486 1382//1382 1480//1480
f 1528//1528 6146//6146 4422//4422
f 1528//1528 4422//4422 1161//1161
f 1255//1255 1796//1796 1596//1596
f 4433//4433 1353//1353 1512//1512
f 4618//4618 1731//1731 4318//4318
f 4295//4295 5732//5732 4285//4285
f 1803//1803 1560//1560 1736//1736
f 1763//1763 6025//6025 1742//1742
f 6553//6553 1635//1635 1731//1731
f 1175//1175 1174//1174 4424//4424
f 1458//1458 1696//1696 1804//1804
f 1685//1685 1795//1795 1327//1327
f 1218//1218 6258//6258 4429//4429
f 1424//1424 4476//4476 1447//1447
f 1595//1595 1060//1060 4309//4309
f 1594//1594 1597//1597 1595//1595
f 1123//1123 1158//1158 1157//1157
f 6149//6149 4584//4584 4246//4246
f 1470//1470 4358//4358 1458//1458
f 4533//4533 1292//1292 4266//4266
f 1397//1397 6647//6647 1808//1808
f 4571//4571 1409//1409 1499//1499
f 1409//1409 4347//4347 1499//1499
f 4342//4342 4568//4568 4636//4636
f 1501//1501 1543//1543 1809//1809
f 1660//1660 1473//1473 1576//1576
f 1097//1097 1274//1274 5737//5737
f 1624//1624 1625//1625 4654//4654
f 1628//1628 1631//1631 4192//4192
f 1761//1761 1148//1148 1806//1806
f 1806//1806 1147//1147 4548//4548
f 1753//1753 1422//1422 4412//4412
f 1329//1329 1683//1683 1415//1415
f 1415//1415 1414//1414 1792//1792
f 1130//1130 1724//1724 1527//1527
f 1527//1527 1780//1780 4331//4331
f 1365//1365 4358//4358 1670//1670
f 1095//1095 1453//1453 5745//5745
f 4394//4394 1779//1779 4657//4657
f 1654//1654 6533//6533 1109//1109
f 4254//4254 4567//4567 6033//6033
f 1186//1186 5748//5748 4473//4473
f 1416//1416 1259//1259 6260//6260
f 1477//1477 1557//1557 1749//1749
f 1321//1321 1322//1322 4367//4367
f 1232//1232 1381//1381 1145//1145
f 1247//1247 4221//4221 4236//4236
f 4579//4579 6146//6146 1705//1705
f 4489//4489 1571//1571 1751//1751
f 1573//1573 1456//1456 5913//5913
f 1062//1062 1255//1255 1204//1204
f 1717//1717 1758//1758 1449//1449
f 1124//1124 1295//1295 6367//6367
f 6368//6368 1419//1419 4288//4288
f 4375//4375 1687//1687 6368//6368
f 1452//1452 1111//1111 1510//1510
f 1510//1510 1511//1511 1452//1452
f 1207//1207 1711//1711 4658//4658
f 4470//4470 1292//1292 4577//4577
f 1542//1542 1561//1561 4445//4445
f 1328//1328 1796//1796 1416//1416
f 1404//1404 4185//4185 4628//4628
f 1325//1325 4482//4482 1498//1498
f 1491//1491 1421//1421 1503//1503
f 6301//6301 1543//1543 1501//1501
f 1501//1501 1205//1205 6301//6301
f 1353//1353 4433//4433 1221//1221
f 1748//1748 1701//1701 1586//1586
f 1505//1505 4296//4296 4450//4450
f 1782//1782 4530//4530 1781//1781
f 1772//1772 6490//6490 4448//4448
f 6490//6490 1732//1732 4448//4448
f 1681//1681 1783//1783 1743//1743
f 1726//1726 1766//1766 4496//4496
f 6554//6554 1445//1445 1739//1739
f 1992//1992 4711//4711 1810//1810
f 1813//1813 1814//1814 2288//2288
f 6048//6048 1818//1818 1819//1819
f 1823//1823 6312//6312 1825//1825
f 2003//2003 2338//2338 1067//1067
f 1829//1829 2243//2243 1830//1830
f 1827//1827 1066//1066 2244//2244
f 167//167 3554//3554 4689//4689
f 1848//1848 1858//1858 1859//1859
f 1874//1874 2205//2205 1875//1875
f 1890//1890 4671//4671 1891//1891
f 1894//1894 1895//1895 1896//1896
f 1903//1903 4833//4833 1908//1908
f 1910//1910 1911//1911 4679//4679
f 4680//4680 4681//4681 4682//4682
f 4683//4683 3799//3799 4684//4684
f 3722//3722 1925//1925 5782//5782
f 6067//6067 4689//4689 3554//3554
f 1929//1929 44//44 45//45
f 2003//2003 1067//1067 4686//4686
f 1829//1829 1831//1831 1941//1941
f 1829//1829 1838//1838 1831//1831
f 1840//1840 1843//1843 1842//1842
f 1966//1966 4695//4695 4696//4696
f 1913//1913 5914//5914 1969//1969
f 4699//4699 4676//4676 4673//4673
f 4701//4701 1925//1925 4683//4683
f 2288//2288 1993//1993 1989//1989
f 1825//1825 1822//1822 1823//1823
f 2000//2000 1989//1989 1820//1820
f 1877//1877 1876//1876 1957//1957
f 5969//5969 2029//2029 2030//2030
f 2032//2032 1961//1961 2033//2033
f 1896//1896 1895//1895 6535//6535
f 6262//6262 4709//4709 4710//4710
f 1933//1933 1936//1936 2058//2058
f 2006//2006 2060//2060 2061//2061
f 1813//1813 1811//1811 1814//1814
f 2064//2064 2006//2006 2007//2007
f 2290//2290 2066//2066 2004//2004
f 1942//1942 1824//1824 4887//4887
f 2271//2271 2068//2068 2069//2069
f 2081//2081 1985//1985 1839//1839
f 3569//3569 4714//4714 1845//1845
f 4817//4817 2015//2015 4716//4716
f 2086//2086 2292//2292 2014//2014
f 4722//4722 2087//2087 2088//2088
f 6469//6469 4666//4666 6162//6162
f 2030//2030 2087//2087 5969//5969
f 2093//2093 4889//4889 4895//4895
f 4707//4707 4857//4857 2096//2096
f 2098//2098 4729//4729 4726//4726
f 4751//4751 1901//1901 2107//2107
f 6169//6169 5771//5771 4730//4730
f 2113//2113 4801//4801 2056//2056
f 1934//1934 1939//1939 1935//1935
f 1816//1816 1938//1938 1939//1939
f 2118//2118 4712//4712 4856//4856
f 2002//2002 2118//2118 6052//6052
f 2068//2068 2271//2271 2276//2276
f 2006//2006 2061//2061 2007//2007
f 2189//2189 4788//4788 2151//2151
f 2153//2153 5922//5922 4740//4740
f 2102//2102 4749//4749 2047//2047
f 2107//2107 2108//2108 2158//2158
f 2103//2103 2104//2104 4727//4727
f 2098//2098 2099//2099 2045//2045
f 1940//1940 6537//6537 2269//2269
f 2125//2125 2193//2193 2341//2341
f 2114//2114 2162//2162 2196//2196
f 4749//4749 2181//2181 2147//2147
f 2093//2093 2094//2094 2182//2182
f 2176//2176 4884//4884 2175//2175
f 2179//2179 2147//2147 2181//2181
f 2147//2147 2187//2187 4893//4893
f 2222//2222 2134//2134 4929//4929
f 2206//2206 2190//2190 2189//2189
f 2212//2212 2204//2204 2213//2213
f 4707//4707 2096//2096 2038//2038
f 6264//6264 2141//2141 2177//2177
f 2229//2229 2230//2230 4910//4910
f 1812//1812 1937//1937 1992//1992
f 1818//1818 6048//6048 1822//1822
f 1942//1942 1941//1941 1831//1831
f 2246//2246 1838//1838 1832//1832
f 2246//2246 1831//1831 1838//1838
f 1855//1855 2249//2249 2248//2248
f 1868//1868 4691//4691 4763//4763
f 1850//1850 6517//6517 1860//1860
f 1857//1857 2248//2248 1863//1863
f 1863//1863 2249//2249 1861//1861
f 6469//6469 3808//3808 4666//4666
f 2256//2256 2091//2091 2142//2142
f 4766//4766 5260//5260 4693//4693
f 2258//2258 6417//6417 2259//2259
f 1890//1890 1915//1915 4708//4708
f 4858//4858 2264//2264 2218//2218
f 4770//4770 3633//3633 4771//4771
f 1930//1930 1932//1932 6534//6534
f 1934//1934 6320//6320 2116//2116
f 1867//1867 4816//4816 2018//2018
f 1951//1951 2084//2084 6053//6053
f 2232//2232 2329//2329 2255//2255
f 4894//4894 2046//2046 4781//4781
f 6163//6163 4782//4782 6169//6169
f 2113//2113 1986//1986 2075//2075
f 1999//1999 2059//2059 1990//1990
f 6048//6048 1997//1997 2062//2062
f 2274//2274 2117//2117 2001//2001
f 1820//1820 2275//2275 2001//2001
f 2276//2276 2242//2242 2240//2240
f 2243//2243 1834//1834 2305//2305
f 2279//2279 2010//2010 2067//2067
f 2009//2009 4886//4886 2010//2010
f 1983//1983 4702//4702 4783//4783
f 4661//4661 2078//2078 2077//2077
f 1943//1943 4661//4661 4206//4206
f 6221//6221 6538//6538 6519//6519
f 1969//1969 3533//3533 4786//4786
f 2208//2208 4727//4727 6056//6056
f 2285//2285 2151//2151 4788//4788
f 2189//2189 2151//2151 4812//4812
f 1896//1896 6315//6315 2286//2286
f 1993//1993 2288//2288 1814//1814
f 2245//2245 2289//2289 2270//2270
f 2009//2009 2069//2069 2068//2068
f 1946//1946 2270//2270 2271//2271
f 2281//2281 2086//2086 2280//2280
f 4842//4842 2081//2081 2128//2128
f 2196//2196 2130//2130 2114//2114
f 1958//1958 2089//2089 4719//4719
f 4895//4895 2174//2174 4767//4767
f 2042//2042 2185//2185 2184//2184
f 2174//2174 2256//2256 4706//4706
f 2109//2109 2155//2155 4794//4794
f 4780//4780 4795//4795 4796//4796
f 1885//1885 2158//2158 2104//2104
f 2099//2099 2044//2044 2045//2045
f 2072//2072 2124//2124 2071//2071
f 2250//2250 2221//2221 2247//2247
f 4767//4767 5971//5971 4895//4895
f 2185//2185 2178//2178 2150//2150
f 2070//2070 2071//2071 2073//2073
f 2304//2304 2194//2194 2302//2302
f 2017//2017 2223//2223 4745//4745
f 2034//2034 1887//1887 4934//4934
f 1972//1972 2259//2259 6417//6417
f 2258//2258 6447//6447 4738//4738
f 2104//2104 6056//6056 4727//4727
f 2162//2162 2161//2161 2196//2196
f 2172//2172 4869//4869 4747//4747
f 2286//2286 1894//1894 1896//1896
f 2311//2311 6058//6058 2253//2253
f 2023//2023 2025//2025 2283//2283
f 1848//1848 2314//2314 2352//2352
f 2197//2197 2166//2166 2250//2250
f 2319//2319 2238//2238 2239//2239
f 4814//4814 2319//2319 2239//2239
f 2008//2008 4660//4660 2289//2289
f 2289//2289 2245//2245 2320//2320
f 4685//4685 2243//2243 1829//1829
f 1847//1847 4690//4690 4844//4844
f 2337//2337 2263//2263 6536//6536
f 2265//2265 1902//1902 4924//4924
f 6537//6537 2241//2241 2324//2324
f 5919//5919 2100//2100 4819//4819
f 2110//2110 4820//4820 4821//4821
f 2242//2242 2120//2120 2240//2240
f 2127//2127 4822//4822 2082//2082
f 2091//2091 2328//2328 2237//2237
f 2328//2328 2256//2256 2174//2174
f 2091//2091 2256//2256 2328//2328
f 4797//4797 4921//4921 4806//4806
f 2012//2012 2282//2282 4823//4823
f 4870//4870 2325//2325 2018//2018
f 2319//2319 4946//4946 2308//2308
f 2170//2170 2311//2311 4870//4870
f 2330//2330 2309//2309 2332//2332
f 4933//4933 2331//2331 4829//4829
f 4793//4793 2237//2237 2328//2328
f 2273//2273 1971//1971 2209//2209
f 2338//2338 5719//5719 1067//1067
f 4688//4688 2345//2345 2338//2338
f 2067//2067 4886//4886 1944//1944
f 1951//1951 6053//6053 4690//4690
f 1853//1853 1857//1857 1854//1854
f 1863//1863 1861//1861 1856//1856
f 1877//1877 1957//1957 4693//4693
f 1976//1976 1913//1913 1969//1969
f 1239//1239 4218//4218 6061//6061
f 2059//2059 2351//2351 2119//2119
f 4861//4861 2211//2211 2317//2317
f 6517//6517 4663//4663 4648//4648
f 2253//2253 6058//6058 2200//2200
f 4788//4788 2038//2038 2096//2096
f 2162//2162 2192//2192 6590//6590
f 2064//2064 2277//2277 6050//6050
f 6050//6050 6051//6051 2064//2064
f 2085//2085 2122//2122 2339//2339
f 2124//2124 2073//2073 2071//2071
f 2291//2291 2070//2070 2080//2080
f 2291//2291 2080//2080 2339//2339
f 2083//2083 2315//2315 6053//6053
f 1967//1967 2285//2285 2103//2103
f 2341//2341 2193//2193 1946//1946
f 1946//1946 2069//2069 2279//2279
f 2298//2298 4838//4838 1945//1945
f 4729//4729 2146//2146 2092//2092
f 2167//2167 1839//1839 2130//2130
f 2293//2293 2133//2133 1847//1847
f 4831//4831 6504//6504 4854//4854
f 4807//4807 4727//4727 2208//2208
f 4697//4697 6060//6060 2342//2342
f 2212//2212 2318//2318 2343//2343
f 2160//2160 2020//2020 2200//2200
f 2220//2220 2226//2226 4918//4918
f 1984//1984 1838//1838 2321//2321
f 2203//2203 2213//2213 2204//2204
f 1874//1874 1875//1875 4761//4761
f 2238//2238 2319//2319 2330//2330
f 2120//2120 2324//2324 2241//2241
f 1842//1842 2352//2352 2314//2314
f 2327//2327 4765//4765 2346//2346
f 4808//4808 4848//4848 4680//4680
f 4870//4870 2306//2306 2170//2170
f 2347//2347 1998//1998 6217//6217
f 2282//2282 2012//2012 2170//2170
f 4815//4815 4818//4818 2105//2105
f 2069//2069 1946//1946 2271//2271
f 4815//4815 2209//2209 1971//1971
f 1858//1858 1853//1853 1859//1859
f 5922//5922 4850//4850 4851//4851
f 2196//2196 2278//2278 2011//2011
f 2310//2310 2308//2308 2313//2313
f 2255//2255 4920//4920 2232//2232
f 2127//2127 4802//4802 2272//2272
f 2205//2205 2332//2332 2309//2309
f 1995//1995 2467//2467 4659//4659
f 6217//6217 1998//1998 1939//1939
f 2345//2345 1821//1821 5719//5719
f 2280//2280 2077//2077 2281//2281
f 6208//6208 1864//1864 4490//4490
f 1867//1867 2211//2211 2027//2027
f 2020//2020 2333//2333 2253//2253
f 80//80 4669//4669 5923//5923
f 6217//6217 2116//2116 2335//2335
f 5775//5775 1964//1964 4723//4723
f 4856//4856 4712//4712 2005//2005
f 2290//2290 2244//2244 4886//4886
f 2013//2013 2076//2076 2014//2014
f 1841//1841 4843//4843 4716//4716
f 2030//2030 2029//2029 2028//2028
f 2041//2041 4707//4707 2038//2038
f 2038//2038 1887//1887 2041//2041
f 2130//2130 6219//6219 2114//2114
f 2063//2063 2066//2066 2068//2068
f 2276//2276 2240//2240 2063//2063
f 2195//2195 2292//2292 2016//2016
f 2281//2281 2078//2078 6221//6221
f 4842//4842 1985//1985 2081//2081
f 2097//2097 4864//4864 4722//4722
f 4674//4674 2263//2263 1900//1900
f 2270//2270 2065//2065 2271//2271
f 2131//2131 2163//2163 2074//2074
f 2210//2210 2160//2160 2200//2200
f 2141//2141 4736//4736 2042//2042
f 2093//2093 2140//2140 2094//2094
f 4749//4749 2102//2102 2184//2184
f 1934//1934 1991//1991 6320//6320
f 2193//2193 2245//2245 1946//1946
f 2074//2074 6555//6555 2126//2126
f 2012//2012 2200//2200 6058//6058
f 4735//4735 4745//4745 6463//6463
f 2148//2148 2184//2184 4724//4724
f 2114//2114 2075//2075 2057//2057
f 2034//2034 2041//2041 1887//1887
f 2038//2038 2190//2190 1887//1887
f 2195//2195 2021//2021 6220//6220
f 4918//4918 2224//2224 2220//2220
f 4813//4813 2343//2343 2318//2318
f 2231//2231 1953//1953 4765//4765
f 2332//2332 2235//2235 4762//4762
f 2243//2243 1835//1835 1834//1834
f 2194//2194 2304//2304 6573//6573
f 1985//1985 2298//2298 4801//4801
f 1841//1841 4716//4716 4715//4715
f 1863//1863 2248//2248 2249//2249
f 1858//1858 1848//1848 1855//1855
f 2337//2337 2218//2218 2264//2264
f 1823//1823 2349//2349 6312//6312
f 2276//2276 2065//2065 4775//4775
f 1867//1867 2018//2018 2325//2325
f 1874//1874 2332//2332 2205//2205
f 2260//2260 2342//2342 2326//2326
f 2014//2014 2280//2280 2086//2086
f 2281//2281 4717//4717 2086//2086
f 2021//2021 2016//2016 4717//4717
f 2129//2129 4823//4823 4802//4802
f 4868//4868 4733//4733 4874//4874
f 5962//5962 4790//4790 4874//4874
f 1811//1811 4711//4711 1814//1814
f 2070//2070 2073//2073 2080//2080
f 1839//1839 4801//4801 6219//6219
f 2083//2083 2350//2350 2315//2315
f 1858//1858 2248//2248 1853//1853
f 2179//2179 2180//2180 2183//2183
f 1893//1893 4672//4672 4797//4797
f 2144//2144 2207//2207 4810//4810
f 1967//1967 4727//4727 4807//4807
f 6345//6345 4944//4944 2252//2252
f 2143//2143 6062//6062 2296//2296
f 1879//1879 2182//2182 6621//6621
f 2173//2173 4873//4873 4877//4877
f 2229//2229 4756//4756 2230//2230
f 4765//4765 2090//2090 2346//2346
f 4674//4674 4906//4906 4878//4878
f 4879//4879 2015//2015 4817//4817
f 2353//2353 2120//2120 2242//2242
f 4823//4823 2169//2169 2011//2011
f 4823//4823 2011//2011 2012//2012
f 1874//1874 2235//2235 2332//2332
f 2332//2332 4762//4762 2330//2330
f 2238//2238 2331//2331 2239//2239
f 2004//2004 2003//2003 4776//4776
f 1944//1944 2244//2244 1836//1836
f 1956//1956 4948//4948 4692//4692
f 4809//4809 4843//4843 2128//2128
f 2268//2268 2119//2119 6618//6618
f 1989//1989 2000//2000 2288//2288
f 2001//2001 1997//1997 1820//1820
f 6218//6218 1930//1930 6449//6449
f 1838//1838 1829//1829 1830//1830
f 2247//2247 2221//2221 4930//4930
f 1877//1877 4832//4832 6462//6462
f 1945//1945 4689//4689 6067//6067
f 1816//1816 1998//1998 1937//1937
f 1817//1817 1819//1819 1818//1818
f 1834//1834 1835//1835 2008//2008
f 2072//2072 2341//2341 1946//1946
f 2298//2298 1985//1985 4838//4838
f 2176//2176 5775//5775 4884//4884
f 2295//2295 5775//5775 2145//2145
f 1815//1815 2288//2288 2000//2000
f 2269//2269 2059//2059 1999//1999
f 2275//2275 2347//2347 2274//2274
f 2242//2242 2277//2277 2353//2353
f 2353//2353 2007//2007 2324//2324
f 2119//2119 2351//2351 6624//6624
f 2060//2060 2118//2118 2002//2002
f 4775//4775 2065//2065 4660//4660
f 4717//4717 2281//2281 6221//6221
f 2034//2034 4737//4737 2041//2041
f 1977//1977 2111//2111 1978//1978
f 2167//2167 2129//2129 2128//2128
f 2274//2274 2347//2347 2335//2335
f 2335//2335 2268//2268 6618//6618
f 2009//2009 2066//2066 4886//4886
f 2243//2243 4685//4685 1835//1835
f 2279//2279 2067//2067 2123//2123
f 2123//2123 2067//2067 6673//6673
f 2021//2021 2195//2195 2016//2016
f 4717//4717 2350//2350 2021//2021
f 2079//2079 2159//2159 2085//2085
f 6220//6220 2084//2084 2299//2299
f 5787//5787 1846//1846 1866//1866
f 2102//2102 2155//2155 2340//2340
f 2061//2061 2269//2269 6537//6537
f 2072//2072 2279//2279 2123//2123
f 2299//2299 1951//1951 6281//6281
f 2252//2252 6065//6065 6345//6345
f 4893//4893 2047//2047 2147//2147
f 4738//4738 4739//4739 4894//4894
f 2149//2149 4807//4807 4755//4755
f 2161//2161 2210//2210 2278//2278
f 2210//2210 2161//2161 2168//2168
f 2094//2094 4877//4877 2182//2182
f 2093//2093 2182//2182 4889//4889
f 2102//2102 2340//2340 2184//2184
f 2108//2108 6056//6056 2158//2158
f 2162//2162 2057//2057 2192//2192
f 2283//2283 5916//5916 2023//2023
f 4831//4831 2310//2310 6504//6504
f 2152//2152 6317//6317 4811//4811
f 2193//2193 2302//2302 2194//2194
f 2210//2210 2200//2200 2278//2278
f 1849//1849 2024//2024 4919//4919
f 2316//2316 4918//4918 2226//2226
f 2318//2318 2199//2199 4813//4813
f 4688//4688 2241//2241 2345//2345
f 2019//2019 4930//4930 2221//2221
f 2206//2206 4896//4896 4904//4904
f 2259//2259 5919//5919 6447//6447
f 4859//4859 1886//1886 4799//4799
f 1991//1991 1934//1934 2354//2354
f 2354//2354 2058//2058 1991//1991
f 1932//1932 6316//6316 6534//6534
f 6627//6627 6643//6643 4718//4718
f 1918//1918 4859//4859 4820//4820
f 2110//2110 4821//4821 6464//6464
f 5962//5962 4684//4684 4789//4789
f 4908//4908 6585//6585 6600//6600
f 1997//1997 2001//2001 6052//6052
f 6556//6556 1999//1999 6218//6218
f 1999//1999 1990//1990 6218//6218
f 1820//1820 1997//1997 1819//1819
f 6050//6050 2277//2277 1828//1828
f 2270//2270 4660//4660 2065//2065
f 2077//2077 1837//1837 4661//4661
f 2131//2131 2122//2122 6055//6055
f 4811//4811 6317//6317 2139//2139
f 4873//4873 2214//2214 4910//4910
f 2099//2099 4726//4726 2153//2153
f 2109//2109 2049//2049 2050//2050
f 2104//2104 2103//2103 4841//4841
f 4660//4660 2270//2270 2289//2289
f 2245//2245 2194//2194 2320//2320
f 2291//2291 2122//2122 2131//2131
f 2030//2030 2088//2088 2087//2087
f 2256//2256 2142//2142 2036//2036
f 4913//4913 4914//4914 4796//4796
f 2341//2341 2071//2071 2125//2125
f 2163//2163 2131//2131 2160//2160
f 2131//2131 2020//2020 2160//2160
f 2278//2278 2200//2200 2012//2012
f 4897//4897 2188//2188 4898//4898
f 4812//4812 2149//2149 4898//4898
f 2250//2250 2247//2247 4919//4919
f 1902//1902 4921//4921 6315//6315
f 4928//4928 1948//1948 4909//4909
f 2045//2045 2257//2257 2098//2098
f 1976//1976 4798//4798 2257//2257
f 2025//2025 4923//4923 4753//4753
f 2307//2307 1953//1953 1952//1952
f 4854//4854 1952//1952 2232//2232
f 2273//2273 1972//1972 1888//1888
f 2252//2252 2253//2253 2333//2333
f 2321//2321 1830//1830 2198//2198
f 4746//4746 4752//4752 6281//6281
f 2265//2265 4924//4924 1906//1906
f 2317//2317 4814//4814 2239//2239
f 4722//4722 1963//1963 2097//2097
f 2165//2165 2126//2126 6555//6555
f 2227//2227 2228//2228 2202//2202
f 4814//4814 2212//2212 4946//4946
f 1849//1849 4919//4919 6418//6418
f 2305//2305 1830//1830 2243//2243
f 4848//4848 4773//4773 4741//4741
f 2249//2249 1855//1855 1850//1850
f 2063//2063 2004//2004 2066//2066
f 1810//1810 1812//1812 1992//1992
f 1811//1811 1995//1995 4711//4711
f 1817//1817 2000//2000 1819//1819
f 2338//2338 2345//2345 5719//5719
f 2078//2078 2281//2281 2077//2077
f 2167//2167 2128//2128 2081//2081
f 1859//1859 1849//1849 6418//6418
f 1902//1902 4675//4675 4806//4806
f 4774//4774 2287//2287 4862//4862
f 1935//1935 1939//1939 1938//1938
f 2001//2001 2117//2117 6052//6052
f 2331//2331 6057//6057 4861//4861
f 4769//4769 5928//5928 4927//4927
f 2275//2275 2344//2344 2347//2347
f 2353//2353 2064//2064 2007//2007
f 4938//4938 4766//4766 4692//4692
f 2268//2268 2335//2335 2116//2116
f 2335//2335 2347//2347 6217//6217
f 2279//2279 2069//2069 2010//2010
f 2077//2077 2280//2280 2076//2076
f 2013//2013 2121//2121 2076//2076
f 2086//2086 2016//2016 2292//2292
f 2079//2079 6313//6313 2292//2292
f 2019//2019 2350//2350 6221//6221
f 4748//4748 4707//4707 4805//4805
f 4857//4857 6066//6066 2096//2096
f 1935//1935 1931//1931 2354//2354
f 2354//2354 1934//1934 1935//1935
f 2072//2072 1946//1946 2279//2279
f 2291//2291 2339//2339 2122//2122
f 2124//2124 2072//2072 2123//2123
f 4911//4911 2133//2133 2293//2293
f 2138//2138 2036//2036 2142//2142
f 6049//6049 2103//2103 2285//2285
f 2125//2125 2070//2070 2126//2126
f 2130//2130 2196//2196 2011//2011
f 2201//2201 4752//4752 4903//4903
f 4895//4895 4889//4889 2174//2174
f 2187//2187 2179//2179 2183//2183
f 2179//2179 2187//2187 2147//2147
f 2047//2047 4749//4749 2147//2147
f 2293//2293 1847//1847 4844//4844
f 2197//2197 2024//2024 4929//4929
f 2201//2201 2343//2343 2202//2202
f 4813//4813 2227//2227 2202//2202
f 2178//2178 2185//2185 2042//2042
f 5778//5778 4758//4758 4853//4853
f 2192//2192 2220//2220 2191//2191
f 2344//2344 1994//1994 1992//1992
f 2244//2244 1066//1066 1836//1836
f 2289//2289 2320//2320 1834//1834
f 1857//1857 1853//1853 2248//2248
f 2248//2248 1858//1858 1855//1855
f 2303//2303 4758//4758 2261//2261
f 1816//1816 1939//1939 1998//1998
f 2268//2268 2116//2116 6320//6320
f 2245//2245 2193//2193 2194//2194
f 2121//2121 2124//2124 2123//2123
f 1949//1949 2085//2085 2159//2159
f 4777//4777 1865//1865 4928//4928
f 1991//1991 2058//2058 6316//6316
f 1998//1998 2347//2347 2344//2344
f 2344//2344 2275//2275 1994//1994
f 2312//2312 2159//2159 6220//6220
f 2020//2020 6055//6055 2333//2333
f 4829//4829 2233//2233 2322//2322
f 2153//2153 4726//4726 4850//4850
f 4880//4880 2307//2307 2026//2026
f 2026//2026 4753//4753 2294//2294
f 5969//5969 2090//2090 2029//2029
f 2042//2042 2184//2184 2148//2148
f 2188//2188 4896//4896 2206//2206
f 2291//2291 2131//2131 2074//2074
f 4767//4767 2174//2174 4706//4706
f 2145//2145 2143//2143 2295//2295
f 4707//4707 4748//4748 4857//4857
f 6264//6264 2176//2176 2175//2175
f 2034//2034 4934//4934 2207//2207
f 2207//2207 2144//2144 2034//2034
f 5774//5774 4897//4897 4917//4917
f 4898//4898 2188//2188 2206//2206
f 2308//2308 2330//2330 2319//2319
f 2319//2319 4814//4814 4946//4946
f 2309//2309 2310//2310 4831//4831
f 2252//2252 2311//2311 2253//2253
f 2336//2336 4875//4875 5777//5777
f 4883//4883 1928//1928 4783//4783
f 2312//2312 2299//2299 6318//6318
f 4762//4762 2238//2238 2330//2330
f 2004//2004 2063//2063 6222//6222
f 2240//2240 2120//2120 4688//4688
f 2197//2197 4690//4690 2166//2166
f 6058//6058 2170//2170 2012//2012
f 2170//2170 2306//2306 2282//2282
f 2329//2329 2296//2296 6062//6062
f 1952//1952 6504//6504 2307//2307
f 6504//6504 2254//2254 2307//2307
f 2239//2239 2331//2331 4861//4861
f 2339//2339 6313//6313 2079//2079
f 2341//2341 2072//2072 2071//2071
f 4855//4855 2326//2326 2342//2342
f 2260//2260 5924//5924 2342//2342
f 4876//4876 4916//4916 5968//5968
f 6066//6066 4668//4668 6049//6049
f 5777//5777 5778//5778 4849//4849
f 5778//5778 2261//2261 4758//4758
f 4758//4758 2303//2303 2297//2297
f 2318//2318 4814//4814 2317//2317
f 1927//1927 4862//4862 4937//4937
f 4831//4831 2205//2205 2309//2309
f 80//80 5923//5923 4771//4771
f 1959//1959 2028//2028 6280//6280
f 4837//4837 4881//4881 35//35
f 2027//2027 4861//4861 6057//6057
f 2068//2068 2276//2276 2063//2063
f 2042//2042 2148//2148 2141//2141
f 1848//1848 2352//2352 1855//1855
f 2325//2325 2211//2211 1867//1867
f 2111//2111 1977//1977 4847//4847
f 1840//1840 1842//1842 2247//2247
f 1975//1975 4780//4780 4871//4871
f 2039//2039 4840//4840 2146//2146
f 2146//2146 1884//1884 2039//2039
f 2056//2056 2298//2298 6067//6067
f 1949//1949 2312//2312 4890//4890
f 2032//2032 4695//4695 4828//4828
f 4888//4888 1866//1866 4720//4720
f 2144//2144 4810//4810 2175//2175
f 2346//2346 1965//1965 1964//1964
f 1964//1964 2327//2327 2346//2346
f 2020//2020 2253//2253 2200//2200
f 4697//4697 1972//1972 6060//6060
f 1894//1894 2286//2286 4935//4935
f 1821//1821 2345//2345 2334//2334
f 1824//1824 1825//1825 6312//6312
f 4223//4223 1061//1061 6538//6538
f 2168//2168 2164//2164 6555//6555
f 1866//1866 4694//4694 1871//1871
f 3572//3572 3631//3631 4939//4939
f 1889//1889 4917//4917 1888//1888
f 1914//1914 6173//6173 4941//4941
f 1923//1923 4742//4742 4808//4808
f 1937//1937 1998//1998 2344//2344
f 2344//2344 1992//1992 1937//1937
f 2334//2334 2345//2345 2241//2241
f 1827//1827 2290//2290 4776//4776
f 1881//1881 6321//6321 4942//4942
f 4805//4805 1962//1962 4912//4912
f 4670//4670 4750//4750 4728//4728
f 1977//1977 4936//4936 4790//4790
f 2120//2120 2353//2353 2324//2324
f 2004//2004 6222//6222 2003//2003
f 6222//6222 2338//2338 2003//2003
f 4687//4687 4713//4713 6050//6050
f 2289//2289 1834//1834 2008//2008
f 4922//4922 2283//2283 4705//4705
f 4788//4788 2096//2096 6066//6066
f 1920//1920 4710//4710 4681//4681
f 2075//2075 1986//1986 2057//2057
f 2354//2354 1931//1931 1933//1933
f 2117//2117 2274//2274 6618//6618
f 2267//2267 1987//1987 2115//2115
f 1839//1839 2167//2167 2081//2081
f 2021//2021 2350//2350 2083//2083
f 1951//1951 2299//2299 2084//2084
f 2087//2087 4723//4723 1965//1965
f 4901//4901 4819//4819 4914//4914
f 2340//2340 2155//2155 2101//2101
f 2047//2047 2155//2155 2102//2102
f 1932//1932 1996//1996 6316//6316
f 2070//2070 2125//2125 2071//2071
f 2124//2124 2121//2121 2073//2073
f 2163//2163 2160//2160 2210//2210
f 2293//2293 4929//4929 2134//2134
f 2097//2097 1962//1962 6054//6054
f 2150//2150 2181//2181 4749//4749
f 2195//2195 6220//6220 2159//2159
f 2312//2312 1949//1949 2159//2159
f 2017//2017 2134//2134 2222//2222
f 2206//2206 4904//4904 2190//2190
f 1833//1833 2320//2320 2194//2194
f 4811//4811 2340//2340 2101//2101
f 4904//4904 4905//4905 4934//4934
f 2219//2219 2224//2224 2304//2304
f 4755//4755 4902//4902 4875//4875
f 2172//2172 4747//4747 2136//2136
f 1835//1835 4685//4685 4932//4932
f 4714//4714 33//33 4881//4881
f 4919//4919 2197//2197 2250//2250
f 4663//4663 2352//2352 1842//1842
f 6058//6058 2311//2311 2170//2170
f 2094//2094 2140//2140 4764//4764
f 1976//1976 1969//1969 4798//4798
f 2337//2337 2264//2264 2263//2263
f 1903//1903 4675//4675 4833//4833
f 2056//2056 6067//6067 4937//4937
f 1932//1932 1930//1930 6218//6218
f 1944//1944 4886//4886 2244//2244
f 6638//6638 4817//4817 4822//4822
f 2346//2346 5969//5969 1965//1965
f 1814//1814 4711//4711 1993//1993
f 2062//2062 6052//6052 2118//2118
f 2334//2334 1940//1940 6556//6556
f 2006//2006 1826//1826 2060//2060
f 4775//4775 2242//2242 2276//2276
f 2276//2276 2271//2271 2065//2065
f 2151//2151 1968//1968 4812//4812
f 2287//2287 1987//1987 2267//2267
f 1946//1946 2245//2245 2270//2270
f 2353//2353 2277//2277 2064//2064
f 6478//6478 4827//4827 4869//4869
f 2327//2327 1964//1964 2296//2296
f 2296//2296 1964//1964 2295//2295
f 4934//4934 1887//1887 4904//4904
f 1839//1839 1985//1985 4801//4801
f 2169//2169 2130//2130 2011//2011
f 2227//2227 4813//4813 6345//6345
f 4864//4864 4845//4845 4884//4884
f 6577//6577 2046//2046 4899//4899
f 2109//2109 2101//2101 2155//2155
f 2193//2193 2125//2125 2302//2302
f 4803//4803 6070//6070 6404//6404
f 2328//2328 4889//4889 4793//4793
f 2305//2305 1833//1833 2198//2198
f 2304//2304 2224//2224 6573//6573
f 4918//4918 2198//2198 2224//2224
f 2325//2325 4870//4870 4944//4944
f 2272//2272 2306//2306 2018//2018
f 4870//4870 2018//2018 2306//2306
f 4880//4880 2090//2090 4765//4765
f 4893//4893 2186//2186 4754//4754
f 2315//2315 2221//2221 2250//2250
f 2250//2250 2166//2166 2315//2315
f 4910//4910 2230//2230 4759//4759
f 4761//4761 6170//6170 4760//4760
f 2305//2305 2198//2198 1830//1830
f 1838//1838 1830//1830 2321//2321
f 2262//2262 6535//6535 6536//6536
f 1980//1980 4731//4731 4945//4945
f 2278//2278 2012//2012 2011//2011
f 5969//5969 2346//2346 2090//2090
f 2173//2173 1873//1873 6478//6478
f 2329//2329 2232//2232 2231//2231
f 4798//4798 2098//2098 2257//2257
f 2308//2308 2310//2310 2309//2309
f 2309//2309 2330//2330 2308//2308
f 4829//4829 2238//2238 4762//4762
f 1857//1857 1851//1851 1854//1854
f 2259//2259 1972//1972 1973//1973
f 4867//4867 2257//2257 2045//2045
f 2180//2180 2179//2179 2181//2181
f 2181//2181 2150//2150 6448//6448
f 4813//4813 2202//2202 2343//2343
f 2201//2201 2204//2204 2343//2343
f 2325//2325 4944//4944 4830//4830
f 2213//2213 2313//2313 4946//4946
f 1849//1849 1859//1859 2223//2223
f 2284//2284 4851//4851 2035//2035
f 2196//2196 2161//2161 2278//2278
f 4688//4688 2120//2120 2241//2241
f 4725//4725 4668//4668 2095//2095
f 2058//2058 1936//1936 6061//6061
f 1820//1820 1989//1989 2275//2275
f 1989//1989 1994//1994 2275//2275
f 2014//2014 2076//2076 2280//2280
f 2140//2140 5780//5780 4764//4764
f 2079//2079 2195//2195 2159//2159
f 2219//2219 2220//2220 2224//2224
f 1949//1949 4890//4890 2333//2333
f 1952//1952 2231//2231 2232//2232
f 2264//2264 4858//4858 1900//1900
f 1900//1900 2263//2263 2264//2264
f 1842//1842 2314//2314 2247//2247
f 2314//2314 4919//4919 2247//2247
f 2166//2166 6053//6053 2315//2315
f 4810//4810 2207//2207 4787//4787
f 2295//2295 2143//2143 2296//2296
f 2329//2329 2327//2327 2296//2296
f 1989//1989 1993//1993 1994//1994
f 2352//2352 4663//4663 1850//1850
f 4772//4772 4868//4868 4800//4800
f 2083//2083 2084//2084 2021//2021
f 1879//1879 4889//4889 2182//2182
f 1935//1935 1938//1938 1931//1931
f 2133//2133 4911//4911 2023//2023
f 2220//2220 2192//2192 2226//2226
f 4702//4702 2316//2316 6319//6319
f 4678//4678 4906//4906 4676//4676
f 2268//2268 6320//6320 6314//6314
f 1948//1948 1845//1845 4909//4909
f 2336//2336 5777//5777 4815//4815
f 2327//2327 2329//2329 2231//2231
f 2222//2222 2024//2024 1849//1849
f 2226//2226 2225//2225 2316//2316
f 2322//2322 2230//2230 4756//4756
f 4854//4854 6504//6504 1952//1952
f 4765//4765 2327//2327 2231//2231
f 2013//2013 6313//6313 2080//2080
f 2080//2080 6313//6313 2339//2339
f 2290//2290 4886//4886 2066//2066
f 2066//2066 2009//2009 2068//2068
f 1827//1827 2244//2244 2290//2290
f 6618//6618 2119//2119 6624//6624
f 2002//2002 6052//6052 2117//2117
f 4913//4913 4865//4865 4900//4900
f 2061//2061 2060//2060 2351//2351
f 2060//2060 2002//2002 2351//2351
f 1934//1934 6217//6217 1939//1939
f 2069//2069 2009//2009 2010//2010
f 2195//2195 2079//2079 2292//2292
f 2167//2167 2169//2169 2129//2129
f 2189//2189 4812//4812 2206//2206
f 2299//2299 2312//2312 6220//6220
f 2349//2349 2005//2005 6312//6312
f 4871//4871 4697//4697 5924//5924
f 1936//1936 2355//2355 1239//1239
f 2357//2357 2355//2355 1936//1936
f 2358//2358 2357//2357 5135//5135
f 1931//1931 5135//5135 1933//1933
f 5722//5722 4949//4949 2359//2359
f 2511//2511 2360//2360 2359//2359
f 2359//2359 2360//2360 5722//5722
f 2363//2363 2468//2468 2362//2362
f 2364//2364 4985//4985 2365//2365
f 2462//2462 2366//2366 2367//2367
f 2371//2371 2374//2374 2375//2375
f 2376//2376 4952//4952 4953//4953
f 2369//2369 5226//5226 2733//2733
f 5900//5900 1187//1187 5056//5056
f 2385//2385 4956//4956 2736//2736
f 1857//1857 4959//4959 1851//1851
f 2395//2395 2396//2396 4959//4959
f 2396//2396 4960//4960 1851//1851
f 2403//2403 5189//5189 615//615
f 5816//5816 3829//3829 4962//4962
f 5068//5068 5808//5808 2418//2418
f 904//904 2419//2419 675//675
f 6609//6609 2428//2428 2429//2429
f 4967//4967 6322//6322 4968//4968
f 6073//6073 2444//2444 2443//2443
f 4728//4728 5141//5141 4670//4670
f 2450//2450 4973//4973 2451//2451
f 4976//4976 2456//2456 4977//4977
f 1862//1862 2460//2460 1861//1861
f 5762//5762 1252//1252 4978//4978
f 4659//4659 2465//2465 2348//2348
f 2510//2510 2465//2465 2466//2466
f 2466//2466 2465//2465 2467//2467
f 2470//2470 2362//2362 1812//1812
f 2475//2475 2375//2375 2374//2374
f 2381//2381 2380//2380 2379//2379
f 5214//5214 5178//5178 2490//2490
f 628//628 2406//2406 4114//4114
f 2502//2502 5804//5804 2443//2443
f 5902//5902 4958//4958 2486//2486
f 5261//5261 6071//6071 2461//2461
f 2461//2461 5762//5762 4978//4978
f 2462//2462 2367//2367 2463//2463
f 4985//4985 2511//2511 2512//2512
f 2513//2513 2361//2361 2468//2468
f 2517//2517 2472//2472 2470//2470
f 4659//4659 2467//2467 2465//2465
f 2476//2476 2523//2523 2521//2521
f 4989//4989 6184//6184 5254//5254
f 2486//2486 5965//5965 6072//6072
f 2541//2541 2542//2542 2758//2758
f 2543//2543 2544//2544 2458//2458
f 6609//6609 5155//5155 2561//2561
f 2567//2567 5069//5069 6420//6420
f 2367//2367 2575//2575 2510//2510
f 1816//1816 2362//2362 2468//2468
f 2512//2512 2469//2469 2732//2732
f 5000//5000 5001//5001 2528//2528
f 2586//2586 5200//5200 5102//5102
f 6357//6357 5089//5089 2395//2395
f 2486//2486 6072//6072 2584//2584
f 2491//2491 5160//5160 2596//2596
f 4995//4995 5008//5008 2410//2410
f 2606//2606 2700//2700 5042//5042
f 2608//2608 2559//2559 5043//5043
f 2671//2671 2610//2610 2683//2683
f 6496//6496 5031//5031 5033//5033
f 2613//2613 2614//2614 5155//5155
f 2561//2561 2614//2614 2615//2615
f 1883//1883 5010//5010 2493//2493
f 628//628 2612//2612 5011//5011
f 5166//5166 2440//2440 2443//2443
f 2628//2628 2629//2629 2630//2630
f 2502//2502 2451//2451 5804//5804
f 1931//1931 1938//1938 2361//2361
f 2637//2637 2473//2473 2474//2474
f 2640//2640 4998//4998 5023//5023
f 2647//2647 6506//6506 5152//5152
f 2614//2614 2561//2561 5155//5155
f 2490//2490 2553//2553 2603//2603
f 2676//2676 2667//2667 2668//2668
f 2677//2677 2678//2678 2679//2679
f 2679//2679 2686//2686 2677//2677
f 5018//5018 2389//2389 4200//4200
f 4998//4998 2688//2688 5966//5966
f 2632//2632 2648//2648 2589//2589
f 5253//5253 2645//2645 2695//2695
f 2698//2698 2551//2551 2699//2699
f 2654//2654 2699//2699 2701//2701
f 5139//5139 2663//2663 2658//2658
f 2711//2711 2702//2702 2703//2703
f 2564//2564 2706//2706 2707//2707
f 2713//2713 2714//2714 5065//5065
f 2678//2678 2677//2677 5034//5034
f 2716//2716 2677//2677 2686//2686
f 2640//2640 5023//5023 5024//5024
f 5934//5934 2519//2519 5047//5047
f 2643//2643 5205//5205 2651//2651
f 6507//6507 2714//2714 2713//2713
f 5040//5040 5050//5050 5258//5258
f 6543//6543 2397//2397 6075//6075
f 2471//2471 2573//2573 2780//2780
f 2372//2372 2371//2371 2366//2366
f 2368//2368 2382//2382 1184//1184
f 5202//5202 2738//2738 2739//2739
f 2742//2742 2749//2749 2743//2743
f 2744//2744 2745//2745 2493//2493
f 3840//3840 4984//4984 5282//5282
f 5032//5032 5209//5209 2613//2613
f 2427//2427 2684//2684 2496//2496
f 2444//2444 2502//2502 2443//2443
f 2506//2506 2456//2456 2455//2455
f 1863//1863 1856//1856 1857//1857
f 2469//2469 6082//6082 2754//2754
f 2754//2754 2477//2477 2755//2755
f 2638//2638 2639//2639 2522//2522
f 2510//2510 2575//2575 2574//2574
f 5179//5179 2523//2523 6419//6419
f 5793//5793 2486//2486 2584//2584
f 2642//2642 2759//2759 5105//5105
f 2603//2603 2553//2553 2497//2497
f 2661//2661 2556//2556 2555//2555
f 2683//2683 5052//5052 2708//2708
f 2795//2795 2723//2723 2722//2722
f 2364//2364 2360//2360 4985//4985
f 2511//2511 2359//2359 2766//2766
f 2754//2754 6082//6082 2798//2798
f 2520//2520 2756//2756 2578//2578
f 2520//2520 2578//2578 2515//2515
f 2768//2768 2477//2477 2580//2580
f 6076//6076 5002//5002 6670//6670
f 5139//5139 2557//2557 5121//5121
f 2740//2740 5093//5093 2741//2741
f 2614//2614 2622//2622 2615//2615
f 2615//2615 6084//6084 2561//2561
f 6505//6505 6226//6226 2680//2680
f 5082//5082 6622//6622 5210//5210
f 2505//2505 5069//5069 2567//2567
f 2780//2780 2472//2472 2471//2471
f 2473//2473 5076//5076 2474//2474
f 2755//2755 2768//2768 2732//2732
f 2754//2754 2478//2478 2477//2477
f 2755//2755 2732//2732 2469//2469
f 2512//2512 2365//2365 4985//4985
f 2783//2783 2509//2509 2758//2758
f 5086//5086 5087//5087 5184//5184
f 5102//5102 5200//5200 2784//2784
f 2543//2543 2458//2458 2457//2457
f 2543//2543 2588//2588 5007//5007
f 2584//2584 5004//5004 5071//5071
f 2598//2598 2398//2398 6557//6557
f 5159//5159 2652//2652 6539//6539
f 2660//2660 2596//2596 5028//5028
f 2597//2597 2659//2659 5042//5042
f 2404//2404 2607//2607 5092//5092
f 2740//2740 2617//2617 5093//5093
f 2685//2685 2723//2723 2779//2779
f 2623//2623 2789//2789 2500//2500
f 5095//5095 2628//2628 5235//5235
f 5808//5808 5068//5068 5095//5095
f 2790//2790 2513//2513 2363//2363
f 1931//1931 2361//2361 5135//5135
f 2472//2472 2517//2517 2471//2471
f 2638//2638 5170//5170 2639//2639
f 2600//2600 5029//5029 5223//5223
f 2656//2656 2586//2586 5102//5102
f 2653//2653 2606//2606 6326//6326
f 2666//2666 2707//2707 2706//2706
f 2620//2620 2498//2498 5801//5801
f 2668//2668 2667//2667 2707//2707
f 2628//2628 5095//5095 5068//5068
f 5808//5808 5095//5095 5111//5111
f 2417//2417 2746//2746 6227//6227
f 2638//2638 2522//2522 2689//2689
f 2576//2576 4998//4998 2640//2640
f 2543//2543 5007//5007 6077//6077
f 2699//2699 5009//5009 2698//2698
f 2704//2704 2408//2408 2654//2654
f 2666//2666 2709//2709 2668//2668
f 2665//2665 2708//2708 5809//5809
f 4987//4987 5019//5019 5049//5049
f 2722//2722 2679//2679 2721//2721
f 2725//2725 5143//5143 2530//2530
f 2469//2469 2769//2769 6082//6082
f 2634//2634 2635//2635 2533//2533
f 5093//5093 2664//2664 2741//2741
f 2779//2779 2500//2500 2685//2685
f 2371//2371 2375//2375 4986//4986
f 2781//2781 2639//2639 2473//2473
f 5226//5226 5208//5208 5215//5215
f 5191//5191 5120//5120 5127//5127
f 2555//2555 2491//2491 2661//2661
f 2503//2503 2418//2418 5808//5808
f 2745//2745 2744//2744 2742//2742
f 2799//2799 2503//2503 2504//2504
f 2614//2614 2613//2613 6665//6665
f 4699//4699 1897//1897 4975//4975
f 5043//5043 5139//5139 2803//2803
f 4670//4670 5141//5141 4972//4972
f 5122//5122 2761//2761 2799//2799
f 2573//2573 5076//5076 2515//2515
f 2366//2366 2371//2371 2806//2806
f 2471//2471 2474//2474 2573//2573
f 5965//5965 5006//5006 2589//2589
f 5206//5206 5947//5947 5205//5205
f 5185//5185 2675//2675 2608//2608
f 5032//5032 2613//2613 2808//2808
f 5155//5155 2808//2808 2613//2613
f 5015//5015 5166//5166 5804//5804
f 2594//2594 5088//5088 2507//2507
f 2398//2398 5159//5159 2602//2602
f 2701//2701 2699//2699 2551//2551
f 6496//6496 2807//2807 5031//5031
f 2686//2686 5014//5014 2716//2716
f 2787//2787 5176//5176 6644//6644
f 2809//2809 2679//2679 2678//2678
f 2694//2694 5125//5125 2791//2791
f 2645//2645 2594//2594 2695//2695
f 2599//2599 2662//2662 5266//5266
f 2597//2597 5009//5009 5266//5266
f 2677//2677 2716//2716 2715//2715
f 2678//2678 2793//2793 2809//2809
f 5161//5161 5183//5183 5162//5162
f 2706//2706 2794//2794 2666//2666
f 2666//2666 2794//2794 2684//2684
f 5163//5163 6075//6075 5138//5138
f 2365//2365 2733//2733 2368//2368
f 2799//2799 2812//2812 5807//5807
f 2448//2448 2630//2630 2629//2629
f 2628//2628 2630//2630 5235//5235
f 5095//5095 5235//5235 5096//5096
f 2790//2790 2633//2633 2513//2513
f 2772//2772 6176//6176 5940//5940
f 5156//5156 5136//5136 2778//2778
f 5129//5129 2566//2566 2763//2763
f 2656//2656 5102//5102 5251//5251
f 2404//2404 5063//5063 5168//5168
f 2749//2749 2801//2801 2447//2447
f 2683//2683 2708//2708 2671//2671
f 2638//2638 5098//5098 2756//2756
f 5152//5152 4992//4992 2587//2587
f 5061//5061 5062//5062 5040//5040
f 2609//2609 2812//2812 2504//2504
f 2534//2534 2533//2533 2635//2635
f 2537//2537 5083//5083 5171//5171
f 2403//2403 3851//3851 5173//5173
f 2414//2414 5175//5175 5801//5801
f 2637//2637 2781//2781 2473//2473
f 2639//2639 5170//5170 2473//2473
f 2637//2637 5247//5247 2574//2574
f 2693//2693 6348//6348 4990//4990
f 2739//2739 2703//2703 6269//6269
f 2608//2608 2675//2675 2559//2559
f 2674//2674 2557//2557 2559//2559
f 2716//2716 6644//6644 5176//5176
f 2516//2516 2515//2515 2578//2578
f 2477//2477 2636//2636 2580//2580
f 2768//2768 2755//2755 2477//2477
f 5810//5810 6076//6076 4999//4999
f 2619//2619 2406//2406 5011//5011
f 2787//2787 6644//6644 5074//5074
f 2448//2448 2629//2629 2809//2809
f 2363//2363 2780//2780 2790//2790
f 2348//2348 2517//2517 2470//2470
f 2575//2575 2637//2637 2574//2574
f 5089//5089 6357//6357 5263//5263
f 5042//5042 2700//2700 2597//2597
f 2495//2495 5043//5043 2803//2803
f 2788//2788 2674//2674 6081//6081
f 5238//5238 2676//2676 2668//2668
f 2617//2617 2616//2616 2497//2497
f 2603//2603 5214//5214 2490//2490
f 2685//2685 2500//2500 2789//2789
f 5077//5077 2690//2690 5035//5035
f 2459//2459 2696//2696 6077//6077
f 2654//2654 5050//5050 2704//2704
f 5121//5121 2663//2663 5139//5139
f 5185//5185 2705//2705 2611//2611
f 5110//5110 5044//5044 5190//5190
f 5094//5094 2710//2710 2619//2619
f 2703//2703 2739//2739 2738//2738
f 2738//2738 5202//5202 2712//2712
f 2373//2373 4950//4950 5193//5193
f 5077//5077 5025//5025 5125//5125
f 6441//6441 5174//5174 6465//6465
f 2611//2611 2738//2738 5053//5053
f 2770//2770 2579//2579 6228//6228
f 5146//5146 2773//2773 2552//2552
f 2779//2779 5122//5122 2499//2499
f 5075//5075 2811//2811 2750//2750
f 5067//5067 2630//2630 2717//2717
f 5195//5195 2417//2417 4983//4983
f 2504//2504 2503//2503 2762//2762
f 2637//2637 2575//2575 2781//2781
f 594//594 5889//5889 5937//5937
f 4961//4961 5196//5196 4694//4694
f 5153//5153 2697//2697 2400//2400
f 2798//2798 2478//2478 2754//2754
f 5178//5178 5169//5169 2490//2490
f 5946//5946 4962//4962 5201//5201
f 2658//2658 6326//6326 2606//2606
f 2653//2653 2550//2550 2698//2698
f 5176//5176 6226//6226 5199//5199
f 6268//6268 5099//5099 5161//5161
f 2734//2734 6268//6268 5116//5116
f 5279//5279 2542//2542 2792//2792
f 2735//2735 5204//5204 6348//6348
f 5146//5146 2811//2811 2773//2773
f 2749//2749 2797//2797 2801//2801
f 4953//4953 5870//5870 4951//4951
f 2426//2426 5066//5066 2432//2432
f 2454//2454 4975//4975 2505//2505
f 2799//2799 2504//2504 2812//2812
f 1936//1936 1933//1933 2357//2357
f 2356//2356 2766//2766 2359//2359
f 2781//2781 2575//2575 2805//2805
f 1184//1184 4251//4251 2368//2368
f 2768//2768 2580//2580 5020//5020
f 2418//2418 2796//2796 5133//5133
f 904//904 2422//2422 5209//5209
f 2453//2453 2567//2567 6420//6420
f 5157//5157 6179//6179 2464//2464
f 2374//2374 2371//2371 2372//2372
f 4986//4986 2806//2806 2371//2371
f 2378//2378 6419//6419 2377//2377
f 2798//2798 2516//2516 2478//2478
f 2516//2516 2636//2636 2478//2478
f 615//615 5189//5189 2489//2489
f 2495//2495 2803//2803 5042//5042
f 2500//2500 2779//2779 2499//2499
f 2799//2799 2804//2804 2503//2503
f 2804//2804 2418//2418 2503//2503
f 2511//2511 2769//2769 2512//2512
f 5006//5006 2389//2389 2545//2545
f 2563//2563 2778//2778 2565//2565
f 2732//2732 2365//2365 2512//2512
f 2572//2572 6181//6181 6078//6078
f 2777//2777 2615//2615 2776//2776
f 2616//2616 2617//2617 2786//2786
f 2789//2789 2625//2625 2685//2685
f 5088//5088 2594//2594 2592//2592
f 2645//2645 5796//5796 2594//2594
f 2647//2647 5152//5152 5219//5219
f 2458//2458 2548//2548 2646//2646
f 2759//2759 2642//2642 5112//5112
f 2556//2556 2661//2661 4982//4982
f 4982//4982 2494//2494 2556//2556
f 2672//2672 5031//5031 2807//2807
f 6496//6496 2808//2808 2807//2807
f 5041//5041 5800//5800 5221//5221
f 2667//2667 5053//5053 2707//2707
f 2689//2689 2522//2522 5966//5966
f 2522//2522 5157//5157 5966//5966
f 2711//2711 2705//2705 2495//2495
f 2495//2495 2659//2659 2711//2711
f 2707//2707 2666//2666 2668//2668
f 2679//2679 2722//2722 2686//2686
f 6644//6644 2716//2716 5014//5014
f 5223//5223 2792//2792 5212//5212
f 5212//5212 5130//5130 5117//5117
f 5224//5224 5233//5233 5167//5167
f 2666//2666 2684//2684 2709//2709
f 2623//2623 2624//2624 2709//2709
f 2727//2727 5225//5225 5054//5054
f 2357//2357 2356//2356 2355//2355
f 2577//2577 2694//2694 2693//2693
f 2402//2402 6379//6379 5198//5198
f 5070//5070 5228//5228 5182//5182
f 5230//5230 5231//5231 5817//5817
f 2660//2660 2661//2661 2491//2491
f 2722//2722 2723//2723 2686//2686
f 2809//2809 2721//2721 2679//2679
f 2547//2547 5005//5005 5248//5248
f 5008//5008 5220//5220 5090//5090
f 5132//5132 6479//6479 5106//5106
f 3841//3841 2436//2436 2748//2748
f 6074//6074 2788//2788 2814//2814
f 2624//2624 2814//2814 5013//5013
f 2804//2804 2761//2761 2796//2796
f 2767//2767 2781//2781 2805//2805
f 2370//2370 5084//5084 6267//6267
f 2477//2477 2478//2478 2636//2636
f 2516//2516 2578//2578 2636//2636
f 5046//5046 5193//5193 4979//4979
f 2724//2724 2591//2591 5821//5821
f 2550//2550 2596//2596 5160//5160
f 2491//2491 2596//2596 2660//2660
f 2361//2361 5124//5124 5135//5135
f 6423//6423 2408//2408 2704//2704
f 5122//5122 2814//2814 2499//2499
f 2668//2668 2709//2709 5238//5238
f 2678//2678 5274//5274 2793//2793
f 2693//2693 2534//2534 2771//2771
f 5239//5239 5805//5805 5204//5204
f 2764//2764 2763//2763 2566//2566
f 2383//2383 5240//5240 5230//5230
f 5153//5153 6080//6080 2697//2697
f 2802//2802 2750//2750 6074//6074
f 2401//2401 6506//6506 2586//2586
f 5241//5241 2398//2398 5107//5107
f 2747//2747 2431//2431 5210//5210
f 5148//5148 4989//4989 5142//5142
f 5155//5155 2807//2807 2808//2808
f 6496//6496 2498//2498 2808//2808
f 5004//5004 2584//2584 2648//2648
f 1938//1938 2468//2468 2361//2361
f 2740//2740 2786//2786 2617//2617
f 2671//2671 2672//2672 2610//2610
f 2680//2680 2681//2681 6325//6325
f 2658//2658 2606//2606 2803//2803
f 2401//2401 5153//5153 2400//2400
f 2760//2760 2425//2425 4966//4966
f 2430//2430 4984//4984 2433//2433
f 5140//5140 2751//2751 2800//2800
f 2466//2466 2463//2463 2510//2510
f 2524//2524 2633//2633 6082//6082
f 5243//5243 2519//2519 5244//5244
f 5188//5188 5933//5933 4957//4957
f 5092//5092 2407//2407 2405//2405
f 4982//4982 5277//5277 4994//4994
f 6180//6180 2560//2560 5190//5190
f 2574//2574 2348//2348 2465//2465
f 2465//2465 2510//2510 2574//2574
f 1938//1938 1816//1816 2468//2468
f 2526//2526 5265//5265 5078//5078
f 5148//5148 2525//2525 5227//5227
f 6176//6176 5055//5055 5940//5940
f 2490//2490 2554//2554 2553//2553
f 2386//2386 5949//5949 5059//5059
f 5949//5949 2687//2687 5194//5194
f 2348//2348 2574//2574 2517//2517
f 6228//6228 2578//2578 2756//2756
f 6539//6539 5268//5268 6266//6266
f 2554//2554 5091//5091 4994//4994
f 5094//5094 2619//2619 5011//5011
f 2742//2742 2744//2744 2786//2786
f 2777//2777 2776//2776 2621//2621
f 2684//2684 2789//2789 2623//2623
f 2579//2579 2580//2580 2636//2636
f 2474//2474 2471//2471 5247//5247
f 2518//2518 5179//5179 2464//2464
f 2528//2528 5001//5001 6178//6178
f 5184//5184 2390//2390 5248//5248
f 5249//5249 5150//5150 5250//5250
f 5104//5104 5163//5163 5072//5072
f 5794//5794 5237//5237 5938//5938
f 2701//2701 2551//2551 2593//2593
f 2654//2654 2408//2408 2699//2699
f 2676//2676 5185//5185 2667//2667
f 5221//5221 5201//5201 2710//2710
f 5158//5158 5018//5018 5822//5822
f 5158//5158 2545//2545 2389//2389
f 2483//2483 5216//5216 5252//5252
f 2784//2784 2813//2813 5253//5253
f 2695//2695 2509//2509 2783//2783
f 5007//5007 2461//2461 6077//6077
f 2461//2461 4978//4978 6077//6077
f 2623//2623 2709//2709 2684//2684
f 5113//5113 2562//2562 5065//5065
f 5065//5065 2775//2775 2713//2713
f 5254//5254 5255//5255 5256//5256
f 2727//2727 2718//2718 5117//5117
f 2560//2560 2612//2612 2719//2719
f 2423//2423 2424//2424 6520//6520
f 2425//2425 5114//5114 4966//4966
f 5803//5803 2496//2496 5257//5257
f 2564//2564 2707//2707 5053//5053
f 2385//2385 2736//2736 5165//5165
f 5169//5169 5178//5178 5260//5260
f 2469//2469 2754//2754 2755//2755
f 2476//2476 2379//2379 5211//5211
f 2409//2409 5214//5214 5010//5010
f 2804//2804 2799//2799 2761//2761
f 2776//2776 2615//2615 2622//2622
f 2367//2367 2805//2805 2575//2575
f 2769//2769 2511//2511 2766//2766
f 2769//2769 2766//2766 2524//2524
f 4938//4938 2407//2407 5260//5260
f 5144//5144 5259//5259 6479//6479
f 2777//2777 5128//5128 6084//6084
f 2777//2777 6084//6084 2615//2615
f 2756//2756 5098//5098 2634//2634
f 2485//2485 5079//5079 5207//5207
f 5085//5085 5227//5227 5087//5087
f 2592//2592 2648//2648 2632//2632
f 2607//2607 2554//2554 5169//5169
f 2552//2552 5121//5121 2557//2557
f 5033//5033 2665//2665 2669//2669
f 6644//6644 5014//5014 2625//2625
f 2625//2625 2789//2789 5262//5262
f 2499//2499 2624//2624 2500//2500
f 2717//2717 5045//5045 5195//5195
f 5222//5222 5113//5113 5065//5065
f 2627//2627 5016//5016 5236//5236
f 5016//5016 2627//2627 5015//5015
f 2689//2689 2771//2771 2635//2635
f 2783//2783 2542//2542 5279//5279
f 2729//2729 2759//2759 5038//5038
f 2623//2623 2500//2500 2624//2624
f 2676//2676 5238//5238 6081//6081
f 2688//2688 2576//2576 2577//2577
f 2711//2711 2703//2703 2611//2611
f 2703//2703 2738//2738 2611//2611
f 2482//2482 5244//5244 5934//5934
f 2713//2713 2775//2775 6520//6520
f 2720//2720 2722//2722 2721//2721
f 2737//2737 2546//2546 2728//2728
f 2552//2552 2741//2741 5121//5121
f 5145//5145 2618//2618 5146//5146
f 2552//2552 2557//2557 5145//5145
f 2797//2797 2740//2740 2773//2773
f 2741//2741 2773//2773 2740//2740
f 2805//2805 2806//2806 2767//2767
f 5814//5814 5131//5131 5181//5181
f 2796//2796 2720//2720 5133//5133
f 2728//2728 5138//5138 2397//2397
f 2385//2385 5142//5142 712//712
f 2401//2401 2586//2586 5153//5153
f 2459//2459 5793//5793 5229//5229
f 2518//2518 2767//2767 2806//2806
f 2705//2705 5043//5043 2495//2495
f 5129//5129 2609//2609 5147//5147
f 2651//2651 5051//5051 5026//5026
f 6423//6423 2655//2655 2599//2599
f 2698//2698 2550//2550 2551//2551
f 2665//2665 5031//5031 2671//2671
f 5040//5040 5258//5258 5061//5061
f 2606//2606 2653//2653 2700//2700
f 5806//5806 5809//5809 5803//5803
f 2356//2356 2357//2357 2358//2358
f 2748//2748 2436//2436 6322//6322
f 2628//2628 5133//5133 2629//2629
f 2720//2720 2721//2721 5133//5133
f 2468//2468 2363//2363 2513//2513
f 2535//2535 2386//2386 6655//6655
f 5075//5075 2801//2801 2811//2811
f 5146//5146 2750//2750 2811//2811
f 2800//2800 2752//2752 5123//5123
f 2568//2568 5228//5228 5123//5123
f 2492//2492 2719//2719 2612//2612
f 5265//5265 2526//2526 5180//5180
f 2607//2607 2404//2404 5091//5091
f 5198//5198 5063//5063 5196//5196
f 2640//2640 6175//6175 2690//2690
f 5042//5042 2803//2803 2606//2606
f 2712//2712 5053//5053 2738//2738
f 6179//6179 2639//2639 2767//2767
f 2814//2814 2624//2624 2499//2499
f 2764//2764 2566//2566 5177//5177
f 2365//2365 2732//2732 2733//2733
f 5822//5822 2571//2571 5158//5158
f 5158//5158 2389//2389 5018//5018
f 2489//2489 5189//5189 5213//5213
f 2670//2670 2414//2414 5801//5801
f 6422//6422 6494//6494 5119//5119
f 4959//4959 2810//2810 2395//2395
f 2361//2361 2513//2513 5124//5124
f 2510//2510 2463//2463 2367//2367
f 4952//4952 5211//5211 4954//4954
f 2403//2403 5246//5246 5268//5268
f 2673//2673 5191//5191 5127//5127
f 675//675 2419//2419 671//671
f 2445//2445 5140//5140 5141//5141
f 5137//5137 1974//1974 1904//1904
f 2455//2455 4976//4976 1974//1974
f 2375//2375 2475//2475 2379//2379
f 2757//2757 5172//5172 5083//5083
f 1198//1198 2389//2389 5006//5006
f 2491//2491 2555//2555 2697//2697
f 2697//2697 5160//5160 2491//2491
f 2492//2492 2612//2612 628//628
f 2496//2496 5052//5052 2427//2427
f 2459//2459 6077//6077 4978//4978
f 2780//2780 2573//2573 2514//2514
f 5243//5243 2484//2484 5815//5815
f 2470//2470 2472//2472 2362//2362
f 4998//4998 2576//2576 2688//2688
f 2641//2641 2736//2736 2539//2539
f 5270//5270 5271//5271 5245//5245
f 5220//5220 5030//5030 5272//5272
f 2598//2598 2410//2410 5820//5820
f 5129//5129 2763//2763 2609//2609
f 2802//2802 2812//2812 6492//6492
f 2448//2448 2717//2717 2630//2630
f 5067//5067 5235//5235 2630//2630
f 6078//6078 6181//6181 5003//5003
f 5170//5170 2756//2756 2520//2520
f 2650//2650 5205//5205 2643//2643
f 6539//6539 5189//5189 5268//5268
f 5185//5185 2676//2676 2675//2675
f 2683//2683 2682//2682 5074//5074
f 2427//2427 5052//5052 2683//2683
f 5111//5111 2762//2762 5808//5808
f 5115//5115 5233//5233 5036//5036
f 5250//5250 5270//5270 5039//5039
f 2711//2711 2611//2611 2705//2705
f 5806//5806 5257//5257 5131//5131
f 2795//2795 2779//2779 2723//2723
f 2685//2685 5014//5014 2723//2723
f 2698//2698 2700//2700 2653//2653
f 2624//2624 5238//5238 2709//2709
f 5183//5183 5932//5932 5162//5162
f 2564//2564 5053//5053 2712//2712
f 2356//2356 2359//2359 4949//4949
f 2694//2694 2791//2791 2735//2735
f 5267//5267 6085//6085 5217//5217
f 2560//2560 2719//2719 5109//5109
f 2746//2746 2417//2417 5045//5045
f 5045//5045 2793//2793 2746//2746
f 2558//2558 2774//2774 5275//5275
f 2439//2439 5276//5276 4970//4970
f 4971//4971 4997//4997 2743//2743
f 2443//2443 5804//5804 5166//5166
f 5015//5015 2626//2626 5166//5166
f 2514//2514 2573//2573 2515//2515
f 2516//2516 2514//2514 2515//2515
f 2553//2553 5277//5277 2497//2497
f 2796//2796 2795//2795 2720//2720
f 5197//5197 2645//2645 2813//2813
f 2813//2813 2647//2647 2646//2646
f 2778//2778 2621//2621 5156//5156
f 2776//2776 2622//2622 5156//5156
f 5076//5076 2573//2573 2474//2474
f 2758//2758 2542//2542 2783//2783
f 5253//5253 5279//5279 2784//2784
f 2671//2671 5031//5031 2672//2672
f 2671//2671 2708//2708 2665//2665
f 2674//2674 2788//2788 2618//2618
f 5274//5274 2678//2678 5034//5034
f 5170//5170 2520//2520 5076//5076
f 5253//5253 2695//2695 5279//5279
f 5068//5068 5133//5133 2628//2628
f 2534//2534 2635//2635 2771//2771
f 5020//5020 5280//5280 5208//5208
f 5144//5144 6350//6350 4992//4992
f 2796//2796 2761//2761 2795//2795
f 2790//2790 2514//2514 2798//2798
f 2643//2643 2642//2642 2650//2650
f 2722//2722 2720//2720 2795//2795
f 2572//2572 2691//2691 5081//5081
f 2558//2558 2680//2680 6587//6587
f 2674//2674 2559//2559 2675//2675
f 2663//2663 2664//2664 2604//2604
f 2507//2507 2509//2509 2594//2594
f 2551//2551 2550//2550 5160//5160
f 5224//5224 5151//5151 5101//5101
f 2496//2496 2684//2684 2794//2794
f 2766//2766 2356//2356 2358//2358
f 2741//2741 2552//2552 2773//2773
f 5156//5156 2622//2622 2430//2430
f 6086//6086 5234//5234 5111//5111
f 5075//5075 2750//2750 2802//2802
f 2457//2457 2458//2458 5811//5811
f 2524//2524 6082//6082 2769//2769
f 2469//2469 2512//2512 2769//2769
f 5260//5260 5178//5178 4693//4693
f 2516//2516 2798//2798 2514//2514
f 2814//2814 5122//5122 5807//5807
f 5034//5034 5222//5222 2631//2631
f 2792//2792 2644//2644 5279//5279
f 2786//2786 2740//2740 6421//6421
f 3812//3812 4955//4955 3925//3925
f 5187//5187 5006//5006 2545//2545
f 2545//2545 5218//5218 5187//5187
f 2663//2663 2604//2604 6225//6225
f 2770//2770 2634//2634 2533//2533
f 2603//2603 2616//2616 2412//2412
f 2412//2412 5214//5214 2603//2603
f 2687//2687 6174//6174 5218//5218
f 2810//2810 1856//1856 2460//2460
f 2612//2612 2560//2560 5094//5094
f 2360//2360 2511//2511 4985//4985
f 5116//5116 5049//5049 5278//5278
f 2772//2772 5206//5206 6176//6176
f 2390//2390 2391//2391 5283//5283
f 2539//2539 5149//5149 5283//5283
f 602//602 6087//6087 2815//2815
f 5845//5845 3451//3451 6094//6094
f 704//704 2833//2833 5499//5499
f 2965//2965 2846//2846 3613//3613
f 2824//2824 2831//2831 2849//2849
f 2824//2824 2849//2849 5387//5387
f 2851//2851 2852//2852 2853//2853
f 2854//2854 2820//2820 5289//5289
f 124//124 127//127 5292//5292
f 2885//2885 2886//2886 2887//2887
f 2878//2878 2879//2879 2884//2884
f 2888//2888 5299//5299 6270//6270
f 5825//5825 2899//2899 2900//2900
f 2909//2909 2910//2910 5547//5547
f 2913//2913 2914//2914 2915//2915
f 2913//2913 5587//5587 2916//2916
f 2915//2915 5587//5587 2913//2913
f 2919//2919 2917//2917 2918//2918
f 2921//2921 2924//2924 2922//2922
f 2917//2917 2919//2919 2924//2924
f 2933//2933 3009//3009 5302//5302
f 5303//5303 2932//2932 2937//2937
f 2939//2939 2933//2933 2938//2938
f 2938//2938 2933//2933 2940//2940
f 2945//2945 6105//6105 2946//2946
f 2942//2942 5304//5304 2944//2944
f 2948//2948 2949//2949 2950//2950
f 3252//3252 5406//5406 5394//5394
f 2956//2956 2926//2926 2954//2954
f 2958//2958 3014//3014 5406//5406
f 2956//2956 3151//3151 2930//2930
f 704//704 5668//5668 3744//3744
f 3566//3566 2845//2845 3614//3614
f 5553//5553 2976//2976 2977//2977
f 2981//2981 2882//2882 6406//6406
f 2893//2893 2891//2891 2985//2985
f 5547//5547 2987//2987 2909//2909
f 2990//2990 2915//2915 2911//2911
f 2990//2990 2994//2994 5314//5314
f 2995//2995 2996//2996 2997//2997
f 2922//2922 3000//3000 2921//2921
f 3005//3005 3006//3006 2936//2936
f 3007//3007 3008//3008 5316//5316
f 2947//2947 2958//2958 2951//2951
f 2930//2930 2959//2959 5302//5302
f 3231//3231 3022//3022 3023//3023
f 3032//3032 3033//3033 3034//3034
f 5598//5598 5527//5527 3035//3035
f 5950//5950 3564//3564 2975//2975
f 3037//3037 3033//3033 2855//2855
f 2963//2963 3041//3041 3090//3090
f 2834//2834 2961//2961 6122//6122
f 3043//3043 3044//3044 3045//3045
f 5474//5474 3049//3049 3445//3445
f 3053//3053 3298//3298 2948//2948
f 3054//3054 3055//3055 5359//5359
f 3058//3058 3059//3059 3060//3060
f 3375//3375 6230//6230 3067//3067
f 3069//3069 3070//3070 3071//3071
f 3011//3011 3073//3073 3074//3074
f 3076//3076 3077//3077 3078//3078
f 3008//3008 3079//3079 2935//2935
f 2946//2946 2947//2947 2945//2945
f 3085//3085 3151//3151 3086//3086
f 2962//2962 5284//5284 2817//2817
f 3017//3017 584//584 3088//3088
f 3092//3092 2819//2819 2962//2962
f 3030//3030 5341//5341 3103//3103
f 5552//5552 3103//3103 3107//3107
f 3111//3111 2970//2970 2971//2971
f 5533//5533 5848//5848 6089//6089
f 5827//5827 5356//5356 3119//3119
f 3059//3059 3058//3058 3127//3127
f 3130//3130 3131//3131 5451//5451
f 5597//5597 3133//3133 3134//3134
f 3141//3141 3064//3064 3142//3142
f 3069//3069 3063//3063 3351//3351
f 2907//2907 2902//2902 5555//5555
f 3151//3151 3085//3085 3152//3152
f 2912//2912 2952//2952 5301//5301
f 5581//5581 2844//2844 5454//5454
f 5828//5828 3019//3019 3154//3154
f 5327//5327 3093//3093 5533//5533
f 3020//3020 5318//5318 3224//3224
f 3160//3160 3184//3184 3161//3161
f 5398//5398 5636//5636 3098//3098
f 698//698 2832//2832 3172//3172
f 3044//3044 6649//6649 5646//5646
f 2888//2888 5311//5311 5298//5298
f 3251//3251 3062//3062 3015//3015
f 3059//3059 3203//3203 6384//6384
f 5603//5603 5612//5612 3211//3211
f 3238//3238 3213//3213 3080//3080
f 3070//3070 3204//3204 3071//3071
f 5436//5436 3221//3221 3222//3222
f 3231//3231 3171//3171 3228//3228
f 3110//3110 2873//2873 3168//3168
f 3058//3058 5399//5399 5468//5468
f 3060//3060 3059//3059 5313//5313
f 3245//3245 5334//5334 3001//3001
f 3208//3208 3220//3220 3250//3250
f 3256//3256 3257//3257 3208//3208
f 3020//3020 3224//3224 3170//3170
f 3275//3275 3054//3054 5359//5359
f 3281//3281 3282//3282 3283//3283
f 3289//3289 5497//5497 3290//3290
f 3160//3160 3161//3161 3294//3294
f 3277//3277 3303//3303 3297//3297
f 2923//2923 3261//3261 5379//5379
f 6232//6232 3310//3310 5285//5285
f 3311//3311 2826//2826 3312//3312
f 3115//3115 3116//3116 3320//3320
f 3321//3321 2871//2871 3322//3322
f 2893//2893 2894//2894 2878//2878
f 2878//2878 2884//2884 2893//2893
f 3518//3518 2900//2900 3136//3136
f 5567//5567 3332//3332 3333//3333
f 3334//3334 2909//2909 2987//2987
f 3337//3337 3140//3140 3338//3338
f 2937//2937 2934//2934 5303//5303
f 3340//3340 2932//2932 5303//5303
f 2925//2925 2954//2954 2926//2926
f 3249//3249 3342//3342 3085//3085
f 2956//2956 3086//3086 3151//3151
f 5625//5625 5460//5460 3089//3089
f 5396//5396 3450//3450 5397//5397
f 3350//3350 3280//3280 5416//5416
f 3002//3002 3075//3075 3008//3008
f 2998//2998 2916//2916 6508//6508
f 2942//2942 2899//2899 2910//2910
f 5383//5383 3209//3209 3131//3131
f 5548//5548 2955//2955 3084//3084
f 2816//2816 5284//5284 6232//6232
f 3318//3318 3037//3037 5643//5643
f 3360//3360 3154//3154 3361//3361
f 2834//2834 6666//6666 3097//3097
f 5644//5644 3111//3111 3028//3028
f 2851//2851 5344//5344 5428//5428
f 2856//2856 3363//3363 2975//2975
f 3032//3032 3364//3364 5323//5323
f 3036//3036 2860//2860 3038//3038
f 2975//2975 5292//5292 2856//2856
f 5290//5290 3036//3036 3039//3039
f 5594//5594 3365//3365 3174//3174
f 2827//2827 2829//2829 3090//3090
f 3369//3369 3229//3229 6093//6093
f 2912//2912 2943//2943 2944//2944
f 3372//3372 5304//5304 3287//3287
f 3303//3303 3148//3148 5384//5384
f 3275//3275 3148//3148 3054//3054
f 3373//3373 2885//2885 2887//2887
f 5434//5434 3068//3068 2999//2999
f 3340//3340 3339//3339 3377//3377
f 3151//3151 3152//3152 5336//5336
f 3204//3204 3208//3208 3257//3257
f 3089//3089 5306//5306 2821//2821
f 3154//3154 3091//3091 5828//5828
f 3183//3183 3042//3042 3233//3233
f 3233//3233 5549//5549 3379//3379
f 3312//3312 2819//2819 3311//3311
f 3102//3102 5318//5318 5321//5321
f 6236//6236 698//698 3172//3172
f 3107//3107 3106//3106 5322//5322
f 3364//3364 3112//3112 3039//3039
f 2978//2978 3034//3034 3037//3037
f 3113//3113 5408//5408 3381//3381
f 6272//6272 3344//3344 3172//3172
f 3272//3272 3234//3234 3271//3271
f 5356//5356 3183//3183 3385//3385
f 5842//5842 5414//5414 3390//3390
f 3391//3391 3207//3207 3392//3392
f 3355//3355 5417//5417 3394//3394
f 2902//2902 5335//5335 5555//5555
f 3205//3205 5366//5366 5583//5583
f 2908//2908 3066//3066 5415//5415
f 3298//3298 3397//3397 2949//2949
f 5594//5594 2863//2863 5595//5595
f 3156//3156 3400//3400 6094//6094
f 5496//5496 3460//3460 3401//3401
f 6091//6091 3232//3232 3404//3404
f 3041//3041 3174//3174 3365//3365
f 2989//2989 5349//5349 3409//3409
f 5349//5349 5649//5649 3410//3410
f 3217//3217 3411//3411 2890//2890
f 3415//3415 3307//3307 3197//3197
f 3133//3133 3200//3200 3285//3285
f 3220//3220 3204//3204 3070//3070
f 3072//3072 3004//3004 3417//3417
f 5580//5580 2981//2981 3406//3406
f 3164//3164 3162//3162 5592//5592
f 3424//3424 3425//3425 5560//5560
f 3167//3167 6328//6328 3166//3166
f 3407//3407 3235//3235 3179//3179
f 6450//6450 6657//6657 3366//3366
f 3192//3192 5440//5440 3410//3410
f 2985//2985 3430//3430 2894//2894
f 3213//3213 5441//5441 3214//3214
f 3431//3431 5369//5369 5441//5441
f 3292//3292 3431//3431 2891//2891
f 3242//3242 3282//3282 3350//3350
f 3435//3435 3243//3243 3135//3135
f 2909//2909 3334//3334 5621//5621
f 3438//3438 3258//3258 3259//3259
f 3142//3142 3254//3254 5352//5352
f 5579//5579 3140//3140 3337//3337
f 3241//3241 3263//3263 3128//3128
f 3170//3170 5343//5343 6381//6381
f 3426//3426 3328//3328 3270//3270
f 3328//3328 3440//3440 3441//3441
f 3442//3442 3295//3295 3296//3296
f 3280//3280 3350//3350 5829//5829
f 3278//3278 3443//3443 3282//3282
f 3263//3263 5443//5443 3444//3444
f 5447//5447 3308//3308 5448//5448
f 2891//2891 2893//2893 5449//5449
f 3195//3195 3392//3392 3207//3207
f 3447//3447 3448//3448 3195//3195
f 2819//2819 3312//3312 3358//3358
f 3358//3358 3312//3312 2822//2822
f 5453//5453 3312//3312 2826//2826
f 3421//3421 2825//2825 6603//6603
f 3155//3155 3222//3222 3317//3317
f 3319//3319 3452//3452 3112//3112
f 6591//6591 3464//3464 5457//5457
f 6450//6450 3407//3407 3179//3179
f 3349//3349 5524//5524 3455//3455
f 3458//3458 3354//3354 3353//3353
f 3353//3353 3354//3354 3078//3078
f 3338//3338 6090//6090 3391//3391
f 2956//2956 2930//2930 2931//2931
f 2965//2965 2847//2847 2846//2846
f 3466//3466 5567//5567 3333//3333
f 5494//5494 3468//3468 3432//3432
f 3471//3471 3369//3369 5588//5588
f 3370//3370 3371//3371 3472//3472
f 3089//3089 5460//5460 3360//3360
f 5435//5435 3091//3091 3360//3360
f 3173//3173 3175//3175 3114//3114
f 2952//2952 2948//2948 2950//2950
f 3249//3249 3397//3397 5445//5445
f 2912//2912 2944//2944 2952//2952
f 5456//5456 5849//5849 5489//5489
f 5442//5442 3468//3468 3345//3345
f 3289//3289 3414//3414 5475//5475
f 3383//3383 5838//5838 5465//5465
f 3440//3440 3328//3328 3476//3476
f 3488//3488 3378//3378 5566//5566
f 5831//5831 3316//3316 3491//3491
f 6282//6282 3403//3403 5477//5477
f 3455//3455 3493//3493 3349//3349
f 5484//5484 3494//3494 3050//3050
f 3495//3495 6238//6238 3496//3496
f 5567//5567 3497//3497 3332//3332
f 5442//5442 3432//3432 3468//3468
f 3479//3479 3498//3498 5469//5469
f 3424//3424 3332//3332 3425//3425
f 3273//3273 3497//3497 5486//5486
f 5473//5473 3378//3378 5559//5559
f 5558//5558 3428//3428 6610//6610
f 2954//2954 5470//5470 2950//2950
f 3401//3401 3398//3398 3508//3508
f 3509//3509 3479//3479 5569//5569
f 3289//3289 3378//3378 5497//5497
f 3500//3500 3487//3487 2984//2984
f 5480//5480 3457//3457 3467//3467
f 5510//5510 3346//3346 5631//5631
f 5602//5602 5522//5522 6096//6096
f 2831//2831 2824//2824 2828//2828
f 2828//2828 3451//3451 5317//5317
f 3314//3314 2847//2847 5339//5339
f 2845//2845 2850//2850 5339//5339
f 2859//2859 2818//2818 2855//2855
f 3159//3159 3168//3168 3224//3224
f 2887//2887 5835//5835 3408//3408
f 2917//2917 3512//3512 2918//2918
f 3084//3084 3252//3252 3357//3357
f 3154//3154 3088//3088 5634//5634
f 3365//3365 3090//3090 3041//3041
f 6095//6095 3384//3384 5485//5485
f 3074//3074 3352//3352 2995//2995
f 3352//3352 5432//5432 3245//3245
f 2817//2817 3017//3017 3092//3092
f 3454//3454 3462//3462 5461//5461
f 3473//3473 3049//3049 5497//5497
f 3490//3490 3457//3457 5492//5492
f 3249//3249 2949//2949 3397//3397
f 3373//3373 2887//2887 3408//3408
f 2978//2978 3093//3093 3517//3517
f 3452//3452 2858//2858 2857//2857
f 3016//3016 3114//3114 3320//3320
f 2836//2836 5409//5409 6110//6110
f 3282//3282 3443//3443 3283//3283
f 3516//3516 5336//5336 3152//3152
f 3041//3041 2963//2963 3343//3343
f 5461//5461 3463//3463 3454//3454
f 6093//6093 3503//3503 3369//3369
f 3471//3471 3230//3230 3369//3369
f 3245//3245 3244//3244 3520//3520
f 3302//3302 6097//6097 3291//3291
f 5490//5490 6405//6405 6451//6451
f 6424//6424 5459//5459 2901//2901
f 5375//5375 5346//5346 5411//5411
f 3300//3300 3469//3469 5565//5565
f 3209//3209 5383//5383 5361//5361
f 2992//2992 2991//2991 5447//5447
f 3114//3114 3175//3175 3100//3100
f 3420//3420 3491//3491 3316//3316
f 3332//3332 3424//3424 5522//5522
f 5607//5607 5302//5302 2959//2959
f 2957//2957 2960//2960 5305//5305
f 3476//3476 3487//3487 5599//5599
f 5434//5434 5511//5511 3260//3260
f 6466//6466 2972//2972 6381//6381
f 3370//3370 3472//3472 3470//3470
f 2994//2994 2990//2990 2911//2911
f 3436//3436 3081//3081 6186//6186
f 3508//3508 3398//3398 3461//3461
f 6091//6091 3523//3523 3232//3232
f 3412//3412 5517//5517 5626//5626
f 3271//3271 5459//5459 5382//5382
f 5455//5455 3491//3491 2863//2863
f 3420//3420 5454//5454 2863//2863
f 2952//2952 3372//3372 2948//2948
f 5334//5334 3245//3245 3520//3520
f 5350//5350 3207//3207 3520//3520
f 3521//3521 5372//5372 6438//6438
f 3369//3369 3230//3230 3229//3229
f 3425//3425 3332//3332 3497//3497
f 5474//5474 3445//3445 3415//3415
f 5523//5523 3384//3384 3501//3501
f 5599//5599 3487//3487 3349//3349
f 6352//6352 3229//3229 3499//3499
f 2886//2886 5484//5484 3050//3050
f 5602//5602 6096//6096 5633//5633
f 2962//2962 6232//6232 5284//5284
f 2852//2852 2851//2851 5598//5598
f 129//129 602//602 5310//5310
f 2839//2839 5330//5330 2868//2868
f 2879//2879 2880//2880 2982//2982
f 2982//2982 2884//2884 2879//2879
f 3238//3238 3430//3430 2985//2985
f 5952//5952 5529//5529 5528//5528
f 3335//3335 3336//3336 2928//2928
f 2933//2933 2932//2932 3009//3009
f 2939//2939 2932//2932 2933//2933
f 3153//3153 2827//2827 3090//3090
f 2895//2895 5412//5412 2986//2986
f 2921//2921 2997//2997 2996//2996
f 2997//2997 3074//3074 2995//2995
f 2962//2962 2817//2817 3092//3092
f 3112//3112 3040//3040 3039//3039
f 3363//3363 3040//3040 3105//3105
f 6088//6088 2973//2973 5423//5423
f 3163//3163 2979//2979 5426//5426
f 3374//3374 5952//5952 5333//5333
f 3099//3099 3108//3108 5327//5327
f 3032//3032 3034//3034 3319//3319
f 6234//6234 3387//3387 5619//5619
f 5539//5539 3200//3200 3248//3248
f 3200//3200 5539//5539 6385//6385
f 3144//3144 3395//3395 3065//3065
f 2912//2912 5530//5530 5335//5335
f 3339//3339 3007//3007 3513//3513
f 5454//5454 3420//3420 5581//5581
f 5572//5572 3027//3027 3102//3102
f 3102//3102 5319//5319 3159//3159
f 3227//3227 3446//3446 3161//3161
f 3320//3320 3114//3114 3164//3164
f 6649//6649 3043//3043 6657//6657
f 3412//3412 3145//3145 5517//5517
f 3249//3249 5445//5445 3342//3342
f 5434//5434 3255//3255 3068//3068
f 5542//5542 3064//3064 3065//3065
f 3004//3004 5367//5367 5315//5315
f 3386//3386 3219//3219 5495//5495
f 2844//2844 3380//3380 3094//3094
f 3324//3324 3325//3325 3525//3525
f 6382//6382 3236//3236 2880//2880
f 2880//2880 5577//5577 6382//6382
f 3303//3303 3277//3277 5843//5843
f 3430//3430 5404//5404 2896//2896
f 6425//6425 2955//2955 3341//3341
f 3294//3294 3161//3161 3446//3446
f 2877//2877 3431//3431 3292//3292
f 5449//5449 2882//2882 3292//3292
f 3264//3264 3147//3147 5370//5370
f 3130//3130 3277//3277 3297//3297
f 5509//5509 3201//3201 5546//5546
f 3309//3309 3302//3302 6109//6109
f 2966//2966 5309//5309 3379//3379
f 2849//2849 3347//3347 5387//5387
f 3159//3159 3110//3110 3168//3168
f 3044//3044 3524//3524 3045//3045
f 3043//3043 6649//6649 3044//3044
f 2989//2989 3409//3409 5532//5532
f 2917//2917 3353//3353 3512//3512
f 2920//2920 3512//3512 3353//3353
f 3392//3392 5452//5452 3338//3338
f 2974//2974 3029//3029 5837//5837
f 3126//3126 5313//5313 2993//2993
f 3063//3063 5314//5314 3351//3351
f 2833//2833 2961//2961 5551//5551
f 3022//3022 2971//2971 3427//3427
f 5552//5552 3107//3107 5322//5322
f 3228//3228 3165//3165 5609//5609
f 2927//2927 2926//2926 3377//3377
f 3152//3152 5548//5548 3516//3516
f 5548//5548 3084//3084 3516//3516
f 3154//3154 3360//3360 3091//3091
f 5354//5354 3094//3094 3418//3418
f 5593//5593 3363//3363 3105//3105
f 2871//2871 3325//3325 5294//5294
f 3178//3178 3324//3324 3525//3525
f 2897//2897 2896//2896 5842//5842
f 2989//2989 5532//5532 5414//5414
f 3136//3136 3395//3395 3518//3518
f 5834//5834 5556//5556 5431//5431
f 3138//3138 5844//5844 5415//5415
f 3249//3249 3506//3506 2949//2949
f 2949//2949 2948//2948 3298//3298
f 2844//2844 3094//3094 5421//5421
f 3175//3175 3405//3405 3344//3344
f 3344//3344 3405//3405 3343//3343
f 3237//3237 5620//5620 3410//3410
f 5608//5608 3428//3428 5437//5437
f 3296//3296 3295//3295 5374//5374
f 3218//3218 3214//3214 5441//5441
f 5566//5566 3378//3378 5473//5473
f 5382//5382 5560//5560 3296//3296
f 3485//3485 3262//3262 3263//3263
f 3403//3403 5428//5428 5344//5344
f 3173//3173 3016//3016 5624//5624
f 5831//5831 3453//3453 5521//5521
f 2869//2869 3181//3181 3182//3182
f 3129//3129 5562//5562 5495//5495
f 2931//2931 3377//3377 2926//2926
f 3372//3372 3287//3287 3053//3053
f 5460//5460 5625//5625 6544//6544
f 5956//5956 5562//5562 5488//5488
f 5432//5432 3352//3352 6239//6239
f 3280//3280 3244//3244 5432//5432
f 3115//3115 5372//5372 5506//5506
f 6591//6591 3048//3048 5500//5500
f 2867//2867 5836//5836 3322//3322
f 5591//5591 3396//3396 5418//5418
f 3466//3466 5482//5482 5567//5567
f 3157//3157 3423//3423 5490//5490
f 3401//3401 3460//3460 5422//5422
f 5491//5491 5849//5849 5466//5466
f 3329//3329 6383//6383 2984//2984
f 3503//3503 5589//5589 5588//5588
f 5482//5482 5589//5589 3503//3503
f 3346//3346 5524//5524 3511//3511
f 6102//6102 5631//5631 3346//3346
f 3197//3197 3308//3308 3198//3198
f 5305//5305 5607//5607 3150//3150
f 3471//3471 5481//5481 6427//6427
f 3156//3156 5453//5453 2826//2826
f 2832//2832 3845//3845 5499//5499
f 5330//5330 2839//2839 5570//5570
f 2939//2939 2937//2937 2932//2932
f 3000//3000 2998//2998 6508//6508
f 2953//2953 3083//3083 5337//5337
f 2819//2819 3310//3310 2962//2962
f 3143//3143 5402//5402 5314//5314
f 5361//5361 3247//3247 3012//3012
f 5874//5874 3088//3088 584//584
f 3033//3033 3037//3037 3034//3034
f 2978//2978 3318//3318 3117//3117
f 3183//3183 5356//5356 3042//3042
f 3069//3069 3211//3211 3063//3063
f 5603//5603 3211//3211 3071//3071
f 2956//2956 2954//2954 3086//3086
f 3249//3249 3085//3085 3506//3506
f 3208//3208 3250//3250 6243//6243
f 584//584 3017//3017 2817//2817
f 3311//3311 3095//3095 2826//2826
f 5552//5552 5398//5398 3098//3098
f 3170//3170 2973//2973 3020//3020
f 2970//2970 3381//3381 5408//5408
f 2858//2858 3113//3113 3381//3381
f 3038//3038 5323//5323 3036//3036
f 3118//3118 5535//5535 3226//3226
f 3226//3226 3185//3185 3118//3118
f 3435//3435 3135//3135 5353//5353
f 6385//6385 3305//3305 3285//3285
f 3285//3285 3305//3305 3526//3526
f 3352//3352 3001//3001 2995//2995
f 2907//2907 3136//3136 2900//2900
f 3357//3357 5305//5305 3150//3150
f 5395//5395 5989//5989 5826//5826
f 3047//3047 6450//6450 6677//6677
f 3210//3210 5352//5352 3206//3206
f 3258//3258 3076//3076 3394//3394
f 3394//3394 3259//3259 3258//3258
f 5612//5612 3063//3063 3211//3211
f 3069//3069 3071//3071 3211//3211
f 3413//3413 5324//5324 5353//5353
f 3178//3178 6114//6114 3406//3406
f 3214//3214 3218//3218 5503//5503
f 5435//5435 3380//3380 5325//5325
f 3109//3109 3227//3227 3166//3166
f 3251//3251 5393//5393 3250//3250
f 3210//3210 3141//3141 5352//5352
f 3255//3255 3416//3416 3254//3254
f 3208//3208 3204//3204 3220//3220
f 3259//3259 6090//6090 3438//3438
f 3192//3192 3410//3410 5649//5649
f 3389//3389 3286//3286 5641//5641
f 3184//3184 6091//6091 3404//3404
f 3264//3264 3054//3054 3147//3147
f 5597//5597 3134//3134 3199//3199
f 3392//3392 3195//3195 3448//3448
f 3195//3195 2992//2992 3447//3447
f 2855//2855 5643//5643 3037//3037
f 5643//5643 3347//3347 3318//3318
f 3320//3320 3268//3268 3115//3115
f 2864//2864 5389//5389 6277//6277
f 2867//2867 5293//5293 5836//5836
f 3339//3339 3079//3079 3007//3007
f 2935//2935 3002//3002 3008//3008
f 2865//2865 3235//3235 2866//2866
f 2866//2866 5836//5836 5293//5293
f 3241//3241 5472//5472 5443//5443
f 3108//3108 3099//3099 5408//5408
f 3106//3106 3107//3107 3029//3029
f 2978//2978 3037//3037 3318//3318
f 3374//3374 2986//2986 5430//5430
f 3458//3458 2996//2996 3356//3356
f 2995//2995 3001//3001 3356//3356
f 2915//2915 3376//3376 5587//5587
f 5402//5402 3011//3011 3376//3376
f 2915//2915 2990//2990 3376//3376
f 3084//3084 6425//6425 3252//3252
f 2957//2957 5305//5305 5394//5394
f 3357//3357 3516//3516 3084//3084
f 3019//3019 3092//3092 3017//3017
f 3104//3104 3021//3021 6088//6088
f 3318//3318 2976//2976 3117//3117
f 3330//3330 3387//3387 3411//3411
f 3411//3411 3217//3217 6092//6092
f 3488//3488 5497//5497 3378//3378
f 3289//3289 5559//5559 3378//3378
f 2953//2953 6425//6425 3083//3083
f 3344//3344 5395//5395 6236//6236
f 5323//5323 3033//3033 3032//3032
f 3178//3178 3406//3406 3324//3324
f 3406//3406 2981//2981 3324//3324
f 5457//5457 3464//3464 5838//5838
f 3265//3265 3439//3439 3267//3267
f 3267//3267 3439//3439 5590//5590
f 3390//3390 2897//2897 5842//5842
f 5538//5538 5431//5431 3141//3141
f 3193//3193 5419//5419 5627//5627
f 2945//2945 2947//2947 2951//2951
f 3221//3221 5628//5628 5557//5557
f 3164//3164 3268//3268 3320//3320
f 3120//3120 3187//3187 5596//5596
f 3257//3257 3256//3256 6385//6385
f 3513//3513 5315//5315 5367//5367
f 3160//3160 5424//5424 3483//3483
f 3160//3160 3483//3483 6091//6091
f 3166//3166 3184//3184 3167//3167
f 3306//3306 5507//5507 3415//3415
f 5507//5507 5474//5474 3415//3415
f 3307//3307 3415//3415 3445//3445
f 2823//2823 3358//3358 2822//2822
f 3400//3400 3399//3399 3313//3313
f 3156//3156 6094//6094 5453//5453
f 3035//3035 3040//3040 3452//3452
f 3346//3346 3455//3455 5524//5524
f 3456//3456 6107//6107 5599//5599
f 3056//3056 5516//5516 5586//5586
f 3086//3086 3506//3506 3085//3085
f 5443//5443 3468//3468 3444//3444
f 3485//3485 3263//3263 6117//6117
f 3314//3314 2846//2846 2847//2847
f 2836//2836 2846//2846 3314//3314
f 3396//3396 6453//6453 3469//3469
f 5392//5392 3057//3057 3203//3203
f 3467//3467 3470//3470 3472//3472
f 3509//3509 3498//3498 3479//3479
f 3139//3139 5360//5360 5507//5507
f 3240//3240 3345//3345 5518//5518
f 3434//3434 3386//3386 5956//5956
f 5360//5360 3290//3290 3486//3486
f 5599//5599 3440//3440 3476//3476
f 3420//3420 2863//2863 3491//3491
f 5455//5455 3453//3453 3491//3491
f 3455//3455 3492//3492 3493//3493
f 5480//5480 3467//3467 3472//3472
f 6115//6115 6352//6352 5485//5485
f 3465//3465 6093//6093 5486//5486
f 3474//3474 5466//5466 3401//3401
f 3488//3488 3473//3473 5497//5497
f 3509//3509 3478//3478 3515//3515
f 3125//3125 6480//6480 3489//3489
f 5525//5525 3052//3052 5480//5480
f 2825//2825 3421//3421 3156//3156
f 3454//3454 5355//5355 3462//3462
f 5355//5355 3048//3048 3462//3462
f 5501//5501 132//132 5288//5288
f 5337//5337 3083//3083 3015//3015
f 3015//3015 3061//3061 5337//5337
f 2858//2858 3319//3319 3517//3517
f 3034//3034 2978//2978 3517//3517
f 2914//2914 2911//2911 2915//2915
f 3482//3482 3223//3223 3315//3315
f 5326//5326 3223//3223 5464//5464
f 5442//5442 3345//3345 3240//3240
f 5525//5525 3466//3466 5568//5568
f 3488//3488 5566//5566 5463//5463
f 3006//3006 2928//2928 3336//3336
f 3311//3311 3092//3092 3019//3019
f 3019//3019 3095//3095 3311//3311
f 5401//5401 3212//3212 5543//5543
f 3290//3290 5360//5360 3480//3480
f 5465//5465 3267//3267 5590//5590
f 2823//2823 2822//2822 2828//2828
f 5593//5593 3105//3105 5386//5386
f 2855//2855 2854//2854 5643//5643
f 2860//2860 3036//3036 5290//5290
f 2858//2858 3452//3452 3319//3319
f 2873//2873 3169//3169 3168//3168
f 2889//2889 3217//3217 2890//2890
f 2985//2985 2894//2894 2893//2893
f 5952//5952 5528//5528 5333//5333
f 2899//2899 2942//2942 2902//2902
f 5300//5300 2905//2905 6105//6105
f 2919//2919 2922//2922 2924//2924
f 3418//3418 3360//3360 5460//5460
f 3295//3295 3442//3442 2968//2968
f 6231//6231 3381//3381 2970//2970
f 5425//5425 3162//3162 6099//6099
f 3251//3251 3250//3250 3062//3062
f 3863//3863 5713//5713 5306//5306
f 3092//3092 3311//3311 2819//2819
f 5455//5455 5594//5594 5624//5624
f 5321//5321 3021//3021 3030//3030
f 5577//5577 2993//2993 6384//6384
f 5392//5392 3056//3056 3188//3188
f 3188//3188 6382//6382 3057//3057
f 5530//5530 3072//3072 5335//5335
f 3075//3075 3002//3002 3336//3336
f 3336//3336 5401//5401 3075//3075
f 5514//5514 3128//3128 3262//3262
f 5874//5874 5634//5634 3088//3088
f 3088//3088 3019//3019 3017//3017
f 3097//3097 2961//2961 2834//2834
f 3097//3097 5551//5551 2961//2961
f 6471//6471 3271//3271 3234//3234
f 3127//3127 3203//3203 3059//3059
f 6230//6230 3066//3066 5613//5613
f 2908//2908 5614//5614 5613//5613
f 3413//3413 3073//3073 5324//5324
f 5571//5571 3097//3097 2969//2969
f 3344//3344 6236//6236 3172//3172
f 3404//3404 5615//5615 3167//3167
f 3224//3224 3168//3168 5343//5343
f 3047//3047 6649//6649 6657//6657
f 3525//3525 3366//3366 3178//3178
f 3119//3119 5356//5356 3187//3187
f 5363//5363 3201//3201 5509//5509
f 3192//3192 5378//5378 5450//5450
f 5420//5420 3434//3434 5519//5519
f 6384//6384 5313//5313 3059//3059
f 5511//5511 2999//2999 3417//3417
f 3254//3254 5579//5579 5352//5352
f 5579//5579 2923//2923 5352//5352
f 3003//3003 5315//5315 5543//5543
f 5421//5421 5354//5354 5600//5600
f 3110//3110 3159//3159 3165//3165
f 5331//5331 5411//5411 6273//6273
f 3120//3120 5536//5536 6327//6327
f 3484//3484 3523//3523 5373//5373
f 3321//3321 3325//3325 2871//2871
f 5389//5389 2867//2867 2871//2871
f 3191//3191 3202//3202 5621//5621
f 5621//5621 3334//3334 3191//3191
f 3076//3076 3258//3258 5364//5364
f 2923//2923 3337//3337 3261//3261
f 3072//3072 3417//3417 5368//5368
f 3055//3055 3331//3331 3216//3216
f 5297//5297 3331//3331 3239//3239
f 6405//6405 5487//5487 3265//3265
f 5604//5604 3304//3304 5384//5384
f 5377//5377 3443//3443 3284//3284
f 3290//3290 3414//3414 3289//3289
f 3293//3293 5413//5413 5380//5380
f 3484//3484 5374//5374 3295//3295
f 3299//3299 3397//3397 3298//3298
f 3313//3313 3399//3399 5585//5585
f 2975//2975 124//124 5292//5292
f 3317//3317 3222//3222 3316//3316
f 3321//3321 3525//3525 3325//3325
f 3385//3385 3183//3183 5622//5622
f 2967//2967 5622//5622 5462//5462
f 3076//3076 5364//5364 3077//3077
f 3392//3392 3448//3448 5452//5452
f 3309//3309 6109//6109 5452//5452
f 6545//6545 2850//2850 5837//5837
f 2976//2976 3347//3347 2977//2977
f 5416//5416 3242//3242 3350//3350
f 3281//3281 5829//5829 3350//3350
f 3138//3138 5468//5468 5399//5399
f 3458//3458 3356//3356 3354//3354
f 5402//5402 3376//3376 2990//2990
f 2990//2990 5314//5314 5402//5402
f 3209//3209 5597//5597 3199//3199
f 6232//6232 2962//2962 3310//3310
f 3310//3310 2819//2819 3358//3358
f 5477//5477 29//29 3552//3552
f 3041//3041 3405//3405 3174//3174
f 5329//5329 5610//5610 3096//3096
f 5423//5423 3026//3026 3096//3096
f 2886//2886 5513//5513 2887//2887
f 5300//5300 6105//6105 6509//6509
f 2931//2931 3009//3009 3377//3377
f 3436//3436 5473//5473 5559//5559
f 2959//2959 3151//3151 5336//5336
f 2821//2821 5625//5625 3089//3089
f 5435//5435 3094//3094 3380//3380
f 3380//3380 2844//2844 5581//5581
f 3107//3107 5340//5340 3029//3029
f 6231//6231 5598//5598 2857//2857
f 3164//3164 3100//3100 3162//3162
f 3225//3225 5345//5345 5606//5606
f 3145//3145 3412//3412 6676//6676
f 3392//3392 3338//3338 3391//3391
f 3024//3024 3177//3177 3225//3225
f 3138//3138 5399//5399 5834//5834
f 3409//3409 3191//3191 3334//3334
f 3334//3334 5532//5532 3409//3409
f 3283//3283 3308//3308 2991//2991
f 3196//3196 5432//5432 6239//6239
f 3074//3074 3073//3073 6239//6239
f 3070//3070 3013//3013 3062//3062
f 3141//3141 3210//3210 5538//5538
f 3406//3406 5296//5296 5580//5580
f 3419//3419 5471//5471 5628//5628
f 3023//3023 3022//3022 3427//3427
f 3484//3484 3295//3295 5608//5608
f 3188//3188 3056//3056 5629//5629
f 3431//3431 2877//2877 5369//5369
f 2892//2892 2891//2891 3431//3431
f 2891//2891 5449//5449 3292//3292
f 3416//3416 3438//3438 3254//3254
f 2874//2874 3441//3441 5515//5515
f 3281//3281 3350//3350 3282//3282
f 5461//5461 3449//3449 5585//5585
f 3008//3008 3007//3007 3079//3079
f 3450//3450 3459//3459 5397//5397
f 5569//5569 3478//3478 3509//3509
f 3442//3442 3425//3425 3273//3273
f 2952//2952 2944//2944 3372//3372
f 3218//3218 5369//5369 6092//6092
f 5569//5569 3479//3479 3433//3433
f 3016//3016 3320//3320 3116//3116
f 3371//3371 3495//3495 3496//3496
f 3499//3499 3432//3432 5469//5469
f 5526//5526 5508//5508 6111//6111
f 3122//3122 5391//5391 5487//5487
f 3423//3423 5637//5637 5490//5490
f 3346//3346 5510//5510 3455//3455
f 5479//5479 5630//5630 5631//5631
f 3051//3051 3050//3050 3494//3494
f 3474//3474 5601//5601 5967//5967
f 3420//3420 3316//3316 5557//5557
f 2971//2971 3028//3028 3111//3111
f 3033//3033 2859//2859 2855//2855
f 5290//5290 5292//5292 2860//2860
f 3500//3500 3514//3514 5531//5531
f 3050//3050 5633//5633 5513//5513
f 5299//5299 2888//2888 5298//5298
f 3458//3458 3353//3353 2917//2917
f 5306//5306 3361//3361 5634//5634
f 3477//3477 6115//6115 3504//3504
f 5364//5364 3258//3258 3416//3416
f 5582//5582 5364//5364 3212//3212
f 3357//3357 3150//3150 3516//3516
f 2969//2969 3097//3097 6666//6666
f 2834//2834 2964//2964 6666//6666
f 5620//5620 3237//3237 5451//5451
f 2838//2838 5622//5622 5504//5504
f 5829//5829 5350//5350 3244//3244
f 3245//3245 5432//5432 3244//3244
f 6097//6097 5508//5508 5365//5365
f 3283//3283 3198//3198 3308//3308
f 5604//5604 6426//6426 3304//3304
f 3522//3522 3514//3514 2984//2984
f 6453//6453 3470//3470 3467//3467
f 3467//3467 3489//3489 6658//6658
f 5832//5832 3125//3125 5563//5563
f 3368//3368 3253//3253 5832//5832
f 2985//2985 2892//2892 3213//3213
f 5301//5301 2925//2925 6112//6112
f 2977//2977 3347//3347 2849//2849
f 2995//2995 3356//3356 2996//2996
f 3341//3341 3015//3015 3083//3083
f 5423//5423 5610//5610 6088//6088
f 3336//3336 3335//3335 5401//5401
f 3138//3138 5538//5538 5844//5844
f 5538//5538 3210//3210 5844//5844
f 5534//5534 3031//3031 5584//5584
f 3152//3152 3085//3085 3342//3342
f 2872//2872 2881//2881 2982//2982
f 3331//3331 3055//3055 3054//3054
f 3054//3054 3264//3264 3331//3331
f 3082//3082 3055//3055 3216//3216
f 3337//3337 2923//2923 5579//5579
f 3204//3204 3257//3257 3132//3132
f 3227//3227 3031//3031 3446//3446
f 6240//6240 3294//3294 3446//3446
f 3262//3262 3128//3128 3263//3263
f 2977//2977 2849//2849 2966//2966
f 5596//5596 3187//3187 5429//5429
f 3213//3213 2892//2892 5441//5441
f 5369//5369 3218//3218 5441//5441
f 3067//3067 3124//3124 6274//6274
f 5491//5491 5967//5967 5637//5637
f 5482//5482 3503//3503 3465//3465
f 3049//3049 3473//3473 5403//5403
f 2959//2959 3150//3150 5607//5607
f 5305//5305 2960//2960 5607//5607
f 3348//3348 6237//6237 3475//3475
f 5571//5571 3096//3096 3026//3026
f 3036//3036 5323//5323 3364//3364
f 3364//3364 3039//3039 3036//3036
f 6382//6382 5577//5577 6384//6384
f 3109//3109 3166//3166 3171//3171
f 3447//3447 5847//5847 3309//3309
f 3309//3309 5452//5452 3448//3448
f 3061//3061 3013//3013 5550//5550
f 5594//5594 3174//3174 5624//5624
f 3484//3484 5437//5437 3523//3523
f 2816//2816 6232//6232 6241//6241
f 5317//5317 3451//3451 3359//3359
f 132//132 5665//5665 5288//5288
f 2856//2856 5290//5290 3039//3039
f 3039//3039 3040//3040 2856//2856
f 5594//5594 5455//5455 2863//2863
f 2872//2872 5439//5439 5295//5295
f 2981//2981 5580//5580 2882//2882
f 2883//2883 3126//3126 2993//2993
f 3458//3458 2917//2917 2924//2924
f 2925//2925 2926//2926 2927//2927
f 3006//3006 3005//3005 2928//2928
f 2958//2958 5406//5406 2951//2951
f 6425//6425 3084//3084 2955//2955
f 2930//2930 3151//3151 2959//2959
f 3090//3090 2829//2829 2963//2963
f 2914//2914 2906//2906 2911//2911
f 2974//2974 5476//5476 5320//5320
f 3363//3363 2856//2856 3040//3040
f 3365//3365 5600//5600 3090//3090
f 2967//2967 5570//5570 5429//5429
f 3243//3243 5639//5639 3242//3242
f 3214//3214 5503//5503 6242//6242
f 2830//2830 3343//3343 2963//2963
f 5552//5552 3098//3098 3103//3103
f 3113//3113 3093//3093 3108//3108
f 3256//3256 3208//3208 6243//6243
f 3285//3285 3526//3526 3134//3134
f 2999//2999 3068//3068 3137//3137
f 3068//3068 3065//3065 3137//3137
f 3306//3306 3198//3198 3139//3139
f 5377//5377 5561//5561 3139//3139
f 2898//2898 3395//3395 3144//3144
f 3065//3065 3064//3064 3144//3144
f 3137//3137 3136//3136 5555//5555
f 3095//3095 3019//3019 5828//5828
f 3155//3155 5489//5489 3423//3423
f 3181//3181 3323//3323 3182//3182
f 3082//3082 3216//3216 3193//3193
f 5623//5623 5545//5545 3201//3201
f 3205//3205 3206//3206 2923//2923
f 2923//2923 5379//5379 3205//3205
f 5376//5376 3274//3274 5348//5348
f 3454//3454 3463//3463 5326//5326
f 5338//5338 3157//3157 5464//5464
f 3027//3027 5609//5609 5319//5319
f 3230//3230 3499//3499 3229//3229
f 3407//3407 3322//3322 3235//3235
f 3066//3066 3375//3375 5468//5468
f 5378//5378 5649//5649 2988//2988
f 3190//3190 5349//5349 5620//5620
f 3243//3243 3242//3242 5416//5416
f 3202//3202 3190//3190 5509//5509
f 3251//3251 3341//3341 5641//5641
f 3253//3253 5614//5614 5508//5508
f 3142//3142 3255//3255 3254//3254
f 3438//3438 3416//3416 3258//3258
f 5511//5511 3212//3212 3260//3260
f 3388//3388 5413//5413 5627//5627
f 5603//5603 6116//6116 5612//5612
f 2873//2873 5642//5642 2874//2874
f 3125//3125 5832//5832 5526//5526
f 3304//3304 3246//3246 3297//3297
f 3147//3147 3054//3054 3148//3148
f 3275//3275 5384//5384 3148//3148
f 3309//3309 5847//5847 3302//3302
f 3301//3301 3300//3300 5847//5847
f 3237//3237 5440//5440 3277//3277
f 3111//3111 6231//6231 2970//2970
f 3034//3034 3517//3517 3319//3319
f 5836//5836 3235//3235 3322//3322
f 5297//5297 5419//5419 3216//3216
f 3513//3513 6112//6112 2927//2927
f 2927//2927 3377//3377 3339//3339
f 3299//3299 5385//5385 2941//2941
f 3299//3299 3298//3298 6104//6104
f 2970//2970 3427//3427 2971//2971
f 5398//5398 5552//5552 3028//3028
f 2883//2883 5578//5578 5311//5311
f 3351//3351 3013//3013 3069//3069
f 3212//3212 5511//5511 3003//3003
f 3003//3003 3417//3417 3004//3004
f 3355//3355 3394//3394 3076//3076
f 5400//5400 3356//3356 3001//3001
f 3361//3361 3089//3089 3360//3360
f 5610//5610 5329//5329 3362//3362
f 6188//6188 5553//5553 5549//5549
f 2976//2976 3318//3318 3347//3347
f 2869//2869 6233//6233 3181//3181
f 3326//3326 3123//3123 5645//5645
f 3525//3525 3321//3321 3366//3366
f 3288//3288 3053//3053 3287//3287
f 3007//3007 5316//5316 5315//5315
f 5315//5315 3513//3513 3007//3007
f 6385//6385 3256//3256 3305//3305
f 3361//3361 5306//5306 3089//3089
f 3269//3269 5427//5427 5544//5544
f 2857//2857 2858//2858 3381//3381
f 3172//3172 5498//5498 6272//6272
f 3173//3173 3405//3405 3175//3175
f 3329//3329 2875//2875 6383//6383
f 5537//5537 5646//5646 5618//5618
f 3137//3137 3065//3065 3395//3395
f 2898//2898 3518//3518 3395//3395
f 3308//3308 3197//3197 5448//5448
f 3393//3393 3391//3391 6090//6090
f 3205//3205 5583//5583 3206//3206
f 5595//5595 5454//5454 5421//5421
f 5320//5320 5476//5476 5344//5344
f 3173//3173 3174//3174 3405//3405
f 3041//3041 3343//3343 3405//3405
f 6114//6114 3178//3178 5616//5616
f 3043//3043 3045//3045 6114//6114
f 5619//5619 3387//3387 3524//3524
f 6242//6242 6499//6499 5376//5376
f 5420//5420 3149//3149 3412//3412
f 3197//3197 3306//3306 3415//3415
f 3338//3338 3140//3140 6090//6090
f 3142//3142 3064//3064 5542//5542
f 5580//5580 3292//3292 2882//2882
f 5449//5449 5638//5638 2882//2882
f 3386//3386 3434//3434 5626//5626
f 3288//3288 5546//5546 6104//6104
f 5377//5377 3139//3139 3443//3443
f 6101//6101 5471//5471 6603//6603
f 5428//5428 5386//5386 5527//5527
f 5624//5624 5647//5647 5455//5455
f 5831//5831 3491//3491 3453//3453
f 3449//3449 3459//3459 6106//6106
f 3179//3179 6677//6677 6450//6450
f 5645//5645 3181//3181 5458//5458
f 3489//3489 3467//3467 3457//3457
f 5480//5480 3052//3052 3457//3457
f 3372//3372 2944//2944 5304//5304
f 5304//5304 2910//2910 5512//5512
f 6107//6107 3402//3402 5515//5515
f 3391//3391 3393//3393 5541//5541
f 3463//3463 5461//5461 5585//5585
f 3464//3464 3266//3266 5838//5838
f 2885//2885 3124//3124 3437//3437
f 3442//3442 5560//5560 3425//3425
f 6231//6231 2857//2857 3381//3381
f 3114//3114 3016//3016 3173//3173
f 5489//5489 3317//3317 5456//5456
f 2874//2874 5515//5515 6407//6407
f 5360//5360 5561//5561 3480//3480
f 3482//3482 5640//5640 3223//3223
f 3270//3270 3328//3328 3441//3441
f 3322//3322 3407//3407 3321//3321
f 3407//3407 3366//3366 3321//3321
f 3476//3476 2984//2984 3487//3487
f 5521//5521 5647//5647 3116//3116
f 3498//3498 3509//3509 6095//6095
f 3499//3499 5469//5469 3498//3498
f 3498//3498 6352//6352 3499//3499
f 5442//5442 3433//3433 5469//5469
f 5505//5505 6610//6610 5438//5438
f 3122//3122 5967//5967 5601//5601
f 3329//3329 2984//2984 3476//3476
f 3122//3122 5601//5601 5478//5478
f 3349//3349 3487//3487 5524//5524
f 3508//3508 3461//3461 5573//5573
f 5288//5288 5635//5635 5502//5502
f 2868//2868 5462//5462 2843//2843
f 5633//5633 6096//6096 5632//5632
f 2988//2988 5414//5414 3189//3189
f 2936//2936 3006//3006 3002//3002
f 3504//3504 3384//3384 5505//5505
f 2966//2966 3379//3379 5549//5549
f 3112//3112 3364//3364 3032//3032
f 3032//3032 3319//3319 3112//3112
f 5484//5484 5563//5563 3490//3490
f 5492//5492 3457//3457 3052//3052
f 3152//3152 3342//3342 5548//5548
f 2858//2858 3517//3517 3113//3113
f 3503//3503 5588//5588 3369//3369
f 3306//3306 3139//3139 5507//5507
f 3025//3025 5592//5592 6466//6466
f 3505//3505 3472//3472 3371//3371
f 3371//3371 3496//3496 3505//3505
f 6383//6383 3522//3522 2984//2984
f 5619//5619 5537//5537 5618//5618
f 3461//3461 3521//3521 3101//3101
f 3493//3493 5599//5599 3349//3349
f 3329//3329 3328//3328 3426//3426
f 5285//5285 2818//2818 5291//5291
f 5385//5385 3526//3526 3305//3305
f 2903//2903 6497//6497 2986//2986
f 3374//3374 2895//2895 2986//2986
f 3231//3231 5609//5609 5636//5636
f 5535//5535 3118//3118 3272//3272
f 3119//3119 3187//3187 3120//3120
f 3137//3137 5555//5555 5368//5368
f 2902//2902 2943//2943 5335//5335
f 5445//5445 3286//3286 3389//3389
f 3238//3238 5404//5404 3430//3430
f 3279//3279 3248//3248 5351//5351
f 3248//3248 5362//5362 5351//5351
f 3337//3337 3338//3338 5452//5452
f 3183//3183 3233//3233 5504//5504
f 2929//2929 2918//2918 3512//3512
f 2977//2977 2966//2966 5549//5549
f 3097//3097 5571//5571 5551//5551
f 5609//5609 3231//3231 3228//3228
f 3019//3019 3088//3088 3154//3154
f 3112//3112 3452//3452 3040//3040
f 3035//3035 3105//3105 3040//3040
f 3137//3137 3395//3395 3136//3136
f 3259//3259 3394//3394 3393//3393
f 3461//3461 3398//3398 3475//3475
f 2820//2820 3310//3310 3358//3358
f 5635//5635 3403//3403 5476//5476
f 3086//3086 2954//2954 3506//3506
f 6243//6243 3250//3250 5393//5393
f 5393//5393 3251//3251 5641//5641
f 5573//5573 6276//6276 6407//6407
f 3057//3057 6384//6384 3203//3203
f 3222//3222 3155//3155 5436//5436
f 3023//3023 3427//3427 6235//6235
f 3171//3171 6328//6328 3228//3228
f 5615//5615 5544//5544 6328//6328
f 5390//5390 3182//3182 5596//5596
f 3285//3285 3134//3134 3133//3133
f 3200//3200 6385//6385 3285//3285
f 5349//5349 2989//2989 5649//5649
f 2851//2851 2853//2853 5344//5344
f 5471//5471 3482//3482 3422//3422
f 3432//3432 3499//3499 5493//5493
f 3290//3290 5497//5497 3486//3486
f 3502//3502 3496//3496 5481//5481
f 3333//3333 5602//5602 5650//5650
f 5492//5492 5568//5568 5650//5650
f 3414//3414 3480//3480 3276//3276
f 3414//3414 3290//3290 3480//3480
f 3436//3436 5559//5559 3081//3081
f 3441//3441 3440//3440 5515//5515
f 3402//3402 6407//6407 5515//5515
f 3079//3079 3339//3339 3340//3340
f 3340//3340 5303//5303 3079//3079
f 3523//3523 6091//6091 3483//3483
f 3483//3483 5373//5373 3523//3523
f 667//667 668//668 118//118
f 6532//6532 115//115 3547//3547
f 623//623 69//69 6473//6473
f 729//729 69//69 623//623
f 3827//3827 64//64 620//620
f 597//597 3549//3549 593//593
f 718//718 123//123 597//597
f 601//601 122//122 718//718
f 600//600 126//126 601//601
f 118//118 668//668 3548//3548
f 3836//3836 3835//3835 5651//5651
f 729//729 6613//6613 69//69
f 606//606 607//607 3574//3574
f 3823//3823 592//592 3780//3780
f 597//597 123//123 3549//3549
f 718//718 122//122 123//123
f 601//601 126//126 122//122
f 600//600 129//129 126//126
f 2470//2470 1812//1812 1810//1810
f 2362//2362 1816//1816 1937//1937
f 2348//2348 2470//2470 1810//1810
f 1812//1812 2362//2362 1937//1937
f 15//15 3614//3614 2965//2965
f 17//17 16//16 3528//3528
f 18//18 3529//3529 3528//3528
f 35//35 3637//3637 34//34
f 3554//3554 3531//3531 1927//1927
f 3555//3555 42//42 6191//6191
f 45//45 44//44 40//40
f 1881//1881 59//59 6321//6321
f 180//180 67//67 66//66
f 70//70 3533//3533 73//73
f 74//74 3580//3580 3534//3534
f 3790//3790 3535//3535 83//83
f 3536//3536 84//84 5850//5850
f 87//87 3537//3537 3536//3536
f 3540//3540 6595//6595 101//101
f 3541//3541 5857//5857 5930//5930
f 3543//3543 102//102 3544//3544
f 3540//3540 3543//3543 99//99
f 5675//5675 3790//3790 3563//3563
f 113//113 6567//6567 106//106
f 112//112 6620//6620 3766//3766
f 3766//3766 6620//6620 114//114
f 3724//3724 3546//3546 115//115
f 3547//3547 3546//3546 5852//5852
f 118//118 3548//3548 117//117
f 29//29 3551//3551 3552//3552
f 3552//3552 3551//3551 49//49
f 41//41 3531//3531 167//167
f 3554//3554 167//167 3531//3531
f 3556//3556 165//165 3636//3636
f 6515//6515 58//58 6118//6118
f 290//290 6361//6361 3559//3559
f 64//64 65//65 6521//6521
f 82//82 3561//3561 85//85
f 1922//1922 3562//3562 4770//4770
f 3562//3562 1922//1922 92//92
f 105//105 3587//3587 103//103
f 3536//3536 5850//5850 87//87
f 104//104 105//105 106//106
f 108//108 111//111 5651//5651
f 3545//3545 5651//5651 111//111
f 191//191 111//111 108//108
f 144//144 3565//3565 8//8
f 3565//3565 144//144 3550//3550
f 207//207 352//352 3567//3567
f 165//165 3637//3637 3636//3636
f 3569//3569 4863//4863 3532//3532
f 3569//3569 5654//5654 33//33
f 229//229 3571//3571 230//230
f 308//308 3726//3726 5978//5978
f 234//234 3641//3641 233//233
f 248//248 3576//3576 245//245
f 6193//6193 364//364 3627//3627
f 265//265 3577//3577 208//208
f 269//269 9//9 551//551
f 9//9 269//269 3550//3550
f 3703//3703 281//281 3570//3570
f 5957//5957 50//50 1870//1870
f 293//293 3579//3579 5868//5868
f 5868//5868 3740//3740 293//293
f 294//294 3580//3580 3647//3647
f 3581//3581 176//176 175//175
f 3582//3582 249//249 6119//6119
f 321//321 311//311 5664//5664
f 3583//3583 490//490 323//323
f 3652//3652 3583//3583 6125//6125
f 75//75 324//324 73//73
f 305//305 5664//5664 311//311
f 5675//5675 3563//3563 330//330
f 3587//3587 330//330 3563//3563
f 3603//3603 6566//6566 3784//3784
f 249//249 3582//3582 332//332
f 3783//3783 332//332 3582//3582
f 355//355 3589//3589 43//43
f 3589//3589 355//355 3728//3728
f 3591//3591 3590//3590 3699//3699
f 3699//3699 5853//5853 6123//6123
f 270//270 3592//3592 360//360
f 3592//3592 270//270 218//218
f 287//287 285//285 408//408
f 3733//3733 3798//3798 3659//3659
f 311//311 321//321 310//310
f 3774//3774 382//382 3731//3731
f 304//304 3731//3731 382//382
f 304//304 3596//3596 309//309
f 315//315 381//381 384//384
f 391//391 104//104 6567//6567
f 3551//3551 46//46 47//47
f 405//405 3599//3599 3732//3732
f 365//365 366//366 409//409
f 294//294 414//414 3580//3580
f 3534//3534 3580//3580 414//414
f 3760//3760 418//418 5678//5678
f 79//79 5678//5678 418//418
f 420//420 3602//3602 421//421
f 3603//3603 421//421 3602//3602
f 3605//3605 5856//5856 3591//3591
f 5676//5676 3557//3557 3605//3605
f 170//170 3605//3605 3557//3557
f 3606//3606 227//227 3793//3793
f 3765//3765 3608//3608 5865//5865
f 3608//3608 434//434 3609//3609
f 5865//5865 3609//3609 376//376
f 442//442 3610//3610 443//443
f 12//12 2964//2964 547//547
f 3613//3613 446//446 3527//3527
f 446//446 3613//3613 12//12
f 3614//3614 561//561 3566//3566
f 561//561 3614//3614 15//15
f 262//262 3615//3615 3718//3718
f 452//452 371//371 229//229
f 6515//6515 6118//6118 5987//5987
f 3595//3595 3662//3662 6510//6510
f 3617//3617 367//367 3660//3660
f 3619//3619 455//455 320//320
f 91//91 3620//3620 3749//3749
f 3620//3620 94//94 3622//3622
f 3622//3622 3621//3621 5861//5861
f 98//98 3623//3623 3624//3624
f 3623//3623 94//94 3620//3620
f 3624//3624 3620//3620 91//91
f 3541//3541 101//101 3625//3625
f 3561//3561 82//82 183//183
f 3736//3736 191//191 5682//5682
f 115//115 650//650 3724//3724
f 6330//6330 110//110 6244//6244
f 462//462 5973//5973 6410//6410
f 6193//6193 3627//3627 460//460
f 3629//3629 173//173 3628//3628
f 3806//3806 3630//3630 3730//3730
f 6197//6197 178//178 6120//6120
f 3676//3676 6120//6120 178//178
f 1881//1881 3631//3631 60//60
f 3572//3572 60//60 3631//3631
f 3632//3632 6523//6523 179//179
f 3632//3632 179//179 372//372
f 3633//3633 4770//4770 90//90
f 3634//3634 416//416 415//415
f 457//457 3635//3635 469//469
f 3548//3548 3547//3547 5852//5852
f 284//284 6550//6550 3578//3578
f 166//166 3636//3636 3553//3553
f 3553//3553 3637//3637 48//48
f 3772//3772 3638//3638 5769//5769
f 220//220 3682//3682 3801//3801
f 3682//3682 220//220 5670//5670
f 380//380 303//303 379//379
f 179//179 6523//6523 3640//3640
f 3809//3809 6523//6523 6549//6549
f 3632//3632 6549//6549 6523//6523
f 3708//3708 3641//3641 234//234
f 491//491 5683//5683 3642//3642
f 3643//3643 493//493 3695//3695
f 247//247 306//306 3653//3653
f 5852//5852 3766//3766 114//114
f 3727//3727 107//107 3644//3644
f 3786//3786 3646//3646 5858//5858
f 285//285 287//287 426//426
f 3701//3701 220//220 221//221
f 3593//3593 5788//5788 5660//5660
f 440//440 3600//3600 302//302
f 3716//3716 3649//3649 3648//3648
f 3649//3649 3716//3716 5653//5653
f 3649//3649 52//52 5670//5670
f 240//240 310//310 321//321
f 3562//3562 3651//3651 3652//3652
f 3651//3651 96//96 3652//3652
f 312//312 3653//3653 506//506
f 391//391 329//329 6196//6196
f 507//507 517//517 486//486
f 3759//3759 3656//3656 356//356
f 227//227 3767//3767 514//514
f 3758//3758 53//53 3658//3658
f 371//371 5974//5974 175//175
f 518//518 3534//3534 414//414
f 293//293 3573//3573 3661//3661
f 57//57 6121//6121 6388//6388
f 75//75 3707//3707 324//324
f 3797//3797 419//419 387//387
f 306//306 3745//3745 3653//3653
f 400//400 3742//3742 338//338
f 3664//3664 300//300 516//516
f 373//373 6284//6284 6625//6625
f 3665//3665 336//336 516//516
f 527//527 415//415 416//416
f 419//419 3666//3666 3667//3667
f 3666//3666 5667//5667 5678//5678
f 338//338 3669//3669 441//441
f 474//474 199//199 533//533
f 59//59 6121//6121 57//57
f 3670//3670 3643//3643 71//71
f 493//493 3670//3670 390//390
f 3695//3695 3616//3616 3643//3643
f 3671//3671 3695//3695 65//65
f 319//319 3672//3672 3673//3673
f 3672//3672 6408//6408 5860//5860
f 3674//3674 456//456 3619//3619
f 3674//3674 3619//3619 320//320
f 455//455 3619//3619 505//505
f 386//386 3748//3748 6501//6501
f 3630//3630 3676//3676 3686//3686
f 532//532 3677//3677 3737//3737
f 3727//3727 3680//3680 3756//3756
f 470//470 383//383 242//242
f 3682//3682 5670//5670 52//52
f 3571//3571 176//176 3683//3683
f 299//299 3683//3683 176//176
f 505//505 3684//3684 543//543
f 3685//3685 516//516 300//300
f 3798//3798 3733//3733 290//290
f 178//178 61//61 3686//3686
f 3686//3686 487//487 3630//3630
f 3730//3730 3630//3630 487//487
f 3765//3765 3675//3675 3687//3687
f 3688//3688 228//228 450//450
f 6408//6408 3672//3672 3690//3690
f 3672//3672 319//319 3689//3689
f 3690//3690 3689//3689 5864//5864
f 39//39 355//355 3530//3530
f 52//52 3649//3649 3709//3709
f 453//453 230//230 3571//3571
f 3571//3571 3806//3806 453//453
f 3600//3600 3805//3805 3579//3579
f 3579//3579 3805//3805 5868//5868
f 72//72 454//454 6194//6194
f 3761//3761 3800//3800 466//466
f 3538//3538 88//88 3692//3692
f 88//88 3538//3538 5861//5861
f 182//182 3535//3535 82//82
f 83//83 3563//3563 3790//3790
f 3563//3563 83//83 103//103
f 172//172 3628//3628 3694//3694
f 3694//3694 3628//3628 173//173
f 3618//3618 3782//3782 81//81
f 3529//3529 207//207 3528//3528
f 17//17 3528//3528 207//207
f 3699//3699 6123//6123 3591//3591
f 364//364 3700//3700 255//255
f 3702//3702 281//281 3703//3703
f 281//281 3702//3702 5858//5858
f 3679//3679 171//171 5958//5958
f 171//171 3679//3679 3639//3639
f 307//307 3706//3706 3558//3558
f 307//307 67//67 3754//3754
f 381//381 324//324 3707//3707
f 304//304 309//309 305//305
f 311//311 304//304 305//305
f 3751//3751 3757//3757 3708//3708
f 3757//3757 3751//3751 249//249
f 3767//3767 3604//3604 282//282
f 410//410 558//558 6454//6454
f 3665//3665 3677//3677 545//545
f 179//179 3640//3640 232//232
f 3611//3611 433//433 232//232
f 3710//3710 485//485 3711//3711
f 3712//3712 87//87 5850//5850
f 87//87 3712//3712 548//548
f 320//320 455//455 319//319
f 3635//3635 319//319 455//455
f 6581//6581 5862//5862 549//549
f 420//420 3761//3761 326//326
f 3679//3679 3594//3594 3639//3639
f 3711//3711 292//292 3616//3616
f 292//292 3711//3711 485//485
f 180//180 66//66 6376//6376
f 3714//3714 358//358 429//429
f 3636//3636 166//166 3590//3590
f 3699//3699 3590//3590 166//166
f 3716//3716 3807//3807 5653//5653
f 549//549 539//539 6581//6581
f 3586//3586 96//96 3651//3651
f 6623//6623 3651//3651 92//92
f 53//53 3701//3701 3658//3658
f 3704//3704 3705//3705 6200//6200
f 3752//3752 335//335 5666//5666
f 3718//3718 3655//3655 6286//6286
f 542//542 3688//3688 451//451
f 3719//3719 227//227 228//228
f 3688//3688 507//507 3719//3719
f 97//97 3720//3720 5672//5672
f 3720//3720 491//491 3721//3721
f 5672//5672 3721//3721 91//91
f 130//130 28//28 5665//5665
f 4770//4770 3562//3562 90//90
f 95//95 3722//3722 6522//6522
f 100//100 3713//3713 6595//6595
f 3723//3723 6595//6595 3540//3540
f 3704//3704 373//373 3573//3573
f 379//379 3573//3573 373//373
f 3725//3725 76//76 3597//3597
f 203//203 6360//6360 149//149
f 3726//3726 308//308 181//181
f 239//239 181//181 308//308
f 3570//3570 3532//3532 5656//5656
f 379//379 3661//3661 3573//3573
f 3661//3661 379//379 303//303
f 321//321 312//312 3729//3729
f 312//312 321//321 3803//3803
f 3727//3727 3756//3756 107//107
f 3730//3730 367//367 3806//3806
f 380//380 379//379 6625//6625
f 311//311 3731//3731 304//304
f 3596//3596 304//304 382//382
f 3608//3608 3765//3765 3687//3687
f 434//434 3608//3608 6501//6501
f 3603//3603 3779//3779 421//421
f 3645//3645 3728//3728 216//216
f 5972//5972 3578//3578 3556//3556
f 63//63 3729//3729 506//506
f 362//362 3739//3739 5679//5679
f 292//292 485//485 3740//3740
f 3710//3710 3705//3705 485//485
f 67//67 307//307 3741//3741
f 5988//5988 6201//6201 6574//6574
f 386//386 3687//3687 3675//3675
f 545//545 3654//3654 6359//6359
f 3654//3654 545//545 3677//3677
f 457//457 5680//5680 3635//3635
f 3635//3635 3689//3689 319//319
f 186//186 3743//3743 468//468
f 469//469 468//468 3743//3743
f 469//469 377//377 468//468
f 19//19 3528//3528 16//16
f 3528//3528 19//19 18//18
f 284//284 3530//3530 41//41
f 3701//3701 53//53 5669//5669
f 3745//3745 71//71 72//72
f 381//381 3707//3707 78//78
f 3771//3771 97//97 89//89
f 249//249 3751//3751 3802//3802
f 6361//6361 5863//5863 3559//3559
f 104//104 3587//3587 105//105
f 3587//3587 104//104 330//330
f 3777//3777 488//488 3752//3752
f 5654//5654 219//219 3553//3553
f 166//166 3553//3553 219//219
f 3801//3801 5867//5867 558//558
f 3706//3706 3754//3754 6362//6362
f 252//252 331//331 333//333
f 252//252 333//333 329//329
f 282//282 5657//5657 362//362
f 5858//5858 3702//3702 5958//5958
f 3731//3731 310//310 3678//3678
f 310//310 3731//3731 311//311
f 107//107 3756//3756 332//332
f 332//332 3757//3757 249//249
f 3759//3759 356//356 170//170
f 365//365 3659//3659 339//339
f 5865//5865 376//376 3760//3760
f 3707//3707 3725//3725 5859//5859
f 411//411 3664//3664 515//515
f 3760//3760 5678//5678 5667//5667
f 6197//6197 231//231 62//62
f 548//548 3712//3712 3747//3747
f 6408//6408 3764//3764 5860//5860
f 3764//3764 89//89 6329//6329
f 6355//6355 3766//3766 5852//5852
f 66//66 3741//3741 3572//3572
f 3741//3741 66//66 67//67
f 114//114 3548//3548 5852//5852
f 41//41 6550//6550 284//284
f 3809//3809 6362//6362 239//239
f 3766//3766 5663//5663 112//112
f 116//116 6620//6620 113//113
f 3619//3619 456//456 3684//3684
f 227//227 3606//3606 3767//3767
f 549//549 3769//3769 539//539
f 420//420 3750//3750 3761//3761
f 3750//3750 420//420 421//421
f 3683//3683 299//299 3676//3676
f 3683//3683 3676//3676 3630//3630
f 3664//3664 6387//6387 6195//6195
f 297//297 6387//6387 54//54
f 390//390 3670//3670 3745//3745
f 3769//3769 5659//5659 458//458
f 3566//3566 266//266 3693//3693
f 24//24 3693//3693 266//266
f 484//484 5977//5977 222//222
f 478//478 3567//3567 352//352
f 297//297 553//553 3617//3617
f 3758//3758 3658//3658 5658//5658
f 3534//3534 518//518 375//375
f 210//210 3770//3770 39//39
f 91//91 492//492 3624//3624
f 76//76 3725//3725 75//75
f 417//417 439//439 368//368
f 439//439 417//417 438//438
f 41//41 42//42 3531//3531
f 3735//3735 56//56 3662//3662
f 6388//6388 3662//3662 56//56
f 5914//5914 5770//5770 76//76
f 3597//3597 76//76 5770//5770
f 3555//3555 3531//3531 42//42
f 3577//3577 265//265 396//396
f 396//396 213//213 3577//3577
f 3589//3589 3728//3728 37//37
f 3732//3732 3639//3639 288//288
f 437//437 382//382 3774//3774
f 432//432 439//439 3762//3762
f 438//438 3762//3762 439//439
f 189//189 3537//3537 3773//3773
f 3773//3773 3537//3537 3618//3618
f 3775//3775 189//189 246//246
f 6567//6567 253//253 391//391
f 253//253 6567//6567 112//112
f 519//519 3717//3717 187//187
f 255//255 5658//5658 364//364
f 309//309 5979//5979 305//305
f 233//233 3680//3680 334//334
f 3680//3680 233//233 3641//3641
f 3727//3727 335//335 3680//3680
f 488//488 3680//3680 335//335
f 460//460 192//192 6193//6193
f 231//231 6197//6197 3753//3753
f 5859//5859 419//419 3667//3667
f 3650//3650 234//234 385//385
f 3576//3576 489//489 328//328
f 5979//5979 309//309 3634//3634
f 3779//3779 191//191 421//421
f 592//592 3549//3549 6454//6454
f 3781//3781 79//79 418//418
f 3560//3560 3781//3781 3601//3601
f 3781//3781 3560//3560 384//384
f 5668//5668 1//1 3744//3744
f 520//520 6636//6636 3717//3717
f 85//85 3561//3561 5662//5662
f 3561//3561 183//183 3782//3782
f 3746//3746 3782//3782 548//548
f 391//391 253//253 329//329
f 107//107 332//332 3783//3783
f 3724//3724 3668//3668 6330//6330
f 3603//3603 3784//3784 3779//3779
f 110//110 3668//3668 3785//3785
f 3668//3668 3545//3545 3785//3785
f 5853//5853 3739//3739 6123//6123
f 3686//3686 3676//3676 178//178
f 470//470 3576//3576 248//248
f 3656//3656 3714//3714 356//356
f 359//359 358//358 3656//3656
f 3573//3573 3794//3794 3704//3704
f 72//72 71//71 454//454
f 5958//5958 3786//3786 5858//5858
f 3786//3786 5958//5958 171//171
f 172//172 3694//3694 5681//5681
f 5667//5667 3666//3666 5986//5986
f 3666//3666 419//419 3663//3663
f 5986//5986 3663//3663 323//323
f 322//322 90//90 3652//3652
f 3562//3562 3652//3652 90//90
f 3599//3599 3657//3657 5679//5679
f 494//494 47//47 46//46
f 3742//3742 525//525 338//338
f 3733//3733 412//412 6284//6284
f 374//374 6284//6284 412//412
f 5678//5678 79//79 3667//3667
f 78//78 3667//3667 79//79
f 3736//3736 421//421 191//191
f 111//111 191//191 3779//3779
f 3787//3787 232//232 3768//3768
f 3610//3610 424//424 443//443
f 319//319 3673//3673 320//320
f 3674//3674 320//320 3673//3673
f 93//93 3788//3788 6124//6124
f 3788//3788 5864//5864 3748//3748
f 5667//5667 5986//5986 3765//3765
f 3675//3675 5986//5986 323//323
f 3762//3762 240//240 5985//5985
f 5680//5680 434//434 3689//3689
f 5659//5659 3769//3769 3789//3789
f 3769//3769 549//549 3713//3713
f 3789//3789 3713//3713 100//100
f 81//81 3535//3535 3790//3790
f 3536//3536 3537//3537 3775//3775
f 317//317 382//382 5978//5978
f 3560//3560 318//318 3726//3726
f 183//183 3535//3535 81//81
f 3754//3754 184//184 6362//6362
f 3791//3791 6510//6510 6121//6121
f 3618//3618 87//87 548//548
f 3715//3715 5987//5987 3574//3574
f 3698//3698 3575//3575 3717//3717
f 3575//3575 247//247 6443//6443
f 3781//3781 384//384 78//78
f 381//381 78//78 384//384
f 3708//3708 3757//3757 3641//3641
f 3757//3757 332//332 3756//3756
f 3792//3792 5656//5656 5790//5790
f 399//399 3793//3793 3719//3719
f 5679//5679 3646//3646 3599//3599
f 3646//3646 5677//5677 5858//5858
f 3599//3599 3786//3786 3732//3732
f 3705//3705 3794//3794 485//485
f 3740//3740 485//485 3794//3794
f 3795//3795 173//173 3581//3581
f 3776//3776 3581//3581 175//175
f 3742//3742 3778//3778 428//428
f 3734//3734 3778//3778 361//361
f 376//376 3796//3796 6472//6472
f 3743//3743 457//457 469//469
f 322//322 3652//3652 6125//6125
f 3765//3765 5865//5865 5667//5667
f 380//380 3647//3647 3580//3580
f 3600//3600 3661//3661 303//303
f 3661//3661 3600//3600 3579//3579
f 3567//3567 158//158 268//268
f 34//34 167//167 4689//4689
f 3702//3702 3703//3703 3638//3638
f 5853//5853 3699//3699 5655//5655
f 3798//3798 290//290 53//53
f 54//54 541//541 55//55
f 1922//1922 3799//3799 92//92
f 6623//6623 92//92 3799//3799
f 5929//5929 3543//3543 3542//3542
f 3543//3543 3544//3544 99//99
f 3542//3542 3540//3540 101//101
f 5682//5682 3598//3598 3736//3736
f 246//246 3802//3802 109//109
f 3751//3751 109//109 3802//3802
f 3593//3593 5957//5957 5788//5788
f 5957//5957 3593//3593 6558//6558
f 604//604 52//52 3709//3709
f 52//52 604//604 3780//3780
f 198//198 203//203 6287//6287
f 3678//3678 310//310 438//438
f 240//240 438//438 310//310
f 3698//3698 306//306 3575//3575
f 112//112 6567//6567 6620//6620
f 5958//5958 3702//3702 5673//5673
f 555//555 3679//3679 223//223
f 3679//3679 555//555 3594//3594
f 3694//3694 173//173 3795//3795
f 3694//3694 3795//3795 6411//6411
f 60//60 3791//3791 59//59
f 3791//3791 60//60 3741//3741
f 307//307 3558//3558 3791//3791
f 6125//6125 3797//3797 322//322
f 333//333 6119//6119 250//250
f 3802//3802 250//250 6119//6119
f 3802//3802 246//246 250//250
f 5675//5675 3773//3773 3790//3790
f 3618//3618 81//81 3773//3773
f 3790//3790 3773//3773 81//81
f 3784//3784 110//110 3785//3785
f 171//171 3732//3732 3786//3786
f 3665//3665 3685//3685 366//366
f 3685//3685 3665//3665 516//516
f 3730//3730 369//369 367//367
f 3708//3708 3650//3650 5975//5975
f 3803//3803 489//489 388//388
f 3636//3636 5856//5856 3556//3556
f 3606//3606 3734//3734 361//361
f 6630//6630 6645//6645 6631//6631
f 441//441 345//345 400//400
f 441//441 400//400 338//338
f 231//231 238//238 62//62
f 3780//3780 592//592 5867//5867
f 5658//5658 221//221 3627//3627
f 224//224 3627//3627 221//221
f 223//223 3679//3679 5958//5958
f 3787//3787 3768//3768 61//61
f 490//490 6201//6201 386//386
f 3804//3804 386//386 6201//6201
f 91//91 3721//3721 492//492
f 3642//3642 492//492 3721//3721
f 5666//5666 335//335 3644//3644
f 3727//3727 3644//3644 335//335
f 3705//3705 3710//3710 291//291
f 6515//6515 291//291 3710//3710
f 293//293 3794//3794 3573//3573
f 412//412 501//501 374//374
f 3647//3647 374//374 501//501
f 487//487 3768//3768 413//413
f 3768//3768 487//487 3686//3686
f 339//339 3798//3798 3758//3758
f 3798//3798 339//339 3659//3659
f 3805//3805 3600//3600 440//440
f 111//111 3785//3785 3545//3545
f 3806//3806 3571//3571 3683//3683
f 3806//3806 3683//3683 3630//3630
f 3800//3800 3750//3750 3736//3736
f 3598//3598 6126//6126 3800//3800
f 3711//3711 3671//3671 58//58
f 3752//3752 488//488 335//335
f 3653//3653 3745//3745 72//72
f 3653//3653 72//72 506//506
f 3648//3648 5669//5669 3559//3559
f 5670//5670 5669//5669 3648//3648
f 6472//6472 6481//6481 86//86
f 376//376 3609//3609 3796//3796
f 3609//3609 434//434 5680//5680
f 3796//3796 5680//5680 457//457
f 386//386 3804//3804 3748//3748
f 3804//3804 5683//5683 6124//6124
f 6124//6124 5683//5683 491//491
f 466//466 6126//6126 629//629
f 97//97 3771//3771 93//93
f 418//418 3760//3760 5684//5684
f 527//527 5684//5684 86//86
f 5868//5868 5976//5976 3740//3740
f 555//555 3776//3776 3594//3594
f 291//291 3807//3807 3705//3705
f 3807//3807 291//291 3715//3715
f 539//539 3642//3642 3681//3681
f 3642//3642 539//539 492//492
f 3701//3701 221//221 3658//3658
f 6408//6408 3690//3690 3771//3771
f 3690//3690 5864//5864 3788//3788
f 3771//3771 3788//3788 93//93
f 3681//3681 5683//5683 5988//5988
f 3584//3584 5988//5988 6574//6574
f 3633//3633 322//322 5855//5855
f 322//322 3633//3633 90//90
f 40//40 3555//3555 6191//6191
f 96//96 3585//3585 3583//3583
f 6574//6574 6201//6201 3585//3585
f 3583//3583 3585//3585 490//490
f 282//282 3657//3657 3767//3767
f 362//362 5679//5679 282//282
f 3657//3657 282//282 5679//5679
f 460//460 3738//3738 3696//3696
f 501//501 412//412 409//409
f 3677//3677 3665//3665 3607//3607
f 308//308 241//241 3809//3809
f 502//502 185//185 6612//6612
f 495//495 3801//3801 558//558
f 3801//3801 495//495 224//224
f 3669//3669 508//508 442//442
f 3669//3669 338//338 546//546
f 523//523 3734//3734 3793//3793
f 5985//5985 63//63 440//440
f 63//63 3805//3805 440//440
f 3674//3674 5866//5866 5850//5850
f 3536//3536 503//503 84//84
f 3601//3601 527//527 318//318
f 3803//3803 328//328 489//489
f 3720//3720 93//93 6124//6124
f 93//93 3720//3720 97//97
f 178//178 62//62 61//61
f 3810//3810 574//574 5286//5286
f 2370//2370 3812//3812 5823//5823
f 5878//5878 3813//3813 955//955
f 3813//3813 5878//5878 5877//5877
f 5824//5824 2479//2479 4988//4988
f 581//581 3815//3815 3817//3817
f 3815//3815 6140//6140 3816//3816
f 3817//3817 3816//3816 1038//1038
f 6140//6140 3818//3818 5824//5824
f 3818//3818 580//580 3814//3814
f 5824//5824 3814//3814 2479//2479
f 585//585 3819//3819 6654//6654
f 4956//4956 3820//3820 5058//5058
f 2388//2388 5058//5058 3820//3820
f 3820//3820 6674//6674 2388//2388
f 604//604 603//603 3823//3823
f 716//716 4085//4085 587//587
f 3824//3824 1021//1021 3825//3825
f 3826//3826 616//616 615//615
f 725//725 4010//4010 5999//5999
f 3828//3828 623//623 6473//6473
f 619//619 3829//3829 5816//5816
f 628//628 3830//3830 2492//2492
f 4130//4130 6465//6465 3831//3831
f 6465//6465 985//985 3831//3831
f 3830//3830 985//985 2492//2492
f 3832//3832 635//635 636//636
f 3949//3949 644//644 3854//3854
f 896//896 641//641 5652//5652
f 649//649 3835//3835 3836//3836
f 653//653 3837//3837 654//654
f 672//672 3832//3832 636//636
f 6483//6483 640//640 676//676
f 676//676 6365//6365 6483//6483
f 3840//3840 2422//2422 679//679
f 5888//5888 680//680 683//683
f 5717//5717 685//685 686//686
f 5870//5870 3842//3842 3843//3843
f 4140//4140 695//695 3844//3844
f 695//695 4140//4140 2380//2380
f 698//698 5826//5826 699//699
f 696//696 699//699 5826//5826
f 3845//3845 3846//3846 704//704
f 5286//5286 574//574 705//705
f 3812//3812 709//709 5823//5823
f 710//710 3848//3848 977//977
f 584//584 3849//3849 586//586
f 6455//6455 4000//4000 718//718
f 615//615 616//616 3851//3851
f 3853//3853 3852//3852 616//616
f 634//634 3854//3854 642//642
f 3855//3855 655//655 651//651
f 3856//3856 734//734 735//735
f 6365//6365 635//635 3832//3832
f 635//635 6365//6365 676//676
f 3839//3839 3966//3966 672//672
f 636//636 738//738 672//672
f 670//670 3857//3857 675//675
f 682//682 1027//1027 6010//6010
f 1027//1027 682//682 4006//4006
f 679//679 4006//4006 3840//3840
f 3840//3840 4006//4006 682//682
f 4020//4020 3858//3858 710//710
f 747//747 3859//3859 793//793
f 5891//5891 5872//5872 3860//3860
f 3860//3860 974//974 3861//3861
f 5873//5873 755//755 3893//3893
f 584//584 3822//3822 5874//5874
f 3822//3822 589//589 3863//3863
f 3864//3864 582//582 589//589
f 6671//6671 6651//6651 753//753
f 604//604 607//607 603//603
f 761//761 4082//4082 766//766
f 896//896 5652//5652 646//646
f 6202//6202 775//775 774//774
f 775//775 6202//6202 4144//4144
f 639//639 833//833 634//634
f 706//706 3869//3869 3870//3870
f 3870//3870 3869//3869 6016//6016
f 6607//6607 3874//3874 790//790
f 3907//3907 6607//6607 744//744
f 3969//3969 4147//4147 802//802
f 745//745 3907//3907 744//744
f 806//806 3875//3875 3858//3858
f 3875//3875 806//806 752//752
f 6136//6136 803//803 4058//4058
f 813//813 3878//3878 6431//6431
f 3879//3879 1040//1040 719//719
f 882//882 3880//3880 5689//5689
f 4049//4049 3881//3881 3882//3882
f 3882//3882 3881//3881 816//816
f 6455//6455 718//718 597//597
f 725//725 5999//5999 726//726
f 818//818 3883//3883 819//819
f 3884//3884 3991//3991 6475//6475
f 6482//6482 3833//3833 833//833
f 733//733 4143//4143 3856//3856
f 4117//4117 3885//3885 847//847
f 3962//3962 848//848 5691//5691
f 3866//3866 3886//3886 6332//6332
f 853//853 4163//4163 852//852
f 743//743 742//742 4128//4128
f 785//785 3984//3984 858//858
f 677//677 859//859 3906//3906
f 3874//3874 3952//3952 790//790
f 863//863 1047//1047 3888//3888
f 3888//3888 796//796 863//863
f 3890//3890 749//749 5993//5993
f 5873//5873 3893//3893 6588//6588
f 3893//3893 801//801 3894//3894
f 6588//6588 3894//3894 715//715
f 805//805 869//869 3897//3897
f 3896//3896 3897//3897 869//869
f 875//875 808//808 6129//6129
f 3898//3898 6333//6333 1028//1028
f 959//959 871//871 5696//5696
f 879//879 880//880 3900//3900
f 3900//3900 3975//3975 3902//3902
f 3975//3975 882//882 883//883
f 760//760 5698//5698 3903//3903
f 3937//3937 630//630 3923//3923
f 4011//4011 3904//3904 888//888
f 889//889 4011//4011 6531//6531
f 3962//3962 3905//3905 774//774
f 846//846 6006//6006 896//896
f 4096//4096 5898//5898 6130//6130
f 4059//4059 778//778 903//903
f 706//706 3870//3870 933//933
f 3895//3895 6395//6395 3910//3910
f 6395//6395 581//581 3909//3909
f 3910//3910 3909//3909 914//914
f 3912//3912 918//918 920//920
f 3911//3911 6135//6135 754//754
f 870//870 921//921 922//922
f 4032//4032 923//923 3996//3996
f 3946//3946 3996//3996 923//923
f 3913//3913 6249//6249 817//817
f 5875//5875 3914//3914 3883//3883
f 3883//3883 3914//3914 822//822
f 878//878 5994//5994 4167//4167
f 3900//3900 758//758 882//882
f 5699//5699 771//771 770//770
f 3915//3915 848//848 929//929
f 6639//6639 3916//3916 580//580
f 3917//3917 3814//3814 3916//3916
f 755//755 3972//3972 3918//3918
f 3919//3919 3918//3918 5877//5877
f 4010//4010 5689//5689 3921//3921
f 3880//3880 3921//3921 5689//5689
f 4084//4084 939//939 937//937
f 938//938 937//937 939//939
f 943//943 3922//3922 4131//4131
f 938//938 3923//3923 3939//3939
f 3923//3923 945//945 3924//3924
f 4131//4131 947//947 943//943
f 578//578 3925//3925 3811//3811
f 955//955 3926//3926 5878//5878
f 6140//6140 3815//3815 3818//3818
f 3815//3815 581//581 3927//3927
f 3818//3818 3927//3927 580//580
f 2479//2479 3814//3814 3917//3917
f 4013//4013 3928//3928 913//913
f 3929//3929 913//913 3928//3928
f 3930//3930 957//957 6133//6133
f 595//595 5994//5994 3988//3988
f 2489//2489 3935//3935 3826//3826
f 3827//3827 614//614 6199//6199
f 4145//4145 723//723 3827//3827
f 614//614 3827//3827 723//723
f 3939//3939 630//630 3938//3938
f 965//965 3940//3940 966//966
f 6252//6252 3941//3941 659//659
f 661//661 656//656 658//658
f 3838//3838 658//658 656//656
f 901//901 3942//3942 900//900
f 4079//4079 689//689 691//691
f 5688//5688 693//693 5703//5703
f 3943//3943 976//976 4015//4015
f 715//715 4077//4077 3944//3944
f 3945//3945 979//979 980//980
f 6138//6138 4083//4083 4024//4024
f 3849//3849 588//588 586//586
f 3946//3946 923//923 982//982
f 3947//3947 4053//4053 6363//6363
f 612//612 613//613 6118//6118
f 3981//3981 4127//4127 845//845
f 673//673 849//849 6206//6206
f 3949//3949 841//841 5712//5712
f 4141//4141 5712//5712 4095//4095
f 3950//3950 3868//3868 5898//5898
f 3874//3874 3861//3861 3952//3952
f 4058//4058 3952//3952 3861//3861
f 698//698 703//703 3953//3953
f 746//746 3953//3953 703//703
f 3954//3954 696//696 749//749
f 3932//3932 4086//4086 751//751
f 3993//3993 3956//3956 3889//3889
f 3959//3959 960//960 5694//5694
f 3959//3959 5694//5694 996//996
f 621//621 4115//4115 3960//3960
f 4172//4172 732//732 3884//3884
f 780//780 4150//4150 5996//5996
f 678//678 3965//3965 3966//3966
f 3965//3965 5898//5898 3868//3868
f 3966//3966 3868//3868 672//672
f 3968//3968 5931//5931 5881//5881
f 706//706 3873//3873 3869//3869
f 3869//3869 3873//3873 787//787
f 911//911 955//955 6002//6002
f 3881//3881 4049//4049 6559//6559
f 3877//3877 3971//3971 812//812
f 3848//3848 6474//6474 977//977
f 3974//3974 589//589 3822//3822
f 4137//4137 3975//3975 883//883
f 3976//3976 811//811 6292//6292
f 5706//5706 5697//5697 612//612
f 4078//4078 722//722 3977//3977
f 3913//3913 3977//3977 722//722
f 5685//5685 3823//3823 596//596
f 761//761 1049//1049 724//724
f 3979//3979 824//824 3980//3980
f 5690//5690 854//854 5702//5702
f 3984//3984 784//784 1017//1017
f 669//669 857//857 670//670
f 4099//4099 670//670 857//857
f 805//805 3986//3986 3891//3891
f 3986//3986 6439//6439 3876//3876
f 3891//3891 3876//3876 804//804
f 994//994 757//757 6614//6614
f 886//886 3990//3990 616//616
f 3853//3853 616//616 3990//3990
f 3915//3915 1023//1023 848//848
f 3905//3905 5691//5691 894//894
f 853//853 851//851 6130//6130
f 4123//4123 3992//3992 6131//6131
f 583//583 6245//6245 992//992
f 711//711 941//941 3994//3994
f 3994//3994 3995//3995 608//608
f 759//759 3996//3996 3946//3946
f 3997//3997 3946//3946 982//982
f 818//818 3946//3946 3997//3997
f 3946//3946 818//818 759//759
f 6005//6005 6138//6138 6340//6340
f 3999//3999 809//809 595//595
f 4000//4000 6455//6455 6444//6444
f 857//857 4005//4005 5705//5705
f 971//971 4006//4006 4007//4007
f 914//914 4008//4008 915//915
f 1038//1038 4008//4008 3817//3817
f 4008//4008 914//914 3909//3909
f 3817//3817 3909//3909 581//581
f 4103//4103 4009//4009 6652//6652
f 4011//4011 1009//1009 828//828
f 4012//4012 3895//3895 3910//3910
f 4012//4012 3910//3910 914//914
f 956//956 4013//4013 915//915
f 1032//1032 944//944 950//950
f 4066//4066 578//578 3811//3811
f 1033//1033 4016//4016 4017//4017
f 4016//4016 1000//1000 5887//5887
f 6292//6292 1028//1028 3976//3976
f 6009//6009 3976//3976 3987//3987
f 3858//3858 4020//4020 806//806
f 4022//4022 4021//4021 591//591
f 4149//4149 6142//6142 1035//1035
f 3912//3912 3850//3850 4024//4024
f 3933//3933 983//983 880//880
f 843//843 6203//6203 6250//6250
f 3956//3956 3985//3985 6248//6248
f 6440//6440 994//994 4025//4025
f 4026//4026 1034//1034 4159//4159
f 3825//3825 1021//1021 4027//4027
f 4019//4019 4027//4027 963//963
f 673//673 4028//4028 849//849
f 879//879 3900//3900 3902//3902
f 917//917 918//918 981//981
f 6413//6413 6412//6412 638//638
f 785//785 4029//4029 973//973
f 4030//4030 4029//4029 858//858
f 5869//5869 680//680 5888//5888
f 945//945 939//939 944//944
f 4137//4137 1007//1007 3975//3975
f 3902//3902 3975//3975 1007//1007
f 4027//4027 4033//4033 963//963
f 1039//1039 4034//4034 4035//4035
f 4035//4035 4034//4034 6456//6456
f 984//984 783//783 4139//4139
f 3929//3929 3928//3928 3943//3943
f 3928//3928 956//956 4036//4036
f 3943//3943 4036//4036 976//976
f 617//617 4037//4037 4038//4038
f 4037//4037 5945//5945 5889//5889
f 4039//4039 6568//6568 633//633
f 1021//1021 4041//4041 4027//4027
f 4041//4041 1021//1021 1041//1041
f 897//897 1013//1013 6250//6250
f 915//915 4042//4042 956//956
f 4042//4042 915//915 4008//4008
f 4033//4033 4027//4027 4041//4041
f 4074//4074 4044//4044 4045//4045
f 4045//4045 619//619 3852//3852
f 4045//4045 3852//3852 3853//3853
f 4046//4046 762//762 3865//3865
f 4050//4050 3892//3892 6667//6667
f 5999//5999 618//618 4003//4003
f 5698//5698 760//760 3938//3938
f 4003//4003 3938//3938 760//760
f 4047//4047 6482//6482 6483//6483
f 791//791 6136//6136 4051//4051
f 6136//6136 791//791 803//803
f 4052//4052 708//708 4077//4077
f 6334//6334 3921//3921 3880//3880
f 4054//4054 4126//4126 3934//3934
f 4055//4055 654//654 3837//3837
f 3961//3961 894//894 4057//4057
f 5691//5691 4057//4057 894//894
f 974//974 3860//3860 3843//3843
f 4058//4058 6004//6004 6136//6136
f 818//818 4046//4046 3883//3883
f 3883//3883 4046//4046 5875//5875
f 871//871 3898//3898 6295//6295
f 877//877 3899//3899 593//593
f 4002//4002 5698//5698 630//630
f 4061//4061 945//945 944//944
f 4062//4062 962//962 717//717
f 717//717 4063//4063 6476//6476
f 3987//3987 6414//6414 610//610
f 4093//4093 927//927 6413//6413
f 4065//4065 6540//6540 4064//4064
f 4065//4065 4064//4064 6476//6476
f 974//974 6004//6004 4058//4058
f 993//993 4066//4066 5885//5885
f 868//868 800//800 6248//6248
f 4068//4068 805//805 3891//3891
f 4092//4092 613//613 612//612
f 613//613 4092//4092 606//606
f 4129//4129 1021//1021 3824//3824
f 4070//4070 3824//3824 3989//3989
f 3978//3978 830//830 6430//6430
f 3922//3922 6430//6430 830//830
f 4056//4056 6006//6006 5883//5883
f 742//742 6128//6128 3887//3887
f 4054//4054 3934//3934 3903//3903
f 953//953 4071//4071 568//568
f 999//999 4072//4072 957//957
f 957//957 4072//4072 6456//6456
f 5700//5700 4073//4073 4017//4017
f 3940//3940 965//965 4074//4074
f 4036//4036 956//956 6134//6134
f 5885//5885 6134//6134 993//993
f 3931//3931 6133//6133 4033//4033
f 3938//3938 4003//4003 618//618
f 567//567 569//569 954//954
f 992//992 3970//3970 583//583
f 955//955 583//583 3970//3970
f 805//805 3897//3897 3986//3986
f 5700//5700 4017//4017 5887//5887
f 4002//4002 630//630 4075//4075
f 776//776 4076//4076 3941//3941
f 3941//3941 4076//4076 660//660
f 900//900 859//859 972//972
f 859//859 900//900 3906//3906
f 5701//5701 6012//6012 6592//6592
f 4052//4052 6297//6297 6394//6394
f 4052//4052 4077//4077 715//715
f 617//617 611//611 4037//4037
f 721//721 4037//4037 611//611
f 582//582 3944//3944 579//579
f 5699//5699 6393//6393 771//771
f 5991//5991 771//771 6484//6484
f 4076//4076 650//650 660//660
f 5953//5953 5687//5687 5873//5873
f 6129//6129 6005//6005 875//875
f 809//809 4080//4080 4148//4148
f 650//650 4076//4076 649//649
f 4076//4076 776//776 3867//3867
f 649//649 3867//3867 847//847
f 858//858 678//678 4030//4030
f 6015//6015 748//748 706//706
f 1026//1026 860//860 748//748
f 607//607 605//605 603//603
f 4115//4115 621//621 626//626
f 622//622 626//626 621//621
f 740//740 970//970 1002//1002
f 3872//3872 569//569 5992//5992
f 755//755 3919//3919 3893//3893
f 3919//3919 5878//5878 801//801
f 720//720 3912//3912 920//920
f 3998//3998 722//722 4032//4032
f 4084//4084 3921//3921 4001//4001
f 6007//6007 782//782 891//891
f 769//769 5991//5991 891//891
f 4087//4087 6337//6337 4086//4086
f 4068//4068 4090//4090 4089//4089
f 4089//4089 4090//4090 6457//6457
f 4077//4077 579//579 3944//3944
f 5871//5871 4077//4077 708//708
f 4073//4073 3882//3882 6003//6003
f 4048//4048 730//730 966//966
f 3979//3979 3940//3940 824//824
f 4094//4094 3963//3963 3866//3866
f 735//735 4095//4095 772//772
f 735//735 734//734 4095//4095
f 3834//3834 4095//4095 734//734
f 6130//6130 851//851 4096//4096
f 752//752 744//744 3875//3875
f 6607//6607 3875//3875 744//744
f 789//789 3858//3858 3875//3875
f 4097//4097 6013//6013 4126//4126
f 869//869 4098//4098 865//865
f 869//869 805//805 4098//4098
f 4068//4068 4098//4098 805//805
f 886//886 4070//4070 3990//3990
f 4129//4129 4070//4070 885//885
f 1009//1009 6139//6139 737//737
f 4099//4099 902//902 3857//3857
f 4099//4099 3857//3857 670//670
f 959//959 6440//6440 870//870
f 921//921 870//870 6363//6363
f 905//905 3872//3872 794//794
f 934//934 5890//5890 4102//4102
f 6646//6646 6652//6652 4174//4174
f 1033//1033 6003//6003 719//719
f 958//958 5887//5887 4104//4104
f 4157//4157 4104//4104 1000//1000
f 4105//4105 6014//6014 764//764
f 4074//4074 4169//4169 4044//4044
f 4169//4169 4114//4114 3829//3829
f 4044//4044 3829//3829 619//619
f 4023//4023 4009//4009 1029//1029
f 912//912 4106//4106 3908//3908
f 4106//4106 915//915 4013//4013
f 4107//4107 6001//6001 981//981
f 4053//4053 4109//4109 983//983
f 6390//6390 4133//4133 4109//4109
f 6456//6456 4034//4034 957//957
f 6133//6133 957//957 4034//4034
f 569//569 3872//3872 570//570
f 4042//4042 993//993 6134//6134
f 993//993 4042//4042 1038//1038
f 590//590 2388//2388 6674//6674
f 610//610 816//816 6009//6009
f 4114//4114 3830//3830 628//628
f 904//904 675//675 741//741
f 3857//3857 741//741 675//675
f 684//684 5717//5717 2436//2436
f 808//808 5687//5687 5953//5953
f 766//766 1001//1001 761//761
f 4117//4117 847//847 3867//3867
f 5894//5894 5879//5879 6252//6252
f 4055//4055 6331//6331 777//777
f 6331//6331 4117//4117 777//777
f 866//866 6391//6391 6135//6135
f 3932//3932 751//751 3971//3971
f 6353//6353 3955//3955 3971//3971
f 814//814 6671//6671 6296//6296
f 586//586 588//588 4118//4118
f 4107//4107 4118//4118 588//588
f 1009//1009 4011//4011 889//889
f 5997//5997 3964//3964 3904//3904
f 3969//3969 750//750 4164//4164
f 4147//4147 6011//6011 6251//6251
f 6012//6012 707//707 3890//3890
f 6592//6592 6394//6394 5701//5701
f 814//814 6651//6651 6671//6671
f 4004//4004 4158//4158 782//782
f 981//981 4118//4118 4107//4107
f 5890//5890 711//711 4009//4009
f 630//630 3939//3939 3923//3923
f 608//608 6457//6457 4122//4122
f 4090//4090 4122//4122 6457//6457
f 768//768 3937//3937 964//964
f 6583//6583 3947//3947 995//995
f 4062//4062 961//961 962//962
f 3851//3851 3852//3852 3936//3936
f 4094//4094 3866//3866 6331//6331
f 4094//4094 6331//6331 4055//4055
f 6252//6252 776//776 3941//3941
f 4123//4123 4004//4004 674//674
f 4004//4004 856//856 854//854
f 4124//4124 4026//4026 5693//5693
f 4026//4026 884//884 5693//5693
f 5705//5705 4005//4005 4125//4125
f 4125//4125 3831//3831 4139//4139
f 802//802 3970//3970 5880//5880
f 3970//3970 802//802 6002//6002
f 814//814 6296//6296 3955//3955
f 4126//4126 3825//3825 4019//4019
f 960//960 3934//3934 4019//4019
f 3948//3948 6291//6291 925//925
f 6000//6000 949//949 6291//6291
f 621//621 3960//3960 766//766
f 825//825 766//766 3960//3960
f 637//637 3833//3833 4047//4047
f 637//637 4047//4047 969//969
f 4172//4172 3884//3884 827//827
f 898//898 826//826 4127//4127
f 5883//5883 4127//4127 826//826
f 1015//1015 3962//3962 775//775
f 986//986 633//633 4128//4128
f 4040//4040 4128//4128 633//633
f 4043//4043 4129//4129 885//885
f 3813//3813 583//583 955//955
f 6540//6540 1031//1031 4064//4064
f 1031//1031 6540//6540 608//608
f 980//980 4060//4060 1031//1031
f 3904//3904 4011//4011 828//828
f 842//842 890//890 4131//4131
f 4131//4131 1022//1022 842//842
f 962//962 4072//4072 942//942
f 4072//4072 962//962 6456//6456
f 4023//4023 935//935 6652//6652
f 806//806 4020//4020 4155//4155
f 966//966 6205//6205 987//987
f 4157//4157 4124//4124 4110//4110
f 4110//4110 4124//4124 997//997
f 4132//4132 5895//5895 4022//4022
f 4133//4133 758//758 4108//4108
f 758//758 4133//4133 872//872
f 590//590 591//591 4021//4021
f 4043//4043 765//765 1041//1041
f 3837//3837 6202//6202 774//774
f 974//974 4058//4058 3861//3861
f 947//947 1010//1010 948//948
f 986//986 4128//4128 6131//6131
f 977//977 4138//4138 710//710
f 932//932 6015//6015 933//933
f 748//748 4138//4138 906//906
f 4138//4138 748//748 6015//6015
f 4113//4113 4062//4062 717//717
f 5706//5706 723//723 821//821
f 732//732 4115//4115 3884//3884
f 3872//3872 5992//5992 794//794
f 3917//3917 3916//3916 712//712
f 3826//3826 886//886 616//616
f 985//985 4139//4139 3831//3831
f 693//693 4140//4140 3844//3844
f 868//868 6247//6247 4067//4067
f 4067//4067 913//913 3929//3929
f 4109//4109 4053//4053 4135//4135
f 4039//4039 633//633 631//631
f 644//644 3949//3949 731//731
f 4141//4141 731//731 3949//3949
f 3834//3834 648//648 4141//4141
f 731//731 4141//4141 648//648
f 656//656 4143//4143 3838//3838
f 4144//4144 733//733 735//735
f 4165//4165 3954//3954 749//749
f 4117//4117 3867//3867 777//777
f 4142//4142 896//896 646//646
f 3888//3888 6569//6569 795//795
f 6569//6569 794//794 5992//5992
f 6136//6136 5688//5688 4051//4051
f 810//810 4116//4116 6626//6626
f 4116//4116 810//810 6127//6127
f 846//846 3886//3886 845//845
f 3886//3886 846//846 3885//3885
f 3866//3866 1003//1003 3886//3886
f 3981//3981 3886//3886 1003//1003
f 6251//6251 707//707 4147//4147
f 3899//3899 6444//6444 6455//6455
f 3913//3913 596//596 603//603
f 3937//3937 3923//3923 3924//3924
f 3906//3906 903//903 899//899
f 902//902 3942//3942 901//901
f 903//903 6007//6007 4059//4059
f 5873//5873 6391//6391 755//755
f 4167//4167 4148//4148 917//917
f 4148//4148 4167//4167 5994//5994
f 4135//4135 3996//3996 759//759
f 932//932 3951//3951 4155//4155
f 6476//6476 4149//4149 4065//4065
f 4149//4149 935//935 4023//4023
f 4065//4065 4023//4023 1029//1029
f 6444//6444 3999//3999 595//595
f 597//597 593//593 3899//3899
f 3879//3879 816//816 610//610
f 765//765 4111//4111 3930//3930
f 3945//3945 4146//4146 4134//4134
f 4146//4146 3945//3945 4087//4087
f 872//872 6392//6392 873//873
f 3982//3982 4028//4028 4100//4100
f 4153//4153 5709//5709 976//976
f 3913//3913 605//605 3977//3977
f 605//605 606//606 4092//4092
f 3977//3977 4092//4092 4078//4078
f 937//937 5999//5999 4010//4010
f 723//723 4145//4145 724//724
f 761//761 724//724 4145//4145
f 902//902 1024//1024 3983//3983
f 5702//5702 4154//4154 3983//3983
f 4154//4154 855//855 1018//1018
f 1032//1032 820//820 6430//6430
f 6016//6016 3993//3993 3889//3889
f 3959//3959 996//996 4003//4003
f 726//726 4003//4003 996//996
f 4006//4006 679//679 4007//4007
f 3957//3957 5884//5884 5876//5876
f 4086//4086 6132//6132 751//751
f 4060//4060 4064//4064 1031//1031
f 4062//4062 4113//4113 6364//6364
f 4120//4120 876//876 3999//3999
f 4061//4061 3924//3924 945//945
f 4157//4157 1034//1034 4124//4124
f 1034//1034 4157//4157 1000//1000
f 3903//3903 3934//3934 3959//3959
f 960//960 3959//3959 3934//3934
f 984//984 627//627 987//987
f 4022//4022 591//591 6142//6142
f 3980//3980 824//824 6524//6524
f 3990//3990 6524//6524 3853//3853
f 758//758 880//880 4108//4108
f 6582//6582 3998//3998 4032//4032
f 719//719 3902//3902 1007//1007
f 1039//1039 4157//4157 4110//4110
f 4062//4062 5892//5892 961//961
f 5712//5712 841//841 647//647
f 3879//3879 610//610 6414//6414
f 3879//3879 6414//6414 1040//1040
f 1040//1040 4031//4031 879//879
f 4031//4031 1040//1040 6414//6414
f 5704//5704 3828//3828 727//727
f 5711//5711 3811//3811 5893//5893
f 3885//3885 846//846 4142//4142
f 896//896 4142//4142 846//846
f 3937//3937 768//768 4075//4075
f 926//926 4075//4075 768//768
f 730//730 4048//4048 632//632
f 6014//6014 632//632 4048//4048
f 912//912 865//865 4012//4012
f 4012//4012 865//865 3895//3895
f 5694//5694 997//997 4124//4124
f 4096//4096 968//968 5898//5898
f 851//851 779//779 4096//4096
f 4096//4096 4150//4150 968//968
f 3864//3864 589//589 3974//3974
f 733//733 6202//6202 653//653
f 6202//6202 733//733 4144//4144
f 801//801 6297//6297 3894//3894
f 3894//3894 4052//4052 715//715
f 622//622 621//621 4082//4082
f 766//766 4082//4082 621//621
f 4158//4158 891//891 782//782
f 3964//3964 4158//4158 781//781
f 912//912 4012//4012 4106//4106
f 4106//4106 914//914 915//915
f 3856//3856 3855//3855 651//651
f 3855//3855 3856//3856 4143//4143
f 4102//4102 4103//4103 585//585
f 4157//4157 1039//1039 4104//4104
f 4035//4035 961//961 5892//5892
f 4104//4104 5892//5892 958//958
f 963//963 6008//6008 4110//4110
f 732//732 3960//3960 4115//4115
f 3843//3843 3842//3842 974//974
f 4159//4159 4137//4137 4026//4026
f 4137//4137 4159//4159 1007//1007
f 4005//4005 669//669 4130//4130
f 669//669 4005//4005 857//857
f 608//608 4122//4122 1031//1031
f 4014//4014 1031//1031 4122//4122
f 4081//4081 6614//6614 876//876
f 3945//3945 4134//4134 979//979
f 868//868 6207//6207 3951//3951
f 582//582 3863//3863 589//589
f 4148//4148 919//919 917//917
f 602//602 1051//1051 5959//5959
f 4085//4085 5959//5959 598//598
f 3935//3935 885//885 3826//3826
f 1041//1041 4129//4129 4043//4043
f 4129//4129 1041//1041 1021//1021
f 626//626 3828//3828 5704//5704
f 662//662 658//658 5894//5894
f 3838//3838 4160//4160 4091//4091
f 3832//3832 3950//3950 6365//6365
f 4161//4161 681//681 5869//5869
f 680//680 5869//5869 681//681
f 708//708 576//576 6551//6551
f 5895//5895 5715//5715 5896//5896
f 3935//3935 2489//2489 721//721
f 1023//1023 6017//6017 4057//4057
f 4057//4057 6017//6017 897//897
f 4079//4079 974//974 3842//3842
f 4079//4079 3842//3842 689//689
f 576//576 6394//6394 6592//6592
f 4134//4134 4146//4146 4162//4162
f 6559//6559 4049//4049 4162//4162
f 4049//4049 3882//3882 4073//4073
f 4162//4162 4073//4073 609//609
f 994//994 4101//4101 757//757
f 6246//6246 6611//6611 6253//6253
f 807//807 752//752 806//806
f 752//752 807//807 4015//4015
f 3926//3926 911//911 5701//5701
f 4098//4098 6442//6442 4152//4152
f 4078//4078 923//923 722//722
f 815//815 4116//4116 720//720
f 762//762 4046//4046 3997//3997
f 5998//5998 940//940 850//850
f 6130//6130 4163//4163 853//853
f 862//862 4164//4164 797//797
f 3890//3890 6251//6251 749//749
f 919//919 4148//4148 4080//4080
f 812//812 3892//3892 4018//4018
f 865//865 4152//4152 3895//3895
f 3895//3895 4152//4152 713//713
f 804//804 6593//6593 3891//3891
f 4056//4056 641//641 6006//6006
f 4154//4154 1018//1018 3942//3942
f 900//900 3942//3942 1018//1018
f 3887//3887 4123//4123 6131//6131
f 4123//4123 3887//3887 6128//6128
f 865//865 912//912 869//869
f 918//918 3912//3912 981//981
f 879//879 3933//3933 880//880
f 3933//3933 879//879 4031//4031
f 3914//3914 924//924 822//822
f 874//874 822//822 924//924
f 4083//4083 6138//6138 3974//3974
f 874//874 6334//6334 873//873
f 873//873 822//822 874//874
f 3914//3914 728//728 925//925
f 4167//4167 6001//6001 936//936
f 3901//3901 6392//6392 6390//6390
f 4121//4121 934//934 4168//4168
f 6002//6002 707//707 911//911
f 4083//4083 4118//4118 4024//4024
f 643//643 3949//3949 3854//3854
f 4164//4164 862//862 4165//4165
f 3991//3991 767//767 4056//4056
f 6413//6413 638//638 990//990
f 4115//4115 626//626 5704//5704
f 894//894 3963//3963 3905//3905
f 3963//3963 894//894 1003//1003
f 5893//5893 575//575 5882//5882
f 802//802 5880//5880 787//787
f 3869//3869 787//787 5880//5880
f 4112//4112 4066//4066 993//993
f 596//596 817//817 5685//5685
f 4081//4081 6249//6249 6582//6582
f 4119//4119 1012//1012 6203//6203
f 6002//6002 4147//4147 707//707
f 3895//3895 713//713 6395//6395
f 4121//4121 6395//6395 713//713
f 3994//3994 608//608 6540//6540
f 4085//4085 936//936 587//587
f 1032//1032 950//950 820//820
f 6207//6207 6335//6335 807//807
f 1042//1042 3988//3988 599//599
f 627//627 4114//4114 4169//4169
f 4159//4159 1034//1034 4016//4016
f 1000//1000 4016//4016 1034//1034
f 627//627 4169//4169 965//965
f 4074//4074 965//965 4169//4169
f 4030//4030 5869//5869 4029//4029
f 4029//4029 5888//5888 973//973
f 3819//3819 585//585 6646//6646
f 6298//6298 3820//3820 3819//3819
f 4149//4149 1035//1035 935//935
f 3853//3853 6524//6524 4045//4045
f 4045//4045 824//824 4074//4074
f 5875//5875 1049//1049 728//728
f 4099//4099 857//857 1024//1024
f 3941//3941 6565//6565 659//659
f 2380//2380 4140//4140 4171//4171
f 4140//4140 693//693 4170//4170
f 4171//4171 4170//4170 691//691
f 691//691 4170//4170 4079//4079
f 3871//3871 4079//4079 4170//4170
f 3830//3830 627//627 984//984
f 4120//4120 877//877 6576//6576
f 3889//3889 867//867 3870//3870
f 867//867 3889//3889 800//800
f 912//912 3896//3896 869//869
f 580//580 3927//3927 6639//6639
f 3927//3927 581//581 4168//4168
f 6639//6639 4168//4168 934//934
f 4167//4167 917//917 6001//6001
f 999//999 4111//4111 5897//5897
f 594//594 5715//5715 5889//5889
f 820//820 998//998 3978//3978
f 5692//5692 5716//5716 6584//6584
f 3896//3896 5707//5707 3897//3897
f 3879//3879 3882//3882 816//816
f 717//717 4060//4060 4113//4113
f 3931//3931 4033//4033 4041//4041
f 3931//3931 4041//4041 1041//1041
f 3931//3931 1041//1041 765//765
f 677//677 931//931 859//859
f 707//707 6012//6012 911//911
f 624//624 4145//4145 620//620
f 4145//4145 624//624 4082//4082
f 980//980 1031//1031 4014//4014
f 980//980 4014//4014 3945//3945
f 570//570 4173//4173 954//954
f 4163//4163 6130//6130 3965//3965
f 4153//4153 3973//3973 4156//4156
f 985//985 984//984 4139//4139
f 4126//4126 4054//4054 4097//4097
f 4054//4054 6137//6137 4105//4105
f 4097//4097 4105//4105 764//764
f 3995//3995 6457//6457 608//608
f 5687//5687 808//808 6431//6431
f 5717//5717 684//684 5899//5899
f 973//973 5899//5899 684//684
f 4143//4143 733//733 4160//4160
f 3950//3950 967//967 1046//1046
f 5699//5699 5996//5996 6393//6393
f 5689//5689 725//725 883//883
f 901//901 741//741 3857//3857
f 741//741 901//901 4007//4007
f 982//982 4069//4069 3997//3997
f 5686//5686 4084//4084 4001//4001
f 3907//3907 745//745 5891//5891
f 3874//3874 3862//3862 3861//3861
f 1050//1050 788//788 1045//1045
f 1045//1045 803//803 1050//1050
f 803//803 1045//1045 3952//3952
f 997//997 5694//5694 960//960
f 6138//6138 4024//4024 3850//3850
f 935//935 1035//1035 4174//4174
f 1035//1035 591//591 3821//3821
f 4174//4174 3821//3821 6298//6298
f 935//935 4174//4174 6652//6652
f 4163//4163 858//858 852//852
f 1062//1062 4662//4662 1061//1061
f 6143//6143 1068//1068 4175//4175
f 4237//4237 4175//4175 1068//1068
f 1710//1710 4177//4177 1333//1333
f 4178//4178 1821//1821 1073//1073
f 6570//6570 4180//4180 5750//5750
f 1081//1081 4181//4181 1080//1080
f 1081//1081 4183//4183 1089//1089
f 4588//4588 4529//4529 4185//4185
f 4185//4185 4184//4184 4629//4629
f 1090//1090 1092//1092 4186//4186
f 1094//1094 4326//4326 1095//1095
f 1093//1093 6190//6190 4186//4186
f 4183//4183 1081//1081 5720//5720
f 1097//1097 4187//4187 4212//4212
f 1453//1453 4415//4415 4417//4417
f 1275//1275 1097//1097 4212//4212
f 1108//1108 1654//1654 4212//4212
f 1110//1110 1103//1103 4189//4189
f 1103//1103 1110//1110 1111//1111
f 4214//4214 1115//1115 6432//6432
f 4316//4316 1141//1141 1230//1230
f 6548//6548 1153//1153 6214//6214
f 1155//1155 4193//4193 1156//1156
f 1159//1159 4194//4194 1705//1705
f 4195//4195 1154//1154 1124//1124
f 6300//6300 1295//1295 1123//1123
f 1169//1169 1142//1142 1133//1133
f 1142//1142 1169//1169 4424//4424
f 4324//4324 6040//6040 1647//1647
f 6040//6040 4586//4586 1074//1074
f 4197//4197 1182//1182 2360//2360
f 5722//5722 2360//2360 1182//1182
f 1396//1396 2364//2364 4251//4251
f 2364//2364 1396//1396 4197//4197
f 6279//6279 6033//6033 1186//1186
f 6477//6477 2384//2384 4388//4388
f 1188//1188 1189//1189 1190//1190
f 1191//1191 6570//6570 4198//4198
f 1193//1193 6370//6370 4201//4201
f 4958//4958 1326//1326 4610//4610
f 1198//1198 4202//4202 4200//4200
f 4202//4202 1198//1198 4610//4610
f 1252//1252 1199//1199 4203//4203
f 4520//4520 4204//4204 4205//4205
f 4205//4205 4204//4204 1054//1054
f 4611//4611 4206//4206 1064//1064
f 1053//1053 1203//1203 4207//4207
f 4183//4183 4208//4208 1083//1083
f 4209//4209 1083//1083 4208//4208
f 1180//1180 5736//5736 4210//4210
f 6570//6570 4545//4545 4198//4198
f 4545//4545 6570//6570 5750//5750
f 1109//1109 1098//1098 4212//4212
f 1275//1275 4212//4212 1098//1098
f 4187//4187 1097//1097 1096//1096
f 1102//1102 1119//1119 1109//1109
f 4187//4187 1108//1108 4212//4212
f 1181//1181 4586//4586 4341//4341
f 4341//4341 4586//4586 5758//5758
f 6489//6489 2384//2384 6477//6477
f 1188//1188 1190//1190 1184//1184
f 1196//1196 4219//4219 4590//4590
f 1192//1192 4221//4221 4222//4222
f 4222//4222 4221//4221 1247//1247
f 1063//1063 4223//4223 1943//1943
f 4472//4472 4224//4224 5725//5725
f 1061//1061 4223//4223 5725//5725
f 4224//4224 1255//1255 1062//1062
f 4225//4225 1261//1261 1262//1262
f 1264//1264 1265//1265 4226//4226
f 4213//4213 6653//6653 5726//5726
f 1269//1269 1270//1270 1271//1271
f 1282//1282 1283//1283 4584//4584
f 4227//4227 6019//6019 1760//1760
f 1156//1156 4228//4228 4215//4215
f 4248//4248 4229//4229 4283//4283
f 4230//4230 1475//1475 6254//6254
f 4587//4587 1241//1241 1300//1300
f 1303//1303 1680//1680 4342//4342
f 4639//4639 4231//4231 1304//1304
f 1312//1312 1310//1310 1311//1311
f 1313//1313 4231//4231 4232//4232
f 4231//4231 1313//1313 1304//1304
f 1314//1314 4233//4233 1315//1315
f 1320//1320 1194//1194 4234//4234
f 1195//1195 4234//4234 1194//1194
f 1054//1054 4369//4369 6144//6144
f 4325//4325 4181//4181 4186//4186
f 4476//4476 1424//1424 6597//6597
f 1346//1346 5728//5728 4241//4241
f 4241//4241 4240//4240 1219//1219
f 4653//4653 1347//1347 4312//4312
f 1354//1354 4242//4242 1459//1459
f 4244//4244 1291//1291 1357//1357
f 1088//1088 4442//4442 1100//1100
f 1358//1358 6145//6145 6486//6486
f 1364//1364 6416//6416 1797//1797
f 4246//4246 1284//1284 1285//1285
f 1102//1102 1220//1220 4189//4189
f 4337//4337 4595//4595 4534//4534
f 6304//6304 4248//4248 4283//4283
f 4249//4249 1388//1388 1286//1286
f 4199//4199 4251//4251 1184//1184
f 1183//1183 4365//4365 5735//5735
f 1404//1404 4253//4253 4588//4588
f 4255//4255 1249//1249 4597//4597
f 4571//4571 1325//1325 1409//1409
f 4468//4468 1711//1711 1333//1333
f 1205//1205 4238//4238 6301//6301
f 4238//4238 1205//1205 1206//1206
f 1264//1264 4226//4226 6158//6158
f 1272//1272 4256//4256 1773//1773
f 4256//4256 1272//1272 4239//4239
f 1435//1435 4418//4418 1340//1340
f 1423//1423 4257//4257 1436//1436
f 1351//1351 4259//4259 1352//1352
f 4260//4260 6659//6659 1444//1444
f 4525//4525 1358//1358 1449//1449
f 1358//1358 4525//4525 1279//1279
f 6608//6608 4242//4242 1354//1354
f 4526//4526 6637//6637 4565//4565
f 4566//4566 6637//6637 4327//4327
f 4264//4264 4265//4265 1460//1460
f 4265//4265 1225//1225 5903//5903
f 1292//1292 4470//4470 4266//4266
f 1477//1477 4470//4470 1372//1372
f 1479//1479 4249//4249 1286//1286
f 4215//4215 1111//1111 1110//1110
f 1226//1226 4228//4228 4214//4214
f 4228//4228 1125//1125 4268//4268
f 1211//1211 4269//4269 1209//1209
f 4220//4220 4270//4270 1324//1324
f 4271//4271 1324//1324 4270//4270
f 1399//1399 4273//4273 4252//4252
f 1323//1323 1187//1187 6629//6629
f 1494//1494 4272//4272 1496//1496
f 1497//1497 4273//4273 4274//4274
f 4273//4273 1497//1497 4252//4252
f 4649//4649 6374//6374 1305//1305
f 4477//4477 1306//1306 1403//1403
f 5755//5755 1500//1500 6157//6157
f 1491//1491 4361//4361 4277//4277
f 6302//6302 4624//4624 4278//4278
f 4653//4653 4279//4279 1347//1347
f 4279//4279 4653//4653 1433//1433
f 4433//4433 1512//1512 4280//4280
f 4621//4621 4282//4282 4577//4577
f 5743//5743 4284//4284 1485//1485
f 6038//6038 4217//4217 1479//1479
f 1528//1528 4193//4193 6146//6146
f 5732//5732 1495//1495 4285//4285
f 4286//4286 1405//1405 1495//1495
f 4375//4375 4288//4288 6259//6259
f 6308//6308 1537//1537 6045//6045
f 1263//1263 4289//4289 1544//1544
f 4289//4289 1263//1263 1309//1309
f 1540//1540 4290//4290 1506//1506
f 1549//1549 4291//4291 1242//1242
f 1242//1242 4292//4292 1549//1549
f 4292//4292 1242//1242 1243//1243
f 4293//4293 6369//6369 4294//4294
f 4295//4295 5960//5960 5732//5732
f 4297//4297 1277//1277 4401//4401
f 4479//4479 4401//4401 1277//1277
f 1272//1272 4298//4298 1309//1309
f 1272//1272 4299//4299 4239//4239
f 4300//4300 4405//4405 1564//1564
f 1106//1106 1104//1104 4500//4500
f 1573//1573 4301//4301 1572//1572
f 1474//1474 4626//4626 4400//4400
f 1243//1243 4303//4303 4304//4304
f 1307//1307 6634//6634 4402//4402
f 1546//1546 1509//1509 4406//4406
f 1517//1517 1359//1359 1518//1518
f 1586//1586 4301//4301 4305//4305
f 4301//4301 1571//1571 4305//4305
f 1138//1138 4306//4306 4654//4654
f 1588//1588 4552//4552 1589//1589
f 4308//4308 4307//4307 6396//6396
f 4309//4309 5718//5718 6208//6208
f 4310//4310 1443//1443 1598//1598
f 1083//1083 4311//4311 1084//1084
f 4181//4181 1090//1090 4186//4186
f 1089//1089 1090//1090 1081//1081
f 4181//4181 1081//1081 1090//1090
f 1355//1355 4312//4312 1348//1348
f 1544//1544 4289//4289 1308//1308
f 1356//1356 4313//4313 5737//5737
f 1291//1291 4315//4315 4531//4531
f 1616//1616 1118//1118 1382//1382
f 4268//4268 1115//1115 4214//4214
f 1115//1115 4268//4268 1120//1120
f 1525//1525 1296//1296 6147//6147
f 1151//1151 4317//4317 1629//1629
f 1631//1631 4548//4548 6041//6041
f 4229//4229 1171//1171 1632//1632
f 4424//4424 1174//1174 1142//1142
f 1189//1189 6477//6477 4319//4319
f 1535//1535 4348//4348 1407//1407
f 1197//1197 4321//4321 1068//1068
f 1053//1053 4207//4207 4204//4204
f 1200//1200 4958//4958 5902//5902
f 1432//1432 4325//4325 1085//1085
f 6190//6190 4326//4326 1085//1085
f 4566//4566 4327//4327 1445//1445
f 4328//4328 1282//1282 6148//6148
f 4329//4329 1283//1283 1658//1658
f 1229//1229 4247//4247 5721//5721
f 4330//4330 1577//1577 4488//4488
f 5970//5970 1640//1640 1641//1641
f 4332//4332 1413//1413 6311//6311
f 1418//1418 5733//5733 1686//1686
f 4333//4333 4278//4278 1178//1178
f 1599//1599 4608//4608 1667//1667
f 4257//4257 4335//4335 1436//1436
f 4208//4208 1605//1605 1602//1602
f 4335//4335 1278//1278 1436//1436
f 1570//1570 1361//1361 4432//4432
f 4264//4264 6148//6148 4336//4336
f 4431//4431 1670//1670 5727//5727
f 1673//1673 4337//4337 6038//6038
f 1674//1674 6212//6212 4338//4338
f 1624//1624 4654//4654 1702//1702
f 1676//1676 1583//1583 1588//1588
f 1134//1134 4316//4316 1230//1230
f 4341//4341 5758//5758 1426//1426
f 1317//1317 4544//4544 1316//1316
f 4342//4342 1316//1316 4544//4544
f 1263//1263 4299//4299 1309//1309
f 4299//4299 1272//1272 1309//1309
f 4344//4344 4435//4435 1682//1682
f 1493//1493 4650//4650 4233//4233
f 4234//4234 1315//1315 1320//1320
f 1320//1320 4346//4346 1194//1194
f 1194//1194 4346//4346 6154//6154
f 1315//1315 1639//1639 1314//1314
f 6650//6650 4235//4235 4347//4347
f 1406//1406 4348//4348 1535//1535
f 1059//1059 4349//4349 1055//1055
f 4467//4467 1206//1206 4287//4287
f 1686//1686 4350//4350 1418//1418
f 1414//1414 4351//4351 1792//1792
f 1207//1207 4658//4658 4349//4349
f 5759//5759 4352//4352 4353//4353
f 1362//1362 4358//4358 4245//4245
f 4358//4358 1362//1362 5727//5727
f 1291//1291 4356//4356 1357//1357
f 1694//1694 4280//4280 1512//1512
f 4280//4280 1694//1694 6046//6046
f 4616//4616 6256//6256 4357//4357
f 4621//4621 1617//1617 4282//4282
f 1458//1458 4358//4358 1365//1365
f 1357//1357 6149//6149 1285//1285
f 1139//1139 1726//1726 1661//1661
f 4496//4496 4573//4573 1380//1380
f 4646//4646 1110//1110 4189//4189
f 1677//1677 4318//4318 1635//1635
f 4425//4425 1637//1637 4508//4508
f 1638//1638 4508//4508 1637//1637
f 1493//1493 6663//6663 4347//4347
f 4273//4273 1399//1399 1496//1496
f 4274//4274 4273//4273 4271//4271
f 5748//5748 4225//4225 1262//1262
f 1410//1410 6033//6033 1185//1185
f 4363//4363 1544//1544 4184//4184
f 4629//4629 4184//4184 1544//1544
f 6044//6044 1248//1248 6459//6459
f 1316//1316 4365//4365 1317//1317
f 1317//1317 4366//4366 6154//6154
f 4367//4367 1322//1322 6156//6156
f 1536//1536 6156//6156 1322//1322
f 6144//6144 4177//4177 1069//1069
f 4369//4369 1203//1203 1333//1333
f 6159//6159 1417//1417 1600//1600
f 1418//1418 1070//1070 4631//4631
f 1712//1712 4373//4373 1651//1651
f 4374//4374 1436//1436 1278//1278
f 1648//1648 1707//1707 6372//6372
f 1429//1429 4376//4376 6158//6158
f 4377//4377 4257//4257 4537//4537
f 4414//4414 1087//1087 5954//5954
f 1117//1117 4261//4261 4528//4528
f 4575//4575 1354//1354 1459//1459
f 4315//4315 1613//1613 1698//1698
f 1573//1573 1719//1719 1456//1456
f 4380//4380 1457//1457 1469//1469
f 4242//4242 6458//6458 1459//1459
f 1520//1520 4381//4381 1464//1464
f 1464//1464 4381//4381 1463//1463
f 4382//4382 4385//4385 4383//4383
f 1462//1462 4383//4383 1461//1461
f 1722//1722 4384//4384 4382//4382
f 1723//1723 4385//4385 4382//4382
f 1494//1494 1492//1492 4272//4272
f 4285//4285 4272//4272 1492//1492
f 4389//4389 1191//1191 5749//5749
f 4373//4373 1652//1652 1651//1651
f 5731//5731 1532//1532 4392//4392
f 1611//1611 4393//4393 4394//4394
f 1718//1718 6554//6554 1739//1739
f 4360//4360 4284//4284 1740//1740
f 1474//1474 1472//1472 1513//1513
f 4396//4396 1530//1530 1559//1559
f 1733//1733 4397//4397 1245//1245
f 4348//4348 4202//4202 1407//1407
f 4399//4399 4491//4491 1735//1735
f 1472//1472 4400//4400 1555//1555
f 6019//6019 4227//4227 1749//1749
f 4310//4310 4401//4401 4479//4479
f 6400//6400 1344//1344 4402//4402
f 1307//1307 4402//4402 1344//1344
f 4601//4601 1307//1307 1344//1344
f 4302//4302 1576//1576 1659//1659
f 1564//1564 4405//4405 4406//4406
f 1532//1532 1541//1541 4392//4392
f 1541//1541 4645//4645 1587//1587
f 1331//1331 4407//4407 1607//1607
f 4507//4507 4489//4489 1751//1751
f 1371//1371 4408//4408 6396//6396
f 4357//4357 1370//1370 4632//4632
f 1455//1455 1590//1590 4409//4409
f 4357//4357 6256//6256 1590//1590
f 6159//6159 4410//4410 1417//1417
f 1418//1418 4350//4350 4297//4297
f 4561//4561 4182//4182 1601//1601
f 4411//4411 1744//1744 1311//1311
f 1609//1609 4608//4608 1610//1610
f 1441//1441 1672//1672 4413//4413
f 5954//5954 1092//1092 4414//4414
f 1453//1453 1093//1093 4415//4415
f 1718//1718 1453//1453 4417//4417
f 1080//1080 4418//4418 1435//1435
f 4415//4415 5954//5954 6161//6161
f 6470//6470 4419//4419 1330//1330
f 4407//4407 1331//1331 1587//1587
f 1754//1754 4449//4449 1755//1755
f 1548//1548 4291//4291 1438//1438
f 1520//1520 5739//5739 4381//4381
f 4446//4446 4381//4381 5739//5739
f 4424//4424 1389//1389 1634//1634
f 1180//1180 4210//4210 1650//1650
f 1764//1764 1425//1425 5760//5760
f 1209//1209 4341//4341 6372//6372
f 6372//6372 1426//1426 1648//1648
f 1583//1583 1766//1766 4427//4427
f 4627//4627 1719//1719 1573//1573
f 1468//1468 1466//1466 1804//1804
f 1771//1771 4432//4432 6031//6031
f 1298//1298 1384//1384 6209//6209
f 4433//4433 4656//4656 1221//1221
f 5906//5906 4612//4612 1280//1280
f 4436//4436 1330//1330 4396//4396
f 1545//1545 1773//1773 4619//4619
f 1773//1773 1433//1433 4438//4438
f 4243//4243 4439//4439 4245//4245
f 4440//4440 1693//1693 4439//4439
f 1094//1094 1099//1099 4442//4442
f 1122//1122 1721//1721 1515//1515
f 1768//1768 4443//4443 1765//1765
f 1776//1776 4444//4444 1756//1756
f 6151//6151 4445//4445 6030//6030
f 1083//1083 4182//4182 4183//4183
f 4182//4182 1083//1083 1084//1084
f 1468//1468 4380//4380 1469//1469
f 4344//4344 1682//1682 1681//1681
f 4513//4513 4576//4576 4543//4543
f 1540//1540 1489//1489 4334//4334
f 1489//1489 1540//1540 5731//5731
f 6400//6400 1778//1778 1344//1344
f 1567//1567 6028//6028 1440//1440
f 1724//1724 1725//1725 1748//1748
f 1244//1244 4448//4448 6036//6036
f 6036//6036 4448//4448 1245//1245
f 1552//1552 1782//1782 1781//1781
f 4419//4419 4435//4435 4396//4396
f 1682//1682 4419//4419 6460//6460
f 6470//6470 4499//4499 6460//6460
f 1716//1716 4451//4451 1767//1767
f 1690//1690 1746//1746 4462//4462
f 4505//4505 4462//4462 1746//1746
f 1651//1651 4452//4452 1712//1712
f 1599//1599 1667//1667 4453//4453
f 4455//4455 1574//1574 1676//1676
f 1688//1688 4456//4456 1758//1758
f 1758//1758 4456//4456 4525//4525
f 1691//1691 4431//4431 4457//4457
f 4431//4431 1691//1691 1670//1670
f 4595//4595 1374//1374 4534//4534
f 5761//5761 1079//1079 5908//5908
f 1787//1787 4460//4460 4559//4559
f 4461//4461 4293//4293 1714//1714
f 1767//1767 4443//4443 4462//4462
f 1438//1438 1437//1437 1563//1563
f 5742//5742 5908//5908 4464//4464
f 5908//5908 1765//1765 4443//4443
f 4464//4464 4443//4443 1767//1767
f 1737//1737 4338//4338 6212//6212
f 1528//1528 1156//1156 4193//4193
f 1727//1727 4193//4193 1155//1155
f 1175//1175 6548//6548 1174//1174
f 4466//4466 1745//1745 1427//1427
f 1068//1068 6143//6143 4219//4219
f 4538//4538 4467//4467 4287//4287
f 4467//4467 4538//4538 4371//4371
f 1671//1671 4469//4469 1672//1672
f 4354//4354 4188//4188 1346//1346
f 5728//5728 1346//1346 4188//4188
f 1628//1628 4548//4548 1631//1631
f 1143//1143 1583//1583 1676//1676
f 4224//4224 1061//1061 5725//5725
f 4224//4224 1336//1336 1255//1255
f 4279//4279 1603//1603 1347//1347
f 4637//4637 4310//4310 1598//1598
f 6446//6446 4612//4612 1662//1662
f 4306//4306 4339//4339 4654//4654
f 1386//1386 1387//1387 4474//4474
f 4252//4252 4598//4598 1338//1338
f 1089//1089 4561//4561 4414//4414
f 4456//4456 1448//1448 1447//1447
f 4354//4354 1346//1346 4259//4259
f 1350//1350 4259//4259 1346//1346
f 4340//4340 1679//1679 1797//1797
f 5911//5911 4263//4263 1227//1227
f 4471//4471 1631//1631 1229//1229
f 4475//4475 1766//1766 1143//1143
f 4425//4425 4638//4638 4639//4639
f 1691//1691 4476//4476 1771//1771
f 4536//4536 4477//4477 1430//1430
f 1443//1443 4479//4479 1672//1672
f 4264//4264 1462//1462 1461//1461
f 4336//4336 1225//1225 4265//4265
f 1181//1181 1209//1209 4269//4269
f 6460//6460 1783//1783 1681//1681
f 1405//1405 4272//4272 1495//1495
f 4272//4272 1405//1405 1496//1496
f 1317//1317 6154//6154 4481//4481
f 1432//1432 1214//1214 1799//1799
f 4511//4511 4458//4458 4483//4483
f 1463//1463 1460//1460 6615//6615
f 1530//1530 4486//4486 4652//4652
f 1495//1495 4642//4642 4286//4286
f 4501//4501 1714//1714 4294//4294
f 4492//4492 4515//4515 6153//6153
f 1256//1256 4451//4451 4429//4429
f 4451//4451 1716//1716 4429//4429
f 1539//1539 1441//1441 4413//4413
f 4493//4493 4413//4413 4258//4258
f 1268//1268 4493//4493 4258//4258
f 4493//4493 1268//1268 5726//5726
f 5909//5909 4494//4494 1736//1736
f 4495//4495 1692//1692 4335//4335
f 5751//5751 1079//1079 5753//5753
f 4216//4216 4555//4555 6525//6525
f 4419//4419 4396//4396 1330//1330
f 1360//1360 4432//4432 1361//1361
f 1363//1363 4502//4502 4465//4465
f 4465//4465 4502//4502 6416//6416
f 1715//1715 6211//6211 1610//1610
f 6028//6028 1514//1514 1440//1440
f 1568//1568 1440//1440 1514//1514
f 4635//4635 6571//6571 4579//4579
f 4505//4505 4655//4655 1715//1715
f 1747//1747 1439//1439 1675//1675
f 5909//5909 4514//4514 4494//4494
f 1708//1708 4508//4508 1638//1638
f 1615//1615 4509//4509 1281//1281
f 4476//4476 6597//6597 4510//4510
f 1771//1771 4510//4510 4432//4432
f 4501//4501 4432//4432 4510//4510
f 4512//4512 1778//1778 1779//1779
f 4513//4513 1244//1244 1487//1487
f 1754//1754 1311//1311 4449//4449
f 1400//1400 4452//4452 4453//4453
f 1775//1775 4453//4453 4452//4452
f 4515//4515 1334//1334 4250//4250
f 1393//1393 4516//4516 4535//4535
f 1638//1638 4535//4535 4516//4516
f 4516//4516 1393//1393 1392//1392
f 1392//1392 6397//6397 1798//1798
f 4494//4494 1800//1800 1752//1752
f 1069//1069 4175//4175 6144//6144
f 1654//1654 1109//1109 4212//4212
f 1122//1122 4216//4216 1121//1121
f 5721//5721 4247//4247 1127//1127
f 4317//4317 1377//1377 1629//1629
f 1150//1150 1151//1151 1234//1234
f 4323//4323 4322//4322 1644//1644
f 4520//4520 1644//1644 4322//4322
f 4323//4323 1200//1200 1199//1199
f 1053//1053 4322//4322 1201//1201
f 4326//4326 1086//1086 1085//1085
f 1283//1283 1367//1367 4246//4246
f 1772//1772 4448//4448 1244//1244
f 1249//1249 6311//6311 1413//1413
f 1413//1413 4522//4522 1249//1249
f 1351//1351 1352//1352 4523//4523
f 1693//1693 1362//1362 4439//4439
f 6653//6653 4353//4353 5726//5726
f 5759//5759 6653//6653 4314//4314
f 4329//4329 1274//1274 1367//1367
f 4525//4525 4457//4457 1279//1279
f 4431//4431 1279//1279 4457//4457
f 1113//1113 1613//1613 4527//4527
f 4315//4315 4527//4527 1613//1613
f 1254//1254 1328//1328 6602//6602
f 6458//6458 4245//4245 1470//1470
f 4531//4531 4634//4634 4616//4616
f 4634//4634 4531//4531 4315//4315
f 1225//1225 4356//4356 5903//5903
f 4531//4531 5903//5903 4356//4356
f 1106//1106 1737//1737 1612//1612
f 1366//1366 4430//4430 1696//1696
f 4430//4430 1366//1366 6031//6031
f 4357//4357 1590//1590 1370//1370
f 4337//4337 1673//1673 4595//4595
f 1480//1480 1382//1382 1118//1118
f 4337//4337 1478//1478 6304//6304
f 4535//4535 1785//1785 1393//1393
f 1429//1429 4477//4477 1403//1403
f 4477//4477 1429//1429 1430//1430
f 4232//4232 1391//1391 1313//1313
f 1313//1313 4345//4345 1304//1304
f 1735//1735 1637//1637 5910//5910
f 1402//1402 4347//4347 1409//1409
f 6370//6370 1193//1193 4522//4522
f 6307//6307 4522//4522 1193//1193
f 4503//4503 1277//1277 4350//4350
f 1419//1419 4537//4537 1420//1420
f 4537//4537 1419//1419 6368//6368
f 1431//1431 4539//4539 1434//1434
f 6021//6021 4374//4374 1278//1278
f 4470//4470 1522//1522 1373//1373
f 4366//4366 4437//4437 6154//6154
f 1490//1490 6024//6024 1491//1491
f 4292//4292 4540//4540 1546//1546
f 1306//1306 4477//4477 4649//4649
f 4536//4536 4649//4649 4477//4477
f 1674//1674 4541//4541 4511//4511
f 4605//4605 1674//1674 4511//4511
f 1674//1674 4605//4605 6212//6212
f 4534//4534 1478//1478 4337//4337
f 4543//4543 1558//1558 4644//4644
f 1772//1772 4644//4644 1558//1558
f 4568//4568 4544//4544 1488//1488
f 6435//6435 6398//6398 1538//1538
f 4466//4466 1542//1542 4445//4445
f 1430//1430 4253//4253 1404//1404
f 1455//1455 1591//1591 1590//1590
f 4455//4455 1626//1626 1574//1574
f 1806//1806 4548//4548 1630//1630
f 5748//5748 4201//4201 4641//4641
f 4205//4205 1250//1250 6402//6402
f 1770//1770 1653//1653 5752//5752
f 4302//4302 1231//1231 6342//6342
f 1178//1178 4549//4549 4333//4333
f 4549//4549 1768//1768 4558//4558
f 1604//1604 1340//1340 1339//1339
f 1691//1691 1771//1771 6031//6031
f 1279//1279 4551//4551 1358//1358
f 1583//1583 4552//4552 1588//1588
f 4562//4562 4437//4437 5747//5747
f 1329//1329 4426//4426 4553//4553
f 4426//4426 1329//1329 1792//1792
f 4426//4426 1792//1792 1071//1071
f 4554//4554 1494//1494 4569//4569
f 1687//1687 4375//4375 6341//6341
f 4359//4359 1171//1171 1170//1170
f 4555//4555 4340//4340 5743//5743
f 6047//6047 5735//5735 4365//4365
f 1316//1316 1680//1680 6047//6047
f 1197//1197 4332//4332 6026//6026
f 4332//4332 1197//1197 1643//1643
f 1463//1463 1462//1462 1460//1460
f 4388//4388 1323//1323 4556//4556
f 1642//1642 4556//4556 1323//1323
f 4399//4399 1303//1303 4491//4491
f 1750//1750 1581//1581 1564//1564
f 1082//1082 4557//4557 5907//5907
f 5736//5736 5907//5907 4557//4557
f 4393//4393 1611//1611 1757//1757
f 4411//4411 1311//1311 1310//1310
f 1735//1735 5765//5765 1637//1637
f 4558//4558 1768//1768 5767//5767
f 4452//4452 1651//1651 1753//1753
f 1516//1516 1364//1364 4504//4504
f 4640//4640 4447//4447 4393//4393
f 6023//6023 1734//1734 4513//4513
f 4512//4512 4601//4601 1344//1344
f 1105//1105 4338//4338 1737//1737
f 1270//1270 4483//4483 1776//1776
f 4387//4387 1730//1730 1175//1175
f 6548//6548 1175//1175 1730//1730
f 4378//4378 1598//1598 1443//1443
f 4613//4613 4444//4444 4458//4458
f 4325//4325 1434//1434 4181//4181
f 4418//4418 4181//4181 1434//1434
f 4379//4379 4560//4560 1601//1601
f 4560//4560 4561//4561 1601//1601
f 4189//4189 1103//1103 1102//1102
f 1166//1166 1128//1128 1135//1135
f 1240//1240 4324//4324 1647//1647
f 1195//1195 4437//4437 4562//4562
f 1054//1054 4563//4563 4205//4205
f 4563//4563 1250//1250 4205//4205
f 1083//1083 4209//4209 4311//4311
f 4311//4311 4210//4210 5736//5736
f 4210//4210 4209//4209 1213//1213
f 4564//4564 4371//4371 4472//4472
f 6034//6034 1185//1185 6257//6257
f 4566//4566 1216//1216 4565//4565
f 1222//1222 4524//4524 1353//1353
f 1614//1614 1357//1357 1285//1285
f 1240//1240 1299//1299 4647//4647
f 1411//1411 4270//4270 4220//4220
f 4225//4225 4567//4567 1497//1497
f 1265//1265 4254//4254 1410//1410
f 4293//4293 4444//4444 6369//6369
f 1306//1306 6433//6433 4569//4569
f 1403//1403 1306//1306 4569//4569
f 1808//1808 1709//1709 5744//5744
f 4597//4597 6156//6156 4255//4255
f 1318//1318 4255//4255 6156//6156
f 4367//4367 4570//4570 1321//1321
f 4364//4364 4571//4571 4570//4570
f 4553//4553 1502//1502 5904//5904
f 1355//1355 1723//1723 4572//4572
f 1723//1723 1355//1355 4328//4328
f 4284//4284 4360//4360 4578//4578
f 4306//4306 1138//1138 6488//6488
f 1145//1145 4573//4573 1378//1378
f 4573//4573 4475//4475 1378//1378
f 1484//1484 4474//4474 1387//1387
f 1211//1211 4574//4574 1302//1302
f 1076//1076 5904//5904 5750//5750
f 1423//1423 1420//1420 4257//4257
f 4257//4257 1420//1420 4537//4537
f 1662//1662 6487//6487 6446//6446
f 1488//1488 4576//4576 4568//4568
f 4481//4481 1488//1488 4544//4544
f 4274//4274 1261//1261 1497//1497
f 4579//4579 4422//4422 6146//6146
f 1529//1529 4276//4276 4275//4275
f 1400//1400 4580//4580 4296//4296
f 4497//4497 4296//4296 4580//4580
f 1288//1288 1105//1105 4500//4500
f 1105//1105 1288//1288 1789//1789
f 6664//6664 4330//4330 4488//4488
f 1605//1605 6042//6042 1602//1602
f 4191//4191 1627//1627 1143//1143
f 4297//4297 4401//4401 1645//1645
f 4372//4372 1258//1258 4583//4583
f 4523//4523 4583//4583 1258//1258
f 1282//1282 4336//4336 6148//6148
f 4336//4336 1282//1282 4584//4584
f 6445//6445 6432//6432 1112//1112
f 5721//5721 4471//4471 1229//1229
f 5758//5758 4586//4586 1301//1301
f 1413//1413 1412//1412 4522//4522
f 6370//6370 4522//4522 1412//1412
f 4254//4254 1265//1265 1264//1264
f 4588//4588 4253//4253 6158//6158
f 4528//4528 4261//4261 1451//1451
f 1450//1450 1656//1656 4262//4262
f 1225//1225 4584//4584 6149//6149
f 4262//4262 4261//4261 1450//1450
f 4261//4261 4262//4262 1451//1451
f 4589//4589 1385//1385 4480//4480
f 1486//1486 4480//4480 1384//1384
f 1281//1281 4509//4509 5906//5906
f 1496//1496 1405//1405 4271//4271
f 1076//1076 4590//4590 5746//5746
f 5751//5751 5753//5753 1685//1685
f 4238//4238 1065//1065 4591//4591
f 4591//4591 6043//6043 1208//1208
f 1057//1057 1059//1059 1055//1055
f 4384//4384 4454//4454 4592//4592
f 1349//1349 4592//4592 4454//4454
f 4593//4593 1445//1445 4327//4327
f 1445//1445 4593//4593 6210//6210
f 4524//4524 1100//1100 1353//1353
f 1285//1285 1289//1289 1614//1614
f 1289//1289 1285//1285 1284//1284
f 5911//5911 1227//1227 4594//4594
f 4573//4573 1145//1145 1381//1381
f 1374//1374 4595//4595 6518//6518
f 4596//4596 6518//6518 4595//4595
f 1680//1680 1303//1303 1401//1401
f 1394//1394 1241//1241 4587//4587
f 6213//6213 4582//4582 5766//5766
f 1666//1666 6213//6213 5766//5766
f 4254//4254 1264//1264 1338//1338
f 4598//4598 4254//4254 1338//1338
f 1539//1539 4379//4379 1442//1442
f 1122//1122 4599//4599 1721//1721
f 1237//1237 1171//1171 4359//4359
f 1560//1560 4497//4497 5909//5909
f 1541//1541 4600//4600 5905//5905
f 4600//4600 1559//1559 4304//4304
f 4601//4601 4615//4615 4506//4506
f 1574//1574 1626//1626 6029//6029
f 1751//1751 5911//5911 4507//4507
f 4507//4507 4408//4408 1371//1371
f 4602//4602 4643//4643 6159//6159
f 4643//4643 4503//4503 4410//4410
f 4410//4410 4350//4350 1686//1686
f 1084//1084 6150//6150 1601//1601
f 6150//6150 1084//1084 4557//4557
f 1257//1257 4372//4372 4602//4602
f 4420//4420 4603//4603 1548//1548
f 4291//4291 1548//1548 4603//4603
f 4319//4319 6477//6477 4556//4556
f 4319//4319 4556//4556 1642//1642
f 4427//4427 1766//1766 1726//1726
f 5906//5906 4509//4509 1451//1451
f 1283//1283 4329//4329 1367//1367
f 4605//4605 6589//6589 4463//4463
f 1117//1117 1116//1116 6299//6299
f 6399//6399 4438//4438 4572//4572
f 4504//4504 1515//1515 1721//1721
f 4390//4390 4407//4407 4581//4581
f 1491//1491 4277//4277 1490//1490
f 4451//4451 1256//1256 4464//4464
f 5742//5742 4464//4464 1256//1256
f 4291//4291 1566//1566 1438//1438
f 1534//1534 4606//4606 4397//4397
f 4606//4606 1534//1534 4486//4486
f 4435//4435 4344//4344 4397//4397
f 6648//6648 6662//6662 4607//4607
f 1218//1218 4608//4608 1599//1599
f 1745//1745 6151//6151 6215//6215
f 6151//6151 1745//1745 4466//4466
f 1716//1716 1767//1767 4505//4505
f 1101//1101 4605//4605 4463//4463
f 4447//4447 1101//1101 4609//4609
f 4463//4463 4609//4609 1101//1101
f 5754//5754 1779//1779 4609//4609
f 4394//4394 4447//4447 4609//4609
f 1783//1783 6460//6460 4499//4499
f 4499//4499 1755//1755 1783//1783
f 1269//1269 1788//1788 6589//6589
f 4582//4582 1326//1326 5766//5766
f 1326//1326 4582//4582 4610//4610
f 4467//4467 4371//4371 4564//4564
f 1155//1155 4215//4215 1110//1110
f 1414//1414 1793//1793 4351//4351
f 4275//4275 4346//4346 6647//6647
f 1315//1315 1709//1709 1320//1320
f 4330//4330 1514//1514 1577//1577
f 1800//1800 4514//4514 1784//1784
f 1770//1770 6258//6258 4412//4412
f 4404//4404 1288//1288 4500//4500
f 1288//1288 4404//4404 5763//5763
f 1752//1752 1608//1608 4494//4494
f 1608//1608 1736//1736 4494//4494
f 1708//1708 4516//4516 1798//1798
f 4615//4615 6371//6371 1565//1565
f 1667//1667 4580//4580 4453//4453
f 4498//4498 4497//4497 1609//1609
f 5903//5903 4531//4531 4616//4616
f 4616//4616 1697//1697 5903//5903
f 1503//1503 1420//1420 1423//1423
f 4617//4617 5745//5745 1454//1454
f 1202//1202 5718//5718 4309//4309
f 4179//4179 1075//1075 4949//4949
f 1075//1075 4179//4179 4521//4521
f 4180//4180 4590//4590 5750//5750
f 1127//1127 1136//1136 1135//1135
f 1136//1136 1127//1127 4247//4247
f 1149//1149 4317//4317 1150//1150
f 1152//1152 1762//1762 6214//6214
f 4228//4228 1226//1226 4215//4215
f 4618//4618 1172//1172 4387//4387
f 1073//1073 4269//4269 4178//4178
f 4574//4574 1208//1208 1302//1302
f 1086//1086 1603//1603 1214//1214
f 5912//5912 1214//1214 1603//1603
f 1214//1214 5912//5912 1799//1799
f 1215//1215 6034//6034 6257//6257
f 1602//1602 6042//6042 1215//1215
f 4263//4263 4409//4409 1227//1227
f 4217//4217 1297//1297 1238//1238
f 1251//1251 6311//6311 1319//1319
f 4686//4686 1067//1067 6043//6043
f 1057//1057 6602//6602 1059//1059
f 4363//4363 1339//1339 1343//1343
f 4355//4355 1351//1351 4523//4523
f 4355//4355 4523//4523 1258//1258
f 1290//1290 1511//1511 1289//1289
f 1306//1306 1305//1305 6433//6433
f 1305//1305 1306//1306 4649//4649
f 4343//4343 4647//4647 4231//4231
f 4232//4232 4231//4231 4647//4647
f 1338//1338 4376//4376 5756//5756
f 4376//4376 1338//1338 1264//1264
f 1429//1429 1403//1403 4376//4376
f 1248//1248 6307//6307 6459//6459
f 4241//4241 1219//1219 5757//5757
f 4382//4382 4592//4592 1723//1723
f 6399//6399 1723//1723 4592//4592
f 1350//1350 1267//1267 4259//4259
f 1352//1352 4259//4259 1267//1267
f 4620//4620 4526//4526 4565//4565
f 1361//1361 1518//1518 1359//1359
f 1518//1518 1361//1361 4530//4530
f 1363//1363 4621//4621 4502//4502
f 4621//4621 1363//1363 1617//1617
f 4622//4622 6416//6416 4502//4502
f 6416//6416 4622//4622 1797//1797
f 1383//1383 1673//1673 1287//1287
f 4485//4485 1619//1619 1298//1298
f 1384//1384 1298//1298 1619//1619
f 4222//4222 4235//4235 6629//6629
f 4235//4235 4222//4222 1247//1247
f 4588//4588 4185//4185 1404//1404
f 4221//4221 1192//1192 1641//1641
f 1248//1248 4570//4570 4597//4597
f 4367//4367 4597//4597 4570//4570
f 1209//1209 1181//1181 4341//4341
f 1178//1178 6027//6027 4623//4623
f 4623//4623 1542//1542 4466//4466
f 4623//4623 4466//4466 1427//1427
f 1603//1603 4416//4416 1347//1347
f 4313//4313 1347//1347 4416//4416
f 1356//1356 1348//1348 4313//4313
f 4312//4312 4313//4313 1348//1348
f 1472//1472 1556//1556 1513//1513
f 6615//6615 1464//1464 1463//1463
f 1505//1505 4450//4450 6160//6160
f 4576//4576 4276//4276 4543//4543
f 1205//1205 6401//6401 4287//4287
f 4371//4371 4538//4538 6668//6668
f 4361//4361 1504//1504 6160//6160
f 1505//1505 6160//6160 1504//1504
f 1537//1537 6308//6308 6401//6401
f 6027//6027 4624//4624 6045//6045
f 4380//4380 1468//1468 1519//1519
f 4546//4546 1514//1514 5740//5740
f 1533//1533 6374//6374 4614//4614
f 6374//6374 1533//1533 1305//1305
f 1261//1261 4270//4270 1411//1411
f 6305//6305 4220//4220 6044//6044
f 4625//4625 6459//6459 1193//1193
f 4227//4227 1296//1296 1749//1749
f 1547//1547 4540//4540 4614//4614
f 4540//4540 1547//1547 1509//1509
f 4614//4614 4540//4540 4487//4487
f 1544//1544 4363//4363 1263//1263
f 1343//1343 4299//4299 1263//1263
f 1572//1572 4627//4627 1573//1573
f 1582//1582 4629//4629 1308//1308
f 4629//4629 1582//1582 4628//4628
f 4209//4209 4208//4208 1602//1602
f 4607//4607 1308//1308 4289//4289
f 1308//1308 4607//4607 1582//1582
f 4539//4539 1341//1341 1340//1340
f 1340//1340 4418//4418 4539//4539
f 1611//1611 4384//4384 1722//1722
f 4384//4384 1611//1611 4657//4657
f 6366//6366 1615//1615 1480//1480
f 4528//4528 4509//4509 6366//6366
f 4509//4509 4528//4528 1451//1451
f 1389//1389 4424//4424 1169//1169
f 1639//1639 4630//4630 4319//4319
f 4630//4630 1639//1639 1195//1195
f 1189//1189 4630//4630 1190//1190
f 4562//4562 1190//1190 4630//4630
f 1708//1708 1764//1764 5760//5760
f 1543//1543 6301//6301 1208//1208
f 4428//4428 6402//6402 1251//1251
f 1079//1079 5761//5761 4631//4631
f 4469//4469 4413//4413 1672//1672
f 4575//4575 1662//1662 6375//6375
f 5903//5903 1697//1697 4265//4265
f 4265//4265 1697//1697 4632//4632
f 4288//4288 1507//1507 6527//6527
f 1506//1506 4290//4290 6527//6527
f 1507//1507 1506//1506 6527//6527
f 1584//1584 4552//4552 4633//4633
f 4552//4552 1583//1583 4427//4427
f 4633//4633 4427//4427 1139//1139
f 4633//4633 1139//1139 1140//1140
f 4305//4305 1140//1140 1586//1586
f 4207//4207 4369//4369 1054//1054
f 4539//4539 1431//1431 4239//4239
f 1799//1799 4239//4239 1431//1431
f 4188//4188 4354//4354 1801//1801
f 1216//1216 4314//4314 4620//4620
f 4314//4314 6653//6653 5757//5757
f 1227//1227 6256//6256 4634//4634
f 6256//6256 4616//4616 4634//4634
f 4632//4632 1370//1370 6615//6615
f 4357//4357 4632//4632 1697//1697
f 1678//1678 4423//4423 6571//6571
f 6571//6571 4635//4635 1678//1678
f 4596//4596 1703//1703 6616//6616
f 4482//4482 1325//1325 4364//4364
f 4571//4571 4364//4364 1325//1325
f 5728//5728 1449//1449 4240//4240
f 1358//1358 4240//4240 1449//1449
f 1774//1774 4383//4383 1462//1462
f 4383//4383 1774//1774 1722//1722
f 4518//4518 1280//1280 4434//4434
f 4504//4504 1721//1721 1469//1469
f 4382//4382 4383//4383 1722//1722
f 1774//1774 4446//4446 1722//1722
f 4279//4279 1433//1433 5912//5912
f 4256//4256 1799//1799 5912//5912
f 1533//1533 4398//4398 1305//1305
f 4398//4398 1533//1533 1733//1733
f 1245//1245 1732//1732 1733//1733
f 1725//1725 1701//1701 1748//1748
f 4506//4506 1307//1307 4601//4601
f 1307//1307 4506//4506 6648//6648
f 4506//4506 4615//4615 1565//1565
f 1782//1782 1552//1552 4404//4404
f 5763//5763 4404//4404 1552//1552
f 1750//1750 6572//6572 1581//1581
f 1082//1082 6435//6435 1598//1598
f 5954//5954 4415//4415 1092//1092
f 4421//4421 1107//1107 4377//4377
f 1708//1708 5760//5760 4508//4508
f 4508//4508 4638//4638 4425//4425
f 4320//4320 5749//5749 1191//1191
f 4627//4627 1580//1580 1719//1719
f 4558//4558 4333//4333 4549//4549
f 4333//4333 4558//4558 4550//4550
f 1178//1178 1690//1690 4549//4549
f 4462//4462 4549//4549 1690//1690
f 6527//6527 4559//4559 6259//6259
f 4423//4423 6025//6025 1763//1763
f 6518//6518 4596//4596 6616//6616
f 1772//1772 4295//4295 6490//6490
f 4639//4639 4638//4638 1663//1663
f 1663//1663 4638//4638 1425//1425
f 1689//1689 6598//6598 1060//1060
f 6152//6152 1734//1734 6023//6023
f 4411//4411 1735//1735 4491//4491
f 4514//4514 6594//6594 1784//1784
f 1743//1743 1487//1487 1681//1681
f 1736//1736 1606//1606 1803//1803
f 4459//4459 1417//1417 5733//5733
f 1311//1311 1744//1744 4449//4449
f 4191//4191 1143//1143 1676//1676
f 5738//5738 1612//1612 4640//4640
f 1737//1737 4640//4640 1612//1612
f 1785//1785 1312//1312 1800//1800
f 1077//1077 1764//1764 1798//1798
f 1516//1516 6416//6416 1364//1364
f 4604//4604 1396//1396 4199//4199
f 1644//1644 4520//4520 1666//1666
f 1671//1671 6255//6255 4469//4469
f 6255//6255 1671//1671 4503//4503
f 1063//1063 4564//4564 5725//5725
f 4641//4641 6370//6370 6403//6403
f 1398//1398 1408//1408 4642//4642
f 5732//5732 4642//4642 1495//1495
f 4339//4339 4306//4306 6039//6039
f 4532//4532 6039//6039 4307//4307
f 1115//1115 1135//1135 1137//1137
f 5910//5910 4425//4425 1304//1304
f 4372//4372 1212//1212 4643//4643
f 4503//4503 4643//4643 1212//1212
f 4257//4257 4495//4495 4335//4335
f 4495//4495 4257//4257 4377//4377
f 1801//1801 4495//4495 1107//1107
f 1584//1584 4489//4489 4507//4507
f 4543//4543 4644//4644 4513//4513
f 1244//1244 4644//4644 1772//1772
f 1691//1691 4457//4457 1447//1447
f 4476//4476 4510//4510 1771//1771
f 1241//1241 4521//4521 4179//4179
f 1485//1485 4534//4534 5743//5743
f 1179//1179 6260//6260 6302//6302
f 1502//1502 4637//4637 1538//1538
f 1490//1490 4645//4645 1532//1532
f 4581//4581 4407//4407 4645//4645
f 1587//1587 4645//4645 4407//4407
f 1242//1242 4603//4603 4303//4303
f 4600//4600 1541//1541 1587//1587
f 4436//4436 4396//4396 1559//1559
f 4547//4547 1342//1342 4352//4352
f 6659//6659 4352//4352 1342//1342
f 1195//1195 1639//1639 4234//4234
f 4194//4194 4485//4485 1705//1705
f 5764//5764 1750//1750 4406//4406
f 5764//5764 4406//4406 1509//1509
f 1090//1090 4414//4414 1092//1092
f 1655//1655 1654//1654 1759//1759
f 1220//1220 4646//4646 4189//4189
f 1220//1220 4386//4386 4646//4646
f 4386//4386 1220//1220 1729//1729
f 1254//1254 1058//1058 1596//1596
f 4647//4647 1301//1301 4324//4324
f 4220//4220 6305//6305 1411//1411
f 4524//4524 5724//5724 1100//1100
f 4345//4345 1401//1401 4399//4399
f 1445//1445 6210//6210 1739//1739
f 4648//4648 1204//1204 1058//1058
f 1204//1204 4648//4648 1843//1843
f 1064//1064 1065//1065 4238//4238
f 4268//4268 1125//1125 1161//1161
f 4196//4196 1483//1483 1168//1168
f 2384//2384 6224//6224 4388//4388
f 1187//1187 4388//4388 6224//6224
f 4582//4582 1407//1407 4202//4202
f 4564//4564 4611//4611 4467//4467
f 6147//6147 4230//4230 1236//1236
f 4226//4226 1266//1266 4588//4588
f 4325//4325 4186//4186 6190//6190
f 1497//1497 4567//4567 4598//4598
f 1337//1337 4226//4226 1265//1265
f 4583//4583 6354//6354 1212//1212
f 1471//1471 1459//1459 6458//6458
f 1357//1357 1614//1614 4244//4244
f 4651//4651 4578//4578 4533//4533
f 4533//4533 1236//1236 4651//4651
f 1398//1398 4642//4642 1397//1397
f 1498//1498 4650//4650 1402//1402
f 1183//1183 4366//4366 4365//4365
f 4366//4366 1183//1183 5747//5747
f 4271//4271 4270//4270 4274//4274
f 1325//1325 1402//1402 1409//1409
f 5729//5729 4536//4536 1430//1430
f 4300//4300 1565//1565 1437//1437
f 4441//4441 1273//1273 4593//4593
f 1446//1446 4593//4593 1273//1273
f 4651//4651 1236//1236 4230//4230
f 4626//4626 4484//4484 1370//1370
f 1464//1464 4484//4484 4281//4281
f 1211//1211 1302//1302 4269//4269
f 4178//4178 4269//4269 1302//1302
f 4236//4236 1321//1321 1247//1247
f 4581//4581 4277//4277 4390//4390
f 5764//5764 1509//1509 4536//4536
f 4280//4280 1224//1224 4433//4433
f 6038//6038 4337//4337 6304//6304
f 5960//5960 4642//4642 5732//5732
f 4642//4642 5960//5960 1397//1397
f 1243//1243 4652//4652 4487//4487
f 4304//4304 1559//1559 4652//4652
f 1530//1530 4652//4652 1559//1559
f 4625//4625 1262//1262 1411//1411
f 4201//4201 1262//1262 4625//4625
f 1262//1262 4201//4201 5748//5748
f 1547//1547 4536//4536 1509//1509
f 4536//4536 1547//1547 4649//4649
f 1533//1533 4614//4614 1534//1534
f 4486//4486 1534//1534 4614//4614
f 4614//4614 6374//6374 1547//1547
f 1506//1506 6024//6024 1531//1531
f 1738//1738 1556//1556 1473//1473
f 1777//1777 1649//1649 1562//1562
f 1649//1649 1777//1777 1809//1809
f 4627//4627 1699//1699 1585//1585
f 4315//4315 1698//1698 4634//4634
f 4594//4594 4634//4634 1698//1698
f 1590//1590 1591//1591 1370//1370
f 1113//1113 4527//4527 4244//4244
f 1354//1354 4575//4575 4262//4262
f 1451//1451 4262//4262 6375//6375
f 6432//6432 1137//1137 4190//4190
f 4196//4196 1168//1168 1173//1173
f 4371//4371 4370//4370 4472//4472
f 4184//4184 4185//4185 4529//4529
f 1266//1266 4529//4529 4588//4588
f 1350//1350 4213//4213 1267//1267
f 1461//1461 4385//4385 6148//6148
f 4328//4328 6148//6148 4385//4385
f 1054//1054 6144//6144 4563//4563
f 4237//4237 1068//1068 4321//4321
f 4563//4563 4321//4321 1250//1250
f 1271//1271 1807//1807 4420//4420
f 4391//4391 4420//4420 1807//1807
f 1105//1105 1789//1789 4338//4338
f 4541//4541 4338//4338 1789//1789
f 4261//4261 4656//4656 1450//1450
f 1224//1224 1450//1450 4656//4656
f 4639//4639 1663//1663 4343//4343
f 5744//5744 4650//4650 6216//6216
f 4199//4199 4562//4562 5747//5747
f 5901//5901 4348//4348 1406//1406
f 4312//4312 1355//1355 4572//4572
f 4404//4404 1675//1675 4403//4403
f 4441//4441 4327//4327 4440//4440
f 4440//4440 6461//6461 1693//1693
f 1693//1693 4551//4551 1362//1362
f 4442//4442 1099//1099 1100//1100
f 1100//1100 4617//4617 1353//1353
f 1138//1138 4654//4654 1625//1625
f 1706//1706 4635//4635 4579//4579
f 1709//1709 4233//4233 5744//5744
f 6047//6047 1680//1680 4362//4362
f 4177//4177 4368//4368 1069//1069
f 4361//4361 4373//4373 1712//1712
f 6021//6021 1422//1422 4374//4374
f 1210//1210 6372//6372 1707//1707
f 1107//1107 4495//4495 4377//4377
f 4560//4560 4379//4379 1444//1444
f 1441//1441 4378//4378 1443//1443
f 1717//1717 4188//4188 1107//1107
f 4526//4526 1219//1219 6486//6486
f 5913//5913 4263//4263 1751//1751
f 4243//4243 4242//4242 1273//1273
f 4599//4599 4267//4267 1720//1720
f 4587//4587 1665//1665 5735//5735
f 1664//1664 5735//5735 1665//1665
f 4395//4395 4360//4360 4542//4542
f 1607//1607 4407//4407 4390//4390
f 1331//1331 1607//1607 1332//1332
f 1502//1502 4401//4401 4637//4637
f 4401//4401 1502//1502 1645//1645
f 4619//4619 6400//6400 1545//1545
f 4301//4301 1586//1586 1701//1701
f 1793//1793 1414//1414 1646//1646
f 4378//4378 1442//1442 6150//6150
f 4379//4379 6150//6150 1442//1442
f 1218//1218 1715//1715 4608//4608
f 1716//1716 4505//4505 1715//1715
f 4372//4372 4643//4643 4602//4602
f 1349//1349 4619//4619 6399//6399
f 1232//1232 4316//4316 1376//1376
f 1761//1761 1630//1630 1151//1151
f 1734//1734 4568//4568 4576//4576
f 1251//1251 6402//6402 1250//1250
f 4381//4381 4446//4446 1774//1774
f 1730//1730 1172//1172 1176//1176
f 4435//4435 4606//4606 1530//1530
f 4657//4657 1778//1778 4454//4454
f 4541//4541 4613//4613 4458//4458
f 4613//4613 4541//4541 1789//1789
f 5741//5741 4461//4461 1786//1786
f 4461//4461 5741//5741 4460//4460
f 4655//4655 1769//1769 6211//6211
f 1755//1755 1608//1608 1752//1752
f 1379//1379 1143//1143 1627//1627
f 4387//4387 1175//1175 1634//1634
f 1326//1326 1644//1644 5766//5766
f 1679//1679 1515//1515 1364//1364
f 4653//4653 4572//4572 4438//4438
f 4653//4653 4438//4438 1433//1433
f 4457//4457 4456//4456 1447//1447
f 4456//4456 4457//4457 4525//4525
f 4542//4542 1740//1740 4622//4622
f 1797//1797 4622//4622 1740//1740
f 1441//1441 1443//1443 1672//1672
f 1658//1658 4328//4328 1355//1355
f 6571//6571 4422//4422 4579//4579
f 4422//4422 1742//1742 1161//1161
f 4475//4475 4496//4496 1766//1766
f 1492//1492 6512//6512 6490//6490
f 4296//4296 1505//1505 1400//1400
f 1568//1568 1514//1514 4546//4546
f 4250//4250 1784//1784 4515//4515
f 1218//1218 4429//4429 1716//1716
f 1071//1071 1070//1070 4517//4517
f 1418//1418 4517//4517 1070//1070
f 1076//1076 4553//4553 5904//5904
f 1285//1285 6149//6149 4246//4246
f 4246//4246 4584//4584 1283//1283
f 1412//1412 4332//4332 1643//1643
f 4332//4332 1412//1412 1413//1413
f 1236//1236 4533//4533 4266//4266
f 4347//4347 4235//4235 1499//1499
f 1517//1517 1518//1518 1467//1467
f 1518//1518 1569//1569 1467//1467
f 4636//4636 1303//1303 4342//4342
f 4416//4416 6564//6564 1096//1096
f 4548//4548 1147//1147 6041//6041
f 1415//1415 1792//1792 1329//1329
f 1203//1203 1053//1053 6598//6598
f 1611//1611 4394//4394 4657//4657
f 4657//4657 1779//1779 1778//1778
f 4567//4567 1186//1186 6033//6033
f 1186//1186 4567//4567 4225//4225
f 1186//1186 4473//4473 6279//6279
f 1684//1684 6260//6260 1335//1335
f 4221//4221 1406//1406 4236//4236
f 1554//1554 1567//1567 1747//1747
f 1571//1571 1573//1573 5913//5913
f 6368//6368 4288//4288 4375//4375
f 1711//1711 4468//4468 4658//4658
f 4468//4468 1055//1055 4658//4658
f 4421//4421 4377//4377 1345//1345
f 4308//4308 4594//4594 1698//1698
f 1748//1748 1661//1661 1780//1780
f 4331//4331 1780//1780 1661//1661
f 4298//4298 4402//4402 6634//6634
f 4402//4402 4298//4298 1545//1545
f 1314//1314 1639//1639 1642//1642
f 4319//4319 1642//1642 1639//1639
f 1583//1583 1143//1143 1766//1766
f 5767//5767 1768//1768 1765//1765
f 1608//1608 1755//1755 4499//4499
f 4612//4612 6446//6446 4434//4434
f 1423//1423 4373//4373 1503//1503
f 1404//1404 4628//4628 5729//5729
f 1498//1498 4482//4482 1246//1246
f 1586//1586 1140//1140 1748//1748
f 4450//4450 4390//4390 6160//6160
f 4296//4296 1560//1560 4450//4450
f 4775//4775 4660//4660 1828//1828
f 1843//1843 4648//4648 1842//1842
f 4663//4663 6517//6517 1850//1850
f 6071//6071 1862//1862 1864//1864
f 4664//4664 5769//5769 5790//5790
f 2251//2251 4816//4816 2027//2027
f 2027//2027 4816//4816 1867//1867
f 1865//1865 1950//1950 4664//4664
f 4665//4665 4664//4664 1950//1950
f 4839//4839 3631//3631 1881//1881
f 4669//4669 5770//5770 1886//1886
f 4698//4698 4751//4751 4670//4670
f 4672//4672 1893//1893 1891//1891
f 1900//1900 4673//4673 4674//4674
f 4673//4673 1900//1900 1901//1901
f 1899//1899 4675//4675 1903//1903
f 4906//4906 4674//4674 4676//4676
f 1907//1907 6377//6377 4677//4677
f 4833//4833 4677//4677 1905//1905
f 4940//4940 4678//4678 1909//1909
f 1910//1910 4679//4679 1912//1912
f 1913//1913 5770//5770 5914//5914
f 5770//5770 1913//1913 1886//1886
f 1919//1919 4680//4680 4682//4682
f 4680//4680 1920//1920 4681//4681
f 4682//4682 4681//4681 1921//1921
f 4683//4683 95//95 3799//3799
f 4684//4684 3799//3799 1922//1922
f 3722//3722 95//95 1925//1925
f 102//102 5927//5927 1926//1926
f 44//44 1929//1929 4860//4860
f 1815//1815 2000//2000 1817//1817
f 4687//4687 2008//2008 1835//1835
f 2240//2240 4688//4688 6222//6222
f 35//35 4689//4689 1945//1945
f 1846//1846 4694//4694 1866//1866
f 2231//2231 1952//1952 1953//1953
f 1958//1958 1871//1871 4692//4692
f 4695//4695 2033//2033 4696//4696
f 1880//1880 6261//6261 1961//1961
f 4882//4882 4841//4841 4970//4970
f 1972//1972 4697//4697 1973//1973
f 4751//4751 4698//4698 1901//1901
f 1897//1897 4699//4699 4673//4673
f 4699//4699 1904//1904 4676//4676
f 4673//4673 4676//4676 4674//4674
f 2051//2051 4700//4700 5771//5771
f 4700//4700 2052//2052 5771//5771
f 4683//4683 1925//1925 95//95
f 4702//4702 1983//1983 4703//4703
f 4702//4702 4703//4703 2316//2316
f 2316//2316 4703//4703 1984//1984
f 1986//1986 4704//4704 2267//2267
f 1928//1928 4883//4883 1929//1929
f 4860//4860 1929//1929 4883//4883
f 4659//4659 4711//4711 1995//1995
f 6048//6048 1819//1819 1997//1997
f 4713//4713 4932//4932 6491//6491
f 1832//1832 4703//4703 1983//1983
f 4911//4911 4792//4792 2023//2023
f 4792//4792 4911//4911 2022//2022
f 2283//2283 2025//2025 4705//4705
f 1959//1959 4719//4719 2028//2028
f 2300//2300 2137//2137 6261//6261
f 2047//2047 4893//4893 4794//4794
f 2049//2049 4794//4794 4754//4754
f 4708//4708 4671//4671 1890//1890
f 6262//6262 1916//1916 4709//4709
f 4710//4710 4709//4709 1921//1921
f 2008//2008 1828//1828 4660//4660
f 33//33 4714//4714 3569//3569
f 1845//1845 4714//4714 4715//4715
f 4716//4716 2015//2015 4715//4715
f 2086//2086 4717//4717 2016//2016
f 4718//4718 1955//1955 2215//2215
f 1958//1958 4719//4719 4720//4720
f 4720//4720 4719//4719 4888//4888
f 4667//4667 1960//1960 2300//2300
f 2092//2092 4726//4726 4729//4729
f 1965//1965 4723//4723 1964//1964
f 4912//4912 1962//1962 1963//1963
f 2098//2098 4726//4726 2099//2099
f 4805//4805 4707//4707 2041//2041
f 4858//4858 2108//2108 2107//2107
f 4729//4729 4798//4798 2040//2040
f 4730//4730 5771//5771 2052//2052
f 2111//2111 4732//4732 2110//2110
f 1981//1981 4734//4734 5771//5771
f 4734//4734 1981//1981 5789//5789
f 2134//2134 2017//2017 4735//4735
f 2228//2228 2227//2227 6318//6318
f 5780//5780 4696//4696 2137//2137
f 4736//4736 4810//4810 4787//4787
f 2142//2142 2143//2143 4804//4804
f 4804//4804 2143//2143 2145//2145
f 2144//2144 4737//4737 2034//2034
f 2152//2152 4740//4740 5922//5922
f 4740//4740 2152//2152 2101//2101
f 2103//2103 4727//4727 1967//1967
f 1982//1982 4741//4741 5773//5773
f 4741//4741 1982//1982 1920//1920
f 4735//4735 2017//2017 4745//4745
f 2223//2223 2017//2017 2222//2222
f 1876//1876 6462//6462 4748//4748
f 4748//4748 6462//6462 4857//4857
f 2038//2038 2189//2189 2190//2190
f 1885//1885 4750//4750 2158//2158
f 4751//4751 2107//2107 4750//4750
f 2321//2321 2198//2198 4918//4918
f 2202//2202 4752//4752 2201//2201
f 4747//4747 2171//2171 4916//4916
f 6378//6378 4785//4785 4706//4706
f 4805//4805 4737//4737 1962//1962
f 1962//1962 4737//4737 6054//6054
f 4755//4755 2217//2217 2149//2149
f 4815//4815 2105//2105 2209//2209
f 4756//4756 2229//2229 4757//4757
f 4724//4724 6069//6069 2148//2148
f 2234//2234 6170//6170 1875//1875
f 4761//4761 1875//1875 6170//6170
f 4829//4829 4762//4762 2233//2233
f 4712//4712 4713//4713 2005//2005
f 2130//2130 1839//1839 6219//6219
f 1844//1844 4881//4881 4837//4837
f 1851//1851 4960//4960 4691//4691
f 4846//4846 6641//6641 2251//2251
f 6064//6064 6166//6166 2137//2137
f 4721//4721 4666//4666 1954//1954
f 1956//1956 4766//4766 1957//1957
f 4693//4693 1957//1957 4766//4766
f 4767//4767 2284//2284 5971//5971
f 4708//4708 1915//1915 1970//1970
f 2263//2263 4878//4878 2262//2262
f 1906//1906 4677//4677 2265//2265
f 2054//2054 4772//4772 4773//4773
f 4772//4772 5773//5773 4741//4741
f 44//44 4774//4774 3555//3555
f 4775//4775 2277//2277 2242//2242
f 4816//4816 2272//2272 2018//2018
f 1865//1865 4778//4778 1950//1950
f 2097//2097 6054//6054 4845//4845
f 2144//2144 2175//2175 4845//4845
f 5919//5919 2259//2259 1973//1973
f 2048//2048 4780//4780 1975//1975
f 4781//4781 2046//2046 6577//6577
f 4730//4730 5918//5918 1979//1979
f 4730//4730 6163//6163 6169//6169
f 6163//6163 5920//5920 4782//4782
f 4661//4661 1836//1836 4206//4206
f 6463//6463 2132//2132 4735//4735
f 6388//6388 5781//5781 57//57
f 1961//1961 4784//4784 1880//1880
f 1969//1969 4786//4786 2040//2040
f 2050//2050 2044//2044 2099//2099
f 2049//2049 4754//4754 2216//2216
f 2100//2100 5919//5919 1973//1973
f 4794//4794 4893//4893 4754//4754
f 1922//1922 4770//4770 4789//4789
f 4789//4789 4770//4770 1917//1917
f 4790//4790 6347//6347 1977//1977
f 2132//2132 4923//4923 2022//2022
f 2089//2089 2088//2088 2030//2030
f 2029//2029 2090//2090 4892//4892
f 2294//2294 4892//4892 2090//2090
f 4719//4719 2089//2089 2028//2028
f 4794//4794 2155//2155 2047//2047
f 2100//2100 4780//4780 4796//4796
f 4780//4780 2048//2048 4795//4795
f 1898//1898 1893//1893 4797//4797
f 2040//2040 4798//4798 1969//1969
f 5789//5789 4800//4800 4866//4866
f 2056//2056 4801//4801 2298//2298
f 4802//4802 2127//2127 4809//4809
f 4802//4802 4809//4809 2129//2129
f 1872//1872 6166//6166 6064//6064
f 4804//4804 2138//2138 2142//2142
f 4857//4857 2095//2095 6066//6066
f 2176//2176 2145//2145 5775//5775
f 2050//2050 2153//2153 2109//2109
f 1902//1902 4806//4806 4921//4921
f 4807//4807 2149//2149 1968//1968
f 4808//4808 1919//1919 1923//1923
f 2082//2082 4809//4809 2127//2127
f 1852//1852 4803//4803 2223//2223
f 4803//4803 1852//1852 6070//6070
f 2175//2175 4810//4810 6264//6264
f 6068//6068 2188//2188 4897//4897
f 6069//6069 4724//4724 2139//2139
f 4869//4869 2171//2171 4747//4747
f 2171//2171 4869//4869 4827//4827
f 4736//4736 4787//4787 2178//2178
f 2177//2177 2141//2141 6069//6069
f 4844//4844 4690//4690 2197//2197
f 6263//6263 2203//2203 2283//2283
f 4924//4924 1902//1902 6315//6315
f 4825//4825 4816//4816 2251//2251
f 6638//6638 1955//1955 6643//6643
f 5777//5777 4818//4818 4815//4815
f 4819//4819 4739//4739 5919//5919
f 4867//4867 4821//4821 4799//4799
f 4822//4822 4817//4817 2082//2082
f 2169//2169 4823//4823 2129//2129
f 5779//5779 2027//2027 6057//6057
f 4915//4915 2323//2323 4921//4921
f 4855//4855 4824//4824 2326//2326
f 2337//2337 1895//1895 4853//4853
f 2127//2127 4825//4825 4822//4822
f 1960//1960 4826//4826 6064//6064
f 4827//4827 1872//1872 4826//4826
f 1898//1898 4806//4806 1899//1899
f 4806//4806 1898//1898 4797//4797
f 6172//6172 4828//4828 2035//2035
f 4922//4922 2307//2307 2254//2254
f 6057//6057 2331//2331 4933//4933
f 4753//4753 2026//2026 4705//4705
f 4753//4753 4705//4705 2025//2025
f 4861//4861 2027//2027 2211//2211
f 2325//2325 4830//4830 2211//2211
f 4688//4688 2338//2338 6222//6222
f 6053//6053 2166//2166 4690//4690
f 2205//2205 4831//4831 4854//4854
f 1877//1877 4693//4693 2409//2409
f 2409//2409 4832//4832 1877//1877
f 4833//4833 2265//2265 4677//4677
f 1908//1908 4833//4833 1905//1905
f 1647//1647 1988//1988 1240//1240
f 6061//6061 4218//4218 1988//1988
f 1842//1842 4648//4648 4663//4663
f 4943//4943 2217//2217 2336//2336
f 4837//4837 4838//4838 1844//1844
f 4838//4838 4837//4837 1945//1945
f 2044//2044 4791//4791 2045//2045
f 4791//4791 4867//4867 2045//2045
f 2146//2146 4840//4840 6346//6346
f 2103//2103 6049//6049 4841//4841
f 6049//6049 1882//1882 4841//4841
f 4842//4842 1844//1844 4838//4838
f 4842//4842 4843//4843 1841//1841
f 4925//4925 5926//5926 6463//6463
f 2132//2132 6463//6463 4891//4891
f 4929//4929 4844//4844 2197//2197
f 2212//2212 2343//2343 2204//2204
f 4845//4845 6054//6054 2144//2144
f 2138//2138 6069//6069 2139//2139
f 2111//2111 4847//4847 4732//4732
f 4732//4732 4847//4847 5925//5925
f 1919//1919 4808//4808 4680//4680
f 4808//4808 2266//2266 4848//4848
f 4680//4680 4848//4848 1920//1920
f 4849//4849 1894//1894 4935//4935
f 2105//2105 4818//4818 4935//4935
f 1859//1859 1852//1852 2223//2223
f 5922//5922 2153//2153 4850//4850
f 4872//4872 4852//4852 5774//5774
f 4852//4852 4872//4872 2180//2180
f 2297//2297 2218//2218 4758//4758
f 2205//2205 4854//4854 4920//4920
f 2282//2282 2306//2306 4802//4802
f 2272//2272 4802//4802 2306//2306
f 4944//4944 2311//2311 2252//2252
f 4855//4855 2105//2105 4824//4824
f 4935//4935 2106//2106 2105//2105
f 2118//2118 4856//4856 2062//2062
f 1864//1864 1860//1860 4490//4490
f 6517//6517 4490//4490 1860//1860
f 6478//6478 1873//1873 6166//6166
f 4698//4698 1897//1897 1901//1901
f 1901//1901 4858//4858 2107//2107
f 4669//4669 1886//1886 4859//4859
f 4859//4859 1918//1918 5923//5923
f 2287//2287 4860//4860 4883//4883
f 2239//2239 4861//4861 2317//2317
f 6051//6051 4712//4712 1826//1826
f 2082//2082 4716//4716 4843//4843
f 4716//4716 2082//2082 4817//4817
f 2028//2028 2089//2089 2030//2030
f 2260//2260 4768//4768 5924//5924
f 4862//4862 2287//2287 2267//2267
f 5768//5768 5790//5790 4863//4863
f 4863//4863 1948//1948 5768//5768
f 4864//4864 2097//2097 4845//4845
f 4864//4864 2087//2087 4722//4722
f 2087//2087 4864//4864 4723//4723
f 2054//2054 4868//4868 4772//4772
f 1844//1844 4842//4842 1841//1841
f 4749//4749 2184//2184 2185//2185
f 4745//4745 4803//4803 6404//6404
f 4757//4757 2215//2215 4846//4846
f 4869//4869 2172//2172 2214//2214
f 2255//2255 2237//2237 2234//2234
f 4697//4697 4871//4871 1973//1973
f 4872//4872 1889//1889 6417//6417
f 2257//2257 4799//4799 1976//1976
f 4799//4799 2257//2257 4867//4867
f 2282//2282 4802//4802 4823//4823
f 2203//2203 2313//2313 2213//2213
f 2313//2313 2203//2203 6263//6263
f 4912//4912 1957//1957 1876//1876
f 2300//2300 1880//1880 4667//4667
f 2214//2214 4873//4873 2173//2173
f 4794//4794 2049//2049 2109//2109
f 2112//2112 4868//4868 4874//4874
f 4868//4868 2054//2054 4733//4733
f 4874//4874 4733//4733 2053//2053
f 2053//2053 5962//5962 4874//4874
f 5962//5962 6347//6347 4790//4790
f 4874//4874 4790//4790 2112//2112
f 4711//4711 1992//1992 1993//1993
f 2152//2152 5922//5922 2154//2154
f 2217//2217 4755//4755 4875//4875
f 2217//2217 4875//4875 2336//2336
f 2180//2180 4872//4872 2183//2183
f 1892//1892 2157//2157 4672//4672
f 4797//4797 4672//4672 2157//2157
f 5968//5968 4718//4718 4876//4876
f 2173//2173 4877//4877 1873//1873
f 6638//6638 4879//4879 4817//4817
f 5774//5774 4917//4917 1889//1889
f 2052//2052 4795//4795 5792//5792
f 4795//4795 2052//2052 4700//4700
f 4948//4948 1958//1958 4692//4692
f 1958//1958 4948//4948 2089//2089
f 5968//5968 4778//4778 4777//4777
f 2189//2189 2038//2038 4788//4788
f 2129//2129 4809//4809 2128//2128
f 4809//4809 2082//2082 4843//4843
f 2128//2128 4843//4843 4842//4842
f 4858//4858 1901//1901 1900//1900
f 2118//2118 2060//2060 1826//1826
f 6071//6071 6208//6208 5718//5718
f 1883//1883 1878//1878 4832//4832
f 6462//6462 4832//4832 1878//1878
f 4793//4793 2234//2234 2237//2237
f 1882//1882 4970//4970 4841//4841
f 4841//4841 4882//4882 2104//2104
f 1892//1892 4672//4672 4671//4671
f 4671//4671 4672//4672 1891//1891
f 5915//5915 5791//5791 5961//5961
f 5917//5917 6541//6541 5782//5782
f 5917//5917 5782//5782 1925//1925
f 6478//6478 1872//1872 4827//4827
f 2175//2175 4884//4884 4845//4845
f 1968//1968 1967//1967 4807//4807
f 1967//1967 1968//1968 2151//2151
f 4885//4885 5921//5921 5783//5783
f 4722//4722 4948//4948 1963//1963
f 4729//4729 2098//2098 4798//4798
f 4737//4737 4805//4805 2041//2041
f 1979//1979 5918//5918 4885//4885
f 4735//4735 2022//2022 2134//2134
f 2031//2031 5787//5787 4888//4888
f 4888//4888 5787//5787 1866//1866
f 2133//2133 4746//4746 1847//1847
f 4746//4746 2133//2133 4903//4903
f 4891//4891 6463//6463 5926//5926
f 5926//5926 1959//1959 6280//6280
f 1966//1966 4696//4696 5780//5780
f 2340//2340 4811//4811 4724//4724
f 2139//2139 4724//4724 4811//4811
f 6600//6600 6577//6577 4731//4731
f 2187//2187 2183//2183 4738//4738
f 4755//4755 4807//4807 2208//2208
f 4876//4876 2136//2136 4747//4747
f 4895//4895 2140//2140 2093//2093
f 4736//4736 6264//6264 4810//4810
f 6577//6577 6585//6585 4781//4781
f 6585//6585 4754//4754 2186//2186
f 4905//4905 4896//4896 2301//2301
f 4750//4750 2107//2107 2158//2158
f 1978//1978 4945//4945 5776//5776
f 4899//4899 2046//2046 4900//4900
f 2046//2046 4901//4901 4900//4900
f 5916//5916 4903//4903 2023//2023
f 2303//2303 4902//4902 2208//2208
f 4755//4755 2208//2208 4902//4902
f 1958//1958 4720//4720 1871//1871
f 4787//4787 4905//4905 2178//2178
f 1907//1907 4878//4878 6528//6528
f 1913//1913 1976//1976 1886//1886
f 4799//4799 1886//1886 1976//1976
f 1947//1947 6627//6627 4777//4777
f 6627//6627 1947//1947 4879//4879
f 4718//4718 5968//5968 6627//6627
f 4695//4695 1966//1966 4907//4907
f 4695//4695 4907//4907 2035//2035
f 4821//4821 4820//4820 4799//4799
f 4867//4867 6464//6464 4821//4821
f 4789//4789 4684//4684 1922//1922
f 5917//5917 1925//1925 4701//4701
f 6562//6562 4701//4701 4733//4733
f 1980//1980 4908//4908 6600//6600
f 2274//2274 2001//2001 2275//2275
f 2138//2138 6378//6378 2036//2036
f 2037//2037 4873//4873 4910//4910
f 6066//6066 6049//6049 2285//2285
f 2099//2099 2153//2153 2050//2050
f 2049//2049 2044//2044 2050//2050
f 2044//2044 2049//2049 2216//2216
f 4882//4882 1885//1885 2104//2104
f 4893//4893 2187//2187 2186//2186
f 4908//4908 1980//1980 6464//6464
f 4911//4911 2134//2134 2022//2022
f 4805//4805 4912//4912 1876//1876
f 2051//2051 4913//4913 4700//4700
f 4796//4796 4914//4914 2100//2100
f 2297//2297 2108//2108 4858//4858
f 4797//4797 2157//2157 4915//4915
f 4797//4797 4915//4915 4921//4921
f 4778//4778 4916//4916 6164//6164
f 1984//1984 4918//4918 2316//2316
f 4759//4759 2233//2233 2236//2236
f 2321//2321 4918//4918 1984//1984
f 2232//2232 4920//4920 4854//4854
f 4921//4921 2323//2323 6315//6315
f 1947//1947 4909//4909 2015//2015
f 4909//4909 1947//1947 4928//4928
f 1978//1978 2111//2111 4945//4945
f 2127//2127 2272//2272 4825//4825
f 4816//4816 4825//4825 2272//2272
f 2307//2307 4922//4922 2026//2026
f 4922//4922 2254//2254 6263//6263
f 2023//2023 4792//4792 2025//2025
f 4923//4923 2025//2025 4792//4792
f 2132//2132 2135//2135 4923//4923
f 4753//4753 4923//4923 2135//2135
f 4924//4924 6535//6535 1906//1906
f 4814//4814 2318//2318 2212//2212
f 1948//1948 4928//4928 5768//5768
f 1920//1920 4848//4848 4741//4741
f 4848//4848 2266//2266 4773//4773
f 4925//4925 6463//6463 6404//6404
f 2249//2249 1850//1850 1860//1860
f 1810//1810 4659//4659 2348//2348
f 4659//4659 1810//1810 4711//4711
f 1845//1845 1948//1948 4863//4863
f 4939//4939 1884//1884 4786//4786
f 1884//1884 4939//4939 2039//2039
f 1884//1884 2040//2040 4786//4786
f 1899//1899 4806//4806 4675//4675
f 1916//1916 6262//6262 5785//5785
f 4926//4926 5785//5785 4834//4834
f 1924//1924 1926//1926 5786//5786
f 3555//3555 4774//4774 1927//1927
f 4862//4862 1927//1927 4774//4774
f 4686//4686 1827//1827 4776//4776
f 4685//4685 1829//1829 1941//1941
f 2015//2015 4879//4879 1947//1947
f 4708//4708 1970//1970 5928//5928
f 4837//4837 35//35 1945//1945
f 1871//1871 4938//4938 4692//4692
f 4938//4938 5260//5260 4766//4766
f 4692//4692 4766//4766 1956//1956
f 6061//6061 1936//1936 1239//1239
f 4838//4838 1985//1985 4842//4842
f 4928//4928 1947//1947 4777//4777
f 1876//1876 4748//4748 4805//4805
f 2105//2105 4855//4855 2209//2209
f 4911//4911 2293//2293 2134//2134
f 2285//2285 1967//1967 2151//2151
f 4746//4746 4903//4903 4752//4752
f 4889//4889 2328//2328 2174//2174
f 2293//2293 4844//4844 4929//4929
f 4830//4830 2317//2317 2211//2211
f 2218//2218 4853//4853 4758//4758
f 4853//4853 2218//2218 2337//2337
f 2037//2037 4910//4910 4759//4759
f 2247//2247 4930//4930 1840//1840
f 4665//4665 50//50 5769//5769
f 4916//4916 4876//4876 4747//4747
f 1956//1956 1963//1963 4948//4948
f 4920//4920 2255//2255 2234//2234
f 1894//1894 4853//4853 1895//1895
f 4928//4928 1865//1865 5768//5768
f 4812//4812 1968//1968 2149//2149
f 4775//4775 1828//1828 2277//2277
f 6057//6057 4933//4933 5779//5779
f 4726//4726 2092//2092 4850//4850
f 4860//4860 4774//4774 44//44
f 2090//2090 4880//4880 2294//2294
f 2026//2026 2294//2294 4880//4880
f 4753//4753 2135//2135 2294//2294
f 4896//4896 4905//4905 4904//4904
f 4767//4767 4706//4706 4785//4785
f 2095//2095 4857//4857 1878//1878
f 4740//4740 2109//2109 2153//2153
f 2109//2109 4740//4740 2101//2101
f 4934//4934 4787//4787 2207//2207
f 4917//4917 4897//4897 6223//6223
f 2206//2206 4812//4812 4898//4898
f 4890//4890 6065//6065 2333//2333
f 2177//2177 6069//6069 4804//4804
f 2261//2261 5777//5777 4875//4875
f 5777//5777 2261//2261 5778//5778
f 1987//1987 4783//4783 6319//6319
f 4783//4783 1987//1987 4883//4883
f 1928//1928 1983//1983 4783//4783
f 2143//2143 2142//2142 2091//2091
f 2106//2106 4935//4935 2286//2286
f 1905//1905 4677//4677 6377//6377
f 1918//1918 4820//4820 4732//4732
f 4732//4732 4820//4820 2110//2110
f 2135//2135 4892//4892 2294//2294
f 2237//2237 2255//2255 6062//6062
f 2048//2048 4768//4768 4836//4836
f 4836//4836 4927//4927 5921//5921
f 1978//1978 2055//2055 4936//4936
f 1978//1978 4936//4936 1977//1977
f 2339//2339 2079//2079 2085//2085
f 5924//5924 4697//4697 2342//2342
f 4916//4916 4778//4778 5968//5968
f 1982//1982 4782//4782 1920//1920
f 4818//4818 5777//5777 4849//4849
f 4818//4818 4849//4849 4935//4935
f 2106//2106 2286//2286 2323//2323
f 4849//4849 4853//4853 1894//1894
f 2056//2056 4937//4937 4704//4704
f 4862//4862 4704//4704 4937//4937
f 4704//4704 4862//4862 2267//2267
f 1918//1918 4771//4771 5923//5923
f 2028//2028 2029//2029 6280//6280
f 2029//2029 4892//4892 6280//6280
f 48//48 35//35 4881//4881
f 35//35 48//48 3637//3637
f 4767//4767 4785//4785 2284//2284
f 2218//2218 2297//2297 4858//4858
f 4847//4847 1977//1977 6347//6347
f 2310//2310 6263//6263 2254//2254
f 2100//2100 4871//4871 4780//4780
f 4871//4871 2100//2100 1973//1973
f 2032//2032 2033//2033 4695//4695
f 2031//2031 4888//4888 1959//1959
f 4719//4719 1959//1959 4888//4888
f 2188//2188 6068//6068 4896//4896
f 1647//1647 6040//6040 1930//1930
f 6449//6449 1930//1930 6040//6040
f 4691//4691 1854//1854 1851//1851
f 1866//1866 1871//1871 4720//4720
f 4839//4839 2039//2039 3631//3631
f 4939//4939 3631//3631 2039//2039
f 3572//3572 4939//4939 6376//6376
f 4917//4917 4943//4943 6265//6265
f 1911//1911 6377//6377 4679//4679
f 1909//1909 1912//1912 4940//4940
f 4679//4679 4940//4940 1912//1912
f 1915//1915 6173//6173 1970//1970
f 4773//4773 2266//2266 5915//5915
f 4808//4808 4742//4742 2266//2266
f 1961//1961 4942//4942 4784//4784
f 4942//4942 1961//1961 2032//2032
f 1963//1963 1962//1962 2097//2097
f 4670//4670 4751//4751 4750//4750
f 4728//4728 4750//4750 1885//1885
f 1897//1897 4673//4673 1901//1901
f 4866//4866 2112//2112 4936//4936
f 4790//4790 4936//4936 2112//2112
f 4860//4860 2287//2287 4774//4774
f 2026//2026 4922//4922 4705//4705
f 4922//4922 6263//6263 2283//2283
f 1881//1881 4942//4942 4839//4839
f 4942//4942 2032//2032 6059//6059
f 2046//2046 4894//4894 4901//4901
f 4901//4901 4894//4894 4739//4739
f 2262//2262 1906//1906 6535//6535
f 1896//1896 6535//6535 4924//4924
f 4782//4782 5920//5920 6262//6262
f 4681//4681 4710//4710 1921//1921
f 1917//1917 6347//6347 4789//4789
f 5768//5768 4664//4664 5790//5790
f 4664//4664 5768//5768 1865//1865
f 4722//4722 2088//2088 4948//4948
f 5781//5781 1880//1880 4784//4784
f 4724//4724 2184//2184 2340//2340
f 4901//4901 4739//4739 4819//4819
f 4914//4914 4819//4819 2100//2100
f 5971//5971 4907//4907 1966//1966
f 4804//4804 2145//2145 2177//2177
f 4749//4749 2185//2185 2150//2150
f 4905//4905 4787//4787 4934//4934
f 2222//2222 4929//4929 2024//2024
f 4910//4910 2214//2214 2172//2172
f 4756//4756 4757//4757 5772//5772
f 2303//2303 2261//2261 4902//4902
f 4875//4875 4902//4902 2261//2261
f 4919//4919 2024//2024 2197//2197
f 2172//2172 2136//2136 2229//2229
f 4793//4793 6170//6170 2234//2234
f 4760//4760 6621//6621 2037//2037
f 1841//1841 4715//4715 4714//4714
f 4881//4881 1844//1844 4714//4714
f 2094//2094 4764//4764 1873//1873
f 2154//2154 2284//2284 4785//4785
f 1892//1892 5928//5928 4769//4769
f 5928//5928 1892//1892 4671//4671
f 4675//4675 2265//2265 4833//4833
f 2265//2265 4675//4675 1902//1902
f 1927//1927 4937//4937 3554//3554
f 4937//4937 6067//6067 3554//3554
f 2156//2156 4824//4824 2106//2106
f 2010//2010 4886//4886 2067//2067
f 4729//4729 2040//2040 2146//2146
f 1884//1884 2146//2146 2040//2040
f 2173//2173 6478//6478 2214//2214
f 1887//1887 2190//2190 4904//4904
f 4752//4752 2202//2202 2228//2228
f 4813//4813 2199//2199 6345//6345
f 4864//4864 4884//4884 4723//4723
f 4731//4731 4899//4899 5776//5776
f 4899//4899 4731//4731 6577//6577
f 1868//1868 6070//6070 4691//4691
f 4889//4889 1879//1879 4793//4793
f 2149//2149 2217//2217 6223//6223
f 1833//1833 2305//2305 2320//2320
f 4870//4870 2311//2311 4944//4944
f 2307//2307 4880//4880 1953//1953
f 4765//4765 1953//1953 4880//4880
f 4704//4704 1986//1986 2113//2113
f 5776//5776 4945//4945 4731//4731
f 4827//4827 4826//4826 6165//6165
f 4721//4721 1960//1960 4666//4666
f 4826//4826 1960//1960 4721//4721
f 2238//2238 4829//4829 2331//2331
f 1877//1877 6462//6462 1876//1876
f 4830//4830 4944//4944 2199//2199
f 4946//4946 2313//2313 2308//2308
f 4895//4895 5971//5971 2140//2140
f 2062//2062 4856//4856 2349//2349
f 1860//1860 1864//1864 2249//2249
f 1862//1862 1861//1861 1864//1864
f 4960//4960 4947//4947 4763//4763
f 4947//4947 1846//1846 4763//4763
f 4668//4668 6066//6066 2095//2095
f 4764//4764 5780//5780 2137//2137
f 2320//2320 2305//2305 1834//1834
f 4930//4930 4662//4662 1840//1840
f 2052//2052 5792//5792 5918//5918
f 5773//5773 4772//4772 4800//4800
f 4800//4800 4868//4868 2112//2112
f 2112//2112 4866//4866 4800//4800
f 1904//1904 4678//4678 4676//4676
f 4678//4678 6528//6528 4906//4906
f 4909//4909 1845//1845 4715//4715
f 2089//2089 4948//4948 2088//2088
f 4913//4913 2051//2051 4865//4865
f 2237//2237 6062//6062 2091//2091
f 2143//2143 2091//2091 6062//6062
f 5924//5924 1975//1975 4871//4871
f 5135//5135 2357//2357 1933//1933
f 575//575 4950//4950 5882//5882
f 4950//4950 2373//2373 3968//3968
f 5870//5870 5931//5931 4951//4951
f 689//689 4952//4952 691//691
f 691//691 4954//4954 4171//4171
f 4954//4954 2379//2379 4171//4171
f 695//695 2380//2380 2381//2381
f 5939//5939 4955//4955 6267//6267
f 5056//5056 6224//6224 5171//5171
f 2385//2385 712//712 6654//6654
f 5245//5245 2388//2388 590//590
f 1198//1198 5965//5965 4610//4610
f 4958//4958 4610//4610 5965//5965
f 2737//2737 2397//2397 5241//5241
f 5168//5168 5063//5063 2549//2549
f 615//615 3851//3851 2403//2403
f 2405//2405 1871//1871 4694//4694
f 2405//2405 4938//4938 1871//1871
f 4938//4938 2405//2405 2407//2407
f 3829//3829 2406//2406 4962//4962
f 2406//2406 3829//3829 4114//4114
f 2414//2414 6441//6441 5175//5175
f 5032//5032 2419//2419 5209//5209
f 5209//5209 2419//2419 904//904
f 2421//2421 4964//4964 4965//4965
f 5114//5114 2425//2425 2423//2423
f 2436//2436 5717//5717 4969//4969
f 5717//5717 686//686 4969//4969
f 2437//2437 4968//4968 2438//2438
f 4968//4968 2437//2437 4967//4967
f 686//686 2438//2438 4969//4969
f 4969//4969 2438//2438 4968//4968
f 6073//6073 2440//2440 2441//2441
f 2439//2439 4970//4970 1882//1882
f 6073//6073 2442//2442 2444//2444
f 2447//2447 5177//5177 4971//4971
f 4972//4972 4698//4698 4670//4670
f 4698//4698 4972//4972 2449//2449
f 2453//2453 4974//4974 6495//6495
f 2456//2456 4976//4976 2455//2455
f 1909//1909 4976//4976 4977//4977
f 4977//4977 1912//1912 1909//1909
f 1851//1851 4959//4959 2396//2396
f 2810//2810 4959//4959 1856//1856
f 4978//4978 4203//4203 2459//2459
f 2376//2376 4953//4953 2377//2377
f 2481//2481 5970//5970 5900//5900
f 2481//2481 2387//2387 5970//5970
f 5970//5970 2387//2387 6675//6675
f 2486//2486 5793//5793 5902//5902
f 5218//5218 6174//6174 4980//4980
f 2487//2487 4980//4980 6174//6174
f 4982//4982 5108//5108 5277//5277
f 5232//5232 2657//2657 5797//5797
f 2493//2493 4725//4725 1883//1883
f 4983//4983 2417//2417 4963//4963
f 4983//4983 4963//4963 2416//2416
f 4130//4130 6441//6441 6465//6465
f 2760//2760 2434//2434 2501//2501
f 4975//4975 5070//5070 2505//2505
f 5965//5965 2486//2486 4958//4958
f 2507//2507 2508//2508 2509//2509
f 2461//2461 6071//6071 5762//5762
f 2476//2476 4986//4986 2375//2375
f 4986//4986 2476//2476 2521//2521
f 4987//4987 2529//2529 2530//2530
f 3917//3917 4989//4989 2479//2479
f 5254//5254 2479//2479 4989//4989
f 2534//2534 4990//4990 2533//2533
f 2535//2535 6655//6655 4991//4991
f 5152//5152 6506//6506 4992//4992
f 4993//4993 5945//5945 721//721
f 4995//4995 2601//2601 4996//4996
f 2413//2413 4997//4997 6083//6083
f 2416//2416 4963//4963 2415//2415
f 2582//2582 4999//4999 2583//2583
f 2583//2583 2528//2528 5932//5932
f 5080//5080 2527//2527 2528//2528
f 2583//2583 5000//5000 2528//2528
f 2508//2508 2507//2507 5003//5003
f 5088//5088 5003//5003 2507//2507
f 2642//2642 2643//2643 2547//2547
f 5005//5005 2547//2547 2643//2643
f 5810//5810 5027//5027 6076//6076
f 5097//5097 6085//6085 2394//2394
f 5089//5089 5263//5263 5073//5073
f 5006//5006 5187//5187 2589//2589
f 2810//2810 2460//2460 2588//2588
f 5007//5007 2588//2588 5261//5261
f 2600//2600 2593//2593 5029//5029
f 2509//2509 2695//2695 2594//2594
f 2595//2595 5159//5159 6543//6543
f 2605//2605 4995//4995 2410//2410
f 4995//4995 5795//5795 5008//5008
f 5797//5797 2601//2601 5246//5246
f 5010//5010 2412//2412 2493//2493
f 5013//5013 5238//5238 2624//2624
f 5015//5015 2627//2627 2626//2626
f 5017//5017 5016//5016 2452//2452
f 5822//5822 5018//5018 1640//1640
f 2580//2580 5019//5019 5020//5020
f 5019//5019 4987//4987 5020//5020
f 5021//5021 2519//2519 5022//5022
f 2640//2640 5024//5024 6175//6175
f 2519//2519 5021//5021 5025//5025
f 6422//6422 5027//5027 6494//6494
f 2687//2687 5217//5217 6174//6174
f 5097//5097 6078//6078 6174//6174
f 5026//5026 5051//5051 2581//2581
f 2649//2649 2595//2595 6075//6075
f 5005//5005 2643//2643 2651//2651
f 2653//2653 5028//5028 2550//2550
f 2550//2550 5028//5028 2596//2596
f 5009//5009 2699//2699 2408//2408
f 2728//2728 2397//2397 2737//2737
f 5241//5241 5107//5107 2737//2737
f 2656//2656 5029//5029 6080//6080
f 5795//5795 5030//5030 5008//5008
f 5030//5030 5220//5220 5008//5008
f 5031//5031 2665//2665 5033//5033
f 5032//5032 2498//2498 2620//2620
f 2715//2715 5034//5034 2677//2677
f 1640//1640 5018//5018 5901//5901
f 5966//5966 2771//2771 2689//2689
f 2771//2771 5966//5966 2688//2688
f 6175//6175 5035//5035 2690//2690
f 2581//2581 5036//5036 5037//5037
f 5933//5933 5812//5812 5039//5039
f 2400//2400 2697//2697 2555//2555
f 6326//6326 5028//5028 2653//2653
f 5030//5030 5795//5795 5041//5041
f 5030//5030 5041//5041 2411//2411
f 5043//5043 2705//2705 2608//2608
f 5110//5110 2669//2669 5044//5044
f 2619//2619 4962//4962 2406//2406
f 5045//5045 2717//2717 2448//2448
f 6175//6175 5046//5046 5035//5035
f 5024//5024 2378//2378 5192//5192
f 6183//6183 2782//2782 5935//5935
f 5216//5216 2483//2483 5048//5048
f 2651//2651 5205//5205 5947//5947
f 4987//4987 5049//5049 2529//2529
f 2492//2492 6465//6465 2719//2719
f 2591//2591 5051//5051 2651//2651
f 5051//5051 2591//2591 2724//2724
f 5052//5052 2496//2496 5803//5803
f 5050//5050 2718//2718 5258//5258
f 2727//2727 5258//5258 2718//2718
f 2611//2611 5053//5053 5185//5185
f 5054//5054 2546//2546 2399//2399
f 5130//5130 2792//2792 2542//2542
f 5054//5054 5055//5055 2731//2731
f 2546//2546 5054//5054 2731//2731
f 2369//2369 2733//2733 2732//2732
f 2380//2380 4171//4171 2379//2379
f 2481//2481 5056//5056 5057//5057
f 5056//5056 2481//2481 5900//5900
f 4956//4956 5058//5058 2736//2736
f 2386//2386 5059//5059 5060//5060
f 5059//5059 6675//6675 5060//5060
f 2386//2386 2535//2535 5949//5949
f 5061//5061 2737//2737 5107//5107
f 2737//2737 5061//5061 2399//2399
f 4960//4960 4981//4981 4947//4947
f 4981//4981 2402//2402 4947//4947
f 4947//4947 4961//4961 1846//1846
f 5092//5092 5063//5063 2404//2404
f 2601//2601 5797//5797 4996//4996
f 4996//4996 5800//5800 5795//5795
f 2416//2416 5064//5064 4983//4983
f 5064//5064 2442//2442 6073//6073
f 4983//4983 5064//5064 2441//2441
f 5145//5145 2674//2674 2618//2618
f 2746//2746 5274//5274 5798//5798
f 2422//2422 3840//3840 5282//5282
f 3840//3840 682//682 4984//4984
f 5282//5282 4984//4984 2430//2430
f 5209//5209 6665//6665 2613//2613
f 2747//2747 5066//5066 6079//6079
f 6079//6079 5066//5066 2562//2562
f 5166//5166 5067//5067 2440//2440
f 2752//2752 5147//5147 2753//2753
f 2449//2449 1897//1897 4698//4698
f 5069//5069 2505//2505 5070//5070
f 2453//2453 2570//2570 2567//2567
f 5071//5071 5229//5229 2584//2584
f 2378//2378 5799//5799 6419//6419
f 2521//2521 2523//2523 5179//5179
f 2729//2729 5038//5038 5072//5072
f 5072//5072 5038//5038 5812//5812
f 5237//5237 2652//2652 2595//2595
f 2762//2762 2753//2753 5147//5147
f 2802//2802 6492//6492 5075//5075
f 2764//2764 5075//5075 2763//2763
f 2690//2690 5077//5077 5186//5186
f 5025//5025 5047//5047 2519//2519
f 2526//2526 5078//5078 2537//2537
f 2531//2531 5936//5936 5079//5079
f 5079//5079 5936//5936 2480//2480
f 5248//5248 5249//5249 2547//2547
f 5002//5002 2536//2536 4991//4991
f 2572//2572 2394//2394 2691//2691
f 2572//2572 5081//5081 6181//6181
f 5106//5106 5154//5154 5132//5132
f 5139//5139 5043//5043 2559//2559
f 2777//2777 2621//2621 5012//5012
f 6226//6226 6505//6505 5199//5199
f 2431//2431 5082//5082 5210//5210
f 2692//2692 5267//5267 2535//2535
f 5267//5267 5949//5949 2535//2535
f 2579//2579 2636//2636 6228//6228
f 4955//4955 2370//2370 6267//6267
f 2370//2370 4955//4955 3812//3812
f 2782//2782 5085//5085 5207//5207
f 5085//5085 2782//2782 6183//6183
f 5086//5086 5207//5207 5087//5087
f 2632//2632 2487//2487 5088//5088
f 2585//2585 5071//5071 5004//5004
f 2696//2696 5071//5071 2548//2548
f 5091//5091 2554//2554 2607//2607
f 5093//5093 2617//2617 2497//2497
f 2717//2717 2440//2440 5067//5067
f 5096//5096 2626//2626 2627//2627
f 2572//2572 6078//6078 5097//5097
f 2635//2635 5098//5098 2689//2689
f 5100//5100 5943//5943 5805//5805
f 5099//5099 2734//2734 5805//5805
f 5100//5100 5805//5805 2383//2383
f 5021//5021 5022//5022 2791//2791
f 5027//5027 5101//5101 5002//5002
f 2547//2547 5112//5112 2642//2642
f 2729//2729 5105//5105 2759//2759
f 5105//5105 2730//2730 2650//2650
f 5937//5937 5794//5794 5938//5938
f 2555//2555 5106//5106 2400//2400
f 2598//2598 5107//5107 2398//2398
f 2619//2619 2710//2710 5201//5201
f 5108//5108 2661//2661 6324//6324
f 5110//5110 5109//5109 2670//2670
f 5096//5096 6086//6086 5095//5095
f 5111//5111 5095//5095 6086//6086
f 2448//2448 2809//2809 2793//2793
f 2597//2597 2700//2700 5009//5009
f 2698//2698 5009//5009 2700//2700
f 5275//5275 2562//2562 5113//5113
f 5049//5049 5019//5019 2770//2770
f 2423//2423 6520//6520 5114//5114
f 5051//5051 5115//5115 2581//2581
f 2734//2734 5116//5116 2532//2532
f 2546//2546 2731//2731 2728//2728
f 5119//5119 5118//5118 5936//5936
f 5202//5202 5120//5120 5181//5181
f 5122//5122 2779//2779 2761//2761
f 2795//2795 2761//2761 2779//2779
f 5177//5177 2446//2446 4971//4971
f 4971//4971 2446//2446 2439//2439
f 2568//2568 5123//5123 2752//2752
f 5124//5124 2633//2633 2524//2524
f 2518//2518 6179//6179 2767//2767
f 2382//2382 5226//5226 5215//5215
f 5215//5215 5208//5208 5819//5819
f 5126//5126 2772//2772 5242//5242
f 2541//2541 5242//5242 2772//2772
f 2399//2399 2727//2727 5054//5054
f 5202//5202 5127//5127 5120//5120
f 5127//5127 5202//5202 2739//2739
f 5264//5264 5120//5120 6180//6180
f 2800//2800 5129//5129 2752//2752
f 5129//5129 2800//2800 2566//2566
f 2702//2702 2711//2711 2659//2659
f 2664//2664 2663//2663 5121//5121
f 2488//2488 5130//5130 2541//2541
f 5042//5042 2659//2659 2495//2495
f 2702//2702 2659//2659 2662//2662
f 5806//5806 5131//5131 5814//5814
f 5130//5130 2542//2542 2541//2541
f 5168//5168 5132//5132 5154//5154
f 5068//5068 2418//2418 5133//5133
f 2393//2393 2394//2394 2392//2392
f 2394//2394 2393//2393 2691//2691
f 2745//2745 2742//2742 2743//2743
f 2745//2745 4997//4997 2413//2413
f 4997//4997 2745//2745 2743//2743
f 3841//3841 2748//2748 2433//2433
f 5136//5136 5156//5156 2430//2430
f 1904//1904 4699//4699 2454//2454
f 4975//4975 2454//2454 4699//4699
f 5229//5229 5071//5071 2696//2696
f 5138//5138 2728//2728 5203//5203
f 5138//5138 5203//5203 2729//2729
f 5139//5139 2658//2658 2803//2803
f 5012//5012 6079//6079 2774//2774
f 5140//5140 2445//2445 2751//2751
f 2446//2446 2751//2751 2445//2445
f 5141//5141 2765//2765 4972//4972
f 2449//2449 4972//4972 2765//2765
f 5076//5076 2520//2520 2515//2515
f 2806//2806 2805//2805 2366//2366
f 712//712 5142//5142 3917//3917
f 2544//2544 2696//2696 2548//2548
f 2525//2525 5148//5148 5165//5165
f 5165//5165 5148//5148 5142//5142
f 5283//5283 5149//5149 5150//5150
f 2536//2536 5151//5151 2692//2692
f 2656//2656 5153//5153 2586//2586
f 5153//5153 2656//2656 6080//6080
f 5813//5813 2600//2600 5223//5223
f 5154//5154 2494//2494 5091//5091
f 2602//2602 6266//6266 2605//2605
f 6266//6266 2602//2602 6539//6539
f 2776//2776 5156//5156 2621//2621
f 2451//2451 4973//4973 5804//5804
f 5157//5157 2464//2464 5799//5799
f 5058//5058 2539//2539 2736//2736
f 5158//5158 5194//5194 2545//2545
f 5218//5218 2545//2545 5194//5194
f 2554//2554 4994//4994 2553//2553
f 5277//5277 2553//2553 4994//4994
f 5176//5176 2715//2715 2716//2716
f 5274//5274 2746//2746 2793//2793
f 5125//5125 5021//5021 2791//2791
f 5160//5160 6080//6080 2593//2593
f 5143//5143 2725//2725 2726//2726
f 5162//5162 2725//2725 5161//5161
f 5138//5138 2729//2729 5163//5163
f 2385//2385 5165//5165 5142//5142
f 4969//4969 4968//4968 6322//6322
f 5166//5166 2626//2626 5067//5067
f 5234//5234 2568//2568 2753//2753
f 5167//5167 2393//2393 2392//2392
f 2393//2393 5167//5167 2724//2724
f 2490//2490 5169//5169 2554//2554
f 2447//2447 2801//2801 2764//2764
f 2756//2756 5170//5170 2638//2638
f 5062//5062 2655//2655 5040//5040
f 2655//2655 5062//5062 5820//5820
f 709//709 6140//6140 5824//5824
f 5083//5083 5057//5057 5171//5171
f 5057//5057 5172//5172 2481//2481
f 3936//3936 5173//5173 3851//3851
f 5174//5174 5109//5109 2719//2719
f 2446//2446 5177//5177 2751//2751
f 5089//5089 2396//2396 2395//2395
f 2375//2375 2379//2379 2476//2476
f 5247//5247 2517//2517 2574//2574
f 2806//2806 2521//2521 2518//2518
f 6579//6579 6349//6349 5180//5180
f 2534//2534 2693//2693 4990//4990
f 4990//4990 6348//6348 2532//2532
f 2558//2558 6505//6505 2680//2680
f 5069//5069 5182//5182 2569//2569
f 4999//4999 5000//5000 2583//2583
f 5183//5183 2583//2583 5932//5932
f 2590//2590 5038//5038 2759//2759
f 5011//5011 2406//2406 628//628
f 2684//2684 5262//5262 2789//2789
f 2780//2780 2514//2514 2790//2790
f 2770//2770 5019//5019 2579//2579
f 2579//2579 5019//5019 2580//2580
f 5186//5186 2576//2576 2690//2690
f 5263//5263 6357//6357 2457//2457
f 2589//2589 5187//5187 2632//2632
f 5896//5896 594//594 5941//5941
f 594//594 5937//5937 5941//5941
f 5100//5100 2582//2582 5943//5943
f 5050//5050 5040//5040 2704//2704
f 2669//2669 5809//5809 5044//5044
f 5190//5190 5044//5044 5264//5264
f 5094//5094 6180//6180 5191//5191
f 5191//5191 2710//2710 5094//5094
f 2373//2373 6182//6182 6356//6356
f 5193//5193 4950//4950 5944//5944
f 5186//5186 5077//5077 5125//5125
f 5077//5077 6177//6177 5025//5025
f 5125//5125 5025//5025 5021//5021
f 6441//6441 2414//2414 5174//5174
f 6465//6465 5174//5174 2719//2719
f 2770//2770 6228//6228 2634//2634
f 2717//2717 5195//5195 2441//2441
f 4983//4983 2441//2441 5195//5195
f 4694//4694 5196//5196 2405//2405
f 2400//2400 6479//6479 2401//2401
f 2529//2529 2725//2725 2530//2530
f 2393//2393 2724//2724 2691//2691
f 5197//5197 2585//2585 5796//5796
f 2402//2402 5198//5198 4961//4961
f 2560//2560 6180//6180 5094//5094
f 1862//1862 5261//5261 2460//2460
f 2784//2784 5200//5200 2813//2813
f 5050//5050 2654//2654 5273//5273
f 5199//5199 2715//2715 5176//5176
f 2725//2725 6268//6268 5161//5161
f 6268//6268 2734//2734 5099//5099
f 5161//5161 5099//5099 5943//5943
f 6268//6268 2529//2529 5116//5116
f 5105//5105 2729//2729 5203//5203
f 5204//5204 2734//2734 2532//2532
f 2377//2377 4953//4953 4951//4951
f 5206//5206 2785//2785 5947//5947
f 5126//5126 5134//5134 2785//2785
f 2432//2432 5066//5066 2747//2747
f 2775//2775 5066//5066 2426//2426
f 4251//4251 2365//2365 2368//2368
f 2365//2365 4251//4251 2364//2364
f 2768//2768 5020//5020 2369//2369
f 2369//2369 5208//5208 5226//5226
f 2804//2804 2796//2796 2418//2418
f 6665//6665 5209//5209 2422//2422
f 2434//2434 2432//2432 5210//5210
f 2523//2523 5211//5211 2376//2376
f 2376//2376 6419//6419 2523//2523
f 5130//5130 5212//5212 2792//2792
f 2489//2489 5213//5213 721//721
f 5214//5214 2409//2409 5178//5178
f 2536//2536 2692//2692 4991//4991
f 2535//2535 4991//4991 2692//2692
f 2577//2577 2771//2771 2688//2688
f 2782//2782 5216//5216 5935//5935
f 5097//5097 5217//5217 6085//6085
f 2593//2593 6080//6080 5029//5029
f 5032//5032 2808//2808 2498//2498
f 2594//2594 5796//5796 2592//2592
f 5152//5152 5811//5811 5219//5219
f 5811//5811 5152//5152 2587//2587
f 2759//2759 5112//5112 2590//2590
f 2647//2647 5219//5219 2646//2646
f 721//721 5213//5213 4993//4993
f 5213//5213 2652//2652 4993//4993
f 2599//2599 2655//2655 5090//5090
f 2673//2673 5041//5041 5221//5221
f 5041//5041 5795//5795 5800//5800
f 5221//5221 5800//5800 2657//2657
f 2557//2557 5139//5139 2559//2559
f 2715//2715 5222//5222 5034//5034
f 5212//5212 5813//5813 5223//5223
f 5813//5813 5212//5212 5117//5117
f 5167//5167 2392//2392 5224//5224
f 5233//5233 5224//5224 2538//2538
f 5167//5167 5115//5115 2724//2724
f 2724//2724 5115//5115 5051//5051
f 5940//5940 2541//2541 2772//2772
f 2731//2731 5203//5203 2728//2728
f 1188//1188 2382//2382 6349//6349
f 2733//2733 5226//5226 2368//2368
f 2549//2549 5198//5198 6379//6379
f 5069//5069 5070//5070 5182//5182
f 5182//5182 5228//5228 2568//2568
f 2455//2455 1974//1974 2570//2570
f 2506//2506 2455//2455 6495//6495
f 2459//2459 5229//5229 2696//2696
f 2383//2383 5230//5230 5817//5817
f 5230//5230 5022//5022 5815//5815
f 5817//5817 5231//5231 5942//5942
f 5173//5173 3936//3936 5232//5232
f 2641//2641 2525//2525 5165//5165
f 6076//6076 6670//6670 5000//5000
f 5233//5233 2538//2538 2540//2540
f 2410//2410 5008//5008 5090//5090
f 5090//5090 5220//5220 2599//2599
f 5132//5132 5144//5144 6479//6479
f 5106//5106 6479//6479 2400//2400
f 5013//5013 2814//2814 2788//2788
f 2568//2568 5234//5234 5182//5182
f 5934//5934 6267//6267 5084//5084
f 2369//2369 2732//2732 2768//2768
f 5035//5035 5046//5046 4979//4979
f 5046//5046 2373//2373 5193//5193
f 4979//4979 5193//5193 6323//6323
f 2724//2724 5821//5821 2691//2691
f 5235//5235 5067//5067 2626//2626
f 2569//2569 5234//5234 5236//5236
f 5234//5234 6086//6086 5236//5236
f 5124//5124 2358//2358 5135//5135
f 2358//2358 5124//5124 2524//2524
f 5237//5237 5794//5794 4993//4993
f 5237//5237 4993//4993 2652//2652
f 2793//2793 5045//5045 2448//2448
f 2640//2640 2690//2690 2576//2576
f 2693//2693 2771//2771 2577//2577
f 2735//2735 5239//5239 5204//5204
f 5239//5239 2383//2383 5805//5805
f 5204//5204 5805//5805 2734//2734
f 5180//5180 6349//6349 6493//6493
f 6349//6349 2382//2382 5215//5215
f 5154//5154 2404//2404 5168//5168
f 2404//2404 5154//5154 5091//5091
f 2383//2383 5239//5239 5240//5240
f 5239//5239 2735//2735 5240//5240
f 5230//5230 5240//5240 5022//5022
f 5231//5231 2484//2484 5948//5948
f 5942//5942 5231//5231 5948//5948
f 5241//5241 2397//2397 6543//6543
f 5126//5126 5242//5242 5134//5134
f 5134//5134 5242//5242 2508//2508
f 2747//2747 5210//5210 2432//2432
f 5148//5148 6184//6184 4989//4989
f 5142//5142 4989//4989 3917//3917
f 5187//5187 5218//5218 4980//4980
f 2487//2487 2632//2632 4980//4980
f 5187//5187 4980//4980 2632//2632
f 2584//2584 6072//6072 2648//2648
f 2792//2792 5223//5223 2644//2644
f 2672//2672 6609//6609 2429//2429
f 2758//2758 5242//5242 2541//2541
f 5057//5057 5056//5056 5171//5171
f 5060//5060 2387//2387 5172//5172
f 2493//2493 2745//2745 2413//2413
f 4984//4984 682//682 2433//2433
f 2484//2484 5243//5243 2483//2483
f 5244//5244 2483//2483 5243//5243
f 5188//5188 5812//5812 5933//5933
f 4957//4957 5933//5933 5245//5245
f 4982//4982 4994//4994 2494//2494
f 5190//5190 2560//2560 5109//5109
f 5801//5801 6496//6496 5033//5033
f 2806//2806 4986//4986 2521//2521
f 5265//5265 2726//2726 5078//5078
f 2527//2527 5078//5078 2726//2726
f 5079//5079 2485//2485 2531//2531
f 5205//5205 2650//2650 6176//6176
f 2650//2650 2730//2730 6176//6176
f 5054//5054 5225//5225 5055//5055
f 5940//5940 5055//5055 5225//5225
f 2410//2410 2598//2598 6557//6557
f 5023//5023 2378//2378 5024//5024
f 5192//5192 2378//2378 2377//2377
f 2537//2537 5078//5078 5080//5080
f 5078//5078 2527//2527 5080//5080
f 5246//5246 6266//6266 5268//5268
f 5813//5813 5273//5273 2600//2600
f 2403//2403 5173//5173 5246//5246
f 5173//5173 5232//5232 5797//5797
f 5041//5041 2673//2673 2411//2411
f 4994//4994 5091//5091 2494//2494
f 5802//5802 5093//5093 2497//2497
f 2409//2409 5010//5010 4832//4832
f 4832//4832 5010//5010 1883//1883
f 5247//5247 2471//2471 2517//2517
f 2521//2521 5179//5179 2518//2518
f 5179//5179 5799//5799 2464//2464
f 5248//5248 6229//6229 5184//5184
f 2590//2590 5249//5249 5250//5250
f 5250//5250 5150//5150 5149//5149
f 2592//2592 5004//5004 2648//2648
f 5812//5812 5104//5104 5072//5072
f 5104//5104 2649//2649 5163//5163
f 5072//5072 5163//5163 2729//2729
f 2646//2646 2548//2548 5197//5197
f 2593//2593 2600//2600 2701//2701
f 5029//5029 5251//5251 5223//5223
f 5013//5013 6081//6081 5238//5238
f 5185//5185 5053//5053 2667//2667
f 2673//2673 5221//5221 2710//2710
f 5221//5221 2657//2657 5201//5201
f 2673//2673 2710//2710 5191//5191
f 2782//2782 2480//2480 5216//5216
f 5252//5252 5216//5216 2480//2480
f 5183//5183 2582//2582 2583//2583
f 5253//5253 2813//2813 2645//2645
f 4988//4988 5254//5254 5256//5256
f 5256//5256 5255//5255 2482//2482
f 2718//2718 5273//5273 5813//5813
f 2775//2775 2426//2426 5114//5114
f 4966//4966 5114//5114 2426//2426
f 2496//2496 2794//2794 5257//5257
f 2706//2706 5257//5257 2794//2794
f 2727//2727 2399//2399 5258//5258
f 5046//5046 6175//6175 6182//6182
f 2634//2634 6228//6228 2756//2756
f 2571//2571 5194//5194 5158//5158
f 5165//5165 2736//2736 2641//2641
f 4962//4962 5946//5946 5816//5816
f 4963//4963 2417//2417 6227//6227
f 5262//5262 2684//2684 2427//2427
f 2476//2476 5211//5211 2523//2523
f 4960//4960 2396//2396 4981//4981
f 6542//6542 4981//4981 2396//2396
f 2398//2398 5241//5241 6543//6543
f 2398//2398 6543//6543 5159//5159
f 5010//5010 5214//5214 2412//2412
f 5282//5282 2430//2430 2622//2622
f 2366//2366 2805//2805 2367//2367
f 1846//1846 4961//4961 4694//4694
f 2607//2607 5169//5169 2407//2407
f 2549//2549 5144//5144 5168//5168
f 5132//5132 5168//5168 5144//5144
f 2634//2634 5098//5098 2635//2635
f 2480//2480 5207//5207 5079//5079
f 5207//5207 2480//2480 2782//2782
f 5207//5207 5085//5085 5087//5087
f 5085//5085 6183//6183 5227//5227
f 5087//5087 5227//5227 2391//2391
f 2632//2632 5088//5088 2592//2592
f 2588//2588 2460//2460 5261//5261
f 5081//5081 2785//2785 5134//5134
f 2669//2669 2665//2665 5809//5809
f 2625//2625 5014//5014 2685//2685
f 2625//2625 5262//5262 5074//5074
f 2417//2417 5195//5195 5045//5045
f 5222//5222 5065//5065 2714//2714
f 6420//6420 5236//5236 5016//5016
f 5015//5015 2452//2452 5016//5016
f 2638//2638 2689//2689 5098//5098
f 2474//2474 5247//5247 2637//2637
f 5251//5251 5029//5029 2656//2656
f 5110//5110 5190//5190 5109//5109
f 5113//5113 5222//5222 5199//5199
f 2482//2482 5048//5048 5244//5244
f 5048//5048 2483//2483 5244//5244
f 5934//5934 5244//5244 2519//2519
f 2713//2713 6520//6520 4965//4965
f 5144//5144 4992//4992 5259//5259
f 5121//5121 2741//2741 2664//2664
f 2552//2552 5145//5145 5146//5146
f 5146//5146 2618//2618 2750//2750
f 5145//5145 2557//2557 2674//2674
f 6176//6176 5206//5206 5205//5205
f 2577//2577 2576//2576 5186//5186
f 5027//5027 5810//5810 6494//6494
f 5181//5181 5120//5120 5264//5264
f 2564//2564 5181//5181 5131//5131
f 6075//6075 2397//2397 5138//5138
f 5164//5164 5118//5118 6494//6494
f 5229//5229 5793//5793 2584//2584
f 5007//5007 5261//5261 2461//2461
f 5088//5088 2487//2487 5003//5003
f 5265//5265 5180//5180 6493//6493
f 5265//5265 5143//5143 2726//2726
f 4992//4992 6506//6506 5259//5259
f 6479//6479 5259//5259 2401//2401
f 2609//2609 2504//2504 5147//5147
f 2762//2762 5147//5147 2504//2504
f 2599//2599 5266//5266 6423//6423
f 2577//2577 5186//5186 2694//2694
f 5125//5125 2694//2694 5186//5186
f 5258//5258 2399//2399 5061//5061
f 5803//5803 5257//5257 5806//5806
f 2721//2721 2629//2629 5133//5133
f 2629//2629 2721//2721 2809//2809
f 2645//2645 5197//5197 5796//5796
f 6655//6655 2757//2757 6178//6178
f 2800//2800 5123//5123 5140//5140
f 5228//5228 2765//2765 5123//5123
f 5140//5140 5123//5123 2765//2765
f 2540//2540 2531//2531 5036//5036
f 4951//4951 5192//5192 2377//2377
f 2692//2692 6085//6085 5267//5267
f 4961//4961 5198//5198 5196//5196
f 5198//5198 2549//2549 5063//5063
f 5196//5196 5063//5063 5092//5092
f 2767//2767 2639//2639 2781//2781
f 2396//2396 5089//5089 6542//6542
f 5073//5073 6542//6542 5089//5089
f 5177//5177 2447//2447 2764//2764
f 2432//2432 2434//2434 4966//4966
f 5213//5213 5189//5189 6539//6539
f 5110//5110 2670//2670 2669//2669
f 5033//5033 2669//2669 2670//2670
f 5118//5118 5942//5942 5948//5948
f 2540//2540 5119//5119 2531//2531
f 5119//5119 2540//2540 6422//6422
f 2508//2508 5003//5003 6181//6181
f 5124//5124 2513//2513 2633//2633
f 2355//2355 2356//2356 4949//4949
f 2355//2355 4949//4949 1075//1075
f 691//691 4952//4952 4954//4954
f 4952//4952 2376//2376 5211//5211
f 4954//4954 5211//5211 2379//2379
f 2382//2382 1188//1188 1184//1184
f 2411//2411 5127//5127 2739//2739
f 5127//5127 2411//2411 2673//2673
f 2419//2419 2620//2620 671//671
f 671//671 5175//5175 669//669
f 5141//5141 5140//5140 2765//2765
f 2445//2445 4728//4728 5784//5784
f 6073//6073 2443//2443 2440//2440
f 5269//5269 2506//2506 6495//6495
f 2454//2454 5137//5137 1904//1904
f 1974//1974 4976//4976 1909//1909
f 2757//2757 5083//5083 6178//6178
f 2519//2519 5243//5243 5022//5022
f 5815//5815 5022//5022 5243//5243
f 5255//5255 6184//6184 5935//5935
f 2544//2544 2548//2548 2458//2458
f 6180//6180 5190//5190 5264//5264
f 5129//5129 5147//5147 2752//2752
f 2394//2394 2572//2572 5097//5097
f 5270//5270 5149//5149 5271//5271
f 5245//5245 5271//5271 2388//2388
f 5149//5149 2539//2539 5271//5271
f 5058//5058 5271//5271 2539//2539
f 2411//2411 6269//6269 5030//5030
f 5802//5802 5108//5108 6324//6324
f 5096//5096 5235//5235 2626//2626
f 6174//6174 6078//6078 2487//2487
f 5003//5003 2487//2487 6078//6078
f 2639//2639 6179//6179 2522//2522
f 5225//5225 5117//5117 2488//2488
f 5117//5117 5225//5225 2727//2727
f 2813//2813 5200//5200 2647//2647
f 5268//5268 5189//5189 2403//2403
f 5273//5273 2718//2718 5050//5050
f 4982//4982 2661//2661 5108//5108
f 2788//2788 6081//6081 5013//5013
f 2683//2683 5074//5074 2427//2427
f 2392//2392 2394//2394 6085//6085
f 5151//5151 6085//6085 2692//2692
f 2581//2581 5115//5115 5036//5036
f 5036//5036 5233//5233 2540//2540
f 2590//2590 5250//5250 5039//5039
f 5250//5250 5149//5149 5270//5270
f 5039//5039 5270//5270 5933//5933
f 5273//5273 2654//2654 2701//2701
f 2600//2600 5273//5273 2701//2701
f 2706//2706 5131//5131 5257//5257
f 5131//5131 2706//2706 2564//2564
f 2705//2705 5185//5185 2608//2608
f 5014//5014 2686//2686 2723//2723
f 2527//2527 2726//2726 5162//5162
f 5949//5949 5267//5267 2687//2687
f 5217//5217 2687//2687 5267//5267
f 2774//2774 6079//6079 5275//5275
f 6079//6079 2562//2562 5275//5275
f 5074//5074 5262//5262 2427//2427
f 2445//2445 5784//5784 5276//5276
f 4970//4970 5276//5276 5784//5784
f 2445//2445 5276//5276 2446//2446
f 2447//2447 4971//4971 2743//2743
f 2717//2717 2441//2441 2440//2440
f 2508//2508 5242//5242 2758//2758
f 2439//2439 2446//2446 5276//5276
f 4971//4971 2439//2439 4997//4997
f 5197//5197 2813//2813 2646//2646
f 5802//5802 2604//2604 5093//5093
f 2664//2664 5093//5093 2604//2604
f 2435//2435 2501//2501 6622//6622
f 5278//5278 5049//5049 2770//2770
f 2644//2644 5251//5251 5102//5102
f 5821//5821 2591//2591 5947//5947
f 2540//2540 2538//2538 6422//6422
f 5101//5101 5027//5027 6422//6422
f 5249//5249 5248//5248 2390//2390
f 5279//5279 2695//2695 2783//2783
f 5201//5201 2657//2657 5946//5946
f 5264//5264 5814//5814 5181//5181
f 2547//2547 5249//5249 5112//5112
f 5112//5112 5249//5249 2590//2590
f 2369//2369 5020//5020 5208//5208
f 5020//5020 4987//4987 5280//5280
f 5208//5208 5280//5280 5819//5819
f 4987//4987 2530//2530 5280//5280
f 5819//5819 5280//5280 2530//2530
f 5240//5240 2791//2791 5022//5022
f 2791//2791 5240//5240 2735//2735
f 5080//5080 6178//6178 5083//5083
f 5080//5080 5083//5083 2537//2537
f 5172//5172 2757//2757 5060//5060
f 2386//2386 5060//5060 2757//2757
f 2382//2382 2368//2368 5226//5226
f 5081//5081 2691//2691 5821//5821
f 5191//5191 6180//6180 5120//5120
f 4728//4728 2445//2445 5141//5141
f 5207//5207 5086//5086 2485//2485
f 5037//5037 2485//2485 5086//5086
f 2587//2587 6350//6350 5073//5073
f 2433//2433 2748//2748 5136//5136
f 2565//2565 5136//5136 2748//2748
f 2565//2565 2778//2778 5136//5136
f 4998//4998 5966//5966 5157//5157
f 5254//5254 4988//4988 2479//2479
f 5281//5281 4988//4988 5256//5256
f 5084//5084 5256//5256 2482//2482
f 5106//5106 2494//2494 5154//5154
f 2494//2494 5106//5106 2556//2556
f 5802//5802 2497//2497 5277//5277
f 2538//2538 5224//5224 5101//5101
f 5224//5224 2392//2392 5151//5151
f 5101//5101 5151//5151 2536//2536
f 2536//2536 5002//5002 5101//5101
f 2798//2798 2633//2633 2790//2790
f 2433//2433 5136//5136 2430//2430
f 2753//2753 5111//5111 5234//5234
f 5111//5111 2753//2753 2762//2762
f 5096//5096 2627//2627 6086//6086
f 2483//2483 5252//5252 2484//2484
f 2387//2387 5060//5060 6675//6675
f 5196//5196 5092//5092 2405//2405
f 2414//2414 2670//2670 5174//5174
f 5109//5109 5174//5174 2670//2670
f 5811//5811 2458//2458 5219//5219
f 4693//4693 5178//5178 2409//2409
f 2564//2564 2712//2712 5181//5181
f 5202//5202 5181//5181 2712//2712
f 5074//5074 2682//2682 2787//2787
f 5227//5227 2525//2525 2391//2391
f 2641//2641 2391//2391 2525//2525
f 2814//2814 5807//5807 6074//6074
f 5197//5197 2548//2548 2585//2585
f 2730//2730 5203//5203 2731//2731
f 5203//5203 2730//2730 5105//5105
f 2631//2631 5222//5222 2714//2714
f 5034//5034 2631//2631 5274//5274
f 5222//5222 2715//2715 5199//5199
f 2422//2422 5282//5282 6665//6665
f 5225//5225 2488//2488 5940//5940
f 4975//4975 2449//2449 5070//5070
f 2449//2449 4975//4975 1897//1897
f 2765//2765 5228//5228 2449//2449
f 2449//2449 5228//5228 5070//5070
f 2532//2532 5278//5278 4990//4990
f 4990//4990 5278//5278 2533//2533
f 2687//2687 5218//5218 5194//5194
f 5075//5075 2764//2764 2801//2801
f 2431//2431 2621//2621 2778//2778
f 2431//2431 2778//2778 5082//5082
f 2532//2532 5116//5116 5278//5278
f 5116//5116 2529//2529 5049//5049
f 2772//2772 5126//5126 5206//5206
f 5126//5126 2785//2785 5206//5206
f 2391//2391 2641//2641 5283//5283
f 2539//2539 5283//5283 2641//2641
f 5150//5150 2390//2390 5283//5283
f 2390//2390 5150//5150 5249//5249
f 4085//4085 2816//2816 5959//5959
f 602//602 5959//5959 6087//6087
f 3849//3849 5284//5284 716//716
f 584//584 2817//2817 3849//3849
f 5284//5284 3849//3849 2817//2817
f 6094//6094 2822//2822 5453//5453
f 3312//3312 5453//5453 2822//2822
f 5625//5625 6551//6551 3847//3847
f 6551//6551 5625//5625 2821//2821
f 2830//2830 5286//5286 705//705
f 5286//5286 2830//2830 2829//2829
f 2846//2846 2836//2836 3613//3613
f 12//12 3613//3613 2835//2835
f 2837//2837 5840//5840 5309//5309
f 2845//2845 3693//3693 5287//5287
f 3693//3693 2845//2845 3566//3566
f 5502//5502 5287//5287 5501//5501
f 2859//2859 2862//2862 5291//5291
f 128//128 2860//2860 5292//5292
f 2860//2860 128//128 2861//2861
f 5389//5389 2871//2871 6277//6277
f 5296//5296 2876//2876 2877//2877
f 5297//5297 2889//2889 2890//2890
f 2896//2896 5298//5298 3430//3430
f 3430//3430 5298//5298 2894//2894
f 3518//3518 2898//2898 5430//5430
f 5299//5299 2895//2895 6270//6270
f 2895//2895 5299//5299 2897//2897
f 2905//2905 5300//5300 2906//2906
f 5530//5530 2912//2912 5301//5301
f 2934//2934 2935//2935 5303//5303
f 2936//2936 2935//2935 2934//2934
f 2942//2942 2944//2944 2943//2943
f 5607//5607 2960//2960 2940//2940
f 2833//2833 3744//3744 2961//2961
f 5306//5306 5713//5713 2821//2821
f 2827//2827 5307//5307 2829//2829
f 3863//3863 5634//5634 5874//5874
f 698//698 6236//6236 5826//5826
f 2845//2845 2847//2847 3614//3614
f 2965//2965 3614//3614 2847//2847
f 5462//5462 2838//2838 6628//6628
f 2837//2837 6628//6628 5840//5840
f 2967//2967 5462//5462 5330//5330
f 6635//6635 5308//5308 6628//6628
f 547//547 2964//2964 3612//3612
f 2834//2834 3612//3612 2964//2964
f 5309//5309 2849//2849 2831//2831
f 2815//2815 5310//5310 602//602
f 2891//2891 2892//2892 2985//2985
f 2888//2888 2883//2883 5311//5311
f 2992//2992 5312//5312 2991//2991
f 5313//5313 6384//6384 2993//2993
f 5315//5315 3003//3003 3004//3004
f 2997//2997 3010//3010 3011//3011
f 2952//2952 5470//5470 5301//5301
f 5318//5318 3020//3020 3021//3021
f 3027//3027 5319//5319 3102//3102
f 3029//3029 5320//5320 3106//3106
f 5644//5644 3028//3028 5322//5322
f 2853//2853 2852//2852 5644//5644
f 2815//2815 2862//2862 3038//3038
f 2865//2865 5388//5388 3048//3048
f 2897//2897 5412//5412 2895//2895
f 5612//5612 5324//5324 3063//3063
f 3335//3335 3077//3077 5582//5582
f 5435//5435 5325//5325 3091//3091
f 5326//5326 2842//2842 6271//6271
f 3027//3027 5572//5572 3098//3098
f 6089//6089 5848//5848 3046//3046
f 3845//3845 2832//2832 3953//3953
f 698//698 3953//3953 2832//2832
f 5551//5551 5328//5328 2833//2833
f 3101//3101 6276//6276 5573//5573
f 5642//5642 2873//2873 3110//3110
f 3113//3113 3108//3108 5408//5408
f 5342//5342 3100//3100 6272//6272
f 5331//5331 6273//6273 3121//3121
f 3123//3123 5332//5332 2983//2983
f 5334//5334 5417//5417 3001//3001
f 5314//5314 3063//3063 3143//3143
f 5324//5324 3143//3143 3063//3063
f 3069//3069 3013//3013 3070//3070
f 3137//3137 5368//5368 2999//2999
f 3146//3146 6234//6234 5575//5575
f 2959//2959 5336//5336 3150//3150
f 6544//6544 2827//2827 3153//3153
f 3157//3157 5338//5338 3423//3423
f 5341//5341 3158//3158 5340//5340
f 3224//3224 3102//3102 3159//3159
f 5342//5342 6099//6099 3100//3100
f 3168//3168 3169//3169 5343//5343
f 5329//5329 6669//6669 6110//6110
f 3176//3176 5606//5606 5827//5827
f 5345//5345 5827//5827 5606//5606
f 3176//3176 5346//5346 3186//3186
f 3045//3045 2876//2876 5296//5296
f 3048//3048 5347//5347 2865//2865
f 5404//5404 5348//5348 3189//3189
f 5348//5348 5404//5404 3238//3238
f 5349//5349 3190//3190 3191//3191
f 5311//5311 2894//2894 5298//5298
f 2894//2894 5311//5311 2878//2878
f 3195//3195 5350//5350 5312//5312
f 3202//3202 3191//3191 3190//3190
f 3413//3413 3196//3196 6239//6239
f 5350//5350 3195//3195 3207//3207
f 3135//3135 3196//3196 5353//5353
f 3413//3413 5353//5353 3196//3196
f 5419//5419 3193//3193 3216//3216
f 3227//3227 3161//3161 3166//3166
f 3184//3184 3166//3166 3161//3161
f 3176//3176 5358//5358 5346//5346
f 5358//5358 3176//3176 5827//5827
f 3123//3123 2983//2983 5357//5357
f 3119//3119 6327//6327 5358//5358
f 6327//6327 5346//5346 5358//5358
f 5360//5360 3139//3139 5561//5561
f 3247//3247 5361//5361 3246//3246
f 5362//5362 3248//3248 3200//3200
f 3205//3205 5365//5365 5366//5366
f 5365//5365 3205//3205 5379//5379
f 5367//5367 3004//3004 3072//3072
f 5369//5369 2877//2877 2876//2876
f 5370//5370 3239//3239 3264//3264
f 5371//5371 5603//5603 3132//3132
f 3268//3268 3025//3025 5372//5372
f 5373//5373 3226//3226 5374//5374
f 5535//5535 5374//5374 3226//3226
f 5375//5375 3272//3272 3118//3118
f 5467//5467 2968//2968 3273//3273
f 6242//6242 5376//5376 3080//3080
f 5378//5378 3192//3192 5649//5649
f 5539//5539 3248//3248 5371//5371
f 5580//5580 2877//2877 3292//3292
f 5519//5519 5472//5472 5380//5380
f 3232//3232 5381//5381 3404//3404
f 5382//5382 3272//3272 3271//3271
f 6499//6499 6242//6242 3215//3215
f 5383//5383 3130//3130 3297//3297
f 3304//3304 3303//3303 5384//5384
f 3303//3303 3304//3304 3297//3297
f 2816//2816 4085//4085 716//716
f 2823//2823 2820//2820 3358//3358
f 6282//6282 5386//5386 5428//5428
f 5387//5387 5289//5289 2824//2824
f 2839//2839 2867//2867 5389//5389
f 3182//3182 5390//5390 2869//2869
f 5392//5392 5516//5516 3056//3056
f 5365//5365 5508//5508 5366//5366
f 2924//2924 2996//2996 3458//3458
f 2920//2920 2928//2928 3512//3512
f 3075//3075 5316//5316 3008//3008
f 2957//2957 5394//5394 3014//3014
f 2821//2821 5713//5713 5871//5871
f 5989//5989 2830//2830 705//705
f 3343//3343 5395//5395 3344//3344
f 5293//5293 5396//5396 2866//2866
f 5397//5397 2866//2866 5396//5396
f 3022//3022 5398//5398 2971//2971
f 5398//5398 3022//3022 5636//5636
f 3518//3518 6497//6497 2900//2900
f 6497//6497 3518//3518 5430//5430
f 3355//3355 5400//5400 5417//5417
f 5400//5400 3354//3354 3356//3356
f 5402//5402 3143//3143 3073//3073
f 5825//5825 5547//5547 2899//2899
f 2910//2910 2899//2899 5547//5547
f 3102//3102 3224//3224 5318//5318
f 5328//5328 5499//5499 2833//2833
f 5398//5398 3028//3028 2971//2971
f 5571//5571 2969//2969 3096//3096
f 5611//5611 3104//3104 3362//3362
f 3107//3107 3103//3103 5341//5341
f 5833//5833 5295//5295 6436//6436
f 3370//3370 5403//5403 3371//3371
f 5403//5403 3370//3370 3445//3445
f 3351//3351 5314//5314 2994//2994
f 5348//5348 3274//3274 3189//3189
f 5318//5318 3021//3021 5321//5321
f 5320//5320 2853//2853 3106//3106
f 5341//5341 3030//3030 6113//6113
f 3099//3099 5407//5407 5408//5408
f 5407//5407 2970//2970 5408//5408
f 6108//6108 5409//5409 3314//3314
f 5331//5331 3234//3234 5411//5411
f 3193//3193 5413//5413 3293//3293
f 5465//5465 5554//5554 3194//3194
f 5414//5414 5532//5532 3390//3390
f 3274//3274 2988//2988 3189//3189
f 3066//3066 5468//5468 5415//5415
f 5416//5416 3135//3135 3243//3243
f 5417//5417 3393//3393 3394//3394
f 3300//3300 5418//5418 3469//3469
f 5583//5583 5366//5366 2908//2908
f 5419//5419 3146//3146 5575//5575
f 3149//3149 5420//5420 3388//3388
f 5445//5445 3389//3389 3342//3342
f 2925//2925 5470//5470 2954//2954
f 5470//5470 2925//2925 5301//5301
f 5424//5424 3160//3160 3294//3294
f 3162//3162 5425//5425 3163//3163
f 5423//5423 5426//5426 3026//3026
f 5642//5642 5427//5427 3269//3269
f 5428//5428 3403//3403 6282//6282
f 2967//2967 5429//5429 3385//3385
f 3374//3374 5430//5430 5952//5952
f 3374//3374 6270//6270 2895//2895
f 5834//5834 5431//5431 5538//5538
f 3280//3280 5432//5432 3196//3196
f 3220//3220 3070//3070 3062//3062
f 5597//5597 3209//3209 3012//3012
f 5434//5434 3416//3416 3255//3255
f 5435//5435 3418//3418 3094//3094
f 5436//5436 5640//5640 3419//3419
f 6101//6101 2825//2825 6604//6604
f 3164//3164 5592//5592 3268//3268
f 5608//5608 5437//5437 3484//3484
f 5608//5608 5438//5438 3428//3428
f 5440//5440 3237//3237 3410//3410
f 3431//3431 5441//5441 2892//2892
f 3241//3241 5443//5443 3263//3263
f 5444//5444 3240//3240 5518//5518
f 3286//3286 5445//5445 2941//2941
f 3437//3437 3067//3067 6230//6230
f 3067//3067 3437//3437 3124//3124
f 5530//5530 5367//5367 3072//3072
f 3170//3170 6381//6381 2972//2972
f 5359//5359 6186//6186 3081//3081
f 3282//3282 3242//3242 3278//3278
f 3397//3397 2941//2941 5445//5445
f 3301//3301 5448//5448 5418//5418
f 5448//5448 3301//3301 5447//5447
f 3429//3429 3147//3147 5843//5843
f 3237//3237 3130//3130 5451//5451
f 3130//3130 3237//3237 3277//3277
f 3337//3337 5452//5452 3261//3261
f 3421//3421 3422//3422 3399//3399
f 5454//5454 5595//5595 2863//2863
f 5521//5521 3348//3348 5831//5831
f 6591//6591 5457//5457 6677//6677
f 3000//3000 6508//6508 2921//2921
f 2956//2956 2931//2931 2926//2926
f 3459//3459 5461//5461 5388//5388
f 5442//5442 3240//3240 3433//3433
f 5287//5287 6656//6656 2850//2850
f 2845//2845 5339//5339 2847//2847
f 6106//6106 6635//6635 3359//3359
f 3115//3115 5506//5506 3116//3116
f 2982//2982 2880//2880 2872//2872
f 3373//3373 5516//5516 3124//3124
f 6274//6274 3124//3124 5516//5516
f 5463//5463 3473//3473 3488//3488
f 2842//2842 5464//5464 3157//3157
f 3129//3129 3327//3327 5391//5391
f 3194//3194 3383//3383 5465//5465
f 3475//3475 5466//5466 5849//5849
f 3477//3477 5467//5467 3273//3273
f 3058//3058 5468//5468 3375//3375
f 3479//3479 5469//5469 3433//3433
f 2952//2952 2950//2950 5470//5470
f 3165//3165 5427//5427 3110//3110
f 5642//5642 3110//3110 5427//5427
f 3482//3482 5471//5471 3419//3419
f 3269//3269 3270//3270 5642//5642
f 3483//3483 3226//3226 5373//5373
f 5473//5473 3262//3262 3485//3485
f 3049//3049 5474//5474 3486//3486
f 5507//5507 3486//3486 5474//5474
f 3289//3289 5475//5475 5559//5559
f 5473//5473 3436//3436 3262//3262
f 5465//5465 5838//5838 3267//3267
f 3300//3300 3301//3301 5418//5418
f 5344//5344 5476//5476 3403//3403
f 5477//5477 3403//3403 2848//2848
f 5478//5478 5422//5422 3492//3492
f 3492//3492 3460//3460 3493//3493
f 3456//3456 3493//3493 3460//3460
f 5631//5631 6102//6102 5488//5488
f 5496//5496 3456//3456 3460//3460
f 5525//5525 5480//5480 3367//3367
f 6238//6238 5481//5481 3496//3496
f 3466//3466 5525//5525 5482//5482
f 6115//6115 5485//5485 3504//3504
f 5486//5486 3497//3497 3465//3465
f 3495//3495 5403//5403 3473//3473
f 3122//3122 5487//5487 6405//6405
f 3522//3522 6610//6610 5523//5523
f 3194//3194 5554//5554 5517//5517
f 2954//2954 2950//2950 3506//3506
f 3317//3317 5489//5489 3155//3155
f 3474//3474 3401//3401 5422//5422
f 5967//5967 5491//5491 3474//3474
f 5510//5510 5630//5630 5478//5478
f 3230//3230 5493//5493 3499//3499
f 5495//5495 5846//5846 3129//3129
f 5496//5496 3401//3401 3508//3508
f 5480//5480 3505//3505 3367//3367
f 3437//3437 3368//3368 6103//6103
f 2820//2820 2823//2823 5289//5289
f 5289//5289 2823//2823 2824//2824
f 2831//2831 2828//2828 5317//5317
f 6605//6605 5498//5498 5499//5499
f 5498//5498 2832//2832 5499//5499
f 5355//5355 5500//5500 3048//3048
f 5388//5388 5461//5461 3462//3462
f 3420//3420 5557//5557 5581//5581
f 132//132 5501//5501 24//24
f 5501//5501 5287//5287 3693//3693
f 5288//5288 5502//5502 5501//5501
f 3314//3314 5339//5339 6108//6108
f 2818//2818 2820//2820 2854//2854
f 3450//3450 5396//5396 2843//2843
f 3500//3500 2984//2984 3514//3514
f 3239//3239 5370//5370 3215//3215
f 5840//5840 5504//5504 3379//3379
f 5485//5485 3384//3384 3504//3504
f 3504//3504 5505//5505 5467//5467
f 5536//5536 6275//6275 6273//6273
f 3352//3352 3245//3245 3001//3001
f 2977//2977 5549//5549 5553//5553
f 5497//5497 3049//3049 3486//3486
f 3093//3093 3113//3113 3517//3517
f 3268//3268 5372//5372 3115//3115
f 5409//5409 3362//3362 6110//6110
f 3362//3362 5409//5409 5611//5611
f 3129//3129 5391//5391 5630//5630
f 3283//3283 3443//3443 3198//3198
f 3150//3150 5336//5336 3516//3516
f 2901//2901 5632//5632 6096//6096
f 3223//3223 3463//3463 3315//3315
f 3463//3463 3223//3223 5326//5326
f 5508//5508 5526//5526 3253//3253
f 5375//5375 5411//5411 3234//3234
f 3202//3202 5509//5509 3288//3288
f 5361//5361 5383//5383 3246//3246
f 2992//2992 5447//5447 3447//3447
f 3492//3492 5510//5510 5478//5478
f 2909//2909 5621//5621 5512//5512
f 3177//3177 6188//6188 3382//3382
f 6188//6188 3177//3177 3018//3018
f 3025//3025 6381//6381 3507//3507
f 6381//6381 3025//3025 6466//6466
f 3050//3050 5513//5513 2886//2886
f 3124//3124 2885//2885 3373//3373
f 5587//5587 3376//3376 3011//3011
f 3128//3128 5514//5514 3293//3293
f 3055//3055 6186//6186 5359//5359
f 6186//6186 3055//3055 3082//3082
f 3426//3426 6100//6100 2875//2875
f 3194//3194 5517//5517 5618//5618
f 3412//3412 5626//5626 5420//5420
f 5519//5519 3434//3434 5518//5518
f 6094//6094 3451//3451 2822//2822
f 3025//3025 3507//3507 6438//6438
f 3348//3348 5521//5521 6237//6237
f 3229//3229 6352//6352 6115//6115
f 5522//5522 3333//3333 3332//3332
f 5524//5524 3487//3487 3500//3500
f 5525//5525 5589//5589 5482//5482
f 5463//5463 3495//3495 3473//3473
f 3253//3253 5526//5526 5832//5832
f 2885//2885 6103//6103 2886//2886
f 6103//6103 2885//2885 3437//3437
f 716//716 5284//5284 2816//2816
f 2849//2849 5309//5309 2966//2966
f 2861//2861 5310//5310 2860//2860
f 5310//5310 2861//2861 129//129
f 2815//2815 3038//3038 5310//5310
f 2860//2860 5310//5310 3038//3038
f 2868//2868 5330//5330 5462//5462
f 3060//3060 5528//5528 5529//5529
f 5528//5528 3060//3060 5313//5313
f 5430//5430 2898//2898 5556//5556
f 5430//5430 5556//5556 5952//5952
f 2910//2910 5304//5304 2942//2942
f 6509//6509 6105//6105 5550//5550
f 3511//3511 5531//5531 3478//3478
f 5531//5531 3511//3511 5524//5524
f 3191//3191 3409//3409 5349//5349
f 2987//2987 5532//5532 3334//3334
f 5412//5412 2903//2903 2986//2986
f 5572//5572 3102//3102 5321//5321
f 3163//3163 5426//5426 6466//6466
f 5330//5330 5570//5570 2967//2967
f 5390//5390 2864//2864 2869//2869
f 3335//3335 2920//2920 3077//3077
f 5533//5533 3117//3117 3018//3018
f 5327//5327 5534//5534 3099//3099
f 3296//3296 5374//5374 5535//5535
f 5358//5358 5827//5827 3119//3119
f 3044//3044 5646//5646 5537//5537
f 5537//5537 3524//3524 3044//3044
f 5834//5834 5538//5538 3138//3138
f 5539//5539 3257//3257 6385//6385
f 5319//5319 3165//3165 3159//3159
f 3404//3404 3167//3167 3184//3184
f 2979//2979 5425//5425 2980//2980
f 3164//3164 3114//3114 3100//3100
f 5841//5841 3182//3182 3323//3323
f 5472//5472 3241//3241 5380//5380
f 3293//3293 5380//5380 3241//3241
f 3391//3391 5541//5541 3207//3207
f 3065//3065 3068//3068 5542//5542
f 5316//5316 5543//5543 5315//5315
f 5495//5495 3219//3219 5846//5846
f 5615//5615 3269//3269 5544//5544
f 5345//5345 3042//3042 5827//5827
f 5638//5638 2884//2884 2881//2881
f 2925//2925 2927//2927 6112//6112
f 5603//5603 3071//3071 3132//3132
f 5312//5312 3281//3281 2991//2991
f 3281//3281 5312//5312 5829//5829
f 3024//3024 5605//5605 6240//6240
f 5615//5615 3404//3404 5381//5381
f 5385//5385 6386//6386 3526//3526
f 5546//5546 3288//3288 5509//5509
f 5379//5379 3261//3261 3291//3291
f 5387//5387 3347//3347 5643//5643
f 5357//5357 2983//2983 5951//5951
f 5297//5297 3239//3239 2889//2889
f 5547//5547 2904//2904 2987//2987
f 5545//5545 5546//5546 3201//3201
f 5546//5546 5545//5545 6386//6386
f 2955//2955 5548//5548 3389//3389
f 3013//3013 3351//3351 6509//6509
f 3387//3387 3330//3330 3524//3524
f 5410//5410 2870//2870 6380//6380
f 2989//2989 5414//5414 2988//2988
f 2907//2907 5555//5555 3136//3136
f 3144//3144 5431//5431 2898//2898
f 3506//3506 2950//2950 2949//2949
f 5421//5421 3094//3094 5354//5354
f 5596//5596 5429//5429 5390//5390
f 3221//3221 5557//5557 3222//3222
f 5558//5558 6383//6383 6098//6098
f 6274//6274 3127//3127 3067//3067
f 5560//5560 3442//3442 3296//3296
f 3129//3129 5479//5479 5562//5562
f 5479//5479 3129//3129 5630//5630
f 5495//5495 5562//5562 3386//3386
f 3490//3490 5563//5563 3125//3125
f 5488//5488 5562//5562 5479//5479
f 5372//5372 3521//3521 5506//5506
f 6591//6591 5500//5500 3464//3464
f 5566//5566 3510//3510 5463//5463
f 3058//3058 3375//3375 3127//3127
f 2867//2867 3322//3322 2871//2871
f 3307//3307 5591//5591 5418//5418
f 3497//3497 5567//5567 3465//3465
f 5568//5568 5492//5492 3052//3052
f 5466//5466 3474//3474 5491//5491
f 3306//3306 3197//3197 3198//3198
f 6187//6187 5494//5494 6427//6427
f 3230//3230 6427//6427 5493//5493
f 3146//3146 2890//2890 3411//3411
f 2818//2818 5285//5285 2820//2820
f 2825//2825 3156//3156 2826//2826
f 704//704 5499//5499 3845//3845
f 2832//2832 5498//5498 3172//3172
f 5308//5308 3450//3450 2843//2843
f 5570//5570 2839//2839 2864//2864
f 2870//2870 5410//5410 5833//5833
f 2979//2979 5571//5571 3026//3026
f 5574//5574 5332//5332 6606//6606
f 5332//5332 5574//5574 2983//2983
f 5350//5350 5829//5829 5312//5312
f 3012//3012 3209//3209 5361//5361
f 3045//3045 3330//3330 2876//2876
f 3330//3330 3045//3045 3524//3524
f 5388//5388 3462//3462 3048//3048
f 5439//5439 5629//5629 5332//5332
f 5371//5371 3248//3248 5648//5648
f 3279//3279 5648//5648 3248//3248
f 5572//5572 3103//3103 3098//3098
f 6088//6088 3020//3020 2973//2973
f 3508//3508 5573//5573 3402//3402
f 2899//2899 2907//2907 2900//2900
f 2907//2907 2899//2899 2902//2902
f 5627//5627 5419//5419 5575//5575
f 3303//3303 5843//5843 3148//3148
f 3099//3099 5584//5584 5407//5407
f 5395//5395 2830//2830 5989//5989
f 2830//2830 5395//5395 3343//3343
f 5395//5395 5826//5826 6236//6236
f 2834//2834 6122//6122 3612//3612
f 5576//5576 5839//5839 5617//5617
f 2993//2993 5578//5578 2883//2883
f 3127//3127 6274//6274 3203//3203
f 3438//3438 3140//3140 3254//3254
f 5579//5579 3254//3254 3140//3140
f 2877//2877 5580//5580 5296//5296
f 6114//6114 5296//5296 3406//3406
f 3226//3226 3483//3483 3185//3185
f 2841//2841 3185//3185 5424//5424
f 5352//5352 3141//3141 3142//3142
f 5415//5415 5583//5583 2908//2908
f 3031//3031 3227//3227 5584//5584
f 3109//3109 5584//5584 3227//3227
f 3300//3300 3302//3302 5847//5847
f 3302//3302 3300//3300 5565//5565
f 3447//3447 5447//5447 3301//3301
f 3399//3399 3315//3315 5585//5585
f 2869//2869 2864//2864 6277//6277
f 5577//5577 2879//2879 5578//5578
f 3373//3373 5586//5586 5516//5516
f 5586//5586 3373//3373 3408//3408
f 5472//5472 3345//3345 5443//5443
f 3345//3345 5472//5472 5518//5518
f 3011//3011 3010//3010 5587//5587
f 3010//3010 2921//2921 6508//6508
f 5305//5305 3357//3357 5394//5394
f 3252//3252 5394//5394 3357//3357
f 3314//3314 5409//5409 2836//2836
f 3233//3233 3042//3042 3382//3382
f 3117//3117 2976//2976 3018//3018
f 3367//3367 5588//5588 5589//5589
f 5588//5588 3367//3367 3502//3502
f 3074//3074 2997//2997 3011//3011
f 2999//2999 5511//5511 5434//5434
f 5499//5499 5328//5328 6605//6605
f 2897//2897 3390//3390 5412//5412
f 2904//2904 5412//5412 3390//3390
f 5641//5641 2955//2955 3389//3389
f 5431//5431 3064//3064 3141//3141
f 3064//3064 5431//5431 3144//3144
f 3307//3307 3445//3445 5591//5591
f 3149//3149 5627//5627 5575//5575
f 3155//3155 5338//5338 5436//5436
f 5338//5338 3155//3155 3423//3423
f 3481//3481 5581//5581 5628//5628
f 5557//5557 5628//5628 5581//5581
f 3163//3163 5592//5592 3162//3162
f 5595//5595 3365//3365 5594//5594
f 5596//5596 3182//3182 5841//5841
f 5539//5539 3132//3132 3257//3257
f 3483//3483 5424//5424 3185//3185
f 3397//3397 3299//3299 2941//2941
f 5564//5564 3266//3266 6467//6467
f 3359//3359 3313//3313 6106//6106
f 2857//2857 3035//3035 3452//3452
f 5461//5461 3459//3459 3449//3449
f 5599//5599 3493//3493 3456//3456
f 5839//5839 5574//5574 6606//6606
f 5417//5417 5334//5334 5541//5541
f 3116//3116 5506//5506 5521//5521
f 5421//5421 5600//5600 5595//5595
f 5507//5507 5360//5360 3486//3486
f 3472//3472 3505//3505 5480//5480
f 5494//5494 3444//3444 3468//3468
f 5443//5443 3345//3345 3468//3468
f 5486//5486 6093//6093 6115//6115
f 5494//5494 6187//6187 3444//3444
f 3495//3495 3371//3371 5403//5403
f 3456//3456 5496//5496 6107//6107
f 5466//5466 3398//3398 3401//3401
f 3398//3398 5466//5466 3475//3475
f 3051//3051 3494//3494 5492//5492
f 3495//3495 5463//5463 6238//6238
f 3510//3510 6238//6238 5463//5463
f 6099//6099 6605//6605 2980//2980
f 5551//5551 2980//2980 5328//5328
f 2980//2980 5571//5571 2979//2979
f 5571//5571 2980//2980 5551//5551
f 5648//5648 6116//6116 5371//5371
f 5603//5603 5371//5371 6116//6116
f 5472//5472 5519//5519 5518//5518
f 3158//3158 5611//5611 6108//6108
f 5326//5326 5464//5464 2842//2842
f 5475//5475 5604//5604 5405//5405
f 3500//3500 5531//5531 5524//5524
f 5568//5568 3052//3052 5525//5525
f 2839//2839 5293//5293 2867//2867
f 5293//5293 2839//2839 2868//2868
f 3006//3006 3336//3336 3002//3002
f 5543//5543 5316//5316 3075//3075
f 3024//3024 3225//3225 5605//5605
f 5554//5554 5590//5590 5846//5846
f 5590//5590 5554//5554 5465//5465
f 3129//3129 5846//5846 3327//3327
f 5337//5337 2945//2945 2951//2951
f 5386//5386 6185//6185 5593//5593
f 5643//5643 2854//2854 5289//5289
f 3111//3111 5644//5644 2852//2852
f 5313//5313 3126//3126 5528//5528
f 5333//5333 5528//5528 3126//3126
f 2902//2902 2942//2942 2943//2943
f 5307//5307 5286//5286 2829//2829
f 5467//5467 5438//5438 2968//2968
f 5608//5608 2968//2968 5438//5438
f 2980//2980 5425//5425 6099//6099
f 2930//2930 5302//5302 3009//3009
f 3250//3250 3220//3220 3062//3062
f 5634//5634 3863//3863 5306//5306
f 5609//5609 3027//3027 5636//5636
f 2994//2994 2911//2911 5300//5300
f 5392//5392 3188//3188 3057//3057
f 5368//5368 5335//5335 3072//3072
f 5335//5335 5368//5368 5555//5555
f 3262//3262 3436//3436 5514//5514
f 3021//3021 3104//3104 6113//6113
f 3028//3028 5552//5552 5322//5322
f 3293//3293 3241//3241 3128//3128
f 5393//5393 5641//5641 3286//3286
f 3256//3256 6243//6243 3087//3087
f 3066//3066 2908//2908 5613//5613
f 5366//5366 5614//5614 2908//2908
f 5614//5614 3368//3368 5613//5613
f 6230//6230 5613//5613 3368//3368
f 5425//5425 2979//2979 3163//3163
f 5615//5615 6328//6328 3167//3167
f 5848//5848 5533//5533 3018//3018
f 5616//5616 3366//3366 6657//6657
f 3408//3408 6428//6428 5839//5839
f 5390//5390 5570//5570 2864//2864
f 5356//5356 3385//3385 3187//3187
f 3047//3047 5457//5457 5540//5540
f 5457//5457 3047//3047 6677//6677
f 5620//5620 5363//5363 3190//3190
f 5450//5450 3429//3429 3192//3192
f 3388//3388 5420//5420 5519//5519
f 5362//5362 3133//3133 5597//5597
f 5362//5362 3012//3012 6498//6498
f 3417//3417 3003//3003 5511//5511
f 3003//3003 5543//5543 3212//3212
f 6242//6242 5503//5503 3215//3215
f 2889//2889 3215//3215 5503//5503
f 3215//3215 2889//2889 3239//3239
f 5600//5600 5354//5354 3153//3153
f 3382//3382 5345//5345 3225//3225
f 5345//5345 3382//3382 3042//3042
f 2983//2983 5576//5576 5951//5951
f 5368//5368 3417//3417 2999//2999
f 3239//3239 3331//3331 3264//3264
f 3265//3265 5487//5487 3439//3439
f 3185//3185 2841//2841 3186//3186
f 5405//5405 5384//5384 3275//3275
f 5384//5384 5405//5405 5604//5604
f 3283//3283 2991//2991 3281//3281
f 5512//5512 5621//5621 3287//3287
f 5413//5413 3388//3388 5380//5380
f 5519//5519 5380//5380 3388//3388
f 5605//5605 2840//2840 6278//6278
f 3308//3308 5447//5447 2991//2991
f 3313//3313 5585//5585 3449//3449
f 5290//5290 2856//2856 5292//5292
f 5357//5357 3323//3323 3123//3123
f 3385//3385 5622//5622 2967//2967
f 5400//5400 3355//3355 3354//3354
f 5623//5623 3131//3131 3199//3199
f 3131//3131 5623//5623 5451//5451
f 2851//2851 5527//5527 5598//5598
f 5527//5527 2851//2851 5428//5428
f 6185//6185 3552//3552 49//49
f 3173//3173 5624//5624 3174//3174
f 2827//2827 3847//3847 5307//5307
f 5610//5610 5423//5423 3096//3096
f 5513//5513 5835//5835 2887//2887
f 3380//3380 5581//5581 3481//3481
f 3107//3107 5341//5341 5340//5340
f 2840//2840 5606//5606 3176//3176
f 3386//3386 5626//5626 3219//3219
f 6676//6676 3149//3149 5575//5575
f 3388//3388 5627//5627 3149//3149
f 3225//3225 3177//3177 3382//3382
f 3481//3481 5628//5628 5471//5471
f 3419//3419 5628//5628 3221//3221
f 5407//5407 3427//3427 2970//2970
f 5608//5608 3295//3295 2968//2968
f 3135//3135 5416//5416 3280//3280
f 3278//3278 3284//3284 3443//3443
f 3463//3463 5585//5585 3315//3315
f 5388//5388 5397//5397 3459//3459
f 5397//5397 5388//5388 2865//2865
f 2868//2868 5396//5396 5293//5293
f 5396//5396 2868//2868 2843//2843
f 2850//2850 2845//2845 5287//5287
f 3090//3090 5600//5600 3153//3153
f 5600//5600 3365//3365 5595//5595
f 3442//3442 3273//3273 2968//2968
f 5589//5589 5525//5525 3367//3367
f 5484//5484 2886//2886 6103//6103
f 5391//5391 3327//3327 5487//5487
f 3439//3439 5487//5487 3327//3327
f 3327//3327 5846//5846 5590//5590
f 5554//5554 3219//3219 5517//5517
f 5637//5637 5967//5967 5490//5490
f 5510//5510 3492//3492 3455//3455
f 5481//5481 3471//3471 3502//3502
f 5630//5630 5391//5391 5478//5478
f 5557//5557 3316//3316 3222//3222
f 3501//3501 3515//3515 3514//3514
f 5531//5531 3514//3514 3515//3515
f 5633//5633 5835//5835 5513//5513
f 2897//2897 5299//5299 2896//2896
f 5298//5298 2896//2896 5299//5299
f 3504//3504 5467//5467 3477//3477
f 3403//3403 5635//5635 2848//2848
f 2848//2848 5635//5635 5288//5288
f 2924//2924 2921//2921 2996//2996
f 3416//3416 5434//5434 3260//3260
f 3212//3212 5364//5364 3260//3260
f 5363//5363 5620//5620 5451//5451
f 5433//5433 5830//5830 6498//6498
f 5840//5840 2838//2838 5504//5504
f 5504//5504 5622//5622 3183//3183
f 3291//3291 5365//5365 5379//5379
f 5365//5365 3291//3291 6097//6097
f 3287//3287 5621//5621 3288//3288
f 6426//6426 3247//3247 3246//3246
f 5364//5364 3416//3416 3260//3260
f 5512//5512 2910//2910 2909//2909
f 5439//5439 2872//2872 3236//3236
f 6102//6102 3346//3346 3511//3511
f 3213//3213 3238//3238 2985//2985
f 5636//5636 3027//3027 3098//3098
f 2972//2972 5426//5426 2973//2973
f 5423//5423 2973//2973 5426//5426
f 3272//3272 5382//5382 5535//5535
f 3099//3099 5534//5534 5584//5584
f 5297//5297 3146//3146 5419//5419
f 5435//5435 3360//3360 3418//3418
f 5429//5429 3187//3187 3385//3385
f 3232//3232 5437//5437 6578//6578
f 5637//5637 5489//5489 5849//5849
f 5567//5567 5482//5482 3465//3465
f 3465//3465 3503//3503 6093//6093
f 3049//3049 5403//5403 3445//3445
f 3447//3447 3309//3309 3448//3448
f 5473//5473 3485//3485 5566//5566
f 5317//5317 3359//3359 6635//6635
f 5665//5665 2848//2848 5288//5288
f 2848//2848 5665//5665 28//28
f 5295//5295 5439//5439 3326//3326
f 2888//2888 3126//3126 2883//2883
f 5547//5547 5825//5825 2904//2904
f 2928//2928 3005//3005 2929//2929
f 2963//2963 2829//2829 2830//2830
f 2884//2884 5449//5449 2893//2893
f 5449//5449 2884//2884 5638//5638
f 5553//5553 6188//6188 3018//3018
f 2974//2974 5320//5320 3029//3029
f 3231//3231 5636//5636 3022//3022
f 5570//5570 5390//5390 5429//5429
f 5629//5629 5439//5439 3236//3236
f 3243//3243 3279//3279 5639//5639
f 3278//3278 3242//3242 5639//5639
f 3214//3214 6242//6242 3080//3080
f 3103//3103 5572//5572 3030//3030
f 5321//5321 3030//3030 5572//5572
f 3108//3108 3093//3093 5327//5327
f 3073//3073 3143//3143 5324//5324
f 3147//3147 3148//3148 5843//5843
f 3093//3093 3117//3117 5533//5533
f 3117//3117 3093//3093 2978//2978
f 3096//3096 2969//2969 5329//5329
f 5451//5451 5623//5623 5363//5363
f 3201//3201 5363//5363 5623//5623
f 3284//3284 3278//3278 5639//5639
f 3080//3080 5348//5348 3238//3238
f 5348//5348 3080//3080 5376//5376
f 3482//3482 3419//3419 5640//5640
f 5436//5436 5338//5338 5640//5640
f 5464//5464 5640//5640 5338//5338
f 5319//5319 5609//5609 3165//3165
f 3138//3138 5415//5415 5468//5468
f 2988//2988 3274//3274 5378//5378
f 5620//5620 5349//5349 3410//3410
f 5509//5509 3190//3190 5363//5363
f 5641//5641 3341//3341 2955//2955
f 3253//3253 3368//3368 5614//5614
f 5508//5508 5614//5614 5366//5366
f 3436//3436 6186//6186 5514//5514
f 5413//5413 3193//3193 5627//5627
f 3435//3435 5353//5353 6116//6116
f 5612//5612 6116//6116 5353//5353
f 3018//3018 3177//3177 5848//5848
f 3024//3024 5848//5848 3177//3177
f 3270//3270 3441//3441 5642//5642
f 2874//2874 5642//5642 3441//3441
f 6619//6619 6426//6426 3276//3276
f 3297//3297 3246//3246 5383//5383
f 5456//5456 3317//3317 3348//3348
f 3235//3235 2865//2865 5347//5347
f 5297//5297 3216//3216 3331//3331
f 5522//5522 5602//5602 3333//3333
f 3513//3513 2927//2927 3339//3339
f 2879//2879 2878//2878 5578//5578
f 5311//5311 5578//5578 2878//2878
f 3335//3335 5582//5582 5401//5401
f 3212//3212 5401//5401 5582//5582
f 5387//5387 5643//5643 5289//5289
f 2853//2853 5644//5644 3106//3106
f 3106//3106 5644//5644 5322//5322
f 5329//5329 6110//6110 3362//3362
f 5549//5549 3233//3233 6188//6188
f 5841//5841 3323//3323 5357//5357
f 3123//3123 3323//3323 5645//5645
f 3181//3181 5645//5645 3323//3323
f 5616//5616 3178//3178 3366//3366
f 3154//3154 5634//5634 3361//3361
f 5544//5544 5427//5427 3165//3165
f 6605//6605 5342//5342 5498//5498
f 6272//6272 5498//5498 5342//5342
f 3383//3383 3194//3194 5646//5646
f 5618//5618 5646//5646 3194//3194
f 3196//3196 3135//3135 3280//3280
f 3307//3307 5448//5448 3197//3197
f 5448//5448 3307//3307 5418//5418
f 5415//5415 5844//5844 5583//5583
f 3206//3206 5583//5583 3210//3210
f 5421//5421 5454//5454 2844//2844
f 5616//5616 3043//3043 6114//6114
f 3407//3407 6450//6450 3366//3366
f 3255//3255 5542//5542 3068//3068
f 5542//5542 3255//3255 3142//3142
f 5626//5626 3434//3434 5420//5420
f 3268//3268 5592//5592 3025//3025
f 5615//5615 6100//6100 3269//3269
f 2875//2875 6100//6100 5381//5381
f 5632//5632 6437//6437 6428//6428
f 3276//3276 5604//5604 3414//3414
f 5475//5475 3414//3414 5604//5604
f 3400//3400 3421//3421 3399//3399
f 3421//3421 3400//3400 3156//3156
f 3315//3315 3399//3399 3422//3422
f 5386//5386 3105//3105 5527//5527
f 3035//3035 5527//5527 3105//3105
f 5647//5647 3453//3453 5455//5455
f 3453//3453 5647//5647 5521//5521
f 3449//3449 6106//6106 3313//3313
f 3326//3326 5645//5645 5458//5458
f 5458//5458 3181//3181 6233//6233
f 5304//5304 5512//5512 3287//3287
f 5515//5515 3440//3440 6107//6107
f 3520//3520 3207//3207 5334//5334
f 5541//5541 5334//5334 3207//3207
f 3393//3393 5417//5417 5541//5541
f 3497//3497 3273//3273 3425//3425
f 5640//5640 5464//5464 3223//3223
f 5373//5373 5374//5374 3484//3484
f 5520//5520 5569//5569 3433//3433
f 5624//5624 3016//3016 5647//5647
f 3116//3116 5647//5647 3016//3016
f 5488//5488 5479//5479 5631//5631
f 3432//3432 5442//5442 5469//5469
f 3273//3273 5486//5486 3477//3477
f 5467//5467 5505//5505 5438//5438
f 5505//5505 5523//5523 6610//6610
f 5438//5438 6610//6610 3428//3428
f 5637//5637 3423//3423 5489//5489
f 3329//3329 3476//3476 3328//3328
f 5573//5573 3461//3461 3101//3101
f 3508//3508 3402//3402 5496//5496
f 6107//6107 5496//5496 3402//3402
f 5635//5635 2974//2974 5502//5502
f 5837//5837 6656//6656 2974//2974
f 5633//5633 5632//5632 5835//5835
f 5414//5414 5842//5842 3189//3189
f 3002//3002 2935//2935 2936//2936
f 5505//5505 3384//3384 5523//5523
f 3074//3074 6239//6239 3352//3352
f 3494//3494 3490//3490 5492//5492
f 3490//3490 3494//3494 5484//5484
f 5294//5294 2870//2870 6233//6233
f 3284//3284 5639//5639 5830//5830
f 5351//5351 6498//6498 5830//5830
f 2842//2842 3157//3157 6452//6452
f 5592//5592 3163//3163 6466//6466
f 3081//3081 5405//5405 5359//5359
f 6234//6234 5619//5619 6676//6676
f 5618//5618 3145//3145 5619//5619
f 2815//2815 5291//5291 2862//2862
f 5291//5291 6087//6087 6241//6241
f 6497//6497 5430//5430 2986//2986
f 3031//3031 5534//5534 3046//3046
f 5375//5375 3234//3234 3272//3272
f 3219//3219 5626//5626 5517//5517
f 3389//3389 5548//5548 3342//3342
f 5362//5362 6498//6498 5351//5351
f 5504//5504 3233//3233 3379//3379
f 3435//3435 5648//5648 3243//3243
f 3243//3243 5648//5648 3279//3279
f 3221//3221 5436//5436 3419//3419
f 3393//3393 6090//6090 3259//3259
f 5520//5520 5956//5956 5488//5488
f 2974//2974 5635//5635 5476//5476
f 3326//3326 5332//5332 3123//3123
f 5332//5332 3326//3326 5439//5439
f 6407//6407 3402//3402 5573//5573
f 2862//2862 5323//5323 3038//3038
f 3109//3109 6235//6235 5584//5584
f 5544//5544 3165//3165 3228//3228
f 3228//3228 6328//6328 5544//5544
f 3266//3266 3265//3265 3267//3267
f 5649//5649 2989//2989 2988//2988
f 5344//5344 2853//2853 5320//5320
f 3482//3482 3315//3315 3422//3422
f 3265//3265 3266//3266 5564//5564
f 3485//3485 6117//6117 3510//3510
f 5493//5493 5494//5494 3432//3432
f 5422//5422 3460//3460 3492//3492
f 5601//5601 5422//5422 5478//5478
f 5422//5422 5601//5601 3474//3474
f 5633//5633 3051//3051 5602//5602
f 3051//3051 5633//5633 3050//3050
f 3434//3434 5444//5444 5518//5518
f 5444//5444 3434//3434 5956//5956
f 5602//5602 3051//3051 5650//5650
f 5492//5492 5650//5650 3051//3051
f 5568//5568 3466//3466 5650//5650
f 3333//3333 5650//5650 3466//3466
f 5606//5606 2840//2840 5605//5605
f 2901//2901 3180//3180 6437//6437
f 5346//5346 6327//6327 5411//5411
f 6619//6619 6498//6498 3247//3247
f 5303//5303 2935//2935 3079//3079
f 5399//5399 3058//3058 3060//3060
f 668//668 3547//3547 3548//3548
f 3547//3547 668//668 6532//6532
f 3836//3836 3545//3545 3724//3724
f 3545//3545 3836//3836 5651//5651
f 646//646 5682//5682 108//108
f 5682//5682 646//646 5652//5652
f 645//645 727//727 6126//6126
f 3827//3827 6199//6199 64//64
f 3574//3574 607//607 3709//3709
f 593//593 3549//3549 592//592
f 115//115 6532//6532 660//660
f 660//660 650//650 115//115
f 3835//3835 108//108 5651//5651
f 108//108 3835//3835 646//646
f 3598//3598 5652//5652 645//645
f 6118//6118 613//613 5987//5987
f 613//613 606//606 5987//5987
f 3574//3574 5987//5987 606//606
f 607//607 604//604 3709//3709
f 604//604 3823//3823 3780//3780
f 5654//5654 3569//3569 3532//3532
f 3709//3709 5653//5653 3574//3574
f 5655//5655 219//219 3570//3570
f 3570//3570 5656//5656 3703//3703
f 6581//6581 3584//3584 6511//6511
f 5657//5657 282//282 3604//3604
f 243//243 316//316 180//180
f 5659//5659 98//98 458//458
f 5670//5670 3648//3648 3649//3649
f 6193//6193 192//192 6358//6358
f 3599//3599 405//405 514//514
f 5662//5662 3538//3538 3692//3692
f 5663//5663 6244//6244 252//252
f 165//165 479//479 34//34
f 5665//5665 132//132 130//130
f 5666//5666 327//327 187//187
f 5670//5670 3701//3701 5669//5669
f 5671//5671 5672//5672 3749//3749
f 557//557 3759//3759 3557//3557
f 5664//5664 3803//3803 321//321
f 390//390 3698//3698 389//389
f 3772//3772 50//50 5957//5957
f 6290//6290 422//422 107//107
f 166//166 5655//5655 3699//3699
f 5676//5676 6123//6123 362//362
f 5677//5677 3739//3739 5853//5853
f 5677//5677 3646//3646 3739//3739
f 5679//5679 3739//3739 3646//3646
f 372//372 61//61 62//62
f 5957//5957 1870//1870 5788//5788
f 3702//3702 3638//3638 5673//5673
f 5675//5675 189//189 3773//3773
f 6511//6511 5854//5854 3625//3625
f 6201//6201 5988//5988 3804//3804
f 5683//5683 3804//3804 5988//5988
f 426//426 5674//5674 449//449
f 5877//5877 6141//6141 3813//3813
f 5685//5685 593//593 592//592
f 670//670 671//671 669//669
f 4144//4144 735//735 772//772
f 4144//4144 772//772 837//837
f 881//881 6338//6338 924//924
f 5698//5698 823//823 6137//6137
f 3850//3850 6127//6127 6340//6340
f 3846//3846 3845//3845 3953//3953
f 3968//3968 5881//5881 5882//5882
f 5690//5690 5702//5702 3983//3983
f 5691//5691 848//848 1023//1023
f 5884//5884 5692//5692 5710//5710
f 997//997 960//960 963//963
f 5693//5693 726//726 996//996
f 996//996 5694//5694 5693//5693
f 5696//5696 1005//1005 1006//1006
f 4147//4147 3969//3969 6011//6011
f 4078//4078 5697//5697 982//982
f 5701//5701 911//911 6012//6012
f 6588//6588 5953//5953 5873//5873
f 5871//5871 579//579 4077//4077
f 994//994 6440//6440 959//959
f 576//576 6592//6592 3810//3810
f 5702//5702 854//854 856//856
f 5699//5699 970//970 4093//4093
f 883//883 884//884 4137//4137
f 5706//5706 4069//4069 5697//5697
f 5709//5709 745//745 744//744
f 976//976 3973//3973 4153//4153
f 5710//5710 5877//5877 3918//3918
f 577//577 4156//4156 5711//5711
f 5688//5688 5703//5703 4051//4051
f 582//582 5713//5713 3863//3863
f 5714//5714 4132//4132 4022//4022
f 4021//4021 4022//4022 5895//5895
f 577//577 5882//5882 4136//4136
f 5897//5897 5715//5715 4132//4132
f 5689//5689 4010//4010 725//725
f 4178//4178 5719//5719 1821//1821
f 1080//1080 5720//5720 1081//1081
f 4471//4471 5721//5721 1133//1133
f 5736//5736 1180//1180 5907//5907
f 5723//5723 6034//6034 1215//1215
f 5724//5724 1108//1108 4187//4187
f 5727//5727 1279//1279 4431//4431
f 5728//5728 4240//4240 4241//4241
f 4229//4229 1170//1170 1171//1171
f 1404//1404 5729//5729 1430//1430
f 6449//6449 6040//6040 1074//1074
f 4631//4631 5733//5733 1418//1418
f 4177//4177 4369//4369 1333//1333
f 1183//1183 5735//5735 1664//1664
f 1356//1356 5737//5737 1274//1274
f 1703//1703 4596//4596 1383//1383
f 5738//5738 4446//4446 5739//5739
f 4454//4454 6400//6400 1349//1349
f 5741//5741 1713//1713 6259//6259
f 5722//5722 1300//1300 4179//4179
f 5744//5744 1398//1398 1808//1808
f 1683//1683 5746//5746 6143//6143
f 5748//5748 1186//1186 4225//4225
f 5723//5723 1337//1337 6034//6034
f 5746//5746 1683//1683 1329//1329
f 1076//1076 5750//5750 4590//4590
f 4602//4602 6159//6159 5752//5752
f 1121//1121 1465//1465 1122//1122
f 5752//5752 1600//1600 1770//1770
f 5754//5754 4609//4609 4463//4463
f 4512//4512 5754//5754 4615//4615
f 4949//4949 5722//5722 4179//4179
f 5758//5758 1663//1663 1426//1426
f 4515//4515 6594//6594 6153//6153
f 4343//4343 5758//5758 1301//1301
f 4589//4589 1281//1281 1280//1280
f 5738//5738 1757//1757 4446//4446
f 5762//5762 5718//5718 1202//1202
f 1093//1093 1453//1453 1095//1095
f 1184//1184 1190//1190 4199//4199
f 5753//5753 1079//1079 1253//1253
f 1288//1288 5763//5763 4613//4613
f 5764//5764 4536//4536 5729//5729
f 1421//1421 1491//1491 6024//6024
f 1099//1099 5745//5745 4617//4617
f 4557//4557 4378//4378 6150//6150
f 1462//1462 1463//1463 1774//1774
f 1638//1638 5765//5765 1310//1310
f 5751//5751 1685//1685 5767//5767
f 5767//5767 1765//1765 5751//5751
f 4628//4628 4185//4185 4629//4629
f 1854//1854 1852//1852 1853//1853
f 4665//4665 5769//5769 4664//4664
f 4970//4970 5784//5784 4882//4882
f 4721//4721 6165//6165 4826//4826
f 2051//2051 5771//5771 4734//4734
f 4743//4743 4744//4744 4742//4742
f 5916//5916 2201//2201 4903//4903
f 1982//1982 5773//5773 1981//1981
f 6562//6562 4733//4733 2054//2054
f 6468//6468 2260//2260 2326//2326
f 1964//1964 5775//5775 2295//2295
f 5774//5774 1889//1889 4872//4872
f 2301//2301 6448//6448 2150//2150
f 4745//4745 2223//2223 4803//4803
f 6317//6317 2152//2152 2154//2154
f 4611//4611 1063//1063 4206//4206
f 5785//5785 6171//6171 4834//4834
f 5776//5776 2055//2055 1978//1978
f 4891//4891 2135//2135 2132//2132
f 5772//5772 4846//4846 5779//5779
f 2251//2251 5779//5779 4846//4846
f 2260//2260 6167//6167 4768//4768
f 5780//5780 2140//2140 1966//1966
f 1880//1880 5781//5781 4667//4667
f 1852//1852 1859//1859 1853//1853
f 5718//5718 5762//5762 6071//6071
f 4885//4885 5783//5783 4834//4834
f 4877//4877 6621//6621 2182//2182
f 5784//5784 1885//1885 4882//4882
f 2037//2037 4759//4759 2236//2236
f 5779//5779 2251//2251 2027//2027
f 4776//4776 2003//2003 4686//4686
f 2183//2183 2258//2258 4738//4738
f 5786//5786 1926//1926 5927//5927
f 1852//1852 1854//1854 6070//6070
f 6167//6167 4927//4927 4836//4836
f 5778//5778 4853//4853 4849//4849
f 1954//1954 5788//5788 1870//1870
f 5789//5789 1981//1981 5773//5773
f 4811//4811 2101//2101 2152//2152
f 5791//5791 4931//4931 6541//6541
f 4835//4835 5792//5792 2048//2048
f 682//682 6010//6010 2433//2433
f 1252//1252 4203//4203 4978//4978
f 5794//5794 5945//5945 4993//4993
f 5795//5795 4995//4995 4996//4996
f 5796//5796 5004//5004 2592//2592
f 5157//5157 5799//5799 5023//5023
f 6083//6083 4997//4997 2439//2439
f 2748//2748 6322//6322 2565//2565
f 5936//5936 5252//5252 2480//2480
f 5802//5802 5277//5277 5108//5108
f 2775//2775 5065//5065 2562//2562
f 2744//2744 2493//2493 2412//2412
f 5803//5803 2708//2708 5052//5052
f 5015//5015 5804//5804 2452//2452
f 5103//5103 5938//5938 5104//5104
f 2799//2799 5807//5807 5122//5122
f 2503//2503 5808//5808 2762//2762
f 5044//5044 5809//5809 5806//5806
f 5281//5281 5823//5823 4988//4988
f 5812//5812 5188//5188 5103//5103
f 6351//6351 2582//2582 5100//5100
f 2655//2655 2704//2704 5040//5040
f 6348//6348 5204//5204 2532//2532
f 2775//2775 2562//2562 5066//5066
f 2744//2744 2412//2412 2616//2616
f 2589//2589 2648//2648 6072//6072
f 5796//5796 2585//2585 5004//5004
f 5233//5233 5115//5115 5167//5167
f 5264//5264 5044//5044 5814//5814
f 5806//5806 5814//5814 5044//5044
f 2760//2760 4966//4966 2434//2434
f 5094//5094 5011//5011 2612//2612
f 2651//2651 5026//5026 5005//5005
f 4967//4967 5818//5818 2563//2563
f 5048//5048 2482//2482 5255//5255
f 5798//5798 6507//6507 4964//4964
f 2642//2642 5105//5105 2650//2650
f 2378//2378 5023//5023 5799//5799
f 2551//2551 5160//5160 2593//2593
f 2766//2766 2358//2358 2524//2524
f 5820//5820 2410//2410 5090//5090
f 5037//5037 6229//6229 2581//2581
f 5292//5292 127//127 128//128
f 704//704 3744//3744 2833//2833
f 3564//3564 124//124 2975//2975
f 5356//5356 5827//5827 3042//3042
f 3080//3080 3213//3213 3214//3214
f 3284//3284 5830//5830 5433//5433
f 5831//5831 3317//3317 3316//3316
f 5832//5832 6103//6103 3368//3368
f 5834//5834 5399//5399 5529//5529
f 5836//5836 2866//2866 3235//3235
f 5838//5838 3266//3266 3267//3267
f 3408//3408 5839//5839 5586//5586
f 5840//5840 3379//3379 5309//5309
f 5295//5295 5833//5833 2872//2872
f 2979//2979 3026//3026 5426//5426
f 5841//5841 5357//5357 6275//6275
f 5842//5842 5404//5404 3189//3189
f 5951//5951 6275//6275 5357//5357
f 3411//3411 6092//6092 3330//3330
f 3313//3313 5845//5845 3400//3400
f 5845//5845 3313//3313 3359//3359
f 6108//6108 6545//6545 3158//3158
f 6105//6105 2905//2905 2946//2946
f 5450//5450 5378//5378 6499//6499
f 5847//5847 3447//3447 3301//3301
f 5622//5622 2838//2838 5462//5462
f 3218//3218 6092//6092 3217//3217
f 5846//5846 3219//3219 5554//5554
f 3046//3046 5848//5848 3024//3024
f 3475//3475 5849//5849 5456//5456
f 5578//5578 2993//2993 5577//5577
f 5404//5404 5842//5842 2896//2896
f 3280//3280 5829//5829 3244//3244
f 5832//5832 5563//5563 6103//6103
f 5845//5845 3359//3359 3451//3451
f 5529//5529 5399//5399 3060//3060
f 5652//5652 3598//3598 5682//5682
f 3539//3539 5851//5851 3538//3538
f 3746//3746 3539//3539 5662//5662
f 3541//3541 5930//5930 3542//3542
f 5930//5930 5929//5929 3542//3542
f 6355//6355 5852//5852 3546//3546
f 48//48 33//33 5654//5654
f 3532//3532 219//219 5654//5654
f 1870//1870 4665//4665 1869//1869
f 5856//5856 3636//3636 3590//3590
f 80//80 5855//5855 3597//3597
f 3605//3605 3591//3591 5676//5676
f 3749//3749 3620//3620 3622//3622
f 3622//3622 94//94 3621//3621
f 5861//5861 3621//3621 88//88
f 5857//5857 3541//3541 3626//3626
f 173//173 3629//3629 6120//6120
f 50//50 4665//4665 1870//1870
f 3649//3649 5653//5653 3709//3709
f 3666//3666 5678//5678 3667//3667
f 3673//3673 5860//5860 5866//5866
f 3682//3682 52//52 3780//3780
f 5676//5676 3591//3591 6123//6123
f 5862//5862 3713//3713 549//549
f 5653//5653 3715//3715 3574//3574
f 3722//3722 5857//5857 3626//3626
f 3713//3713 5862//5862 6595//6595
f 3723//3723 3540//3540 99//99
f 387//387 5855//5855 3797//3797
f 3797//3797 5855//5855 322//322
f 5681//5681 6411//6411 6558//6558
f 3570//3570 219//219 3532//3532
f 5656//5656 3532//3532 4863//4863
f 5680//5680 3689//3689 3635//3635
f 3539//3539 3538//3538 5662//5662
f 89//89 5671//5671 5851//5851
f 434//434 6501//6501 5864//5864
f 6501//6501 3748//3748 5864//5864
f 97//97 5672//5672 5671//5671
f 3749//3749 5672//5672 91//91
f 5863//5863 6389//6389 3559//3559
f 5859//5859 3725//3725 387//387
f 3712//3712 5866//5866 3763//3763
f 5866//5866 5860//5860 3763//3763
f 5657//5657 3557//3557 5676//5676
f 3632//3632 238//238 174//174
f 3764//3764 3771//3771 89//89
f 3624//3624 492//492 458//458
f 223//223 5958//5958 5673//5673
f 5867//5867 3801//3801 3682//3682
f 5662//5662 3561//3561 3746//3746
f 3694//3694 6411//6411 5681//5681
f 454//454 5868//5868 3805//3805
f 5677//5677 5853//5853 281//281
f 434//434 5864//5864 3689//3689
f 6472//6472 86//86 5684//5684
f 3703//3703 5656//5656 3792//3792
f 5656//5656 4863//4863 5790//5790
f 3796//3796 457//457 3743//3743
f 5865//5865 3760//3760 5667//5667
f 5769//5769 3638//3638 3792//3792
f 3703//3703 3792//3792 3638//3638
f 5856//5856 5972//5972 3556//3556
f 3780//3780 5867//5867 3682//3682
f 173//173 299//299 3581//3581
f 418//418 5684//5684 3601//3601
f 3760//3760 376//376 6472//6472
f 3601//3601 5684//5684 527//527
f 5976//5976 5868//5868 454//454
f 3622//3622 5861//5861 3749//3749
f 5851//5851 5671//5671 5861//5861
f 5788//5788 1954//1954 3808//3808
f 3674//3674 5850//5850 84//84
f 5307//5307 3810//3810 5286//5286
f 4030//4030 3839//3839 5869//5869
f 3842//3842 5870//5870 689//689
f 5871//5871 708//708 6551//6551
f 3860//3860 5872//5872 3843//3843
f 5874//5874 3822//3822 3863//3863
f 756//756 6135//6135 3911//3911
f 3865//3865 5875//5875 4046//4046
f 3832//3832 3868//3868 3950//3950
f 819//819 3883//3883 822//822
f 933//933 3870//3870 867//867
f 756//756 814//814 3955//3955
f 814//814 756//756 3911//3911
f 755//755 3918//3918 3919//3919
f 3972//3972 5876//5876 3918//3918
f 3919//3919 5877//5877 5878//5878
f 3925//3925 575//575 3811//3811
f 777//777 5879//5879 4055//4055
f 981//981 4024//4024 4118//4118
f 5870//5870 3967//3967 5931//5931
f 5881//5881 5931//5931 3967//3967
f 3967//3967 5872//5872 5881//5881
f 764//764 3979//3979 3980//3980
f 6013//6013 3980//3980 3989//3989
f 3951//3951 800//800 868//868
f 6439//6439 5884//5884 3957//3957
f 5885//5885 4066//4066 5711//5711
f 3943//3943 6335//6335 3929//3929
f 960//960 4019//4019 963//963
f 5886//5886 5714//5714 6142//6142
f 6246//6246 756//756 6611//6611
f 3896//3896 3908//3908 5708//5708
f 3908//3908 3896//3896 912//912
f 823//823 5698//5698 4002//4002
f 5700//5700 5887//5887 958//958
f 6431//6431 875//875 813//813
f 764//764 3980//3980 4097//4097
f 5890//5890 4103//4103 4102//4102
f 5887//5887 1000//1000 4104//4104
f 823//823 6561//6561 4105//4105
f 6561//6561 632//632 6014//6014
f 3930//3930 4111//4111 999//999
f 6561//6561 6560//6560 632//632
f 941//941 6339//6339 713//713
f 3936//3936 3852//3852 619//619
f 4019//4019 3934//3934 4126//4126
f 4132//4132 5715//5715 5895//5895
f 978//978 4132//4132 5714//5714
f 6599//6599 3985//3985 6584//6584
f 5708//5708 5707//5707 3896//3896
f 4142//4142 646//646 3835//3835
f 5878//5878 3926//3926 801//801
f 6016//6016 5880//5880 992//992
f 4152//4152 941//941 713//713
f 5709//5709 4015//4015 976//976
f 745//745 5709//5709 4153//4153
f 5884//5884 5710//5710 5876//5876
f 3918//3918 5876//5876 5710//5710
f 5692//5692 5695//5695 6596//6596
f 5710//5710 6141//6141 5877//5877
f 5885//5885 5711//5711 4156//4156
f 5892//5892 4062//4062 6364//6364
f 4095//4095 5712//5712 647//647
f 957//957 3930//3930 999//999
f 575//575 5893//5893 3811//3811
f 5711//5711 5893//5893 577//577
f 5883//5883 845//845 4127//4127
f 5894//5894 659//659 662//662
f 5869//5869 3839//3839 4161//4161
f 5895//5895 5896//5896 4021//4021
f 4957//4957 4021//4021 5896//5896
f 5896//5896 5715//5715 594//594
f 6006//6006 641//641 896//896
f 5882//5882 577//577 5893//5893
f 4136//4136 5881//5881 5872//5872
f 4081//4081 6582//6582 995//995
f 5869//5869 5888//5888 4029//4029
f 5888//5888 683//683 5899//5899
f 5888//5888 5899//5899 973//973
f 5872//5872 3967//3967 3843//3843
f 5897//5897 4111//4111 4038//4038
f 4038//4038 4111//4111 617//617
f 5897//5897 4038//4038 5715//5715
f 5889//5889 5715//5715 4038//4038
f 5695//5695 5692//5692 6584//6584
f 5692//5692 5884//5884 5716//5716
f 5707//5707 5716//5716 6336//6336
f 3897//3897 5707//5707 6336//6336
f 5898//5898 3965//3965 6130//6130
f 3973//3973 5885//5885 4156//4156
f 5717//5717 5899//5899 685//685
f 1072//1072 1073//1073 1821//1821
f 4326//4326 6190//6190 1095//1095
f 5902//5902 4203//4203 1199//1199
f 1066//1066 1064//1064 4206//4206
f 4213//4213 1350//1350 5757//5757
f 5900//5900 5970//5970 1192//1192
f 5725//5725 4223//4223 1063//1063
f 4213//4213 5726//5726 1268//1268
f 1219//1219 4240//4240 6486//6486
f 1346//1346 4241//4241 1350//1350
f 5757//5757 1350//1350 4241//4241
f 4252//4252 5756//5756 1399//1399
f 4214//4214 4228//4228 4268//4268
f 5904//5904 1502//1502 1538//1538
f 4304//4304 5905//5905 4600//4600
f 5759//5759 4314//4314 1216//1216
f 4631//4631 1070//1070 1253//1253
f 1245//1245 4397//4397 4344//4344
f 1601//1601 4182//4182 1084//1084
f 4415//4415 6161//6161 4417//4417
f 4444//4444 1776//1776 4458//4458
f 5751//5751 5908//5908 1079//1079
f 4459//4459 5761//5761 5742//5742
f 5908//5908 5742//5742 5761//5761
f 4443//4443 1768//1768 4462//4462
f 4652//4652 4486//4486 4487//4487
f 5909//5909 4497//4497 4498//4498
f 1773//1773 4298//4298 1272//1272
f 5726//5726 4353//4353 4260//4260
f 1470//1470 4245//4245 4358//4358
f 1216//1216 4547//4547 5759//5759
f 1082//1082 5907//5907 1078//1078
f 4504//4504 1364//1364 1515//1515
f 4394//4394 4393//4393 4447//4447
f 1101//1101 4447//4447 6212//6212
f 5904//5904 1538//1538 4545//4545
f 5746//5746 4590//4590 6143//6143
f 4408//4408 4594//4594 4308//4308
f 1735//1735 5910//5910 4399//4399
f 5910//5910 1304//1304 4345//4345
f 5910//5910 4345//4345 4399//4399
f 1541//1541 5905//5905 4392//4392
f 4392//4392 5905//5905 6526//6526
f 5911//5911 4408//4408 4507//4507
f 4505//4505 1767//1767 4462//4462
f 4605//4605 1101//1101 6212//6212
f 4526//4526 4620//4620 1219//1219
f 1253//1253 1079//1079 4631//4631
f 5906//5906 6375//6375 4612//4612
f 5727//5727 4551//4551 1279//1279
f 4256//4256 5912//5912 1433//1433
f 4512//4512 1779//1779 5754//5754
f 6435//6435 4637//4637 1598//1598
f 5760//5760 1425//1425 4638//4638
f 1765//1765 5908//5908 5751//5751
f 4411//4411 4491//4491 6152//6152
f 1803//1803 1606//1606 1332//1332
f 5761//5761 4459//4459 5733//5733
f 1417//1417 4459//4459 1600//1600
f 1800//1800 1312//1312 1752//1752
f 4460//4460 5741//5741 6259//6259
f 4600//4600 1587//1587 4436//4436
f 4301//4301 1701//1701 1572//1572
f 5766//5766 1644//1644 1666//1666
f 4310//4310 4479//4479 1443//1443
f 1571//1571 5913//5913 1751//1751
f 5790//5790 5769//5769 3792//3792
f 5963//5963 4667//4667 5781//5781
f 80//80 3597//3597 4669//4669
f 5770//5770 4669//4669 3597//3597
f 4684//4684 2053//2053 4683//4683
f 1950//1950 1869//1869 4665//4665
f 5771//5771 6169//6169 1981//1981
f 2053//2053 4701//4701 4683//4683
f 4779//4779 4721//4721 1954//1954
f 5784//5784 4728//4728 1885//1885
f 4744//4744 5915//5915 4742//4742
f 4742//4742 1923//1923 4743//4743
f 1924//1924 5786//5786 4744//4744
f 5916//5916 2204//2204 2201//2201
f 4666//4666 3808//3808 1954//1954
f 1975//1975 4768//4768 2048//2048
f 5925//5925 1917//1917 4771//4771
f 4771//4771 3633//3633 80//80
f 4772//4772 4741//4741 4773//4773
f 6562//6562 5961//5961 5917//5917
f 5918//5918 4730//4730 2052//2052
f 4700//4700 4796//4796 4795//4795
f 4800//4800 5789//5789 5773//5773
f 1066//1066 4206//4206 1836//1836
f 1979//1979 6171//6171 6163//6163
f 1240//1240 1988//1988 4218//4218
f 4836//4836 5921//5921 4835//4835
f 2048//2048 4836//4836 4835//4835
f 4851//4851 4850//4850 6172//6172
f 4859//4859 5923//5923 4669//4669
f 5924//5924 4768//4768 1975//1975
f 4865//4865 2051//2051 4734//4734
f 4745//4745 6404//6404 6463//6463
f 4732//4732 5925//5925 1918//1918
f 5922//5922 4851//4851 2154//2154
f 1873//1873 4877//4877 2094//2094
f 5792//5792 4795//4795 2048//2048
f 33//33 48//48 4881//4881
f 5786//5786 5791//5791 4744//4744
f 4773//4773 5915//5915 5961//5961
f 5915//5915 4744//4744 5791//5791
f 1970//1970 6173//6173 5921//5921
f 5783//5783 5921//5921 6173//6173
f 6173//6173 1914//1914 5783//5783
f 4834//4834 5783//5783 1914//1914
f 4885//4885 4834//4834 6171//6171
f 4885//4885 6171//6171 1979//1979
f 4885//4885 5918//5918 4835//4835
f 4885//4885 4835//4835 5921//5921
f 2031//2031 5926//5926 4925//4925
f 4891//4891 4892//4892 2135//2135
f 2053//2053 4684//4684 5962//5962
f 4733//4733 4701//4701 2053//2053
f 6165//6165 2171//2171 4827//4827
f 4700//4700 4913//4913 4796//4796
f 2111//2111 2110//2110 4945//4945
f 4763//4763 5787//5787 1868//1868
f 1916//1916 5785//5785 4926//4926
f 6262//6262 5920//5920 5785//5785
f 4926//4926 4834//4834 1914//1914
f 1827//1827 4686//4686 1065//1065
f 4915//4915 2157//2157 2156//2156
f 4769//4769 6468//6468 1892//1892
f 4671//4671 4708//4708 5928//5928
f 4927//4927 5928//5928 1970//1970
f 5769//5769 50//50 3772//3772
f 5791//5791 5786//5786 4931//4931
f 4931//4931 5927//5927 5929//5929
f 5927//5927 4931//4931 5786//5786
f 4768//4768 6167//6167 4836//4836
f 6167//6167 4769//4769 4927//4927
f 5921//5921 4927//4927 1970//1970
f 4771//4771 1918//1918 5925//5925
f 5915//5915 2266//2266 4742//4742
f 6056//6056 2104//2104 2158//2158
f 4723//4723 4884//4884 5775//5775
f 5776//5776 4899//4899 2043//2043
f 5929//5929 5930//5930 4931//4931
f 5792//5792 4835//4835 5918//5918
f 4909//4909 4715//4715 2015//2015
f 5882//5882 4950//4950 3968//3968
f 3968//3968 2373//2373 6356//6356
f 3968//3968 6356//6356 5931//5931
f 5931//5931 6356//6356 4951//4951
f 4953//4953 689//689 5870//5870
f 689//689 4953//4953 4952//4952
f 5793//5793 4203//4203 5902//5902
f 4203//4203 5793//5793 2459//2459
f 6177//6177 4979//4979 5939//5939
f 2601//2601 4995//4995 2605//2605
f 5932//5932 2528//2528 2527//2527
f 5032//5032 2620//2620 2419//2419
f 5901//5901 5018//5018 4200//4200
f 4200//4200 2389//2389 1198//1198
f 5039//5039 5812//5812 5038//5038
f 5039//5039 5038//5038 2590//2590
f 5935//5935 5216//5216 5048//5048
f 2651//2651 5947//5947 2591//2591
f 2731//2731 5055//5055 2730//2730
f 5797//5797 2657//2657 4996//4996
f 5936//5936 5948//5948 5252//5252
f 5818//5818 2435//2435 6622//6622
f 2752//2752 2753//2753 2568//2568
f 5934//5934 5084//5084 2482//2482
f 5183//5183 5161//5161 5943//5943
f 5805//5805 5943//5943 5099//5099
f 6229//6229 5026//5026 2581//2581
f 5812//5812 5103//5103 5104//5104
f 5103//5103 5937//5937 5938//5938
f 5104//5104 5938//5938 2649//2649
f 5143//5143 5819//5819 2530//2530
f 6494//6494 5118//5118 5119//5119
f 5119//5119 5936//5936 2531//2531
f 5047//5047 6177//6177 5939//5939
f 5823//5823 709//709 5824//5824
f 4957//4957 5941//5941 5188//5188
f 5941//5941 4957//4957 5896//5896
f 5103//5103 5941//5941 5937//5937
f 5941//5941 5103//5103 5188//5188
f 5817//5817 5942//5942 6351//6351
f 5100//5100 5817//5817 6351//6351
f 5943//5943 2582//2582 5183//5183
f 575//575 5944//5944 4950//4950
f 5193//5193 5944//5944 6323//6323
f 5945//5945 5937//5937 5889//5889
f 5794//5794 5937//5937 5945//5945
f 5201//5201 4962//4962 2619//2619
f 6419//6419 2376//2376 2377//2377
f 5230//5230 5815//5815 5231//5231
f 2484//2484 5231//5231 5815//5815
f 5227//5227 6183//6183 5148//5148
f 5059//5059 5949//5949 2571//2571
f 5949//5949 5194//5194 2571//2571
f 6266//6266 2601//2601 2605//2605
f 5173//5173 5797//5797 5246//5246
f 2649//2649 5938//5938 5237//5237
f 2718//2718 5813//5813 5117//5117
f 5946//5946 5232//5232 5816//5816
f 3936//3936 5816//5816 5232//5232
f 5118//5118 5164//5164 5942//5942
f 2383//2383 5817//5817 5100//5100
f 2432//2432 4966//4966 2426//2426
f 2484//2484 5252//5252 5948//5948
f 5948//5948 5936//5936 5118//5118
f 6183//6183 5935//5935 6184//6184
f 5255//5255 5935//5935 5048//5048
f 5933//5933 5270//5270 5245//5245
f 5821//5821 5947//5947 2785//2785
f 5081//5081 5821//5821 2785//2785
f 5822//5822 5059//5059 2571//2571
f 5820//5820 5090//5090 2655//2655
f 4955//4955 6323//6323 3925//3925
f 575//575 3925//3925 5944//5944
f 6323//6323 5944//5944 3925//3925
f 5940//5940 2488//2488 2541//2541
f 2370//2370 5823//5823 5281//5281
f 2649//2649 6075//6075 5163//5163
f 6087//6087 5959//5959 2816//2816
f 5871//5871 6551//6551 2821//2821
f 5405//5405 3081//3081 5475//5475
f 6230//6230 3368//3368 3437//3437
f 24//24 5501//5501 3693//3693
f 2889//2889 5503//5503 3217//3217
f 5618//5618 5517//5517 3145//3145
f 5952//5952 5556//5556 5529//5529
f 5558//5558 6098//6098 6578//6578
f 2862//2862 2859//2859 5323//5323
f 5605//5605 3225//3225 5606//5606
f 5362//5362 5597//5597 3012//3012
f 5950//5950 6185//6185 49//49
f 3327//3327 5590//5590 3439//3439
f 2848//2848 28//28 5477//5477
f 5440//5440 5843//5843 3277//3277
f 5831//5831 3348//3348 3317//3317
f 5844//5844 3210//3210 5583//5583
f 493//493 390//390 389//389
f 5826//5826 5989//5989 696//696
f 5307//5307 576//576 3810//3810
f 1342//1342 5954//5954 1087//1087
f 4725//4725 2493//2493 2413//2413
f 5956//5956 3386//3386 5562//5562
f 2943//2943 2912//2912 5335//5335
f 3569//3569 1845//1845 4863//4863
f 808//808 5953//5953 714//714
f 5960//5960 4295//4295 1558//1558
f 5857//5857 3722//3722 5782//5782
f 4667//4667 5963//5963 6162//6162
f 2355//2355 1075//1075 1239//1239
f 6469//6469 5963//5963 56//56
f 2489//2489 3826//3826 615//615
f 5964//5964 1382//1382 1486//1486
f 1832//1832 1984//1984 4703//4703
f 1832//1832 1838//1838 1984//1984
f 5965//5965 1198//1198 5006//5006
f 4411//4411 1310//1310 5765//5765
f 5969//5969 2087//2087 1965//1965
f 3122//3122 5478//5478 5391//5391
f 620//620 64//64 6521//6521
f 4490//4490 1593//1593 1594//1594
f 5971//5971 1966//1966 2140//2140
f 3675//3675 490//490 386//386
f 6486//6486 6461//6461 4526//4526
f 5001//5001 6655//6655 6178//6178
f 150//150 5973//5973 11//11
f 6473//6473 177//177 629//629
f 3678//3678 3774//3774 3731//3731
f 340//340 145//145 195//195
f 5972//5972 5856//5856 3605//3605
f 440//440 302//302 432//432
f 472//472 6122//6122 1//1
f 3568//3568 3737//3737 6645//6645
f 461//461 5973//5973 143//143
f 383//383 6546//6546 334//334
f 344//344 464//464 157//157
f 449//449 274//274 346//346
f 5975//5975 503//503 109//109
f 15//15 260//260 200//200
f 323//323 490//490 3675//3675
f 5980//5980 277//277 280//280
f 5981//5981 6530//6530 7//7
f 5980//5980 280//280 430//430
f 5974//5974 536//536 288//288
f 5979//5979 245//245 305//305
f 368//368 433//433 417//417
f 296//296 414//414 294//294
f 5983//5983 554//554 349//349
f 5974//5974 3639//3639 3594//3594
f 36//36 3589//3589 37//37
f 3592//3592 511//511 360//360
f 86//86 415//415 527//527
f 3550//3550 5984//5984 3565//3565
f 5985//5985 240//240 3729//3729
f 543//543 190//190 378//378
f 5986//5986 3675//3675 3765//3765
f 5984//5984 195//195 151//151
f 294//294 501//501 301//301
f 561//561 15//15 200//200
f 494//494 349//349 6288//6288
f 23//23 3588//3588 217//217
f 5984//5984 269//269 195//195
f 554//554 5983//5983 480//480
f 560//560 5977//5977 6409//6409
f 448//448 5983//5983 482//482
f 483//483 5980//5980 429//429
f 3681//3681 5988//5988 3584//3584
f 190//190 6546//6546 6198//6198
f 4151//4151 6552//6552 6563//6563
f 569//569 567//567 571//571
f 569//569 571//571 5992//5992
f 5998//5998 988//988 929//929
f 866//866 6246//6246 3958//3958
f 887//887 5995//5995 1036//1036
f 780//780 5996//5996 990//990
f 5709//5709 744//744 752//752
f 844//844 1016//1016 892//892
f 5997//5997 828//828 895//895
f 783//783 984//984 987//987
f 739//739 5998//5998 930//930
f 949//949 6000//6000 950//950
f 4036//4036 6134//6134 3973//3973
f 3970//3970 6002//6002 955//955
f 726//726 5693//5693 884//884
f 653//653 654//654 4160//4160
f 6004//6004 4079//4079 3871//3871
f 3864//3864 6005//6005 6129//6129
f 845//845 6006//6006 846//846
f 6007//6007 903//903 855//855
f 3998//3998 3913//3913 722//722
f 893//893 844//844 892//892
f 6133//6133 6008//6008 4033//4033
f 6009//6009 816//816 4018//4018
f 6010//6010 784//784 786//786
f 1048//1048 1044//1044 703//703
f 1047//1047 793//793 6204//6204
f 6011//6011 3969//3969 4164//4164
f 618//618 937//937 938//938
f 1016//1016 844//844 1014//1014
f 832//832 5995//5995 887//887
f 3981//3981 3961//3961 4127//4127
f 5998//5998 929//929 930//930
f 5997//5997 3904//3904 828//828
f 6295//6295 3920//3920 871//871
f 696//696 5993//5993 749//749
f 5993//5993 696//696 5989//5989
f 3866//3866 6332//6332 6331//6331
f 6583//6583 3996//3996 4135//4135
f 4126//4126 6013//6013 3825//3825
f 6139//6139 889//889 892//892
f 975//975 702//702 2//2
f 5997//5997 770//770 5990//5990
f 5990//5990 769//769 891//891
f 6015//6015 932//932 991//991
f 774//774 3905//3905 3963//3963
f 631//631 6206//6206 730//730
f 1014//1014 6017//6017 1023//1023
f 660//660 6565//6565 3941//3941
f 5990//5990 3964//3964 5997//5997
f 3987//3987 610//610 6009//6009
f 1004//1004 1045//1045 788//788
f 763//763 5995//5995 998//998
f 4000//4000 595//595 3988//3988
f 3834//3834 651//651 652//652
f 4521//4521 6018//6018 1075//1075
f 6019//6019 1130//1130 1760//1760
f 1142//1142 1174//1174 6020//6020
f 1252//1252 4176//4176 1201//1201
f 1094//1094 4442//4442 6564//6564
f 1762//1762 1152//1152 1234//1234
f 1239//1239 6018//6018 4218//4218
f 1257//1257 6021//6021 1258//1258
f 1391//1391 6018//6018 4521//4521
f 4362//4362 1680//1680 1401//1401
f 1445//1445 6554//6554 4566//4566
f 1476//1476 6022//6022 1557//1557
f 4281//4281 1524//1524 1520//1520
f 1534//1534 4397//4397 1733//1733
f 6024//6024 1490//1490 1531//1531
f 6025//6025 1169//1169 1167//1167
f 1197//1197 6026//6026 4321//4321
f 6144//6144 4369//4369 4177//4177
f 6027//6027 1178//1178 4278//4278
f 1147//1147 6029//6029 6041//6041
f 1140//1140 1661//1661 1748//1748
f 1718//1718 5745//5745 1453//1453
f 6022//6022 1724//1724 1130//1130
f 1077//1077 6030//6030 1562//1562
f 1630//1630 1628//1628 1762//1762
f 1246//1246 6216//6216 1498//1498
f 1318//1318 6213//6213 4428//4428
f 6213//6213 1318//1318 1536//1536
f 1460//1460 1462//1462 4264//4264
f 5740//5740 1514//1514 4330//4330
f 1600//1600 5742//5742 1256//1256
f 1107//1107 4421//4421 6032//6032
f 6033//6033 1410//1410 4254//4254
f 6038//6038 6304//6304 4217//4217
f 1410//1410 6034//6034 1265//1265
f 1506//1506 1531//1531 1540//1540
f 6342//6342 1577//1577 1578//1578
f 1450//1450 6035//6035 1656//1656
f 1293//1293 1623//1623 1134//1134
f 6037//6037 1741//1741 6344//6344
f 1695//1695 6037//6037 1521//1521
f 1673//1673 6038//6038 1287//1287
f 1287//1287 6038//6038 1479//1479
f 6039//6039 4306//4306 4307//4307
f 4586//4586 6040//6040 4324//4324
f 1395//1395 1394//1394 4362//4362
f 1407//1407 6213//6213 1536//1536
f 1277//1277 1671//1671 4479//4479
f 1375//1375 6041//6041 6029//6029
f 1741//1741 1695//1695 1585//1585
f 1604//1604 6042//6042 1605//1605
f 6032//6032 1758//1758 1717//1717
f 4194//4194 1618//1618 5964//5964
f 1563//1563 1669//1669 1548//1548
f 1071//1071 1792//1792 4351//4351
f 1455//1455 4409//4409 4263//4263
f 6043//6043 1302//1302 1208//1208
f 6043//6043 4591//4591 4686//4686
f 6209//6209 1287//1287 1286//1286
f 1287//1287 6209//6209 1383//1383
f 1700//1700 1701//1701 1725//1725
f 1242//1242 4303//4303 1243//1243
f 1533//1533 1534//1534 1733//1733
f 1744//1744 6023//6023 1743//1743
f 6032//6032 4421//4421 1688//1688
f 1802//1802 1685//1685 5753//5753
f 6022//6022 6019//6019 1557//1557
f 4362//4362 1401//1401 1395//1395
f 6026//6026 1250//1250 4321//4321
f 4344//4344 6036//6036 1245//1245
f 6018//6018 1391//1391 4232//4232
f 1522//1522 1521//1521 6037//6037
f 6308//6308 6045//6045 4624//4624
f 6046//6046 1224//1224 4280//4280
f 1550//1550 6306//6306 6310//6310
f 4194//4194 5964//5964 1619//1619
f 1487//1487 6036//6036 1681//1681
f 6035//6035 6046//6046 1446//1446
f 6047//6047 4587//4587 5735//5735
f 1746//1746 1690//1690 1427//1427
f 1562//1562 6030//6030 1777//1777
f 4387//4387 1731//1731 4618//4618
f 4318//4318 1731//1731 1635//1635
f 4656//4656 4433//4433 1224//1224
f 1328//1328 1416//1416 1791//1791
f 1882//1882 6049//6049 4668//4668
f 5929//5929 5927//5927 102//102
f 4883//4883 1987//1987 2287//2287
f 6050//6050 4713//4713 6051//6051
f 6052//6052 2062//2062 1997//1997
f 2349//2349 1823//1823 6048//6048
f 6162//6162 4666//4666 1960//1960
f 2144//2144 6054//6054 4737//4737
f 6053//6053 2084//2084 2083//2083
f 1869//1869 6164//6164 4779//4779
f 2085//2085 1949//1949 6055//6055
f 2208//2208 6056//6056 2303//2303
f 2203//2203 2204//2204 5916//5916
f 6051//6051 2006//2006 2064//2064
f 2006//2006 6051//6051 1826//1826
f 4840//4840 6059//6059 4828//4828
f 2085//2085 6055//6055 2122//2122
f 6060//6060 2209//2209 4855//4855
f 1875//1875 4920//4920 2234//2234
f 6061//6061 6316//6316 2058//2058
f 6051//6051 4713//4713 4712//4712
f 6062//6062 2255//2255 2329//2329
f 4865//4865 4734//4734 6063//6063
f 1960//1960 6064//6064 2300//2300
f 2004//2004 4776//4776 2290//2290
f 4662//4662 4930//4930 6519//6519
f 6065//6065 2227//2227 6345//6345
f 2227//2227 6065//6065 4890//4890
f 2210//2210 2168//2168 2163//2163
f 1819//1819 2000//2000 1820//1820
f 2131//2131 6055//6055 2020//2020
f 2256//2256 2036//2036 4706//4706
f 2212//2212 2213//2213 4946//4946
f 1855//1855 2352//2352 1850//1850
f 1956//1956 1957//1957 4912//4912
f 2333//2333 6055//6055 1949//1949
f 4852//4852 6068//6068 5774//5774
f 4830//4830 2199//2199 2317//2317
f 6067//6067 2298//2298 1945//1945
f 2273//2273 6060//6060 1972//1972
f 6060//6060 2273//2273 2209//2209
f 4691//4691 6070//6070 1854//1854
f 6265//6265 1971//1971 2273//2273
f 4778//4778 6164//6164 1869//1869
f 2284//2284 4907//4907 5971//5971
f 2216//2216 4908//4908 4791//4791
f 2233//2233 4759//4759 2230//2230
f 2381//2381 2379//2379 2475//2475
f 6072//6072 5965//5965 2589//2589
f 2372//2372 2366//2366 2462//2462
f 5064//5064 6073//6073 2441//2441
f 6074//6074 2618//2618 2788//2788
f 6543//6543 6075//6075 2595//2595
f 2543//2543 6077//6077 2544//2544
f 5809//5809 2708//2708 5803//5803
f 6074//6074 2750//2750 2618//2618
f 6076//6076 5000//5000 4999//4999
f 6077//6077 2696//2696 2544//2544
f 5192//5192 4951//4951 6356//6356
f 2810//2810 6357//6357 2395//2395
f 1862//1862 6071//6071 5261//5261
f 2610//2610 2429//2429 6580//6580
f 2747//2747 6079//6079 5012//5012
f 2566//2566 2800//2800 2751//2751
f 2697//2697 6080//6080 5160//5160
f 6081//6081 2675//2675 2676//2676
f 6269//6269 2703//2703 2702//2702
f 2543//2543 2457//2457 2588//2588
f 6083//6083 4725//4725 2413//2413
f 6081//6081 2674//2674 2675//2675
f 2549//2549 6350//6350 5144//5144
f 2522//2522 6179//6179 5157//5157
f 2566//2566 2751//2751 5177//5177
f 2670//2670 5801//5801 5033//5033
f 6225//6225 2604//2604 6324//6324
f 2392//2392 6085//6085 5151//5151
f 6082//6082 2633//2633 2798//2798
f 6350//6350 2587//2587 4992//4992
f 5281//5281 5256//5256 5084//5084
f 6086//6086 2627//2627 5236//5236
f 6087//6087 5291//5291 2815//2815
f 2865//2865 2866//2866 5397//5397
f 5394//5394 5406//5406 3014//3014
f 3020//3020 6088//6088 3021//3021
f 5533//5533 6089//6089 5327//5327
f 5612//5612 5353//5353 5324//5324
f 3160//3160 6091//6091 3184//3184
f 6092//6092 2876//2876 3330//3330
f 3132//3132 3071//3071 3204//3204
f 3053//3053 2948//2948 3372//3372
f 6095//6095 6352//6352 3498//3498
f 5483//5483 6111//6111 5565//5565
f 2828//2828 2824//2824 2823//2823
f 5610//5610 3362//3362 3104//3104
f 3131//3131 3130//3130 5383//5383
f 3232//3232 6098//6098 5381//5381
f 3269//3269 6100//6100 3270//3270
f 3169//3169 2873//2873 2874//2874
f 6109//6109 3302//3302 3291//3291
f 3175//3175 3344//3344 6272//6272
f 5471//5471 6101//6101 3481//3481
f 3236//3236 6382//6382 3188//3188
f 3302//3302 5565//5565 6097//6097
f 6111//6111 6097//6097 5565//5565
f 6102//6102 3478//3478 5569//5569
f 5484//5484 6103//6103 5563//5563
f 3218//3218 3217//3217 5503//5503
f 6090//6090 3140//3140 3438//3438
f 2857//2857 5598//5598 3035//3035
f 6104//6104 3298//3298 3053//3053
f 3087//3087 3286//3286 2941//2941
f 6094//6094 3400//3400 5845//5845
f 6106//6106 3459//3459 3450//3450
f 6107//6107 3440//3440 5599//5599
f 6117//6117 3263//3263 3444//3444
f 5493//5493 6427//6427 5494//5494
f 6108//6108 5611//5611 5409//5409
f 2828//2828 2822//2822 3451//3451
f 2923//2923 3206//3206 5352//5352
f 6109//6109 3261//3261 5452//5452
f 6111//6111 5508//5508 6097//6097
f 5350//5350 3520//3520 3244//3244
f 5437//5437 3232//3232 3523//3523
f 5406//5406 2953//2953 2951//2951
f 3158//3158 6113//6113 5611//5611
f 3236//3236 3188//3188 5629//5629
f 2997//2997 2921//2921 3010//3010
f 3299//3299 6104//6104 6386//6386
f 5325//5325 3380//3380 3481//3481
f 6114//6114 3045//3045 5296//5296
f 5619//5619 3524//3524 5537//5537
f 3288//3288 6104//6104 3053//3053
f 3443//3443 3139//3139 3198//3198
f 6093//6093 3229//3229 6115//6115
f 3435//3435 6116//6116 5648//5648
f 6117//6117 3444//3444 6187//6187
f 34//34 3637//3637 165//165
f 6118//6118 58//58 6199//6199
f 5973//5973 462//462 143//143
f 3802//3802 6119//6119 249//249
f 6125//6125 3583//3583 323//323
f 170//170 5972//5972 3605//3605
f 6120//6120 3676//3676 299//299
f 220//220 3801//3801 221//221
f 409//409 412//412 3659//3659
f 5976//5976 3643//3643 292//292
f 3782//3782 183//183 81//81
f 6330//6330 6244//6244 6355//6355
f 3595//3595 6510//6510 5982//5982
f 5982//5982 231//231 3595//3595
f 1//1 6122//6122 3744//3744
f 421//421 3736//3736 3750//3750
f 6120//6120 3629//3629 6197//6197
f 3770//3770 355//355 39//39
f 520//520 3717//3717 519//519
f 6123//6123 3739//3739 362//362
f 454//454 71//71 5976//5976
f 5978//5978 3726//3726 317//317
f 3618//3618 548//548 3782//3782
f 6125//6125 3663//3663 3797//3797
f 3663//3663 6125//6125 323//323
f 6473//6473 77//77 177//177
f 6126//6126 466//466 3800//3800
f 3989//3989 3824//3824 6013//6013
f 3825//3825 6013//6013 3824//3824
f 985//985 6465//6465 2492//2492
f 574//574 3890//3890 705//705
f 709//709 3812//3812 578//578
f 720//720 6127//6127 3850//3850
f 6611//6611 756//756 3955//3955
f 6128//6128 742//742 6294//6294
f 6640//6640 745//745 4153//4153
f 817//817 596//596 3913//3913
f 5994//5994 878//878 3988//3988
f 672//672 3868//3868 3832//3832
f 3877//3877 3932//3932 3971//3971
f 3957//3957 5876//5876 866//866
f 6138//6138 3850//3850 6340//6340
f 3943//3943 4015//4015 6335//6335
f 6245//6245 6596//6596 3993//3993
f 6333//6333 4031//4031 6414//6414
f 881//881 944//944 5686//5686
f 6134//6134 5885//5885 3973//3973
f 6135//6135 756//756 6246//6246
f 3903//3903 6137//6137 4054//4054
f 976//976 4036//4036 3973//3973
f 6003//6003 3879//3879 719//719
f 6661//6661 830//830 829//829
f 6189//6189 754//754 5687//5687
f 3998//3998 6249//6249 3913//3913
f 4014//4014 6337//6337 4087//4087
f 658//658 4091//4091 5894//5894
f 764//764 6014//6014 3979//3979
f 4048//4048 966//966 3940//3940
f 773//773 6661//6661 829//829
f 850//850 6139//6139 1016//1016
f 6139//6139 850//850 737//737
f 757//757 4080//4080 6547//6547
f 4080//4080 757//757 4101//4101
f 1039//1039 6008//6008 4034//4034
f 6008//6008 1039//1039 4110//4110
f 6008//6008 963//963 4033//4033
f 709//709 578//578 4112//4112
f 6127//6127 720//720 4116//4116
f 574//574 6012//6012 3890//3890
f 711//711 5890//5890 6339//6339
f 776//776 6252//6252 777//777
f 643//643 3854//3854 634//634
f 6131//6131 4128//4128 3887//3887
f 3816//3816 6140//6140 4112//4112
f 6140//6140 709//709 4112//4112
f 4078//4078 4092//4092 5697//5697
f 5692//5692 6141//6141 5710//5710
f 6364//6364 979//979 4134//4134
f 1035//1035 6142//6142 591//591
f 4096//4096 779//779 4150//4150
f 714//714 6129//6129 808//808
f 6129//6129 714//714 3944//3944
f 3826//3826 885//885 886//886
f 4091//4091 4160//4160 654//654
f 1023//1023 4057//4057 5691//5691
f 6138//6138 6005//6005 3974//3974
f 3950//3950 5898//5898 967//967
f 6565//6565 663//663 659//659
f 4113//4113 4060//4060 980//980
f 6004//6004 3871//3871 5688//5688
f 5688//5688 6136//6136 6004//6004
f 6137//6137 823//823 4105//4105
f 653//653 4160//4160 733//733
f 5991//5991 6484//6484 778//778
f 6564//6564 4442//4442 1088//1088
f 6214//6214 6020//6020 6548//6548
f 6042//6042 4211//4211 1217//1217
f 4220//4220 1246//1246 4482//4482
f 4283//4283 4229//4229 1297//1297
f 4563//4563 6144//6144 4237//4237
f 6302//6302 4278//4278 1179//1179
f 4302//4302 6342//6342 1578//1578
f 6303//6303 6147//6147 1296//1296
f 1656//1656 6035//6035 6608//6608
f 6149//6149 1357//1357 4356//4356
f 6486//6486 6145//6145 6461//6461
f 6150//6150 4379//4379 1601//1601
f 1278//1278 4355//4355 6021//6021
f 1258//1258 6021//6021 4355//4355
f 4429//4429 1770//1770 1256//1256
f 6031//6031 4432//4432 1360//1360
f 4612//4612 4434//4434 1280//1280
f 6030//6030 4445//4445 1777//1777
f 1714//1714 4293//4293 4294//4294
f 6143//6143 4590//4590 4219//4219
f 1522//1522 4470//4470 4577//4577
f 6354//6354 4478//4478 4258//4258
f 1461//1461 6148//6148 4264//4264
f 6152//6152 4491//4491 4636//4636
f 1609//1609 6153//6153 6594//6594
f 6153//6153 1609//1609 1610//1610
f 1675//1675 1439//1439 4403//4403
f 1194//1194 6154//6154 4437//4437
f 6155//6155 4547//4547 1216//1216
f 6026//6026 4332//4332 6311//6311
f 6608//6608 6035//6035 1446//1446
f 6146//6146 4193//4193 1159//1159
f 1429//1429 6158//6158 4253//4253
f 6159//6159 4643//4643 4410//4410
f 1438//1438 1563//1563 1548//1548
f 4394//4394 4609//4609 1779//1779
f 1152//1152 6214//6214 1153//1153
f 1215//1215 6257//6257 1213//1213
f 6043//6043 1067//1067 4178//4178
f 4277//4277 6160//6160 4390//4390
f 1519//1519 1468//1468 1804//1804
f 4625//4625 6305//6305 6459//6459
f 6044//6044 6459//6459 6305//6305
f 1734//1734 6152//6152 4636//4636
f 1741//1741 1700//1700 6344//6344
f 6152//6152 6023//6023 1744//1744
f 6157//6157 6279//6279 4473//4473
f 6305//6305 4625//4625 1411//1411
f 4370//4370 1336//1336 4472//4472
f 1185//1185 6034//6034 1410//1410
f 4218//4218 6018//6018 1299//1299
f 1498//1498 6216//6216 4650//4650
f 5744//5744 6216//6216 1398//1398
f 1746//1746 1427//1427 4655//4655
f 6161//6161 4547//4547 6155//6155
f 4417//4417 6161//6161 6155//6155
f 4546//4546 1467//1467 1569//1569
f 1522//1522 4577//4577 4282//4282
f 1882//1882 4668//4668 6083//6083
f 5929//5929 102//102 3543//3543
f 6261//6261 2033//2033 1961//1961
f 2033//2033 6261//6261 4696//4696
f 1882//1882 6083//6083 2439//2439
f 2300//2300 6261//6261 1880//1880
f 1960//1960 4667//4667 6162//6162
f 1979//1979 6163//6163 4730//4730
f 2154//2154 4851//4851 2284//2284
f 6164//6164 4916//4916 2171//2171
f 2171//2171 6165//6165 6164//6164
f 6378//6378 4706//4706 2036//2036
f 6166//6166 4764//4764 2137//2137
f 4769//4769 6167//6167 6468//6468
f 4781//4781 6168//6168 4894//4894
f 1982//1982 6169//6169 4782//4782
f 2022//2022 4735//4735 2132//2132
f 2044//2044 2216//2216 4791//4791
f 2022//2022 4923//4923 4792//4792
f 1879//1879 6170//6170 4793//4793
f 4764//4764 6166//6166 1873//1873
f 6064//6064 2137//2137 2300//2300
f 2108//2108 2303//2303 6056//6056
f 2303//2303 2108//2108 2297//2297
f 6069//6069 2141//2141 2148//2148
f 6064//6064 4826//4826 1872//1872
f 2203//2203 5916//5916 2283//2283
f 5785//5785 5920//5920 6171//6171
f 2106//2106 4824//4824 2105//2105
f 6478//6478 6166//6166 1872//1872
f 2055//2055 6063//6063 4866//4866
f 6063//6063 5789//5789 4866//4866
f 5789//5789 6063//6063 4734//4734
f 1956//1956 4912//4912 1963//1963
f 1993//1993 1992//1992 1994//1994
f 4943//4943 2336//2336 6265//6265
f 2118//2118 1826//1826 4712//4712
f 2031//2031 1959//1959 5926//5926
f 5926//5926 6280//6280 4891//4891
f 6168//6168 4738//4738 4894//4894
f 6168//6168 2186//2186 2187//2187
f 4903//4903 2133//2133 2023//2023
f 6083//6083 4668//4668 4725//4725
f 4828//4828 6172//6172 6346//6346
f 4690//4690 1847//1847 1951//1951
f 6169//6169 1982//1982 1981//1981
f 1955//1955 6638//6638 6641//6641
f 6172//6172 4850//4850 2092//2092
f 6065//6065 2252//2252 2333//2333
f 4828//4828 6059//6059 2032//2032
f 6265//6265 2273//2273 1888//1888
f 4778//4778 1869//1869 1950//1950
f 4942//4942 6059//6059 4839//4839
f 4788//4788 6066//6066 2285//2285
f 1896//1896 4924//4924 6315//6315
f 2284//2284 2035//2035 4907//4907
f 6068//6068 4897//4897 5774//5774
f 6264//6264 2177//2177 2176//2176
f 4704//4704 2113//2113 2056//2056
f 2035//2035 4851//4851 6172//6172
f 4763//4763 1846//1846 5787//5787
f 2657//2657 5232//5232 5946//5946
f 5097//5097 6174//6174 5217//5217
f 6176//6176 2730//2730 5055//5055
f 2737//2737 2399//2399 2546//2546
f 4947//4947 2402//2402 4961//4961
f 6177//6177 5047//5047 5025//5025
f 6178//6178 5080//5080 2528//2528
f 6228//6228 2636//2636 2578//2578
f 5106//5106 2555//2555 2556//2556
f 2508//2508 6181//6181 5134//5134
f 6350//6350 2549//2549 6379//6379
f 4973//4973 2452//2452 5804//5804
f 2725//2725 5162//5162 2726//2726
f 6226//6226 5176//5176 2787//2787
f 2407//2407 5092//5092 2607//2607
f 5046//5046 6182//6182 2373//2373
f 6182//6182 5192//5192 6356//6356
f 6179//6179 2518//2518 2464//2464
f 6379//6379 2402//2402 6542//6542
f 5254//5254 6184//6184 5255//5255
f 5024//5024 6182//6182 6175//6175
f 6182//6182 5024//5024 5192//5192
f 5260//5260 2407//2407 5169//5169
f 6181//6181 5081//5081 5134//5134
f 2388//2388 5271//5271 5058//5058
f 5272//5272 6269//6269 2702//2702
f 2508//2508 2758//2758 2509//2509
f 2770//2770 2533//2533 5278//5278
f 5083//5083 5172//5172 5057//5057
f 2370//2370 5281//5281 5084//5084
f 5297//5297 2890//2890 3146//3146
f 6122//6122 2961//2961 3744//3744
f 5327//5327 6089//6089 5534//5534
f 3046//3046 5534//5534 6089//6089
f 5417//5417 5400//5400 3001//3001
f 5337//5337 3061//3061 2945//2945
f 6105//6105 2945//2945 5550//5550
f 5539//5539 5371//5371 3132//3132
f 2839//2839 5389//5389 2864//2864
f 2928//2928 2920//2920 3335//3335
f 2888//2888 5333//5333 3126//3126
f 5402//5402 3073//3073 3011//3011
f 6088//6088 5610//5610 3104//3104
f 5341//5341 6113//6113 3158//3158
f 5617//5617 3180//3180 3121//3121
f 3180//3180 2901//2901 6471//6471
f 5526//5526 6111//6111 6480//6480
f 3510//3510 6187//6187 6238//6238
f 5630//5630 5510//5510 5631//5631
f 6100//6100 3426//3426 3270//3270
f 6112//6112 5367//5367 5530//5530
f 2881//2881 2884//2884 2982//2982
f 5530//5530 5301//5301 6112//6112
f 5615//5615 5381//5381 6100//6100
f 6386//6386 6104//6104 5546//5546
f 3261//3261 6109//6109 3291//3291
f 3067//3067 3127//3127 3375//3375
f 5285//5285 3310//3310 2820//2820
f 5553//5553 3018//3018 2976//2976
f 5536//5536 3120//3120 6275//6275
f 5486//5486 6115//6115 3477//3477
f 5543//5543 3075//3075 5401//5401
f 6282//6282 6185//6185 5386//5386
f 2911//2911 2906//2906 5300//5300
f 5611//5611 6113//6113 3104//3104
f 3021//3021 6113//6113 3030//3030
f 2841//2841 2840//2840 3186//3186
f 6278//6278 2841//2841 5424//5424
f 3552//3552 6185//6185 6282//6282
f 2836//2836 6110//6110 6669//6669
f 3510//3510 5566//5566 3485//3485
f 6112//6112 3513//3513 5367//5367
f 5382//5382 3296//3296 5535//5535
f 3082//3082 5514//5514 6186//6186
f 3382//3382 6188//6188 3233//3233
f 6099//6099 5342//5342 6605//6605
f 6187//6187 3510//3510 6117//6117
f 5686//5686 6338//6338 881//881
f 5698//5698 6137//6137 3903//3903
f 6259//6259 1713//1713 4375//4375
f 1529//1529 1397//1397 5960//5960
f 2587//2587 5263//5263 5811//5811
f 6092//6092 5369//5369 2876//2876
f 3475//3475 5456//5456 3348//3348
f 5851//5851 5861//5861 3538//3538
f 173//173 6120//6120 299//299
f 89//89 5851//5851 6329//6329
f 5671//5671 3749//3749 5861//5861
f 6502//6502 3808//3808 6469//6469
f 3911//3911 754//754 6189//6189
f 866//866 6135//6135 6246//6246
f 5708//5708 6599//6599 5707//5707
f 3838//3838 4091//4091 658//658
f 6190//6190 1093//1093 1095//1095
f 6156//6156 4597//4597 4367//4367
f 5761//5761 5733//5733 4631//4631
f 5963//5963 5781//5781 6388//6388
f 5920//5920 6163//6163 6171//6171
f 4891//4891 6280//6280 4892//4892
f 1827//1827 1065//1065 1066//1066
f 4941//4941 6173//6173 1915//1915
f 6183//6183 6184//6184 5148//5148
f 2565//2565 6322//6322 4967//4967
f 5477//5477 28//28 29//29
f 5411//5411 5536//5536 6273//6273
f 5536//5536 5411//5411 6327//6327
f 56//56 6502//6502 6469//6469
f 6162//6162 5963//5963 6469//6469
f 40//40 6191//6191 36//36
f 36//36 6191//6191 3589//3589
f 51//51 6192//6192 357//357
f 403//403 427//427 6192//6192
f 3778//3778 6192//6192 427//427
f 68//68 520//520 77//77
f 6194//6194 63//63 506//506
f 6283//6283 17//17 268//268
f 449//449 407//407 426//426
f 235//235 439//439 236//236
f 6410//6410 150//150 151//151
f 168//168 40//40 36//36
f 350//350 343//343 3588//3588
f 6387//6387 3664//3664 411//411
f 6196//6196 330//330 391//391
f 3724//3724 3545//3545 3668//3668
f 496//496 6410//6410 146//146
f 6193//6193 3700//3700 364//364
f 3575//3575 6443//6443 188//188
f 200//200 344//344 561//561
f 263//263 6514//6514 340//340
f 5675//5675 6196//6196 251//251
f 64//64 6199//6199 3671//3671
f 6200//6200 3716//3716 6389//6389
f 3716//3716 6200//6200 3807//3807
f 6194//6194 454//454 3805//3805
f 984//984 985//985 3830//3830
f 987//987 965//965 966//966
f 831//831 6203//6203 773//773
f 925//925 949//949 924//924
f 841//841 643//643 839//839
f 614//614 723//723 5706//5706
f 986//986 6206//6206 631//631
f 6207//6207 4067//4067 6335//6335
f 1383//1383 6209//6209 1385//1385
f 6046//6046 6210//6210 1446//1446
f 1683//1683 4175//4175 1069//1069
f 1202//1202 6343//6343 4176//4176
f 1092//1092 4415//4415 1093//1093
f 1077//1077 6397//6397 6030//6030
f 1343//1343 1263//1263 4363//4363
f 1251//1251 1250//1250 6026//6026
f 1332//1332 1606//1606 6470//6470
f 4640//4640 6212//6212 4447//4447
f 6257//6257 1500//1500 1650//1650
f 1076//1076 5746//5746 1329//1329
f 1741//1741 6037//6037 1695//1695
f 6258//6258 1218//1218 1599//1599
f 1520//1520 1550//1550 1551//1551
f 1131//1131 1622//1622 1760//1760
f 1756//1756 4460//4460 1787//1787
f 6311//6311 1251//1251 6026//6026
f 4250//4250 6215//6215 1392//1392
f 6215//6215 4250//4250 1334//1334
f 6211//6211 4492//4492 6153//6153
f 6299//6299 4656//4656 1117//1117
f 6260//6260 1259//1259 1260//1260
f 1741//1741 1585//1585 1699//1699
f 1408//1408 6216//6216 1246//1246
f 2116//2116 6217//6217 1934//1934
f 4687//4687 1835//1835 4932//4932
f 6219//6219 2075//2075 2114//2114
f 6219//6219 2113//2113 2075//2075
f 6220//6220 2021//2021 2084//2084
f 6316//6316 6061//6061 1988//1988
f 4920//4920 1875//1875 2205//2205
f 4855//4855 2342//2342 6060//6060
f 6221//6221 2350//2350 4717//4717
f 6222//6222 2063//2063 2240//2240
f 2233//2233 2230//2230 2322//2322
f 4866//4866 4936//4936 2055//2055
f 4828//4828 4695//4695 2035//2035
f 2191//2191 2164//2164 2168//2168
f 6448//6448 4852//4852 2180//2180
f 6448//6448 6068//6068 4852//4852
f 2191//2191 2168//2168 6590//6590
f 6317//6317 4785//4785 6378//6378
f 4943//4943 6223//6223 2217//2217
f 2181//2181 6448//6448 2180//2180
f 4840//4840 2039//2039 4839//4839
f 4856//4856 2005//2005 2349//2349
f 4974//4974 4973//4973 2450//2450
f 6326//6326 6225//6225 5028//5028
f 6226//6226 2681//2681 2680//2680
f 2616//2616 2603//2603 2497//2497
f 2658//2658 2663//2663 6225//6225
f 2429//2429 2610//2610 2672//2672
f 2662//2662 2659//2659 5266//5266
f 5086//5086 5184//5184 6229//6229
f 6229//6229 5037//5037 5086//5086
f 6225//6225 6324//6324 2660//2660
f 2658//2658 6225//6225 6326//6326
f 2881//2881 6406//6406 5638//5638
f 5593//5593 5950//5950 3363//3363
f 2953//2953 5406//5406 3252//3252
f 6231//6231 2852//2852 5598//5598
f 5458//5458 6233//6233 6436//6436
f 5950//5950 2975//2975 3363//3363
f 3387//3387 6234//6234 3411//3411
f 6231//6231 3111//3111 2852//2852
f 3109//3109 3023//3023 6235//6235
f 3171//3171 3231//3231 3023//3023
f 6676//6676 3412//3412 3149//3149
f 5500//5500 6271//6271 6467//6467
f 5506//5506 6237//6237 5521//5521
f 5364//5364 5582//5582 3077//3077
f 5950//5950 5593//5593 6185//6185
f 6239//6239 3073//3073 3413//3413
f 6666//6666 2964//2964 2835//2835
f 3024//3024 6240//6240 3046//3046
f 6241//6241 6232//6232 5285//5285
f 3066//3066 6230//6230 3375//3375
f 5444//5444 5956//5956 5520//5520
f 6235//6235 3427//3427 5407//5407
f 3081//3081 5559//5559 5475//5475
f 6410//6410 5973//5973 150//150
f 6196//6196 329//329 251//251
f 72//72 6194//6194 506//506
f 6515//6515 3710//3710 58//58
f 3704//3704 6200//6200 5863//5863
f 6522//6522 3722//3722 3626//3626
f 3728//3728 3770//3770 216//216
f 3746//3746 548//548 3747//3747
f 89//89 97//97 5671//5671
f 3753//3753 3595//3595 231//231
f 3772//3772 6558//6558 5673//5673
f 3753//3753 6197//6197 3629//3629
f 3717//3717 3575//3575 188//188
f 507//507 3688//3688 542//542
f 3807//3807 6200//6200 3705//3705
f 6201//6201 490//490 3585//3585
f 6674//6674 3820//3820 6298//6298
f 6298//6298 3821//3821 6674//6674
f 3813//3813 6245//6245 583//583
f 742//742 3887//3887 4128//4128
f 673//673 6206//6206 986//986
f 3971//3971 751//751 6353//6353
f 800//800 3889//3889 3956//3956
f 6248//6248 3985//3985 6599//6599
f 992//992 6245//6245 3993//3993
f 6249//6249 4081//4081 6576//6576
f 5690//5690 3983//3983 1024//1024
f 1028//1028 3987//3987 3976//3976
f 711//711 3994//3994 1029//1029
f 843//843 6250//6250 1013//1013
f 3933//3933 4031//4031 922//922
f 6333//6333 922//922 4031//4031
f 877//877 5685//5685 817//817
f 3898//3898 871//871 870//870
f 6248//6248 6247//6247 868//868
f 808//808 875//875 6431//6431
f 4001//4001 3921//3921 6334//6334
f 3866//3866 3963//3963 1003//1003
f 711//711 1029//1029 4009//4009
f 6391//6391 754//754 6135//6135
f 4165//4165 6251//6251 6011//6011
f 707//707 6251//6251 3890//3890
f 4124//4124 5693//5693 5694//5694
f 3833//3833 6482//6482 4047//4047
f 6245//6245 3813//3813 6141//6141
f 6391//6391 3972//3972 755//755
f 3972//3972 6391//6391 866//866
f 807//807 806//806 4155//4155
f 963//963 4110//4110 997//997
f 6207//6207 807//807 4155//4155
f 654//654 4055//4055 5879//5879
f 609//609 4073//4073 5700//5700
f 3958//3958 6253//6253 804//804
f 6253//6253 3958//3958 6246//6246
f 722//722 923//923 4032//4032
f 6251//6251 4165//4165 749//749
f 3949//3949 643//643 841//841
f 4089//4089 6457//6457 3995//3995
f 6397//6397 6151//6151 6030//6030
f 1500//1500 5755//5755 1650//1650
f 4309//4309 6208//6208 1594//1594
f 6256//6256 4409//4409 1590//1590
f 4186//4186 1092//1092 1093//1093
f 4293//4293 4461//4461 1756//1756
f 6215//6215 6151//6151 6397//6397
f 6255//6255 4503//4503 1212//1212
f 1332//1332 6470//6470 1330//1330
f 6598//6598 6343//6343 1060//1060
f 1500//1500 6257//6257 1185//1185
f 1386//1386 4474//4474 6485//6485
f 4591//4591 1065//1065 4686//4686
f 6210//6210 4593//4593 1446//1446
f 6258//6258 1775//1775 4412//4412
f 1775//1775 6258//6258 1599//1599
f 1628//1628 6020//6020 6214//6214
f 6020//6020 1628//1628 4192//4192
f 1408//1408 4286//4286 4642//4642
f 6259//6259 4559//4559 4460//4460
f 6046//6046 1694//1694 6210//6210
f 1739//1739 6210//6210 1694//1694
f 1064//1064 4238//4238 1206//1206
f 1392//1392 6215//6215 6397//6397
f 4575//4575 6375//6375 4262//4262
f 4507//4507 1371//1371 1584//1584
f 1060//1060 6343//6343 4309//4309
f 4553//4553 1076//1076 1329//1329
f 4176//4176 6343//6343 6598//6598
f 6212//6212 4640//4640 1737//1737
f 1907//1907 4677//4677 1906//1906
f 6261//6261 2137//2137 4696//4696
f 4744//4744 4743//4743 1924//1924
f 6219//6219 4801//4801 2113//2113
f 4763//4763 4691//4691 4960//4960
f 4784//4784 57//57 5781//5781
f 5772//5772 4757//4757 4846//4846
f 2043//2043 4865//4865 6063//6063
f 2043//2043 6063//6063 2055//2055
f 2313//2313 6263//6263 2310//2310
f 6208//6208 6071//6071 1864//1864
f 6264//6264 4736//4736 2141//2141
f 4898//4898 6223//6223 4897//4897
f 4917//4917 6223//6223 4943//4943
f 2336//2336 4815//4815 1971//1971
f 1920//1920 4782//4782 4710//4710
f 6262//6262 4710//4710 4782//4782
f 6317//6317 2154//2154 4785//4785
f 2149//2149 6223//6223 4898//4898
f 6266//6266 5246//5246 2601//2601
f 5005//5005 5026//5026 6229//6229
f 5047//5047 6267//6267 5934//5934
f 5071//5071 2585//2585 2548//2548
f 6225//6225 2660//2660 5028//5028
f 2529//2529 6268//6268 2725//2725
f 5107//5107 5062//5062 5061//5061
f 5113//5113 5199//5199 6505//6505
f 2411//2411 2739//2739 6269//6269
f 6269//6269 5272//5272 5030//5030
f 5162//5162 5932//5932 2527//2527
f 6277//6277 2871//2871 5294//5294
f 2888//2888 6270//6270 5333//5333
f 6243//6243 5393//5393 3286//3286
f 5355//5355 3454//3454 6271//6271
f 5326//5326 6271//6271 3454//3454
f 6234//6234 6676//6676 5575//5575
f 3195//3195 5312//5312 2992//2992
f 3087//3087 6243//6243 3286//3286
f 2953//2953 3252//3252 6425//6425
f 6273//6273 6275//6275 5951//5951
f 6270//6270 3374//3374 5333//5333
f 2880//2880 3236//3236 2872//2872
f 5355//5355 6271//6271 5500//5500
f 6471//6471 5331//5331 3180//3180
f 3175//3175 6272//6272 3100//3100
f 6274//6274 5392//5392 3203//3203
f 6452//6452 6271//6271 2842//2842
f 2869//2869 6277//6277 6233//6233
f 6274//6274 5516//5516 5392//5392
f 2816//2816 6241//6241 6087//6087
f 6428//6428 5617//5617 5839//5839
f 5605//5605 6278//6278 6240//6240
f 3519//3519 5446//5446 3169//3169
f 6102//6102 3511//3511 3478//3478
f 5295//5295 3326//3326 5458//5458
f 5638//5638 6406//6406 2882//2882
f 3408//3408 5835//5835 6428//6428
f 5632//5632 6428//6428 5835//5835
f 6095//6095 3509//3509 3515//3515
f 3461//3461 6237//6237 3521//3521
f 5291//5291 6241//6241 5285//5285
f 6235//6235 5407//5407 5584//5584
f 2840//2840 2841//2841 6278//6278
f 645//645 6126//6126 3598//3598
f 645//645 5652//5652 641//641
f 1024//1024 5705//5705 5690//5690
f 614//614 5706//5706 612//612
f 6279//6279 1185//1185 6033//6033
f 1078//1078 5730//5730 6398//6398
f 5734//5734 1260//1260 6668//6668
f 6279//6279 1500//1500 1185//1185
f 5823//5823 5824//5824 4988//4988
f 3046//3046 6240//6240 3031//3031
f 5833//5833 2881//2881 2872//2872
f 6240//6240 3446//3446 3031//3031
f 3638//3638 3772//3772 5673//5673
f 3539//3539 3746//3746 3747//3747
f 223//223 5673//5673 6558//6558
f 5904//5904 4545//4545 5750//5750
f 1600//1600 4459//4459 5742//5742
f 1917//1917 4770//4770 4771//4771
f 5047//5047 5939//5939 6267//6267
f 4490//4490 1594//1594 6208//6208
f 346//346 274//274 402//402
f 3564//3564 5977//5977 121//121
f 1016//1016 6139//6139 892//892
f 4091//4091 654//654 5879//5879
f 6206//6206 849//849 6205//6205
f 1786//1786 1714//1714 6597//6597
f 1475//1475 4230//4230 6147//6147
f 4746//4746 6281//6281 1847//1847
f 2199//2199 2318//2318 2317//2317
f 6059//6059 4840//4840 4839//4839
f 2457//2457 6357//6357 2588//2588
f 2604//2604 5802//5802 6324//6324
f 6227//6227 2746//2746 5798//5798
f 3171//3171 3023//3023 3109//3109
f 6118//6118 6199//6199 614//614
f 373//373 3704//3704 5863//5863
f 6248//6248 800//800 3956//3956
f 3993//3993 5695//5695 3956//3956
f 5686//5686 944//944 939//939
f 922//922 3898//3898 870//870
f 6252//6252 5879//5879 777//777
f 6209//6209 1384//1384 1385//1385
f 4473//4473 5749//5749 4320//4320
f 6281//6281 1951//1951 1847//1847
f 2177//2177 2145//2145 2176//2176
f 5005//5005 6229//6229 5248//5248
f 6238//6238 6187//6187 5481//5481
f 6233//6233 6277//6277 5294//5294
f 3120//3120 5841//5841 6275//6275
f 5841//5841 3120//3120 5596//5596
f 6240//6240 6278//6278 3294//3294
f 5424//5424 3294//3294 6278//6278
f 3552//3552 6282//6282 5477//5477
f 1489//1489 5731//5731 4391//4391
f 5811//5811 5263//5263 2457//2457
f 187//187 188//188 3752//3752
f 3647//3647 6625//6625 374//374
f 3700//3700 6358//6358 337//337
f 300//300 6195//6195 294//294
f 6361//6361 6284//6284 373//373
f 6285//6285 517//517 541//541
f 6286//6286 272//272 3718//3718
f 6287//6287 341//341 6514//6514
f 6288//6288 47//47 494//494
f 6286//6286 200//200 260//260
f 526//526 517//517 6285//6285
f 6289//6289 6601//6601 404//404
f 69//69 6613//6613 68//68
f 515//515 526//526 6285//6285
f 3784//3784 331//331 110//110
f 449//449 346//346 407//407
f 300//300 294//294 301//301
f 254//254 6289//6289 393//393
f 337//337 529//529 535//535
f 535//535 3700//3700 337//337
f 6586//6586 3592//3592 218//218
f 493//493 389//389 504//504
f 513//513 6288//6288 6601//6601
f 5703//5703 690//690 6563//6563
f 6291//6291 949//949 925//925
f 6295//6295 6292//6292 3920//3920
f 5668//5668 6293//6293 2//2
f 3901//3901 759//759 818//818
f 6294//6294 742//742 888//888
f 3926//3926 6297//6297 801//801
f 638//638 3833//3833 637//637
f 6299//6299 1222//1222 1221//1221
f 6300//6300 6254//6254 1475//1475
f 4591//4591 6301//6301 4238//4238
f 1437//1437 1438//1438 4405//4405
f 1341//1341 4299//4299 1343//1343
f 4248//4248 6304//6304 1386//1386
f 1686//1686 5733//5733 1417//1417
f 4331//4331 1526//1526 1527//1527
f 1687//1687 6341//6341 1688//1688
f 6303//6303 1295//1295 6300//6300
f 6299//6299 1116//1116 1759//1759
f 1208//1208 6301//6301 4591//4591
f 6307//6307 4597//4597 1249//1249
f 6308//6308 5734//5734 4538//4538
f 6367//6367 6303//6303 6632//6632
f 4641//4641 5749//5749 4473//4473
f 1206//1206 4467//4467 4611//4611
f 6309//6309 1412//1412 1643//1643
f 1643//1643 1196//1196 6309//6309
f 1104//1104 6310//6310 1747//1747
f 1294//1294 1622//1622 1621//1621
f 6313//6313 2014//2014 2292//2292
f 1990//1990 6314//6314 1996//1996
f 2059//2059 6314//6314 1990//1990
f 6314//6314 2059//2059 2119//2119
f 4687//4687 6050//6050 1828//1828
f 2233//2233 4762//4762 2235//2235
f 6316//6316 1996//1996 1991//1991
f 6320//6320 1991//1991 1996//1996
f 4890//4890 2312//2312 6318//6318
f 1933//1933 2058//2058 2354//2354
f 6317//6317 6378//6378 2139//2139
f 6319//6319 2225//2225 2115//2115
f 2043//2043 2055//2055 5776//5776
f 6313//6313 2013//2013 2014//2014
f 6318//6318 2299//2299 2228//2228
f 6321//6321 4784//4784 4942//4942
f 1996//1996 6314//6314 6320//6320
f 4979//4979 6323//6323 5939//5939
f 2680//2680 6325//6325 6587//6587
f 4974//4974 2453//2453 5017//5017
f 2662//2662 2599//2599 5220//5220
f 6325//6325 2681//2681 6580//6580
f 2786//2786 2744//2744 2616//2616
f 6325//6325 2429//2429 2428//2428
f 2742//2742 6421//6421 2749//2749
f 5073//5073 5263//5263 2587//2587
f 2837//2837 5309//5309 2831//2831
f 6328//6328 3171//3171 3166//3166
f 3120//3120 6327//6327 3119//3119
f 5459//5459 3271//3271 6471//6471
f 6471//6471 3234//3234 5331//5331
f 3200//3200 3133//3133 5362//5362
f 3426//3426 2875//2875 3329//3329
f 3078//3078 3354//3354 3355//3355
f 6321//6321 59//59 57//57
f 374//374 6625//6625 6284//6284
f 6286//6286 3655//3655 200//200
f 6625//6625 379//379 373//373
f 6121//6121 6510//6510 3662//3662
f 6329//6329 3747//3747 3763//3763
f 3764//3764 6329//6329 3763//3763
f 6290//6290 107//107 3783//3783
f 6330//6330 3668//3668 110//110
f 6332//6332 3886//3886 3885//3885
f 6333//6333 3987//3987 1028//1028
f 4025//4025 3947//3947 6440//6440
f 6333//6333 3898//3898 922//922
f 4001//4001 6334//6334 874//874
f 6335//6335 4015//4015 807//807
f 921//921 983//983 3933//3933
f 6295//6295 3898//3898 1028//1028
f 6444//6444 3899//3899 4120//4120
f 3986//3986 6336//6336 6439//6439
f 6007//6007 891//891 4059//4059
f 4070//4070 886//886 885//885
f 4109//4109 4108//4108 983//983
f 874//874 6338//6338 4001//4001
f 711//711 6339//6339 941//941
f 3926//3926 5701//5701 6297//6297
f 6394//6394 6297//6297 5701//5701
f 4135//4135 759//759 6390//6390
f 875//875 6340//6340 813//813
f 958//958 609//609 5700//5700
f 4120//4120 6576//6576 876//876
f 1039//1039 4035//4035 4104//4104
f 638//638 637//637 990//990
f 674//674 854//854 5690//5690
f 978//978 999//999 5897//5897
f 6338//6338 5686//5686 4001//4001
f 6369//6369 1552//1552 4294//4294
f 1594//1594 1595//1595 4309//4309
f 4320//4320 6434//6434 6157//6157
f 1668//1668 4334//4334 1489//1489
f 1222//1222 6299//6299 1759//1759
f 1686//1686 1417//1417 4410//4410
f 4619//4619 1773//1773 4438//4438
f 4641//4641 4473//4473 5748//5748
f 5763//5763 1552//1552 6369//6369
f 6309//6309 6370//6370 1412//1412
f 1713//1713 6341//6341 4375//4375
f 1078//1078 6435//6435 1082//1082
f 6369//6369 4613//4613 5763//5763
f 1281//1281 5906//5906 1280//1280
f 1756//1756 4444//4444 4293//4293
f 1206//1206 4611//4611 1064//1064
f 6307//6307 1248//1248 4597//4597
f 4488//4488 6342//6342 1617//1617
f 4265//4265 4632//4632 1460//1460
f 4620//4620 5757//5757 1219//1219
f 4624//4624 6302//6302 5734//5734
f 4389//4389 5749//5749 6403//6403
f 6399//6399 4572//4572 1723//1723
f 6344//6344 1223//1223 1657//1657
f 6318//6318 2227//2227 4890//4890
f 4944//4944 6345//6345 2199//2199
f 6319//6319 4783//4783 4702//4702
f 2146//2146 6346//6346 2092//2092
f 4847//4847 6347//6347 5925//5925
f 4687//4687 1828//1828 2008//2008
f 2349//2349 6048//6048 2062//2062
f 2156//2156 2106//2106 2323//2323
f 6315//6315 2323//2323 2286//2286
f 4804//4804 6069//6069 2138//2138
f 4784//4784 6321//6321 57//57
f 4789//4789 6347//6347 5962//5962
f 6323//6323 4955//4955 5939//5939
f 5175//5175 6441//6441 669//669
f 2735//2735 6348//6348 2694//2694
f 5184//5184 5087//5087 2391//2391
f 6324//6324 2661//2661 2660//2660
f 6348//6348 2693//2693 2694//2694
f 2485//2485 5037//5037 5036//5036
f 2582//2582 6351//6351 4999//4999
f 4969//4969 6322//6322 2436//2436
f 2390//2390 5184//5184 2391//2391
f 4963//4963 6227//6227 2420//2420
f 2570//2570 5137//5137 2567//2567
f 2485//2485 5036//5036 2531//2531
f 5798//5798 5274//5274 2631//2631
f 2743//2743 2749//2749 2447//2447
f 6350//6350 6379//6379 5073//5073
f 5219//5219 2458//2458 2646//2646
f 3176//3176 3186//3186 2840//2840
f 5317//5317 2837//2837 2831//2831
f 5459//5459 6471//6471 2901//2901
f 6276//6276 3519//3519 6407//6407
f 3478//3478 5531//5531 3515//3515
f 3526//3526 6386//6386 5545//5545
f 5410//5410 6406//6406 5833//5833
f 2879//2879 5577//5577 2880//2880
f 5485//5485 6352//6352 6095//6095
f 3256//3256 3087//3087 3305//3305
f 3279//3279 5351//5351 5830//5830
f 5405//5405 3275//3275 5359//5359
f 6338//6338 874//874 924//924
f 6340//6340 6127//6127 813//813
f 4136//4136 5882//5882 5881//5881
f 4492//4492 1769//1769 1334//1334
f 1745//1745 1334//1334 1769//1769
f 6351//6351 5164//5164 5810//5810
f 281//281 5858//5858 5677//5677
f 6364//6364 609//609 958//958
f 3955//3955 6353//6353 6611//6611
f 6339//6339 4121//4121 713//713
f 5891//5891 4136//4136 5872//5872
f 978//978 5897//5897 4132//4132
f 6354//6354 6255//6255 1212//1212
f 6354//6354 4258//4258 4469//4469
f 5955//5955 1788//1788 1563//1563
f 1868//1868 5787//5787 2031//2031
f 6355//6355 6244//6244 5663//5663
f 6288//6288 349//349 6601//6601
f 849//849 783//783 6205//6205
f 6353//6353 4166//4166 6611//6611
f 3885//3885 4117//4117 6332//6332
f 6331//6331 6332//6332 4117//4117
f 730//730 6206//6206 6205//6205
f 1318//1318 4428//4428 1319//1319
f 4217//4217 6304//6304 4283//4283
f 6037//6037 6344//6344 1373//1373
f 1554//1554 6310//6310 6306//6306
f 6310//6310 1554//1554 1747//1747
f 2322//2322 5772//5772 4933//4933
f 2588//2588 6357//6357 2810//2810
f 5272//5272 2702//2702 2662//2662
f 3076//3076 3078//3078 3355//3355
f 3546//3546 6330//6330 6355//6355
f 331//331 252//252 6244//6244
f 6128//6128 6294//6294 781//781
f 6005//6005 6340//6340 875//875
f 4014//4014 4087//4087 3945//3945
f 6339//6339 5890//5890 4121//4121
f 4131//4131 3922//3922 6661//6661
f 6364//6364 4134//4134 609//609
f 6342//6342 1231//1231 1617//1617
f 4575//4575 6487//6487 1662//1662
f 6344//6344 1700//1700 1223//1223
f 2092//2092 6346//6346 6172//6172
f 4828//4828 6346//6346 4840//4840
f 4963//4963 2420//2420 2415//2415
f 5220//5220 5272//5272 2662//2662
f 6237//6237 3461//3461 3475//3475
f 3383//3383 5646//5646 5540//5540
f 3279//3279 5830//5830 5639//5639
f 6215//6215 1334//1334 1745//1745
f 5951//5951 3121//3121 6273//6273
f 3539//3539 6329//6329 5851//5851
f 6329//6329 3539//3539 3747//3747
f 4469//4469 6255//6255 6354//6354
f 4967//4967 2563//2563 2565//2565
f 6288//6288 513//513 563//563
f 1117//1117 4656//4656 4261//4261
f 3429//3429 5450//5450 5370//5370
f 3724//3724 6330//6330 3546//3546
f 4070//4070 3989//3989 3990//3990
f 921//921 3933//3933 922//922
f 4176//4176 6598//6598 1053//1053
f 2156//2156 2323//2323 4915//4915
f 3429//3429 5370//5370 3147//3147
f 5385//5385 3305//3305 3087//3087
f 6132//6132 4086//4086 6337//6337
f 373//373 5863//5863 6361//6361
f 331//331 6244//6244 110//110
f 5481//5481 6187//6187 6427//6427
f 5385//5385 3087//3087 2941//2941
f 3533//3533 70//70 6376//6376
f 6358//6358 459//459 393//393
f 6359//6359 526//526 336//336
f 149//149 6360//6360 474//474
f 6575//6575 333//333 331//331
f 6409//6409 563//563 560//560
f 5859//5859 3667//3667 78//78
f 6361//6361 3733//3733 6284//6284
f 151//151 145//145 146//146
f 37//37 160//160 159//159
f 3685//3685 301//301 409//409
f 3706//3706 6362//6362 6549//6549
f 916//916 6654//6654 712//712
f 4025//4025 994//994 6614//6614
f 942//942 4072//4072 6529//6529
f 4158//4158 5990//5990 891//891
f 6365//6365 3950//3950 1046//1046
f 1116//1116 6366//6366 1118//1118
f 4180//4180 4389//4389 1196//1196
f 1124//1124 6367//6367 1160//1160
f 6373//6373 4331//4331 1661//1661
f 1345//1345 6368//6368 1687//1687
f 6370//6370 4641//4641 4201//4201
f 1787//1787 1776//1776 1756//1756
f 1668//1668 1270//1270 1776//1776
f 6371//6371 5754//5754 4463//4463
f 6372//6372 4341//4341 1426//1426
f 1380//1380 6373//6373 4496//4496
f 6375//6375 5906//5906 1451//1451
f 1421//1421 1420//1420 1503//1503
f 4786//4786 6376//6376 4939//4939
f 6378//6378 2138//2138 2139//2139
f 6404//6404 6070//6070 1868//1868
f 2222//2222 1849//1849 2223//2223
f 4964//4964 6507//6507 4965//4965
f 2363//2363 2362//2362 2472//2472
f 2570//2570 2453//2453 6495//6495
f 5076//5076 2473//2473 5170//5170
f 2780//2780 2363//2363 2472//2472
f 3185//3185 3186//3186 3118//3118
f 3170//3170 3224//3224 5343//5343
f 3324//3324 6380//6380 3325//3325
f 6381//6381 5343//5343 5446//5446
f 3396//3396 5591//5591 3370//3370
f 3470//3470 3396//3396 3370//3370
f 3186//3186 5375//5375 3118//3118
f 3251//3251 3015//3015 3341//3341
f 3057//3057 6382//6382 6384//6384
f 6386//6386 5385//5385 3299//3299
f 6362//6362 3809//3809 6549//6549
f 5974//5974 3594//3594 175//175
f 6361//6361 290//290 3733//3733
f 3697//3697 3735//3735 3753//3753
f 6388//6388 6121//6121 3662//3662
f 3648//3648 6389//6389 3716//3716
f 6387//6387 411//411 54//54
f 6360//6360 199//199 474//474
f 3707//3707 5859//5859 78//78
f 188//188 187//187 3717//3717
f 5891//5891 3860//3860 3862//3862
f 6430//6430 3922//3922 952//952
f 6363//6363 870//870 6440//6440
f 4109//4109 4135//4135 6390//6390
f 6392//6392 3901//3901 819//819
f 4150//4150 6393//6393 5996//5996
f 833//833 639//639 6482//6482
f 6394//6394 708//708 4052//4052
f 872//872 4133//4133 6392//6392
f 6390//6390 6392//6392 4133//4133
f 6395//6395 4121//4121 4168//4168
f 6020//6020 4192//4192 1142//1142
f 6653//6653 4213//4213 5757//5757
f 4230//4230 6254//6254 4474//4474
f 4308//4308 6396//6396 4408//4408
f 1726//1726 4496//4496 6373//6373
f 1516//1516 4504//4504 1457//1457
f 6397//6397 1077//1077 1798//1798
f 6398//6398 4545//4545 1538//1538
f 1589//1589 4552//4552 1584//1584
f 4438//4438 6399//6399 4619//4619
f 5754//5754 6371//6371 4615//4615
f 6400//6400 4619//4619 1349//1349
f 6401//6401 6308//6308 4538//4538
f 6402//6402 4428//4428 1666//1666
f 6403//6403 6370//6370 6309//6309
f 1523//1523 1516//1516 1457//1457
f 6374//6374 4649//4649 1547//1547
f 4528//4528 6366//6366 1117//1117
f 1371//1371 1589//1589 1584//1584
f 3533//3533 6376//6376 4786//4786
f 4932//4932 4713//4713 4687//4687
f 4925//4925 6404//6404 1868//1868
f 2178//2178 2042//2042 4736//4736
f 4820//4820 4859//4859 4799//4799
f 1841//1841 4714//4714 1844//1844
f 4900//4900 4865//4865 2043//2043
f 6379//6379 6542//6542 5073//5073
f 5128//5128 2774//2774 2558//2558
f 5175//5175 671//671 2620//2620
f 6177//6177 5077//5077 5035//5035
f 2644//2644 5223//5223 5251//5251
f 6628//6628 2838//2838 5840//5840
f 3186//3186 5346//5346 5375//5375
f 5294//5294 6380//6380 2870//2870
f 6380//6380 5294//5294 3325//3325
f 6383//6383 2875//2875 6098//6098
f 5440//5440 3192//3192 3429//3429
f 5558//5558 3522//3522 6383//6383
f 6405//6405 5490//5490 5967//5967
f 3502//3502 3471//3471 5588//5588
f 5849//5849 5491//5491 5637//5637
f 3521//3521 6438//6438 3101//3101
f 5843//5843 5440//5440 3429//3429
f 4545//4545 6398//6398 4198//4198
f 6417//6417 2258//2258 4872//4872
f 5801//5801 5175//5175 2620//2620
f 6389//6389 3648//3648 3559//3559
f 6391//6391 5873//5873 754//754
f 1662//1662 4612//4612 6375//6375
f 4979//4979 6177//6177 5035//5035
f 5942//5942 5164//5164 6351//6351
f 2859//2859 3033//3033 5323//5323
f 1787//1787 1668//1668 1776//1776
f 5967//5967 3122//3122 6405//6405
f 449//449 435//435 274//274
f 1823//1823 1822//1822 6048//6048
f 2981//2981 6380//6380 3324//3324
f 6380//6380 2981//2981 5410//5410
f 754//754 5873//5873 5687//5687
f 4034//4034 6008//6008 6133//6133
f 6406//6406 5410//5410 2981//2981
f 5556//5556 5834//5834 5529//5529
f 6200//6200 6389//6389 5863//5863
f 4829//4829 2322//2322 4933//4933
f 2797//2797 2773//2773 2811//2811
f 5266//5266 2659//2659 2597//2597
f 2797//2797 2811//2811 2801//2801
f 4136//4136 5891//5891 6640//6640
f 6485//6485 6254//6254 4519//4519
f 6406//6406 2881//2881 5833//5833
f 3180//3180 5331//5331 3121//3121
f 3521//3521 6237//6237 5506//5506
f 6398//6398 5730//5730 4198//4198
f 4473//4473 4320//4320 6157//6157
f 6289//6289 522//522 393//393
f 3697//3697 3753//3753 3628//3628
f 5749//5749 4641//4641 6403//6403
f 4389//4389 6403//6403 6309//6309
f 5772//5772 5779//5779 4933//4933
f 2228//2228 2299//2299 6281//6281
f 6593//6593 6132//6132 4090//4090
f 2228//2228 6281//6281 4752//4752
f 941//941 4152//4152 6442//6442
f 297//297 298//298 296//296
f 6408//6408 3771//3771 3764//3764
f 49//49 47//47 6409//6409
f 563//563 6409//6409 47//47
f 536//536 5974//5974 371//371
f 350//350 160//160 3645//3645
f 6429//6429 6409//6409 5977//5977
f 769//769 5990//5990 770//770
f 6412//6412 989//989 1008//1008
f 6296//6296 812//812 3971//3971
f 840//840 638//638 6412//6412
f 927//927 989//989 6413//6413
f 6412//6412 6413//6413 989//989
f 6333//6333 6414//6414 3987//3987
f 4229//4229 6415//6415 1170//1170
f 1191//1191 6434//6434 4320//4320
f 1170//1170 6415//6415 1704//1704
f 6415//6415 4519//4519 1704//1704
f 1507//1507 1419//1419 1421//1421
f 6415//6415 4248//4248 6485//6485
f 6488//6488 1588//1588 1589//1589
f 1507//1507 1421//1421 6024//6024
f 1112//1112 4190//4190 1369//1369
f 2301//2301 2150//2150 2178//2178
f 6417//6417 1888//1888 1972//1972
f 2114//2114 2057//2057 2162//2162
f 2130//2130 2169//2169 2167//2167
f 6418//6418 4919//4919 2314//2314
f 1859//1859 6418//6418 1848//1848
f 6417//6417 1889//1889 1888//1888
f 4756//4756 5772//5772 2322//2322
f 5269//5269 6495//6495 4974//4974
f 6419//6419 5799//5799 5179//5179
f 2453//2453 6420//6420 5017//5017
f 2802//2802 6074//6074 5807//5807
f 6421//6421 2742//2742 2786//2786
f 5279//5279 2644//2644 2784//2784
f 6421//6421 2740//2740 2797//2797
f 2972//2972 2973//2973 3170//3170
f 6424//6424 5522//5522 3424//3424
f 3505//3505 3496//3496 3502//3502
f 2855//2855 2818//2818 2854//2854
f 2953//2953 5337//5337 2951//2951
f 3505//3505 3502//3502 3367//3367
f 6425//6425 3341//3341 3083//3083
f 3246//3246 3304//3304 6426//6426
f 6096//6096 5522//5522 6424//6424
f 6424//6424 2901//2901 6096//6096
f 3471//3471 6427//6427 3230//3230
f 3549//3549 123//123 410//410
f 5950//5950 49//49 6429//6429
f 6409//6409 6429//6429 49//49
f 3533//3533 5914//5914 73//73
f 6429//6429 3564//3564 5950//5950
f 420//420 326//326 422//422
f 413//413 3768//3768 232//232
f 433//433 413//413 232//232
f 6411//6411 555//555 223//223
f 3978//3978 6430//6430 820//820
f 6456//6456 961//961 4035//4035
f 597//597 3899//3899 6455//6455
f 4053//4053 983//983 921//921
f 6431//6431 6189//6189 5687//5687
f 6432//6432 1115//1115 1137//1137
f 6432//6432 6445//6445 4214//4214
f 5730//5730 6434//6434 4198//4198
f 4334//4334 1668//1668 1787//1787
f 4526//4526 6461//6461 6637//6637
f 4559//4559 4334//4334 1787//1787
f 6435//6435 1078//1078 6398//6398
f 6432//6432 4190//4190 1112//1112
f 6044//6044 4220//4220 4482//4482
f 1489//1489 1807//1807 1668//1668
f 3533//3533 1969//1969 5914//5914
f 4685//4685 4887//4887 4932//4932
f 1848//1848 6418//6418 2314//2314
f 1883//1883 4725//4725 2095//2095
f 4964//4964 2420//2420 6227//6227
f 4964//4964 2421//2421 2420//2420
f 5009//5009 2408//2408 6423//6423
f 2812//2812 2802//2802 5807//5807
f 2644//2644 5102//5102 2784//2784
f 5101//5101 6422//6422 2538//2538
f 2859//2859 5291//5291 2818//2818
f 5458//5458 6436//6436 5295//5295
f 5833//5833 6436//6436 2870//2870
f 3469//3469 5418//5418 3396//3396
f 5431//5431 5556//5556 2898//2898
f 5459//5459 6424//6424 3424//3424
f 5532//5532 2987//2987 2904//2904
f 6437//6437 5617//5617 6428//6428
f 5617//5617 6437//6437 3180//3180
f 6276//6276 6438//6438 3507//3507
f 2901//2901 6437//6437 5632//5632
f 1180//1180 5730//5730 1078//1078
f 6426//6426 5604//5604 3276//3276
f 3519//3519 6276//6276 3507//3507
f 5716//5716 6439//6439 6336//6336
f 1803//1803 1332//1332 1607//1607
f 769//769 770//770 771//771
f 2301//2301 2178//2178 4905//4905
f 6042//6042 1217//1217 5723//5723
f 6468//6468 6167//6167 2260//2260
f 5798//5798 4964//4964 6227//6227
f 6436//6436 6233//6233 2870//2870
f 6363//6363 4053//4053 921//921
f 6387//6387 297//297 296//296
f 346//346 406//406 407//407
f 350//350 3645//3645 498//498
f 6421//6421 2797//2797 2749//2749
f 5730//5730 5755//5755 6434//6434
f 6157//6157 6434//6434 5755//5755
f 5925//5925 6347//6347 1917//1917
f 1878//1878 1883//1883 2095//2095
f 6441//6441 4130//4130 669//669
f 1188//1188 6349//6349 6489//6489
f 5446//5446 3519//3519 3507//3507
f 6439//6439 5716//5716 5884//5884
f 5459//5459 5560//5560 5382//5382
f 6438//6438 6276//6276 3101//3101
f 1180//1180 1078//1078 5907//5907
f 2258//2258 2183//2183 4872//4872
f 6442//6442 4098//4098 4089//4089
f 404//404 522//522 6289//6289
f 5564//5564 6405//6405 3265//3265
f 941//941 6442//6442 3995//3995
f 489//489 6443//6443 247//247
f 242//242 6443//6443 489//489
f 326//326 5666//5666 3644//3644
f 4120//4120 3899//3899 877//877
f 6488//6488 1138//1138 4455//4455
f 6445//6445 1114//1114 1510//1510
f 6488//6488 4455//4455 1588//1588
f 1266//1266 1337//1337 1217//1217
f 1465//1465 6446//6446 4599//4599
f 6447//6447 4739//4739 4738//4738
f 6218//6218 6449//6449 6556//6556
f 2259//2259 6447//6447 2258//2258
f 2115//2115 2225//2225 2057//2057
f 2115//2115 2057//2057 1986//1986
f 6450//6450 3047//3047 6657//6657
f 3061//3061 3015//3015 3062//3062
f 6451//6451 6405//6405 5564//5564
f 5490//5490 6451//6451 3157//3157
f 6452//6452 3157//3157 6451//6451
f 3470//3470 6453//6453 3396//3396
f 5483//5483 5565//5565 3469//3469
f 410//410 6454//6454 3549//3549
f 592//592 6454//6454 5867//5867
f 325//325 6623//6623 6522//6522
f 640//640 6482//6482 639//639
f 5991//5991 4059//4059 891//891
f 6456//6456 962//962 961//961
f 4243//4243 6458//6458 4242//4242
f 4204//4204 4322//4322 1053//1053
f 4364//4364 1248//1248 6044//6044
f 6470//6470 6460//6460 4419//4419
f 4529//4529 1266//1266 1217//1217
f 4434//4434 6446//6446 1465//1465
f 6462//6462 1878//1878 4857//4857
f 2229//2229 2136//2136 4757//4757
f 6464//6464 4867//4867 4791//4791
f 5919//5919 4739//4739 6447//6447
f 4908//4908 6464//6464 4791//4791
f 1905//1905 6377//6377 1911//1911
f 4900//4900 4901//4901 4914//4914
f 2421//2421 4965//4965 2424//2424
f 6513//6513 2384//2384 6579//6579
f 2903//2903 5412//5412 2904//2904
f 6466//6466 5426//5426 2972//2972
f 5370//5370 5450//5450 6499//6499
f 3266//3266 3464//3464 6467//6467
f 5500//5500 6467//6467 3464//3464
f 6453//6453 5483//5483 3469//3469
f 5660//5660 172//172 3593//3593
f 5825//5825 2903//2903 2904//2904
f 3284//3284 5433//5433 5377//5377
f 6454//6454 558//558 5867//5867
f 3760//3760 6472//6472 5684//5684
f 6468//6468 2157//2157 1892//1892
f 4996//4996 2657//2657 5800//5800
f 6512//6512 6433//6433 4398//4398
f 6145//6145 4551//4551 1693//1693
f 4267//4267 4599//4599 6446//6446
f 6446//6446 6487//6487 4267//4267
f 343//343 351//351 3588//3588
f 6467//6467 6271//6271 6452//6452
f 4089//4089 3995//3995 6442//6442
f 5446//5446 5343//5343 3169//3169
f 4391//4391 5731//5731 6526//6526
f 6351//6351 5810//5810 4999//4999
f 783//783 987//987 6205//6205
f 978//978 4072//4072 999//999
f 3061//3061 3062//3062 3013//3013
f 3691//3691 6586//6586 32//32
f 6468//6468 2326//2326 2156//2156
f 2157//2157 6468//6468 2156//2156
f 6512//6512 4398//4398 1732//1732
f 3628//3628 3753//3753 3629//3629
f 5269//5269 4974//4974 2450//2450
f 6461//6461 4440//4440 6637//6637
f 4913//4913 4900//4900 4914//4914
f 5459//5459 3424//3424 5560//5560
f 6461//6461 6145//6145 1693//1693
f 5564//5564 6467//6467 6452//6452
f 5564//5564 6452//6452 6451//6451
f 4089//4089 4098//4098 4068//4068
f 279//279 498//498 162//162
f 3796//3796 6481//6481 6472//6472
f 6481//6481 3796//3796 3743//3743
f 65//65 64//64 3671//3671
f 6474//6474 908//908 977//977
f 6474//6474 910//910 908//908
f 827//827 6475//6475 826//826
f 4060//4060 6476//6476 4064//4064
f 6579//6579 2384//2384 6489//6489
f 6487//6487 1471//1471 4267//4267
f 4216//4216 4340//4340 4555//4555
f 2269//2269 2351//2351 2059//2059
f 2126//2126 2165//2165 2125//2125
f 2351//2351 2269//2269 2061//2061
f 2221//2221 2315//2315 2019//2019
f 2267//2267 2115//2115 1986//1986
f 6492//6492 2812//2812 2609//2609
f 3125//3125 5526//5526 6480//6480
f 6480//6480 5483//5483 6658//6658
f 325//325 6660//6660 3586//3586
f 426//426 287//287 3691//3691
f 3558//3558 3706//3706 174//174
f 186//186 6481//6481 3743//3743
f 6481//6481 186//186 86//86
f 640//640 6483//6483 6482//6482
f 3884//3884 6475//6475 827//827
f 3982//3982 4139//4139 783//783
f 4047//4047 6483//6483 1046//1046
f 717//717 6476//6476 4060//4060
f 6484//6484 771//771 6393//6393
f 6475//6475 5883//5883 826//826
f 1046//1046 6483//6483 6365//6365
f 876//876 6547//6547 3999//3999
f 993//993 1038//1038 4112//4112
f 6484//6484 6393//6393 779//779
f 6477//6477 1189//1189 6489//6489
f 6485//6485 4474//4474 6254//6254
f 1358//1358 6486//6486 4240//4240
f 1508//1508 4603//4603 4420//4420
f 4306//4306 6488//6488 4307//4307
f 6488//6488 6396//6396 4307//4307
f 1188//1188 6489//6489 1189//1189
f 4489//4489 1584//1584 4633//4633
f 4285//4285 6490//6490 4295//4295
f 6490//6490 4285//4285 1492//1492
f 2005//2005 4713//4713 6491//6491
f 4887//4887 6491//6491 4932//4932
f 2005//2005 6491//6491 6312//6312
f 4917//4917 6265//6265 1888//1888
f 4910//4910 2172//2172 2229//2229
f 6478//6478 4869//4869 2214//2214
f 6076//6076 5027//5027 5002//5002
f 6492//6492 2763//2763 5075//5075
f 5143//5143 6493//6493 5819//5819
f 5017//5017 2452//2452 4973//4973
f 5819//5819 6493//6493 5215//5215
f 6495//6495 2455//2455 2570//2570
f 5171//5171 6513//6513 2537//2537
f 6493//6493 6349//6349 5215//5215
f 6496//6496 5801//5801 2498//2498
f 6507//6507 2713//2713 4965//4965
f 6494//6494 5810//5810 5164//5164
f 5265//5265 6493//6493 5143//5143
f 6506//6506 2401//2401 5259//5259
f 2763//2763 6492//6492 2609//2609
f 2900//2900 6497//6497 5825//5825
f 3507//3507 6381//6381 5446//5446
f 3078//3078 3077//3077 2920//2920
f 6497//6497 2903//2903 5825//5825
f 6499//6499 5378//5378 5376//5376
f 6498//6498 3012//3012 3247//3247
f 5704//5704 3991//3991 3884//3884
f 6484//6484 779//779 778//778
f 4489//4489 4633//4633 4305//4305
f 2043//2043 4899//4899 4900//4900
f 5550//5550 2945//2945 3061//3061
f 6480//6480 6111//6111 5483//5483
f 1940//1940 2269//2269 1999//1999
f 4391//4391 1508//1508 4420//4420
f 187//187 3752//3752 5666//5666
f 1459//1459 6487//6487 4575//4575
f 1987//1987 6319//6319 2115//2115
f 5886//5886 6529//6529 5714//5714
f 3353//3353 3078//3078 2920//2920
f 781//781 4158//4158 4004//4004
f 781//781 4004//4004 6128//6128
f 4679//4679 6377//6377 4940//4940
f 6488//6488 1589//1589 6396//6396
f 6489//6489 6349//6349 6579//6579
f 5180//5180 2526//2526 6579//6579
f 6476//6476 4063//4063 4149//4149
f 1940//1940 1999//1999 6556//6556
f 2156//2156 2326//2326 4824//4824
f 104//104 106//106 6567//6567
f 3735//3735 6502//6502 56//56
f 471//471 148//148 5981//5981
f 3777//3777 3752//3752 188//188
f 1025//1025 1020//1020 906//906
f 5886//5886 6142//6142 4149//4149
f 133//133 6500//6500 571//571
f 942//942 4063//4063 717//717
f 6593//6593 4090//4090 4068//4068
f 4056//4056 5883//5883 6475//6475
f 6504//6504 2310//2310 2254//2254
f 2126//2126 2291//2291 2074//2074
f 2126//2126 2070//2070 2291//2291
f 6505//6505 5275//5275 5113//5113
f 5200//5200 6506//6506 2647//2647
f 6506//6506 5200//5200 2586//2586
f 6520//6520 2424//2424 4965//4965
f 6505//6505 2558//2558 5275//5275
f 2631//2631 2714//2714 5798//5798
f 6507//6507 5798//5798 2714//2714
f 5023//5023 4998//4998 5157//5157
f 5300//5300 6509//6509 2994//2994
f 6502//6502 3735//3735 3697//3697
f 174//174 3706//3706 6549//6549
f 422//422 6290//6290 3602//3602
f 3791//3791 3558//3558 6510//6510
f 5669//5669 290//290 3559//3559
f 5660//5660 5788//5788 3808//3808
f 3991//3991 4056//4056 6475//6475
f 4100//4100 5705//5705 4125//4125
f 876//876 757//757 6547//6547
f 6132//6132 6593//6593 4166//4166
f 6593//6593 4068//4068 3891//3891
f 6512//6512 4554//4554 6433//6433
f 4878//4878 1907//1907 2262//2262
f 2384//2384 6513//6513 6224//6224
f 6420//6420 5016//5016 5017//5017
f 2595//2595 2652//2652 5159//5159
f 5000//5000 6670//6670 5001//5001
f 3013//3013 6509//6509 5550//5550
f 2994//2994 6509//6509 3351//3351
f 6526//6526 5731//5731 4392//4392
f 6526//6526 4303//4303 1508//1508
f 6512//6512 1492//1492 4554//4554
f 5982//5982 6510//6510 3558//3558
f 4100//4100 4125//4125 3982//3982
f 6224//6224 6513//6513 5171//5171
f 422//422 3602//3602 420//420
f 2336//2336 1971//1971 6265//6265
f 6294//6294 3904//3904 3964//3964
f 6068//6068 6448//6448 2301//2301
f 3632//3632 174//174 6549//6549
f 6443//6443 3777//3777 188//188
f 942//942 717//717 962//962
f 6528//6528 4940//4940 6377//6377
f 4391//4391 6526//6526 1508//1508
f 781//781 6294//6294 3964//3964
f 6068//6068 2301//2301 4896//4896
f 2019//2019 2315//2315 2350//2350
f 6502//6502 5660//5660 3808//3808
f 4063//4063 5886//5886 4149//4149
f 1907//1907 6528//6528 6377//6377
f 6287//6287 6514//6514 264//264
f 383//383 488//488 3777//3777
f 6514//6514 261//261 264//264
f 291//291 6515//6515 3715//3715
f 242//242 383//383 3777//3777
f 7//7 6500//6500 497//497
f 6516//6516 907//907 570//570
f 702//702 975//975 796//796
f 6516//6516 908//908 907//907
f 6516//6516 570//570 799//799
f 641//641 767//767 645//645
f 6517//6517 1593//1593 4490//4490
f 6525//6525 6616//6616 4518//4518
f 1813//1813 2288//2288 1815//1815
f 2061//2061 6537//6537 2007//2007
f 2324//2324 2007//2007 6537//6537
f 6221//6221 6519//6519 2019//2019
f 1942//1942 4887//4887 1941//1941
f 2019//2019 6519//6519 4930//4930
f 1932//1932 6218//6218 1990//1990
f 5130//5130 2488//2488 5117//5117
f 3199//3199 3131//3131 3209//3209
f 3010//3010 6508//6508 2916//2916
f 325//325 6522//6522 5854//5854
f 387//387 3725//3725 3597//3597
f 174//174 238//238 5982//5982
f 6523//6523 3809//3809 241//241
f 3989//3989 6524//6524 3990//3990
f 5690//5690 4100//4100 674//674
f 890//890 947//947 4131//4131
f 4028//4028 3992//3992 4100//4100
f 674//674 4100//4100 3992//3992
f 4654//4654 4339//4339 1702//1702
f 1374//1374 6518//6518 4555//4555
f 6525//6525 4555//4555 6518//6518
f 6526//6526 5905//5905 4303//4303
f 6528//6528 4678//4678 4940//4940
f 4887//4887 4685//4685 1941//1941
f 4777//4777 4778//4778 1865//1865
f 4878//4878 4906//4906 6528//6528
f 4878//4878 2263//2263 4674//4674
f 5114//5114 6520//6520 2775//2775
f 5237//5237 2595//2595 2649//2649
f 6539//6539 2652//2652 5213//5213
f 3010//3010 2916//2916 5587//5587
f 6545//6545 5837//5837 5340//5340
f 387//387 3597//3597 5855//5855
f 6515//6515 5987//5987 3715//3715
f 849//849 4028//4028 3982//3982
f 6133//6133 3931//3931 3930//3930
f 663//663 6565//6565 665//665
f 1932//1932 1990//1990 1996//1996
f 174//174 5982//5982 3558//3558
f 389//389 6613//6613 504//504
f 4100//4100 5690//5690 5705//5705
f 6529//6529 4072//4072 978//978
f 942//942 6529//6529 5886//5886
f 3593//3593 172//172 5681//5681
f 3626//3626 3625//3625 5854//5854
f 7//7 497//497 5981//5981
f 2165//2165 2302//2302 2125//2125
f 849//849 3982//3982 783//783
f 6529//6529 978//978 5714//5714
f 504//504 6521//6521 65//65
f 2262//2262 1907//1907 1906//1906
f 4//4 2//2 702//702
f 6530//6530 573//573 7//7
f 4//4 702//702 147//147
f 6531//6531 888//888 1037//1037
f 3991//3991 5704//5704 727//727
f 660//660 6532//6532 6565//6565
f 1677//1677 1678//1678 4635//4635
f 1625//1625 1626//1626 1138//1138
f 1647//1647 6534//6534 1988//1988
f 1930//1930 6534//6534 1647//1647
f 6536//6536 2263//2263 2262//2262
f 6534//6534 6316//6316 1988//1988
f 2078//2078 6538//6538 6221//6221
f 6538//6538 1061//1061 6519//6519
f 1895//1895 6536//6536 6535//6535
f 6536//6536 1895//1895 2337//2337
f 2219//2219 2304//2304 2165//2165
f 1856//1856 4959//4959 1857//1857
f 2598//2598 5820//5820 5062//5062
f 2569//2569 5236//5236 6420//6420
f 3134//3134 5545//5545 3199//3199
f 5545//5545 5623//5623 3199//3199
f 3526//3526 5545//5545 3134//3134
f 3293//3293 5514//5514 3082//3082
f 3724//3724 650//650 3836//3836
f 3839//3839 672//672 738//738
f 889//889 6531//6531 890//890
f 6531//6531 4011//4011 888//888
f 6532//6532 668//668 665//665
f 6533//6533 1102//1102 1109//1109
f 6564//6564 1088//1088 1096//1096
f 6541//6541 5857//5857 5782//5782
f 4223//4223 6538//6538 2078//2078
f 1980//1980 4945//4945 2110//2110
f 6541//6541 4931//4931 5930//5930
f 5159//5159 6539//6539 2602//2602
f 4973//4973 4974//4974 5017//5017
f 6542//6542 2402//2402 4981//4981
f 5107//5107 2598//2598 5062//5062
f 5354//5354 5460//5460 6544//6544
f 5460//5460 5354//5354 3418//3418
f 6544//6544 3153//3153 5354//5354
f 5339//5339 6545//6545 6108//6108
f 6545//6545 5339//5339 2850//2850
f 5340//5340 3158//3158 6545//6545
f 6558//6558 6411//6411 223//223
f 5961//5961 5791//5791 5917//5917
f 5857//5857 6541//6541 5930//5930
f 334//334 6546//6546 314//314
f 6546//6546 383//383 470//470
f 1029//1029 6540//6540 4065//4065
f 809//809 6547//6547 4080//4080
f 3293//3293 3082//3082 3193//3193
f 6560//6560 4039//4039 632//632
f 1153//1153 6548//6548 1177//1177
f 6566//6566 6575//6575 3784//3784
f 6464//6464 1980//1980 2110//2110
f 5532//5532 2904//2904 3390//3390
f 5854//5854 6522//6522 3626//3626
f 2334//2334 2241//2241 1940//1940
f 5862//5862 3625//3625 101//101
f 2569//2569 6420//6420 5069//5069
f 736//736 663//663 666//666
f 1//1 197//197 472//472
f 791//791 6552//6552 1050//1050
f 1050//1050 6552//6552 909//909
f 1614//1614 1511//1511 1114//1114
f 1718//1718 4417//4417 6554//6554
f 1678//1678 6553//6553 4423//4423
f 6555//6555 2163//2163 2168//2168
f 6555//6555 2074//2074 2163//2163
f 2078//2078 4661//4661 1943//1943
f 4662//4662 1843//1843 1840//1840
f 1072//1072 1821//1821 2334//2334
f 2164//2164 2219//2219 2165//2165
f 1861//1861 2460//2460 1856//1856
f 6557//6557 2398//2398 2602//2602
f 2605//2605 6557//6557 2602//2602
f 5302//5302 5607//5607 2940//2940
f 5302//5302 2940//2940 2933//2933
f 3578//3578 6550//6550 3556//3556
f 6558//6558 3593//3593 5681//5681
f 3932//3932 6559//6559 4146//4146
f 6559//6559 3932//3932 3877//3877
f 6560//6560 4002//4002 926//926
f 6561//6561 823//823 6560//6560
f 4002//4002 6560//6560 823//823
f 6559//6559 4162//4162 4146//4146
f 3892//3892 4050//4050 4018//4018
f 4662//4662 1062//1062 1843//1843
f 6155//6155 6554//6554 4417//4417
f 6564//6564 4416//4416 1603//1603
f 1750//1750 1564//1564 4406//4406
f 6600//6600 4731//4731 1980//1980
f 2682//2682 2681//2681 2787//2787
f 2410//2410 6557//6557 2605//2605
f 913//913 6247//6247 5708//5708
f 3772//3772 5957//5957 6558//6558
f 6562//6562 2054//2054 5961//5961
f 4773//4773 5961//5961 2054//2054
f 687//687 6563//6563 688//688
f 1094//1094 6564//6564 1086//1086
f 1086//1086 6564//6564 1603//1603
f 6566//6566 6290//6290 3783//3783
f 3602//3602 6566//6566 3603//3603
f 6566//6566 3602//3602 6290//6290
f 6098//6098 2875//2875 5381//5381
f 6438//6438 5372//5372 3025//3025
f 6556//6556 6449//6449 1072//1072
f 1072//1072 2334//2334 6556//6556
f 2537//2537 6513//6513 2526//2526
f 6511//6511 3584//3584 6660//6660
f 6576//6576 4081//4081 876//876
f 5854//5854 6511//6511 6660//6660
f 5128//5128 6587//6587 6084//6084
f 556//556 396//396 279//279
f 556//556 279//279 162//162
f 5661//5661 508//508 546//546
f 6565//6565 6532//6532 665//665
f 2304//2304 2302//2302 2165//2165
f 6555//6555 2164//2164 2165//2165
f 3847//3847 2827//2827 6544//6544
f 5917//5917 5791//5791 6541//6541
f 4039//4039 631//631 632//632
f 6575//6575 331//331 3784//3784
f 1940//1940 2241//2241 6537//6537
f 3847//3847 6544//6544 5625//5625
f 5661//5661 546//546 3568//3568
f 4151//4151 572//572 6503//6503
f 4040//4040 6568//6568 625//625
f 926//926 6568//6568 4039//4039
f 6296//6296 3892//3892 812//812
f 1048//1048 862//862 3859//3859
f 1048//1048 3859//3859 1044//1044
f 6571//6571 4423//4423 1763//1763
f 5764//5764 6572//6572 1750//1750
f 2198//2198 1833//1833 6573//6573
f 2194//2194 6573//6573 1833//1833
f 4781//4781 2186//2186 6168//6168
f 6573//6573 2224//2224 2198//2198
f 2431//2431 2747//2747 5012//5012
f 2683//2683 2610//2610 2682//2682
f 6574//6574 3586//3586 6660//6660
f 3783//3783 3582//3582 6575//6575
f 6575//6575 3582//3582 6119//6119
f 6574//6574 3585//3585 3586//3586
f 6119//6119 333//333 6575//6575
f 576//576 5307//5307 3847//3847
f 6568//6568 4040//4040 633//633
f 6583//6583 4135//4135 3947//3947
f 817//817 6576//6576 877//877
f 4628//4628 1582//1582 6572//6572
f 1581//1581 6572//6572 1582//1582
f 1943//1943 4223//4223 2078//2078
f 4781//4781 6585//6585 2186//2186
f 2249//2249 1864//1864 1861//1861
f 2431//2431 5012//5012 2621//2621
f 5437//5437 3428//3428 6578//6578
f 2930//2930 3009//3009 2931//2931
f 3232//3232 6578//6578 6098//6098
f 528//528 5661//5661 530//530
f 3957//3957 3958//3958 3876//3876
f 5558//5558 6578//6578 3428//3428
f 6576//6576 817//817 6249//6249
f 6439//6439 3957//3957 3876//3876
f 3691//3691 287//287 448//448
f 6132//6132 6337//6337 4090//4090
f 4180//4180 6570//6570 4389//4389
f 6579//6579 2526//2526 6513//6513
f 556//556 161//161 363//363
f 499//499 556//556 363//363
f 6519//6519 1061//1061 4662//4662
f 913//913 3908//3908 4013//4013
f 3881//3881 3877//3877 812//812
f 3501//3501 3514//3514 5523//5523
f 5128//5128 2777//2777 5012//5012
f 2774//2774 5128//5128 5012//5012
f 6551//6551 576//576 3847//3847
f 2681//2681 6226//6226 2787//2787
f 2191//2191 2220//2220 2219//2219
f 6325//6325 6580//6580 2429//2429
f 5520//5520 5488//5488 6102//6102
f 3340//3340 3377//3377 3009//3009
f 3340//3340 3009//3009 2932//2932
f 5520//5520 6102//6102 5569//5569
f 6581//6581 3681//3681 3584//3584
f 6581//6581 539//539 3681//3681
f 555//555 6411//6411 3795//3795
f 555//555 3795//3795 3776//3776
f 715//715 3944//3944 714//714
f 3998//3998 6582//6582 6249//6249
f 4032//4032 6583//6583 6582//6582
f 708//708 6394//6394 576//576
f 6189//6189 6431//6431 3878//3878
f 6155//6155 1216//1216 4566//4566
f 4754//4754 6585//6585 2216//2216
f 5917//5917 4701//4701 6562//6562
f 4908//4908 2216//2216 6585//6585
f 2031//2031 4925//4925 1868//1868
f 5234//5234 2569//2569 5182//5182
f 5082//5082 2778//2778 2563//2563
f 3235//3235 5347//5347 3179//3179
f 5695//5695 6584//6584 3985//3985
f 1063//1063 1943//1943 4206//4206
f 5660//5660 6502//6502 3697//3697
f 5707//5707 6599//6599 6584//6584
f 5576//5576 5617//5617 3121//3121
f 2610//2610 6580//6580 2682//2682
f 5876//5876 3972//3972 866//866
f 6583//6583 4032//4032 3996//3996
f 6132//6132 4166//4166 751//751
f 6604//6604 5325//5325 6101//6101
f 5951//5951 5576//5576 3121//3121
f 6580//6580 2681//2681 2682//2682
f 3592//3592 6586//6586 448//448
f 4018//4018 816//816 3881//3881
f 172//172 5660//5660 3697//3697
f 5862//5862 6581//6581 6511//6511
f 6651//6651 6189//6189 3878//3878
f 4018//4018 3881//3881 812//812
f 6554//6554 6155//6155 4566//4566
f 5708//5708 6247//6247 6599//6599
f 3501//3501 3384//3384 6095//6095
f 3515//3515 3501//3501 6095//6095
f 6587//6587 2428//2428 6084//6084
f 2191//2191 2219//2219 2164//2164
f 3947//3947 4135//4135 4053//4053
f 5695//5695 3985//3985 3956//3956
f 5862//5862 6511//6511 3625//3625
f 6589//6589 4511//4511 1269//1269
f 6589//6589 4605//4605 4511//4511
f 6590//6590 2192//2192 2191//2191
f 2162//2162 6590//6590 2161//2161
f 6591//6591 5347//5347 3048//3048
f 5574//5574 5839//5839 5576//5576
f 5347//5347 6677//6677 3179//3179
f 6009//6009 4018//4018 4050//4050
f 574//574 6592//6592 6012//6012
f 3810//3810 6592//6592 574//574
f 995//995 3947//3947 4025//4025
f 5953//5953 6588//6588 714//714
f 4166//4166 6593//6593 804//804
f 6594//6594 4515//4515 1784//1784
f 2236//2236 2233//2233 2235//2235
f 2558//2558 6587//6587 5128//5128
f 6099//6099 3162//3162 3100//3100
f 5828//5828 6604//6604 3095//3095
f 3240//3240 5444//5444 5520//5520
f 3433//3433 3240//3240 5520//5520
f 2983//2983 5574//5574 5576//5576
f 2825//2825 3095//3095 6604//6604
f 3095//3095 2825//2825 2826//2826
f 6010//6010 3841//3841 2433//2433
f 6595//6595 5862//5862 101//101
f 6596//6596 6245//6245 6141//6141
f 5692//5692 6596//6596 6141//6141
f 6596//6596 5695//5695 3993//3993
f 3864//3864 6129//6129 3944//3944
f 6597//6597 1714//1714 4510//4510
f 6590//6590 2168//2168 2161//2161
f 6248//6248 6599//6599 6247//6247
f 6009//6009 4050//4050 3976//3976
f 5523//5523 3514//3514 3522//3522
f 1280//1280 4518//4518 6616//6616
f 6600//6600 6585//6585 6577//6577
f 5707//5707 6584//6584 5716//5716
f 6101//6101 5325//5325 3481//3481
f 404//404 6601//6601 6617//6617
f 1597//1597 6602//6602 1057//1057
f 4761//4761 2236//2236 2235//2235
f 1874//1874 4761//4761 2235//2235
f 6603//6603 2825//2825 6101//6101
f 6604//6604 3091//3091 5325//5325
f 3421//3421 6603//6603 3422//3422
f 6604//6604 5828//5828 3091//3091
f 3056//3056 5586//5586 6606//6606
f 6603//6603 5471//5471 3422//3422
f 3755//3755 6617//6617 286//286
f 3874//3874 6607//6607 3907//3907
f 4242//4242 6608//6608 1273//1273
f 1446//1446 1273//1273 6608//6608
f 4498//4498 6594//6594 4514//4514
f 4484//4484 4626//4626 1474//1474
f 6609//6609 2807//2807 5155//5155
f 2807//2807 6609//6609 2672//2672
f 3056//3056 6606//6606 5629//5629
f 6606//6606 5332//5332 5629//5629
f 5839//5839 6606//6606 5586//5586
f 6605//6605 5328//5328 2980//2980
f 6610//6610 3522//3522 5558//5558
f 6198//6198 6546//6546 470//470
f 6440//6440 3947//3947 6363//6363
f 6611//6611 4166//4166 6253//6253
f 2435//2435 5818//5818 2437//2437
f 5818//5818 4967//4967 2437//2437
f 5370//5370 6499//6499 3215//3215
f 248//248 6198//6198 470//470
f 4498//4498 4514//4514 5909//5909
f 4518//4518 4434//4434 1121//1121
f 4478//4478 1267//1267 1268//1268
f 4258//4258 4478//4478 1268//1268
f 6525//6525 4518//4518 1121//1121
f 349//349 554//554 6601//6601
f 5955//5955 4463//4463 6589//6589
f 5955//5955 6589//6589 1788//1788
f 6612//6612 378//378 190//190
f 6521//6521 6613//6613 729//729
f 378//378 6612//6612 185//185
f 502//502 6612//6612 6198//6198
f 4025//4025 6614//6614 995//995
f 6614//6614 757//757 876//876
f 4441//4441 4439//4439 4243//4243
f 1464//1464 6615//6615 4484//4484
f 4580//4580 1609//1609 4497//4497
f 1609//1609 4580//4580 1667//1667
f 6615//6615 1370//1370 4484//4484
f 4632//4632 6615//6615 1460//1460
f 3512//3512 2928//2928 2929//2929
f 5621//5621 3202//3202 3288//3288
f 5082//5082 2563//2563 5818//5818
f 1565//1565 6371//6371 1437//1437
f 68//68 6613//6613 389//389
f 5376//5376 5378//5378 3274//3274
f 504//504 6613//6613 6521//6521
f 528//528 530//530 535//535
f 4081//4081 995//995 6614//6614
f 1273//1273 4441//4441 4243//4243
f 1280//1280 6616//6616 4589//4589
f 4478//4478 6354//6354 4583//4583
f 4478//4478 4583//4583 1352//1352
f 404//404 6617//6617 424//424
f 6617//6617 6601//6601 554//554
f 424//424 6617//6617 3755//3755
f 68//68 389//389 6636//6636
f 810//810 3878//3878 813//813
f 1112//1112 1113//1113 1114//1114
f 1112//1112 1114//1114 6445//6445
f 2119//2119 2268//2268 6314//6314
f 2335//2335 6618//6618 2274//2274
f 6619//6619 6672//6672 5433//5433
f 3519//3519 3169//3169 2874//2874
f 77//77 6473//6473 69//69
f 6620//6620 6567//6567 113//113
f 810//810 813//813 6127//6127
f 4327//4327 6637//6637 4440//4440
f 6621//6621 4873//4873 2037//2037
f 2215//2215 4757//4757 2136//2136
f 6621//6621 4877//4877 4873//4873
f 2136//2136 4876//4876 2215//2215
f 4718//4718 2215//2215 4876//4876
f 4956//4956 6654//6654 3819//3819
f 3445//3445 3370//3370 5591//5591
f 6407//6407 3519//3519 2874//2874
f 5009//5009 6423//6423 5266//5266
f 3276//3276 3480//3480 6672//6672
f 68//68 77//77 69//69
f 1621//1621 1622//1622 1623//1623
f 1126//1126 1621//1621 1623//1623
f 5082//5082 5818//5818 6622//6622
f 177//177 77//77 520//520
f 1474//1474 4281//4281 4484//4484
f 6624//6624 2351//2351 2002//2002
f 2117//2117 6624//6624 2002//2002
f 6624//6624 2117//2117 6618//6618
f 2655//2655 6423//6423 2704//2704
f 2428//2428 6609//6609 2561//2561
f 6625//6625 3647//3647 380//380
f 4050//4050 6626//6626 811//811
f 6626//6626 753//753 810//810
f 6626//6626 4116//4116 811//811
f 1444//1444 1539//1539 4260//4260
f 6627//6627 5968//5968 4777//4777
f 5137//5137 2454//2454 2505//2505
f 4275//4275 6647//6647 1529//1529
f 2567//2567 5137//5137 2505//2505
f 1369//1369 4190//4190 4585//4585
f 6522//6522 6623//6623 95//95
f 2428//2428 2561//2561 6084//6084
f 4760//4760 2037//2037 2236//2236
f 4761//4761 4760//4760 2236//2236
f 6629//6629 1192//1192 4222//4222
f 1192//1192 6629//6629 5900//5900
f 5540//5540 5646//5646 6649//6649
f 3047//3047 5540//5540 6649//6649
f 6641//6641 4846//4846 1955//1955
f 2434//2434 6622//6622 2501//2501
f 530//530 5661//5661 3568//3568
f 394//394 6630//6630 339//339
f 6631//6631 431//431 365//365
f 6642//6642 295//295 6630//6630
f 119//119 122//122 126//126
f 339//339 6631//6631 365//365
f 6631//6631 339//339 6630//6630
f 745//745 6640//6640 5891//5891
f 4227//4227 6632//6632 1296//1296
f 1613//1613 6633//6633 4532//4532
f 6633//6633 1113//1113 1369//1369
f 1296//1296 6632//6632 6303//6303
f 6633//6633 6039//6039 4532//4532
f 6659//6659 1087//1087 4560//4560
f 6659//6659 4560//4560 1444//1444
f 6634//6634 1309//1309 4298//4298
f 5317//5317 6635//6635 2837//2837
f 5655//5655 3570//3570 281//281
f 389//389 3698//3698 6636//6636
f 325//325 3586//3586 3651//3651
f 6636//6636 3698//3698 3717//3717
f 3607//3607 6631//6631 6645//6645
f 6631//6631 3607//3607 431//431
f 6639//6639 916//916 3916//3916
f 6634//6634 4289//4289 1309//1309
f 1488//1488 4275//4275 4276//4276
f 4275//4275 1488//1488 4481//4481
f 4346//4346 4275//4275 4481//4481
f 2570//2570 1974//1974 5137//5137
f 6639//6639 4102//4102 916//916
f 5853//5853 5655//5655 281//281
f 6639//6639 934//934 4102//4102
f 3892//3892 6671//6671 6667//6667
f 585//585 6654//6654 916//916
f 6367//6367 6632//6632 1294//1294
f 6587//6587 6325//6325 2428//2428
f 577//577 6640//6640 4156//4156
f 6635//6635 6628//6628 2837//2837
f 4136//4136 6640//6640 577//577
f 6637//6637 4566//4566 4565//4565
f 68//68 6636//6636 520//520
f 6623//6623 325//325 3651//3651
f 5308//5308 6635//6635 6106//6106
f 4760//4760 6170//6170 1879//1879
f 5540//5540 5457//5457 5838//5838
f 3383//3383 5540//5540 5838//5838
f 6621//6621 4760//4760 1879//1879
f 6642//6642 6630//6630 394//394
f 177//177 520//520 519//519
f 4260//4260 1539//1539 4493//4493
f 6641//6641 4825//4825 2251//2251
f 6647//6647 1397//1397 1529//1529
f 6638//6638 4822//4822 6641//6641
f 4825//4825 6641//6641 4822//4822
f 585//585 916//916 4102//4102
f 1955//1955 4846//4846 2215//2215
f 5210//5210 6622//6622 2434//2434
f 5308//5308 6106//6106 3450//3450
f 535//535 6642//6642 3700//3700
f 119//119 120//120 125//125
f 530//530 6642//6642 535//535
f 6646//6646 585//585 4103//4103
f 2225//2225 2226//2226 2192//2192
f 4879//4879 6643//6643 6627//6627
f 6643//6643 1955//1955 4718//4718
f 2225//2225 2192//2192 2057//2057
f 6644//6644 2625//2625 5074//5074
f 3489//3489 3457//3457 3490//3490
f 3489//3489 3490//3490 3125//3125
f 6642//6642 255//255 3700//3700
f 712//712 3916//3916 916//916
f 3966//3966 3839//3839 4030//4030
f 3819//3819 6646//6646 6298//6298
f 4353//4353 6659//6659 4260//4260
f 6648//6648 4506//4506 6662//6662
f 1564//1564 1581//1581 6662//6662
f 6302//6302 6260//6260 1260//1260
f 6638//6638 6643//6643 4879//4879
f 2187//2187 4738//4738 6168//6168
f 2843//2843 5462//5462 6628//6628
f 6655//6655 5001//5001 6670//6670
f 3568//3568 6645//6645 295//295
f 6647//6647 4346//4346 1320//1320
f 6298//6298 6646//6646 4174//4174
f 6673//6673 2076//2076 2121//2121
f 6673//6673 2121//2121 2123//2123
f 3922//3922 943//943 952//952
f 6660//6660 325//325 5854//5854
f 1320//1320 1709//1709 6647//6647
f 5837//5837 3029//3029 5340//5340
f 678//678 3966//3966 4030//4030
f 2843//2843 6628//6628 5308//5308
f 6650//6650 6663//6663 1642//1642
f 6650//6650 1323//1323 6629//6629
f 6650//6650 6629//6629 4235//4235
f 446//446 12//12 534//534
f 6651//6651 3911//3911 6189//6189
f 6652//6652 6646//6646 4103//4103
f 6651//6651 814//814 3911//3911
f 6653//6653 5759//5759 4353//4353
f 6319//6319 2316//2316 2225//2225
f 2385//2385 6654//6654 4956//4956
f 5502//5502 6656//6656 5287//5287
f 5616//5616 6657//6657 3043//3043
f 3467//3467 6658//6658 6453//6453
f 6669//6669 6666//6666 2835//2835
f 3881//3881 6559//6559 3877//3877
f 753//753 6651//6651 3878//3878
f 4352//4352 6659//6659 4353//4353
f 6663//6663 6650//6650 4347//4347
f 2757//2757 6655//6655 2386//2386
f 6656//6656 5837//5837 2850//2850
f 6656//6656 5502//5502 2974//2974
f 6658//6658 5483//5483 6453//6453
f 6660//6660 3584//3584 6574//6574
f 4624//4624 5734//5734 6308//6308
f 4131//4131 6661//6661 1022//1022
f 3907//3907 5891//5891 3862//3862
f 977//977 908//908 864//864
f 6480//6480 6658//6658 3489//3489
f 6619//6619 5433//5433 6498//6498
f 6619//6619 3247//3247 6426//6426
f 753//753 3878//3878 810//810
f 4506//4506 4300//4300 6662//6662
f 1564//1564 6662//6662 4300//4300
f 6662//6662 1581//1581 4607//4607
f 1467//1467 5740//5740 1523//1523
f 1837//1837 2077//2077 6673//6673
f 6648//6648 4607//4607 6634//6634
f 1493//1493 1314//1314 6663//6663
f 6663//6663 1314//1314 1642//1642
f 6648//6648 6634//6634 1307//1307
f 590//590 4021//4021 4957//4957
f 6664//6664 1523//1523 5740//5740
f 1837//1837 1944//1944 1836//1836
f 2614//2614 6665//6665 2622//2622
f 3611//3611 232//232 3640//3640
f 4050//4050 6667//6667 6626//6626
f 710//710 4138//4138 991//991
f 6668//6668 4538//4538 5734//5734
f 1591//1591 4626//4626 1370//1370
f 1837//1837 1836//1836 4661//4661
f 590//590 4957//4957 5245//5245
f 2387//2387 2481//2481 5172//5172
f 6665//6665 5282//5282 2622//2622
f 6669//6669 2969//2969 6666//6666
f 2969//2969 6669//6669 5329//5329
f 6668//6668 4370//4370 4371//4371
f 6234//6234 3146//3146 3411//3411
f 6668//6668 1260//1260 4370//4370
f 4465//4465 1523//1523 6664//6664
f 1523//1523 4465//4465 1516//1516
f 1837//1837 6673//6673 2067//2067
f 3276//3276 6672//6672 6619//6619
f 6672//6672 5377//5377 5433//5433
f 5377//5377 6672//6672 5561//5561
f 6672//6672 3480//3480 5561//5561
f 6671//6671 753//753 6667//6667
f 6626//6626 6667//6667 753//753
f 6655//6655 6670//6670 4991//4991
f 4779//4779 1954//1954 1870//1870
f 4779//4779 1870//1870 1869//1869
f 2835//2835 2964//2964 12//12
f 1837//1837 2067//2067 1944//1944
f 6673//6673 2077//2077 2076//2076
f 2073//2073 2013//2013 2080//2080
f 6674//6674 591//591 590//590
f 770//770 1002//1002 970//970
f 1592//1592 4400//4400 1591//1591
f 1974//1974 1909//1909 4678//4678
f 1640//1640 6675//6675 5822//5822
f 1974//1974 4678//4678 1904//1904
f 5970//5970 6675//6675 1640//1640
f 4991//4991 6670//6670 5002//5002
f 6675//6675 5059//5059 5822//5822
f 2836//2836 2835//2835 3613//3613
f 6676//6676 5619//5619 3145//3145
f 2836//2836 6669//6669 2835//2835
f 1437//1437 6371//6371 5955//5955
f 3691//3691 448//448 6586//6586
f 6677//6677 5347//5347 6591//6591
f 1437//1437 5955//5955 1563//1563
f 4779//4779 6164//6164 6165//6165
f 4721//4721 4779//4779 6165//6165
f 1467//1467 1523//1523 1457//1457
f 2121//2121 2013//2013 2073//2073
f 1160//1160 6367//6367 1294//1294
f 1160//1160 1294//1294 1621//1621
f 1824//1824 6312//6312 6491//6491
f 4887//4887 1824//1824 6491//6491
# 13165 faces, 0 coords texture

# End of File
