v 0.273791 0.183562 -0.074993
v 0.271188 0.173867 -0.072209
v 0.260642 0.181602 -0.074284
v 0.253320 0.235246 -0.064886
v 0.263575 0.235797 -0.064399
v 0.259473 0.227245 -0.070479
v -0.168808 0.162431 -0.077738
v -0.177514 0.166212 -0.074492
v -0.163330 0.168433 -0.081369
v -0.061975 0.043638 -0.112933
v -0.071568 0.031446 -0.108650
v -0.072423 0.050011 -0.111390
v 0.077202 0.119185 0.133323
v 0.069225 0.108270 0.139411
v 0.078039 0.103565 0.142999
v -0.073046 0.059879 -0.112941
v -0.083311 0.066359 -0.110763
v -0.074133 0.078325 -0.116400
v -0.039450 -0.007469 -0.105502
v -0.034909 0.002028 -0.108832
v -0.029411 -0.007404 -0.106892
v -0.013422 0.226485 -0.094293
v -0.025964 0.220890 -0.097056
v -0.025114 0.236522 -0.095762
v -0.317002 0.144202 0.004371
v -0.312808 0.133041 0.000816
v -0.306975 0.145409 0.006222
v -0.036545 -0.058525 -0.089376
v -0.036516 -0.045078 -0.086372
v -0.026807 -0.053090 -0.088073
v 0.146640 -0.037352 0.093984
v 0.139380 -0.034118 0.106336
v 0.142904 -0.047950 0.099639
v 0.289529 0.248056 -0.045515
v 0.277649 0.250176 -0.044761
v 0.290832 0.252441 -0.034329
v 0.091799 -0.181988 0.144201
v 0.082641 -0.182042 0.151036
v 0.089834 -0.192261 0.145639
v 0.166400 0.080016 0.047411
v 0.159262 0.075356 0.064079
v 0.167796 0.064727 0.050035
v 0.102473 0.240767 -0.086979
v 0.097722 0.251294 -0.084045
v 0.104640 0.248233 -0.080325
v 0.058010 0.237524 0.049145
v 0.053411 0.247962 0.048647
v 0.052106 0.235538 0.060073
v -0.075131 -0.026755 -0.085343
v -0.085293 -0.026525 -0.082939
v -0.087525 -0.015204 -0.091162
v -0.213119 0.224461 -0.074750
v -0.217645 0.237366 -0.069065
v -0.201014 0.234775 -0.069949
v 0.024656 0.168346 -0.130264
v 0.025190 0.153005 -0.131582
v 0.012876 0.162203 -0.131879
v -0.163429 0.257492 -0.067148
v -0.159662 0.263033 -0.060339
v -0.150878 0.246263 -0.061528
v -0.100295 0.032930 -0.098185
v -0.108398 0.031576 -0.091716
v -0.109630 0.042824 -0.094980
v -0.018817 0.153316 -0.115798
v -0.024508 0.144471 -0.117516
v -0.029482 0.157484 -0.112263
v 0.159618 -0.031605 0.021924
v 0.152313 -0.041941 0.020272
v 0.163663 -0.045481 0.010826
v 0.053581 0.288220 -0.053229
v 0.061091 0.282087 -0.061070
v 0.045455 0.286178 -0.062438
v -0.150930 0.274279 -0.006977
v -0.151276 0.269794 0.003306
v -0.140069 0.282440 -0.003594
v 0.210896 0.139551 -0.036590
v 0.199772 0.133631 -0.030695
v 0.196375 0.141701 -0.048524
v 0.087958 -0.227064 0.141333
v 0.093905 -0.218417 0.139773
v 0.084288 -0.218517 0.146276
v 0.118146 0.103100 -0.099949
v 0.114011 0.113782 -0.103131
v 0.123455 0.112852 -0.098896
v -0.167253 -0.010249 0.054682
v -0.158723 -0.007076 0.068302
v -0.163072 -0.000477 0.060252
v -0.144969 0.257911 0.022604
v -0.136544 0.261216 0.027562
v -0.144348 0.267095 0.018194
v 0.112503 0.082759 0.139350
v 0.103946 0.096330 0.140049
v 0.104250 0.081021 0.144287
v -0.078306 0.274448 0.000496
v -0.074691 0.280217 -0.012607
v -0.080268 0.283599 -0.011453
v -0.173442 -0.169922 0.040636
v -0.167862 -0.161667 0.051133
v -0.172637 -0.161718 0.036535
v 0.149566 -0.058799 0.006016
v 0.156373 -0.068092 -0.003912
v 0.166955 -0.052335 0.001578
v -0.178592 -0.178087 0.029724
v 0.170525 0.270497 -0.034669
v 0.171356 0.278525 -0.028356
v 0.170110 0.269702 -0.020897
v -0.168646 0.255652 0.020085
v -0.172032 0.247167 0.034930
v -0.155090 0.250489 0.027841
v -0.185855 0.080597 -0.005506
v -0.188302 0.092839 -0.007702
v -0.186954 0.080592 -0.015620
v 0.023341 0.259367 -0.101815
v 0.011731 0.265285 -0.108527
v 0.021346 0.272616 -0.098040
v 0.092880 0.261534 -0.080301
v 0.101419 0.264936 -0.068891
v 0.106550 0.255320 -0.073246
v 0.107230 0.219197 0.050135
v 0.113610 0.221135 0.061980
v 0.114496 0.232054 0.047074
v -0.112690 0.269292 0.019887
v -0.115656 0.280210 0.007698
v -0.126488 0.271621 0.015492
v 0.130179 -0.021565 0.116734
v 0.131166 -0.003949 0.119121
v 0.122640 -0.019144 0.122181
v 0.147184 -0.096510 -0.030747
v 0.152199 -0.088799 -0.034517
v 0.155425 -0.084618 -0.023699
v 0.215881 0.166980 0.042231
v 0.199668 0.168988 0.045254
v 0.202839 0.158093 0.040997
v 0.324854 0.123605 -0.005096
v 0.328855 0.131912 -0.000297
v 0.318552 0.129116 -0.001304
v 0.005688 -0.209278 0.164239
v -0.021742 -0.203116 0.167995
v -0.024347 -0.216702 0.163611
v -0.072841 0.271501 0.004830
v -0.074686 0.275284 -0.003507
v -0.077399 0.272081 0.003276
v 0.143525 0.232766 0.047746
v 0.145679 0.236273 0.042190
v 0.137264 0.239589 0.055994
v 0.355869 0.242196 -0.051416
v 0.353830 0.230239 -0.061763
v 0.350969 0.237876 -0.055422
v -0.147776 0.236862 -0.080697
v -0.139051 0.233670 -0.076832
v -0.144927 0.227287 -0.084154
v -0.007334 0.174138 -0.116525
v -0.008211 0.164374 -0.119832
v -0.018175 0.160482 -0.113281
v -0.229009 0.159840 -0.065594
v -0.227969 0.151446 -0.058124
v -0.238976 0.150912 -0.057202
v -0.180382 0.176915 0.044638
v -0.183442 0.166941 0.043224
v -0.169369 0.175838 0.049949
v -0.020796 0.104781 -0.131189
v -0.009571 0.097882 -0.130170
v -0.021022 0.087881 -0.127904
v 0.038941 -0.089252 -0.116626
v 0.048732 -0.081961 -0.113289
v 0.045640 -0.094751 -0.110914
v 0.058351 0.159381 -0.122268
v 0.046800 0.163784 -0.122985
v 0.057197 0.174607 -0.116601
v -0.182223 -0.207790 -0.006673
v -0.180264 -0.212339 -0.016206
v -0.185762 -0.223745 -0.006745
v -0.057122 -0.024219 -0.093250
v -0.048780 -0.016476 -0.100053
v -0.047316 -0.028539 -0.093086
v -0.152509 0.051834 0.065930
v -0.148010 0.057828 0.074179
v -0.149019 0.066968 0.072097
v -0.176374 0.032927 -0.017518
v -0.179756 0.044595 -0.019631
v -0.176502 0.032888 -0.027794
v -0.048983 -0.003005 0.150496
v -0.057344 -0.009934 0.149869
v -0.048024 -0.020994 0.151391
v 0.111806 -0.068589 0.117593
v 0.117225 -0.073703 0.111516
v 0.114285 -0.056642 0.118159
v -0.170445 0.017433 0.033058
v -0.172132 0.025178 0.023072
v -0.172759 0.009311 0.018192
v -0.105447 0.274637 -0.045105
v -0.108794 0.279768 -0.057586
v -0.115882 0.283385 -0.040022
v -0.207141 0.132589 0.015589
v -0.192680 0.123021 0.012719
v -0.191563 0.132004 0.024947
v 0.206306 0.146349 0.031026
v 0.189145 0.150161 0.039633
v 0.191728 0.135693 0.029230
v -0.108256 0.278689 -0.007481
v -0.122411 0.282904 -0.008278
v 0.263834 0.218321 0.023474
v 0.260119 0.205941 0.031826
v 0.274108 0.212351 0.030534
v -0.093846 -0.212004 0.136557
v -0.082324 -0.203137 0.146788
v -0.095204 -0.194685 0.138387
v -0.235375 0.217604 -0.076471
v -0.222008 0.214079 -0.076857
v -0.234922 0.200665 -0.079066
v 0.000805 0.201126 0.078380
v -0.028694 0.216520 0.071193
v -0.034233 0.207391 0.078893
v 0.210400 0.234658 0.038741
v 0.221281 0.226666 0.031817
v 0.217625 0.240921 0.033562
v 0.076546 -0.071529 0.150670
v 0.069285 -0.075295 0.153216
v 0.076052 -0.082059 0.150527
v -0.246972 0.128823 -0.019891
v -0.243213 0.133393 -0.028563
v -0.233733 0.128702 -0.018454
v -0.343726 0.247829 -0.038844
v -0.349806 0.242191 -0.050737
v -0.359011 0.247580 -0.041369
v -0.311176 0.213071 0.020210
v -0.296258 0.212525 0.022879
v -0.305945 0.226942 0.012868
v 0.281795 0.142911 -0.034985
v 0.294783 0.141259 -0.035575
v 0.284373 0.135863 -0.027886
v -0.028847 0.227223 0.064757
v 0.001283 0.229182 0.060483
v -0.028908 0.236995 0.059707
v -0.321246 0.226184 0.012470
v -0.328150 0.210673 0.015775
v -0.114702 0.283464 -0.015905
v -0.121666 0.283886 -0.023745
v 0.306681 0.149555 0.007670
v 0.296793 0.150500 0.010229
v 0.299725 0.141557 0.006094
v 0.154297 -0.076952 0.042493
v 0.146929 -0.080726 0.029589
v 0.145185 -0.065296 0.039589
v 0.171070 -0.138065 0.003985
v 0.163197 -0.136579 -0.007879
v 0.162466 -0.123795 0.005504
v -0.092539 0.275631 -0.056146
v -0.090191 0.281932 -0.064124
v -0.097981 0.276036 -0.072476
v 0.088507 -0.151174 0.144555
v 0.086885 -0.161390 0.147911
v 0.096168 -0.161419 0.139241
v -0.224027 0.260707 -0.029098
v -0.215780 0.261512 -0.036701
v -0.222557 0.254239 -0.048868
v 0.068956 0.003646 -0.097123
v 0.077647 0.004602 -0.092074
v 0.076772 -0.007576 -0.098526
v -0.070059 0.285471 -0.018292
v -0.060309 0.293551 -0.030551
v -0.075477 0.283772 -0.022890
v 0.095626 -0.058298 0.138019
v 0.100632 -0.070687 0.131479
v 0.101202 -0.053565 0.131957
v 0.110692 -0.078293 0.117310
v 0.115311 -0.084503 0.111005
v -0.153107 -0.023433 -0.052057
v -0.148959 -0.034442 -0.049187
v -0.156298 -0.023915 -0.042266
v -0.071579 -0.043029 0.147200
v -0.080073 -0.039534 0.144395
v -0.077859 -0.052013 0.144735
v 0.022658 0.278593 -0.085701
v 0.018486 0.288546 -0.093912
v -0.068427 0.292973 -0.037656
v 0.103316 0.189685 0.087378
v 0.109363 0.198475 0.082615
v 0.097596 0.192820 0.073982
v -0.341341 0.208219 0.014709
v -0.333901 0.194183 0.014126
v -0.067987 -0.164872 0.156085
v -0.057468 -0.155916 0.160278
v -0.071792 -0.154540 0.153226
v -0.304706 0.169338 -0.069513
v -0.307059 0.161932 -0.063193
v -0.321098 0.167156 -0.064662
v 0.090589 -0.063995 -0.096555
v 0.077821 -0.068576 -0.102647
v 0.079009 -0.051474 -0.096318
v 0.119678 0.132428 -0.102499
v 0.110692 0.142297 -0.107192
v 0.119554 0.148565 -0.103376
v 0.312511 0.137309 0.001973
v 0.308214 0.127107 -0.003551
v 0.161843 0.228206 -0.069540
v 0.173220 0.228563 -0.078984
v 0.165550 0.212719 -0.074045
v -0.034266 0.136473 0.121532
v -0.037162 0.145761 0.115763
v -0.045086 0.138883 0.119538
v 0.119213 -0.148480 0.116123
v 0.116768 -0.161069 0.120957
v 0.128233 -0.154279 0.107701
v 0.193303 0.126399 0.017547
v 0.207453 0.136275 0.020127
v -0.019830 0.022011 -0.113365
v -0.030970 0.036529 -0.115421
v -0.020539 0.039380 -0.116126
v -0.293518 0.250438 -0.023027
v -0.292881 0.249610 -0.036649
v -0.301003 0.249778 -0.023982
v 0.083196 0.018034 0.149905
v 0.090605 0.012831 0.146875
v 0.087907 0.027774 0.149278
v 0.016451 -0.126880 -0.116432
v 0.019830 -0.136831 -0.115094
v 0.009524 -0.134477 -0.119086
v 0.271432 0.137908 -0.026875
v 0.269006 0.132667 -0.018204
v -0.169989 -0.152115 -0.021620
v -0.169697 -0.167305 -0.025382
v -0.173190 -0.165947 -0.014083
v 0.108958 -0.226825 0.128060
v 0.119951 -0.226497 0.120409
v 0.109672 -0.213791 0.129329
v 0.023598 -0.156696 -0.113578
v 0.032093 -0.151765 -0.116747
v 0.031367 -0.164530 -0.107962
v 0.143981 0.273170 0.002819
v 0.146499 0.284915 -0.000310
v 0.153895 0.273269 -0.003702
v 0.114115 -0.046877 0.120910
v 0.107268 -0.048877 0.126109
v -0.287882 0.129529 -0.030632
v -0.277372 0.125082 -0.022522
v -0.290420 0.122813 -0.023268
v 0.039936 -0.076453 -0.113131
v 0.030084 -0.079611 -0.115596
v 0.030672 -0.069853 -0.106509
v -0.147607 -0.010100 -0.065110
v -0.147525 -0.022327 -0.063305
v -0.154784 -0.011656 -0.056352
v 0.047859 0.235825 -0.095581
v 0.038748 0.243823 -0.091620
v 0.055127 0.243825 -0.092337
v -0.093453 0.168550 -0.114552
v -0.086444 0.176191 -0.113392
v -0.086748 0.160821 -0.115931
v 0.040042 -0.159765 -0.111002
v 0.045448 -0.162100 -0.105674
v -0.061248 0.233018 -0.095508
v -0.049853 0.224711 -0.099272
v -0.061982 0.218377 -0.100933
v -0.340005 0.235272 -0.059364
v -0.353089 0.235839 -0.058438
v 0.000742 0.237750 -0.092107
v -0.006595 0.246357 -0.090154
v 0.005757 0.256036 -0.087510
v 0.251497 0.194759 -0.076198
v 0.255587 0.211371 -0.075190
v 0.263850 0.194118 -0.077109
v 0.268713 0.257524 -0.018751
v 0.279676 0.255491 -0.027232
v 0.267223 0.254976 -0.032938
v -0.084707 -0.094955 -0.085125
v -0.079622 -0.091046 -0.095655
v -0.080238 -0.104059 -0.080747
v -0.078830 0.236570 0.039120
v -0.069028 0.242048 0.038656
v -0.077706 0.245475 0.035442
v 0.119303 0.232908 0.061057
v 0.123109 0.220813 0.071052
v -0.283437 0.154888 0.010267
v -0.270533 0.162193 0.016125
v -0.288041 0.167594 0.013255
v 0.157781 0.230052 -0.068570
v 0.152035 0.246736 -0.058445
v 0.166378 0.238026 -0.061291
v -0.276054 0.173469 0.021952
v -0.183382 0.220879 -0.086896
v -0.185387 0.231784 -0.081270
v -0.171603 0.228622 -0.076350
v 0.166261 0.049221 0.050897
v 0.162452 0.034014 0.050329
v 0.169668 0.039004 0.034615
v 0.185552 0.136565 0.038899
v 0.189579 0.124070 0.029614
v 0.305041 0.165214 -0.063913
v 0.302286 0.173500 -0.068774
v 0.315314 0.166314 -0.064255
v 0.162785 -0.003640 -0.036015
v 0.154343 -0.015046 -0.040336
v 0.155567 -0.002436 -0.050807
v 0.117746 -0.057874 -0.050818
v 0.125059 -0.059086 -0.037325
v 0.113302 -0.068838 -0.046171
v 0.087183 0.278214 -0.017773
v 0.094785 0.283680 -0.024296
v 0.090037 0.288220 -0.031348
v -0.212748 0.134336 -0.033480
v -0.204549 0.137222 -0.040697
v -0.201388 0.128658 -0.027764
v -0.134610 -0.232205 -0.089297
v -0.127525 -0.223918 -0.092923
v -0.122098 -0.232295 -0.099802
v 0.109816 0.124497 -0.106147
v 0.119253 0.123559 -0.101943
v -0.074965 0.085258 0.149716
v -0.063765 0.073459 0.150429
v -0.060443 0.081188 0.149725
v -0.326626 0.248649 -0.026225
v -0.337366 0.248621 -0.027322
v -0.323644 0.245525 -0.012273
v 0.046480 0.125419 -0.125611
v 0.058131 0.134404 -0.123592
v 0.057930 0.117216 -0.121250
v -0.120260 0.183454 -0.107007
v -0.125750 0.191278 -0.099084
v -0.111496 0.195556 -0.109019
v 0.139096 0.102779 -0.088340
v 0.136785 0.113039 -0.092239
v 0.149344 0.113547 -0.084242
v -0.184660 0.110262 -0.039554
v -0.178565 0.105816 -0.047584
v -0.177017 0.099287 -0.046307
v -0.034143 -0.176468 0.167707
v -0.026038 -0.192725 0.169091
v -0.021588 -0.176550 0.169017
v -0.229933 0.132811 -0.027260
v -0.218160 0.129388 -0.020389
v -0.095556 -0.216650 -0.106124
v -0.082119 -0.208790 -0.107135
v -0.082767 -0.225829 -0.112572
v 0.021610 0.294667 -0.081921
v 0.029127 0.279098 -0.073986
v 0.062394 0.292910 -0.041506
v 0.052054 0.297014 -0.042014
v 0.065926 0.291728 -0.028850
v 0.163344 -0.104005 0.057405
v 0.158575 -0.100124 0.066295
v 0.157541 -0.112429 0.062371
v 0.056556 0.201365 0.078078
v 0.064492 0.193835 0.076276
v 0.064105 0.205089 0.068713
v -0.175861 0.121539 -0.056734
v -0.179594 0.132995 -0.062638
v -0.167553 0.120805 -0.063222
v 0.101305 0.242040 0.030720
v 0.088257 0.243013 0.031849
v 0.098891 0.233910 0.038886
v 0.164928 -0.220565 -0.050722
v 0.162866 -0.208743 -0.050676
v 0.173908 -0.213426 -0.034556
v -0.184667 0.068460 -0.013515
v -0.184384 0.068598 -0.023719
v -0.182505 0.056493 -0.021696
v -0.121821 0.122188 -0.104830
v -0.130021 0.117451 -0.098201
v -0.130850 0.129102 -0.101357
v 0.321278 0.117892 -0.012886
v 0.312629 0.119815 -0.013936
v 0.214093 0.209775 -0.074673
v 0.227200 0.211571 -0.073556
v 0.226613 0.195675 -0.074220
v 0.046245 0.091653 -0.118524
v 0.035051 0.083093 -0.119133
v 0.035304 0.099842 -0.123372
v -0.153046 0.081883 0.071430
v -0.147749 0.078606 0.081809
v -0.152699 0.093122 0.081213
v 0.305304 0.249628 -0.040987
v 0.305877 0.251080 -0.035244
v -0.181755 0.088314 0.011806
v -0.186566 0.092670 0.002324
v -0.183609 0.080580 0.004491
v -0.218811 0.146563 -0.052291
v -0.223009 0.142480 -0.045859
v -0.280310 0.139018 -0.042625
v -0.293587 0.141908 -0.045449
v -0.277858 0.141850 -0.046895
v 0.011369 -0.208461 -0.111657
v 0.016020 -0.198525 -0.109090
v 0.026364 -0.202368 -0.109190
v -0.076134 -0.114797 -0.075685
v -0.086359 -0.103910 -0.070898
v -0.186445 0.195272 -0.077804
v -0.182236 0.190842 -0.089071
v -0.191787 0.178326 -0.080511
v 0.050184 -0.051832 -0.091885
v 0.041451 -0.056840 -0.093791
v 0.041628 -0.043158 -0.089459
v 0.127601 -0.074108 0.102784
v -0.060408 0.271839 0.023117
v -0.056394 0.276355 0.029318
v -0.062254 0.282618 0.015200
v 0.247031 0.242617 -0.058688
v 0.238122 0.238836 -0.065569
v 0.286042 0.234771 -0.063918
v 0.300474 0.230013 -0.064260
v 0.283703 0.224387 -0.068805
v 0.125297 -0.171077 0.114332
v 0.122717 -0.181380 0.118513
v 0.134434 -0.177694 0.106488
v -0.030237 0.247372 0.053500
v -0.041248 0.240906 0.063893
v -0.053184 0.258632 -0.082877
v -0.049940 0.267591 -0.076014
v -0.037232 0.258865 -0.084975
v -0.168738 0.087617 -0.052767
v -0.171579 0.101724 -0.055046
v -0.160174 0.092625 -0.064744
v 0.061156 0.263828 -0.085201
v 0.054638 0.272270 -0.080318
v 0.066622 0.275193 -0.078166
v -0.120135 0.086343 -0.096407
v -0.111377 0.085787 -0.101733
v -0.119020 0.076134 -0.094733
v -0.077319 0.254775 0.030843
v -0.082029 0.243436 0.041404
v 0.005537 -0.182499 -0.107570
v 0.014138 -0.175958 -0.106984
v 0.014020 -0.188980 -0.107461
v -0.090630 0.171691 0.089575
v -0.082050 0.172319 0.088844
v -0.089553 0.183836 0.077851
v -0.151691 0.263062 0.012210
v -0.185564 0.091449 -0.026788
v -0.180828 0.097421 -0.036645
v -0.179817 0.083451 -0.034168
v -0.117515 0.041521 -0.088244
v -0.115884 0.030465 -0.084510
v -0.125472 0.042067 -0.081315
v -0.335985 0.147423 0.001712
v -0.332455 0.137873 -0.001031
v 0.025864 0.171282 0.100506
v 0.029536 0.160443 0.108706
v 0.037521 0.175621 0.099800
v 0.056285 -0.003637 0.153432
v 0.047447 -0.007468 0.154198
v 0.047386 -0.016638 0.154323
v 0.047659 0.197139 0.086766
v 0.045911 0.207388 0.081556
v 0.312978 0.233110 0.012689
v 0.321404 0.241438 0.004036
v 0.302381 0.239514 0.007820
v 0.145348 -0.010121 0.056053
v 0.148950 -0.016471 0.045409
v 0.151096 -0.004073 0.049547
v -0.307800 0.248441 -0.037302
v -0.314333 0.243932 -0.048824
v -0.322847 0.247971 -0.038063
v 0.185457 0.075323 -0.004287
v 0.183755 0.064362 -0.002540
v 0.181937 0.065420 -0.019947
v -0.069446 -0.234747 -0.118592
v -0.052031 -0.227255 -0.116974
v -0.052861 -0.235817 -0.119732
v 0.174926 -0.021356 0.011092
v 0.174163 -0.034168 0.005127
v 0.175954 -0.020304 -0.003710
v 0.186564 0.117493 0.021165
v 0.180259 0.111829 0.032511
v -0.012937 0.286974 -0.063596
v -0.013106 0.278917 -0.069486
v -0.027693 0.288997 -0.059463
v 0.102622 -0.067336 -0.072940
v 0.102376 -0.058372 -0.089237
v 0.109485 -0.058806 -0.074615
v -0.337609 0.165436 -0.062723
v -0.345155 0.174531 -0.068816
v -0.327707 0.176588 -0.069774
v 0.004136 0.174994 0.096107
v 0.004325 0.161640 0.105690
v 0.165206 -0.033024 0.017056
v -0.128521 -0.041936 -0.077462
v -0.111631 -0.034449 -0.076509
v -0.112554 -0.049144 -0.084283
v -0.053085 -0.166594 -0.102562
v -0.061847 -0.161745 -0.105797
v -0.054183 -0.154723 -0.115386
v 0.031364 -0.236331 -0.118441
v 0.014462 -0.236426 -0.119032
v 0.013355 -0.227644 -0.116667
v 0.144758 -0.071327 0.000097
v 0.145775 -0.064217 0.006099
v 0.084969 0.045080 -0.105058
v 0.094413 0.043162 -0.098585
v 0.083129 0.034825 -0.101993
v -0.127285 -0.003485 -0.076609
v -0.125603 0.006910 -0.075460
v -0.116768 0.001093 -0.081707
v -0.126988 -0.126299 -0.050287
v -0.118870 -0.118268 -0.052365
v -0.123581 -0.131774 -0.056690
v -0.290607 0.205606 -0.077160
v -0.280615 0.206459 -0.077349
v -0.279122 0.190355 -0.077729
v -0.110156 0.054390 -0.097172
v -0.100782 0.044507 -0.100283
v -0.027419 -0.090875 -0.119261
v -0.034648 -0.098598 -0.114476
v -0.037049 -0.087769 -0.116332
v 0.126377 0.243655 0.058520
v 0.118506 0.238930 0.053996
v 0.175497 0.040774 0.017114
v 0.178776 0.029844 0.006879
v 0.179128 0.044472 0.008689
v -0.302801 0.134248 0.002827
v -0.296871 0.146660 0.007781
v 0.111798 -0.181683 0.127642
v 0.105779 -0.186914 0.133142
v 0.119427 -0.191687 0.121677
v 0.067668 -0.211991 0.156252
v 0.068272 -0.196768 0.159174
v 0.054350 -0.201149 0.163834
v 0.072048 0.260235 0.021555
v 0.064725 0.266161 0.022989
v 0.066202 0.255593 0.028912
v 0.037614 -0.103159 0.160283
v 0.029719 -0.113751 0.163248
v 0.041297 -0.120054 0.162008
v 0.129800 0.160830 0.086775
v 0.134037 0.150707 0.089919
v 0.140067 0.158814 0.081302
v -0.050495 -0.108276 0.155378
v -0.044048 -0.114772 0.158341
v -0.042936 -0.098344 0.156581
v 0.086194 0.067040 0.150838
v 0.077568 0.071689 0.151722
v 0.081538 0.057239 0.151453
v -0.305798 0.172666 0.011362
v -0.295850 0.186154 0.020515
v -0.310163 0.184665 0.014745
v 0.142887 -0.190758 0.100214
v 0.145969 -0.173897 0.093611
v -0.134826 0.012763 -0.069921
v -0.133045 0.023242 -0.069358
v 0.144182 0.273042 -0.012287
v 0.135051 0.273696 -0.006417
v -0.160275 -0.069364 0.015836
v -0.168531 -0.076149 0.015858
v -0.174659 -0.071989 0.029082
v -0.213184 0.220364 0.031434
v -0.213854 0.205524 0.032188
v -0.203730 0.207131 0.038546
v 0.152055 -0.111179 0.009148
v 0.147645 -0.108542 -0.002907
v 0.146166 -0.095895 0.009953
v -0.114229 -0.163098 -0.085749
v -0.103911 -0.161250 -0.092441
v -0.102558 -0.173178 -0.088203
v -0.074488 0.197452 -0.107764
v -0.063025 0.188581 -0.109893
v -0.080529 0.183129 -0.111792
v -0.143316 -0.097892 0.063017
v -0.144405 -0.089729 0.056878
v -0.147881 -0.098562 0.048083
v 0.039664 -0.192358 0.169203
v 0.030975 -0.180866 0.169293
v 0.008515 -0.192423 0.167133
v 0.068919 -0.049029 -0.093358
v 0.074234 -0.033837 -0.088910
v -0.042539 0.128581 0.126029
v -0.052338 0.131296 0.124066
v -0.052216 0.119760 0.131453
v 0.303073 0.241163 -0.055502
v -0.224625 0.126641 -0.007273
v -0.207782 0.126132 0.001802
v -0.224542 0.130398 0.007285
v -0.066600 0.286441 -0.009207
v -0.057209 0.299750 -0.024776
v 0.045312 -0.093447 0.157629
v 0.037281 -0.086329 0.158367
v 0.167560 -0.207122 0.075253
v 0.175136 -0.215590 0.061121
v 0.172853 -0.198351 0.061142
v -0.150261 -0.114490 0.056932
v -0.153106 -0.115141 0.042445
v 0.267758 0.210272 -0.073413
v 0.073331 0.188943 0.077957
v 0.072916 0.199869 0.069887
v 0.315824 0.174544 0.014480
v 0.315358 0.187065 0.019329
v 0.306220 0.175433 0.017858
v -0.130450 0.184300 0.073603
v -0.138297 0.174540 0.070862
v -0.127558 0.175681 0.079102
v 0.286862 0.173278 -0.071601
v -0.136853 -0.108581 -0.028616
v -0.146968 -0.111098 -0.026986
v -0.139906 -0.102167 -0.021732
v -0.150553 -0.104362 -0.020257
v 0.309409 0.235143 -0.060628
v 0.315037 0.225809 -0.066036
v 0.069917 0.245270 0.037629
v 0.063986 0.241491 0.043662
v 0.072081 0.233731 0.047787
v 0.005473 -0.192423 0.167133
v -0.032433 0.078118 -0.124868
v -0.032233 0.094921 -0.128608
v 0.050262 0.281161 -0.072251
v 0.060977 0.279841 -0.068732
v 0.221368 0.220797 -0.071523
v -0.032769 -0.069610 0.156340
v -0.022495 -0.074102 0.158046
v -0.026598 -0.058230 0.156301
v -0.194021 0.209848 -0.077184
v -0.179335 0.208965 -0.077526
v -0.184349 0.100293 0.009343
v 0.235725 0.190529 0.036779
v 0.244267 0.184509 0.038891
v 0.248024 0.198090 0.034335
v -0.034441 -0.143063 0.164000
v -0.048577 -0.140742 0.160951
v -0.042161 -0.157170 0.164817
v -0.353978 0.214765 -0.071746
v -0.356169 0.228264 -0.065006
v -0.346123 0.219581 -0.070294
v 0.094168 0.288589 -0.054461
v 0.089332 0.295813 -0.040292
v 0.104074 0.288521 -0.039443
v 0.129592 -0.139356 0.101777
v 0.138335 -0.152436 0.096153
v 0.056226 0.189558 0.085106
v -0.003829 0.132066 -0.132335
v 0.001478 0.140671 -0.132765
v 0.001815 0.125381 -0.133722
v 0.274588 0.153743 0.017057
v 0.265149 0.149948 0.017449
v 0.277317 0.148034 0.013371
v -0.161785 0.209012 -0.084615
v -0.167892 0.197124 -0.081602
v -0.173083 0.209361 -0.078409
v -0.125052 0.246811 0.026055
v -0.121681 0.234131 0.038635
v -0.115778 0.252356 0.038017
v 0.091528 -0.147490 -0.098014
v 0.097521 -0.154113 -0.091535
v 0.090369 -0.158386 -0.091500
v -0.155708 0.203046 0.048314
v -0.160977 0.213682 0.045887
v -0.171814 0.207110 0.047210
v 0.179609 -0.206876 0.047181
v 0.164964 0.217717 -0.071819
v 0.171257 0.204681 -0.073408
v 0.160975 0.215262 -0.074082
v -0.017217 -0.054086 -0.088911
v -0.017200 -0.040587 -0.089561
v -0.007442 -0.044951 -0.089152
v 0.134837 0.245517 -0.068847
v 0.121829 0.256939 -0.063247
v 0.139925 0.253783 -0.057967
v 0.139403 0.124306 -0.093089
v 0.128645 0.138682 -0.098855
v 0.144321 0.135059 -0.092164
v 0.120201 -0.209117 0.121597
v -0.283200 0.121104 -0.013527
v 0.046830 -0.045076 0.154578
v 0.055782 -0.040514 0.154444
v 0.046756 -0.035926 0.154600
v 0.235410 0.144714 -0.043778
v 0.243689 0.150159 -0.050139
v 0.238926 0.141129 -0.034512
v -0.120751 0.263324 0.018336
v -0.122676 0.255814 0.021481
v -0.108222 0.262763 0.027107
v -0.108944 -0.224432 -0.103788
v -0.106798 -0.208033 -0.098681
v -0.085965 0.131200 -0.119255
v -0.096013 0.128580 -0.116294
v -0.096196 0.139860 -0.116418
v 0.107027 0.261393 -0.065279
v 0.120434 0.250148 -0.071000
v 0.162366 0.094458 -0.052734
v 0.167821 0.103067 -0.053931
v 0.165678 0.093541 -0.043018
v 0.104356 -0.172821 -0.087142
v 0.090206 -0.170025 -0.089752
v 0.103136 -0.160614 -0.084731
v 0.052732 -0.117894 -0.087779
v 0.048680 -0.127683 -0.095436
v 0.040193 -0.114774 -0.096335
v -0.163352 -0.163694 -0.038365
v -0.155917 -0.159981 -0.050643
v -0.158493 -0.176160 -0.051004
v 0.138051 0.269288 0.039142
v 0.146418 0.269927 0.027335
v 0.135132 0.278362 0.034643
v -0.161669 0.165992 0.056808
v -0.176410 0.157376 0.047465
v 0.132960 -0.225921 0.110925
v 0.139357 -0.216986 0.106859
v 0.132933 -0.217362 0.111954
v -0.179000 -0.173276 0.002398
v -0.177169 -0.167740 0.011934
v -0.175211 -0.164546 -0.002376
v 0.254400 0.181687 -0.074696
v 0.137280 0.140006 0.091892
v 0.139556 0.130625 0.092491
v 0.150543 0.139072 0.079025
v -0.085428 0.221514 -0.101253
v -0.093942 0.217744 -0.104731
v -0.095336 0.227083 -0.101773
v -0.198322 0.137307 -0.049992
v -0.190985 0.125645 -0.040870
v 0.108278 -0.151052 0.127047
v 0.112106 -0.134109 0.121261
v 0.149204 0.261839 0.024154
v 0.157731 0.257883 0.028328
v 0.154287 0.270480 0.014806
v -0.160977 -0.228886 0.082086
v -0.150835 -0.229148 0.092785
v -0.150765 -0.220525 0.092522
v 0.008095 -0.158737 0.169429
v 0.031663 -0.168559 0.169312
v 0.035066 -0.158500 0.168111
v 0.100091 0.294986 -0.025653
v 0.055230 -0.051128 0.154742
v 0.046817 -0.055219 0.154948
v -0.064379 0.248245 0.031907
v -0.070161 0.249320 0.028444
v 0.013468 0.127874 -0.132759
v 0.013125 0.116649 -0.131503
v 0.074240 0.167618 0.095535
v 0.065746 0.160222 0.102175
v 0.074985 0.155987 0.104828
v 0.322749 0.140259 0.002367
v 0.075594 0.143599 0.114490
v 0.066488 0.147915 0.111586
v 0.067448 0.136286 0.120855
v 0.176462 -0.208972 -0.028532
v 0.178793 -0.216581 -0.021295
v 0.173673 -0.225380 -0.033275
v 0.130853 0.286756 0.024670
v 0.123967 0.278448 0.034491
v -0.180898 0.068619 0.006644
v -0.176917 0.062570 0.016213
v -0.179304 0.076392 0.014143
v 0.163928 0.200265 -0.078652
v 0.045547 -0.077414 0.156303
v -0.170722 0.276177 -0.049192
v -0.164252 0.271620 -0.055337
v -0.177178 0.267990 -0.059359
v 0.311513 0.210522 -0.073265
v 0.319549 0.200431 -0.075888
v 0.301703 0.201673 -0.075744
v 0.023775 0.215828 -0.121152
v 0.018264 0.227817 -0.119545
v 0.028644 0.225876 -0.113076
v -0.345439 0.197182 0.014378
v -0.338541 0.180721 0.010360
v 0.210184 0.263471 -0.034246
v 0.201172 0.261683 -0.041501
v 0.202556 0.266805 -0.028926
v 0.183839 0.110557 0.012971
v -0.264788 0.243833 -0.054512
v -0.266440 0.250426 -0.044453
v -0.251746 0.247586 -0.051826
v 0.162320 0.275539 -0.010456
v 0.162248 0.277104 -0.021321
v 0.167247 0.267625 -0.024089
v 0.118414 0.053300 0.136269
v 0.120945 0.069089 0.137510
v 0.113203 0.067522 0.143633
v -0.144677 -0.081146 -0.006339
v -0.142160 -0.072088 -0.010825
v -0.139826 -0.086682 -0.019392
v 0.103068 0.041736 -0.091014
v 0.110735 0.040921 -0.082396
v 0.099099 0.027499 -0.084142
v -0.030284 0.011734 -0.111334
v -0.019828 0.007063 -0.111211
v 0.147183 0.081829 0.091894
v 0.152502 0.085906 0.079314
v 0.152218 0.096257 0.091921
v -0.311439 0.158222 0.008419
v -0.321478 0.156821 0.007104
v 0.119608 0.099187 0.128313
v 0.122650 0.106876 0.121424
v 0.110805 0.112032 0.127682
v -0.042258 0.119456 -0.126629
v -0.043269 0.102283 -0.127923
v -0.053503 0.118466 -0.125721
v 0.060154 0.097748 0.145069
v 0.050328 0.095169 0.146142
v 0.064829 0.083747 0.150205
v 0.161891 -0.190785 -0.051836
v 0.165115 -0.184316 -0.043454
v 0.167007 -0.196175 -0.043331
v 0.176020 0.140102 -0.067967
v 0.173281 0.154131 -0.076673
v 0.181529 0.148321 -0.062023
v -0.277850 0.139138 0.007828
v -0.268232 0.135674 0.007089
v -0.264548 0.147203 0.011297
v 0.229601 0.136334 -0.023708
v 0.223917 0.140506 -0.036600
v 0.022210 -0.010200 -0.109034
v 0.011669 -0.015631 -0.106667
v 0.011780 0.003548 -0.112121
v 0.123581 -0.038314 -0.074740
v 0.120909 -0.028414 -0.081559
v 0.133006 -0.022265 -0.071274
v -0.212266 0.269377 -0.017806
v -0.226796 0.259170 -0.010074
v 0.169113 -0.157451 0.045474
v 0.163654 -0.157132 0.059785
v 0.171127 -0.173441 0.053994
v 0.141435 -0.050227 -0.023882
v 0.152140 -0.063939 -0.025509
v 0.137059 -0.062342 -0.028248
v -0.186833 0.156604 0.039706
v -0.175618 0.146925 0.048276
v 0.037948 -0.103758 -0.109373
v 0.032775 -0.097188 -0.117454
v 0.183647 -0.207012 0.025777
v 0.187341 -0.223232 0.033814
v 0.186303 -0.223710 0.019056
v -0.036639 -0.163467 -0.107593
v -0.045393 -0.159585 -0.111992
v -0.037201 -0.152495 -0.121097
v 0.131162 -0.167389 -0.070732
v 0.125489 -0.173629 -0.077095
v 0.115989 -0.163611 -0.078544
v -0.160215 0.259827 0.016338
v 0.028271 0.121120 0.130864
v 0.028671 0.112836 0.134605
v 0.038171 0.123792 0.129694
v 0.154524 0.136901 -0.086640
v 0.149173 0.145847 -0.091095
v 0.164260 0.142320 -0.081743
v 0.106725 -0.063559 0.124039
v 0.082461 0.169497 0.094579
v 0.090713 0.172949 0.095245
v 0.082380 0.179049 0.084781
v 0.111461 0.027798 0.136937
v 0.102670 0.017214 0.140846
v 0.114006 0.012672 0.133221
v -0.204395 0.265450 -0.001416
v -0.210269 0.258169 0.003853
v -0.197475 0.265374 0.005512
v -0.157594 0.024847 0.063180
v -0.153870 0.014917 0.072186
v -0.149286 0.020536 0.078708
v -0.029281 -0.016097 0.153307
v -0.023913 -0.003725 0.152952
v -0.032909 0.004274 0.151587
v 0.045892 -0.107719 0.159220
v 0.053624 -0.117090 0.159123
v 0.053189 -0.100186 0.156741
v -0.076854 -0.145724 -0.106045
v -0.067583 -0.138281 -0.099934
v -0.066235 -0.144914 -0.110426
v 0.099749 -0.027044 0.136911
v 0.094767 -0.021152 0.142131
v 0.094027 -0.033397 0.141639
v 0.282818 0.126183 -0.010909
v -0.064590 0.126071 -0.123248
v -0.055871 0.134803 -0.120884
v 0.031238 -0.130845 0.165358
v 0.118667 0.180127 -0.101566
v 0.124672 0.191667 -0.096784
v 0.132458 0.178798 -0.095299
v 0.182923 0.076300 -0.021612
v 0.153415 -0.047912 0.013700
v 0.114232 0.214453 0.070201
v 0.103872 0.207471 0.060274
v 0.104036 0.201065 0.068848
v 0.090442 0.201600 0.065735
v -0.165607 0.013444 0.049773
v -0.171106 0.005619 0.035547
v -0.166373 0.001600 0.052239
v 0.069550 0.143514 -0.120786
v 0.080714 0.152727 -0.117307
v 0.077498 0.136911 -0.117982
v 0.135456 -0.010216 0.113605
v 0.137571 -0.022194 0.110160
v 0.140035 -0.010706 0.104477
v -0.162051 -0.137186 -0.001141
v -0.159705 -0.128403 0.001364
v -0.161810 -0.140816 -0.012489
v -0.127018 0.203447 0.065391
v -0.131192 0.206847 0.056099
v -0.135399 0.193145 0.064247
v -0.166673 0.272200 -0.028034
v -0.180566 0.276904 -0.015133
v -0.165789 0.269590 -0.016034
v -0.321251 0.111590 -0.017292
v -0.325937 0.121470 -0.029717
v -0.317352 0.124651 -0.031712
v -0.093533 -0.001142 -0.094171
v -0.097652 -0.014809 -0.088436
v -0.105215 -0.000079 -0.088040
v 0.152542 -0.022991 0.034949
v 0.153061 -0.032611 0.027842
v -0.053665 0.248225 0.060913
v -0.041641 0.256914 0.054540
v 0.027117 0.245891 0.050537
v 0.004146 0.244939 0.050200
v 0.023493 0.232278 0.060343
v 0.069332 0.085183 0.149998
v -0.122597 -0.034024 0.118384
v -0.119214 -0.043121 0.124577
v -0.115503 -0.025713 0.128719
v -0.090750 0.264065 -0.081132
v -0.082293 0.277489 -0.069400
v -0.076217 0.259378 -0.076107
v 0.061412 -0.134113 0.159391
v 0.049432 -0.130035 0.161955
v 0.054511 -0.144416 0.163518
v -0.274000 0.151016 0.010836
v -0.136591 0.087942 -0.084224
v -0.144695 0.088865 -0.077952
v -0.136618 0.099976 -0.086482
v 0.113036 -0.099531 -0.058674
v 0.118394 -0.105200 -0.067699
v 0.106243 -0.106045 -0.066746
v -0.159344 0.228491 -0.083321
v -0.172961 0.218996 -0.077618
v 0.046518 -0.066281 0.155539
v 0.038873 -0.067619 0.156504
v -0.159009 0.046363 0.055242
v -0.157126 0.038470 0.060508
v -0.152476 0.263202 -0.037640
v -0.142353 0.265009 -0.036425
v -0.151593 0.257566 -0.046662
v -0.127622 0.279782 -0.031502
v -0.130757 0.272597 -0.015459
v -0.183827 -0.203284 0.002954
v -0.181264 -0.194037 -0.007015
v -0.105217 0.141368 -0.113721
v -0.113821 0.131656 -0.110021
v -0.103581 0.272980 -0.038963
v -0.088948 0.276654 -0.039830
v 0.073586 0.180869 0.084603
v 0.081999 0.187026 0.078155
v 0.069015 -0.151009 0.158488
v 0.058885 -0.152879 0.162877
v 0.071777 -0.161392 0.158354
v -0.084821 -0.153145 0.144353
v -0.081528 -0.163412 0.147979
v 0.161644 0.285723 -0.014008
v 0.169356 0.170444 0.054699
v 0.174701 0.155159 0.052169
v 0.182718 0.170882 0.046815
v -0.118355 0.237565 0.045340
v -0.114690 0.235405 0.055329
v -0.110937 0.247041 0.046756
v 0.026494 0.231311 0.061803
v 0.167736 0.081690 -0.034420
v 0.161629 0.084101 -0.042351
v 0.156148 -0.173563 0.080517
v 0.153597 -0.190346 0.087553
v 0.043059 0.231972 0.068977
v 0.040024 0.239983 0.062146
v 0.031775 0.239557 0.058523
v -0.177951 0.129548 0.046219
v -0.175094 0.120509 0.049912
v -0.170874 0.127982 0.056666
v 0.291775 0.192523 -0.075835
v 0.276282 0.193612 -0.075772
v 0.290846 0.205303 -0.074388
v -0.033554 0.223208 0.069264
v 0.044555 0.056638 -0.112811
v 0.052665 0.064380 -0.112331
v 0.054906 0.053683 -0.112355
v -0.069215 -0.217853 -0.113123
v 0.181318 -0.207907 -0.008395
v 0.181689 -0.199344 0.004841
v 0.184286 -0.215591 0.005303
v 0.127252 0.199476 0.078655
v 0.119178 0.194422 0.083649
v 0.125106 0.184670 0.083702
v -0.143173 0.253285 -0.060902
v -0.146017 0.244927 -0.074161
v -0.146287 0.164912 0.068007
v -0.139633 0.151084 0.077789
v -0.131866 0.164174 0.079420
v -0.147051 0.151543 0.072114
v -0.148899 0.135727 0.078608
v -0.138536 0.252576 0.033117
v 0.135292 -0.036860 -0.049367
v 0.141135 -0.026108 -0.055597
v 0.143822 -0.026148 -0.048398
v -0.090123 -0.092900 -0.075650
v -0.095422 -0.092265 -0.065386
v -0.338128 0.216627 0.014036
v 0.292211 0.147911 -0.043034
v 0.302522 0.146933 -0.042654
v -0.285326 0.200142 0.027832
v -0.300018 0.198446 0.023110
v 0.162233 0.036402 -0.045552
v 0.167733 0.046337 -0.039797
v 0.173674 0.034444 -0.032289
v -0.104834 -0.190792 -0.093942
v -0.100408 -0.203802 -0.100135
v 0.083749 0.106987 -0.112131
v 0.072651 0.098335 -0.113247
v 0.068540 0.108880 -0.116650
v -0.270597 0.126112 -0.003545
v -0.260799 0.125657 -0.006962
v -0.258579 0.132494 0.005808
v -0.151421 0.277826 -0.018214
v -0.026255 0.259545 -0.085163
v -0.025303 0.250420 -0.089967
v -0.167650 -0.158014 -0.030401
v -0.281221 0.210652 0.022157
v -0.254983 0.245971 0.012300
v -0.249638 0.256427 -0.000900
v -0.261493 0.245654 0.002100
v -0.107068 0.175597 0.091337
v -0.107929 0.163070 0.097331
v -0.098885 0.173445 0.093013
v 0.089743 0.189252 0.075534
v -0.174636 -0.014157 0.023078
v -0.173331 -0.017913 0.040564
v -0.172204 -0.006143 0.038068
v 0.056978 0.227172 -0.097955
v 0.064215 0.235566 -0.095811
v 0.068877 0.226502 -0.099625
v 0.154496 0.188686 0.059768
v 0.164060 0.194068 0.053004
v 0.150407 0.207303 0.054851
v -0.088898 0.283946 -0.030430
v -0.083366 0.290277 -0.024930
v -0.085531 0.291570 -0.038244
v -0.119460 -0.216089 -0.094716
v -0.242023 0.128413 -0.000873
v 0.125622 0.273371 -0.000893
v 0.135386 0.274825 0.008505
v -0.210856 0.152422 0.032641
v -0.204988 0.142196 0.026359
v -0.203123 0.152731 0.035559
v -0.177762 0.186820 0.046575
v 0.024275 0.253192 0.049460
v -0.159012 -0.063972 0.050369
v -0.151722 -0.057720 0.058653
v -0.167135 -0.052969 0.051237
v 0.040861 0.055893 0.151011
v 0.031084 0.050354 0.149120
v 0.037471 0.041150 0.151304
v -0.287377 0.142892 0.007922
v -0.252575 0.175121 0.031239
v -0.257222 0.188381 0.033902
v -0.264492 0.174032 0.027092
v 0.316091 0.161505 0.009564
v 0.304390 0.160944 0.012300
v 0.002032 -0.036616 -0.093515
v -0.007594 -0.038623 -0.091584
v -0.008417 -0.024743 -0.100751
v 0.068090 0.052211 0.151904
v 0.073037 0.061905 0.151737
v 0.059404 0.066047 0.151550
v 0.124288 0.216206 0.073507
v -0.109743 -0.034838 0.132180
v 0.127670 -0.115290 -0.072220
v 0.133021 -0.119573 -0.058495
v 0.122429 -0.128802 -0.071661
v -0.085816 0.206687 -0.106485
v -0.073910 0.212340 -0.103306
v 0.181947 -0.224159 -0.007624
v 0.066963 0.276164 0.012780
v 0.073305 0.267411 0.011957
v 0.070627 0.276172 0.005274
v 0.088944 0.233107 0.040936
v 0.089541 0.222695 0.049244
v 0.096160 0.225297 0.046060
v 0.232370 0.246935 -0.059251
v 0.240605 0.248765 -0.053457
v 0.165037 0.022734 -0.043842
v 0.151994 0.029544 -0.052711
v 0.170596 0.008123 -0.028596
v 0.175796 0.006915 -0.017070
v 0.168238 -0.004733 -0.024636
v -0.079485 0.288127 -0.055061
v -0.104350 0.199314 0.077239
v -0.107132 0.209113 0.072564
v -0.113322 0.198999 0.077652
v -0.047217 -0.214865 0.158198
v -0.038568 -0.210282 0.161812
v -0.054946 -0.202374 0.160435
v 0.101596 0.277889 -0.055607
v 0.084690 -0.171687 0.149909
v 0.094088 -0.171689 0.141980
v -0.174842 0.196993 0.046793
v -0.191224 0.201880 0.047165
v 0.159729 0.009466 0.042170
v 0.150090 0.005287 0.056967
v -0.141026 0.165954 -0.092524
v -0.130349 0.164548 -0.101871
v -0.140492 0.156075 -0.095919
v 0.205932 0.246760 0.026974
v 0.197113 0.233359 0.036682
v -0.044127 0.293049 -0.049639
v -0.050416 0.287512 -0.056686
v -0.047815 0.295362 -0.044880
v -0.019838 -0.213398 -0.113280
v -0.021884 -0.201764 -0.110054
v -0.006010 -0.203811 -0.110933
v 0.134169 0.101761 -0.091441
v 0.010975 0.280388 -0.102040
v 0.002721 0.285830 -0.094689
v 0.143980 -0.029794 0.079019
v 0.142473 -0.020691 0.086575
v -0.125624 0.067756 0.123014
v -0.119454 0.081583 0.129742
v -0.127960 0.082908 0.121097
v -0.020504 0.054122 -0.119505
v -0.010041 0.064405 -0.121631
v -0.009724 0.048566 -0.117612
v -0.089438 -0.200726 -0.103423
v -0.269363 0.186689 0.030964
v -0.359807 0.247532 -0.019623
v -0.350730 0.248591 -0.028720
v 0.024639 0.262504 -0.089626
v 0.032231 0.267370 -0.080664
v 0.131120 0.229550 0.065493
v -0.113541 0.283642 -0.035040
v -0.105104 0.272761 -0.031534
v -0.105873 0.187717 0.084691
v -0.114210 -0.070220 -0.051845
v -0.119140 -0.079976 -0.047144
v -0.121917 -0.065251 -0.042720
v -0.099291 -0.127331 -0.068283
v -0.085306 -0.115674 -0.069435
v -0.089549 -0.132265 -0.074224
v -0.101430 0.066088 -0.103090
v -0.092442 0.066179 -0.107103
v -0.101090 0.056145 -0.102063
v -0.063567 -0.139266 0.155363
v -0.067191 -0.129048 0.152017
v -0.077971 -0.135967 0.146918
v -0.278168 0.222845 0.020687
v -0.265123 0.217818 0.028334
v -0.159175 -0.045639 0.014510
v -0.158667 -0.039919 0.003246
v -0.152280 -0.055988 0.008634
v -0.144570 -0.161580 0.088283
v -0.142019 -0.178294 0.095133
v -0.135277 -0.161654 0.097655
v -0.327638 0.222377 -0.069273
v -0.136414 0.237026 0.035109
v -0.139766 0.188510 0.063360
v -0.150087 0.181504 0.059157
v -0.126208 -0.058955 -0.066591
v -0.134180 -0.053625 -0.050677
v -0.136498 -0.044295 -0.067785
v 0.045131 -0.135208 -0.105455
v 0.038941 -0.141924 -0.114241
v 0.029996 -0.141158 -0.114197
v 0.168676 0.169439 -0.082908
v 0.171991 0.180252 -0.075099
v 0.177494 0.167241 -0.069331
v -0.174991 0.189669 -0.079373
v -0.057463 0.008194 0.149491
v -0.336434 0.243168 -0.049079
v -0.330188 0.235982 -0.058919
v -0.178097 0.108873 0.035318
v -0.183468 0.113024 0.025509
v -0.176800 0.103059 0.026382
v -0.046876 0.150563 0.111770
v 0.177987 0.090266 -0.026594
v 0.181505 0.101482 -0.025960
v 0.186621 0.086582 -0.015011
v 0.149012 0.014587 0.064469
v 0.158716 0.018832 0.049569
v 0.002814 -0.002021 0.152703
v -0.020378 -0.014046 0.154004
v -0.068924 -0.200719 -0.107383
v -0.052250 -0.210184 -0.111504
v -0.302495 0.224687 -0.069214
v -0.302465 0.233886 -0.062121
v -0.288368 0.230867 -0.065548
v 0.142837 0.163966 -0.092910
v 0.146584 0.177571 -0.089736
v 0.158126 0.173617 -0.087659
v -0.007627 -0.061549 -0.092213
v 0.002275 -0.049499 -0.089406
v 0.002164 -0.062380 -0.093140
v -0.324024 0.195613 0.015254
v -0.314285 0.196944 0.017349
v -0.136324 0.076734 -0.082680
v -0.144553 0.077229 -0.076083
v -0.035562 -0.209015 -0.111940
v -0.035964 -0.198714 -0.108498
v 0.080748 0.225497 -0.100249
v 0.084198 0.234537 -0.096664
v 0.096914 0.229880 -0.094830
v 0.310413 0.252457 -0.026054
v 0.320937 0.250487 -0.035886
v -0.139160 0.125764 -0.095621
v 0.160578 0.208202 0.050212
v 0.158054 0.216645 0.047912
v -0.209634 0.141722 -0.046526
v 0.053239 -0.082915 0.156078
v -0.082505 0.056878 0.148181
v -0.075402 0.047122 0.148439
v -0.073930 0.061391 0.149620
v 0.085654 0.209087 0.060633
v 0.081380 0.206120 0.063743
v 0.160896 -0.082904 0.062428
v 0.158419 -0.074581 0.068398
v 0.154882 -0.091901 0.073795
v 0.005175 0.084990 0.140185
v 0.035762 0.082903 0.146192
v 0.030444 0.095727 0.141386
v 0.078824 -0.040498 0.150489
v 0.086124 -0.036103 0.147347
v 0.079658 -0.029913 0.150317
v 0.297225 0.133584 -0.029105
v 0.308860 0.126375 -0.028045
v 0.299915 0.126382 -0.022215
v 0.167593 0.271125 0.025677
v 0.167384 0.263738 0.033300
v 0.173537 0.268625 0.019875
v -0.308487 0.243642 -0.004002
v -0.312356 0.246494 -0.014144
v -0.309408 0.154755 -0.056598
v -0.311801 0.147771 -0.049843
v -0.322053 0.148542 -0.049990
v 0.124254 0.215532 -0.091698
v 0.116279 0.210444 -0.096581
v 0.110648 0.219885 -0.095084
v -0.096635 0.204893 0.065758
v -0.090218 0.206350 0.060501
v -0.095746 0.215559 0.058330
v 0.001272 0.261672 0.049791
v -0.028306 0.254445 0.050844
v 0.001104 0.244939 0.050200
v 0.130562 -0.124422 0.095628
v 0.140715 -0.132774 0.083749
v 0.136878 -0.116315 0.081887
v 0.126015 0.264172 -0.051170
v 0.268890 0.190418 0.035063
v 0.252558 0.178152 0.036900
v 0.271661 0.179860 0.031590
v -0.144011 0.018709 -0.064343
v -0.144851 -0.128396 0.087458
v -0.153992 -0.128202 0.076860
v -0.147341 -0.145039 0.080686
v -0.087889 0.254875 -0.084120
v -0.100069 0.249348 -0.090697
v -0.064019 0.152384 0.108351
v -0.073732 0.153323 0.105413
v -0.074489 0.141712 0.114721
v -0.157663 -0.194593 0.081011
v -0.159458 -0.211788 0.081696
v -0.149512 -0.203327 0.092338
v -0.169970 -0.151372 0.006712
v -0.166289 -0.146020 -0.003077
v -0.171549 -0.155727 -0.007313
v -0.291740 0.165725 -0.068777
v -0.110773 0.281570 -0.027722
v -0.104869 0.272322 -0.015699
v -0.057949 0.265449 0.029082
v -0.053892 0.268923 0.036743
v -0.037404 0.270463 -0.075361
v -0.032668 0.280353 -0.067888
v -0.027118 0.267747 -0.078947
v 0.114041 0.244192 0.032786
v 0.103269 0.249504 0.022980
v 0.207626 0.173817 0.043058
v 0.215537 0.178713 0.040897
v -0.104584 0.170447 -0.114077
v -0.112824 0.177117 -0.111687
v -0.103779 0.188184 -0.113016
v -0.021426 -0.036142 0.155342
v -0.028792 -0.034522 0.154531
v -0.022335 -0.045100 0.155862
v -0.105688 -0.017267 0.135405
v -0.099368 -0.010965 0.138698
v -0.107540 -0.000128 0.134628
v 0.155947 0.232397 0.042967
v 0.165884 0.227870 0.043922
v 0.161126 0.243659 0.037077
v -0.189332 0.146326 0.035729
v -0.181860 0.141894 0.042217
v 0.076077 0.296634 -0.041978
v 0.076873 0.288964 -0.030080
v -0.052196 -0.131647 -0.097517
v -0.058099 -0.137700 -0.104050
v -0.061372 -0.133216 -0.092865
v 0.177699 0.213263 -0.081450
v 0.140845 -0.091424 0.086453
v 0.138717 -0.074815 0.094656
v 0.129927 -0.090875 0.095167
v -0.117560 -0.229757 0.117104
v -0.105334 -0.220900 0.126479
v -0.118602 -0.212401 0.118021
v 0.223709 0.143423 0.023223
v 0.241141 0.140398 0.015830
v 0.235854 0.153805 0.028720
v -0.096192 0.140150 0.113384
v -0.100226 0.147788 0.107909
v -0.108228 0.135142 0.108169
v -0.020263 -0.127146 -0.122623
v -0.028197 -0.140260 -0.122996
v -0.033175 -0.133210 -0.115909
v 0.112889 -0.058636 -0.065431
v 0.121738 -0.048084 -0.064744
v 0.124256 -0.047826 -0.057507
v 0.130354 -0.037307 -0.063915
v -0.175085 -0.162126 0.021258
v -0.171715 -0.153517 0.032491
v -0.168468 -0.146704 0.020886
v -0.093349 0.227180 0.052812
v -0.085328 0.231819 0.043154
v -0.093983 0.237134 0.052529
v -0.148248 0.228016 0.040073
v -0.166032 0.224923 0.045025
v 0.112359 0.233526 -0.087010
v -0.090033 0.276982 -0.037081
v 0.068243 -0.071583 -0.106524
v 0.058495 -0.074566 -0.109842
v 0.059732 -0.058721 -0.100774
v 0.148351 0.040073 0.081726
v 0.144896 0.051441 0.093701
v 0.141744 0.036366 0.093017
v -0.031041 -0.113082 -0.110035
v -0.024794 -0.103641 -0.116593
v -0.023969 -0.120878 -0.115807
v 0.047159 -0.201247 -0.107386
v 0.038947 -0.210229 -0.111061
v 0.039012 -0.195936 -0.105762
v -0.254180 0.230026 0.024174
v -0.246891 0.240923 0.015207
v -0.262119 0.235191 0.020596
v 0.303424 0.121194 -0.013881
v 0.289759 0.128916 -0.020648
v 0.115033 -0.016702 0.127313
v 0.120293 -0.008684 0.125685
v 0.120111 -0.090707 0.104771
v -0.034175 0.040020 0.149198
v -0.043257 0.049878 0.149212
v -0.041459 0.035335 0.149889
v -0.146944 -0.012618 0.080646
v -0.149395 0.004856 0.080566
v -0.152547 -0.013673 0.075150
v -0.143515 0.017261 0.088234
v -0.143333 0.032873 0.086365
v -0.189784 0.106926 -0.019193
v -0.188599 0.092896 -0.017807
v -0.189465 0.099021 -0.008869
v 0.014868 -0.162097 -0.110176
v 0.183736 -0.207217 0.018457
v 0.179189 0.132480 -0.062444
v 0.141269 0.022546 -0.058818
v 0.127048 0.031329 -0.062064
v 0.137512 0.038053 -0.055407
v 0.019346 -0.095243 -0.122555
v 0.009537 -0.102723 -0.125362
v 0.010445 -0.087814 -0.121269
v 0.165494 0.184157 0.054443
v 0.176867 0.190768 0.049979
v -0.038439 0.117980 0.131404
v -0.033782 0.107841 0.135182
v 0.001667 0.117444 0.130864
v 0.164425 -0.189846 0.074226
v -0.266662 0.190895 -0.078075
v -0.270656 0.207308 -0.077225
v -0.143994 -0.044469 -0.043489
v -0.140405 -0.044372 -0.055681
v -0.062347 -0.080347 0.150191
v -0.055466 -0.071440 0.152285
v -0.067487 -0.068009 0.148331
v 0.128692 0.122620 -0.097704
v -0.125613 -0.105943 -0.041078
v -0.133773 -0.114870 -0.036048
v -0.130606 -0.099188 -0.035562
v -0.071957 -0.097754 -0.096012
v -0.064131 -0.104222 -0.095995
v -0.072584 -0.104468 -0.088787
v -0.117344 -0.130908 -0.060164
v 0.164072 -0.173467 0.067871
v -0.060457 -0.211009 0.155073
v -0.123947 -0.089725 -0.042229
v -0.126986 -0.075077 -0.038190
v 0.325986 0.206459 0.019829
v 0.333616 0.197788 0.016875
v 0.336014 0.212396 0.017957
v -0.086140 0.191554 -0.110454
v 0.109658 -0.200675 0.129737
v 0.141586 -0.228630 -0.080536
v 0.147555 -0.222239 -0.073504
v 0.153878 -0.227707 -0.065604
v 0.110968 0.189278 0.088083
v 0.271406 0.225198 -0.068326
v 0.280073 0.209232 -0.073455
v -0.292816 0.125518 -0.003509
v -0.281754 0.126058 -0.003799
v -0.283941 0.134678 0.004687
v 0.190645 0.127377 -0.034452
v -0.102192 0.244087 0.038687
v -0.105258 0.253106 0.032510
v 0.288896 0.169716 0.021070
v 0.293683 0.182110 0.025010
v 0.276443 0.176230 0.028585
v -0.090065 0.266826 0.014107
v -0.091850 0.259312 0.022882
v -0.082225 0.266261 0.019219
v 0.299606 0.253791 -0.022243
v 0.137046 -0.164121 0.101030
v 0.033031 -0.147056 0.167128
v 0.007528 -0.141670 0.168187
v 0.131678 -0.037942 0.112017
v 0.123166 -0.041426 0.116237
v 0.132771 -0.045921 0.109110
v 0.157169 0.085713 -0.051499
v 0.012481 0.173475 -0.129970
v 0.001196 0.170406 -0.126545
v -0.278484 0.214257 -0.074787
v -0.261912 0.223610 -0.072016
v 0.084984 0.295282 -0.049766
v 0.122695 0.023076 0.128559
v 0.123587 0.039098 0.128814
v 0.116552 0.037362 0.134775
v -0.089409 -0.136473 0.138323
v -0.081001 -0.125808 0.142861
v -0.092834 -0.124412 0.133085
v 0.214876 0.152606 -0.054650
v 0.213039 0.164850 -0.063650
v 0.223139 0.158133 -0.061049
v -0.018892 -0.011964 -0.106346
v -0.018245 -0.028991 -0.097145
v 0.211339 0.156214 0.037316
v -0.055175 -0.073911 -0.106217
v -0.045968 -0.070192 -0.103471
v -0.050739 -0.083486 -0.111720
v -0.161554 -0.203599 -0.051321
v -0.153470 -0.209355 -0.063742
v -0.164349 -0.216971 -0.052431
v -0.103516 0.271786 0.000603
v 0.091658 -0.181819 -0.094310
v 0.107426 -0.188613 -0.092408
v 0.094218 -0.197523 -0.100114
v 0.188842 0.179877 0.042056
v 0.324507 0.192371 0.017990
v 0.314380 0.200015 0.022515
v 0.109324 0.050975 -0.091242
v 0.100434 0.052581 -0.098526
v -0.080638 0.187449 0.075989
v -0.076956 0.179478 0.083628
v 0.115980 0.289477 0.006196
v 0.115817 0.289643 -0.005543
v 0.105062 0.287561 0.000630
v 0.001256 0.282339 -0.088384
v 0.005154 0.272865 -0.091119
v -0.334211 0.186623 -0.073662
v 0.041368 0.292577 -0.053452
v 0.036748 0.291399 -0.058453
v 0.319813 0.245996 -0.046429
v -0.173708 0.086114 -0.042341
v -0.119796 -0.141166 0.109096
v -0.122967 -0.151431 0.108039
v -0.112942 -0.149454 0.117951
v -0.140517 -0.081117 0.061587
v 0.317651 0.214965 0.019829
v 0.328244 0.220966 0.017500
v -0.125774 -0.149985 -0.080682
v -0.126067 -0.162716 -0.079049
v -0.137384 -0.153119 -0.072056
v 0.292574 0.134166 0.003286
v -0.066709 0.051636 0.149677
v -0.058314 0.041623 0.149934
v -0.059892 0.056750 0.150456
v 0.167634 -0.107850 0.048341
v -0.041022 -0.105875 -0.108164
v -0.237774 0.126573 -0.008993
v -0.250989 0.125947 -0.010545
v 0.325494 0.173532 0.011467
v 0.329637 0.185538 0.014329
v 0.080090 0.238595 0.040256
v 0.082695 0.229601 0.046901
v -0.064979 0.036016 0.149062
v 0.104278 -0.218284 0.132957
v 0.097980 -0.226986 0.134974
v -0.332678 0.243654 -0.006960
v -0.332092 0.236912 0.002234
v -0.322967 0.237317 0.001500
v 0.096608 -0.213958 -0.105233
v 0.080187 -0.207068 -0.106416
v -0.083105 -0.234126 -0.115383
v -0.096786 -0.233259 -0.112081
v -0.179648 -0.178228 0.021904
v -0.339455 0.157191 0.004108
v -0.332215 0.161901 0.006659
v 0.190129 0.264951 0.012444
v 0.197357 0.266469 0.005181
v 0.180888 0.267708 0.006069
v -0.146029 -0.190744 0.093867
v -0.136669 -0.199578 0.103158
v -0.088141 0.274302 0.005209
v 0.109287 -0.048738 -0.087124
v 0.101080 -0.042896 -0.091534
v 0.104300 -0.038091 -0.090507
v 0.078223 -0.050408 0.150665
v 0.077288 -0.060976 0.150865
v 0.085258 -0.046674 0.147465
v -0.163179 0.190139 0.049999
v -0.166977 0.195936 0.048340
v -0.038814 -0.166794 0.166376
v -0.028826 -0.160054 0.166775
v -0.090018 0.020061 -0.100299
v -0.079610 0.007204 -0.101533
v -0.088988 0.005423 -0.097387
v 0.179889 0.180807 0.048107
v -0.002469 0.260688 -0.081395
v 0.006486 0.270921 -0.083341
v 0.090618 0.195230 -0.107567
v 0.091229 0.184311 -0.110303
v 0.079035 0.199405 -0.108751
v -0.345486 0.233625 0.003879
v -0.359702 0.237776 -0.002030
v -0.357780 0.223267 0.009177
v -0.081319 -0.134931 -0.083048
v -0.077236 -0.127152 -0.076614
v 0.152599 -0.215826 -0.065973
v 0.089906 0.206050 -0.104502
v 0.100401 0.213022 -0.100164
v 0.099431 0.200243 -0.104419
v -0.138747 0.183118 -0.097735
v -0.130196 0.174177 -0.099529
v 0.171872 0.072915 0.040711
v 0.176791 0.065668 0.033750
v 0.177088 0.083227 0.029539
v -0.084026 0.076192 -0.112561
v -0.126518 -0.077655 0.115223
v -0.120228 -0.090642 0.117901
v -0.116923 -0.073457 0.123143
v 0.239369 0.178375 0.039886
v 0.247669 0.165288 0.032963
v 0.246786 0.210960 0.027017
v -0.173756 -0.002453 0.020644
v -0.171848 0.098667 0.036187
v -0.110265 -0.140639 -0.083043
v -0.114626 -0.138838 -0.078393
v -0.103943 -0.135147 -0.073917
v -0.198991 0.215482 0.043022
v -0.204251 0.222399 0.040116
v -0.191038 0.255637 -0.047823
v -0.174158 0.251967 -0.051288
v -0.187528 0.243180 -0.060854
v -0.151489 -0.111911 0.070355
v 0.259824 0.131127 -0.012872
v 0.250793 0.131252 -0.006912
v 0.246666 0.134471 -0.016110
v 0.157190 0.169719 0.063732
v -0.179046 0.044794 -0.029861
v -0.180170 0.056981 -0.031653
v -0.174423 0.045654 -0.038968
v 0.163562 -0.091183 0.056451
v -0.205895 0.168240 -0.073225
v -0.197336 0.161421 -0.069750
v -0.212081 0.156468 -0.063623
v -0.120761 0.223165 0.053123
v 0.068814 0.079910 -0.111007
v 0.076896 0.087677 -0.110374
v 0.079049 0.076990 -0.109335
v 0.020218 -0.082745 -0.118007
v 0.011021 -0.075646 -0.111773
v -0.104634 0.268082 0.014220
v -0.225233 0.173166 0.038985
v -0.216355 0.163130 0.038305
v -0.219779 0.179697 0.039934
v -0.126810 0.125180 0.102105
v -0.127389 0.111569 0.110069
v -0.118172 0.123753 0.109938
v 0.321796 0.253049 -0.022358
v 0.331063 0.251670 -0.018520
v 0.330634 0.250466 -0.034239
v 0.154724 0.074205 -0.045896
v 0.161455 0.071611 -0.038549
v 0.155372 0.061516 -0.042902
v -0.157570 0.238031 -0.080170
v 0.175902 -0.223986 0.061285
v 0.182002 -0.223739 0.047788
v -0.059558 0.196892 0.087230
v -0.068328 0.197717 0.078886
v -0.064017 0.187017 0.088702
v -0.225868 0.258701 0.008224
v -0.233871 0.261803 -0.001319
v -0.239863 0.249395 0.005626
v 0.256514 0.191927 0.037073
v 0.265432 0.202135 0.034031
v 0.032193 0.254535 0.048142
v 0.039741 0.251995 0.052137
v 0.037548 0.262537 0.047573
v -0.034473 0.215122 0.074553
v -0.043704 0.215457 0.078193
v 0.098896 0.105075 -0.107481
v 0.087930 0.096346 -0.109071
v -0.171125 -0.194221 -0.034665
v -0.168050 -0.209456 -0.043387
v -0.176078 -0.206707 -0.025456
v -0.291807 0.245672 -0.048055
v -0.290322 0.239880 -0.058569
v -0.302303 0.241906 -0.053361
v -0.072242 0.202026 0.071425
v -0.065310 0.207875 0.077803
v -0.070855 0.209159 0.064818
v -0.102613 0.213572 -0.107413
v -0.112926 0.215850 -0.099402
v -0.105449 0.231418 -0.098980
v -0.173961 -0.214534 -0.034999
v -0.180238 -0.225235 -0.026006
v 0.120806 0.092685 -0.096752
v 0.128757 0.092040 -0.092369
v -0.122386 -0.052345 -0.079853
v -0.049461 -0.007469 -0.103972
v -0.045194 0.009056 -0.109352
v 0.186272 0.160442 0.043855
v 0.137773 -0.025694 -0.062451
v 0.144829 -0.013872 -0.060714
v -0.160531 0.239990 0.037412
v -0.149555 0.246367 0.036671
v 0.141333 -0.016640 0.063372
v 0.140932 -0.023462 0.071312
v 0.141354 -0.030032 0.064515
v 0.027855 0.129428 0.126756
v 0.004709 0.117444 0.130864
v 0.121289 -0.135817 0.111061
v 0.125905 -0.130145 0.103299
v 0.118193 -0.126479 0.112935
v -0.253826 0.253451 -0.012262
v -0.261756 0.255286 -0.023410
v -0.269615 0.253302 -0.022527
v -0.074897 0.130059 0.124041
v -0.083988 0.131518 0.121985
v -0.084382 0.119024 0.131875
v -0.187065 0.135040 -0.055165
v -0.183180 0.125548 -0.052861
v 0.061473 0.089758 -0.114045
v 0.123729 -0.087212 -0.048557
v 0.136778 -0.089231 -0.050375
v 0.126013 -0.099954 -0.061879
v 0.297515 0.217032 -0.070440
v 0.127264 0.270575 0.040413
v 0.120196 0.261430 0.043117
v -0.070761 -0.118810 0.148483
v -0.055813 -0.122071 0.156102
v -0.063920 -0.110059 0.150594
v -0.160366 0.035692 -0.052538
v -0.161437 0.023444 -0.052706
v -0.168170 0.034482 -0.045947
v -0.334266 0.204917 -0.074784
v 0.168217 -0.057961 -0.008941
v 0.277168 0.226478 0.023161
v -0.036286 -0.188496 -0.104601
v -0.021165 -0.189506 -0.106851
v 0.171492 0.210584 0.049771
v -0.103820 -0.229524 0.125454
v -0.090397 -0.229104 0.133549
v -0.097570 0.029838 0.141252
v -0.088475 0.018895 0.143938
v -0.091411 0.036141 0.144604
v -0.120205 -0.064624 -0.059231
v -0.123689 -0.061330 -0.051307
v 0.137822 0.062808 -0.062801
v 0.128239 0.051398 -0.068503
v 0.127612 0.061075 -0.077754
v 0.013575 0.139177 -0.132858
v 0.013154 0.154537 -0.132667
v 0.097270 -0.067174 -0.084867
v 0.085934 -0.073066 -0.092388
v -0.320901 0.133570 -0.038678
v -0.310650 0.133409 -0.037556
v -0.149184 0.104945 0.088660
v -0.155841 0.108010 0.079176
v -0.187368 0.112161 0.006872
v -0.193408 0.117574 -0.002117
v -0.189709 0.104990 -0.000042
v -0.165890 0.090781 0.045159
v -0.172657 0.104794 0.045032
v 0.179024 -0.173982 0.024707
v 0.175592 -0.173755 0.039049
v 0.180207 -0.190109 0.032593
v -0.301328 0.159677 0.009432
v 0.126103 -0.204530 0.116746
v 0.131688 -0.199967 0.111348
v 0.171407 0.282328 0.002082
v 0.171223 0.285228 -0.008668
v 0.164097 0.282797 0.006897
v -0.107627 -0.014019 -0.085189
v 0.109511 -0.123286 -0.087396
v 0.109619 -0.132967 -0.090564
v 0.099970 -0.129304 -0.093010
v 0.078062 -0.190972 -0.100655
v 0.063251 -0.188271 -0.101806
v 0.077043 -0.179316 -0.096118
v -0.031720 0.112070 -0.129632
v -0.132777 0.222663 0.042149
v -0.028104 -0.168549 -0.104048
v -0.019719 -0.161588 -0.111007
v -0.233947 0.183395 0.039102
v 0.333113 0.148576 -0.046236
v 0.329678 0.138847 -0.038485
v 0.328875 0.149913 -0.047540
v 0.163811 -0.141406 0.044286
v 0.161296 -0.145201 0.055261
v 0.034081 -0.125638 -0.100327
v 0.027501 -0.133044 -0.108317
v 0.172239 0.102360 0.043371
v 0.166128 0.100969 0.061616
v 0.166839 0.091713 0.044531
v 0.154193 0.154357 0.071326
v 0.146594 0.161665 0.074943
v 0.141415 0.148938 0.084956
v -0.174157 -0.194303 0.053420
v -0.179273 -0.194335 0.038013
v -0.180548 -0.202907 0.038289
v 0.179830 0.209471 -0.071181
v 0.169281 0.199037 -0.076612
v 0.180748 0.189873 -0.071151
v -0.272168 0.131377 -0.030448
v -0.267084 0.137405 -0.038565
v 0.289602 0.145824 0.009865
v -0.262516 0.199449 -0.078603
v -0.254328 0.191543 -0.079100
v -0.028781 -0.016436 -0.103073
v -0.038654 -0.020927 -0.099734
v -0.030926 0.124360 -0.125721
v -0.070386 0.228601 0.050880
v -0.070767 0.218190 0.056916
v -0.062030 0.228347 0.055387
v -0.137837 0.261185 -0.047752
v 0.147360 0.092845 -0.077202
v 0.138439 0.092254 -0.085248
v 0.148489 0.103142 -0.080837
v -0.134674 0.053883 -0.077525
v -0.127578 0.058894 -0.086284
v -0.331186 0.133976 -0.039452
v -0.152003 -0.082373 0.040862
v -0.147530 -0.073402 0.051512
v -0.153928 -0.066651 0.051144
v 0.287928 0.218372 0.025699
v 0.289884 0.230156 0.015620
v 0.174861 0.246977 -0.053244
v 0.163172 0.247705 -0.053605
v 0.173652 0.254023 -0.046530
v 0.188157 0.135209 -0.050745
v 0.087173 0.116668 -0.112956
v 0.090392 0.126463 -0.113153
v 0.094805 0.115699 -0.110816
v 0.152182 0.272234 -0.019632
v 0.140276 0.272581 -0.023083
v -0.138468 0.269339 -0.026379
v -0.065418 -0.031251 -0.085541
v -0.067159 -0.019714 -0.093277
v 0.134619 -0.001715 -0.069793
v 0.130493 0.015705 -0.064999
v 0.144937 0.004682 -0.062288
v -0.200939 0.186194 -0.076438
v -0.197789 0.173844 -0.073736
v -0.214300 0.175394 -0.076409
v 0.168599 0.130495 -0.074128
v -0.206937 0.262341 -0.044430
v -0.016493 0.178285 -0.107215
v -0.005394 0.189887 -0.110727
v 0.173210 0.056264 -0.034055
v 0.178183 0.066207 -0.027834
v 0.181194 0.054515 -0.018447
v -0.167317 0.107520 -0.059801
v -0.179258 0.116638 -0.050617
v -0.065486 0.014095 -0.106858
v -0.059985 0.006679 -0.106375
v -0.069479 0.002019 -0.103018
v 0.233321 0.160831 -0.065343
v 0.229038 0.168152 -0.068341
v 0.243508 0.165057 -0.067582
v 0.158003 -0.015242 -0.030524
v -0.172832 0.021350 -0.004968
v -0.171358 0.009626 -0.001827
v -0.172155 0.009448 0.008430
v 0.115521 0.274442 0.028906
v 0.152292 -0.096929 0.021826
v 0.145362 -0.081735 0.022485
v -0.133599 0.137850 0.089069
v 0.048428 0.141716 0.121387
v 0.057998 0.141930 0.119290
v 0.048139 0.154381 0.113444
v -0.167867 -0.178072 0.059435
v -0.167309 -0.194409 0.067859
v -0.160124 -0.178092 0.073322
v -0.043589 0.190450 0.090067
v -0.053862 0.199878 0.087343
v -0.054136 0.185612 0.092870
v -0.247423 0.186131 -0.078603
v -0.244604 0.196050 -0.079572
v -0.234239 0.183922 -0.076202
v 0.150177 0.224186 0.046503
v -0.148531 -0.111326 0.083924
v -0.143343 -0.096018 0.075635
v -0.174709 -0.060206 0.037332
v -0.166375 -0.070690 0.042446
v -0.128801 -0.060334 -0.032785
v -0.117042 -0.149726 -0.086308
v 0.086014 0.114005 0.135804
v 0.249820 0.220855 -0.073326
v 0.243975 0.230294 -0.071226
v -0.064765 0.090429 -0.121342
v -0.075209 0.093109 -0.118958
v 0.082550 -0.088788 0.147315
v 0.075706 -0.092568 0.150344
v 0.082108 -0.099273 0.147168
v -0.164812 -0.174380 -0.040997
v -0.095909 0.076314 0.146916
v -0.089361 0.066616 0.147554
v -0.087190 0.080834 0.148167
v 0.097968 0.170676 0.100230
v 0.091424 0.162953 0.104850
v 0.127638 -0.229051 -0.094220
v 0.113708 -0.229413 -0.103758
v 0.111929 -0.221831 -0.099697
v -0.164745 -0.059054 0.023622
v 0.137820 0.001184 0.107712
v 0.108213 0.205311 -0.101200
v 0.035773 0.127876 -0.128465
v 0.047075 0.136669 -0.126645
v 0.060746 -0.214142 0.158409
v 0.066317 -0.227088 0.152718
v -0.044093 -0.118511 -0.099525
v 0.075175 0.023096 0.151503
v 0.079890 0.032855 0.151173
v 0.071364 0.037743 0.151875
v -0.061834 0.283959 -0.060152
v -0.057156 0.290716 -0.048261
v -0.002434 -0.236491 -0.119613
v -0.001475 -0.219335 -0.114805
v 0.088037 0.137122 -0.114771
v 0.079827 0.126276 -0.116298
v -0.326077 0.214436 -0.073402
v -0.129926 -0.174386 0.106053
v 0.173693 0.192628 -0.076254
v 0.096659 0.214744 0.054477
v -0.303901 0.141552 -0.044098
v -0.293794 0.147957 -0.052761
v -0.310333 0.118786 -0.024643
v 0.174585 -0.158344 0.016708
v 0.179332 -0.174255 0.017357
v 0.178272 -0.170922 0.003706
v 0.262180 0.170887 0.030986
v 0.048435 0.046916 0.152400
v -0.154260 0.158720 0.064328
v 0.201807 0.163463 -0.061409
v 0.194178 0.171597 -0.067196
v 0.198629 0.179949 -0.069182
v -0.180383 0.069247 -0.033107
v -0.172219 0.071616 -0.041003
v -0.174268 0.057932 -0.039999
v -0.252846 0.211277 0.032808
v -0.257492 0.203294 0.032564
v -0.183168 0.068549 -0.003402
v -0.154441 -0.031981 0.068514
v -0.142185 -0.029427 0.078418
v 0.135964 0.104024 0.110419
v 0.127629 0.101440 0.119210
v 0.137167 0.090577 0.113466
v -0.200176 0.231928 0.032423
v -0.192432 0.220623 0.036904
v -0.190705 0.234904 0.030984
v 0.237182 0.251608 0.011421
v 0.223551 0.254925 0.016886
v 0.237377 0.244738 0.018706
v 0.117188 0.126909 0.113470
v 0.113739 0.119141 0.120103
v 0.124937 0.113948 0.113875
v 0.284942 0.203745 0.031528
v 0.104359 -0.171606 0.133631
v 0.101951 -0.181866 0.135939
v -0.047305 -0.038044 0.152547
v -0.038548 -0.027335 0.152992
v -0.181627 0.199064 -0.090031
v -0.254899 0.171619 -0.074186
v -0.264013 0.180819 -0.077358
v -0.250189 0.176138 -0.077679
v 0.187566 0.179260 -0.075063
v -0.146187 0.121550 -0.087368
v -0.152365 0.117899 -0.078286
v -0.155771 0.129431 -0.084904
v -0.037259 -0.126744 -0.105996
v 0.140930 -0.176930 -0.068932
v 0.135840 -0.182951 -0.076219
v 0.016915 -0.112566 -0.121222
v 0.008030 -0.122135 -0.122693
v 0.000226 -0.110479 -0.127920
v -0.066144 0.276662 0.009438
v 0.030521 0.213390 0.076036
v 0.025152 0.207656 0.077226
v 0.036233 0.203889 0.082980
v 0.065445 -0.165525 -0.096491
v 0.054685 -0.163454 -0.100591
v 0.065001 -0.155883 -0.106030
v -0.160137 -0.129100 0.050030
v -0.159990 -0.131057 0.035453
v 0.273826 0.235783 -0.063132
v 0.261438 0.243126 -0.056494
v 0.008597 -0.226133 0.161346
v 0.028387 -0.219013 0.163766
v 0.008730 -0.209278 0.164239
v 0.115383 0.207433 0.078071
v 0.147702 -0.133957 -0.032298
v 0.137600 -0.133787 -0.044725
v 0.133494 -0.126684 -0.043825
v 0.147334 -0.157320 0.085937
v 0.156331 -0.157059 0.073372
v -0.268979 0.252723 -0.035644
v -0.279855 0.247986 -0.047616
v -0.280735 0.250183 -0.036311
v -0.113847 0.222784 -0.092024
v -0.293538 0.246871 -0.010660
v 0.134104 0.251423 0.051660
v 0.117322 0.245216 0.047226
v 0.029184 -0.092207 -0.119818
v 0.308212 0.191601 0.023177
v -0.128824 0.276795 -0.001614
v -0.132347 0.279311 0.011383
v -0.169365 -0.088445 0.003692
v -0.172345 -0.098278 0.006475
v -0.173555 -0.085278 0.017947
v -0.107097 -0.111031 -0.058150
v -0.109996 -0.122202 -0.060782
v -0.172250 0.260789 0.012930
v -0.175389 0.255232 0.025773
v -0.063573 -0.166198 -0.099820
v 0.122053 0.283093 0.029191
v 0.115937 0.288216 0.017866
v 0.182640 -0.190464 0.017844
v -0.223400 0.140057 0.018203
v -0.141797 0.030407 -0.063762
v 0.025917 -0.218686 -0.113850
v -0.261864 0.168117 0.024570
v -0.167507 -0.107337 0.009308
v -0.169362 -0.094568 0.020965
v -0.293341 0.241264 0.004514
v -0.299362 0.233721 0.007714
v -0.290741 0.227628 0.012483
v -0.132731 -0.138014 -0.068526
v -0.118992 -0.136983 -0.073775
v -0.145530 -0.140301 -0.061558
v -0.182756 -0.194582 0.022403
v 0.257489 0.240154 0.016607
v 0.248358 0.239773 0.022686
v 0.260898 0.229603 0.020576
v 0.065064 0.171671 0.092597
v 0.107573 0.028957 -0.076753
v 0.074190 0.033768 -0.107030
v 0.080529 0.025200 -0.097637
v -0.311553 0.231041 -0.064359
v 0.159337 0.099617 0.079849
v 0.160107 0.090719 0.062463
v -0.117444 -0.130793 0.110937
v -0.124490 -0.121088 0.106596
v -0.126631 -0.134743 0.102190
v -0.139735 -0.103147 0.097617
v -0.142329 -0.094740 0.088332
v 0.127852 0.272774 -0.019661
v 0.113481 0.278685 -0.028024
v 0.125783 0.272986 -0.016858
v 0.102331 0.194154 -0.105422
v 0.107644 0.293804 -0.014654
v 0.112397 0.283630 -0.019981
v 0.107492 0.289858 -0.025255
v -0.342904 0.167104 0.006444
v -0.349012 0.186017 0.010340
v -0.151102 0.104944 -0.073773
v -0.159141 0.106218 -0.066724
v -0.160050 0.119300 -0.070861
v 0.090589 0.249797 0.023605
v 0.076415 0.249512 0.029741
v 0.101782 0.123572 0.123803
v 0.104929 0.130913 0.116853
v 0.100559 0.136509 0.114562
v 0.172346 -0.165668 0.042390
v 0.172361 -0.158090 0.030778
v 0.067878 -0.113534 0.153135
v 0.064749 -0.123775 0.156232
v 0.077321 -0.120206 0.148635
v 0.223965 0.171683 -0.069325
v 0.295293 0.124607 -0.006168
v -0.191490 0.112399 -0.010884
v -0.169511 -0.025359 0.006627
v -0.164810 -0.030448 -0.000991
v -0.163866 -0.035170 0.010692
v -0.138646 -0.020378 -0.072016
v -0.128220 -0.013974 -0.076529
v -0.133604 -0.031339 -0.073956
v -0.164274 -0.013232 -0.025933
v -0.161978 -0.012933 -0.035968
v -0.159150 -0.024307 -0.032339
v -0.115722 -0.094817 -0.051034
v -0.120412 -0.104641 -0.045908
v 0.174562 -0.154527 0.003619
v 0.148504 0.083077 -0.067311
v 0.158169 0.094176 -0.062525
v 0.091945 0.144933 0.112485
v 0.093215 0.134220 0.118289
v 0.085441 0.127005 0.126446
v 0.076596 0.131862 0.123819
v -0.052341 -0.189678 -0.104337
v -0.060311 -0.183401 -0.101326
v -0.046453 -0.176513 -0.099387
v 0.351345 0.217993 -0.069114
v 0.343492 0.222373 -0.067319
v 0.327917 0.238357 -0.055940
v 0.329431 0.245227 -0.046797
v 0.179727 -0.198360 0.041912
v 0.181463 -0.207012 0.036470
v 0.170513 -0.124912 0.017241
v 0.173983 -0.141476 0.016883
v -0.044633 -0.093655 -0.112452
v 0.044143 0.038884 -0.113638
v 0.054534 0.035963 -0.113438
v 0.038563 0.030826 -0.114248
v -0.101492 0.108020 0.133494
v -0.093198 0.105920 0.138448
v -0.096921 0.120640 0.126805
v -0.103440 -0.043911 0.134557
v -0.103648 -0.058388 0.132706
v -0.090691 -0.047911 0.139705
v -0.131115 -0.208929 -0.084501
v -0.133029 -0.220573 -0.087133
v -0.143628 -0.215027 -0.074868
v -0.110966 0.269029 -0.066220
v -0.106744 0.260583 -0.080220
v -0.111697 0.255902 -0.069458
v -0.139960 0.135892 -0.097944
v -0.140013 0.146245 -0.099239
v -0.131479 0.139347 -0.103527
v 0.022677 -0.169947 -0.106569
v -0.115751 -0.062607 -0.081745
v -0.039463 0.200243 -0.103185
v -0.026893 0.205469 -0.099157
v -0.027663 0.190400 -0.102969
v 0.177858 0.228207 -0.066138
v 0.167852 0.228993 -0.066370
v 0.176166 0.238186 -0.060481
v 0.117971 0.040287 -0.073435
v 0.118901 0.055799 -0.084914
v 0.296814 0.191872 0.026532
v 0.280875 0.189122 0.031298
v 0.074469 -0.171739 0.156934
v 0.109730 0.155140 0.100275
v 0.114846 0.146016 0.103383
v 0.121177 0.153152 0.095948
v 0.124221 0.273116 -0.029898
v 0.110325 0.273437 -0.042387
v -0.332550 0.247924 -0.036591
v -0.278749 0.162195 -0.067853
v -0.273653 0.171178 -0.072259
v -0.263265 0.159523 -0.065253
v -0.124874 -0.043010 0.113892
v -0.123093 -0.060416 0.120228
v 0.107210 0.214524 0.054973
v -0.351290 0.200477 -0.074012
v 0.094900 0.108620 0.137287
v 0.102793 0.110501 0.132955
v 0.094286 0.121806 0.128208
v -0.123142 -0.178371 0.113264
v -0.110253 -0.184753 0.125260
v -0.114327 -0.168083 0.119980
v 0.257292 0.169926 -0.069244
v -0.051794 -0.132377 0.158793
v -0.087604 0.270341 -0.005524
v -0.095143 0.258579 0.005056
v -0.036216 -0.236570 -0.120758
v 0.000658 -0.093111 -0.124024
v -0.008879 -0.101863 -0.125969
v -0.008445 -0.085372 -0.120020
v -0.118342 0.207927 0.072045
v -0.121846 0.197178 0.075122
v -0.058866 0.241311 0.053641
v -0.059070 0.247123 0.044222
v 0.113959 -0.171391 0.124948
v 0.012962 0.099694 -0.127913
v 0.001579 0.091338 -0.127571
v 0.001806 0.108190 -0.131512
v -0.028435 -0.157003 -0.116674
v -0.020026 -0.149409 -0.119504
v -0.117057 0.272057 -0.048122
v 0.057114 0.298988 -0.029981
v 0.068150 0.289267 -0.020195
v 0.276110 0.235677 0.017612
v 0.001094 0.174994 0.096107
v -0.033406 0.182453 0.093117
v -0.033914 0.169367 0.101222
v 0.125091 -0.057249 0.110266
v 0.112478 0.179483 0.092454
v 0.100984 0.177605 0.096201
v 0.072895 0.211348 0.062942
v 0.081187 0.217433 0.056649
v 0.068549 0.219397 0.058518
v -0.146509 -0.231706 -0.078206
v -0.150023 -0.220693 -0.070786
v -0.139837 -0.223469 -0.082667
v 0.056741 0.224045 0.063462
v 0.288169 0.177829 -0.073834
v 0.173613 0.029355 0.018223
v 0.293253 0.124042 -0.012332
v -0.099025 0.248635 0.023896
v -0.008533 0.154369 -0.122478
v -0.013693 0.137607 -0.124641
v -0.097922 0.183979 0.083999
v -0.096859 0.191088 0.076836
v 0.100292 0.032237 0.144606
v 0.105389 0.041870 0.143390
v 0.098134 0.047106 0.149035
v -0.149986 0.119775 0.084693
v -0.156779 0.123064 0.075797
v 0.086586 -0.125464 -0.091143
v 0.075765 -0.133094 -0.101602
v 0.073351 -0.123076 -0.086902
v -0.194909 0.254383 0.014590
v -0.182769 0.264398 0.016676
v 0.304225 0.224534 0.020755
v -0.139321 0.201071 0.053512
v 0.069258 0.126099 -0.119456
v -0.138949 -0.032668 -0.070851
v -0.176652 0.239334 0.040653
v -0.179926 0.226593 0.042335
v 0.072689 -0.216335 -0.110724
v 0.084731 -0.215217 -0.108064
v 0.081761 -0.232693 -0.113835
v -0.152149 -0.034685 -0.038125
v -0.146411 -0.044409 -0.033420
v -0.154744 -0.034892 -0.028095
v -0.143729 0.065762 -0.073495
v -0.136104 0.065101 -0.080795
v 0.176111 -0.006679 -0.010267
v 0.179276 0.005762 -0.004867
v 0.178704 -0.008040 0.003254
v 0.147715 -0.156315 -0.060224
v 0.139694 -0.155183 -0.069897
v 0.144733 -0.148606 -0.059766
v 0.171812 0.260074 -0.039072
v 0.160405 0.268477 -0.025875
v -0.299532 0.210827 -0.075042
v -0.286220 0.220994 -0.071523
v 0.044187 0.069901 0.150593
v 0.030636 0.061698 0.147759
v 0.348549 0.204015 -0.071752
v 0.331464 0.208650 -0.072501
v 0.120852 0.081087 0.133157
v 0.116453 0.091187 0.134589
v -0.129092 0.279084 -0.035186
v -0.020266 0.273244 -0.074968
v 0.237670 0.207118 0.029122
v 0.071004 0.069212 -0.110196
v 0.060731 0.072149 -0.111604
v -0.108974 -0.194168 0.127350
v -0.106883 -0.203607 0.128350
v -0.102978 -0.189711 0.132213
v 0.047627 0.247266 0.056644
v -0.308318 0.122999 -0.004811
v -0.295597 0.120716 -0.008325
v -0.295953 0.135460 -0.037730
v -0.122268 0.132540 -0.106575
v 0.147843 -0.070578 -0.032623
v 0.150349 -0.079239 -0.036578
v 0.201711 0.223971 -0.074267
v 0.208988 0.235002 -0.070052
v 0.215244 0.227987 -0.071608
v -0.036725 -0.067517 -0.099786
v -0.046120 -0.064213 -0.096499
v 0.218853 0.187053 -0.072452
v 0.210163 0.192012 -0.074178
v -0.062940 -0.046552 0.149778
v -0.048556 -0.050953 0.153072
v -0.056157 -0.037594 0.151095
v 0.137870 -0.107872 -0.036902
v 0.147191 -0.095929 -0.045534
v 0.133972 -0.222988 -0.087206
v 0.237781 0.131172 -0.005075
v -0.128402 0.087104 -0.090381
v -0.091495 0.046373 -0.104709
v -0.090830 0.029810 -0.102163
v -0.184613 -0.211340 0.022934
v -0.185398 -0.215430 0.013119
v -0.185743 -0.228000 0.023196
v -0.073772 -0.030522 0.146700
v -0.082290 -0.027040 0.144096
v -0.320074 0.183484 0.012693
v -0.164617 -0.001400 -0.039378
v -0.167914 0.004091 -0.030958
v -0.167165 0.010228 -0.042610
v 0.225960 0.179050 0.041107
v 0.335718 0.151409 0.003589
v 0.316602 0.148506 0.005371
v 0.177867 0.044451 -0.025529
v 0.153032 -0.140881 0.068418
v 0.158349 -0.149078 0.064213
v -0.151154 0.277996 -0.030302
v -0.139798 0.279132 -0.017584
v -0.126250 0.038987 0.114415
v -0.129463 0.053944 0.113579
v -0.132922 0.041837 0.104270
v 0.123194 0.140553 0.102792
v -0.322657 0.135418 -0.000051
v -0.328837 0.128601 -0.004437
v 0.221760 0.261987 0.005517
v -0.112626 0.234936 -0.086532
v -0.108347 0.243246 -0.090636
v 0.089613 -0.063028 0.142980
v 0.093422 -0.073544 0.139512
v 0.062327 0.042534 0.152231
v 0.054183 0.056483 0.151792
v -0.132479 0.033783 -0.070834
v -0.123833 0.027029 -0.076157
v -0.038444 -0.042632 0.153972
v 0.001481 -0.020364 -0.104079
v -0.008691 -0.016121 -0.105119
v -0.008856 -0.007027 -0.108405
v -0.245917 0.163158 -0.068850
v -0.041386 0.033796 -0.114240
v -0.051099 0.021320 -0.110948
v -0.051761 0.038613 -0.114075
v -0.166287 0.268365 -0.005301
v -0.131888 0.150647 0.083736
v -0.124008 0.163852 0.085882
v -0.320310 0.236769 -0.058683
v -0.317661 0.223101 -0.069262
v -0.064036 0.080590 -0.119570
v -0.053135 0.065685 -0.119207
v -0.063343 0.063327 -0.116441
v 0.143108 0.223144 0.054935
v -0.053058 -0.143922 -0.115370
v 0.125507 0.122313 0.108981
v 0.133366 0.117519 0.103564
v 0.132969 0.131113 0.098811
v 0.275835 0.244004 -0.054517
v 0.271587 0.250900 -0.044428
v -0.092723 -0.145946 0.137303
v -0.100100 -0.136905 0.128611
v 0.003847 0.201126 0.078380
v 0.003575 0.214604 0.069676
v -0.277211 0.237317 -0.061818
v 0.187589 0.105198 -0.017130
v -0.126604 0.267378 -0.055043
v -0.132950 0.271332 -0.049020
v 0.162076 0.279170 -0.031790
v -0.176385 -0.211455 0.053997
v -0.182531 -0.219750 0.039021
v -0.178538 -0.228248 0.054706
v -0.076008 0.262583 0.013313
v -0.175330 0.136820 0.050018
v -0.162882 0.146011 0.061441
v -0.281009 0.185719 0.026235
v 0.006588 0.226775 -0.115739
v 0.011430 0.215895 -0.121554
v 0.159360 0.128219 -0.081140
v 0.159798 0.121703 -0.078554
v 0.154776 -0.123209 -0.004747
v -0.267226 0.123697 -0.012080
v -0.122078 0.164127 -0.109551
v -0.314207 0.140450 -0.043429
v -0.145013 0.191617 0.056850
v -0.153921 0.190815 0.053235
v 0.336437 0.158506 -0.053843
v 0.327942 0.160920 -0.056651
v 0.339698 0.168745 -0.061121
v 0.145813 -0.170834 -0.061730
v -0.153091 -0.161714 0.076770
v -0.151592 -0.178180 0.084663
v 0.074562 -0.203414 0.155459
v 0.080181 -0.209913 0.150955
v 0.080736 -0.192335 0.152664
v 0.028567 -0.096629 0.161116
v 0.178884 0.219011 -0.069346
v -0.084494 -0.040440 -0.080361
v -0.085190 -0.054449 -0.089315
v -0.098478 -0.045034 -0.082231
v 0.193357 0.146904 -0.054934
v 0.175725 0.078947 -0.028504
v -0.149131 -0.172734 -0.061707
v -0.138081 -0.169443 -0.070573
v -0.150675 -0.181803 -0.063074
v -0.059571 0.109366 -0.124902
v -0.065425 0.100328 -0.122796
v -0.064686 0.117516 -0.124112
v 0.032968 0.015189 -0.114200
v 0.043213 0.010913 -0.113253
v 0.032748 0.005123 -0.112785
v -0.268687 0.235934 0.013006
v -0.274481 0.231997 0.019916
v -0.078407 0.160200 0.099474
v -0.082696 0.166950 0.093232
v -0.082713 0.154613 0.103129
v 0.042660 -0.137875 0.164426
v -0.168629 -0.202879 0.068292
v 0.160361 -0.092745 0.034234
v 0.166033 -0.108601 0.025679
v 0.146214 -0.140755 0.080081
v 0.147802 -0.132721 0.072397
v 0.178565 0.178918 -0.070604
v 0.180090 0.171484 -0.075171
v -0.165223 -0.185228 -0.043217
v -0.171771 -0.180540 -0.030463
v 0.148738 0.268701 -0.030051
v 0.158134 0.259384 -0.042558
v -0.092695 0.090398 0.145257
v -0.077223 0.233025 -0.093803
v -0.092595 0.236014 -0.097568
v -0.084935 0.245848 -0.087360
v 0.137486 0.178990 0.075191
v 0.128559 0.172795 0.083189
v 0.138594 0.168706 0.077736
v -0.088475 0.281765 -0.014303
v 0.167063 0.185319 -0.082863
v 0.292720 0.160302 0.015233
v 0.299512 0.167789 0.016697
v 0.047621 0.166512 0.105434
v 0.039542 0.163422 0.108485
v -0.074092 -0.040385 -0.081582
v -0.064642 -0.045218 -0.083168
v -0.070586 -0.156401 -0.108395
v 0.004512 0.147736 0.115140
v 0.258160 0.254085 -0.041171
v 0.005555 -0.226133 0.161346
v 0.158553 -0.174447 -0.050603
v 0.155214 -0.180524 -0.058595
v -0.037749 0.095857 0.139910
v 0.002133 0.084990 0.140185
v 0.001887 0.101382 0.136278
v 0.004314 0.261672 0.049791
v 0.027923 0.258924 0.048630
v 0.055307 -0.194796 -0.104834
v 0.046795 -0.183660 -0.101042
v 0.150347 -0.014674 -0.049976
v 0.050191 0.253318 -0.087439
v -0.008351 -0.075719 -0.110831
v -0.022884 -0.080201 -0.115649
v -0.017833 -0.073421 -0.106868
v -0.167681 0.046761 -0.046634
v -0.157978 0.048652 -0.052576
v -0.252672 0.138564 -0.037472
v -0.233153 0.137818 -0.036568
v 0.137987 0.021264 0.092743
v 0.135784 0.016739 0.106548
v 0.137586 0.005610 0.093575
v -0.176490 0.084091 0.021200
v -0.174462 0.070338 0.023489
v -0.134929 0.269542 0.021400
v 0.292173 0.254651 -0.021737
v 0.292165 0.251555 -0.009527
v 0.307010 0.250165 -0.009541
v 0.101319 0.293250 -0.034584
v -0.135997 -0.079683 0.081623
v -0.137905 -0.086134 0.097197
v -0.132830 -0.070637 0.090038
v -0.166456 0.180932 -0.082062
v -0.176382 0.177939 -0.077657
v -0.133498 -0.041160 0.082812
v -0.135210 -0.023662 0.086566
v 0.071436 0.283438 -0.067175
v 0.077412 0.273729 -0.077734
v 0.061312 0.012601 -0.104879
v 0.060627 0.002636 -0.102763
v -0.134505 -0.128277 0.096288
v -0.134978 0.125495 0.095458
v -0.142830 0.122865 0.090691
v -0.135972 0.112998 0.101659
v -0.220176 0.246089 -0.059043
v -0.234494 0.240673 -0.067315
v -0.183691 0.275363 -0.034276
v -0.194633 0.265581 -0.022037
v 0.006450 -0.107203 0.164141
v 0.079641 0.188499 -0.111438
v 0.067846 0.192038 -0.110289
v -0.113561 -0.052281 0.128221
v 0.173839 -0.008403 0.016253
v -0.160057 -0.114928 0.011159
v -0.165177 -0.119696 -0.001767
v -0.174384 0.033359 -0.037833
v 0.193923 0.120348 0.003154
v 0.076358 0.283713 -0.018260
v 0.077245 0.280750 -0.012034
v 0.118795 0.242774 -0.078155
v 0.122454 0.226668 -0.087290
v -0.106687 0.019812 -0.087924
v -0.099108 0.023370 -0.095692
v -0.119309 0.037442 0.123551
v -0.122804 0.052605 0.123408
v 0.099730 0.285469 -0.011185
v 0.062916 0.291860 -0.002679
v 0.036667 0.023600 0.152215
v 0.027840 0.029206 0.150339
v -0.074440 0.232437 0.044831
v -0.062727 0.235208 0.047715
v 0.139630 -0.000024 0.079486
v 0.140163 0.010092 0.079711
v 0.138627 -0.002250 0.086473
v -0.127157 -0.051982 0.109348
v -0.130709 -0.069163 0.107990
v -0.298297 0.127833 -0.031148
v -0.246728 0.226597 -0.073170
v -0.231616 0.229750 -0.072350
v 0.168694 0.257517 0.038847
v -0.129284 -0.203657 0.110088
v -0.126404 -0.190995 0.111944
v 0.287978 0.242391 -0.056028
v 0.009925 0.297156 -0.092999
v 0.136000 0.032375 0.105955
v 0.131422 0.027797 0.118885
v -0.016894 0.264641 -0.081919
v -0.013622 0.254919 -0.087184
v -0.162494 0.011213 -0.051703
v -0.149621 0.015713 -0.061709
v -0.155991 0.000384 -0.057671
v -0.065421 -0.202689 0.155941
v -0.074168 -0.202974 0.151922
v -0.073048 -0.215632 0.147833
v 0.079376 0.292262 -0.058359
v 0.064708 0.293270 -0.047994
v 0.195131 0.216950 0.050053
v 0.203101 0.225710 0.044552
v 0.189861 0.227194 0.045492
v -0.139600 0.212661 -0.088463
v -0.129161 0.223318 -0.085184
v 0.031660 -0.061173 -0.095469
v 0.040422 -0.066369 -0.104407
v 0.088816 -0.006378 0.146929
v 0.081025 -0.010413 0.149968
v 0.086934 -0.025528 0.147263
v -0.357938 0.239503 -0.054728
v -0.109625 0.122604 0.117732
v -0.100609 0.127945 0.119043
v -0.043572 0.085336 -0.124973
v -0.048337 0.075525 -0.122034
v -0.054583 0.092749 -0.124265
v -0.221307 0.139639 -0.041407
v 0.107393 0.104222 0.134220
v -0.019828 -0.175721 -0.105512
v -0.036460 -0.178216 -0.100714
v -0.074184 -0.166151 -0.097258
v -0.080076 -0.179897 -0.097116
v -0.085586 -0.168885 -0.093705
v 0.159226 0.157581 -0.087524
v -0.242233 0.168945 0.031972
v -0.233079 0.172856 0.036486
v -0.245598 0.185917 0.036535
v 0.109961 -0.100122 0.119272
v 0.116723 -0.103994 0.109038
v 0.112364 -0.086856 0.114255
v 0.012207 -0.058141 -0.091236
v 0.011740 -0.068295 -0.100309
v -0.056943 -0.101278 0.152683
v -0.050253 -0.083870 0.154064
v -0.030502 0.231443 0.062796
v 0.141952 0.210523 0.061947
v 0.176967 0.109834 -0.043157
v -0.155265 -0.115622 0.026305
v 0.162414 -0.110160 0.018978
v -0.134046 0.200360 -0.097181
v -0.122792 0.211919 -0.092412
v 0.063462 -0.047331 0.153938
v -0.122512 0.142945 -0.108087
v -0.131148 0.155061 -0.104688
v 0.056554 -0.012290 -0.105463
v 0.052686 -0.003547 -0.108362
v 0.062278 -0.007304 -0.104393
v 0.063884 -0.199933 -0.106398
v 0.064653 0.033038 -0.111007
v 0.063184 0.022658 -0.108355
v 0.054209 0.027122 -0.113188
v -0.115233 0.264302 -0.056344
v -0.110366 0.109515 0.126761
v -0.103388 0.115239 0.127145
v -0.102816 -0.066920 0.131972
v -0.093626 -0.064493 0.136785
v -0.231780 0.162866 0.032419
v -0.219793 0.151308 0.028509
v -0.274069 0.222250 -0.071944
v -0.271161 0.237484 -0.061619
v 0.144228 -0.000774 0.063428
v 0.049443 -0.069645 -0.108391
v -0.125048 -0.035260 0.101547
v 0.008419 -0.175598 0.168846
v 0.029094 -0.189506 -0.105364
v -0.118767 0.052804 -0.091425
v -0.092137 -0.182447 -0.095325
v -0.159511 0.194276 -0.086272
v -0.157576 0.183966 -0.087835
v -0.066845 0.097923 0.144976
v -0.076105 0.108581 0.139043
v -0.080841 0.094570 0.146312
v -0.092823 0.270872 -0.014158
v -0.100894 0.267030 -0.007625
v 0.109587 0.274241 0.015059
v 0.110336 0.264409 0.013083
v -0.026507 -0.124442 0.162833
v -0.021092 -0.108636 0.161875
v -0.033723 -0.110682 0.159941
v -0.078860 -0.002491 -0.099148
v 0.175242 0.180863 -0.078092
v 0.183058 0.195758 -0.080585
v -0.184132 0.169610 -0.081318
v 0.068597 -0.096366 0.153262
v 0.061266 -0.089654 0.155177
v 0.061011 -0.106877 0.155303
v 0.203684 0.269509 -0.015522
v 0.216209 0.266911 -0.014010
v 0.218915 0.264127 -0.026498
v 0.192248 0.122428 -0.016574
v 0.185737 0.112450 -0.026019
v 0.139911 -0.216885 -0.079996
v 0.124289 -0.212949 -0.089463
v 0.134860 -0.203160 -0.081268
v 0.107176 0.285707 -0.031119
v 0.107508 0.266751 -0.055996
v 0.245943 0.204227 -0.074228
v 0.240264 0.213740 -0.073418
v -0.325888 0.169606 0.009367
v -0.315856 0.171136 0.010381
v -0.126466 -0.044415 0.096880
v -0.129746 -0.053941 0.085993
v -0.130058 -0.061544 0.098478
v 0.109591 -0.205215 -0.095916
v 0.122743 -0.195758 -0.087868
v -0.078892 -0.220097 0.143050
v 0.148559 -0.124718 0.067039
v 0.131631 0.266983 -0.042649
v 0.137018 0.269612 -0.033993
v 0.144725 0.261340 -0.046567
v 0.123247 0.082354 -0.093192
v 0.137456 0.081871 -0.081784
v 0.097751 0.017289 -0.080719
v 0.087519 0.010960 -0.086089
v 0.090177 0.026262 -0.091030
v 0.171764 -0.201582 -0.034642
v 0.175981 -0.192665 -0.022402
v -0.070721 -0.134371 -0.088454
v -0.330910 0.228399 0.009156
v -0.127840 0.217468 0.050085
v -0.133324 0.209026 0.051581
v -0.033449 0.195170 0.085621
v -0.043830 0.203079 0.084011
v -0.126676 -0.175540 -0.078436
v -0.115157 -0.181555 -0.086328
v -0.129484 -0.193487 -0.082442
v -0.094678 -0.074206 -0.093942
v -0.090580 -0.063413 -0.094248
v -0.083498 -0.079736 -0.098935
v 0.176557 0.100495 0.023961
v 0.065743 0.000520 0.152520
v 0.074310 0.004679 0.151323
v 0.066013 0.009729 0.152406
v -0.276493 0.180348 -0.076338
v -0.009306 0.123602 -0.132425
v -0.294459 0.189119 -0.076521
v 0.092126 0.256860 0.014557
v 0.080815 0.255154 0.021229
v 0.228756 0.265062 -0.012766
v 0.235560 0.263508 -0.024876
v -0.151961 0.215675 0.044450
v 0.318715 0.129150 -0.030309
v 0.321142 0.125634 -0.020663
v -0.262187 0.144018 -0.046241
v -0.262733 0.151394 -0.056025
v -0.251254 0.144547 -0.046769
v -0.126562 0.251349 -0.065003
v -0.138195 0.250726 -0.070213
v -0.136244 0.261260 -0.060909
v 0.152193 -0.083577 0.079608
v -0.105632 0.009893 -0.087539
v 0.149086 -0.025893 -0.032715
v -0.122415 0.153508 -0.108972
v -0.109379 0.152349 -0.112805
v -0.154783 0.241830 -0.070370
v 0.147649 0.074151 -0.057270
v 0.138179 0.072005 -0.072656
v 0.053730 -0.217828 -0.112941
v 0.047339 -0.226915 -0.115630
v 0.081246 -0.109745 0.147045
v 0.090737 -0.104499 0.140826
v 0.105391 -0.083044 0.124317
v 0.098925 -0.085910 0.133483
v -0.074035 -0.076913 0.145633
v -0.073100 -0.087436 0.145907
v -0.157813 0.235804 0.040065
v -0.132341 -0.111605 0.103238
v -0.122841 -0.107552 0.111677
v -0.129906 -0.094799 0.109892
v 0.144114 0.025143 0.080643
v -0.168840 0.276592 -0.038221
v -0.159881 0.276394 -0.034449
v -0.154270 0.270857 -0.045896
v 0.234437 0.223025 -0.071588
v -0.066085 0.113779 0.136173
v -0.056115 0.108189 0.138588
v -0.094716 0.197701 -0.110539
v -0.053205 0.296729 -0.037522
v 0.151489 -0.148891 0.077163
v -0.103504 -0.099149 0.126647
v -0.110199 -0.086300 0.124819
v -0.113189 -0.103370 0.119383
v -0.069088 0.246235 -0.089608
v -0.130472 0.254227 0.027355
v -0.171206 0.077021 0.030360
v -0.166108 0.068103 0.039416
v 0.136352 -0.058066 0.102647
v -0.239637 0.235715 0.018263
v -0.228823 0.235937 0.020920
v -0.231893 0.246754 0.011278
v 0.344044 0.250192 -0.035800
v 0.337586 0.251470 -0.027607
v 0.351306 0.251430 -0.027446
v 0.022373 0.009305 -0.113404
v 0.017026 0.017736 -0.113558
v -0.297674 0.246480 -0.045657
v -0.106017 0.086345 0.139813
v -0.110317 0.072120 0.140007
v 0.314328 0.246731 -0.001964
v 0.321948 0.249713 -0.010019
v -0.312239 0.177855 -0.071987
v -0.299584 0.179040 -0.073372
v 0.016761 -0.147730 -0.115507
v 0.006013 -0.089871 0.161818
v 0.028669 -0.078991 0.159039
v -0.159659 0.263305 0.012264
v -0.037505 0.267356 0.048225
v -0.051578 0.259975 0.052442
v 0.050304 -0.173573 -0.096988
v 0.042480 -0.170751 -0.098468
v -0.013202 0.271900 -0.076389
v -0.135264 -0.008140 0.092213
v -0.129292 -0.018219 0.095520
v -0.133097 -0.001035 0.096819
v 0.138810 -0.140947 0.090919
v -0.151700 -0.099555 0.033048
v 0.083030 -0.078291 0.147379
v 0.091568 -0.075362 -0.080039
v 0.078852 -0.086957 -0.078455
v 0.081753 -0.080497 -0.088900
v 0.176915 -0.189816 0.047067
v 0.171203 -0.189872 0.060933
v -0.030279 0.019204 -0.112493
v 0.142771 0.259812 0.031902
v 0.147881 0.169301 0.070978
v -0.037261 0.068241 -0.122196
v -0.052805 0.057055 -0.117645
v -0.127777 0.076380 -0.088865
v -0.072032 0.187696 0.079935
v -0.072222 0.173426 0.088606
v 0.133019 0.058978 0.117828
v 0.133101 0.043448 0.119201
v 0.138440 0.047593 0.105958
v 0.022202 -0.027949 -0.099911
v 0.032133 -0.029345 -0.098453
v 0.022144 -0.039751 -0.092367
v -0.093514 0.080914 -0.109796
v -0.084781 0.086023 -0.114383
v -0.190455 0.221686 -0.073436
v -0.174463 0.226556 -0.072988
v 0.236442 0.228824 0.029553
v 0.223457 0.236750 0.031027
v 0.174733 -0.181557 0.050557
v 0.091526 0.173178 -0.112085
v 0.105652 0.171185 -0.108751
v 0.132007 -0.047452 -0.035784
v 0.127817 -0.047310 -0.046534
v -0.153238 -0.044466 -0.004165
v -0.154201 -0.039837 -0.015924
v -0.144639 -0.053697 -0.009362
v -0.039466 0.231832 0.067527
v -0.227092 0.203427 0.029245
v -0.237395 0.203657 0.031702
v -0.230163 0.194090 0.035319
v -0.160154 0.082847 0.054137
v -0.154519 0.074912 0.063122
v -0.159396 0.089586 0.062647
v -0.167755 0.083582 0.037298
v -0.037979 -0.057219 0.154928
v -0.166814 -0.035599 0.019998
v -0.170744 -0.048641 0.030166
v -0.161096 -0.161625 0.064955
v -0.157275 -0.144984 0.070605
v -0.052327 -0.199950 -0.108107
v -0.180794 -0.183959 0.012336
v -0.081626 0.036684 -0.106730
v -0.170273 0.009757 -0.022369
v -0.167698 -0.001778 -0.019093
v -0.065995 -0.015576 0.148673
v -0.072747 -0.003830 0.147295
v -0.079648 -0.010072 0.145435
v -0.277439 0.193349 0.029639
v -0.042123 0.050950 -0.118062
v -0.120599 0.228840 -0.085798
v -0.117111 0.245381 -0.074919
v 0.181075 0.116779 -0.041734
v 0.185242 0.129451 -0.049421
v -0.173239 0.021217 -0.025562
v -0.172036 0.021425 -0.035742
v -0.168512 0.022173 -0.045355
v -0.170958 0.015555 -0.034232
v 0.140599 -0.106647 -0.016528
v 0.147828 -0.121193 -0.017663
v 0.125182 -0.072009 -0.036975
v 0.063981 -0.144261 -0.108839
v 0.047705 -0.143092 -0.112570
v 0.060427 -0.134016 -0.103570
v 0.155250 0.280948 0.009981
v 0.146794 0.285447 0.022987
v -0.082708 0.056482 -0.109258
v -0.162464 0.075576 0.046399
v -0.157329 0.067562 0.055502
v -0.178864 0.044723 -0.009404
v -0.176438 0.035965 -0.007804
v -0.177802 0.044806 0.000832
v 0.093495 0.218025 -0.099889
v 0.078176 0.207962 -0.106417
v 0.297191 0.182475 -0.074033
v 0.319155 0.190938 -0.073732
v 0.331073 0.189400 -0.073145
v 0.316743 0.181615 -0.070558
v 0.252207 0.260262 -0.022241
v -0.072014 0.256303 0.020957
v -0.161516 -0.105340 -0.019984
v -0.161278 -0.116926 -0.032375
v -0.181499 0.181579 -0.086233
v -0.186389 -0.227602 0.003371
v 0.159795 0.059976 0.066008
v 0.151395 0.055246 0.082045
v 0.157532 0.044580 0.066341
v 0.206755 0.128516 -0.008685
v 0.218185 0.132492 -0.016218
v 0.224727 0.130877 -0.003074
v 0.155919 -0.137081 0.059460
v 0.228572 0.231753 -0.068084
v -0.258318 0.207879 -0.077259
v -0.246863 0.212789 -0.077661
v 0.182984 0.261960 0.019481
v 0.186423 0.257152 0.026199
v 0.211176 0.179028 -0.068877
v 0.247619 0.230375 0.027316
v -0.342795 0.193570 -0.074212
v -0.329276 0.196378 -0.075164
v 0.060291 0.250993 0.035779
v 0.054165 0.261217 0.039368
v 0.142574 -0.124448 0.076602
v -0.055246 0.089073 0.146182
v -0.046810 0.088661 0.144080
v -0.051289 0.098329 0.142071
v 0.081699 0.195098 0.071792
v 0.084430 -0.057231 0.147540
v -0.040891 0.155436 -0.114179
v -0.052338 0.153330 -0.115822
v -0.051885 0.168354 -0.112868
v -0.158685 0.148881 -0.081591
v -0.159023 0.139247 -0.085331
v -0.169429 0.138907 -0.076496
v 0.231832 0.165832 0.037904
v 0.127762 -0.133296 -0.057192
v -0.139576 -0.229492 0.101362
v -0.128979 -0.229667 0.110220
v -0.128957 -0.221021 0.109883
v 0.119981 0.281133 -0.002919
v 0.118905 0.279035 -0.010305
v -0.262209 0.127236 -0.021040
v 0.181038 0.070066 0.023595
v 0.176585 0.052962 0.025783
v 0.181190 0.063183 0.014678
v 0.069399 0.100437 0.143867
v 0.078081 0.088190 0.149668
v -0.203895 0.245148 -0.064111
v -0.111136 0.095416 0.133679
v -0.173032 0.021219 0.005370
v -0.176503 0.038910 0.001927
v -0.304012 0.116548 -0.015251
v -0.148808 -0.048375 0.065469
v -0.159730 -0.046623 0.059366
v 0.154606 0.284667 -0.007249
v 0.174742 0.200851 0.050706
v -0.124196 0.016947 -0.074960
v -0.114742 0.015931 -0.080787
v 0.190124 0.108777 0.005613
v 0.190084 0.103954 -0.001586
v -0.159438 -0.128035 0.063849
v 0.100432 -0.041159 0.134128
v 0.093142 -0.043929 0.141583
v -0.155822 -0.116580 0.019206
v -0.161638 -0.131484 0.020476
v 0.181038 -0.187209 0.004026
v 0.105421 -0.090929 -0.052576
v 0.101660 -0.078808 -0.055310
v 0.111113 -0.084612 -0.048054
v -0.150495 0.064333 -0.064221
v -0.157029 0.062948 -0.054792
v -0.158904 0.075785 -0.059535
v 0.001181 -0.002080 -0.110421
v -0.003567 -0.189610 -0.108253
v -0.103542 -0.148934 -0.094034
v 0.006154 0.247449 -0.109128
v 0.007280 0.253407 -0.098426
v 0.011831 0.260111 -0.110405
v 0.004325 0.229182 0.060483
v 0.023651 0.219562 0.069071
v -0.028817 -0.091755 0.158727
v 0.176753 0.123812 -0.058239
v 0.168193 0.118226 -0.067517
v 0.046995 -0.154608 0.165992
v -0.109868 0.219136 0.068123
v -0.101252 0.212296 0.065485
v -0.101252 0.223321 0.060985
v 0.119531 0.166599 0.090815
v 0.171819 0.144871 0.056351
v 0.179999 0.147889 0.047302
v 0.089935 0.052327 0.151433
v 0.149054 -0.108242 0.073018
v -0.125316 0.137372 0.095193
v -0.117038 0.136847 0.101119
v -0.124273 0.150248 0.089616
v 0.208137 0.129557 0.006389
v 0.215934 0.135515 0.015599
v -0.124047 -0.026108 0.106308
v -0.121886 -0.020923 0.116941
v -0.124882 -0.012966 0.105341
v -0.098142 0.045793 0.143773
v -0.107233 0.056567 0.138825
v -0.104892 0.040078 0.137973
v -0.354420 0.205706 0.014060
v -0.346336 0.211223 0.014028
v -0.093057 -0.159306 -0.098090
v 0.160292 0.244601 -0.058530
v 0.162813 0.255134 -0.063068
v 0.168207 0.246763 -0.071765
v 0.039359 0.215578 0.078034
v 0.030310 0.222784 0.069965
v 0.127169 0.277420 0.014304
v -0.062673 0.053474 -0.114754
v 0.278947 0.128912 -0.001411
v 0.099266 -0.209645 0.137290
v -0.146619 -0.066568 0.001890
v 0.144163 -0.208177 0.100699
v 0.347752 0.244342 -0.047888
v 0.180948 0.043104 -0.008191
v 0.182345 0.053434 -0.000925
v 0.180537 0.036994 0.001278
v -0.314263 0.207002 -0.075096
v 0.106173 0.062165 -0.098010
v 0.096365 0.064267 -0.103826
v -0.164227 -0.138936 0.028223
v -0.148570 0.137588 -0.093044
v 0.059648 0.263174 0.030808
v 0.059688 0.276411 0.027525
v 0.048882 0.269445 0.041344
v 0.001643 0.288918 -0.069979
v 0.003872 0.279915 -0.076753
v -0.001973 0.273594 -0.073704
v -0.032366 -0.201545 0.165694
v 0.130662 0.172017 -0.097120
v -0.116593 0.201362 -0.100632
v 0.031421 0.252928 -0.090454
v 0.025407 0.246529 -0.101949
v 0.048716 -0.153944 -0.113302
v -0.207136 0.253849 -0.055788
v -0.239553 0.226490 0.022289
v -0.253670 0.220700 0.028640
v 0.168528 -0.107784 0.036881
v 0.171583 -0.124625 0.028683
v 0.116503 0.024805 -0.068717
v 0.299112 0.242279 0.004937
v 0.289270 0.243460 0.005370
v 0.284958 0.238041 0.012378
v 0.144955 -0.042922 0.065464
v 0.142380 -0.039831 0.054081
v 0.029023 -0.060840 0.157266
v 0.184727 0.122648 0.041238
v 0.091501 -0.088801 0.140934
v 0.097040 -0.100421 0.135620
v 0.159171 0.256427 -0.045652
v 0.119745 0.009110 -0.071380
v 0.108021 0.012853 -0.074640
v -0.061648 0.258886 0.026475
v -0.057619 0.259334 0.036537
v 0.246094 0.174053 -0.072699
v 0.137771 -0.105624 -0.059208
v 0.091534 -0.054901 -0.095697
v 0.172912 -0.159530 -0.009332
v -0.186842 0.161218 -0.074489
v -0.181232 0.148474 -0.066268
v 0.189276 0.204944 -0.077126
v 0.164147 -0.148955 -0.021541
v 0.170891 -0.151368 -0.009099
v 0.169641 -0.164693 -0.021985
v -0.173400 -0.008181 0.012044
v 0.074906 0.039006 -0.108210
v 0.083284 0.055629 -0.107300
v -0.169709 0.003921 -0.010496
v -0.172983 0.021333 -0.015280
v 0.192980 0.246397 0.031473
v 0.198081 0.256186 0.020163
v 0.119214 -0.029111 0.121946
v -0.019062 -0.226970 -0.117230
v 0.144644 -0.203238 -0.075400
v 0.196154 0.184396 -0.070920
v -0.104099 0.155376 0.102504
v -0.100010 0.161785 0.100524
v -0.080036 0.151400 -0.117973
v -0.096178 0.151147 -0.115921
v -0.136786 -0.052869 -0.038270
v -0.138856 -0.052449 -0.028141
v 0.244871 0.261056 -0.012269
v 0.261027 0.257831 -0.011296
v -0.174573 0.033024 0.013375
v 0.126631 0.071031 -0.086761
v -0.161918 -0.024690 -0.022375
v -0.166864 -0.013556 -0.015953
v 0.219954 0.154334 0.033855
v -0.137353 -0.003639 -0.071635
v 0.105363 0.182394 -0.107128
v 0.045134 -0.106527 -0.099293
v 0.050630 -0.098897 -0.102850
v 0.054856 -0.108135 -0.087468
v 0.128989 0.236512 -0.078710
v 0.137780 0.237324 -0.073859
v 0.132213 0.223947 -0.084118
v -0.179641 -0.178927 -0.007291
v -0.001315 -0.127784 -0.123558
v -0.009895 -0.119146 -0.126254
v 0.096301 0.278334 -0.017670
v 0.101297 0.276150 -0.008718
v 0.084208 -0.140146 -0.101579
v 0.071594 -0.151293 -0.105511
v -0.274358 0.208008 0.025125
v -0.266697 0.202013 0.028862
v -0.164390 -0.144806 0.058546
v -0.115858 0.176678 0.087438
v 0.233348 0.153592 -0.056161
v 0.252101 0.155637 -0.056279
v 0.141037 -0.011560 0.094083
v 0.125699 -0.152535 -0.080888
v 0.170074 0.068907 -0.033569
v 0.164271 0.058861 -0.038466
v 0.005282 0.068201 0.143169
v 0.005333 0.051012 0.145644
v 0.299568 0.201890 0.026594
v -0.300800 0.120717 -0.024102
v -0.293713 0.118992 -0.014347
v -0.051340 0.194677 -0.107641
v -0.050536 0.209798 -0.103965
v -0.211165 0.263351 -0.006943
v -0.197880 0.273273 -0.006912
v -0.286028 0.219139 0.017349
v -0.063505 -0.228361 0.148579
v -0.077044 -0.228620 0.141304
v 0.292046 0.165853 -0.064920
v 0.083521 -0.067774 0.147510
v -0.044885 -0.142833 -0.118786
v 0.092886 0.037491 0.148936
v -0.257741 0.132536 -0.029426
v -0.136602 -0.153302 0.094133
v 0.145011 -0.099872 0.079856
v 0.221543 0.264297 -0.000869
v 0.204508 0.267342 -0.002297
v 0.057153 0.153378 0.109673
v -0.241575 0.131882 0.005811
v -0.110869 0.248182 -0.084348
v -0.179358 -0.198602 -0.016528
v -0.177457 -0.184955 -0.016592
v -0.189071 0.142215 -0.058447
v -0.114970 0.189614 0.082223
v -0.123071 0.187231 0.078605
v -0.147676 -0.156426 -0.062151
v -0.318657 0.125496 -0.004109
v -0.121824 -0.007788 0.115722
v 0.176140 0.130012 0.053492
v 0.169634 0.125998 0.063379
v 0.178888 0.118795 0.051522
v -0.092207 0.132636 0.118960
v -0.088622 0.126053 0.125626
v 0.142999 -0.093897 -0.003671
v 0.143445 -0.078190 -0.006124
v 0.143457 -0.079706 0.008283
v 0.153950 0.200830 -0.081481
v 0.147825 0.210936 -0.081065
v -0.044543 0.163916 0.103860
v -0.035050 0.156304 0.109349
v -0.149340 0.251219 -0.054826
v 0.044211 0.195450 -0.111574
v 0.034481 0.188552 -0.121344
v 0.033550 0.205331 -0.115989
v 0.099779 -0.120246 -0.084550
v 0.110956 -0.109866 -0.074267
v -0.098223 0.061768 0.144080
v -0.182100 0.209291 -0.089365
v -0.177551 0.276585 -0.041683
v 0.101257 -0.120064 0.131262
v 0.099519 -0.109658 0.133295
v 0.091768 -0.120153 0.138850
v 0.142068 0.121369 0.093448
v 0.234312 0.259936 -0.038065
v 0.250720 0.257671 -0.035088
v 0.235355 0.257006 -0.044222
v 0.039720 0.107487 0.138875
v 0.049880 0.110952 0.137539
v -0.172161 -0.155554 0.009237
v 0.063254 0.284402 0.013583
v -0.224213 0.179827 -0.076108
v -0.218015 0.186142 -0.079217
v -0.141515 0.001843 0.089133
v -0.075592 0.222688 -0.098590
v -0.091320 0.274444 -0.025002
v -0.175828 0.248649 -0.076161
v -0.184153 0.243020 -0.076474
v -0.182416 0.256984 -0.066754
v -0.085974 0.136846 -0.118996
v -0.240875 0.136693 0.011235
v -0.240038 0.172946 -0.074065
v -0.063327 0.173390 -0.113158
v -0.074875 0.174917 -0.113850
v -0.258996 0.162365 0.021523
v -0.247243 0.162772 0.026447
v 0.105353 0.257517 0.015448
v 0.150469 0.189293 -0.086121
v -0.057944 0.026263 0.149465
v -0.051380 0.031727 0.150001
v -0.091285 0.164115 0.096720
v -0.124317 0.213587 0.059593
v -0.117303 0.222880 0.062896
v -0.038999 0.082918 0.143564
v -0.065006 0.139837 0.116560
v -0.056318 0.141221 0.116817
v -0.105976 -0.130214 -0.066465
v 0.028399 0.291815 -0.068653
v 0.037029 0.282322 -0.067299
v 0.121357 -0.131594 -0.083898
v 0.118894 -0.117842 -0.080870
v -0.319726 0.186583 -0.074011
v -0.317099 0.196951 -0.076553
v 0.091690 0.162011 -0.113524
v 0.097520 -0.074209 -0.066814
v -0.080065 0.198208 0.067471
v -0.154758 0.259383 -0.048918
v 0.156047 0.016086 -0.052825
v -0.090395 0.283180 -0.055688
v -0.145229 -0.038748 0.071655
v 0.206539 0.147320 -0.048166
v -0.139996 -0.187834 -0.072475
v -0.090008 -0.086430 -0.089691
v -0.161014 -0.085240 0.034023
v -0.169323 -0.079597 0.032967
v -0.169783 -0.087924 0.026616
v -0.063705 0.178001 0.093341
v 0.158808 0.048952 -0.044067
v -0.170914 0.036966 0.029251
v -0.167929 0.032053 0.038169
v 0.038374 0.257931 -0.087468
v 0.049257 0.267423 -0.082533
v 0.021732 -0.064973 -0.097677
v 0.185824 0.265736 -0.030939
v 0.186628 0.268687 -0.019177
v 0.194733 0.268063 -0.023190
v 0.139436 -0.119911 -0.030941
v -0.169461 -0.013850 -0.005980
v -0.037834 0.230457 -0.095783
v -0.155000 0.148874 0.067017
v -0.029280 0.172127 -0.107682
v -0.179386 0.247823 -0.063866
v -0.142743 -0.201275 -0.074712
v 0.070740 0.283107 -0.006922
v 0.067488 0.284258 0.000028
v -0.156043 0.139323 0.070412
v -0.021190 -0.026643 0.154729
v 0.024237 0.108189 -0.127647
v 0.035417 0.116758 -0.126924
v 0.238025 0.238672 0.026980
v 0.224689 0.246268 0.027140
v -0.086022 0.221461 0.049139
v -0.077674 0.220317 0.052878
v -0.078215 0.228698 0.046220
v -0.083263 0.209849 0.058156
v 0.021987 -0.182927 -0.105583
v 0.030100 -0.177099 -0.103314
v 0.121128 -0.141416 -0.085476
v 0.130882 -0.139683 -0.075841
v 0.045181 0.074333 -0.114566
v 0.034011 0.065774 -0.115177
v 0.107440 0.083612 -0.102135
v 0.092361 0.085561 -0.107026
v 0.103154 0.094359 -0.104722
v 0.012726 0.082898 -0.123769
v 0.001325 0.074584 -0.123246
v -0.104497 0.118887 -0.112353
v -0.170991 -0.219947 0.068999
v -0.197398 0.203197 -0.078537
v -0.009391 0.024930 -0.113822
v -0.314869 0.116510 -0.010400
v -0.325252 0.118563 -0.009063
v 0.032417 -0.213334 0.165579
v -0.177854 0.115482 0.043888
v -0.183478 0.119420 0.034188
v -0.086183 0.001658 0.143887
v -0.092849 -0.004646 0.141525
v -0.218107 0.255587 0.014275
v -0.188936 0.232911 -0.067885
v -0.173802 0.239599 -0.062594
v -0.235352 0.151259 0.022552
v 0.144808 0.107783 0.100106
v 0.001283 0.161640 0.105690
v -0.174697 0.219587 0.045062
v 0.150762 0.246899 0.035689
v -0.050629 0.076279 0.147457
v -0.151461 0.199562 -0.093502
v 0.181961 -0.215374 0.042075
v -0.098447 -0.139875 -0.087350
v -0.092230 -0.147043 -0.099423
v 0.184334 -0.223778 0.005651
v -0.164167 -0.137387 0.010193
v 0.209805 0.217719 0.035865
v -0.137615 -0.080788 0.068916
v -0.134047 -0.063334 0.075253
v -0.142323 -0.064229 0.061678
v -0.009419 0.114941 -0.132859
v 0.005867 -0.019702 0.154532
v 0.029296 -0.024597 0.154945
v 0.028975 -0.007020 0.153838
v -0.095339 0.105555 -0.114084
v -0.112826 0.108813 -0.106915
v -0.139785 -0.055219 0.069013
v -0.140342 -0.044392 0.073454
v -0.221509 0.197160 -0.080249
v -0.209517 0.200303 -0.079933
v -0.109230 0.017013 0.133208
v -0.103497 0.023443 0.137451
v -0.111334 0.034153 0.131901
v 0.339952 0.242136 0.001720
v 0.348515 0.236604 0.007517
v 0.349380 0.248515 -0.005921
v 0.201488 0.197393 -0.073794
v -0.086582 -0.139406 -0.091466
v -0.047467 0.271380 0.043665
v -0.252314 0.148513 0.014639
v 0.286991 0.153959 -0.050867
v 0.276496 0.148982 -0.042867
v -0.142613 -0.119988 0.091237
v -0.315965 0.249098 -0.025108
v 0.111884 0.281896 -0.024323
v 0.093067 -0.118972 -0.082987
v 0.082724 -0.118563 -0.080960
v 0.270357 0.142702 0.011803
v 0.258645 0.136759 0.009352
v -0.117842 -0.198932 -0.091333
v -0.143288 -0.095571 -0.014935
v 0.294200 0.210596 0.028189
v 0.305853 0.212788 0.023734
v 0.329572 0.159683 0.006605
v 0.182365 0.247821 0.038529
v 0.185322 0.237961 0.041426
v 0.047923 0.258757 0.047941
v 0.342798 0.179292 -0.068164
v 0.329048 0.173079 -0.065561
v 0.134189 0.213944 0.069438
v 0.135706 0.199077 0.071924
v 0.245964 0.135072 0.008206
v -0.011055 -0.153990 -0.115271
v -0.002375 -0.160840 -0.111298
v 0.123827 -0.107832 0.098919
v 0.166224 0.277950 -0.041590
v 0.109138 -0.142938 -0.092128
v 0.113137 -0.153771 -0.086304
v 0.187412 0.270641 -0.007672
v 0.055109 0.201401 -0.106345
v 0.056610 0.184891 -0.112393
v -0.075909 0.291513 -0.031390
v 0.034653 0.218317 -0.108315
v 0.131410 -0.191237 0.111531
v -0.127668 -0.031307 0.096128
v 0.197882 0.237215 -0.069037
v 0.200229 0.244503 -0.059997
v -0.146225 0.006681 -0.064981
v 0.050075 -0.062477 -0.102689
v 0.085530 0.147810 -0.115902
v 0.062842 -0.057926 0.154326
v 0.054507 -0.061736 0.155153
v 0.062152 -0.068521 0.154686
v 0.135738 0.190567 -0.091730
v 0.001410 0.155615 -0.129581
v 0.023792 0.074602 -0.119425
v 0.024712 0.119253 -0.129649
v 0.142527 -0.022553 0.101212
v -0.112455 0.149865 0.099084
v 0.105964 -0.067914 -0.059579
v -0.087452 0.144342 0.112101
v -0.160443 -0.219768 -0.058886
v -0.041418 -0.193134 0.165662
v -0.014824 0.196256 -0.101511
v 0.048694 0.135139 0.124901
v 0.037476 0.139744 0.122168
v 0.271310 0.162225 -0.063481
v 0.271258 0.153832 -0.051524
v 0.261710 0.158981 -0.059826
v -0.107475 -0.128674 0.120472
v -0.102346 -0.120422 0.124965
v -0.109879 -0.115946 0.119235
v -0.065548 0.002343 0.148650
v 0.266871 0.128596 -0.009017
v 0.262470 0.131158 0.000714
v 0.082783 0.164841 0.099720
v -0.249809 0.239801 -0.061876
v -0.255918 0.232328 -0.067625
v 0.133666 -0.081748 -0.044722
v 0.190210 0.110275 -0.011831
v 0.175790 0.257086 0.025023
v -0.140876 0.086909 0.101009
v -0.134808 0.083843 0.110705
v -0.135737 0.098546 0.106745
v -0.149892 -0.197065 -0.066290
v -0.117082 -0.023550 -0.076124
v -0.122657 -0.032922 -0.075378
v 0.202870 0.217299 0.043316
v -0.156432 -0.192767 -0.057494
v 0.047616 0.178915 0.097645
v 0.056115 0.177997 0.092559
v 0.047374 0.185471 0.093851
v 0.203461 0.130483 -0.019769
v -0.110432 0.070186 -0.098812
v 0.071762 -0.034324 0.152496
v 0.072776 -0.014488 0.151817
v 0.064368 -0.028170 0.153284
v 0.327041 0.127118 -0.026487
v 0.203593 0.191974 0.036194
v 0.215132 0.188814 0.034796
v 0.210159 0.200395 0.034936
v 0.054677 -0.192318 0.164589
v -0.056208 0.238677 0.066094
v 0.180282 0.018796 -0.004049
v 0.177046 0.017344 0.013280
v 0.063459 0.286022 -0.056321
v -0.102079 0.075918 -0.104750
v 0.297302 0.156288 -0.053913
v 0.281735 0.159814 -0.058806
v -0.063101 0.243271 0.039371
v 0.171326 0.092093 -0.034368
v -0.027046 -0.062304 -0.092434
v -0.027297 -0.070723 -0.103178
v -0.180440 0.275659 -0.009653
v 0.031987 -0.038326 -0.092788
v 0.345646 0.191034 -0.074257
v 0.338622 0.199863 -0.072819
v -0.290522 0.174940 -0.072532
v 0.106520 0.226441 0.044368
v -0.152084 0.167341 -0.086717
v -0.149671 0.174827 -0.090863
v 0.151174 0.179375 0.065022
v 0.026646 -0.105171 -0.118025
v -0.172309 -0.060318 0.029895
v -0.175385 -0.049821 0.036879
v 0.082497 0.280640 -0.070658
v 0.184457 0.261787 -0.043384
v 0.185307 0.258841 -0.049348
v 0.094623 0.062026 0.149309
v 0.103438 0.064788 0.146492
v 0.093323 0.077962 0.149704
v 0.337800 0.237519 -0.056332
v 0.143478 0.246148 -0.063770
v 0.312680 0.144887 -0.043136
v 0.318103 0.239474 -0.055636
v -0.081010 0.071182 0.149822
v 0.174058 0.240571 0.049018
v 0.179359 0.226296 0.052649
v 0.333420 0.220336 -0.069457
v -0.148501 0.036073 0.076314
v -0.166512 -0.001653 -0.029292
v -0.163573 -0.194394 -0.047339
v -0.326667 0.243142 -0.049412
v 0.086494 -0.085777 -0.067888
v 0.093727 -0.082269 -0.061189
v 0.089920 -0.101279 -0.062471
v -0.067158 -0.125782 -0.082733
v 0.091166 0.093073 0.145893
v 0.084622 0.082869 0.151166
v -0.040109 -0.009792 0.151729
v -0.096742 0.245701 0.048431
v -0.093970 0.250308 0.033327
v -0.068165 -0.177111 -0.097892
v -0.068588 -0.188989 -0.102625
v -0.181539 0.272261 0.000659
v 0.058615 0.129360 0.127292
v 0.049834 0.118446 0.132486
v 0.059766 0.113346 0.136006
v 0.170703 0.279357 0.012985
v 0.053348 0.082027 -0.114423
v -0.201704 0.223240 -0.074316
v -0.208568 0.210907 -0.078545
v -0.151739 -0.122963 -0.042302
v -0.142524 -0.120313 -0.037675
v -0.137572 -0.128941 -0.053262
v -0.065045 -0.034032 0.149064
v -0.074296 -0.021287 0.146657
v -0.032643 0.126361 0.126920
v -0.061428 -0.090881 0.150640
v 0.077239 0.273916 0.001320
v 0.084512 0.270595 -0.001350
v 0.098150 0.006916 -0.080966
v 0.088772 0.000833 -0.087986
v 0.052814 0.211113 0.075719
v -0.171497 -0.002218 0.001133
v 0.104870 -0.032900 0.131302
v 0.253050 0.150900 0.021356
v 0.259581 0.164757 0.028442
v 0.271507 0.164106 0.024053
v 0.025182 0.141697 -0.131614
v 0.058556 0.145705 -0.123987
v 0.164728 -0.226527 -0.049921
v 0.068959 0.170879 -0.117414
v 0.149749 -0.047673 0.087040
v -0.167808 -0.123405 -0.015794
v -0.168330 -0.113407 -0.019452
v -0.165990 -0.126146 -0.030317
v 0.186178 0.085714 0.010848
v 0.183871 0.074452 0.012968
v 0.060204 -0.221547 -0.113846
v 0.065169 -0.234154 -0.116636
v 0.110588 -0.213558 -0.097684
v -0.341841 0.246575 -0.016910
v 0.110909 0.051452 0.141764
v 0.102970 0.056845 0.146603
v 0.005399 0.033479 0.147927
v 0.026834 0.041144 0.148922
v 0.249174 0.251387 -0.047807
v 0.003912 0.244253 -0.102938
v 0.002383 0.234316 -0.106954
v 0.170956 0.004278 0.020754
v 0.163990 0.011771 0.034551
v 0.160937 -0.000062 0.035000
v -0.017516 -0.065948 -0.095537
v 0.032599 -0.004824 -0.110629
v 0.042915 0.000753 -0.111465
v 0.040938 0.092425 0.145730
v -0.068888 -0.007237 -0.099733
v -0.058894 -0.011985 -0.100233
v 0.061607 0.218097 -0.101644
v 0.049631 0.218902 -0.100225
v -0.184035 -0.228028 -0.016471
v -0.101739 0.093270 0.140643
v 0.069934 -0.064728 0.153094
v -0.161622 -0.101916 0.021900
v -0.273505 0.157341 -0.063001
v 0.307642 0.158723 -0.056734
v 0.310187 0.152270 -0.049467
v 0.225073 0.148486 -0.049202
v -0.094736 -0.104582 -0.062927
v -0.105575 -0.099875 -0.057547
v 0.026349 0.139892 0.121046
v -0.139768 -0.212162 0.101369
v -0.099914 -0.081585 -0.070378
v -0.099948 -0.089815 -0.061521
v -0.106845 -0.075486 -0.061222
v 0.072500 -0.182051 0.158468
v -0.132709 -0.068764 -0.028335
v 0.099339 -0.192134 0.138026
v 0.038526 0.152785 0.115263
v 0.318284 0.154605 -0.051999
v 0.202586 0.252536 -0.051471
v 0.215665 0.244912 -0.062879
v -0.036745 -0.227668 0.157720
v -0.022280 -0.227232 0.160688
v -0.178355 0.056748 0.008805
v -0.176264 0.044886 0.011055
v -0.192276 0.120507 -0.022147
v 0.058682 0.213538 0.068254
v -0.174060 -0.029821 0.042776
v -0.170815 -0.020038 0.048802
v -0.308462 0.216356 -0.073047
v 0.069522 0.292207 -0.035826
v -0.121318 0.097269 -0.099204
v -0.129182 0.105250 -0.094640
v -0.090293 -0.174087 0.142292
v -0.098740 -0.164906 0.134127
v -0.101801 -0.174350 0.132116
v 0.029689 0.073690 0.145781
v -0.148767 -0.044429 -0.023337
v 0.184024 0.248700 -0.064563
v 0.185755 0.237937 -0.071520
v 0.004929 0.101382 0.136278
v 0.029322 0.104479 0.138170
v 0.070813 -0.084606 -0.097073
v 0.058290 -0.094346 -0.099774
v 0.065370 -0.080065 -0.104527
v 0.307242 0.191782 -0.075440
v 0.125629 -0.018110 -0.077651
v 0.114754 -0.020091 -0.084331
v 0.153403 0.111333 0.089295
v 0.084595 -0.120191 0.144136
v 0.083990 -0.130553 0.145113
v 0.217189 0.252167 -0.055114
v 0.099522 0.150488 0.107026
v 0.094113 0.262334 0.005088
v 0.085595 0.263618 0.007056
v 0.340243 0.250356 -0.014605
v 0.358235 0.250981 -0.017542
v 0.358170 0.242638 -0.000260
v 0.234232 0.218704 0.030027
v 0.221795 0.218154 0.032195
v 0.139220 -0.010143 0.079360
v 0.123492 -0.003962 -0.076022
v 0.109940 0.003137 -0.077817
v -0.081796 0.025163 0.146261
v 0.233132 0.133792 0.007129
v -0.171539 -0.013939 0.003635
v 0.038672 -0.209936 0.166309
v 0.050245 -0.212033 0.162562
v 0.045096 -0.201187 0.166503
v 0.314440 0.251570 -0.015837
v -0.087790 0.250271 0.041878
v -0.162704 -0.021301 0.062971
v -0.165676 -0.034359 0.057647
v -0.181930 0.107536 0.016608
v 0.028223 0.009336 0.152318
v 0.005527 0.015729 0.150289
v 0.005856 -0.002021 0.152703
v -0.280938 0.240199 0.009654
v -0.145272 0.191320 -0.096155
v -0.095151 0.182143 -0.113070
v 0.164793 -0.020151 0.022243
v -0.164652 -0.025041 -0.012410
v 0.071360 0.244088 -0.093589
v 0.066326 0.254131 -0.089677
v -0.000511 0.227867 -0.095886
v -0.028894 0.061092 -0.121200
v 0.171939 0.271523 -0.048721
v 0.043963 -0.219718 0.162771
v 0.037481 -0.227372 0.162780
v 0.052712 -0.227263 0.158070
v -0.077823 -0.173603 0.150917
v -0.035074 -0.219411 -0.114714
v -0.283686 0.155437 -0.060314
v -0.281474 0.251487 -0.022564
v -0.281524 0.247782 -0.009886
v 0.108317 0.138839 0.110611
v -0.014057 0.211150 -0.097083
v 0.057129 0.032846 0.152523
v 0.048275 0.037942 0.152628
v 0.047912 0.019873 0.153075
v -0.066948 0.066502 0.150358
v 0.024409 0.175923 -0.129442
v 0.035985 0.166480 -0.126297
v -0.324272 0.206028 -0.074960
v 0.155339 -0.135442 -0.019231
v -0.075658 0.019244 -0.105471
v -0.053705 0.171313 0.098824
v -0.043769 0.177200 0.096630
v 0.076657 0.047487 0.151617
v -0.104719 -0.030622 0.135286
v -0.137366 0.113114 -0.090430
v -0.144010 0.109131 -0.081867
v -0.074011 -0.067215 -0.099538
v -0.064613 -0.070485 -0.103011
v -0.072088 -0.085098 -0.103437
v 0.168447 0.285727 -0.021720
v -0.236436 0.143216 -0.045656
v -0.185808 -0.219523 0.003210
v -0.184549 0.130953 0.035522
v 0.224496 0.134548 0.011376
v 0.157872 -0.224664 0.088304
v 0.169346 -0.224105 0.074679
v 0.156632 -0.216205 0.088059
v -0.096277 -0.056170 -0.090419
v 0.104457 0.114740 -0.107096
v -0.273760 0.240988 0.003780
v -0.278631 0.246879 -0.005839
v -0.118994 0.064442 -0.093206
v 0.053250 0.016474 -0.111535
v 0.052573 0.006573 -0.109279
v -0.172234 0.131305 -0.070614
v -0.177229 0.140148 -0.068715
v 0.078267 0.015311 -0.093678
v 0.042529 0.211690 -0.105174
v -0.105838 0.241222 0.054672
v -0.095391 -0.026131 -0.080229
v 0.122263 -0.120948 0.104739
v 0.027942 0.019521 0.151292
v -0.175836 0.264620 0.004617
v -0.133075 -0.077661 0.105888
v -0.145832 -0.081651 0.050897
v -0.171446 0.042869 0.028002
v -0.164883 0.040783 0.044498
v -0.167206 0.055462 0.037957
v -0.175485 -0.039495 0.035982
v -0.172219 -0.037028 0.047589
v -0.109807 -0.085034 -0.054870
v -0.136290 0.271662 -0.036014
v 0.048397 0.220684 0.072844
v -0.159605 -0.035211 -0.008485
v 0.105624 0.165374 0.100083
v -0.311175 0.235371 0.004712
v -0.329861 0.156768 -0.056512
v -0.338313 0.153821 -0.054211
v 0.178869 0.032974 -0.015498
v 0.163286 -0.042931 -0.013500
v 0.148876 -0.038722 -0.020810
v 0.156731 -0.027455 -0.018082
v -0.267845 0.150418 -0.054803
v 0.048181 0.279667 -0.074020
v -0.099833 -0.080071 -0.083423
v -0.105484 -0.068547 -0.088207
v -0.103147 0.200918 -0.110559
v 0.182023 0.078809 0.021937
v 0.253145 0.257439 -0.003331
v -0.037133 -0.076134 -0.109987
v 0.152104 -0.203839 -0.066802
v 0.157791 -0.197267 -0.059833
v 0.050190 0.079615 0.150661
v 0.001103 0.057822 -0.118887
v 0.001016 0.042938 -0.115880
v 0.165679 0.249738 -0.051685
v 0.165249 0.009209 -0.040083
v -0.140911 0.042168 -0.065404
v 0.099632 0.007585 0.141430
v 0.095362 0.022531 0.145659
v 0.042042 -0.030753 -0.096842
v 0.042577 -0.018598 -0.104659
v -0.069751 -0.193993 0.155130
v -0.060423 -0.184342 0.160861
v -0.073799 -0.183812 0.153105
v 0.283942 0.157688 0.016392
v 0.068302 0.123833 0.129843
v -0.061981 -0.092379 -0.105794
v -0.051567 -0.099257 -0.107277
v 0.059672 -0.099861 -0.090381
v 0.067447 -0.093021 -0.089192
v 0.068425 -0.100670 -0.077706
v -0.143983 0.063727 0.082657
v -0.009333 0.002477 -0.110837
v -0.137857 0.029582 0.095999
v 0.053831 -0.072332 0.155612
v 0.096046 0.139281 -0.112436
v 0.102946 0.131881 -0.109382
v 0.037148 0.190454 0.090589
v 0.026767 0.195677 0.084965
v 0.027075 0.182815 0.093069
v -0.239172 0.216586 0.025586
v 0.156070 -0.146952 -0.033254
v 0.162670 -0.161263 -0.036207
v 0.149443 -0.075224 0.085329
v 0.142944 -0.066708 0.094189
v 0.086526 0.106272 0.140802
v 0.101939 0.073922 -0.103040
v 0.112685 0.078100 -0.098301
v -0.188083 0.122358 0.025407
v -0.130315 -0.120870 -0.043120
v -0.050489 0.014527 0.149971
v -0.042596 0.005056 0.150767
v -0.040910 0.019245 0.150368
v -0.186131 0.101961 -0.028229
v -0.188587 0.115281 -0.030750
v 0.001163 -0.078352 -0.114550
v -0.131258 0.232935 -0.079088
v 0.106420 -0.110045 0.126051
v 0.102933 -0.096327 0.129242
v -0.183210 -0.228121 0.039055
v 0.060331 -0.109386 -0.082162
v -0.077462 0.163123 -0.115760
v -0.063731 0.151341 -0.117974
v -0.177721 0.265224 -0.050941
v -0.177099 0.263039 -0.041241
v -0.149176 -0.128299 -0.049458
v 0.335780 0.231058 -0.062377
v 0.147264 0.066616 0.093600
v 0.108620 0.104056 -0.103989
v 0.112771 0.093369 -0.100939
v 0.115766 -0.049718 -0.075975
v 0.143802 0.198427 0.064425
v 0.129377 -0.189396 -0.082036
v 0.119655 -0.179717 -0.083525
v -0.206515 0.252243 0.013467
v 0.155044 -0.157725 -0.050039
v 0.146077 -0.143988 -0.047633
v -0.074146 -0.053196 -0.087560
v -0.131177 -0.083605 -0.033964
v 0.260818 0.148046 -0.043944
v 0.251748 0.141946 -0.035121
v -0.166001 0.097222 0.053853
v -0.156243 -0.143653 -0.052112
v -0.093222 0.193974 0.071263
v 0.106357 0.269452 0.002857
v 0.112625 0.254283 0.022861
v 0.115371 0.259264 0.030593
v 0.066491 0.028020 0.152195
v 0.166458 0.023680 0.033964
v -0.013378 0.241372 -0.093696
v 0.178600 -0.200318 -0.015464
v -0.087552 -0.163589 0.143352
v 0.141700 0.220975 -0.080411
v 0.134529 0.208799 -0.089106
v -0.119218 -0.195009 0.118704
v 0.171562 0.081616 0.038342
v -0.128347 0.011376 0.106084
v -0.122103 0.008118 0.115643
v -0.123685 0.023772 0.115398
v -0.098600 -0.184509 0.135401
v -0.086743 -0.184199 0.145094
v 0.020860 -0.072884 -0.109025
v -0.111927 -0.069364 0.126800
v 0.171730 0.262423 -0.060029
v 0.099597 -0.112378 -0.074944
v 0.002357 0.033479 0.147927
v -0.024471 0.037313 0.148863
v -0.020803 0.023883 0.150363
v 0.002485 0.015729 0.150289
v -0.296574 0.154974 -0.058647
v 0.162423 -0.116369 0.053704
v 0.163825 -0.124714 0.049603
v 0.001089 0.012837 -0.112733
v 0.002700 -0.054920 0.157749
v 0.005980 -0.168544 -0.108883
v 0.055578 -0.087478 -0.107866
v 0.086816 0.075921 -0.107788
v -0.252644 0.254356 -0.037631
v -0.238082 0.259121 -0.041742
v -0.238772 0.255914 -0.048072
v 0.160516 -0.198608 0.081450
v 0.008351 0.263208 -0.094296
v 0.141687 -0.093729 -0.021591
v -0.261462 0.155292 0.015483
v 0.088224 -0.010868 -0.095264
v 0.096672 0.033956 -0.091123
v -0.170345 0.152729 -0.074440
v 0.173975 -0.141411 0.024022
v 0.172456 -0.133022 0.032102
v 0.168004 -0.149823 0.037590
v 0.076580 0.225811 0.052564
v -0.009378 0.017414 -0.113004
v -0.045892 -0.183910 0.165276
v 0.030992 0.234821 -0.102987
v 0.024451 0.238352 -0.112987
v 0.274649 0.244488 0.011353
v -0.133513 -0.186988 0.104879
v 0.135819 -0.016085 -0.069861
v -0.065154 0.020244 0.148727
v -0.073209 0.030668 0.148000
v -0.072414 0.014142 0.147638
v 0.127453 0.041448 -0.065106
v 0.136302 0.050859 -0.057788
v -0.109199 -0.058837 -0.086481
v -0.058397 0.228810 0.070735
v -0.048924 0.232119 0.072087
v -0.136157 0.014304 0.097526
v 0.063954 0.227703 0.054547
v 0.023676 0.198455 -0.125565
v -0.048335 -0.062834 0.153724
v -0.040649 -0.068843 0.155275
v 0.242657 0.137667 -0.025317
v -0.149108 0.050655 -0.059701
v -0.141946 0.052261 -0.068652
v -0.086222 -0.094624 0.138465
v -0.089879 -0.079553 0.137461
v -0.098071 -0.090399 0.131457
v 0.033492 0.040522 -0.113866
v 0.028117 0.048908 -0.114350
v 0.033659 0.056964 -0.114037
v 0.088398 0.284990 -0.062789
v 0.047386 0.147961 -0.126492
v 0.036228 0.150401 -0.128875
v -0.055504 -0.061055 -0.093038
v 0.215110 0.247146 0.027729
v 0.178703 0.004787 0.007770
v -0.146731 0.090019 0.091134
v -0.141642 0.094310 0.099326
v 0.150283 -0.186983 -0.065468
v 0.102620 0.154287 0.104013
v -0.101340 0.006224 0.138227
v 0.158428 -0.074945 0.054985
v -0.071203 -0.108438 0.146878
v 0.136254 0.075418 0.115486
v 0.141953 0.078546 0.103810
v 0.078301 0.266340 0.009895
v 0.074465 -0.130470 0.151928
v 0.143088 -0.195007 -0.073946
v -0.248953 0.256283 -0.025617
v 0.140213 -0.036602 -0.034788
v -0.017923 -0.094089 -0.122362
v -0.016338 -0.111453 -0.121072
v -0.181892 0.213880 0.040319
v -0.218491 0.258754 -0.003060
v 0.170164 -0.124720 0.040066
v 0.165023 0.157474 0.060567
v 0.109840 -0.123741 0.122805
v 0.002757 -0.037328 0.156161
v 0.167370 -0.177876 -0.034876
v -0.329968 0.181852 0.011644
v 0.216026 0.209540 0.033817
v -0.086428 0.277845 0.000332
v -0.026609 0.059864 0.145883
v -0.034242 0.069351 0.145326
v -0.032212 0.052728 0.147637
v -0.003511 0.203817 -0.105518
v 0.001875 0.213922 -0.113963
v 0.001613 0.199504 -0.118503
v -0.001936 -0.145217 -0.117764
v 0.047547 -0.026303 0.154450
v -0.026858 -0.042853 -0.088046
v -0.027582 -0.033644 -0.092835
v 0.153621 0.029472 0.065638
v 0.087860 0.271443 -0.075904
v 0.064711 0.182591 0.084117
v 0.001470 0.147736 0.115140
v 0.043605 0.021140 -0.114370
v -0.084839 0.042367 0.147029
v -0.208642 0.246314 0.025389
v -0.218128 0.242169 0.025622
v -0.161373 -0.093744 -0.007696
v -0.232920 0.227262 0.023430
v 0.096343 0.267775 -0.004267
v 0.110120 -0.007268 0.132340
v 0.113303 0.004714 0.132372
v -0.064848 -0.057341 -0.090071
v 0.021584 -0.194861 -0.107728
v -0.079030 0.148284 0.109097
v 0.152224 0.070597 0.080972
v -0.110082 -0.139080 0.119165
v 0.255877 0.249537 0.011632
v 0.143304 -0.026960 0.049889
v 0.143081 -0.039062 0.042151
v 0.330146 0.235363 0.009811
v 0.331054 0.247685 -0.003739
v -0.152987 0.024771 -0.058486
v -0.072098 -0.097941 0.146326
v 0.068769 0.116101 0.134640
v 0.125087 0.054845 0.129422
v -0.170507 -0.110898 -0.004819
v 0.187390 0.225716 -0.075474
v 0.194319 0.211385 -0.074983
v 0.095558 -0.140910 0.136836
v 0.095800 -0.151196 0.138059
v 0.101999 -0.145993 0.132172
v 0.022318 0.024427 -0.113955
v -0.204319 0.147864 -0.056706
v -0.001855 0.217941 -0.099637
v 0.069086 -0.225134 -0.114175
v -0.157967 -0.230851 -0.066729
v -0.056301 -0.174761 -0.098020
v 0.058888 -0.046787 -0.090018
v 0.149365 -0.199203 0.094598
v -0.304422 0.198154 -0.076794
v -0.030782 -0.078980 0.157304
v 0.065250 0.050744 -0.111555
v 0.073247 0.058512 -0.109965
v 0.022803 0.057255 -0.115623
v -0.172945 0.056622 0.025810
v -0.115023 0.051089 0.131785
v 0.140040 0.285671 0.008241
v 0.275607 0.135461 0.006164
v -0.064624 0.258798 -0.079180
v 0.113795 -0.037055 0.123484
v 0.109873 -0.024774 0.129112
v -0.158598 0.096275 0.071163
v -0.090175 0.051399 0.147079
v 0.178456 0.051999 0.016091
v 0.182666 0.063802 0.006187
v -0.253530 0.253865 -0.040710
v 0.056467 0.165420 0.100762
v 0.129478 0.088167 0.122986
v 0.125714 0.071084 0.132122
v 0.157305 -0.073919 -0.027064
v 0.163534 -0.068555 -0.016992
v -0.082676 -0.194366 0.147001
v 0.024055 0.091325 -0.123770
v 0.037965 0.006139 0.153449
v 0.096062 -0.092184 -0.058059
v 0.155759 -0.054139 -0.016418
v -0.020132 0.121940 -0.129705
v 0.054319 0.209746 -0.103583
v 0.066243 0.208897 -0.105127
v -0.115953 -0.012401 0.127919
v -0.116888 0.004599 0.125726
v 0.091523 -0.037727 -0.089200
v 0.103764 -0.021915 -0.090745
v -0.030262 0.024401 0.150265
v 0.109080 0.235391 0.037294
v 0.063024 -0.171733 0.162482
v 0.002363 0.224103 -0.110428
v -0.130898 0.026731 0.105974
v -0.103648 0.095525 -0.108505
v -0.085532 0.095867 -0.116166
v 0.155826 0.289846 0.003134
v 0.151073 0.288587 0.013043
v 0.080206 -0.019996 0.150164
v -0.056597 -0.028369 0.150633
v 0.068731 0.068806 0.151651
v -0.292032 0.176727 0.017148
v 0.006389 -0.197884 -0.109475
v -0.165260 0.060411 -0.046926
v -0.041996 0.127443 -0.123432
v 0.156029 -0.124614 0.058248
v 0.075165 -0.103068 0.150384
v 0.039653 -0.029476 0.154732
v 0.039520 -0.011091 0.154290
v -0.037031 0.245466 -0.091611
v -0.049159 0.239506 -0.094155
v -0.109231 0.157661 -0.112962
v -0.161551 -0.000827 -0.049137
v -0.189249 0.177635 0.039297
v -0.200235 0.164822 0.042044
v -0.053770 -0.165378 0.162298
v -0.043866 0.062118 0.148031
v -0.054977 0.061939 0.149883
v 0.188959 0.097449 -0.008644
v 0.065984 -0.184256 0.161465
v 0.147971 -0.061191 0.050478
v 0.143445 -0.051926 0.046455
v 0.205868 0.259839 0.014465
v 0.173641 0.052227 0.034491
v 0.171641 0.058374 0.042672
v 0.078930 -0.151148 0.151911
v 0.081581 -0.140882 0.148665
v 0.072127 -0.140675 0.155916
v -0.166772 0.250423 -0.073355
v -0.078268 -0.106777 0.142870
v -0.084290 -0.115576 0.139199
v -0.149403 0.157184 -0.086813
v -0.149906 0.147645 -0.090984
v 0.001004 0.188123 0.087020
v -0.055181 0.150526 0.110629
v -0.054389 0.158819 0.105463
v -0.044936 0.108177 0.136702
v 0.222636 0.194603 0.032501
v -0.263656 0.169861 -0.071900
v -0.055446 -0.219481 0.154219
v -0.053506 -0.110780 -0.096919
v 0.168554 -0.008090 0.021832
v 0.157147 -0.011672 0.035144
v 0.138712 0.249550 0.049245
v 0.139680 0.259021 0.041667
v 0.130453 0.262779 0.046511
v 0.117175 0.162992 -0.104564
v -0.132921 0.241645 -0.071874
v 0.106383 -0.161302 0.130447
v 0.261691 0.154761 -0.053915
v 0.019868 0.041306 -0.114342
v -0.309778 0.188013 -0.074796
v -0.028312 -0.183659 -0.103501
v -0.084745 0.193772 0.070454
v 0.146554 0.049771 -0.049307
v 0.145428 0.062539 -0.051782
v -0.004184 0.033913 -0.115006
v 0.122968 0.252866 0.051292
v 0.116133 0.253106 0.038220
v -0.013582 -0.134893 -0.122692
v 0.012082 -0.038226 -0.093097
v 0.012195 -0.051558 -0.089790
v 0.083445 0.153337 0.110049
v -0.180406 0.056644 -0.001310
v -0.181910 0.056518 -0.011471
v -0.009821 0.081139 -0.125964
v -0.050419 -0.227982 0.153386
v -0.086645 0.115797 -0.118554
v -0.081291 0.124803 -0.120386
v -0.076138 0.108007 -0.120971
v 0.187918 0.091721 0.001177
v 0.188431 0.097224 0.008491
v 0.172707 0.016802 0.019624
v 0.144564 0.092848 0.103506
v 0.131551 0.011941 0.119451
v 0.121678 0.007111 0.127574
v 0.266051 0.143976 -0.034809
v 0.101560 0.152186 -0.111365
v -0.246291 0.257369 -0.019883
v -0.184904 0.241339 0.035328
v -0.183795 0.251817 0.029436
v 0.001066 0.185112 -0.122963
v -0.098117 -0.037345 -0.079073
v -0.056472 0.221561 0.077433
v -0.128694 -0.145094 0.099766
v -0.064626 0.128302 0.125267
v 0.146277 0.237787 -0.068574
v 0.128284 0.154804 -0.099194
v -0.247838 0.204287 0.035052
v 0.037315 0.269670 -0.078628
v 0.280165 0.244934 0.005918
v 0.132539 -0.107760 0.088024
v -0.045988 -0.054313 -0.086847
v -0.330531 0.145487 -0.047774
v 0.024031 0.187178 -0.127474
v 0.142969 -0.051287 0.034503
v 0.142709 -0.064936 0.020660
v 0.199055 0.179252 0.039557
v 0.213983 0.255813 0.017475
v 0.169316 0.028597 -0.038046
v 0.323283 0.218135 -0.071426
v 0.218601 0.256239 -0.045299
v -0.080286 -0.085790 0.142267
v 0.143553 -0.077251 -0.039797
v -0.133435 0.043876 -0.074093
v 0.073404 -0.020983 -0.098552
v 0.088534 -0.021171 -0.094562
v -0.097937 0.013834 -0.093201
v 0.043038 -0.165317 0.167580
v 0.064694 -0.018265 0.152941
v -0.121560 0.109709 -0.102085
v -0.225459 0.245074 0.019019
v -0.219590 0.233160 0.026469
v 0.011325 0.207166 -0.123748
v 0.005961 0.192497 -0.124766
v -0.019328 -0.236546 -0.120190
v -0.168019 -0.144888 0.043566
v -0.165937 -0.153252 0.054774
v -0.132358 0.068964 0.112765
v -0.269714 0.249408 -0.009044
v -0.079380 0.007936 0.146064
v 0.090860 0.180726 0.083785
v -0.143782 0.213832 0.045860
v 0.171132 0.270181 -0.000522
v -0.239521 0.262885 -0.028056
v -0.074800 0.123877 0.128887
v -0.184508 0.229951 0.039019
v -0.106309 -0.024958 -0.078409
v -0.077338 -0.017444 -0.092194
v -0.137786 -0.145124 0.090250
v 0.062673 -0.176444 -0.096983
v -0.185354 0.080850 -0.025647
v -0.100400 0.160759 -0.114758
v -0.061076 0.252140 -0.085821
v -0.159599 -0.129977 -0.043300
v -0.163653 -0.139367 -0.040282
v 0.012089 0.184763 -0.128087
v 0.105058 0.002202 0.137095
v -0.158675 -0.123551 0.014537
v 0.204208 0.210600 -0.074276
v -0.169328 -0.100824 -0.008000
v -0.134688 -0.092488 -0.029269
v -0.110497 0.207796 -0.105164
v -0.055395 -0.049812 -0.084816
v 0.011670 0.026154 -0.113878
v 0.070737 0.019044 -0.100985
v -0.030532 -0.133814 0.163400
v -0.039946 -0.126713 0.160876
v -0.170128 0.240068 -0.076156
v 0.090759 0.054622 -0.104598
v 0.081266 0.066289 -0.108679
v 0.269147 0.255559 -0.006120
v 0.275281 0.252050 0.000892
v 0.280727 0.256119 -0.014072
v -0.062784 0.203581 -0.105726
v 0.069384 -0.055198 -0.098440
v 0.001028 0.027907 -0.114066
v -0.158689 0.009267 0.065758
v -0.156535 -0.002179 0.071112
v -0.236859 0.248924 -0.058370
v -0.094967 0.012581 0.141358
v -0.075604 0.133812 -0.120745
v -0.069701 0.142648 -0.119727
v 0.157560 0.263320 -0.048186
v -0.184536 -0.207219 0.012979
v -0.077130 -0.138708 -0.095784
v 0.149591 0.126187 -0.087444
v 0.339014 0.161315 0.005418
v 0.090335 -0.134955 -0.098889
v 0.099976 -0.138910 -0.096120
v -0.104954 -0.079859 0.128984
v 0.006961 -0.124484 0.166351
v 0.051574 -0.173604 0.166186
v 0.055139 -0.163239 0.165354
v 0.039231 -0.175680 0.169415
v 0.338484 0.227699 0.013472
v 0.346533 0.219439 0.016238
v 0.193296 0.195651 0.041111
v 0.186160 0.197302 0.050621
v -0.041519 0.283803 -0.062205
v -0.046937 0.276098 -0.068627
v 0.149059 -0.043655 0.079645
v 0.136451 -0.107948 -0.026171
v 0.115307 0.060411 -0.091084
v -0.072862 0.264133 0.012882
v -0.064454 0.268395 0.018893
v -0.081919 -0.157768 -0.103429
v 0.143077 -0.086500 -0.015763
v 0.156372 -0.076774 -0.013454
v 0.208253 0.128473 -0.000201
v 0.145634 -0.225338 0.100393
v -0.172827 0.021157 0.015735
v -0.174731 -0.025823 0.025463
v 0.356906 0.227506 0.011385
v -0.011758 -0.182546 -0.107013
v -0.002812 -0.175471 -0.107888
v 0.002971 -0.089871 0.161818
v -0.139207 0.060485 0.093206
v -0.134589 0.057246 0.103640
v -0.138035 0.072057 0.102871
v -0.080713 -0.191718 -0.101564
v 0.042751 -0.009208 -0.108791
v -0.069437 -0.055524 0.147759
v -0.047160 0.143226 -0.117515
v 0.325409 0.228864 -0.064756
v 0.084423 0.139021 0.116802
v -0.096957 0.253031 0.014085
v -0.084954 0.258795 0.030933
v -0.118947 0.066520 0.133292
v -0.127976 0.097466 0.116222
v -0.120140 0.096566 0.125594
v -0.142669 0.075344 0.092225
v 0.256290 0.138770 -0.025723
v 0.000533 0.214604 0.069676
v 0.005053 -0.158737 0.169429
v -0.022526 -0.141374 0.165370
v 0.003919 -0.124484 0.166351
v 0.163877 -0.091277 0.044997
v -0.176085 -0.229266 -0.034972
v 0.161722 0.114706 0.078016
v 0.150861 0.125271 0.083214
v 0.168355 0.110454 -0.060907
v -0.207971 0.125291 -0.004848
v -0.206552 0.125698 -0.013390
v -0.096296 -0.192984 -0.098159
v 0.021526 -0.120275 -0.111468
v -0.031331 0.045114 -0.117308
v 0.153274 -0.057910 0.080118
v 0.146452 -0.058312 0.092895
v -0.109033 -0.073331 -0.076512
v 0.157124 0.103867 -0.072461
v 0.149149 0.039557 -0.050583
v -0.084721 0.103606 0.141705
v 0.030070 0.148394 0.116500
v 0.184155 0.163215 -0.069196
v 0.283664 0.251336 -0.004577
v -0.195916 0.241665 0.026904
v -0.046139 -0.073936 0.154633
v -0.038846 -0.080611 0.156162
v 0.147085 -0.041629 0.030735
v 0.146124 -0.052977 0.019880
v -0.319626 0.155890 -0.056394
v -0.028435 -0.024928 -0.098443
v -0.037455 -0.032601 -0.092342
v -0.061101 0.272783 -0.070468
v -0.072192 0.272233 -0.066051
v 0.234985 0.179684 -0.072807
v 0.243289 0.187150 -0.074437
v -0.046152 -0.040457 -0.086115
v 0.227042 0.132958 -0.013570
v 0.233485 0.204669 -0.074342
v 0.103185 -0.130470 0.129415
v 0.006797 -0.153732 -0.113587
v 0.165811 0.107280 0.070737
v -0.064412 -0.174099 0.158345
v -0.105844 -0.157656 0.126566
v -0.118798 -0.159768 0.114238
v 0.149734 0.225486 -0.074434
v 0.062979 0.061431 -0.111343
v 0.178472 0.112538 0.042374
v 0.173549 -0.180778 -0.022601
v 0.177947 -0.183938 -0.009500
v -0.053050 0.245980 -0.090947
v -0.045228 0.252938 -0.088784
v 0.060222 -0.020669 -0.101391
v 0.069656 0.156091 -0.120293
v 0.098170 -0.230971 -0.110166
v 0.012294 -0.218538 -0.114246
v 0.076515 0.116536 -0.115840
v -0.039116 0.291354 -0.054042
v 0.097179 0.275261 -0.065059
v 0.002240 0.068201 0.143169
v -0.063117 0.164459 0.099491
v -0.068102 0.164084 0.097016
v -0.221058 0.162546 -0.068166
v 0.059804 -0.208772 -0.109675
v -0.040712 0.016497 -0.111231
v 0.182653 0.093297 0.018202
v 0.077460 0.263504 -0.084350
v 0.106016 0.274077 0.000399
v -0.192966 0.262951 -0.035457
v -0.209892 0.267294 -0.031331
v -0.172050 -0.228336 0.069491
v 0.177315 0.019925 -0.016324
v 0.173163 0.021014 -0.028283
v -0.116575 -0.067860 -0.067112
v 0.226371 0.254760 -0.049864
v 0.035203 -0.201224 0.168946
v 0.032377 -0.023253 -0.102320
v -0.083843 -0.070681 0.141239
v -0.075804 -0.064470 0.145156
v -0.085839 -0.058265 0.141050
v 0.093299 -0.130557 0.137445
v -0.173327 -0.019905 0.014542
v 0.161420 0.236397 -0.063854
v 0.320098 0.229149 0.013887
v 0.019698 0.250693 -0.112115
v -0.141046 -0.136725 0.088783
v 0.025052 0.130408 -0.131167
v 0.035943 0.139069 -0.129328
v -0.063562 0.162280 -0.115183
v -0.067518 0.289348 -0.053939
v 0.138658 0.150307 -0.094977
v 0.048304 -0.235656 -0.117665
v -0.172508 -0.037166 0.027916
v -0.171940 0.111508 0.053478
v -0.165248 0.103885 0.062366
v -0.168431 0.118924 0.060634
v 0.078244 -0.157721 -0.099795
v 0.075987 -0.167509 -0.091885
v 0.191608 0.196778 -0.075621
v 0.276942 0.197079 0.033329
v -0.091343 0.152041 0.106894
v 0.057410 0.100247 -0.117697
v -0.174182 -0.176029 -0.021247
v -0.344040 0.241770 -0.004974
v -0.355454 0.245778 -0.014769
v 0.030041 -0.112549 -0.107724
v 0.122297 0.175619 0.087197
v -0.057550 -0.123898 -0.089352
v -0.068104 -0.113397 -0.084013
v -0.152566 0.090712 -0.071495
v -0.160839 0.082635 -0.061099
v -0.166056 -0.230451 -0.052777
v -0.169825 -0.219826 -0.043778
v -0.152349 0.077863 -0.068978
v -0.249929 0.150804 -0.055921
v -0.346033 0.223056 0.010484
v -0.161274 0.032819 0.053855
v -0.048608 -0.137104 -0.108186
v 0.040545 0.227687 -0.098271
v 0.121080 0.269791 -0.042376
v 0.082500 0.253579 -0.088648
v -0.125844 -0.004194 0.105318
v 0.164846 -0.016372 -0.015472
v 0.170008 -0.031710 -0.008974
v 0.171707 -0.046396 -0.001618
v -0.138639 -0.062987 -0.015583
v -0.197374 0.252974 -0.053363
v -0.096297 -0.073208 0.134565
v -0.029858 0.263319 0.049533
v 0.045832 0.294323 -0.049167
v 0.070578 -0.115960 -0.078896
v -0.055789 -0.035871 -0.085926
v 0.237078 0.260248 -0.002784
v 0.061548 -0.079097 0.154962
v -0.159982 0.158575 -0.080470
v 0.012472 0.066178 -0.119359
v 0.006805 -0.029278 -0.098597
v 0.228346 0.202934 0.030588
v -0.038699 0.215302 -0.099417
v 0.075332 -0.086232 -0.088015
v 0.101493 -0.100798 -0.060303
v 0.163014 0.149724 0.064068
v -0.174334 -0.177952 0.044964
v 0.112237 -0.006132 -0.081967
v 0.096871 -0.002041 0.142322
v -0.159293 -0.012533 -0.045887
v -0.040270 0.185135 -0.106774
v 0.338025 0.184558 0.012043
v 0.342382 0.171222 0.007402
v 0.348483 0.189501 0.012549
v -0.116207 0.163595 0.092205
v 0.332315 0.141617 0.001686
v -0.080980 0.026839 -0.105177
v 0.136717 0.189518 0.073429
v 0.145288 0.189004 0.066364
v 0.002291 0.051012 0.145644
v -0.022744 0.010159 0.151844
v 0.002825 -0.019702 0.154532
v -0.030754 -0.047532 0.155166
v -0.233038 0.260921 -0.018890
v -0.334762 0.143917 -0.046689
v 0.193035 0.249531 -0.057236
v 0.188142 0.155505 -0.060944
v 0.005742 -0.054920 0.157749
v 0.029231 -0.042621 0.156013
v -0.169164 0.156639 0.053081
v 0.136165 -0.138613 -0.054073
v 0.057197 -0.031067 -0.092691
v 0.035117 0.177454 -0.123637
v 0.144510 0.201847 -0.085867
v 0.110151 -0.030193 -0.088516
v -0.210442 0.238742 0.031693
v -0.063593 0.290174 -0.000594
v 0.046469 0.108437 -0.122530
v 0.239136 0.195074 -0.073857
v -0.225958 0.218246 0.028294
v 0.178084 -0.224711 -0.020547
v -0.183784 -0.198938 0.012702
v -0.003034 0.291668 -0.085441
v 0.247791 0.247858 0.015896
v -0.143057 0.109123 0.095755
v -0.082179 0.046586 -0.107976
v 0.080182 0.177617 -0.114159
v -0.060855 -0.059078 0.150502
v -0.152190 -0.088566 -0.005560
v -0.152448 -0.075235 0.004545
v 0.354045 0.209213 0.015833
v 0.343923 0.203445 0.017168
v -0.164242 0.130197 -0.078037
v 0.176346 0.103515 -0.034568
v -0.194954 0.188863 0.036925
v -0.229874 0.169691 -0.070915
v 0.005377 -0.175598 0.168846
v 0.004486 -0.141670 0.168187
v 0.003408 -0.107203 0.164141
v 0.002777 -0.072428 0.159670
v -0.105102 -0.107720 0.124223
v -0.097423 -0.112165 0.129628
v -0.040596 0.170232 -0.110240
v 0.172692 0.114864 0.061696
v 0.173126 0.108361 0.052673
v -0.166277 -0.148744 -0.035669
v -0.161152 -0.154317 -0.043242
v -0.174792 -0.189562 -0.025823
v -0.341824 0.163969 -0.061619
v 0.059284 -0.182035 0.163993
v -0.160928 -0.081865 0.004208
v 0.304854 0.139017 -0.036417
v -0.181588 -0.189602 0.002652
v -0.102983 -0.147307 0.127639
v -0.164718 0.073967 -0.049588
v 0.160651 0.193204 -0.082678
v 0.078789 -0.101135 -0.069586
v 0.080236 -0.108690 -0.070649
v -0.007915 -0.068756 -0.099282
v 0.198327 0.206317 0.042665
v 0.179433 -0.195983 -0.008973
v -0.086129 0.105814 -0.117490
v -0.167038 0.137019 0.059205
v 0.212477 0.136192 -0.029474
v -0.062366 0.222211 0.064447
v 0.091384 -0.223116 -0.109322
v 0.159727 0.129164 0.072814
v -0.088489 0.200500 0.065260
v 0.154107 -0.062568 0.062907
v 0.262806 0.253865 0.003432
v 0.004046 0.188123 0.087020
v 0.176033 -0.171648 -0.009569
v -0.145320 -0.034055 -0.060090
v 0.001693 -0.071096 -0.103308
v -0.348315 0.187263 -0.072210
v 0.031920 -0.048382 -0.089526
v 0.073506 0.217337 -0.103277
v -0.180629 0.234309 -0.074086
v -0.136505 -0.077716 -0.024022
v -0.154347 0.219171 -0.087926
v -0.152925 0.209346 -0.090646
v 0.064287 0.216456 0.061651
v -0.095699 -0.155415 0.135966
v -0.061394 0.026316 -0.110101
v -0.142951 0.276335 0.008238
v 0.088537 -0.140879 0.143044
v 0.047565 0.001697 0.153842
v 0.140431 0.062783 0.105206
v 0.158026 0.138092 0.071825
v 0.165595 0.136996 0.064416
v -0.049851 -0.174642 0.163656
v 0.070589 -0.054150 0.152837
v 0.045797 -0.182978 0.167907
v -0.163216 -0.135583 -0.026141
v -0.074981 -0.145233 0.150299
v 0.155718 -0.066270 0.074253
v -0.091960 -0.103421 0.134279
v 0.245094 0.255444 0.004497
v 0.204252 0.154829 -0.055557
v -0.205591 0.176313 0.040586
v -0.214401 0.190702 0.032930
v -0.030378 0.135897 -0.119925
v 0.132381 -0.120464 -0.046920
v 0.032475 -0.014312 -0.107055
v 0.056708 0.014661 0.152933
v 0.006300 0.042096 -0.115350
v 0.005819 -0.072428 0.159670
v -0.162217 0.111210 0.069724
v 0.160383 -0.133032 0.051487
v -0.108093 0.230403 0.061714
v -0.165042 0.027107 0.047112
v -0.021229 0.071133 -0.123769
v -0.116999 0.020516 0.124973
v 0.045592 0.178941 -0.117383
v 0.171483 0.096156 0.034196
v -0.119255 0.110603 0.118755
v 0.150059 -0.050000 0.072636
v 0.094593 -0.200972 0.141562
v -0.138170 0.045126 0.094490
v -0.141016 0.054459 0.088674
v -0.145608 0.049944 0.079200
v 0.102477 -0.016810 0.136204
v -0.102066 -0.020808 0.137069
v 0.162678 0.266424 -0.032711
v -0.196809 0.149961 -0.060162
v -0.189084 0.154683 -0.068029
v 0.014547 0.049666 -0.115683
v -0.011159 -0.168237 -0.108606
v -0.055071 0.210915 0.082671
v -0.096422 -0.116016 -0.065136
v -0.035655 0.145446 -0.116358
v 0.110592 0.287883 0.009224
v 0.118014 -0.078213 -0.042413
v 0.004592 0.132967 0.123719
v 0.357145 0.249517 -0.038544
v 0.176395 0.116479 -0.051364
v -0.013124 -0.196172 -0.109007
v 0.063977 -0.127332 -0.092999
v -0.117915 -0.014037 -0.080796
v 0.154629 -0.069625 0.052580
v -0.093010 -0.035476 0.139722
v 0.155491 -0.203229 0.088126
v 0.078308 -0.227104 0.147090
v 0.073379 -0.219524 0.151676
v -0.051194 -0.188772 0.163909
v 0.056041 -0.022056 0.153825
v -0.126440 -0.161639 0.107057
v -0.098578 0.271746 -0.023138
v 0.087508 0.243412 -0.092507
v 0.113618 0.192799 -0.101874
v 0.125341 0.203712 -0.094256
v 0.084925 0.042603 0.151084
v -0.152809 -0.166330 -0.056382
v 0.178642 0.271047 -0.014224
v 0.109700 0.157639 -0.108807
v -0.109512 -0.232868 -0.106084
v 0.146388 -0.052112 0.058005
v 0.171136 -0.189482 -0.035471
v -0.161092 0.054228 0.049972
v 0.089920 -0.110956 -0.072357
v -0.162579 0.177836 0.053056
v 0.105682 -0.140797 0.128232
v -0.051586 0.179515 -0.111167
v -0.208191 0.199223 0.034277
v 0.124574 -0.145092 0.109281
v -0.156938 -0.092169 0.031437
v -0.063966 -0.079230 -0.105801
v 0.039337 -0.048283 0.155386
v 0.183242 0.214343 0.053790
v 0.186075 0.208444 0.054185
v 0.140513 -0.108129 -0.048173
v 0.173973 0.265879 0.014564
v 0.076976 -0.161417 0.154515
v 0.068432 0.181489 -0.113933
v 0.089625 -0.209799 0.144515
v 0.085621 -0.201149 0.149231
v -0.240970 0.193862 0.037510
v 0.137164 -0.141523 -0.065126
v -0.163472 0.126352 0.066705
v 0.080413 0.166522 -0.115883
v -0.090926 -0.018987 0.141531
v 0.315726 0.136717 -0.037114
v 0.005799 -0.037328 0.156161
v -0.150400 0.037678 -0.058016
v -0.072621 0.278244 -0.061520
v -0.076574 0.291214 -0.046296
v -0.123325 0.255969 -0.061505
v 0.255057 0.224360 0.024138
v 0.022163 -0.053481 -0.089912
v -0.115892 -0.120347 0.113641
v -0.102673 0.257808 0.018736
v 0.102539 -0.011812 -0.088777
v 0.100333 -0.002487 -0.084803
v -0.102801 0.085738 -0.106537
v 0.142312 0.246540 0.039813
v -0.241738 0.263069 -0.011250
v -0.178788 0.095892 0.018729
v -0.173407 0.091579 0.028246
v 0.012561 0.239318 -0.115920
v -0.159987 -0.030102 -0.020594
v 0.001550 0.132967 0.123719
v 0.115545 -0.038675 -0.084698
v 0.068954 -0.085836 0.153355
v 0.115364 -0.117075 0.114961
v 0.082686 0.008780 0.149578
v -0.059809 -0.113276 -0.091390
v 0.050031 -0.025517 -0.099550
v -0.051615 0.046528 0.150139
f 1 2 3
f 4 5 6
f 7 8 9
f 10 11 12
f 13 14 15
f 16 17 18
f 19 20 21
f 22 23 24
f 25 26 27
f 28 29 30
f 31 32 33
f 34 35 36
f 37 38 39
f 40 41 42
f 43 44 45
f 46 47 48
f 49 50 51
f 52 53 54
f 55 56 57
f 58 59 60
f 61 62 63
f 64 65 66
f 67 68 69
f 70 71 72
f 73 74 75
f 76 77 78
f 79 80 81
f 82 83 84
f 85 86 87
f 88 89 90
f 91 92 93
f 94 95 96
f 97 98 99
f 100 101 102
f 103 97 99
f 104 105 106
f 107 108 109
f 110 111 112
f 113 114 115
f 116 117 118
f 119 120 121
f 122 123 124
f 125 126 127
f 128 129 130
f 131 132 133
f 134 135 136
f 137 138 139
f 140 141 142
f 143 144 145
f 146 147 148
f 149 150 151
f 152 153 154
f 155 156 157
f 158 159 160
f 161 162 163
f 164 165 166
f 167 168 169
f 170 171 172
f 173 174 175
f 176 177 178
f 179 180 181
f 182 183 184
f 185 186 187
f 188 189 190
f 191 192 193
f 194 195 196
f 197 198 199
f 123 200 201
f 202 203 204
f 205 206 207
f 208 209 210
f 211 212 213
f 214 215 216
f 217 218 219
f 220 221 222
f 223 224 225
f 226 227 228
f 229 230 231
f 232 233 234
f 235 236 226
f 237 238 201
f 239 240 241
f 242 243 244
f 245 246 247
f 248 249 250
f 251 252 253
f 254 255 256
f 257 258 259
f 260 261 262
f 263 264 265
f 266 267 186
f 268 269 270
f 271 272 273
f 274 115 275
f 276 262 261
f 277 278 279
f 236 280 281
f 282 283 284
f 285 286 287
f 288 289 290
f 291 292 293
f 294 241 295
f 296 297 298
f 299 300 301
f 294 295 136
f 302 303 304
f 305 306 199
f 307 308 309
f 310 311 312
f 313 314 315
f 316 317 318
f 319 231 320
f 321 322 323
f 324 325 326
f 327 328 329
f 330 331 332
f 187 333 334
f 335 336 337
f 338 339 340
f 341 342 343
f 344 345 346
f 347 348 349
f 329 350 351
f 352 353 354
f 224 355 356
f 357 358 359
f 360 361 362
f 363 364 365
f 366 367 368
f 369 370 371
f 372 120 373
f 374 375 376
f 377 378 379
f 380 376 375
f 381 382 383
f 384 385 386
f 199 387 388
f 389 390 391
f 392 393 394
f 395 396 397
f 398 399 400
f 401 402 403
f 404 405 406
f 407 408 83
f 409 410 411
f 412 413 414
f 415 416 417
f 418 419 420
f 421 422 423
f 424 425 426
f 408 407 291
f 427 428 429
f 430 431 222
f 432 433 434
f 274 435 436
f 437 438 439
f 440 441 442
f 443 444 445
f 446 447 448
f 449 450 451
f 452 453 454
f 455 456 457
f 458 459 460
f 461 136 462
f 463 464 465
f 466 467 468
f 469 470 471
f 472 36 473
f 474 475 476
f 156 477 478
f 479 480 481
f 482 483 484
f 368 485 486
f 487 488 489
f 490 491 492
f 186 267 493
f 494 495 496
f 497 4 498
f 499 500 501
f 502 503 504
f 505 506 234
f 507 508 509
f 510 511 512
f 513 514 515
f 516 517 518
f 371 519 520
f 521 522 523
f 524 525 526
f 90 527 88
f 528 529 530
f 531 532 533
f 534 535 25
f 536 537 538
f 539 540 541
f 542 443 543
f 544 545 546
f 547 548 549
f 550 551 552
f 553 554 555
f 556 557 558
f 559 560 561
f 562 388 563
f 564 565 566
f 567 568 569
f 570 571 572
f 573 574 536
f 69 575 67
f 576 577 578
f 579 580 581
f 582 583 584
f 585 101 586
f 587 588 589
f 590 591 592
f 593 594 595
f 596 597 598
f 63 599 600
f 601 602 603
f 604 605 372
f 606 607 608
f 609 610 27
f 611 612 613
f 614 615 616
f 617 618 619
f 620 621 622
f 623 624 625
f 626 627 628
f 629 630 631
f 632 633 634
f 635 636 504
f 637 638 591
f 330 639 640
f 641 642 643
f 644 645 646
f 647 648 649
f 650 651 652
f 653 654 655
f 656 657 658
f 659 660 661
f 290 662 663
f 664 665 666
f 34 472 667
f 668 669 670
f 260 671 672
f 673 674 620
f 675 676 677
f 678 658 679
f 680 362 361
f 681 682 444
f 683 684 685
f 686 687 688
f 689 2 1
f 690 691 692
f 693 692 691
f 500 694 695
f 696 697 698
f 699 429 428
f 163 700 701
f 702 703 515
f 464 463 704
f 705 706 707
f 708 709 487
f 475 474 710
f 711 712 713
f 714 715 716
f 717 718 719
f 720 721 722
f 723 304 724
f 443 725 444
f 726 727 728
f 729 730 731
f 732 733 734
f 735 736 737
f 738 739 740
f 741 742 743
f 744 677 676
f 745 746 747
f 748 749 750
f 751 752 753
f 754 755 756
f 757 326 325
f 758 337 336
f 759 760 761
f 762 763 764
f 765 766 767
f 432 768 769
f 295 462 136
f 770 771 772
f 118 773 774
f 775 776 777
f 778 779 780
f 781 782 783
f 784 785 786
f 787 788 789
f 790 160 791
f 159 791 160
f 792 793 794
f 795 796 797
f 798 360 362
f 799 800 801
f 802 803 804
f 402 805 806
f 807 302 808
f 809 810 811
f 812 813 814
f 815 816 817
f 399 818 400
f 819 760 820
f 821 822 370
f 823 824 728
f 825 826 827
f 550 312 311
f 135 828 136
f 829 830 831
f 832 833 834
f 789 835 836
f 837 838 839
f 840 747 746
f 674 673 841
f 842 843 844
f 845 846 847
f 848 849 850
f 281 851 852
f 853 854 855
f 856 562 563
f 857 858 859
f 860 861 862
f 863 864 865
f 866 867 868
f 869 870 871
f 872 873 20
f 874 875 876
f 877 878 25
f 879 880 881
f 882 883 884
f 885 886 887
f 888 889 890
f 891 892 893
f 894 895 896
f 897 898 764
f 899 900 901
f 902 903 904
f 905 254 906
f 907 908 909
f 910 911 912
f 791 913 914
f 166 915 916
f 917 918 919
f 920 921 922
f 923 924 925
f 926 107 109
f 927 928 929
f 930 931 932
f 933 185 187
f 934 935 936
f 937 938 939
f 940 941 942
f 943 944 945
f 946 947 948
f 949 950 951
f 952 953 954
f 955 956 957
f 958 320 231
f 959 960 884
f 622 621 961
f 962 963 964
f 555 965 553
f 100 102 966
f 967 968 969
f 970 969 968
f 605 121 372
f 971 972 973
f 974 975 976
f 977 978 979
f 980 981 982
f 983 984 985
f 986 987 988
f 989 990 991
f 992 993 994
f 995 996 67
f 997 506 998
f 999 1000 1001
f 887 630 1002
f 1003 1004 1005
f 1006 1007 1008
f 1009 1010 1011
f 374 1012 375
f 1013 1014 1015
f 1016 1017 1018
f 383 1019 1020
f 841 1021 1022
f 176 1023 1024
f 1025 1026 1027
f 238 1028 1029
f 1030 1031 170
f 1032 771 1033
f 1034 1035 191
f 681 1036 1037
f 1038 1039 1040
f 1041 1042 284
f 860 1043 861
f 1044 1045 1046
f 1047 1048 1049
f 1050 999 1001
f 1051 1052 777
f 1053 636 1054
f 1055 1056 1057
f 1058 1059 1060
f 1061 1062 1063
f 212 232 1064
f 1065 1066 1067
f 556 1068 557
f 1069 1070 1071
f 1072 1073 1074
f 737 767 766
f 60 1075 1076
f 1077 1078 1079
f 1080 1081 1078
f 1082 88 109
f 1083 1084 1085
f 1086 486 1087
f 236 1088 280
f 1089 1090 230
f 1091 1092 633
f 1093 1094 1095
f 1096 1097 769
f 1098 1099 1100
f 1101 1102 1103
f 1104 73 75
f 1105 1106 509
f 322 1107 784
f 921 581 922
f 1108 227 1091
f 1109 1110 1111
f 1112 1113 1114
f 279 970 1115
f 1116 1117 1118
f 1119 1120 1121
f 1122 1123 1124
f 1125 1126 1127
f 1128 769 768
f 668 670 1129
f 1130 1131 640
f 1132 1133 1134
f 160 1135 158
f 999 1136 1000
f 1137 1138 1139
f 1140 1141 1142
f 894 1012 1143
f 1144 1145 1146
f 239 1147 1148
f 1149 1150 1151
f 1152 1153 1154
f 967 1155 373
f 1156 1005 1004
f 1157 1158 1159
f 1160 1161 653
f 833 1069 1162
f 1163 1164 1165
f 1166 1167 1168
f 1169 1170 497
f 1093 1171 1172
f 1173 1174 1175
f 1007 249 1176
f 1177 1178 1179
f 284 1042 282
f 1180 1181 1182
f 720 722 1183
f 1184 1185 252
f 1186 1187 1135
f 549 1188 1189
f 1190 1191 1192
f 214 1193 1194
f 1195 1196 1197
f 1198 1199 1200
f 82 84 1201
f 1202 1203 275
f 1204 1205 31
f 1206 1207 1208
f 1209 1210 1211
f 433 432 1212
f 1213 1146 1145
f 225 1214 1215
f 1216 274 1217
f 604 372 1218
f 1034 1219 1220
f 1221 1112 1114
f 1222 1223 1224
f 1225 1226 1227
f 1228 1229 1230
f 1231 1232 1233
f 1234 1108 1235
f 1236 1237 1238
f 1239 1240 1241
f 355 1242 719
f 1082 1243 735
f 687 1244 1245
f 1246 1247 1248
f 1249 1250 1251
f 1252 1253 1254
f 733 1255 734
f 182 1256 183
f 355 1257 1258
f 1259 1260 1261
f 1262 301 300
f 1263 1264 1265
f 1266 1189 1267
f 1268 947 1269
f 610 1143 374
f 45 44 118
f 1270 1271 1068
f 1272 1273 1274
f 1275 1276 1277
f 1278 1279 1280
f 1281 1282 236
f 1283 1284 1014
f 1285 1286 1199
f 1287 1288 1289
f 473 1290 1291
f 1292 460 459
f 1124 1293 1294
f 477 1295 478
f 1296 841 673
f 1297 1298 1299
f 970 1300 1301
f 1302 1303 1304
f 1305 1306 1307
f 1308 1309 1310
f 1311 1312 1313
f 1314 1315 1316
f 1317 1318 414
f 1319 1320 1321
f 1322 1323 1324
f 1325 1326 1327
f 116 118 44
f 1328 1329 1330
f 1331 1332 1333
f 1334 753 752
f 1335 1336 1337
f 747 377 745
f 637 1338 638
f 1069 1071 1162
f 1339 1340 1341
f 1342 1343 1006
f 1344 1345 1346
f 1347 1348 1349
f 1350 1351 1352
f 1353 286 285
f 1354 237 1355
f 1356 1357 495
f 1358 1359 1360
f 449 1361 1362
f 1363 131 1364
f 1365 1366 1367
f 1368 1369 1370
f 1371 1372 1373
f 1374 1375 1376
f 1377 1378 913
f 1379 1380 721
f 1381 1382 1383
f 1384 298 297
f 1385 1386 1387
f 1388 1389 1390
f 1391 1392 1393
f 1394 1395 1396
f 1397 1398 1399
f 1400 1401 1402
f 1401 1403 1402
f 1404 1405 1406
f 1407 1408 1409
f 742 1410 1411
f 1412 1289 43
f 1220 1413 1034
f 1414 1415 1416
f 1417 1418 1419
f 1420 1421 1422
f 1423 1424 1425
f 484 1425 1424
f 91 865 864
f 1426 1427 1428
f 1375 1374 1294
f 1313 1429 1430
f 1431 127 1432
f 1433 493 267
f 1434 1435 1436
f 1437 1438 1439
f 945 1440 1441
f 1442 1443 1444
f 1445 327 329
f 1446 1071 1070
f 891 893 1447
f 1448 1449 1450
f 1047 737 736
f 1451 1452 1453
f 1454 1455 1123
f 1456 1457 1458
f 675 677 1459
f 1460 598 1461
f 1462 269 1463
f 1464 1465 1466
f 755 1467 291
f 1468 1469 1470
f 1471 1472 1473
f 1254 893 892
f 594 1474 595
f 1053 1459 1475
f 1182 1476 1180
f 1223 1477 1478
f 1479 1480 1481
f 1482 653 655
f 1483 757 613
f 1484 1485 1486
f 1487 278 277
f 680 1488 1489
f 1490 1491 1492
f 505 998 506
f 1493 78 77
f 1494 1495 1049
f 1496 1497 1498
f 1499 1500 1501
f 185 933 266
f 473 1502 1290
f 1503 504 636
f 815 1504 1505
f 1506 1507 1508
f 1052 1509 777
f 1510 57 1511
f 1461 1512 1513
f 1514 1379 721
f 1515 1516 1517
f 1118 973 972
f 1518 1519 1520
f 1521 1522 1523
f 1524 1151 1525
f 197 1526 133
f 1527 1528 1529
f 1530 1531 1532
f 200 1533 1355
f 1534 1535 1536
f 1083 1402 1403
f 1046 132 1537
f 1538 1479 1539
f 1540 869 1541
f 1542 526 1543
f 1544 1545 1546
f 1547 1203 1548
f 1549 572 571
f 1550 72 1551
f 473 1291 1552
f 1553 426 510
f 1554 1555 1556
f 657 656 1557
f 1558 1479 1559
f 1560 1561 1562
f 1563 295 241
f 1429 462 295
f 1564 1565 1566
f 1567 440 442
f 1226 486 485
f 1568 602 1420
f 1569 1570 222
f 1571 1572 683
f 1166 1573 1574
f 1564 1298 1575
f 324 1576 1577
f 1578 1579 1580
f 1581 1582 1536
f 1583 1584 434
f 1404 1585 103
f 1586 534 1587
f 1588 1589 1590
f 1591 1349 1592
f 1593 1499 1501
f 1594 1595 1596
f 493 1387 1386
f 1597 1598 1599
f 1600 741 1601
f 1602 427 1603
f 1604 1605 1606
f 1607 1455 1454
f 1608 1609 359
f 1610 1611 1612
f 1613 1614 1615
f 1616 1227 1617
f 1485 1618 1486
f 1619 1620 1621
f 1622 419 1623
f 1624 1625 1626
f 1627 18 17
f 1628 1629 1630
f 1336 1631 1632
f 668 222 431
f 203 202 1633
f 190 1634 972
f 1261 1635 1259
f 1636 1637 1638
f 646 1639 1640
f 1641 1642 1643
f 1644 656 678
f 1645 1646 1647
f 1648 1044 1454
f 1649 1650 1651
f 1652 1302 441
f 1653 1654 1655
f 1048 1047 1656
f 1657 1658 1659
f 1660 1453 1661
f 1304 441 1302
f 122 1662 123
f 1663 1664 1665
f 1666 1667 1668
f 1669 1670 1671
f 1672 1673 1674
f 1675 151 1019
f 1676 1677 676
f 1678 1679 1680
f 1681 1682 1683
f 1684 1685 203
f 1382 954 953
f 1686 1687 1688
f 1689 1064 1690
f 1691 1692 1098
f 1693 1694 1695
f 1696 1697 1698
f 240 239 1148
f 1699 1700 1701
f 1702 1703 1704
f 171 1705 1706
f 1707 82 1708
f 1246 1248 1709
f 19 1710 1711
f 198 133 1712
f 1713 1714 1084
f 1715 1716 109
f 1716 1082 109
f 1717 1718 1719
f 1720 1721 927
f 1722 1723 1724
f 1725 1726 1727
f 1728 1729 1730
f 1731 1732 806
f 1099 1658 1733
f 1734 1735 1736
f 845 847 1737
f 1738 836 1739
f 1740 1741 1742
f 1743 1744 1745
f 1746 719 1242
f 1747 102 101
f 1748 202 204
f 461 134 136
f 1286 1749 1750
f 1375 1294 1751
f 1752 1753 1389
f 1754 1755 1756
f 1757 1222 1758
f 1759 1760 1761
f 1762 727 1763
f 288 1764 1765
f 1766 1767 991
f 1768 1769 471
f 1770 1771 1772
f 1635 1773 1774
f 1775 1776 1777
f 610 1778 27
f 1779 794 1780
f 1781 1782 1783
f 609 27 26
f 1784 994 993
f 1785 1786 1787
f 1536 1582 1788
f 1788 1789 1790
f 161 701 1791
f 1792 736 1243
f 1793 920 1794
f 944 1438 945
f 1795 1663 1665
f 1796 1797 1798
f 1799 1800 907
f 1801 1249 1802
f 1803 1804 1805
f 1806 1807 1808
f 1809 1810 1811
f 88 527 109
f 1495 767 737
f 1812 1813 1814
f 1815 479 1816
f 1817 241 240
f 1818 1819 1460
f 1820 1821 21
f 882 1822 1791
f 1823 1824 1825
f 1826 1027 1026
f 1827 1828 1829
f 1830 1831 533
f 1832 1766 990
f 1833 1834 1835
f 1836 1837 1748
f 1838 1839 1840
f 1841 1447 893
f 1842 1843 1844
f 639 1845 1846
f 1026 1025 1847
f 173 1848 1849
f 1850 1851 1852
f 1853 1854 1855
f 719 356 355
f 892 1252 1254
f 1856 891 1447
f 255 1857 256
f 1150 750 749
f 1858 1859 152
f 1860 1861 1862
f 330 332 639
f 1863 511 1864
f 1865 1866 1867
f 1868 1869 1870
f 393 392 1871
f 1872 1873 1874
f 836 1875 1739
f 1876 649 1877
f 720 1514 721
f 1878 1078 1081
f 1879 1880 1881
f 1882 1883 1884
f 1885 1886 1887
f 1888 1889 1890
f 1891 1294 1374
f 196 1133 194
f 1892 1893 1644
f 1894 1895 1139
f 1896 1224 1478
f 1897 650 1560
f 1898 13 15
f 1899 1900 6
f 1901 18 1902
f 1903 1904 1905
f 322 784 1906
f 1907 1908 1909
f 1910 935 1911
f 1912 1913 1914
f 1236 1238 1915
f 977 1916 126
f 1620 1324 1917
f 415 1918 1919
f 1920 1921 614
f 1568 1420 1922
f 1923 1924 1925
f 1926 1927 1196
f 584 1928 1929
f 976 1930 1931
f 1932 1746 1242
f 1933 1241 1240
f 1253 1934 1814
f 1935 1168 1167
f 1936 1320 1937
f 991 1938 989
f 1939 1940 1941
f 1942 1337 1336
f 1943 1140 1142
f 1944 1080 1077
f 1945 1946 1947
f 1948 1949 1950
f 1571 683 1147
f 1359 566 565
f 1951 1235 1952
f 455 1953 110
f 1439 1954 1955
f 1956 1957 1958
f 1959 1960 1961
f 1962 1963 1964
f 1965 1966 1967
f 1968 1836 204
f 1969 1185 1970
f 1971 1972 184
f 1255 1973 734
f 1974 1975 1976
f 1946 1977 1947
f 1978 1979 1980
f 1420 1422 1981
f 1982 1983 923
f 1984 1985 1986
f 140 1987 141
f 1988 1989 1990
f 1 1062 1061
f 1991 1992 1993
f 1994 679 1995
f 1996 5 1997
f 1998 1999 2000
f 969 2001 967
f 2002 2003 2004
f 2005 1053 2006
f 2007 2008 2009
f 2009 2008 311
f 1197 1196 1927
f 2010 1704 1703
f 312 2011 310
f 145 2012 604
f 1361 121 2013
f 1660 339 2014
f 685 2015 1497
f 2016 75 2017
f 908 907 1800
f 2018 2019 2020
f 2021 2022 594
f 107 2023 2024
f 580 579 2025
f 2026 2027 1875
f 2028 1777 917
f 2029 670 194
f 2030 638 1338
f 2031 482 484
f 375 2032 380
f 2019 2033 2034
f 2035 2036 2037
f 1813 1812 298
f 1684 1336 1335
f 2038 595 2039
f 2038 1562 2040
f 1585 2041 103
f 2042 2043 2044
f 1607 1537 1455
f 826 825 2045
f 2046 871 870
f 2047 589 2048
f 1698 1273 2049
f 834 454 832
f 1804 2050 2051
f 2052 2053 2054
f 1892 2055 2056
f 2057 2058 2059
f 1621 1917 2060
f 2061 2062 2063
f 2064 852 2065
f 2066 2067 2068
f 450 2069 2070
f 2071 2072 2073
f 2074 2075 907
f 2076 2077 2078
f 1869 1523 2079
f 295 2080 1429
f 1444 1772 2081
f 2082 2083 2084
f 275 435 274
f 2085 2086 2087
f 2088 2089 2090
f 537 536 574
f 2091 2092 1477
f 1939 1941 2093
f 2094 1827 2095
f 2096 2097 2073
f 13 2098 2099
f 2100 2101 2102
f 147 2103 2104
f 388 305 199
f 2105 1552 2106
f 2107 2108 1777
f 2109 2110 245
f 2111 603 602
f 2112 2113 2114
f 2080 295 1563
f 669 194 670
f 2115 2116 2117
f 2118 2119 2120
f 2121 2122 2123
f 2124 2125 2126
f 2127 2128 2129
f 329 2130 1445
f 1709 2131 1246
f 805 1731 806
f 2132 2133 2134
f 201 2016 123
f 63 600 61
f 2135 2136 2137
f 2138 2139 1760
f 1497 2140 2141
f 1184 2142 38
f 1672 1052 1673
f 2143 2144 2145
f 2058 2146 2147
f 552 2148 412
f 2149 2150 2151
f 1403 902 904
f 1004 2152 2153
f 633 1092 634
f 1935 2154 119
f 2155 719 1746
f 2156 2157 2158
f 2159 2160 2161
f 3 2162 798
f 2032 1144 1146
f 1741 1232 2163
f 1593 2164 2165
f 558 557 2166
f 2167 2168 2169
f 2170 983 2171
f 2172 997 2173
f 502 303 2174
f 2175 2176 2177
f 1794 2178 2179
f 2180 193 192
f 439 2181 2182
f 2042 2044 2183
f 2184 2185 2186
f 187 2187 1507
f 2188 277 2189
f 2190 2191 2192
f 2193 2194 2195
f 2196 48 1055
f 2197 390 689
f 386 2198 606
f 1429 2199 1430
f 1495 1494 2200
f 203 713 1684
f 2201 2202 64
f 2203 2204 1221
f 895 1103 896
f 268 343 342
f 2205 2206 2207
f 2208 1081 2209
f 2210 2211 2212
f 2213 2214 942
f 546 1837 2215
f 2216 985 984
f 2217 417 416
f 2085 2218 342
f 2219 2220 1411
f 1282 226 236
f 1483 613 612
f 2221 2222 2223
f 2224 2225 2226
f 2227 1284 2228
f 2229 2230 2231
f 2232 2233 2234
f 862 2235 2236
f 860 862 2236
f 596 2237 2238
f 1140 2239 2240
f 2104 2241 2242
f 2243 2244 91
f 2245 193 2180
f 1601 741 743
f 2246 1360 1359
f 713 2247 711
f 2248 2249 1659
f 2250 2251 2252
f 2253 48 47
f 2254 2255 609
f 1936 2256 1767
f 460 2257 458
f 2258 911 2259
f 2260 2261 2262
f 2263 1528 2264
f 2265 2266 465
f 2267 2268 2269
f 128 2270 2271
f 1912 2272 1484
f 1646 2273 1647
f 1013 2274 1283
f 61 2275 2276
f 2277 2278 2279
f 250 1007 1006
f 2280 2281 272
f 634 1282 2282
f 2283 2284 2285
f 2286 1631 711
f 828 2287 2288
f 1860 2289 1094
f 355 1258 1242
f 2290 2291 1800
f 1847 2292 2293
f 2294 2295 2296
f 2145 2144 2297
f 2298 535 2299
f 2215 1837 1836
f 430 222 221
f 2300 1963 1962
f 2301 2302 1704
f 1104 988 73
f 263 2303 2304
f 1943 2305 2306
f 2307 533 2308
f 1971 2268 2309
f 2310 2311 2312
f 2313 155 157
f 2314 2315 2316
f 1082 89 88
f 2317 73 988
f 1079 2318 2319
f 1242 2320 2321
f 2322 2323 2324
f 143 2325 1891
f 2326 581 954
f 2327 2328 2329
f 2330 2331 35
f 2332 1518 2333
f 2334 1989 2335
f 2008 2336 1697
f 1264 2337 1265
f 2180 2338 2339
f 1495 2200 767
f 861 2340 862
f 2341 2342 2343
f 1501 2344 142
f 914 2345 2346
f 937 1515 1517
f 2347 380 1213
f 2348 849 2349
f 2350 1856 2351
f 2352 247 246
f 758 336 2353
f 1761 1760 2139
f 1623 418 2354
f 1966 881 880
f 1767 1766 2355
f 2356 2357 1245
f 2358 2359 2360
f 2361 1982 923
f 1239 2362 2363
f 2364 2365 2366
f 620 2367 621
f 2136 2135 2368
f 2369 2370 2371
f 78 1841 2372
f 965 2373 1263
f 2374 2375 2376
f 1618 453 452
f 2377 2378 2379
f 2380 2381 2382
f 1428 2383 2384
f 111 475 1444
f 2385 2386 2387
f 2388 961 1504
f 1035 1034 1413
f 2389 1348 1347
f 2390 2391 1876
f 2392 2393 1332
f 2394 2395 1254
f 1906 2396 2397
f 2398 2236 2399
f 1909 2400 1907
f 2401 2402 2403
f 2404 2405 2406
f 1126 1125 2407
f 1252 2408 1253
f 58 844 843
f 2409 2410 1496
f 2411 2412 1881
f 2413 1848 2414
f 2415 580 2025
f 1481 1559 1479
f 574 2416 537
f 2417 365 2331
f 139 2418 137
f 2419 2420 2361
f 2421 2422 2423
f 2424 1136 2425
f 1789 2426 2427
f 393 2428 394
f 346 345 2429
f 2430 2431 2432
f 2433 2434 1743
f 221 2435 2436
f 2437 2438 2439
f 2440 839 2441
f 136 828 294
f 765 124 2442
f 788 809 811
f 2443 2444 2445
f 2446 722 721
f 2447 2448 2449
f 2442 766 765
f 1247 1758 1896
f 1126 96 262
f 2450 2451 1255
f 2452 2453 1955
f 515 2454 2455
f 527 926 109
f 2456 257 2457
f 2458 2054 2053
f 2459 2460 2461
f 2462 53 2463
f 728 727 823
f 2464 2465 987
f 2466 621 2367
f 2467 2468 1612
f 2118 1156 2469
f 2136 377 379
f 2288 294 828
f 294 2288 239
f 2470 559 2231
f 2471 2033 2472
f 1745 2473 2433
f 2474 305 856
f 1722 808 302
f 398 2475 2476
f 1412 2477 2478
f 2479 62 2480
f 2481 2482 2294
f 2483 1546 2061
f 2484 2182 2181
f 2485 1142 2486
f 2487 1823 2488
f 2489 2490 2491
f 2153 2492 2493
f 1938 991 2494
f 1578 1580 414
f 2495 2496 208
f 1376 2497 810
f 2498 2499 1592
f 2135 2137 296
f 2500 667 499
f 2501 275 1203
f 2502 2503 2438
f 2504 2505 1105
f 2506 2507 2508
f 2509 2510 2511
f 1124 1891 2325
f 1379 2512 2513
f 2514 2515 2516
f 2517 151 2518
f 2321 1932 1242
f 2519 491 2520
f 2521 2522 2523
f 356 2524 224
f 2525 2526 1396
f 2527 2528 2529
f 401 430 2530
f 2531 2156 92
f 2036 228 2037
f 1198 1200 1929
f 1793 2532 2533
f 2534 2535 2536
f 1102 1570 1103
f 931 2537 932
f 69 966 102
f 825 934 936
f 2538 2539 2540
f 2541 2542 2543
f 1280 2544 2545
f 2546 628 2547
f 1917 1621 1620
f 2548 234 506
f 2549 1124 2325
f 776 2550 777
f 2551 1995 679
f 1876 2552 647
f 2553 2517 2554
f 760 819 2555
f 2556 2129 2557
f 2558 2559 2560
f 1423 2426 2561
f 703 2454 515
f 806 403 402
f 2562 2563 2564
f 2180 192 2565
f 2566 2567 2525
f 2568 2569 2119
f 1664 2570 2571
f 2572 1513 1512
f 2336 2008 2573
f 547 549 2574
f 1415 165 2575
f 2492 2152 2576
f 815 2577 816
f 2295 2294 2482
f 2578 2427 1425
f 2579 531 533
f 1969 1970 611
f 2580 1096 652
f 2581 2582 2450
f 2583 2584 2585
f 2586 2587 2164
f 2588 2589 1875
f 2590 2591 2592
f 2593 1605 1867
f 1977 2594 2595
f 1656 736 1792
f 1654 1854 2596
f 1866 2315 1711
f 2585 2400 1909
f 2597 2598 2599
f 2600 2601 2602
f 2103 2241 2104
f 2603 2604 1493
f 2187 186 493
f 2605 2606 2607
f 2446 2608 722
f 2609 1183 2147
f 1118 1634 1116
f 1864 1732 446
f 2610 2611 361
f 1114 2203 1221
f 2612 2613 2282
f 2613 632 2282
f 2614 2615 2616
f 2617 2618 2606
f 205 2619 206
f 2393 2290 2620
f 2621 2622 2623
f 160 1600 1135
f 2624 1708 2625
f 2626 2627 2628
f 2629 2630 832
f 1616 1617 2631
f 1088 236 2632
f 2633 2634 984
f 1885 2635 2636
f 2637 2638 2639
f 2640 2641 2642
f 2643 856 563
f 2644 2645 2646
f 2246 1359 565
f 2150 2647 1975
f 2647 598 1975
f 2648 726 728
f 2649 596 598
f 2442 90 89
f 2069 2650 2651
f 2583 2585 409
f 2431 2430 2169
f 977 979 1916
f 2652 2653 2602
f 741 2654 742
f 63 62 531
f 2655 2656 462
f 2656 461 462
f 858 2008 2007
f 186 185 266
f 2355 1320 1936
f 2657 2658 2659
f 2660 2661 2662
f 1303 2663 1304
f 994 592 2664
f 746 1934 840
f 393 1871 2665
f 2666 2667 2556
f 1258 2320 1242
f 1675 2668 149
f 2094 2669 2670
f 2671 2672 1424
f 1905 2673 2674
f 1009 2077 950
f 1202 115 114
f 2675 264 2676
f 2677 2678 1464
f 1716 2679 1410
f 2680 2681 2682
f 364 36 35
f 2490 1266 2683
f 2684 2685 2686
f 2611 2687 1900
f 2688 2689 666
f 1160 2690 1702
f 276 2691 1927
f 2006 2291 2692
f 2693 2694 2695
f 2696 2403 1008
f 2697 766 2442
f 2698 2441 2699
f 493 2700 2187
f 2140 1968 2141
f 2701 2702 2703
f 2141 1498 1497
f 2704 2705 2706
f 2624 1707 1708
f 2707 901 2708
f 2709 1698 550
f 2710 2711 1907
f 583 1928 584
f 2712 545 2713
f 285 2714 2715
f 327 1445 2716
f 2717 2367 2718
f 1788 1790 1534
f 2719 2023 926
f 2720 2721 998
f 2722 2427 2723
f 2504 2724 1608
f 2725 2726 2727
f 1331 2728 1332
f 2729 679 658
f 1903 2730 219
f 2731 2732 2733
f 2214 2024 2023
f 677 2734 2735
f 307 2736 308
f 2737 809 788
f 2406 2738 2404
f 2323 2739 2740
f 1831 2228 2741
f 2742 1543 2743
f 971 973 87
f 2744 2745 2746
f 2747 2748 2749
f 2750 2751 1627
f 709 2752 2753
f 215 2754 2755
f 120 2154 967
f 2756 1776 909
f 2757 1611 2758
f 2759 2760 1083
f 1765 289 288
f 2761 2762 2763
f 2764 2548 506
f 2765 2766 2767
f 2768 2769 2770
f 1773 1635 2771
f 707 2772 705
f 2773 1236 2774
f 1448 1852 1851
f 2775 2362 2776
f 1552 667 472
f 1286 2777 2100
f 2778 2041 1585
f 2779 2276 2275
f 26 2254 609
f 1763 57 56
f 2780 2284 2781
f 2782 2783 2784
f 2785 1091 2347
f 2786 2316 2740
f 2301 2787 2788
f 789 836 787
f 2789 2790 1493
f 181 2791 179
f 2792 2793 2794
f 2795 648 2796
f 396 912 2797
f 1683 1110 1109
f 1725 1111 1110
f 2798 2799 2800
f 811 2801 2802
f 2803 1230 1229
f 2768 2804 2805
f 2806 2807 2808
f 1287 2809 2810
f 2373 1051 1263
f 2811 390 2197
f 2812 2813 2814
f 2815 363 365
f 527 90 74
f 822 821 2816
f 2817 691 2818
f 489 2819 2596
f 2279 2278 2820
f 2821 2822 2823
f 1841 78 1493
f 2824 2825 2826
f 2827 2290 1800
f 498 1900 2828
f 908 2291 2006
f 2829 1513 2830
f 1588 2831 2832
f 2833 2266 2265
f 2834 2044 2043
f 1526 131 133
f 1549 2835 2836
f 2837 2838 47
f 1746 2836 2835
f 1332 2839 1333
f 2840 2841 2842
f 2029 194 1133
f 2843 970 1301
f 278 2001 969
f 2303 263 2844
f 2845 2846 2847
f 2848 2849 2850
f 1632 2851 1393
f 2003 2852 2004
f 2853 2854 2855
f 2856 1130 2857
f 1815 2858 336
f 2859 2860 2861
f 15 2862 2863
f 2162 3 2
f 53 2462 2864
f 2115 2566 2865
f 2604 2337 1264
f 1872 2866 2867
f 870 2138 2046
f 1938 2868 989
f 2869 1954 2870
f 1043 2871 1782
f 2872 1123 1455
f 591 2873 2874
f 2474 2875 2876
f 625 1808 1807
f 678 2877 1644
f 2878 2879 265
f 2880 2881 2551
f 742 1411 743
f 2028 2882 1940
f 2883 2884 2885
f 2873 2308 2874
f 2886 2887 2888
f 2244 879 2531
f 2638 652 1096
f 2889 901 900
f 479 1815 335
f 2890 521 523
f 1496 2410 1497
f 1636 2891 1897
f 2892 2893 2894
f 2895 2335 2896
f 2577 661 660
f 2897 2592 2591
f 2898 2899 1447
f 2900 1039 1011
f 2035 1317 2036
f 1197 1927 2691
f 2901 2902 2903
f 1810 2041 1811
f 1347 1591 2363
f 2145 2904 2143
f 1601 1135 1600
f 1045 2905 2906
f 2906 1712 1045
f 631 2907 629
f 2908 1333 2839
f 2442 89 2697
f 89 1082 2697
f 2909 2910 2911
f 2912 2913 306
f 2914 2915 2916
f 2917 2918 2919
f 2920 851 2921
f 2922 2536 652
f 2923 2924 2925
f 2926 1055 2927
f 2856 1544 2928
f 1536 1535 2617
f 2318 1078 1878
f 687 1077 1079
f 10 12 2929
f 1563 2930 2080
f 2141 1337 1498
f 1942 1336 1632
f 460 1292 2129
f 2219 1411 1715
f 1576 326 2931
f 2932 1238 2763
f 2933 1780 794
f 2934 2106 2704
f 2935 2936 2937
f 1932 2321 2938
f 2939 1541 2940
f 1406 1405 2941
f 1980 2942 1292
f 2943 2944 2945
f 2946 2947 2948
f 1181 139 2949
f 1275 2950 964
f 2554 2951 2553
f 2952 345 2953
f 2954 350 328
f 722 2608 2147
f 2955 2864 2462
f 2956 1426 2957
f 2391 2958 2959
f 2046 2138 2960
f 2961 2962 2963
f 2759 396 2760
f 2964 2965 1719
f 1022 2966 2718
f 2967 388 387
f 332 860 639
f 2968 2969 2676
f 2970 2623 2399
f 2399 2235 2970
f 2971 2972 2960
f 687 1245 1077
f 2291 908 1800
f 2973 821 2974
f 2292 1847 1025
f 1870 1869 2975
f 2976 1736 1735
f 2977 568 288
f 2978 2093 1941
f 2979 8 2980
f 1384 2981 2595
f 2982 2983 2984
f 1634 1874 2985
f 587 2986 2987
f 968 1935 970
f 2780 2988 2989
f 2832 2990 2991
f 1507 1506 2992
f 1929 2993 1198
f 2607 2994 2605
f 2995 2266 1947
f 2996 1395 2997
f 2259 129 2271
f 2998 2999 349
f 3000 3001 2225
f 2815 3002 3003
f 3004 2867 2866
f 2509 1476 1182
f 2625 2670 3005
f 1437 2453 2725
f 2088 3006 3007
f 1393 2851 3008
f 637 591 3009
f 3010 1611 2060
f 3011 3012 3013
f 3014 3015 3016
f 797 3017 795
f 3018 3019 1986
f 2124 192 250
f 2049 2320 551
f 3020 3021 2483
f 3022 3023 2211
f 1235 3024 3025
f 3026 2776 2877
f 1112 1221 3027
f 763 3028 3029
f 2439 1916 3030
f 2502 2437 1419
f 2233 923 3031
f 3032 3033 1673
f 3034 3035 2240
f 1539 3036 2015
f 2868 3037 3038
f 843 59 58
f 3039 3040 2132
f 1433 2543 2542
f 1895 1137 1139
f 905 3041 3042
f 1108 3043 227
f 3044 2511 3045
f 883 1791 701
f 3046 390 389
f 2090 3006 2088
f 2303 3047 2304
f 1653 1854 1654
f 1399 1398 3048
f 624 799 1808
f 2238 2572 1512
f 2572 2238 1274
f 2207 2907 3049
f 204 1685 1968
f 3050 2858 1815
f 3051 1239 1241
f 790 1944 1077
f 788 2802 789
f 1385 3052 2663
f 3053 2601 3054
f 3055 1881 1880
f 1872 2989 2988
f 1103 1129 3056
f 2788 2126 3057
f 3058 1031 3059
f 3060 2980 1731
f 799 624 2297
f 1593 142 94
f 3061 2171 3062
f 3063 2375 2374
f 2290 2827 2620
f 2502 2746 2745
f 450 1573 1166
f 26 2298 3064
f 1193 2991 2990
f 3065 2916 2915
f 3066 3067 3068
f 3069 3070 1729
f 3071 3072 3073
f 3074 3075 747
f 2971 2960 1851
f 1852 1714 1850
f 3076 3077 2186
f 3078 1027 1826
f 3079 3080 3081
f 1785 3082 3083
f 3084 1907 2711
f 734 3085 1020
f 842 3086 2684
f 3087 3088 3089
f 3090 2329 2328
f 3091 3092 3093
f 3094 886 3095
f 3096 797 796
f 2944 618 3097
f 3098 1890 3099
f 2181 439 438
f 2399 2236 2235
f 3100 2725 2727
f 3101 1161 802
f 2037 228 227
f 2586 2407 3102
f 3103 3104 3105
f 1580 2632 235
f 235 2632 236
f 2998 3106 2999
f 2356 2216 741
f 2029 3107 670
f 1976 3108 2313
f 2401 352 3101
f 3109 3110 654
f 3111 3112 2032
f 1362 3113 2650
f 1276 3114 1277
f 3115 3116 1575
f 3117 2386 524
f 1731 447 1732
f 3118 2170 3119
f 2841 3120 2421
f 3121 3122 1344
f 3123 2022 1225
f 3124 3125 436
f 1558 1539 1479
f 632 634 2282
f 249 1007 250
f 768 432 1584
f 3126 3127 1159
f 1267 1189 1188
f 3128 2836 3129
f 1990 543 2926
f 3130 2757 2758
f 567 3131 2731
f 1252 892 2537
f 3132 1699 1701
f 1027 3078 3133
f 1448 1172 3134
f 1237 2084 2083
f 925 3031 923
f 1176 3135 1127
f 1560 1562 2038
f 1685 204 203
f 1685 1684 1335
f 2086 590 592
f 2078 2673 2076
f 1708 1201 1828
f 3136 1955 1954
f 1923 2646 2645
f 2372 3137 78
f 893 2372 1841
f 3138 2376 2375
f 2376 786 2374
f 3139 2642 367
f 3140 3141 3142
f 3143 1680 2743
f 3033 1860 3144
f 2675 2543 266
f 3145 189 3146
f 1493 2790 1841
f 2790 1447 1841
f 1884 2363 2362
f 2841 2421 2842
f 2429 3147 3148
f 3149 2519 340
f 3150 3151 3152
f 3153 2796 2002
f 2866 1872 1874
f 1547 1548 1609
f 2781 3154 2988
f 138 2949 139
f 445 444 682
f 609 1490 1492
f 598 1460 1975
f 1460 1819 1975
f 3155 24 23
f 2346 3156 1944
f 1858 3157 2134
f 3104 3158 3105
f 3138 2639 3159
f 3160 2182 3161
f 2123 1531 3159
f 535 2298 25
f 1279 1278 750
f 1080 3162 1081
f 1244 985 2356
f 1369 1368 3163
f 3164 3165 468
f 3166 1964 3167
f 3168 3169 3170
f 709 3085 1973
f 901 2707 899
f 795 2778 1585
f 237 201 200
f 3171 3168 1326
f 3172 3173 2578
f 3174 3175 3031
f 815 817 1504
f 297 296 2925
f 2692 2392 2005
f 3176 3177 467
f 3178 3179 3180
f 3181 3182 2176
f 458 1033 3183
f 202 1748 2044
f 3184 2341 2343
f 2768 1773 2804
f 3185 487 1853
f 2682 2448 2055
f 3186 307 309
f 989 3187 3188
f 1999 3189 2000
f 107 2024 108
f 361 1899 6
f 3190 3191 1259
f 3192 3193 2784
f 3194 941 1681
f 2753 3195 3196
f 2570 3112 3197
f 1843 1842 1931
f 3090 2328 3198
f 2068 2067 448
f 446 1863 1864
f 3199 2186 3077
f 3200 1411 2220
f 809 2737 3201
f 969 279 278
f 411 3202 2840
f 2581 732 3203
f 1677 3204 676
f 2891 3205 3206
f 3207 1162 1071
f 1406 3208 1350
f 1715 109 108
f 214 2515 3209
f 3210 3211 3212
f 3050 221 220
f 2648 728 3213
f 3214 3215 3216
f 3183 3217 3218
f 2869 3219 3220
f 3221 209 3222
f 3223 3224 3225
f 1838 2137 379
f 2445 1290 1502
f 159 913 791
f 378 2623 2970
f 2375 1562 1561
f 367 1471 1473
f 3226 3227 3228
f 2266 3229 463
f 3230 3206 3205
f 3128 2714 572
f 1357 3231 495
f 1360 1105 509
f 3197 3232 3107
f 3233 1089 3234
f 1892 3235 2055
f 3236 550 552
f 2063 3237 2446
f 3238 2210 3239
f 3240 730 3241
f 3242 2639 2638
f 3243 868 692
f 3244 3245 2215
f 2786 2740 2739
f 2288 3246 1147
f 2990 3247 3248
f 2945 1688 3249
f 296 2368 2135
f 2622 2398 2623
f 3183 1033 771
f 3250 2360 3251
f 3252 3253 2549
f 2273 1646 3254
f 312 1318 2011
f 1794 3255 3256
f 2798 2211 3023
f 1718 1204 1719
f 3152 2600 855
f 1433 3257 1387
f 104 3258 105
f 1669 1671 1291
f 3259 3174 3260
f 234 1330 505
f 3151 3261 3152
f 3079 3262 3263
f 3264 1126 262
f 850 3265 848
f 3266 504 503
f 3267 2614 2576
f 3268 3269 2261
f 650 652 2638
f 1096 3242 2638
f 772 3106 770
f 3270 2508 2507
f 491 490 3271
f 3230 3205 1616
f 3272 1930 976
f 2657 2435 1816
f 671 141 1987
f 957 1309 2879
f 3273 3274 3275
f 3276 964 963
f 2017 123 2016
f 3277 1763 727
f 2345 1378 1058
f 2532 1793 1794
f 3278 467 3177
f 3164 3279 3165
f 3280 31 1205
f 18 2322 2324
f 2910 3281 2911
f 3231 1357 2721
f 3282 2884 3131
f 1729 1346 3283
f 1531 2194 3284
f 427 3285 428
f 3286 1859 1858
f 2728 724 2005
f 2100 2102 1749
f 3287 3288 929
f 2056 2055 2448
f 827 826 830
f 1047 1049 737
f 3289 3290 3291
f 3292 3293 3294
f 2341 1811 2342
f 311 310 2009
f 3295 183 1256
f 373 1218 372
f 1219 1034 191
f 2546 626 628
f 3025 1213 1145
f 737 766 735
f 2561 1788 1582
f 958 2930 3296
f 3296 3297 1646
f 934 3298 935
f 3299 3300 857
f 927 929 1720
f 1734 3301 1735
f 790 1077 1245
f 2423 1457 2421
f 2187 2700 1508
f 2649 598 2647
f 3302 2603 2474
f 2968 2730 1903
f 3247 2832 3303
f 1860 3033 3032
f 1778 376 632
f 3304 3305 3306
f 3047 2730 2304
f 3307 3159 1531
f 3308 3309 2087
f 3310 3209 2515
f 2712 546 545
f 3311 2376 3307
f 1008 1342 1006
f 3312 3313 3314
f 2824 3315 2825
f 1246 1757 1758
f 2963 1837 2961
f 1228 1230 3316
f 716 1603 714
f 2255 2254 2868
f 2723 351 1992
f 3317 3318 3319
f 2656 2655 3320
f 3321 3322 3323
f 3324 659 616
f 997 2172 3325
f 3326 607 3327
f 3064 2254 26
f 3328 2513 2512
f 2687 2828 1900
f 3316 3329 1228
f 3046 3330 3331
f 1089 230 229
f 3332 2488 2173
f 777 3333 1051
f 2263 3334 3335
f 361 6 680
f 3328 71 70
f 3296 2930 3297
f 3336 987 3042
f 758 1490 2255
f 1490 609 2255
f 2570 2539 2538
f 3337 2748 492
f 3338 3339 2241
f 1353 285 3340
f 121 3341 119
f 45 118 2477
f 1025 1027 3133
f 1314 811 810
f 2931 80 1576
f 421 1828 1201
f 3342 9 3343
f 25 27 877
f 1896 3000 1247
f 2010 2301 1704
f 1648 3344 2738
f 916 915 3345
f 2128 2557 2129
f 3042 940 942
f 2774 3346 3347
f 3348 2455 2454
f 3349 854 3350
f 3070 1730 1729
f 3351 3352 3353
f 3354 2934 148
f 3355 751 753
f 248 191 1035
f 1798 1797 3356
f 1250 328 1251
f 3357 667 1552
f 667 2500 34
f 3358 1909 1908
f 379 2137 2136
f 3248 3359 3360
f 3361 2104 2242
f 695 845 1737
f 945 3362 943
f 2781 3363 2088
f 1912 1914 2606
f 2813 3251 2814
f 1119 344 1120
f 2396 3364 1693
f 3137 76 78
f 1258 3365 2320
f 557 1068 1271
f 3032 1673 1051
f 3366 3367 3368
f 1616 3205 1227
f 1617 485 3369
f 3370 3371 3353
f 3372 182 184
f 369 1408 3170
f 1494 3373 3374
f 3375 3376 2535
f 3042 942 3377
f 3378 3379 3380
f 143 1891 144
f 1783 811 3381
f 2249 3382 1733
f 2573 857 3300
f 52 3383 3384
f 3385 3386 3387
f 2280 3388 3389
f 664 1456 3390
f 1075 2661 1076
f 2547 3391 2546
f 1343 2302 3057
f 3392 3393 2476
f 1063 847 1061
f 2627 3394 3395
f 1001 2927 1050
f 443 445 3396
f 3397 2985 1874
f 1766 1832 2355
f 2878 3398 957
f 2433 1651 1950
f 2505 1608 358
f 226 228 235
f 3241 730 3399
f 3400 3401 1942
f 56 3402 1763
f 416 1919 3403
f 3404 1486 452
f 169 3405 167
f 31 33 3406
f 3061 3027 1221
f 3407 3408 3409
f 3410 3411 553
f 1 2197 689
f 2672 3412 3413
f 3134 1172 1171
f 3135 1035 1127
f 3158 1642 3105
f 3414 1581 2617
f 1215 3415 413
f 3396 543 443
f 205 2251 1389
f 3416 3417 2206
f 3418 3419 3035
f 3341 1168 119
f 1170 3420 497
f 3421 3422 357
f 3423 3424 3425
f 1379 2513 437
f 1028 1847 1029
f 3426 748 1278
f 3122 665 301
f 3427 2382 3428
f 214 3209 215
f 3429 1307 1306
f 1421 1420 602
f 3430 3431 1849
f 1451 2014 3345
f 1119 3432 3433
f 1202 1548 1203
f 172 3434 2820
f 1039 1038 1011
f 312 550 3236
f 2400 3435 1907
f 218 217 3436
f 1399 1981 1422
f 3437 2880 2551
f 2151 2658 3438
f 3439 3440 3330
f 762 898 3441
f 2915 1003 1005
f 1087 3442 3443
f 3288 3444 1720
f 551 550 1698
f 2855 3445 2853
f 333 187 1507
f 3446 3447 3448
f 2366 3449 615
f 3450 1896 1478
f 1969 611 2174
f 1483 3451 2931
f 3288 1879 3452
f 3439 391 3453
f 532 2308 533
f 905 3042 2465
f 3269 3454 3455
f 359 358 1608
f 3456 3457 139
f 3320 461 2656
f 3458 3459 838
f 1442 2081 3460
f 3401 1498 1942
f 3396 3461 2196
f 3133 2686 1025
f 3055 830 826
f 355 224 1257
f 718 2524 356
f 3462 3463 1117
f 3464 2237 2938
f 3465 439 1380
f 1274 2238 1272
f 1103 1570 1129
f 2274 1013 1015
f 3466 2274 3467
f 229 3234 1089
f 3468 3469 3470
f 455 112 456
f 3471 2240 2239
f 3472 2225 3001
f 821 3332 2173
f 3473 3474 2925
f 3475 3476 928
f 3477 3478 3479
f 3480 2812 2814
f 3481 903 3482
f 2679 1411 1410
f 3483 3198 876
f 3089 3484 3485
f 3455 3486 1169
f 592 994 1784
f 3487 2096 2073
f 2928 2027 835
f 2650 3488 3489
f 3490 3228 3491
f 3492 3228 3227
f 1319 1937 1320
f 846 2242 2813
f 2608 3237 2058
f 2059 2058 3237
f 3056 1129 670
f 1498 3401 1496
f 3493 215 3494
f 1718 1717 3495
f 2971 3496 3497
f 3498 1756 1755
f 205 1389 1753
f 2511 3044 1476
f 1643 3196 3195
f 2104 148 147
f 371 370 822
f 3499 2273 3254
f 3397 3500 2985
f 3501 3502 3503
f 3504 1290 2445
f 2445 2712 3504
f 1646 3297 3254
f 2910 1668 1396
f 3505 3373 520
f 1954 3506 3507
f 3508 1260 195
f 1489 501 1737
f 3509 3510 3511
f 2035 2037 3512
f 1622 3513 2553
f 1365 3514 347
f 575 3515 67
f 3516 3007 3006
f 1082 735 2697
f 2697 735 766
f 499 1996 2330
f 3517 346 3518
f 3422 3519 357
f 2739 3520 2786
f 1330 234 233
f 2895 1001 1000
f 3521 3349 3350
f 3522 3523 3524
f 2178 922 2179
f 1019 383 1675
f 284 283 1231
f 3525 282 1042
f 3526 2166 557
f 3527 481 1937
f 3528 2011 3529
f 3530 1965 2297
f 964 1276 1275
f 1863 512 511
f 3286 2133 3531
f 3532 3533 3534
f 1564 1566 3535
f 3063 2040 1562
f 754 423 422
f 94 142 141
f 55 3536 3537
f 3538 3129 2836
f 2352 246 3539
f 1985 3018 1986
f 3018 1985 318
f 2461 3306 1667
f 1867 1605 3540
f 3541 3542 1887
f 1925 1924 3543
f 2893 3421 357
f 3363 2781 2284
f 1684 713 712
f 3544 1371 1005
f 1057 1050 1055
f 698 1574 1573
f 3545 3546 1979
f 290 2977 288
f 3547 3548 3549
f 2173 2721 2974
f 3550 861 1043
f 3426 3335 3334
f 3122 301 1262
f 3551 2436 2435
f 3552 170 172
f 3012 915 166
f 3553 1058 1378
f 1391 3554 1392
f 1637 2039 1638
f 3555 3556 3557
f 2997 3117 1114
f 2370 3558 2371
f 2491 3495 2489
f 1844 3559 1691
f 3560 3561 3512
f 3562 3316 599
f 664 666 1456
f 3563 2456 3564
f 835 789 2802
f 2071 2157 881
f 769 3242 1096
f 3565 3566 2850
f 258 3567 2627
f 3568 3081 3265
f 405 1128 406
f 1078 1077 1080
f 1662 2165 1533
f 3569 1049 1048
f 50 3570 51
f 3571 1723 1331
f 854 3454 3350
f 133 198 197
f 3510 3572 2486
f 2683 1417 1419
f 2214 3573 3377
f 743 1186 1601
f 454 2629 832
f 3574 2448 2682
f 3575 1833 658
f 2793 2285 2794
f 3576 3577 3578
f 2408 1252 1277
f 1609 2947 1547
f 3579 3580 3462
f 2 3289 2162
f 3581 2091 1223
f 1026 3582 1826
f 2488 1825 2172
f 525 2386 2743
f 1441 3362 945
f 1965 2327 2297
f 3583 3396 2196
f 154 66 3157
f 1570 220 222
f 3584 2083 3516
f 3058 170 1031
f 3585 2143 2904
f 3582 1026 1847
f 3513 3203 2553
f 3425 1188 549
f 235 228 3586
f 1105 1360 2504
f 570 3587 3588
f 232 212 233
f 1390 1389 2251
f 539 2644 2646
f 3589 2935 2937
f 3590 3591 3592
f 2029 2571 3197
f 481 3527 3593
f 198 387 199
f 2716 318 317
f 3594 3125 702
f 2629 454 453
f 2305 1152 2306
f 3010 962 2758
f 2640 3595 3596
f 1367 420 3597
f 3598 3411 3410
f 3599 3003 3002
f 51 992 2593
f 441 440 1652
f 2747 900 899
f 3600 1529 1528
f 596 2238 1512
f 842 2684 2686
f 3154 3007 3516
f 2108 917 1777
f 3601 3602 453
f 886 3603 887
f 1639 1960 1640
f 1211 3604 3605
f 214 216 1193
f 3308 2087 2086
f 2518 2787 2010
f 2923 3606 2924
f 197 199 306
f 348 347 3514
f 316 318 1985
f 3056 670 3107
f 3607 394 3134
f 931 930 756
f 2307 2030 3608
f 314 3609 3610
f 2340 105 3258
f 3030 1205 3495
f 3445 2855 2498
f 3611 2748 3612
f 3047 2303 2844
f 3613 3614 3615
f 240 3616 1817
f 3401 3616 1496
f 368 1086 366
f 3617 3378 3380
f 2313 1974 1976
f 2771 2698 2699
f 1966 1965 2072
f 3261 1590 1589
f 3618 1529 3619
f 1669 1291 1290
f 3620 3621 3622
f 178 3623 470
f 1270 3376 2100
f 2741 3562 1831
f 335 337 3037
f 2312 1524 3624
f 3625 1441 1440
f 1379 3465 1380
f 3626 1296 3275
f 3627 3628 1843
f 2059 639 2057
f 3629 3630 3631
f 3393 3392 3489
f 2957 1951 3632
f 946 1269 947
f 3149 2545 2544
f 3141 643 3142
f 1537 1607 1046
f 3452 1881 2412
f 3633 2982 3634
f 610 374 1778
f 3336 988 987
f 3635 3636 1386
f 1029 75 2016
f 3637 15 3370
f 1619 2810 2809
f 3288 1720 929
f 3638 3639 2939
f 3094 1307 3429
f 3094 929 928
f 2769 178 469
f 3640 196 195
f 3641 1469 1468
f 3110 655 654
f 2111 3619 1529
f 3036 1539 3245
f 3642 3643 3644
f 555 554 1862
f 3645 1442 3646
f 3647 1661 1453
f 2293 1104 75
f 3648 2788 2787
f 3604 1211 1210
f 1918 415 3165
f 3088 3649 3650
f 2279 3651 2342
f 2403 2696 2401
f 3013 3620 3652
f 3212 1557 3210
f 2998 3653 3654
f 3655 1642 3656
f 3387 2040 3657
f 1941 1940 2882
f 2104 3658 148
f 2277 2279 2342
f 1418 2822 3659
f 3180 3660 3661
f 2398 1846 1845
f 457 456 1650
f 1840 2970 2235
f 1839 379 378
f 3662 902 1401
f 1124 3663 1122
f 2504 2246 2724
f 813 2853 814
f 3664 2618 3665
f 3194 3666 941
f 3633 3667 3668
f 2426 1789 2561
f 2414 3669 2413
f 1477 1470 3670
f 3671 3672 763
f 2451 2596 2819
f 3673 1774 1773
f 3674 3657 2040
f 2152 1003 2576
f 1138 2870 1139
f 2204 526 3675
f 1177 3061 1221
f 2588 3676 2589
f 2589 3677 3678
f 3532 3679 2305
f 3680 2198 386
f 2505 3681 1106
f 832 3682 833
f 2093 245 2110
f 1642 1641 3656
f 2904 623 2405
f 1157 1159 3127
f 1050 2927 1055
f 697 696 2837
f 1041 3683 1042
f 752 774 773
f 2578 1425 484
f 1424 2031 484
f 3684 3075 3685
f 3667 3634 2419
f 2150 2149 3340
f 2251 3686 1390
f 3687 40 1624
f 3688 3689 3690
f 3468 3691 3692
f 1661 3693 1660
f 908 2006 1475
f 3091 2653 3092
f 1577 1576 80
f 2399 2623 2398
f 3505 520 519
f 3575 657 1557
f 1234 2384 2037
f 2384 1234 1235
f 626 1742 1741
f 3694 2469 2153
f 2924 3695 2925
f 2618 2617 1535
f 3696 1018 3083
f 3697 3698 3699
f 3699 3700 3697
f 3527 3701 1353
f 2828 2262 3455
f 283 716 715
f 2205 3049 3610
f 3470 2161 2160
f 1567 3702 3703
f 3704 2708 901
f 203 1633 713
f 1895 1833 1835
f 3705 1370 707
f 3220 3219 2615
f 3047 1598 217
f 909 1475 2735
f 2713 3504 2712
f 1669 3504 2713
f 2281 2280 3389
f 1378 1377 3553
f 2370 3669 3547
f 411 410 3202
f 1445 3706 3256
f 2742 2743 1680
f 2357 2356 741
f 3707 3479 3478
f 3708 1658 3179
f 3622 3652 3620
f 3709 3710 3711
f 1054 3712 1459
f 3713 114 2893
f 2795 3714 3071
f 2076 2599 950
f 3232 3715 896
f 259 258 3716
f 2381 3564 3428
f 2896 2335 1989
f 2147 1183 722
f 762 764 898
f 812 814 1348
f 3717 869 871
f 3718 2980 8
f 1154 887 3603
f 3719 3720 3721
f 3722 2192 2191
f 3723 873 307
f 3724 3285 427
f 2406 2405 623
f 3725 3726 2953
f 330 640 1131
f 2183 3727 2042
f 1717 2574 3495
f 2362 2775 1884
f 1024 3362 176
f 1884 2775 1882
f 3728 1933 1240
f 3481 3729 904
f 1134 1133 1377
f 3730 3731 3732
f 685 2410 1148
f 1450 3733 3734
f 1525 1151 1150
f 3596 3735 3558
f 394 1714 1852
f 48 2253 1055
f 2634 2216 984
f 3296 320 958
f 231 319 229
f 3373 1409 520
f 2384 1235 1428
f 3325 3736 3737
f 1440 3738 3625
f 2427 2426 1425
f 698 697 3739
f 3740 3081 3080
f 2772 3741 3742
f 3743 1647 897
f 556 1583 434
f 3744 2886 3745
f 3746 3747 3748
f 1778 877 27
f 2071 1966 2072
f 3187 2254 3188
f 3749 3750 3751
f 720 3752 2512
f 3753 3754 168
f 3277 57 1763
f 3537 56 55
f 3755 2264 1527
f 3167 1963 3756
f 3757 2231 2230
f 3758 3759 1768
f 2361 3760 1982
f 2561 1789 1788
f 239 241 294
f 1563 241 1817
f 2680 2055 3235
f 413 3415 414
f 3119 1048 1656
f 1447 2899 1856
f 1911 3761 3585
f 2128 1192 2557
f 3193 3762 1372
f 686 2171 985
f 1302 1652 3763
f 863 1517 1516
f 3764 1740 1742
f 481 2657 1816
f 1395 2996 3281
f 3281 2910 1396
f 3765 3766 1958
f 1956 3198 2328
f 3393 3489 3488
f 617 2651 3767
f 3768 2078 2077
f 3769 3760 3601
f 3770 1726 1725
f 2665 3771 1085
f 1103 895 1101
f 1186 1135 1601
f 1421 3772 3773
f 2220 3774 3200
f 3091 2602 2653
f 906 1682 3775
f 532 531 62
f 131 3008 2851
f 3776 3703 1799
f 3519 22 357
f 2710 1907 3435
f 3777 1648 1806
f 3244 1836 1968
f 808 1724 3778
f 3437 2034 2033
f 1370 3705 3779
f 3780 2419 3634
f 1322 3016 3685
f 2234 3668 3667
f 3781 281 852
f 3782 3494 3209
f 2452 3220 2615
f 1722 1724 808
f 1889 1888 1819
f 3718 2848 2850
f 3661 82 1707
f 94 3783 1593
f 632 877 1778
f 1509 2669 2094
f 3005 2624 2625
f 3429 886 3094
f 3380 3095 885
f 1569 222 668
f 401 403 431
f 3784 3785 3786
f 3787 3788 3789
f 3255 3790 3256
f 761 760 3791
f 2457 257 2560
f 3792 3793 749
f 2976 1158 1157
f 694 3357 695
f 3794 2683 1266
f 783 3011 3013
f 3795 2455 3348
f 725 3313 3796
f 300 299 3797
f 3121 1344 1346
f 3247 2497 3359
f 2682 2681 1629
f 3798 3563 2381
f 1617 1227 1226
f 2868 3038 2255
f 3038 758 2255
f 1756 3799 2917
f 2876 3302 2474
f 1736 2976 1157
f 2005 636 1053
f 1971 2269 2268
f 3800 3194 3801
f 3243 693 3802
f 2614 2492 2576
f 3803 2702 2701
f 5 4 1997
f 3011 783 915
f 3804 3488 3676
f 993 51 3570
f 3805 1432 3806
f 3720 3719 2109
f 1367 3514 1365
f 3728 1592 2499
f 3755 3548 3807
f 3808 484 483
f 1867 1866 3431
f 2896 1001 2895
f 1346 3809 3283
f 1295 2530 478
f 2436 430 221
f 2694 1630 1629
f 3378 3617 831
f 1130 640 2059
f 640 639 2059
f 1358 509 508
f 3810 41 875
f 940 3042 3041
f 2821 42 41
f 2333 3292 3811
f 3168 3170 1408
f 3334 30 748
f 2666 2556 2557
f 3727 3812 2042
f 1274 1697 2336
f 3813 2965 3814
f 545 3815 3816
f 1968 2140 3036
f 3817 1744 1743
f 3391 3818 2546
f 1412 1324 1289
f 613 1779 1780
f 3526 1198 2993
f 3097 1163 3161
f 1338 637 3270
f 939 1515 937
f 3380 3819 3617
f 2205 938 937
f 1799 3721 3720
f 3820 864 863
f 1943 2306 1140
f 1814 2394 1253
f 3821 2472 2033
f 1920 3502 3524
f 2454 3328 2512
f 3822 3823 1384
f 3824 3825 3826
f 1101 1491 758
f 1491 1490 758
f 1511 3277 153
f 1464 2678 3391
f 153 152 1511
f 3749 2114 3827
f 3004 3145 3576
f 3828 805 1295
f 22 3829 3531
f 3830 3413 3412
f 2582 2581 3203
f 3116 3644 1436
f 653 1482 1160
f 3831 3284 2194
f 1878 2909 2911
f 1426 1428 1235
f 3832 2102 2101
f 662 3833 663
f 2286 131 2851
f 2933 3834 635
f 1983 3664 3665
f 2618 2607 2606
f 188 972 971
f 1148 2409 240
f 589 2047 587
f 3835 2938 2237
f 6 1488 680
f 1686 1688 2425
f 842 3655 3086
f 2183 1748 1837
f 3459 3458 2808
f 3530 2072 1965
f 705 3836 706
f 2508 3270 341
f 3730 3115 1575
f 3837 3838 2987
f 3839 3177 3751
f 2441 3840 2699
f 3047 217 219
f 400 1380 398
f 3841 2481 3225
f 1373 1372 3762
f 1674 1673 3033
f 1704 2302 2402
f 1521 1523 3441
f 1131 2928 3842
f 1483 326 757
f 3843 3297 2930
f 2630 3682 832
f 1008 3844 2696
f 1935 1167 1300
f 3820 2745 2744
f 3398 3845 3846
f 3847 2770 469
f 2854 1388 2855
f 3593 2657 481
f 1467 422 84
f 1297 1908 3848
f 2861 3849 3850
f 1177 1221 2204
f 3851 858 2007
f 2015 685 684
f 3055 3852 2411
f 3853 3854 3765
f 130 3855 3856
f 3857 207 206
f 1475 2006 1053
f 3500 3397 3154
f 3858 3181 2175
f 3859 3509 3216
f 840 3074 747
f 3367 3860 3368
f 855 854 3150
f 1747 3856 3861
f 161 1791 3862
f 1712 2906 198
f 2188 1487 277
f 1174 2229 1175
f 1545 2061 1546
f 704 2687 464
f 2390 243 242
f 2117 2567 2115
f 2077 2076 950
f 3752 3348 2512
f 3863 3864 3262
f 2272 2605 1484
f 3477 3479 1414
f 308 2736 2314
f 2632 1613 1088
f 425 511 426
f 2182 2475 439
f 3759 3758 3304
f 3065 3865 3866
f 1852 3134 394
f 1596 3867 3868
f 224 223 1257
f 3869 3699 3698
f 3870 451 3341
f 2803 17 16
f 3871 1040 1039
f 946 3372 1972
f 3422 3872 3519
f 3756 1193 216
f 3387 593 595
f 2471 2472 981
f 3690 3873 3688
f 3874 3217 3875
f 3876 3877 2801
f 2378 2377 2529
f 3417 3416 865
f 2990 1194 1193
f 297 2925 3474
f 1144 2538 2540
f 3878 2523 2522
f 996 995 3814
f 2269 1971 3879
f 234 2548 232
f 3880 1154 1153
f 3487 1911 2096
f 3881 633 632
f 483 482 3882
f 338 2520 2575
f 1101 895 1492
f 24 1106 3681
f 1950 3883 2433
f 3589 2289 2935
f 884 3884 882
f 3702 3885 3703
f 1905 1904 3886
f 3215 3887 3888
f 3889 3155 3890
f 3891 2354 1365
f 2506 3892 2285
f 3286 3787 1859
f 159 3893 3894
f 743 3774 1186
f 238 1354 1219
f 716 3895 1602
f 3813 3814 995
f 1102 1101 2353
f 3896 3202 3897
f 3898 1265 2337
f 615 3899 3324
f 3900 244 3901
f 1608 2505 2504
f 2127 1292 2942
f 1982 3760 1983
f 1894 3347 3346
f 3197 2571 2570
f 1282 634 1092
f 3353 3371 629
f 3054 3902 2300
f 3903 3904 384
f 3905 3906 3907
f 3908 58 2668
f 2784 2783 3192
f 948 3644 3643
f 3909 3910 1740
f 93 92 3370
f 633 3881 2347
f 3911 1192 3912
f 2128 3912 1192
f 19 21 1821
f 2510 206 2511
f 2185 3913 2635
f 3914 1262 3915
f 3916 2842 2421
f 711 3917 2286
f 3460 403 806
f 1975 3918 2150
f 1294 1891 1124
f 145 2325 143
f 2050 876 875
f 1890 210 3221
f 2956 3632 3803
f 3919 1180 1476
f 630 629 3371
f 1472 3619 3920
f 2128 2127 2942
f 3081 3568 3079
f 3532 2305 3533
f 1369 3163 946
f 953 1383 1382
f 2304 2676 264
f 3515 3921 3922
f 3923 3924 3925
f 1146 380 2032
f 3455 2261 3269
f 3792 749 748
f 1792 2633 1656
f 1702 803 1160
f 3135 248 1035
f 3926 2758 962
f 1388 1752 1389
f 225 1215 223
f 3648 3927 2788
f 1850 3729 3496
f 660 816 2577
f 3507 2870 1954
f 2201 153 3277
f 3221 210 209
f 780 739 3260
f 2394 1254 1253
f 25 878 534
f 2061 818 2483
f 3241 3254 3297
f 151 150 2518
f 3826 3825 3928
f 3029 3291 3929
f 3750 3930 3839
f 2649 2715 3931
f 2714 3128 3931
f 1830 3745 2227
f 30 3792 748
f 880 879 1957
f 724 1503 2005
f 2404 2738 3344
f 3932 1750 1749
f 526 3933 3675
f 3934 3734 3935
f 309 1211 3936
f 2013 3937 3938
f 3463 3506 85
f 3018 3939 3019
f 3940 2749 3941
f 3879 1971 184
f 3942 2096 1911
f 2761 2763 1238
f 3943 2808 3458
f 287 572 2714
f 2567 2566 2115
f 3579 3347 3580
f 1754 1756 2917
f 3943 1953 3944
f 163 162 3945
f 3946 3456 1180
f 3947 3948 3949
f 2705 1670 3490
f 2520 3271 2575
f 3271 1416 2575
f 1950 1650 1948
f 1097 1212 432
f 3950 3898 3951
f 1834 3212 1835
f 3423 3952 3424
f 3222 3185 1853
f 3953 1958 3766
f 3954 3955 126
f 3813 1719 2965
f 3956 3671 3234
f 1990 2926 1988
f 1772 710 1770
f 3957 3272 3130
f 2633 3118 1656
f 1725 3958 3770
f 1368 3779 3163
f 3381 1781 1783
f 2772 2309 2268
f 2219 108 3959
f 1754 2919 3224
f 3960 3959 108
f 3961 152 1859
f 3962 577 3570
f 1079 688 687
f 3636 2700 1386
f 2533 1749 2102
f 3737 3736 3963
f 2495 2830 1513
f 3303 1315 2497
f 276 261 2691
f 2574 1266 2490
f 1588 1590 2831
f 2245 3582 1028
f 3964 3051 1241
f 873 872 307
f 1902 2378 1901
f 3620 3013 3012
f 1728 3965 3121
f 3966 3015 751
f 3589 2937 3326
f 60 2668 58
f 3925 1738 1739
f 2522 3318 3878
f 841 3626 1021
f 40 3687 1805
f 2974 1356 2973
f 3967 293 3926
f 3377 942 2214
f 1473 368 367
f 3968 1952 1145
f 2446 3237 2608
f 1217 436 3969
f 3656 3086 3655
f 2950 962 964
f 3970 3727 2963
f 2183 2963 3727
f 3971 1333 3052
f 28 2264 3972
f 980 1351 3208
f 1321 2355 3973
f 3974 3740 3080
f 3632 2956 2957
f 21 20 873
f 2167 1453 1452
f 3252 2325 1218
f 685 1497 2410
f 3975 244 3976
f 3605 3936 1211
f 1855 3098 3099
f 1165 1164 3392
f 1142 1141 3419
f 3977 1537 132
f 3978 3756 1963
f 501 1996 499
f 2557 1191 2354
f 3178 3661 1707
f 3822 3474 3268
f 3979 1093 1095
f 2628 589 3717
f 2570 2538 3112
f 2242 846 3980
f 3083 1018 1017
f 3091 3981 2602
f 3602 888 453
f 1106 1105 2505
f 3771 2759 1083
f 1664 1132 1134
f 1076 149 2668
f 2369 3962 3570
f 3746 3982 3747
f 912 3983 2797
f 3984 1830 533
f 3985 3986 663
f 2123 2195 2194
f 125 127 2992
f 3810 875 874
f 3987 1606 992
f 817 816 3988
f 8 2451 9
f 3472 2763 2762
f 2962 3970 2963
f 3318 2644 3989
f 2928 1131 1130
f 3545 459 3990
f 3801 3991 3992
f 381 1020 3085
f 3927 3648 150
f 3648 2518 150
f 1138 1835 3212
f 3993 3740 3994
f 3816 2713 545
f 1670 1669 2713
f 3995 2166 2993
f 1470 1477 1468
f 1104 2293 2292
f 3889 509 1106
f 3996 3997 3026
f 1821 175 174
f 1208 3998 1206
f 3225 2919 3841
f 3054 2300 3053
f 3999 3561 1111
f 4000 3732 3498
f 1271 2777 1285
f 2875 3951 2876
f 2189 277 4001
f 2602 853 855
f 2216 4002 741
f 2494 335 3037
f 106 1782 4003
f 986 1104 2292
f 986 2464 987
f 3710 254 256
f 254 3710 4004
f 1730 2584 4005
f 3491 2706 3490
f 1973 488 487
f 2742 3132 1542
f 2188 2189 3585
f 4006 1961 1960
f 1689 213 212
f 208 210 2830
f 184 1972 3372
f 2580 652 2536
f 2744 3854 3820
f 2088 3007 2781
f 1739 3938 3937
f 1784 993 4007
f 4008 2593 3430
f 4009 3964 2458
f 3925 3924 787
f 3851 859 858
f 2540 1145 1144
f 356 719 718
f 387 2906 3066
f 4010 1790 1789
f 1155 1072 3252
f 2619 205 1753
f 1618 452 1486
f 2007 2009 1727
f 1193 3756 3978
f 2314 2786 308
f 4011 456 112
f 2999 4012 349
f 4013 2696 3844
f 702 515 3594
f 4014 4015 3409
f 3994 4016 3961
f 3862 1791 1822
f 3997 2775 3026
f 938 3609 4017
f 2881 4018 3208
f 4019 463 3229
f 1015 3467 2274
f 2817 3408 4020
f 4021 692 868
f 3305 3998 1208
f 2459 1878 2460
f 1737 501 500
f 2221 2561 1582
f 84 83 408
f 1730 2117 2116
f 3521 104 3349
f 46 48 3739
f 3042 3377 3336
f 4022 1703 1702
f 378 3355 753
f 3874 3218 3217
f 1067 3837 2113
f 1564 1299 1298
f 3755 3807 4023
f 2283 3363 2284
f 3794 385 2823
f 3933 1542 3132
f 1417 2823 2822
f 2051 875 41
f 4024 2708 3704
f 901 2889 3704
f 2048 4025 2047
f 2559 3428 3564
f 4026 4027 714
f 3104 4028 382
f 2871 1043 860
f 2871 3876 1782
f 3112 3232 3197
f 3107 1103 3056
f 346 1120 344
f 817 2900 1504
f 1691 3559 3660
f 1816 479 481
f 2940 4029 4030
f 4031 4032 4033
f 654 4034 3039
f 3156 1080 1944
f 1416 4035 1414
f 1350 1352 797
f 1091 633 2347
f 966 69 68
f 2198 3327 607
f 3653 2998 349
f 3749 3930 3750
f 4036 4024 3704
f 4037 4038 1438
f 3399 1393 1392
f 2108 3204 918
f 4039 3711 256
f 3192 4000 4040
f 929 3379 3287
f 2320 2049 2321
f 2049 1272 2321
f 968 967 2154
f 497 3420 1997
f 4041 4042 959
f 664 301 665
f 1003 2152 1004
f 2146 2058 2057
f 2235 4043 1840
f 3695 4043 3521
f 3552 4044 1030
f 1440 1438 3100
f 952 3206 4045
f 3230 4045 3206
f 2779 12 11
f 2573 1513 2572
f 2307 3984 533
f 2259 2271 3983
f 2465 3042 987
f 1315 810 2497
f 754 756 4046
f 1575 1298 3731
f 2287 4047 3246
f 3211 2449 2615
f 1871 392 1175
f 389 3330 3046
f 4048 4049 738
f 3576 3459 3004
f 2694 4050 1630
f 3960 2024 2214
f 936 1037 1036
f 2454 71 3328
f 376 1778 374
f 1928 3995 2993
f 3266 613 1780
f 878 1587 534
f 2637 3138 2375
f 2637 650 2638
f 3947 3183 771
f 3035 3419 1141
f 2999 2667 4012
f 2371 578 577
f 2523 1310 1309
f 961 4051 1505
f 4052 4053 3988
f 660 659 4054
f 3847 471 1769
f 4055 4056 3227
f 4057 4058 1455
f 4058 2872 1455
f 834 452 454
f 995 3922 548
f 2379 3949 3948
f 4059 1359 4060
f 1020 732 734
f 607 606 2198
f 1204 4061 2964
f 3218 458 3183
f 4062 2795 3153
f 265 933 334
f 4063 3639 3005
f 588 587 4029
f 4064 2816 4065
f 3854 2243 91
f 2016 201 1029
f 1029 201 238
f 43 2477 1412
f 4066 3206 952
f 196 3553 1377
f 1058 3553 3191
f 3116 3115 3642
f 1374 144 1891
f 3477 3621 3478
f 15 2863 3370
f 2187 1508 1507
f 3072 4067 4068
f 3233 3331 3330
f 1028 1219 2245
f 560 559 575
f 278 1073 2001
f 672 261 260
f 261 672 2691
f 765 122 124
f 263 265 2879
f 3806 4017 3805
f 1847 1028 3582
f 776 775 2095
f 1286 1285 2777
f 1352 321 323
f 2441 839 838
f 3028 3441 1523
f 764 3743 897
f 4069 2474 2824
f 3557 2933 4070
f 314 3610 315
f 3737 2764 506
f 4071 190 189
f 3579 3462 4072
f 2713 3816 1670
f 3227 4073 3492
f 2814 390 3480
f 2890 4074 4075
f 3695 3473 2925
f 3822 3268 2260
f 3616 729 731
f 2724 2948 1608
f 380 1146 1213
f 3401 3400 730
f 3484 2078 3485
f 2899 2351 1856
f 1190 3343 1622
f 706 2897 4076
f 2911 2319 2318
f 3614 3613 1182
f 2897 2591 4076
f 2592 4027 2590
f 4077 4078 4079
f 881 2157 2531
f 433 1212 4080
f 1271 3526 557
f 3694 1630 4050
f 4081 2558 3612
f 2056 1893 1892
f 2744 3765 3854
f 4054 3988 816
f 2443 36 364
f 1216 2952 2953
f 273 4082 271
f 4083 960 3654
f 1611 2467 1612
f 3358 3535 409
f 2984 3634 2982
f 3539 2002 2796
f 3073 1877 649
f 8 2596 2451
f 2819 489 488
f 3036 3244 1968
f 2478 3014 3016
f 3388 2269 3879
f 2794 2285 2284
f 1761 3005 2670
f 1141 2240 3035
f 1843 1931 1930
f 3443 2021 2092
f 3658 3361 4084
f 3397 2988 3154
f 829 2099 4085
f 3000 1462 1247
f 1005 1156 3544
f 1156 2118 3544
f 2165 4086 1500
f 3666 2213 941
f 3059 1031 3017
f 1182 1181 3285
f 1249 2800 2799
f 2587 1533 2165
f 1868 1870 3028
f 4087 1500 3374
f 1488 1996 501
f 1988 2927 2896
f 1267 3680 385
f 1557 656 3210
f 1808 799 801
f 2329 799 2297
f 69 560 575
f 1207 4088 2711
f 4089 1208 4090
f 2431 603 3600
f 3490 2706 2705
f 1392 3241 3399
f 1103 3107 3232
f 3107 2029 3197
f 4091 470 3623
f 1251 1802 1249
f 829 4085 3942
f 1558 3245 1539
f 1648 1454 1122
f 1123 1122 1454
f 1647 4092 1645
f 2251 205 207
f 211 4093 212
f 4093 233 212
f 1603 429 4094
f 429 1603 427
f 4094 4095 1603
f 2590 4095 4096
f 4096 2591 2590
f 2388 1011 1010
f 463 465 2266
f 714 1603 4095
f 242 3763 4097
f 2242 3339 2813
f 4097 2390 242
f 3845 3398 334
f 3936 3186 309
f 3996 99 98
f 3140 1833 1895
f 103 99 1404
f 2025 3375 2534
f 1882 2775 98
f 2881 1995 2551
f 2551 2729 3437
f 3344 1648 1122
f 243 2390 1876
f 3434 1706 4098
f 1501 4087 519
f 2627 3567 2628
f 1828 2625 1708
f 2048 2628 3567
f 1347 1883 2389
f 49 1849 1848
f 1849 3431 173
f 1194 2516 2515
f 2734 677 2107
f 3483 4099 4100
f 3026 1994 3996
f 144 1374 3201
f 3929 3291 3290
f 3076 3542 3541
f 1887 3143 3541
f 407 3559 3628
f 1452 1986 2167
f 195 669 1771
f 776 2095 4101
f 4102 668 4103
f 2912 305 2474
f 3015 3014 751
f 2580 4104 1096
f 3696 3083 3082
f 580 2415 581
f 1505 1504 961
f 1984 3345 4105
f 3725 2953 345
f 1217 3147 1216
f 418 1623 419
f 3021 3020 3804
f 1209 4106 3520
f 1618 3601 453
f 3488 2650 3113
f 3488 3804 3393
f 2069 450 449
f 617 3767 1164
f 2901 3119 2170
f 763 3029 3671
f 240 2409 3616
f 2409 1496 3616
f 2883 3860 2884
f 125 978 977
f 502 1503 304
f 1469 3641 3386
f 1386 2700 493
f 2194 1531 2123
f 1714 1713 3729
f 4107 4108 3635
f 904 3729 1713
f 1570 2858 220
f 3998 4079 4078
f 523 3172 2578
f 463 4019 2260
f 4109 3596 3595
f 2075 1775 1939
f 3620 3478 3621
f 2195 2123 2122
f 1386 1385 3635
f 1433 1387 493
f 3257 1331 3971
f 187 186 2187
f 489 2596 1854
f 4110 423 2351
f 1093 4111 3144
f 4112 2585 2584
f 2891 651 1897
f 3819 13 3617
f 3603 1306 2239
f 413 223 1215
f 3077 3797 3199
f 3452 4113 3288
f 4114 1254 2395
f 50 49 2369
f 3976 244 243
f 2170 1179 1178
f 1900 498 4
f 2444 4115 2962
f 1959 1961 4116
f 2144 3530 2297
f 3742 4117 4118
f 68 4119 4120
f 3587 4121 1321
f 4045 3230 2631
f 2368 745 2136
f 3354 2106 2934
f 2761 1238 1237
f 2882 2028 1070
f 3719 2075 1939
f 2075 1776 1775
f 4122 3793 4123
f 4124 3844 4125
f 3683 3468 1042
f 4126 4127 2975
f 320 1645 319
f 16 2929 12
f 3777 1045 1044
f 4023 4128 3972
f 1164 3767 3392
f 1992 2722 2723
f 3031 3260 3174
f 2273 4129 1647
f 802 804 2402
f 253 3928 3825
f 951 2599 2598
f 2793 2792 2473
f 1090 1089 3233
f 3768 3907 3906
f 276 3264 262
f 4130 465 464
f 4103 3460 1771
f 2603 2824 2474
f 1771 4102 4103
f 1732 1864 806
f 3175 1159 2852
f 325 794 757
f 794 325 792
f 2640 2642 3139
f 3824 3826 4131
f 2716 4132 3790
f 1175 392 1173
f 3399 730 3400
f 1432 127 126
f 2050 4099 3483
f 4133 4099 2050
f 439 3465 437
f 737 1049 1495
f 1524 1820 21
f 59 3078 60
f 2039 1637 1560
f 2038 2040 3387
f 3221 3099 1890
f 1560 2038 2039
f 291 293 755
f 3387 3386 3641
f 2270 4062 3153
f 4134 3615 3614
f 3280 979 978
f 1349 1348 814
f 2974 821 2173
f 494 1356 495
f 2600 3261 3054
f 2161 4135 4136
f 3966 4137 3015
f 752 2609 1334
f 511 510 426
f 3838 4138 2248
f 2967 4139 563
f 1780 2933 635
f 4140 4141 2630
f 3976 1877 3073
f 4142 4143 3890
f 649 3071 3073
f 2983 245 2093
f 2110 1939 2093
f 648 2795 3071
f 1403 1713 1084
f 810 3201 1376
f 3923 145 144
f 2483 3021 1546
f 4144 2558 2560
f 974 3403 4145
f 2844 1599 1598
f 3457 2418 139
f 1412 2478 1324
f 3552 2820 2278
f 1740 3764 3909
f 1881 3452 1879
f 4064 2344 2816
f 2567 2117 2525
f 67 3515 995
f 73 2317 74
f 3377 2317 3336
f 1200 482 1929
f 1913 4146 1914
f 2031 2672 582
f 4147 2031 584
f 3976 4120 3975
f 4119 996 3814
f 1474 3123 2039
f 3585 2904 2188
f 369 371 520
f 932 891 1856
f 3956 3234 229
f 2528 2527 2739
f 1842 1098 4148
f 1327 1326 3168
f 566 1359 4149
f 744 676 3204
f 588 1541 869
f 3179 3638 3708
f 1147 3246 1571
f 2191 1300 1167
f 4150 117 3795
f 4151 2422 3785
f 4152 3143 4153
f 3908 3103 3105
f 3869 1436 3644
f 156 4154 1655
f 2078 3484 2673
f 2664 2479 3987
f 2518 2554 2517
f 4155 2671 1423
f 207 2252 2251
f 2485 3534 3533
f 2479 2664 2874
f 3897 1435 3896
f 2841 2840 3202
f 2541 3650 3649
f 82 3661 3660
f 674 2718 2367
f 2378 3949 2379
f 2379 3948 959
f 4156 2736 872
f 2736 307 872
f 4066 2534 2536
f 1554 3811 2052
f 1626 3598 4157
f 916 164 166
f 2025 2534 2415
f 3518 513 4158
f 3547 2642 2641
f 4019 3823 2260
f 1068 434 433
f 1128 3242 769
f 3804 3676 4159
f 3676 2588 4159
f 3706 4075 3256
f 1090 3330 3440
f 686 985 1244
f 3213 728 2177
f 2464 4160 2465
f 255 254 4161
f 85 1118 1117
f 4162 812 3184
f 1085 3771 1083
f 2960 2972 2046
f 4163 4164 3589
f 4110 2095 1827
f 2131 4109 4165
f 1641 1857 4160
f 2955 256 1857
f 3710 256 3711
f 3908 3105 58
f 3887 761 3791
f 3695 3350 3473
f 3350 3695 3521
f 366 1086 3139
f 3008 1391 1393
f 3981 3454 854
f 4166 3486 3981
f 4167 659 661
f 3523 3501 3189
f 3164 2175 824
f 1762 823 727
f 125 1506 978
f 3159 2639 2121
f 996 68 67
f 2558 4081 2559
f 4035 1416 662
f 354 3101 352
f 3038 337 758
f 4168 3612 2748
f 2980 3566 447
f 3269 3268 3473
f 2461 1667 1666
f 1666 1668 2910
f 179 2807 2806
f 1069 833 3682
f 148 2934 146
f 4169 4170 4171
f 2843 1115 970
f 4172 3824 4131
f 1116 4173 4072
f 3161 2484 3097
f 2735 2756 909
f 549 3922 3425
f 3425 3922 3921
f 3921 3515 2470
f 328 1250 2954
f 1098 1842 1844
f 296 4174 2925
f 625 2406 623
f 4175 1559 3815
f 1266 1267 3794
f 40 1805 2051
f 2051 1805 1804
f 4176 2953 3726
f 4016 1511 3961
f 1341 4177 1339
f 3574 2682 1628
f 3210 1893 2447
f 1644 1340 1892
f 2726 3267 2576
f 386 385 3680
f 668 1129 1569
f 1569 1129 1570
f 3526 2993 2166
f 4029 2940 1541
f 4007 3570 577
f 3975 4120 4119
f 3646 424 3645
f 2369 3570 50
f 2468 3263 3262
f 4178 3402 4179
f 3109 4180 3110
f 2469 2119 2118
f 1032 1033 2556
f 2986 587 2047
f 4181 1927 1926
f 1927 4181 276
f 931 756 4182
f 3967 755 293
f 4183 582 2672
f 584 2031 582
f 1533 123 1662
f 3343 2582 3513
f 1410 1243 1716
f 736 1656 1047
f 2974 2721 1357
f 3449 38 2142
f 321 1352 982
f 4184 2774 3579
f 4185 4186 4187
f 4049 3259 738
f 971 4037 943
f 3009 341 3270
f 3354 148 3658
f 2402 1343 2403
f 328 2716 1251
f 885 3095 886
f 2889 2312 3624
f 21 873 1524
f 3494 215 3209
f 641 1915 1238
f 3322 3321 3977
f 3321 4057 3977
f 3002 2815 2653
f 4188 740 4189
f 1337 1942 1498
f 1337 2141 1335
f 3382 466 1733
f 3651 2343 2342
f 2999 772 1032
f 772 771 1032
f 360 2610 361
f 1169 2828 3455
f 1065 2112 3749
f 4190 3229 2995
f 3176 1065 3177
f 4191 1335 2141
f 3750 3839 3751
f 834 3404 452
f 3669 2370 2369
f 1395 4192 2997
f 2445 2961 2712
f 2961 2445 2444
f 2025 3832 3375
f 3376 1270 4080
f 2163 4027 1741
f 1866 1710 3431
f 1100 4193 417
f 4194 322 2397
f 3226 3816 3815
f 4195 3415 4196
f 4197 4105 3345
f 4198 1074 2188
f 4199 3369 4200
f 512 4201 4202
f 1095 3589 4164
f 553 1265 3950
f 2124 250 2125
f 262 96 95
f 4203 4098 4204
f 1284 4205 1014
f 2162 2975 798
f 2936 3850 3849
f 3556 675 3557
f 2735 1459 677
f 2088 3363 2089
f 139 1181 3456
f 2565 2338 2180
f 4206 2151 2313
f 195 194 669
f 1613 4207 1088
f 3283 3069 1729
f 2694 1629 2695
f 306 305 2912
f 306 1391 197
f 3169 1823 3170
f 3132 1701 3171
f 2869 3136 1954
f 1024 1023 4208
f 319 1645 4092
f 3955 3806 1432
f 4189 779 1790
f 2427 2578 3173
f 133 132 1712
f 3539 246 2982
f 2249 4138 1066
f 1866 1711 1710
f 4209 1382 1381
f 1400 395 3282
f 2164 3783 2407
f 328 327 2716
f 1423 1425 2426
f 521 2890 4075
f 2176 3945 162
f 32 978 1506
f 988 1104 986
f 988 3336 2317
f 1928 2993 1929
f 1327 2903 2902
f 345 4210 3725
f 2147 4211 2609
f 116 4212 4158
f 1875 3678 1739
f 2886 4205 2227
f 1853 487 489
f 4213 2727 2726
f 1871 4214 3592
f 2726 2725 2453
f 2190 1301 2191
f 3590 4215 4216
f 264 2675 933
f 2395 2594 1977
f 610 609 1143
f 922 3048 1398
f 4217 867 2932
f 1986 3019 2168
f 1857 4218 2955
f 1236 1915 2774
f 3855 911 3856
f 3773 2168 3019
f 3897 3202 410
f 1967 1966 880
f 1857 4161 4160
f 3502 3522 3524
f 1153 630 3880
f 4219 2568 4050
f 397 396 2797
f 4220 998 1329
f 932 2537 892
f 1870 2162 3029
f 2 689 3289
f 4221 70 1550
f 70 4221 438
f 1438 1437 3100
f 1955 1437 1439
f 3652 4222 781
f 4223 2414 1848
f 4156 2314 2736
f 2314 4156 2315
f 2572 2336 2573
f 2336 2572 1274
f 1681 3775 1682
f 1962 4224 2300
f 2601 2652 2602
f 206 2510 3613
f 359 2893 357
f 4225 218 3275
f 381 709 2753
f 381 383 1020
f 4226 7 9
f 1844 1691 1098
f 32 31 3280
f 1205 3030 3280
f 3182 3181 4227
f 1390 2498 2855
f 859 3299 857
f 4039 2463 3299
f 2889 900 2310
f 3940 4228 2747
f 616 615 3324
f 3494 3782 4229
f 3249 47 2838
f 1759 3935 3734
f 23 4230 3155
f 3531 2133 23
f 3632 1951 3968
f 4086 2200 1500
f 1317 2035 2011
f 1317 414 1580
f 2331 1997 2417
f 4231 2733 2732
f 1016 4232 2883
f 1014 4201 2066
f 4233 2905 3777
f 2970 1840 1839
f 4017 939 938
f 428 2949 138
f 699 138 137
f 138 699 428
f 1347 1884 1883
f 1811 2341 1809
f 103 1810 4234
f 2389 1809 2341
f 1809 4234 1810
f 3184 812 1348
f 586 3976 3073
f 1340 1644 2877
f 1443 112 111
f 373 120 967
f 854 3349 3150
f 104 106 3150
f 2031 1424 2672
f 2221 4155 2561
f 3658 2105 3354
f 695 3980 845
f 1296 4225 3275
f 3713 1548 1202
f 1530 3311 1531
f 2376 3311 786
f 3481 3482 4235
f 3482 3868 4235
f 365 3092 2815
f 2815 3092 2653
f 3710 3709 4004
f 129 128 2271
f 3272 976 975
f 3148 3969 3594
f 3910 1520 1519
f 2685 2292 2686
f 4229 711 2247
f 2665 1871 3592
f 540 3888 541
f 3040 4034 354
f 2523 956 2521
f 2521 956 4236
f 1032 2556 2667
f 3039 4034 3040
f 3737 1690 1064
f 2283 3892 4237
f 1609 1608 2948
f 2920 2921 1615
f 4238 2134 3157
f 1037 936 4001
f 619 2070 617
f 1084 1083 1403
f 684 683 1572
f 852 2064 2612
f 656 1644 1893
f 4126 2975 1869
f 4074 2532 4075
f 2913 1391 306
f 3711 3851 3709
f 3851 2007 3709
f 3889 3890 4143
f 4239 4240 4241
f 3136 2452 1955
f 2004 3153 2002
f 3027 3061 3062
f 3027 4242 1112
f 2926 3583 1055
f 3583 2196 1055
f 2869 1138 3219
f 3858 468 467
f 4243 2287 828
f 2276 4244 1604
f 1149 1151 2310
f 4123 4128 175
f 1448 3134 1852
f 2588 1875 2027
f 3289 3291 2162
f 3629 3631 538
f 4245 2404 4246
f 690 1470 1469
f 1593 1501 142
f 1501 1500 4087
f 110 1953 476
f 1878 2459 1666
f 1534 778 1535
f 2617 1581 1536
f 3062 688 3027
f 688 3062 686
f 383 4028 1675
f 4028 3908 1675
f 884 2377 2379
f 4247 3784 3786
f 3699 3869 4248
f 1269 4249 1268
f 946 1972 1369
f 2309 4250 1369
f 1518 1520 2333
f 3446 3595 1086
f 4004 4251 254
f 3673 2770 4186
f 4182 756 755
f 4252 3588 3973
f 3473 4253 3269
f 3471 1305 3034
f 1945 4254 1946
f 4255 2966 4256
f 1581 1914 4146
f 124 2017 2442
f 2782 3879 183
f 4257 790 791
f 2003 4258 2852
f 3842 2928 835
f 492 3611 4259
f 4260 3537 3536
f 4261 3685 3075
f 2274 516 518
f 3515 3922 995
f 520 1409 1408
f 1267 3424 3680
f 3952 3423 3327
f 3751 3177 1065
f 1640 644 646
f 3130 2758 3957
f 1201 84 422
f 3482 903 4262
f 912 2759 910
f 790 4257 1944
f 2852 1159 1158
f 644 1640 4263
f 3800 4116 2213
f 3164 3858 2175
f 4264 671 1987
f 4265 468 3165
f 496 1987 494
f 2176 2175 3181
f 3884 1822 882
f 2183 2044 1748
f 2654 1410 742
f 3182 1210 3945
f 2527 701 700
f 465 4266 4126
f 4219 3747 2569
f 806 1864 424
f 3511 3216 3509
f 643 1915 641
f 1238 2932 641
f 3748 4050 2694
f 1568 3619 2111
f 1922 1981 1381
f 1381 4199 1922
f 603 1529 3600
f 3618 3619 1472
f 130 4067 3714
f 3415 1578 414
f 4263 4116 3800
f 3960 2213 4116
f 3803 4267 3992
f 924 3665 925
f 811 1314 3381
f 4268 834 833
f 2833 2265 2079
f 2265 465 4126
f 578 3735 2131
f 4073 3227 4056
f 4207 2921 1088
f 919 1446 917
f 1446 2028 917
f 2041 2778 4269
f 3048 922 581
f 4270 1203 1547
f 2790 2898 1447
f 3833 4259 663
f 3080 4260 3536
f 4271 1964 2043
f 3818 3764 1742
f 266 933 2675
f 4215 3590 3592
f 4272 2461 2460
f 4273 2803 12
f 1292 1978 1980
f 3986 3716 3868
f 1788 1534 1536
f 3574 2449 2448
f 925 778 780
f 778 925 3665
f 740 780 779
f 1534 1790 779
f 1061 2811 2197
f 3252 1218 373
f 2073 3530 3487
f 2785 1213 3025
f 835 2026 836
f 2026 1875 836
f 4270 2501 1203
f 3814 2965 3901
f 3552 172 2820
f 801 1806 1808
f 3569 3373 1494
f 2382 3427 2707
f 4072 1117 1116
f 1117 4072 3462
f 1459 2735 1475
f 735 1243 736
f 3735 578 3558
f 2809 1289 1620
f 3570 4007 993
f 2275 600 1230
f 3954 2438 2503
f 1515 3955 3954
f 4132 3256 3790
f 1434 3698 3786
f 3969 3148 3147
f 2502 2438 2437
f 698 3739 3722
f 423 754 4046
f 1887 1680 3143
f 4274 1611 2757
f 1366 418 1367
f 2422 2421 3120
f 2446 721 818
f 4275 1466 1465
f 2618 1535 3665
f 3665 1535 778
f 247 2109 245
f 866 4276 4277
f 1992 2954 1993
f 3323 3782 3209
f 4278 4279 4241
f 1863 448 2067
f 518 517 3329
f 2068 4280 1979
f 4279 1480 4241
f 1980 1979 4280
f 1263 3333 4281
f 3314 3629 538
f 1375 3360 3359
f 2729 658 1833
f 3920 3619 1568
f 1407 1327 3168
f 1701 1824 3171
f 4282 1135 1187
f 155 2313 4283
f 699 4284 429
f 4284 4094 429
f 4094 4285 4095
f 4285 4096 4095
f 4096 4286 2591
f 4286 4076 2591
f 4076 4287 706
f 4287 3705 706
f 620 949 673
f 3274 3273 819
f 1451 3345 1984
f 8 7 3718
f 2682 1629 1628
f 1630 2153 1628
f 1549 2836 3128
f 3367 3131 2884
f 2386 3117 2387
f 4192 2387 3117
f 3999 1727 3529
f 1727 3999 1725
f 935 2189 4001
f 3888 3887 541
f 2099 831 3617
f 3378 1880 3287
f 3843 1563 1817
f 3843 3241 3297
f 3029 3028 1870
f 350 2954 351
f 4288 4289 2693
f 3550 105 2340
f 154 3157 1858
f 3157 4290 4238
f 4291 4292 3068
f 4139 3068 4292
f 4188 3023 3022
f 1612 1619 1610
f 1062 362 680
f 362 1062 1
f 377 2136 745
f 1147 239 2288
f 2910 2909 1666
f 2909 1878 1666
f 480 1937 481
f 4182 1275 931
f 1860 3032 1861
f 1317 2011 1318
f 3911 4226 3342
f 3460 3646 1442
f 209 2496 52
f 3017 323 4194
f 4164 3979 1095
f 3378 3287 3379
f 931 1275 2537
f 892 891 932
f 4293 4294 1107
f 1275 4182 3967
f 3223 3866 1373
f 9 3342 4226
f 3528 3529 1727
f 2210 4048 2211
f 1693 1695 4295
f 2639 3138 2637
f 1836 3244 2215
f 2215 1558 4175
f 4296 571 570
f 3246 2288 2287
f 1648 2738 1806
f 4297 3871 4052
f 1876 1877 243
f 1877 3976 243
f 2028 1940 1775
f 1940 1939 1775
f 1939 2110 3719
f 2110 2109 3719
f 2109 2552 2391
f 2552 1876 2391
f 4298 4277 4276
f 3142 643 2020
f 4299 230 1090
f 4300 3017 1031
f 4014 3409 2818
f 2757 3130 4274
f 2332 2333 4301
f 2880 3437 2471
f 4302 2888 2887
f 1178 1177 1325
f 3078 1826 1075
f 1025 2686 2292
f 1312 2655 462
f 459 458 3990
f 3481 904 903
f 2124 2565 192
f 840 1934 4303
f 2631 3230 1616
f 1133 2571 2029
f 1133 196 1377
f 3020 398 3804
f 4304 3368 4305
f 4197 3345 915
f 644 4267 645
f 2436 2530 430
f 2554 2518 2010
f 3960 2214 2213
f 107 926 2023
f 1837 546 2961
f 546 2712 2961
f 2731 3366 2732
f 3395 258 2627
f 171 170 3058
f 30 3334 28
f 630 2863 1002
f 4114 1946 4254
f 1950 1651 1650
f 3027 688 2319
f 3904 42 384
f 2512 3348 2454
f 728 824 2177
f 2177 824 2175
f 2647 3340 2649
f 3340 2647 2150
f 1304 2663 3052
f 1187 646 4282
f 449 3870 1361
f 457 180 3944
f 1155 3252 373
f 1155 967 2001
f 4214 1175 2229
f 1753 3045 2619
f 4306 1278 1280
f 896 1103 3232
f 2201 64 154
f 2201 3277 727
f 2488 2172 2173
f 1344 3914 3915
f 981 3208 4018
f 3821 4020 3408
f 1319 4121 287
f 4307 3323 3209
f 4242 1113 1112
f 2997 1114 1113
f 3278 4227 3181
f 3180 3179 1692
f 3472 3001 2763
f 2225 1462 3000
f 3581 3448 3447
f 1873 3397 1874
f 1167 1574 2191
f 2777 1270 2100
f 4141 4308 2630
f 4309 3875 3217
f 2983 246 245
f 647 2552 247
f 3633 2002 3539
f 2002 3633 3668
f 3303 1316 1315
f 1060 4310 2345
f 396 2759 912
f 3771 910 2759
f 4282 3893 1135
f 1798 2359 2358
f 1493 77 2603
f 4311 77 76
f 3886 2597 2076
f 3980 3361 2242
f 4231 3621 3477
f 213 2636 2635
f 1751 3360 1375
f 501 1489 1488
f 1489 1062 680
f 4312 1701 1700
f 709 1973 487
f 4022 2951 1703
f 2951 420 419
f 2469 1004 2153
f 1004 2469 1156
f 2190 682 1301
f 936 935 4001
f 2026 835 2027
f 3996 2941 1405
f 4313 2222 1581
f 1172 1448 1450
f 4314 4100 4099
f 384 2823 385
f 1967 1956 2328
f 3198 3483 3090
f 3810 3659 2822
f 4315 3933 3132
f 1994 2877 678
f 2877 1994 3026
f 561 560 4215
f 4216 560 69
f 100 4120 3976
f 560 4216 4215
f 238 237 1354
f 2470 3757 3423
f 1303 3763 4316
f 248 250 192
f 1632 1393 3399
f 4070 3555 3557
f 4114 893 1254
f 1862 2935 2289
f 1943 3533 2305
f 1101 1492 1491
f 4032 4317 3727
f 3779 1368 1370
f 1513 2829 1461
f 2496 2495 2463
f 1079 2319 688
f 2839 1332 2393
f 4318 3631 3630
f 4319 4141 4140
f 2984 4319 4140
f 1674 3033 3144
f 3943 3944 2806
f 2283 2285 3892
f 3884 884 960
f 4320 1463 269
f 91 864 3854
f 864 3820 3854
f 3416 1517 863
f 3820 1516 2745
f 3112 3111 3232
f 4321 2430 4306
f 997 998 2721
f 998 4220 2720
f 2058 2147 2608
f 7 4226 3718
f 3771 3591 910
f 3861 3590 1747
f 4322 1549 571
f 4323 3337 492
f 2978 4319 2984
f 911 3861 3856
f 338 165 164
f 3440 3453 3356
f 2619 3045 2511
f 2511 206 2619
f 2283 2089 3363
f 3410 3950 3951
f 1207 4090 1208
f 4090 1207 2865
f 1380 439 2475
f 1121 4324 3432
f 4325 3104 382
f 2753 4325 382
f 2579 533 1831
f 209 208 2496
f 292 291 407
f 83 3660 3559
f 1911 935 3298
f 595 2038 3387
f 120 372 121
f 3841 2919 2918
f 3641 1468 594
f 4326 3450 3670
f 539 3989 2644
f 3290 3331 3233
f 2485 3572 3509
f 785 3674 3063
f 4237 3892 343
f 1973 1255 488
f 3867 663 3986
f 3986 3868 3867
f 4327 4328 732
f 732 1020 1019
f 2838 2943 2945
f 3739 2196 4329
f 3248 1194 2990
f 2515 2514 3310
f 2212 3239 2210
f 2507 3817 1338
f 798 2975 4127
f 2855 1388 1390
f 3663 2549 3253
f 1611 3010 2758
f 411 2583 409
f 4330 3469 3683
f 3503 4167 3501
f 3022 2211 4048
f 4331 2316 2315
f 2833 1947 2266
f 4332 2017 75
f 2282 1281 3781
f 1378 914 913
f 251 3825 4333
f 4334 3859 3888
f 4209 1381 1981
f 4275 1465 3741
f 3766 3765 4335
f 3742 705 2772
f 715 714 4027
f 1230 600 599
f 1599 2844 2879
f 283 282 3895
f 1278 748 750
f 267 266 2543
f 3309 576 2087
f 1759 2670 2669
f 1723 723 1331
f 3138 3307 2376
f 204 1836 1748
f 3931 2715 2714
f 4253 3454 3269
f 4233 4336 4337
f 4338 3724 427
f 3386 2818 691
f 2817 3802 693
f 2302 2301 3057
f 1303 1302 3763
f 3791 541 3887
f 3546 2066 1979
f 3515 575 559
f 3273 4339 2555
f 3410 4157 3598
f 4100 3090 3483
f 2005 1503 636
f 504 1503 502
f 1739 3937 3925
f 2324 16 18
f 4185 1059 3190
f 4052 4340 4297
f 2805 176 178
f 3407 4341 982
f 4342 284 1231
f 1303 4343 2663
f 3110 3653 348
f 61 2480 62
f 4235 3497 3496
f 2233 2361 923
f 3090 800 2329
f 800 799 2329
f 2616 2493 2492
f 1787 3082 1785
f 2958 2391 2390
f 4160 3656 1641
f 3407 982 981
f 1413 1125 1035
f 2707 2708 3827
f 2708 4024 3827
f 2897 628 2592
f 2592 627 4027
f 2329 2297 2327
f 4343 1303 4316
f 2862 1002 2863
f 2889 3624 3704
f 4087 3505 519
f 3746 4344 3909
f 2688 4005 2584
f 4236 3609 314
f 1292 2127 2129
f 2929 2740 2316
f 3622 4304 4305
f 1344 4152 4153
f 4251 906 254
f 2595 2594 1813
f 1293 1751 1294
f 3875 3949 1902
f 3985 3716 3986
f 3556 1676 676
f 1207 2710 2865
f 3467 3545 3990
f 2682 2055 2680
f 3235 2458 2680
f 367 3549 1471
f 1871 1175 4214
f 3459 3576 3840
f 3577 4208 1023
f 3362 1024 943
f 189 3004 4071
f 2447 3211 3210
f 4177 2458 1339
f 1067 1066 4138
f 820 1021 3274
f 2383 1428 1109
f 1427 2701 1683
f 3926 962 2950
f 1051 1673 1052
f 663 3867 290
f 663 4259 3985
f 2081 1771 3460
f 2157 2071 2158
f 3507 3463 3580
f 3812 4345 4271
f 1945 4346 2372
f 1801 783 782
f 1951 2957 1235
f 2957 1426 1235
f 804 1704 2402
f 661 2000 4167
f 1362 2069 449
f 4347 4282 4348
f 4349 2202 3862
f 727 2202 2201
f 1837 2963 2183
f 4270 1547 2947
f 3946 3919 3044
f 3919 1476 3044
f 1476 2509 2511
f 3613 2509 1182
f 3065 3689 4213
f 3898 3950 1265
f 1331 1333 3971
f 3052 2908 1304
f 3429 3603 886
f 3025 1952 1235
f 2008 857 2573
f 3300 1513 2573
f 3189 1999 3523
f 1999 1998 3523
f 3242 2121 2639
f 4350 2270 3153
f 3963 1690 3737
f 1690 213 1689
f 271 2267 3388
f 3053 2300 4224
f 350 329 328
f 3124 436 435
f 3667 2419 2361
f 3427 4081 4351
f 1373 3866 3865
f 3587 3973 3588
f 695 3357 4084
f 125 2992 1506
f 2432 3335 3426
f 1021 820 1022
f 2599 951 950
f 1009 1011 1038
f 4230 3040 353
f 31 3406 4061
f 1074 1487 2188
f 1074 2404 4245
f 127 1431 2992
f 2748 3611 492
f 4170 1466 4082
f 715 1231 283
f 4275 4082 1466
f 1233 4342 1231
f 920 1793 2533
f 207 3692 3691
f 3840 838 3459
f 116 3795 117
f 539 2646 4352
f 3679 1923 1925
f 262 95 260
f 4353 4024 4036
f 4335 3765 2744
f 4312 1825 1824
f 2966 4255 4354
f 3877 2802 2801
f 4333 3906 251
f 2472 3407 981
f 1407 1409 2903
f 4355 4187 4186
f 1855 4154 4283
f 4032 4115 4033
f 2400 2585 4112
f 2584 2583 2688
f 3698 1434 3869
f 3836 2897 706
f 3700 4248 1268
f 110 112 455
f 4066 952 2415
f 440 1567 1652
f 1240 2363 1591
f 1591 3728 1240
f 1005 3865 2915
f 1783 1782 3876
f 1415 2575 1416
f 1996 1488 5
f 4356 2827 1800
f 568 1764 288
f 2901 4357 3119
f 1409 3373 3569
f 1207 2711 2710
f 3498 3732 3731
f 943 4208 4358
f 2779 4273 12
f 3494 4229 3493
f 877 632 2613
f 2144 3761 3530
f 953 4045 2631
f 2879 2878 957
f 265 334 2878
f 775 1509 2095
f 330 1131 3842
f 668 4102 669
f 4102 1771 669
f 2474 4069 2912
f 4069 2826 2912
f 2826 4069 2824
f 1397 3019 3939
f 1526 197 3008
f 1664 3894 4347
f 3893 159 158
f 3438 3593 3527
f 3991 2702 3992
f 1792 1243 1410
f 1082 1716 1243
f 2108 2107 744
f 3204 2108 744
f 3556 676 675
f 810 809 3201
f 1215 4196 3415
f 4067 3071 3714
f 177 3623 178
f 480 479 2256
f 1343 2125 1006
f 1006 2125 250
f 3785 3120 3202
f 2842 2689 2583
f 1730 4005 1728
f 2584 1730 4112
f 1014 1013 1283
f 666 3965 2688
f 36 472 34
f 1552 472 473
f 390 2814 391
f 391 2814 3251
f 1642 3196 1643
f 2752 3195 2753
f 2696 4142 352
f 1619 2809 1620
f 1480 4239 4241
f 2687 2611 464
f 3211 2615 3219
f 1415 3479 3707
f 3153 2004 4350
f 2004 2852 4350
f 2614 2452 2615
f 4043 2924 3606
f 1015 1014 2066
f 196 3640 3553
f 10 2929 2316
f 4359 3945 1210
f 1911 3487 3761
f 3487 3530 3761
f 881 1966 2071
f 4275 2268 2267
f 46 3739 697
f 2073 2097 2071
f 2971 1851 1850
f 2960 2138 1449
f 2464 3086 3656
f 3827 2114 2380
f 3613 3857 206
f 3857 3615 3692
f 3688 2727 4213
f 3223 4360 3866
f 1331 723 2728
f 3087 3778 3649
f 3159 2121 2123
f 1128 2121 3242
f 4361 168 3537
f 3754 56 3537
f 3753 168 167
f 4327 732 1019
f 2517 2553 3203
f 3690 3689 4360
f 1370 1369 4250
f 3150 3152 855
f 3879 2782 3388
f 565 2724 2246
f 565 564 2946
f 4337 3066 2905
f 2643 563 4362
f 4363 4090 2566
f 3218 3874 3466
f 3897 410 3535
f 410 409 3535
f 2631 3369 1383
f 4364 4107 4316
f 39 4365 3451
f 128 130 3714
f 4366 4367 4368
f 4023 3807 2414
f 4055 3815 1559
f 211 2635 3913
f 164 2014 339
f 2064 1586 1587
f 4259 3833 492
f 492 491 4323
f 1952 3025 1145
f 1952 3968 1951
f 3471 1306 1305
f 2239 1154 3603
f 1843 3628 1844
f 1710 19 1821
f 836 1738 787
f 1738 3925 787
f 3398 3846 4369
f 3398 2878 334
f 3991 2703 2702
f 1987 496 4264
f 2344 4064 142
f 2081 1442 1444
f 4337 4336 4314
f 3846 1431 4369
f 2802 788 811
f 2802 3842 835
f 3141 3140 1895
f 184 183 3879
f 3299 2463 2495
f 1760 3734 3733
f 1838 2923 2137
f 3166 2755 2754
f 1169 498 2828
f 3812 3727 4317
f 909 2074 907
f 2290 2692 2291
f 635 1054 636
f 1054 1459 1053
f 1168 3341 451
f 635 3266 1780
f 568 1595 1594
f 1150 749 1525
f 3911 3912 2848
f 2003 2002 3668
f 1467 755 754
f 755 3967 4182
f 287 3587 570
f 287 2714 285
f 3634 3667 3633
f 3634 2984 3780
f 2298 26 25
f 3544 4370 1371
f 3684 3685 3016
f 2268 4275 3741
f 1410 4002 1792
f 4371 2235 862
f 604 1218 145
f 145 1218 2325
f 4338 1602 3895
f 1219 1028 238
f 3798 2114 2113
f 1065 1067 2112
f 93 3353 3352
f 1244 687 686
f 3283 4192 1394
f 1187 1186 3774
f 3445 814 2853
f 86 1439 4038
f 3686 2498 1390
f 340 2520 338
f 3084 3848 1908
f 4372 4373 3060
f 1968 4191 2141
f 3839 4374 4227
f 3303 2497 3247
f 1376 3359 2497
f 4075 4375 3256
f 3351 629 2907
f 3367 2884 3860
f 1690 4376 2636
f 890 2629 453
f 3442 1087 486
f 4377 1225 2022
f 1886 2636 4376
f 1391 3008 197
f 3008 131 1526
f 4146 4313 1581
f 1449 3733 1450
f 1540 2139 870
f 65 4349 4378
f 4379 2027 1544
f 802 2402 2401
f 3730 3732 3295
f 3732 4000 3295
f 1270 2777 1271
f 2741 1283 2274
f 450 2070 1573
f 2200 3374 1500
f 284 4342 1041
f 2401 2696 352
f 2477 774 751
f 1787 1786 4049
f 2097 2158 2071
f 3991 3801 3194
f 2703 1683 2701
f 982 4341 321
f 1369 1972 2309
f 1477 2092 1468
f 1971 2309 1972
f 1222 3448 3581
f 3442 4377 2021
f 2092 594 1468
f 1474 2039 595
f 1474 594 2022
f 2797 3301 4380
f 2090 270 2224
f 1980 2849 2942
f 2116 4112 1730
f 3572 2485 2486
f 2020 642 2018
f 59 843 2686
f 843 842 2686
f 3370 3353 93
f 3352 865 93
f 3551 478 2436
f 2628 3717 871
f 758 2353 1101
f 2353 1570 1102
f 1721 1720 4381
f 3444 4113 2416
f 1305 1307 3475
f 1165 3161 1163
f 885 14 3380
f 2199 958 1430
f 3094 3379 929
f 612 3451 1483
f 4382 146 2934
f 3823 3822 2260
f 484 3808 2578
f 3808 523 2578
f 3782 3323 4229
f 157 156 3551
f 2594 2395 2394
f 2197 1 1061
f 3796 444 725
f 3809 2387 3283
f 1347 1349 1591
f 1592 3728 1591
f 2790 2789 4383
f 1734 4380 3301
f 469 2770 2769
f 1579 2632 1580
f 4384 1200 1199
f 4077 4366 4078
f 3439 389 391
f 3358 1908 1297
f 1750 4384 1199
f 4095 4026 714
f 1461 1818 1460
f 1736 1017 1016
f 2734 2107 1777
f 3043 2037 227
f 4091 4079 3304
f 470 469 178
f 1700 1678 1886
f 1678 1887 1886
f 3338 2813 3339
f 1936 1937 480
f 438 437 70
f 2606 3414 2617
f 351 2954 1992
f 370 2487 2488
f 1252 2537 1277
f 1277 2537 1275
f 150 1076 3927
f 2668 1675 3908
f 1365 4012 3891
f 4248 948 947
f 1431 3805 4369
f 4375 1794 3256
f 1916 2438 3954
f 2745 1516 2503
f 2503 1515 3954
f 1516 3820 863
f 4335 2746 1418
f 2746 4335 2744
f 865 91 93
f 865 3416 863
f 782 1249 1801
f 4385 2211 2800
f 2009 3528 1727
f 4317 4031 3599
f 3326 4163 3589
f 2626 2046 2972
f 897 1647 4129
f 1322 1324 2478
f 2967 563 388
f 4157 2643 1626
f 1272 2238 2237
f 3306 4089 1667
f 4265 417 4193
f 1687 3249 1688
f 2131 4165 1246
f 4386 2086 592
f 4066 2536 2922
f 2580 2536 2535
f 1200 3882 482
f 2826 4129 2273
f 4000 3192 2783
f 3841 2918 4088
f 3463 85 1117
f 3708 2940 4030
f 1267 385 3794
f 2821 2823 384
f 1542 3933 526
f 3675 1325 1177
f 2050 875 2051
f 2821 41 3810
f 3794 2823 1417
f 1417 2822 1418
f 3810 2822 2821
f 3659 3810 874
f 2051 41 40
f 2322 2529 2528
f 384 42 2821
f 386 3903 384
f 3068 2967 3066
f 3090 4100 800
f 1417 2683 3794
f 3772 2168 3773
f 3305 3304 4079
f 242 244 4387
f 2709 311 1696
f 4077 4091 3623
f 1233 1518 1041
f 1231 2163 1232
f 589 2628 2048
f 803 802 1160
f 1750 3932 2532
f 3932 2533 2532
f 3587 1321 3973
f 3225 3224 2919
f 2118 4388 3544
f 4388 2118 2120
f 2569 2120 2119
f 4389 3557 675
f 1921 1920 3524
f 616 1920 614
f 656 658 678
f 2551 679 2729
f 2245 2339 3582
f 2339 2245 2180
f 3493 1633 2834
f 2626 3394 2627
f 1643 4218 1641
f 4218 1857 1641
f 922 1398 2179
f 2326 4209 3048
f 2041 4044 2277
f 4300 4269 2778
f 1438 1440 945
f 4366 4368 1441
f 4390 81 4391
f 904 1713 1403
f 3625 2296 4366
f 3536 3974 3080
f 3849 608 2936
f 607 3326 2937
f 1050 1057 999
f 4035 290 289
f 794 1779 757
f 1779 613 757
f 1208 4089 3305
f 3419 2486 1142
f 51 993 992
f 135 4243 828
f 1698 2709 1696
f 3306 3305 4089
f 3841 2482 2481
f 4088 1207 1206
f 2295 3998 4078
f 2295 1206 3998
f 1282 1092 226
f 1092 1091 227
f 3891 4012 2667
f 374 1143 1012
f 2266 2995 3229
f 43 45 2477
f 3768 3906 3485
f 1204 1718 1205
f 1819 1976 1975
f 1889 1819 2829
f 2484 3161 2182
f 3285 3724 4392
f 4022 3597 420
f 1623 1190 1622
f 3875 4309 3949
f 3817 2507 1744
f 2794 2780 2791
f 1311 231 230
f 3384 3222 209
f 2132 4238 3039
f 3789 1859 3787
f 2789 1493 2604
f 4143 509 3889
f 3155 4230 353
f 457 1650 1649
f 650 1897 651
f 1269 946 3163
f 1406 3096 1404
f 793 2933 794
f 3323 3917 4229
f 3841 4088 2482
f 2294 3690 2481
f 2595 1813 1384
f 4040 3224 3762
f 389 3439 3330
f 4393 3791 760
f 191 193 1219
f 193 2245 1219
f 919 1071 1446
f 1070 2028 1446
f 1646 1645 3296
f 1645 320 3296
f 3686 2160 2159
f 286 1319 287
f 4135 2161 3470
f 2159 2161 4394
f 1400 3282 567
f 395 1400 1402
f 4347 1665 1664
f 2480 1604 3987
f 678 679 1994
f 2586 4395 2587
f 2604 4281 2789
f 4108 3406 33
f 4230 2133 2132
f 2134 3286 1858
f 3889 24 3155
f 24 3889 1106
f 2386 2385 2743
f 115 1202 275
f 1566 3897 3535
f 947 1268 4248
f 1424 1423 2671
f 3088 2674 3089
f 513 2429 3148
f 2429 513 3518
f 3517 4212 4396
f 4301 4135 4330
f 4210 3265 3725
f 3081 3740 848
f 1193 3978 3902
f 3978 2300 3902
f 604 2012 3937
f 3191 3553 3640
f 1283 2228 1284
f 3925 3937 2012
f 1276 964 3276
f 963 4397 4398
f 3333 1263 1051
f 2531 879 881
f 2368 298 1812
f 297 3822 1384
f 3970 4032 3727
f 3792 30 29
f 4197 783 1801
f 4385 2800 782
f 3119 1656 3118
f 3977 1363 1364
f 1925 2305 3679
f 4399 3543 1924
f 2936 1862 554
f 1923 313 1924
f 4369 4236 956
f 290 4035 662
f 3630 1990 1989
f 2207 2206 3417
f 4400 786 785
f 631 3543 4399
f 2562 2113 3837
f 3837 2987 2986
f 2389 2341 3184
f 1348 2389 3184
f 1730 3070 2117
f 3070 3069 2117
f 1823 2487 3170
f 2487 369 3170
f 970 279 969
f 277 279 4001
f 3565 448 447
f 3664 2607 2618
f 2621 4211 2146
f 3599 4345 3812
f 2229 561 4214
f 3607 1173 392
f 2001 1072 1155
f 4245 1072 1074
f 1300 2191 1301
f 1300 970 1935
f 2625 1827 2094
f 2095 1509 2094
f 2968 2676 2304
f 264 263 2304
f 3261 4401 4003
f 2950 1275 3967
f 2010 1703 2554
f 2554 1703 2951
f 1805 4362 1803
f 4402 293 292
f 3561 3999 3529
f 2130 522 1445
f 2859 3411 3598
f 2860 606 3849
f 606 2860 386
f 2031 4147 482
f 4147 1929 482
f 1929 4147 584
f 3413 4183 2672
f 1502 36 2443
f 1290 3504 1669
f 2695 1629 2681
f 3678 1875 2589
f 4016 1510 1511
f 4361 3080 3079
f 2851 1632 1631
f 3740 3993 848
f 4341 3409 4015
f 3537 168 3754
f 3931 3129 3835
f 4153 1345 1344
f 3445 1592 1349
f 3213 161 3862
f 1521 3441 3137
f 3396 3583 2926
f 2865 2566 4090
f 462 1429 1312
f 4159 1546 3021
f 2865 3435 2115
f 2151 3438 2149
f 3438 3527 2149
f 4050 3748 4219
f 3322 2286 3917
f 4011 112 1443
f 2711 4088 2918
f 121 605 2013
f 605 604 2013
f 4403 406 768
f 1097 432 769
f 594 2092 2021
f 2954 2799 2798
f 1809 1883 1882
f 1883 1809 2389
f 2041 1810 103
f 4234 1882 98
f 1994 1995 3996
f 1355 2587 4395
f 1882 4234 1809
f 2941 1995 2881
f 1811 2041 2277
f 2342 1811 2277
f 92 2244 2531
f 2244 92 91
f 2339 1826 3582
f 1075 60 3078
f 872 1711 4156
f 2701 1427 1426
f 1794 4375 2532
f 4375 4075 2532
f 1515 939 3955
f 3650 2676 2969
f 3601 1618 2994
f 2605 2994 1618
f 4404 3901 2965
f 2629 4405 2630
f 1270 433 4080
f 433 1270 1068
f 434 1068 556
f 434 1584 432
f 2508 3892 2506
f 768 406 1128
f 3250 3251 2813
f 391 3251 2359
f 716 1602 1603
f 2751 2750 3875
f 922 2178 920
f 2178 1794 920
f 4399 3049 2907
f 1580 235 3586
f 2833 1522 1945
f 1522 1521 1945
f 3139 1086 3595
f 2343 4162 3184
f 2805 4406 176
f 4406 2805 2699
f 113 1216 2953
f 1341 2776 2362
f 4036 3605 4353
f 3605 3604 4353
f 1683 2703 1681
f 2703 3991 1681
f 1184 38 37
f 2142 3871 3449
f 1553 530 529
f 2165 2164 2587
f 4237 2089 2283
f 3885 2620 2827
f 2866 4071 3004
f 1008 4125 3844
f 4407 4305 3368
f 4316 4387 3900
f 3901 3975 3814
f 2771 2804 1773
f 960 4083 3884
f 2249 2248 4138
f 227 226 1092
f 4408 790 1245
f 3870 121 1361
f 2085 341 3009
f 455 3944 1953
f 1432 126 3955
f 3518 346 2429
f 4060 1359 1358
f 4060 4124 1926
f 1375 3359 1376
f 3247 3359 3248
f 2694 2693 3748
f 4344 4289 3910
f 2153 1630 3694
f 2568 4219 2569
f 2072 3530 2073
f 829 3942 827
f 4057 1455 1537
f 1537 3977 4057
f 3329 2750 1229
f 2782 3389 3388
f 4247 3786 3698
f 3698 3697 4247
f 4409 4131 3826
f 303 502 304
f 2215 544 546
f 3789 3788 3993
f 3847 1769 4355
f 4272 1768 3759
f 2254 3187 2868
f 3187 989 2868
f 376 3881 632
f 3963 4312 1700
f 2284 2780 2794
f 1889 2830 210
f 3203 732 4328
f 506 997 3737
f 465 4130 4266
f 4130 2611 4266
f 4238 4410 3039
f 2145 623 2904
f 1327 2902 1325
f 2902 1178 1325
f 1178 2902 2901
f 3614 4392 4338
f 3031 3175 2233
f 1434 1436 3869
f 3622 3621 2732
f 1216 115 274
f 114 3713 1202
f 2354 3891 2666
f 1522 2079 1523
f 771 770 3947
f 353 3890 3155
f 2826 3554 2912
f 3497 3394 2972
f 3654 4042 2998
f 4042 4041 2998
f 3976 586 100
f 586 101 100
f 101 3856 1747
f 910 3591 3861
f 3169 3171 1824
f 1825 2488 1823
f 2525 1396 1668
f 1320 2355 1321
f 1371 3865 1005
f 3865 1371 1373
f 2416 4113 537
f 4113 3452 537
f 4411 646 645
f 304 4412 302
f 3167 1964 1963
f 3437 4413 3142
f 4242 2319 2911
f 2319 4242 3027
f 3824 4333 3825
f 1889 210 1890
f 4040 3762 3193
f 1373 3762 3223
f 1140 2240 1141
f 3034 2240 3471
f 2678 2677 3982
f 1865 4331 2315
f 3143 4152 3541
f 3076 3915 1262
f 4352 3534 4334
f 4334 539 4352
f 2392 2728 2005
f 3752 720 4150
f 1475 909 908
f 4185 1774 3673
f 4356 1800 1799
f 1652 4097 3763
f 1343 1342 2403
f 1342 1008 2403
f 4348 645 2765
f 4267 644 3992
f 3434 172 171
f 4338 3895 4134
f 1648 3777 1044
f 4021 3670 1470
f 3783 2164 1593
f 2839 2393 2620
f 2597 3886 1904
f 2555 819 3273
f 3071 4067 3072
f 4068 130 3856
f 2632 1579 1613
f 1579 1578 1613
f 2768 2770 3673
f 4186 3847 4355
f 36 1502 473
f 2445 1502 2443
f 3618 4414 1529
f 4298 2018 642
f 51 4008 49
f 4008 1849 49
f 709 708 2752
f 4415 4256 2966
f 298 2368 296
f 298 1384 1813
f 4315 3675 3933
f 4383 2550 776
f 22 3681 357
f 3681 22 24
f 508 507 4124
f 4405 890 889
f 3969 3147 1217
f 345 3147 2429
f 1515 2503 1516
f 2503 2502 2745
f 1916 2439 2438
f 2439 2490 2437
f 3753 1919 4179
f 126 1916 3954
f 879 2244 3853
f 2831 3303 2832
f 2683 1419 2437
f 2490 2683 2437
f 3802 4020 2018
f 2018 4298 3802
f 642 2020 643
f 642 641 4298
f 4402 3957 2758
f 1527 1529 4414
f 2514 4416 4417
f 4061 1204 31
f 2852 1158 4350
f 4418 2976 2271
f 2330 1997 2331
f 256 2462 4039
f 1581 3414 1914
f 3414 2606 1914
f 70 2513 3328
f 2513 70 437
f 1527 3548 3755
f 3669 2414 3807
f 3274 1021 3626
f 3992 644 4263
f 3229 2981 3823
f 2981 1384 3823
f 810 1315 1314
f 3381 1316 4419
f 141 95 94
f 95 141 260
f 2788 2660 2126
f 2660 2788 3927
f 159 3894 913
f 1378 2345 914
f 4349 3884 4083
f 4041 959 3948
f 1051 2373 1861
f 2373 965 1861
f 4246 1122 3663
f 3663 4245 4246
f 2787 2301 2010
f 2787 2518 3648
f 3573 2317 3377
f 3723 4036 3704
f 740 4188 738
f 322 4194 323
f 3407 2472 3821
f 2033 2471 3437
f 3407 3409 4341
f 4015 4014 3674
f 1808 625 624
f 2027 2928 1544
f 578 2371 3558
f 3117 2997 4192
f 418 1366 2354
f 1366 1365 2354
f 3058 4295 1695
f 975 3130 3272
f 417 4265 415
f 416 974 2217
f 1184 4420 2142
f 1458 3390 1456
f 597 1461 598
f 4293 321 4341
f 2456 3563 2563
f 4276 866 3243
f 2366 38 3449
f 311 2709 550
f 2548 1064 232
f 1064 1689 212
f 3572 3510 3509
f 3802 4276 3243
f 3647 2430 4321
f 2432 4306 2430
f 3513 1622 3343
f 3513 2582 3203
f 1662 122 767
f 122 765 767
f 3786 3896 1435
f 3372 946 948
f 4155 1423 2561
f 3447 3446 1087
f 1573 696 698
f 696 1573 2070
f 796 795 1585
f 983 985 2171
f 4240 4239 1571
f 3073 585 586
f 618 2943 619
f 4342 1233 1041
f 2478 3016 1322
f 4398 3685 3276
f 3961 1859 3789
f 3531 3829 3787
f 2493 2616 3574
f 2492 2614 2616
f 2494 3037 1938
f 3037 2868 1938
f 2041 4269 4044
f 2778 795 4300
f 3009 2086 2085
f 2087 576 2218
f 2239 1140 2306
f 2306 1154 2239
f 690 692 4021
f 1670 2705 1671
f 781 3013 3652
f 3013 781 783
f 2609 117 4150
f 4274 4421 2467
f 4422 4365 4423
f 3025 3024 2785
f 113 2894 114
f 2894 2893 114
f 2164 2407 2586
f 3783 94 96
f 1785 3127 3126
f 1159 3175 3126
f 3055 826 3852
f 4046 756 930
f 2097 2098 2158
f 2411 3852 3312
f 3212 1834 1557
f 4424 2767 2766
f 426 529 424
f 510 4302 1553
f 1078 2318 1079
f 2911 2318 1878
f 627 1741 4027
f 627 2592 628
f 1885 1887 3542
f 1623 1191 1190
f 4027 2163 715
f 2163 1231 715
f 1044 1046 1607
f 1044 1607 1454
f 1895 1894 643
f 1610 2060 1611
f 702 72 71
f 3506 1954 1439
f 53 52 2496
f 52 3384 209
f 1291 2106 1552
f 2106 1291 1671
f 2299 3064 2298
f 119 1168 1935
f 1654 4372 1655
f 850 849 3726
f 130 4068 4067
f 4416 1751 4417
f 1385 1387 3971
f 3971 1387 3257
f 1866 1865 2315
f 2315 4156 1711
f 3362 4368 176
f 525 1543 526
f 129 2259 130
f 2886 3744 2887
f 489 1854 1853
f 1653 1855 1854
f 3959 1961 4006
f 2874 2664 592
f 2260 2262 463
f 514 3594 515
f 4027 4026 2590
f 4026 4095 2590
f 1030 4269 4300
f 4269 1030 4044
f 3552 2278 4044
f 2278 2277 4044
f 2213 942 941
f 3764 3818 3909
f 2464 3656 4160
f 257 2456 4025
f 4311 2825 3315
f 3703 3776 1567
f 4242 2911 3281
f 1344 3915 4152
f 2595 4190 1977
f 4038 1439 1438
f 2675 3650 2541
f 3087 3649 3088
f 2689 3916 666
f 2689 2688 2583
f 3388 2267 2269
f 3093 4166 3091
f 1478 1224 1223
f 3281 1113 4242
f 2184 2186 3199
f 2185 1885 3542
f 4258 4425 2852
f 2937 608 607
f 2967 387 3066
f 1589 3054 3261
f 3290 3289 3331
f 3331 3289 689
f 3642 3644 3116
f 3874 3875 2750
f 3917 711 4229
f 3917 3323 3322
f 6 5 1488
f 3747 4219 3748
f 3063 1562 2375
f 2637 1561 650
f 3674 2040 3063
f 3657 4014 3385
f 1633 2247 713
f 712 1336 1684
f 1833 4413 2729
f 4413 3437 2729
f 2161 4136 4394
f 1554 1556 3811
f 1154 2306 1152
f 4426 4187 4355
f 2205 3610 938
f 3609 4236 4017
f 3735 3596 2131
f 2011 3528 310
f 888 3602 3760
f 3602 3601 3760
f 2008 858 857
f 3711 4039 859
f 513 515 4158
f 3795 3348 4150
f 1595 3867 1596
f 3654 4180 2846
f 1130 2856 2928
f 507 4013 3844
f 188 3146 189
f 4250 707 1370
f 3866 4360 3689
f 3751 1065 3749
f 975 4145 4427
f 4385 2212 2211
f 3063 4400 785
f 1142 3533 1943
f 2645 2644 3318
f 4393 3989 539
f 951 673 949
f 2598 1296 951
f 3888 540 4334
f 3509 3859 2485
f 3173 2723 2427
f 2723 3173 329
f 3793 3792 4123
f 917 2108 918
f 671 4264 672
f 671 260 141
f 4148 1931 1842
f 417 2217 1100
f 253 3825 251
f 349 348 3653
f 3739 2192 3722
f 3722 2191 1574
f 2857 2059 3237
f 2062 2857 3237
f 3173 3172 522
f 3172 523 522
f 3231 2721 2720
f 997 2721 2173
f 2796 2352 3539
f 648 647 2352
f 2983 2982 246
f 2982 3633 3539
f 2352 2796 648
f 2796 3153 2795
f 3071 649 648
f 649 1876 647
f 2109 247 2552
f 247 2352 647
f 2520 340 2519
f 2731 1765 1764
f 764 763 3672
f 3050 1815 1816
f 2914 2576 1003
f 2576 2914 2726
f 1980 4280 2849
f 3905 1038 4420
f 1154 3880 887
f 3880 630 887
f 4367 3623 4368
f 3102 1413 1220
f 523 3882 2890
f 3882 1200 2890
f 3799 1756 3498
f 4040 1755 1754
f 3428 2382 2381
f 1147 683 1148
f 2506 1744 2507
f 1947 2833 1945
f 3004 3459 2867
f 179 2806 180
f 3645 528 1443
f 2090 2089 270
f 4370 4388 4428
f 3645 1443 1442
f 457 1649 180
f 2655 4429 1797
f 2481 3690 4360
f 3943 2806 2808
f 2782 183 3295
f 3642 1256 182
f 1080 3156 3162
f 3156 2346 3162
f 1482 655 348
f 655 3110 348
f 2380 3798 2381
f 2114 3749 2112
f 2926 2927 1988
f 1001 2896 2927
f 3996 1405 99
f 1405 1404 99
f 98 97 4234
f 97 103 4234
f 4159 2588 1546
f 2612 3781 852
f 1795 2540 2539
f 2351 2899 4110
f 1380 400 721
f 400 818 721
f 4430 4256 3215
f 3215 3214 4430
f 4378 66 65
f 4180 3109 2847
f 2442 4332 90
f 2340 4371 862
f 3922 549 548
f 1364 3322 3977
f 3167 2755 3166
f 3493 2754 215
f 1750 1199 1286
f 518 2741 2274
f 3178 3638 3179
f 2940 3708 3638
f 3744 3608 4431
f 2624 3005 3639
f 1201 1708 82
f 3677 1362 1361
f 2775 3997 98
f 3997 3996 98
f 2623 753 1334
f 753 2623 378
f 751 3014 2477
f 3014 2478 2477
f 805 3060 1731
f 3645 424 529
f 49 2413 2369
f 2413 3669 2369
f 377 3966 378
f 2867 2808 2807
f 3274 819 820
f 2908 441 1304
f 3329 3316 518
f 3316 3562 518
f 545 544 4175
f 544 2215 4175
f 3788 3787 3829
f 3787 3286 3531
f 4230 23 2133
f 23 22 3531
f 3286 2134 2133
f 2134 4238 2132
f 279 1115 4001
f 3667 2232 2234
f 76 3137 3441
f 2346 1944 4257
f 383 382 4028
f 39 4423 4365
f 540 539 4334
f 3888 3216 3215
f 3947 3217 3183
f 3767 3489 3392
f 3874 517 3466
f 3317 1310 3878
f 4359 1210 1209
f 1211 309 1209
f 2625 1828 1827
f 421 1829 1828
f 2384 3512 2037
f 3007 3154 2781
f 1176 4432 1007
f 249 248 3135
f 3275 3436 3273
f 772 2999 3106
f 285 2715 3340
f 2715 2649 3340
f 251 3906 3905
f 3907 3768 1009
f 2174 611 503
f 807 3826 3928
f 3094 3095 3379
f 3095 3380 3379
f 3790 3255 2179
f 3255 1794 2179
f 4112 2116 2400
f 4433 1127 276
f 2944 2943 618
f 2253 3249 1687
f 3247 2990 2832
f 2991 1193 3902
f 1184 252 4420
f 2850 2849 4280
f 3408 2817 2818
f 2818 3409 3408
f 2662 4434 2660
f 4434 2126 2660
f 1737 500 695
f 667 500 499
f 1581 2222 1582
f 2222 2221 1582
f 2734 1777 1776
f 1777 2028 1775
f 3398 955 957
f 2459 2461 1666
f 2451 2450 9
f 2450 2582 9
f 3823 4019 3229
f 3062 2171 686
f 445 2190 4329
f 2216 2634 4002
f 1605 2593 1606
f 2045 3313 3852
f 1606 2593 992
f 4271 2042 3812
f 1162 4268 833
f 4419 4003 3381
f 1832 3973 2355
f 1372 4428 3193
f 309 4106 1209
f 3541 4152 3915
f 2184 3913 2185
f 2635 211 213
f 1126 2407 96
f 96 2407 3783
f 529 426 1553
f 3469 3468 3683
f 1091 3024 1108
f 3024 1235 1108
f 1448 1851 1449
f 1449 1851 2960
f 363 4033 364
f 4033 363 4031
f 587 2987 4029
f 2987 4030 4029
f 458 2257 1033
f 2257 2556 1033
f 1334 2621 2623
f 4206 2659 2658
f 4072 4184 3579
f 87 4037 971
f 2196 3739 48
f 46 697 2837
f 4240 3246 4047
f 3246 4240 1571
f 1416 3271 490
f 2899 2898 4101
f 3607 1171 4164
f 1171 3607 3134
f 1821 4122 4123
f 2834 4435 2044
f 2795 4062 3714
f 4365 2931 3451
f 2705 2704 1671
f 2397 322 1906
f 4204 1532 4203
f 2601 2600 3054
f 965 555 1861
f 555 1862 1861
f 577 3962 2371
f 3962 2369 2371
f 3085 734 1973
f 3085 709 381
f 4227 3278 3839
f 3181 3858 3278
f 4353 4374 3930
f 4227 3604 3182
f 1658 1692 3179
f 1692 1691 3180
f 467 466 3176
f 3177 3839 3278
f 468 4265 466
f 467 3278 3858
f 1762 1763 3402
f 468 3858 3164
f 3799 3731 1298
f 3165 415 4265
f 466 4193 1733
f 4193 466 4265
f 1588 2991 3902
f 2991 1588 2832
f 1715 108 2219
f 446 1732 447
f 3477 2733 4231
f 2733 3477 289
f 805 402 1295
f 402 401 1295
f 2410 2409 1148
f 526 2203 524
f 4436 2749 4323
f 2465 4160 4161
f 3845 333 1507
f 4216 1747 3590
f 3590 3861 3591
f 3861 911 910
f 3853 1958 1957
f 1538 684 1572
f 3757 3327 3423
f 3327 3757 3326
f 1174 2230 2229
f 559 2470 3515
f 4415 759 761
f 3878 3318 3317
f 3991 3194 1681
f 4263 3801 3992
f 3916 1456 666
f 3077 3076 1262
f 1457 3916 2421
f 1457 2423 1458
f 4259 4144 3985
f 4144 2560 3985
f 3564 2457 2559
f 1855 3099 1853
f 1278 4306 3426
f 1637 1897 1560
f 1897 1637 1636
f 4092 1647 3743
f 4092 3956 319
f 3105 844 58
f 844 3105 1642
f 3323 4307 3321
f 3310 4307 3209
f 795 3017 4300
f 3122 3121 3965
f 1358 1360 509
f 2504 1360 2246
f 2695 2681 4437
f 2695 4288 2693
f 3677 1361 3678
f 3677 2589 3113
f 3386 3385 2818
f 3385 4014 2818
f 2704 4382 2934
f 1671 2704 2106
f 1662 4438 2165
f 848 3265 3081
f 3818 3391 2678
f 1742 2546 3818
f 1642 3158 3196
f 4325 2753 3196
f 448 1863 446
f 3508 1770 710
f 971 4358 188
f 4358 971 943
f 2560 2559 2457
f 3428 2559 4081
f 2905 3066 2906
f 2405 2404 1074
f 3885 4356 3703
f 4356 1799 3703
f 352 3890 353
f 3890 352 4142
f 4041 3948 770
f 3948 3947 770
f 2330 1996 1997
f 4 6 1900
f 4439 4440 4235
f 2275 1230 2803
f 3329 1229 1228
f 4441 3874 2750
f 986 2684 2464
f 4025 3567 257
f 1272 3464 2321
f 3464 2938 2321
f 2649 3835 596
f 225 224 2524
f 2155 717 719
f 2765 645 4267
f 4267 3632 2765
f 1695 1705 171
f 1430 958 231
f 3565 4280 2068
f 1979 2066 2068
f 2066 4201 2067
f 448 3565 2068
f 2440 474 839
f 838 3840 2441
f 3120 2841 3202
f 3120 3785 2422
f 3957 3627 3272
f 3627 3957 292
f 214 1194 2515
f 2516 3248 3360
f 4223 4128 4023
f 4435 202 2044
f 29 3972 4128
f 3958 4004 3770
f 3115 3730 3642
f 1376 3201 1374
f 3923 4442 3924
f 3985 259 3716
f 259 3985 2560
f 2065 852 851
f 2921 280 1088
f 3375 2101 3376
f 2101 2100 3376
f 1625 3903 2860
f 3903 386 2860
f 3983 2258 2259
f 3270 637 3009
f 1438 944 4037
f 944 943 4037
f 4203 3284 3831
f 2194 2193 3831
f 2700 3636 4108
f 3636 3635 4108
f 1029 2293 75
f 2293 1029 1847
f 1548 3713 1609
f 359 1609 3713
f 2093 2978 2983
f 2978 2984 2983
f 2157 2156 2531
f 1395 3281 1396
f 537 2412 538
f 1881 3055 2411
f 630 3371 2863
f 3371 3370 2863
f 1702 3597 4022
f 259 2560 257
f 1642 3655 844
f 3655 842 844
f 3798 2380 2114
f 2380 2707 3827
f 3125 3124 1551
f 436 1217 274
f 906 4251 4443
f 4251 4004 4443
f 3859 4334 3534
f 3533 1142 2485
f 3838 4030 2987
f 4444 4445 1261
f 4440 3497 4235
f 229 319 3956
f 2494 2256 335
f 3967 3926 2950
f 3869 3644 948
f 948 3643 3372
f 289 1765 2733
f 1765 2731 2733
f 1917 1323 4397
f 115 1216 113
f 74 2719 527
f 2719 74 2317
f 2317 3573 2719
f 2053 2052 4437
f 3828 477 1655
f 477 3828 1295
f 801 4336 1806
f 4426 3162 4310
f 307 3186 3723
f 3186 4036 3723
f 140 4064 4065
f 4064 140 142
f 1901 2378 2529
f 18 1627 2751
f 4131 3087 3089
f 979 3030 1916
f 3114 3074 4303
f 725 443 542
f 2007 1726 3709
f 1726 2007 1727
f 1725 1110 4443
f 170 3552 1030
f 4231 2732 3621
f 2652 3053 4224
f 2900 1011 2388
f 2388 1010 622
f 4051 621 2466
f 2367 2717 2466
f 950 1010 1009
f 1010 950 622
f 2388 1504 2900
f 2036 3586 228
f 2048 3567 4025
f 1109 1428 1427
f 1340 2877 2776
f 2362 1239 1341
f 1340 1339 1892
f 894 1143 1492
f 2776 3026 2775
f 2776 1341 1340
f 573 3631 4318
f 2113 2112 1067
f 2523 957 956
f 2730 3047 219
f 1858 152 154
f 1511 152 3961
f 2396 786 3311
f 2396 1693 2397
f 1152 2305 1925
f 4352 2646 3679
f 1539 684 1538
f 1480 1479 1538
f 4016 3994 3740
f 959 884 2379
f 2870 3507 1139
f 2870 1138 2869
f 480 2256 1936
f 2494 1767 2256
f 4000 2783 3295
f 2783 2782 3295
f 487 3185 708
f 3185 3384 708
f 3607 392 394
f 1714 2428 1084
f 1600 2357 741
f 192 191 248
f 507 3844 4124
f 4124 4125 4432
f 3736 3325 1825
f 4140 3780 2984
f 3355 378 3966
f 2882 4141 1941
f 3863 3433 3432
f 2892 4446 3422
f 2514 4417 4307
f 4057 4307 4058
f 3317 3319 760
f 938 3610 3609
f 3233 3234 3290
f 3290 3234 3671
f 4217 2763 3001
f 4314 4099 3067
f 1896 3001 3000
f 3001 1896 4217
f 3346 643 1894
f 1874 4071 2866
f 3154 3516 2082
f 2791 181 2792
f 2763 4217 2932
f 3584 2762 2761
f 2226 3472 4447
f 2224 1462 2225
f 2082 2084 2773
f 4320 342 2218
f 4291 3067 4099
f 2773 4072 2082
f 1463 4320 1248
f 2806 3944 180
f 2798 1993 2954
f 2798 2800 2211
f 1636 3205 2891
f 3205 1636 1638
f 2261 3455 2262
f 2261 2260 3268
f 3547 3807 3548
f 3366 2731 3131
f 299 301 664
f 299 4448 3797
f 4014 3657 3674
f 3387 3657 3385
f 4446 2348 3422
f 4153 2743 2385
f 113 4176 2894
f 3829 3519 3872
f 4449 4262 903
f 4301 2333 3811
f 2320 3365 551
f 3365 552 551
f 1962 4345 4224
f 4345 3599 4224
f 720 1183 4150
f 1183 2609 4150
f 1531 3284 1532
f 3284 4203 1532
f 218 4225 4450
f 707 706 3705
f 2547 1465 1464
f 1466 2677 1464
f 335 2256 479
f 1638 2039 3123
f 2826 3499 3554
f 3499 1392 3554
f 1144 2032 3112
f 2032 375 3111
f 1955 2453 1437
f 2725 3100 1437
f 921 920 579
f 581 921 579
f 408 1467 84
f 1525 749 3793
f 3934 3144 4111
f 1990 3629 542
f 4206 157 3551
f 2119 2469 3694
f 3833 490 492
f 4169 2569 3747
f 1903 1905 2968
f 1814 1813 2594
f 3498 1755 4000
f 1755 4040 4000
f 3495 1205 1718
f 602 1568 2111
f 2006 2692 2005
f 157 4206 2313
f 3104 4325 3158
f 3694 2568 2119
f 888 890 453
f 3773 1422 1421
f 3191 3190 1058
f 3405 4427 4145
f 1776 2756 2734
f 2756 2735 2734
f 1267 1188 3424
f 1188 3425 3424
f 617 1164 618
f 395 2760 396
f 3171 4315 3132
f 3171 3169 3168
f 2221 3830 3412
f 1909 3358 409
f 3233 3330 1090
f 1798 3453 2359
f 4404 2965 2964
f 1717 1719 3813
f 60 1076 2668
f 505 1329 998
f 2408 4303 1934
f 848 2349 849
f 2365 4391 81
f 1401 1400 3662
f 1559 1481 4055
f 1559 4175 1558
f 3568 3265 4210
f 850 3725 3265
f 2460 2208 4272
f 3505 3374 3373
f 4173 2985 3500
f 4397 962 3010
f 2463 4039 2462
f 53 2496 2463
f 630 1153 631
f 1153 1152 631
f 4431 3817 1743
f 4431 3608 2030
f 2899 4101 4110
f 2898 2790 4383
f 4159 3021 3804
f 4180 2847 2846
f 3472 2226 2225
f 1594 4449 3662
f 1533 200 123
f 237 200 1355
f 2939 4063 1540
f 1761 2139 3005
f 2670 2625 2094
f 2670 1759 1761
f 4451 3571 2542
f 3571 1331 3257
f 380 3881 376
f 3881 380 2347
f 3257 2542 3571
f 2543 2675 2541
f 2542 3257 1433
f 2542 2541 4451
f 876 3953 874
f 3198 1956 3953
f 801 800 4100
f 4100 4314 801
f 74 4332 75
f 3659 4335 1418
f 3953 876 3198
f 876 2050 3483
f 3259 3260 739
f 976 2217 974
f 3594 514 3148
f 514 513 3148
f 2828 704 2262
f 704 463 2262
f 3925 2012 3923
f 2012 145 3923
f 2980 3718 3566
f 2850 3566 3718
f 2366 39 38
f 39 3451 37
f 69 102 4216
f 102 1747 4216
f 1411 2679 1715
f 2679 1716 1715
f 272 271 2280
f 3470 3469 4135
f 2392 2692 2290
f 1528 1527 2264
f 2839 2620 2908
f 2310 900 4228
f 435 275 2501
f 4398 4397 1323
f 1729 1728 1346
f 4121 3587 287
f 1109 1111 2383
f 3999 1111 1725
f 3743 3672 4092
f 3672 3743 764
f 3050 1816 2435
f 2435 221 3050
f 87 86 4038
f 1136 2424 1000
f 1136 999 1686
f 1686 2425 1136
f 1114 524 2203
f 2904 4198 2188
f 1844 3628 3559
f 4385 781 4222
f 338 2575 165
f 3707 3012 166
f 1118 972 1634
f 3604 4227 4374
f 3086 2464 2684
f 1480 1572 4239
f 1391 2913 3554
f 2913 2912 3554
f 867 866 2932
f 2462 256 2955
f 3092 3420 3093
f 1196 4059 4060
f 549 1189 2574
f 1189 1266 2574
f 788 787 2737
f 464 2611 4130
f 4103 431 403
f 403 3460 4103
f 431 4103 668
f 431 430 401
f 897 2825 4311
f 77 3315 2603
f 4311 898 897
f 898 4311 76
f 731 1817 3616
f 4009 1341 1239
f 2363 1240 1239
f 2363 1884 1347
f 2964 1719 1204
f 4419 2831 1590
f 2742 1679 1699
f 1680 1887 1678
f 4427 3130 975
f 413 412 2148
f 738 3022 4048
f 3022 738 4188
f 3568 3863 3262
f 1612 2468 3864
f 2059 2857 1130
f 3263 4361 3079
f 3262 3079 3568
f 3262 3864 2468
f 55 57 3536
f 57 3277 1511
f 2662 1826 2339
f 2662 1075 1826
f 1478 3670 3450
f 1470 690 4021
f 3713 2893 359
f 1961 3959 4116
f 2514 4307 3310
f 3736 4312 3963
f 3843 2930 1563
f 958 2080 2930
f 324 326 1576
f 1483 2931 326
f 4205 4202 4201
f 3015 3684 3016
f 4117 2547 4118
f 2547 4117 1465
f 1138 1137 1835
f 1137 1895 1835
f 2383 3512 2384
f 2035 3512 3561
f 3911 2848 4226
f 2942 3912 2128
f 2557 2354 2666
f 1190 1192 3911
f 3150 3349 104
f 4161 905 2465
f 3969 436 3125
f 3125 3594 3969
f 2622 2146 2057
f 2146 2622 2621
f 1993 4188 1991
f 1743 1745 2433
f 4173 2082 4072
f 1687 1056 2253
f 1149 750 1150
f 750 1149 1279
f 3545 3467 1015
f 3990 458 3218
f 2084 1236 2773
f 935 1910 2189
f 999 1687 1686
f 1057 1687 999
f 2943 2837 619
f 3724 4338 4392
f 1165 3160 3161
f 3160 1165 3392
f 2111 1529 603
f 4414 3549 3548
f 2989 2791 2780
f 2988 2780 2781
f 3980 4084 3361
f 1247 1463 1248
f 603 2431 601
f 653 4034 654
f 4339 1597 3317
f 3989 3319 3318
f 3109 4410 2847
f 723 1723 1722
f 4340 659 3324
f 1807 1806 2738
f 4174 2923 2925
f 4222 3652 3622
f 4321 2545 1661
f 1661 3647 4321
f 4394 1933 2159
f 1933 3728 2159
f 3728 2499 2159
f 1592 3445 2498
f 3862 2648 3213
f 2648 3862 2202
f 1959 1640 1960
f 4006 1960 3774
f 2995 1977 4190
f 855 2600 2602
f 1480 1538 1572
f 1310 2523 3878
f 905 4161 254
f 4161 1857 255
f 2582 3343 9
f 1056 1687 1057
f 2142 1040 3871
f 1059 1058 3190
f 1580 3586 1317
f 3586 2036 1317
f 3324 4297 4340
f 3871 4053 4052
f 1814 2594 2394
f 3223 3762 3224
f 2597 1904 4450
f 1904 1903 4450
f 4363 2566 2525
f 991 990 1766
f 3466 3990 3218
f 3990 3466 3467
f 4181 4433 276
f 3435 2865 2710
f 1002 2862 885
f 3303 2831 4419
f 4331 1865 3540
f 1865 1867 3540
f 3712 675 1459
f 3041 905 906
f 1735 2271 2976
f 1736 1016 1734
f 2271 1735 3983
f 3252 2549 2325
f 2885 1734 1016
f 2885 2884 397
f 1116 2985 4173
f 2985 1116 1634
f 1293 1124 1123
f 478 3551 156
f 4063 3005 2139
f 870 869 1540
f 3566 3565 447
f 1421 601 3772
f 1411 3200 743
f 3200 3774 743
f 2533 2102 920
f 3528 2009 310
f 561 2231 559
f 691 2817 693
f 1395 1394 4192
f 1639 646 1187
f 965 1265 553
f 3950 3410 553
f 4302 1949 1553
f 2281 4428 4388
f 3956 4092 3672
f 3671 3956 3672
f 1325 3675 4315
f 2125 3057 2126
f 1759 3734 1760
f 1672 1509 1052
f 1410 2654 4002
f 2654 741 4002
f 882 1791 883
f 163 701 161
f 3604 1210 3182
f 161 3213 162
f 2527 2529 883
f 2521 4452 2522
f 883 701 2527
f 2527 700 2739
f 2827 4356 3885
f 3166 2043 1964
f 163 3945 4359
f 3182 3945 2176
f 4359 700 163
f 700 4359 2739
f 2176 162 2177
f 2177 162 3213
f 415 1919 416
f 3403 3753 167
f 125 977 126
f 2267 271 4082
f 56 3754 4179
f 3754 3753 4179
f 2387 4192 3283
f 283 3895 716
f 3089 2674 3484
f 2673 3484 2674
f 3963 4376 1690
f 2635 1885 2185
f 1717 547 2574
f 547 1717 3813
f 3981 3486 3454
f 3486 3455 3454
f 2149 1353 3340
f 1353 2149 3527
f 656 1893 3210
f 2056 2447 1893
f 2216 2356 985
f 2356 1245 1244
f 685 1148 683
f 3849 2861 2860
f 3595 3446 4109
f 3595 2640 3139
f 1523 1869 1868
f 4126 2079 2265
f 1093 3979 1171
f 3979 4164 1171
f 3474 3473 3268
f 3474 3822 297
f 2069 2651 2070
f 2651 617 2070
f 1926 4432 4181
f 4432 1926 4124
f 2884 3282 397
f 397 3282 395
f 1016 2883 2885
f 2976 4418 1158
f 3669 3807 3547
f 2414 4223 4023
f 4246 3344 1122
f 3344 4246 2404
f 1003 2915 2914
f 2916 3065 4213
f 2614 3267 2452
f 4406 3578 3577
f 525 524 2386
f 524 1114 3117
f 491 2519 4323
f 340 3693 3149
f 4394 1241 1933
f 1241 4394 3964
f 3871 3899 3449
f 3899 615 3449
f 2473 2792 181
f 4447 3584 3516
f 2643 4157 856
f 1177 1179 3061
f 3525 4134 282
f 3470 3691 3468
f 1385 2663 3635
f 4107 4343 4316
f 613 503 611
f 504 3266 635
f 2852 4425 3175
f 4425 2233 3175
f 797 3096 1350
f 3096 1406 1350
f 3525 3615 4134
f 3614 4338 4134
f 628 4118 2547
f 4118 628 2897
f 3749 3827 3930
f 4034 653 1161
f 3818 2678 3982
f 3391 2547 1464
f 4018 2881 2880
f 3208 1406 2881
f 4222 4305 3239
f 4305 4222 3622
f 2353 336 2858
f 1665 4347 4348
f 3160 2476 2182
f 2816 2344 519
f 2980 3060 4373
f 1134 3894 1664
f 1905 2674 2968
f 2848 3718 4226
f 4336 801 4314
f 2992 1431 3846
f 2140 2015 3036
f 4404 4316 3900
f 303 302 807
f 3571 1724 1723
f 2075 2074 1776
f 2074 909 1776
f 896 1012 894
f 1492 1143 609
f 2229 2231 561
f 2470 2231 3757
f 4289 1520 3910
f 1233 1232 1519
f 2079 4126 1869
f 2079 1522 2833
f 2667 2666 3891
f 2667 2999 1032
f 1161 354 4034
f 1161 1160 802
f 4353 3930 4024
f 4024 3930 3827
f 3175 3174 3126
f 3174 3259 3126
f 2992 3846 3845
f 3845 1507 2992
f 2251 2250 3686
f 2250 2160 3686
f 3694 4050 2568
f 3196 3158 4325
f 3577 1023 4406
f 1023 176 4406
f 281 1281 236
f 1631 2286 2851
f 1567 2958 4097
f 3635 2663 4343
f 2365 2364 614
f 601 1421 602
f 2359 3453 391
f 2973 494 4065
f 3557 4389 2933
f 4139 1803 563
f 3910 3909 4344
f 3982 3746 3818
f 3840 3578 2699
f 3578 4406 2699
f 168 4361 169
f 3918 2151 2150
f 1324 1620 1289
f 926 527 2719
f 3760 3769 1983
f 3089 4172 4131
f 2652 2601 3053
f 3301 3983 1735
f 1726 3770 3709
f 3770 4004 3709
f 1367 2690 1482
f 2690 1160 1482
f 2054 2458 3964
f 2053 2680 2458
f 2214 2023 3573
f 2023 2719 3573
f 1289 2809 1287
f 2810 1619 1612
f 3348 3752 4150
f 281 3781 1281
f 992 994 3987
f 994 2664 3987
f 1489 1063 1062
f 3707 166 165
f 565 2948 2724
f 2948 565 2946
f 1614 4196 1214
f 4196 1215 1214
f 1133 1132 2571
f 1132 1664 2571
f 3680 3424 3952
f 744 2107 677
f 1311 230 4299
f 3058 1695 171
f 551 1698 2049
f 657 3575 658
f 2640 3596 3558
f 2131 3596 4109
f 3549 2642 3547
f 2641 2640 3558
f 22 3519 3829
f 3872 3788 3829
f 4436 3941 2749
f 3915 3076 3541
f 3076 2186 3542
f 3542 2186 2185
f 2458 4177 4009
f 4177 1341 4009
f 2056 2448 2447
f 2616 2615 2449
f 394 2428 1714
f 1085 1084 2428
f 3774 2220 4006
f 2220 2219 4006
f 3647 2169 2430
f 2169 3647 2167
f 746 745 1812
f 2368 1812 745
f 643 3141 1895
f 2364 615 614
f 132 1046 1712
f 3239 4407 3238
f 3292 3294 4437
f 3294 2695 4437
f 4440 3394 3497
f 4304 3622 2732
f 818 399 2483
f 2755 216 215
f 3167 3756 216
f 1963 2300 3978
f 113 2953 4176
f 4446 3726 849
f 4446 849 2348
f 2349 3788 2348
f 805 3828 4372
f 3828 1655 4372
f 784 1107 4294
f 3476 3094 928
f 2530 2436 478
f 2530 1295 401
f 151 4327 1019
f 4327 151 2517
f 1255 2819 488
f 2819 1255 2451
f 179 2989 2807
f 2808 2867 3459
f 3965 4005 2688
f 4005 3965 1728
f 1784 4386 592
f 1758 1247 1246
f 2221 3412 4155
f 837 476 1953
f 1674 3144 3934
f 1172 4111 1093
f 1450 3734 3934
f 2669 1672 3935
f 1509 1672 2669
f 1674 3935 1672
f 3934 3935 1674
f 2669 3935 1759
f 3032 1051 1861
f 1546 4379 1544
f 3947 4309 3217
f 3448 1222 4165
f 1222 1224 1758
f 1224 1896 1758
f 390 3046 689
f 3046 3331 689
f 1319 3701 1937
f 3701 3527 1937
f 3668 2234 4425
f 2234 2233 4425
f 1230 599 3316
f 2977 290 3867
f 1296 3626 841
f 4310 1060 4426
f 1249 782 2800
f 782 781 4385
f 4244 2779 3540
f 4346 3137 2372
f 1664 1663 2570
f 3451 612 1970
f 1649 181 180
f 3440 3356 1090
f 280 2921 851
f 1974 2313 2151
f 2747 4228 900
f 442 441 2908
f 4149 1196 1195
f 1926 1196 4060
f 1061 847 3480
f 3480 847 846
f 2938 3835 3129
f 3835 2649 3931
f 588 3717 589
f 3987 1604 1606
f 1962 4271 4345
f 4271 1962 1964
f 3569 4357 1409
f 818 2063 2446
f 774 752 751
f 1176 4181 4432
f 1561 1560 650
f 1561 2637 2375
f 3189 4167 2000
f 2476 3160 3392
f 1191 1623 2354
f 2534 4066 2415
f 2458 3235 1339
f 3235 1892 1339
f 2148 1257 223
f 223 413 2148
f 1343 3057 2125
f 2788 3057 2301
f 526 2204 2203
f 1177 2204 3675
f 1817 731 3843
f 499 2330 2500
f 1239 3051 4009
f 3051 3964 4009
f 2662 2338 4434
f 2338 2662 2339
f 1714 3729 1850
f 3481 3496 3729
f 4235 3496 3481
f 1850 3496 2971
f 925 3260 3031
f 3260 925 780
f 1782 1781 4003
f 1781 3381 4003
f 2475 2182 2476
f 2475 398 1380
f 345 344 4210
f 344 1119 4210
f 1494 1049 3569
f 1048 4357 3569
f 3472 2762 4447
f 2762 3584 4447
f 362 3 798
f 3 362 1
f 3237 2063 2062
f 2063 818 2061
f 2322 1901 2529
f 1901 2322 18
f 4291 3068 3067
f 3598 1626 1625
f 983 2170 3118
f 2170 1178 2901
f 3028 1523 1868
f 3028 763 762
f 47 46 2837
f 47 3249 2253
f 4065 494 1987
f 1987 140 4065
f 2062 2061 1545
f 2523 1309 957
f 1322 3685 4398
f 4261 3276 3685
f 4370 1372 1371
f 4370 3544 4388
f 981 980 3208
f 1888 1976 1819
f 4110 4101 2095
f 4428 1372 4370
f 1769 2208 2209
f 4355 1769 2209
f 2473 1745 2793
f 2793 1744 2506
f 4127 360 798
f 2975 2162 1870
f 1640 1959 4263
f 1959 4116 4263
f 1190 3342 3343
f 3342 1190 3911
f 2765 2767 4348
f 4360 3223 3225
f 3625 3873 2296
f 2420 3760 2361
f 1958 3853 3765
f 3766 874 3953
f 2598 4450 4225
f 2730 2968 2304
f 1379 1514 2512
f 1514 720 2512
f 2872 4417 1751
f 4417 2872 4058
f 995 548 3813
f 548 547 3813
f 2622 1846 2398
f 4038 4037 87
f 2848 3912 2849
f 3108 4283 2313
f 1649 1651 2473
f 1651 2433 2473
f 956 955 4369
f 955 3398 4369
f 2208 2460 1081
f 1081 2460 1878
f 101 585 3072
f 585 3073 3072
f 1572 1571 4239
f 2626 2972 3394
f 1282 1281 2282
f 3781 2612 2282
f 4449 902 3662
f 2263 3335 3600
f 375 1012 3715
f 1596 4449 1594
f 2324 2929 16
f 2779 11 3540
f 1503 724 304
f 4451 3649 3778
f 762 3441 3028
f 76 3441 898
f 2541 3649 4451
f 4131 3778 3087
f 2378 1902 3949
f 1902 2751 3875
f 2751 1902 18
f 919 3207 1071
f 1316 3303 4419
f 1316 3381 1314
f 101 4068 3856
f 4068 101 3072
f 3980 846 845
f 33 2700 4108
f 2447 2449 3211
f 2616 2449 3574
f 1534 779 778
f 740 779 4189
f 4189 1790 4010
f 522 2130 3173
f 4010 1789 2427
f 2130 329 3173
f 4281 777 2550
f 1355 1220 1354
f 3040 4230 2132
f 1354 1220 1219
f 3423 3921 2470
f 3921 3423 3425
f 2198 3952 3327
f 3952 2198 3680
f 4440 3395 3394
f 2972 2971 3497
f 3185 3222 3384
f 273 4171 4170
f 3577 3576 3145
f 3840 3576 3578
f 3074 3114 4261
f 1346 1728 3121
f 3204 1677 918
f 4057 3321 4307
f 4303 3074 840
f 1934 1253 2408
f 4164 4163 1174
f 4163 3326 1174
f 1174 1173 4164
f 1173 3607 4164
f 3757 2230 3326
f 2230 1174 3326
f 2609 773 117
f 4201 1014 4205
f 2415 954 581
f 954 2415 952
f 1335 4191 1685
f 4191 1968 1685
f 466 3382 3176
f 3382 2249 3176
f 178 2769 2805
f 2769 2768 2805
f 3847 4186 2770
f 4186 4185 3673
f 3004 189 3145
f 3146 4358 3577
f 4208 3577 4358
f 4208 943 1024
f 4214 561 4215
f 3592 4214 4215
f 4185 3190 1774
f 1773 2768 3673
f 1643 3195 54
f 3195 2752 54
f 2867 2807 1872
f 1697 1274 1273
f 208 2830 2495
f 2829 2830 1889
f 2636 213 1690
f 2636 1886 1885
f 1751 4416 3360
f 4416 2514 3360
f 4107 3406 4108
f 3406 4107 4061
f 2603 3302 2604
f 81 4422 2365
f 3465 1379 437
f 1237 3584 2761
f 3420 2417 1997
f 2439 2491 2490
f 268 342 4320
f 576 1709 1248
f 2085 342 341
f 1584 4403 768
f 2826 2273 3499
f 1625 2860 2859
f 3084 2918 2917
f 2918 3084 2711
f 3799 1298 1297
f 1299 3358 1297
f 3084 1908 1907
f 3848 2917 3799
f 3069 2526 2117
f 2526 2525 2117
f 2487 370 369
f 3293 4289 3294
f 3766 4335 3659
f 874 3766 3659
f 2069 1362 2650
f 1845 639 860
f 4347 3894 3893
f 3893 4282 4347
f 158 1135 3893
f 2358 1796 1798
f 3251 2360 2359
f 1832 4252 3973
f 3588 4296 570
f 1632 3400 1942
f 3400 1632 3399
f 3499 3254 1392
f 3254 3241 1392
f 2217 4148 1100
f 4148 1098 1100
f 1398 1397 3939
f 2122 2121 1128
f 4141 4319 1941
f 4319 2978 1941
f 2235 4371 4043
f 3279 4178 3165
f 3113 2589 3676
f 3488 3113 3676
f 1367 3597 2690
f 3597 1702 2690
f 638 2030 2307
f 4431 2030 3817
f 1721 928 927
f 928 1721 3475
f 3313 3312 3852
f 1898 2156 2158
f 830 829 827
f 3617 13 2099
f 1225 4377 1226
f 4377 3442 1226
f 3442 486 1226
f 1087 3446 1086
f 2022 2021 4377
f 2021 3443 3442
f 2922 3206 4066
f 3206 2922 2891
f 317 316 1802
f 1985 1984 316
f 3790 318 2716
f 318 3790 3018
f 316 4105 1802
f 4105 316 1984
f 1986 1452 1984
f 1452 1451 1984
f 1692 1658 1099
f 1467 408 291
f 991 1767 2494
f 1936 1767 2355
f 2290 2393 2392
f 3776 2959 2958
f 1157 3127 3083
f 3127 1785 3083
f 3461 4329 2196
f 1787 4048 2210
f 3789 3994 3961
f 3994 3789 3993
f 4042 3654 960
f 960 959 4042
f 264 933 265
f 187 334 933
f 3591 3771 2665
f 3592 3591 2665
f 4229 2247 3493
f 2247 1633 3493
f 4428 2281 2784
f 3193 4428 2784
f 2553 419 1622
f 419 2553 2951
f 776 4101 4383
f 4383 4101 2898
f 2098 2097 4085
f 4085 2099 2098
f 3245 1558 2215
f 3245 3244 3036
f 1922 3920 1568
f 3550 1043 1782
f 831 2099 829
f 831 1880 3378
f 1880 831 830
f 830 3055 1880
f 2461 4272 3306
f 4179 1919 1918
f 3726 4446 4176
f 3726 3725 850
f 3788 2349 3993
f 2349 848 3993
f 398 3393 3804
f 3393 398 2476
f 1397 1422 3773
f 1422 1397 1399
f 322 321 1107
f 3920 1922 4199
f 1981 1922 1420
f 1981 1399 4209
f 3773 3019 1397
f 581 2326 3048
f 1986 2168 2167
f 3772 2169 2168
f 4199 4453 3920
f 3048 4209 1399
f 3790 3939 3018
f 3939 3790 2179
f 3517 4396 1288
f 4330 2332 4301
f 2677 4170 4169
f 4171 273 2120
f 3981 3091 4166
f 2281 4388 272
f 273 272 2120
f 2120 272 4388
f 914 4257 791
f 4257 914 2346
f 3313 2045 3796
f 825 1036 2045
f 3629 3314 542
f 1910 3585 2189
f 3630 2334 4318
f 3630 3629 1990
f 825 3298 934
f 3298 825 827
f 594 593 3641
f 593 3387 3641
f 786 4400 2374
f 4400 3063 2374
f 1530 3364 3311
f 3364 2396 3311
f 3439 3453 3440
f 1798 3356 3453
f 4410 3109 654
f 3039 4410 654
f 1419 1418 2746
f 2502 1419 2746
f 2579 599 63
f 599 2579 3562
f 1048 3119 4357
f 896 3715 1012
f 4443 1682 906
f 906 3775 3041
f 3003 3599 4031
f 3002 4224 3599
f 3130 4427 4274
f 4427 3405 4274
f 3405 169 4421
f 2467 1611 4274
f 3405 4421 4274
f 169 4361 3263
f 3612 4351 4081
f 2786 3520 4106
f 1069 4308 1070
f 751 3355 3966
f 1326 1325 4315
f 3738 1440 3100
f 3866 3689 3065
f 3688 4213 3689
f 4250 2772 707
f 705 3742 4118
f 681 444 3796
f 2843 1301 682
f 614 4391 2365
f 1265 965 1263
f 2936 2935 1862
f 1095 1094 2289
f 2938 3538 1932
f 3538 1746 1932
f 4205 1284 2227
f 2228 1830 2227
f 3411 3850 553
f 167 4145 3403
f 1860 1094 3144
f 1094 1093 3144
f 1862 2289 1860
f 1095 2289 3589
f 1977 1946 4114
f 2372 4254 1945
f 3366 3368 4304
f 2732 3366 4304
f 3248 2516 1194
f 2514 2516 3360
f 258 3395 3716
f 3395 4440 3716
f 2612 878 2613
f 877 2613 878
f 2233 2232 2361
f 2232 3667 2361
f 445 682 2190
f 2843 682 681
f 3503 616 659
f 3502 1920 616
f 1075 2662 2661
f 1699 3132 2742
f 3143 2743 4153
f 2742 1680 1679
f 1225 1227 1638
f 1638 1227 3205
f 4362 1805 3687
f 1626 4362 3687
f 4397 963 962
f 3276 963 4398
f 510 4202 4302
f 4202 510 512
f 3549 367 2642
f 367 366 3139
f 3422 3421 2892
f 3421 2893 2892
f 2624 3639 3178
f 3639 3638 3178
f 2138 870 2139
f 2139 1540 4063
f 4017 4236 4369
f 2521 4236 314
f 2154 120 119
f 2154 1935 968
f 4168 4351 3612
f 1831 3562 2579
f 4187 1060 1059
f 188 190 972
f 2580 2535 4080
f 4080 2535 3376
f 2922 651 2891
f 651 2922 652
f 2675 2676 3650
f 2674 2969 2968
f 1599 1309 1308
f 3047 2844 1598
f 3507 3580 1139
f 1139 3580 3347
f 4437 2052 3292
f 2052 3811 3292
f 3796 2045 1036
f 1037 2843 681
f 2905 4233 4337
f 1806 4233 3777
f 1825 3325 2172
f 4312 3736 1825
f 3364 1530 1694
f 3364 1694 1693
f 3693 340 339
f 2014 1451 1660
f 2791 2989 179
f 1872 2807 2989
f 3868 4439 4235
f 12 2803 16
f 2324 2740 2929
f 2740 2324 2323
f 2786 4106 308
f 4106 309 308
f 2213 3666 3800
f 3666 3194 3800
f 3834 1054 635
f 4424 3968 1145
f 4110 1829 423
f 423 4046 2351
f 790 4408 160
f 4408 1600 160
f 1248 2218 576
f 2218 1248 4320
f 3397 1873 2988
f 1873 1872 2988
f 268 270 4237
f 1463 1247 1462
f 2508 343 3892
f 2285 2793 2506
f 2090 2226 4447
f 2226 2090 2224
f 567 569 1400
f 1705 1695 1694
f 8 2979 2596
f 2979 1654 2596
f 572 1549 3128
f 572 287 570
f 2791 2792 2794
f 181 1649 2473
f 3006 2090 4447
f 2432 2431 3335
f 3767 2651 3489
f 3489 2651 2650
f 2813 2812 846
f 2812 3480 846
f 3696 3238 4407
f 3832 2101 3375
f 1691 3660 3180
f 1109 1427 1683
f 2726 2453 3267
f 2453 2452 3267
f 1628 2493 3574
f 2493 1628 2153
f 4350 1158 4418
f 1018 3696 3368
f 2210 3238 1787
f 3900 4387 244
f 1518 2332 1041
f 2332 4330 1041
f 2620 3885 442
f 2908 2620 442
f 2435 2659 3551
f 2658 2151 4206
f 2151 3918 1974
f 3918 1975 1974
f 83 3559 407
f 2015 2140 1497
f 2726 2916 4213
f 2916 2726 2914
f 2131 1709 578
f 1709 576 578
f 4121 1319 1321
f 2085 2087 2218
f 592 591 2874
f 616 3503 3502
f 253 252 1185
f 1338 3817 2030
f 4012 347 349
f 1099 1098 1692
f 2092 2091 3443
f 2091 3581 3443
f 3443 3447 1087
f 3447 3443 3581
f 42 3904 1625
f 3904 3903 1625
f 869 3717 588
f 1356 494 2973
f 1477 1223 2091
f 1223 1222 3581
f 1113 2996 2997
f 2996 1113 3281
f 304 723 4412
f 2728 723 724
f 1533 2587 1355
f 4395 1220 1355
f 164 916 2014
f 916 3345 2014
f 3271 2520 491
f 1056 1055 2253
f 675 3712 4389
f 3712 1054 4389
f 2510 2509 3613
f 3041 941 940
f 1329 505 1330
f 1329 1328 4220
f 150 149 1076
f 1675 149 151
f 4440 4439 3716
f 4439 3868 3716
f 2803 4273 2275
f 4273 2779 2275
f 2295 2482 1206
f 1206 2482 4088
f 2525 1668 4363
f 4363 1668 1667
f 3612 2558 4454
f 4144 4454 2558
f 4451 3778 1724
f 3778 4131 808
f 1722 4412 723
f 3225 2481 4360
f 837 3458 838
f 3458 837 3943
f 837 1953 3943
f 476 475 110
f 1635 1261 4445
f 1772 1771 2081
f 1007 4125 1008
f 4125 1007 4432
f 1554 2054 3964
f 2054 1554 2052
f 4180 3654 3653
f 3653 3110 4180
f 1627 17 1229
f 17 2803 1229
f 1545 2857 2062
f 2857 1545 2856
f 3432 3864 3863
f 1334 2609 4211
f 3864 2810 1612
f 3568 3433 3863
f 4324 2810 3864
f 2105 4084 3357
f 1795 2767 4424
f 2766 3968 4424
f 4332 2442 2017
f 4332 74 90
f 3118 984 983
f 984 3118 2633
f 1824 1701 4312
f 1824 1823 3169
f 1600 4408 2357
f 1958 3953 1956
f 1957 1956 1967
f 1957 879 3853
f 3550 2340 861
f 3550 1782 106
f 894 1492 895
f 382 381 2753
f 3516 3006 4447
f 1693 4295 2397
f 1311 1430 231
f 1430 1311 1313
f 379 1839 1838
f 2970 1839 378
f 4337 3067 3066
f 3067 4337 4314
f 1236 2084 1237
f 2083 2082 3516
f 2082 3500 3154
f 3500 2082 4173
f 4397 2060 1917
f 2060 4397 3010
f 643 3346 1915
f 3346 2774 1915
f 1634 190 1874
f 190 4071 1874
f 2774 4184 2773
f 4184 4072 2773
f 85 973 1118
f 973 85 87
f 1091 2785 3024
f 72 1550 70
f 4339 3273 3436
f 600 2275 61
f 4402 3926 293
f 3957 4402 292
f 1804 4133 2050
f 1803 4362 563
f 1054 3834 4389
f 3834 2933 4389
f 1145 2540 4424
f 2540 1795 4424
f 2237 596 3835
f 2237 3464 1272
f 2562 2986 2047
f 2986 2562 3837
f 2562 2564 2113
f 2564 3798 2113
f 1181 1180 3456
f 1180 3919 3946
f 2869 3220 3136
f 3220 2452 3136
f 4145 975 974
f 4145 167 3405
f 615 2364 2366
f 1059 4185 4187
f 2900 4053 1039
f 4053 3871 1039
f 4054 816 660
f 2900 3988 4053
f 4267 3803 3632
f 1426 2956 2701
f 3549 4414 3618
f 1527 4414 3548
f 3926 4402 2758
f 3040 354 353
f 1797 3320 2655
f 3171 1326 4315
f 2308 638 2307
f 2308 532 2874
f 2727 3688 3738
f 3100 2727 3738
f 3012 3011 915
f 4197 915 783
f 4436 4323 2519
f 2519 3149 4436
f 3975 3901 244
f 3901 4404 3900
f 3276 4261 3114
f 1276 3276 3114
f 1638 3123 1225
f 2022 3123 1474
f 3229 4190 2981
f 4190 2595 2981
f 854 853 3981
f 853 2602 3981
f 2600 3152 3261
f 2383 3560 3512
f 2689 2842 3916
f 4336 4233 1806
f 1457 1456 3916
f 3390 299 664
f 299 3390 4448
f 3390 1458 4448
f 1038 1040 4420
f 1040 2142 4420
f 333 3845 334
f 2871 332 331
f 2227 3745 2886
f 773 118 117
f 4056 4278 4073
f 3227 3226 4055
f 4278 4056 1481
f 4056 4055 1481
f 3228 3492 3491
f 3228 3490 3226
f 3815 4055 3226
f 3815 545 4175
f 365 2417 3092
f 2417 3420 3092
f 1166 451 450
f 3341 121 3870
f 4104 1097 1096
f 4104 2580 4080
f 404 2195 2122
f 2195 404 2193
f 3805 4017 4369
f 3805 1431 1432
f 2686 3133 59
f 3133 3078 59
f 3695 2924 4043
f 1840 3606 1838
f 4401 106 4003
f 3075 3074 4261
f 3077 300 3797
f 300 3077 1262
f 2933 793 4070
f 793 792 4070
f 3322 1364 2286
f 1364 131 2286
f 153 2201 154
f 347 4012 1365
f 520 1408 369
f 3168 1408 1407
f 3873 3690 2294
f 2296 3873 2294
f 3347 3579 2774
f 3347 1894 1139
f 2532 4074 1750
f 4074 2890 1750
f 54 2864 1643
f 2864 54 53
f 3299 859 4039
f 859 3851 3711
f 604 3937 2013
f 3938 1361 2013
f 1830 2228 1831
f 1313 1312 1429
f 532 62 2479
f 531 2579 63
f 3760 2420 888
f 2420 2419 888
f 3462 3580 3463
f 3506 3463 3507
f 3166 2754 2834
f 2754 3493 2834
f 2923 4174 2137
f 4174 296 2137
f 3239 2212 4222
f 2212 4385 4222
f 1058 1060 2345
f 4426 1060 4187
f 4379 1546 2588
f 2027 4379 2588
f 4030 1659 3708
f 1659 1658 3708
f 4098 1706 1705
f 4204 4098 1705
f 1880 1879 3287
f 1879 3288 3287
f 3186 3936 4036
f 3936 3605 4036
f 3291 3029 2162
f 1706 3434 171
f 2943 2838 2837
f 3249 2838 2945
f 3862 1822 4349
f 1822 3884 4349
f 2257 2129 2556
f 3585 1910 1911
f 1992 1991 4010
f 1991 4189 4010
f 390 2811 3480
f 2811 1061 3480
f 1124 2549 3663
f 1072 3253 3252
f 3983 3301 2797
f 2797 4380 397
f 44 4396 4212
f 116 44 4212
f 4004 3958 4443
f 3958 1725 4443
f 2263 2264 28
f 3755 3972 2264
f 2160 2252 3470
f 2252 2160 2250
f 3436 217 1598
f 4381 1720 3444
f 2268 3741 2772
f 4250 2309 2772
f 1394 1396 2526
f 2526 3069 1394
f 2468 2467 4421
f 3795 116 4158
f 3785 3784 4151
f 3784 4247 4151
f 3202 3896 3785
f 3896 3786 3785
f 552 3365 2148
f 4205 2886 2888
f 345 2952 3147
f 2952 1216 3147
f 2490 2489 2574
f 2489 3495 2574
f 2847 4290 2845
f 4343 4107 3635
f 4451 1724 3571
f 66 154 64
f 3654 2846 4083
f 2846 2845 4083
f 2752 3383 54
f 3383 52 54
f 814 3445 1349
f 4259 4454 4144
f 3748 2693 4344
f 3909 3818 3746
f 252 251 3905
f 4420 252 3905
f 4289 4344 2693
f 4344 3746 3748
f 289 1414 4035
f 1045 1712 1046
f 4358 3146 188
f 3145 3146 3577
f 2677 1466 4170
f 4082 273 4170
f 1856 2350 932
f 4046 2350 2351
f 4249 3163 3779
f 3163 4249 1269
f 2564 2563 3563
f 323 797 1352
f 3054 1589 3902
f 1589 1588 3902
f 198 2906 387
f 4426 2209 3162
f 1074 4198 2405
f 4198 2904 2405
f 339 338 164
f 339 1660 3693
f 3427 3428 4081
f 3427 899 2707
f 3801 4263 3800
f 1198 1285 1199
f 2645 2522 4452
f 1002 885 887
f 3865 3065 2915
f 2156 3637 3370
f 3876 2801 1783
f 2801 811 1783
f 280 851 281
f 2065 851 2920
f 2657 3593 2658
f 3593 3438 2658
f 2538 1144 3112
f 612 611 1970
f 3793 4122 1525
f 3792 29 4123
f 4449 903 902
f 4262 3868 3482
f 2292 2685 986
f 2685 2684 986
f 3873 3625 3738
f 3688 3873 3738
f 2569 4171 2120
f 4171 2569 4169
f 3968 2766 3632
f 2766 2765 3632
f 1833 3575 1834
f 3575 1557 1834
f 4003 1590 3261
f 1590 4003 4419
f 2064 1587 2612
f 1587 878 2612
f 1532 1694 1530
f 4204 1694 1532
f 3356 4299 1090
f 4455 1566 1565
f 2370 2641 3558
f 2641 2370 3547
f 388 562 305
f 562 856 305
f 3774 1960 1639
f 1187 3774 1639
f 601 2431 3772
f 2169 3772 2431
f 2887 3883 4302
f 3843 3240 3241
f 4205 2888 4202
f 2888 4302 4202
f 2145 2297 624
f 624 623 2145
f 1351 982 1352
f 1351 1350 3208
f 1886 4376 1700
f 4376 3963 1700
f 368 486 1086
f 4200 3369 485
f 1617 3369 2631
f 1383 4199 1381
f 1226 485 1617
f 4200 485 368
f 3357 694 667
f 694 500 667
f 3606 2923 1838
f 3606 1840 4043
f 3211 3219 3212
f 3212 3219 1138
f 3753 3403 1919
f 3403 974 416
f 2936 554 3850
f 554 553 3850
f 1072 2001 1073
f 313 1923 2645
f 1923 3679 2646
f 3679 3532 4352
f 2205 937 2206
f 3417 3351 2207
f 3941 2544 1279
f 2249 1657 1659
f 1989 2334 3630
f 1989 1988 2896
f 3351 2907 2207
f 629 3351 3353
f 3256 4132 1445
f 4132 2716 1445
f 3495 2491 3030
f 2491 2439 3030
f 1168 451 1166
f 449 451 3870
f 503 613 3266
f 503 502 2174
f 4058 4307 4417
f 997 3325 3737
f 3970 2962 4115
f 4167 3189 3501
f 3222 1853 3099
f 3221 3222 3099
f 4293 4015 3674
f 4015 4293 4341
f 2104 3361 3658
f 1394 3069 3283
f 2116 2115 3435
f 2400 2116 3435
f 4060 508 4124
f 508 4060 1358
f 3561 3560 1111
f 3560 2383 1111
f 1556 4136 4135
f 3151 3150 106
f 2270 4418 2271
f 4418 2270 4350
f 3368 4232 1018
f 4232 1016 1018
f 3259 4049 1786
f 3131 567 3282
f 2387 3809 1345
f 3809 1346 1345
f 2604 1264 4281
f 1264 1263 4281
f 2921 4207 1615
f 4207 1613 1615
f 3415 4195 1578
f 4195 1613 1578
f 1200 4384 2890
f 4384 1750 2890
f 3362 1441 4368
f 1441 3625 4366
f 1127 4433 1176
f 4433 4181 1176
f 1257 2148 3365
f 1258 1257 3365
f 3358 1299 3535
f 1299 1564 3535
f 4422 80 2931
f 81 4390 79
f 3898 2337 3302
f 2337 2604 3302
f 2450 733 2581
f 1255 733 2450
f 865 3352 3417
f 3352 3351 3417
f 2872 1293 1123
f 1293 2872 1751
f 1760 3733 2138
f 3733 1449 2138
f 1513 3300 2495
f 3300 3299 2495
f 4031 4317 4032
f 3812 4317 3599
f 2665 1085 393
f 498 1169 497
f 2428 393 1085
f 4 497 1997
f 3721 1799 907
f 3720 3776 1799
f 2075 3721 907
f 3721 2075 3719
f 1833 3140 4413
f 3140 3142 4413
f 2427 2722 4010
f 2722 1992 4010
f 730 729 3401
f 729 3616 3401
f 522 521 4075
f 351 2723 329
f 519 822 2816
f 822 519 371
f 1443 111 1444
f 2224 270 269
f 2643 4362 1626
f 1245 2357 4408
f 2967 3068 4139
f 4292 1803 4139
f 2845 66 4378
f 1625 2859 3598
f 3942 1911 3298
f 827 3942 3298
f 4063 2939 3639
f 2939 2940 3638
f 3318 2522 2645
f 2645 4452 313
f 1149 3940 1279
f 2749 3940 2747
f 4299 4429 1312
f 1332 2728 2392
f 2864 2955 4218
f 1643 2864 4218
f 423 1829 421
f 1827 1829 4110
f 4436 2544 3941
f 3941 1279 3940
f 1262 3914 3122
f 3914 1344 3122
f 911 3855 2259
f 3855 130 2259
f 207 3691 2252
f 3691 3470 2252
f 3613 3615 3857
f 3525 3692 3615
f 1740 1232 1741
f 1233 1519 1518
f 3910 1519 1740
f 1740 1519 1232
f 3468 3692 3525
f 3857 3692 207
f 3525 1042 3468
f 4348 4411 645
f 868 4326 4021
f 867 4217 4326
f 1743 2434 4431
f 2434 3744 4431
f 3454 4253 3350
f 4253 3473 3350
f 3429 1306 3603
f 3471 2239 1306
f 1402 2760 395
f 2760 1402 1083
f 1164 1163 618
f 1163 3097 618
f 3094 3476 1307
f 3476 3475 1307
f 3744 3745 3608
f 3745 1830 3608
f 3744 2434 2887
f 409 2585 1909
f 1480 4279 1481
f 4279 4278 1481
f 1979 1978 3545
f 1978 1292 3545
f 2257 460 2129
f 459 3545 1292
f 2066 3546 1015
f 3546 3545 1015
f 3887 3215 4256
f 2966 1022 4415
f 2020 2034 3142
f 2033 2019 3821
f 754 422 1467
f 1201 422 421
f 3663 3253 4245
f 3253 1072 4245
f 1500 1499 2165
f 1499 1593 2165
f 3295 1256 3730
f 1256 3642 3730
f 1166 1574 1167
f 3722 1574 698
f 2947 1609 2948
f 2947 2946 4270
f 4115 2444 4033
f 2962 2961 2444
f 1815 336 335
f 337 3038 3037
f 1654 4373 4372
f 3060 805 4372
f 528 4011 1443
f 528 3645 529
f 420 1367 418
f 420 2951 4022
f 1704 804 1702
f 4309 3947 3949
f 3413 3830 2223
f 3830 2221 2223
f 2565 2124 2126
f 4434 2565 2126
f 2583 2840 2842
f 2840 2583 411
f 4300 1031 1030
f 690 1469 3386
f 3965 665 3122
f 665 3965 666
f 2505 358 3681
f 358 357 3681
f 4079 3998 3305
f 4079 4091 4077
f 471 3758 1768
f 470 4091 3758
f 1251 317 1802
f 317 1251 2716
f 659 4340 4054
f 4340 4052 4054
f 2406 1807 2738
f 1807 2406 625
f 2908 3052 1333
f 3052 1385 3971
f 242 4387 3763
f 4387 4316 3763
f 3696 3082 3238
f 3082 1787 3238
f 4085 2096 3942
f 2096 4085 2097
f 3302 2876 3898
f 2876 3951 3898
f 746 1814 1934
f 3250 2813 3338
f 2338 2565 4434
f 2380 2382 2707
f 847 1063 1737
f 1063 1489 1737
f 2310 4228 1149
f 4228 3940 1149
f 4033 2444 2443
f 364 4033 2443
f 2224 269 1462
f 4320 269 268
f 4237 343 268
f 341 343 2508
f 1181 2949 3285
f 2949 428 3285
f 2328 2327 1967
f 2327 1965 1967
f 2845 4378 4083
f 4378 4349 4083
f 3411 2861 3850
f 2861 3411 2859
f 3951 2875 856
f 2875 2474 856
f 3959 4006 2219
f 3959 3960 4116
f 936 1036 825
f 3796 1036 681
f 2454 703 71
f 703 702 71
f 4333 3824 3485
f 2077 1009 3768
f 1038 3907 1009
f 3907 1038 3905
f 3906 4333 3485
f 2078 3768 3485
f 3871 4297 3899
f 4297 3324 3899
f 3988 2900 817
f 3988 4054 4052
f 696 2070 619
f 2837 696 619
f 2747 4168 2748
f 4168 2747 899
f 2244 2243 3853
f 2243 3854 3853
f 2200 4438 767
f 4438 1662 767
f 3374 3505 4087
f 3374 2200 1494
f 3624 873 3723
f 3704 3624 3723
f 3623 4367 4077
f 4367 4366 4077
f 1220 4395 3102
f 4395 2586 3102
f 1995 2941 3996
f 1406 2941 2881
f 1545 1544 2856
f 2492 2153 2152
f 4425 4258 3668
f 4258 2003 3668
f 860 332 2871
f 2871 331 3876
f 1161 3101 354
f 2401 3101 802
f 4107 4364 4061
f 4364 2964 4061
f 4453 1472 3920
f 2179 1398 3939
f 1128 405 2122
f 405 404 2122
f 873 3624 1524
f 477 156 1655
f 4331 11 10
f 11 4331 3540
f 10 2316 4331
f 2314 2316 2786
f 3375 2535 2534
f 2557 1192 1191
f 3293 2333 1520
f 746 1812 1814
f 3707 165 1415
f 3479 1415 1414
f 2479 2480 3987
f 2479 2874 532
f 4011 530 1948
f 3304 3758 4091
f 3758 471 470
f 471 3847 469
f 3490 1670 3816
f 3816 3226 3490
f 2628 871 2626
f 871 2046 2626
f 3339 2242 2241
f 3852 826 2045
f 2959 3776 3720
f 2958 1567 3776
f 2390 4097 2958
f 4097 1652 1567
f 2109 2959 3720
f 2959 2109 2391
f 2655 1312 4429
f 1312 1311 4299
f 1453 2167 3647
f 1453 1660 1451
f 3315 2824 2603
f 3315 77 4311
f 3885 3702 442
f 3702 1567 442
f 4305 4407 3239
f 3696 4407 3368
f 579 920 2102
f 2102 3832 579
f 1461 597 1512
f 597 596 1512
f 708 3384 3383
f 2752 708 3383
f 1487 1073 278
f 1073 1487 1074
f 314 4452 2521
f 4452 314 313
f 3162 2209 1081
f 457 3944 455
f 2672 2671 3412
f 2671 4155 3412
f 2350 930 932
f 930 2350 4046
f 1552 2105 3357
f 3354 2105 2106
f 4104 1212 1097
f 1212 4104 4080
f 2144 2143 3761
f 2143 3585 3761
f 2917 2919 1754
f 1754 3224 4040
f 2917 3848 3084
f 1297 3848 3799
f 1575 3731 3730
f 3498 3731 3799
f 4178 1918 3165
f 1918 4178 4179
f 365 35 2331
f 35 365 364
f 517 516 3466
f 516 2274 3466
f 2053 4437 2681
f 2680 2053 2681
f 3537 4260 4361
f 4260 3080 4361
f 3612 4454 3611
f 4454 4259 3611
f 3159 3307 3138
f 3311 3307 1531
f 2905 1045 3777
f 1433 267 2543
f 2323 2528 2739
f 2528 2323 2322
f 1625 1624 42
f 1624 40 42
f 4099 4133 4291
f 4133 1804 4291
f 1803 4292 1804
f 4292 4291 1804
f 3951 856 4157
f 4157 3410 3951
f 4289 4288 3294
f 4288 2695 3294
f 3125 1551 72
f 702 3125 72
f 941 3775 1681
f 3775 941 3041
f 363 3003 4031
f 3003 363 2815
f 913 3894 1134
f 1377 913 1134
f 2396 1906 786
f 1906 784 786
f 4078 4366 2296
f 2295 4078 2296
f 1697 1696 2008
f 1696 311 2008
f 3431 174 173
f 2312 2889 2310
f 2311 1524 2312
f 1820 1524 1525
f 57 1510 3536
f 1510 4016 3536
f 3740 3974 4016
f 3974 3536 4016
f 4195 4196 1614
f 1613 4195 1614
f 1126 3264 1127
f 3264 276 1127
f 2673 3886 2076
f 3886 2673 1905
f 4339 1598 1597
f 1598 4339 3436
f 950 949 622
f 949 620 622
f 1903 219 4450
f 219 218 4450
f 4225 1296 2598
f 2599 2076 2597
f 4051 961 621
f 961 2388 622
f 841 1022 674
f 673 951 1296
f 3742 3741 4117
f 2598 2597 4450
f 4354 2718 2966
f 2367 620 674
f 1465 4117 3741
f 3275 218 3436
f 760 2555 3317
f 2555 4339 3317
f 263 2879 2844
f 4310 2346 2345
f 2718 4354 2717
f 2718 674 1022
f 2980 4373 2979
f 4373 1654 2979
f 1439 86 3506
f 86 85 3506
f 1273 1272 2049
f 1273 1698 1697
f 639 1846 2057
f 1846 2622 2057
f 1626 3687 1624
f 2083 3584 1237
f 2659 4206 3551
f 2659 2435 2657
f 4211 2147 2146
f 4211 2621 1334
f 1119 3433 4210
f 3433 3568 4210
f 3517 1120 346
f 1120 3517 1121
f 4114 4254 893
f 4254 2372 893
f 883 2377 884
f 2377 883 2529
f 1925 3543 1152
f 3543 631 1152
f 4399 1924 315
f 315 1924 313
f 3416 2206 1517
f 1517 2206 937
f 4399 2907 631
f 315 3610 3049
f 2207 3049 2205
f 315 3049 4399
f 3113 1362 3677
f 1967 880 1957
f 1528 2263 3600
f 1707 2624 3178
f 807 4409 3826
f 3274 3626 3275
f 368 1473 4200
f 1473 1472 4200
f 727 726 2202
f 726 2648 2202
f 824 823 4178
f 823 1762 4178
f 3402 56 4179
f 3402 4178 1762
f 4178 3279 824
f 3279 3164 824
f 4109 3446 3448
f 4165 4109 3448
f 3874 4441 517
f 4441 3329 517
f 2611 2610 4266
f 2610 360 4266
f 2828 2687 704
f 3924 2737 787
f 1900 1899 2611
f 1899 361 2611
f 3867 1595 2977
f 1595 568 2977
f 3030 979 3280
f 3367 3366 3131
f 375 3715 3111
f 3715 3232 3111
f 1351 980 982
f 3469 4330 4135
f 803 1702 804
f 258 257 3567
f 1213 2785 2347
f 1357 1356 2974
f 2562 2047 2563
f 3563 3798 2564
f 2457 3564 2456
f 3564 2381 3563
f 1319 286 3701
f 286 1353 3701
f 732 2581 733
f 3333 777 4281
f 1948 456 4011
f 475 111 110
f 1819 1818 2829
f 1818 1461 2829
f 3162 2346 4310
f 2209 4426 4355
f 1733 4193 1099
f 4193 1100 1099
f 1969 3928 253
f 3928 1969 2174
f 3451 1970 37
f 37 1970 1185
f 253 1185 1969
f 37 1185 1184
f 2793 1745 1744
f 3270 2507 1338
f 3285 4392 1182
f 4392 3614 1182
f 4374 3839 3930
f 4374 4353 3604
f 1658 1657 1733
f 1657 2249 1733
f 2249 1066 3176
f 1066 1065 3176
f 4357 2903 1409
f 1280 1279 2544
f 475 710 1772
f 474 2440 4444
f 1771 1770 195
f 1770 3508 195
f 1635 4445 2771
f 1261 3508 4444
f 2086 4386 3308
f 4386 1784 3308
f 1222 1757 4165
f 1757 1246 4165
f 3236 412 414
f 412 3236 552
f 2468 4421 3263
f 3263 4421 169
f 515 2455 4158
f 2455 3795 4158
f 3029 3929 3671
f 3929 3290 3671
f 1509 775 777
f 820 4415 1022
f 4393 3319 3989
f 3319 4393 760
f 1599 1308 1597
f 1308 3317 1597
f 4256 4430 4255
f 4256 4415 3887
f 4154 1855 1653
f 1655 4154 1653
f 1577 80 79
f 4422 81 80
f 2333 3293 3292
f 1520 4289 3293
f 156 155 4154
f 155 4283 4154
f 948 4248 3869
f 4248 3700 3699
f 3897 1566 4455
f 1575 1565 1564
f 3116 1436 4455
f 4455 1436 1435
f 3786 1435 1434
f 4455 1435 3897
f 182 3643 3642
f 3643 182 3372
f 2281 3389 2784
f 3389 2782 2784
f 1627 1229 2750
f 2750 3329 4441
f 2731 1764 567
f 1764 568 567
f 996 4119 68
f 3975 4119 3814
f 3308 4007 577
f 4007 3308 1784
f 4167 3503 659
f 4115 4032 3970
f 2488 3332 370
f 3332 821 370
f 902 1403 1401
f 692 693 3243
f 1127 1035 1125
f 2873 591 638
f 2308 2873 638
f 691 690 3386
f 4390 4391 1921
f 4391 614 1921
f 4105 4197 1801
f 1802 4105 1801
f 2098 13 1898
f 2158 2098 1898
f 1249 2799 1250
f 2799 2954 1250
f 538 3312 3314
f 3312 538 2411
f 3314 3313 725
f 542 3314 725
f 1665 4348 2767
f 1795 1665 2767
f 82 3660 83
f 3661 3178 3180
f 1541 588 4029
f 1541 2939 1540
f 3526 1285 1198
f 1285 3526 1271
f 1749 2533 3932
f 1749 1286 2100
f 2353 2858 1570
f 3050 220 2858
f 4062 2270 128
f 3714 4062 128
f 2931 4365 4422
f 4422 4423 2365
f 1382 2326 954
f 2326 1382 4209
f 1209 3520 4359
f 3520 2739 4359
f 2629 890 4405
f 889 3780 4405
f 1472 4453 4200
f 4453 4199 4200
f 1976 1888 1890
f 4045 953 952
f 3002 2653 2652
f 4224 3002 2652
f 576 3309 577
f 3309 3308 577
f 739 780 740
f 739 738 3259
f 1843 1930 3627
f 1930 3272 3627
f 3236 1318 312
f 1318 3236 414
f 523 483 3882
f 483 523 3808
f 3431 3430 1867
f 3430 2593 1867
f 1821 174 1710
f 174 3431 1710
f 1524 2311 1151
f 2311 2310 1151
f 1525 4122 1820
f 4122 1821 1820
f 872 20 1711
f 20 19 1711
f 3707 3478 3012
f 3478 3620 3012
f 1110 1683 1682
f 4443 1110 1682
f 1667 4089 4363
f 4089 4090 4363
f 3650 2969 3088
f 2969 2674 3088
f 4017 3806 939
f 3806 3955 939
f 2440 4445 4444
f 4445 2440 2771
f 3508 710 4444
f 4444 710 474
f 837 839 476
f 476 839 474
f 1635 1774 1259
f 1259 1774 3190
f 3191 1260 1259
f 3508 1261 1260
f 2699 2804 2771
f 2804 2699 2805
f 4120 966 68
f 966 4120 100
f 4113 3444 3288
f 4381 3444 2416
f 4393 541 3791
f 541 4393 539
f 2340 3258 4371
f 761 3887 4415
f 3104 3103 4028
f 3103 3908 4028
f 3534 4352 3532
f 3534 2485 3859
f 3216 3511 3214
f 3216 3888 3859
f 3418 2486 3419
f 2486 3418 3510
f 1539 2015 684
f 4396 43 1289
f 43 4396 44
f 1288 4396 1289
f 2366 4423 39
f 4423 2366 2365
f 3059 4295 3058
f 4295 3059 2397
f 2217 1931 4148
f 1931 2217 976
f 3927 2661 2660
f 2661 3927 1076
f 1700 1679 1678
f 1679 1700 1699
f 1543 525 2743
f 1543 2742 1542
f 3623 177 4368
f 177 176 4368
f 4041 3106 2998
f 3106 4041 770
f 32 1506 1508
f 3280 978 32
f 3662 569 1594
f 569 568 1594
f 3693 1661 2545
f 2544 4436 3149
f 3837 4138 3838
f 4138 3837 1067
f 4075 3706 522
f 3706 1445 522
f 1890 3098 4283
f 3098 1855 4283
f 4283 3108 1890
f 3108 1976 1890
f 1977 2995 1947
f 92 2156 3370
f 3600 3335 2431
f 1694 4204 1705
f 3135 1176 249
f 569 3662 1400
f 773 2609 752
f 774 2477 118
f 3518 4158 4212
f 3517 3518 4212
f 2017 124 123
f 1343 2402 2302
f 1501 519 2344
f 2025 579 3832
f 1556 4135 4301
f 3811 1556 4301
f 2412 2411 538
f 2412 537 3452
f 1361 3938 3678
f 3938 1739 3678
f 646 4411 4282
f 4411 4348 4282
f 2024 3960 108
f 3683 1041 4330
f 4394 1555 3964
f 1555 1554 3964
f 1993 3023 4188
f 4188 4189 1991
f 360 4127 4266
f 4127 4126 4266
f 3686 2499 2498
f 2499 3686 2159
f 608 2937 2936
f 608 3849 606
f 3842 331 330
f 331 3842 3876
f 4442 2737 3924
f 2737 4442 3201
f 2798 3023 1993
f 490 3833 1416
f 3083 1017 1157
f 1017 1736 1157
f 3486 4166 1169
f 4166 3093 1169
f 3388 2280 271
f 4082 4275 2267
f 427 1602 4338
f 4134 3895 282
f 4043 3258 3521
f 3258 4043 4371
f 760 759 820
f 759 4415 820
f 1599 2879 1309
f 1310 3317 1308
f 3521 3258 104
f 105 3550 106
f 3193 3192 4040
f 1618 1485 2605
f 1485 1484 2605
f 377 4137 3966
f 4137 377 747
f 3075 3684 4137
f 747 3075 4137
f 3201 4442 144
f 4442 3923 144
f 106 4401 3151
f 4401 3261 3151
f 2593 4008 51
f 1849 4008 3430
f 4194 3059 3017
f 797 323 3017
f 2456 2563 4025
f 4025 2563 2047
f 2816 821 2973
f 4065 2816 2973
f 4114 2395 1977
f 1288 1287 1121
f 1404 796 1585
f 796 1404 3096
f 1772 1444 475
f 4237 270 2089
f 958 2199 2080
f 2199 1429 2080
f 13 3819 14
f 3819 3380 14
f 15 3637 1898
f 3637 2156 1898
f 885 2862 14
f 2862 15 14
f 3114 4303 2408
f 3114 2408 1277
f 2885 4380 1734
f 4380 2885 397
f 4281 2550 2789
f 2550 4383 2789
f 3658 4084 2105
f 695 4084 3980
f 1472 1471 3618
f 1471 3549 3618
f 2810 4324 1287
f 4324 1121 1287
f 3864 3432 4324
f 3432 1119 1121
f 3684 3015 4137
f 1786 1785 3126
f 3203 4328 2517
f 4328 4327 2517
f 3523 3522 3501
f 3522 3502 3501
f 3102 2407 1125
f 1125 1413 3102
f 2019 2018 4020
f 3408 3407 3821
f 511 425 1864
f 425 424 1864
f 424 3646 806
f 3646 3460 806
f 897 4129 2825
f 4129 2826 2825
f 1323 1917 1324
f 1323 1322 4398
f 303 807 3928
f 2174 303 3928
f 1795 2539 1663
f 2539 2570 1663
f 2190 2192 4329
f 2192 3739 4329
f 4232 3860 2883
f 3860 4232 3368
f 4131 4409 808
f 4409 807 808
f 4176 4446 2892
f 2894 4176 2892
f 1336 712 1631
f 712 711 1631
f 131 1363 132
f 1363 3977 132
f 2834 2043 3166
f 4271 2043 2042
f 3868 4262 1596
f 4262 4449 1596
f 1555 4136 1556
f 4136 1555 4394
f 1768 2208 1769
f 2208 1768 4272
f 2200 4086 4438
f 4086 2165 4438
f 3833 662 1416
f 1414 289 3477
f 4199 1383 3369
f 1383 953 2631
f 3631 536 538
f 536 3631 573
f 2704 2706 4382
f 2706 3491 4382
f 2802 3877 3842
f 3877 3876 3842
f 4020 3802 2817
f 4020 3821 2019
f 4277 4298 641
f 4276 3802 4298
f 4293 1107 321
f 4294 4293 3674
f 2471 4018 2880
f 4018 2471 981
f 2932 4277 641
f 4277 2932 866
f 2034 3437 3142
f 2034 2020 2019
f 3059 4194 2397
f 3517 1288 1121
f 4404 2964 4364
f 4316 4404 4364
f 2903 1327 1407
f 2903 4357 2901
f 4030 2248 1659
f 2248 4030 3838
f 2037 3043 1234
f 3043 1108 1234
f 1260 3640 195
f 3640 1260 3191
f 3538 2836 1746
f 2835 2155 1746
f 1345 2385 2387
f 2385 1345 4153
f 3788 3872 2348
f 3872 3422 2348
f 3664 1983 3769
f 2607 3664 3769
f 202 4435 1633
f 4435 2834 1633
f 29 4128 4123
f 4223 175 4128
f 173 175 4223
f 4123 175 1821
f 4223 1848 173
f 49 1848 2413
f 2545 4321 1280
f 2545 3149 3693
f 3167 216 2755
f 2701 2956 3803
f 398 3020 399
f 3020 2483 399
f 785 4294 3674
f 4294 785 784
f 1830 3984 3608
f 3984 2307 3608
f 911 2258 912
f 2258 3983 912
f 591 590 3009
f 590 2086 3009
f 1283 2741 2228
f 3562 2741 518
f 3824 4172 3485
f 4172 3089 3485
f 4405 3780 4140
f 2630 4405 4140
f 2236 1845 860
f 1845 2236 2398
f 2942 2849 3912
f 4280 3565 2850
f 1863 2067 512
f 512 2067 4201
f 1948 1650 456
f 447 1731 2980
f 3601 2994 3769
f 2994 2607 3769
f 4308 4141 2882
f 1070 4308 2882
f 1949 4302 3883
f 1950 1949 3883
f 1069 3682 4308
f 3682 2630 4308
f 2155 2835 4322
f 2835 1549 4322
f 4326 868 867
f 868 3243 866
f 1896 3450 4217
f 3450 4326 4217
f 3670 1478 1477
f 3670 4021 4326
f 1037 1115 2843
f 1115 1037 4001
f 2605 2272 2606
f 2272 1912 2606
f 3427 4351 899
f 4351 4168 899
f 3780 889 2419
f 889 888 2419
f 509 4143 507
f 4143 4142 507
f 2696 4013 4142
f 4013 507 4142
f 35 34 2330
f 2500 2330 34
f 730 3240 731
f 3240 3843 731
f 3883 2887 2434
f 2433 3883 2434
f 66 2845 4290
f 3157 66 4290
f 3747 3982 4169
f 3982 2677 4169
f 4410 4238 4290
f 2847 4410 4290
f 530 1553 1949
f 1948 530 1949
f 4349 65 2202
f 65 64 2202
f 32 1508 33
f 33 1508 2700
f 4412 1722 302
f 530 4011 528
f 3306 3759 3304
f 3759 3306 4272
f 1792 2634 2633
f 2634 1792 4002
f 2897 3836 4118
f 3836 705 4118
f 4455 1565 3116
f 1565 1575 3116
f 3356 4429 4299
f 4429 3356 1797
f 2548 2764 1064
f 2764 3737 1064
f 2546 1742 626
f 626 1741 627
f 407 3628 292
f 3628 3627 292
f 1604 3540 1605
f 1604 4244 3540
f 3137 4346 1521
f 4346 1945 1521
f 2702 3803 3992
f 2480 61 1604
f 4244 2276 2779
f 61 2276 1604
f 2254 3064 3188
f 3064 2299 3188
f 1359 4059 4149
f 4059 1196 4149
f 3420 1170 3093
f 1170 1169 3093
f 348 3514 1482
f 3514 1367 1482
f 2748 3337 2749
f 3337 4323 2749
f 3128 3129 3931
f 2938 3129 3538
f 4023 3972 3755
f 28 3972 29
f 3426 4306 2432
f 4321 4306 1280
f 3426 3334 748
f 28 3334 2263
f 1610 1621 2060
f 1621 1610 1619
f 2171 1179 2170
f 1179 2171 3061
f 2222 4313 2223
f 4313 4146 2223
f 3934 4111 1450
f 4111 1172 1450
f 543 3396 2926
f 543 1990 542
f 4329 3461 445
f 3461 3396 445
f 3259 1786 3126
f 4049 4048 1787
f 2441 2698 2440
f 2698 2771 2440
f 3665 924 1983
f 924 923 1983
f 3561 2011 2035
f 2011 3561 3529