####
#
# OBJ File Generated by Meshlab
#
####
# Object flat_v651.obj
#
# Vertices: 651
# Faces: 1204
#
####
mtllib ./flat_v651.obj.mtl

vn 0.000000 1.000000 0.000000
v -1.000000 0.000000 1.000000
vn 0.000000 1.000000 0.000000
v 1.000000 0.000000 1.000000
vn 0.000000 1.000000 0.000000
v -1.000000 0.000000 -1.000000
vn 0.000000 1.000000 0.000000
v 1.000000 0.000000 -1.000000
vn 0.000000 1.000000 0.000000
v -1.000000 0.000000 0.604492
vn 0.000000 1.000000 0.000000
v -1.000000 0.000000 0.068359
vn 0.000000 1.000000 0.000000
v -1.000000 0.000000 0.235352
vn 0.000000 1.000000 0.000000
v -0.189789 0.000000 1.000000
vn 0.000000 1.000000 0.000000
v -0.703522 0.000000 1.000000
vn 0.000000 1.000000 0.000000
v 1.000000 0.000000 0.014648
vn 0.000000 1.000000 0.000000
v -0.265470 0.000000 -0.606462
vn 0.000000 1.000000 0.000000
v 0.645935 0.000000 -0.000616
vn 0.000000 1.000000 0.000000
v 0.214569 0.000000 1.000000
vn 0.000000 1.000000 0.000000
v -1.000000 0.000000 0.874329
vn 0.000000 1.000000 0.000000
v 1.000000 0.000000 0.908691
vn 0.000000 1.000000 0.000000
v 0.656433 0.000000 -1.000000
vn 0.000000 1.000000 0.000000
v 0.483398 0.000000 -1.000000
vn 0.000000 1.000000 0.000000
v -0.295898 0.000000 -1.000000
vn 0.000000 1.000000 0.000000
v -0.674186 0.000000 -0.247589
vn 0.000000 1.000000 0.000000
v 0.130439 0.000000 0.613098
vn 0.000000 1.000000 0.000000
v -0.217297 0.000000 0.852796
vn 0.000000 1.000000 0.000000
v -0.842418 0.000000 0.513684
vn 0.000000 1.000000 0.000000
v 0.921304 0.000000 0.268420
vn 0.000000 1.000000 0.000000
v 0.516099 0.000000 0.706407
vn 0.000000 1.000000 0.000000
v -0.392631 0.000000 0.435038
vn 0.000000 1.000000 0.000000
v -0.119139 0.000000 0.303809
vn 0.000000 1.000000 0.000000
v 0.143433 0.000000 1.000000
vn 0.000000 1.000000 0.000000
v 0.700972 0.000000 -0.367014
vn 0.000000 1.000000 0.000000
v 0.181431 0.000000 -0.515271
vn 0.000000 1.000000 0.000000
v 0.618871 0.000000 -0.577378
vn 0.000000 1.000000 0.000000
v 0.740776 0.000000 0.900832
vn 0.000000 1.000000 0.000000
v 0.230320 0.000000 -0.727625
vn 0.000000 1.000000 0.000000
v -0.017578 0.000000 -1.000000
vn 0.000000 1.000000 0.000000
v -0.200684 0.000000 -1.000000
vn 0.000000 1.000000 0.000000
v 0.547302 0.000000 1.000000
vn 0.000000 1.000000 0.000000
v -0.922800 0.000000 -0.267584
vn 0.000000 1.000000 0.000000
v 0.733002 0.000000 -1.000000
vn 0.000000 1.000000 0.000000
v -0.307644 0.000000 0.846648
vn 0.000000 1.000000 0.000000
v 0.921247 0.000000 -0.211100
vn 0.000000 1.000000 0.000000
v -0.055553 0.000000 -0.425715
vn 0.000000 1.000000 0.000000
v -0.659299 0.000000 -0.752035
vn 0.000000 1.000000 0.000000
v -0.530456 0.000000 0.047871
vn 0.000000 1.000000 0.000000
v 1.000000 0.000000 0.114258
vn 0.000000 1.000000 0.000000
v 1.000000 0.000000 -0.084961
vn 0.000000 1.000000 0.000000
v -0.767578 0.000000 -1.000000
vn 0.000000 1.000000 0.000000
v -0.277984 0.000000 0.002303
vn 0.000000 1.000000 0.000000
v 0.566050 0.000000 -0.664490
vn 0.000000 1.000000 0.000000
v 0.190430 0.000000 -1.000000
vn 0.000000 1.000000 0.000000
v -0.382748 0.000000 -0.853408
vn 0.000000 1.000000 0.000000
v -0.535463 0.000000 0.155666
vn 0.000000 1.000000 0.000000
v -0.716551 0.000000 0.242699
vn 0.000000 1.000000 0.000000
v 0.925322 0.000000 -0.035241
vn 0.000000 1.000000 0.000000
v 0.095524 0.000000 0.471164
vn 0.000000 1.000000 0.000000
v -0.192548 0.000000 0.264675
vn 0.000000 1.000000 0.000000
v -0.769621 0.000000 0.560561
vn 0.000000 1.000000 0.000000
v -0.684639 0.000000 0.689483
vn 0.000000 1.000000 0.000000
v -0.204328 0.000000 -0.379148
vn 0.000000 1.000000 0.000000
v -0.360930 0.000000 0.921635
vn 0.000000 1.000000 0.000000
v -0.852637 0.000000 0.063544
vn 0.000000 1.000000 0.000000
v -0.164871 0.000000 -0.610806
vn 0.000000 1.000000 0.000000
v -0.670206 0.000000 -0.675388
vn 0.000000 1.000000 0.000000
v -0.105964 0.000000 0.719408
vn 0.000000 1.000000 0.000000
v 0.173862 0.000000 0.927007
vn 0.000000 1.000000 0.000000
v -0.917605 0.000000 0.452498
vn 0.000000 1.000000 0.000000
v -0.768688 0.000000 0.649639
vn 0.000000 1.000000 0.000000
v 0.617559 0.000000 0.859135
vn 0.000000 1.000000 0.000000
v 1.000000 0.000000 0.726837
vn 0.000000 1.000000 0.000000
v 0.909514 0.000000 0.425695
vn 0.000000 1.000000 0.000000
v 0.834786 0.000000 0.497867
vn 0.000000 1.000000 0.000000
v 0.964294 0.000000 -1.000000
vn 0.000000 1.000000 0.000000
v -0.275987 0.000000 -0.525091
vn 0.000000 1.000000 0.000000
v 0.799351 0.000000 -0.846761
vn 0.000000 1.000000 0.000000
v 0.744804 0.000000 0.476714
vn 0.000000 1.000000 0.000000
v 0.232676 0.000000 0.749171
vn 0.000000 1.000000 0.000000
v -0.926023 0.000000 -0.588959
vn 0.000000 1.000000 0.000000
v -0.271744 0.000000 0.926557
vn 0.000000 1.000000 0.000000
v 0.656632 0.000000 -0.670633
vn 0.000000 1.000000 0.000000
v 0.561572 0.000000 0.491378
vn 0.000000 1.000000 0.000000
v -0.697770 0.000000 -0.416873
vn 0.000000 1.000000 0.000000
v 0.044244 0.000000 0.287669
vn 0.000000 1.000000 0.000000
v -0.215698 0.000000 -0.219887
vn 0.000000 1.000000 0.000000
v -0.297347 0.000000 0.071924
vn 0.000000 1.000000 0.000000
v 0.312500 0.000000 1.000000
vn 0.000000 1.000000 0.000000
v 0.370726 0.000000 0.928175
vn 0.000000 1.000000 0.000000
v 0.177252 0.000000 0.683702
vn 0.000000 1.000000 0.000000
v 0.378482 0.000000 0.786979
vn 0.000000 1.000000 0.000000
v -0.925808 0.000000 -0.170605
vn 0.000000 1.000000 0.000000
v 0.057844 0.000000 0.022208
vn 0.000000 1.000000 0.000000
v 0.493428 0.000000 0.192252
vn 0.000000 1.000000 0.000000
v 0.454802 0.000000 -0.847755
vn 0.000000 1.000000 0.000000
v 0.098220 0.000000 -0.857932
vn 0.000000 1.000000 0.000000
v 0.933594 0.000000 1.000000
vn 0.000000 1.000000 0.000000
v 1.000000 0.000000 -0.413086
vn 0.000000 1.000000 0.000000
v -0.642338 0.000000 -0.077847
vn 0.000000 1.000000 0.000000
v -0.263193 0.000000 -0.140695
vn 0.000000 1.000000 0.000000
v -0.591414 0.000000 -0.215744
vn 0.000000 1.000000 0.000000
v 0.482513 0.000000 1.000000
vn 0.000000 1.000000 0.000000
v 0.926410 0.000000 0.778314
vn 0.000000 1.000000 0.000000
v 0.885761 0.000000 -0.739439
vn 0.000000 1.000000 0.000000
v 0.924937 0.000000 -0.654244
vn 0.000000 1.000000 0.000000
v -0.626953 0.000000 -1.000000
vn 0.000000 1.000000 0.000000
v 0.794470 0.000000 -0.762561
vn 0.000000 1.000000 0.000000
v -0.944540 0.000000 -0.520729
vn 0.000000 1.000000 0.000000
v -1.000000 0.000000 -0.072266
vn 0.000000 1.000000 0.000000
v 0.017930 0.000000 -0.477234
vn 0.000000 1.000000 0.000000
v 0.861678 0.000000 0.105196
vn 0.000000 1.000000 0.000000
v 0.745829 0.000000 -0.675888
vn 0.000000 1.000000 0.000000
v -0.618369 0.000000 0.109529
vn 0.000000 1.000000 0.000000
v -0.044381 0.000000 -0.352737
vn 0.000000 1.000000 0.000000
v 1.000000 0.000000 -0.164062
vn 0.000000 1.000000 0.000000
v 0.120937 0.000000 0.231098
vn 0.000000 1.000000 0.000000
v 0.264192 0.000000 0.113109
vn 0.000000 1.000000 0.000000
v 0.074439 0.000000 -0.623991
vn 0.000000 1.000000 0.000000
v -0.835743 0.000000 -0.690253
vn 0.000000 1.000000 0.000000
v 0.041955 0.000000 -0.796921
vn 0.000000 1.000000 0.000000
v -0.819872 0.000000 -0.921624
vn 0.000000 1.000000 0.000000
v -0.078503 0.000000 -0.288133
vn 0.000000 1.000000 0.000000
v -0.520662 0.000000 0.245242
vn 0.000000 1.000000 0.000000
v -1.000000 0.000000 0.320312
vn 0.000000 1.000000 0.000000
v -1.000000 0.000000 0.405273
vn 0.000000 1.000000 0.000000
v -0.623980 0.000000 0.868883
vn 0.000000 1.000000 0.000000
v 0.398438 0.000000 -1.000000
vn 0.000000 1.000000 0.000000
v 1.000000 0.000000 0.636475
vn 0.000000 1.000000 0.000000
v -0.333398 0.000000 0.370960
vn 0.000000 1.000000 0.000000
v 0.315331 0.000000 -0.596122
vn 0.000000 1.000000 0.000000
v 0.444473 0.000000 -0.199374
vn 0.000000 1.000000 0.000000
v 0.003366 0.000000 -0.566711
vn 0.000000 1.000000 0.000000
v -0.163561 0.000000 0.530177
vn 0.000000 1.000000 0.000000
v -0.432458 0.000000 -0.564999
vn 0.000000 1.000000 0.000000
v -0.750569 0.000000 0.317399
vn 0.000000 1.000000 0.000000
v 0.006958 0.000000 1.000000
vn 0.000000 1.000000 0.000000
v 0.645367 0.000000 0.683377
vn 0.000000 1.000000 0.000000
v 1.000000 0.000000 -0.606445
vn 0.000000 1.000000 0.000000
v -0.842799 0.000000 -0.605796
vn 0.000000 1.000000 0.000000
v -0.201591 0.000000 0.441455
vn 0.000000 1.000000 0.000000
v -0.597812 0.000000 -0.527659
vn 0.000000 1.000000 0.000000
v -0.613062 0.000000 0.626388
vn 0.000000 1.000000 0.000000
v -0.704936 0.000000 0.526568
vn 0.000000 1.000000 0.000000
v -0.934592 0.000000 0.927088
vn 0.000000 1.000000 0.000000
v -0.580514 0.000000 -0.131655
vn 0.000000 1.000000 0.000000
v 0.706730 0.000000 -0.532204
vn 0.000000 1.000000 0.000000
v -0.844715 0.000000 0.601216
vn 0.000000 1.000000 0.000000
v 0.833311 0.000000 0.252885
vn 0.000000 1.000000 0.000000
v 0.803005 0.000000 0.169600
vn 0.000000 1.000000 0.000000
v 0.916325 0.000000 -0.955493
vn 0.000000 1.000000 0.000000
v -0.526668 0.000000 0.652125
vn 0.000000 1.000000 0.000000
v 0.668890 0.000000 -0.949492
vn 0.000000 1.000000 0.000000
v 0.628983 0.000000 0.361495
vn 0.000000 1.000000 0.000000
v 0.745024 0.000000 0.236158
vn 0.000000 1.000000 0.000000
v 0.293123 0.000000 0.811470
vn 0.000000 1.000000 0.000000
v 0.340843 0.000000 -0.070074
vn 0.000000 1.000000 0.000000
v -0.845995 0.000000 -0.775086
vn 0.000000 1.000000 0.000000
v 0.703300 0.000000 -0.609247
vn 0.000000 1.000000 0.000000
v 0.923717 0.000000 -0.122928
vn 0.000000 1.000000 0.000000
v -0.918645 0.000000 -0.726530
vn 0.000000 1.000000 0.000000
v -0.421659 0.000000 -0.226766
vn 0.000000 1.000000 0.000000
v 0.205942 0.000000 0.839629
vn 0.000000 1.000000 0.000000
v -0.448362 0.000000 -0.125580
vn 0.000000 1.000000 0.000000
v 0.047157 0.000000 0.792619
vn 0.000000 1.000000 0.000000
v 0.318865 0.000000 0.721531
vn 0.000000 1.000000 0.000000
v 0.425735 0.000000 0.858739
vn 0.000000 1.000000 0.000000
v 0.556457 0.000000 0.780984
vn 0.000000 1.000000 0.000000
v 0.614914 0.000000 -0.210026
vn 0.000000 1.000000 0.000000
v -0.855298 0.000000 -0.113635
vn 0.000000 1.000000 0.000000
v 0.051037 0.000000 -0.151931
vn 0.000000 1.000000 0.000000
v 0.368712 0.000000 -0.859057
vn 0.000000 1.000000 0.000000
v 0.466646 0.000000 -0.674617
vn 0.000000 1.000000 0.000000
v 0.549274 0.000000 -0.498905
vn 0.000000 1.000000 0.000000
v -0.922924 0.000000 0.838450
vn 0.000000 1.000000 0.000000
v 0.927595 0.000000 -0.384657
vn 0.000000 1.000000 0.000000
v 0.755400 0.000000 -0.916039
vn 0.000000 1.000000 0.000000
v 0.868357 0.000000 0.655187
vn 0.000000 1.000000 0.000000
v -0.449821 0.000000 0.916129
vn 0.000000 1.000000 0.000000
v 0.431585 0.000000 -0.025481
vn 0.000000 1.000000 0.000000
v -0.757594 0.000000 -0.640967
vn 0.000000 1.000000 0.000000
v 0.577919 0.000000 0.930393
vn 0.000000 1.000000 0.000000
v 0.695710 0.000000 0.835913
vn 0.000000 1.000000 0.000000
v -0.220348 0.000000 0.607951
vn 0.000000 1.000000 0.000000
v 0.853075 0.000000 0.584226
vn 0.000000 1.000000 0.000000
v 0.728657 0.000000 0.733533
vn 0.000000 1.000000 0.000000
v 0.657196 0.000000 0.219959
vn 0.000000 1.000000 0.000000
v 0.924529 0.000000 -0.299085
vn 0.000000 1.000000 0.000000
v -0.372052 0.000000 0.629708
vn 0.000000 1.000000 0.000000
v 0.927125 0.000000 0.055623
vn 0.000000 1.000000 0.000000
v 0.607477 0.000000 -0.743598
vn 0.000000 1.000000 0.000000
v 0.861167 0.000000 -0.078232
vn 0.000000 1.000000 0.000000
v 0.375862 0.000000 0.010772
vn 0.000000 1.000000 0.000000
v 0.361449 0.000000 0.083972
vn 0.000000 1.000000 0.000000
v -0.212259 0.000000 -0.050251
vn 0.000000 1.000000 0.000000
v 0.142807 0.000000 -0.775410
vn 0.000000 1.000000 0.000000
v -0.133911 0.000000 -0.783273
vn 0.000000 1.000000 0.000000
v -0.200337 0.000000 -0.861236
vn 0.000000 1.000000 0.000000
v 0.482351 0.000000 -0.277981
vn 0.000000 1.000000 0.000000
v 0.291763 0.000000 -0.233017
vn 0.000000 1.000000 0.000000
v 0.402752 0.000000 -0.433403
vn 0.000000 1.000000 0.000000
v -0.090918 0.000000 -0.146548
vn 0.000000 1.000000 0.000000
v -0.845847 0.000000 -0.315710
vn 0.000000 1.000000 0.000000
v 0.239368 0.000000 -0.053620
vn 0.000000 1.000000 0.000000
v 0.046334 0.000000 0.193962
vn 0.000000 1.000000 0.000000
v 0.435000 0.000000 0.140507
vn 0.000000 1.000000 0.000000
v 0.399794 0.000000 -0.796634
vn 0.000000 1.000000 0.000000
v 0.111311 0.000000 -0.111705
vn 0.000000 1.000000 0.000000
v -0.917103 0.000000 0.293214
vn 0.000000 1.000000 0.000000
v -0.549587 0.000000 0.907900
vn 0.000000 1.000000 0.000000
v -0.632835 0.000000 0.934672
vn 0.000000 1.000000 0.000000
v 0.465693 0.000000 -0.766906
vn 0.000000 1.000000 0.000000
v 0.188469 0.000000 -0.858409
vn 0.000000 1.000000 0.000000
v 0.920835 0.000000 0.526271
vn 0.000000 1.000000 0.000000
v 0.728896 0.000000 -0.830085
vn 0.000000 1.000000 0.000000
v 0.159687 0.000000 -0.595310
vn 0.000000 1.000000 0.000000
v 0.834978 0.000000 -0.670963
vn 0.000000 1.000000 0.000000
v -0.100358 0.000000 0.166452
vn 0.000000 1.000000 0.000000
v 0.860234 0.000000 -0.526874
vn 0.000000 1.000000 0.000000
v -0.065916 0.000000 -0.511779
vn 0.000000 1.000000 0.000000
v -0.018413 0.000000 0.144942
vn 0.000000 1.000000 0.000000
v -0.127385 0.000000 0.232984
vn 0.000000 1.000000 0.000000
v 0.316477 0.000000 0.352934
vn 0.000000 1.000000 0.000000
v -0.300881 0.000000 0.447973
vn 0.000000 1.000000 0.000000
v -0.776538 0.000000 0.106787
vn 0.000000 1.000000 0.000000
v 0.021383 0.000000 -0.387021
vn 0.000000 1.000000 0.000000
v 0.735436 0.000000 -0.147993
vn 0.000000 1.000000 0.000000
v 0.856324 0.000000 -0.438969
vn 0.000000 1.000000 0.000000
v -0.119166 0.000000 0.389682
vn 0.000000 1.000000 0.000000
v 0.089572 0.000000 -0.331709
vn 0.000000 1.000000 0.000000
v -0.778947 0.000000 0.191322
vn 0.000000 1.000000 0.000000
v -0.467933 0.000000 0.191420
vn 0.000000 1.000000 0.000000
v 0.348892 0.000000 0.169507
vn 0.000000 1.000000 0.000000
v 0.208982 0.000000 -0.207978
vn 0.000000 1.000000 0.000000
v 0.268066 0.000000 0.209111
vn 0.000000 1.000000 0.000000
v -0.127538 0.000000 0.852808
vn 0.000000 1.000000 0.000000
v -0.301282 0.000000 0.595025
vn 0.000000 1.000000 0.000000
v -0.353178 0.000000 -0.313168
vn 0.000000 1.000000 0.000000
v -0.495077 0.000000 0.327157
vn 0.000000 1.000000 0.000000
v 0.568969 0.000000 -0.006731
vn 0.000000 1.000000 0.000000
v -0.080405 0.000000 -0.595380
vn 0.000000 1.000000 0.000000
v 0.736272 0.000000 0.003029
vn 0.000000 1.000000 0.000000
v -0.456973 0.000000 0.115816
vn 0.000000 1.000000 0.000000
v 0.312990 0.000000 -0.437697
vn 0.000000 1.000000 0.000000
v 0.167486 0.000000 0.509432
vn 0.000000 1.000000 0.000000
v -0.931780 0.000000 -0.448268
vn 0.000000 1.000000 0.000000
v 0.048984 0.000000 0.642843
vn 0.000000 1.000000 0.000000
v -0.771352 0.000000 -0.368720
vn 0.000000 1.000000 0.000000
v -0.565601 0.000000 0.462637
vn 0.000000 1.000000 0.000000
v -0.067560 0.000000 0.919997
vn 0.000000 1.000000 0.000000
v -0.031497 0.000000 0.673874
vn 0.000000 1.000000 0.000000
v -0.045738 0.000000 0.434765
vn 0.000000 1.000000 0.000000
v 0.380802 0.000000 -0.272647
vn 0.000000 1.000000 0.000000
v 0.304348 0.000000 -0.305638
vn 0.000000 1.000000 0.000000
v -0.034063 0.000000 0.754911
vn 0.000000 1.000000 0.000000
v 0.091395 0.000000 -0.535930
vn 0.000000 1.000000 0.000000
v -0.913047 0.000000 0.630037
vn 0.000000 1.000000 0.000000
v -0.339714 0.000000 0.235039
vn 0.000000 1.000000 0.000000
v 0.709706 0.000000 -0.446980
vn 0.000000 1.000000 0.000000
v -0.596528 0.000000 -0.622585
vn 0.000000 1.000000 0.000000
v 0.578894 0.000000 -0.418805
vn 0.000000 1.000000 0.000000
v 0.266972 0.000000 -0.365752
vn 0.000000 1.000000 0.000000
v -0.486797 0.000000 -0.712627
vn 0.000000 1.000000 0.000000
v -0.204467 0.000000 -0.535215
vn 0.000000 1.000000 0.000000
v 0.651398 0.000000 -0.141945
vn 0.000000 1.000000 0.000000
v 0.783461 0.000000 -0.075670
vn 0.000000 1.000000 0.000000
v -0.761437 0.000000 0.469292
vn 0.000000 1.000000 0.000000
v -0.695398 0.000000 0.598937
vn 0.000000 1.000000 0.000000
v -0.764248 0.000000 0.746623
vn 0.000000 1.000000 0.000000
v 0.779547 0.000000 -0.401906
vn 0.000000 1.000000 0.000000
v -0.115903 0.000000 -0.366260
vn 0.000000 1.000000 0.000000
v -0.146036 0.000000 -0.460564
vn 0.000000 1.000000 0.000000
v 0.932727 0.000000 0.865753
vn 0.000000 1.000000 0.000000
v -1.000000 0.000000 0.774628
vn 0.000000 1.000000 0.000000
v -0.873352 0.000000 1.000000
vn 0.000000 1.000000 0.000000
v -0.791138 0.000000 1.000000
vn 0.000000 1.000000 0.000000
v -0.962891 0.000000 1.000000
vn 0.000000 1.000000 0.000000
v 0.927968 0.000000 0.608820
vn 0.000000 1.000000 0.000000
v 0.807660 0.000000 0.407887
vn 0.000000 1.000000 0.000000
v -0.246643 0.000000 1.000000
vn 0.000000 1.000000 0.000000
v -0.784740 0.000000 -0.065982
vn 0.000000 1.000000 0.000000
v 0.838521 0.000000 0.007743
vn 0.000000 1.000000 0.000000
v 0.772629 0.000000 0.085378
vn 0.000000 1.000000 0.000000
v -0.517143 0.000000 -0.105485
vn 0.000000 1.000000 0.000000
v 0.336260 0.000000 0.630909
vn 0.000000 1.000000 0.000000
v 0.277680 0.000000 0.588473
vn 0.000000 1.000000 0.000000
v -0.855568 0.000000 0.697651
vn 0.000000 1.000000 0.000000
v -0.779906 0.000000 0.939950
vn 0.000000 1.000000 0.000000
v 0.050032 0.000000 -0.927986
vn 0.000000 1.000000 0.000000
v 0.084961 0.000000 -1.000000
vn 0.000000 1.000000 0.000000
v -0.856752 0.000000 -0.024252
vn 0.000000 1.000000 0.000000
v -0.938434 0.000000 -0.070510
vn 0.000000 1.000000 0.000000
v -0.787419 0.000000 -0.138802
vn 0.000000 1.000000 0.000000
v 0.926867 0.000000 0.690943
vn 0.000000 1.000000 0.000000
v 1.000000 0.000000 0.480774
vn 0.000000 1.000000 0.000000
v 1.000000 0.000000 0.386719
vn 0.000000 1.000000 0.000000
v 0.938933 0.000000 0.342170
vn 0.000000 1.000000 0.000000
v 1.000000 0.000000 0.292969
vn 0.000000 1.000000 0.000000
v 1.000000 0.000000 0.199219
vn 0.000000 1.000000 0.000000
v 0.864267 0.000000 0.336486
vn 0.000000 1.000000 0.000000
v 0.931143 0.000000 -0.562881
vn 0.000000 1.000000 0.000000
v 0.928589 0.000000 -1.000000
vn 0.000000 1.000000 0.000000
v 1.000000 0.000000 -0.949646
vn 0.000000 1.000000 0.000000
v 0.825996 0.000000 -1.000000
vn 0.000000 1.000000 0.000000
v -0.554130 0.000000 -0.871688
vn 0.000000 1.000000 0.000000
v -0.506258 0.000000 -0.932398
vn 0.000000 1.000000 0.000000
v -0.553711 0.000000 -1.000000
vn 0.000000 1.000000 0.000000
v -0.452595 0.000000 0.591465
vn 0.000000 1.000000 0.000000
v -0.444178 0.000000 0.678591
vn 0.000000 1.000000 0.000000
v 0.866696 0.000000 -0.821841
vn 0.000000 1.000000 0.000000
v 0.688895 0.000000 0.543788
vn 0.000000 1.000000 0.000000
v 0.646655 0.000000 0.457207
vn 0.000000 1.000000 0.000000
v 0.561946 0.000000 0.408508
vn 0.000000 1.000000 0.000000
v 0.562942 0.000000 0.571561
vn 0.000000 1.000000 0.000000
v 0.585589 0.000000 0.717429
vn 0.000000 1.000000 0.000000
v 1.000000 0.000000 -0.254883
vn 0.000000 1.000000 0.000000
v -1.000000 0.000000 -0.667969
vn 0.000000 1.000000 0.000000
v -1.000000 0.000000 -0.001953
vn 0.000000 1.000000 0.000000
v -0.322449 0.000000 1.000000
vn 0.000000 1.000000 0.000000
v -0.622921 0.000000 0.386752
vn 0.000000 1.000000 0.000000
v -0.189357 0.000000 -0.711448
vn 0.000000 1.000000 0.000000
v -0.607919 0.000000 -0.808898
vn 0.000000 1.000000 0.000000
v -0.562833 0.000000 -0.048996
vn 0.000000 1.000000 0.000000
v 0.851207 0.000000 -0.351002
vn 0.000000 1.000000 0.000000
v 0.681255 0.000000 0.075322
vn 0.000000 1.000000 0.000000
v 0.714040 0.000000 0.154580
vn 0.000000 1.000000 0.000000
v 0.635446 0.000000 -0.480479
vn 0.000000 1.000000 0.000000
v 0.179207 0.000000 -0.355894
vn 0.000000 1.000000 0.000000
v 0.233229 0.000000 -0.290568
vn 0.000000 1.000000 0.000000
v -0.680996 0.000000 -0.585777
vn 0.000000 1.000000 0.000000
v 0.060116 0.000000 -0.711837
vn 0.000000 1.000000 0.000000
v 0.413927 0.000000 0.584930
vn 0.000000 1.000000 0.000000
v -0.769300 0.000000 -0.550255
vn 0.000000 1.000000 0.000000
v -0.113807 0.000000 -0.876426
vn 0.000000 1.000000 0.000000
v -0.026065 0.000000 -0.106814
vn 0.000000 1.000000 0.000000
v -0.257881 0.000000 0.525685
vn 0.000000 1.000000 0.000000
v -0.166100 0.000000 0.780620
vn 0.000000 1.000000 0.000000
v 0.069946 0.000000 1.000000
vn 0.000000 1.000000 0.000000
v -0.042360 0.000000 0.834515
vn 0.000000 1.000000 0.000000
v 0.380226 0.000000 -0.654931
vn 0.000000 1.000000 0.000000
v -0.348887 0.000000 0.011985
vn 0.000000 1.000000 0.000000
v -0.512858 0.000000 -0.179366
vn 0.000000 1.000000 0.000000
v -0.481484 0.000000 -0.042926
vn 0.000000 1.000000 0.000000
v -0.432217 0.000000 0.028430
vn 0.000000 1.000000 0.000000
v 0.929829 0.000000 -0.473530
vn 0.000000 1.000000 0.000000
v 1.000000 0.000000 -0.509766
vn 0.000000 1.000000 0.000000
v 0.332315 0.000000 -0.939805
vn 0.000000 1.000000 0.000000
v 0.426213 0.000000 -0.927241
vn 0.000000 1.000000 0.000000
v 0.786789 0.000000 -0.587532
vn 0.000000 1.000000 0.000000
v 0.868378 0.000000 -0.601587
vn 0.000000 1.000000 0.000000
v 0.078303 0.000000 0.553325
vn 0.000000 1.000000 0.000000
v 0.348359 0.000000 0.859465
vn 0.000000 1.000000 0.000000
v 0.279249 0.000000 -0.861239
vn 0.000000 1.000000 0.000000
v 0.114491 0.000000 -0.434929
vn 0.000000 1.000000 0.000000
v -0.783090 0.000000 -0.837835
vn 0.000000 1.000000 0.000000
v 0.648762 0.000000 -0.411652
vn 0.000000 1.000000 0.000000
v -1.000000 0.000000 -0.227539
vn 0.000000 1.000000 0.000000
v 0.056411 0.000000 0.107159
vn 0.000000 1.000000 0.000000
v 0.190888 0.000000 0.177105
vn 0.000000 1.000000 0.000000
v -0.220357 0.000000 0.045828
vn 0.000000 1.000000 0.000000
v -0.578835 0.000000 0.312189
vn 0.000000 1.000000 0.000000
v -0.942542 0.000000 0.371150
vn 0.000000 1.000000 0.000000
v 0.310805 0.000000 -0.688257
vn 0.000000 1.000000 0.000000
v 0.512753 0.000000 -0.585145
vn 0.000000 1.000000 0.000000
v 0.531218 0.000000 -0.734034
vn 0.000000 1.000000 0.000000
v 0.855438 0.000000 1.000000
vn 0.000000 1.000000 0.000000
v -1.000000 0.000000 0.954712
vn 0.000000 1.000000 0.000000
v 0.557750 0.000000 0.336154
vn 0.000000 1.000000 0.000000
v -0.416199 0.000000 1.000000
vn 0.000000 1.000000 0.000000
v -0.490662 0.000000 1.000000
vn 0.000000 1.000000 0.000000
v -0.369141 0.000000 -1.000000
vn 0.000000 1.000000 0.000000
v -0.459961 0.000000 -1.000000
vn 0.000000 1.000000 0.000000
v 0.746887 0.000000 1.000000
vn 0.000000 1.000000 0.000000
v 0.639389 0.000000 1.000000
vn 0.000000 1.000000 0.000000
v -1.000000 0.000000 -0.321289
vn 0.000000 1.000000 0.000000
v -1.000000 0.000000 0.499023
vn 0.000000 1.000000 0.000000
v 1.000000 0.000000 0.807037
vn 0.000000 1.000000 0.000000
v 0.778412 0.000000 0.826992
vn 0.000000 1.000000 0.000000
v 0.939103 0.000000 -0.798427
vn 0.000000 1.000000 0.000000
v 1.000000 0.000000 -0.769897
vn 0.000000 1.000000 0.000000
v 1.000000 0.000000 -0.852295
vn 0.000000 1.000000 0.000000
v 0.711174 0.000000 0.629869
vn 0.000000 1.000000 0.000000
v 0.795430 0.000000 0.651395
vn 0.000000 1.000000 0.000000
v 0.573781 0.000000 0.650168
vn 0.000000 1.000000 0.000000
v 0.634441 0.000000 0.601753
vn 0.000000 1.000000 0.000000
v -1.000000 0.000000 -0.574219
vn 0.000000 1.000000 0.000000
v -0.294414 0.000000 0.681217
vn 0.000000 1.000000 0.000000
v -0.342885 0.000000 0.766636
vn 0.000000 1.000000 0.000000
v 0.066319 0.000000 -0.240499
vn 0.000000 1.000000 0.000000
v -0.376324 0.000000 0.702665
vn 0.000000 1.000000 0.000000
v -0.342999 0.000000 -0.777051
vn 0.000000 1.000000 0.000000
v -0.626661 0.000000 0.011838
vn 0.000000 1.000000 0.000000
v 0.644929 0.000000 -0.820872
vn 0.000000 1.000000 0.000000
v 0.428182 0.000000 -0.112606
vn 0.000000 1.000000 0.000000
v -0.110634 0.000000 -0.071185
vn 0.000000 1.000000 0.000000
v 0.232592 0.000000 -0.643298
vn 0.000000 1.000000 0.000000
v -0.869786 0.000000 -0.855115
vn 0.000000 1.000000 0.000000
v -1.000000 0.000000 -0.768311
vn 0.000000 1.000000 0.000000
v -1.000000 0.000000 -0.839600
vn 0.000000 1.000000 0.000000
v -0.245664 0.000000 -0.778003
vn 0.000000 1.000000 0.000000
v -0.697266 0.000000 -1.000000
vn 0.000000 1.000000 0.000000
v -0.688802 0.000000 -0.333095
vn 0.000000 1.000000 0.000000
v -0.775595 0.000000 -0.459326
vn 0.000000 1.000000 0.000000
v 0.351067 0.000000 -0.361971
vn 0.000000 1.000000 0.000000
v 0.269587 0.000000 -0.143988
vn 0.000000 1.000000 0.000000
v -0.239329 0.000000 0.128828
vn 0.000000 1.000000 0.000000
v -0.294753 0.000000 -0.388556
vn 0.000000 1.000000 0.000000
v 0.391602 0.000000 1.000000
vn 0.000000 1.000000 0.000000
v 0.333984 0.000000 -1.000000
vn 0.000000 1.000000 0.000000
v 0.281250 0.000000 -1.000000
vn 0.000000 1.000000 0.000000
v -0.834714 0.000000 -0.210859
vn 0.000000 1.000000 0.000000
v -1.000000 0.000000 -0.133789
vn 0.000000 1.000000 0.000000
v 0.207616 0.000000 0.034542
vn 0.000000 1.000000 0.000000
v 0.140131 0.000000 -0.034040
vn 0.000000 1.000000 0.000000
v -0.073882 0.000000 0.084152
vn 0.000000 1.000000 0.000000
v -0.925730 0.000000 0.108368
vn 0.000000 1.000000 0.000000
v -1.000000 0.000000 0.150391
vn 0.000000 1.000000 0.000000
v -0.923436 0.000000 0.195361
vn 0.000000 1.000000 0.000000
v 0.390296 0.000000 -0.727156
vn 0.000000 1.000000 0.000000
v 0.580078 0.000000 -1.000000
vn 0.000000 1.000000 0.000000
v 0.606749 0.000000 -0.898017
vn 0.000000 1.000000 0.000000
v -0.593048 0.000000 1.000000
vn 0.000000 1.000000 0.000000
v -0.695663 0.000000 0.897688
vn 0.000000 1.000000 0.000000
v -0.596332 0.000000 0.718544
vn 0.000000 1.000000 0.000000
v -0.395772 0.000000 0.839650
vn 0.000000 1.000000 0.000000
v -0.248884 0.000000 -0.929603
vn 0.000000 1.000000 0.000000
v 0.840231 0.000000 0.739584
vn 0.000000 1.000000 0.000000
v 1.000000 0.000000 0.559204
vn 0.000000 1.000000 0.000000
v 0.567618 0.000000 -0.141295
vn 0.000000 1.000000 0.000000
v 0.618401 0.000000 -0.350192
vn 0.000000 1.000000 0.000000
v -0.260693 0.000000 0.382519
vn 0.000000 1.000000 0.000000
v -0.132617 0.000000 -0.543263
vn 0.000000 1.000000 0.000000
v 0.495691 0.000000 0.622275
vn 0.000000 1.000000 0.000000
v -0.044576 0.000000 0.240050
vn 0.000000 1.000000 0.000000
v -0.192678 0.000000 0.696642
vn 0.000000 1.000000 0.000000
v -0.254016 0.000000 0.770950
vn 0.000000 1.000000 0.000000
v 0.151547 0.000000 0.409193
vn 0.000000 1.000000 0.000000
v 0.488778 0.000000 0.361924
vn 0.000000 1.000000 0.000000
v 0.327996 0.000000 0.455217
vn 0.000000 1.000000 0.000000
v -0.604911 0.000000 -0.301518
vn 0.000000 1.000000 0.000000
v 0.089081 0.000000 0.947533
vn 0.000000 1.000000 0.000000
v -0.433978 0.000000 -0.781370
vn 0.000000 1.000000 0.000000
v 0.413605 0.000000 0.310442
vn 0.000000 1.000000 0.000000
v 0.758654 0.000000 -0.228620
vn 0.000000 1.000000 0.000000
v 0.217968 0.000000 0.341261
vn 0.000000 1.000000 0.000000
v -0.038417 0.000000 0.342420
vn 0.000000 1.000000 0.000000
v 1.000000 0.000000 -0.667969
vn 0.000000 1.000000 0.000000
v 0.339792 0.000000 0.256902
vn 0.000000 1.000000 0.000000
v -0.784487 0.000000 0.259766
vn 0.000000 1.000000 0.000000
v -0.850390 0.000000 0.149716
vn 0.000000 1.000000 0.000000
v -0.087891 0.000000 -1.000000
vn 0.000000 1.000000 0.000000
v -0.398170 0.000000 0.175245
vn 0.000000 1.000000 0.000000
v -0.427770 0.000000 0.261910
vn 0.000000 1.000000 0.000000
v -0.414357 0.000000 0.351754
vn 0.000000 1.000000 0.000000
v 0.605709 0.000000 -0.071096
vn 0.000000 1.000000 0.000000
v 0.693512 0.000000 -0.072812
vn 0.000000 1.000000 0.000000
v -0.375916 0.000000 0.092664
vn 0.000000 1.000000 0.000000
v -0.071701 0.000000 0.521684
vn 0.000000 1.000000 0.000000
v -0.113542 0.000000 0.619524
vn 0.000000 1.000000 0.000000
v 0.240438 0.000000 0.428882
vn 0.000000 1.000000 0.000000
v -1.000000 0.000000 -0.482422
vn 0.000000 1.000000 0.000000
v -1.000000 0.000000 -0.406250
vn 0.000000 1.000000 0.000000
v -0.010560 0.000000 0.585312
vn 0.000000 1.000000 0.000000
v -0.092834 0.000000 1.000000
vn 0.000000 1.000000 0.000000
v -0.194420 0.000000 0.348008
vn 0.000000 1.000000 0.000000
v -0.852264 0.000000 0.892479
vn 0.000000 1.000000 0.000000
v -0.324796 0.000000 -0.469402
vn 0.000000 1.000000 0.000000
v 0.769468 0.000000 -0.315220
vn 0.000000 1.000000 0.000000
v -0.946498 0.000000 0.693150
vn 0.000000 1.000000 0.000000
v -1.000000 0.000000 0.689697
vn 0.000000 1.000000 0.000000
v -0.581302 0.000000 -0.715024
vn 0.000000 1.000000 0.000000
v -0.732405 0.000000 -0.914662
vn 0.000000 1.000000 0.000000
v -0.838937 0.000000 0.441208
vn 0.000000 1.000000 0.000000
v 0.833072 0.000000 -0.161536
vn 0.000000 1.000000 0.000000
v 1.000000 0.000000 -0.328125
vn 0.000000 1.000000 0.000000
v 0.877918 0.000000 0.913273
vn 0.000000 1.000000 0.000000
v -0.258286 0.000000 -0.303620
vn 0.000000 1.000000 0.000000
v -0.241867 0.000000 -0.460564
vn 0.000000 1.000000 0.000000
v -1.000000 0.000000 -0.937622
vn 0.000000 1.000000 0.000000
v -0.865967 0.000000 -1.000000
vn 0.000000 1.000000 0.000000
v -0.954590 0.000000 -1.000000
vn 0.000000 1.000000 0.000000
v 0.849151 0.000000 -0.903322
vn 0.000000 1.000000 0.000000
v 0.775600 0.000000 0.320508
vn 0.000000 1.000000 0.000000
v 0.208748 0.000000 0.594213
vn 0.000000 1.000000 0.000000
v 0.130817 0.000000 0.320157
vn 0.000000 1.000000 0.000000
v -0.548627 0.000000 0.379953
vn 0.000000 1.000000 0.000000
v -0.119610 0.000000 0.463949
vn 0.000000 1.000000 0.000000
v 0.843895 0.000000 -0.261707
vn 0.000000 1.000000 0.000000
v 0.860401 0.000000 0.839576
vn 0.000000 1.000000 0.000000
v 0.231884 0.000000 -0.572705
vn 0.000000 1.000000 0.000000
v -0.701046 0.000000 0.155569
vn 0.000000 1.000000 0.000000
v -0.363018 0.000000 0.531681
vn 0.000000 1.000000 0.000000
v -0.276488 0.000000 0.302794
vn 0.000000 1.000000 0.000000
v 0.316085 0.000000 -0.780110
vn 0.000000 1.000000 0.000000
v 0.416291 0.000000 -0.588397
vn 0.000000 1.000000 0.000000
v 0.495096 0.000000 -0.146028
vn 0.000000 1.000000 0.000000
v 0.180679 0.000000 0.105940
vn 0.000000 1.000000 0.000000
v 0.530539 0.000000 -0.350644
vn 0.000000 1.000000 0.000000
v 0.492658 0.000000 -0.426735
vn 0.000000 1.000000 0.000000
v -0.158463 0.000000 0.105301
vn 0.000000 1.000000 0.000000
v -0.508792 0.000000 0.740319
vn 0.000000 1.000000 0.000000
v -0.572459 0.000000 0.809525
vn 0.000000 1.000000 0.000000
v -0.383234 0.000000 -0.401882
vn 0.000000 1.000000 0.000000
v 0.017996 0.000000 0.493955
vn 0.000000 1.000000 0.000000
v -0.173575 0.000000 0.936381
vn 0.000000 1.000000 0.000000
v -0.708567 0.000000 -0.026609
vn 0.000000 1.000000 0.000000
v -0.693098 0.000000 -0.499360
vn 0.000000 1.000000 0.000000
v -0.671406 0.000000 0.796527
vn 0.000000 1.000000 0.000000
v 0.601565 0.000000 0.282003
vn 0.000000 1.000000 0.000000
v -0.619293 0.000000 0.219430
vn 0.000000 1.000000 0.000000
v 0.687611 0.000000 0.301014
vn 0.000000 1.000000 0.000000
v 0.417954 0.000000 0.689985
vn 0.000000 1.000000 0.000000
v 0.547311 0.000000 -0.818485
vn 0.000000 1.000000 0.000000
v 0.358052 0.000000 -0.172645
vn 0.000000 1.000000 0.000000
v -0.446995 0.000000 -0.331419
vn 0.000000 1.000000 0.000000
v 0.274248 0.000000 0.909764
vn 0.000000 1.000000 0.000000
v -0.853368 0.000000 -0.410239
vn 0.000000 1.000000 0.000000
v -0.312207 0.000000 -0.224838
vn 0.000000 1.000000 0.000000
v 0.675905 0.000000 -0.279128
vn 0.000000 1.000000 0.000000
v 0.688143 0.000000 -0.202429
vn 0.000000 1.000000 0.000000
v -0.666504 0.000000 0.311696
vn 0.000000 1.000000 0.000000
v 0.696615 0.000000 -0.750913
vn 0.000000 1.000000 0.000000
v -0.640900 0.000000 -0.907837
vn 0.000000 1.000000 0.000000
v -0.926286 0.000000 -0.361116
vn 0.000000 1.000000 0.000000
v 0.637450 0.000000 0.767980
vn 0.000000 1.000000 0.000000
v -0.739534 0.000000 -0.191787
vn 0.000000 1.000000 0.000000
v 0.297602 0.000000 0.018518
vn 0.000000 1.000000 0.000000
v 0.928904 0.000000 -0.880153
vn 0.000000 1.000000 0.000000
v -0.359024 0.000000 -0.140576
vn 0.000000 1.000000 0.000000
v -0.345224 0.000000 -0.547477
vn 0.000000 1.000000 0.000000
v -0.863782 0.000000 -0.511487
vn 0.000000 1.000000 0.000000
v -0.633706 0.000000 -0.454655
vn 0.000000 1.000000 0.000000
v 0.257028 0.000000 0.661203
vn 0.000000 1.000000 0.000000
v -0.912872 0.000000 0.760802
vn 0.000000 1.000000 0.000000
v 0.456497 0.000000 -0.507349
vn 0.000000 1.000000 0.000000
v -0.484171 0.000000 0.828302
vn 0.000000 1.000000 0.000000
v 0.518705 0.000000 0.857650
vn 0.000000 1.000000 0.000000
v 0.681135 0.000000 -0.882926
vn 0.000000 1.000000 0.000000
v 0.114673 0.000000 0.863006
vn 0.000000 1.000000 0.000000
v -0.179766 0.000000 0.185492
vn 0.000000 1.000000 0.000000
v -0.466075 0.000000 0.498393
vn 0.000000 1.000000 0.000000
v -0.425950 0.000000 0.758944
vn 0.000000 1.000000 0.000000
v 0.221133 0.000000 -0.437673
vn 0.000000 1.000000 0.000000
v -0.013882 0.000000 -0.654203
vn 0.000000 1.000000 0.000000
v -0.408955 0.000000 -0.485623
vn 0.000000 1.000000 0.000000
v 0.406992 0.000000 0.402610
vn 0.000000 1.000000 0.000000
v 0.936252 0.000000 0.131606
vn 0.000000 1.000000 0.000000
v 0.409888 0.000000 0.493717
vn 0.000000 1.000000 0.000000
v -0.631473 0.000000 0.539719
vn 0.000000 1.000000 0.000000
v -0.358177 0.000000 0.304716
vn 0.000000 1.000000 0.000000
v -0.480316 0.000000 0.409320
vn 0.000000 1.000000 0.000000
v -0.471578 0.000000 -0.420590
vn 0.000000 1.000000 0.000000
v -0.455715 0.000000 -0.640068
vn 0.000000 1.000000 0.000000
v 0.715687 0.000000 0.387589
vn 0.000000 1.000000 0.000000
v 0.268250 0.000000 0.283151
vn 0.000000 1.000000 0.000000
v -0.134789 0.000000 0.018334
vn 0.000000 1.000000 0.000000
v 0.336751 0.000000 0.543901
vn 0.000000 1.000000 0.000000
v 0.488565 0.000000 0.534419
vn 0.000000 1.000000 0.000000
v -0.794770 0.000000 0.385634
vn 0.000000 1.000000 0.000000
v -0.518668 0.000000 -0.268970
vn 0.000000 1.000000 0.000000
v 0.024753 0.000000 0.893514
vn 0.000000 1.000000 0.000000
v -0.710720 0.000000 0.389411
vn 0.000000 1.000000 0.000000
v -0.666348 0.000000 0.462654
vn 0.000000 1.000000 0.000000
v -0.720047 0.000000 -0.110761
vn 0.000000 1.000000 0.000000
v -0.420735 0.000000 -0.927996
vn 0.000000 1.000000 0.000000
v 0.271180 0.000000 -0.512333
vn 0.000000 1.000000 0.000000
v -0.522224 0.000000 -0.789892
vn 0.000000 1.000000 0.000000
v -0.904503 0.000000 -0.655500
vn 0.000000 1.000000 0.000000
v -0.620064 0.000000 -0.384587
vn 0.000000 1.000000 0.000000
v 0.509951 0.000000 0.028551
vn 0.000000 1.000000 0.000000
v -0.693834 0.000000 -0.825871
vn 0.000000 1.000000 0.000000
v -0.760054 0.000000 -0.278048
vn 0.000000 1.000000 0.000000
v 0.025329 0.000000 0.715519
vn 0.000000 1.000000 0.000000
v -0.766635 0.000000 0.845798
vn 0.000000 1.000000 0.000000
v 0.675955 0.000000 0.927803
vn 0.000000 1.000000 0.000000
v 0.933152 0.000000 0.947906
vn 0.000000 1.000000 0.000000
v 0.592332 0.000000 0.062835
vn 0.000000 1.000000 0.000000
v -0.335065 0.000000 -0.927096
vn 0.000000 1.000000 0.000000
v 0.362993 0.000000 -0.512598
vn 0.000000 1.000000 0.000000
v -0.292683 0.000000 -0.853807
vn 0.000000 1.000000 0.000000
v 0.575106 0.000000 -0.279677
vn 0.000000 1.000000 0.000000
v 0.619799 0.000000 0.532765
vn 0.000000 1.000000 0.000000
v 0.183035 0.000000 -0.122953
vn 0.000000 1.000000 0.000000
v 0.783971 0.000000 -0.489821
vn 0.000000 1.000000 0.000000
v -0.919823 0.000000 0.550891
vn 0.000000 1.000000 0.000000
v 0.468281 0.000000 0.779895
vn 0.000000 1.000000 0.000000
v -0.027637 0.000000 -0.206014
vn 0.000000 1.000000 0.000000
v 0.145573 0.000000 0.773541
vn 0.000000 1.000000 0.000000
v 0.258901 0.000000 0.517924
vn 0.000000 1.000000 0.000000
v -0.874275 0.000000 0.377683
vn 0.000000 1.000000 0.000000
v -0.030747 0.000000 -0.918709
vn 0.000000 1.000000 0.000000
v 0.486320 0.000000 0.447826
vn 0.000000 1.000000 0.000000
v -0.124289 0.000000 -0.214942
vn 0.000000 1.000000 0.000000
v -0.033198 0.000000 -0.006242
vn 0.000000 1.000000 0.000000
v 0.199001 0.000000 0.259781
vn 0.000000 1.000000 0.000000
v -0.169582 0.000000 -0.935913
vn 0.000000 1.000000 0.000000
v -0.095703 0.000000 0.788989
vn 0.000000 1.000000 0.000000
v -0.258061 0.000000 0.211764
vn 0.000000 1.000000 0.000000
v -0.303180 0.000000 -0.697924
vn 0.000000 1.000000 0.000000
v -0.366623 0.000000 -0.626780
vn 0.000000 1.000000 0.000000
v 0.141530 0.000000 -0.928677
vn 0.000000 1.000000 0.000000
v 0.529316 0.000000 -0.209988
vn 0.000000 1.000000 0.000000
v 0.771711 0.000000 0.564273
vn 0.000000 1.000000 0.000000
v 0.149521 0.000000 -0.679433
vn 0.000000 1.000000 0.000000
v 0.051594 0.000000 0.394151
vn 0.000000 1.000000 0.000000
v 0.128511 0.000000 -0.184265
vn 0.000000 1.000000 0.000000
v -0.318597 0.000000 0.152583
vn 0.000000 1.000000 0.000000
v -0.828674 0.000000 0.312211
vn 0.000000 1.000000 0.000000
v -0.542760 0.000000 0.561403
vn 0.000000 1.000000 0.000000
v 0.809497 0.000000 0.913381
vn 0.000000 1.000000 0.000000
v -0.700978 0.000000 0.062910
vn 0.000000 1.000000 0.000000
v -0.470176 0.000000 -0.858328
vn 0.000000 1.000000 0.000000
v 0.506934 0.000000 0.272126
vn 0.000000 1.000000 0.000000
v 0.150654 0.000000 -0.269196
vn 0.000000 1.000000 0.000000
v 0.095776 0.000000 0.705347
vn 0.000000 1.000000 0.000000
v -0.518987 0.000000 -0.584502
vn 0.000000 1.000000 0.000000
v 0.472868 0.000000 0.939141
vn 0.000000 1.000000 0.000000
v -0.032313 0.000000 -0.743293
vn 0.000000 1.000000 0.000000
v -0.309972 0.000000 -0.063357
vn 0.000000 1.000000 0.000000
v 0.516814 0.000000 -0.915495
vn 0.000000 1.000000 0.000000
v -0.844268 0.000000 0.797764
vn 0.000000 1.000000 0.000000
v -0.928935 0.000000 0.023698
vn 0.000000 1.000000 0.000000
v -0.657912 0.000000 -0.162847
vn 0.000000 1.000000 0.000000
v 0.892404 0.000000 0.187231
vn 0.000000 1.000000 0.000000
v 0.526020 0.000000 0.121460
vn 0.000000 1.000000 0.000000
v 0.423446 0.000000 0.222352
vn 0.000000 1.000000 0.000000
v 0.235851 0.000000 -0.931040
vn 0.000000 1.000000 0.000000
v 0.950440 0.000000 -0.726272
vn 0.000000 1.000000 0.000000
v 0.439438 0.000000 -0.353908
vn 0.000000 1.000000 0.000000
v -0.169213 0.000000 -0.140201
vn 0.000000 1.000000 0.000000
v -0.847272 0.000000 0.233926
vn 0.000000 1.000000 0.000000
v -0.397054 0.000000 -0.055940
vn 0.000000 1.000000 0.000000
v 0.231500 0.000000 -0.800178
vn 0.000000 1.000000 0.000000
v -0.928455 0.000000 -0.805080
vn 0.000000 1.000000 0.000000
v 0.004928 0.000000 -0.300428
vn 0.000000 1.000000 0.000000
v -0.166270 0.000000 -0.294781
vn 0.000000 1.000000 0.000000
v -0.779590 0.000000 0.019174
vn 0.000000 1.000000 0.000000
v 0.051038 0.000000 -0.064715
vn 0.000000 1.000000 0.000000
v -0.748234 0.000000 -0.741514
vn 0.000000 1.000000 0.000000
v -0.576790 0.000000 -0.941352
vn 0.000000 1.000000 0.000000
v -0.040669 0.000000 -0.832137
vn 0.000000 1.000000 0.000000
v 0.023716 0.000000 -0.865902
vn 0.000000 1.000000 0.000000
v 0.569054 0.000000 0.205384
vn 0.000000 1.000000 0.000000
v 0.624129 0.000000 0.141386
vn 0.000000 1.000000 0.000000
v -0.398387 0.000000 -0.704712
vn 0.000000 1.000000 0.000000
v -0.536232 0.000000 -0.357987
vn 0.000000 1.000000 0.000000
v -0.559232 0.000000 -0.441994
vn 0.000000 1.000000 0.000000
v -0.000830 0.000000 0.071047
vn 0.000000 1.000000 0.000000
v 0.127125 0.000000 0.062798
vn 0.000000 1.000000 0.000000
v -0.908381 0.000000 -0.928981
vn 0.000000 1.000000 0.000000
v -0.528320 0.000000 -0.653377
vn 0.000000 1.000000 0.000000
v 0.119713 0.000000 0.146390
vn 0.000000 1.000000 0.000000
v -0.498471 0.000000 -0.504430
vn 0.000000 1.000000 0.000000
v -0.941123 0.000000 -0.871460
vn 0.000000 1.000000 0.000000
v 0.442890 0.000000 0.061215
vn 0.000000 1.000000 0.000000
v 0.512005 0.000000 -0.064432
vn 0.000000 1.000000 0.000000
v -0.098415 0.000000 -0.679351
# 651 vertices, 0 vertices normals


usemtl material_0
vt 0.485352 0.994141
vt 0.484375 0.994141
vt 0.485352 0.992188
f 283/1/283 33/2/33 585/3/585
vt 1.000000 0.232422
vt 0.999023 0.234375
vt 0.999023 0.232422
f 289/4/289 68/5/68 208/6/208
vt 0.992188 0.998047
vt 0.990234 1.000000
vt 0.990234 0.998047
f 522/7/522 297/8/297 145/9/145
vt 0.988281 0.998047
vt 0.986328 1.000000
vt 0.986328 0.998047
f 145/10/145 297/11/297 70/12/70
vt 0.398438 0.001465
vt 0.397461 0.002197
vt 0.397461 0.001709
f 313/13/313 76/14/76 58/15/58
vt 0.998291 0.731934
vt 0.998169 0.732178
vt 0.997681 0.731201
f 339/16/339 340/17/340 295/18/295
vt 0.000977 0.674805
vt 0.000000 0.673828
vt 0.000977 0.672852
f 518/19/518 369/20/369 36/21/36
vt 0.999268 0.081787
vt 0.998901 0.082642
vt 0.999146 0.081421
f 371/22/371 98/23/98 267/24/267
vt 0.522705 0.815430
vt 0.523071 0.815674
vt 0.522827 0.815674
f 115/25/115 325/26/325 190/27/190
vt 0.767334 0.000732
vt 0.766846 0.000244
vt 0.767944 0.000854
f 84/28/84 402/29/402 611/30/611
vt 0.637512 0.006958
vt 0.637573 0.006592
vt 0.638367 0.005737
f 161/31/161 86/32/86 346/33/346
vt 0.639221 0.004517
vt 0.639282 0.004150
vt 0.640076 0.003296
f 346/34/346 150/35/150 510/36/510
vt 0.000977 0.614258
vt 0.000000 0.611328
vt 0.000977 0.612305
f 87/37/87 406/38/406 286/39/286
vt 0.482178 0.429077
vt 0.482086 0.429016
vt 0.482117 0.429016
f 352/40/352 646/41/646 643/42/643
vt 0.183777 0.586182
vt 0.183838 0.585938
vt 0.183929 0.586060
f 19/43/19 520/44/520 617/45/617
vt 0.681519 0.827637
vt 0.681641 0.827637
vt 0.681519 0.828125
f 357/46/357 488/47/488 32/48/32
vt 0.998901 0.080688
vt 0.998413 0.081177
vt 0.998779 0.080322
f 98/49/98 483/50/483 267/51/267
vt 0.645325 0.653320
vt 0.645386 0.653320
vt 0.644714 0.654297
f 198/52/198 521/53/521 151/54/151
vt 0.817566 0.022949
vt 0.818542 0.020996
vt 0.818359 0.021484
f 24/55/24 378/56/378 427/57/427
vt 0.999878 0.844604
vt 1.000000 0.845703
vt 0.999878 0.846558
f 295/58/295 133/59/133 100/60/100
vt 0.774902 0.444092
vt 0.774658 0.444336
vt 0.774902 0.443848
f 619/61/619 649/62/649 200/63/200
vt 0.589783 0.674561
vt 0.590088 0.674316
vt 0.590302 0.674194
f 228/64/228 608/65/608 600/66/600
vt 0.235001 0.514359
vt 0.234932 0.514503
vt 0.234856 0.514610
f 354/67/354 82/68/82 400/69/400
vt 0.234978 0.514488
vt 0.235085 0.514290
vt 0.235123 0.514236
f 237/70/237 451/71/451 338/72/338
vt 0.000488 0.687012
vt 0.000000 0.685547
vt 0.000488 0.685059
f 103/73/103 455/74/455 240/75/240
vt 0.000488 0.683105
vt 0.000000 0.681641
vt 0.000488 0.681152
f 240/76/240 456/77/456 518/78/518
vt 0.471191 0.000244
vt 0.469238 0.000244
vt 0.470703 0.000000
f 244/79/244 499/80/499 458/81/458
vt 0.325745 0.283325
vt 0.325928 0.283203
vt 0.325989 0.283325
f 124/82/124 425/83/425 487/84/487
vt 0.323486 0.282257
vt 0.323486 0.282227
vt 0.323730 0.282257
f 26/85/26 459/86/459 223/87/223
vt 0.984375 0.571289
vt 0.984375 0.570312
f 253/88/253 141/88/141 321/89/321
vt 0.646362 0.655518
vt 0.646484 0.655518
vt 0.646362 0.655762
f 194/90/194 399/91/399 508/92/508
vt 0.646362 0.656006
vt 0.646423 0.656006
vt 0.646362 0.656250
f 508/93/508 399/94/399 151/95/151
vt 0.842651 0.436279
vt 0.842896 0.436523
vt 0.843018 0.436768
f 450/96/450 260/97/260 221/98/221
vt 0.842407 0.435791
vt 0.842651 0.436035
vt 0.842773 0.436279
f 236/99/236 276/100/276 260/101/260
vt 0.843140 0.436768
vt 0.843384 0.437012
vt 0.843506 0.437256
f 260/102/260 186/103/186 468/104/468
vt 0.431885 0.694427
vt 0.430908 0.695282
vt 0.430664 0.695435
f 401/105/401 472/106/472 461/107/461
vt 0.816406 0.772705
vt 0.815918 0.771484
vt 0.815918 0.771240
f 30/108/30 153/109/153 77/110/77
vt 0.007812 0.054688
vt 0.005859 0.055664
vt 0.007812 0.053711
f 269/111/269 282/112/282 460/113/460
vt 1.000000 0.347656
vt 0.999023 0.348633
vt 0.999023 0.346680
f 292/114/292 23/115/23 291/116/291
vt 0.996094 0.351562
vt 0.995117 0.352539
vt 0.995117 0.350586
f 23/117/23 143/118/143 294/119/294
vt 0.872559 0.402344
vt 0.872803 0.401855
vt 0.873535 0.401367
f 306/120/306 148/121/148 307/122/307
vt 0.640625 0.003906
vt 0.640503 0.004639
vt 0.640503 0.002686
f 83/123/83 84/124/84 510/125/510
vt 0.555664 0.705444
vt 0.556152 0.705200
vt 0.555664 0.705566
f 348/126/348 537/127/537 29/128/29
vt 0.000488 0.622559
vt 0.000000 0.621094
vt 0.000488 0.620605
f 36/129/36 351/130/351 87/131/87
vt 0.224121 0.006348
vt 0.223145 0.005371
vt 0.224609 0.005859
f 58/132/58 173/133/173 363/134/363
vt 0.770752 0.000244
vt 0.768799 0.000244
vt 0.769531 0.000000
f 35/135/35 611/136/611 97/137/97
vt 0.554626 0.705948
vt 0.554749 0.705917
vt 0.554443 0.706116
f 127/138/127 105/139/105 250/140/250
vt 0.527588 0.628174
vt 0.527466 0.628174
vt 0.527527 0.628113
f 198/141/198 399/142/399 577/143/577
vt 0.677734 0.827148
vt 0.677490 0.826965
vt 0.678223 0.827026
f 488/144/488 201/145/201 166/146/166
vt 0.220825 0.002197
vt 0.219849 0.001221
vt 0.220703 0.001953
f 204/147/204 205/148/205 416/149/416
vt 0.841064 0.434570
vt 0.841553 0.435059
vt 0.840942 0.434570
f 236/150/236 12/151/12 319/152/319
vt 0.841431 0.435059
vt 0.840881 0.434570
f 319/152/319 12/153/12 571/154/571
vt 0.423828 0.702881
vt 0.423340 0.702881
vt 0.424316 0.702759
f 11/155/11 71/156/71 258/157/258
vt 0.249023 0.429199
vt 0.249268 0.429199
vt 0.249268 0.429443
f 237/158/237 226/159/226 446/160/446
vt 0.532990 0.272186
vt 0.532982 0.272316
vt 0.532913 0.272507
f 452/161/452 498/162/498 246/163/246
vt 0.007324 0.072754
vt 0.007324 0.071777
vt 0.007812 0.072266
f 263/164/263 615/165/615 568/166/568
vt 0.047241 0.376343
vt 0.047180 0.376282
vt 0.047119 0.375244
f 602/167/602 443/168/443 625/169/625
vt 0.984375 0.563965
vt 0.984375 0.564941
vt 0.984375 0.564209
f 264/170/264 318/171/318 222/172/222
vt 0.187447 0.191460
vt 0.187443 0.191463
vt 0.187447 0.189507
f 137/173/137 543/174/543 262/175/262
vt 0.011719 0.050781
vt 0.009766 0.051758
f 269/176/269 270/111/270 282/177/282
vt 0.003906 0.058594
vt 0.000000 0.062500
vt 0.000000 0.060547
f 270/178/270 9/179/9 282/180/282
vt 0.007812 0.000000
vt 0.006836 0.000977
vt 0.003906 0.000000
f 269/181/269 139/182/139 271/183/271
vt 0.001953 0.001953
vt 0.000000 0.000000
f 271/183/271 139/184/139 361/185/361
vt 0.957031 0.349609
vt 0.956055 0.349609
vt 0.957031 0.347656
f 477/186/477 273/187/273 294/188/294
vt 0.755859 0.251709
vt 0.753906 0.251953
vt 0.755859 0.251465
f 427/189/427 326/190/326 506/191/506
vt 0.205566 0.049805
vt 0.205566 0.049316
vt 0.205811 0.049561
f 502/192/502 263/193/263 568/194/568
vt 0.206055 0.050781
vt 0.206055 0.050293
vt 0.206543 0.050781
f 121/195/121 502/196/502 417/197/417
vt 0.002930 0.428711
vt 0.001953 0.427734
vt 0.002930 0.426758
f 59/198/59 410/199/410 444/200/444
vt 0.429688 0.822266
vt 0.427734 0.824219
vt 0.428711 0.822266
f 11/201/11 60/202/60 315/203/315
vt 0.839600 0.432617
vt 0.839478 0.432617
vt 0.838623 0.431641
f 106/204/106 276/205/276 277/206/277
vt 0.011719 0.068359
vt 0.009766 0.068359
vt 0.011719 0.066406
f 568/207/568 282/208/282 417/209/417
vt 0.485352 0.996094
vt 0.484375 0.998047
vt 0.484375 0.996094
f 283/210/283 284/211/284 33/212/33
vt 0.875000 0.794922
vt 0.876953 0.793457
vt 0.875000 0.795898
f 153/213/153 141/214/141 343/215/343
vt 0.003906 0.617188
vt 0.002930 0.618164
vt 0.001953 0.615234
f 286/216/286 164/217/164 87/218/87
vt 0.002930 0.614258
f 285/219/285 164/218/164 286/39/286
vt 0.011719 0.234375
vt 0.009766 0.235352
vt 0.009766 0.234375
f 5/220/5 251/221/251 579/222/579
vt 0.009766 0.114258
vt 0.007812 0.116211
vt 0.007812 0.115723
f 142/223/142 22/224/22 579/225/579
vt 0.011719 0.111328
vt 0.009766 0.113281
vt 0.009766 0.112305
f 65/226/65 142/227/142 281/228/281
vt 0.007812 0.114258
vt 0.007812 0.113770
f 281/228/281 142/229/142 251/230/251
vt 0.003906 0.115234
vt 0.004883 0.114258
vt 0.004883 0.115234
f 463/231/463 268/232/268 528/233/528
vt 1.000000 0.089844
vt 1.000000 0.091797
vt 0.999756 0.091064
f 67/234/67 123/235/123 288/236/288
vt 1.000000 0.234375
f 289/4/289 290/237/290 68/5/68
vt 0.998047 0.230469
vt 0.998047 0.231445
vt 0.997070 0.232422
f 69/238/69 208/239/208 68/240/68
vt 0.994141 0.230469
vt 0.994141 0.232422
vt 0.993652 0.232422
f 179/241/179 69/242/69 597/243/597
vt 1.000000 0.345703
f 290/244/290 292/114/292 291/116/291
vt 1.000000 0.353516
vt 1.000000 0.355469
vt 0.999023 0.354492
f 292/245/292 293/246/293 23/247/23
vt 1.000000 0.357422
vt 1.000000 0.359375
vt 0.999023 0.358398
f 293/248/293 43/249/43 541/250/541
vt 0.842529 0.423096
vt 0.842529 0.423584
vt 0.842285 0.423340
f 277/251/277 144/252/144 106/253/106
vt 0.842285 0.423828
vt 0.842285 0.424072
vt 0.842041 0.424072
f 144/254/144 618/255/618 106/256/106
vt 0.999512 0.851074
vt 0.999634 0.850220
vt 0.999756 0.851318
f 100/257/100 344/258/344 295/259/295
vt 0.992188 0.992188
vt 0.992188 0.994141
vt 0.990234 0.994141
f 298/260/298 145/261/145 296/262/296
vt 0.990234 0.996094
vt 0.988281 0.996094
f 296/262/296 145/263/145 70/264/70
vt 0.984375 1.000000
f 70/12/70 297/11/297 4/265/4
vt 0.857422 1.000000
vt 0.855469 1.000000
vt 0.858398 0.999023
f 298/266/298 37/267/37 171/268/171
vt 0.328125 0.742188
vt 0.328125 0.744141
vt 0.327148 0.743164
f 472/269/472 71/270/71 461/271/461
vt 0.327148 0.747070
vt 0.327148 0.749023
vt 0.326172 0.748047
f 71/272/71 11/273/11 524/274/524
vt 0.212891 0.174805
vt 0.212891 0.173828
vt 0.213379 0.174072
f 302/275/302 146/276/146 303/277/303
vt 0.387756 0.122253
vt 0.388245 0.122742
vt 0.387817 0.122437
f 381/278/381 429/279/429 178/280/178
vt 0.387329 0.121948
vt 0.387390 0.122131
f 430/281/430 429/280/429 381/282/381
vt 0.804688 0.984375
vt 0.804199 0.985352
vt 0.804199 0.984375
f 522/283/522 304/284/304 373/285/373
vt 0.803223 0.984375
vt 0.802734 0.985352
vt 0.802734 0.984375
f 373/286/373 304/287/304 99/288/99
vt 0.798828 0.994141
vt 0.798340 0.995117
vt 0.798340 0.994873
f 171/289/171 37/290/37 147/291/147
vt 0.798096 0.989258
vt 0.797119 0.991211
vt 0.797363 0.990234
f 102/292/102 72/293/72 209/294/209
vt 0.880859 0.375000
vt 0.879883 0.376953
vt 0.880371 0.375000
f 597/295/597 73/296/73 305/297/305
vt 0.959961 0.343750
vt 0.958984 0.345703
vt 0.959473 0.343750
f 143/298/143 477/299/477 294/300/294
vt 0.954102 0.351562
vt 0.953125 0.353516
vt 0.953125 0.351562
f 273/301/273 69/302/69 68/303/68
vt 0.956055 0.345703
vt 0.955078 0.347656
vt 0.955078 0.346680
f 294/304/294 273/305/273 68/306/68
vt 0.954102 0.343750
vt 0.953125 0.345703
vt 0.953125 0.343750
f 291/307/291 68/308/68 290/309/290
vt 0.854492 0.299805
vt 0.853027 0.299316
vt 0.854004 0.299316
f 576/310/576 308/311/308 379/312/379
vt 0.877930 0.375000
vt 0.877441 0.376953
vt 0.877686 0.375000
f 148/313/148 548/314/548 505/315/505
vt 0.875977 0.378906
vt 0.875488 0.380859
vt 0.875488 0.379883
f 505/316/505 477/317/477 149/318/149
vt 0.763672 0.250244
vt 0.762695 0.250488
vt 0.761719 0.250488
f 86/319/86 580/320/580 506/321/506
vt 0.984375 0.565430
vt 0.984375 0.564453
vt 0.984375 0.566406
f 182/322/182 39/323/39 310/324/310
vt 0.984375 0.569336
vt 0.984375 0.568359
f 182/325/182 310/326/310 469/89/469
vt 0.012695 0.923340
vt 0.011719 0.923828
vt 0.011475 0.923706
f 311/327/311 380/328/380 75/329/75
vt 0.012451 0.923218
vt 0.011230 0.923584
f 562/330/562 311/329/311 75/331/75
vt 0.000000 0.488281
vt 0.000488 0.488770
vt 0.000000 0.490234
f 6/332/6 616/333/616 312/334/312
vt 0.398438 0.001953
f 313/13/313 274/335/274 76/14/76
vt 0.396484 0.001953
vt 0.396484 0.002441
vt 0.395508 0.002686
f 58/336/58 76/337/76 38/338/38
vt 0.125977 0.550781
vt 0.126953 0.550781
vt 0.125977 0.551025
f 275/339/275 558/340/558 287/341/287
vt 0.126953 0.551270
vt 0.127441 0.551270
vt 0.126953 0.551758
f 287/342/287 558/343/558 520/344/520
vt 0.174072 0.992432
vt 0.175049 0.992432
vt 0.174683 0.992554
f 152/345/152 114/346/114 633/347/633
vt 0.838989 0.428101
vt 0.839966 0.427612
vt 0.839844 0.427734
f 10/348/10 184/349/184 43/350/43
vt 0.760498 0.568359
vt 0.760376 0.568359
vt 0.761353 0.567383
f 163/351/163 596/352/596 423/353/423
vt 0.984375 0.570801
vt 0.984375 0.572754
f 318/354/318 182/355/182 170/88/170
vt 0.995850 0.546631
vt 0.996826 0.546631
vt 0.996094 0.546875
f 44/356/44 52/357/52 10/358/10
vt 0.515625 0.812988
vt 0.515747 0.813232
vt 0.515625 0.813477
f 220/359/220 105/360/105 40/361/40
vt 0.015625 0.921875
vt 0.014160 0.922119
vt 0.012939 0.921997
f 311/362/311 562/363/562 155/364/155
vt 0.175049 0.760986
vt 0.174835 0.761261
vt 0.174927 0.760864
f 327/365/327 501/366/501 324/367/324
vt 0.174622 0.761536
vt 0.174408 0.761810
vt 0.174500 0.761414
f 136/368/136 254/369/254 324/370/324
vt 0.093750 1.000000
vt 0.095215 0.999756
vt 0.094727 1.000000
f 45/371/45 474/372/474 116/373/116
vt 0.177002 0.756104
vt 0.176758 0.756348
vt 0.176758 0.755859
f 511/374/511 242/375/242 397/376/397
vt 0.184570 0.588867
vt 0.184509 0.588623
vt 0.184692 0.588379
f 156/377/156 554/378/554 336/379/336
vt 0.184814 0.588867
vt 0.184753 0.588623
vt 0.184937 0.588379
f 158/380/158 156/381/156 336/382/336
vt 0.325195 0.282227
vt 0.325195 0.281738
vt 0.325684 0.281738
f 218/383/218 486/384/486 330/385/330
vt 0.325195 0.281250
vt 0.325684 0.281250
f 486/384/486 231/386/231 330/387/330
vt 0.326660 0.281494
vt 0.326660 0.281250
vt 0.326904 0.281250
f 218/388/218 330/389/330 135/390/135
vt 0.429688 0.081055
vt 0.429688 0.080078
vt 0.430176 0.080566
f 429/391/429 430/392/430 331/393/331
vt 0.586426 0.676758
vt 0.585205 0.677734
vt 0.585693 0.677246
f 608/394/608 322/395/322 224/396/224
vt 0.587891 0.000000
vt 0.585938 0.000488
vt 0.585938 0.000000
f 13/397/13 63/398/63 27/399/27
vt 0.532104 0.279907
vt 0.532410 0.279358
vt 0.532379 0.279510
f 487/400/487 459/401/459 54/402/54
vt 0.234985 0.514282
vt 0.234924 0.514465
vt 0.234772 0.514679
f 335/403/335 82/404/82 46/405/46
vt 0.998901 0.732666
vt 0.999390 0.733643
vt 0.998779 0.732910
f 295/406/295 340/407/340 133/408/133
vt 0.640625 0.000000
vt 0.640625 0.001953
vt 0.640503 0.000732
f 13/409/13 83/410/83 510/411/510
vt 0.640625 0.005859
f 83/123/83 402/412/402 84/124/84
vt 0.622070 0.052734
vt 0.622314 0.052734
vt 0.621887 0.052795
f 85/413/85 582/414/582 74/415/74
vt 0.622559 0.052734
vt 0.622803 0.052734
vt 0.622375 0.052795
f 74/416/74 150/417/150 160/418/160
vt 0.639709 0.005493
vt 0.638977 0.005981
vt 0.639771 0.005127
f 84/419/84 161/420/161 346/421/346
vt 0.664062 0.998047
vt 0.663818 0.998291
vt 0.663086 0.998535
f 404/422/404 621/423/621 341/424/341
vt 0.865234 0.202148
vt 0.866211 0.201172
vt 0.866211 0.201660
f 162/425/162 24/426/24 580/427/580
vt 0.556152 0.704956
vt 0.556641 0.704590
vt 0.556641 0.704712
f 348/428/348 224/429/224 322/430/322
vt 0.171875 0.993164
vt 0.172119 0.993408
vt 0.171875 0.993652
f 391/431/391 152/432/152 349/433/349
vt 0.618408 0.053467
vt 0.618774 0.053345
vt 0.618530 0.053467
f 85/434/85 20/435/20 609/436/609
vt 0.619629 0.137207
vt 0.620117 0.137695
vt 0.618164 0.137695
f 506/437/506 279/438/279 160/439/160
vt 0.620117 0.139648
vt 0.618896 0.139404
vt 0.620850 0.139404
f 150/440/150 86/441/86 160/442/160
vt 0.619629 0.139160
vt 0.621582 0.139160
f 160/442/160 86/443/86 506/444/506
vt 0.634766 0.011719
vt 0.635254 0.012695
vt 0.634277 0.012695
f 150/445/150 346/446/346 86/447/86
vt 0.633789 0.013672
vt 0.634277 0.014648
vt 0.633301 0.014648
f 86/448/86 161/449/161 580/450/580
vt 0.863281 0.203125
vt 0.864258 0.202637
vt 0.864258 0.203125
f 309/451/309 24/452/24 162/453/162
vt 0.866211 0.202148
vt 0.867188 0.201660
vt 0.867188 0.202148
f 162/454/162 580/455/580 531/456/531
vt 0.443359 0.085449
vt 0.441406 0.087402
vt 0.441406 0.086914
f 527/457/527 280/458/280 478/459/478
vt 0.439453 0.088379
vt 0.438477 0.089355
vt 0.437500 0.089844
f 85/460/85 478/461/478 20/462/20
vt 0.879333 0.531250
vt 0.879639 0.531250
vt 0.879364 0.531250
f 163/463/163 423/464/423 259/465/259
vt 0.804565 0.589294
vt 0.804443 0.589722
vt 0.804321 0.589661
f 350/466/350 321/467/321 255/468/255
vt 0.000488 0.618652
vt 0.000000 0.619141
vt 0.000000 0.617188
f 87/469/87 351/470/351 406/471/406
vt 0.011719 0.488281
vt 0.010254 0.488770
vt 0.010010 0.488525
f 275/472/275 287/473/287 164/474/164
vt 0.532898 0.278870
vt 0.533051 0.278595
vt 0.532837 0.279175
f 26/475/26 216/476/216 54/477/54
vt 0.655884 0.371216
vt 0.655762 0.371582
vt 0.655823 0.370911
f 89/478/89 200/479/200 620/480/620
vt 0.481903 0.429077
vt 0.481934 0.428955
vt 0.481934 0.429077
f 215/481/215 212/482/212 428/483/428
vt 0.001953 0.423828
vt 0.001465 0.425293
vt 0.001465 0.424316
f 412/484/412 444/485/444 410/486/410
vt 0.787598 0.999268
vt 0.784180 0.999512
vt 0.787109 0.999023
f 614/487/614 17/488/17 342/489/342
vt 0.003418 0.301758
vt 0.003418 0.302734
vt 0.002930 0.302734
f 356/490/356 584/491/584 203/492/203
vt 0.784668 0.998779
vt 0.785156 0.999023
vt 0.784424 0.999146
f 341/493/341 166/494/166 342/495/342
vt 0.785645 0.999268
vt 0.784912 0.999390
f 166/494/166 90/496/90 342/497/342
vt 0.677246 0.827881
vt 0.677734 0.828125
vt 0.677246 0.828003
f 166/498/166 341/499/341 347/500/347
vt 0.676758 0.827759
vt 0.676758 0.827881
f 166/501/166 347/500/347 488/502/488
vt 0.680908 0.828125
vt 0.681152 0.827637
vt 0.681030 0.828125
f 334/503/334 413/504/413 357/505/357
vt 0.631561 0.782227
vt 0.631561 0.782471
vt 0.631531 0.782227
f 358/506/358 167/507/167 489/508/489
vt 0.474365 0.997803
vt 0.474243 0.998169
vt 0.473877 0.998291
f 91/509/91 595/510/595 283/511/283
vt 0.780273 0.902100
vt 0.781006 0.902344
vt 0.780518 0.902222
f 359/512/359 507/513/507 206/514/206
vt 0.521484 0.818359
vt 0.520996 0.818848
vt 0.521484 0.817871
f 190/515/190 207/516/207 91/517/91
vt 0.964844 0.000000
vt 0.962891 0.000977
vt 0.961914 0.000488
f 2/518/2 15/519/15 570/520/570
vt 0.006348 0.486816
vt 0.004883 0.487305
vt 0.005859 0.486328
f 285/521/285 616/522/616 59/523/59
vt 0.012207 0.298828
vt 0.009766 0.300781
vt 0.011719 0.298828
f 625/524/625 203/525/203 602/526/602
vt 0.000000 0.246094
vt 0.001953 0.245117
vt 0.000000 0.248047
f 55/527/55 142/528/142 65/529/65
vt 0.000000 0.011719
vt 0.001953 0.009766
vt 0.000000 0.015625
f 361/530/361 139/531/139 14/532/14
vt 0.000000 0.003906
f 271/184/271 361/533/361 1/185/1
vt 0.999023 0.726562
vt 1.000000 0.722656
vt 1.000000 0.724609
f 339/534/339 93/535/93 340/536/340
vt 0.859375 0.984375
vt 0.859375 0.988281
vt 0.858398 0.985352
f 304/537/304 476/538/476 72/539/72
vt 0.858398 0.989258
vt 0.857422 0.986328
f 304/539/304 522/540/522 476/541/476
vt 0.871094 0.403320
vt 0.871216 0.403076
vt 0.872070 0.402344
f 148/542/148 362/543/362 307/544/307
vt 0.873047 0.401367
vt 0.873169 0.401123
vt 0.874023 0.400391
f 307/545/307 362/546/362 432/547/432
vt 0.590820 0.001221
vt 0.588867 0.002197
vt 0.587891 0.002441
f 13/548/13 510/549/510 63/550/63
vt 0.587891 0.002930
vt 0.585938 0.003906
vt 0.584961 0.004150
f 84/551/84 346/552/346 510/553/510
vt 0.226562 0.007812
vt 0.225098 0.007324
vt 0.225586 0.006836
f 313/554/313 58/555/58 363/556/363
vt 0.223633 0.004883
f 363/134/363 173/133/173 364/557/364
vt 0.132812 0.550781
vt 0.131836 0.550293
vt 0.132812 0.549805
f 94/558/94 500/559/500 386/560/386
vt 0.131836 0.549316
vt 0.132812 0.548828
f 317/560/317 94/561/94 386/562/386
vt 0.130859 0.549805
vt 0.129883 0.549316
vt 0.130859 0.549316
f 500/563/500 631/564/631 605/565/605
vt 0.131836 0.548340
vt 0.130859 0.547852
vt 0.131348 0.547607
f 386/566/386 500/567/500 605/568/605
vt 0.128906 0.549316
vt 0.129883 0.549805
vt 0.128906 0.549805
f 275/569/275 500/570/500 558/571/558
vt 0.129883 0.550293
vt 0.130859 0.550781
vt 0.129883 0.550781
f 500/572/500 94/573/94 558/574/558
vt 0.805176 0.586182
vt 0.804199 0.587158
vt 0.804810 0.586487
f 575/575/575 492/576/492 193/577/193
vt 0.663574 0.999023
vt 0.663330 0.999512
vt 0.663086 0.999512
f 627/578/627 32/579/32 488/580/488
vt 0.151001 0.871094
vt 0.150421 0.872070
vt 0.150970 0.871094
f 324/581/324 61/582/61 175/583/175
vt 0.149841 0.873047
vt 0.150391 0.872070
f 324/582/324 175/584/175 327/585/327
vt 0.150940 0.871094
vt 0.150360 0.872070
vt 0.150909 0.871094
f 327/586/327 175/587/175 134/588/134
vt 0.149780 0.873047
vt 0.150330 0.872070
f 175/587/175 114/589/114 134/590/134
vt 0.235931 0.512177
vt 0.235901 0.512268
vt 0.235718 0.512573
f 189/591/189 613/592/613 46/593/46
vt 0.238281 0.508789
vt 0.237701 0.509796
vt 0.237549 0.510010
f 336/594/336 278/595/278 158/596/158
vt 0.236969 0.511017
vt 0.236389 0.512024
vt 0.236313 0.512131
f 626/597/626 158/598/158 337/599/337
vt 0.182617 0.588379
vt 0.182251 0.589355
vt 0.182373 0.588867
f 19/600/19 617/601/617 96/602/96
vt 0.182739 0.587891
vt 0.182434 0.588623
f 19/603/19 96/602/96 434/604/434
vt 0.484375 0.992188
vt 0.485352 0.991211
vt 0.485352 0.991699
f 33/605/33 445/606/445 585/607/585
vt 0.303711 0.984375
vt 0.302734 0.986328
vt 0.302734 0.984375
f 49/608/49 574/609/574 572/610/572
vt 0.297852 0.986328
vt 0.297363 0.987305
vt 0.296875 0.986328
f 300/611/300 559/612/559 366/613/366
vt 0.297852 0.984375
vt 0.296875 0.984375
f 300/614/300 366/613/366 301/615/301
vt 0.005859 0.797852
vt 0.004883 0.798828
vt 0.005127 0.798340
f 511/616/511 397/617/397 525/618/525
vt 0.000000 0.671875
f 36/21/36 369/20/369 351/619/351
vt 0.007812 0.238281
vt 0.005859 0.239258
vt 0.007812 0.237305
f 142/620/142 579/621/579 251/622/251
vt 0.005859 0.234375
vt 0.007812 0.234375
vt 0.005859 0.236328
f 370/623/370 5/624/5 579/625/579
vt 0.015625 0.046875
vt 0.011719 0.048828
vt 0.015381 0.046875
f 269/626/269 460/627/460 139/628/139
vt 1.000000 0.078125
vt 0.999756 0.079346
vt 0.999634 0.078979
f 15/629/15 371/630/371 267/631/267
vt 0.999023 0.083008
f 371/22/371 67/632/67 98/23/98
vt 0.997314 0.083740
vt 0.997070 0.084961
vt 0.996826 0.084229
f 372/633/372 180/634/180 177/635/177
vt 1.000000 0.851562
vt 0.999756 0.852295
vt 0.999817 0.851868
f 441/636/441 622/637/622 100/638/100
vt 0.998047 0.999023
vt 0.998047 1.000000
vt 0.996094 1.000000
f 373/639/373 374/640/374 375/641/375
vt 0.849609 1.000000
vt 0.849609 0.998047
vt 0.851562 1.000000
f 16/642/16 147/643/147 37/644/37
vt 0.387405 0.122177
f 381/282/381 178/280/178 231/645/231
vt 0.802246 0.985352
vt 0.801758 0.984375
vt 0.802246 0.984375
f 72/646/72 102/647/102 304/648/304
vt 0.992188 0.230469
vt 0.992188 0.231445
vt 0.991211 0.231445
f 272/649/272 179/650/179 172/651/172
vt 0.990234 0.232422
vt 0.990234 0.233398
vt 0.989258 0.233398
f 172/652/172 179/653/179 377/654/377
vt 0.990234 0.234375
vt 0.989258 0.234375
f 179/653/179 597/655/597 377/656/377
vt 0.987305 0.234375
vt 0.987793 0.233398
vt 0.987793 0.234375
f 376/657/376 180/658/180 377/659/377
vt 0.870117 0.404297
vt 0.869385 0.404785
vt 0.870239 0.404053
f 148/660/148 503/661/503 362/662/362
vt 0.771484 0.007812
vt 0.772461 0.007812
vt 0.770508 0.009766
f 161/663/161 531/664/531 580/665/580
vt 0.817261 0.023438
vt 0.817078 0.023682
vt 0.817139 0.023438
f 308/666/308 378/667/378 379/668/379
vt 0.010620 0.924255
vt 0.009521 0.924683
vt 0.009460 0.924652
f 380/669/380 455/670/455 103/671/103
vt 0.252930 0.172852
vt 0.252686 0.173340
vt 0.252441 0.172852
f 430/672/430 381/673/381 382/674/382
vt 0.252930 0.173828
vt 0.252686 0.174316
vt 0.252441 0.173828
f 381/675/381 183/676/183 384/677/384
vt 0.251953 0.174805
vt 0.251709 0.175293
vt 0.251465 0.174805
f 183/678/183 486/679/486 302/680/302
vt 0.251953 0.173828
vt 0.251709 0.174316
vt 0.251465 0.173828
f 384/681/384 183/682/183 303/683/303
vt 0.251221 0.174316
f 183/682/183 302/680/302 303/684/303
vt 0.000000 0.494141
vt 0.000977 0.493164
vt 0.000000 0.496094
f 312/685/312 286/686/286 104/687/104
vt 0.682617 0.450195
vt 0.682373 0.450195
vt 0.683105 0.449707
f 423/688/423 490/689/490 650/690/650
vt 0.676758 0.451172
vt 0.676270 0.451172
vt 0.677246 0.450684
f 151/691/151 521/692/521 187/693/187
vt 0.251221 0.175293
f 381/679/381 384/694/384 382/680/382
vt 0.250732 0.174316
vt 0.251099 0.174072
f 382/684/382 384/695/384 536/696/536
vt 0.125000 0.552734
vt 0.125977 0.552246
vt 0.125000 0.552979
f 287/697/287 520/698/520 405/699/405
vt 0.417236 0.989746
vt 0.416992 0.990234
vt 0.416260 0.990723
f 574/700/574 49/701/49 385/702/385
vt 0.774902 0.444824
vt 0.775146 0.444336
vt 0.775391 0.444092
f 503/703/503 637/704/637 607/705/607
vt 0.774902 0.444336
vt 0.774658 0.444824
vt 0.774658 0.444702
f 200/706/200 89/707/89 619/708/619
vt 0.814941 0.768555
vt 0.815186 0.768921
vt 0.815430 0.769531
f 321/709/321 141/710/141 30/711/30
vt 0.814941 0.772949
vt 0.815063 0.773193
vt 0.815186 0.773682
f 344/712/344 211/713/211 343/714/343
vt 0.815186 0.773438
vt 0.815430 0.773926
vt 0.815430 0.774170
f 107/715/107 153/716/153 343/717/343
vt 0.813477 0.768555
vt 0.813721 0.768311
vt 0.813721 0.769287
f 516/718/516 77/719/77 107/720/107
vt 0.813965 0.768066
vt 0.813965 0.769043
f 77/719/77 153/721/153 107/722/107
vt 0.052185 0.381287
vt 0.052429 0.380554
vt 0.052490 0.380615
f 317/723/317 386/724/386 42/725/42
vt 0.051636 0.381714
vt 0.051392 0.382446
vt 0.051025 0.383057
f 485/726/485 108/727/108 605/728/605
vt 0.836304 0.429321
vt 0.836426 0.429199
vt 0.837280 0.428833
f 184/729/184 52/730/52 276/731/276
vt 0.837158 0.428955
vt 0.838135 0.428467
f 184/732/184 276/731/276 106/733/106
vt 0.814453 0.779297
vt 0.814209 0.779053
vt 0.814209 0.778564
f 358/734/358 47/735/47 167/736/167
vt 0.812988 0.779785
vt 0.812866 0.778931
vt 0.812988 0.779297
f 77/737/77 185/738/185 47/739/47
vt 0.812866 0.778442
vt 0.812988 0.778809
f 77/739/77 47/740/47 30/741/30
vt 0.812500 0.777344
vt 0.812622 0.778198
vt 0.812500 0.778320
f 47/742/47 185/743/185 359/744/359
vt 0.151123 0.871582
vt 0.150879 0.872070
vt 0.150848 0.872070
f 257/745/257 561/746/561 465/747/465
vt 0.150574 0.872559
vt 0.150330 0.873047
vt 0.150299 0.873047
f 465/748/465 316/749/316 41/750/41
vt 0.752319 0.576172
vt 0.751587 0.577148
vt 0.751526 0.577148
f 126/751/126 388/752/388 490/753/490
vt 0.431641 0.698242
vt 0.431396 0.698608
vt 0.431152 0.698486
f 40/754/40 109/755/109 220/756/220
vt 0.247559 0.428711
vt 0.247681 0.428589
vt 0.247803 0.428711
f 42/757/42 108/758/108 50/759/50
vt 0.247559 0.429199
vt 0.247803 0.429443
vt 0.247559 0.429443
f 42/760/42 50/761/50 237/762/237
vt 0.994141 0.546875
vt 0.992920 0.546631
vt 0.993652 0.546387
f 110/763/110 310/764/310 39/765/39
vt 0.995605 0.546387
vt 0.994385 0.546143
vt 0.995117 0.545898
f 44/766/44 110/767/110 154/768/154
vt 0.994873 0.546631
vt 0.995117 0.546875
f 39/769/39 154/358/154 110/770/110
vt 0.995850 0.545654
vt 0.996094 0.545898
f 154/768/154 186/771/186 52/772/52
vt 0.997803 0.545654
vt 0.998535 0.545410
vt 0.998779 0.545654
f 186/773/186 276/774/276 52/775/52
vt 0.999268 0.546143
vt 0.997559 0.546387
vt 0.999023 0.545898
f 52/776/52 44/777/44 154/778/154
vt 0.634155 0.407227
vt 0.633545 0.408203
vt 0.634033 0.407227
f 353/779/353 229/780/229 112/781/112
vt 0.633667 0.407227
vt 0.633057 0.408203
vt 0.633240 0.407715
f 353/782/353 112/783/112 491/784/491
vt 0.633301 0.406250
vt 0.632690 0.407227
vt 0.633057 0.406250
f 198/785/198 407/786/407 521/787/521
vt 0.632080 0.408203
vt 0.632446 0.407227
f 407/786/407 112/788/112 521/789/521
vt 0.628967 0.414062
vt 0.629456 0.413086
vt 0.629028 0.414062
f 649/790/649 187/791/187 188/792/188
vt 0.629944 0.412109
vt 0.630432 0.411133
vt 0.630005 0.412109
f 187/793/187 521/794/521 188/795/188
vt 0.631897 0.408203
vt 0.632385 0.407227
vt 0.631958 0.408203
f 188/796/188 521/797/521 112/798/112
vt 0.630981 0.410156
vt 0.631470 0.409180
vt 0.631042 0.410156
f 227/799/227 188/800/188 112/801/112
vt 0.523132 0.815796
f 190/27/190 325/26/325 598/802/598
vt 0.000000 0.929688
vt 0.000488 0.930176
vt 0.000366 0.930298
f 473/803/473 393/804/393 648/805/648
vt 0.768860 0.255981
vt 0.768738 0.255737
vt 0.768921 0.255615
f 308/806/308 552/807/552 427/808/427
vt 0.769165 0.256104
vt 0.769043 0.255859
vt 0.769226 0.255737
f 78/809/78 552/810/552 308/811/308
vt 0.768921 0.258545
vt 0.769287 0.257324
vt 0.769409 0.257568
f 307/812/307 78/813/78 306/814/306
vt 0.007812 0.921875
vt 0.005127 0.921997
vt 0.003906 0.921875
f 392/815/392 628/816/628 393/817/393
vt 0.005371 0.922607
vt 0.006104 0.922485
vt 0.005615 0.922607
f 152/818/152 391/819/391 628/820/628
vt 0.100586 0.998535
vt 0.098145 0.998779
vt 0.098267 0.998718
f 116/821/116 474/822/474 644/823/644
vt 0.107422 1.000000
vt 0.105469 1.000000
vt 0.106934 0.999756
f 395/824/395 45/825/45 466/826/466
vt 0.185059 0.586914
vt 0.185059 0.586426
vt 0.185181 0.586426
f 278/827/278 140/828/140 317/829/317
vt 0.185059 0.585938
vt 0.185181 0.585938
f 140/828/140 94/830/94 317/831/317
vt 0.185303 0.586914
vt 0.185303 0.586426
vt 0.185425 0.586426
f 278/832/278 317/833/317 337/834/337
vt 0.706055 0.622070
vt 0.706543 0.622559
vt 0.705566 0.622559
f 238/835/238 398/836/398 195/837/195
vt 0.645630 0.656250
vt 0.645874 0.656006
vt 0.645752 0.656250
f 248/838/248 194/839/194 247/840/247
vt 0.645996 0.656006
vt 0.645874 0.656250
f 247/840/247 194/841/194 508/842/508
vt 0.623779 0.679443
vt 0.624512 0.679199
vt 0.624573 0.679260
f 493/843/493 195/844/195 623/845/623
vt 0.235321 0.513031
vt 0.235474 0.512817
vt 0.235107 0.513428
f 512/846/512 523/847/523 95/848/95
vt 0.234802 0.514343
vt 0.234840 0.514290
vt 0.234741 0.514526
f 354/849/354 189/850/189 46/851/46
vt 0.235626 0.513092
vt 0.235703 0.512985
vt 0.235565 0.513275
f 46/852/46 613/853/613 335/854/335
vt 0.640625 0.014648
vt 0.640503 0.013428
vt 0.640625 0.013672
f 161/855/161 611/856/611 531/857/531
vt 0.639893 0.004395
vt 0.640015 0.005615
f 161/858/161 84/859/84 611/421/611
vt 0.666992 0.997070
vt 0.666992 0.997559
vt 0.666016 0.997070
f 341/860/341 403/861/403 404/862/404
vt 0.665039 0.996094
vt 0.665039 0.996582
vt 0.664062 0.996094
f 621/863/621 404/864/404 48/865/48
vt 0.640137 0.002930
f 510/36/510 150/35/150 157/866/157
vt 0.246094 0.365234
vt 0.245605 0.365234
vt 0.246094 0.364746
f 233/867/233 118/868/118 355/869/355
vt 0.245117 0.365234
vt 0.244629 0.365234
vt 0.245117 0.364746
f 118/870/118 226/871/226 50/872/50
vt 0.246094 0.363770
vt 0.245850 0.363770
vt 0.246094 0.363281
f 485/873/485 504/874/504 108/875/108
vt 0.369385 0.398193
vt 0.369263 0.398193
vt 0.369629 0.397949
f 487/876/487 544/877/544 124/878/124
vt 0.369385 0.397949
vt 0.369873 0.397705
f 124/878/124 544/879/544 448/880/448
vt 0.000000 0.609375
f 286/39/286 406/38/406 104/881/104
vt 0.001953 0.621094
vt 0.002930 0.622070
vt 0.002441 0.622559
f 87/882/87 405/883/405 36/884/36
vt 0.532013 0.280365
vt 0.532089 0.280228
vt 0.532135 0.280243
f 534/885/534 54/886/54 216/887/216
vt 0.532059 0.280380
vt 0.532181 0.280258
f 534/888/534 216/887/216 212/889/212
vt 0.527832 0.627930
vt 0.527710 0.628052
vt 0.527710 0.627930
f 408/890/408 198/891/198 577/892/577
vt 0.212158 0.917236
vt 0.212402 0.917480
vt 0.210938 0.917969
f 299/893/299 561/894/561 606/895/606
vt 0.211670 0.918701
vt 0.211914 0.918945
vt 0.211182 0.919189
f 559/896/559 49/897/49 572/898/572
vt 0.482498 0.429169
vt 0.482437 0.429169
vt 0.482475 0.429153
f 199/899/199 352/900/352 215/901/215
vt 0.482239 0.429199
vt 0.482178 0.429199
vt 0.482147 0.429138
f 111/902/111 589/903/589 353/904/353
vt 0.482147 0.429077
f 643/40/643 646/905/646 491/41/491
vt 0.656128 0.373413
vt 0.656128 0.374390
vt 0.656006 0.373779
f 200/906/200 649/907/649 188/908/188
vt 0.655884 0.372192
vt 0.655884 0.373169
vt 0.655762 0.372559
f 200/909/200 188/910/188 227/911/227
vt 0.000000 0.421875
vt 0.001953 0.421875
vt 0.000488 0.422363
f 6/912/6 411/913/411 410/914/410
vt 0.005859 0.421875
vt 0.007812 0.421875
vt 0.006348 0.422363
f 411/915/411 7/916/7 412/917/412
vt 0.000000 0.422852
f 410/914/410 616/918/616 6/912/6
vt 0.677979 0.826843
f 166/146/166 201/145/201 90/919/90
vt 0.789062 1.000000
vt 0.790039 0.999512
vt 0.791016 1.000000
f 17/920/17 614/921/614 414/922/414
vt 0.794922 1.000000
vt 0.795898 0.999512
vt 0.796387 0.999756
f 414/923/414 415/924/415 147/925/147
vt 0.372803 0.455200
vt 0.373230 0.454742
vt 0.373032 0.454964
f 46/926/46 82/927/82 354/928/354
vt 0.374146 0.453796
vt 0.374573 0.453339
vt 0.374588 0.453331
f 354/929/354 400/930/400 494/931/494
vt 0.374207 0.453766
vt 0.374634 0.453308
vt 0.374664 0.453293
f 550/932/550 494/933/494 409/934/409
vt 0.003418 0.297852
vt 0.001953 0.296875
vt 0.002930 0.296875
f 356/935/356 203/936/203 119/937/119
vt 0.002930 0.298828
f 119/936/119 120/935/120 356/938/356
vt 0.001465 0.297852
vt 0.000000 0.296875
vt 0.000977 0.296875
f 203/939/203 7/940/7 119/941/119
vt 0.222656 0.003906
vt 0.221802 0.003174
vt 0.221680 0.002930
f 364/942/364 204/943/204 416/944/416
vt 0.220947 0.002441
vt 0.220093 0.001709
vt 0.219971 0.001465
f 205/945/205 204/946/204 121/947/121
vt 0.219727 0.000977
vt 0.218872 0.000244
vt 0.218750 0.000000
f 416/948/416 205/949/205 9/950/9
vt 0.203125 0.058594
vt 0.203186 0.060425
vt 0.203125 0.060547
f 303/951/303 536/952/536 384/953/384
vt 0.789795 0.997681
vt 0.791260 0.997925
vt 0.790405 0.997864
f 90/954/90 507/955/507 614/956/614
vt 0.788086 0.997559
vt 0.789551 0.997803
vt 0.787842 0.997681
f 90/957/90 614/958/614 342/959/342
vt 0.783936 0.998901
vt 0.785156 0.998047
vt 0.784912 0.998413
f 341/960/341 342/961/342 122/962/122
vt 0.783447 0.999634
f 341/963/341 122/493/122 403/495/403
vt 0.781982 0.999878
vt 0.783203 0.999023
vt 0.782959 0.999390
f 342/964/342 17/965/17 122/966/122
vt 0.218872 0.001221
vt 0.218994 0.001465
vt 0.218872 0.001709
f 205/967/205 121/968/121 417/969/417
vt 0.779785 0.900146
vt 0.779480 0.899811
vt 0.779663 0.899963
f 413/970/413 206/971/206 201/972/201
vt 0.662109 0.997437
vt 0.664062 0.996643
vt 0.664062 0.996704
f 284/973/284 283/974/283 595/975/595
vt 0.662109 0.997498
vt 0.660156 0.998291
vt 0.661133 0.997864
f 595/976/595 48/977/48 284/978/284
vt 0.800781 0.984375
vt 0.800781 0.985352
vt 0.799805 0.986328
f 387/979/387 415/980/415 507/981/507
vt 0.839355 0.432617
f 276/205/276 236/982/236 277/206/277
vt 0.840088 0.433594
vt 0.839966 0.433594
vt 0.839233 0.432617
f 236/983/236 319/984/319 277/985/277
vt 0.839111 0.432617
vt 0.838379 0.431641
f 277/985/277 319/986/319 320/987/320
vt 0.837769 0.430664
vt 0.837646 0.430664
vt 0.836914 0.429688
f 277/988/277 320/989/320 144/990/144
vt 0.999756 0.085205
vt 1.000000 0.084961
vt 1.000000 0.085938
f 288/991/288 98/992/98 67/993/67
vt 0.998047 0.086914
vt 0.998047 0.087891
vt 0.997803 0.087158
f 98/994/98 288/995/288 421/996/421
vt 0.999023 0.222656
vt 0.999512 0.220703
vt 0.999512 0.222656
f 272/997/272 288/998/288 123/999/123
vt 0.999512 0.226562
vt 1.000000 0.224609
vt 1.000000 0.226562
f 208/1000/208 422/1001/422 289/1002/289
vt 0.798340 0.994141
vt 0.797852 0.996094
vt 0.798096 0.994141
f 532/1003/532 147/1004/147 415/1005/415
vt 0.799072 0.985352
vt 0.798706 0.985840
vt 0.798584 0.985352
f 77/1006/77 516/1007/516 185/1008/185
vt 0.763916 0.564453
vt 0.763062 0.565430
vt 0.762939 0.565430
f 449/1009/449 423/1010/423 650/1011/650
vt 0.842041 0.435547
vt 0.841980 0.435547
f 12/153/12 236/1012/236 450/1013/450
vt 0.996216 0.857056
vt 0.996521 0.857117
vt 0.994873 0.857178
f 344/1014/344 100/1015/100 211/1016/211
vt 0.995483 0.857300
vt 0.995789 0.857361
vt 0.994141 0.857422
f 211/1017/211 99/1018/99 102/1019/102
vt 0.683960 0.827271
vt 0.683838 0.826904
vt 0.684204 0.827026
f 390/1020/390 357/1021/357 32/1022/32
vt 0.325195 0.283691
vt 0.325317 0.283447
vt 0.325378 0.283569
f 124/1023/124 218/1024/218 425/1025/425
vt 0.682800 0.827576
vt 0.682617 0.827637
vt 0.682739 0.827515
f 390/1026/390 484/1027/484 125/1028/125
vt 0.998535 0.079590
vt 0.998169 0.080444
vt 0.998108 0.080261
f 267/1029/267 483/1030/483 470/1031/470
vt 0.998047 0.849609
vt 0.998291 0.848877
vt 0.998047 0.850586
f 343/1032/343 213/1033/213 344/1034/344
vt 0.801270 0.989258
vt 0.801514 0.987793
vt 0.801758 0.988281
f 171/1035/171 532/1036/532 209/1037/209
vt 0.801758 0.986328
vt 0.801880 0.986572
f 532/1036/532 387/1038/387 209/1039/209
vt 0.990234 0.230469
vt 0.989746 0.231445
vt 0.989746 0.230469
f 288/1040/288 172/1041/172 421/1042/421
vt 0.989258 0.232422
vt 0.988770 0.233398
vt 0.988770 0.232422
f 172/1043/172 377/1044/377 421/1045/421
vt 0.988770 0.231445
vt 0.988281 0.232422
vt 0.988281 0.231445
f 421/1046/421 377/1047/377 180/1048/180
vt 0.129395 0.551270
vt 0.127930 0.551758
vt 0.128174 0.551514
f 94/1049/94 140/1050/140 617/1051/617
vt 0.755859 0.572266
vt 0.754639 0.573730
vt 0.755371 0.572754
f 490/1052/490 596/1053/596 126/1054/126
vt 0.753113 0.575195
vt 0.752258 0.576172
f 388/1055/388 126/751/126 508/1056/508
vt 0.515686 0.814575
vt 0.515747 0.814697
vt 0.515686 0.815063
f 40/1057/40 214/1058/214 266/1059/266
vt 0.515625 0.815430
vt 0.515686 0.815552
vt 0.515625 0.815918
f 266/1060/266 214/1061/214 426/1062/426
vt 0.515747 0.815674
vt 0.515686 0.816040
f 214/1061/214 127/1063/127 235/1064/235
vt 0.643982 0.655273
vt 0.644653 0.654297
vt 0.644043 0.655273
f 399/1065/399 198/1066/198 151/1067/151
vt 0.555054 0.705719
vt 0.555359 0.705521
vt 0.554871 0.705887
f 105/1068/105 348/1069/348 250/1070/250
vt 0.482010 0.429413
vt 0.482004 0.429409
vt 0.482006 0.429329
f 409/1071/409 642/1072/642 588/1073/588
vt 0.481903 0.429260
vt 0.481873 0.429321
vt 0.481888 0.429260
f 212/1074/212 215/1075/215 409/1076/409
vt 0.322998 0.281738
vt 0.322754 0.281494
vt 0.323242 0.281738
f 178/1077/178 429/1078/429 453/1079/453
vt 0.323486 0.281982
vt 0.323730 0.281982
f 178/1080/178 453/1079/453 128/1081/128
vt 0.391602 0.011230
vt 0.391113 0.011963
vt 0.391113 0.011475
f 21/1082/21 331/1083/331 430/1084/430
vt 0.819580 0.019531
vt 0.818481 0.021484
vt 0.819458 0.019531
f 378/1085/378 309/1086/309 132/1087/132
vt 0.765930 0.251587
vt 0.765869 0.250488
vt 0.766113 0.250977
f 217/1088/217 439/1089/439 454/1090/454
vt 0.001953 0.431641
vt 0.001465 0.433105
vt 0.001465 0.431152
f 219/1091/219 605/1092/605 631/1093/631
vt 0.532959 0.267822
vt 0.532593 0.267212
vt 0.532715 0.267090
f 431/1094/431 599/1095/599 53/1096/53
vt 0.181488 0.591309
vt 0.181274 0.591797
vt 0.181427 0.591309
f 336/1097/336 554/1098/554 96/1099/96
vt 0.323242 0.282471
vt 0.323486 0.282532
vt 0.323242 0.282501
f 231/1100/231 178/1101/178 330/1102/330
vt 0.323730 0.282593
vt 0.323486 0.282562
f 178/1101/178 128/1103/128 330/1104/330
vt 0.323242 0.282532
vt 0.323486 0.282593
vt 0.323242 0.282562
f 330/1105/330 128/1106/128 135/1107/135
vt 0.621155 0.052185
vt 0.621384 0.052078
vt 0.621368 0.052094
f 131/1108/131 555/1109/555 244/1110/244
vt 0.620636 0.052460
vt 0.621094 0.052246
vt 0.620605 0.052490
f 435/1111/435 131/1112/131 332/1113/332
vt 0.012451 0.485596
vt 0.012207 0.485840
vt 0.010742 0.485352
f 219/1114/219 631/1115/631 59/1116/59
vt 0.207153 0.918091
vt 0.207031 0.917969
vt 0.208496 0.917480
f 606/1117/606 561/1118/561 436/1119/436
vt 0.816650 0.024414
vt 0.816467 0.024658
vt 0.816711 0.024170
f 378/1120/378 132/1121/132 379/1122/379
vt 0.816528 0.023438
vt 0.816650 0.023438
vt 0.816406 0.023926
f 377/1123/377 597/1124/597 376/1125/376
vt 0.816528 0.023926
vt 0.816650 0.023926
vt 0.816406 0.024414
f 376/1126/376 379/1127/379 132/1128/132
vt 0.816040 0.024902
vt 0.816162 0.024902
vt 0.815918 0.025391
f 376/1129/376 132/1130/132 180/1131/180
vt 0.399414 0.000854
vt 0.399414 0.000732
vt 0.400391 0.000488
f 21/1132/21 38/1133/38 76/1134/76
vt 0.400391 0.000732
vt 0.400391 0.000671
vt 0.401367 0.000366
f 274/1135/274 499/1136/499 76/1137/76
vt 0.400879 0.004150
vt 0.401855 0.003418
vt 0.401367 0.003906
f 430/1138/430 38/1139/38 21/1140/21
vt 0.773682 0.448486
vt 0.773438 0.449219
vt 0.773438 0.448730
f 181/1141/181 149/1142/149 320/1143/320
vt 0.649902 0.365723
vt 0.650635 0.365479
vt 0.649414 0.366211
f 217/1144/217 549/1145/549 439/1146/439
vt 0.997070 0.541992
vt 0.997070 0.542236
vt 0.996826 0.542236
f 514/1147/514 221/1148/221 438/1149/438
vt 0.535950 0.273865
vt 0.535767 0.274292
vt 0.535889 0.273926
f 589/1150/589 111/1151/111 479/1152/479
vt 0.536255 0.272827
vt 0.536163 0.273041
vt 0.536194 0.272644
f 229/1153/229 589/1154/589 549/1155/549
vt 0.048889 0.384094
vt 0.048828 0.384766
vt 0.048859 0.383942
f 51/1156/51 504/1157/504 485/1158/485
vt 0.820312 0.017578
vt 0.820496 0.017090
vt 0.821289 0.015625
f 427/1159/427 378/1160/378 308/1161/308
vt 0.882812 0.787109
vt 0.884766 0.785645
vt 0.883545 0.786682
f 578/1162/578 264/1163/264 222/1164/222
vt 0.886230 0.784790
vt 0.888184 0.783325
vt 0.885742 0.785400
f 222/1165/222 170/1166/170 339/1167/339
vt 0.585449 0.677734
vt 0.585571 0.677734
vt 0.584900 0.678223
f 322/1168/322 608/1169/608 323/1170/323
vt 0.532227 0.274902
vt 0.532043 0.276062
vt 0.532104 0.275513
f 223/1171/223 440/1172/440 26/1173/26
vt 0.999878 0.848511
vt 1.000000 0.847656
vt 1.000000 0.849609
f 100/1174/100 133/1175/133 441/1176/441
vt 0.999878 0.850464
vt 0.999939 0.850037
f 373/1177/373 622/1178/622 374/636/374
vt 0.768555 0.257324
vt 0.768555 0.257812
vt 0.768433 0.258057
f 552/1179/552 78/1180/78 586/1181/586
vt 0.534668 0.275879
vt 0.534729 0.276062
vt 0.534668 0.276123
f 26/1182/26 428/1183/428 216/1184/216
vt 0.534729 0.276550
vt 0.534790 0.276733
vt 0.534729 0.276794
f 428/1185/428 440/1186/440 80/1187/80
vt 0.534668 0.276611
vt 0.534668 0.276733
f 428/1188/428 80/1187/80 199/1189/199
vt 0.998657 0.733154
f 213/408/213 222/407/222 339/1190/339
vt 0.999268 0.733887
vt 0.998535 0.733398
f 339/1190/339 170/1191/170 93/1192/93
vt 0.046997 0.380005
vt 0.046875 0.380859
vt 0.046936 0.379456
f 225/1193/225 219/1194/219 444/1195/444
vt 0.521362 0.632324
vt 0.522705 0.631836
vt 0.522064 0.632080
f 165/1196/165 202/1197/202 600/1198/600
vt 0.459473 0.685059
vt 0.458984 0.685791
vt 0.458984 0.685547
f 265/1199/265 109/1200/109 40/1201/40
vt 0.424805 0.702759
f 60/1202/60 11/155/11 258/157/258
vt 0.249023 0.429443
f 451/1203/451 237/158/237 446/160/446
vt 0.249512 0.429688
vt 0.249512 0.429443
vt 0.249756 0.429688
f 446/1204/446 226/1205/226 447/1206/447
vt 0.249756 0.429443
vt 0.250000 0.429688
f 447/1206/447 226/1207/226 118/1208/118
vt 0.768066 0.259766
vt 0.767822 0.260742
vt 0.767883 0.260376
f 78/1209/78 307/1210/307 586/1211/586
vt 0.589905 0.674561
vt 0.589478 0.674805
vt 0.590210 0.674316
f 399/1212/399 228/1213/228 577/1214/577
vt 0.218842 0.014389
vt 0.218811 0.014801
vt 0.218811 0.014313
f 419/1215/419 38/1216/38 382/1217/382
vt 0.218781 0.014725
vt 0.218750 0.015137
vt 0.218750 0.014648
f 382/1218/382 38/1219/38 430/1220/430
vt 0.534790 0.277466
vt 0.534851 0.277527
vt 0.534790 0.277588
f 199/1221/199 111/1222/111 646/1223/646
vt 0.321289 0.281311
vt 0.320801 0.281250
vt 0.321289 0.281250
f 231/1224/231 486/1225/486 183/1226/183
vt 0.322266 0.281311
vt 0.321777 0.281250
vt 0.322266 0.281250
f 231/1227/231 183/1228/183 381/1229/381
vt 0.655884 0.365845
vt 0.655869 0.365952
vt 0.655869 0.365463
f 217/1230/217 437/1231/437 442/1232/442
vt 0.655823 0.364319
vt 0.655792 0.364532
vt 0.655792 0.364044
f 549/1233/549 442/1234/442 229/1235/229
vt 0.164917 0.267517
vt 0.164734 0.267670
vt 0.164856 0.267242
f 448/1236/448 447/1237/447 233/1238/233
vt 0.164673 0.267395
vt 0.164795 0.266968
f 233/1238/233 447/1239/447 118/1240/118
vt 0.736328 0.467285
vt 0.736328 0.467529
vt 0.735352 0.468018
f 449/1241/449 234/1242/234 12/1243/12
vt 0.170898 0.266113
vt 0.170654 0.266357
vt 0.170410 0.266357
f 480/1244/480 243/1245/243 545/1246/545
vt 0.515747 0.818604
vt 0.515625 0.819336
vt 0.515625 0.818359
f 651/1247/651 315/1248/315 60/1249/60
vt 0.004395 0.798340
vt 0.003906 0.799316
vt 0.003906 0.798828
f 525/1250/525 327/1251/327 134/1252/134
vt 0.515747 0.816162
vt 0.515686 0.816284
f 214/1253/214 235/1254/235 426/1064/426
vt 0.583557 0.679443
vt 0.584106 0.679199
vt 0.583954 0.679321
f 323/1255/323 194/1256/194 248/1257/248
vt 0.842285 0.436035
vt 0.842407 0.436035
vt 0.842529 0.436279
f 449/1258/449 12/1259/12 450/1260/450
vt 0.235077 0.514252
vt 0.235153 0.514145
vt 0.235008 0.514397
f 82/1261/82 335/1262/335 451/1263/451
vt 0.235229 0.514038
f 338/72/338 451/71/451 335/1264/335
vt 0.526367 0.812744
vt 0.526367 0.812866
vt 0.526123 0.812744
f 537/1265/537 560/1266/560 29/1267/29
vt 0.526367 0.813232
vt 0.526367 0.813477
vt 0.526123 0.813232
f 560/1268/560 484/1269/484 29/1270/29
vt 0.004395 0.797363
vt 0.003906 0.797852
vt 0.003906 0.797363
f 134/1271/134 114/1272/114 562/1273/562
vt 0.010559 0.924225
vt 0.010498 0.924194
f 380/328/380 103/1274/103 75/1275/75
vt 0.009399 0.924622
vt 0.008240 0.925018
vt 0.008179 0.924988
f 103/1276/103 525/1277/525 75/1278/75
vt 0.007019 0.925385
vt 0.006958 0.925354
f 75/1278/75 525/1279/525 134/1280/134
vt 0.008118 0.924957
vt 0.006897 0.925323
f 75/1281/75 134/1280/134 562/1282/562
vt 0.621338 0.681641
vt 0.621338 0.681702
vt 0.621216 0.681641
f 256/1283/256 238/1284/238 537/1285/537
vt 0.531921 0.276184
vt 0.531860 0.276733
vt 0.531799 0.276794
f 26/1286/26 440/1287/440 428/1288/428
vt 0.456787 0.253174
vt 0.457031 0.253906
vt 0.456543 0.253418
f 452/1289/452 128/1290/128 453/1291/453
vt 0.542969 0.267578
vt 0.541992 0.268066
vt 0.542847 0.267517
f 433/1292/433 217/1293/217 454/1294/454
vt 0.540894 0.268494
vt 0.539917 0.268982
vt 0.540771 0.268433
f 454/1295/454 439/1296/439 431/1297/431
vt 0.543457 0.266968
vt 0.543213 0.266968
vt 0.543335 0.266907
f 239/1298/239 53/1299/53 345/1300/345
vt 0.542969 0.267090
vt 0.543213 0.267090
vt 0.542969 0.267212
f 53/1301/53 239/1302/239 431/1303/431
vt 0.543213 0.267212
vt 0.542969 0.267334
f 431/1303/431 239/1304/239 454/1305/454
vt 0.542969 0.267456
vt 0.543213 0.267456
vt 0.543091 0.267517
f 454/1306/454 239/1307/239 583/1308/583
vt 0.005859 0.677734
vt 0.005371 0.679199
vt 0.005371 0.677246
f 511/1309/511 525/1310/525 240/1311/240
vt 0.004883 0.676758
vt 0.004395 0.678223
vt 0.004395 0.676270
f 240/1312/240 525/1313/525 103/1314/103
vt 0.001953 0.685547
vt 0.001465 0.686035
vt 0.001709 0.684814
f 511/1315/511 240/1316/240 518/1317/518
vt 0.000000 0.683594
f 240/75/240 455/74/455 456/1318/456
vt 0.000977 0.682617
vt 0.000488 0.682129
f 197/1319/197 511/76/511 518/1320/518
vt 0.000000 0.679688
f 518/78/518 456/77/456 369/1321/369
vt 0.869873 0.403809
vt 0.870056 0.403687
vt 0.869797 0.403900
f 571/1322/571 619/1323/619 638/1324/638
vt 0.456055 0.250977
vt 0.455811 0.251221
vt 0.455322 0.250732
f 452/1325/452 453/1326/453 457/1327/457
vt 0.454346 0.250732
vt 0.454102 0.250977
vt 0.453613 0.250488
f 457/1328/457 245/1329/245 241/1330/241
vt 0.509033 0.145264
vt 0.509277 0.145020
vt 0.509521 0.145752
f 241/1331/241 20/1332/20 345/1333/345
vt 0.532928 0.272247
vt 0.532997 0.272057
vt 0.532921 0.272377
f 223/1334/223 481/1335/481 246/1336/246
vt 0.532909 0.272572
f 246/163/246 498/162/498 599/1337/599
vt 0.476562 0.000000
vt 0.475098 0.000244
vt 0.474609 0.000000
f 131/1338/131 244/1339/244 458/1340/458
vt 0.469727 0.000488
f 244/79/244 230/1341/230 499/80/499
vt 0.468750 0.000000
f 458/81/458 499/80/499 8/1342/8
vt 0.326904 0.281982
vt 0.327026 0.281616
vt 0.327026 0.281860
f 218/1343/218 135/1344/135 425/1345/425
vt 0.327026 0.282104
vt 0.327148 0.281738
vt 0.327148 0.281982
f 425/1346/425 135/1347/135 459/1348/459
vt 0.619797 0.052628
vt 0.619698 0.052635
vt 0.619675 0.052628
f 555/1349/555 333/1350/333 244/1351/244
vt 0.390869 0.013672
vt 0.391113 0.013672
vt 0.390991 0.013916
f 241/1352/241 245/1353/245 567/1354/567
vt 0.532829 0.272957
vt 0.532822 0.273087
vt 0.532745 0.273407
f 246/1355/246 599/1356/599 440/1357/440
vt 0.532761 0.273148
vt 0.532753 0.273277
vt 0.532677 0.273598
f 223/1358/223 246/1359/246 440/1360/440
vt 0.544128 0.266388
vt 0.544067 0.266418
vt 0.544067 0.266296
f 241/1361/241 345/1362/345 457/1363/457
vt 0.544006 0.266449
vt 0.543976 0.266464
vt 0.543945 0.266357
f 457/1364/457 345/1365/345 498/1366/498
vt 0.544006 0.266205
vt 0.543945 0.266235
vt 0.543945 0.266113
f 457/1367/457 498/1368/498 452/1369/452
vt 0.327271 0.281982
vt 0.327393 0.281738
vt 0.327515 0.281738
f 54/1370/54 459/1371/459 26/1372/26
vt 0.327515 0.281494
vt 0.327637 0.281250
vt 0.327759 0.281250
f 487/1373/487 425/1374/425 459/1375/459
vt 0.049805 0.130371
vt 0.049316 0.130615
vt 0.048828 0.129883
f 281/1376/281 263/1377/263 65/1378/65
vt 0.048340 0.130127
vt 0.047852 0.130371
vt 0.047363 0.129639
f 263/1379/263 56/1380/56 65/1381/65
vt 0.010254 0.203125
vt 0.009766 0.203125
vt 0.010254 0.201172
f 142/1382/142 55/1383/55 22/1384/22
vt 0.707520 0.624512
vt 0.707275 0.624756
vt 0.706787 0.624268
f 248/1385/248 247/1386/247 398/1387/398
vt 0.706299 0.623779
vt 0.706055 0.624023
vt 0.705933 0.623901
f 398/1388/398 247/1389/247 623/1390/623
vt 0.006836 0.074707
vt 0.005859 0.074219
vt 0.006836 0.074219
f 169/1391/169 139/1392/139 460/1393/460
vt 0.328125 0.734375
vt 0.327881 0.734863
vt 0.327148 0.735352
f 647/1394/647 546/1395/546 539/1396/539
vt 0.709229 0.624756
vt 0.709961 0.625000
vt 0.708984 0.625000
f 247/1397/247 508/1398/508 126/1399/126
vt 0.708008 0.625000
vt 0.707031 0.625000
f 247/1386/247 126/1400/126 193/1401/193
vt 0.298584 0.702881
vt 0.298828 0.703125
vt 0.297852 0.703125
f 461/1402/461 71/1403/71 524/1404/524
vt 0.323730 0.282227
f 223/87/223 459/86/459 135/1405/135
vt 0.324219 0.282288
vt 0.323975 0.282257
vt 0.324219 0.282257
f 481/1406/481 223/1407/223 135/1408/135
vt 0.323486 0.282684
vt 0.323425 0.282661
vt 0.323669 0.282692
f 246/1409/246 481/1410/481 452/1411/452
vt 0.007568 0.072021
vt 0.007812 0.071289
f 282/166/282 568/1412/568 460/1413/460
vt 0.006836 0.071289
vt 0.007324 0.070801
f 615/165/615 169/1414/169 460/1415/460
vt 0.390625 0.014648
vt 0.390747 0.014893
vt 0.390625 0.014893
f 241/1416/241 567/1417/567 609/1418/609
vt 0.000000 0.121094
vt 0.000977 0.121094
vt 0.000000 0.123047
f 268/1419/268 463/1420/463 464/1421/464
vt 0.000977 0.123047
vt 0.000000 0.125000
f 464/1421/464 463/1422/463 5/1423/5
vt 0.173157 0.763977
vt 0.172943 0.764252
vt 0.173096 0.763916
f 254/1424/254 645/1425/645 465/1426/465
vt 0.173462 0.763306
vt 0.173035 0.763855
vt 0.173401 0.763245
f 61/1427/61 465/1428/465 41/1429/41
vt 0.002930 0.119141
vt 0.003906 0.119141
vt 0.002441 0.120117
f 528/1430/528 281/1431/281 463/1432/463
vt 0.001953 0.123047
f 463/1422/463 251/1433/251 5/1423/5
vt 0.367676 0.458740
vt 0.367676 0.458496
vt 0.367737 0.458527
f 400/1434/400 82/1435/82 601/1436/601
vt 0.984375 0.562500
vt 0.984375 0.562988
f 253/1437/253 264/1438/264 578/1437/578
vt 0.984375 0.563477
f 462/1439/462 318/170/318 264/1439/264
vt 0.370178 0.398132
vt 0.369995 0.398071
vt 0.370239 0.398071
f 487/1440/487 592/1441/592 252/1442/252
vt 0.370300 0.398010
vt 0.370117 0.397949
vt 0.370361 0.397949
f 252/1443/252 446/1444/446 447/1445/447
vt 0.531616 0.280884
vt 0.531754 0.280685
vt 0.531647 0.280853
f 601/1446/601 252/1447/252 592/1448/592
f 264/323/264 28/170/28 462/323/462
vt 0.984375 0.572266
vt 0.984375 0.573242
f 253/1449/253 578/1450/578 141/1449/141
vt 0.244171 0.756989
vt 0.244209 0.756935
vt 0.244225 0.757011
f 547/1451/547 645/1452/645 610/1453/610
vt 0.333008 0.934570
vt 0.333984 0.934570
vt 0.332764 0.934814
f 11/1454/11 315/1455/315 593/1456/593
vt 0.335938 0.935547
vt 0.335938 0.936035
vt 0.334961 0.935791
f 11/1457/11 593/1458/593 594/1459/594
vt 0.332031 0.936523
vt 0.332031 0.937012
vt 0.331543 0.936890
f 524/1460/524 11/1461/11 594/1462/594
vt 0.984375 0.565918
f 30/324/30 168/1463/168 321/324/321
f 168/322/168 255/171/255 321/322/321
f 321/324/321 350/1463/350 253/324/253
vt 0.802490 0.701172
vt 0.802856 0.700684
vt 0.802734 0.701172
f 493/1464/493 492/1465/492 255/1466/255
vt 0.801270 0.703125
vt 0.802002 0.702148
vt 0.801514 0.703125
f 168/1467/168 493/1468/493 255/1469/255
vt 0.585632 0.677979
vt 0.585556 0.678040
vt 0.585190 0.678284
f 238/1470/238 256/1471/256 398/1472/398
vt 0.585114 0.678345
vt 0.584747 0.678589
f 398/1472/398 256/1473/256 248/1474/248
vt 0.585403 0.678162
vt 0.585327 0.678223
vt 0.584961 0.678467
f 256/1475/256 323/1476/323 248/1477/248
vt 0.646484 0.655273
f 194/90/194 228/1478/228 399/91/399
vt 0.425781 0.702637
vt 0.425293 0.702637
vt 0.425781 0.702515
f 60/1479/60 258/1480/258 426/1481/426
vt 0.425293 0.702515
vt 0.425781 0.702393
f 426/1481/426 258/1482/258 266/1483/266
vt 0.424805 0.702637
vt 0.424316 0.702637
vt 0.424805 0.702515
f 71/1484/71 472/1485/472 258/1486/258
vt 0.015472 0.282867
vt 0.015476 0.282986
vt 0.015480 0.283348
f 356/1487/356 64/1488/64 584/1489/584
vt 0.046997 0.375122
vt 0.046997 0.376099
vt 0.046936 0.375061
f 625/1490/625 444/1491/444 412/1492/412
vt 0.995483 0.545044
vt 0.995789 0.544983
vt 0.995270 0.545135
f 221/1493/221 468/1494/468 438/1495/438
vt 0.997681 0.542603
vt 0.997803 0.542236
vt 0.997803 0.542725
f 450/1496/450 259/1497/259 449/1498/449
vt 0.997925 0.541870
vt 0.998047 0.541504
vt 0.998047 0.541992
f 259/1499/259 423/1500/423 449/1501/449
vt 0.842773 0.436523
f 259/1502/259 450/96/450 221/98/221
vt 0.842529 0.436035
f 450/96/450 236/1503/236 260/97/260
vt 0.843262 0.437012
f 221/1504/221 260/102/260 468/104/468
vt 0.843018 0.436523
f 260/102/260 276/1505/276 186/103/186
vt 0.157730 0.267807
vt 0.158142 0.268616
vt 0.157623 0.267670
f 314/1506/314 355/1507/355 515/1508/515
vt 0.015572 0.285210
vt 0.015575 0.285450
vt 0.015572 0.285332
f 584/1509/584 553/1510/553 602/1511/602
vt 0.015579 0.285690
vt 0.015572 0.285454
f 130/1510/130 443/1512/443 602/1513/602
vt 0.995575 0.545074
vt 0.996094 0.544922
vt 0.995361 0.545166
f 468/1514/468 186/1515/186 154/1516/154
vt 0.994110 0.545563
vt 0.994370 0.545486
vt 0.993896 0.545654
f 39/1517/39 468/1518/468 154/1519/154
vt 0.990089 0.546417
vt 0.990097 0.546326
vt 0.990112 0.546387
f 438/1520/438 513/1521/513 514/1522/514
vt 0.203613 0.049805
vt 0.203369 0.051270
vt 0.203369 0.050293
f 262/1523/262 56/1524/56 137/1525/137
vt 0.203125 0.054688
vt 0.203369 0.053223
vt 0.203613 0.053711
f 146/1526/146 137/1527/137 418/1528/418
vt 0.203613 0.051758
vt 0.203857 0.052246
f 137/1527/137 56/1529/56 418/1530/418
vt 0.204346 0.051270
vt 0.204590 0.049805
vt 0.204834 0.050293
f 418/1531/418 56/1532/56 502/1533/502
vt 0.187469 0.193390
vt 0.187485 0.192398
vt 0.187485 0.193375
f 543/1534/543 138/1535/138 262/1536/262
vt 0.048340 0.131104
vt 0.047852 0.131348
vt 0.048096 0.130737
f 56/1537/56 262/1538/262 65/1539/65
vt 0.204590 0.049316
f 56/1532/56 263/1540/263 502/1533/502
vt 0.187450 0.187550
vt 0.187447 0.187553
f 55/1541/55 262/175/262 138/1542/138
vt 0.021484 0.191406
vt 0.022949 0.191162
vt 0.022461 0.191406
f 22/1543/22 55/1544/55 261/1545/261
vt 0.024414 0.190918
vt 0.023926 0.191162
f 55/1544/55 138/1546/138 261/1547/261
vt 0.984375 0.574219
f 469/1449/469 93/1548/93 170/88/170
vt 0.047119 0.131226
vt 0.046875 0.131836
vt 0.046875 0.130859
f 65/1549/65 262/1550/262 55/1551/55
vt 0.012695 0.074219
vt 0.011719 0.074219
vt 0.013184 0.073242
f 281/1552/281 615/1553/615 263/1554/263
vt 0.997437 0.084106
vt 0.997559 0.084473
vt 0.997314 0.084717
f 483/1555/483 98/1556/98 421/1557/421
vt 0.997192 0.084351
f 372/1558/372 421/1557/421 180/634/180
vt 0.912109 0.004883
vt 0.911133 0.005859
vt 0.910156 0.005859
f 177/1559/177 31/1560/31 372/1561/372
vt 0.460724 0.680908
vt 0.460510 0.681152
vt 0.460587 0.681030
f 117/1562/117 265/1563/265 630/1564/630
vt 0.309570 0.701172
vt 0.309814 0.700928
vt 0.309814 0.701172
f 57/1565/57 401/1566/401 471/1567/471
vt 0.433350 0.693787
vt 0.432129 0.694946
vt 0.433105 0.693970
f 57/1568/57 266/1569/266 472/1570/472
vt 0.432861 0.694153
vt 0.431641 0.695312
vt 0.432617 0.694336
f 266/1571/266 258/1572/258 472/1573/472
vt 0.434326 0.692413
vt 0.434570 0.692261
vt 0.433350 0.693268
f 401/1574/401 57/1575/57 472/1576/472
vt 0.431641 0.694580
f 497/1577/497 401/105/401 461/107/461
vt 0.984375 0.563721
f 168/1439/168 30/170/30 358/1578/358
vt 0.984375 0.562744
f 489/1437/489 529/1579/529 358/1437/358
vt 0.816406 0.772949
vt 0.816406 0.773193
vt 0.815918 0.771729
f 30/1580/30 141/1581/141 153/1582/153
vt 0.035156 0.996094
vt 0.033203 0.999023
vt 0.031250 1.000000
f 473/1583/473 644/1584/644 475/1585/475
vt 0.035156 1.000000
f 473/1584/473 475/1586/475 3/1585/3
vt 0.105469 0.998047
vt 0.103271 0.998169
vt 0.103516 0.998047
f 466/1587/466 116/1588/116 349/1589/349
vt 0.171875 0.995117
vt 0.172119 0.994873
vt 0.171997 0.995239
f 466/1590/466 349/1591/349 565/1592/565
vt 0.172363 0.994629
vt 0.172119 0.995361
f 565/1591/565 517/1593/517 466/1594/466
vt 0.657715 0.999405
vt 0.658447 0.999138
vt 0.657227 0.999603
f 48/1595/48 595/1596/595 621/1597/621
vt 0.554779 0.705971
vt 0.555176 0.705688
vt 0.554688 0.706055
f 250/1598/250 348/1599/348 29/1600/29
vt 0.041992 0.999512
vt 0.042969 1.000000
vt 0.039062 1.000000
f 644/1601/644 474/1602/474 475/1603/475
vt 0.430664 0.080566
vt 0.430176 0.080811
f 591/1604/591 62/1605/62 331/393/331
vt 0.439453 0.088867
vt 0.438965 0.089111
f 74/1606/74 527/1607/527 85/460/85
vt 0.984375 0.569824
f 39/325/39 182/1608/182 482/325/482
vt 0.999512 0.546875
vt 0.999023 0.546875
vt 0.999756 0.546631
f 184/1609/184 10/1610/10 52/1611/52
vt 0.405609 0.624054
vt 0.406067 0.624451
vt 0.405640 0.624146
f 95/1612/95 624/1613/624 81/1614/81
vt 0.203186 0.055542
vt 0.203247 0.055420
vt 0.203247 0.055908
f 146/1615/146 418/1616/418 495/1617/495
vt 0.779419 0.899841
vt 0.779236 0.899689
vt 0.779114 0.899506
f 206/1618/206 167/1619/167 359/1620/359
vt 0.211487 0.916565
vt 0.210785 0.916840
vt 0.211426 0.916504
f 257/1621/257 639/1622/639 436/1623/436
vt 0.048859 0.381500
vt 0.048828 0.381836
vt 0.048859 0.381012
f 485/1624/485 605/1625/605 219/1626/219
vt 0.165100 0.267365
vt 0.165039 0.267090
vt 0.165161 0.267151
f 545/1627/545 233/1628/233 480/1629/480
vt 0.323883 0.282681
vt 0.323975 0.282684
vt 0.324036 0.282707
f 481/1630/481 128/1631/128 452/1632/452
vt 0.369843 0.397980
vt 0.369873 0.397949
vt 0.370056 0.398010
f 601/1633/601 446/1634/446 252/1635/252
f 462/170/462 482/172/482 318/323/318
vt 0.802979 0.700195
vt 0.802673 0.700928
f 492/1636/492 424/1465/424 255/1637/255
vt 0.997375 0.084412
f 483/1638/483 421/1557/421 372/1558/372
vt 0.753418 0.250488
vt 0.753174 0.250366
vt 0.753906 0.250488
f 478/1639/478 583/1640/583 239/1641/239
vt 0.219116 0.013123
vt 0.219055 0.012970
vt 0.219086 0.012924
f 204/1642/204 173/1643/173 530/1644/530
vt 0.779724 0.900177
vt 0.779541 0.900024
f 413/1645/413 167/1646/167 206/1618/206
vt 0.525757 0.813843
vt 0.525635 0.813721
vt 0.525879 0.813477
f 484/1647/484 210/1648/210 29/1649/29
vt 0.048889 0.382141
vt 0.048882 0.381859
vt 0.048889 0.381653
f 130/1650/130 51/1651/51 443/1652/443
f 222/172/222 318/171/318 170/323/170
vt 0.880127 0.375000
vt 0.879395 0.376953
vt 0.879883 0.375000
f 305/1653/305 73/1654/73 306/1655/306
vt 0.954102 0.355469
vt 0.953125 0.356445
vt 0.953125 0.355469
f 273/1656/273 73/1657/73 69/1658/69
vt 0.997070 0.221680
vt 0.997559 0.221191
vt 0.997192 0.221680
f 172/1659/172 288/1660/288 272/1661/272
vt 0.175781 0.992188
vt 0.176147 0.992432
vt 0.176025 0.992676
f 41/1662/41 316/1663/316 565/1664/565
vt 0.813965 0.778809
vt 0.813721 0.778809
vt 0.813721 0.778564
f 47/1665/47 358/1666/358 30/1667/30
vt 0.174194 0.762085
f 254/369/254 61/1668/61 324/370/324
vt 0.181519 0.593262
vt 0.181458 0.593262
vt 0.181641 0.592773
f 156/1669/156 509/1670/509 554/1671/554
vt 0.556396 0.705139
vt 0.556641 0.704956
vt 0.556641 0.705078
f 537/1672/537 322/1673/322 256/1674/256
vt 0.009766 0.488281
f 275/472/275 164/474/164 285/1675/285
vt 0.203613 0.061523
vt 0.203583 0.060608
vt 0.203613 0.060547
f 204/1676/204 496/1677/496 121/1678/121
vt 0.681335 0.827393
vt 0.681274 0.827637
f 413/504/413 488/1679/488 357/1680/357
vt 0.520264 0.819092
vt 0.520020 0.819336
vt 0.520508 0.818359
f 595/1681/595 91/1682/91 207/1683/207
vt 0.870361 0.403809
vt 0.870056 0.403931
vt 0.870483 0.403564
f 362/1684/362 503/1685/503 607/1686/607
vt 0.814575 0.027344
vt 0.815308 0.026367
vt 0.814636 0.027344
f 180/1687/180 132/1688/132 519/1689/519
vt 0.681641 0.451172
vt 0.681396 0.451172
vt 0.682129 0.450684
f 596/1690/596 490/1691/490 423/1692/423
vt 0.751282 0.577637
vt 0.750916 0.578125
vt 0.750854 0.578125
f 388/1693/388 174/1694/174 650/1695/650
vt 0.632996 0.408691
vt 0.632690 0.409180
f 491/1696/491 112/1697/112 407/783/407
vt 0.516052 0.814819
vt 0.516174 0.814819
vt 0.516113 0.814941
f 127/1698/127 113/1699/113 538/1700/538
vt 0.374329 0.453583
vt 0.374542 0.453354
f 494/1701/494 400/1702/400 534/930/534
vt 0.374451 0.453644
vt 0.373962 0.454132
vt 0.374435 0.453651
f 389/1703/389 624/1704/624 189/1705/189
vt 0.219238 0.012939
vt 0.219223 0.013023
vt 0.219177 0.012787
f 502/1706/502 121/1707/121 496/1708/496
vt 0.219055 0.012482
vt 0.218994 0.012573
vt 0.218994 0.012329
f 495/1709/495 496/1710/496 530/1711/530
vt 0.779968 0.900543
vt 0.779694 0.900192
f 334/1712/334 167/1713/167 413/1645/413
vt 0.779053 0.899536
f 167/1619/167 47/1714/47 359/1620/359
vt 0.516724 0.815674
vt 0.516739 0.815948
vt 0.516724 0.816162
f 113/1715/113 325/1716/325 538/1717/538
vt 0.657715 0.999435
vt 0.658203 0.999268
vt 0.656250 1.000000
f 621/1718/621 347/1719/347 341/1720/341
vt 0.526001 0.813599
vt 0.525879 0.813965
f 484/1721/484 390/1722/390 210/1649/210
vt 0.996826 0.857178
f 100/1015/100 99/1723/99 211/1016/211
vt 0.769501 0.254089
vt 0.769287 0.254395
vt 0.769531 0.253906
f 24/1724/24 427/1725/427 506/1726/506
vt 0.643494 0.656250
vt 0.643860 0.655762
vt 0.643509 0.656250
f 388/1727/388 151/1728/151 174/1729/174
vt 0.855957 0.299316
vt 0.855957 0.299072
vt 0.856445 0.298828
f 576/1730/576 379/1731/379 305/1732/305
vt 0.430176 0.699463
vt 0.430054 0.699524
vt 0.429932 0.699341
f 57/1733/57 265/1734/265 266/1735/266
vt 0.166016 0.269531
vt 0.165527 0.270142
vt 0.165039 0.270508
f 124/1736/124 25/1737/25 218/1738/218
vt 0.585693 0.677734
vt 0.586304 0.677246
vt 0.587036 0.676758
f 194/1739/194 323/1740/323 228/1741/228
vt 0.655426 0.370636
vt 0.655518 0.371338
vt 0.655396 0.370728
f 229/1742/229 227/1743/227 112/1744/112
vt 0.655777 0.364151
vt 0.655762 0.364746
vt 0.655769 0.363960
f 442/1745/442 227/1746/227 229/1747/229
vt 0.310547 0.689453
vt 0.310059 0.690186
vt 0.310059 0.689941
f 156/1748/156 232/1749/232 509/1750/509
vt 0.048889 0.381165
f 225/1751/225 485/1624/485 219/1626/219
vt 0.165283 0.267212
f 233/1629/233 545/1752/545 448/1627/448
vt 0.165070 0.266739
vt 0.165100 0.266388
vt 0.165131 0.266525
f 480/1753/480 233/1754/233 355/1755/355
vt 0.543701 0.266541
vt 0.543701 0.266602
vt 0.543457 0.266602
f 498/1756/498 345/1757/345 53/1758/53
f 454/1306/454 583/1308/583 433/1292/433
vt 0.323639 0.282650
vt 0.323486 0.282623
vt 0.323730 0.282654
f 481/1759/481 135/1760/135 128/1761/128
vt 0.367188 0.458984
vt 0.367188 0.458862
vt 0.367432 0.458862
f 451/1762/451 601/1763/601 82/1764/82
f 253/1437/253 28/1438/28 264/1437/264
vt 0.369720 0.397980
f 446/1634/446 601/1765/601 451/878/451
vt 0.173737 0.763092
vt 0.173523 0.763367
vt 0.173889 0.762756
f 254/1766/254 465/1767/465 61/1768/61
vt 0.804810 0.588440
vt 0.804657 0.588608
vt 0.804626 0.588593
f 424/1769/424 350/1770/350 255/1771/255
vt 0.801147 0.702637
vt 0.801025 0.703125
vt 0.800903 0.703125
f 493/1772/493 168/1773/168 529/1774/529
vt 0.523315 0.815186
vt 0.523346 0.815155
vt 0.523438 0.815186
f 390/1775/390 598/1776/598 210/1777/210
vt 0.158455 0.269157
vt 0.158661 0.269562
vt 0.158298 0.268887
f 314/1778/314 480/1779/480 355/1780/355
vt 0.015579 0.285202
vt 0.015579 0.285263
vt 0.015575 0.285206
f 467/1781/467 553/1782/553 584/1783/584
vt 0.984375 0.564697
f 182/1784/182 318/171/318 482/172/482
f 529/1579/529 168/1438/168 358/1437/358
vt 0.523438 0.814453
vt 0.523346 0.814392
vt 0.523376 0.814331
f 29/1785/29 210/1786/210 250/1787/250
vt 0.402344 0.000244
vt 0.402344 0.000488
vt 0.401367 0.000488
f 499/1788/499 230/1789/230 21/1790/21
vt 0.129395 0.549561
f 631/564/631 500/1791/500 275/569/275
vt 0.798950 0.984863
f 516/1792/516 209/1006/209 387/1008/387
f 28/170/28 253/1439/253 350/1439/350
vt 0.015495 0.282722
vt 0.015499 0.282902
vt 0.015495 0.282845
f 130/1793/130 553/1794/553 556/1795/556
vt 0.245605 0.364746
vt 0.245605 0.364258
vt 0.245850 0.364502
f 118/1796/118 50/1797/50 504/1798/504
vt 0.404297 0.000000
vt 0.402832 0.000244
vt 0.403320 0.000000
f 8/1799/8 499/1800/499 274/1801/274
vt 0.875977 0.377930
vt 0.876465 0.376953
vt 0.876221 0.377930
f 503/1802/503 148/1803/148 505/1804/505
f 501/366/501 136/368/136 324/367/324
vt 0.681641 0.449707
vt 0.682007 0.449463
vt 0.682617 0.449219
f 564/1805/564 174/1806/174 649/1807/649
vt 0.012207 0.486328
vt 0.011230 0.485840
vt 0.011963 0.486084
f 275/1808/275 285/1809/285 631/1810/631
vt 0.752808 0.575684
vt 0.752441 0.576172
vt 0.752380 0.576172
f 508/1811/508 151/1812/151 388/1813/388
vt 0.246826 0.428955
vt 0.246826 0.429199
vt 0.246582 0.429199
f 317/1814/317 42/1815/42 337/1816/337
f 504/1798/504 355/869/355 118/1796/118
vt 0.245605 0.363770
f 504/874/504 50/1817/50 108/875/108
vt 0.798340 0.986328
f 516/1007/516 387/1818/387 185/1008/185
vt 0.880402 0.531250
vt 0.880356 0.531250
vt 0.880249 0.531250
f 514/1819/514 259/1820/259 221/1821/221
vt 0.797119 0.986328
vt 0.796875 0.987305
vt 0.796875 0.986328
f 387/1822/387 532/1823/532 415/1824/415
vt 0.400391 0.000610
f 499/1136/499 21/1825/21 76/1137/76
vt 0.882324 0.787720
f 578/1162/578 222/1164/222 213/1826/213
vt 0.323486 0.281586
vt 0.323242 0.281494
vt 0.323486 0.281555
f 453/1827/453 62/1828/62 245/1829/245
vt 0.989985 0.546150
vt 0.989994 0.546219
vt 0.989991 0.546223
f 28/1830/28 350/1831/350 424/1832/424
vt 0.432983 0.694244
vt 0.432617 0.694580
vt 0.433228 0.694000
f 630/1833/630 265/1834/265 57/1835/57
f 62/1605/62 429/391/429 331/393/331
vt 0.800232 0.985107
vt 0.800049 0.985352
f 516/1836/516 102/981/102 209/1837/209
vt 0.855957 0.298828
vt 0.856201 0.298828
f 305/1731/305 376/1838/376 597/1839/597
vt 0.585938 0.003418
vt 0.583984 0.004150
vt 0.584961 0.003662
f 63/1840/63 510/1841/510 157/1842/157
vt 0.247620 0.428650
vt 0.247314 0.428467
f 605/758/605 108/1843/108 386/1844/386
vt 0.436279 0.078369
vt 0.436890 0.078247
vt 0.437256 0.078369
f 333/1845/333 230/1846/230 244/1847/244
vt 0.990063 0.546249
vt 0.990059 0.546295
vt 0.990055 0.546219
f 513/1848/513 438/1849/438 462/1850/462
vt 0.455566 0.251465
vt 0.454956 0.251099
vt 0.455078 0.250977
f 453/1851/453 245/1852/245 457/1853/457
vt 0.184570 0.587891
vt 0.184753 0.587646
vt 0.184814 0.587891
f 336/1854/336 140/1855/140 278/1856/278
vt 0.754883 0.250488
vt 0.753906 0.250610
f 279/1857/279 551/1858/551 280/1641/280
vt 0.999512 0.849121
vt 0.999573 0.848694
vt 0.999756 0.849365
f 344/1859/344 213/1860/213 295/1861/295
vt 0.955078 0.345703
f 294/304/294 68/306/68 291/1862/291
vt 0.247681 0.429199
vt 0.247681 0.429321
f 337/760/337 42/1863/42 338/1864/338
vt 0.756836 0.250977
vt 0.757812 0.250854
vt 0.757812 0.250977
f 326/1865/326 279/1866/279 506/1867/506
vt 0.997864 0.730835
vt 0.998413 0.731689
vt 0.997803 0.730957
f 213/1868/213 339/1869/339 295/1870/295
vt 0.879059 0.531250
vt 0.879211 0.531250
vt 0.879059 0.531250
f 596/1871/596 163/1872/163 575/1873/575
vt 0.879028 0.531250
f 513/1874/513 163/463/163 514/1871/514
vt 0.049438 0.382446
vt 0.049438 0.382935
vt 0.049377 0.382385
f 515/1875/515 355/1876/355 504/1877/504
vt 0.235748 0.512238
vt 0.235718 0.512329
vt 0.235535 0.512634
f 471/1878/471 232/1879/232 512/1880/512
vt 0.010254 0.631348
vt 0.010254 0.631592
vt 0.009766 0.631836
f 197/1881/197 242/1882/242 511/1883/511
vt 0.758453 0.570068
vt 0.758301 0.570312
vt 0.758240 0.570312
f 650/1884/650 490/1885/490 388/1886/388
vt 0.991577 0.857300
vt 0.992188 0.857422
vt 0.990906 0.857361
f 211/1887/211 102/1888/102 107/1889/107
vt 0.991211 0.857422
f 516/1890/516 107/1889/107 102/1888/102
vt 0.880554 0.531250
f 163/1891/163 259/1820/259 514/1819/514
vt 0.181030 0.593262
vt 0.180969 0.593262
vt 0.181030 0.593018
f 640/1892/640 546/1893/546 641/1894/641
vt 0.767334 0.253906
vt 0.767456 0.253662
vt 0.767578 0.253906
f 326/1895/326 551/1896/551 279/1897/279
vt 0.322998 0.281494
vt 0.322754 0.281372
f 62/1828/62 453/1898/453 429/1899/429
vt 0.534546 0.270142
vt 0.534180 0.269531
vt 0.534668 0.270020
f 479/1900/479 431/1901/431 439/1902/439
vt 0.990051 0.546143
vt 0.990067 0.546204
f 462/1850/462 28/1903/28 513/1904/513
vt 0.431641 0.081055
vt 0.432251 0.080811
vt 0.431885 0.081055
f 62/1905/62 249/1906/249 245/1907/245
vt 0.432373 0.080566
f 249/1906/249 62/1905/62 591/1908/591
vt 0.393677 0.010651
vt 0.393555 0.010742
vt 0.394531 0.009766
f 230/1909/230 331/1910/331 21/1911/21
vt 0.631523 0.782227
vt 0.631531 0.782471
vt 0.631516 0.782227
f 489/1912/489 167/1913/167 334/1914/334
vt 0.527878 0.627823
vt 0.527771 0.627869
vt 0.527802 0.627838
f 632/1915/632 202/1916/202 165/1917/165
vt 0.999512 0.224609
vt 1.000000 0.223633
f 208/1918/208 272/1919/272 422/1001/422
vt 0.311768 0.689819
vt 0.311523 0.689941
vt 0.312012 0.689453
f 471/1920/471 401/1921/401 232/1922/232
vt 0.249146 0.428833
vt 0.249084 0.428894
vt 0.249023 0.428833
f 50/1923/50 226/1924/226 237/1925/237
vt 0.655861 0.366005
vt 0.655853 0.365082
f 217/1231/217 442/1926/442 549/1927/549
vt 0.497711 0.508972
vt 0.497726 0.509186
vt 0.497681 0.509521
f 588/1928/588 632/1929/632 329/1930/329
vt 0.999512 0.222168
vt 1.000000 0.220703
f 272/1931/272 123/1932/123 422/999/422
vt 0.815994 0.025391
vt 0.816010 0.025391
f 519/1933/519 309/1120/309 162/1934/162
vt 0.535095 0.277283
vt 0.535065 0.277435
vt 0.535034 0.277466
f 80/1935/80 479/1936/479 111/1937/111
vt 0.816345 0.024902
vt 0.816193 0.025146
f 531/1934/531 66/1938/66 162/1939/162
vt 0.150635 0.872559
vt 0.150482 0.872803
vt 0.150604 0.872559
f 561/1940/561 316/1941/316 465/1942/465
vt 0.312012 0.688232
vt 0.311096 0.689117
vt 0.311157 0.689026
f 156/1943/156 523/1944/523 512/1945/512
vt 0.237518 0.509857
vt 0.237671 0.509644
vt 0.237152 0.510468
f 156/1946/156 158/1947/158 523/1948/523
vt 0.004883 0.799316
vt 0.004395 0.799805
f 525/1949/525 397/1950/397 327/617/327
vt 0.815948 0.025391
vt 0.815979 0.025391
f 132/1951/132 309/1120/309 519/1952/519
vt 0.247314 0.429443
f 42/760/42 237/762/237 338/1953/338
vt 0.176086 0.760071
vt 0.175934 0.760406
vt 0.175903 0.760376
f 136/1954/136 526/1955/526 641/1956/641
vt 0.527954 0.627930
vt 0.528091 0.627914
vt 0.528015 0.627930
f 408/1957/408 632/1958/632 88/1959/88
vt 0.528046 0.627899
vt 0.528030 0.627914
f 202/1960/202 632/1961/632 408/1957/408
vt 0.003784 0.422241
vt 0.004395 0.422363
vt 0.003418 0.422363
f 410/1962/410 411/1963/411 412/1964/412
vt 0.167480 0.268066
vt 0.167236 0.268372
vt 0.166992 0.268555
f 218/1965/218 25/1966/25 486/1967/486
vt 0.236526 0.511734
vt 0.236671 0.511482
f 523/597/523 626/1968/626 613/1969/613
vt 0.957031 0.343750
vt 0.956055 0.344727
vt 0.956055 0.344238
f 23/1970/23 294/1971/294 291/1972/291
vt 0.444336 0.084717
vt 0.443359 0.085938
f 527/1973/527 279/1974/279 280/457/280
vt 0.218842 0.013168
vt 0.218811 0.013336
vt 0.218826 0.013008
f 530/1975/530 173/1976/173 419/1977/419
vt 0.015491 0.282970
vt 0.015488 0.282791
vt 0.015495 0.283089
f 22/1978/22 261/1979/261 467/1980/467
vt 0.010254 0.076172
vt 0.010010 0.076172
vt 0.010864 0.075195
f 281/1981/281 528/1982/528 615/1983/615
vt 0.156685 0.266289
vt 0.156540 0.266068
vt 0.156464 0.265900
f 130/1984/130 515/1985/515 51/1986/51
vt 0.621002 0.053131
vt 0.620819 0.053192
vt 0.620895 0.053146
f 74/1987/74 160/1988/160 527/1989/527
vt 0.766724 0.253174
vt 0.766724 0.252930
vt 0.766785 0.253296
f 540/1990/540 217/1991/217 433/1992/433
vt 0.620804 0.053177
vt 0.620605 0.053223
f 527/1993/527 160/1988/160 279/1994/279
vt 0.004883 0.111328
vt 0.004883 0.112305
vt 0.003906 0.113281
f 169/1995/169 528/1996/528 268/1997/268
vt 0.623535 0.679199
vt 0.624329 0.679016
vt 0.623962 0.679138
f 493/1998/493 529/1999/529 195/2000/195
vt 0.218918 0.014091
vt 0.218872 0.014465
vt 0.218903 0.014053
f 419/2001/419 58/2002/58 38/2003/38
vt 0.779541 0.899780
f 201/972/201 206/971/206 90/2004/90
vt 0.767090 0.256836
vt 0.767090 0.256592
vt 0.767212 0.256104
f 542/2005/542 540/2006/540 433/2007/433
f 527/1607/527 478/461/478 85/460/85
vt 0.219116 0.012878
f 204/1642/204 530/1644/530 496/2008/496
vt 0.222656 0.999756
vt 0.222656 1.000000
vt 0.220703 1.000000
f 517/2009/517 101/2010/101 395/2011/395
vt 0.907227 0.000977
vt 0.906738 0.000977
vt 0.907715 0.000488
f 368/2012/368 569/2013/569 176/2014/176
vt 0.004883 0.236328
vt 0.003906 0.236328
f 370/623/370 579/2015/579 64/2016/64
vt 0.676392 0.827118
vt 0.676270 0.827026
vt 0.677002 0.827087
f 488/2017/488 413/2018/413 201/2019/201
vt 0.481842 0.429230
vt 0.481812 0.429260
vt 0.481842 0.429199
f 212/2020/212 409/2021/409 494/2022/494
vt 0.580078 0.000488
vt 0.580078 0.000244
vt 0.580322 0.000122
f 435/2023/435 533/2024/533 555/2025/555
vt 0.822510 0.017822
vt 0.822021 0.018555
vt 0.822266 0.018066
f 66/2026/66 177/2027/177 519/2028/519
vt 0.481873 0.429199
f 534/2029/534 212/2020/212 494/2022/494
vt 0.252625 0.752686
vt 0.252533 0.753296
vt 0.252563 0.752441
f 129/2030/129 539/2031/539 524/2032/524
vt 0.823242 0.018311
vt 0.823242 0.018066
vt 0.823364 0.018188
f 66/2033/66 519/2034/519 162/2035/162
vt 0.311371 0.688828
vt 0.311279 0.688843
f 156/2036/156 512/1945/512 232/2037/232
vt 0.213135 0.173462
vt 0.212891 0.172852
vt 0.213379 0.173096
f 303/2038/303 146/2039/146 495/2040/495
vt 0.619629 0.681152
vt 0.620117 0.680176
vt 0.620117 0.680664
f 256/2041/256 322/2042/322 323/2043/323
vt 0.218903 0.012100
vt 0.218872 0.012512
vt 0.218872 0.012024
f 536/2044/536 530/2045/530 419/2046/419
vt 0.170410 0.266602
f 243/1245/243 535/2047/535 545/1246/545
vt 0.515625 0.816406
f 235/1254/235 60/2048/60 426/1064/426
vt 0.621521 0.681763
vt 0.621582 0.681793
vt 0.621460 0.681763
f 238/2049/238 195/2050/195 573/2051/573
vt 0.244629 0.758057
vt 0.244568 0.758240
vt 0.244598 0.758118
f 136/2052/136 647/2053/647 610/2054/610
vt 0.823486 0.016602
vt 0.823471 0.016479
vt 0.823578 0.016357
f 176/2055/176 66/2056/66 531/2057/531
vt 0.309753 0.690338
vt 0.309082 0.691162
vt 0.309692 0.690369
f 232/2058/232 401/2059/401 497/2060/497
vt 0.309326 0.690796
vt 0.309570 0.690430
f 509/2060/509 232/2061/232 497/2062/497
vt 0.515991 0.815430
vt 0.515930 0.815552
vt 0.516022 0.815247
f 538/2063/538 235/2064/235 127/2065/127
vt 0.214355 0.173584
vt 0.214844 0.173340
vt 0.215820 0.173340
f 536/2066/536 303/2067/303 495/2068/495
vt 0.874367 0.399307
vt 0.874268 0.399414
vt 0.874573 0.399048
f 217/2069/217 540/2070/540 437/2071/437
vt 0.620110 0.052711
vt 0.620094 0.052711
vt 0.620148 0.052704
f 333/2072/333 555/2073/555 159/2074/159
vt 0.325684 0.737305
vt 0.324707 0.738281
vt 0.325439 0.737305
f 497/2075/497 461/2076/461 539/2077/539
vt 0.325378 0.283325
vt 0.325439 0.283203
vt 0.325500 0.283325
f 448/2078/448 25/2079/25 124/2080/124
vt 0.227051 0.999512
vt 0.228516 1.000000
vt 0.226562 1.000000
f 634/2081/634 301/2082/301 101/2083/101
vt 0.324951 0.737793
vt 0.324219 0.738281
f 539/2084/539 461/2076/461 524/2085/524
vt 0.523041 0.813782
vt 0.523071 0.813721
vt 0.523071 0.813965
f 113/2086/113 127/2087/127 250/2088/250
vt 0.181091 0.593018
vt 0.181152 0.592773
vt 0.181335 0.592529
f 554/2089/554 640/2090/640 434/2091/434
vt 0.164612 0.268097
vt 0.164368 0.268463
vt 0.164429 0.268250
f 448/2092/448 544/2093/544 447/2094/447
vt 0.102295 0.998169
vt 0.101074 0.998291
vt 0.101318 0.998169
f 349/2095/349 116/2096/116 391/2097/391
vt 0.232422 0.998047
vt 0.233398 0.999023
vt 0.232178 0.998291
f 299/2098/299 300/2099/300 634/2100/634
vt 0.232422 0.999023
vt 0.232666 0.998779
f 301/2101/301 634/2102/634 300/2099/300
vt 0.171509 0.265808
vt 0.171509 0.265930
vt 0.171387 0.265869
f 243/2103/243 543/2104/543 603/2105/603
vt 0.515869 0.813957
vt 0.515991 0.813721
vt 0.515869 0.813965
f 105/2106/105 127/2107/127 214/2108/214
vt 0.515867 0.813961
vt 0.515747 0.814209
f 105/2109/105 214/2108/214 40/2110/40
vt 0.171448 0.266022
vt 0.171387 0.266113
f 243/2111/243 603/2112/603 535/2105/535
vt 0.768127 0.258911
vt 0.768036 0.259216
vt 0.768188 0.258545
f 542/2113/542 586/2114/586 540/2115/540
vt 0.370300 0.398132
f 487/1440/487 252/1442/252 544/2116/544
vt 0.047119 0.376221
vt 0.047119 0.375732
f 443/168/443 225/2117/225 625/2118/625
vt 0.359863 0.991699
vt 0.359619 0.991943
vt 0.359375 0.990234
f 572/2119/572 420/2120/420 18/2121/18
vt 0.359863 0.992188
vt 0.359375 0.992188
f 590/2122/590 34/2123/34 420/2119/420
vt 0.370392 0.398041
vt 0.370544 0.398010
f 544/2124/544 252/1443/252 447/2125/447
vt 0.181091 0.592896
vt 0.181122 0.592834
f 554/1892/554 509/2126/509 640/2127/640
vt 0.957031 0.351562
vt 0.956055 0.352539
vt 0.956055 0.351562
f 477/2128/477 548/2129/548 273/2130/273
vt 0.955566 0.354492
vt 0.955322 0.354004
vt 0.955566 0.353516
f 306/2131/306 73/2132/73 548/2133/548
vt 0.374451 0.453522
vt 0.374458 0.453518
f 550/2134/550 409/934/409 588/2135/588
vt 0.203522 0.057800
vt 0.203430 0.057007
vt 0.203552 0.057739
f 496/2136/496 495/2137/495 418/2138/418
vt 0.363770 0.991211
vt 0.363281 0.991211
vt 0.363281 0.990234
f 192/2139/192 590/2140/590 420/2141/420
vt 0.766907 0.262817
vt 0.767090 0.262695
vt 0.766846 0.263184
f 432/2142/432 362/2143/362 607/2144/607
vt 0.203384 0.056366
vt 0.203369 0.056152
vt 0.203461 0.056946
f 496/2145/496 418/2146/418 502/2147/502
vt 0.586975 0.676758
vt 0.586670 0.677002
f 608/2148/608 228/2149/228 323/1740/323
vt 0.535919 0.273773
vt 0.535889 0.273804
vt 0.535889 0.273682
f 549/2150/549 589/2151/589 439/2152/439
vt 0.877075 0.377441
vt 0.876953 0.378906
vt 0.876953 0.376953
f 548/2153/548 477/2154/477 505/2155/505
vt 0.374161 0.453789
vt 0.374603 0.453323
vt 0.374176 0.453781
f 354/2156/354 494/2157/494 550/2158/550
vt 0.767426 0.253601
f 326/1895/326 542/2159/542 551/1896/551
vt 0.767944 0.259521
f 586/2114/586 432/2160/432 540/2115/540
vt 0.125488 0.553589
vt 0.125732 0.553406
vt 0.125000 0.554199
f 566/2161/566 405/2162/405 520/2163/520
vt 0.535858 0.273834
f 589/2151/589 479/2164/479 439/2152/439
vt 0.766846 0.252686
vt 0.766602 0.252441
vt 0.766846 0.252441
f 551/2165/551 433/2166/433 583/2167/583
vt 0.156723 0.266373
f 556/1984/556 557/2168/557 314/1985/314
vt 0.752930 0.250366
vt 0.752930 0.250244
f 551/2169/551 583/2170/583 280/1639/280
vt 0.766602 0.252930
vt 0.766724 0.252686
vt 0.766846 0.252930
f 433/2171/433 551/2172/551 542/2173/542
vt 0.216797 0.172852
vt 0.217285 0.172363
vt 0.217773 0.172363
f 536/2174/536 495/2175/495 530/2176/530
vt 0.391602 0.012817
vt 0.391602 0.012695
vt 0.392090 0.012329
f 591/2177/591 331/2178/331 230/2179/230
vt 0.417480 0.991211
vt 0.416626 0.991455
vt 0.416504 0.991211
f 593/2180/593 394/2181/394 385/2182/385
vt 0.768677 0.255615
vt 0.768799 0.255371
f 552/807/552 326/2183/326 427/2184/427
vt 0.768555 0.256348
vt 0.768463 0.256653
vt 0.768433 0.256592
f 552/2185/552 542/2186/542 326/2187/326
vt 0.015472 0.281860
vt 0.015472 0.281830
vt 0.015476 0.282009
f 553/2188/553 467/2189/467 261/2190/261
vt 0.985718 0.234375
vt 0.986328 0.233398
vt 0.985840 0.234375
f 519/2191/519 177/2192/177 180/2193/180
vt 0.187440 0.188292
vt 0.187439 0.189514
vt 0.187440 0.188048
f 557/2194/557 243/2195/243 314/2196/314
vt 0.856079 0.299438
vt 0.856689 0.299561
f 306/2197/306 576/1730/576 305/2198/305
vt 0.768433 0.256836
vt 0.768494 0.256714
vt 0.768433 0.257080
f 542/2199/542 552/2200/552 586/2201/586
vt 0.474915 0.994690
vt 0.474976 0.994507
vt 0.475098 0.994629
f 192/2202/192 394/2203/394 191/2204/191
vt 0.955078 0.353516
f 73/2132/73 273/2205/273 548/2133/548
vt 0.015490 0.282667
vt 0.015488 0.282486
vt 0.015490 0.282606
f 556/2206/556 553/2207/553 261/2208/261
vt 0.620079 0.052711
f 555/2073/555 533/2209/533 159/2074/159
vt 0.243011 0.765167
vt 0.243271 0.764969
vt 0.243286 0.765015
f 524/2210/524 594/2211/594 129/2212/129
vt 0.187441 0.189268
vt 0.187441 0.189268
vt 0.187441 0.189512
f 543/2213/543 557/2214/557 138/2215/138
vt 0.187443 0.189510
vt 0.187442 0.187802
vt 0.187443 0.187557
f 138/2216/138 557/2217/557 261/2218/261
vt 0.619446 0.053040
vt 0.619385 0.053101
vt 0.619141 0.053223
f 582/2219/582 533/2220/533 157/2221/157
vt 0.156998 0.266586
vt 0.157074 0.266754
vt 0.156891 0.266449
f 130/2222/130 556/2223/556 515/2224/515
vt 0.210754 0.916809
vt 0.210724 0.916779
f 547/2225/547 639/2226/639 257/1623/257
vt 0.156605 0.266186
vt 0.156616 0.266235
f 556/2227/556 314/2228/314 515/1985/515
vt 0.187362 0.190324
vt 0.187365 0.190565
vt 0.187351 0.189602
f 243/2229/243 480/2230/480 314/2231/314
vt 0.015491 0.282726
f 556/2206/556 261/2208/261 557/2232/557
vt 0.175110 0.757385
vt 0.174927 0.757446
vt 0.175171 0.757202
f 397/2233/397 79/2234/79 501/2235/501
vt 0.177216 0.757294
vt 0.177185 0.757263
vt 0.177612 0.756714
f 397/2236/397 501/2237/501 327/2238/327
vt 0.535004 0.277313
vt 0.534973 0.277405
f 199/2239/199 80/1935/80 111/2240/111
vt 0.187442 0.189389
vt 0.187442 0.189511
f 243/2241/243 557/2242/557 543/2215/543
vt 0.000488 0.297852
vt 0.000732 0.298340
vt 0.000977 0.298828
f 625/2243/625 412/2244/412 203/2245/203
vt 0.482597 0.429153
vt 0.482559 0.429169
vt 0.482574 0.429138
f 428/2246/428 199/2247/199 215/2248/215
vt 0.998535 0.996826
vt 1.000000 0.997070
vt 0.998047 0.997070
f 522/2249/522 373/2250/373 375/2251/375
vt 0.994141 0.999756
vt 0.994141 1.000000
vt 0.992188 1.000000
f 522/2252/522 375/2253/375 297/2254/297
vt 0.998047 0.916016
vt 0.997070 0.917969
vt 0.996094 0.917969
f 476/2255/476 522/2256/522 145/2257/145
vt 0.213257 0.918335
vt 0.213379 0.918457
f 559/2258/559 606/2259/606 49/897/49
vt 0.533375 0.277889
vt 0.533310 0.278030
vt 0.533417 0.277740
f 428/2260/428 212/2261/212 216/2262/216
vt 0.000000 0.113281
vt 0.000488 0.114258
vt 0.000000 0.115234
f 14/2263/14 139/2264/139 169/2265/169
vt 0.631104 0.781250
vt 0.631035 0.781311
vt 0.630981 0.781250
f 238/2266/238 560/2267/560 537/2268/537
vt 0.012054 0.628906
vt 0.012085 0.629395
vt 0.012024 0.628906
f 396/2269/396 242/2270/242 566/2271/566
vt 0.363525 0.992188
vt 0.363281 0.992188
f 192/2272/192 328/2273/328 590/2140/590
vt 0.207993 0.917953
vt 0.208679 0.917664
vt 0.208710 0.917694
f 49/2274/49 436/2275/436 385/2276/385
vt 0.208740 0.917725
f 606/2274/606 436/2276/436 49/2277/49
vt 0.011841 0.631104
vt 0.011719 0.631348
vt 0.011719 0.630859
f 566/2278/566 19/2279/19 396/2280/396
vt 0.248657 0.765503
vt 0.248047 0.765625
vt 0.247681 0.765503
f 594/2281/594 593/2282/593 639/2283/639
vt 0.859375 0.992188
vt 0.858887 0.994629
vt 0.858887 0.992676
f 476/2284/476 298/2285/298 171/2286/171
vt 0.859375 0.994141
f 298/2285/298 476/2284/476 145/2287/145
vt 0.240570 0.761719
vt 0.240601 0.761719
vt 0.241455 0.762207
f 561/2288/561 257/2289/257 436/2290/436
vt 0.174866 0.757996
vt 0.174683 0.758057
vt 0.174927 0.757935
f 396/2291/396 563/2292/563 79/2293/79
vt 0.175507 0.757538
vt 0.175171 0.757690
vt 0.175499 0.757530
f 242/2294/242 396/2295/396 79/2296/79
vt 0.009766 0.630859
vt 0.009766 0.631104
vt 0.009277 0.631348
f 36/2297/36 197/2298/197 518/2299/518
vt 0.433472 0.080078
vt 0.433594 0.079102
vt 0.433594 0.079590
f 333/2300/333 249/2301/249 591/2302/591
vt 0.125977 0.553223
f 566/2162/566 520/2303/520 19/2163/19
vt 0.176727 0.756561
vt 0.176682 0.756638
f 197/2304/197 566/2305/566 242/375/242
vt 0.005371 0.923584
vt 0.005737 0.923523
vt 0.005493 0.923645
f 152/2306/152 155/2307/155 114/2308/114
vt 0.011719 0.921875
vt 0.010986 0.921997
vt 0.010376 0.921936
f 393/2309/393 628/2310/628 648/2311/648
vt 0.245430 0.755409
vt 0.245544 0.755554
vt 0.245422 0.755432
f 563/2312/563 434/2313/434 640/2314/640
vt 0.125000 0.634521
vt 0.124023 0.634766
vt 0.125000 0.634277
f 434/2315/434 563/2316/563 396/2317/396
vt 0.960938 0.000000
vt 0.957032 0.000000
vt 0.957031 0.000000
f 92/2318/92 570/2319/570 360/2320/360
vt 0.121094 0.635254
vt 0.120117 0.635513
vt 0.119141 0.635742
f 19/2321/19 434/2322/434 396/2323/396
vt 0.003174 0.620850
vt 0.003906 0.621094
vt 0.003418 0.621582
f 87/2324/87 164/2325/164 405/2326/405
vt 0.172180 0.994080
vt 0.172363 0.993652
vt 0.172119 0.994385
f 349/2327/349 152/2328/152 633/2329/633
vt 0.004028 0.494263
vt 0.003906 0.494141
vt 0.004883 0.494141
f 405/2330/405 164/2331/164 287/2332/287
vt 0.004303 0.495636
vt 0.004059 0.495636
vt 0.004395 0.495605
f 405/2333/405 197/2334/197 36/2335/36
vt 0.917969 0.000000
vt 0.916016 0.000488
vt 0.916016 0.000244
f 360/2336/360 470/2337/470 604/2338/604
vt 0.432617 0.082031
vt 0.432861 0.081055
vt 0.432739 0.082031
f 245/2339/245 249/2340/249 567/2341/567
vt 0.433228 0.081543
vt 0.433350 0.081055
vt 0.433289 0.081787
f 567/2342/567 249/2343/249 159/2344/159
vt 0.176697 0.756775
f 405/2345/405 566/2305/566 197/2304/197
vt 0.106445 0.999512
f 466/826/466 45/825/45 116/2346/116
vt 0.430908 0.698730
vt 0.430908 0.698792
vt 0.430664 0.698730
f 224/2347/224 220/2348/220 629/2349/629
vt 0.000978 0.115233
vt 0.002930 0.113281
vt 0.000977 0.115234
f 268/2350/268 14/2351/14 169/2352/169
vt 0.206055 0.049805
f 502/192/502 568/194/568 417/2353/417
vt 0.175400 0.757553
vt 0.175491 0.757523
vt 0.175323 0.757599
f 79/2354/79 397/2355/397 242/2356/242
vt 0.582031 0.001709
vt 0.581909 0.001495
vt 0.581970 0.001480
f 63/2357/63 533/2358/533 435/2359/435
vt 0.220276 0.012482
vt 0.220459 0.012329
vt 0.220337 0.012512
f 173/2360/173 204/2361/204 364/2362/364
vt 0.174744 0.757996
f 563/2292/563 526/2363/526 79/2293/79
vt 0.906738 0.001953
vt 0.906250 0.002930
vt 0.906250 0.001953
f 569/2364/569 31/2365/31 177/2366/177
vt 0.583984 0.000000
vt 0.582886 0.000061
vt 0.582947 0.000031
f 27/2367/27 63/2368/63 435/2369/435
vt 0.921875 0.000000
vt 0.920166 0.001343
vt 0.919922 0.001465
f 360/2370/360 570/2371/570 470/2372/470
vt 0.149918 0.872925
vt 0.149879 0.872986
f 41/2373/41 633/2374/633 61/582/61
vt 0.218903 0.014786
vt 0.218872 0.014954
vt 0.218903 0.014542
f 173/2375/173 58/2376/58 419/2377/419
vt 0.173019 0.993027
vt 0.172943 0.993134
vt 0.172897 0.993149
f 565/2378/565 349/2379/349 633/2380/633
f 2/518/2 570/520/570 92/2318/92
vt 0.621246 0.052155
vt 0.621124 0.052216
f 435/1108/435 555/2381/555 131/2382/131
vt 0.958984 0.008789
vt 0.958008 0.010254
vt 0.955078 0.012695
f 570/2383/570 15/2384/15 267/2385/267
vt 0.417480 0.988770
vt 0.417725 0.988770
vt 0.416992 0.989258
f 420/2386/420 572/2387/572 574/2388/574
vt 0.177063 0.757629
vt 0.177032 0.757599
vt 0.177139 0.757462
f 526/2389/526 136/2390/136 501/2391/501
vt 0.297363 0.999023
vt 0.296875 1.000000
vt 0.296875 0.998047
f 572/2392/572 18/2393/18 365/2394/365
vt 0.621338 0.682739
vt 0.621094 0.682983
vt 0.621216 0.682800
f 529/2395/529 489/2396/489 573/2397/573
vt 0.324661 0.283539
vt 0.324707 0.283691
vt 0.324585 0.283447
f 25/2398/25 448/2399/448 545/2400/545
vt 0.324982 0.283630
vt 0.324938 0.283596
vt 0.324940 0.283592
f 535/2401/535 25/2402/25 545/2403/545
vt 0.324977 0.283609
vt 0.324989 0.283615
f 486/2401/486 25/2404/25 535/2405/535
vt 0.631325 0.781433
vt 0.631317 0.781494
vt 0.631298 0.781403
f 573/2406/573 125/2407/125 560/2408/560
vt 0.631264 0.781433
f 560/2409/560 238/2408/238 573/2407/573
vt 0.364746 0.989990
vt 0.364258 0.990234
vt 0.364258 0.989990
f 574/2410/574 394/2411/394 192/2412/192
f 420/2120/420 34/2123/34 18/2121/18
vt 0.582031 0.001465
f 157/2357/157 533/2359/533 63/2413/63
vt 0.416382 0.990479
vt 0.416016 0.990723
f 574/2414/574 385/702/385 394/2415/394
vt 0.583008 0.000000
f 27/2367/27 435/2369/435 332/2416/332
vt 0.165649 0.271301
vt 0.165039 0.271973
vt 0.165283 0.271606
f 535/2417/535 302/2418/302 486/2419/486
vt 0.753662 0.574707
vt 0.753235 0.575196
vt 0.752807 0.575684
f 193/2420/193 596/2421/596 575/2422/575
vt 0.857910 0.996582
vt 0.857422 0.994141
vt 0.858398 0.997070
f 171/2423/171 72/2424/72 476/2425/476
vt 0.298340 0.992188
vt 0.297852 0.994141
vt 0.297852 0.992188
f 559/2426/559 572/2427/572 365/2428/365
vt 0.801880 0.989502
vt 0.802002 0.988770
vt 0.802246 0.989258
f 171/2429/171 209/2430/209 72/2431/72
vt 0.819641 0.019531
vt 0.819092 0.020508
f 378/2432/378 24/2433/24 309/1085/309
vt 0.297363 0.993164
vt 0.296875 0.994141
vt 0.296875 0.992188
f 559/2434/559 365/2435/365 366/2436/366
vt 0.994629 0.545410
vt 0.994133 0.545570
f 438/1518/438 468/2437/468 482/2438/482
vt 0.805420 0.586304
vt 0.805420 0.586304
vt 0.804688 0.586914
f 575/2439/575 424/2440/424 492/2441/492
vt 0.556152 0.705017
vt 0.556152 0.705078
f 348/2442/348 322/430/322 537/2443/537
vt 0.997314 0.084229
vt 0.997345 0.084320
f 31/2444/31 604/2445/604 372/1558/372
vt 0.769409 0.256104
vt 0.769409 0.255615
vt 0.769531 0.255859
f 576/2446/576 78/2447/78 308/2448/308
vt 0.527588 0.628052
f 407/141/407 198/143/198 408/2449/408
vt 0.878906 0.791016
vt 0.879883 0.790771
vt 0.878906 0.791992
f 141/2450/141 578/2451/578 343/2452/343
vt 0.843018 0.422607
vt 0.843140 0.422485
vt 0.843262 0.422852
f 144/2453/144 149/2454/149 143/2455/143
vt 0.875000 0.382812
vt 0.875244 0.380859
f 477/317/477 143/2456/143 149/2457/149
vt 0.581055 0.003174
vt 0.580078 0.004395
vt 0.580078 0.003418
f 157/2458/157 150/2459/150 74/2460/74
vt 0.579102 0.005127
vt 0.578125 0.005859
vt 0.578125 0.004883
f 157/2461/157 74/2462/74 582/2463/582
vt 0.761719 0.250732
f 580/320/580 24/2464/24 506/321/506
vt 0.769531 0.257324
vt 0.769470 0.257690
vt 0.769531 0.256836
f 576/2465/576 306/2466/306 78/2467/78
vt 0.457764 0.685547
vt 0.458374 0.684570
vt 0.457947 0.685303
f 117/2468/117 587/2469/587 581/2470/581
vt 0.439453 0.089844
vt 0.437500 0.091553
vt 0.437500 0.091309
f 280/2471/280 583/2472/583 478/2473/478
vt 0.003418 0.303711
f 584/491/584 602/2474/602 203/492/203
vt 0.663086 0.999023
vt 0.662720 0.999512
vt 0.662598 0.999512
f 347/2475/347 627/2476/627 488/2477/488
vt 0.236343 0.511551
vt 0.236389 0.511536
vt 0.236237 0.511749
f 95/2478/95 81/2479/81 512/2480/512
vt 0.236099 0.512039
vt 0.236023 0.512146
f 613/2480/613 95/2481/95 523/2482/523
vt 0.776001 0.000122
vt 0.773438 0.000000
vt 0.775391 0.000000
f 176/2483/176 35/2484/35 368/2485/368
vt 0.004883 0.237793
vt 0.003906 0.238281
vt 0.005859 0.236816
f 579/2486/579 22/2487/22 64/2488/64
f 467/625/467 64/2488/64 22/2487/22
vt 0.767944 0.260498
vt 0.768372 0.259399
vt 0.768433 0.259521
f 432/2489/432 586/2490/586 307/2491/307
vt 0.994629 0.729492
vt 0.995117 0.729004
vt 0.994141 0.730469
f 578/2492/578 213/2493/213 343/2494/343
vt 0.527588 0.627930
vt 0.527527 0.627991
vt 0.527466 0.627930
f 408/2495/408 577/2496/577 202/2497/202
vt 0.212646 0.916260
vt 0.213135 0.916260
vt 0.212402 0.916504
f 316/2498/316 561/2499/561 299/2500/299
vt 0.792480 0.998291
vt 0.792969 0.998047
vt 0.793945 0.998535
f 414/2501/414 614/2502/614 415/2503/415
vt 0.796875 1.000000
f 414/923/414 147/925/147 16/2504/16
vt 0.218750 0.000244
vt 0.218750 0.000488
f 9/2505/9 205/949/205 417/2506/417
vt 0.218750 0.000977
vt 0.218811 0.001343
vt 0.218750 0.001465
f 282/2507/282 9/2508/9 417/2509/417
vt 0.998047 0.080078
f 267/1029/267 470/1031/470 570/2510/570
vt 0.536377 0.273193
vt 0.536301 0.273209
vt 0.536316 0.273010
f 353/2511/353 589/2512/589 229/2513/229
vt 0.484863 0.985840
vt 0.484375 0.986328
vt 0.484375 0.984375
f 590/2514/590 445/2515/445 34/2516/34
vt 0.532906 0.272636
f 599/1337/599 498/162/498 53/2517/53
vt 0.523224 0.814392
vt 0.523193 0.814209
vt 0.523254 0.814331
f 113/2518/113 250/2519/250 210/2520/210
vt 0.367798 0.458557
vt 0.367920 0.458618
f 400/1434/400 592/2521/592 534/2522/534
vt 0.531891 0.280487
vt 0.531898 0.280449
vt 0.531967 0.280350
f 534/2523/534 592/2524/592 54/2525/54
vt 0.531677 0.280823
f 592/1448/592 487/1447/487 54/2526/54
vt 0.332520 0.935059
f 593/1456/593 315/1455/315 394/2527/394
vt 0.993805 0.545624
vt 0.993958 0.545593
vt 0.993591 0.545715
f 462/2528/462 438/2529/438 482/2530/482
f 170/1449/170 182/89/182 469/1548/469
vt 0.659180 0.998871
vt 0.658203 0.999237
f 595/1596/595 207/2531/207 621/2532/621
vt 0.523315 0.815125
vt 0.523376 0.815125
f 598/2533/598 113/2534/113 210/1775/210
vt 0.235229 0.513062
vt 0.235222 0.513145
vt 0.235168 0.513245
f 81/2535/81 471/2536/471 512/2537/512
vt 0.516754 0.816223
vt 0.516739 0.816193
f 325/1716/325 115/2538/115 612/2539/612
vt 0.429932 0.699585
f 265/1734/265 40/2540/40 266/1735/266
vt 0.989988 0.546227
f 28/1830/28 424/1832/424 513/2541/513
f 379/1731/379 376/1839/376 305/1732/305
f 108/1843/108 42/757/42 386/1844/386
vt 0.049316 0.382324
f 51/1877/51 515/1876/515 504/2542/504
vt 0.203201 0.061859
vt 0.203247 0.062256
vt 0.203186 0.062378
f 536/2543/536 419/2544/419 382/2545/382
vt 0.204834 0.178833
vt 0.203125 0.178711
vt 0.205078 0.178711
f 603/2546/603 543/2547/543 137/2548/137
vt 0.766144 0.263977
vt 0.766235 0.263916
vt 0.765747 0.264893
f 540/2549/540 432/2550/432 437/2551/437
vt 0.878296 0.375977
vt 0.877930 0.376953
vt 0.878418 0.375000
f 306/2552/306 548/2553/548 148/2554/148
vt 0.620026 0.052704
vt 0.619972 0.052696
vt 0.620007 0.052692
f 533/2555/533 582/2556/582 159/2557/159
vt 0.000977 0.298828
f 412/2244/412 7/2558/7 203/2245/203
vt 0.187477 0.194603
vt 0.187485 0.194351
vt 0.187469 0.195343
f 603/2559/603 137/2560/137 146/2561/146
vt 0.433594 0.080078
f 333/2300/333 591/2302/591 230/2562/230
vt 0.433350 0.082031
f 159/2344/159 249/2343/249 333/2563/333
vt 0.752807 0.575684
f 126/2420/126 596/2564/596 193/1811/193
vt 0.590515 0.674072
f 228/64/228 600/66/600 577/2565/577
vt 0.798340 0.994629
f 171/289/171 147/291/147 532/2566/532
vt 0.523193 0.815674
vt 0.523132 0.815552
vt 0.523193 0.815430
f 32/2567/32 598/2568/598 390/2569/390
vt 0.523193 0.815918
f 190/27/190 598/802/598 32/2570/32
vt 0.527344 0.627991
vt 0.527344 0.628052
f 600/2571/600 202/2497/202 577/2572/577
vt 0.000244 0.301270
vt 0.000000 0.300781
vt 0.000122 0.300049
f 356/2573/356 120/2574/120 64/2575/64
vt 0.474075 0.997208
vt 0.474701 0.996796
vt 0.473846 0.997406
f 115/2576/115 190/2577/190 91/2578/91
vt 0.473816 0.997498
vt 0.473618 0.997604
f 635/2578/635 115/2579/115 636/2580/636
vt 0.534180 0.270508
vt 0.533813 0.269897
vt 0.533936 0.269775
f 479/2581/479 599/2582/599 431/2583/431
vt 0.686157 0.452515
vt 0.686523 0.452637
vt 0.686035 0.452637
f 234/2584/234 449/2585/449 650/2586/650
vt 0.532410 0.275208
vt 0.532440 0.275177
vt 0.532318 0.275787
f 440/2587/440 599/2588/599 80/2589/80
vt 0.459717 0.684814
vt 0.459473 0.685303
f 117/2590/117 109/2591/109 265/1199/265
f 568/1412/568 615/165/615 460/1413/460
f 400/1434/400 601/1436/601 592/2521/592
vt 0.015581 0.285322
vt 0.015583 0.285442
vt 0.015579 0.285324
f 602/2592/602 553/2593/553 130/2594/130
vt 0.920898 0.000732
vt 0.919922 0.000977
f 367/2370/367 604/2595/604 31/2596/31
vt 0.460938 0.680664
vt 0.460762 0.680847
vt 0.460663 0.680908
f 587/2597/587 630/2598/630 81/2599/81
vt 0.954102 0.356445
vt 0.953613 0.356445
f 73/2600/73 597/2601/597 69/1656/69
f 51/1651/51 225/1751/225 443/1652/443
vt 0.048874 0.381577
f 225/1751/225 51/1651/51 485/2602/485
f 598/1776/598 325/2534/325 113/1777/113
vt 0.535095 0.277344
f 80/1935/80 599/2603/599 479/1936/479
vt 0.433350 0.693909
vt 0.433838 0.693420
f 81/2604/81 630/1833/630 471/2605/471
f 57/1835/57 471/2605/471 630/1833/630
vt 0.527756 0.627853
vt 0.527649 0.627869
f 383/1917/383 600/2606/600 608/2607/608
vt 0.207031 0.177734
vt 0.208496 0.176758
vt 0.208984 0.176758
f 535/2608/535 603/2609/603 302/2610/302
vt 0.208252 0.176025
vt 0.208008 0.175781
vt 0.208984 0.175781
f 603/2611/603 146/2612/146 302/2613/302
vt 0.916016 0.000000
f 360/2336/360 604/2338/604 367/2614/367
f 482/2438/482 468/2437/468 39/1519/39
f 604/2445/604 483/1638/483 372/1558/372
vt 0.839844 0.428070
vt 0.839844 0.428101
vt 0.838867 0.428467
f 149/2615/149 144/2616/144 320/2617/320
vt 0.907227 0.007812
vt 0.908203 0.007324
vt 0.907715 0.007812
f 483/2618/483 604/2619/604 470/2620/470
vt 0.840820 0.434570
f 571/154/571 12/153/12 234/2621/234
vt 0.997803 0.228516
vt 0.997070 0.230469
vt 0.997559 0.228516
f 208/2622/208 69/2623/69 179/2624/179
vt 0.996094 0.228516
vt 0.995605 0.230469
vt 0.995117 0.230469
f 272/2625/272 208/2626/208 179/2627/179
vt 0.618286 0.053589
f 85/434/85 609/436/609 582/2628/582
vt 0.205566 0.920410
vt 0.205078 0.920898
vt 0.204346 0.921143
f 299/2629/299 606/2630/606 300/2631/300
vt 0.655884 0.368774
vt 0.655884 0.369263
vt 0.655823 0.368958
f 607/2632/607 89/2633/89 620/2634/620
vt 0.737305 0.466309
vt 0.737305 0.466431
vt 0.736816 0.466797
f 564/2635/564 571/2636/571 234/2637/234
vt 0.622238 0.052536
vt 0.622223 0.052521
vt 0.622345 0.052521
f 609/2638/609 159/2639/159 582/2640/582
vt 0.621796 0.052704
vt 0.621803 0.052711
vt 0.621613 0.052765
f 241/2641/241 609/2642/609 20/2643/20
vt 0.390625 0.015137
f 609/1418/609 567/1417/567 159/2644/159
vt 0.244247 0.756882
vt 0.244278 0.757034
f 610/1453/610 254/2645/254 136/2646/136
vt 0.208984 0.918945
vt 0.208374 0.919312
vt 0.208252 0.919189
f 606/2647/606 559/2648/559 300/2649/300
vt 0.245132 0.755203
vt 0.245178 0.755188
vt 0.245148 0.755280
f 563/2650/563 640/2651/640 641/2652/641
vt 0.245209 0.755585
vt 0.245209 0.755341
vt 0.245239 0.755493
f 526/2653/526 563/2654/563 641/2655/641
vt 0.244568 0.758179
vt 0.244751 0.757568
f 129/2656/129 547/2657/547 610/2054/610
vt 0.244385 0.758789
vt 0.244507 0.758423
f 539/2658/539 129/2656/129 647/2659/647
f 610/2054/610 647/2659/647 129/2656/129
vt 0.766602 0.263672
f 432/2142/432 607/2144/607 437/2660/437
vt 0.177246 0.757324
f 526/2389/526 501/2391/501 79/2661/79
f 325/1716/325 612/2539/612 538/1717/538
vt 0.779297 0.901733
vt 0.779785 0.901855
vt 0.779541 0.901855
f 507/2662/507 359/2663/359 185/2664/185
vt 0.002930 0.489258
vt 0.003418 0.489746
vt 0.003174 0.490479
f 286/2665/286 312/2666/312 616/2667/616
vt 0.812561 0.778748
vt 0.812622 0.779175
vt 0.812500 0.779297
f 507/2668/507 185/2669/185 387/2670/387
vt 0.327637 0.735352
f 546/1395/546 497/2671/497 539/1396/539
vt 0.516205 0.818054
vt 0.516113 0.818359
vt 0.516235 0.817627
f 612/2672/612 191/2673/191 651/2674/651
vt 0.773682 0.448227
vt 0.773682 0.448219
f 181/2675/181 320/1143/320 638/2676/638
vt 0.769714 0.000916
vt 0.769287 0.000732
vt 0.770508 0.000977
f 611/2677/611 402/2678/402 97/2679/97
vt 0.995605 0.353027
f 23/117/23 618/2680/618 143/118/143
vt 0.842773 0.423828
vt 0.842773 0.424072
vt 0.842529 0.424072
f 143/2681/143 618/2682/618 144/2683/144
vt 0.842285 0.424316
f 618/255/618 541/2684/541 106/256/106
vt 0.780762 0.902344
f 206/514/206 507/513/507 90/2685/90
vt 0.235779 0.512878
f 613/853/613 626/2686/626 335/854/335
vt 0.010498 0.076172
vt 0.011230 0.075195
f 615/2687/615 528/1981/528 169/2688/169
vt 0.869934 0.404175
vt 0.869995 0.404053
vt 0.870178 0.403931
f 503/2689/503 181/2690/181 637/2691/637
vt 0.791992 1.000000
vt 0.792480 0.999756
vt 0.792969 1.000000
f 415/2692/415 614/2693/614 507/2694/507
vt 0.473862 0.997116
vt 0.474426 0.996643
vt 0.473511 0.997437
f 635/2695/635 612/2696/612 115/2697/115
vt 0.472137 0.998627
vt 0.472763 0.998215
vt 0.472649 0.998314
f 585/2698/585 635/2699/635 636/2700/636
f 211/713/211 107/715/107 343/714/343
vt 0.838379 0.428467
vt 0.837952 0.428650
vt 0.838867 0.428223
f 541/2701/541 43/2702/43 184/2703/184
vt 0.128418 0.551270
f 94/1049/94 617/1051/617 558/2704/558
vt 0.473511 0.998169
vt 0.473389 0.998291
vt 0.473022 0.998413
f 635/2705/635 585/2706/585 328/2707/328
vt 0.184509 0.586182
vt 0.184341 0.586121
vt 0.184418 0.586060
f 558/2708/558 617/2709/617 520/2710/520
vt 0.624390 0.679077
f 195/2000/195 529/1999/529 573/2711/573
vt 0.002930 0.491211
f 286/2665/286 616/2667/616 285/2712/285
vt 0.837982 0.428619
vt 0.838013 0.428589
f 541/2713/541 184/2714/184 106/2703/106
vt 0.999023 0.357422
vt 0.998535 0.356934
f 618/2715/618 293/250/293 541/2716/541
vt 0.655762 0.370605
f 620/480/620 200/479/200 227/2717/227
vt 0.774414 0.445068
f 619/708/619 89/707/89 637/2718/637
vt 0.703857 0.624268
vt 0.704346 0.624268
vt 0.704590 0.624512
f 492/2719/492 623/2720/623 193/2721/193
vt 0.624634 0.679321
f 493/843/493 623/845/623 492/2722/492
vt 0.996094 0.857422
f 99/1018/99 304/2723/304 102/1019/102
vt 0.630127 0.412109
vt 0.630249 0.411865
vt 0.629944 0.412598
f 442/2724/442 620/2725/620 227/2726/227
vt 0.705811 0.623779
vt 0.705566 0.623535
f 398/1388/398 623/2727/623 195/2728/195
vt 0.660156 0.998535
vt 0.660889 0.998253
vt 0.662109 0.997803
f 627/2729/627 347/2730/347 207/2731/207
vt 0.661865 0.997887
f 621/2732/621 207/2731/207 347/2730/347
vt 0.774414 0.445190
vt 0.774414 0.445068
f 619/2733/619 571/2734/571 564/2718/564
vt 0.000977 0.426758
vt 0.000488 0.427612
vt 0.000488 0.427490
f 410/2735/410 59/2736/59 616/2737/616
vt 0.995850 0.352783
vt 0.996094 0.352539
f 618/2738/618 23/117/23 293/2739/293
vt 0.999634 0.852173
f 622/637/622 99/2740/99 100/638/100
vt 0.999512 0.853027
f 99/2740/99 622/637/622 373/2741/373
vt 0.655823 0.368469
vt 0.655762 0.368652
f 437/2742/437 607/2632/607 620/2743/620
f 622/1178/622 441/1176/441 374/636/374
vt 0.046875 0.378906
f 444/1195/444 219/1194/219 59/2744/59
vt 0.706665 0.624390
vt 0.706543 0.624512
f 623/2745/623 247/2746/247 193/1389/193
vt 0.655853 0.368866
f 437/2747/437 620/2634/620 442/2743/442
vt 0.462280 0.678711
vt 0.462585 0.678345
vt 0.462524 0.678467
f 81/2748/81 624/2749/624 587/2750/587
vt 0.681946 0.827942
vt 0.681641 0.828125
vt 0.681885 0.827881
f 125/2751/125 573/2752/573 489/2753/489
vt 0.047180 0.378723
vt 0.047119 0.379150
vt 0.047119 0.377197
f 625/2754/625 225/2755/225 444/2756/444
vt 0.013977 0.921906
vt 0.013153 0.921921
f 311/2757/311 155/2758/155 392/2309/392
vt 0.631516 0.782318
vt 0.631516 0.782349
vt 0.631500 0.782227
f 125/2759/125 489/2760/489 334/2761/334
vt 0.462708 0.678223
vt 0.463013 0.677856
vt 0.462616 0.678345
f 624/2762/624 389/2763/389 196/2764/196
vt 0.682861 0.828003
vt 0.682739 0.828003
vt 0.682861 0.827881
f 125/2765/125 484/2766/484 560/2767/560
vt 0.005859 0.922607
vt 0.006226 0.922546
f 155/2768/155 152/819/152 628/2769/628
vt 0.373039 0.455021
vt 0.373138 0.454910
vt 0.373154 0.454903
f 389/2770/389 550/2771/550 588/2772/588
vt 0.682983 0.827515
vt 0.682861 0.827393
f 357/2773/357 125/1028/125 334/2774/334
f 125/1028/125 357/2773/357 390/1026/390
vt 0.374908 0.453171
vt 0.374812 0.453265
vt 0.374745 0.453329
f 588/2775/588 329/2776/329 389/2777/389
vt 0.006104 0.923462
vt 0.005615 0.923706
f 114/2308/114 155/2778/155 562/2779/562
vt 0.235840 0.512939
vt 0.235809 0.513031
vt 0.235657 0.513245
f 626/2780/626 337/2781/337 338/2782/338
vt 0.236832 0.511307
vt 0.236542 0.511810
f 337/2783/337 158/2784/158 278/598/278
vt 0.522888 0.816040
vt 0.522827 0.815918
vt 0.523071 0.816162
f 627/2785/627 207/2786/207 190/2787/190
vt 0.235779 0.513123
vt 0.235596 0.513428
f 335/2781/335 626/2788/626 338/2789/338
vt 0.364258 0.989746
f 574/2410/574 192/2412/192 420/2790/420
vt 0.462402 0.678589
vt 0.462402 0.678711
f 630/2791/630 587/2750/587 117/2792/117
vt 0.520203 0.632812
vt 0.520187 0.632812
vt 0.520844 0.632568
f 109/2793/109 117/2794/117 629/2795/629
vt 0.522888 0.815918
vt 0.522949 0.815918
f 627/2796/627 190/2797/190 32/2787/32
vt 0.012329 0.921936
f 155/2758/155 628/2798/628 392/2309/392
vt 0.001953 0.121094
f 463/1432/463 281/1431/281 251/2799/251
vt 0.236816 0.511230
f 158/597/158 626/1969/626 523/2800/523
vt 0.008423 0.485962
vt 0.007812 0.486328
vt 0.008789 0.485352
f 631/2801/631 285/2802/285 59/2803/59
vt 0.430908 0.698853
f 220/2348/220 109/2804/109 629/2349/629
vt 0.522926 0.631775
vt 0.523598 0.631531
vt 0.522766 0.631836
f 383/2805/383 608/2806/608 224/2807/224
vt 0.523148 0.631714
vt 0.522827 0.631836
f 629/2807/629 383/2808/383 224/2809/224
vt 0.463074 0.677795
f 196/2810/196 587/2750/587 624/2763/624
vt 0.236176 0.511734
vt 0.236252 0.511627
vt 0.236145 0.511780
f 189/2811/189 624/2812/624 95/2813/95
vt 0.236275 0.511597
vt 0.236298 0.511566
vt 0.236210 0.511688
f 189/2814/189 95/2815/95 613/2816/613
vt 0.555908 0.704834
vt 0.555664 0.704834
vt 0.556152 0.704712
f 220/2817/220 224/2818/224 348/2819/348
vt 0.556030 0.704987
vt 0.555969 0.705063
vt 0.555847 0.705154
f 105/2820/105 220/2821/220 348/2822/348
vt 0.372894 0.455154
vt 0.372919 0.455127
vt 0.373322 0.454697
f 550/2823/550 189/2824/189 354/2825/354
vt 0.373617 0.454442
vt 0.373642 0.454414
vt 0.373901 0.454163
f 189/2826/189 550/2827/550 389/2828/389
vt 0.497742 0.509399
vt 0.497704 0.509354
f 632/1929/632 165/2829/165 329/2830/329
vt 0.463135 0.677734
vt 0.462646 0.678345
f 587/2750/587 196/2831/196 581/2832/581
vt 0.521378 0.632324
vt 0.521393 0.632324
f 165/2833/165 600/1198/600 383/2834/383
vt 0.184448 0.587891
vt 0.184387 0.587646
f 96/2835/96 617/2836/617 140/1854/140
vt 0.172852 0.993164
f 565/2378/565 633/2380/633 41/2837/41
vt 0.520340 0.632751
vt 0.520508 0.632690
f 117/2794/117 581/2838/581 629/2839/629
vt 0.184418 0.587524
vt 0.184448 0.587402
f 96/2840/96 140/2841/140 336/1854/336
vt 0.520142 0.632812
f 581/2838/581 383/2842/383 629/2839/629
vt 0.521408 0.632324
vt 0.521744 0.632202
vt 0.521423 0.632324
f 581/2843/581 165/2844/165 383/2845/383
vt 0.875610 0.378418
vt 0.875854 0.378418
vt 0.875488 0.378906
f 181/2846/181 503/2847/503 505/2848/505
vt 0.181519 0.592285
f 554/2089/554 434/2091/434 96/2849/96
vt 0.149553 0.873535
vt 0.149261 0.874023
f 175/584/175 633/2850/633 114/2851/114
f 633/2374/633 175/584/175 61/582/61
vt 0.875916 0.378662
f 181/2852/181 505/316/505 149/2848/149
vt 0.226807 0.992432
vt 0.227051 0.993652
vt 0.226562 0.992188
f 517/2853/517 634/2854/634 101/2855/101
vt 0.222168 0.999634
vt 0.221924 0.999756
vt 0.221680 0.999756
f 466/2856/466 517/2857/517 395/2858/395
vt 0.497723 0.509377
f 196/2830/196 329/2859/329 581/1930/581
vt 0.869537 0.404114
vt 0.869202 0.404419
f 638/2860/638 637/1323/637 181/2861/181
vt 0.773529 0.448517
vt 0.773560 0.448425
vt 0.773560 0.448456
f 638/2862/638 319/2863/319 571/2864/571
vt 0.210938 0.914551
vt 0.211121 0.914490
vt 0.210693 0.914795
f 517/2865/517 565/2866/565 316/2867/316
vt 0.473389 0.997803
f 636/2580/636 115/2579/115 91/2868/91
vt 0.473488 0.997261
vt 0.473467 0.997263
vt 0.473633 0.997070
f 612/2869/612 635/2870/635 191/2871/191
vt 0.773682 0.448212
f 638/2676/638 320/1143/320 319/2872/319
vt 0.472534 0.998413
f 585/2698/585 636/2700/636 283/2873/283
vt 0.473076 0.998009
f 283/2873/283 636/2874/636 91/2868/91
vt 0.211090 0.914581
vt 0.210907 0.914642
f 517/2875/517 299/2867/299 634/2876/634
vt 0.211060 0.914673
f 299/2867/299 517/2875/517 316/2877/316
vt 0.775391 0.443848
f 637/704/637 89/2878/89 607/705/607
vt 0.774414 0.445312
vt 0.774414 0.445129
f 637/2879/637 638/2880/638 619/2733/619
f 329/2859/329 165/2829/165 581/1930/581
vt 0.210083 0.917114
f 639/1622/639 385/2881/385 436/1623/436
vt 0.181396 0.593140
vt 0.181519 0.593018
vt 0.181305 0.593262
f 546/2882/546 509/2883/509 497/2884/497
vt 0.210758 0.916996
vt 0.210690 0.917049
vt 0.210640 0.917061
f 385/2885/385 639/2886/639 593/2887/593
vt 0.000000 0.298828
f 64/2575/64 120/2574/120 370/2888/370
vt 0.015488 0.283829
f 584/1489/584 64/1488/64 467/2889/467
vt 0.181427 0.593140
vt 0.181335 0.593262
f 546/2884/546 640/2890/640 509/2891/509
vt 0.250488 0.683594
vt 0.250610 0.685059
vt 0.250488 0.685547
f 647/2892/647 641/2893/641 546/2894/546
vt 0.481873 0.429291
f 642/2895/642 409/1076/409 215/1075/215
vt 0.879059 0.531250
f 575/1873/575 163/1872/163 513/2896/513
vt 0.879135 0.531250
vt 0.879059 0.531250
f 424/2896/424 575/2897/575 513/2898/513
vt 0.374716 0.453359
f 329/2776/329 196/2899/196 389/2777/389
vt 0.482147 0.429047
vt 0.482147 0.429016
f 642/40/642 352/2900/352 88/2901/88
vt 0.772461 0.000000
vt 0.772217 0.000244
vt 0.771484 0.000000
f 611/2902/611 176/2903/176 531/2904/531
vt 0.770020 0.000488
vt 0.768677 0.000610
vt 0.769043 0.000488
f 611/2905/611 35/2906/35 176/2907/176
vt 0.528320 0.627075
vt 0.528259 0.627106
vt 0.528809 0.626709
f 407/2908/407 643/2909/643 491/2910/491
vt 0.527039 0.628021
vt 0.527283 0.627838
vt 0.527344 0.627808
f 408/2911/408 643/2912/643 407/2913/407
vt 0.527130 0.627945
f 643/2912/643 408/2911/408 88/2914/88
vt 0.210747 0.916801
vt 0.210022 0.917053
vt 0.210739 0.916794
f 547/2915/547 129/2916/129 594/2917/594
vt 0.210373 0.916916
f 639/2917/639 547/2918/547 594/2226/594
vt 0.098389 0.998657
f 116/821/116 644/823/644 391/2919/391
vt 0.173553 0.763397
f 257/1767/257 645/2920/645 547/1424/547
vt 0.172729 0.764526
f 645/1425/645 257/2921/257 465/1426/465
f 645/1452/645 254/2645/254 610/1453/610
vt 0.524109 0.630066
vt 0.523804 0.630341
vt 0.524170 0.630005
f 88/2922/88 632/2923/632 588/2924/588
vt 0.482002 0.429367
f 642/1072/642 88/2925/88 588/1073/588
f 352/2900/352 643/42/643 88/2901/88
vt 0.482224 0.429169
f 111/902/111 353/904/353 646/2926/646
vt 0.244301 0.756905
vt 0.244354 0.756927
f 647/2927/647 136/2928/136 641/2646/641
vt 0.482452 0.429138
f 215/901/215 352/900/352 642/2929/642
vt 0.482117 0.429077
f 646/905/646 353/2930/353 491/41/491
vt 0.534729 0.277649
f 199/1221/199 646/1223/646 352/2931/352
vt 0.010254 0.922119
vt 0.008545 0.922241
vt 0.007568 0.922241
f 644/2932/644 648/2933/648 391/2934/391
vt 0.000244 0.930420
f 473/803/473 648/805/648 644/2935/644
vt 0.009033 0.921997
f 648/2311/648 628/2310/628 391/2936/391
vt 0.684326 0.448486
vt 0.684570 0.448730
vt 0.684204 0.448608
f 174/2937/174 564/2938/564 650/2939/650
vt 0.774597 0.444946
vt 0.774536 0.445068
f 649/2940/649 619/2941/619 564/2718/564
vt 0.544128 0.266510
vt 0.544067 0.266663
vt 0.544067 0.266541
f 20/2942/20 478/2943/478 239/2944/239
vt 0.543579 0.266968
vt 0.543579 0.266907
f 20/2945/20 239/1298/239 345/2946/345
vt 0.682373 0.449219
f 174/1806/174 187/2947/187 649/1807/649
vt 0.684082 0.448730
f 650/2939/650 564/2938/564 234/2948/234
vt 0.643524 0.656250
f 174/1729/174 151/1728/151 187/2949/187
vt 0.911194 0.001892
vt 0.913086 0.000977
vt 0.911133 0.001953
f 569/2950/569 368/2951/368 367/2952/367
vt 0.912170 0.001892
vt 0.912109 0.001953
f 31/2952/31 569/2953/569 367/2954/367
vt 0.908203 0.004395
vt 0.908325 0.003906
vt 0.908203 0.004883
f 66/2955/66 176/2956/176 569/2957/569
vt 0.908386 0.003906
vt 0.908447 0.003906
f 66/2958/66 569/2959/569 177/2957/177
vt 0.515747 0.817139
vt 0.515625 0.817383
vt 0.515747 0.816650
f 651/2960/651 60/2961/60 235/2962/235
vt 0.516022 0.815491
vt 0.516068 0.815460
vt 0.515991 0.815674
f 538/2963/538 651/2964/651 235/2965/235
vt 0.516632 0.816956
vt 0.516663 0.817017
vt 0.516602 0.817139
f 651/2966/651 538/2967/538 612/2968/612
vt 0.484863 0.990723
vt 0.484375 0.991211
vt 0.484863 0.990723
f 328/2969/328 585/2970/585 445/2971/445
vt 0.484375 0.990234
vt 0.484375 0.990234
f 590/2971/590 328/2972/328 445/2973/445
vt 0.476135 0.992737
vt 0.476013 0.993103
vt 0.476074 0.992676
f 315/2974/315 651/2975/651 191/2976/191
vt 0.475922 0.993256
vt 0.475830 0.993408
f 315/2977/315 191/2978/191 394/2976/394
vt 0.475220 0.995239
vt 0.475098 0.995117
vt 0.475220 0.995239
f 328/2979/328 192/2980/192 191/2981/191
vt 0.473633 0.997070
f 635/2870/635 328/2982/328 191/2871/191
# 1204 faces, 2982 coords texture

# End of File
