####
#
# OBJ File Generated by Meshlab
#
####
# Object flat_v3452.obj
#
# Vertices: 3452
# Faces: 6679
#
####
mtllib ./flat_v3452.obj.mtl

vn 0.000000 1.000000 0.000000
v -1.000000 0.000000 1.000000
vn 0.000000 1.000000 0.000000
v 1.000000 0.000000 1.000000
vn 0.000000 1.000000 0.000000
v -1.000000 0.000000 -1.000000
vn 0.000000 1.000000 0.000000
v 1.000000 0.000000 -1.000000
vn 0.000000 1.000000 0.000000
v 1.000000 0.000000 0.944359
vn 0.000000 1.000000 0.000000
v 0.535794 0.000000 -1.000000
vn 0.000000 1.000000 0.000000
v 0.110626 0.000000 1.000000
vn 0.000000 1.000000 0.000000
v 0.199235 0.000000 -0.522717
vn 0.000000 1.000000 0.000000
v -0.179535 0.000000 -1.000000
vn 0.000000 1.000000 0.000000
v 1.000000 0.000000 0.140808
vn 0.000000 1.000000 0.000000
v 0.210297 0.000000 -1.000000
vn 0.000000 1.000000 0.000000
v -0.251477 0.000000 -0.132778
vn 0.000000 1.000000 0.000000
v -1.000000 0.000000 0.380051
vn 0.000000 1.000000 0.000000
v 1.000000 0.000000 -0.560371
vn 0.000000 1.000000 0.000000
v 0.720357 0.000000 -0.523455
vn 0.000000 1.000000 0.000000
v 0.833391 0.000000 -0.468584
vn 0.000000 1.000000 0.000000
v 0.001911 0.000000 0.707965
vn 0.000000 1.000000 0.000000
v -0.280649 0.000000 1.000000
vn 0.000000 1.000000 0.000000
v -0.522217 0.000000 -1.000000
vn 0.000000 1.000000 0.000000
v 0.486085 0.000000 -0.736723
vn 0.000000 1.000000 0.000000
v -1.000000 0.000000 0.929592
vn 0.000000 1.000000 0.000000
v -0.451976 0.000000 1.000000
vn 0.000000 1.000000 0.000000
v -0.522657 0.000000 1.000000
vn 0.000000 1.000000 0.000000
v -0.684082 0.000000 -1.000000
vn 0.000000 1.000000 0.000000
v -0.936407 0.000000 0.153752
vn 0.000000 1.000000 0.000000
v -0.694196 0.000000 0.898911
vn 0.000000 1.000000 0.000000
v -0.138544 0.000000 1.000000
vn 0.000000 1.000000 0.000000
v 0.774694 0.000000 0.330025
vn 0.000000 1.000000 0.000000
v 0.508258 0.000000 -0.131151
vn 0.000000 1.000000 0.000000
v -0.467075 0.000000 0.529254
vn 0.000000 1.000000 0.000000
v 0.206999 0.000000 -0.380906
vn 0.000000 1.000000 0.000000
v 0.582936 0.000000 0.063695
vn 0.000000 1.000000 0.000000
v 0.370440 0.000000 -0.542730
vn 0.000000 1.000000 0.000000
v 0.425305 0.000000 0.184073
vn 0.000000 1.000000 0.000000
v 0.429472 0.000000 0.933350
vn 0.000000 1.000000 0.000000
v -0.929520 0.000000 -0.407635
vn 0.000000 1.000000 0.000000
v 0.303895 0.000000 -0.111117
vn 0.000000 1.000000 0.000000
v -0.785587 0.000000 1.000000
vn 0.000000 1.000000 0.000000
v -0.778981 0.000000 0.864449
vn 0.000000 1.000000 0.000000
v -0.864957 0.000000 0.523476
vn 0.000000 1.000000 0.000000
v 1.000000 0.000000 0.371359
vn 0.000000 1.000000 0.000000
v 1.000000 0.000000 -0.948440
vn 0.000000 1.000000 0.000000
v -0.247041 0.000000 0.685940
vn 0.000000 1.000000 0.000000
v 0.731566 0.000000 0.393311
vn 0.000000 1.000000 0.000000
v 0.320613 0.000000 0.923838
vn 0.000000 1.000000 0.000000
v -0.849564 0.000000 -0.762667
vn 0.000000 1.000000 0.000000
v 0.302394 0.000000 0.613162
vn 0.000000 1.000000 0.000000
v -1.000000 0.000000 -0.214355
vn 0.000000 1.000000 0.000000
v 1.000000 0.000000 -0.430435
vn 0.000000 1.000000 0.000000
v -0.677785 0.000000 -0.605242
vn 0.000000 1.000000 0.000000
v -0.018745 0.000000 -1.000000
vn 0.000000 1.000000 0.000000
v -0.320345 0.000000 -0.867284
vn 0.000000 1.000000 0.000000
v -0.464625 0.000000 -0.965813
vn 0.000000 1.000000 0.000000
v 0.889214 0.000000 0.623625
vn 0.000000 1.000000 0.000000
v 1.000000 0.000000 -0.111723
vn 0.000000 1.000000 0.000000
v 0.196722 0.000000 -0.014208
vn 0.000000 1.000000 0.000000
v -0.970077 0.000000 -0.846725
vn 0.000000 1.000000 0.000000
v -1.000000 0.000000 -0.142761
vn 0.000000 1.000000 0.000000
v -1.000000 0.000000 0.303055
vn 0.000000 1.000000 0.000000
v -0.578318 0.000000 0.847834
vn 0.000000 1.000000 0.000000
v -0.675189 0.000000 1.000000
vn 0.000000 1.000000 0.000000
v 0.387634 0.000000 -1.000000
vn 0.000000 1.000000 0.000000
v 0.467056 0.000000 -1.000000
vn 0.000000 1.000000 0.000000
v 0.626676 0.000000 -0.858511
vn 0.000000 1.000000 0.000000
v -0.878043 0.000000 -0.335655
vn 0.000000 1.000000 0.000000
v -0.027377 0.000000 0.644500
vn 0.000000 1.000000 0.000000
v -0.072342 0.000000 1.000000
vn 0.000000 1.000000 0.000000
v -0.335112 0.000000 -0.663288
vn 0.000000 1.000000 0.000000
v 0.836392 0.000000 -0.168774
vn 0.000000 1.000000 0.000000
v -0.637163 0.000000 0.645386
vn 0.000000 1.000000 0.000000
v -0.261500 0.000000 -0.319395
vn 0.000000 1.000000 0.000000
v -0.880589 0.000000 -1.000000
vn 0.000000 1.000000 0.000000
v -0.242376 0.000000 -0.294394
vn 0.000000 1.000000 0.000000
v -0.644531 0.000000 -1.000000
vn 0.000000 1.000000 0.000000
v -0.405245 0.000000 0.801281
vn 0.000000 1.000000 0.000000
v -0.106409 0.000000 0.823353
vn 0.000000 1.000000 0.000000
v 0.539314 0.000000 -0.230950
vn 0.000000 1.000000 0.000000
v 0.618256 0.000000 -1.000000
vn 0.000000 1.000000 0.000000
v 0.064665 0.000000 0.780959
vn 0.000000 1.000000 0.000000
v 0.055946 0.000000 0.329353
vn 0.000000 1.000000 0.000000
v 0.084190 0.000000 -0.231857
vn 0.000000 1.000000 0.000000
v 0.657627 0.000000 0.234084
vn 0.000000 1.000000 0.000000
v -1.000000 0.000000 -0.765339
vn 0.000000 1.000000 0.000000
v -0.107356 0.000000 -0.169495
vn 0.000000 1.000000 0.000000
v 0.029741 0.000000 -0.901500
vn 0.000000 1.000000 0.000000
v -0.890612 0.000000 -0.878460
vn 0.000000 1.000000 0.000000
v 0.200784 0.000000 -0.116183
vn 0.000000 1.000000 0.000000
v -0.215169 0.000000 -0.633766
vn 0.000000 1.000000 0.000000
v -0.935249 0.000000 -0.026040
vn 0.000000 1.000000 0.000000
v 0.963654 0.000000 0.326197
vn 0.000000 1.000000 0.000000
v 0.463176 0.000000 0.727951
vn 0.000000 1.000000 0.000000
v -0.866015 0.000000 -0.728757
vn 0.000000 1.000000 0.000000
v 0.580628 0.000000 -0.825069
vn 0.000000 1.000000 0.000000
v 0.862727 0.000000 -0.857338
vn 0.000000 1.000000 0.000000
v 0.929744 0.000000 0.728515
vn 0.000000 1.000000 0.000000
v 0.481962 0.000000 0.791913
vn 0.000000 1.000000 0.000000
v 0.520285 0.000000 -0.090741
vn 0.000000 1.000000 0.000000
v 0.904471 0.000000 0.032778
vn 0.000000 1.000000 0.000000
v 0.456011 0.000000 0.864964
vn 0.000000 1.000000 0.000000
v 0.615413 0.000000 -0.955772
vn 0.000000 1.000000 0.000000
v 0.559791 0.000000 0.647318
vn 0.000000 1.000000 0.000000
v 0.294160 0.000000 0.312233
vn 0.000000 1.000000 0.000000
v 0.334523 0.000000 -0.316589
vn 0.000000 1.000000 0.000000
v -0.246362 0.000000 -0.395618
vn 0.000000 1.000000 0.000000
v 0.664075 0.000000 -0.598880
vn 0.000000 1.000000 0.000000
v -0.506889 0.000000 0.391071
vn 0.000000 1.000000 0.000000
v 0.183240 0.000000 0.601370
vn 0.000000 1.000000 0.000000
v 0.572410 0.000000 -0.657020
vn 0.000000 1.000000 0.000000
v 0.330754 0.000000 -0.730324
vn 0.000000 1.000000 0.000000
v 0.028380 0.000000 -0.635731
vn 0.000000 1.000000 0.000000
v 0.387774 0.000000 -0.139703
vn 0.000000 1.000000 0.000000
v 0.274897 0.000000 0.179294
vn 0.000000 1.000000 0.000000
v -0.357876 0.000000 0.132130
vn 0.000000 1.000000 0.000000
v 0.766388 0.000000 -0.329599
vn 0.000000 1.000000 0.000000
v -0.826221 0.000000 -0.512663
vn 0.000000 1.000000 0.000000
v -0.399093 0.000000 -0.533793
vn 0.000000 1.000000 0.000000
v 0.703052 0.000000 0.789176
vn 0.000000 1.000000 0.000000
v -0.607435 0.000000 0.423733
vn 0.000000 1.000000 0.000000
v -0.713894 0.000000 -0.475651
vn 0.000000 1.000000 0.000000
v -0.411751 0.000000 -0.850409
vn 0.000000 1.000000 0.000000
v 0.270475 0.000000 -0.421577
vn 0.000000 1.000000 0.000000
v -0.707002 0.000000 -0.232250
vn 0.000000 1.000000 0.000000
v 0.025095 0.000000 0.934146
vn 0.000000 1.000000 0.000000
v -0.751505 0.000000 0.929100
vn 0.000000 1.000000 0.000000
v 0.097390 0.000000 -0.619467
vn 0.000000 1.000000 0.000000
v -0.094696 0.000000 -0.435639
vn 0.000000 1.000000 0.000000
v 0.786544 0.000000 0.859374
vn 0.000000 1.000000 0.000000
v -0.056020 0.000000 -0.774580
vn 0.000000 1.000000 0.000000
v 0.535089 0.000000 0.202503
vn 0.000000 1.000000 0.000000
v 0.280895 0.000000 -0.674366
vn 0.000000 1.000000 0.000000
v -0.742124 0.000000 -0.805585
vn 0.000000 1.000000 0.000000
v -0.759321 0.000000 -0.690068
vn 0.000000 1.000000 0.000000
v -0.724687 0.000000 -0.670362
vn 0.000000 1.000000 0.000000
v -0.936867 0.000000 0.512283
vn 0.000000 1.000000 0.000000
v 0.127937 0.000000 -0.226282
vn 0.000000 1.000000 0.000000
v 0.870743 0.000000 0.107948
vn 0.000000 1.000000 0.000000
v 1.000000 0.000000 0.211487
vn 0.000000 1.000000 0.000000
v -0.208794 0.000000 0.705148
vn 0.000000 1.000000 0.000000
v -1.000000 0.000000 -0.633854
vn 0.000000 1.000000 0.000000
v -0.747416 0.000000 -0.168462
vn 0.000000 1.000000 0.000000
v 0.926589 0.000000 -0.041882
vn 0.000000 1.000000 0.000000
v -0.645064 0.000000 -0.605772
vn 0.000000 1.000000 0.000000
v -0.819847 0.000000 -1.000000
vn 0.000000 1.000000 0.000000
v -0.184167 0.000000 0.508980
vn 0.000000 1.000000 0.000000
v 0.239615 0.000000 1.000000
vn 0.000000 1.000000 0.000000
v 0.325566 0.000000 1.000000
vn 0.000000 1.000000 0.000000
v -0.076350 0.000000 0.175994
vn 0.000000 1.000000 0.000000
v 0.457781 0.000000 -0.869564
vn 0.000000 1.000000 0.000000
v -0.873469 0.000000 0.010183
vn 0.000000 1.000000 0.000000
v -0.375183 0.000000 1.000000
vn 0.000000 1.000000 0.000000
v -1.000000 0.000000 -0.339188
vn 0.000000 1.000000 0.000000
v -1.000000 0.000000 -0.275742
vn 0.000000 1.000000 0.000000
v -1.000000 0.000000 0.491882
vn 0.000000 1.000000 0.000000
v 1.000000 0.000000 0.870086
vn 0.000000 1.000000 0.000000
v 1.000000 0.000000 0.810637
vn 0.000000 1.000000 0.000000
v 1.000000 0.000000 0.770343
vn 0.000000 1.000000 0.000000
v 0.759072 0.000000 -1.000000
vn 0.000000 1.000000 0.000000
v -1.000000 0.000000 -0.562744
vn 0.000000 1.000000 0.000000
v 0.651044 0.000000 -0.534008
vn 0.000000 1.000000 0.000000
v 0.906281 0.000000 -0.196093
vn 0.000000 1.000000 0.000000
v 0.967630 0.000000 -0.089462
vn 0.000000 1.000000 0.000000
v 0.796712 0.000000 -0.020926
vn 0.000000 1.000000 0.000000
v -1.000000 0.000000 -0.947090
vn 0.000000 1.000000 0.000000
v 0.264131 0.000000 0.884219
vn 0.000000 1.000000 0.000000
v -1.000000 0.000000 0.114502
vn 0.000000 1.000000 0.000000
v 1.000000 0.000000 0.569042
vn 0.000000 1.000000 0.000000
v -0.312842 0.000000 0.439791
vn 0.000000 1.000000 0.000000
v 0.312383 0.000000 -0.611874
vn 0.000000 1.000000 0.000000
v 0.827481 0.000000 0.839223
vn 0.000000 1.000000 0.000000
v 0.741815 0.000000 -0.846795
vn 0.000000 1.000000 0.000000
v -0.754532 0.000000 0.112606
vn 0.000000 1.000000 0.000000
v 0.727092 0.000000 0.210296
vn 0.000000 1.000000 0.000000
v 0.198023 0.000000 -0.303698
vn 0.000000 1.000000 0.000000
v 0.525904 0.000000 0.455047
vn 0.000000 1.000000 0.000000
v -0.381156 0.000000 0.012316
vn 0.000000 1.000000 0.000000
v -0.859214 0.000000 -0.400987
vn 0.000000 1.000000 0.000000
v -0.054697 0.000000 0.574656
vn 0.000000 1.000000 0.000000
v 0.016090 0.000000 0.584084
vn 0.000000 1.000000 0.000000
v -0.036918 0.000000 0.469020
vn 0.000000 1.000000 0.000000
v -0.200243 0.000000 1.000000
vn 0.000000 1.000000 0.000000
v -0.777869 0.000000 0.684897
vn 0.000000 1.000000 0.000000
v 0.775234 0.000000 -0.255345
vn 0.000000 1.000000 0.000000
v -0.584243 0.000000 0.737793
vn 0.000000 1.000000 0.000000
v 1.000000 0.000000 -0.367950
vn 0.000000 1.000000 0.000000
v 0.441646 0.000000 -0.532209
vn 0.000000 1.000000 0.000000
v -0.449209 0.000000 -0.313272
vn 0.000000 1.000000 0.000000
v 0.774774 0.000000 -0.779393
vn 0.000000 1.000000 0.000000
v -0.425502 0.000000 0.006257
vn 0.000000 1.000000 0.000000
v -0.494142 0.000000 -0.435211
vn 0.000000 1.000000 0.000000
v 0.704256 0.000000 -0.283844
vn 0.000000 1.000000 0.000000
v 1.000000 0.000000 0.632463
vn 0.000000 1.000000 0.000000
v 0.543330 0.000000 0.771263
vn 0.000000 1.000000 0.000000
v 0.172345 0.000000 -0.047609
vn 0.000000 1.000000 0.000000
v 0.347327 0.000000 0.369536
vn 0.000000 1.000000 0.000000
v -0.695622 0.000000 -0.889695
vn 0.000000 1.000000 0.000000
v -0.132780 0.000000 0.120558
vn 0.000000 1.000000 0.000000
v -0.507036 0.000000 -0.360835
vn 0.000000 1.000000 0.000000
v -0.180250 0.000000 -0.878538
vn 0.000000 1.000000 0.000000
v 0.078125 0.000000 0.890273
vn 0.000000 1.000000 0.000000
v 1.000000 0.000000 -0.886520
vn 0.000000 1.000000 0.000000
v -0.364945 0.000000 -0.685546
vn 0.000000 1.000000 0.000000
v 0.867243 0.000000 1.000000
vn 0.000000 1.000000 0.000000
v -0.439084 0.000000 0.500705
vn 0.000000 1.000000 0.000000
v -0.363922 0.000000 -1.000000
vn 0.000000 1.000000 0.000000
v -0.293294 0.000000 -0.179044
vn 0.000000 1.000000 0.000000
v 0.684473 0.000000 -1.000000
vn 0.000000 1.000000 0.000000
v 0.116937 0.000000 -0.162817
vn 0.000000 1.000000 0.000000
v 0.794378 0.000000 1.000000
vn 0.000000 1.000000 0.000000
v 0.132432 0.000000 0.705037
vn 0.000000 1.000000 0.000000
v -0.162614 0.000000 -0.675107
vn 0.000000 1.000000 0.000000
v -0.215812 0.000000 -0.062592
vn 0.000000 1.000000 0.000000
v -0.078209 0.000000 -0.830015
vn 0.000000 1.000000 0.000000
v 0.202610 0.000000 -0.932903
vn 0.000000 1.000000 0.000000
v 0.882408 0.000000 0.416860
vn 0.000000 1.000000 0.000000
v -0.300645 0.000000 -0.474446
vn 0.000000 1.000000 0.000000
v -0.817899 0.000000 -0.959768
vn 0.000000 1.000000 0.000000
v 0.537337 0.000000 0.579760
vn 0.000000 1.000000 0.000000
v 0.376231 0.000000 0.256016
vn 0.000000 1.000000 0.000000
v -0.218439 0.000000 0.216663
vn 0.000000 1.000000 0.000000
v -0.087451 0.000000 -0.753562
vn 0.000000 1.000000 0.000000
v -0.824828 0.000000 0.732140
vn 0.000000 1.000000 0.000000
v 0.164557 0.000000 -0.627062
vn 0.000000 1.000000 0.000000
v 0.635092 0.000000 -0.320147
vn 0.000000 1.000000 0.000000
v 0.597844 0.000000 0.530241
vn 0.000000 1.000000 0.000000
v -0.300288 0.000000 -0.366474
vn 0.000000 1.000000 0.000000
v -0.621727 0.000000 0.151827
vn 0.000000 1.000000 0.000000
v 0.860349 0.000000 0.718504
vn 0.000000 1.000000 0.000000
v 0.713250 0.000000 -0.216558
vn 0.000000 1.000000 0.000000
v 0.830935 0.000000 0.650924
vn 0.000000 1.000000 0.000000
v 0.592687 0.000000 0.457787
vn 0.000000 1.000000 0.000000
v -0.474953 0.000000 0.211256
vn 0.000000 1.000000 0.000000
v 0.571447 0.000000 0.709995
vn 0.000000 1.000000 0.000000
v -0.874425 0.000000 -0.058440
vn 0.000000 1.000000 0.000000
v 0.739054 0.000000 0.547901
vn 0.000000 1.000000 0.000000
v 0.608758 0.000000 0.181877
vn 0.000000 1.000000 0.000000
v 0.253515 0.000000 0.444065
vn 0.000000 1.000000 0.000000
v -0.811762 0.000000 -0.821328
vn 0.000000 1.000000 0.000000
v -0.542642 0.000000 -0.202135
vn 0.000000 1.000000 0.000000
v 0.926641 0.000000 -0.523304
vn 0.000000 1.000000 0.000000
v -0.070669 0.000000 0.414301
vn 0.000000 1.000000 0.000000
v 0.335083 0.000000 -0.380824
vn 0.000000 1.000000 0.000000
v -0.878247 0.000000 0.675040
vn 0.000000 1.000000 0.000000
v -0.013927 0.000000 -0.642854
vn 0.000000 1.000000 0.000000
v -0.249714 0.000000 0.547996
vn 0.000000 1.000000 0.000000
v -0.063119 0.000000 0.259819
vn 0.000000 1.000000 0.000000
v -0.706647 0.000000 0.660204
vn 0.000000 1.000000 0.000000
v 0.481877 0.000000 1.000000
vn 0.000000 1.000000 0.000000
v -0.964408 0.000000 -0.580599
vn 0.000000 1.000000 0.000000
v 0.922604 0.000000 -0.594271
vn 0.000000 1.000000 0.000000
v 0.965128 0.000000 -0.406579
vn 0.000000 1.000000 0.000000
v -0.586307 0.000000 -0.089593
vn 0.000000 1.000000 0.000000
v -0.134914 0.000000 0.960815
vn 0.000000 1.000000 0.000000
v -0.564323 0.000000 0.646223
vn 0.000000 1.000000 0.000000
v 0.769939 0.000000 0.816081
vn 0.000000 1.000000 0.000000
v 0.140704 0.000000 -0.481944
vn 0.000000 1.000000 0.000000
v 0.735796 0.000000 -0.399935
vn 0.000000 1.000000 0.000000
v -0.550517 0.000000 0.254490
vn 0.000000 1.000000 0.000000
v -0.170186 0.000000 -0.298912
vn 0.000000 1.000000 0.000000
v -0.312257 0.000000 -0.261967
vn 0.000000 1.000000 0.000000
v 0.661595 0.000000 0.425722
vn 0.000000 1.000000 0.000000
v 0.192685 0.000000 0.312381
vn 0.000000 1.000000 0.000000
v -0.770018 0.000000 -0.355376
vn 0.000000 1.000000 0.000000
v 0.067322 0.000000 1.000000
vn 0.000000 1.000000 0.000000
v -0.419420 0.000000 0.566491
vn 0.000000 1.000000 0.000000
v 0.208685 0.000000 -0.686664
vn 0.000000 1.000000 0.000000
v -0.697645 0.000000 0.168776
vn 0.000000 1.000000 0.000000
v 0.834172 0.000000 0.166673
vn 0.000000 1.000000 0.000000
v 0.430598 0.000000 -0.404453
vn 0.000000 1.000000 0.000000
v 0.045922 0.000000 -0.236008
vn 0.000000 1.000000 0.000000
v 0.072555 0.000000 -0.317193
vn 0.000000 1.000000 0.000000
v 0.682983 0.000000 0.160195
vn 0.000000 1.000000 0.000000
v -0.961040 0.000000 0.436971
vn 0.000000 1.000000 0.000000
v 0.959388 0.000000 -0.476201
vn 0.000000 1.000000 0.000000
v 0.819765 0.000000 0.329035
vn 0.000000 1.000000 0.000000
v 0.466847 0.000000 0.604087
vn 0.000000 1.000000 0.000000
v 0.969731 0.000000 0.664972
vn 0.000000 1.000000 0.000000
v 0.934901 0.000000 0.495297
vn 0.000000 1.000000 0.000000
v 0.973708 0.000000 0.264384
vn 0.000000 1.000000 0.000000
v 0.782497 0.000000 -0.968288
vn 0.000000 1.000000 0.000000
v -0.732064 0.000000 0.040239
vn 0.000000 1.000000 0.000000
v -0.720929 0.000000 -0.035200
vn 0.000000 1.000000 0.000000
v -0.754623 0.000000 -0.598493
vn 0.000000 1.000000 0.000000
v 0.967329 0.000000 -0.226509
vn 0.000000 1.000000 0.000000
v 0.271378 0.000000 0.012281
vn 0.000000 1.000000 0.000000
v 0.220371 0.000000 0.071094
vn 0.000000 1.000000 0.000000
v 0.186597 0.000000 0.068636
vn 0.000000 1.000000 0.000000
v 0.149019 0.000000 0.255157
vn 0.000000 1.000000 0.000000
v -0.228064 0.000000 -0.566468
vn 0.000000 1.000000 0.000000
v -0.302103 0.000000 0.807981
vn 0.000000 1.000000 0.000000
v -0.808818 0.000000 0.857229
vn 0.000000 1.000000 0.000000
v 0.224742 0.000000 0.724154
vn 0.000000 1.000000 0.000000
v 0.144898 0.000000 -0.394292
vn 0.000000 1.000000 0.000000
v -0.519243 0.000000 0.760919
vn 0.000000 1.000000 0.000000
v 0.430429 0.000000 -0.624724
vn 0.000000 1.000000 0.000000
v 0.046874 0.000000 0.492878
vn 0.000000 1.000000 0.000000
v -0.156251 0.000000 -0.928933
vn 0.000000 1.000000 0.000000
v -0.670895 0.000000 -0.346968
vn 0.000000 1.000000 0.000000
v -0.660255 0.000000 -0.272835
vn 0.000000 1.000000 0.000000
v -0.634627 0.000000 -0.240648
vn 0.000000 1.000000 0.000000
v -0.837292 0.000000 -0.235581
vn 0.000000 1.000000 0.000000
v -0.415121 0.000000 0.897604
vn 0.000000 1.000000 0.000000
v -0.333129 0.000000 -0.116139
vn 0.000000 1.000000 0.000000
v -0.668083 0.000000 -0.170160
vn 0.000000 1.000000 0.000000
v 0.132861 0.000000 -0.268928
vn 0.000000 1.000000 0.000000
v 0.010478 0.000000 -0.109738
vn 0.000000 1.000000 0.000000
v -0.076155 0.000000 -0.194520
vn 0.000000 1.000000 0.000000
v -0.057583 0.000000 -0.256781
vn 0.000000 1.000000 0.000000
v -0.675530 0.000000 -0.735949
vn 0.000000 1.000000 0.000000
v 0.499586 0.000000 0.931628
vn 0.000000 1.000000 0.000000
v 0.128057 0.000000 0.181555
vn 0.000000 1.000000 0.000000
v -0.070150 0.000000 -0.903470
vn 0.000000 1.000000 0.000000
v -0.961516 0.000000 -0.336146
vn 0.000000 1.000000 0.000000
v 0.376125 0.000000 0.875100
vn 0.000000 1.000000 0.000000
v -0.965504 0.000000 -0.127939
vn 0.000000 1.000000 0.000000
v 0.248719 0.000000 -0.061568
vn 0.000000 1.000000 0.000000
v 0.196290 0.000000 -0.261643
vn 0.000000 1.000000 0.000000
v 0.289371 0.000000 -0.174764
vn 0.000000 1.000000 0.000000
v 0.326160 0.000000 -0.233563
vn 0.000000 1.000000 0.000000
v 0.323124 0.000000 -0.039539
vn 0.000000 1.000000 0.000000
v 0.782682 0.000000 -0.056235
vn 0.000000 1.000000 0.000000
v 0.859771 0.000000 0.278757
vn 0.000000 1.000000 0.000000
v 0.236932 0.000000 -0.122218
vn 0.000000 1.000000 0.000000
v 0.363463 0.000000 -0.786408
vn 0.000000 1.000000 0.000000
v -0.881632 0.000000 0.345333
vn 0.000000 1.000000 0.000000
v 0.525538 0.000000 0.644311
vn 0.000000 1.000000 0.000000
v -0.699170 0.000000 0.799577
vn 0.000000 1.000000 0.000000
v -0.717873 0.000000 0.867790
vn 0.000000 1.000000 0.000000
v 0.054520 0.000000 -1.000000
vn 0.000000 1.000000 0.000000
v 1.000000 0.000000 0.704910
vn 0.000000 1.000000 0.000000
v 1.000000 0.000000 0.452851
vn 0.000000 1.000000 0.000000
v 1.000000 0.000000 0.296631
vn 0.000000 1.000000 0.000000
v 0.887509 0.000000 0.292950
vn 0.000000 1.000000 0.000000
v 0.968733 0.000000 0.194358
vn 0.000000 1.000000 0.000000
v 0.928958 0.000000 0.137624
vn 0.000000 1.000000 0.000000
v 0.879075 0.000000 -0.594176
vn 0.000000 1.000000 0.000000
v 0.841323 0.000000 -1.000000
vn 0.000000 1.000000 0.000000
v 0.903558 0.000000 -0.794412
vn 0.000000 1.000000 0.000000
v 0.706315 0.000000 -0.968398
vn 0.000000 1.000000 0.000000
v 0.812927 0.000000 0.453940
vn 0.000000 1.000000 0.000000
v 0.853476 0.000000 0.519035
vn 0.000000 1.000000 0.000000
v 0.734999 0.000000 0.273453
vn 0.000000 1.000000 0.000000
v 1.000000 0.000000 -0.290909
vn 0.000000 1.000000 0.000000
v 1.000000 0.000000 0.059784
vn 0.000000 1.000000 0.000000
v 0.965363 0.000000 -0.050207
vn 0.000000 1.000000 0.000000
v 1.000000 0.000000 -0.007759
vn 0.000000 1.000000 0.000000
v -0.021015 0.000000 -0.451491
vn 0.000000 1.000000 0.000000
v -0.638135 0.000000 -0.554412
vn 0.000000 1.000000 0.000000
v -0.804981 0.000000 -0.407959
vn 0.000000 1.000000 0.000000
v 0.357718 0.000000 0.932718
vn 0.000000 1.000000 0.000000
v 0.128443 0.000000 0.593991
vn 0.000000 1.000000 0.000000
v 0.351530 0.000000 0.686303
vn 0.000000 1.000000 0.000000
v 0.551748 0.000000 0.837674
vn 0.000000 1.000000 0.000000
v 0.565775 0.000000 -0.167639
vn 0.000000 1.000000 0.000000
v -0.972521 0.000000 -0.216370
vn 0.000000 1.000000 0.000000
v 0.390800 0.000000 -0.897844
vn 0.000000 1.000000 0.000000
v 0.357077 0.000000 -0.920698
vn 0.000000 1.000000 0.000000
v 0.335189 0.000000 -0.853091
vn 0.000000 1.000000 0.000000
v 0.420596 0.000000 -0.588156
vn 0.000000 1.000000 0.000000
v -0.877625 0.000000 0.263057
vn 0.000000 1.000000 0.000000
v -1.000000 0.000000 0.882565
vn 0.000000 1.000000 0.000000
v 1.000000 0.000000 -0.499191
vn 0.000000 1.000000 0.000000
v 0.911281 0.000000 -0.919113
vn 0.000000 1.000000 0.000000
v -0.322260 0.000000 1.000000
vn 0.000000 1.000000 0.000000
v -0.317781 0.000000 0.977250
vn 0.000000 1.000000 0.000000
v -0.701854 0.000000 -0.104469
vn 0.000000 1.000000 0.000000
v 0.248241 0.000000 -0.773988
vn 0.000000 1.000000 0.000000
v -0.093233 0.000000 -0.960496
vn 0.000000 1.000000 0.000000
v -0.384862 0.000000 -0.874378
vn 0.000000 1.000000 0.000000
v -0.317573 0.000000 0.654657
vn 0.000000 1.000000 0.000000
v 0.837777 0.000000 -0.794666
vn 0.000000 1.000000 0.000000
v 0.854299 0.000000 -0.024829
vn 0.000000 1.000000 0.000000
v 0.501889 0.000000 -0.641010
vn 0.000000 1.000000 0.000000
v 0.599026 0.000000 -0.730651
vn 0.000000 1.000000 0.000000
v -0.550697 0.000000 -0.671285
vn 0.000000 1.000000 0.000000
v 1.000000 0.000000 -0.247009
vn 0.000000 1.000000 0.000000
v 1.000000 0.000000 -0.073357
vn 0.000000 1.000000 0.000000
v 0.960026 0.000000 -0.156634
vn 0.000000 1.000000 0.000000
v 0.866870 0.000000 -0.102876
vn 0.000000 1.000000 0.000000
v 0.224381 0.000000 0.131489
vn 0.000000 1.000000 0.000000
v 0.084100 0.000000 -0.756557
vn 0.000000 1.000000 0.000000
v -0.743907 0.000000 -0.959924
vn 0.000000 1.000000 0.000000
v -0.748898 0.000000 -1.000000
vn 0.000000 1.000000 0.000000
v 0.283310 0.000000 -1.000000
vn 0.000000 1.000000 0.000000
v -0.645819 0.000000 0.130881
vn 0.000000 1.000000 0.000000
v -1.000000 0.000000 -0.098267
vn 0.000000 1.000000 0.000000
v -0.507438 0.000000 -0.899614
vn 0.000000 1.000000 0.000000
v 0.400817 0.000000 0.100144
vn 0.000000 1.000000 0.000000
v -1.000000 0.000000 0.186394
vn 0.000000 1.000000 0.000000
v -0.941199 0.000000 0.080123
vn 0.000000 1.000000 0.000000
v 0.402853 0.000000 -0.827803
vn 0.000000 1.000000 0.000000
v -0.251578 0.000000 0.102780
vn 0.000000 1.000000 0.000000
v -0.971108 0.000000 0.325458
vn 0.000000 1.000000 0.000000
v -1.000000 0.000000 0.259247
vn 0.000000 1.000000 0.000000
v -0.600711 0.000000 1.000000
vn 0.000000 1.000000 0.000000
v 0.413131 0.000000 -0.926686
vn 0.000000 1.000000 0.000000
v 0.347122 0.000000 -1.000000
vn 0.000000 1.000000 0.000000
v 0.163617 0.000000 -0.917735
vn 0.000000 1.000000 0.000000
v 0.138565 0.000000 -1.000000
vn 0.000000 1.000000 0.000000
v 0.733370 0.000000 0.008349
vn 0.000000 1.000000 0.000000
v 0.776396 0.000000 0.078150
vn 0.000000 1.000000 0.000000
v 0.789873 0.000000 0.224125
vn 0.000000 1.000000 0.000000
v 0.932955 0.000000 0.569613
vn 0.000000 1.000000 0.000000
v 0.963970 0.000000 0.505198
vn 0.000000 1.000000 0.000000
v 0.668547 0.000000 -0.037964
vn 0.000000 1.000000 0.000000
v 0.837987 0.000000 -0.705577
vn 0.000000 1.000000 0.000000
v 0.256441 0.000000 -0.741586
vn 0.000000 1.000000 0.000000
v 0.701487 0.000000 -0.849380
vn 0.000000 1.000000 0.000000
v 0.901132 0.000000 0.658385
vn 0.000000 1.000000 0.000000
v -0.144175 0.000000 -0.498106
vn 0.000000 1.000000 0.000000
v -0.065318 0.000000 -0.579940
vn 0.000000 1.000000 0.000000
v -0.185684 0.000000 0.586703
vn 0.000000 1.000000 0.000000
v 0.003176 0.000000 1.000000
vn 0.000000 1.000000 0.000000
v 0.612174 0.000000 0.604792
vn 0.000000 1.000000 0.000000
v 0.684632 0.000000 0.632197
vn 0.000000 1.000000 0.000000
v -0.247391 0.000000 0.870869
vn 0.000000 1.000000 0.000000
v -0.255427 0.000000 0.944083
vn 0.000000 1.000000 0.000000
v 0.284575 0.000000 0.385270
vn 0.000000 1.000000 0.000000
v -0.668424 0.000000 0.204408
vn 0.000000 1.000000 0.000000
v 0.743226 0.000000 -0.455078
vn 0.000000 1.000000 0.000000
v 0.952602 0.000000 -0.686857
vn 0.000000 1.000000 0.000000
v 0.966648 0.000000 -0.649037
vn 0.000000 1.000000 0.000000
v 0.556370 0.000000 0.515809
vn 0.000000 1.000000 0.000000
v 0.559320 0.000000 0.402889
vn 0.000000 1.000000 0.000000
v -0.343061 0.000000 0.576747
vn 0.000000 1.000000 0.000000
v -0.462692 0.000000 0.339806
vn 0.000000 1.000000 0.000000
v -0.770329 0.000000 -0.568132
vn 0.000000 1.000000 0.000000
v 0.314849 0.000000 -0.264028
vn 0.000000 1.000000 0.000000
v -0.854204 0.000000 -0.668481
vn 0.000000 1.000000 0.000000
v 0.134616 0.000000 0.449921
vn 0.000000 1.000000 0.000000
v 0.217149 0.000000 0.449302
vn 0.000000 1.000000 0.000000
v -1.000000 0.000000 -0.507904
vn 0.000000 1.000000 0.000000
v -0.965470 0.000000 -0.437563
vn 0.000000 1.000000 0.000000
v -1.000000 0.000000 -0.424606
vn 0.000000 1.000000 0.000000
v -0.852750 0.000000 -0.272829
vn 0.000000 1.000000 0.000000
v -0.163632 0.000000 0.321122
vn 0.000000 1.000000 0.000000
v -0.716799 0.000000 0.736047
vn 0.000000 1.000000 0.000000
v -0.968269 0.000000 0.913177
vn 0.000000 1.000000 0.000000
v -0.876433 0.000000 0.872302
vn 0.000000 1.000000 0.000000
v 0.418918 0.000000 -0.269611
vn 0.000000 1.000000 0.000000
v -0.189046 0.000000 0.377480
vn 0.000000 1.000000 0.000000
v -0.612423 0.000000 -0.737523
vn 0.000000 1.000000 0.000000
v -0.272821 0.000000 0.173713
vn 0.000000 1.000000 0.000000
v 0.806638 0.000000 -0.404995
vn 0.000000 1.000000 0.000000
v -0.290500 0.000000 0.249551
vn 0.000000 1.000000 0.000000
v -0.275775 0.000000 -0.613070
vn 0.000000 1.000000 0.000000
v -0.293864 0.000000 -0.582586
vn 0.000000 1.000000 0.000000
v -0.332151 0.000000 -0.734969
vn 0.000000 1.000000 0.000000
v 0.542680 0.000000 -0.470650
vn 0.000000 1.000000 0.000000
v 0.578294 0.000000 -0.404395
vn 0.000000 1.000000 0.000000
v 0.254319 0.000000 -0.227072
vn 0.000000 1.000000 0.000000
v -0.852684 0.000000 0.191475
vn 0.000000 1.000000 0.000000
v 0.800980 0.000000 -0.112280
vn 0.000000 1.000000 0.000000
v -0.648185 0.000000 0.704140
vn 0.000000 1.000000 0.000000
v -0.681055 0.000000 0.591317
vn 0.000000 1.000000 0.000000
v -0.645227 0.000000 0.777394
vn 0.000000 1.000000 0.000000
v -0.742016 0.000000 0.562330
vn 0.000000 1.000000 0.000000
v -0.777968 0.000000 0.585472
vn 0.000000 1.000000 0.000000
v 0.887226 0.000000 0.791051
vn 0.000000 1.000000 0.000000
v 0.712311 0.000000 0.858395
vn 0.000000 1.000000 0.000000
v -0.372166 0.000000 -0.401477
vn 0.000000 1.000000 0.000000
v 0.623495 0.000000 -0.606085
vn 0.000000 1.000000 0.000000
v -0.770947 0.000000 -0.881779
vn 0.000000 1.000000 0.000000
v -0.677073 0.000000 -0.858188
vn 0.000000 1.000000 0.000000
v -0.483253 0.000000 -0.709039
vn 0.000000 1.000000 0.000000
v -0.120911 0.000000 0.544704
vn 0.000000 1.000000 0.000000
v 0.578221 0.000000 -0.362626
vn 0.000000 1.000000 0.000000
v 0.199971 0.000000 0.519558
vn 0.000000 1.000000 0.000000
v -0.678758 0.000000 -0.797825
vn 0.000000 1.000000 0.000000
v 0.551805 0.000000 -0.596636
vn 0.000000 1.000000 0.000000
v 0.626568 0.000000 0.683559
vn 0.000000 1.000000 0.000000
v 0.635126 0.000000 0.761991
vn 0.000000 1.000000 0.000000
v 0.519207 0.000000 -0.710031
vn 0.000000 1.000000 0.000000
v -0.174146 0.000000 -0.442445
vn 0.000000 1.000000 0.000000
v -0.355925 0.000000 0.393340
vn 0.000000 1.000000 0.000000
v 0.345239 0.000000 0.184977
vn 0.000000 1.000000 0.000000
v -0.398769 0.000000 -0.369419
vn 0.000000 1.000000 0.000000
v -0.828033 0.000000 0.126140
vn 0.000000 1.000000 0.000000
v -0.321375 0.000000 0.122695
vn 0.000000 1.000000 0.000000
v 0.194093 0.000000 -0.558978
vn 0.000000 1.000000 0.000000
v 0.133012 0.000000 -0.559678
vn 0.000000 1.000000 0.000000
v -0.122696 0.000000 0.753192
vn 0.000000 1.000000 0.000000
v 0.228580 0.000000 0.942866
vn 0.000000 1.000000 0.000000
v 0.249733 0.000000 0.840163
vn 0.000000 1.000000 0.000000
v 0.838592 0.000000 -0.590876
vn 0.000000 1.000000 0.000000
v 0.336752 0.000000 0.628349
vn 0.000000 1.000000 0.000000
v -0.566506 0.000000 -0.407718
vn 0.000000 1.000000 0.000000
v 0.127665 0.000000 0.324231
vn 0.000000 1.000000 0.000000
v -0.890568 0.000000 -0.464543
vn 0.000000 1.000000 0.000000
v -0.477900 0.000000 0.140221
vn 0.000000 1.000000 0.000000
v -0.470775 0.000000 0.014854
vn 0.000000 1.000000 0.000000
v -0.333534 0.000000 -0.052939
vn 0.000000 1.000000 0.000000
v 0.265748 0.000000 0.599025
vn 0.000000 1.000000 0.000000
v -0.825315 0.000000 0.453177
vn 0.000000 1.000000 0.000000
v -0.901338 0.000000 0.744665
vn 0.000000 1.000000 0.000000
v 0.263469 0.000000 0.734247
vn 0.000000 1.000000 0.000000
v -0.924424 0.000000 0.815212
vn 0.000000 1.000000 0.000000
v 0.470619 0.000000 -0.469762
vn 0.000000 1.000000 0.000000
v 0.396783 0.000000 0.437960
vn 0.000000 1.000000 0.000000
v 0.209311 0.000000 0.651344
vn 0.000000 1.000000 0.000000
v -0.065173 0.000000 0.099651
vn 0.000000 1.000000 0.000000
v 0.649935 0.000000 0.842515
vn 0.000000 1.000000 0.000000
v -0.364900 0.000000 -0.478775
vn 0.000000 1.000000 0.000000
v 0.055853 0.000000 -0.569785
vn 0.000000 1.000000 0.000000
v -0.434391 0.000000 0.271761
vn 0.000000 1.000000 0.000000
v -0.816473 0.000000 -0.922118
vn 0.000000 1.000000 0.000000
v -0.578887 0.000000 0.515051
vn 0.000000 1.000000 0.000000
v -0.056089 0.000000 -0.504313
vn 0.000000 1.000000 0.000000
v -0.486115 0.000000 0.459674
vn 0.000000 1.000000 0.000000
v -0.579411 0.000000 0.810184
vn 0.000000 1.000000 0.000000
v 0.394895 0.000000 0.588334
vn 0.000000 1.000000 0.000000
v -0.771568 0.000000 -0.241445
vn 0.000000 1.000000 0.000000
v -0.262868 0.000000 -0.696219
vn 0.000000 1.000000 0.000000
v 0.337419 0.000000 0.561326
vn 0.000000 1.000000 0.000000
v 0.655736 0.000000 0.489783
vn 0.000000 1.000000 0.000000
v 0.465279 0.000000 0.484592
vn 0.000000 1.000000 0.000000
v 0.810203 0.000000 0.397232
vn 0.000000 1.000000 0.000000
v 0.776594 0.000000 0.454159
vn 0.000000 1.000000 0.000000
v 0.004771 0.000000 0.834674
vn 0.000000 1.000000 0.000000
v -0.695659 0.000000 0.310629
vn 0.000000 1.000000 0.000000
v -0.817448 0.000000 0.307591
vn 0.000000 1.000000 0.000000
v -0.018487 0.000000 0.212259
vn 0.000000 1.000000 0.000000
v -0.372600 0.000000 -0.617116
vn 0.000000 1.000000 0.000000
v -0.735714 0.000000 -0.300633
vn 0.000000 1.000000 0.000000
v -0.908557 0.000000 -0.691553
vn 0.000000 1.000000 0.000000
v 0.939844 0.000000 0.960784
vn 0.000000 1.000000 0.000000
v -0.913192 0.000000 -0.171830
vn 0.000000 1.000000 0.000000
v -0.841555 0.000000 -0.116807
vn 0.000000 1.000000 0.000000
v -1.000000 0.000000 0.760088
vn 0.000000 1.000000 0.000000
v -1.000000 0.000000 0.825734
vn 0.000000 1.000000 0.000000
v -0.738495 0.000000 -0.378614
vn 0.000000 1.000000 0.000000
v -0.541082 0.000000 0.869136
vn 0.000000 1.000000 0.000000
v -0.468344 0.000000 0.960177
vn 0.000000 1.000000 0.000000
v 0.710522 0.000000 0.893180
vn 0.000000 1.000000 0.000000
v 0.180676 0.000000 1.000000
vn 0.000000 1.000000 0.000000
v 0.939335 0.000000 0.918954
vn 0.000000 1.000000 0.000000
v 0.402001 0.000000 -0.475413
vn 0.000000 1.000000 0.000000
v -0.262539 0.000000 -1.000000
vn 0.000000 1.000000 0.000000
v -0.374470 0.000000 0.514955
vn 0.000000 1.000000 0.000000
v 0.838050 0.000000 -0.215772
vn 0.000000 1.000000 0.000000
v 0.576095 0.000000 -0.290864
vn 0.000000 1.000000 0.000000
v 0.514526 0.000000 -0.325173
vn 0.000000 1.000000 0.000000
v 0.131335 0.000000 -0.039419
vn 0.000000 1.000000 0.000000
v 0.211115 0.000000 0.787925
vn 0.000000 1.000000 0.000000
v 0.452100 0.000000 0.661243
vn 0.000000 1.000000 0.000000
v 0.548104 0.000000 1.000000
vn 0.000000 1.000000 0.000000
v -0.540713 0.000000 -0.810130
vn 0.000000 1.000000 0.000000
v -0.478106 0.000000 -0.832572
vn 0.000000 1.000000 0.000000
v 0.244485 0.000000 0.189935
vn 0.000000 1.000000 0.000000
v -0.096725 0.000000 -1.000000
vn 0.000000 1.000000 0.000000
v 0.038771 0.000000 0.384296
vn 0.000000 1.000000 0.000000
v 0.073313 0.000000 -0.508642
vn 0.000000 1.000000 0.000000
v -0.051787 0.000000 -0.421201
vn 0.000000 1.000000 0.000000
v -0.071925 0.000000 -0.366502
vn 0.000000 1.000000 0.000000
v -0.617628 0.000000 0.050215
vn 0.000000 1.000000 0.000000
v -0.627823 0.000000 0.269540
vn 0.000000 1.000000 0.000000
v 0.490883 0.000000 0.376134
vn 0.000000 1.000000 0.000000
v 0.420684 0.000000 0.357679
vn 0.000000 1.000000 0.000000
v 0.136909 0.000000 0.804860
vn 0.000000 1.000000 0.000000
v 0.693851 0.000000 0.447678
vn 0.000000 1.000000 0.000000
v 0.815576 0.000000 0.519005
vn 0.000000 1.000000 0.000000
v -0.777515 0.000000 0.179467
vn 0.000000 1.000000 0.000000
v 0.099475 0.000000 -0.684027
vn 0.000000 1.000000 0.000000
v -0.187962 0.000000 -0.265361
vn 0.000000 1.000000 0.000000
v -0.518125 0.000000 0.586935
vn 0.000000 1.000000 0.000000
v 0.835712 0.000000 0.956525
vn 0.000000 1.000000 0.000000
v 0.900929 0.000000 0.869088
vn 0.000000 1.000000 0.000000
v 0.868558 0.000000 0.553733
vn 0.000000 1.000000 0.000000
v 0.071811 0.000000 0.697529
vn 0.000000 1.000000 0.000000
v 0.034742 0.000000 0.767164
vn 0.000000 1.000000 0.000000
v 0.395578 0.000000 1.000000
vn 0.000000 1.000000 0.000000
v 0.806474 0.000000 0.258703
vn 0.000000 1.000000 0.000000
v 0.907054 0.000000 0.164964
vn 0.000000 1.000000 0.000000
v 0.508534 0.000000 -0.811133
vn 0.000000 1.000000 0.000000
v 0.586515 0.000000 0.254844
vn 0.000000 1.000000 0.000000
v 0.576414 0.000000 -0.894705
vn 0.000000 1.000000 0.000000
v 0.013161 0.000000 -0.767097
vn 0.000000 1.000000 0.000000
v 0.800406 0.000000 -0.711276
vn 0.000000 1.000000 0.000000
v 0.380237 0.000000 0.126270
vn 0.000000 1.000000 0.000000
v 0.454589 0.000000 0.215218
vn 0.000000 1.000000 0.000000
v 0.495532 0.000000 0.151230
vn 0.000000 1.000000 0.000000
v 0.511025 0.000000 -0.292588
vn 0.000000 1.000000 0.000000
v 0.813994 0.000000 -0.773072
vn 0.000000 1.000000 0.000000
v 1.000000 0.000000 -0.677137
vn 0.000000 1.000000 0.000000
v 1.000000 0.000000 -0.745736
vn 0.000000 1.000000 0.000000
v 0.352819 0.000000 -0.604667
vn 0.000000 1.000000 0.000000
v 0.240145 0.000000 -0.620352
vn 0.000000 1.000000 0.000000
v -0.254245 0.000000 -0.915988
vn 0.000000 1.000000 0.000000
v -0.842413 0.000000 0.008579
vn 0.000000 1.000000 0.000000
v 0.137990 0.000000 -0.350662
vn 0.000000 1.000000 0.000000
v -0.188467 0.000000 0.019614
vn 0.000000 1.000000 0.000000
v -0.131120 0.000000 -0.003413
vn 0.000000 1.000000 0.000000
v -0.593694 0.000000 -0.168451
vn 0.000000 1.000000 0.000000
v -0.004120 0.000000 -0.179448
vn 0.000000 1.000000 0.000000
v -0.011625 0.000000 -0.836140
vn 0.000000 1.000000 0.000000
v 0.059847 0.000000 -0.827591
vn 0.000000 1.000000 0.000000
v -0.563577 0.000000 -0.930716
vn 0.000000 1.000000 0.000000
v -0.602272 0.000000 -0.852232
vn 0.000000 1.000000 0.000000
v -1.000000 0.000000 0.426331
vn 0.000000 1.000000 0.000000
v 0.536382 0.000000 0.937821
vn 0.000000 1.000000 0.000000
v -0.583514 0.000000 -0.648057
vn 0.000000 1.000000 0.000000
v -0.033261 0.000000 0.000550
vn 0.000000 1.000000 0.000000
v -0.499879 0.000000 -0.506137
vn 0.000000 1.000000 0.000000
v 0.510990 0.000000 0.089794
vn 0.000000 1.000000 0.000000
v 0.720046 0.000000 1.000000
vn 0.000000 1.000000 0.000000
v -0.058945 0.000000 -0.654174
vn 0.000000 1.000000 0.000000
v -0.241321 0.000000 -0.759809
vn 0.000000 1.000000 0.000000
v -0.140229 0.000000 -0.799611
vn 0.000000 1.000000 0.000000
v -0.529960 0.000000 0.321340
vn 0.000000 1.000000 0.000000
v 0.639000 0.000000 -0.403440
vn 0.000000 1.000000 0.000000
v -0.349155 0.000000 0.923467
vn 0.000000 1.000000 0.000000
v 0.498664 0.000000 -0.168958
vn 0.000000 1.000000 0.000000
v 0.935885 0.000000 -0.724011
vn 0.000000 1.000000 0.000000
v 0.634197 0.000000 0.109418
vn 0.000000 1.000000 0.000000
v -0.609592 0.000000 -0.773038
vn 0.000000 1.000000 0.000000
v -0.120193 0.000000 0.464368
vn 0.000000 1.000000 0.000000
v -0.906997 0.000000 -0.117132
vn 0.000000 1.000000 0.000000
v -1.000000 0.000000 -0.905528
vn 0.000000 1.000000 0.000000
v -0.244861 0.000000 0.001246
vn 0.000000 1.000000 0.000000
v -0.126161 0.000000 0.301542
vn 0.000000 1.000000 0.000000
v 0.700770 0.000000 -0.592322
vn 0.000000 1.000000 0.000000
v -0.527300 0.000000 -0.039116
vn 0.000000 1.000000 0.000000
v 0.131364 0.000000 0.945353
vn 0.000000 1.000000 0.000000
v 0.666264 0.000000 1.000000
vn 0.000000 1.000000 0.000000
v -0.637195 0.000000 -0.446309
vn 0.000000 1.000000 0.000000
v -0.243758 0.000000 -0.471056
vn 0.000000 1.000000 0.000000
v -0.543881 0.000000 0.030051
vn 0.000000 1.000000 0.000000
v 0.607182 0.000000 -0.221196
vn 0.000000 1.000000 0.000000
v 0.152357 0.000000 0.871436
vn 0.000000 1.000000 0.000000
v -0.496605 0.000000 -0.150746
vn 0.000000 1.000000 0.000000
v -0.429129 0.000000 -0.661948
vn 0.000000 1.000000 0.000000
v -0.546056 0.000000 -0.595240
vn 0.000000 1.000000 0.000000
v 0.908033 0.000000 -1.000000
vn 0.000000 1.000000 0.000000
v 0.700844 0.000000 0.532970
vn 0.000000 1.000000 0.000000
v -0.201945 0.000000 0.148182
vn 0.000000 1.000000 0.000000
v -0.490550 0.000000 0.653223
vn 0.000000 1.000000 0.000000
v -0.393968 0.000000 0.634901
vn 0.000000 1.000000 0.000000
v 0.494545 0.000000 -0.010503
vn 0.000000 1.000000 0.000000
v 0.741176 0.000000 -0.065098
vn 0.000000 1.000000 0.000000
v 0.767530 0.000000 -0.575902
vn 0.000000 1.000000 0.000000
v -0.129785 0.000000 -0.745564
vn 0.000000 1.000000 0.000000
v 0.656043 0.000000 0.037044
vn 0.000000 1.000000 0.000000
v -0.781483 0.000000 0.453011
vn 0.000000 1.000000 0.000000
v -0.022864 0.000000 -0.323995
vn 0.000000 1.000000 0.000000
v 0.976047 0.000000 0.757055
vn 0.000000 1.000000 0.000000
v 0.232585 0.000000 0.262608
vn 0.000000 1.000000 0.000000
v 0.375152 0.000000 -0.375612
vn 0.000000 1.000000 0.000000
v 0.187376 0.000000 0.142462
vn 0.000000 1.000000 0.000000
v -0.865047 0.000000 1.000000
vn 0.000000 1.000000 0.000000
v -0.847155 0.000000 0.962760
vn 0.000000 1.000000 0.000000
v 0.310666 0.000000 0.242432
vn 0.000000 1.000000 0.000000
v 0.548761 0.000000 -0.060479
vn 0.000000 1.000000 0.000000
v -0.603882 0.000000 -1.000000
vn 0.000000 1.000000 0.000000
v -0.971510 0.000000 0.755250
vn 0.000000 1.000000 0.000000
v -1.000000 0.000000 0.066711
vn 0.000000 1.000000 0.000000
v -0.936165 0.000000 1.000000
vn 0.000000 1.000000 0.000000
v -0.907335 0.000000 0.937851
vn 0.000000 1.000000 0.000000
v -0.811791 0.000000 -0.443235
vn 0.000000 1.000000 0.000000
v -0.583921 0.000000 0.671783
vn 0.000000 1.000000 0.000000
v 0.365176 0.000000 -0.024850
vn 0.000000 1.000000 0.000000
v 0.696421 0.000000 -0.358997
vn 0.000000 1.000000 0.000000
v 0.527617 0.000000 0.017405
vn 0.000000 1.000000 0.000000
v 0.335056 0.000000 0.863776
vn 0.000000 1.000000 0.000000
v -0.547145 0.000000 0.142378
vn 0.000000 1.000000 0.000000
v 0.482761 0.000000 -0.569913
vn 0.000000 1.000000 0.000000
v 0.533820 0.000000 -0.885268
vn 0.000000 1.000000 0.000000
v -0.924539 0.000000 0.615974
vn 0.000000 1.000000 0.000000
v 0.431497 0.000000 0.697979
vn 0.000000 1.000000 0.000000
v 0.808116 0.000000 0.578961
vn 0.000000 1.000000 0.000000
v 0.460501 0.000000 -0.082087
vn 0.000000 1.000000 0.000000
v -1.000000 0.000000 0.015625
vn 0.000000 1.000000 0.000000
v -0.616833 0.000000 0.565131
vn 0.000000 1.000000 0.000000
v 0.579713 0.000000 -0.536661
vn 0.000000 1.000000 0.000000
v 0.365676 0.000000 0.295705
vn 0.000000 1.000000 0.000000
v -0.873268 0.000000 0.069049
vn 0.000000 1.000000 0.000000
v -0.187477 0.000000 0.733818
vn 0.000000 1.000000 0.000000
v -0.351553 0.000000 0.198349
vn 0.000000 1.000000 0.000000
v 0.756466 0.000000 0.644667
vn 0.000000 1.000000 0.000000
v 0.670489 0.000000 0.557222
vn 0.000000 1.000000 0.000000
v -0.572817 0.000000 -0.531940
vn 0.000000 1.000000 0.000000
v 0.917471 0.000000 1.000000
vn 0.000000 1.000000 0.000000
v 0.257815 0.000000 -0.565881
vn 0.000000 1.000000 0.000000
v -0.471367 0.000000 -0.567326
vn 0.000000 1.000000 0.000000
v 0.265613 0.000000 -0.495650
vn 0.000000 1.000000 0.000000
v 0.561028 0.000000 0.133777
vn 0.000000 1.000000 0.000000
v 0.450241 0.000000 0.044612
vn 0.000000 1.000000 0.000000
v -0.461948 0.000000 -0.271744
vn 0.000000 1.000000 0.000000
v 0.131831 0.000000 -0.818377
vn 0.000000 1.000000 0.000000
v 0.108715 0.000000 -0.886650
vn 0.000000 1.000000 0.000000
v -0.129013 0.000000 0.886049
vn 0.000000 1.000000 0.000000
v 0.962346 0.000000 -1.000000
vn 0.000000 1.000000 0.000000
v -0.598756 0.000000 -0.018234
vn 0.000000 1.000000 0.000000
v -0.490580 0.000000 0.929217
vn 0.000000 1.000000 0.000000
v 0.279987 0.000000 0.671652
vn 0.000000 1.000000 0.000000
v -0.393189 0.000000 0.334454
vn 0.000000 1.000000 0.000000
v 0.308954 0.000000 0.125584
vn 0.000000 1.000000 0.000000
v 1.000000 0.000000 -0.804015
vn 0.000000 1.000000 0.000000
v 0.936444 0.000000 -0.861077
vn 0.000000 1.000000 0.000000
v 0.677581 0.000000 0.259143
vn 0.000000 1.000000 0.000000
v -0.432406 0.000000 -0.512827
vn 0.000000 1.000000 0.000000
v -0.578757 0.000000 -0.131346
vn 0.000000 1.000000 0.000000
v 0.519444 0.000000 -0.401688
vn 0.000000 1.000000 0.000000
v -0.429802 0.000000 -0.475617
vn 0.000000 1.000000 0.000000
v 0.678786 0.000000 -0.104240
vn 0.000000 1.000000 0.000000
v -1.000000 0.000000 0.690986
vn 0.000000 1.000000 0.000000
v 0.401105 0.000000 0.518111
vn 0.000000 1.000000 0.000000
v -0.042575 0.000000 0.775476
vn 0.000000 1.000000 0.000000
v -0.923195 0.000000 -0.782225
vn 0.000000 1.000000 0.000000
v -0.055648 0.000000 0.343534
vn 0.000000 1.000000 0.000000
v 0.360297 0.000000 -0.411240
vn 0.000000 1.000000 0.000000
v 0.729787 0.000000 -0.147090
vn 0.000000 1.000000 0.000000
v 0.618402 0.000000 -0.181942
vn 0.000000 1.000000 0.000000
v 0.266010 0.000000 -0.343697
vn 0.000000 1.000000 0.000000
v -1.000000 0.000000 0.629787
vn 0.000000 1.000000 0.000000
v -0.042577 0.000000 -0.881731
vn 0.000000 1.000000 0.000000
v -1.000000 0.000000 0.558033
vn 0.000000 1.000000 0.000000
v -1.000000 0.000000 -0.702667
vn 0.000000 1.000000 0.000000
v -0.303578 0.000000 -0.438550
vn 0.000000 1.000000 0.000000
v -1.000000 0.000000 -0.840017
vn 0.000000 1.000000 0.000000
v -0.805919 0.000000 0.658745
vn 0.000000 1.000000 0.000000
v -0.016304 0.000000 0.335006
vn 0.000000 1.000000 0.000000
v -0.251530 0.000000 0.615761
vn 0.000000 1.000000 0.000000
v -0.063558 0.000000 0.497447
vn 0.000000 1.000000 0.000000
v -0.141980 0.000000 0.685415
vn 0.000000 1.000000 0.000000
v -0.441742 0.000000 -1.000000
vn 0.000000 1.000000 0.000000
v -0.629292 0.000000 0.348785
vn 0.000000 1.000000 0.000000
v 0.300988 0.000000 0.742783
vn 0.000000 1.000000 0.000000
v -0.436993 0.000000 -0.588041
vn 0.000000 1.000000 0.000000
v -0.436182 0.000000 -0.375443
vn 0.000000 1.000000 0.000000
v -0.424862 0.000000 0.087299
vn 0.000000 1.000000 0.000000
v -0.803054 0.000000 0.244502
vn 0.000000 1.000000 0.000000
v 0.925514 0.000000 -0.454042
vn 0.000000 1.000000 0.000000
v -0.564306 0.000000 0.179937
vn 0.000000 1.000000 0.000000
v -0.468527 0.000000 0.081784
vn 0.000000 1.000000 0.000000
v 0.601435 0.000000 -0.009605
vn 0.000000 1.000000 0.000000
v -0.805377 0.000000 -0.053567
vn 0.000000 1.000000 0.000000
v 0.425872 0.000000 -0.094050
vn 0.000000 1.000000 0.000000
v -0.286898 0.000000 0.059576
vn 0.000000 1.000000 0.000000
v -0.240725 0.000000 0.800522
vn 0.000000 1.000000 0.000000
v -0.851784 0.000000 0.899973
vn 0.000000 1.000000 0.000000
v -0.167990 0.000000 -0.119226
vn 0.000000 1.000000 0.000000
v 0.076378 0.000000 0.660907
vn 0.000000 1.000000 0.000000
v 0.675665 0.000000 -0.467910
vn 0.000000 1.000000 0.000000
v 0.115604 0.000000 0.104917
vn 0.000000 1.000000 0.000000
v -0.903301 0.000000 0.138091
vn 0.000000 1.000000 0.000000
v 0.323408 0.000000 0.437715
vn 0.000000 1.000000 0.000000
v -0.155991 0.000000 0.247068
vn 0.000000 1.000000 0.000000
v -0.876014 0.000000 -0.174520
vn 0.000000 1.000000 0.000000
v 0.057099 0.000000 -0.447163
vn 0.000000 1.000000 0.000000
v 0.380826 0.000000 -0.200586
vn 0.000000 1.000000 0.000000
v -0.887057 0.000000 0.419352
vn 0.000000 1.000000 0.000000
v -0.215065 0.000000 -0.492617
vn 0.000000 1.000000 0.000000
v 0.835562 0.000000 0.916770
vn 0.000000 1.000000 0.000000
v 0.792477 0.000000 -0.648782
vn 0.000000 1.000000 0.000000
v -0.443541 0.000000 -0.098886
vn 0.000000 1.000000 0.000000
v 0.064575 0.000000 0.057853
vn 0.000000 1.000000 0.000000
v 0.403975 0.000000 0.796044
vn 0.000000 1.000000 0.000000
v -0.892629 0.000000 -0.613312
vn 0.000000 1.000000 0.000000
v -0.491806 0.000000 -0.642072
vn 0.000000 1.000000 0.000000
v -0.817910 0.000000 0.385943
vn 0.000000 1.000000 0.000000
v -0.542708 0.000000 -0.966331
vn 0.000000 1.000000 0.000000
v -0.010761 0.000000 0.943724
vn 0.000000 1.000000 0.000000
v -0.419792 0.000000 0.170954
vn 0.000000 1.000000 0.000000
v 0.912471 0.000000 -0.694082
vn 0.000000 1.000000 0.000000
v 0.682437 0.000000 -0.725079
vn 0.000000 1.000000 0.000000
v 0.788604 0.000000 -0.368201
vn 0.000000 1.000000 0.000000
v 0.274861 0.000000 0.775865
vn 0.000000 1.000000 0.000000
v 0.001949 0.000000 0.868127
vn 0.000000 1.000000 0.000000
v -0.066614 0.000000 0.893278
vn 0.000000 1.000000 0.000000
v -0.930982 0.000000 -0.274325
vn 0.000000 1.000000 0.000000
v 0.610313 0.000000 -0.471818
vn 0.000000 1.000000 0.000000
v -0.256537 0.000000 0.483279
vn 0.000000 1.000000 0.000000
v -0.595953 0.000000 -0.250592
vn 0.000000 1.000000 0.000000
v -0.388883 0.000000 -0.291861
vn 0.000000 1.000000 0.000000
v 0.406606 0.000000 -0.737836
vn 0.000000 1.000000 0.000000
v -0.223120 0.000000 0.252505
vn 0.000000 1.000000 0.000000
v 0.043896 0.000000 0.650581
vn 0.000000 1.000000 0.000000
v -0.246748 0.000000 -0.836787
vn 0.000000 1.000000 0.000000
v 0.474068 0.000000 0.524523
vn 0.000000 1.000000 0.000000
v 0.433874 0.000000 0.423919
vn 0.000000 1.000000 0.000000
v 0.158717 0.000000 -0.734842
vn 0.000000 1.000000 0.000000
v 0.859168 0.000000 -0.484100
vn 0.000000 1.000000 0.000000
v 0.484401 0.000000 -0.941429
vn 0.000000 1.000000 0.000000
v 0.742265 0.000000 0.585950
vn 0.000000 1.000000 0.000000
v -0.640845 0.000000 0.857682
vn 0.000000 1.000000 0.000000
v 0.332066 0.000000 -0.477556
vn 0.000000 1.000000 0.000000
v -0.454912 0.000000 -0.764324
vn 0.000000 1.000000 0.000000
v -0.192452 0.000000 0.918619
vn 0.000000 1.000000 0.000000
v -0.028271 0.000000 -0.954557
vn 0.000000 1.000000 0.000000
v -0.619132 0.000000 0.894371
vn 0.000000 1.000000 0.000000
v 0.206134 0.000000 -0.450247
vn 0.000000 1.000000 0.000000
v -0.371059 0.000000 -0.112019
vn 0.000000 1.000000 0.000000
v -0.707640 0.000000 -0.539781
vn 0.000000 1.000000 0.000000
v 0.151252 0.000000 -0.779520
vn 0.000000 1.000000 0.000000
v -0.420848 0.000000 -0.036833
vn 0.000000 1.000000 0.000000
v 0.462846 0.000000 -0.965720
vn 0.000000 1.000000 0.000000
v -0.140822 0.000000 0.427857
vn 0.000000 1.000000 0.000000
v -0.071420 0.000000 0.702323
vn 0.000000 1.000000 0.000000
v -0.037384 0.000000 -0.062720
vn 0.000000 1.000000 0.000000
v -0.372323 0.000000 0.778728
vn 0.000000 1.000000 0.000000
v -0.758977 0.000000 0.341181
vn 0.000000 1.000000 0.000000
v 0.626971 0.000000 -0.136060
vn 0.000000 1.000000 0.000000
v 0.731051 0.000000 0.509120
vn 0.000000 1.000000 0.000000
v -0.360495 0.000000 0.850883
vn 0.000000 1.000000 0.000000
v 0.970913 0.000000 -0.371140
vn 0.000000 1.000000 0.000000
v 0.663239 0.000000 0.356251
vn 0.000000 1.000000 0.000000
v 0.641072 0.000000 -0.971781
vn 0.000000 1.000000 0.000000
v -0.353300 0.000000 -0.796751
vn 0.000000 1.000000 0.000000
v -0.342434 0.000000 0.718875
vn 0.000000 1.000000 0.000000
v -0.789759 0.000000 0.927540
vn 0.000000 1.000000 0.000000
v -0.961279 0.000000 0.821334
vn 0.000000 1.000000 0.000000
v 0.640121 0.000000 0.305050
vn 0.000000 1.000000 0.000000
v 0.202506 0.000000 -0.827161
vn 0.000000 1.000000 0.000000
v 0.732812 0.000000 -0.783126
vn 0.000000 1.000000 0.000000
v 0.261959 0.000000 -0.302722
vn 0.000000 1.000000 0.000000
v -0.344294 0.000000 -0.243310
vn 0.000000 1.000000 0.000000
v -0.229070 0.000000 -0.201951
vn 0.000000 1.000000 0.000000
v 0.021237 0.000000 -0.001589
vn 0.000000 1.000000 0.000000
v 0.023204 0.000000 -0.038985
vn 0.000000 1.000000 0.000000
v -0.242394 0.000000 -0.236498
vn 0.000000 1.000000 0.000000
v 0.860809 0.000000 0.343960
vn 0.000000 1.000000 0.000000
v 0.641737 0.000000 -0.665516
vn 0.000000 1.000000 0.000000
v -0.435958 0.000000 0.826528
vn 0.000000 1.000000 0.000000
v 0.174146 0.000000 0.384361
vn 0.000000 1.000000 0.000000
v 0.752842 0.000000 -0.651775
vn 0.000000 1.000000 0.000000
v 0.976931 0.000000 -0.782263
vn 0.000000 1.000000 0.000000
v 0.451033 0.000000 -0.367685
vn 0.000000 1.000000 0.000000
v 0.895010 0.000000 0.452821
vn 0.000000 1.000000 0.000000
v 0.881968 0.000000 -0.335548
vn 0.000000 1.000000 0.000000
v 0.049541 0.000000 0.966408
vn 0.000000 1.000000 0.000000
v 0.527319 0.000000 0.420312
vn 0.000000 1.000000 0.000000
v -0.896458 0.000000 -0.542531
vn 0.000000 1.000000 0.000000
v 0.855616 0.000000 -0.258875
vn 0.000000 1.000000 0.000000
v 0.229651 0.000000 0.905549
vn 0.000000 1.000000 0.000000
v -0.062254 0.000000 0.024578
vn 0.000000 1.000000 0.000000
v -0.662170 0.000000 0.368721
vn 0.000000 1.000000 0.000000
v -0.814040 0.000000 -0.288658
vn 0.000000 1.000000 0.000000
v 0.637205 0.000000 0.920842
vn 0.000000 1.000000 0.000000
v 0.933402 0.000000 0.845024
vn 0.000000 1.000000 0.000000
v -0.064937 0.000000 -0.125770
vn 0.000000 1.000000 0.000000
v 0.605213 0.000000 0.315421
vn 0.000000 1.000000 0.000000
v -0.465080 0.000000 0.717016
vn 0.000000 1.000000 0.000000
v 0.630358 0.000000 -0.280609
vn 0.000000 1.000000 0.000000
v -0.628532 0.000000 0.227648
vn 0.000000 1.000000 0.000000
v -0.915891 0.000000 -0.238038
vn 0.000000 1.000000 0.000000
v -0.409134 0.000000 -0.225976
vn 0.000000 1.000000 0.000000
v -0.848776 0.000000 0.563042
vn 0.000000 1.000000 0.000000
v -0.154053 0.000000 -0.610628
vn 0.000000 1.000000 0.000000
v 0.675036 0.000000 0.907912
vn 0.000000 1.000000 0.000000
v -0.935903 0.000000 0.048852
vn 0.000000 1.000000 0.000000
v 0.014808 0.000000 0.267979
vn 0.000000 1.000000 0.000000
v -0.568639 0.000000 0.945389
vn 0.000000 1.000000 0.000000
v 0.431919 0.000000 -0.799889
vn 0.000000 1.000000 0.000000
v -0.507236 0.000000 0.077965
vn 0.000000 1.000000 0.000000
v -0.889944 0.000000 0.196228
vn 0.000000 1.000000 0.000000
v 0.823245 0.000000 -0.531797
vn 0.000000 1.000000 0.000000
v -0.281560 0.000000 0.464185
vn 0.000000 1.000000 0.000000
v 0.528047 0.000000 0.860000
vn 0.000000 1.000000 0.000000
v -0.235404 0.000000 0.416409
vn 0.000000 1.000000 0.000000
v 0.179554 0.000000 0.495779
vn 0.000000 1.000000 0.000000
v 0.293399 0.000000 0.944539
vn 0.000000 1.000000 0.000000
v 0.037413 0.000000 -0.305045
vn 0.000000 1.000000 0.000000
v 0.145813 0.000000 0.556403
vn 0.000000 1.000000 0.000000
v -0.935027 0.000000 -0.709907
vn 0.000000 1.000000 0.000000
v -0.940476 0.000000 0.306458
vn 0.000000 1.000000 0.000000
v 0.048166 0.000000 -0.343736
vn 0.000000 1.000000 0.000000
v 0.537715 0.000000 0.329821
vn 0.000000 1.000000 0.000000
v 0.953437 0.000000 0.288084
vn 0.000000 1.000000 0.000000
v 0.978302 0.000000 0.968255
vn 0.000000 1.000000 0.000000
v 1.000000 0.000000 0.972179
vn 0.000000 1.000000 0.000000
v -0.285417 0.000000 0.959739
vn 0.000000 1.000000 0.000000
v 0.850784 0.000000 0.075196
vn 0.000000 1.000000 0.000000
v 0.833994 0.000000 0.107649
vn 0.000000 1.000000 0.000000
v 0.965866 0.000000 -0.266311
vn 0.000000 1.000000 0.000000
v 1.000000 0.000000 -0.156933
vn 0.000000 1.000000 0.000000
v 0.966367 0.000000 -0.187684
vn 0.000000 1.000000 0.000000
v 0.966051 0.000000 -0.126172
vn 0.000000 1.000000 0.000000
v -0.966702 0.000000 0.209125
vn 0.000000 1.000000 0.000000
v -0.935176 0.000000 0.232821
vn 0.000000 1.000000 0.000000
v -0.929444 0.000000 0.195232
vn 0.000000 1.000000 0.000000
v 0.793036 0.000000 0.044508
vn 0.000000 1.000000 0.000000
v 0.812631 0.000000 0.076889
vn 0.000000 1.000000 0.000000
v 0.961349 0.000000 -0.611454
vn 0.000000 1.000000 0.000000
v -0.014917 0.000000 0.974618
vn 0.000000 1.000000 0.000000
v 0.014661 0.000000 0.969604
vn 0.000000 1.000000 0.000000
v -0.103686 0.000000 0.943852
vn 0.000000 1.000000 0.000000
v -0.105651 0.000000 0.978067
vn 0.000000 1.000000 0.000000
v -0.080118 0.000000 0.962730
vn 0.000000 1.000000 0.000000
v -0.300920 0.000000 -0.677569
vn 0.000000 1.000000 0.000000
v -0.305705 0.000000 -0.639758
vn 0.000000 1.000000 0.000000
v -0.270940 0.000000 -0.653813
vn 0.000000 1.000000 0.000000
v 0.769178 0.000000 -0.401508
vn 0.000000 1.000000 0.000000
v 0.780377 0.000000 -0.440206
vn 0.000000 1.000000 0.000000
v 0.750189 0.000000 -0.425546
vn 0.000000 1.000000 0.000000
v -0.214355 0.000000 0.857213
vn 0.000000 1.000000 0.000000
v -0.220274 0.000000 0.894920
vn 0.000000 1.000000 0.000000
v -0.187283 0.000000 0.881268
vn 0.000000 1.000000 0.000000
v -0.494519 0.000000 0.707992
vn 0.000000 1.000000 0.000000
v -0.525573 0.000000 0.718860
vn 0.000000 1.000000 0.000000
v 0.773268 0.000000 0.393917
vn 0.000000 1.000000 0.000000
v 0.756613 0.000000 0.424866
vn 0.000000 1.000000 0.000000
v 0.792397 0.000000 0.424726
vn 0.000000 1.000000 0.000000
v -0.663298 0.000000 0.459241
vn 0.000000 1.000000 0.000000
v -0.368193 0.000000 -0.651189
vn 0.000000 1.000000 0.000000
v -0.355091 0.000000 -0.934305
vn 0.000000 1.000000 0.000000
v 0.630867 0.000000 0.958267
vn 0.000000 1.000000 0.000000
v 0.663743 0.000000 0.978775
vn 0.000000 1.000000 0.000000
v -0.122163 0.000000 -0.974468
vn 0.000000 1.000000 0.000000
v -0.138130 0.000000 -1.000000
vn 0.000000 1.000000 0.000000
v -0.791593 0.000000 0.832727
vn 0.000000 1.000000 0.000000
v 0.163098 0.000000 -0.284117
vn 0.000000 1.000000 0.000000
v -0.480888 0.000000 0.591774
vn 0.000000 1.000000 0.000000
v -0.456203 0.000000 0.562710
vn 0.000000 1.000000 0.000000
v -0.493536 0.000000 0.558072
vn 0.000000 1.000000 0.000000
v 0.456253 0.000000 -0.330548
vn 0.000000 1.000000 0.000000
v 0.479135 0.000000 -0.304679
vn 0.000000 1.000000 0.000000
v 0.484587 0.000000 -0.346057
vn 0.000000 1.000000 0.000000
v -0.907641 0.000000 0.583415
vn 0.000000 1.000000 0.000000
v -0.889089 0.000000 0.612814
vn 0.000000 1.000000 0.000000
v -0.790216 0.000000 -0.668928
vn 0.000000 1.000000 0.000000
v -0.823148 0.000000 -0.686261
vn 0.000000 1.000000 0.000000
v -0.821189 0.000000 -0.647680
vn 0.000000 1.000000 0.000000
v -0.023480 0.000000 -0.772421
vn 0.000000 1.000000 0.000000
v -0.011282 0.000000 -0.738730
vn 0.000000 1.000000 0.000000
v 0.696842 0.000000 0.126251
vn 0.000000 1.000000 0.000000
v 0.671533 0.000000 0.098822
vn 0.000000 1.000000 0.000000
v 0.658601 0.000000 0.134195
vn 0.000000 1.000000 0.000000
v -0.559614 0.000000 -0.451554
vn 0.000000 1.000000 0.000000
v -0.529366 0.000000 -0.422278
vn 0.000000 1.000000 0.000000
v -0.521848 0.000000 -0.452829
vn 0.000000 1.000000 0.000000
v 0.547001 0.000000 -0.683231
vn 0.000000 1.000000 0.000000
v 0.511420 0.000000 -0.675249
vn 0.000000 1.000000 0.000000
v 0.536896 0.000000 -0.649057
vn 0.000000 1.000000 0.000000
v -0.352957 0.000000 0.886902
vn 0.000000 1.000000 0.000000
v -0.388549 0.000000 0.873864
vn 0.000000 1.000000 0.000000
v -0.380732 0.000000 0.908856
vn 0.000000 1.000000 0.000000
v 0.177424 0.000000 0.638951
vn 0.000000 1.000000 0.000000
v 0.181555 0.000000 0.674853
vn 0.000000 1.000000 0.000000
v -0.718132 0.000000 0.103089
vn 0.000000 1.000000 0.000000
v -0.726241 0.000000 0.139338
vn 0.000000 1.000000 0.000000
v -0.584664 0.000000 0.389664
vn 0.000000 1.000000 0.000000
v -0.468690 0.000000 -0.898032
vn 0.000000 1.000000 0.000000
v -0.491966 0.000000 -0.866344
vn 0.000000 1.000000 0.000000
v -0.452592 0.000000 -0.861944
vn 0.000000 1.000000 0.000000
v -0.916444 0.000000 0.400345
vn 0.000000 1.000000 0.000000
v -0.943619 0.000000 0.412521
vn 0.000000 1.000000 0.000000
v -0.922411 0.000000 0.969163
vn 0.000000 1.000000 0.000000
v 0.406345 0.000000 0.903350
vn 0.000000 1.000000 0.000000
v 0.442557 0.000000 0.899772
vn 0.000000 1.000000 0.000000
v 0.417658 0.000000 0.868839
vn 0.000000 1.000000 0.000000
v 0.535493 0.000000 -0.782312
vn 0.000000 1.000000 0.000000
v 0.497744 0.000000 -0.775106
vn 0.000000 1.000000 0.000000
v 0.526661 0.000000 -0.746094
vn 0.000000 1.000000 0.000000
v 0.727518 0.000000 -0.621155
vn 0.000000 1.000000 0.000000
v 0.736889 0.000000 -0.584884
vn 0.000000 1.000000 0.000000
v -0.492079 0.000000 0.237326
vn 0.000000 1.000000 0.000000
v 0.128665 0.000000 0.845352
vn 0.000000 1.000000 0.000000
v 0.105634 0.000000 0.825558
vn 0.000000 1.000000 0.000000
v -0.528055 0.000000 -0.867071
vn 0.000000 1.000000 0.000000
v -0.545217 0.000000 -0.897995
vn 0.000000 1.000000 0.000000
v 0.587620 0.000000 0.671134
vn 0.000000 1.000000 0.000000
v 0.548881 0.000000 0.678158
vn 0.000000 1.000000 0.000000
v 0.006939 0.000000 0.475833
vn 0.000000 1.000000 0.000000
v 0.039311 0.000000 0.462483
vn 0.000000 1.000000 0.000000
v 0.020342 0.000000 0.438094
vn 0.000000 1.000000 0.000000
v -0.209871 0.000000 -0.455020
vn 0.000000 1.000000 0.000000
v -0.061353 0.000000 0.062683
vn 0.000000 1.000000 0.000000
v 0.760048 0.000000 -0.025912
vn 0.000000 1.000000 0.000000
v 0.727771 0.000000 -0.030182
vn 0.000000 1.000000 0.000000
v -0.056881 0.000000 -0.690100
vn 0.000000 1.000000 0.000000
v -0.161935 0.000000 0.359879
vn 0.000000 1.000000 0.000000
v -0.108412 0.000000 -0.716192
vn 0.000000 1.000000 0.000000
v -0.071455 0.000000 -0.717644
vn 0.000000 1.000000 0.000000
v 0.568814 0.000000 0.946733
vn 0.000000 1.000000 0.000000
v 0.567154 0.000000 0.910147
vn 0.000000 1.000000 0.000000
v 0.933417 0.000000 -0.139554
vn 0.000000 1.000000 0.000000
v 0.935202 0.000000 -0.103732
vn 0.000000 1.000000 0.000000
v -0.968568 0.000000 0.060736
vn 0.000000 1.000000 0.000000
v 0.103969 0.000000 -0.532369
vn 0.000000 1.000000 0.000000
v 0.109535 0.000000 -0.498403
vn 0.000000 1.000000 0.000000
v 0.138225 0.000000 -0.518725
vn 0.000000 1.000000 0.000000
v 0.787347 0.000000 -0.745107
vn 0.000000 1.000000 0.000000
v 0.747286 0.000000 -0.750159
vn 0.000000 1.000000 0.000000
v 0.761379 0.000000 -0.716608
vn 0.000000 1.000000 0.000000
v -0.755721 0.000000 -0.732983
vn 0.000000 1.000000 0.000000
v 0.520355 0.000000 -0.847514
vn 0.000000 1.000000 0.000000
v 0.495864 0.000000 -0.876608
vn 0.000000 1.000000 0.000000
v 0.482810 0.000000 -0.840327
vn 0.000000 1.000000 0.000000
v -0.551975 0.000000 0.682601
vn 0.000000 1.000000 0.000000
v 0.428695 0.000000 0.737552
vn 0.000000 1.000000 0.000000
v 0.184567 0.000000 0.172076
vn 0.000000 1.000000 0.000000
v -0.863739 0.000000 0.224549
vn 0.000000 1.000000 0.000000
v -0.900164 0.000000 0.227829
vn 0.000000 1.000000 0.000000
v 0.470364 0.000000 -0.535846
vn 0.000000 1.000000 0.000000
v 0.505581 0.000000 -0.538123
vn 0.000000 1.000000 0.000000
v -0.476739 0.000000 0.684875
vn 0.000000 1.000000 0.000000
v -0.512925 0.000000 0.683538
vn 0.000000 1.000000 0.000000
v 0.572457 0.000000 0.099015
vn 0.000000 1.000000 0.000000
v 0.546540 0.000000 0.077063
vn 0.000000 1.000000 0.000000
v 0.536629 0.000000 0.111580
vn 0.000000 1.000000 0.000000
v -0.406589 0.000000 0.600128
vn 0.000000 1.000000 0.000000
v -0.367683 0.000000 0.605989
vn 0.000000 1.000000 0.000000
v -0.381920 0.000000 0.571000
vn 0.000000 1.000000 0.000000
v 0.793275 0.000000 -0.507752
vn 0.000000 1.000000 0.000000
v 0.786146 0.000000 -0.547189
vn 0.000000 1.000000 0.000000
v 0.109219 0.000000 0.478133
vn 0.000000 1.000000 0.000000
v 0.071087 0.000000 0.468610
vn 0.000000 1.000000 0.000000
v 0.084173 0.000000 0.504061
vn 0.000000 1.000000 0.000000
v 0.866969 0.000000 0.654561
vn 0.000000 1.000000 0.000000
v 0.854829 0.000000 0.619728
vn 0.000000 1.000000 0.000000
v 0.968918 0.000000 -0.959530
vn 0.000000 1.000000 0.000000
v 0.293642 0.000000 0.846579
vn 0.000000 1.000000 0.000000
v 0.243884 0.000000 0.661563
vn 0.000000 1.000000 0.000000
v 0.271891 0.000000 0.636874
vn 0.000000 1.000000 0.000000
v 0.236359 0.000000 0.625984
vn 0.000000 1.000000 0.000000
v -0.447024 0.000000 0.922977
vn 0.000000 1.000000 0.000000
v 0.609049 0.000000 0.086042
vn 0.000000 1.000000 0.000000
v 0.597392 0.000000 0.121620
vn 0.000000 1.000000 0.000000
v 0.394586 0.000000 0.002272
vn 0.000000 1.000000 0.000000
v 0.397516 0.000000 -0.035310
vn 0.000000 1.000000 0.000000
v -0.354844 0.000000 0.333625
vn 0.000000 1.000000 0.000000
v -0.374327 0.000000 0.301755
vn 0.000000 1.000000 0.000000
v 0.944165 0.000000 0.597253
vn 0.000000 1.000000 0.000000
v 0.912159 0.000000 0.593802
vn 0.000000 1.000000 0.000000
v 0.922808 0.000000 0.627293
vn 0.000000 1.000000 0.000000
v -0.968083 0.000000 1.000000
vn 0.000000 1.000000 0.000000
v -0.958080 0.000000 0.969338
vn 0.000000 1.000000 0.000000
v 0.350967 0.000000 -0.066465
vn 0.000000 1.000000 0.000000
v -0.964409 0.000000 -0.547041
vn 0.000000 1.000000 0.000000
v 0.947421 0.000000 0.395083
vn 0.000000 1.000000 0.000000
v 0.909430 0.000000 0.388054
vn 0.000000 1.000000 0.000000
v 0.922481 0.000000 0.424243
vn 0.000000 1.000000 0.000000
v -0.965199 0.000000 0.720544
vn 0.000000 1.000000 0.000000
v 0.034328 0.000000 0.848154
vn 0.000000 1.000000 0.000000
v 0.069607 0.000000 0.824564
vn 0.000000 1.000000 0.000000
v -0.708387 0.000000 -0.438626
vn 0.000000 1.000000 0.000000
v -0.672372 0.000000 -0.423295
vn 0.000000 1.000000 0.000000
v -0.674602 0.000000 -0.462783
vn 0.000000 1.000000 0.000000
v 0.367838 0.000000 -0.309175
vn 0.000000 1.000000 0.000000
v -0.484206 0.000000 0.174688
vn 0.000000 1.000000 0.000000
v -0.508909 0.000000 0.141569
vn 0.000000 1.000000 0.000000
v -0.524696 0.000000 0.173908
vn 0.000000 1.000000 0.000000
v -0.939829 0.000000 0.650773
vn 0.000000 1.000000 0.000000
v -0.965434 0.000000 0.615956
vn 0.000000 1.000000 0.000000
v -0.976625 0.000000 0.655938
vn 0.000000 1.000000 0.000000
v -0.335586 0.000000 -0.421376
vn 0.000000 1.000000 0.000000
v -0.366214 0.000000 -0.442022
vn 0.000000 1.000000 0.000000
v -0.913529 0.000000 -0.845982
vn 0.000000 1.000000 0.000000
v -0.426661 0.000000 -0.964611
vn 0.000000 1.000000 0.000000
v -0.803551 0.000000 0.015589
vn 0.000000 1.000000 0.000000
v -0.828638 0.000000 0.035971
vn 0.000000 1.000000 0.000000
v -0.805606 0.000000 0.055736
vn 0.000000 1.000000 0.000000
v 0.966789 0.000000 0.472141
vn 0.000000 1.000000 0.000000
v 0.873358 0.000000 0.175297
vn 0.000000 1.000000 0.000000
v 0.853867 0.000000 0.138493
vn 0.000000 1.000000 0.000000
v 1.000000 0.000000 -0.974220
vn 0.000000 1.000000 0.000000
v -0.965909 0.000000 -0.652152
vn 0.000000 1.000000 0.000000
v -0.964708 0.000000 -0.616041
vn 0.000000 1.000000 0.000000
v -0.942747 0.000000 0.344850
vn 0.000000 1.000000 0.000000
v 0.828300 0.000000 0.713585
vn 0.000000 1.000000 0.000000
v 0.800719 0.000000 0.726536
vn 0.000000 1.000000 0.000000
v -0.322877 0.000000 0.864638
vn 0.000000 1.000000 0.000000
v -0.283809 0.000000 0.880672
vn 0.000000 1.000000 0.000000
v -0.295181 0.000000 0.841810
vn 0.000000 1.000000 0.000000
v -0.244217 0.000000 0.763980
vn 0.000000 1.000000 0.000000
v -0.276172 0.000000 0.747984
vn 0.000000 1.000000 0.000000
v -0.240779 0.000000 -0.726549
vn 0.000000 1.000000 0.000000
v -0.221815 0.000000 -0.700133
vn 0.000000 1.000000 0.000000
v -0.724458 0.000000 0.771955
vn 0.000000 1.000000 0.000000
v -0.735397 0.000000 0.804388
vn 0.000000 1.000000 0.000000
v -0.683606 0.000000 0.763715
vn 0.000000 1.000000 0.000000
v -0.785407 0.000000 0.722457
vn 0.000000 1.000000 0.000000
v 0.862032 0.000000 -0.734627
vn 0.000000 1.000000 0.000000
v 0.874857 0.000000 -0.699801
vn 0.000000 1.000000 0.000000
v 0.721126 0.000000 -0.429900
vn 0.000000 1.000000 0.000000
v -0.315060 0.000000 0.482661
vn 0.000000 1.000000 0.000000
v -0.688779 0.000000 -0.201539
vn 0.000000 1.000000 0.000000
v -0.727028 0.000000 -0.201910
vn 0.000000 1.000000 0.000000
v -0.706600 0.000000 -0.168817
vn 0.000000 1.000000 0.000000
v -0.403150 0.000000 0.506837
vn 0.000000 1.000000 0.000000
v 0.188035 0.000000 0.864535
vn 0.000000 1.000000 0.000000
v 0.174946 0.000000 0.898310
vn 0.000000 1.000000 0.000000
v -0.402832 0.000000 -1.000000
vn 0.000000 1.000000 0.000000
v 0.455576 0.000000 0.762544
vn 0.000000 1.000000 0.000000
v 0.426328 0.000000 0.768477
vn 0.000000 1.000000 0.000000
v 0.445133 0.000000 0.796649
vn 0.000000 1.000000 0.000000
v 0.491163 0.000000 -0.267286
vn 0.000000 1.000000 0.000000
v 0.439885 0.000000 -0.301874
vn 0.000000 1.000000 0.000000
v 0.425710 0.000000 -0.335082
vn 0.000000 1.000000 0.000000
v 0.276041 0.000000 -0.618267
vn 0.000000 1.000000 0.000000
v 0.256383 0.000000 -0.595148
vn 0.000000 1.000000 0.000000
v 0.286156 0.000000 -0.586979
vn 0.000000 1.000000 0.000000
v -0.495395 0.000000 -0.470525
vn 0.000000 1.000000 0.000000
v -0.461280 0.000000 -0.453874
vn 0.000000 1.000000 0.000000
v -0.464467 0.000000 -0.491362
vn 0.000000 1.000000 0.000000
v 0.771609 0.000000 -0.092642
vn 0.000000 1.000000 0.000000
v 0.766735 0.000000 -0.131302
vn 0.000000 1.000000 0.000000
v 0.735940 0.000000 -0.108330
vn 0.000000 1.000000 0.000000
v 0.430276 0.000000 0.585942
vn 0.000000 1.000000 0.000000
v 0.403411 0.000000 0.619339
vn 0.000000 1.000000 0.000000
v 0.438997 0.000000 0.627143
vn 0.000000 1.000000 0.000000
v 0.006918 0.000000 -0.964796
vn 0.000000 1.000000 0.000000
v 0.979517 0.000000 0.401146
vn 0.000000 1.000000 0.000000
v 0.944259 0.000000 0.251129
vn 0.000000 1.000000 0.000000
v 0.917122 0.000000 0.273441
vn 0.000000 1.000000 0.000000
v -0.725859 0.000000 0.001436
vn 0.000000 1.000000 0.000000
v -0.699832 0.000000 0.022791
vn 0.000000 1.000000 0.000000
v -0.692862 0.000000 -0.012122
vn 0.000000 1.000000 0.000000
v 0.202045 0.000000 0.033439
vn 0.000000 1.000000 0.000000
v 0.246521 0.000000 0.041737
vn 0.000000 1.000000 0.000000
v 0.234836 0.000000 0.003483
vn 0.000000 1.000000 0.000000
v 0.251771 0.000000 -0.096113
vn 0.000000 1.000000 0.000000
v 0.279096 0.000000 -0.086274
vn 0.000000 1.000000 0.000000
v 0.270802 0.000000 -0.120100
vn 0.000000 1.000000 0.000000
v -0.316401 0.000000 0.333732
vn 0.000000 1.000000 0.000000
v -0.227533 0.000000 0.289973
vn 0.000000 1.000000 0.000000
v -0.581659 0.000000 0.773351
vn 0.000000 1.000000 0.000000
v -0.548377 0.000000 0.787409
vn 0.000000 1.000000 0.000000
v 0.037764 0.000000 0.555002
vn 0.000000 1.000000 0.000000
v 0.060040 0.000000 0.528028
vn 0.000000 1.000000 0.000000
v 0.021055 0.000000 0.518944
vn 0.000000 1.000000 0.000000
v -0.628279 0.000000 0.187563
vn 0.000000 1.000000 0.000000
v -0.063178 0.000000 0.641528
vn 0.000000 1.000000 0.000000
v -0.042554 0.000000 0.610656
vn 0.000000 1.000000 0.000000
v -0.691249 0.000000 -0.258218
vn 0.000000 1.000000 0.000000
v -0.696213 0.000000 -0.288611
vn 0.000000 1.000000 0.000000
v -0.721047 0.000000 -0.263589
vn 0.000000 1.000000 0.000000
v -0.784350 0.000000 -0.940873
vn 0.000000 1.000000 0.000000
v 0.066676 0.000000 -0.382734
vn 0.000000 1.000000 0.000000
v 0.023834 0.000000 -0.373531
vn 0.000000 1.000000 0.000000
v 0.208127 0.000000 0.827119
vn 0.000000 1.000000 0.000000
v 0.178260 0.000000 0.795990
vn 0.000000 1.000000 0.000000
v 0.165689 0.000000 0.834432
vn 0.000000 1.000000 0.000000
v -0.272445 0.000000 -0.093648
vn 0.000000 1.000000 0.000000
v -0.294200 0.000000 -0.121882
vn 0.000000 1.000000 0.000000
v 0.040566 0.000000 0.354836
vn 0.000000 1.000000 0.000000
v 0.073030 0.000000 0.365451
vn 0.000000 1.000000 0.000000
v -0.684454 0.000000 -0.136696
vn 0.000000 1.000000 0.000000
v -0.723711 0.000000 -0.135867
vn 0.000000 1.000000 0.000000
v 0.191433 0.000000 -0.893232
vn 0.000000 1.000000 0.000000
v 0.233038 0.000000 -0.901193
vn 0.000000 1.000000 0.000000
v 0.039361 0.000000 -0.134189
vn 0.000000 1.000000 0.000000
v 0.046264 0.000000 -0.098771
vn 0.000000 1.000000 0.000000
v 0.069420 0.000000 -0.121671
vn 0.000000 1.000000 0.000000
v -0.730950 0.000000 -0.705999
vn 0.000000 1.000000 0.000000
v -0.699551 0.000000 -0.703338
vn 0.000000 1.000000 0.000000
v 0.007240 0.000000 0.110244
vn 0.000000 1.000000 0.000000
v -0.423684 0.000000 -0.696922
vn 0.000000 1.000000 0.000000
v -0.396876 0.000000 -0.673761
vn 0.000000 1.000000 0.000000
v -0.256625 0.000000 0.974370
vn 0.000000 1.000000 0.000000
v 0.359771 0.000000 0.843425
vn 0.000000 1.000000 0.000000
v -0.650584 0.000000 -0.203911
vn 0.000000 1.000000 0.000000
v -0.630226 0.000000 -0.171967
vn 0.000000 1.000000 0.000000
v 0.292687 0.000000 -0.733130
vn 0.000000 1.000000 0.000000
v 0.269121 0.000000 -0.705492
vn 0.000000 1.000000 0.000000
v 0.342278 0.000000 -0.199966
vn 0.000000 1.000000 0.000000
v 0.360508 0.000000 -0.162788
vn 0.000000 1.000000 0.000000
v 0.313093 0.000000 -0.076323
vn 0.000000 1.000000 0.000000
v 0.286577 0.000000 -0.050627
vn 0.000000 1.000000 0.000000
v 0.801886 0.000000 -0.080416
vn 0.000000 1.000000 0.000000
v 0.831312 0.000000 -0.089366
vn 0.000000 1.000000 0.000000
v 0.215897 0.000000 -0.152534
vn 0.000000 1.000000 0.000000
v 0.189890 0.000000 -0.180288
vn 0.000000 1.000000 0.000000
v 0.317300 0.000000 -0.822739
vn 0.000000 1.000000 0.000000
v 0.332376 0.000000 -0.791437
vn 0.000000 1.000000 0.000000
v 0.359153 0.000000 -0.819001
vn 0.000000 1.000000 0.000000
v -0.194822 0.000000 -0.596700
vn 0.000000 1.000000 0.000000
v -0.237253 0.000000 -0.603069
vn 0.000000 1.000000 0.000000
v -0.235947 0.000000 -0.664207
vn 0.000000 1.000000 0.000000
v 0.017887 0.000000 -1.000000
vn 0.000000 1.000000 0.000000
v 1.000000 0.000000 0.668687
vn 0.000000 1.000000 0.000000
v 0.979847 0.000000 0.699535
vn 0.000000 1.000000 0.000000
v 1.000000 0.000000 0.412105
vn 0.000000 1.000000 0.000000
v 1.000000 0.000000 0.333995
vn 0.000000 1.000000 0.000000
v 0.971194 0.000000 0.364603
vn 0.000000 1.000000 0.000000
v 1.000000 0.000000 0.254059
vn 0.000000 1.000000 0.000000
v 0.970868 0.000000 0.231563
vn 0.000000 1.000000 0.000000
v 0.939423 0.000000 0.214147
vn 0.000000 1.000000 0.000000
v 1.000000 0.000000 0.176147
vn 0.000000 1.000000 0.000000
v 0.887019 0.000000 -0.663295
vn 0.000000 1.000000 0.000000
v 0.925803 0.000000 -0.658353
vn 0.000000 1.000000 0.000000
v 0.926473 0.000000 -0.556756
vn 0.000000 1.000000 0.000000
v 0.800197 0.000000 -1.000000
vn 0.000000 1.000000 0.000000
v 0.743765 0.000000 -0.968200
vn 0.000000 1.000000 0.000000
v 0.852261 0.000000 0.446834
vn 0.000000 1.000000 0.000000
v 0.845373 0.000000 0.406097
vn 0.000000 1.000000 0.000000
v 0.871456 0.000000 0.379589
vn 0.000000 1.000000 0.000000
v 0.980061 0.000000 -0.334125
vn 0.000000 1.000000 0.000000
v 1.000000 0.000000 -0.329430
vn 0.000000 1.000000 0.000000
v -1.000000 0.000000 -0.598299
vn 0.000000 1.000000 0.000000
v -0.317712 0.000000 0.941217
vn 0.000000 1.000000 0.000000
v -0.318027 0.000000 0.902816
vn 0.000000 1.000000 0.000000
v 0.965828 0.000000 0.117784
vn 0.000000 1.000000 0.000000
v 1.000000 0.000000 -0.040558
vn 0.000000 1.000000 0.000000
v -0.850218 0.000000 -1.000000
vn 0.000000 1.000000 0.000000
v -0.850943 0.000000 -0.976898
vn 0.000000 1.000000 0.000000
v -0.851204 0.000000 -0.939813
vn 0.000000 1.000000 0.000000
v -0.456513 0.000000 -0.167874
vn 0.000000 1.000000 0.000000
v -0.488233 0.000000 -0.183303
vn 0.000000 1.000000 0.000000
v -0.281968 0.000000 0.565168
vn 0.000000 1.000000 0.000000
v -0.283345 0.000000 0.532559
vn 0.000000 1.000000 0.000000
v 0.282591 0.000000 1.000000
vn 0.000000 1.000000 0.000000
v 0.298970 0.000000 0.974669
vn 0.000000 1.000000 0.000000
v 0.360572 0.000000 1.000000
vn 0.000000 1.000000 0.000000
v 0.376164 0.000000 0.966190
vn 0.000000 1.000000 0.000000
v 0.333217 0.000000 0.963138
vn 0.000000 1.000000 0.000000
v 0.546135 0.000000 0.801752
vn 0.000000 1.000000 0.000000
v 0.516627 0.000000 0.782454
vn 0.000000 1.000000 0.000000
v 0.490470 0.000000 0.755823
vn 0.000000 1.000000 0.000000
v 0.367690 0.000000 0.726660
vn 0.000000 1.000000 0.000000
v 0.327599 0.000000 0.715597
vn 0.000000 1.000000 0.000000
v 0.335711 0.000000 0.753371
vn 0.000000 1.000000 0.000000
v 0.367969 0.000000 0.771812
vn 0.000000 1.000000 0.000000
v 0.398895 0.000000 0.753098
vn 0.000000 1.000000 0.000000
v 0.392429 0.000000 0.837998
vn 0.000000 1.000000 0.000000
v -1.000000 0.000000 -0.178558
vn 0.000000 1.000000 0.000000
v -0.978251 0.000000 -0.162616
vn 0.000000 1.000000 0.000000
v 0.469459 0.000000 0.174563
vn 0.000000 1.000000 0.000000
v 0.350171 0.000000 -0.886269
vn 0.000000 1.000000 0.000000
v 0.329144 0.000000 -0.908811
vn 0.000000 1.000000 0.000000
v 0.313762 0.000000 -0.883458
vn 0.000000 1.000000 0.000000
v 0.058165 0.000000 -0.931480
vn 0.000000 1.000000 0.000000
v 0.070855 0.000000 -0.893913
vn 0.000000 1.000000 0.000000
v -0.909342 0.000000 0.287815
vn 0.000000 1.000000 0.000000
v -0.911330 0.000000 0.326118
vn 0.000000 1.000000 0.000000
v -0.879063 0.000000 0.306412
vn 0.000000 1.000000 0.000000
v 0.983796 0.000000 -0.462481
vn 0.000000 1.000000 0.000000
v 1.000000 0.000000 -0.464813
vn 0.000000 1.000000 0.000000
v 0.962281 0.000000 -0.510087
vn 0.000000 1.000000 0.000000
v 0.962521 0.000000 -0.542549
vn 0.000000 1.000000 0.000000
v 1.000000 0.000000 -0.529781
vn 0.000000 1.000000 0.000000
v 0.900654 0.000000 -0.859062
vn 0.000000 1.000000 0.000000
v 0.915003 0.000000 -0.886685
vn 0.000000 1.000000 0.000000
v 0.879259 0.000000 -0.895038
vn 0.000000 1.000000 0.000000
v 0.307288 0.000000 0.888870
vn 0.000000 1.000000 0.000000
v -0.413579 0.000000 1.000000
vn 0.000000 1.000000 0.000000
v -0.429254 0.000000 0.963561
vn 0.000000 1.000000 0.000000
v -0.647652 0.000000 0.032026
vn 0.000000 1.000000 0.000000
v -0.669022 0.000000 0.012616
vn 0.000000 1.000000 0.000000
v -0.653530 0.000000 0.064914
vn 0.000000 1.000000 0.000000
v -0.684746 0.000000 0.049532
vn 0.000000 1.000000 0.000000
v -0.655214 0.000000 -0.641117
vn 0.000000 1.000000 0.000000
v -0.682526 0.000000 -0.672265
vn 0.000000 1.000000 0.000000
v -0.699499 0.000000 -0.636425
vn 0.000000 1.000000 0.000000
v -0.739703 0.000000 -0.631449
vn 0.000000 1.000000 0.000000
v -0.716146 0.000000 -0.601669
vn 0.000000 1.000000 0.000000
v -0.459325 0.000000 -0.023458
vn 0.000000 1.000000 0.000000
v -0.059462 0.000000 -0.976016
vn 0.000000 1.000000 0.000000
v -0.063437 0.000000 -0.939837
vn 0.000000 1.000000 0.000000
v -0.057735 0.000000 -1.000000
vn 0.000000 1.000000 0.000000
v -0.946041 0.000000 -0.304798
vn 0.000000 1.000000 0.000000
v -0.980179 0.000000 -0.305671
vn 0.000000 1.000000 0.000000
v -0.969766 0.000000 -0.273660
vn 0.000000 1.000000 0.000000
v -1.000000 0.000000 0.524958
vn 0.000000 1.000000 0.000000
v -0.971469 0.000000 0.502355
vn 0.000000 1.000000 0.000000
v 0.969298 0.000000 0.895013
vn 0.000000 1.000000 0.000000
v 0.967915 0.000000 0.859714
vn 0.000000 1.000000 0.000000
v 0.936404 0.000000 0.882390
vn 0.000000 1.000000 0.000000
v 1.000000 0.000000 0.840362
vn 0.000000 1.000000 0.000000
v 0.963207 0.000000 0.729786
vn 0.000000 1.000000 0.000000
v 0.946749 0.000000 0.761967
vn 0.000000 1.000000 0.000000
v 1.000000 0.000000 0.730911
vn 0.000000 1.000000 0.000000
v 0.948250 0.000000 0.696670
vn 0.000000 1.000000 0.000000
v 0.721772 0.000000 -1.000000
vn 0.000000 1.000000 0.000000
v -0.964634 0.000000 -0.477920
vn 0.000000 1.000000 0.000000
v -0.964350 0.000000 -0.514255
vn 0.000000 1.000000 0.000000
v -0.794531 0.000000 -0.164524
vn 0.000000 1.000000 0.000000
v -0.771098 0.000000 -0.206994
vn 0.000000 1.000000 0.000000
v 0.696923 0.000000 -0.496083
vn 0.000000 1.000000 0.000000
v 0.685625 0.000000 -0.529512
vn 0.000000 1.000000 0.000000
v 0.663085 0.000000 -0.500771
vn 0.000000 1.000000 0.000000
v 0.813948 0.000000 -0.677960
vn 0.000000 1.000000 0.000000
v 0.825959 0.000000 -0.649068
vn 0.000000 1.000000 0.000000
v 0.849800 0.000000 -0.670700
vn 0.000000 1.000000 0.000000
v 0.698461 0.000000 -0.692056
vn 0.000000 1.000000 0.000000
v 0.660889 0.000000 -0.695204
vn 0.000000 1.000000 0.000000
v 0.676687 0.000000 -0.662458
vn 0.000000 1.000000 0.000000
v 0.866950 0.000000 0.040198
vn 0.000000 1.000000 0.000000
v 0.879215 0.000000 0.003399
vn 0.000000 1.000000 0.000000
v 0.844702 0.000000 0.009966
vn 0.000000 1.000000 0.000000
v 0.914512 0.000000 -0.005065
vn 0.000000 1.000000 0.000000
v 0.889872 0.000000 -0.034427
vn 0.000000 1.000000 0.000000
v 0.903285 0.000000 0.111537
vn 0.000000 1.000000 0.000000
v 0.894316 0.000000 0.075023
vn 0.000000 1.000000 0.000000
v 0.829449 0.000000 0.043253
vn 0.000000 1.000000 0.000000
v 0.477531 0.000000 -0.669182
vn 0.000000 1.000000 0.000000
v 0.607602 0.000000 -0.663626
vn 0.000000 1.000000 0.000000
v 0.595820 0.000000 -0.631761
vn 0.000000 1.000000 0.000000
v 0.625172 0.000000 -0.640317
vn 0.000000 1.000000 0.000000
v -0.517501 0.000000 -0.692543
vn 0.000000 1.000000 0.000000
v -0.514799 0.000000 -0.735462
vn 0.000000 1.000000 0.000000
v -0.550547 0.000000 -0.709912
vn 0.000000 1.000000 0.000000
v -0.583182 0.000000 -0.723231
vn 0.000000 1.000000 0.000000
v -0.613597 0.000000 0.112820
vn 0.000000 1.000000 0.000000
v -0.585935 0.000000 0.144574
vn 0.000000 1.000000 0.000000
v -0.569718 0.000000 0.108547
vn 0.000000 1.000000 0.000000
v 1.000000 0.000000 -0.203768
vn 0.000000 1.000000 0.000000
v 0.901836 0.000000 -0.120224
vn 0.000000 1.000000 0.000000
v 0.902979 0.000000 -0.076569
vn 0.000000 1.000000 0.000000
v 0.861384 0.000000 -0.062896
vn 0.000000 1.000000 0.000000
v 0.252276 0.000000 0.156878
vn 0.000000 1.000000 0.000000
v 0.230200 0.000000 -0.029824
vn 0.000000 1.000000 0.000000
v 0.261033 0.000000 -0.023587
vn 0.000000 1.000000 0.000000
v 0.295197 0.000000 -0.014646
vn 0.000000 1.000000 0.000000
v 0.302120 0.000000 0.016663
vn 0.000000 1.000000 0.000000
v 0.329212 0.000000 -0.001479
vn 0.000000 1.000000 0.000000
v 0.232948 0.000000 0.100990
vn 0.000000 1.000000 0.000000
v 0.259377 0.000000 0.079600
vn 0.000000 1.000000 0.000000
v 0.290200 0.000000 0.050800
vn 0.000000 1.000000 0.000000
v 0.328340 0.000000 0.035991
vn 0.000000 1.000000 0.000000
v 0.328287 0.000000 0.102693
vn 0.000000 1.000000 0.000000
v 0.327875 0.000000 0.072637
vn 0.000000 1.000000 0.000000
v 0.297126 0.000000 0.092635
vn 0.000000 1.000000 0.000000
v 0.593343 0.000000 0.422635
vn 0.000000 1.000000 0.000000
v 0.594625 0.000000 0.386652
vn 0.000000 1.000000 0.000000
v -0.716490 0.000000 -1.000000
vn 0.000000 1.000000 0.000000
v 0.431140 0.000000 0.832323
vn 0.000000 1.000000 0.000000
v 0.470302 0.000000 0.828865
vn 0.000000 1.000000 0.000000
v 0.494652 0.000000 0.862251
vn 0.000000 1.000000 0.000000
v 0.512736 0.000000 0.823973
vn 0.000000 1.000000 0.000000
v 0.464611 0.000000 0.931070
vn 0.000000 1.000000 0.000000
v 0.479913 0.000000 0.897753
vn 0.000000 1.000000 0.000000
v 0.376149 0.000000 0.908978
vn 0.000000 1.000000 0.000000
v 0.393855 0.000000 0.935052
vn 0.000000 1.000000 0.000000
v 0.258517 0.000000 -0.963865
vn 0.000000 1.000000 0.000000
v 0.246803 0.000000 -1.000000
vn 0.000000 1.000000 0.000000
v -0.651694 0.000000 0.100124
vn 0.000000 1.000000 0.000000
v -0.626042 0.000000 0.079858
vn 0.000000 1.000000 0.000000
v -1.000000 0.000000 -0.068787
vn 0.000000 1.000000 0.000000
v -0.967467 0.000000 -0.084743
vn 0.000000 1.000000 0.000000
v -0.949232 0.000000 -0.166017
vn 0.000000 1.000000 0.000000
v -0.895919 0.000000 -0.204843
vn 0.000000 1.000000 0.000000
v -0.856623 0.000000 -0.205106
vn 0.000000 1.000000 0.000000
v -0.876344 0.000000 -0.237902
vn 0.000000 1.000000 0.000000
v 0.209661 0.000000 -0.054224
vn 0.000000 1.000000 0.000000
v 0.222636 0.000000 -0.088974
vn 0.000000 1.000000 0.000000
v 0.186447 0.000000 -0.081982
vn 0.000000 1.000000 0.000000
v -0.514824 0.000000 -0.836158
vn 0.000000 1.000000 0.000000
v 0.191387 0.000000 0.259062
vn 0.000000 1.000000 0.000000
v 0.208452 0.000000 0.234560
vn 0.000000 1.000000 0.000000
v 0.175175 0.000000 0.226229
vn 0.000000 1.000000 0.000000
v -1.000000 0.000000 0.150448
vn 0.000000 1.000000 0.000000
v -0.967849 0.000000 0.133748
vn 0.000000 1.000000 0.000000
v -1.000000 0.000000 0.222820
vn 0.000000 1.000000 0.000000
v -0.968346 0.000000 0.245900
vn 0.000000 1.000000 0.000000
v 0.375530 0.000000 -0.857336
vn 0.000000 1.000000 0.000000
v -0.544630 0.000000 0.969644
vn 0.000000 1.000000 0.000000
v -0.577418 0.000000 0.975188
vn 0.000000 1.000000 0.000000
v -0.561684 0.000000 1.000000
vn 0.000000 1.000000 0.000000
v -0.609463 0.000000 0.962246
vn 0.000000 1.000000 0.000000
v -0.653316 0.000000 0.964803
vn 0.000000 1.000000 0.000000
v -0.637950 0.000000 1.000000
vn 0.000000 1.000000 0.000000
v 0.433345 0.000000 -0.899913
vn 0.000000 1.000000 0.000000
v 0.495740 0.000000 -0.976282
vn 0.000000 1.000000 0.000000
v 0.427345 0.000000 -1.000000
vn 0.000000 1.000000 0.000000
v 0.430782 0.000000 -0.978035
vn 0.000000 1.000000 0.000000
v 0.028262 0.000000 -0.938595
vn 0.000000 1.000000 0.000000
v 0.756454 0.000000 0.045618
vn 0.000000 1.000000 0.000000
v 0.719896 0.000000 0.051884
vn 0.000000 1.000000 0.000000
v 0.743253 0.000000 0.081371
vn 0.000000 1.000000 0.000000
v 0.738535 0.000000 0.131963
vn 0.000000 1.000000 0.000000
v 0.753559 0.000000 0.107805
vn 0.000000 1.000000 0.000000
v 0.796674 0.000000 0.113429
vn 0.000000 1.000000 0.000000
v 1.000000 0.000000 0.490524
vn 0.000000 1.000000 0.000000
v 0.825510 0.000000 -0.739535
vn 0.000000 1.000000 0.000000
v 0.805196 0.000000 0.685595
vn 0.000000 1.000000 0.000000
v 0.793341 0.000000 0.646024
vn 0.000000 1.000000 0.000000
v 0.771391 0.000000 0.672934
vn 0.000000 1.000000 0.000000
v 0.440474 0.000000 -0.166440
vn 0.000000 1.000000 0.000000
v 0.469746 0.000000 -0.177821
vn 0.000000 1.000000 0.000000
v -0.120312 0.000000 -0.466482
vn 0.000000 1.000000 0.000000
v -0.088640 0.000000 -0.471246
vn 0.000000 1.000000 0.000000
v -0.105356 0.000000 -0.496340
vn 0.000000 1.000000 0.000000
v -0.055001 0.000000 -0.537970
vn 0.000000 1.000000 0.000000
v -0.091153 0.000000 -0.553054
vn 0.000000 1.000000 0.000000
v -0.086196 0.000000 -0.520675
vn 0.000000 1.000000 0.000000
v -0.745114 0.000000 0.077285
vn 0.000000 1.000000 0.000000
v -0.685220 0.000000 0.086461
vn 0.000000 1.000000 0.000000
v -0.772252 0.000000 0.047022
vn 0.000000 1.000000 0.000000
v -0.780708 0.000000 0.084558
vn 0.000000 1.000000 0.000000
v -0.762549 0.000000 0.010917
vn 0.000000 1.000000 0.000000
v -0.220660 0.000000 0.486678
vn 0.000000 1.000000 0.000000
v -0.251391 0.000000 0.513187
vn 0.000000 1.000000 0.000000
v -0.217316 0.000000 0.528630
vn 0.000000 1.000000 0.000000
v -0.815550 0.000000 0.092013
vn 0.000000 1.000000 0.000000
v -0.791314 0.000000 0.119790
vn 0.000000 1.000000 0.000000
v -0.838151 0.000000 0.064906
vn 0.000000 1.000000 0.000000
v -0.851113 0.000000 0.098227
vn 0.000000 1.000000 0.000000
v 0.619156 0.000000 0.644112
vn 0.000000 1.000000 0.000000
v 0.584529 0.000000 0.628736
vn 0.000000 1.000000 0.000000
v 0.655807 0.000000 0.658211
vn 0.000000 1.000000 0.000000
v 0.648087 0.000000 0.619047
vn 0.000000 1.000000 0.000000
v 0.774209 0.000000 0.565294
vn 0.000000 1.000000 0.000000
v 0.776688 0.000000 0.607678
vn 0.000000 1.000000 0.000000
v 0.693017 0.000000 0.671177
vn 0.000000 1.000000 0.000000
v 0.661916 0.000000 0.697929
vn 0.000000 1.000000 0.000000
v -0.331661 0.000000 0.829184
vn 0.000000 1.000000 0.000000
v -0.241656 0.000000 0.835573
vn 0.000000 1.000000 0.000000
v -0.210662 0.000000 0.818997
vn 0.000000 1.000000 0.000000
v 0.174255 0.000000 0.287561
vn 0.000000 1.000000 0.000000
v 0.208898 0.000000 0.289381
vn 0.000000 1.000000 0.000000
v -0.657535 0.000000 0.161946
vn 0.000000 1.000000 0.000000
v 0.767581 0.000000 -0.480464
vn 0.000000 1.000000 0.000000
v 0.803534 0.000000 -0.472450
vn 0.000000 1.000000 0.000000
v 0.821936 0.000000 -0.440719
vn 0.000000 1.000000 0.000000
v 1.000000 0.000000 -0.639279
vn 0.000000 1.000000 0.000000
v 0.984127 0.000000 -0.593742
vn 0.000000 1.000000 0.000000
v 1.000000 0.000000 -0.593515
vn 0.000000 1.000000 0.000000
v 0.074136 0.000000 -0.158820
vn 0.000000 1.000000 0.000000
v 0.099098 0.000000 -0.195366
vn 0.000000 1.000000 0.000000
v -0.387588 0.000000 0.224173
vn 0.000000 1.000000 0.000000
v -0.388777 0.000000 0.186287
vn 0.000000 1.000000 0.000000
v -0.418686 0.000000 0.208492
vn 0.000000 1.000000 0.000000
v 0.294999 0.000000 -0.145093
vn 0.000000 1.000000 0.000000
v 0.258250 0.000000 -0.158552
vn 0.000000 1.000000 0.000000
v -0.336835 0.000000 0.793993
vn 0.000000 1.000000 0.000000
v -0.272713 0.000000 0.785851
vn 0.000000 1.000000 0.000000
v -0.492599 0.000000 0.330011
vn 0.000000 1.000000 0.000000
v -0.458741 0.000000 0.306208
vn 0.000000 1.000000 0.000000
v -0.146528 0.000000 -0.710656
vn 0.000000 1.000000 0.000000
v -0.167164 0.000000 -0.739977
vn 0.000000 1.000000 0.000000
v -0.184338 0.000000 -0.705622
vn 0.000000 1.000000 0.000000
v -0.125547 0.000000 -0.562089
vn 0.000000 1.000000 0.000000
v -0.153531 0.000000 -0.538136
vn 0.000000 1.000000 0.000000
v 0.298784 0.000000 -0.321988
vn 0.000000 1.000000 0.000000
v 0.236081 0.000000 -0.472720
vn 0.000000 1.000000 0.000000
v 0.232371 0.000000 -0.508539
vn 0.000000 1.000000 0.000000
v 0.203138 0.000000 -0.486336
vn 0.000000 1.000000 0.000000
v -0.863150 0.000000 -0.526190
vn 0.000000 1.000000 0.000000
v -0.835475 0.000000 -0.548461
vn 0.000000 1.000000 0.000000
v -0.868633 0.000000 -0.556143
vn 0.000000 1.000000 0.000000
v -0.929470 0.000000 -0.561911
vn 0.000000 1.000000 0.000000
v -0.894778 0.000000 -0.576342
vn 0.000000 1.000000 0.000000
v -0.929030 0.000000 -0.597118
vn 0.000000 1.000000 0.000000
v 0.176534 0.000000 0.458167
vn 0.000000 1.000000 0.000000
v 0.194712 0.000000 0.417661
vn 0.000000 1.000000 0.000000
v 0.233384 0.000000 0.413901
vn 0.000000 1.000000 0.000000
v 0.214243 0.000000 0.382166
vn 0.000000 1.000000 0.000000
v -0.857361 0.000000 -0.490358
vn 0.000000 1.000000 0.000000
v -0.894273 0.000000 -0.506814
vn 0.000000 1.000000 0.000000
v -0.929387 0.000000 -0.527158
vn 0.000000 1.000000 0.000000
v -0.928749 0.000000 -0.490288
vn 0.000000 1.000000 0.000000
v -0.871482 0.000000 -0.428475
vn 0.000000 1.000000 0.000000
v -0.902355 0.000000 -0.430336
vn 0.000000 1.000000 0.000000
v -0.889056 0.000000 -0.400590
vn 0.000000 1.000000 0.000000
v -0.904853 0.000000 -0.369236
vn 0.000000 1.000000 0.000000
v -1.000000 0.000000 -0.381897
vn 0.000000 1.000000 0.000000
v -0.843692 0.000000 -0.313692
vn 0.000000 1.000000 0.000000
v -0.865856 0.000000 -0.371934
vn 0.000000 1.000000 0.000000
v -0.876625 0.000000 -0.300589
vn 0.000000 1.000000 0.000000
v -0.046601 0.000000 0.961190
vn 0.000000 1.000000 0.000000
v -0.034583 0.000000 1.000000
vn 0.000000 1.000000 0.000000
v -0.105443 0.000000 1.000000
vn 0.000000 1.000000 0.000000
v -0.272570 0.000000 0.427585
vn 0.000000 1.000000 0.000000
v -0.000394 0.000000 0.550215
vn 0.000000 1.000000 0.000000
v -0.031950 0.000000 0.551131
vn 0.000000 1.000000 0.000000
v -0.020130 0.000000 0.580777
vn 0.000000 1.000000 0.000000
v -0.159864 0.000000 0.283525
vn 0.000000 1.000000 0.000000
v -0.195749 0.000000 0.345597
vn 0.000000 1.000000 0.000000
v -0.747641 0.000000 0.710594
vn 0.000000 1.000000 0.000000
v -0.711433 0.000000 0.698072
vn 0.000000 1.000000 0.000000
v -0.741866 0.000000 0.673133
vn 0.000000 1.000000 0.000000
v 0.453540 0.000000 -0.204762
vn 0.000000 1.000000 0.000000
v 0.436288 0.000000 -0.236921
vn 0.000000 1.000000 0.000000
v -0.047673 0.000000 0.436063
vn 0.000000 1.000000 0.000000
v -0.750235 0.000000 0.839456
vn 0.000000 1.000000 0.000000
v -0.749001 0.000000 0.872827
vn 0.000000 1.000000 0.000000
v 0.827791 0.000000 -0.369770
vn 0.000000 1.000000 0.000000
v -0.355673 0.000000 0.242016
vn 0.000000 1.000000 0.000000
v -0.319722 0.000000 0.224977
vn 0.000000 1.000000 0.000000
v -0.282521 0.000000 0.210742
vn 0.000000 1.000000 0.000000
v -0.309933 0.000000 0.186150
vn 0.000000 1.000000 0.000000
v -0.246604 0.000000 -0.633351
vn 0.000000 1.000000 0.000000
v -0.264310 0.000000 -0.576333
vn 0.000000 1.000000 0.000000
v -0.258085 0.000000 -0.540773
vn 0.000000 1.000000 0.000000
v -0.300270 0.000000 -0.715906
vn 0.000000 1.000000 0.000000
v -0.332596 0.000000 -0.698959
vn 0.000000 1.000000 0.000000
v -0.362975 0.000000 -0.720022
vn 0.000000 1.000000 0.000000
v 0.595250 0.000000 -0.504022
vn 0.000000 1.000000 0.000000
v 0.629435 0.000000 -0.503304
vn 0.000000 1.000000 0.000000
v 0.615735 0.000000 -0.536168
vn 0.000000 1.000000 0.000000
v 0.642940 0.000000 -0.470756
vn 0.000000 1.000000 0.000000
v 0.561027 0.000000 -0.439372
vn 0.000000 1.000000 0.000000
v 0.593451 0.000000 -0.440172
vn 0.000000 1.000000 0.000000
v 0.577027 0.000000 -0.471642
vn 0.000000 1.000000 0.000000
v 0.625026 0.000000 -0.439873
vn 0.000000 1.000000 0.000000
v 0.656513 0.000000 -0.438407
vn 0.000000 1.000000 0.000000
v -0.221473 0.000000 -0.529090
vn 0.000000 1.000000 0.000000
v -0.250325 0.000000 -0.505567
vn 0.000000 1.000000 0.000000
v -0.827027 0.000000 0.217467
vn 0.000000 1.000000 0.000000
v -0.838313 0.000000 0.251551
vn 0.000000 1.000000 0.000000
v 0.834301 0.000000 -0.127744
vn 0.000000 1.000000 0.000000
v 0.826260 0.000000 -0.014861
vn 0.000000 1.000000 0.000000
v 0.872439 0.000000 -0.184122
vn 0.000000 1.000000 0.000000
v 0.898067 0.000000 -0.263271
vn 0.000000 1.000000 0.000000
v 0.880280 0.000000 -0.224081
vn 0.000000 1.000000 0.000000
v 0.911157 0.000000 -0.227602
vn 0.000000 1.000000 0.000000
v 0.934277 0.000000 -0.174306
vn 0.000000 1.000000 0.000000
v 0.903024 0.000000 -0.159009
vn 0.000000 1.000000 0.000000
v 0.869334 0.000000 -0.143232
vn 0.000000 1.000000 0.000000
v -0.616146 0.000000 0.721179
vn 0.000000 1.000000 0.000000
v -0.648097 0.000000 0.741198
vn 0.000000 1.000000 0.000000
v -0.614584 0.000000 0.757758
vn 0.000000 1.000000 0.000000
v -0.680719 0.000000 0.721675
vn 0.000000 1.000000 0.000000
v -0.668973 0.000000 0.795824
vn 0.000000 1.000000 0.000000
v -0.743107 0.000000 0.523239
vn 0.000000 1.000000 0.000000
v -0.722695 0.000000 0.487144
vn 0.000000 1.000000 0.000000
v -0.785688 0.000000 0.521804
vn 0.000000 1.000000 0.000000
v 1.000000 0.000000 -0.399193
vn 0.000000 1.000000 0.000000
v -0.837159 0.000000 0.769019
vn 0.000000 1.000000 0.000000
v -0.850853 0.000000 0.804181
vn 0.000000 1.000000 0.000000
v -0.792299 0.000000 0.764571
vn 0.000000 1.000000 0.000000
v -0.773194 0.000000 0.803107
vn 0.000000 1.000000 0.000000
v -0.756249 0.000000 0.778260
vn 0.000000 1.000000 0.000000
v -0.753936 0.000000 0.747462
vn 0.000000 1.000000 0.000000
v 0.824316 0.000000 0.801975
vn 0.000000 1.000000 0.000000
v 0.858575 0.000000 0.816755
vn 0.000000 1.000000 0.000000
v 0.849986 0.000000 0.778508
vn 0.000000 1.000000 0.000000
v 0.910872 0.000000 0.760906
vn 0.000000 1.000000 0.000000
v 0.895350 0.000000 0.724444
vn 0.000000 1.000000 0.000000
v 0.874096 0.000000 0.753272
vn 0.000000 1.000000 0.000000
v 0.600785 0.000000 -0.569311
vn 0.000000 1.000000 0.000000
v 0.638569 0.000000 -0.568274
vn 0.000000 1.000000 0.000000
v -0.750470 0.000000 -0.845559
vn 0.000000 1.000000 0.000000
v -0.714087 0.000000 -0.827927
vn 0.000000 1.000000 0.000000
v 0.188291 0.000000 0.711637
vn 0.000000 1.000000 0.000000
v -0.585004 0.000000 0.702661
vn 0.000000 1.000000 0.000000
v -0.557353 0.000000 0.716920
vn 0.000000 1.000000 0.000000
v -0.477655 0.000000 -0.741141
vn 0.000000 1.000000 0.000000
v -0.447777 0.000000 -0.725834
vn 0.000000 1.000000 0.000000
v -0.421977 0.000000 -0.754522
vn 0.000000 1.000000 0.000000
v 0.809200 0.000000 -0.332160
vn 0.000000 1.000000 0.000000
v 0.847026 0.000000 -0.333548
vn 0.000000 1.000000 0.000000
v 0.793824 0.000000 -0.293850
vn 0.000000 1.000000 0.000000
v 0.227379 0.000000 0.540899
vn 0.000000 1.000000 0.000000
v 0.259312 0.000000 0.513684
vn 0.000000 1.000000 0.000000
v 0.227744 0.000000 0.507784
vn 0.000000 1.000000 0.000000
v 0.351523 0.000000 -0.700721
vn 0.000000 1.000000 0.000000
v 0.391763 0.000000 -0.708304
vn 0.000000 1.000000 0.000000
v 0.369247 0.000000 -0.733650
vn 0.000000 1.000000 0.000000
v 0.857399 0.000000 -0.449957
vn 0.000000 1.000000 0.000000
v 0.851382 0.000000 -0.409034
vn 0.000000 1.000000 0.000000
v 0.896442 0.000000 -0.364671
vn 0.000000 1.000000 0.000000
v 0.893488 0.000000 -0.395730
vn 0.000000 1.000000 0.000000
v 0.795790 0.000000 0.486541
vn 0.000000 1.000000 0.000000
v -0.629577 0.000000 -0.828240
vn 0.000000 1.000000 0.000000
v -0.640790 0.000000 -0.857777
vn 0.000000 1.000000 0.000000
v -0.660480 0.000000 -0.827434
vn 0.000000 1.000000 0.000000
v 0.527918 0.000000 -0.615304
vn 0.000000 1.000000 0.000000
v 0.561282 0.000000 -0.624594
vn 0.000000 1.000000 0.000000
v 0.493001 0.000000 -0.605711
vn 0.000000 1.000000 0.000000
v 0.523861 0.000000 -0.576090
vn 0.000000 1.000000 0.000000
v 0.582900 0.000000 -0.599414
vn 0.000000 1.000000 0.000000
v 0.563636 0.000000 -0.569123
vn 0.000000 1.000000 0.000000
v 0.338063 0.000000 -0.665709
vn 0.000000 1.000000 0.000000
v 0.665645 0.000000 0.737541
vn 0.000000 1.000000 0.000000
v 0.631422 0.000000 0.722438
vn 0.000000 1.000000 0.000000
v 0.404748 0.000000 -0.651102
vn 0.000000 1.000000 0.000000
v 0.442129 0.000000 -0.661294
vn 0.000000 1.000000 0.000000
v 0.466512 0.000000 -0.633234
vn 0.000000 1.000000 0.000000
v 0.203054 0.000000 -0.622956
vn 0.000000 1.000000 0.000000
v 0.223522 0.000000 -0.652505
vn 0.000000 1.000000 0.000000
v 0.185090 0.000000 -0.658020
vn 0.000000 1.000000 0.000000
v 0.260737 0.000000 -0.648549
vn 0.000000 1.000000 0.000000
v 0.245364 0.000000 -0.679862
vn 0.000000 1.000000 0.000000
v -0.337321 0.000000 0.366999
vn 0.000000 1.000000 0.000000
v -0.282299 0.000000 0.366974
vn 0.000000 1.000000 0.000000
v 0.289602 0.000000 -0.280683
vn 0.000000 1.000000 0.000000
v 0.257906 0.000000 -0.261952
vn 0.000000 1.000000 0.000000
v 0.288149 0.000000 -0.238064
vn 0.000000 1.000000 0.000000
v 0.751577 0.000000 -0.369534
vn 0.000000 1.000000 0.000000
v -0.333770 0.000000 0.158937
vn 0.000000 1.000000 0.000000
v -0.364520 0.000000 0.164976
vn 0.000000 1.000000 0.000000
v 0.637168 0.000000 -0.360738
vn 0.000000 1.000000 0.000000
v 0.608345 0.000000 -0.381126
vn 0.000000 1.000000 0.000000
v 0.606768 0.000000 -0.342071
vn 0.000000 1.000000 0.000000
v 0.165019 0.000000 -0.569442
vn 0.000000 1.000000 0.000000
v 0.166851 0.000000 -0.538394
vn 0.000000 1.000000 0.000000
v 0.329457 0.000000 -0.135902
vn 0.000000 1.000000 0.000000
v 0.337193 0.000000 -0.101567
vn 0.000000 1.000000 0.000000
v -0.568208 0.000000 0.278268
vn 0.000000 1.000000 0.000000
v -0.595131 0.000000 0.206236
vn 0.000000 1.000000 0.000000
v -0.598991 0.000000 0.173800
vn 0.000000 1.000000 0.000000
v -0.157520 0.000000 0.871432
vn 0.000000 1.000000 0.000000
v -0.160096 0.000000 0.903917
vn 0.000000 1.000000 0.000000
v -0.224494 0.000000 0.931895
vn 0.000000 1.000000 0.000000
v -0.252846 0.000000 0.907741
vn 0.000000 1.000000 0.000000
v 0.820982 0.000000 -0.562334
vn 0.000000 1.000000 0.000000
v 0.925821 0.000000 -0.489276
vn 0.000000 1.000000 0.000000
v 0.959531 0.000000 -0.576033
vn 0.000000 1.000000 0.000000
v 0.473687 0.000000 -0.144840
vn 0.000000 1.000000 0.000000
v 0.450301 0.000000 -0.122385
vn 0.000000 1.000000 0.000000
v 0.483848 0.000000 -0.106238
vn 0.000000 1.000000 0.000000
v -0.132135 0.000000 0.719769
vn 0.000000 1.000000 0.000000
v -0.167974 0.000000 0.710790
vn 0.000000 1.000000 0.000000
v -0.157533 0.000000 0.743167
vn 0.000000 1.000000 0.000000
v 0.139617 0.000000 0.291272
vn 0.000000 1.000000 0.000000
v 0.163290 0.000000 0.319094
vn 0.000000 1.000000 0.000000
v 0.761454 0.000000 -0.291216
vn 0.000000 1.000000 0.000000
v 0.732289 0.000000 -0.306486
vn 0.000000 1.000000 0.000000
v 0.737530 0.000000 -0.270025
vn 0.000000 1.000000 0.000000
v 0.727380 0.000000 -0.343276
vn 0.000000 1.000000 0.000000
v 0.698349 0.000000 -0.320897
vn 0.000000 1.000000 0.000000
v 0.101833 0.000000 -0.127621
vn 0.000000 1.000000 0.000000
v -0.292510 0.000000 -0.328690
vn 0.000000 1.000000 0.000000
v -0.320123 0.000000 -0.302002
vn 0.000000 1.000000 0.000000
v -0.279638 0.000000 -0.288079
vn 0.000000 1.000000 0.000000
v -0.506632 0.000000 0.205295
vn 0.000000 1.000000 0.000000
v 0.602703 0.000000 0.706574
vn 0.000000 1.000000 0.000000
v 0.571769 0.000000 0.777878
vn 0.000000 1.000000 0.000000
v -0.503876 0.000000 -0.803547
vn 0.000000 1.000000 0.000000
v -0.555830 0.000000 -0.749138
vn 0.000000 1.000000 0.000000
v -0.572490 0.000000 -0.786218
vn 0.000000 1.000000 0.000000
v -0.585746 0.000000 -0.754436
vn 0.000000 1.000000 0.000000
v -0.571932 0.000000 -0.826331
vn 0.000000 1.000000 0.000000
v -0.604884 0.000000 -0.810061
vn 0.000000 1.000000 0.000000
v 0.149101 0.000000 -0.074965
vn 0.000000 1.000000 0.000000
v -0.284209 0.000000 0.499136
vn 0.000000 1.000000 0.000000
v 0.883543 0.000000 0.257473
vn 0.000000 1.000000 0.000000
v 0.920427 0.000000 0.316195
vn 0.000000 1.000000 0.000000
v 0.935265 0.000000 0.357296
vn 0.000000 1.000000 0.000000
v -0.826087 0.000000 0.524256
vn 0.000000 1.000000 0.000000
v -0.843599 0.000000 0.490856
vn 0.000000 1.000000 0.000000
v -0.864024 0.000000 0.738833
vn 0.000000 1.000000 0.000000
v -0.875824 0.000000 0.774268
vn 0.000000 1.000000 0.000000
v 0.310125 0.000000 0.773591
vn 0.000000 1.000000 0.000000
v 0.315612 0.000000 0.680753
vn 0.000000 1.000000 0.000000
v 0.336465 0.000000 0.658377
vn 0.000000 1.000000 0.000000
v 0.443839 0.000000 -0.834131
vn 0.000000 1.000000 0.000000
v 0.374272 0.000000 0.463311
vn 0.000000 1.000000 0.000000
v 0.357855 0.000000 0.435535
vn 0.000000 1.000000 0.000000
v 0.344866 0.000000 0.467229
vn 0.000000 1.000000 0.000000
v 0.216225 0.000000 0.686634
vn 0.000000 1.000000 0.000000
v -0.501959 0.000000 0.871857
vn 0.000000 1.000000 0.000000
v -0.544833 0.000000 0.826437
vn 0.000000 1.000000 0.000000
v -0.610726 0.000000 0.830347
vn 0.000000 1.000000 0.000000
v -0.608714 0.000000 0.863673
vn 0.000000 1.000000 0.000000
v -0.661967 0.000000 -0.962679
vn 0.000000 1.000000 0.000000
v 0.393757 0.000000 -0.794449
vn 0.000000 1.000000 0.000000
v -0.071213 0.000000 0.136821
vn 0.000000 1.000000 0.000000
v -0.098082 0.000000 0.111333
vn 0.000000 1.000000 0.000000
v -0.105700 0.000000 0.150206
vn 0.000000 1.000000 0.000000
v 0.063573 0.000000 0.927771
vn 0.000000 1.000000 0.000000
v 0.037137 0.000000 0.891354
vn 0.000000 1.000000 0.000000
v -0.088477 0.000000 0.080060
vn 0.000000 1.000000 0.000000
v -0.357252 0.000000 -0.316579
vn 0.000000 1.000000 0.000000
v -0.349627 0.000000 -0.281097
vn 0.000000 1.000000 0.000000
v -0.467112 0.000000 0.856042
vn 0.000000 1.000000 0.000000
v -0.397417 0.000000 0.838048
vn 0.000000 1.000000 0.000000
v -0.367862 0.000000 0.815252
vn 0.000000 1.000000 0.000000
v -0.158753 0.000000 -0.574778
vn 0.000000 1.000000 0.000000
v 0.041135 0.000000 -0.601574
vn 0.000000 1.000000 0.000000
v 0.017912 0.000000 -0.571553
vn 0.000000 1.000000 0.000000
v 0.113150 0.000000 -0.594664
vn 0.000000 1.000000 0.000000
v 0.078189 0.000000 -0.597278
vn 0.000000 1.000000 0.000000
v 0.092874 0.000000 -0.566087
vn 0.000000 1.000000 0.000000
v 0.033466 0.000000 -0.542090
vn 0.000000 1.000000 0.000000
v -0.391521 0.000000 0.266103
vn 0.000000 1.000000 0.000000
v -0.787328 0.000000 -0.909283
vn 0.000000 1.000000 0.000000
v -0.807201 0.000000 -0.886041
vn 0.000000 1.000000 0.000000
v -0.526158 0.000000 0.485207
vn 0.000000 1.000000 0.000000
v -0.505217 0.000000 0.522602
vn 0.000000 1.000000 0.000000
v -0.477153 0.000000 0.494789
vn 0.000000 1.000000 0.000000
v -0.542306 0.000000 -0.345774
vn 0.000000 1.000000 0.000000
v -0.535662 0.000000 -0.384618
vn 0.000000 1.000000 0.000000
v -0.571634 0.000000 -0.367979
vn 0.000000 1.000000 0.000000
v 0.755113 0.000000 0.361572
vn 0.000000 1.000000 0.000000
v 0.794153 0.000000 0.363692
vn 0.000000 1.000000 0.000000
v 0.695212 0.000000 0.410336
vn 0.000000 1.000000 0.000000
v -0.035476 0.000000 0.123278
vn 0.000000 1.000000 0.000000
v -0.004443 0.000000 0.149264
vn 0.000000 1.000000 0.000000
v -0.098786 0.000000 -0.028062
vn 0.000000 1.000000 0.000000
v -0.095660 0.000000 0.010446
vn 0.000000 1.000000 0.000000
v 0.195793 0.000000 -0.220175
vn 0.000000 1.000000 0.000000
v 0.164759 0.000000 -0.241938
vn 0.000000 1.000000 0.000000
v 0.227080 0.000000 -0.241274
vn 0.000000 1.000000 0.000000
v 0.221989 0.000000 0.318893
vn 0.000000 1.000000 0.000000
v 0.237479 0.000000 0.349940
vn 0.000000 1.000000 0.000000
v 0.368671 0.000000 0.608419
vn 0.000000 1.000000 0.000000
v 0.367139 0.000000 0.573319
vn 0.000000 1.000000 0.000000
v 0.335524 0.000000 0.592705
vn 0.000000 1.000000 0.000000
v 0.406708 0.000000 0.396092
vn 0.000000 1.000000 0.000000
v 0.436838 0.000000 0.390640
vn 0.000000 1.000000 0.000000
v -0.741978 0.000000 -0.235288
vn 0.000000 1.000000 0.000000
v -0.483128 0.000000 0.776247
vn 0.000000 1.000000 0.000000
v -0.513337 0.000000 0.801154
vn 0.000000 1.000000 0.000000
v -0.804296 0.000000 0.488789
vn 0.000000 1.000000 0.000000
v 0.669660 0.000000 0.776015
vn 0.000000 1.000000 0.000000
v 0.699613 0.000000 0.751806
vn 0.000000 1.000000 0.000000
v -0.645033 0.000000 0.426107
vn 0.000000 1.000000 0.000000
v 0.626397 0.000000 0.474658
vn 0.000000 1.000000 0.000000
v 0.659505 0.000000 0.459892
vn 0.000000 1.000000 0.000000
v 0.626930 0.000000 0.441053
vn 0.000000 1.000000 0.000000
v 0.515082 0.000000 0.521681
vn 0.000000 1.000000 0.000000
v 0.494180 0.000000 0.498442
vn 0.000000 1.000000 0.000000
v 0.496157 0.000000 0.433978
vn 0.000000 1.000000 0.000000
v 0.822878 0.000000 0.425744
vn 0.000000 1.000000 0.000000
v 0.744010 0.000000 0.453344
vn 0.000000 1.000000 0.000000
v -0.733681 0.000000 0.356148
vn 0.000000 1.000000 0.000000
v -0.728101 0.000000 0.326604
vn 0.000000 1.000000 0.000000
v -0.739720 0.000000 0.453170
vn 0.000000 1.000000 0.000000
v -0.791285 0.000000 -0.535832
vn 0.000000 1.000000 0.000000
v 0.097951 0.000000 0.169085
vn 0.000000 1.000000 0.000000
v 0.064304 0.000000 0.172843
vn 0.000000 1.000000 0.000000
v 0.093963 0.000000 0.203031
vn 0.000000 1.000000 0.000000
v 0.136377 0.000000 0.216298
vn 0.000000 1.000000 0.000000
v -0.644385 0.000000 0.499584
vn 0.000000 1.000000 0.000000
v -0.845951 0.000000 0.288341
vn 0.000000 1.000000 0.000000
v -0.816007 0.000000 0.274663
vn 0.000000 1.000000 0.000000
v -0.041688 0.000000 0.160795
vn 0.000000 1.000000 0.000000
v -0.400828 0.000000 -0.639095
vn 0.000000 1.000000 0.000000
v -0.894709 0.000000 -0.271597
vn 0.000000 1.000000 0.000000
v -0.907090 0.000000 -0.305579
vn 0.000000 1.000000 0.000000
v -0.755697 0.000000 -0.266623
vn 0.000000 1.000000 0.000000
v -0.672229 0.000000 -0.234548
vn 0.000000 1.000000 0.000000
v -0.620800 0.000000 -0.277647
vn 0.000000 1.000000 0.000000
v -0.639488 0.000000 -0.300868
vn 0.000000 1.000000 0.000000
v -0.667946 0.000000 -0.310886
vn 0.000000 1.000000 0.000000
v -0.701967 0.000000 -0.325310
vn 0.000000 1.000000 0.000000
v -0.860134 0.000000 -0.086161
vn 0.000000 1.000000 0.000000
v -0.842898 0.000000 -0.054963
vn 0.000000 1.000000 0.000000
v -0.823226 0.000000 -0.086611
vn 0.000000 1.000000 0.000000
v -0.893676 0.000000 -0.144224
vn 0.000000 1.000000 0.000000
v -0.831460 0.000000 -0.793275
vn 0.000000 1.000000 0.000000
v -0.819944 0.000000 -0.763609
vn 0.000000 1.000000 0.000000
v -0.799824 0.000000 -0.785820
vn 0.000000 1.000000 0.000000
v -0.837852 0.000000 -0.173311
vn 0.000000 1.000000 0.000000
v -0.816185 0.000000 -0.203439
vn 0.000000 1.000000 0.000000
v -0.800792 0.000000 -0.234978
vn 0.000000 1.000000 0.000000
v -0.789537 0.000000 -0.264185
vn 0.000000 1.000000 0.000000
v -0.819221 0.000000 -0.259221
vn 0.000000 1.000000 0.000000
v -0.800739 0.000000 -0.326829
vn 0.000000 1.000000 0.000000
v -1.000000 0.000000 0.854150
vn 0.000000 1.000000 0.000000
v -0.708374 0.000000 0.833645
vn 0.000000 1.000000 0.000000
v -0.487193 0.000000 0.984434
vn 0.000000 1.000000 0.000000
v -0.487317 0.000000 1.000000
vn 0.000000 1.000000 0.000000
v 0.152868 0.000000 1.000000
vn 0.000000 1.000000 0.000000
v 0.159124 0.000000 0.969945
vn 0.000000 1.000000 0.000000
v 0.128922 0.000000 0.975744
vn 0.000000 1.000000 0.000000
v 0.210145 0.000000 1.000000
vn 0.000000 1.000000 0.000000
v 0.226856 0.000000 0.974451
vn 0.000000 1.000000 0.000000
v 0.195730 0.000000 0.963489
vn 0.000000 1.000000 0.000000
v -0.280966 0.000000 -0.852964
vn 0.000000 1.000000 0.000000
v -0.249857 0.000000 -0.876159
vn 0.000000 1.000000 0.000000
v -0.326637 0.000000 -1.000000
vn 0.000000 1.000000 0.000000
v 0.455148 0.000000 -0.504314
vn 0.000000 1.000000 0.000000
v 0.422707 0.000000 -0.507575
vn 0.000000 1.000000 0.000000
v 0.435958 0.000000 -0.472952
vn 0.000000 1.000000 0.000000
v 0.411143 0.000000 -0.546631
vn 0.000000 1.000000 0.000000
v 0.388155 0.000000 -0.510110
vn 0.000000 1.000000 0.000000
v 0.447304 0.000000 -0.562558
vn 0.000000 1.000000 0.000000
v -0.448633 0.000000 0.466581
vn 0.000000 1.000000 0.000000
v -0.305276 0.000000 -0.832036
vn 0.000000 1.000000 0.000000
v -0.277248 0.000000 -0.815047
vn 0.000000 1.000000 0.000000
v -0.288374 0.000000 -1.000000
vn 0.000000 1.000000 0.000000
v 0.199586 0.000000 0.922430
vn 0.000000 1.000000 0.000000
v -0.430046 0.000000 0.533411
vn 0.000000 1.000000 0.000000
v -0.375355 0.000000 0.486070
vn 0.000000 1.000000 0.000000
v -0.381968 0.000000 0.449643
vn 0.000000 1.000000 0.000000
v -0.414766 0.000000 -0.932437
vn 0.000000 1.000000 0.000000
v -0.447839 0.000000 -0.931125
vn 0.000000 1.000000 0.000000
v 0.544543 0.000000 -0.300568
vn 0.000000 1.000000 0.000000
v 0.576521 0.000000 -0.323889
vn 0.000000 1.000000 0.000000
v 0.547312 0.000000 -0.342978
vn 0.000000 1.000000 0.000000
v 0.830979 0.000000 0.877462
vn 0.000000 1.000000 0.000000
v 0.223599 0.000000 0.868402
vn 0.000000 1.000000 0.000000
v 0.241361 0.000000 0.800932
vn 0.000000 1.000000 0.000000
v 0.234852 0.000000 0.762482
vn 0.000000 1.000000 0.000000
v 0.192771 0.000000 0.754548
vn 0.000000 1.000000 0.000000
v 0.153525 0.000000 0.767103
vn 0.000000 1.000000 0.000000
v 0.300859 0.000000 0.571321
vn 0.000000 1.000000 0.000000
v 0.186914 0.000000 0.558855
vn 0.000000 1.000000 0.000000
v 0.262518 0.000000 -0.805957
vn 0.000000 1.000000 0.000000
v 0.236234 0.000000 -0.834490
vn 0.000000 1.000000 0.000000
v 0.278196 0.000000 -0.768864
vn 0.000000 1.000000 0.000000
v 0.297738 0.000000 -0.796192
vn 0.000000 1.000000 0.000000
v -0.281505 0.000000 -0.151085
vn 0.000000 1.000000 0.000000
v -0.314245 0.000000 -0.148316
vn 0.000000 1.000000 0.000000
v 0.482177 0.000000 0.959017
vn 0.000000 1.000000 0.000000
v 0.549040 0.000000 0.974765
vn 0.000000 1.000000 0.000000
v 0.580318 0.000000 1.000000
vn 0.000000 1.000000 0.000000
v 0.625965 0.000000 1.000000
vn 0.000000 1.000000 0.000000
v -0.858703 0.000000 0.465032
vn 0.000000 1.000000 0.000000
v -0.878482 0.000000 0.489567
vn 0.000000 1.000000 0.000000
v -0.465526 0.000000 -0.798556
vn 0.000000 1.000000 0.000000
v -0.544169 0.000000 -0.839705
vn 0.000000 1.000000 0.000000
v -0.562945 0.000000 -0.862422
vn 0.000000 1.000000 0.000000
v 0.582305 0.000000 -0.938553
vn 0.000000 1.000000 0.000000
v 0.589423 0.000000 -0.972119
vn 0.000000 1.000000 0.000000
v 0.670590 0.000000 -0.968549
vn 0.000000 1.000000 0.000000
v 0.651364 0.000000 -1.000000
vn 0.000000 1.000000 0.000000
v -0.713893 0.000000 1.000000
vn 0.000000 1.000000 0.000000
v -0.693280 0.000000 0.964939
vn 0.000000 1.000000 0.000000
v -0.768298 0.000000 0.896754
vn 0.000000 1.000000 0.000000
v -0.732125 0.000000 0.899051
vn 0.000000 1.000000 0.000000
v 0.054204 0.000000 0.437518
vn 0.000000 1.000000 0.000000
v -0.253739 0.000000 0.233360
vn 0.000000 1.000000 0.000000
v -0.246205 0.000000 0.196410
vn 0.000000 1.000000 0.000000
v 0.816346 0.000000 -0.257502
vn 0.000000 1.000000 0.000000
v 0.831797 0.000000 -0.295722
vn 0.000000 1.000000 0.000000
v 0.869244 0.000000 -0.298566
vn 0.000000 1.000000 0.000000
v 0.801060 0.000000 -0.226774
vn 0.000000 1.000000 0.000000
v 0.948194 0.000000 -0.340684
vn 0.000000 1.000000 0.000000
v 0.127374 0.000000 -0.625515
vn 0.000000 1.000000 0.000000
v -0.252696 0.000000 -0.265923
vn 0.000000 1.000000 0.000000
v -0.277095 0.000000 -0.245850
vn 0.000000 1.000000 0.000000
v -0.083324 0.000000 -0.396608
vn 0.000000 1.000000 0.000000
v 0.640787 0.000000 0.580828
vn 0.000000 1.000000 0.000000
v 0.634293 0.000000 0.543856
vn 0.000000 1.000000 0.000000
v 0.604937 0.000000 0.567130
vn 0.000000 1.000000 0.000000
v -0.548944 0.000000 0.069662
vn 0.000000 1.000000 0.000000
v -0.519175 0.000000 0.049359
vn 0.000000 1.000000 0.000000
v -0.712591 0.000000 0.203804
vn 0.000000 1.000000 0.000000
v -0.727410 0.000000 0.236344
vn 0.000000 1.000000 0.000000
v -0.693744 0.000000 0.232325
vn 0.000000 1.000000 0.000000
v -0.700645 0.000000 0.268790
vn 0.000000 1.000000 0.000000
v -0.662462 0.000000 0.289748
vn 0.000000 1.000000 0.000000
v -0.590975 0.000000 0.598928
vn 0.000000 1.000000 0.000000
v -0.622297 0.000000 0.606717
vn 0.000000 1.000000 0.000000
v 0.468155 0.000000 0.406448
vn 0.000000 1.000000 0.000000
v 0.456877 0.000000 0.368694
vn 0.000000 1.000000 0.000000
v 0.478994 0.000000 0.343205
vn 0.000000 1.000000 0.000000
v 0.448062 0.000000 0.339994
vn 0.000000 1.000000 0.000000
v 0.695136 0.000000 0.373760
vn 0.000000 1.000000 0.000000
v 0.662506 0.000000 0.391086
vn 0.000000 1.000000 0.000000
v -0.556025 0.000000 0.580543
vn 0.000000 1.000000 0.000000
v -0.541663 0.000000 0.616230
vn 0.000000 1.000000 0.000000
v 0.505512 0.000000 -0.233996
vn 0.000000 1.000000 0.000000
v 0.525096 0.000000 -0.264844
vn 0.000000 1.000000 0.000000
v 0.455912 0.000000 -0.269664
vn 0.000000 1.000000 0.000000
v 0.230211 0.000000 -0.196568
vn 0.000000 1.000000 0.000000
v 0.232251 0.000000 -0.714769
vn 0.000000 1.000000 0.000000
v 0.048905 0.000000 -0.761879
vn 0.000000 1.000000 0.000000
v 0.072336 0.000000 -0.792609
vn 0.000000 1.000000 0.000000
v 0.036715 0.000000 -0.797284
vn 0.000000 1.000000 0.000000
v 0.091486 0.000000 0.328370
vn 0.000000 1.000000 0.000000
v 0.113848 0.000000 0.359083
vn 0.000000 1.000000 0.000000
v 0.101556 0.000000 0.395401
vn 0.000000 1.000000 0.000000
v 0.094348 0.000000 0.436279
vn 0.000000 1.000000 0.000000
v 0.124552 0.000000 0.417780
vn 0.000000 1.000000 0.000000
v 0.051729 0.000000 0.266672
vn 0.000000 1.000000 0.000000
v 0.035563 0.000000 0.298747
vn 0.000000 1.000000 0.000000
v 0.071268 0.000000 0.297222
vn 0.000000 1.000000 0.000000
v -0.839132 0.000000 0.865579
vn 0.000000 1.000000 0.000000
v -0.146411 0.000000 -0.219525
vn 0.000000 1.000000 0.000000
v -0.174804 0.000000 -0.235112
vn 0.000000 1.000000 0.000000
v -0.738486 0.000000 0.174289
vn 0.000000 1.000000 0.000000
v -0.751905 0.000000 0.207049
vn 0.000000 1.000000 0.000000
v 0.099013 0.000000 -0.648103
vn 0.000000 1.000000 0.000000
v 0.139966 0.000000 -0.664053
vn 0.000000 1.000000 0.000000
v 0.039579 0.000000 -0.698952
vn 0.000000 1.000000 0.000000
v 0.060367 0.000000 -0.665726
vn 0.000000 1.000000 0.000000
v 0.067543 0.000000 -0.628207
vn 0.000000 1.000000 0.000000
v -0.261282 0.000000 -0.356279
vn 0.000000 1.000000 0.000000
v -0.230579 0.000000 -0.328328
vn 0.000000 1.000000 0.000000
v -0.218837 0.000000 -0.366259
vn 0.000000 1.000000 0.000000
v 0.105060 0.000000 -0.259927
vn 0.000000 1.000000 0.000000
v 0.132783 0.000000 -0.192515
vn 0.000000 1.000000 0.000000
v -0.531579 0.000000 0.550533
vn 0.000000 1.000000 0.000000
v -0.504445 0.000000 0.620591
vn 0.000000 1.000000 0.000000
v -0.467751 0.000000 0.624553
vn 0.000000 1.000000 0.000000
v -0.443916 0.000000 0.595710
vn 0.000000 1.000000 0.000000
v 0.830811 0.000000 1.000000
vn 0.000000 1.000000 0.000000
v 0.806437 0.000000 0.972217
vn 0.000000 1.000000 0.000000
v 0.773899 0.000000 0.968650
vn 0.000000 1.000000 0.000000
v 0.720463 0.000000 0.152942
vn 0.000000 1.000000 0.000000
v 0.706924 0.000000 0.187169
vn 0.000000 1.000000 0.000000
v 0.863842 0.000000 0.854904
vn 0.000000 1.000000 0.000000
v 0.868805 0.000000 0.893750
vn 0.000000 1.000000 0.000000
v 0.105992 0.000000 0.679951
vn 0.000000 1.000000 0.000000
v 0.098380 0.000000 0.719806
vn 0.000000 1.000000 0.000000
v 0.123334 0.000000 0.772045
vn 0.000000 1.000000 0.000000
v 0.095461 0.000000 0.757293
vn 0.000000 1.000000 0.000000
v 0.099506 0.000000 0.793975
vn 0.000000 1.000000 0.000000
v 0.109943 0.000000 0.634930
vn 0.000000 1.000000 0.000000
v 0.050986 0.000000 0.678600
vn 0.000000 1.000000 0.000000
v 0.060039 0.000000 0.738460
vn 0.000000 1.000000 0.000000
v -0.424131 0.000000 -0.894527
vn 0.000000 1.000000 0.000000
v -0.485981 0.000000 -0.932610
vn 0.000000 1.000000 0.000000
v 0.015155 0.000000 -0.670992
vn 0.000000 1.000000 0.000000
v 0.564028 0.000000 -0.755292
vn 0.000000 1.000000 0.000000
v 0.556937 0.000000 -0.718982
vn 0.000000 1.000000 0.000000
v 0.487986 0.000000 -0.701037
vn 0.000000 1.000000 0.000000
v 0.571292 0.000000 -0.790482
vn 0.000000 1.000000 0.000000
v 0.609768 0.000000 -0.798467
vn 0.000000 1.000000 0.000000
v 0.594078 0.000000 -0.766656
vn 0.000000 1.000000 0.000000
v 0.638750 0.000000 -0.825760
vn 0.000000 1.000000 0.000000
v 0.593325 0.000000 -0.858167
vn 0.000000 1.000000 0.000000
v 0.001114 0.000000 -0.705077
vn 0.000000 1.000000 0.000000
v -0.025514 0.000000 -0.679241
vn 0.000000 1.000000 0.000000
v 0.438727 0.000000 1.000000
vn 0.000000 1.000000 0.000000
v 0.452238 0.000000 0.964992
vn 0.000000 1.000000 0.000000
v 0.414657 0.000000 0.966535
vn 0.000000 1.000000 0.000000
v 0.911463 0.000000 0.235032
vn 0.000000 1.000000 0.000000
v 0.845428 0.000000 0.248746
vn 0.000000 1.000000 0.000000
v 0.844262 0.000000 0.205003
vn 0.000000 1.000000 0.000000
v 0.889696 0.000000 0.139294
vn 0.000000 1.000000 0.000000
v 0.470695 0.000000 -0.804953
vn 0.000000 1.000000 0.000000
v 0.646219 0.000000 -0.891389
vn 0.000000 1.000000 0.000000
v 0.611112 0.000000 -0.884322
vn 0.000000 1.000000 0.000000
v 0.557847 0.000000 -0.854666
vn 0.000000 1.000000 0.000000
v 0.776203 0.000000 -0.682503
vn 0.000000 1.000000 0.000000
v 0.352175 0.000000 -0.509095
vn 0.000000 1.000000 0.000000
v 0.367121 0.000000 -0.476712
vn 0.000000 1.000000 0.000000
v 0.399830 0.000000 0.154719
vn 0.000000 1.000000 0.000000
v 0.435352 0.000000 0.147871
vn 0.000000 1.000000 0.000000
v 0.410787 0.000000 0.127608
vn 0.000000 1.000000 0.000000
v 0.384482 0.000000 0.186689
vn 0.000000 1.000000 0.000000
v 0.363971 0.000000 0.216830
vn 0.000000 1.000000 0.000000
v 0.496091 0.000000 0.208996
vn 0.000000 1.000000 0.000000
v 0.511555 0.000000 0.175550
vn 0.000000 1.000000 0.000000
v 0.559043 0.000000 -0.263027
vn 0.000000 1.000000 0.000000
v 0.806059 0.000000 -0.811769
vn 0.000000 1.000000 0.000000
v 0.179355 0.000000 -0.856216
vn 0.000000 1.000000 0.000000
v 0.214872 0.000000 -0.863635
vn 0.000000 1.000000 0.000000
v 0.273020 0.000000 -0.885258
vn 0.000000 1.000000 0.000000
v 0.244743 0.000000 -0.866539
vn 0.000000 1.000000 0.000000
v 1.000000 0.000000 -0.711437
vn 0.000000 1.000000 0.000000
v 0.974321 0.000000 -0.716677
vn 0.000000 1.000000 0.000000
v 0.957810 0.000000 -0.753436
vn 0.000000 1.000000 0.000000
v -0.930092 0.000000 0.111339
vn 0.000000 1.000000 0.000000
v 0.413138 0.000000 0.261624
vn 0.000000 1.000000 0.000000
v 0.444818 0.000000 0.252266
vn 0.000000 1.000000 0.000000
v 0.408879 0.000000 0.224492
vn 0.000000 1.000000 0.000000
v -0.206928 0.000000 -0.126989
vn 0.000000 1.000000 0.000000
v -0.177133 0.000000 -0.155728
vn 0.000000 1.000000 0.000000
v 0.321599 0.000000 -0.577924
vn 0.000000 1.000000 0.000000
v 0.330067 0.000000 -0.539897
vn 0.000000 1.000000 0.000000
v 0.352611 0.000000 -0.569218
vn 0.000000 1.000000 0.000000
v 0.367251 0.000000 -0.641947
vn 0.000000 1.000000 0.000000
v 0.393479 0.000000 -0.615286
vn 0.000000 1.000000 0.000000
v -1.000000 0.000000 -0.734003
vn 0.000000 1.000000 0.000000
v -0.969491 0.000000 -0.732136
vn 0.000000 1.000000 0.000000
v 0.301266 0.000000 -0.646925
vn 0.000000 1.000000 0.000000
v -0.850306 0.000000 -0.700623
vn 0.000000 1.000000 0.000000
v -0.900983 0.000000 -0.723169
vn 0.000000 1.000000 0.000000
v -0.878992 0.000000 -0.694622
vn 0.000000 1.000000 0.000000
v -0.452172 0.000000 -0.062000
vn 0.000000 1.000000 0.000000
v -0.481226 0.000000 -0.088002
vn 0.000000 1.000000 0.000000
v -0.214439 0.000000 -0.859233
vn 0.000000 1.000000 0.000000
v -0.214295 0.000000 -0.901422
vn 0.000000 1.000000 0.000000
v -0.148508 0.000000 -0.261864
vn 0.000000 1.000000 0.000000
v -0.852613 0.000000 0.703228
vn 0.000000 1.000000 0.000000
v -0.890077 0.000000 0.709780
vn 0.000000 1.000000 0.000000
v -0.902297 0.000000 0.646494
vn 0.000000 1.000000 0.000000
v -0.866487 0.000000 0.640181
vn 0.000000 1.000000 0.000000
v -0.858593 0.000000 0.037374
vn 0.000000 1.000000 0.000000
v 0.067451 0.000000 -0.273526
vn 0.000000 1.000000 0.000000
v 0.101975 0.000000 -0.295669
vn 0.000000 1.000000 0.000000
v -0.111620 0.000000 -0.204690
vn 0.000000 1.000000 0.000000
v -0.144574 0.000000 -0.181419
vn 0.000000 1.000000 0.000000
v -0.029816 0.000000 -0.492702
vn 0.000000 1.000000 0.000000
v 0.038067 0.000000 -0.412904
vn 0.000000 1.000000 0.000000
v 0.071491 0.000000 -0.419207
vn 0.000000 1.000000 0.000000
v 0.093632 0.000000 -0.443873
vn 0.000000 1.000000 0.000000
v 0.103057 0.000000 -0.408629
vn 0.000000 1.000000 0.000000
v 0.018159 0.000000 -0.075305
vn 0.000000 1.000000 0.000000
v 0.023282 0.000000 -0.206424
vn 0.000000 1.000000 0.000000
v -0.711249 0.000000 -0.797035
vn 0.000000 1.000000 0.000000
v -0.037480 0.000000 -0.289632
vn 0.000000 1.000000 0.000000
v -0.052094 0.000000 -0.317154
vn 0.000000 1.000000 0.000000
v 0.024965 0.000000 -0.266828
vn 0.000000 1.000000 0.000000
v -0.082046 0.000000 -0.228445
vn 0.000000 1.000000 0.000000
v -0.046842 0.000000 -0.222029
vn 0.000000 1.000000 0.000000
v -0.016101 0.000000 -0.254333
vn 0.000000 1.000000 0.000000
v -0.011287 0.000000 -0.214286
vn 0.000000 1.000000 0.000000
v -0.759719 0.000000 -0.657129
vn 0.000000 1.000000 0.000000
v -0.782018 0.000000 -0.628925
vn 0.000000 1.000000 0.000000
v -0.793578 0.000000 -0.748814
vn 0.000000 1.000000 0.000000
v -0.827752 0.000000 -0.728136
vn 0.000000 1.000000 0.000000
v -0.669306 0.000000 -0.702342
vn 0.000000 1.000000 0.000000
v 0.731475 0.000000 0.242185
vn 0.000000 1.000000 0.000000
v 0.756141 0.000000 0.216620
vn 0.000000 1.000000 0.000000
v 0.696698 0.000000 0.227725
vn 0.000000 1.000000 0.000000
v -0.733523 0.000000 -0.885051
vn 0.000000 1.000000 0.000000
v -0.717874 0.000000 -0.923051
vn 0.000000 1.000000 0.000000
v -0.756272 0.000000 -0.916494
vn 0.000000 1.000000 0.000000
v -0.678938 0.000000 -0.925676
vn 0.000000 1.000000 0.000000
v -0.700470 0.000000 -0.961858
vn 0.000000 1.000000 0.000000
v -0.621318 0.000000 -0.890770
vn 0.000000 1.000000 0.000000
v -0.658448 0.000000 -0.891194
vn 0.000000 1.000000 0.000000
v -0.640944 0.000000 -0.926373
vn 0.000000 1.000000 0.000000
v -0.070684 0.000000 -0.160366
vn 0.000000 1.000000 0.000000
v -0.033887 0.000000 -0.152538
vn 0.000000 1.000000 0.000000
v -0.040204 0.000000 -0.186946
vn 0.000000 1.000000 0.000000
v 0.645616 0.000000 0.170571
vn 0.000000 1.000000 0.000000
v 0.633146 0.000000 0.207544
vn 0.000000 1.000000 0.000000
v 0.670224 0.000000 0.197328
vn 0.000000 1.000000 0.000000
v 0.025638 0.000000 -0.732118
vn 0.000000 1.000000 0.000000
v -0.047781 0.000000 -0.745033
vn 0.000000 1.000000 0.000000
v -0.041852 0.000000 -0.807940
vn 0.000000 1.000000 0.000000
v -0.044928 0.000000 -0.847534
vn 0.000000 1.000000 0.000000
v -0.081828 0.000000 -0.793550
vn 0.000000 1.000000 0.000000
v 0.683058 0.000000 0.062312
vn 0.000000 1.000000 0.000000
v 0.645877 0.000000 0.073480
vn 0.000000 1.000000 0.000000
v 0.046497 0.000000 -0.862617
vn 0.000000 1.000000 0.000000
v 0.083383 0.000000 -0.857345
vn 0.000000 1.000000 0.000000
v -0.583367 0.000000 -0.893180
vn 0.000000 1.000000 0.000000
v 0.560431 0.000000 0.228902
vn 0.000000 1.000000 0.000000
v 0.522960 0.000000 0.237710
vn 0.000000 1.000000 0.000000
v 0.550261 0.000000 0.264417
vn 0.000000 1.000000 0.000000
v 0.596859 0.000000 0.218567
vn 0.000000 1.000000 0.000000
v 0.622182 0.000000 0.244351
vn 0.000000 1.000000 0.000000
v 0.572171 0.000000 0.193031
vn 0.000000 1.000000 0.000000
v 0.003019 0.000000 -0.144388
vn 0.000000 1.000000 0.000000
v -0.026895 0.000000 -0.117863
vn 0.000000 1.000000 0.000000
v -0.394919 0.000000 -0.429397
vn 0.000000 1.000000 0.000000
v -0.391890 0.000000 -0.739993
vn 0.000000 1.000000 0.000000
v -0.360693 0.000000 -0.756001
vn 0.000000 1.000000 0.000000
v -0.922415 0.000000 0.440505
vn 0.000000 1.000000 0.000000
v -0.947580 0.000000 0.473727
vn 0.000000 1.000000 0.000000
v -0.912507 0.000000 0.482192
vn 0.000000 1.000000 0.000000
v -0.944135 0.000000 0.381454
vn 0.000000 1.000000 0.000000
v -0.970717 0.000000 0.400659
vn 0.000000 1.000000 0.000000
v -0.499173 0.000000 -0.398510
vn 0.000000 1.000000 0.000000
v -0.530257 0.000000 -0.482701
vn 0.000000 1.000000 0.000000
v -0.435020 0.000000 -0.550183
vn 0.000000 1.000000 0.000000
v -0.886621 0.000000 -0.921479
vn 0.000000 1.000000 0.000000
v -0.848430 0.000000 -0.895512
vn 0.000000 1.000000 0.000000
v -0.006128 0.000000 0.010026
vn 0.000000 1.000000 0.000000
v -0.025677 0.000000 0.040581
vn 0.000000 1.000000 0.000000
v 0.011508 0.000000 0.033669
vn 0.000000 1.000000 0.000000
v -0.858188 0.000000 -0.859644
vn 0.000000 1.000000 0.000000
v -0.845307 0.000000 -0.827864
vn 0.000000 1.000000 0.000000
v 0.454601 0.000000 0.079595
vn 0.000000 1.000000 0.000000
v 0.476608 0.000000 0.101308
vn 0.000000 1.000000 0.000000
v 0.483913 0.000000 0.067427
vn 0.000000 1.000000 0.000000
v 0.757212 0.000000 1.000000
vn 0.000000 1.000000 0.000000
v -0.124841 0.000000 -0.945345
vn 0.000000 1.000000 0.000000
v -0.125558 0.000000 -0.916499
vn 0.000000 1.000000 0.000000
v -0.096643 0.000000 -0.925863
vn 0.000000 1.000000 0.000000
v -0.148083 0.000000 -0.896523
vn 0.000000 1.000000 0.000000
v -0.109207 0.000000 -0.888973
vn 0.000000 1.000000 0.000000
v -0.076085 0.000000 -0.866896
vn 0.000000 1.000000 0.000000
v -0.111287 0.000000 -0.849466
vn 0.000000 1.000000 0.000000
v -0.179103 0.000000 -0.842331
vn 0.000000 1.000000 0.000000
v -0.144324 0.000000 -0.828932
vn 0.000000 1.000000 0.000000
v -0.683372 0.000000 0.127639
vn 0.000000 1.000000 0.000000
v 0.584626 0.000000 -0.691293
vn 0.000000 1.000000 0.000000
v 0.177580 0.000000 -0.143058
vn 0.000000 1.000000 0.000000
v 0.265376 0.000000 -0.926084
vn 0.000000 1.000000 0.000000
v 0.237540 0.000000 -0.937989
vn 0.000000 1.000000 0.000000
v 0.524224 0.000000 0.748187
vn 0.000000 1.000000 0.000000
v 0.557288 0.000000 0.744575
vn 0.000000 1.000000 0.000000
v -0.564502 0.000000 0.541667
vn 0.000000 1.000000 0.000000
v -0.659730 0.000000 -0.101789
vn 0.000000 1.000000 0.000000
v -0.645960 0.000000 -0.139730
vn 0.000000 1.000000 0.000000
v 0.621563 0.000000 0.145437
vn 0.000000 1.000000 0.000000
v -0.716397 0.000000 -0.071685
vn 0.000000 1.000000 0.000000
v -0.739016 0.000000 -0.102650
vn 0.000000 1.000000 0.000000
v -0.641118 0.000000 -0.794506
vn 0.000000 1.000000 0.000000
v -0.121254 0.000000 0.506219
vn 0.000000 1.000000 0.000000
v -0.151747 0.000000 0.489883
vn 0.000000 1.000000 0.000000
v -0.152070 0.000000 0.527353
vn 0.000000 1.000000 0.000000
v 0.202356 0.000000 -0.344105
vn 0.000000 1.000000 0.000000
v 0.232105 0.000000 -0.323575
vn 0.000000 1.000000 0.000000
v 0.235891 0.000000 -0.362993
vn 0.000000 1.000000 0.000000
v 0.875395 0.000000 0.936749
vn 0.000000 1.000000 0.000000
v 0.905758 0.000000 0.906418
vn 0.000000 1.000000 0.000000
v -0.927617 0.000000 -0.138404
vn 0.000000 1.000000 0.000000
v -0.934226 0.000000 -0.102718
vn 0.000000 1.000000 0.000000
v 0.512448 0.000000 0.683846
vn 0.000000 1.000000 0.000000
v -0.251242 0.000000 0.067422
vn 0.000000 1.000000 0.000000
v -0.275836 0.000000 0.087233
vn 0.000000 1.000000 0.000000
v -0.182120 0.000000 0.471505
vn 0.000000 1.000000 0.000000
v 0.205671 0.000000 0.620433
vn 0.000000 1.000000 0.000000
v -0.309283 0.000000 -0.017086
vn 0.000000 1.000000 0.000000
v -0.291348 0.000000 -0.057589
vn 0.000000 1.000000 0.000000
v -0.431142 0.000000 0.629014
vn 0.000000 1.000000 0.000000
v -0.419228 0.000000 0.663357
vn 0.000000 1.000000 0.000000
v -0.454818 0.000000 0.657473
vn 0.000000 1.000000 0.000000
v 0.469437 0.000000 0.135160
vn 0.000000 1.000000 0.000000
v -0.940645 0.000000 -0.817652
vn 0.000000 1.000000 0.000000
v -0.977762 0.000000 -0.808223
vn 0.000000 1.000000 0.000000
v -0.956365 0.000000 -0.775708
vn 0.000000 1.000000 0.000000
v -0.276863 0.000000 0.002182
vn 0.000000 1.000000 0.000000
v -0.267659 0.000000 -0.028107
vn 0.000000 1.000000 0.000000
v -0.356892 0.000000 0.274569
vn 0.000000 1.000000 0.000000
v -0.373921 0.000000 0.366763
vn 0.000000 1.000000 0.000000
v -0.300308 0.000000 0.024459
vn 0.000000 1.000000 0.000000
v -0.263170 0.000000 0.032082
vn 0.000000 1.000000 0.000000
v 0.173622 0.000000 -0.365654
vn 0.000000 1.000000 0.000000
v 0.167593 0.000000 -0.326783
vn 0.000000 1.000000 0.000000
v 0.133562 0.000000 -0.311336
vn 0.000000 1.000000 0.000000
v -0.124873 0.000000 0.266302
vn 0.000000 1.000000 0.000000
v -0.126880 0.000000 0.339337
vn 0.000000 1.000000 0.000000
v -0.290274 0.000000 -0.512824
vn 0.000000 1.000000 0.000000
v -0.863512 0.000000 0.838358
vn 0.000000 1.000000 0.000000
v -0.887822 0.000000 0.809391
vn 0.000000 1.000000 0.000000
v -0.900580 0.000000 0.844065
vn 0.000000 1.000000 0.000000
v 0.709141 0.000000 -0.462805
vn 0.000000 1.000000 0.000000
v 0.688449 0.000000 -0.435249
vn 0.000000 1.000000 0.000000
v 0.670049 0.000000 -0.411088
vn 0.000000 1.000000 0.000000
v 0.709971 0.000000 -0.249718
vn 0.000000 1.000000 0.000000
v 0.741687 0.000000 -0.234785
vn 0.000000 1.000000 0.000000
v 0.681625 0.000000 -0.232388
vn 0.000000 1.000000 0.000000
v 0.683129 0.000000 -0.262836
vn 0.000000 1.000000 0.000000
v 0.885083 0.000000 0.323014
vn 0.000000 1.000000 0.000000
v 0.897408 0.000000 0.351560
vn 0.000000 1.000000 0.000000
v 0.737041 0.000000 -0.687390
vn 0.000000 1.000000 0.000000
v 0.721730 0.000000 -0.721377
vn 0.000000 1.000000 0.000000
v 0.596614 0.000000 0.744833
vn 0.000000 1.000000 0.000000
v 0.606534 0.000000 0.787872
vn 0.000000 1.000000 0.000000
v 0.228728 0.000000 -0.282471
vn 0.000000 1.000000 0.000000
v -0.530606 0.000000 0.421118
vn 0.000000 1.000000 0.000000
v -0.544664 0.000000 0.387626
vn 0.000000 1.000000 0.000000
v -0.438246 0.000000 -0.825196
vn 0.000000 1.000000 0.000000
v -0.915477 0.000000 0.680893
vn 0.000000 1.000000 0.000000
v 0.584847 0.000000 0.157230
vn 0.000000 1.000000 0.000000
v 0.548352 0.000000 0.168045
vn 0.000000 1.000000 0.000000
v -0.886407 0.000000 0.455569
vn 0.000000 1.000000 0.000000
v -0.857278 0.000000 0.435505
vn 0.000000 1.000000 0.000000
v -0.102004 0.000000 -0.135178
vn 0.000000 1.000000 0.000000
v -0.096898 0.000000 -0.101085
vn 0.000000 1.000000 0.000000
v -0.923579 0.000000 -0.906801
vn 0.000000 1.000000 0.000000
v 0.693155 0.000000 1.000000
vn 0.000000 1.000000 0.000000
v -0.489905 0.000000 -0.050269
vn 0.000000 1.000000 0.000000
v -0.498517 0.000000 -0.013240
vn 0.000000 1.000000 0.000000
v -0.518897 0.000000 -0.075890
vn 0.000000 1.000000 0.000000
v 0.775238 0.000000 0.010570
vn 0.000000 1.000000 0.000000
v -0.737705 0.000000 0.635812
vn 0.000000 1.000000 0.000000
v -0.701100 0.000000 0.618671
vn 0.000000 1.000000 0.000000
v -0.709128 0.000000 0.578944
vn 0.000000 1.000000 0.000000
v -0.739257 0.000000 0.598949
vn 0.000000 1.000000 0.000000
v -0.600699 0.000000 -0.428556
vn 0.000000 1.000000 0.000000
v -0.637328 0.000000 -0.406370
vn 0.000000 1.000000 0.000000
v 0.010243 0.000000 -0.864655
vn 0.000000 1.000000 0.000000
v 0.023984 0.000000 -0.831745
vn 0.000000 1.000000 0.000000
v -0.641108 0.000000 -0.754863
vn 0.000000 1.000000 0.000000
v -0.643062 0.000000 -0.718962
vn 0.000000 1.000000 0.000000
v 0.774212 0.000000 0.522883
vn 0.000000 1.000000 0.000000
v 0.801319 0.000000 0.547727
vn 0.000000 1.000000 0.000000
v 0.784550 0.000000 -0.911131
vn 0.000000 1.000000 0.000000
v 0.767120 0.000000 -0.938637
vn 0.000000 1.000000 0.000000
v 0.746800 0.000000 -0.909017
vn 0.000000 1.000000 0.000000
v 0.385412 0.000000 -0.932918
vn 0.000000 1.000000 0.000000
v 0.545298 0.000000 -0.818255
vn 0.000000 1.000000 0.000000
v 0.458952 0.000000 -0.770412
vn 0.000000 1.000000 0.000000
v -1.000000 0.000000 -0.865846
vn 0.000000 1.000000 0.000000
v -0.309840 0.000000 0.580444
vn 0.000000 1.000000 0.000000
v -0.323261 0.000000 0.612679
vn 0.000000 1.000000 0.000000
v 0.054147 0.000000 0.589382
vn 0.000000 1.000000 0.000000
v 0.075557 0.000000 0.560974
vn 0.000000 1.000000 0.000000
v -0.390149 0.000000 0.405971
vn 0.000000 1.000000 0.000000
v -0.433535 0.000000 0.400957
vn 0.000000 1.000000 0.000000
v -0.535472 0.000000 -0.004014
vn 0.000000 1.000000 0.000000
v -0.508967 0.000000 0.021089
vn 0.000000 1.000000 0.000000
v -0.352165 0.000000 0.426219
vn 0.000000 1.000000 0.000000
v 0.384155 0.000000 -0.763843
vn 0.000000 1.000000 0.000000
v 0.348753 0.000000 -0.761268
vn 0.000000 1.000000 0.000000
v -0.776404 0.000000 -0.294809
vn 0.000000 1.000000 0.000000
v 0.140394 0.000000 0.908253
vn 0.000000 1.000000 0.000000
v 0.166588 0.000000 0.934590
vn 0.000000 1.000000 0.000000
v -0.969746 0.000000 0.284813
vn 0.000000 1.000000 0.000000
v -0.639107 0.000000 -0.486252
vn 0.000000 1.000000 0.000000
v -0.601230 0.000000 -0.469496
vn 0.000000 1.000000 0.000000
v -0.508547 0.000000 -0.113453
vn 0.000000 1.000000 0.000000
v -0.470077 0.000000 -0.125984
vn 0.000000 1.000000 0.000000
v -0.927440 0.000000 0.715385
vn 0.000000 1.000000 0.000000
v 0.603578 0.000000 -0.303528
vn 0.000000 1.000000 0.000000
v -0.518840 0.000000 -0.655774
vn 0.000000 1.000000 0.000000
v -0.549581 0.000000 -0.633528
vn 0.000000 1.000000 0.000000
v -0.515107 0.000000 -0.620243
vn 0.000000 1.000000 0.000000
v -1.000000 0.000000 0.964796
vn 0.000000 1.000000 0.000000
v 0.876065 0.000000 -0.975008
vn 0.000000 1.000000 0.000000
v 0.874678 0.000000 -1.000000
vn 0.000000 1.000000 0.000000
v -0.088126 0.000000 -0.258152
vn 0.000000 1.000000 0.000000
v 0.743152 0.000000 0.839860
vn 0.000000 1.000000 0.000000
v -0.666155 0.000000 -0.770181
vn 0.000000 1.000000 0.000000
v 0.939441 0.000000 -0.072203
vn 0.000000 1.000000 0.000000
v -0.261227 0.000000 0.387721
vn 0.000000 1.000000 0.000000
v 0.725325 0.000000 -0.878702
vn 0.000000 1.000000 0.000000
v -0.451058 0.000000 0.234721
vn 0.000000 1.000000 0.000000
v -0.851060 0.000000 0.364597
vn 0.000000 1.000000 0.000000
v -0.818771 0.000000 0.345218
vn 0.000000 1.000000 0.000000
v -0.849124 0.000000 0.326534
vn 0.000000 1.000000 0.000000
v 0.092737 0.000000 0.855471
vn 0.000000 1.000000 0.000000
v -0.462358 0.000000 -0.649867
vn 0.000000 1.000000 0.000000
v -0.455730 0.000000 -0.686128
vn 0.000000 1.000000 0.000000
v -0.488120 0.000000 -0.672701
vn 0.000000 1.000000 0.000000
v 0.036434 0.000000 0.413609
vn 0.000000 1.000000 0.000000
v 0.066367 0.000000 0.405608
vn 0.000000 1.000000 0.000000
v -0.137643 0.000000 -0.300612
vn 0.000000 1.000000 0.000000
v 0.519441 0.000000 0.054666
vn 0.000000 1.000000 0.000000
v 0.490406 0.000000 0.031342
vn 0.000000 1.000000 0.000000
v 0.031374 0.000000 0.617704
vn 0.000000 1.000000 0.000000
v 0.069053 0.000000 0.624559
vn 0.000000 1.000000 0.000000
v 0.452056 0.000000 -0.019854
vn 0.000000 1.000000 0.000000
v 0.429546 0.000000 0.008372
vn 0.000000 1.000000 0.000000
v 0.464179 0.000000 0.011239
vn 0.000000 1.000000 0.000000
v 0.673559 0.000000 -0.074339
vn 0.000000 1.000000 0.000000
v 0.702585 0.000000 -0.051846
vn 0.000000 1.000000 0.000000
v 0.705369 0.000000 -0.088087
vn 0.000000 1.000000 0.000000
v 0.698554 0.000000 -0.014826
vn 0.000000 1.000000 0.000000
v -0.107301 0.000000 -0.362583
vn 0.000000 1.000000 0.000000
v 0.936204 0.000000 0.177149
vn 0.000000 1.000000 0.000000
v 0.613019 0.000000 0.280353
vn 0.000000 1.000000 0.000000
v -0.112379 0.000000 -0.813952
vn 0.000000 1.000000 0.000000
v -0.117074 0.000000 -0.779989
vn 0.000000 1.000000 0.000000
v -0.124988 0.000000 0.035949
vn 0.000000 1.000000 0.000000
v -0.092545 0.000000 0.048369
vn 0.000000 1.000000 0.000000
v 0.770350 0.000000 -0.612254
vn 0.000000 1.000000 0.000000
v 0.799786 0.000000 -0.584511
vn 0.000000 1.000000 0.000000
v 0.814486 0.000000 -0.619009
vn 0.000000 1.000000 0.000000
v -0.354772 0.000000 0.539885
vn 0.000000 1.000000 0.000000
v -0.394661 0.000000 0.538115
vn 0.000000 1.000000 0.000000
v -0.122481 0.000000 -0.402621
vn 0.000000 1.000000 0.000000
v -0.137791 0.000000 -0.436849
vn 0.000000 1.000000 0.000000
v 0.424583 0.000000 -0.714896
vn 0.000000 1.000000 0.000000
v 0.898379 0.000000 -0.729966
vn 0.000000 1.000000 0.000000
v 0.920056 0.000000 -0.759958
vn 0.000000 1.000000 0.000000
v 0.884007 0.000000 -0.764239
vn 0.000000 1.000000 0.000000
v 0.596332 0.000000 -0.262263
vn 0.000000 1.000000 0.000000
v 0.626616 0.000000 -0.247053
vn 0.000000 1.000000 0.000000
v -0.189554 0.000000 0.201916
vn 0.000000 1.000000 0.000000
v -0.177543 0.000000 0.172933
vn 0.000000 1.000000 0.000000
v -0.211696 0.000000 0.182786
vn 0.000000 1.000000 0.000000
v -0.167178 0.000000 0.135838
vn 0.000000 1.000000 0.000000
v -0.191127 0.000000 0.111485
vn 0.000000 1.000000 0.000000
v -0.518608 0.000000 0.451951
vn 0.000000 1.000000 0.000000
v -0.495394 0.000000 0.425035
vn 0.000000 1.000000 0.000000
v -0.221037 0.000000 -1.000000
vn 0.000000 1.000000 0.000000
v -0.109283 0.000000 -0.318193
vn 0.000000 1.000000 0.000000
v -0.077207 0.000000 -0.334167
vn 0.000000 1.000000 0.000000
v 0.849251 0.000000 -0.767327
vn 0.000000 1.000000 0.000000
v 0.384073 0.000000 -0.578360
vn 0.000000 1.000000 0.000000
v -0.182476 0.000000 -0.766961
vn 0.000000 1.000000 0.000000
v -0.210493 0.000000 -0.781173
vn 0.000000 1.000000 0.000000
v -0.204355 0.000000 -0.410505
vn 0.000000 1.000000 0.000000
v -0.241906 0.000000 -0.434054
vn 0.000000 1.000000 0.000000
v 0.363535 0.000000 0.155750
vn 0.000000 1.000000 0.000000
v 0.684599 0.000000 -0.196326
vn 0.000000 1.000000 0.000000
v 0.834161 0.000000 0.485298
vn 0.000000 1.000000 0.000000
v 0.692862 0.000000 0.023688
vn 0.000000 1.000000 0.000000
v 0.326210 0.000000 -0.939181
vn 0.000000 1.000000 0.000000
v -0.562161 0.000000 0.350804
vn 0.000000 1.000000 0.000000
v 0.754451 0.000000 0.936007
vn 0.000000 1.000000 0.000000
v -0.326392 0.000000 0.263612
vn 0.000000 1.000000 0.000000
v 0.663578 0.000000 -0.000224
vn 0.000000 1.000000 0.000000
v -0.217245 0.000000 0.565846
vn 0.000000 1.000000 0.000000
v -0.250126 0.000000 0.582314
vn 0.000000 1.000000 0.000000
v -0.219039 0.000000 0.602116
vn 0.000000 1.000000 0.000000
v -0.865681 0.000000 -0.798447
vn 0.000000 1.000000 0.000000
v 0.021942 0.000000 0.677803
vn 0.000000 1.000000 0.000000
v 0.037704 0.000000 0.706683
vn 0.000000 1.000000 0.000000
v -0.599425 0.000000 0.362527
vn 0.000000 1.000000 0.000000
v -0.596487 0.000000 0.329032
vn 0.000000 1.000000 0.000000
v 0.646466 0.000000 -0.215099
vn 0.000000 1.000000 0.000000
v -0.757336 0.000000 0.414111
vn 0.000000 1.000000 0.000000
v 0.105788 0.000000 0.295533
vn 0.000000 1.000000 0.000000
v -0.014172 0.000000 -0.361490
vn 0.000000 1.000000 0.000000
v -0.007393 0.000000 -0.406948
vn 0.000000 1.000000 0.000000
v -0.046950 0.000000 -0.347953
vn 0.000000 1.000000 0.000000
v -0.550020 0.000000 -0.305919
vn 0.000000 1.000000 0.000000
v 0.759440 0.000000 -0.813564
vn 0.000000 1.000000 0.000000
v 0.717213 0.000000 -0.816039
vn 0.000000 1.000000 0.000000
v 0.782760 0.000000 -0.847156
vn 0.000000 1.000000 0.000000
v -0.125083 0.000000 -0.681200
vn 0.000000 1.000000 0.000000
v -0.140419 0.000000 -0.645974
vn 0.000000 1.000000 0.000000
v -0.102362 0.000000 -0.650959
vn 0.000000 1.000000 0.000000
v 0.523768 0.000000 0.489712
vn 0.000000 1.000000 0.000000
v 0.494299 0.000000 0.468797
vn 0.000000 1.000000 0.000000
v 0.868411 0.000000 -0.795738
vn 0.000000 1.000000 0.000000
v 0.390282 0.000000 0.072034
vn 0.000000 1.000000 0.000000
v 0.362245 0.000000 0.055394
vn 0.000000 1.000000 0.000000
v 0.362090 0.000000 0.093653
vn 0.000000 1.000000 0.000000
v 0.363639 0.000000 0.017821
vn 0.000000 1.000000 0.000000
v 0.676600 0.000000 -0.820258
vn 0.000000 1.000000 0.000000
v 0.691480 0.000000 -0.786693
vn 0.000000 1.000000 0.000000
v -0.454306 0.000000 0.751775
vn 0.000000 1.000000 0.000000
v -0.178844 0.000000 -0.371268
vn 0.000000 1.000000 0.000000
v 0.194045 0.000000 0.103327
vn 0.000000 1.000000 0.000000
v -0.355572 0.000000 0.642814
vn 0.000000 1.000000 0.000000
v -0.165264 0.000000 0.398952
vn 0.000000 1.000000 0.000000
v -0.126948 0.000000 0.384379
vn 0.000000 1.000000 0.000000
v 0.930394 0.000000 0.801164
vn 0.000000 1.000000 0.000000
v 0.895992 0.000000 0.830357
vn 0.000000 1.000000 0.000000
v -0.137532 0.000000 -0.339141
vn 0.000000 1.000000 0.000000
v -0.192417 0.000000 -0.333442
vn 0.000000 1.000000 0.000000
v -0.005659 0.000000 0.614062
vn 0.000000 1.000000 0.000000
v 0.008736 0.000000 0.646780
vn 0.000000 1.000000 0.000000
v 0.095806 0.000000 -0.822825
vn 0.000000 1.000000 0.000000
v 0.109036 0.000000 -0.787076
vn 0.000000 1.000000 0.000000
v 0.667083 0.000000 -0.294534
vn 0.000000 1.000000 0.000000
v -0.663024 0.000000 0.248743
vn 0.000000 1.000000 0.000000
v 0.829015 0.000000 0.287796
vn 0.000000 1.000000 0.000000
v -0.778775 0.000000 -0.090649
vn 0.000000 1.000000 0.000000
v 0.418460 0.000000 -0.133740
vn 0.000000 1.000000 0.000000
v 0.401623 0.000000 -0.168382
vn 0.000000 1.000000 0.000000
v 0.362189 0.000000 -0.123865
vn 0.000000 1.000000 0.000000
v 0.238273 0.000000 0.295181
vn 0.000000 1.000000 0.000000
v 0.257539 0.000000 0.318871
vn 0.000000 1.000000 0.000000
v 0.266907 0.000000 0.285666
vn 0.000000 1.000000 0.000000
v 0.147903 0.000000 -0.595558
vn 0.000000 1.000000 0.000000
v 0.182923 0.000000 -0.593547
vn 0.000000 1.000000 0.000000
v 0.525868 0.000000 0.144367
vn 0.000000 1.000000 0.000000
v -0.613534 0.000000 -0.144619
vn 0.000000 1.000000 0.000000
v 0.967134 0.000000 0.824613
vn 0.000000 1.000000 0.000000
v 0.559064 0.000000 0.439268
vn 0.000000 1.000000 0.000000
v 0.558314 0.000000 0.475459
vn 0.000000 1.000000 0.000000
v 0.948655 0.000000 -0.014326
vn 0.000000 1.000000 0.000000
v 0.976802 0.000000 -0.020699
vn 0.000000 1.000000 0.000000
v 0.568523 0.000000 0.554545
vn 0.000000 1.000000 0.000000
v 0.536765 0.000000 0.545203
vn 0.000000 1.000000 0.000000
v -0.825317 0.000000 1.000000
vn 0.000000 1.000000 0.000000
v -0.826386 0.000000 0.984688
vn 0.000000 1.000000 0.000000
v 0.302281 0.000000 0.805012
vn 0.000000 1.000000 0.000000
v -0.145148 0.000000 0.811156
vn 0.000000 1.000000 0.000000
v -0.135344 0.000000 0.848406
vn 0.000000 1.000000 0.000000
v -0.519423 0.000000 0.356802
vn 0.000000 1.000000 0.000000
v -0.202296 0.000000 -0.033974
vn 0.000000 1.000000 0.000000
v -0.232137 0.000000 -0.031907
vn 0.000000 1.000000 0.000000
v -0.209957 0.000000 -0.003595
vn 0.000000 1.000000 0.000000
v -0.252069 0.000000 -0.062351
vn 0.000000 1.000000 0.000000
v 0.666504 0.000000 -0.338947
vn 0.000000 1.000000 0.000000
v 0.662265 0.000000 -0.855138
vn 0.000000 1.000000 0.000000
v 0.686681 0.000000 -0.882270
vn 0.000000 1.000000 0.000000
v 0.593428 0.000000 0.493598
vn 0.000000 1.000000 0.000000
v 0.282071 0.000000 0.211736
vn 0.000000 1.000000 0.000000
v 0.307202 0.000000 0.183078
vn 0.000000 1.000000 0.000000
v -0.278798 0.000000 0.708331
vn 0.000000 1.000000 0.000000
v -0.281869 0.000000 0.669790
vn 0.000000 1.000000 0.000000
v -0.312617 0.000000 0.693394
vn 0.000000 1.000000 0.000000
v 0.272592 0.000000 0.250293
vn 0.000000 1.000000 0.000000
v 0.302536 0.000000 0.276423
vn 0.000000 1.000000 0.000000
v -0.901085 0.000000 0.518786
vn 0.000000 1.000000 0.000000
v 0.820333 0.000000 0.227760
vn 0.000000 1.000000 0.000000
v 0.727377 0.000000 -0.937771
vn 0.000000 1.000000 0.000000
v 0.436192 0.000000 -0.055588
vn 0.000000 1.000000 0.000000
v 0.614278 0.000000 -0.916712
vn 0.000000 1.000000 0.000000
v -0.272779 0.000000 -0.453596
vn 0.000000 1.000000 0.000000
v -0.274316 0.000000 -0.418730
vn 0.000000 1.000000 0.000000
v -0.968352 0.000000 0.095498
vn 0.000000 1.000000 0.000000
v 0.170548 0.000000 -0.501704
vn 0.000000 1.000000 0.000000
v 0.334657 0.000000 -0.634851
vn 0.000000 1.000000 0.000000
v -0.900606 0.000000 1.000000
vn 0.000000 1.000000 0.000000
v -0.131350 0.000000 0.923847
vn 0.000000 1.000000 0.000000
v -0.776097 0.000000 -0.430378
vn 0.000000 1.000000 0.000000
v -0.752613 0.000000 -0.485292
vn 0.000000 1.000000 0.000000
v -0.782595 0.000000 -0.464776
vn 0.000000 1.000000 0.000000
v -0.819649 0.000000 -0.477450
vn 0.000000 1.000000 0.000000
v 0.147928 0.000000 0.488184
vn 0.000000 1.000000 0.000000
v -0.163851 0.000000 0.940495
vn 0.000000 1.000000 0.000000
v -0.277349 0.000000 -0.388013
vn 0.000000 1.000000 0.000000
v -1.000000 0.000000 0.348854
vn 0.000000 1.000000 0.000000
v 0.393279 0.000000 -0.068437
vn 0.000000 1.000000 0.000000
v 0.392773 0.000000 -0.108467
vn 0.000000 1.000000 0.000000
v -0.544058 0.000000 0.512665
vn 0.000000 1.000000 0.000000
v 0.667816 0.000000 -0.378652
vn 0.000000 1.000000 0.000000
v 0.699983 0.000000 -0.398441
vn 0.000000 1.000000 0.000000
v 0.675073 0.000000 -0.563599
vn 0.000000 1.000000 0.000000
v 0.710353 0.000000 -0.557423
vn 0.000000 1.000000 0.000000
v 0.745672 0.000000 -0.550877
vn 0.000000 1.000000 0.000000
v 0.838236 0.000000 -0.885855
vn 0.000000 1.000000 0.000000
v 0.801471 0.000000 -0.881291
vn 0.000000 1.000000 0.000000
v -0.617390 0.000000 0.680791
vn 0.000000 1.000000 0.000000
v -0.672119 0.000000 0.649963
vn 0.000000 1.000000 0.000000
v -0.677766 0.000000 0.684835
vn 0.000000 1.000000 0.000000
v 0.345320 0.000000 0.899071
vn 0.000000 1.000000 0.000000
v 0.623057 0.000000 -0.695749
vn 0.000000 1.000000 0.000000
v 0.721941 0.000000 -0.374026
vn 0.000000 1.000000 0.000000
v 0.456575 0.000000 -0.597867
vn 0.000000 1.000000 0.000000
v -0.413633 0.000000 0.302783
vn 0.000000 1.000000 0.000000
v -0.431295 0.000000 0.335861
vn 0.000000 1.000000 0.000000
v -0.448668 0.000000 0.366997
vn 0.000000 1.000000 0.000000
v -0.411790 0.000000 0.368127
vn 0.000000 1.000000 0.000000
v 0.474645 0.000000 -0.047671
vn 0.000000 1.000000 0.000000
v -0.520339 0.000000 -0.175720
vn 0.000000 1.000000 0.000000
v 0.508869 0.000000 -0.914078
vn 0.000000 1.000000 0.000000
v 0.471371 0.000000 -0.905795
vn 0.000000 1.000000 0.000000
v -0.967626 0.000000 0.028534
vn 0.000000 1.000000 0.000000
v -0.934394 0.000000 0.012053
vn 0.000000 1.000000 0.000000
v -0.967664 0.000000 -0.007077
vn 0.000000 1.000000 0.000000
v 0.811328 0.000000 0.193905
vn 0.000000 1.000000 0.000000
v -0.610832 0.000000 0.527957
vn 0.000000 1.000000 0.000000
v -0.607413 0.000000 0.016255
vn 0.000000 1.000000 0.000000
v -0.633976 0.000000 -0.005214
vn 0.000000 1.000000 0.000000
v 0.330274 0.000000 0.303596
vn 0.000000 1.000000 0.000000
v 0.321266 0.000000 0.340393
vn 0.000000 1.000000 0.000000
v 0.356714 0.000000 0.332808
vn 0.000000 1.000000 0.000000
v -0.527379 0.000000 0.650279
vn 0.000000 1.000000 0.000000
v 0.403653 0.000000 -0.303991
vn 0.000000 1.000000 0.000000
v 0.155951 0.000000 0.159878
vn 0.000000 1.000000 0.000000
v 0.154333 0.000000 0.124044
vn 0.000000 1.000000 0.000000
v 0.121807 0.000000 0.146781
vn 0.000000 1.000000 0.000000
v -0.388923 0.000000 0.110870
vn 0.000000 1.000000 0.000000
v 0.389353 0.000000 0.689387
vn 0.000000 1.000000 0.000000
v -0.726476 0.000000 -0.509354
vn 0.000000 1.000000 0.000000
v 0.371449 0.000000 0.649504
vn 0.000000 1.000000 0.000000
v -0.848476 0.000000 -0.454358
vn 0.000000 1.000000 0.000000
v -1.000000 0.000000 -0.535324
vn 0.000000 1.000000 0.000000
v -0.934951 0.000000 -0.064509
vn 0.000000 1.000000 0.000000
v -0.967880 0.000000 -0.046195
vn 0.000000 1.000000 0.000000
v 0.557662 0.000000 -0.965072
vn 0.000000 1.000000 0.000000
v 0.521361 0.000000 -0.953626
vn 0.000000 1.000000 0.000000
v -0.180587 0.000000 0.797823
vn 0.000000 1.000000 0.000000
v 0.302877 0.000000 0.408707
vn 0.000000 1.000000 0.000000
v 0.269459 0.000000 0.411615
vn 0.000000 1.000000 0.000000
v 0.288758 0.000000 0.440621
vn 0.000000 1.000000 0.000000
v 0.003942 0.000000 0.401917
vn 0.000000 1.000000 0.000000
v -0.915334 0.000000 0.877470
vn 0.000000 1.000000 0.000000
v -0.930732 0.000000 0.909172
vn 0.000000 1.000000 0.000000
v -0.184261 0.000000 -0.514788
vn 0.000000 1.000000 0.000000
v -0.151385 0.000000 -0.464726
vn 0.000000 1.000000 0.000000
v -0.709963 0.000000 0.543666
vn 0.000000 1.000000 0.000000
v -0.707468 0.000000 0.513622
vn 0.000000 1.000000 0.000000
v -0.470889 0.000000 0.396218
vn 0.000000 1.000000 0.000000
v -0.483189 0.000000 0.363084
vn 0.000000 1.000000 0.000000
v 0.268567 0.000000 -0.383193
vn 0.000000 1.000000 0.000000
v 0.238428 0.000000 -0.400403
vn 0.000000 1.000000 0.000000
v -0.215031 0.000000 0.083388
vn 0.000000 1.000000 0.000000
v 0.289395 0.000000 0.153675
vn 0.000000 1.000000 0.000000
v 0.338212 0.000000 0.268083
vn 0.000000 1.000000 0.000000
v 0.342990 0.000000 0.238575
vn 0.000000 1.000000 0.000000
v -0.583325 0.000000 -0.686268
vn 0.000000 1.000000 0.000000
v 0.527468 0.000000 -0.437064
vn 0.000000 1.000000 0.000000
v 0.488526 0.000000 -0.429362
vn 0.000000 1.000000 0.000000
v 0.488817 0.000000 -0.503766
vn 0.000000 1.000000 0.000000
v -0.183998 0.000000 0.762836
vn 0.000000 1.000000 0.000000
v -0.151047 0.000000 0.775751
vn 0.000000 1.000000 0.000000
v 0.677011 0.000000 0.594490
vn 0.000000 1.000000 0.000000
v 0.697866 0.000000 0.711903
vn 0.000000 1.000000 0.000000
v 0.712351 0.000000 0.607141
vn 0.000000 1.000000 0.000000
v 0.707173 0.000000 0.570835
vn 0.000000 1.000000 0.000000
v -0.833258 0.000000 -0.386584
vn 0.000000 1.000000 0.000000
v -0.448920 0.000000 0.192827
vn 0.000000 1.000000 0.000000
v -0.451079 0.000000 0.155077
vn 0.000000 1.000000 0.000000
v 0.058673 0.000000 -0.016496
vn 0.000000 1.000000 0.000000
v 0.082109 0.000000 0.031703
vn 0.000000 1.000000 0.000000
v 0.281079 0.000000 0.351651
vn 0.000000 1.000000 0.000000
v 0.312993 0.000000 0.376119
vn 0.000000 1.000000 0.000000
v 0.290422 0.000000 0.706549
vn 0.000000 1.000000 0.000000
v -0.923470 0.000000 0.549555
vn 0.000000 1.000000 0.000000
v -0.887621 0.000000 0.553778
vn 0.000000 1.000000 0.000000
v 0.345804 0.000000 -0.444886
vn 0.000000 1.000000 0.000000
v -0.174762 0.000000 -0.801764
vn 0.000000 1.000000 0.000000
v -0.377434 0.000000 -0.587849
vn 0.000000 1.000000 0.000000
v -0.403957 0.000000 -0.604478
vn 0.000000 1.000000 0.000000
v -0.402387 0.000000 -0.569986
vn 0.000000 1.000000 0.000000
v -0.685504 0.000000 0.490102
vn 0.000000 1.000000 0.000000
v -0.700736 0.000000 0.455735
vn 0.000000 1.000000 0.000000
v -0.715470 0.000000 0.420563
vn 0.000000 1.000000 0.000000
v -0.628801 0.000000 0.309928
vn 0.000000 1.000000 0.000000
v -0.595995 0.000000 0.291063
vn 0.000000 1.000000 0.000000
v -0.427628 0.000000 -0.789905
vn 0.000000 1.000000 0.000000
v -0.638391 0.000000 -0.367573
vn 0.000000 1.000000 0.000000
v -0.671861 0.000000 -0.384555
vn 0.000000 1.000000 0.000000
v 0.958735 0.000000 1.000000
vn 0.000000 1.000000 0.000000
v 0.900901 0.000000 0.968701
vn 0.000000 1.000000 0.000000
v -0.506930 0.000000 0.962946
vn 0.000000 1.000000 0.000000
v 0.292322 0.000000 -0.553375
vn 0.000000 1.000000 0.000000
v 0.112799 0.000000 -0.468646
vn 0.000000 1.000000 0.000000
v 0.135311 0.000000 -0.441109
vn 0.000000 1.000000 0.000000
v -0.490999 0.000000 -0.769936
vn 0.000000 1.000000 0.000000
v 0.218862 0.000000 -0.756144
vn 0.000000 1.000000 0.000000
v 0.502421 0.000000 0.122922
vn 0.000000 1.000000 0.000000
v 0.295238 0.000000 -0.518456
vn 0.000000 1.000000 0.000000
v 0.261871 0.000000 -0.530948
vn 0.000000 1.000000 0.000000
v -0.193772 0.000000 -0.091431
vn 0.000000 1.000000 0.000000
v -0.559161 0.000000 -0.265477
vn 0.000000 1.000000 0.000000
v -0.585315 0.000000 -0.290115
vn 0.000000 1.000000 0.000000
v 0.555997 0.000000 0.041331
vn 0.000000 1.000000 0.000000
v 0.402371 0.000000 0.039118
vn 0.000000 1.000000 0.000000
v 0.423029 0.000000 0.073918
vn 0.000000 1.000000 0.000000
v -0.472943 0.000000 -0.238704
vn 0.000000 1.000000 0.000000
v -0.496715 0.000000 -0.257660
vn 0.000000 1.000000 0.000000
v -0.502570 0.000000 -0.214976
vn 0.000000 1.000000 0.000000
v -0.523270 0.000000 -0.281633
vn 0.000000 1.000000 0.000000
v -0.289678 0.000000 -0.933622
vn 0.000000 1.000000 0.000000
v -0.323870 0.000000 -0.954021
vn 0.000000 1.000000 0.000000
v 0.226337 0.000000 -0.797820
vn 0.000000 1.000000 0.000000
v -0.787664 0.000000 0.360662
vn 0.000000 1.000000 0.000000
v -0.788216 0.000000 0.324144
vn 0.000000 1.000000 0.000000
v -0.459185 0.000000 0.431136
vn 0.000000 1.000000 0.000000
v 0.843734 0.000000 0.584848
vn 0.000000 1.000000 0.000000
v 0.818279 0.000000 0.614950
vn 0.000000 1.000000 0.000000
v 0.845486 0.000000 0.685466
vn 0.000000 1.000000 0.000000
v 0.880669 0.000000 0.689260
vn 0.000000 1.000000 0.000000
v -0.678670 0.000000 0.525345
vn 0.000000 1.000000 0.000000
v 0.271522 0.000000 0.813837
vn 0.000000 1.000000 0.000000
v -0.035939 0.000000 -0.034014
vn 0.000000 1.000000 0.000000
v -0.065675 0.000000 -0.048851
vn 0.000000 1.000000 0.000000
v -0.065122 0.000000 -0.012981
vn 0.000000 1.000000 0.000000
v -0.097339 0.000000 -0.065750
vn 0.000000 1.000000 0.000000
v -0.877125 0.000000 -0.115901
vn 0.000000 1.000000 0.000000
v -0.899121 0.000000 -0.084003
vn 0.000000 1.000000 0.000000
v 0.105734 0.000000 -0.370154
vn 0.000000 1.000000 0.000000
v 0.204067 0.000000 0.200761
vn 0.000000 1.000000 0.000000
v -0.954615 0.000000 -0.241759
vn 0.000000 1.000000 0.000000
v -0.340068 0.000000 -0.627925
vn 0.000000 1.000000 0.000000
v -0.515980 0.000000 0.901480
vn 0.000000 1.000000 0.000000
v -0.477826 0.000000 0.894082
vn 0.000000 1.000000 0.000000
v -0.464915 0.000000 -0.207927
vn 0.000000 1.000000 0.000000
v -0.487556 0.000000 -0.297503
vn 0.000000 1.000000 0.000000
v 0.325378 0.000000 0.212665
vn 0.000000 1.000000 0.000000
v 0.939474 0.000000 0.534974
vn 0.000000 1.000000 0.000000
v 0.253018 0.000000 0.697100
vn 0.000000 1.000000 0.000000
v 0.336308 0.000000 0.404607
vn 0.000000 1.000000 0.000000
v 0.371317 0.000000 0.401350
vn 0.000000 1.000000 0.000000
v 0.306836 0.000000 0.648166
vn 0.000000 1.000000 0.000000
v -0.119627 0.000000 0.078372
vn 0.000000 1.000000 0.000000
v 0.460554 0.000000 0.313342
vn 0.000000 1.000000 0.000000
v 0.425784 0.000000 0.318801
vn 0.000000 1.000000 0.000000
v 0.382334 0.000000 0.363880
vn 0.000000 1.000000 0.000000
v 0.391694 0.000000 0.326337
vn 0.000000 1.000000 0.000000
v -0.446054 0.000000 0.886071
vn 0.000000 1.000000 0.000000
v 0.971190 0.000000 0.932310
vn 0.000000 1.000000 0.000000
v -0.058693 0.000000 -0.460139
vn 0.000000 1.000000 0.000000
v 0.797413 0.000000 0.936034
vn 0.000000 1.000000 0.000000
v -0.616942 0.000000 -0.624735
vn 0.000000 1.000000 0.000000
v 0.344964 0.000000 0.126628
vn 0.000000 1.000000 0.000000
v 0.326585 0.000000 0.155154
vn 0.000000 1.000000 0.000000
v -0.178696 0.000000 -0.907685
vn 0.000000 1.000000 0.000000
v -0.226255 0.000000 -0.940295
vn 0.000000 1.000000 0.000000
v 0.619565 0.000000 0.050295
vn 0.000000 1.000000 0.000000
v 0.970084 0.000000 -0.871559
vn 0.000000 1.000000 0.000000
v 0.963872 0.000000 -0.825518
vn 0.000000 1.000000 0.000000
v 1.000000 0.000000 -0.845268
vn 0.000000 1.000000 0.000000
v -0.058373 0.000000 0.862373
vn 0.000000 1.000000 0.000000
v -0.094575 0.000000 0.863993
vn 0.000000 1.000000 0.000000
v 0.438561 0.000000 0.109488
vn 0.000000 1.000000 0.000000
v 0.921973 0.000000 -0.826313
vn 0.000000 1.000000 0.000000
v 0.940640 0.000000 -0.790454
vn 0.000000 1.000000 0.000000
v 0.884634 0.000000 -0.826605
vn 0.000000 1.000000 0.000000
v -0.679897 0.000000 0.560842
vn 0.000000 1.000000 0.000000
v 0.542905 0.000000 -0.537825
vn 0.000000 1.000000 0.000000
v 0.524446 0.000000 -0.503798
vn 0.000000 1.000000 0.000000
v 0.560232 0.000000 -0.503955
vn 0.000000 1.000000 0.000000
v 0.905113 0.000000 0.559459
vn 0.000000 1.000000 0.000000
v 0.879008 0.000000 0.589006
vn 0.000000 1.000000 0.000000
v -0.396606 0.000000 -0.460262
vn 0.000000 1.000000 0.000000
v -0.868509 0.000000 0.934140
vn 0.000000 1.000000 0.000000
v -0.891322 0.000000 0.905653
vn 0.000000 1.000000 0.000000
v -0.885325 0.000000 0.967497
vn 0.000000 1.000000 0.000000
v -0.657480 0.000000 -0.062400
vn 0.000000 1.000000 0.000000
v -0.422609 0.000000 -0.342166
vn 0.000000 1.000000 0.000000
v -0.414755 0.000000 -0.312098
vn 0.000000 1.000000 0.000000
v 0.274524 0.000000 0.474759
vn 0.000000 1.000000 0.000000
v -0.656832 0.000000 -0.577213
vn 0.000000 1.000000 0.000000
v -0.693109 0.000000 -0.572564
vn 0.000000 1.000000 0.000000
v -0.668994 0.000000 -0.545238
vn 0.000000 1.000000 0.000000
v 0.449926 0.000000 -0.437181
vn 0.000000 1.000000 0.000000
v 0.415688 0.000000 -0.440224
vn 0.000000 1.000000 0.000000
v 0.501178 0.000000 0.404320
vn 0.000000 1.000000 0.000000
v 0.892357 0.000000 1.000000
vn 0.000000 1.000000 0.000000
v -0.858831 0.000000 -0.145409
vn 0.000000 1.000000 0.000000
v 0.298470 0.000000 -0.483774
vn 0.000000 1.000000 0.000000
v 0.321949 0.000000 -0.506017
vn 0.000000 1.000000 0.000000
v 0.756590 0.000000 -0.516655
vn 0.000000 1.000000 0.000000
v 0.857871 0.000000 -0.518551
vn 0.000000 1.000000 0.000000
v 0.827573 0.000000 -0.497141
vn 0.000000 1.000000 0.000000
v 0.912421 0.000000 0.938122
vn 0.000000 1.000000 0.000000
v 0.310131 0.000000 0.470812
vn 0.000000 1.000000 0.000000
v 0.974702 0.000000 -0.916801
vn 0.000000 1.000000 0.000000
v 1.000000 0.000000 -0.917480
vn 0.000000 1.000000 0.000000
v -0.429778 0.000000 -0.202051
vn 0.000000 1.000000 0.000000
v 0.460958 0.000000 -0.404739
vn 0.000000 1.000000 0.000000
v 0.464382 0.000000 0.447288
vn 0.000000 1.000000 0.000000
v -0.353202 0.000000 0.963779
vn 0.000000 1.000000 0.000000
v -0.943867 0.000000 -0.368359
vn 0.000000 1.000000 0.000000
v -0.975075 0.000000 -0.364596
vn 0.000000 1.000000 0.000000
v -0.259899 0.000000 0.272356
vn 0.000000 1.000000 0.000000
v 0.517419 0.000000 -0.363849
vn 0.000000 1.000000 0.000000
v 0.548519 0.000000 -0.381380
vn 0.000000 1.000000 0.000000
v 0.547157 0.000000 -0.412728
vn 0.000000 1.000000 0.000000
v 0.286670 0.000000 0.536667
vn 0.000000 1.000000 0.000000
v 0.297072 0.000000 0.505036
vn 0.000000 1.000000 0.000000
v 0.432506 0.000000 0.463104
vn 0.000000 1.000000 0.000000
v -0.532242 0.000000 -0.240867
vn 0.000000 1.000000 0.000000
v 0.525210 0.000000 0.385838
vn 0.000000 1.000000 0.000000
v -0.790819 0.000000 -0.850618
vn 0.000000 1.000000 0.000000
v -0.025851 0.000000 0.371141
vn 0.000000 1.000000 0.000000
v -0.534829 0.000000 -0.139381
vn 0.000000 1.000000 0.000000
v -0.557356 0.000000 -0.167351
vn 0.000000 1.000000 0.000000
v -0.618168 0.000000 -0.113723
vn 0.000000 1.000000 0.000000
v -0.002534 0.000000 0.300375
vn 0.000000 1.000000 0.000000
v -0.023779 0.000000 0.267034
vn 0.000000 1.000000 0.000000
v 0.021220 0.000000 0.330495
vn 0.000000 1.000000 0.000000
v 0.942499 0.000000 -0.898935
vn 0.000000 1.000000 0.000000
v 0.121041 0.000000 -0.748513
vn 0.000000 1.000000 0.000000
v 0.094363 0.000000 -0.720443
vn 0.000000 1.000000 0.000000
v -0.003084 0.000000 0.906288
vn 0.000000 1.000000 0.000000
v -0.937472 0.000000 0.750108
vn 0.000000 1.000000 0.000000
v -1.000000 0.000000 0.725537
vn 0.000000 1.000000 0.000000
v 0.468703 0.000000 0.566594
vn 0.000000 1.000000 0.000000
v 0.399442 0.000000 0.556553
vn 0.000000 1.000000 0.000000
v 0.435253 0.000000 0.542055
vn 0.000000 1.000000 0.000000
v -0.680719 0.000000 -0.505965
vn 0.000000 1.000000 0.000000
v 0.028308 0.000000 0.804986
vn 0.000000 1.000000 0.000000
v 0.001228 0.000000 0.772161
vn 0.000000 1.000000 0.000000
v -0.013759 0.000000 0.806942
vn 0.000000 1.000000 0.000000
v 0.019310 0.000000 0.738842
vn 0.000000 1.000000 0.000000
v -0.018981 0.000000 0.739747
vn 0.000000 1.000000 0.000000
v 0.640995 0.000000 -0.063241
vn 0.000000 1.000000 0.000000
v 0.635151 0.000000 -0.024080
vn 0.000000 1.000000 0.000000
v 0.908601 0.000000 -0.957791
vn 0.000000 1.000000 0.000000
v 0.937157 0.000000 -0.976348
vn 0.000000 1.000000 0.000000
v 0.897205 0.000000 0.518590
vn 0.000000 1.000000 0.000000
v -0.617971 0.000000 -0.583152
vn 0.000000 1.000000 0.000000
v -0.537029 0.000000 0.201472
vn 0.000000 1.000000 0.000000
v -0.560974 0.000000 0.220015
vn 0.000000 1.000000 0.000000
v -0.527578 0.000000 0.230243
vn 0.000000 1.000000 0.000000
v -0.515068 0.000000 0.262766
vn 0.000000 1.000000 0.000000
v 0.771063 0.000000 -0.214491
vn 0.000000 1.000000 0.000000
v 0.801892 0.000000 -0.191896
vn 0.000000 1.000000 0.000000
v 0.316440 0.000000 -0.292947
vn 0.000000 1.000000 0.000000
v 0.343543 0.000000 -0.273160
vn 0.000000 1.000000 0.000000
v 0.380299 0.000000 -0.270518
vn 0.000000 1.000000 0.000000
v 0.630205 0.000000 0.372290
vn 0.000000 1.000000 0.000000
v -0.105020 0.000000 0.422538
vn 0.000000 1.000000 0.000000
v -0.076924 0.000000 0.455718
vn 0.000000 1.000000 0.000000
v -0.094229 0.000000 0.488960
vn 0.000000 1.000000 0.000000
v 0.628372 0.000000 0.406895
vn 0.000000 1.000000 0.000000
v 0.598467 0.000000 0.350517
vn 0.000000 1.000000 0.000000
v 0.261179 0.000000 0.965991
vn 0.000000 1.000000 0.000000
v 0.288582 0.000000 0.913643
vn 0.000000 1.000000 0.000000
v 0.741913 0.000000 -0.204537
vn 0.000000 1.000000 0.000000
v 0.080973 0.000000 0.136771
vn 0.000000 1.000000 0.000000
v -0.120216 0.000000 0.585215
vn 0.000000 1.000000 0.000000
v -0.083537 0.000000 0.605891
vn 0.000000 1.000000 0.000000
v -0.088561 0.000000 0.561548
vn 0.000000 1.000000 0.000000
v -0.059119 0.000000 0.536730
vn 0.000000 1.000000 0.000000
v -0.091103 0.000000 0.522388
vn 0.000000 1.000000 0.000000
v -0.023642 0.000000 0.513832
vn 0.000000 1.000000 0.000000
v 0.720629 0.000000 -0.183173
vn 0.000000 1.000000 0.000000
v -0.866234 0.000000 -0.023792
vn 0.000000 1.000000 0.000000
v -0.824969 0.000000 -0.021684
vn 0.000000 1.000000 0.000000
v -0.786494 0.000000 -0.020289
vn 0.000000 1.000000 0.000000
v 0.117958 0.000000 0.268908
vn 0.000000 1.000000 0.000000
v 0.877891 0.000000 -0.936930
vn 0.000000 1.000000 0.000000
v -0.491049 0.000000 0.111190
vn 0.000000 1.000000 0.000000
v -0.528935 0.000000 0.108208
vn 0.000000 1.000000 0.000000
v 0.655533 0.000000 -0.170798
vn 0.000000 1.000000 0.000000
v 0.070603 0.000000 0.235697
vn 0.000000 1.000000 0.000000
v 0.087429 0.000000 0.266536
vn 0.000000 1.000000 0.000000
v 0.260417 0.000000 0.926033
vn 0.000000 1.000000 0.000000
v 0.701294 0.000000 -0.123768
vn 0.000000 1.000000 0.000000
v -0.004079 0.000000 0.237787
vn 0.000000 1.000000 0.000000
v 0.800486 0.000000 -0.151192
vn 0.000000 1.000000 0.000000
v 0.761953 0.000000 -0.174828
vn 0.000000 1.000000 0.000000
v 0.301282 0.000000 -0.402511
vn 0.000000 1.000000 0.000000
v 0.299019 0.000000 -0.364036
vn 0.000000 1.000000 0.000000
v 0.011511 0.000000 0.208683
vn 0.000000 1.000000 0.000000
v -0.012919 0.000000 0.183936
vn 0.000000 1.000000 0.000000
v -0.039317 0.000000 0.232684
vn 0.000000 1.000000 0.000000
v -1.000000 0.000000 0.660387
vn 0.000000 1.000000 0.000000
v 0.000068 0.000000 -0.802018
vn 0.000000 1.000000 0.000000
v 0.936671 0.000000 -0.209424
vn 0.000000 1.000000 0.000000
v 0.935176 0.000000 -0.245912
vn 0.000000 1.000000 0.000000
v 0.932396 0.000000 -0.283378
vn 0.000000 1.000000 0.000000
v 0.736076 0.000000 0.802893
vn 0.000000 1.000000 0.000000
v 0.709086 0.000000 0.824308
vn 0.000000 1.000000 0.000000
v -0.019517 0.000000 -0.864219
vn 0.000000 1.000000 0.000000
v -0.009487 0.000000 -0.892710
vn 0.000000 1.000000 0.000000
v -0.964081 0.000000 0.544461
vn 0.000000 1.000000 0.000000
v -0.943107 0.000000 0.582119
vn 0.000000 1.000000 0.000000
v -0.592722 0.000000 0.076193
vn 0.000000 1.000000 0.000000
v -0.029898 0.000000 0.842859
vn 0.000000 1.000000 0.000000
v -0.884304 0.000000 0.382589
vn 0.000000 1.000000 0.000000
v -0.854642 0.000000 0.401119
vn 0.000000 1.000000 0.000000
v -0.830832 0.000000 0.418985
vn 0.000000 1.000000 0.000000
v -0.799409 0.000000 0.419508
vn 0.000000 1.000000 0.000000
v 0.696483 0.000000 0.334701
vn 0.000000 1.000000 0.000000
v 0.722520 0.000000 0.358418
vn 0.000000 1.000000 0.000000
v -0.046024 0.000000 0.811519
vn 0.000000 1.000000 0.000000
v -1.000000 0.000000 0.593910
vn 0.000000 1.000000 0.000000
v -0.421873 0.000000 0.132107
vn 0.000000 1.000000 0.000000
v -0.390445 0.000000 0.149525
vn 0.000000 1.000000 0.000000
v -0.349953 0.000000 0.090509
vn 0.000000 1.000000 0.000000
v -0.297608 0.000000 0.149398
vn 0.000000 1.000000 0.000000
v -0.967476 0.000000 -0.689328
vn 0.000000 1.000000 0.000000
v -1.000000 0.000000 -0.668261
vn 0.000000 1.000000 0.000000
v 0.648110 0.000000 0.270197
vn 0.000000 1.000000 0.000000
v 0.706337 0.000000 0.266728
vn 0.000000 1.000000 0.000000
v -0.304209 0.000000 -0.402724
vn 0.000000 1.000000 0.000000
v -0.093414 0.000000 0.640940
vn 0.000000 1.000000 0.000000
v -0.149849 0.000000 0.648090
vn 0.000000 1.000000 0.000000
v -0.116094 0.000000 0.661142
vn 0.000000 1.000000 0.000000
v -0.106898 0.000000 0.694945
vn 0.000000 1.000000 0.000000
v -0.083362 0.000000 0.669690
vn 0.000000 1.000000 0.000000
v -0.040847 0.000000 -0.612029
vn 0.000000 1.000000 0.000000
v 0.000837 0.000000 -0.605795
vn 0.000000 1.000000 0.000000
v -0.023193 0.000000 -0.570317
vn 0.000000 1.000000 0.000000
v -1.000000 0.000000 -0.802678
vn 0.000000 1.000000 0.000000
v -0.333662 0.000000 -0.459062
vn 0.000000 1.000000 0.000000
v -0.388720 0.000000 -0.331505
vn 0.000000 1.000000 0.000000
v -0.933529 0.000000 -0.672287
vn 0.000000 1.000000 0.000000
v -0.929748 0.000000 -0.634453
vn 0.000000 1.000000 0.000000
v -0.893443 0.000000 -0.657281
vn 0.000000 1.000000 0.000000
v 0.010840 0.000000 0.363063
vn 0.000000 1.000000 0.000000
v -0.902385 0.000000 -0.043744
vn 0.000000 1.000000 0.000000
v -0.901859 0.000000 -0.006125
vn 0.000000 1.000000 0.000000
v -0.048686 0.000000 0.301413
vn 0.000000 1.000000 0.000000
v 0.892291 0.000000 -0.537820
vn 0.000000 1.000000 0.000000
v 0.891640 0.000000 -0.503491
vn 0.000000 1.000000 0.000000
v -0.091380 0.000000 0.283607
vn 0.000000 1.000000 0.000000
v -0.089918 0.000000 0.320402
vn 0.000000 1.000000 0.000000
v -0.092422 0.000000 0.358031
vn 0.000000 1.000000 0.000000
v -0.765328 0.000000 0.617508
vn 0.000000 1.000000 0.000000
v -0.805512 0.000000 0.556531
vn 0.000000 1.000000 0.000000
v -0.820039 0.000000 0.594330
vn 0.000000 1.000000 0.000000
v -0.112862 0.000000 0.191125
vn 0.000000 1.000000 0.000000
v -0.079237 0.000000 0.220135
vn 0.000000 1.000000 0.000000
v 0.414009 0.000000 0.657519
vn 0.000000 1.000000 0.000000
v -0.184393 0.000000 0.547413
vn 0.000000 1.000000 0.000000
v -0.152716 0.000000 0.566453
vn 0.000000 1.000000 0.000000
v -0.503283 0.000000 -0.966593
vn 0.000000 1.000000 0.000000
v -0.481979 0.000000 -1.000000
vn 0.000000 1.000000 0.000000
v -0.355921 0.000000 -0.019188
vn 0.000000 1.000000 0.000000
v -0.339844 0.000000 0.016491
vn 0.000000 1.000000 0.000000
v -0.178692 0.000000 0.674339
vn 0.000000 1.000000 0.000000
v -0.215803 0.000000 0.662744
vn 0.000000 1.000000 0.000000
v -0.826680 0.000000 -0.144540
vn 0.000000 1.000000 0.000000
v -0.771196 0.000000 0.648678
vn 0.000000 1.000000 0.000000
v -0.305876 0.000000 0.771799
vn 0.000000 1.000000 0.000000
v -0.185211 0.000000 -0.198294
vn 0.000000 1.000000 0.000000
v -0.217624 0.000000 -0.164670
vn 0.000000 1.000000 0.000000
v -0.514755 0.000000 -0.321929
vn 0.000000 1.000000 0.000000
v -0.474584 0.000000 -0.610827
vn 0.000000 1.000000 0.000000
v -0.095916 0.000000 0.252379
vn 0.000000 1.000000 0.000000
v -0.120439 0.000000 0.230624
vn 0.000000 1.000000 0.000000
v -0.909977 0.000000 0.169671
vn 0.000000 1.000000 0.000000
v -0.878453 0.000000 0.164938
vn 0.000000 1.000000 0.000000
v 0.628449 0.000000 0.013915
vn 0.000000 1.000000 0.000000
v 0.514990 0.000000 1.000000
vn 0.000000 1.000000 0.000000
v 0.968267 0.000000 0.042467
vn 0.000000 1.000000 0.000000
v 0.939737 0.000000 0.021095
vn 0.000000 1.000000 0.000000
v -0.589701 0.000000 0.249571
vn 0.000000 1.000000 0.000000
v -0.390685 0.000000 -0.809905
vn 0.000000 1.000000 0.000000
v -0.766842 0.000000 -0.775502
vn 0.000000 1.000000 0.000000
v -0.777106 0.000000 -0.813567
vn 0.000000 1.000000 0.000000
v 0.039319 0.000000 0.084807
vn 0.000000 1.000000 0.000000
v 0.049045 0.000000 0.115345
vn 0.000000 1.000000 0.000000
v 0.076368 0.000000 0.095505
vn 0.000000 1.000000 0.000000
v -0.568731 0.000000 -0.225775
vn 0.000000 1.000000 0.000000
v -0.974599 0.000000 0.942713
vn 0.000000 1.000000 0.000000
v 0.791510 0.000000 0.789857
vn 0.000000 1.000000 0.000000
v 0.761120 0.000000 0.783372
vn 0.000000 1.000000 0.000000
v 0.890412 0.000000 -0.431789
vn 0.000000 1.000000 0.000000
v -0.725363 0.000000 0.384949
vn 0.000000 1.000000 0.000000
v -0.662521 0.000000 0.330229
vn 0.000000 1.000000 0.000000
v 0.511505 0.000000 -0.049762
vn 0.000000 1.000000 0.000000
v 0.505328 0.000000 0.554527
vn 0.000000 1.000000 0.000000
v -0.603432 0.000000 -0.388072
vn 0.000000 1.000000 0.000000
v 0.125771 0.000000 -0.100697
vn 0.000000 1.000000 0.000000
v -0.207288 0.000000 -0.297991
vn 0.000000 1.000000 0.000000
v 0.592645 0.000000 0.027775
vn 0.000000 1.000000 0.000000
v -0.434706 0.000000 -0.625657
vn 0.000000 1.000000 0.000000
v 1.000000 0.000000 -0.774876
vn 0.000000 1.000000 0.000000
v -1.000000 0.000000 0.459106
vn 0.000000 1.000000 0.000000
v -0.457669 0.000000 -0.411613
vn 0.000000 1.000000 0.000000
v -0.471976 0.000000 -0.372709
vn 0.000000 1.000000 0.000000
v -0.784628 0.000000 0.281034
vn 0.000000 1.000000 0.000000
v 0.222988 0.000000 -0.585772
vn 0.000000 1.000000 0.000000
v -0.141592 0.000000 0.163110
vn 0.000000 1.000000 0.000000
v 0.227957 0.000000 -0.545040
vn 0.000000 1.000000 0.000000
v 0.122859 0.000000 0.520576
vn 0.000000 1.000000 0.000000
v 0.565523 0.000000 0.004435
vn 0.000000 1.000000 0.000000
v -0.530122 0.000000 0.936096
vn 0.000000 1.000000 0.000000
v -0.555392 0.000000 0.909716
vn 0.000000 1.000000 0.000000
v -0.582891 0.000000 -0.964628
vn 0.000000 1.000000 0.000000
v -0.563049 0.000000 -1.000000
vn 0.000000 1.000000 0.000000
v 0.537733 0.000000 -0.021184
vn 0.000000 1.000000 0.000000
v -0.887957 0.000000 0.103370
vn 0.000000 1.000000 0.000000
v -0.865379 0.000000 0.131761
vn 0.000000 1.000000 0.000000
v 0.163546 0.000000 0.192720
vn 0.000000 1.000000 0.000000
v -0.214992 0.000000 0.744700
vn 0.000000 1.000000 0.000000
v -0.486762 0.000000 0.048835
vn 0.000000 1.000000 0.000000
v -0.446839 0.000000 0.047607
vn 0.000000 1.000000 0.000000
v 0.935189 0.000000 -1.000000
vn 0.000000 1.000000 0.000000
v 0.733024 0.000000 0.766881
vn 0.000000 1.000000 0.000000
v 0.733503 0.000000 0.727906
vn 0.000000 1.000000 0.000000
v -0.547435 0.000000 -0.101722
vn 0.000000 1.000000 0.000000
v -0.391367 0.000000 -0.140029
vn 0.000000 1.000000 0.000000
v -0.352447 0.000000 -0.144256
vn 0.000000 1.000000 0.000000
v -0.292713 0.000000 -0.552404
vn 0.000000 1.000000 0.000000
v -0.504399 0.000000 -0.543420
vn 0.000000 1.000000 0.000000
v -0.036625 0.000000 0.406204
vn 0.000000 1.000000 0.000000
v -0.306965 0.000000 0.088929
vn 0.000000 1.000000 0.000000
v -0.285516 0.000000 0.115219
vn 0.000000 1.000000 0.000000
v -0.325244 0.000000 0.055135
vn 0.000000 1.000000 0.000000
v -0.831419 0.000000 0.631814
vn 0.000000 1.000000 0.000000
v -0.796197 0.000000 0.622805
vn 0.000000 1.000000 0.000000
v -0.742838 0.000000 0.269676
vn 0.000000 1.000000 0.000000
v -0.580006 0.000000 0.040468
vn 0.000000 1.000000 0.000000
v -0.571150 0.000000 0.005507
vn 0.000000 1.000000 0.000000
v -0.400014 0.000000 0.728261
vn 0.000000 1.000000 0.000000
v 0.535514 0.000000 -0.159841
vn 0.000000 1.000000 0.000000
v -0.347605 0.000000 0.680838
vn 0.000000 1.000000 0.000000
v -0.375636 0.000000 0.707127
vn 0.000000 1.000000 0.000000
v -0.909569 0.000000 0.074637
vn 0.000000 1.000000 0.000000
v -0.261787 0.000000 0.137871
vn 0.000000 1.000000 0.000000
v -0.855818 0.000000 0.604586
vn 0.000000 1.000000 0.000000
v -0.877908 0.000000 0.583644
vn 0.000000 1.000000 0.000000
v 0.018642 0.000000 -0.447296
vn 0.000000 1.000000 0.000000
v 0.361921 0.000000 -0.233921
vn 0.000000 1.000000 0.000000
v 0.399362 0.000000 -0.235615
vn 0.000000 1.000000 0.000000
v 0.024071 0.000000 0.176855
vn 0.000000 1.000000 0.000000
v 0.036895 0.000000 0.143379
vn 0.000000 1.000000 0.000000
v -0.818514 0.000000 -0.609616
vn 0.000000 1.000000 0.000000
v -0.313925 0.000000 -0.603952
vn 0.000000 1.000000 0.000000
v -0.660980 0.000000 0.615778
vn 0.000000 1.000000 0.000000
v 0.891147 0.000000 -0.468394
vn 0.000000 1.000000 0.000000
v 0.706657 0.000000 -0.754152
vn 0.000000 1.000000 0.000000
v 0.090645 0.000000 -0.048345
vn 0.000000 1.000000 0.000000
v 0.099339 0.000000 -0.010786
vn 0.000000 1.000000 0.000000
v -0.524354 0.000000 -0.932922
vn 0.000000 1.000000 0.000000
v -0.430664 0.000000 0.725292
vn 0.000000 1.000000 0.000000
v 0.499360 0.000000 0.589265
vn 0.000000 1.000000 0.000000
v 0.495039 0.000000 0.622548
vn 0.000000 1.000000 0.000000
v 0.521943 0.000000 0.609834
vn 0.000000 1.000000 0.000000
v 0.641662 0.000000 0.801112
vn 0.000000 1.000000 0.000000
v 0.676071 0.000000 0.812608
vn 0.000000 1.000000 0.000000
v -0.938650 0.000000 0.268647
vn 0.000000 1.000000 0.000000
v -0.911282 0.000000 0.255645
vn 0.000000 1.000000 0.000000
v -0.577340 0.000000 -0.329001
vn 0.000000 1.000000 0.000000
v -0.610963 0.000000 -0.312906
vn 0.000000 1.000000 0.000000
v -0.582976 0.000000 0.884900
vn 0.000000 1.000000 0.000000
v 0.679484 0.000000 0.871477
vn 0.000000 1.000000 0.000000
v 0.930933 0.000000 -0.377425
vn 0.000000 1.000000 0.000000
v -0.602687 0.000000 -0.927559
vn 0.000000 1.000000 0.000000
v 0.685341 0.000000 0.842034
vn 0.000000 1.000000 0.000000
v -0.802970 0.000000 -0.121208
vn 0.000000 1.000000 0.000000
v -0.763453 0.000000 -0.132263
vn 0.000000 1.000000 0.000000
v 0.135555 0.000000 -0.940058
vn 0.000000 1.000000 0.000000
v 0.131314 0.000000 -0.910592
vn 0.000000 1.000000 0.000000
v 0.553100 0.000000 -0.196189
vn 0.000000 1.000000 0.000000
v 0.519907 0.000000 -0.198999
vn 0.000000 1.000000 0.000000
v 0.305560 0.000000 -0.202094
vn 0.000000 1.000000 0.000000
v 0.804348 0.000000 0.898737
vn 0.000000 1.000000 0.000000
v 0.744250 0.000000 0.877338
vn 0.000000 1.000000 0.000000
v 0.044465 0.000000 0.025373
vn 0.000000 1.000000 0.000000
v -0.840858 0.000000 0.159097
vn 0.000000 1.000000 0.000000
v -0.154649 0.000000 0.205564
vn 0.000000 1.000000 0.000000
v -0.627627 0.000000 0.389205
vn 0.000000 1.000000 0.000000
v -0.397898 0.000000 -0.496440
vn 0.000000 1.000000 0.000000
v -0.430731 0.000000 -0.135239
vn 0.000000 1.000000 0.000000
v -0.407113 0.000000 -0.107002
vn 0.000000 1.000000 0.000000
v 0.032529 0.000000 0.055380
vn 0.000000 1.000000 0.000000
v 0.713711 0.000000 -0.657480
vn 0.000000 1.000000 0.000000
v -0.783255 0.000000 -0.976938
vn 0.000000 1.000000 0.000000
v -0.651553 0.000000 0.580669
vn 0.000000 1.000000 0.000000
v 0.612752 0.000000 0.825661
vn 0.000000 1.000000 0.000000
v -0.563520 0.000000 -0.028737
vn 0.000000 1.000000 0.000000
v -0.156551 0.000000 -0.084637
vn 0.000000 1.000000 0.000000
v -0.232282 0.000000 -0.095745
vn 0.000000 1.000000 0.000000
v 0.122207 0.000000 0.059865
vn 0.000000 1.000000 0.000000
v 0.155649 0.000000 0.086045
vn 0.000000 1.000000 0.000000
v -0.783850 0.000000 0.391224
vn 0.000000 1.000000 0.000000
v -0.757652 0.000000 0.374930
vn 0.000000 1.000000 0.000000
v 0.182675 0.000000 -0.755832
vn 0.000000 1.000000 0.000000
v -0.271792 0.000000 -0.483940
vn 0.000000 1.000000 0.000000
v 0.319645 0.000000 0.535051
vn 0.000000 1.000000 0.000000
v -0.673227 0.000000 0.931592
vn 0.000000 1.000000 0.000000
v -0.633638 0.000000 0.929239
vn 0.000000 1.000000 0.000000
v -0.655546 0.000000 0.897929
vn 0.000000 1.000000 0.000000
v -0.582165 0.000000 -0.608866
vn 0.000000 1.000000 0.000000
v 0.238474 0.000000 -0.436753
vn 0.000000 1.000000 0.000000
v 0.269321 0.000000 -0.459369
vn 0.000000 1.000000 0.000000
v 0.132392 0.000000 -0.000902
vn 0.000000 1.000000 0.000000
v -0.784372 0.000000 -1.000000
vn 0.000000 1.000000 0.000000
v -0.627395 0.000000 -0.040996
vn 0.000000 1.000000 0.000000
v -0.660560 0.000000 -0.026687
vn 0.000000 1.000000 0.000000
v -0.612389 0.000000 0.793581
vn 0.000000 1.000000 0.000000
v 0.971805 0.000000 0.008202
vn 0.000000 1.000000 0.000000
v 0.403026 0.000000 -0.957614
vn 0.000000 1.000000 0.000000
v 0.442454 0.000000 -0.940040
vn 0.000000 1.000000 0.000000
v -0.678530 0.000000 0.864144
vn 0.000000 1.000000 0.000000
v -0.672715 0.000000 0.826611
vn 0.000000 1.000000 0.000000
v 0.626859 0.000000 -0.761578
vn 0.000000 1.000000 0.000000
v 0.651088 0.000000 -0.791169
vn 0.000000 1.000000 0.000000
v 0.170376 0.000000 -0.695362
vn 0.000000 1.000000 0.000000
v -1.000000 0.000000 0.041168
vn 0.000000 1.000000 0.000000
v -0.592634 0.000000 -0.052950
vn 0.000000 1.000000 0.000000
v -0.556225 0.000000 -0.064213
vn 0.000000 1.000000 0.000000
v -0.642079 0.000000 0.812657
vn 0.000000 1.000000 0.000000
v -0.838042 0.000000 -0.420636
vn 0.000000 1.000000 0.000000
v -0.034874 0.000000 0.706710
vn 0.000000 1.000000 0.000000
v -0.058203 0.000000 0.736344
vn 0.000000 1.000000 0.000000
v 0.270482 0.000000 -0.199208
vn 0.000000 1.000000 0.000000
v -0.647066 0.000000 0.543412
vn 0.000000 1.000000 0.000000
v -0.623754 0.000000 -0.076915
vn 0.000000 1.000000 0.000000
v 0.551210 0.000000 0.616289
vn 0.000000 1.000000 0.000000
v 0.474657 0.000000 0.691603
vn 0.000000 1.000000 0.000000
v 0.486358 0.000000 -0.203730
vn 0.000000 1.000000 0.000000
v 0.188910 0.000000 -0.968361
vn 0.000000 1.000000 0.000000
v 0.174431 0.000000 -1.000000
vn 0.000000 1.000000 0.000000
v 0.152157 0.000000 -0.969774
vn 0.000000 1.000000 0.000000
v 0.487980 0.000000 0.656163
vn 0.000000 1.000000 0.000000
v -0.222942 0.000000 -0.265551
vn 0.000000 1.000000 0.000000
v 0.642928 0.000000 -0.727695
vn 0.000000 1.000000 0.000000
v 0.666452 0.000000 -0.757607
vn 0.000000 1.000000 0.000000
v 1.000000 0.000000 0.026012
vn 0.000000 1.000000 0.000000
v -0.316009 0.000000 0.551752
vn 0.000000 1.000000 0.000000
v -0.536234 0.000000 -0.519197
vn 0.000000 1.000000 0.000000
v -0.567536 0.000000 -0.494095
vn 0.000000 1.000000 0.000000
v -0.383381 0.000000 0.670966
vn 0.000000 1.000000 0.000000
v -0.897877 0.000000 0.035118
vn 0.000000 1.000000 0.000000
v 0.313075 0.000000 -0.763096
vn 0.000000 1.000000 0.000000
v -0.274661 0.000000 -0.776386
vn 0.000000 1.000000 0.000000
v -0.243894 0.000000 -0.798129
vn 0.000000 1.000000 0.000000
v -0.212055 0.000000 -0.820024
vn 0.000000 1.000000 0.000000
v -0.085197 0.000000 0.763331
vn 0.000000 1.000000 0.000000
v -0.387073 0.000000 0.076007
vn 0.000000 1.000000 0.000000
v -0.379497 0.000000 -0.051740
vn 0.000000 1.000000 0.000000
v -0.541313 0.000000 -0.556770
vn 0.000000 1.000000 0.000000
v -1.000000 0.000000 -0.307465
vn 0.000000 1.000000 0.000000
v -0.392913 0.000000 -0.018151
vn 0.000000 1.000000 0.000000
v 0.208332 0.000000 -0.415289
vn 0.000000 1.000000 0.000000
v -0.770557 0.000000 0.960367
vn 0.000000 1.000000 0.000000
v -0.688802 0.000000 -0.047559
vn 0.000000 1.000000 0.000000
v -0.731391 0.000000 -0.768969
vn 0.000000 1.000000 0.000000
v 0.468006 0.000000 0.634246
vn 0.000000 1.000000 0.000000
v -0.574119 0.000000 -0.193132
vn 0.000000 1.000000 0.000000
v -0.258537 0.000000 0.312895
vn 0.000000 1.000000 0.000000
v -0.285214 0.000000 0.922641
vn 0.000000 1.000000 0.000000
v -0.346561 0.000000 0.503235
vn 0.000000 1.000000 0.000000
v -0.607175 0.000000 -0.207126
vn 0.000000 1.000000 0.000000
v -0.766728 0.000000 -0.050499
vn 0.000000 1.000000 0.000000
v -0.808337 0.000000 0.960686
vn 0.000000 1.000000 0.000000
v -1.000000 0.000000 -0.025574
vn 0.000000 1.000000 0.000000
v -0.930174 0.000000 -0.451339
vn 0.000000 1.000000 0.000000
v -0.578214 0.000000 -0.569725
vn 0.000000 1.000000 0.000000
v 0.444837 0.000000 -0.737650
vn 0.000000 1.000000 0.000000
v -0.751656 0.000000 -0.023849
vn 0.000000 1.000000 0.000000
v 0.936943 0.000000 0.456242
vn 0.000000 1.000000 0.000000
v -1.000000 0.000000 -0.466255
vn 0.000000 1.000000 0.000000
v 0.557384 0.000000 0.361771
vn 0.000000 1.000000 0.000000
v -0.918844 0.000000 -0.977998
vn 0.000000 1.000000 0.000000
v -0.912153 0.000000 -1.000000
vn 0.000000 1.000000 0.000000
v -0.921496 0.000000 -0.943248
vn 0.000000 1.000000 0.000000
v -0.137563 0.000000 -0.047701
vn 0.000000 1.000000 0.000000
v -0.246170 0.000000 0.453704
vn 0.000000 1.000000 0.000000
v -0.209661 0.000000 0.445638
vn 0.000000 1.000000 0.000000
v 0.195513 0.000000 -0.723026
vn 0.000000 1.000000 0.000000
v -0.250466 0.000000 0.649258
vn 0.000000 1.000000 0.000000
v 0.734411 0.000000 0.682461
vn 0.000000 1.000000 0.000000
v -0.765303 0.000000 0.146750
vn 0.000000 1.000000 0.000000
v -0.138841 0.000000 -0.144977
vn 0.000000 1.000000 0.000000
v -0.124551 0.000000 -0.081865
vn 0.000000 1.000000 0.000000
v -0.131688 0.000000 -0.111012
vn 0.000000 1.000000 0.000000
v 0.608943 0.000000 -0.413772
vn 0.000000 1.000000 0.000000
v -0.188092 0.000000 0.231717
vn 0.000000 1.000000 0.000000
v -0.191355 0.000000 0.267279
vn 0.000000 1.000000 0.000000
v 0.584493 0.000000 -0.074539
vn 0.000000 1.000000 0.000000
v 0.558343 0.000000 -0.099145
vn 0.000000 1.000000 0.000000
v 0.721389 0.000000 0.472235
vn 0.000000 1.000000 0.000000
v 0.515641 0.000000 0.351200
vn 0.000000 1.000000 0.000000
v 0.032215 0.000000 0.236715
vn 0.000000 1.000000 0.000000
v -0.608416 0.000000 -0.544855
vn 0.000000 1.000000 0.000000
v -0.639552 0.000000 -0.523964
vn 0.000000 1.000000 0.000000
v -0.604579 0.000000 -0.508415
vn 0.000000 1.000000 0.000000
v 0.114488 0.000000 -0.967641
vn 0.000000 1.000000 0.000000
v 0.096542 0.000000 -1.000000
vn 0.000000 1.000000 0.000000
v -0.803241 0.000000 0.152991
vn 0.000000 1.000000 0.000000
v 0.757099 0.000000 0.483447
vn 0.000000 1.000000 0.000000
v -0.151924 0.000000 -0.772314
vn 0.000000 1.000000 0.000000
v 0.420594 0.000000 -0.767645
vn 0.000000 1.000000 0.000000
v -0.045195 0.000000 0.197515
vn 0.000000 1.000000 0.000000
v 0.654087 0.000000 -0.633825
vn 0.000000 1.000000 0.000000
v -0.451931 0.000000 -0.348750
vn 0.000000 1.000000 0.000000
v -0.790124 0.000000 0.211381
vn 0.000000 1.000000 0.000000
v -0.766150 0.000000 0.240037
vn 0.000000 1.000000 0.000000
v 0.698431 0.000000 0.970580
vn 0.000000 1.000000 0.000000
v -0.402239 0.000000 -0.256025
vn 0.000000 1.000000 0.000000
v -0.426287 0.000000 -0.281062
vn 0.000000 1.000000 0.000000
v 0.435014 0.000000 0.502247
vn 0.000000 1.000000 0.000000
v 0.575301 0.000000 -0.034230
vn 0.000000 1.000000 0.000000
v 0.649903 0.000000 -0.100829
vn 0.000000 1.000000 0.000000
v 0.617116 0.000000 -0.090962
vn 0.000000 1.000000 0.000000
v 0.490436 0.000000 -0.074051
vn 0.000000 1.000000 0.000000
v 0.590860 0.000000 -0.115377
vn 0.000000 1.000000 0.000000
v -0.480225 0.000000 -0.336520
vn 0.000000 1.000000 0.000000
v 0.401695 0.000000 0.480083
vn 0.000000 1.000000 0.000000
v 0.731667 0.000000 -0.489407
vn 0.000000 1.000000 0.000000
v 0.935142 0.000000 0.661894
vn 0.000000 1.000000 0.000000
v -0.096027 0.000000 0.728661
vn 0.000000 1.000000 0.000000
v 0.711387 0.000000 0.932771
vn 0.000000 1.000000 0.000000
v -0.616892 0.000000 -0.663840
vn 0.000000 1.000000 0.000000
v 0.119651 0.000000 -0.852055
vn 0.000000 1.000000 0.000000
v 0.149531 0.000000 -0.846039
vn 0.000000 1.000000 0.000000
v -0.706049 0.000000 -0.400782
vn 0.000000 1.000000 0.000000
v -0.740815 0.000000 -0.416087
vn 0.000000 1.000000 0.000000
v -0.354493 0.000000 -0.206896
vn 0.000000 1.000000 0.000000
v 0.720687 0.000000 0.642399
vn 0.000000 1.000000 0.000000
v -0.957788 0.000000 -1.000000
vn 0.000000 1.000000 0.000000
v 0.369920 0.000000 0.494150
vn 0.000000 1.000000 0.000000
v 0.741887 0.000000 0.617420
vn 0.000000 1.000000 0.000000
v -0.724505 0.000000 0.295572
vn 0.000000 1.000000 0.000000
v 0.111109 0.000000 0.560510
vn 0.000000 1.000000 0.000000
v -0.756190 0.000000 0.304950
vn 0.000000 1.000000 0.000000
v -0.256349 0.000000 -0.172846
vn 0.000000 1.000000 0.000000
v 0.809172 0.000000 -0.938847
vn 0.000000 1.000000 0.000000
v 0.167415 0.000000 -0.819947
vn 0.000000 1.000000 0.000000
v 0.191222 0.000000 -0.789341
vn 0.000000 1.000000 0.000000
v -0.313025 0.000000 -0.087801
vn 0.000000 1.000000 0.000000
v -0.352979 0.000000 -0.083518
vn 0.000000 1.000000 0.000000
v -0.771943 0.000000 -0.393502
vn 0.000000 1.000000 0.000000
v -0.696072 0.000000 -0.767807
vn 0.000000 1.000000 0.000000
v 0.306434 0.000000 -0.444174
vn 0.000000 1.000000 0.000000
v 0.815888 0.000000 -0.971832
vn 0.000000 1.000000 0.000000
v -0.284644 0.000000 0.632794
vn 0.000000 1.000000 0.000000
v -0.283439 0.000000 0.597923
vn 0.000000 1.000000 0.000000
v 0.006421 0.000000 -0.484694
vn 0.000000 1.000000 0.000000
v -0.594580 0.000000 0.921211
vn 0.000000 1.000000 0.000000
v 0.158031 0.000000 0.585740
vn 0.000000 1.000000 0.000000
v -0.508973 0.000000 -0.582336
vn 0.000000 1.000000 0.000000
v 0.966500 0.000000 0.078778
vn 0.000000 1.000000 0.000000
v 1.000000 0.000000 0.096588
vn 0.000000 1.000000 0.000000
v -0.196329 0.000000 0.956291
vn 0.000000 1.000000 0.000000
v -0.167315 0.000000 0.976535
vn 0.000000 1.000000 0.000000
v 0.904186 0.000000 -0.305873
vn 0.000000 1.000000 0.000000
v 0.931735 0.000000 -0.315004
vn 0.000000 1.000000 0.000000
v -0.169393 0.000000 1.000000
vn 0.000000 1.000000 0.000000
v 0.914985 0.000000 -0.340277
vn 0.000000 1.000000 0.000000
v -0.736107 0.000000 -0.341246
vn 0.000000 1.000000 0.000000
v -0.704475 0.000000 -0.362968
vn 0.000000 1.000000 0.000000
v 0.966729 0.000000 0.157029
vn 0.000000 1.000000 0.000000
v -0.000871 0.000000 -0.928352
vn 0.000000 1.000000 0.000000
v -0.035556 0.000000 -0.916847
vn 0.000000 1.000000 0.000000
v 0.333979 0.000000 0.501076
vn 0.000000 1.000000 0.000000
v 0.182089 0.000000 -0.396572
vn 0.000000 1.000000 0.000000
v 0.161225 0.000000 0.049619
vn 0.000000 1.000000 0.000000
v 0.175377 0.000000 -0.426873
vn 0.000000 1.000000 0.000000
v 0.172494 0.000000 -0.464397
vn 0.000000 1.000000 0.000000
v -0.226073 0.000000 0.124227
vn 0.000000 1.000000 0.000000
v -0.236980 0.000000 0.160586
vn 0.000000 1.000000 0.000000
v -0.386050 0.000000 -0.084158
vn 0.000000 1.000000 0.000000
v 0.563601 0.000000 -0.136176
vn 0.000000 1.000000 0.000000
v 0.591712 0.000000 -0.154929
vn 0.000000 1.000000 0.000000
v -0.114927 0.000000 0.787311
vn 0.000000 1.000000 0.000000
v 0.501425 0.000000 -1.000000
vn 0.000000 1.000000 0.000000
v -0.174829 0.000000 0.435766
vn 0.000000 1.000000 0.000000
v -0.969046 0.000000 -0.397479
vn 0.000000 1.000000 0.000000
v 0.292055 0.000000 -0.953369
vn 0.000000 1.000000 0.000000
v -0.373411 0.000000 0.742730
vn 0.000000 1.000000 0.000000
v -0.062476 0.000000 0.379522
vn 0.000000 1.000000 0.000000
v -0.764004 0.000000 -0.323566
vn 0.000000 1.000000 0.000000
v -0.731512 0.000000 -0.569407
vn 0.000000 1.000000 0.000000
v 0.159932 0.000000 -0.018344
vn 0.000000 1.000000 0.000000
v -0.092442 0.000000 0.390429
vn 0.000000 1.000000 0.000000
v -0.058345 0.000000 -0.087152
vn 0.000000 1.000000 0.000000
v -0.017210 0.000000 -0.085230
vn 0.000000 1.000000 0.000000
v -1.000000 0.000000 0.792911
vn 0.000000 1.000000 0.000000
v -0.979917 0.000000 0.790211
vn 0.000000 1.000000 0.000000
v 0.361885 0.000000 0.534123
vn 0.000000 1.000000 0.000000
v 0.914725 0.000000 0.693452
vn 0.000000 1.000000 0.000000
v 0.308464 0.000000 -1.000000
vn 0.000000 1.000000 0.000000
v 0.319601 0.000000 -0.975621
vn 0.000000 1.000000 0.000000
v 0.584702 0.000000 -0.191734
vn 0.000000 1.000000 0.000000
v 0.573103 0.000000 -0.227750
vn 0.000000 1.000000 0.000000
v 0.081090 0.000000 -0.476427
vn 0.000000 1.000000 0.000000
v -0.199207 0.000000 0.408634
vn 0.000000 1.000000 0.000000
v -0.221485 0.000000 0.375999
vn 0.000000 1.000000 0.000000
v -0.938769 0.000000 0.849940
vn 0.000000 1.000000 0.000000
v 0.977894 0.000000 0.533402
vn 0.000000 1.000000 0.000000
v 1.000000 0.000000 0.536062
vn 0.000000 1.000000 0.000000
v 0.959863 0.000000 -0.304981
vn 0.000000 1.000000 0.000000
v -0.153575 0.000000 0.458528
vn 0.000000 1.000000 0.000000
v -0.118759 0.000000 -0.617786
vn 0.000000 1.000000 0.000000
v -0.102062 0.000000 -0.587416
vn 0.000000 1.000000 0.000000
v 0.962249 0.000000 0.566631
vn 0.000000 1.000000 0.000000
v -1.000000 0.000000 -0.973545
vn 0.000000 1.000000 0.000000
v 0.068234 0.000000 -0.539299
vn 0.000000 1.000000 0.000000
v -0.912301 0.000000 0.779814
vn 0.000000 1.000000 0.000000
v -0.336741 0.000000 -0.830270
vn 0.000000 1.000000 0.000000
v -0.360421 0.000000 -0.857378
vn 0.000000 1.000000 0.000000
v 0.663034 0.000000 0.326129
vn 0.000000 1.000000 0.000000
v -0.408691 0.000000 0.698145
vn 0.000000 1.000000 0.000000
v -0.332135 0.000000 -0.768172
vn 0.000000 1.000000 0.000000
v -0.303550 0.000000 -0.754260
vn 0.000000 1.000000 0.000000
v 0.506851 0.000000 -0.469031
vn 0.000000 1.000000 0.000000
v -0.752018 0.000000 0.984255
vn 0.000000 1.000000 0.000000
v -0.339531 0.000000 0.756842
vn 0.000000 1.000000 0.000000
v -0.756191 0.000000 1.000000
vn 0.000000 1.000000 0.000000
v 0.324691 0.000000 -0.346788
vn 0.000000 1.000000 0.000000
v 0.355055 0.000000 -0.345320
vn 0.000000 1.000000 0.000000
v -0.947567 0.000000 0.785401
vn 0.000000 1.000000 0.000000
v -0.712821 0.000000 0.930941
vn 0.000000 1.000000 0.000000
v -0.006115 0.000000 -0.020654
vn 0.000000 1.000000 0.000000
v -0.008971 0.000000 -0.053915
vn 0.000000 1.000000 0.000000
v -0.378433 0.000000 -0.232578
vn 0.000000 1.000000 0.000000
v -0.348722 0.000000 1.000000
vn 0.000000 1.000000 0.000000
v -0.227918 0.000000 0.967942
vn 0.000000 1.000000 0.000000
v -0.233511 0.000000 1.000000
vn 0.000000 1.000000 0.000000
v -0.405878 0.000000 0.932976
vn 0.000000 1.000000 0.000000
v -0.375426 0.000000 0.939074
vn 0.000000 1.000000 0.000000
v -0.206811 0.000000 -0.233405
vn 0.000000 1.000000 0.000000
v -0.405267 0.000000 0.045885
vn 0.000000 1.000000 0.000000
v -0.267677 0.000000 -0.208439
vn 0.000000 1.000000 0.000000
v -0.310790 0.000000 -0.217069
vn 0.000000 1.000000 0.000000
v 0.833467 0.000000 0.369964
vn 0.000000 1.000000 0.000000
v 0.390313 0.000000 -0.339713
vn 0.000000 1.000000 0.000000
v 0.736146 0.000000 0.330489
vn 0.000000 1.000000 0.000000
v 0.753301 0.000000 0.298380
vn 0.000000 1.000000 0.000000
v 0.717026 0.000000 0.300499
vn 0.000000 1.000000 0.000000
v 0.766234 0.000000 0.258874
vn 0.000000 1.000000 0.000000
v 0.791211 0.000000 0.294773
vn 0.000000 1.000000 0.000000
v -0.048874 0.000000 0.674249
vn 0.000000 1.000000 0.000000
v -0.013081 0.000000 0.676710
vn 0.000000 1.000000 0.000000
v 0.856913 0.000000 0.309518
vn 0.000000 1.000000 0.000000
v -0.184055 0.000000 0.054323
vn 0.000000 1.000000 0.000000
v -0.221422 0.000000 0.036640
vn 0.000000 1.000000 0.000000
v -0.747688 0.000000 -0.538815
vn 0.000000 1.000000 0.000000
v 0.977318 0.000000 0.599153
vn 0.000000 1.000000 0.000000
v 1.000000 0.000000 0.600753
vn 0.000000 1.000000 0.000000
v 0.709085 0.000000 -0.908726
vn 0.000000 1.000000 0.000000
v 0.689832 0.000000 -0.627918
vn 0.000000 1.000000 0.000000
v -0.158304 0.000000 0.024768
vn 0.000000 1.000000 0.000000
v -0.151347 0.000000 0.062435
vn 0.000000 1.000000 0.000000
v -0.327017 0.000000 -0.533900
vn 0.000000 1.000000 0.000000
v -0.347707 0.000000 -0.593249
vn 0.000000 1.000000 0.000000
v -0.809522 0.000000 -0.573640
vn 0.000000 1.000000 0.000000
v -0.787212 0.000000 -0.595153
vn 0.000000 1.000000 0.000000
v -0.362715 0.000000 -0.557217
vn 0.000000 1.000000 0.000000
v 0.689966 0.000000 -0.937573
vn 0.000000 1.000000 0.000000
v -0.622892 0.000000 -0.963179
vn 0.000000 1.000000 0.000000
v 0.193661 0.000000 0.345932
vn 0.000000 1.000000 0.000000
v 0.156445 0.000000 0.419281
vn 0.000000 1.000000 0.000000
v 0.136824 0.000000 0.388090
vn 0.000000 1.000000 0.000000
v -0.081453 0.000000 -0.617511
vn 0.000000 1.000000 0.000000
v -0.365170 0.000000 0.048598
vn 0.000000 1.000000 0.000000
v -0.199657 0.000000 -0.669242
vn 0.000000 1.000000 0.000000
v -0.330265 0.000000 -0.496291
vn 0.000000 1.000000 0.000000
v -0.841798 0.000000 0.667683
vn 0.000000 1.000000 0.000000
v -0.814971 0.000000 0.695010
vn 0.000000 1.000000 0.000000
v 1.000000 0.000000 0.907223
vn 0.000000 1.000000 0.000000
v 0.800511 0.000000 0.154475
vn 0.000000 1.000000 0.000000
v 0.778014 0.000000 0.184933
vn 0.000000 1.000000 0.000000
v -0.815346 0.000000 0.185139
vn 0.000000 1.000000 0.000000
v 0.906714 0.000000 0.482292
vn 0.000000 1.000000 0.000000
v 0.872888 0.000000 0.484658
vn 0.000000 1.000000 0.000000
v 0.522855 0.000000 0.896769
vn 0.000000 1.000000 0.000000
v 0.035249 0.000000 1.000000
vn 0.000000 1.000000 0.000000
v 0.253600 0.000000 0.381940
vn 0.000000 1.000000 0.000000
v 0.203147 0.000000 0.891273
vn 0.000000 1.000000 0.000000
v 0.151499 0.000000 0.353420
vn 0.000000 1.000000 0.000000
v 0.599974 0.000000 0.934118
vn 0.000000 1.000000 0.000000
v 0.606097 0.000000 0.897981
vn 0.000000 1.000000 0.000000
v 0.411738 0.000000 -0.370979
vn 0.000000 1.000000 0.000000
v 0.104517 0.000000 -0.333154
vn 0.000000 1.000000 0.000000
v 0.078935 0.000000 -0.349742
vn 0.000000 1.000000 0.000000
v 0.105682 0.000000 0.029267
vn 0.000000 1.000000 0.000000
v 0.832033 0.000000 0.550947
vn 0.000000 1.000000 0.000000
v 0.139866 0.000000 -0.134708
vn 0.000000 1.000000 0.000000
v -0.913964 0.000000 0.363801
vn 0.000000 1.000000 0.000000
v 0.512577 0.000000 0.273569
vn 0.000000 1.000000 0.000000
v 0.541891 0.000000 0.299318
vn 0.000000 1.000000 0.000000
v -0.442741 0.000000 0.691114
vn 0.000000 1.000000 0.000000
v 0.655334 0.000000 -0.255309
vn 0.000000 1.000000 0.000000
v -0.270533 0.000000 -0.737678
vn 0.000000 1.000000 0.000000
v 0.483967 0.000000 0.245109
vn 0.000000 1.000000 0.000000
v 0.473374 0.000000 0.280616
vn 0.000000 1.000000 0.000000
v -0.019575 0.000000 -0.529969
vn 0.000000 1.000000 0.000000
v -0.392898 0.000000 -0.201085
vn 0.000000 1.000000 0.000000
v 0.933824 0.000000 0.058359
vn 0.000000 1.000000 0.000000
v 0.642962 0.000000 0.883619
vn 0.000000 1.000000 0.000000
v -0.855816 0.000000 -0.629771
vn 0.000000 1.000000 0.000000
v 0.537638 0.000000 -0.122534
vn 0.000000 1.000000 0.000000
v -0.259505 0.000000 -0.955618
vn 0.000000 1.000000 0.000000
v 0.800253 0.000000 0.821822
vn 0.000000 1.000000 0.000000
v 0.577025 0.000000 -1.000000
vn 0.000000 1.000000 0.000000
v 0.043527 0.000000 -0.480457
vn 0.000000 1.000000 0.000000
v 0.092314 0.000000 0.535319
vn 0.000000 1.000000 0.000000
v 0.663818 0.000000 0.520585
vn 0.000000 1.000000 0.000000
v 0.628885 0.000000 0.508523
vn 0.000000 1.000000 0.000000
v 0.401042 0.000000 0.290477
vn 0.000000 1.000000 0.000000
v 0.132778 0.000000 0.032295
vn 0.000000 1.000000 0.000000
v -0.354448 0.000000 -0.893820
vn 0.000000 1.000000 0.000000
v 0.012121 0.000000 -0.333722
vn 0.000000 1.000000 0.000000
v -0.853644 0.000000 -0.586567
vn 0.000000 1.000000 0.000000
v 0.579502 0.000000 0.813674
vn 0.000000 1.000000 0.000000
v -0.000199 0.000000 -0.295490
vn 0.000000 1.000000 0.000000
v -1.000000 0.000000 -0.245049
vn 0.000000 1.000000 0.000000
v 0.576550 0.000000 0.591327
vn 0.000000 1.000000 0.000000
v 0.502980 0.000000 0.312819
vn 0.000000 1.000000 0.000000
v -0.386436 0.000000 -0.959563
vn 0.000000 1.000000 0.000000
v 0.004622 0.000000 0.069103
vn 0.000000 1.000000 0.000000
v 0.032798 0.000000 -0.170797
vn 0.000000 1.000000 0.000000
v 0.366710 0.000000 -0.093605
vn 0.000000 1.000000 0.000000
v -0.188951 0.000000 0.630827
vn 0.000000 1.000000 0.000000
v -0.980082 0.000000 0.465273
vn 0.000000 1.000000 0.000000
v -0.372488 0.000000 -0.172847
vn 0.000000 1.000000 0.000000
v 0.500373 0.000000 0.720409
vn 0.000000 1.000000 0.000000
v -0.077156 0.000000 0.798833
vn 0.000000 1.000000 0.000000
v 0.076213 0.000000 -0.965386
vn 0.000000 1.000000 0.000000
v -0.425838 0.000000 -0.439058
vn 0.000000 1.000000 0.000000
v 0.086096 0.000000 -0.089669
vn 0.000000 1.000000 0.000000
v -0.391563 0.000000 0.966507
vn 0.000000 1.000000 0.000000
v 0.957818 0.000000 0.630344
vn 0.000000 1.000000 0.000000
v 0.932080 0.000000 0.096679
vn 0.000000 1.000000 0.000000
v -0.965980 0.000000 0.172764
vn 0.000000 1.000000 0.000000
v -0.015420 0.000000 0.437573
vn 0.000000 1.000000 0.000000
v 0.867214 0.000000 0.977001
vn 0.000000 1.000000 0.000000
v -0.714856 0.000000 -0.735560
vn 0.000000 1.000000 0.000000
v -0.937080 0.000000 -0.202880
vn 0.000000 1.000000 0.000000
v -0.712858 0.000000 -0.855807
vn 0.000000 1.000000 0.000000
v -0.370651 0.000000 -0.263465
vn 0.000000 1.000000 0.000000
v 0.060001 0.000000 -0.200035
vn 0.000000 1.000000 0.000000
v -0.791983 0.000000 -0.708657
vn 0.000000 1.000000 0.000000
v 0.810980 0.000000 0.012154
vn 0.000000 1.000000 0.000000
v 0.153817 0.000000 -0.169193
vn 0.000000 1.000000 0.000000
v 0.109113 0.000000 0.240234
vn 0.000000 1.000000 0.000000
v -0.153161 0.000000 0.607463
vn 0.000000 1.000000 0.000000
v 0.633181 0.000000 0.338212
vn 0.000000 1.000000 0.000000
v -0.311262 0.000000 -0.795945
vn 0.000000 1.000000 0.000000
v 0.436080 0.000000 0.286087
vn 0.000000 1.000000 0.000000
v -0.490637 0.000000 0.738622
vn 0.000000 1.000000 0.000000
v -0.207078 0.000000 -0.739908
vn 0.000000 1.000000 0.000000
v -0.600613 0.000000 0.642740
vn 0.000000 1.000000 0.000000
v -0.762629 0.000000 0.487970
vn 0.000000 1.000000 0.000000
v 0.510873 0.000000 0.967162
vn 0.000000 1.000000 0.000000
v 0.266634 0.000000 -0.845082
vn 0.000000 1.000000 0.000000
v 0.013830 0.000000 -0.235877
vn 0.000000 1.000000 0.000000
v -0.294331 0.000000 0.403795
vn 0.000000 1.000000 0.000000
v 0.224708 0.000000 -0.966905
vn 0.000000 1.000000 0.000000
v -0.650272 0.000000 0.673342
vn 0.000000 1.000000 0.000000
v 0.266482 0.000000 0.120332
vn 0.000000 1.000000 0.000000
v -0.180172 0.000000 -0.056110
vn 0.000000 1.000000 0.000000
v 0.486989 0.000000 -0.385499
vn 0.000000 1.000000 0.000000
v -0.119839 0.000000 0.625117
vn 0.000000 1.000000 0.000000
v -0.114406 0.000000 -0.240722
vn 0.000000 1.000000 0.000000
v 0.131120 0.000000 -0.708333
vn 0.000000 1.000000 0.000000
v 0.666992 0.000000 -0.133104
vn 0.000000 1.000000 0.000000
v 0.768670 0.000000 0.706896
vn 0.000000 1.000000 0.000000
v -0.760967 0.000000 -0.513001
vn 0.000000 1.000000 0.000000
v -0.420616 0.000000 0.438067
vn 0.000000 1.000000 0.000000
v 0.822399 0.000000 -0.050130
vn 0.000000 1.000000 0.000000
v 0.960237 0.000000 -0.441463
vn 0.000000 1.000000 0.000000
v -0.614278 0.000000 -0.701818
vn 0.000000 1.000000 0.000000
v 0.823195 0.000000 0.135616
vn 0.000000 1.000000 0.000000
v -0.325540 0.000000 0.401186
vn 0.000000 1.000000 0.000000
v 0.319982 0.000000 -0.169960
vn 0.000000 1.000000 0.000000
v 0.162535 0.000000 -0.204290
vn 0.000000 1.000000 0.000000
v 0.847629 0.000000 -0.823400
vn 0.000000 1.000000 0.000000
v -0.606578 0.000000 -0.349458
vn 0.000000 1.000000 0.000000
v -0.954230 0.000000 0.685987
vn 0.000000 1.000000 0.000000
v 0.823293 0.000000 -0.851357
vn 0.000000 1.000000 0.000000
v -0.411710 0.000000 0.760562
vn 0.000000 1.000000 0.000000
v 0.395818 0.000000 -0.407231
vn 0.000000 1.000000 0.000000
v 0.692782 0.000000 -0.159477
vn 0.000000 1.000000 0.000000
v -0.172427 0.000000 -0.014428
vn 0.000000 1.000000 0.000000
v 0.360782 0.000000 -0.960983
vn 0.000000 1.000000 0.000000
v 0.669145 0.000000 0.944773
vn 0.000000 1.000000 0.000000
v 0.418705 0.000000 -0.202861
vn 0.000000 1.000000 0.000000
v -0.812344 0.000000 0.800931
vn 0.000000 1.000000 0.000000
v 0.298240 0.000000 -0.852343
vn 0.000000 1.000000 0.000000
v -0.455660 0.000000 0.118047
vn 0.000000 1.000000 0.000000
v -0.467927 0.000000 -0.528692
vn 0.000000 1.000000 0.000000
v -0.646874 0.000000 -0.682998
vn 0.000000 1.000000 0.000000
v 0.164789 0.000000 0.013289
vn 0.000000 1.000000 0.000000
v 0.299502 0.000000 -0.916014
vn 0.000000 1.000000 0.000000
v -0.424943 0.000000 0.862549
vn 0.000000 1.000000 0.000000
v -0.538830 0.000000 0.286922
vn 0.000000 1.000000 0.000000
v -0.827551 0.000000 0.833184
vn 0.000000 1.000000 0.000000
v 0.365160 0.000000 0.811536
vn 0.000000 1.000000 0.000000
v 0.215577 0.000000 0.165534
vn 0.000000 1.000000 0.000000
v 0.239988 0.000000 0.478657
vn 0.000000 1.000000 0.000000
v 0.207198 0.000000 0.485238
vn 0.000000 1.000000 0.000000
v -0.565171 0.000000 0.309469
vn 0.000000 1.000000 0.000000
v -0.393462 0.000000 -0.707017
vn 0.000000 1.000000 0.000000
v -0.076238 0.000000 -0.292392
vn 0.000000 1.000000 0.000000
v -0.444549 0.000000 0.788747
vn 0.000000 1.000000 0.000000
v -0.788963 0.000000 -0.498024
vn 0.000000 1.000000 0.000000
v -0.296887 0.000000 0.294123
vn 0.000000 1.000000 0.000000
v -0.974328 0.000000 0.579374
vn 0.000000 1.000000 0.000000
v -0.638973 0.000000 -0.331231
vn 0.000000 1.000000 0.000000
v -0.809050 0.000000 0.891245
vn 0.000000 1.000000 0.000000
v -0.828989 0.000000 0.929288
vn 0.000000 1.000000 0.000000
v -0.502066 0.000000 0.296033
vn 0.000000 1.000000 0.000000
v -0.507550 0.000000 0.839942
vn 0.000000 1.000000 0.000000
v 0.471305 0.000000 -0.236545
vn 0.000000 1.000000 0.000000
v 0.158666 0.000000 0.730505
vn 0.000000 1.000000 0.000000
v 0.609351 0.000000 -0.832815
vn 0.000000 1.000000 0.000000
v -0.036055 0.000000 -0.712698
vn 0.000000 1.000000 0.000000
v 0.535910 0.000000 0.714086
vn 0.000000 1.000000 0.000000
v -0.160852 0.000000 -0.406745
vn 0.000000 1.000000 0.000000
v -0.332470 0.000000 -0.177767
vn 0.000000 1.000000 0.000000
v -0.732665 0.000000 0.961540
vn 0.000000 1.000000 0.000000
v 0.116316 0.000000 -0.070653
vn 0.000000 1.000000 0.000000
v 0.546024 0.000000 -0.925160
vn 0.000000 1.000000 0.000000
v 0.098261 0.000000 -0.927978
vn 0.000000 1.000000 0.000000
v -0.475523 0.000000 0.814731
vn 0.000000 1.000000 0.000000
v 0.940637 0.000000 -0.938564
vn 0.000000 1.000000 0.000000
v -0.308877 0.000000 0.732675
vn 0.000000 1.000000 0.000000
v -0.087807 0.000000 -0.685559
vn 0.000000 1.000000 0.000000
v -0.982558 0.000000 -0.976633
vn 0.000000 1.000000 0.000000
v -0.362782 0.000000 -0.358117
vn 0.000000 1.000000 0.000000
v -0.363780 0.000000 -0.516200
vn 0.000000 1.000000 0.000000
v 0.569788 0.000000 0.324756
vn 0.000000 1.000000 0.000000
v 0.331402 0.000000 0.827334
vn 0.000000 1.000000 0.000000
v -0.337228 0.000000 0.299687
vn 0.000000 1.000000 0.000000
v -0.177967 0.000000 -0.638259
vn 0.000000 1.000000 0.000000
v -0.117058 0.000000 -0.528353
vn 0.000000 1.000000 0.000000
v 0.335517 0.000000 0.790750
vn 0.000000 1.000000 0.000000
v -0.885028 0.000000 -0.960341
vn 0.000000 1.000000 0.000000
v -0.879025 0.000000 -0.836309
vn 0.000000 1.000000 0.000000
v -0.417925 0.000000 0.241925
vn 0.000000 1.000000 0.000000
v 0.329387 0.000000 -0.417038
vn 0.000000 1.000000 0.000000
v -0.414301 0.000000 -0.404521
vn 0.000000 1.000000 0.000000
v 0.381087 0.000000 -0.442619
vn 0.000000 1.000000 0.000000
v 0.577692 0.000000 0.290194
vn 0.000000 1.000000 0.000000
v -0.111961 0.000000 -0.277659
vn 0.000000 1.000000 0.000000
v 0.877811 0.000000 0.219069
vn 0.000000 1.000000 0.000000
v 0.771191 0.000000 0.902771
vn 0.000000 1.000000 0.000000
v 0.240413 0.000000 0.224863
vn 0.000000 1.000000 0.000000
v -0.334230 0.000000 -0.382214
vn 0.000000 1.000000 0.000000
v -0.531454 0.000000 -0.775898
vn 0.000000 1.000000 0.000000
v -0.699445 0.000000 0.352566
vn 0.000000 1.000000 0.000000
v -0.972053 0.000000 0.363872
vn 0.000000 1.000000 0.000000
v -0.234168 0.000000 -0.972448
vn 0.000000 1.000000 0.000000
v -0.131826 0.000000 -0.590700
vn 0.000000 1.000000 0.000000
v 0.675064 0.000000 -0.910764
vn 0.000000 1.000000 0.000000
v -0.176498 0.000000 0.840220
vn 0.000000 1.000000 0.000000
v -0.190657 0.000000 -0.552969
vn 0.000000 1.000000 0.000000
v -0.942188 0.000000 -0.856061
vn 0.000000 1.000000 0.000000
v -0.890222 0.000000 -0.764226
vn 0.000000 1.000000 0.000000
v -0.245761 0.000000 0.725286
vn 0.000000 1.000000 0.000000
v 0.149775 0.000000 -0.880983
vn 0.000000 1.000000 0.000000
v -0.827111 0.000000 -0.857127
vn 0.000000 1.000000 0.000000
v -0.179755 0.000000 -0.478254
vn 0.000000 1.000000 0.000000
v -0.901808 0.000000 -0.807094
vn 0.000000 1.000000 0.000000
v -0.662108 0.000000 0.399803
vn 0.000000 1.000000 0.000000
v 0.163243 0.000000 -0.108397
vn 0.000000 1.000000 0.000000
v 0.772255 0.000000 0.751457
vn 0.000000 1.000000 0.000000
v 0.378524 0.000000 -0.676176
vn 0.000000 1.000000 0.000000
v -0.745434 0.000000 -0.452122
vn 0.000000 1.000000 0.000000
v 0.689777 0.000000 0.489250
vn 0.000000 1.000000 0.000000
v -0.032774 0.000000 0.881855
vn 0.000000 1.000000 0.000000
v 0.895646 0.000000 -0.567842
vn 0.000000 1.000000 0.000000
v 0.858024 0.000000 -0.557475
vn 0.000000 1.000000 0.000000
v -0.956560 0.000000 -0.962115
vn 0.000000 1.000000 0.000000
v 0.935228 0.000000 -0.628173
vn 0.000000 1.000000 0.000000
v -0.685282 0.000000 -0.077588
vn 0.000000 1.000000 0.000000
v 0.738647 0.000000 0.908613
vn 0.000000 1.000000 0.000000
v 0.970208 0.000000 0.788310
vn 0.000000 1.000000 0.000000
v 0.901068 0.000000 -0.627730
vn 0.000000 1.000000 0.000000
v -0.625310 0.000000 0.459039
vn 0.000000 1.000000 0.000000
v 0.907180 0.000000 0.197086
vn 0.000000 1.000000 0.000000
v -0.072752 0.000000 0.930650
vn 0.000000 1.000000 0.000000
v 0.735446 0.000000 0.967819
vn 0.000000 1.000000 0.000000
v -0.956374 0.000000 0.881589
vn 0.000000 1.000000 0.000000
v -0.322753 0.000000 -0.569708
vn 0.000000 1.000000 0.000000
v -0.928730 0.000000 -0.748146
vn 0.000000 1.000000 0.000000
v -0.944255 0.000000 0.939802
vn 0.000000 1.000000 0.000000
v 0.049697 0.000000 0.205359
vn 0.000000 1.000000 0.000000
v -0.416592 0.000000 -0.725294
vn 0.000000 1.000000 0.000000
v -0.602657 0.000000 0.489896
vn 0.000000 1.000000 0.000000
v -0.412618 0.000000 -0.169632
vn 0.000000 1.000000 0.000000
v 0.053890 0.000000 -0.061330
vn 0.000000 1.000000 0.000000
v 0.857022 0.000000 -0.630111
vn 0.000000 1.000000 0.000000
v 0.844810 0.000000 -0.956452
vn 0.000000 1.000000 0.000000
v -0.039075 0.000000 0.918957
vn 0.000000 1.000000 0.000000
v -0.351859 0.000000 -0.969812
vn 0.000000 1.000000 0.000000
v -0.587571 0.000000 0.454898
vn 0.000000 1.000000 0.000000
v 0.092685 0.000000 0.594954
vn 0.000000 1.000000 0.000000
v 0.402381 0.000000 0.720316
vn 0.000000 1.000000 0.000000
v -0.771208 0.000000 0.549314
vn 0.000000 1.000000 0.000000
v 0.287664 0.000000 -0.824495
vn 0.000000 1.000000 0.000000
v -0.438634 0.000000 -0.240516
vn 0.000000 1.000000 0.000000
v -0.224113 0.000000 0.632020
vn 0.000000 1.000000 0.000000
v -0.030355 0.000000 0.084153
vn 0.000000 1.000000 0.000000
v -0.269054 0.000000 0.819306
vn 0.000000 1.000000 0.000000
v 0.844800 0.000000 -0.919879
vn 0.000000 1.000000 0.000000
v 0.743045 0.000000 0.179670
vn 0.000000 1.000000 0.000000
v -0.099309 0.000000 0.906409
vn 0.000000 1.000000 0.000000
v -0.386803 0.000000 -0.915009
vn 0.000000 1.000000 0.000000
v 0.103047 0.000000 0.919647
vn 0.000000 1.000000 0.000000
v 0.164292 0.000000 0.523565
vn 0.000000 1.000000 0.000000
v -0.547386 0.000000 0.459605
vn 0.000000 1.000000 0.000000
v 0.583758 0.000000 0.847997
vn 0.000000 1.000000 0.000000
v 0.458163 0.000000 -0.705586
vn 0.000000 1.000000 0.000000
v -0.566531 0.000000 0.483860
vn 0.000000 1.000000 0.000000
v -0.391284 0.000000 -0.775739
vn 0.000000 1.000000 0.000000
v -0.680078 0.000000 0.424938
vn 0.000000 1.000000 0.000000
v -0.691016 0.000000 0.391354
vn 0.000000 1.000000 0.000000
v 0.816096 0.000000 -0.908103
vn 0.000000 1.000000 0.000000
v 0.557009 0.000000 0.873994
vn 0.000000 1.000000 0.000000
v 0.764055 0.000000 -0.879506
vn 0.000000 1.000000 0.000000
v 0.144567 0.000000 0.664248
vn 0.000000 1.000000 0.000000
v -0.568063 0.000000 0.421235
vn 0.000000 1.000000 0.000000
v 0.115598 0.000000 0.881399
vn 0.000000 1.000000 0.000000
v -0.248655 0.000000 0.350089
vn 0.000000 1.000000 0.000000
v 0.865580 0.000000 -0.368901
vn 0.000000 1.000000 0.000000
v -0.410371 0.000000 0.474368
vn 0.000000 1.000000 0.000000
v -0.926173 0.000000 -0.876800
vn 0.000000 1.000000 0.000000
v 0.060785 0.000000 -0.727029
vn 0.000000 1.000000 0.000000
v 0.092748 0.000000 0.962686
vn 0.000000 1.000000 0.000000
v 0.071110 0.000000 -0.698148
vn 0.000000 1.000000 0.000000
v 0.612205 0.000000 0.862396
vn 0.000000 1.000000 0.000000
v 0.417230 0.000000 -0.864103
vn 0.000000 1.000000 0.000000
v -0.285989 0.000000 -0.892480
vn 0.000000 1.000000 0.000000
v -0.292316 0.000000 -0.974091
vn 0.000000 1.000000 0.000000
v -0.346525 0.000000 0.465842
vn 0.000000 1.000000 0.000000
v 0.061879 0.000000 0.862468
vn 0.000000 1.000000 0.000000
v 0.813662 0.000000 0.763112
vn 0.000000 1.000000 0.000000
v -0.321905 0.000000 -0.912145
vn 0.000000 1.000000 0.000000
v -0.204567 0.000000 -0.968024
vn 0.000000 1.000000 0.000000
v -0.552591 0.000000 0.749498
vn 0.000000 1.000000 0.000000
v 0.160267 0.000000 0.697253
vn 0.000000 1.000000 0.000000
v -0.212343 0.000000 0.781292
vn 0.000000 1.000000 0.000000
v 0.224208 0.000000 0.585977
vn 0.000000 1.000000 0.000000
v -0.415277 0.000000 -0.072740
vn 0.000000 1.000000 0.000000
v -0.163141 0.000000 -0.964247
vn 0.000000 1.000000 0.000000
v -0.960156 0.000000 -0.925381
vn 0.000000 1.000000 0.000000
v -0.195673 0.000000 0.305868
vn 0.000000 1.000000 0.000000
v 0.040931 0.000000 -0.966011
vn 0.000000 1.000000 0.000000
v -0.475310 0.000000 0.269587
vn 0.000000 1.000000 0.000000
v 0.260606 0.000000 0.557694
vn 0.000000 1.000000 0.000000
v -0.144792 0.000000 -0.864443
vn 0.000000 1.000000 0.000000
v -0.329999 0.000000 -0.340942
vn 0.000000 1.000000 0.000000
v -0.165716 0.000000 0.092287
vn 0.000000 1.000000 0.000000
v 0.927986 0.000000 -0.417889
vn 0.000000 1.000000 0.000000
v 0.609359 0.000000 -0.049859
vn 0.000000 1.000000 0.000000
v 0.127418 0.000000 0.741763
vn 0.000000 1.000000 0.000000
v -0.959905 0.000000 -0.885173
vn 0.000000 1.000000 0.000000
v -0.192443 0.000000 -0.933975
vn 0.000000 1.000000 0.000000
v -0.317749 0.000000 0.519114
vn 0.000000 1.000000 0.000000
v 0.416894 0.000000 -0.685834
vn 0.000000 1.000000 0.000000
v -0.046398 0.000000 -0.383899
vn 0.000000 1.000000 0.000000
v -0.067784 0.000000 0.833570
vn 0.000000 1.000000 0.000000
v -0.976120 0.000000 0.855224
vn 0.000000 1.000000 0.000000
v 0.096899 0.000000 0.069628
vn 0.000000 1.000000 0.000000
v 0.149241 0.000000 0.621365
vn 0.000000 1.000000 0.000000
v 0.168136 0.000000 -0.945207
vn 0.000000 1.000000 0.000000
v -0.267572 0.000000 0.849042
vn 0.000000 1.000000 0.000000
v -0.921484 0.000000 -0.336378
vn 0.000000 1.000000 0.000000
v -0.836441 0.000000 -0.349961
vn 0.000000 1.000000 0.000000
v -0.802043 0.000000 -0.368744
vn 0.000000 1.000000 0.000000
v 0.584378 0.000000 0.878822
vn 0.000000 1.000000 0.000000
v 0.038032 0.000000 -0.514348
vn 0.000000 1.000000 0.000000
v 0.589705 0.000000 0.971552
vn 0.000000 1.000000 0.000000
v 0.768758 0.000000 0.142456
vn 0.000000 1.000000 0.000000
v -0.282990 0.000000 0.336055
vn 0.000000 1.000000 0.000000
v 0.959932 0.000000 0.429030
vn 0.000000 1.000000 0.000000
v 0.835156 0.000000 0.741457
vn 0.000000 1.000000 0.000000
v 0.004587 0.000000 -0.545047
vn 0.000000 1.000000 0.000000
v 0.712599 0.000000 0.094598
vn 0.000000 1.000000 0.000000
v 0.723262 0.000000 0.435714
vn 0.000000 1.000000 0.000000
v 0.004872 0.000000 -0.517445
vn 0.000000 1.000000 0.000000
v 0.680388 0.000000 0.298112
vn 0.000000 1.000000 0.000000
v 0.309730 0.000000 -0.685292
vn 0.000000 1.000000 0.000000
v -0.975672 0.000000 -0.189736
vn 0.000000 1.000000 0.000000
v -0.746129 0.000000 -0.064551
vn 0.000000 1.000000 0.000000
v -0.223418 0.000000 0.333045
vn 0.000000 1.000000 0.000000
v -0.148692 0.000000 -0.367256
vn 0.000000 1.000000 0.000000
v -0.307083 0.000000 0.372512
vn 0.000000 1.000000 0.000000
v -0.160401 0.000000 -0.330994
vn 0.000000 1.000000 0.000000
v -0.375000 0.000000 -0.837902
vn 0.000000 1.000000 0.000000
v 0.648568 0.000000 -0.929708
vn 0.000000 1.000000 0.000000
v -0.571776 0.000000 0.615912
vn 0.000000 1.000000 0.000000
v -0.710162 0.000000 0.060087
vn 0.000000 1.000000 0.000000
v -0.586688 0.000000 0.552567
# 3452 vertices, 0 vertices normals


usemtl material_0
vt 0.994843 0.546234
vt 0.994827 0.546219
vt 0.994980 0.546249
f 874/1/874 875/2/875 377/3/377
vt 0.007111 0.421906
vt 0.007019 0.421936
vt 0.006989 0.421906
f 877/4/877 878/5/878 879/6/879
vt 0.838768 0.431824
vt 0.838722 0.431763
vt 0.838776 0.431824
f 880/7/880 400/8/400 881/9/881
vt 0.475769 0.000031
vt 0.475739 0.000015
vt 0.475861 0.000015
f 761/10/761 883/11/883 884/12/884
vt 0.474792 0.000031
vt 0.474762 0.000015
vt 0.474884 0.000015
f 885/13/885 886/14/886 887/15/887
vt 0.335876 0.935867
vt 0.335815 0.935852
vt 0.335876 0.935837
f 888/16/888 889/17/889 890/18/890
vt 0.984375 0.562561
vt 0.984375 0.562531
f 891/19/891 892/20/892 893/20/893
vt 0.400452 0.000599
vt 0.400513 0.000584
vt 0.400452 0.000603
f 894/21/894 895/22/895 896/23/896
vt 0.955238 0.353561
vt 0.955261 0.353577
vt 0.955254 0.353592
f 899/24/899 900/25/900 901/26/901
vt 0.484436 0.985779
vt 0.484375 0.985596
vt 0.484436 0.985657
f 907/27/907 549/28/549 908/29/908
vt 0.208633 0.175858
vt 0.208694 0.175858
vt 0.208649 0.175873
f 911/30/911 912/31/912 913/32/913
vt 0.703964 0.624283
vt 0.703979 0.624298
vt 0.703934 0.624283
f 914/33/914 915/34/915 916/35/916
vt 0.149479 0.873657
vt 0.149461 0.873688
vt 0.149497 0.873627
f 919/36/919 920/37/920 921/38/921
vt 0.473494 0.997249
vt 0.473505 0.997237
vt 0.473496 0.997249
f 922/39/922 1989/40/1989 923/41/923
vt 0.773529 0.448536
vt 0.773544 0.448504
vt 0.773544 0.448504
f 924/42/924 925/43/925 926/44/926
vt 0.250534 0.685242
vt 0.250526 0.685272
vt 0.250526 0.685150
f 927/45/927 928/46/928 929/47/929
vt 0.814240 0.779007
vt 0.814255 0.779037
vt 0.814255 0.779053
f 930/48/930 931/49/931 932/50/932
vt 0.218882 0.014848
vt 0.218884 0.014837
vt 0.218882 0.014855
f 933/51/933 934/52/934 935/53/935
vt 0.212822 0.918633
vt 0.212776 0.918648
vt 0.212860 0.918610
f 941/54/941 942/55/942 943/56/943
vt 0.015479 0.283193
vt 0.015478 0.283150
vt 0.015479 0.283180
f 2009/57/2009 944/58/944 945/59/945
vt 0.639885 0.004684
vt 0.639881 0.004646
vt 0.639896 0.004677
f 947/60/947 948/61/948 949/62/949
vt 0.780502 0.902206
vt 0.780472 0.902195
vt 0.780457 0.902187
f 950/63/950 951/64/951 952/65/952
vt 0.815422 0.773987
vt 0.815422 0.774002
vt 0.815414 0.773972
f 953/66/953 954/67/954 2201/68/2201
vt 0.819451 0.019852
vt 0.819512 0.019730
vt 0.819475 0.019806
f 3275/69/3275 232/70/232 961/71/961
vt 0.532925 0.272478
vt 0.532920 0.272494
vt 0.532924 0.272481
f 962/72/962 963/73/963 964/74/964
vt 0.432697 0.694379
vt 0.432758 0.694318
vt 0.432716 0.694361
f 3320/75/3320 751/76/751 965/77/965
vt 0.842747 0.436356
vt 0.842754 0.436371
vt 0.842743 0.436356
f 967/78/967 638/79/638 968/80/968
vt 0.516188 0.817922
vt 0.516192 0.817902
vt 0.516195 0.817889
f 220/81/220 971/82/971 972/83/972
vt 0.995947 0.546850
vt 0.995874 0.546839
vt 0.995872 0.546837
f 975/84/975 976/85/976 876/86/876
vt 0.523402 0.814417
vt 0.523404 0.814421
vt 0.523403 0.814423
f 978/87/978 979/88/979 980/89/980
vt 0.991749 0.857395
vt 0.991728 0.857397
vt 0.991610 0.857386
f 981/90/981 982/91/982 983/92/983
vt 0.790152 0.997754
vt 0.790119 0.997750
vt 0.790191 0.997759
f 985/93/985 986/94/986 987/95/987
vt 0.046949 0.375105
vt 0.046947 0.375117
vt 0.046948 0.375089
f 991/96/991 854/97/854 992/98/992
vt 0.215408 0.173347
vt 0.215469 0.173347
vt 0.215424 0.173355
f 995/99/995 996/100/996 897/101/897
vt 0.774414 0.445187
vt 0.774414 0.445190
vt 0.774414 0.445194
f 997/102/997 998/103/998 999/104/999
vt 0.251633 0.174866
vt 0.251637 0.174889
vt 0.251629 0.174873
f 1000/105/1000 1001/106/1001 1002/107/1002
vt 0.543288 0.266962
vt 0.543296 0.266958
vt 0.543295 0.266959
f 1005/108/1005 1006/109/1006 1007/110/1007
vt 0.989048 0.232765
vt 0.989052 0.232773
vt 0.989048 0.232796
f 1008/111/1008 54/112/54 1009/113/1009
vt 0.620780 0.053184
vt 0.620773 0.053185
vt 0.620786 0.053182
f 1012/114/1012 1013/115/1013 1014/116/1014
vt 0.773551 0.448469
vt 0.773551 0.448471
vt 0.773550 0.448473
f 1016/117/1016 997/118/997 1017/119/1017
vt 0.995674 0.229919
vt 0.995659 0.229919
vt 0.995697 0.229858
f 1022/120/1022 1023/121/1023 1024/122/1024
vt 0.999786 0.233643
vt 0.999786 0.233521
vt 0.999817 0.233521
f 1029/123/1029 1030/124/1030 1031/125/1031
vt 0.620126 0.052706
vt 0.620126 0.052706
vt 0.620124 0.052707
f 1033/126/1033 1034/127/1034 2588/128/2588
vt 0.177115 0.757506
vt 0.177111 0.757510
vt 0.177115 0.757506
f 1035/129/1035 1036/130/1036 1037/131/1037
vt 0.707127 0.624538
vt 0.707081 0.624523
vt 0.707085 0.624519
f 2606/132/2606 2607/133/2607 1038/134/1038
vt 0.245079 0.364799
vt 0.245094 0.364784
vt 0.245087 0.364807
f 1039/135/1039 1040/136/1040 1041/137/1041
vt 0.000061 0.124390
vt 0.000031 0.124390
vt 0.000031 0.124268
f 1042/138/1042 1043/139/1043 1044/140/1044
vt 0.431046 0.695105
vt 0.431007 0.695136
vt 0.431068 0.695083
f 1045/141/1045 2684/142/2684 1046/143/1046
vt 0.008598 0.485649
vt 0.008621 0.485611
vt 0.008629 0.485619
f 1049/144/1049 1050/145/1050 1051/146/1051
vt 0.842117 0.424057
vt 0.842102 0.424057
vt 0.842117 0.424042
f 1053/147/1053 1896/148/1896 1054/149/1054
vt 0.985229 0.999878
vt 0.985352 1.000000
vt 0.984863 1.000000
f 1010/150/1010 42/151/42 1055/152/1055
vt 0.012024 0.923676
vt 0.011948 0.923698
vt 0.012009 0.923668
f 1056/153/1056 139/154/139 1057/155/1057
vt 0.400085 0.000572
vt 0.400146 0.000557
vt 0.400085 0.000580
f 1061/156/1061 1062/157/1062 1063/158/1063
f 2349/19/2349 256/20/256 1074/20/1074
vt 0.167358 0.268188
vt 0.167374 0.268177
vt 0.167343 0.268208
f 1617/159/1617 856/160/856 1075/161/1075
vt 0.125687 0.553501
vt 0.125748 0.553440
vt 0.125763 0.553429
f 1076/162/1076 1077/163/1077 1078/164/1078
vt 0.762390 0.250549
vt 0.762390 0.250534
vt 0.762451 0.250534
f 1083/165/1083 1084/166/1084 1085/167/1085
vt 0.706596 0.624397
vt 0.706581 0.624382
vt 0.706619 0.624405
f 1087/168/1087 914/169/914 1088/170/1088
vt 0.682793 0.828003
vt 0.682793 0.827995
vt 0.682800 0.827995
f 1089/171/1089 1090/172/1090 1091/173/1091
vt 0.250504 0.685120
vt 0.250496 0.685150
vt 0.250496 0.685028
f 1092/174/1092 1093/175/1093 1094/176/1094
vt 0.842827 0.436478
vt 0.842842 0.436501
vt 0.842819 0.436470
f 1095/177/1095 1096/178/1096 1097/179/1097
vt 0.754883 0.251747
vt 0.755005 0.251717
vt 0.755005 0.251724
f 1098/180/1098 1099/181/1099 1100/182/1100
vt 0.999939 0.233521
vt 0.999924 0.233521
vt 0.999985 0.233398
f 1174/183/1174 1029/184/1029 1102/185/1102
vt 0.130493 0.549530
vt 0.130554 0.549530
vt 0.130554 0.549561
f 1105/186/1105 1106/187/1106 1107/188/1107
vt 0.632416 0.407593
vt 0.632439 0.407532
vt 0.632454 0.407532
f 1108/189/1108 1109/190/1109 1110/191/1110
vt 0.644329 0.654785
vt 0.644291 0.654846
vt 0.644287 0.654846
f 1111/192/1111 1112/193/1112 1113/194/1113
vt 0.219013 0.012438
vt 0.219013 0.012423
vt 0.219015 0.012435
f 1116/195/1116 1117/196/1117 3398/197/3398
vt 0.543602 0.266581
vt 0.543587 0.266581
vt 0.543594 0.266579
f 1118/198/1118 1119/199/1119 1120/200/1120
vt 0.455276 0.251205
vt 0.455284 0.251198
vt 0.455315 0.251228
f 1122/201/1122 1123/202/1123 2619/203/2619
vt 0.120117 0.635500
vt 0.120056 0.635514
vt 0.120178 0.635484
f 1124/204/1124 1125/205/1125 1126/206/1126
vt 0.580505 0.003555
vt 0.580505 0.003494
vt 0.580566 0.003479
f 1130/207/1130 1131/208/1131 1132/209/1132
vt 0.236131 0.511952
vt 0.236117 0.511975
vt 0.236135 0.511943
f 1133/210/1133 1134/211/1134 2995/212/2995
vt 0.184448 0.586121
vt 0.184453 0.586117
vt 0.184459 0.586124
f 1137/213/1137 1078/214/1078 1138/215/1138
vt 0.497733 0.509303
vt 0.497730 0.509300
vt 0.497732 0.509290
f 1141/216/1141 1142/217/1142 1143/218/1143
vt 0.150107 0.872601
vt 0.150143 0.872540
vt 0.150109 0.872597
f 1144/219/1144 1145/220/1145 3194/221/3194
vt 0.481874 0.429302
vt 0.481874 0.429300
vt 0.481874 0.429302
f 2731/222/2731 3177/223/3177 1146/224/1146
vt 0.210599 0.916837
vt 0.210621 0.916828
vt 0.210622 0.916829
f 1147/225/1147 1148/226/1148 3260/227/3260
vt 0.638050 0.006172
vt 0.638103 0.006096
vt 0.638100 0.006119
f 313/228/313 1214/229/1214 1150/230/1150
vt 0.183876 0.586090
vt 0.183886 0.586082
vt 0.183882 0.586098
f 1151/231/1151 1152/232/1152 2917/233/2917
vt 0.646397 0.656097
vt 0.646397 0.656113
vt 0.646393 0.656113
f 1157/234/1157 1112/235/1112 1158/236/1158
vt 0.842690 0.436165
vt 0.842701 0.436180
vt 0.842693 0.436172
f 638/237/638 320/238/320 1095/239/1095
vt 0.677887 0.827110
vt 0.677795 0.827103
vt 0.677826 0.827095
f 1163/240/1163 1164/241/1164 1165/242/1165
vt 0.428589 0.823364
vt 0.428528 0.823364
vt 0.428650 0.823242
f 1166/243/1166 88/244/88 1167/245/1167
vt 0.429016 0.822388
vt 0.428986 0.822449
vt 0.428802 0.822571
f 1067/246/1067 1168/247/1168 3122/248/3122
vt 0.484375 0.997070
vt 0.484436 0.997070
vt 0.484375 0.997192
f 51/249/51 1101/250/1101 1169/251/1169
vt 1.000000 0.091187
vt 0.999985 0.091141
vt 0.999985 0.091019
f 1170/252/1170 276/253/276 1171/254/1171
vt 1.000000 0.346680
vt 1.000000 0.346802
vt 0.999878 0.346802
f 41/255/41 1173/256/1173 1174/257/1174
vt 1.000000 0.354370
vt 0.999939 0.354309
vt 0.999939 0.354187
f 1175/258/1175 1176/259/1176 278/260/278
vt 0.999939 0.355164
vt 0.999817 0.355286
vt 0.999878 0.355103
f 1176/261/1176 1177/262/1177 1103/263/1103
vt 0.999268 0.354370
vt 0.999207 0.354431
vt 0.999207 0.354309
f 867/264/867 1104/265/1104 1619/266/1619
vt 1.000000 0.358154
vt 1.000000 0.358398
vt 0.999969 0.358185
f 1178/267/1178 10/268/10 3017/269/3017
vt 0.842529 0.423370
vt 0.842514 0.423386
vt 0.842514 0.423355
f 3230/270/3230 1054/271/1054 872/272/872
vt 0.999588 0.850906
vt 0.999588 0.851151
vt 0.999580 0.850899
f 1180/273/1180 3336/274/3336 3332/275/3332
vt 0.857178 1.000000
vt 0.857056 1.000000
vt 0.857124 0.999992
f 336/276/336 1182/277/1182 3000/278/3000
vt 0.955872 0.345947
vt 0.955811 0.346008
vt 0.955872 0.345886
f 3091/279/3091 1185/280/1185 1186/281/1186
vt 0.984375 0.570312
vt 0.984375 0.570129
vt 0.984375 0.570068
f 184/282/184 1187/283/1187 1188/284/1188
vt 0.011887 0.923729
vt 0.011963 0.923706
vt 0.011841 0.923767
f 1057/285/1057 139/286/139 1189/287/1189
vt 0.395996 0.002350
vt 0.395935 0.002396
vt 0.395935 0.002365
f 1191/288/1191 1061/289/1061 933/290/933
vt 0.996002 0.546783
vt 0.995987 0.546768
vt 0.996109 0.546768
f 345/291/345 1193/292/1193 2301/293/2301
vt 0.095001 0.999802
vt 0.095154 0.999786
vt 0.095123 0.999802
f 1194/294/1194 72/295/72 1195/296/1195
vt 0.094940 0.999802
vt 0.095093 0.999786
f 1196/294/1196 1195/297/1195 3295/298/3295
vt 0.326660 0.281296
vt 0.326668 0.281281
vt 0.326668 0.281296
f 2893/299/2893 1199/300/1199 1200/301/1200
vt 0.640625 0.001587
vt 0.640617 0.001633
vt 0.640617 0.001511
f 1201/302/1201 1202/303/1202 2614/304/2614
vt 0.640625 0.005493
vt 0.640617 0.005417
vt 0.640617 0.005295
f 1203/305/1203 1204/306/1204 1205/307/1205
vt 0.640579 0.005157
vt 0.640587 0.005112
vt 0.640594 0.005310
f 146/308/146 1205/309/1205 1202/310/1202
vt 0.865662 0.201904
vt 0.865723 0.201874
vt 0.865662 0.201935
f 1206/311/1206 1207/312/1207 1319/313/1319
vt 0.866150 0.201416
vt 0.866211 0.201385
vt 0.866150 0.201447
f 2042/314/2042 1208/315/1208 1207/316/1207
vt 0.618378 0.137665
vt 0.618286 0.137695
vt 0.618256 0.137665
f 1209/317/1209 1210/318/1210 1211/319/1211
vt 0.000031 0.617889
vt 0.000076 0.617966
vt 0.000015 0.617905
f 58/320/58 1216/321/1216 1215/322/1215
vt 0.677521 0.828033
vt 0.677521 0.828041
vt 0.677490 0.828026
f 355/323/355 1218/324/1218 1345/325/1345
vt 0.677399 0.828033
vt 0.677399 0.828041
vt 0.677368 0.828026
f 1218/326/1218 1219/327/1219 1220/328/1220
vt 0.474174 0.998009
vt 0.474144 0.998039
vt 0.474152 0.998016
f 3281/329/3281 1221/330/1221 1222/331/1222
vt 0.009918 0.300659
vt 0.009888 0.300659
vt 0.010040 0.300537
f 1223/332/1223 1224/333/1224 1225/334/1225
vt 0.999878 0.724365
vt 0.999878 0.724243
vt 0.999939 0.723999
f 273/335/273 3228/336/3228 1226/337/1226
vt 1.000000 0.723633
vt 1.000000 0.723877
f 49/338/49 1227/339/1227 1226/337/1226
vt 0.999756 0.725098
vt 0.999817 0.724854
vt 0.999847 0.724854
f 1589/340/1589 1181/341/1181 1229/342/1229
vt 1.000000 0.724365
vt 1.000000 0.724487
vt 0.999939 0.724487
f 1228/343/1228 1230/344/1230 1229/345/1229
vt 0.857910 0.987183
vt 0.857849 0.987244
vt 0.857849 0.987122
f 1231/346/1231 1232/347/1232 1233/348/1233
vt 0.225586 0.006836
vt 0.225708 0.006958
vt 0.225555 0.006866
f 22/349/22 1235/350/1235 1236/351/1236
vt 0.131317 0.547623
vt 0.131348 0.547668
vt 0.131317 0.547684
f 1240/352/1240 1238/353/1238 1106/354/1106
vt 0.150667 0.871643
vt 0.150665 0.871643
vt 0.150702 0.871582
f 1241/355/1241 1242/356/1242 1243/357/1243
vt 0.150805 0.871399
vt 0.150803 0.871399
vt 0.150839 0.871338
f 1243/358/1243 1244/359/1244 1245/360/1245
vt 0.485107 0.991516
vt 0.485107 0.991486
vt 0.485352 0.991302
f 788/361/788 1247/362/1247 1248/363/1248
vt 0.484863 0.991699
vt 0.484985 0.991577
f 51/364/51 1249/365/1249 1247/362/1247
vt 0.000092 0.673004
vt 0.000031 0.672943
vt 0.000061 0.672913
f 1250/366/1250 1251/367/1251 1252/368/1252
vt 0.006470 0.234375
vt 0.006470 0.234497
vt 0.006348 0.234497
f 1253/369/1253 2654/370/2654 1254/371/1254
vt 0.999985 0.078201
vt 0.999985 0.078202
vt 1.000000 0.078125
f 1255/372/1255 1256/373/1256 1257/374/1257
vt 0.999779 0.079170
vt 0.999733 0.079277
vt 0.999771 0.079147
f 1258/375/1258 2297/376/2297 1256/377/1256
vt 0.999046 0.082832
vt 0.999001 0.082939
vt 0.999039 0.082809
f 1261/378/1261 1171/379/1171 1259/380/1259
vt 0.851074 1.000000
vt 0.850952 1.000000
vt 0.851074 0.999878
f 157/381/157 1263/382/1263 1183/383/1183
vt 0.815231 0.769051
vt 0.815254 0.769093
vt 0.815239 0.769070
f 1268/384/1268 1269/385/1269 1270/386/1270
vt 0.813629 0.768463
vt 0.813629 0.768402
vt 0.813660 0.768433
f 1274/387/1274 1275/388/1275 1276/389/1276
vt 0.836567 0.429180
vt 0.836628 0.429150
vt 0.836624 0.429153
f 1277/390/1277 1278/391/1278 1279/392/1279
vt 0.836617 0.429131
vt 0.836678 0.429100
vt 0.836670 0.429108
f 1280/393/1280 1281/394/1281 1278/395/1278
vt 0.837685 0.428673
vt 0.837746 0.428642
vt 0.837738 0.428650
f 1277/396/1277 871/397/871 1283/398/1283
vt 0.837700 0.428658
vt 0.837761 0.428627
vt 0.837753 0.428635
f 1284/399/1284 881/400/881 871/401/871
vt 0.814224 0.778702
vt 0.814209 0.778656
vt 0.814224 0.778671
f 931/402/931 1882/403/1882 1285/404/1285
vt 0.812954 0.779301
vt 0.812954 0.779270
vt 0.812958 0.779297
f 1286/405/1286 1287/406/1287 1288/407/1288
vt 0.151039 0.871735
vt 0.151022 0.871765
vt 0.151037 0.871735
f 1289/408/1289 1290/409/1290 1291/410/1291
vt 0.150490 0.872711
vt 0.150473 0.872742
vt 0.150488 0.872711
f 1291/411/1291 1292/412/1292 2414/413/2414
vt 0.247719 0.428673
vt 0.247730 0.428669
vt 0.247723 0.428677
f 1293/414/1293 1294/415/1294 1295/416/1295
vt 0.993073 0.546661
vt 0.992920 0.546631
vt 0.993042 0.546631
f 375/417/375 342/418/342 873/419/873
vt 0.995148 0.546295
vt 0.995071 0.546280
vt 0.995117 0.546265
f 376/420/376 55/421/55 161/422/161
vt 0.998642 0.545578
vt 0.998703 0.545578
vt 0.998657 0.545593
f 1299/423/1299 1281/424/1281 1298/425/1298
vt 0.633186 0.406433
vt 0.633171 0.406433
vt 0.633209 0.406372
f 1301/426/1301 1110/427/1110 1302/428/1302
vt 0.633232 0.406311
vt 0.633217 0.406311
vt 0.633255 0.406250
f 1302/429/1302 1303/430/1303 1158/431/1158
vt 0.633141 0.406311
vt 0.633125 0.406311
vt 0.633163 0.406250
f 1303/432/1303 1304/433/1304 1305/434/1305
vt 0.632454 0.407410
vt 0.632477 0.407349
vt 0.632515 0.407288
f 1307/435/1307 1308/436/1308 1109/437/1109
vt 0.632523 0.407227
vt 0.632462 0.407349
f 1304/438/1304 1308/436/1308 1309/439/1309
vt 0.631271 0.409607
vt 0.631275 0.409607
vt 0.631245 0.409668
f 1310/440/1310 1311/441/1311 1312/442/1312
vt 0.107117 0.999969
vt 0.107086 0.999954
vt 0.107391 0.999985
f 1315/443/1315 381/444/381 1978/445/1978
vt 0.640617 0.014450
vt 0.640617 0.014389
vt 0.640625 0.014465
f 1316/446/1316 1317/447/1317 1085/448/1085
vt 0.640617 0.014328
vt 0.640617 0.014297
vt 0.640625 0.014374
f 1317/449/1317 1318/450/1318 1319/451/1319
vt 0.640572 0.013626
vt 0.640572 0.013565
vt 0.640579 0.013641
f 948/452/948 1320/453/1320 1321/454/1321
vt 0.639992 0.005386
vt 0.639984 0.005432
vt 0.639977 0.005356
f 1322/455/1322 1323/456/1323 947/457/947
vt 0.246025 0.363464
vt 0.246025 0.363434
vt 0.246033 0.363434
f 1326/458/1326 1293/459/1293 1327/460/1327
vt 0.000000 0.609375
vt 0.000122 0.609985
vt 0.000000 0.609619
f 2920/461/2920 2392/462/2392 1328/463/1328
vt 0.002563 0.621948
vt 0.002533 0.621857
vt 0.002594 0.621918
f 844/464/844 3195/465/3195 1331/466/1331
vt 0.002625 0.622009
vt 0.002686 0.622192
vt 0.002625 0.622131
f 1331/467/1331 1332/468/1332 1333/469/1333
vt 0.527733 0.627968
vt 0.527729 0.627968
vt 0.527737 0.627960
f 1334/470/1334 1335/471/1335 1336/472/1336
vt 0.211594 0.917648
vt 0.211517 0.917694
vt 0.211502 0.917679
f 1337/473/1337 942/474/942 958/475/958
vt 0.482197 0.429199
vt 0.482191 0.429195
vt 0.482195 0.429195
f 1338/476/1338 1339/477/1339 1340/478/1340
vt 0.001587 0.421875
vt 0.001648 0.421936
vt 0.001526 0.421936
f 1341/479/1341 3191/480/3191 1342/481/1342
vt 0.007202 0.421875
vt 0.007233 0.421906
f 1343/482/1343 1344/483/1344 877/4/877
vt 0.000610 0.296875
vt 0.000671 0.296875
vt 0.000641 0.296936
f 393/484/393 59/485/59 2153/486/2153
vt 0.221817 0.003082
vt 0.221756 0.003021
vt 0.221863 0.003113
f 1346/487/1346 1347/488/1347 1348/489/1348
vt 0.219307 0.000565
vt 0.219246 0.000504
vt 0.219299 0.000549
f 1349/490/1349 1350/491/1350 1351/492/1351
vt 0.783020 0.999298
vt 0.782959 0.999329
vt 0.783051 0.999252
f 62/493/62 1355/494/1355 1354/495/1354
vt 0.839546 0.432983
vt 0.839493 0.432922
vt 0.839500 0.432922
f 2119/496/2119 1357/497/1357 880/498/880
vt 0.839516 0.432983
vt 0.839462 0.432922
vt 0.839470 0.432922
f 1358/499/1358 1359/500/1359 1357/501/1357
vt 1.000000 0.226562
vt 0.999969 0.226562
vt 1.000000 0.226440
f 330/502/330 1052/503/1052 1363/504/1363
vt 0.988312 0.232239
vt 0.988281 0.232285
vt 0.988312 0.232224
f 1365/505/1365 1366/506/1366 1367/507/1367
vt 0.752361 0.576111
vt 0.752308 0.576172
vt 0.752357 0.576111
f 1368/508/1368 1590/509/1590 1369/510/1369
vt 0.515667 0.815575
vt 0.515675 0.815529
vt 0.515671 0.815582
f 1370/511/1370 1371/512/1371 1372/513/1372
vt 0.515690 0.815926
vt 0.515690 0.815956
vt 0.515686 0.815948
f 1373/514/1373 1374/515/1374 1375/516/1375
vt 0.644527 0.654480
vt 0.644531 0.654480
vt 0.644489 0.654541
f 1335/517/1335 1111/518/1111 322/519/322
vt 0.001556 0.432831
vt 0.001526 0.432800
vt 0.001556 0.432709
f 938/520/938 3451/521/3451 1376/522/1376
vt 0.001495 0.433014
vt 0.001465 0.432983
vt 0.001495 0.432892
f 1377/523/1377 1240/524/1240 3451/525/3451
vt 0.001678 0.431488
vt 0.001648 0.431458
vt 0.001678 0.431366
f 1376/526/1376 1378/527/1378 1379/528/1379
vt 0.323242 0.282553
vt 0.323273 0.282557
vt 0.323273 0.282558
f 1381/529/1381 1382/530/1382 1383/531/1383
vt 0.012314 0.485733
vt 0.012207 0.485718
vt 0.012222 0.485703
f 1379/532/1379 1384/533/1384 1385/534/1385
vt 0.012100 0.485703
vt 0.011993 0.485687
vt 0.012009 0.485672
f 1384/535/1384 1386/536/1386 1387/537/1387
vt 0.816624 0.024368
vt 0.816628 0.024353
vt 0.816639 0.024338
f 960/538/960 1388/539/1388 1389/540/1389
vt 0.816601 0.024399
vt 0.816605 0.024384
vt 0.816616 0.024368
f 1390/541/1390 1391/542/1391 1388/543/1388
vt 0.816574 0.023499
vt 0.816582 0.023499
vt 0.816566 0.023529
f 668/544/668 1392/545/1392 1393/546/1393
vt 0.816444 0.024292
vt 0.816437 0.024323
vt 0.816429 0.024323
f 1394/547/1394 1390/548/1390 1395/549/1395
vt 0.401367 0.003891
vt 0.401398 0.003876
vt 0.401337 0.003922
f 1397/550/1397 894/551/894 1398/552/1398
vt 0.535892 0.273998
vt 0.535889 0.274002
vt 0.535900 0.273975
f 1338/553/1338 1399/554/1399 1400/555/1400
vt 0.048851 0.384270
vt 0.048847 0.384312
vt 0.048849 0.384260
f 418/556/418 1121/557/1121 1401/558/1401
vt 0.883026 0.786964
vt 0.883072 0.786938
vt 0.882950 0.787029
f 1402/559/1402 892/560/892 1403/561/1403
vt 1.000000 0.848145
vt 0.999992 0.847954
vt 1.000000 0.847900
f 1405/562/1405 1406/563/1406 1407/564/1407
vt 0.522181 0.632034
vt 0.522057 0.632080
vt 0.522013 0.632095
f 1408/565/1408 1409/566/1409 3198/567/3198
vt 0.249695 0.429642
vt 0.249687 0.429642
vt 0.249687 0.429626
f 1410/568/1410 1411/569/1411 1412/570/1412
vt 0.589954 0.674515
vt 0.589973 0.674500
vt 0.590000 0.674484
f 1413/571/1413 1414/572/1414 1113/573/1113
vt 0.218779 0.014750
vt 0.218777 0.014761
vt 0.218779 0.014735
f 1649/574/1649 1396/575/1396 1415/576/1415
vt 0.164799 0.267290
vt 0.164795 0.267273
vt 0.164801 0.267268
f 1417/577/1417 1418/578/1418 3269/579/3269
vt 0.515694 0.818802
vt 0.515686 0.818787
vt 0.515694 0.818741
f 1419/580/1419 1420/581/1420 1421/582/1421
vt 0.515697 0.816139
vt 0.515694 0.816116
vt 0.515697 0.816109
f 1375/583/1375 3293/584/3293 1372/585/1372
vt 0.515690 0.816093
vt 0.515686 0.816071
vt 0.515690 0.816063
f 3293/586/3293 1422/587/1422 1423/588/1423
vt 0.526367 0.812763
vt 0.526352 0.812763
vt 0.526352 0.812759
f 1425/589/1425 1426/590/1426 1427/591/1427
vt 0.007381 0.925261
vt 0.007343 0.925272
vt 0.007416 0.925247
f 1428/592/1428 1429/593/1429 1430/594/1430
vt 0.007242 0.925282
vt 0.007168 0.925306
vt 0.007204 0.925294
f 1431/595/1431 1432/596/1432 1433/597/1433
vt 0.542984 0.267242
vt 0.542984 0.267250
vt 0.542969 0.267250
f 1435/598/1435 1436/599/1436 1437/600/1437
vt 0.004608 0.677582
vt 0.004578 0.677551
vt 0.004608 0.677460
f 1438/601/1438 1428/602/1428 1439/603/1439
vt 0.004547 0.677521
vt 0.004517 0.677490
vt 0.004547 0.677399
f 1439/604/1439 1440/605/1440 1441/606/1441
vt 0.001678 0.685822
vt 0.001656 0.685814
vt 0.001686 0.685783
f 1442/607/1442 1443/608/1443 1444/609/1444
vt 0.001770 0.685120
vt 0.001755 0.685074
vt 0.001785 0.685043
f 1444/610/1444 1445/611/1445 1448/612/1448
vt 0.001694 0.684891
vt 0.001709 0.684937
vt 0.001694 0.685013
f 3426/613/3426 1445/614/1445 2559/615/2559
vt 0.000000 0.683594
vt 0.000031 0.683685
vt 0.000000 0.683716
f 151/616/151 2560/617/2560 1446/618/1446
vt 0.475616 0.000015
vt 0.475708 0.000000
f 883/11/883 1450/619/1450 1451/620/1451
vt 0.474854 0.000000
vt 0.474731 0.000000
f 67/621/67 886/14/886 1452/622/1452
vt 0.326942 0.281929
vt 0.326950 0.281921
vt 0.326942 0.281944
f 856/623/856 2932/624/2932 1453/625/1453
vt 0.544003 0.266207
vt 0.543995 0.266195
vt 0.543999 0.266193
f 1454/626/1454 1455/627/1455 1456/628/1456
vt 0.048065 0.130020
vt 0.048004 0.129990
vt 0.048035 0.129974
f 1459/629/1459 1460/630/1460 1461/631/1461
vt 0.323570 0.282681
vt 0.323566 0.282680
vt 0.323571 0.282681
f 1464/632/1464 240/633/240 2610/634/2610
vt 0.370335 0.397961
vt 0.370338 0.397957
vt 0.370350 0.397961
f 1468/635/1468 1410/636/1410 1657/637/1657
vt 0.531657 0.280831
vt 0.531659 0.280829
vt 0.531651 0.280842
f 1469/638/1469 1470/639/1470 1471/640/1471
vt 0.333069 0.934570
vt 0.333054 0.934586
vt 0.333023 0.934586
f 1167/641/1167 1472/642/1472 445/643/445
vt 0.335938 0.935822
vt 0.335876 0.935806
f 1168/644/1168 890/18/890 1472/645/1472
vt 0.335693 0.935944
vt 0.335663 0.935951
vt 0.335663 0.935921
f 888/646/888 1475/647/1475 1476/648/1476
vt 0.335632 0.935898
vt 0.335602 0.935905
vt 0.335602 0.935875
f 1476/649/1476 1477/650/1477 201/651/201
vt 0.984375 0.566376
vt 0.984375 0.566406
f 1478/652/1478 1479/652/1479 1480/653/1480
f 1479/652/1479 1481/652/1481 1270/653/1270
vt 0.984375 0.565399
vt 0.984375 0.565430
f 1482/654/1482 1483/654/1483 1484/655/1484
vt 0.984375 0.565277
vt 0.984375 0.565308
f 1485/656/1485 1486/656/1486 1481/657/1481
vt 0.424774 0.702553
vt 0.424744 0.702560
vt 0.424713 0.702538
f 1487/658/1487 1474/659/1474 1488/660/1488
vt 0.046997 0.375183
vt 0.046993 0.375179
vt 0.046993 0.375118
f 1489/661/1489 991/662/991 1490/663/1490
vt 0.843117 0.436722
vt 0.843121 0.436722
vt 0.843128 0.436737
f 162/664/162 1492/665/1492 3227/666/3227
vt 0.994279 0.545517
vt 0.994266 0.545522
vt 0.994265 0.545523
f 1494/667/1494 1495/668/1495 1496/669/1496
vt 0.993993 0.545615
vt 0.993979 0.545621
vt 0.993963 0.545626
f 1497/670/1497 1498/671/1498 975/672/975
vt 0.994117 0.545575
vt 0.994103 0.545581
vt 0.994087 0.545586
f 1491/673/1491 378/674/378 1499/675/1499
vt 0.203690 0.052277
vt 0.203735 0.052124
vt 0.203720 0.052216
f 1500/676/1500 1501/677/1501 1502/678/1502
vt 0.204712 0.050018
vt 0.204727 0.050049
vt 0.204727 0.050079
f 1503/679/1503 1070/680/1070 1501/681/1501
vt 0.984375 0.573853
vt 0.984375 0.573975
vt 0.984375 0.573792
f 1508/682/1508 49/683/49 250/684/250
vt 0.012268 0.073975
vt 0.012299 0.073914
vt 0.012314 0.073944
f 1509/685/1509 1510/686/1510 3245/687/3245
vt 0.012695 0.073608
vt 0.012726 0.073547
vt 0.012787 0.073547
f 1511/688/1511 1512/689/1512 1513/690/1513
vt 0.013000 0.073486
vt 0.013031 0.073425
vt 0.013092 0.073425
f 1071/691/1071 1514/692/1514 1459/693/1459
vt 0.012878 0.073486
vt 0.012909 0.073425
vt 0.012970 0.073425
f 1513/694/1513 1068/695/1068 1514/696/1514
vt 0.997536 0.084404
vt 0.997528 0.084442
vt 0.997520 0.084419
f 1515/697/1515 1516/698/1516 1517/699/1517
vt 0.997490 0.084511
vt 0.997482 0.084549
vt 0.997475 0.084526
f 1518/700/1518 1519/701/1519 1520/702/1520
vt 0.997459 0.084541
vt 0.997452 0.084579
vt 0.997444 0.084557
f 1520/703/1520 3435/704/3435 1517/705/1517
vt 0.816406 0.773026
vt 0.816376 0.772949
vt 0.816376 0.772934
f 1480/706/1480 1522/707/1522 1521/708/1521
vt 0.203243 0.055672
vt 0.203247 0.055695
vt 0.203243 0.055702
f 1526/709/1526 1527/710/1527 988/711/988
vt 0.211475 0.916553
vt 0.211435 0.916574
vt 0.211391 0.916592
f 786/712/786 1529/713/1529 1530/714/1530
vt 0.984375 0.564377
vt 0.984375 0.564400
vt 0.984375 0.564384
f 114/715/114 1533/716/1533 1531/717/1531
vt 0.779713 0.900167
vt 0.779703 0.900157
vt 0.779705 0.900156
f 1537/718/1537 3325/719/3325 1538/720/1538
vt 0.176033 0.992599
vt 0.176048 0.992630
vt 0.176025 0.992615
f 1545/721/1545 1546/722/1546 1547/723/1547
vt 0.813828 0.778809
vt 0.813812 0.778793
vt 0.813828 0.778793
f 932/724/932 1548/725/1548 1549/726/1549
vt 0.813797 0.778809
vt 0.813782 0.778793
vt 0.813797 0.778793
f 1550/727/1550 1551/728/1551 1548/729/1548
vt 0.813828 0.778687
vt 0.813812 0.778671
vt 0.813828 0.778671
f 1549/730/1549 1552/731/1552 1287/732/1287
vt 0.813797 0.778687
vt 0.813782 0.778671
vt 0.813797 0.778671
f 1553/733/1553 1521/734/1521 1552/735/1552
vt 0.814987 0.026794
vt 0.814991 0.026794
vt 0.814945 0.026855
f 1555/736/1555 1395/737/1395 1556/738/1556
vt 0.632824 0.408966
vt 0.632828 0.408936
vt 0.632847 0.408905
f 379/739/379 1306/740/1306 2271/741/2271
vt 0.779799 0.900323
vt 0.779814 0.900346
vt 0.779781 0.900301
f 3418/742/3418 1557/743/1557 1558/744/1558
vt 0.779764 0.900279
vt 0.779779 0.900302
vt 0.779747 0.900257
f 1558/745/1558 1559/746/1559 1285/747/1285
vt 0.525894 0.813828
vt 0.525894 0.813858
vt 0.525879 0.813873
f 1560/748/1560 1561/749/1561 1562/750/1562
vt 0.525894 0.813889
vt 0.525894 0.813919
vt 0.525879 0.813934
f 1561/751/1561 1563/752/1563 1564/753/1564
vt 0.995304 0.857166
vt 0.995201 0.857170
vt 0.995182 0.857166
f 1179/754/1179 1073/755/1073 1273/756/1273
vt 0.430107 0.699436
vt 0.430092 0.699429
vt 0.430099 0.699425
f 2228/757/2228 473/758/473 965/759/965
vt 0.585960 0.677521
vt 0.586044 0.677460
vt 0.586006 0.677490
f 1567/760/1567 1568/761/1568 1569/762/1569
vt 0.984375 0.562592
f 1570/763/1570 765/763/765 891/19/891
vt 0.369723 0.397973
vt 0.369734 0.397974
vt 0.369729 0.397975
f 1571/764/1571 113/765/113 1572/766/1572
vt 0.804745 0.588499
vt 0.804739 0.588504
vt 0.804758 0.588483
f 1573/767/1573 1574/768/1574 1575/769/1575
vt 0.523386 0.814419
vt 0.523384 0.814415
vt 0.523390 0.814419
f 479/770/479 1576/771/1576 1577/772/1577
vt 0.752680 0.575851
vt 0.752693 0.575836
vt 0.752657 0.575882
f 2289/773/2289 1578/774/1578 1579/775/1579
vt 0.245712 0.363770
vt 0.245728 0.363739
vt 0.245743 0.363739
f 1581/776/1581 1582/777/1582 1121/778/1121
vt 0.400391 0.000622
vt 0.400452 0.000607
f 1583/779/1583 896/23/896 1584/780/1584
vt 0.401245 0.000401
vt 0.401276 0.000389
vt 0.401276 0.000393
f 1585/781/1585 895/782/895 1586/783/1586
vt 0.999580 0.849129
vt 0.999605 0.849138
vt 0.999586 0.849150
f 484/784/484 1587/785/1587 3330/786/3330
vt 0.997845 0.730995
vt 0.997841 0.731003
vt 0.997826 0.730972
f 1181/787/1181 239/788/239 1229/789/1229
vt 0.758299 0.570267
vt 0.758286 0.570282
vt 0.758295 0.570267
f 1590/790/1590 1591/791/1591 1592/792/1592
vt 0.323120 0.281487
vt 0.323097 0.281483
vt 0.323112 0.281483
f 1593/793/1593 1594/794/1594 1595/795/1595
vt 0.534538 0.270088
vt 0.534546 0.270081
vt 0.534569 0.270119
f 1596/796/1596 1597/797/1597 1399/798/1399
vt 0.990058 0.546210
vt 0.990058 0.546209
vt 0.990059 0.546214
f 1598/799/1598 1599/800/1599 1600/801/1600
vt 0.990052 0.546159
vt 0.990053 0.546158
vt 0.990053 0.546161
f 1601/802/1601 1602/803/1602 1599/804/1599
vt 0.527837 0.627837
vt 0.527837 0.627839
vt 0.527833 0.627840
f 1143/805/1143 1603/806/1603 1408/807/1408
vt 0.311661 0.689842
vt 0.311676 0.689819
vt 0.311691 0.689812
f 1604/808/1604 1605/809/1605 1606/810/1606
vt 0.816367 0.024841
vt 0.816367 0.024841
vt 0.816327 0.024902
f 1556/811/1556 1608/812/1608 2101/813/2101
vt 0.816137 0.025208
vt 0.816149 0.025192
vt 0.816128 0.025223
f 3171/814/3171 1609/815/1609 1206/816/1206
vt 0.150618 0.872574
vt 0.150617 0.872574
vt 0.150625 0.872559
f 2453/817/2453 3307/818/3307 1290/819/1290
vt 0.150541 0.872696
vt 0.150539 0.872696
vt 0.150549 0.872681
f 1611/820/1611 1612/821/1612 1613/822/1613
vt 0.150537 0.872696
vt 0.150536 0.872696
vt 0.150545 0.872681
f 1612/823/1612 1614/824/1614 1615/825/1615
vt 0.527999 0.627915
vt 0.527994 0.627917
vt 0.527994 0.627916
f 3323/826/3323 1616/827/1616 1336/828/1336
vt 0.956604 0.344177
vt 0.956543 0.344208
vt 0.956604 0.344147
f 1104/829/1104 1618/830/1618 332/831/332
vt 0.015493 0.283007
vt 0.015493 0.283022
vt 0.015494 0.283044
f 1621/832/1621 1686/833/1686 1622/834/1622
vt 0.010551 0.075684
vt 0.010590 0.075623
vt 0.010597 0.075623
f 1623/835/1623 1624/836/1624 1509/837/1509
vt 0.620656 0.053212
vt 0.620644 0.053215
vt 0.620644 0.053215
f 2499/838/2499 1626/839/1626 1627/840/1627
vt 0.767166 0.256302
vt 0.767174 0.256256
vt 0.767174 0.256271
f 1629/841/1629 1630/842/1630 1631/843/1631
vt 0.439362 0.088486
vt 0.439392 0.088440
vt 0.439423 0.088425
f 1632/844/1632 937/845/937 1525/846/1525
vt 0.219114 0.012988
vt 0.219114 0.012980
vt 0.219116 0.012985
f 1633/847/1633 3270/848/3270 531/849/531
vt 0.219114 0.012942
vt 0.219115 0.012956
vt 0.219113 0.012944
f 784/850/784 1636/851/1636 1635/852/1635
vt 0.481825 0.429247
vt 0.481825 0.429243
vt 0.481827 0.429241
f 1639/853/1639 1640/854/1640 1641/855/1641
vt 0.481844 0.429201
vt 0.481845 0.429201
vt 0.481843 0.429203
f 1644/856/1644 2500/857/2500 1640/858/1640
vt 0.218880 0.012043
vt 0.218882 0.012048
vt 0.218880 0.012074
f 803/859/803 1649/860/1649 1648/861/1648
vt 0.515640 0.816322
vt 0.515638 0.816334
vt 0.515638 0.816326
f 1422/862/1422 3311/863/3311 1650/864/1650
vt 0.523056 0.813858
vt 0.523054 0.813847
vt 0.523054 0.813831
f 1653/865/1653 1654/866/1654 1655/867/1655
vt 0.101379 0.998260
vt 0.101303 0.998268
vt 0.101318 0.998260
f 462/868/462 1658/869/1658 1659/870/1659
vt 0.171391 0.266016
vt 0.171387 0.266006
vt 0.171391 0.266001
f 1660/871/1660 1661/872/1661 1662/873/1662
vt 0.181114 0.592865
vt 0.181120 0.592838
vt 0.181116 0.592861
f 1663/874/1663 1664/875/1664 1665/876/1665
vt 0.956726 0.351624
vt 0.956665 0.351624
vt 0.956726 0.351562
f 1666/877/1666 899/878/899 1667/879/1667
vt 0.955490 0.353729
vt 0.955490 0.353668
vt 0.955505 0.353699
f 559/880/559 3438/881/3438 1668/882/1668
vt 0.374651 0.453307
vt 0.374651 0.453307
vt 0.374638 0.453321
f 1669/883/1669 1670/884/1670 1146/885/1146
vt 0.203447 0.057156
vt 0.203449 0.057152
vt 0.203455 0.057201
f 3398/886/3398 898/887/898 1527/888/1527
vt 0.586483 0.677124
vt 0.586452 0.677147
vt 0.586472 0.677132
f 1675/889/1675 1568/890/1568 2103/891/2103
vt 0.535891 0.273695
vt 0.535889 0.273689
vt 0.535891 0.273687
f 1676/892/1676 3117/893/3117 1677/894/1677
vt 0.767337 0.253897
vt 0.767344 0.253881
vt 0.767342 0.253891
f 1678/895/1678 1679/896/1679 1680/897/1680
vt 0.768046 0.259122
vt 0.768050 0.259103
vt 0.768051 0.259099
f 1681/898/1681 779/899/779 1682/900/1682
vt 0.125351 0.553768
vt 0.125290 0.553844
vt 0.125305 0.553818
f 1683/901/1683 1267/902/1267 1077/903/1077
vt 0.217621 0.172424
vt 0.217682 0.172394
vt 0.217590 0.172455
f 3282/904/3282 3270/905/3270 1647/906/1647
vt 0.217590 0.172424
vt 0.217682 0.172363
f 3282/904/3282 1684/907/1684 1685/908/1685
vt 0.985771 0.234314
vt 0.985779 0.234314
vt 0.985741 0.234375
f 1687/909/1687 1688/910/1688 1555/911/1555
vt 0.187440 0.188338
vt 0.187440 0.188323
vt 0.187440 0.188247
f 3374/912/3374 1689/913/1689 3322/914/3322
vt 0.856041 0.299400
vt 0.856087 0.299416
vt 0.856094 0.299423
f 1690/915/1690 1691/916/1691 1692/917/1692
vt 0.768482 0.256767
vt 0.768482 0.256783
vt 0.768478 0.256790
f 778/918/778 1693/919/1693 1694/920/1694
vt 0.955124 0.353607
vt 0.955139 0.353577
vt 0.955154 0.353607
f 517/921/517 339/922/339 901/923/901
vt 0.955093 0.353546
vt 0.955109 0.353516
vt 0.955124 0.353546
f 1184/924/1184 1185/925/1185 1696/926/1696
vt 0.955429 0.353668
vt 0.955429 0.353638
vt 0.955444 0.353668
f 1697/927/1697 900/928/900 3438/929/3438
vt 0.177412 0.757002
vt 0.177437 0.756966
vt 0.177439 0.756968
f 3263/930/3263 3225/931/3225 1701/932/1701
vt 0.534986 0.277380
vt 0.534986 0.277383
vt 0.534980 0.277385
f 1702/933/1702 1703/934/1703 1704/935/1704
vt 0.534980 0.277392
vt 0.534978 0.277398
vt 0.534975 0.277399
f 1704/936/1704 3202/937/3202 1705/938/1705
vt 0.187442 0.189442
vt 0.187442 0.189450
vt 0.187442 0.189443
f 3337/939/3337 1706/940/1706 3347/941/3347
vt 0.000504 0.297882
vt 0.000534 0.297943
vt 0.000519 0.297913
f 1490/942/1490 1707/943/1707 1708/944/1708
vt 0.482578 0.429143
vt 0.482576 0.429142
vt 0.482579 0.429141
f 1709/945/1709 1669/946/1669 1639/947/1639
vt 0.248497 0.765511
vt 0.248436 0.765511
vt 0.248474 0.765503
f 1710/948/1710 903/949/903 1148/950/1148
vt 0.009644 0.631027
vt 0.009613 0.631058
vt 0.009613 0.631042
f 1711/951/1711 1449/952/1449 1712/953/1712
vt 0.009583 0.631058
vt 0.009552 0.631088
vt 0.009552 0.631073
f 1250/954/1250 1712/955/1712 3426/956/3426
vt 0.125778 0.553371
vt 0.125732 0.553421
vt 0.125717 0.553432
f 1683/957/1683 1126/958/1126 1713/959/1713
vt 0.125023 0.554174
vt 0.125145 0.554052
vt 0.125122 0.554077
f 1151/960/1151 1714/961/1714 1076/962/1076
vt 0.119568 0.635636
vt 0.119446 0.635667
vt 0.119507 0.635651
f 1125/963/1125 1717/964/1717 1718/965/1718
vt 0.003860 0.621078
vt 0.003891 0.621109
vt 0.003845 0.621094
f 1719/966/1719 1720/967/1720 1721/968/1721
vt 0.172230 0.993984
vt 0.172226 0.994003
vt 0.172215 0.994030
f 1723/969/1723 1724/970/1724 1725/971/1725
vt 0.004112 0.494225
vt 0.004173 0.494225
vt 0.004059 0.494232
f 1726/972/1726 1727/973/1727 1332/974/1332
vt 0.176688 0.756698
vt 0.176690 0.756684
vt 0.176691 0.756693
f 1267/975/1267 1728/976/1728 1727/977/1727
vt 0.176692 0.756671
vt 0.176693 0.756664
vt 0.176694 0.756673
f 1728/978/1728 1729/979/1729 1730/980/1730
vt 0.176700 0.756618
vt 0.176699 0.756608
vt 0.176700 0.756616
f 1447/981/1447 836/982/836 1731/983/1731
vt 0.002320 0.113891
vt 0.002442 0.113769
vt 0.002320 0.113891
f 1732/984/1732 360/985/360 3421/986/3421
vt 0.205734 0.049637
vt 0.205750 0.049637
vt 0.205734 0.049652
f 1069/987/1069 1465/988/1465 1733/989/1733
vt 0.220337 0.012512
vt 0.220333 0.012510
vt 0.220339 0.012506
f 23/990/23 1735/991/1735 1734/992/1734
vt 0.583916 0.000004
vt 0.583849 0.000007
vt 0.583918 0.000003
f 1736/993/1736 1737/994/1737 1738/995/1738
vt 0.583778 0.000011
vt 0.583712 0.000014
vt 0.583780 0.000010
f 1739/996/1739 1740/997/1740 1741/998/1741
vt 0.958954 0.008835
vt 0.958897 0.008905
vt 0.958927 0.008860
f 2058/999/2058 1257/1000/1257 566/1001/566
vt 0.296906 0.998718
vt 0.296906 0.998840
vt 0.296875 0.998779
f 1744/1002/1744 3392/1003/3392 1754/1004/1754
vt 0.621262 0.682816
vt 0.621254 0.682819
vt 0.621269 0.682804
f 1745/1005/1745 1746/1006/1746 1747/1007/1747
vt 0.621201 0.682846
vt 0.621193 0.682850
vt 0.621208 0.682835
f 1746/1008/1746 1748/1009/1748 1749/1010/1749
vt 0.324979 0.283628
vt 0.324976 0.283626
vt 0.324979 0.283628
f 203/1011/203 1751/1012/1751 1662/1013/1662
vt 0.364670 0.990028
vt 0.364639 0.990028
vt 0.364655 0.990021
f 1752/1014/1752 1753/1015/1753 1742/1016/1742
vt 0.297272 0.993103
vt 0.297241 0.993042
vt 0.297272 0.992981
f 1759/1017/1759 1048/1018/1048 1760/1019/1760
vt 0.804871 0.586761
vt 0.804825 0.586800
f 1762/1020/1762 1763/1021/1763 1761/1021/1761
vt 0.580505 0.003860
vt 0.580444 0.003876
vt 0.580505 0.003799
f 1765/1022/1765 483/1023/483 1130/1024/1130
vt 0.580170 0.003548
vt 0.580139 0.003555
vt 0.580170 0.003517
f 1766/1025/1766 766/1026/766 1767/1027/1767
vt 0.578918 0.005142
vt 0.578857 0.005127
vt 0.578918 0.005081
f 1132/1028/1132 956/1029/956 628/1030/628
vt 0.578552 0.005539
vt 0.578491 0.005524
vt 0.578552 0.005478
f 1131/1031/1131 1768/1032/1768 1769/1033/1769
vt 0.578247 0.005768
vt 0.578186 0.005814
vt 0.578186 0.005783
f 543/1034/543 1767/1035/1767 1768/1036/1768
vt 0.762146 0.250626
vt 0.762085 0.250626
vt 0.762146 0.250610
f 1208/1037/1208 91/1038/91 1083/1039/1083
vt 0.761902 0.250626
vt 0.761841 0.250626
vt 0.761902 0.250610
f 91/1040/91 2883/1041/2883 667/1042/667
vt 0.662880 0.999298
vt 0.662849 0.999329
vt 0.662872 0.999298
f 2470/1043/2470 1772/1044/1772 1773/1045/1773
vt 0.662819 0.999359
vt 0.662788 0.999390
vt 0.662811 0.999359
f 1772/1046/1772 1774/1047/1774 1775/1048/1775
vt 0.236125 0.511985
vt 0.236112 0.512010
vt 0.236120 0.511992
f 1134/1049/1134 1776/1050/1776 1777/1051/1777
vt 0.005249 0.236969
vt 0.005005 0.237213
vt 0.005127 0.237061
f 1782/1052/1782 1783/1053/1783 1622/1054/1622
vt 0.212555 0.916382
vt 0.212540 0.916397
vt 0.212509 0.916397
f 1614/1055/1614 1785/1056/1785 1786/1057/1786
vt 0.795670 0.999977
vt 0.795685 0.999985
vt 0.795609 0.999977
f 575/1058/575 1787/1059/1787 3280/1060/3280
vt 0.795578 0.999931
vt 0.795486 0.999947
vt 0.795380 0.999924
f 1787/1061/1787 100/1062/100 1788/1063/1788
vt 0.218803 0.001358
vt 0.218803 0.001328
vt 0.218807 0.001350
f 61/1064/61 1792/1065/1792 1791/1066/1791
vt 0.218754 0.001244
vt 0.218754 0.001274
vt 0.218750 0.001251
f 1793/1067/1793 1794/1068/1794 1466/1069/1466
vt 0.532950 0.272436
vt 0.532949 0.272440
vt 0.532945 0.272456
f 963/1070/963 1006/1071/1006 1795/1072/1795
vt 0.531667 0.280822
vt 0.531669 0.280820
vt 0.531662 0.280830
f 1470/1073/1470 1796/1074/1796 1797/1075/1797
vt 0.993780 0.545641
vt 0.993767 0.545647
vt 0.993757 0.545649
f 1533/1076/1533 1798/1077/1798 1799/1078/1799
vt 0.993673 0.545687
vt 0.993683 0.545685
vt 0.993660 0.545692
f 1798/1079/1798 182/1080/182 1801/1081/1801
vt 0.856155 0.298965
vt 0.856186 0.298950
vt 0.856171 0.298965
f 1807/1082/1807 1808/1083/1808 1809/1084/1809
vt 0.049389 0.382488
vt 0.049385 0.382484
vt 0.049381 0.382450
f 1813/1085/1813 1814/1086/1814 1812/1087/1812
vt 0.204941 0.178719
vt 0.204956 0.178711
vt 0.205063 0.178719
f 1817/1088/1817 1818/1089/1818 3209/1090/3209
vt 0.765951 0.264431
vt 0.765926 0.264488
vt 0.765921 0.264492
f 1819/1091/1819 1820/1092/1820 1682/1093/1682
vt 0.765902 0.264545
vt 0.765877 0.264603
vt 0.765871 0.264606
f 1820/1094/1820 1821/1095/1821 1822/1096/1822
vt 0.878075 0.376404
vt 0.878082 0.376343
vt 0.878105 0.376282
f 1668/1097/1668 1823/1098/1823 1824/1099/1824
vt 0.187476 0.194772
vt 0.187475 0.194795
vt 0.187475 0.194803
f 1825/1100/1825 1817/1101/1817 3450/1102/3450
vt 0.752968 0.575501
vt 0.752914 0.575562
vt 0.752968 0.575501
f 1827/1103/1827 1828/1104/1828 1086/1105/1086
vt 0.589815 0.674538
vt 0.589861 0.674507
vt 0.589828 0.674530
f 1675/1106/1675 1673/1107/1673 1830/1108/1830
vt 0.523190 0.815575
vt 0.523190 0.815559
vt 0.523193 0.815567
f 1831/1109/1831 1564/1110/1564 1154/1111/1154
vt 0.474153 0.997181
vt 0.474151 0.997183
vt 0.474112 0.997208
f 1832/1112/1832 1833/1113/1833 1834/1114/1834
vt 0.534126 0.270378
vt 0.534111 0.270332
vt 0.534134 0.270370
f 1835/1115/1835 1136/1116/1136 1836/1117/1836
vt 0.533989 0.270027
vt 0.533974 0.269981
vt 0.533997 0.270020
f 1837/1118/1837 1838/1119/1838 1839/1120/1839
vt 0.532362 0.275560
vt 0.532370 0.275522
vt 0.532372 0.275520
f 1840/1121/1840 1841/1122/1841 1842/1123/1842
vt 0.007553 0.072006
vt 0.007568 0.071960
vt 0.007584 0.071976
f 1512/1124/1512 909/1125/909 1465/1126/1465
vt 0.007401 0.071854
vt 0.007416 0.071808
vt 0.007431 0.071823
f 1510/1127/1510 3254/1128/3254 3245/1129/3245
vt 0.048888 0.381295
vt 0.048888 0.381304
vt 0.048887 0.381347
f 1846/1130/1846 1847/1131/1847 1812/1132/1812
vt 0.523388 0.815166
vt 0.523382 0.815165
vt 0.523378 0.815161
f 1848/1133/1848 1803/1134/1803 1849/1135/1849
vt 0.523382 0.815134
vt 0.523388 0.815136
vt 0.523386 0.815138
f 1850/1136/1850 1879/1137/1879 1851/1138/1851
vt 0.523388 0.815147
vt 0.523399 0.815151
vt 0.523396 0.815151
f 1654/1139/1654 1852/1140/1852 1651/1141/1651
vt 0.433456 0.693783
vt 0.433441 0.693798
vt 0.433365 0.693871
f 1853/1142/1853 1854/1143/1854 1855/1144/1855
vt 0.527741 0.627851
vt 0.527737 0.627851
vt 0.527740 0.627851
f 1856/1145/1856 135/1146/135 304/1147/304
vt 0.527732 0.627856
vt 0.527729 0.627857
vt 0.527731 0.627856
f 1409/1148/1409 1857/1149/1857 135/1150/135
vt 0.208328 0.175980
vt 0.208374 0.175964
vt 0.208389 0.175980
f 1858/1151/1858 913/1152/913 1661/1153/1661
vt 0.208572 0.175858
vt 0.208618 0.175842
f 1859/1154/1859 1860/1155/1860 911/30/911
vt 0.208740 0.175842
vt 0.208755 0.175858
f 912/31/912 1861/1156/1861 264/1157/264
vt 0.917480 0.000000
vt 0.917603 0.000000
vt 0.917480 0.000015
f 208/1158/208 1862/1159/1862 1863/1160/1863
vt 0.916626 0.000015
vt 0.916626 0.000031
vt 0.916565 0.000031
f 1864/1161/1864 1863/1162/1863 2508/1163/2508
vt 0.839111 0.428370
vt 0.839050 0.428394
vt 0.839050 0.428392
f 3364/1164/3364 1865/1165/1865 1866/1166/1866
vt 0.907379 0.007812
vt 0.907410 0.007782
vt 0.907440 0.007782
f 1867/1167/1867 1764/1168/1764 1868/1169/1868
vt 0.622293 0.052522
vt 0.622299 0.052521
vt 0.622308 0.052522
f 1872/1170/1872 1873/1171/1873 1871/1172/1871
vt 0.208595 0.919167
vt 0.208572 0.919174
vt 0.208611 0.919151
f 941/1173/941 1760/1174/1760 1878/1175/1878
vt 0.779694 0.901833
vt 0.779709 0.901840
vt 0.779678 0.901833
f 1880/1176/1880 952/1177/952 1881/1178/1881
vt 0.812618 0.779148
vt 0.812614 0.779182
vt 0.812611 0.779156
f 1880/1179/1880 1885/1180/1885 1883/1181/1883
vt 0.516201 0.818047
vt 0.516202 0.818033
vt 0.516208 0.818014
f 1888/1182/1888 1889/1183/1889 1879/1184/1879
vt 0.769821 0.000839
vt 0.769720 0.000822
vt 0.769644 0.000807
f 1890/1185/1890 1891/1186/1891 1892/1187/1892
vt 0.842651 0.424026
vt 0.842636 0.424042
vt 0.842636 0.424026
f 3303/1188/3303 1053/1189/1053 1895/1190/1895
vt 0.780640 0.902275
vt 0.780655 0.902283
vt 0.780624 0.902275
f 1897/1191/1897 987/1192/987 1628/1193/1628
vt 0.815163 0.773453
vt 0.815170 0.773476
vt 0.815163 0.773460
f 1271/1194/1271 1901/1195/1901 753/1196/753
vt 0.624306 0.679085
vt 0.624332 0.679081
vt 0.624310 0.679089
f 1749/1197/1749 1902/1198/1902 1903/1199/1903
vt 0.999023 0.357483
vt 0.998962 0.357422
vt 0.998962 0.357361
f 1893/1200/1893 3338/1201/3338 3303/1202/3303
vt 0.655766 0.371418
vt 0.655766 0.371479
vt 0.655762 0.371521
f 1904/1203/1904 1905/1204/1905 1906/1205/1906
vt 0.655773 0.370724
vt 0.655771 0.370714
vt 0.655775 0.370672
f 1923/1206/1923 1907/1207/1907 1908/1208/1908
vt 0.774628 0.444832
vt 0.774612 0.444847
vt 0.774612 0.444839
f 1217/1209/1217 1909/1210/1909 1910/1211/1910
vt 0.704025 0.624313
vt 0.703995 0.624313
f 1761/34/1761 1828/1212/1828 1911/1213/1911
vt 0.995396 0.857380
vt 0.995405 0.857382
vt 0.995180 0.857386
f 577/1214/577 1364/1215/1364 981/1216/981
vt 0.661758 0.997931
vt 0.661697 0.997954
vt 0.661682 0.997959
f 1913/1217/1913 1914/1218/1914 1139/1219/1139
vt 0.661270 0.998110
vt 0.661209 0.998133
vt 0.661194 0.998138
f 1916/1220/1916 1914/1221/1914 1773/1222/1773
vt 0.661453 0.998044
vt 0.661423 0.998055
vt 0.661415 0.998058
f 1915/1223/1915 3212/1224/3212 3246/1225/3246
vt 1.000000 0.850586
vt 0.999992 0.850395
vt 1.000000 0.850464
f 584/1226/584 1918/1227/1918 1917/1228/1917
vt 0.655835 0.368829
vt 0.655843 0.368867
vt 0.655838 0.368851
f 1921/1229/1921 1922/1230/1922 1923/1231/1923
vt 0.681751 0.828022
vt 0.681740 0.828026
vt 0.681759 0.828014
f 1926/1232/1926 1927/1233/1927 1928/1234/1928
vt 0.681896 0.827923
vt 0.681892 0.827919
vt 0.681911 0.827908
f 1929/1235/1929 1930/1236/1930 1557/1237/1557
vt 0.682785 0.827530
vt 0.682789 0.827534
vt 0.682758 0.827534
f 1933/1238/1933 1563/1239/1563 1089/1240/1089
vt 0.364349 0.989868
vt 0.364319 0.989853
vt 0.364349 0.989853
f 1939/1241/1939 1940/1242/1940 1743/1243/1743
vt 0.003357 0.119629
vt 0.003387 0.119568
vt 0.003510 0.119446
f 1942/1244/1942 1943/1245/1943 1623/1246/1623
vt 0.002380 0.120605
vt 0.002411 0.120544
vt 0.002533 0.120422
f 918/1247/918 1944/1248/1944 1945/1249/1945
vt 0.522952 0.631786
vt 0.522955 0.631786
vt 0.522943 0.631790
f 1947/1250/1947 1856/1251/1856 1948/1252/1948
vt 0.462757 0.678181
vt 0.462753 0.678185
vt 0.462788 0.678143
f 1949/1253/1949 1844/1254/1844 1950/1255/1950
vt 0.555927 0.705092
vt 0.555916 0.705103
vt 0.555920 0.705098
f 1952/1256/1952 1128/1257/1128 1953/1258/1953
vt 0.555882 0.705127
vt 0.555874 0.705132
vt 0.555878 0.705128
f 1953/1259/1953 1955/1260/1955 1954/1261/1954
vt 0.497715 0.509276
vt 0.497715 0.509282
vt 0.497714 0.509275
f 1142/1262/1142 1956/1263/1956 3349/1264/3349
vt 0.521433 0.632317
vt 0.521434 0.632317
vt 0.521413 0.632324
f 307/1265/307 1963/1266/1963 1964/1267/1964
vt 0.149462 0.873688
vt 0.149444 0.873718
vt 0.149462 0.873688
f 1968/1268/1968 1724/1269/1724 1969/1270/1969
vt 0.149515 0.873596
vt 0.149497 0.873627
f 1967/1271/1967 1966/1272/1966 919/36/919
vt 0.149425 0.873749
vt 0.149443 0.873718
f 920/37/920 1969/1273/1969 1934/1274/1934
vt 0.150177 0.872482
vt 0.150179 0.872478
f 1145/220/1145 1242/1275/1242 1970/1276/1970
vt 0.875572 0.378876
vt 0.875519 0.378906
vt 0.875542 0.378876
f 1971/1277/1971 3096/1278/3096 1972/1279/1972
vt 0.222092 0.999672
vt 0.222061 0.999680
vt 0.222076 0.999672
f 1974/1280/1974 1975/1281/1975 1976/1282/1976
vt 0.222061 0.999687
vt 0.222031 0.999695
vt 0.222046 0.999687
f 1975/1283/1975 1977/1284/1977 1978/1285/1978
vt 0.221970 0.999733
vt 0.221939 0.999741
vt 0.221954 0.999733
f 1979/1286/1979 1980/1287/1980 1546/1288/1546
vt 0.221878 0.999748
vt 0.221848 0.999756
vt 0.221863 0.999748
f 1977/1289/1977 1980/1290/1980 1981/1291/1981
vt 0.497690 0.509484
vt 0.497689 0.509494
vt 0.497687 0.509493
f 1982/1292/1982 1983/1293/1983 1984/1294/1984
vt 0.869418 0.404226
vt 0.869381 0.404259
vt 0.869365 0.404272
f 1985/1295/1985 1986/1296/1986 1987/1297/1987
vt 0.473487 0.997261
vt 0.473497 0.997249
f 1988/1298/1988 923/41/923 1888/1299/1888
vt 0.773514 0.448569
vt 0.773514 0.448568
f 1865/1300/1865 1360/1301/1360 924/42/924
vt 0.773544 0.448503
vt 0.773560 0.448472
f 925/43/925 1993/1302/1993 1994/1303/1994
vt 0.473165 0.997956
vt 0.473218 0.997918
vt 0.473150 0.997969
f 1995/1304/1995 1996/1305/1996 1222/1306/1222
vt 0.210770 0.914749
vt 0.210771 0.914746
vt 0.210795 0.914733
f 1786/1307/1786 959/1308/959 1997/1309/1997
vt 0.775253 0.444183
vt 0.775269 0.444168
vt 0.775253 0.444199
f 1998/1310/1998 1999/1311/1999 2000/1312/2000
vt 0.774414 0.445301
vt 0.774414 0.445293
vt 0.774414 0.445305
f 1986/1313/1986 2001/1314/2001 2002/1315/2002
vt 0.774414 0.445286
vt 0.774414 0.445278
vt 0.774414 0.445290
f 2001/1316/2001 2003/1317/2003 1998/1318/1998
vt 0.497708 0.509432
vt 0.497705 0.509441
vt 0.497704 0.509440
f 2004/1319/2004 1983/1320/1983 2005/1321/2005
vt 0.497728 0.509408
vt 0.497725 0.509417
vt 0.497724 0.509415
f 1141/1322/1141 3178/1323/3178 2004/1324/2004
vt 0.181343 0.593212
vt 0.181337 0.593220
vt 0.181334 0.593224
f 2006/1325/2006 3299/1326/3299 460/1327/460
vt 0.210684 0.917047
vt 0.210676 0.917051
vt 0.210678 0.917050
f 2008/1328/2008 2007/1329/2007 1477/1330/1477
vt 0.000114 0.300095
vt 0.000107 0.300018
vt 0.000114 0.299973
f 2009/1331/2009 2010/1332/2010 2011/1333/2011
vt 0.000011 0.300468
vt 0.000004 0.300392
vt 0.000008 0.300369
f 2010/1334/2010 3181/1335/3181 1254/1336/1254
vt 0.181404 0.593163
vt 0.181406 0.593163
vt 0.181398 0.593170
f 928/1337/928 1664/1338/1664 2014/1339/2014
vt 0.250526 0.685028
vt 0.250519 0.685059
f 2015/1340/2015 929/47/929 1092/1341/1092
vt 0.099007 0.998653
vt 0.098869 0.998661
vt 0.099014 0.998650
f 1196/1342/1196 2017/1343/2017 2018/1344/2018
vt 0.482004 0.429386
vt 0.482004 0.429387
vt 0.482004 0.429380
f 2019/1345/2019 2020/1346/2020 2021/1347/2021
vt 0.010300 0.921989
vt 0.010132 0.921997
vt 0.010178 0.921989
f 2022/1348/2022 2023/1349/2023 3319/1350/3319
vt 0.774561 0.445019
vt 0.774549 0.445026
vt 0.774551 0.445023
f 2024/1351/2024 2025/1352/2025 2026/1353/2026
vt 0.911133 0.001953
vt 0.911137 0.001949
vt 0.911255 0.001892
f 208/1354/208 1864/1355/1864 2027/1356/2027
vt 0.484650 0.990509
vt 0.484619 0.990479
f 2028/1357/2028 2029/1358/2029 2030/1357/2030
vt 0.484558 0.990417
vt 0.484528 0.990387
f 3403/1359/3403 2028/1360/2028 907/1360/907
vt 0.475197 0.995216
vt 0.475204 0.995224
f 2029/1361/2029 2031/1361/2031 2032/1362/2032
vt 0.475212 0.995232
vt 0.475220 0.995239
f 2033/1363/2033 2032/1363/2032 2034/1364/2034
vt 0.475166 0.995186
vt 0.475174 0.995193
f 198/1365/198 3409/1365/3409 2031/1366/2031
vt 0.475136 0.995155
vt 0.475143 0.995163
f 3409/1367/3409 2035/1367/2035 2036/1368/2036
vt 0.051468 0.382126
vt 0.051460 0.382149
vt 0.051430 0.382210
f 2037/1369/2037 1326/1370/1326 1377/1371/1377
vt 0.814224 0.778976
vt 0.814224 0.778961
f 2038/1372/2038 1881/1373/1881 930/48/930
vt 0.590065 0.674423
vt 0.590052 0.674431
vt 0.590075 0.674416
f 87/1374/87 1161/1375/1161 2039/1376/2039
vt 0.657562 0.999497
vt 0.657532 0.999509
vt 0.657562 0.999496
f 1140/1377/1140 2040/1378/2040 2041/1379/2041
vt 0.991205 0.857378
vt 0.991245 0.857380
vt 0.991224 0.857382
f 2099/1380/2099 1901/1381/1901 983/1382/983
vt 0.184431 0.587715
vt 0.184437 0.587723
vt 0.184435 0.587730
f 1137/1383/1137 2045/1384/2045 2046/1385/2046
vt 0.773621 0.448346
vt 0.773636 0.448314
vt 0.773636 0.448314
f 1985/1386/1985 926/1387/926 2047/1388/2047
vt 0.129120 0.549591
vt 0.129105 0.549591
vt 0.129105 0.549561
f 3443/1389/3443 2048/1390/2048 2049/1391/2049
vt 0.150340 0.873001
vt 0.150347 0.872986
vt 0.150355 0.872971
f 1545/1392/1545 2050/1393/2050 1615/1394/1615
vt 0.323617 0.282641
vt 0.323615 0.282640
vt 0.323625 0.282641
f 2051/1395/2051 2052/1396/2052 2053/1397/2053
vt 0.619965 0.680695
vt 0.619965 0.680710
vt 0.619934 0.680740
f 2054/1398/2054 2055/1399/2055 2056/1400/2056
vt 0.907730 0.007660
vt 0.907745 0.007645
vt 0.907730 0.007675
f 1868/1401/1868 2057/1402/2057 2058/1403/2058
vt 0.000671 0.612183
vt 0.000610 0.612000
vt 0.000671 0.612122
f 2059/1404/2059 314/1405/314 2060/1406/2060
vt 0.817976 0.022141
vt 0.818002 0.022091
vt 0.817947 0.022198
f 961/1407/961 325/1408/325 2061/1409/2061
vt 0.234951 0.514459
vt 0.234946 0.514467
vt 0.234953 0.514455
f 2062/1410/2062 2063/1411/2063 391/1412/391
vt 0.618473 0.053455
vt 0.618481 0.053455
vt 0.618469 0.053459
f 2065/1413/2065 107/1414/107 936/1415/936
vt 0.251343 0.174530
vt 0.251328 0.174530
vt 0.251328 0.174500
f 1860/1416/1860 2070/1417/2070 2068/1418/2068
vt 0.774780 0.444557
vt 0.774788 0.444546
vt 0.774788 0.444553
f 2071/1419/2071 1905/1420/1905 1217/1421/1217
vt 0.005150 0.921963
vt 0.005272 0.921963
vt 0.005188 0.921967
f 2072/1422/2072 2073/1423/2073 2074/1424/2074
vt 0.234807 0.514361
vt 0.234800 0.514384
vt 0.234798 0.514385
f 2075/1425/2075 2076/1426/2076 2066/1427/2066
vt 0.369530 0.397881
vt 0.369568 0.397858
vt 0.369591 0.397850
f 1565/1428/1565 1020/1429/1020 2078/1430/2078
vt 0.372905 0.455092
vt 0.372913 0.455084
vt 0.372893 0.455106
f 2079/1431/2079 2080/1432/2080 2075/1433/2075
vt 0.372921 0.455076
vt 0.372930 0.455068
vt 0.372909 0.455090
f 2080/1434/2080 2062/1435/2062 3102/1436/3102
vt 0.585405 0.677780
vt 0.585388 0.677795
vt 0.585363 0.677811
f 2081/1437/2081 2082/1438/2082 2054/1439/2054
vt 0.585371 0.677811
vt 0.585354 0.677826
vt 0.585329 0.677841
f 2082/1440/2082 2083/1441/2083 910/1442/910
vt 0.327412 0.281822
vt 0.327423 0.281815
vt 0.327419 0.281822
f 1457/1443/1457 619/1444/619 2084/1445/2084
vt 0.007065 0.071121
vt 0.007034 0.071152
vt 0.007050 0.071075
f 2087/1446/2087 2088/1447/2088 2089/1448/2089
vt 0.984375 0.566147
vt 0.984375 0.566162
f 2090/1449/2090 2091/1449/2091 1074/1450/1074
vt 0.984375 0.566071
vt 0.984375 0.566101
f 2091/1451/2091 1486/1451/1486 2092/1452/2092
vt 0.990094 0.546368
vt 0.990097 0.546362
vt 0.990096 0.546366
f 1600/1453/1600 2093/1454/2093 2094/1455/2094
vt 0.990098 0.546359
vt 0.990096 0.546361
f 2095/1456/2095 2093/1454/2093 2096/1457/2096
vt 0.955322 0.345764
vt 0.955261 0.345764
vt 0.955261 0.345703
f 2097/1458/2097 2098/1459/2098 1619/1460/1619
vt 0.955322 0.345886
vt 0.955261 0.345886
vt 0.955261 0.345825
f 1186/1461/1186 1030/1462/1030 2098/1463/2098
vt 0.991031 0.857383
vt 0.991050 0.857387
vt 0.991039 0.857388
f 2099/1464/2099 2100/1465/2100 1274/1466/1274
vt 0.816429 0.024750
vt 0.816390 0.024811
vt 0.816370 0.024841
f 2101/1467/2101 2043/1468/2043 1609/1469/1609
vt 0.619980 0.680695
vt 0.619980 0.680725
vt 0.619965 0.680756
f 2055/1470/2055 2103/1471/2103 814/1472/814
vt 0.187362 0.190347
vt 0.187362 0.190324
vt 0.187361 0.190286
f 2104/1473/2104 2105/1474/2105 3380/1475/3380
vt 0.212944 0.918571
vt 0.212902 0.918591
vt 0.212942 0.918570
f 1877/1476/1877 943/1477/943 120/1478/120
vt 0.002289 0.120667
vt 0.002365 0.120575
vt 0.002487 0.120453
f 1944/1479/1944 1042/1480/1042 2107/1481/2107
vt 0.774414 0.445272
vt 0.774414 0.445265
vt 0.774414 0.445274
f 2003/1482/2003 2108/1483/2108 2109/1484/2109
vt 0.015485 0.283652
vt 0.015485 0.283622
vt 0.015485 0.283611
f 1782/1485/1782 2111/1486/2111 2110/1487/2110
vt 0.374729 0.453346
vt 0.374728 0.453347
vt 0.374725 0.453350
f 84/1488/84 2112/1489/2112 1982/1490/1982
vt 0.912231 0.001404
vt 0.912109 0.001465
vt 0.912263 0.001388
f 2115/1491/2115 604/1492/604 2963/1493/2963
vt 0.185387 0.586456
vt 0.185379 0.586456
vt 0.185387 0.586426
f 1246/1494/1246 2116/1495/2116 2117/1496/2117
vt 0.185375 0.586502
vt 0.185368 0.586502
vt 0.185371 0.586487
f 2116/1497/2116 1938/1498/1938 2118/1499/2118
vt 0.046913 0.131527
vt 0.046898 0.131565
vt 0.046890 0.131554
f 2122/1500/2122 2123/1501/2123 2121/1502/2121
vt 0.174717 0.758022
vt 0.174732 0.758015
vt 0.174728 0.758018
f 2124/1503/2124 2125/1504/2125 2743/1505/2743
vt 0.472524 0.998389
vt 0.472564 0.998363
vt 0.472560 0.998366
f 2126/1506/2126 2127/1507/2127 1995/1508/1995
vt 0.150434 0.872818
vt 0.150433 0.872818
vt 0.150442 0.872803
f 1613/1509/1613 441/1510/441 1292/1511/1292
vt 0.150431 0.872818
vt 0.150429 0.872818
vt 0.150438 0.872803
f 441/1512/441 2128/1513/2128 2129/1514/2129
vt 0.590126 0.674316
vt 0.590142 0.674305
vt 0.590123 0.674320
f 1857/1515/1857 3201/1516/3201 3233/1517/3233
vt 0.646421 0.656006
vt 0.646420 0.656021
vt 0.646418 0.656021
f 1578/1518/1578 3232/1519/3232 1413/1520/1413
vt 0.993896 0.231750
vt 0.993866 0.231812
vt 0.993866 0.231750
f 2130/1521/2130 1392/1522/1392 2131/1523/2131
vt 0.798599 0.994530
vt 0.798595 0.994535
vt 0.798611 0.994497
f 2132/1524/2132 2133/1525/2133 2134/1526/2134
vt 0.780533 0.902218
vt 0.780548 0.902225
f 1883/1527/1883 2136/1528/2136 950/63/950
vt 0.780487 0.902203
vt 0.780441 0.902184
f 951/64/951 1897/1529/1897 2137/1530/2137
vt 0.509369 0.145584
vt 0.509384 0.145599
vt 0.509384 0.145615
f 2141/1531/2141 2142/1532/2142 1118/1533/1118
vt 0.246735 0.429192
vt 0.246719 0.429199
vt 0.246719 0.429192
f 2145/1534/2145 2146/1535/2146 2117/1536/2117
vt 0.167397 0.268167
vt 0.167374 0.268192
vt 0.167381 0.268183
f 3231/1537/3231 474/1538/474 2147/1539/2147
vt 0.676315 0.827030
vt 0.676319 0.827033
vt 0.676273 0.827029
f 1539/1540/1539 2148/1541/2148 2149/1542/2149
vt 0.011803 0.631042
vt 0.011795 0.631027
vt 0.011803 0.631027
f 1729/1543/1729 1713/1544/1713 2150/1545/2150
vt 0.581999 0.001488
vt 0.581999 0.001473
vt 0.582001 0.001488
f 2151/1546/2151 2152/1547/2152 1081/1548/1081
vt 0.245217 0.755521
vt 0.245215 0.755511
vt 0.245218 0.755510
f 2155/1549/2155 2124/1550/2124 927/1551/927
vt 0.236483 0.511881
vt 0.236492 0.511866
vt 0.236474 0.511898
f 2156/1552/2156 1938/1553/1938 2157/1554/2157
vt 0.002640 0.120087
vt 0.002655 0.120056
vt 0.002792 0.119904
f 1943/1555/1943 2107/1556/2107 2158/1557/2158
vt 0.879083 0.531250
vt 0.879078 0.531250
vt 0.879073 0.531250
f 1762/1558/1762 2159/1559/2159 1575/1560/1575
vt 0.173530 0.763427
vt 0.173487 0.763491
vt 0.173484 0.763495
f 2160/1561/2160 2161/1562/2161 2162/1563/2162
vt 0.000000 0.002930
vt 0.000244 0.003174
vt 0.000000 0.003418
f 1/1564/1 1025/1565/1025 2163/1566/2163
vt 0.991211 0.993164
vt 0.991150 0.993286
vt 0.991089 0.993286
f 336/1567/336 2164/1568/2164 2165/1569/2165
vt 0.457893 0.685349
vt 0.457874 0.685379
vt 0.457882 0.685364
f 2166/1570/2166 3261/1571/3261 3302/1572/3302
vt 0.150318 0.873032
vt 0.150322 0.873032
vt 0.150311 0.873047
f 2128/1573/2128 2050/1574/2050 2168/1575/2168
vt 0.995659 0.545891
vt 0.995720 0.545891
vt 0.995667 0.545898
f 976/1576/976 1298/1577/1298 2169/1578/2169
vt 0.325280 0.283617
vt 0.325274 0.283619
vt 0.325276 0.283617
f 1453/1579/1453 2170/1580/2170 3214/1581/3214
vt 0.801590 0.988312
vt 0.801601 0.988274
vt 0.801586 0.988365
f 2171/1582/2171 170/1583/170 3378/1584/3378
vt 0.015572 0.285335
vt 0.015572 0.285335
vt 0.015572 0.285331
f 2173/1585/2173 2174/1586/2174 2175/1587/2175
vt 0.211172 0.916616
vt 0.211192 0.916606
vt 0.211194 0.916608
f 2177/1588/2177 2178/1589/2178 2179/1590/2179
vt 0.532931 0.272502
vt 0.532931 0.272504
vt 0.532927 0.272522
f 2180/1591/2180 1795/1592/1795 2181/1593/2181
vt 0.462429 0.678593
vt 0.462429 0.678596
vt 0.462425 0.678600
f 1941/1594/1941 3302/1595/3302 2182/1596/2182
vt 0.173460 0.763487
vt 0.173512 0.763416
vt 0.173487 0.763453
f 2179/1597/2179 1289/1598/1289 2160/1599/2160
vt 0.774454 0.445057
vt 0.774460 0.445053
vt 0.774473 0.445049
f 2183/1600/2183 2184/1601/2184 2026/1602/2026
vt 0.544115 0.266381
vt 0.544113 0.266376
vt 0.544115 0.266377
f 2141/1603/2141 2185/1604/2185 2186/1605/2186
vt 0.681894 0.449574
vt 0.681937 0.449553
vt 0.681901 0.449572
f 2187/1606/2187 2188/1607/2188 2189/1608/2189
vt 0.842670 0.436279
vt 0.842682 0.436295
vt 0.842678 0.436295
f 2190/1609/2190 2191/1610/2191 2192/1611/2192
vt 0.842678 0.436279
vt 0.842690 0.436295
vt 0.842686 0.436295
f 2193/1612/2193 968/1613/968 2191/1614/2191
vt 0.429996 0.699499
vt 0.430000 0.699490
vt 0.430004 0.699495
f 1806/1615/1806 2206/1616/2206 2194/1617/2194
vt 0.999023 0.357742
vt 0.998993 0.357697
vt 0.998993 0.357681
f 1177/1618/1177 2195/1619/2195 3338/1620/3338
vt 0.876198 0.377594
vt 0.876190 0.377625
vt 0.876167 0.377655
f 2196/1621/2196 2672/1622/2672 2002/1623/2002
vt 0.473543 0.997184
vt 0.473549 0.997178
vt 0.473545 0.997184
f 2197/1624/2197 2198/1625/2198 1992/1626/1992
vt 0.374505 0.453456
vt 0.374512 0.453449
vt 0.374500 0.453463
f 1672/1627/1672 2199/1628/2199 2200/1629/2200
vt 0.998055 0.849739
vt 0.998055 0.849800
vt 0.998047 0.849792
f 2201/1630/2201 2202/1631/2202 2203/1632/2203
vt 0.321136 0.281282
vt 0.321136 0.281281
vt 0.321167 0.281282
f 2204/1633/2204 2205/1634/2205 1002/1635/1002
vt 0.779531 0.899976
vt 0.779522 0.899965
vt 0.779528 0.899970
f 1538/1636/1538 3418/1637/3418 2208/1638/2208
vt 0.996708 0.857166
vt 0.996605 0.857170
vt 0.996647 0.857166
f 763/1639/763 2209/1640/2209 1073/1641/1073
vt 0.996624 0.857174
vt 0.996521 0.857178
vt 0.996563 0.857174
f 2210/1642/2210 2211/1643/2211 2209/1644/2209
vt 0.481863 0.429208
vt 0.481861 0.429208
vt 0.481863 0.429207
f 2214/1645/2214 2215/1646/2215 2216/1647/2216
vt 0.481860 0.429207
vt 0.481858 0.429207
vt 0.481859 0.429207
f 2217/1648/2217 3411/1649/3411 2218/1650/2218
vt 0.324944 0.283596
vt 0.324941 0.283593
vt 0.324942 0.283595
f 2219/1651/2219 2220/1652/2220 2104/1653/2104
vt 0.459480 0.685158
vt 0.459473 0.685165
vt 0.459480 0.685143
f 2222/1654/2222 2223/1655/2223 2194/1656/2194
vt 0.995855 0.857374
vt 0.995743 0.857376
vt 0.995733 0.857374
f 2224/1657/2224 1364/1658/1364 1072/1659/1072
vt 0.681881 0.827892
vt 0.681870 0.827896
vt 0.681877 0.827888
f 1930/1660/1930 585/1661/585 2225/1662/2225
vt 0.476088 0.992758
vt 0.476088 0.992743
vt 0.476089 0.992737
f 3208/1663/3208 2226/1664/2226 2227/1665/2227
vt 0.655782 0.370812
vt 0.655783 0.370771
vt 0.655784 0.370761
f 1904/1666/1904 2230/1667/2230 1907/1668/1907
vt 0.997803 0.230957
vt 0.997864 0.230896
vt 0.997803 0.230988
f 339/1669/339 1544/1670/1544 2232/1671/2232
vt 0.839855 0.433411
vt 0.839809 0.433350
vt 0.839859 0.433411
f 1993/1672/1993 1358/1673/1358 2233/1674/2233
vt 0.656952 0.999733
vt 0.656921 0.999745
vt 0.656952 0.999733
f 1219/1675/1219 356/1676/356 2234/1677/2234
vt 0.374606 0.453356
vt 0.374599 0.453363
vt 0.374593 0.453371
f 1644/1678/1644 966/1679/966 2200/1680/2200
vt 0.842739 0.436340
vt 0.842751 0.436356
f 2119/1681/2119 162/1682/162 967/78/967
vt 0.841290 0.434830
vt 0.841282 0.434830
vt 0.841270 0.434814
f 2193/1683/2193 2238/1684/2238 2233/1685/2233
vt 0.387624 0.122313
vt 0.387630 0.122316
vt 0.387630 0.122317
f 2239/1686/2239 2240/1687/2240 2241/1688/2241
vt 0.005695 0.922554
vt 0.005699 0.922554
vt 0.005657 0.922562
f 1723/1689/1723 2023/1690/2023 2242/1691/2242
vt 0.005619 0.922569
vt 0.005623 0.922569
vt 0.005581 0.922577
f 2242/1692/2242 3321/1693/3321 3316/1694/3316
vt 0.453674 0.250519
vt 0.453629 0.250504
vt 0.453659 0.250504
f 2243/1695/2243 2244/1696/2244 1875/1697/1875
vt 0.843113 0.436653
vt 0.843132 0.436676
vt 0.843136 0.436684
f 1492/1698/1492 3200/1699/3200 1279/1700/1279
vt 0.158359 0.268992
vt 0.158349 0.268975
vt 0.158347 0.268971
f 2245/1701/2245 2235/1702/2235 2246/1703/2246
vt 0.620016 0.052699
vt 0.620014 0.052699
vt 0.620014 0.052698
f 1034/1704/1034 957/1705/957 1873/1706/1873
vt 0.535077 0.277377
vt 0.535076 0.277382
vt 0.535075 0.277383
f 2249/1707/2249 1842/1708/1842 1835/1709/1835
vt 0.459480 0.685265
vt 0.459480 0.685264
vt 0.459483 0.685252
f 2250/1710/2250 2251/1711/2251 3419/1712/3419
vt 0.459484 0.685207
vt 0.459480 0.685204
vt 0.459484 0.685192
f 1960/1713/1960 2252/1714/2252 2223/1715/2223
vt 0.459476 0.685200
vt 0.459473 0.685211
vt 0.459473 0.685196
f 2252/1716/2252 643/1717/643 2250/1718/2250
vt 0.797714 0.989807
vt 0.797676 0.989899
vt 0.797691 0.989838
f 813/1719/813 2254/1720/2254 2255/1721/2255
vt 0.797684 0.989929
vt 0.797646 0.990021
vt 0.797661 0.989960
f 1912/1722/1912 2256/1723/2256 2254/1724/2254
vt 0.516202 0.817843
vt 0.516205 0.817834
vt 0.516205 0.817841
f 2257/1725/2257 2258/1726/2258 2259/1727/2259
vt 0.768536 0.257637
vt 0.768532 0.257645
vt 0.768536 0.257607
f 2260/1728/2260 2261/1729/2261 1694/1730/1694
vt 0.802925 0.984436
vt 0.802917 0.984436
vt 0.802940 0.984375
f 2262/1731/2262 2224/1732/2224 2211/1733/2211
vt 0.629156 0.413757
vt 0.629158 0.413757
vt 0.629129 0.413818
f 2263/1734/2263 2264/1735/2264 2265/1736/2265
vt 0.629160 0.413757
vt 0.629162 0.413757
vt 0.629133 0.413818
f 2264/1737/2264 2266/1738/2266 1309/1739/1309
vt 0.657822 0.999399
vt 0.657715 0.999439
vt 0.657707 0.999442
f 2885/1740/2885 213/1741/213 3215/1742/3215
vt 0.798943 0.985229
vt 0.798954 0.985214
vt 0.798962 0.985214
f 2267/1743/2267 2268/1744/2268 2255/1745/2255
vt 0.433155 0.694076
vt 0.433147 0.694083
vt 0.433121 0.694109
f 2228/1746/2228 1855/1747/1855 2270/1748/2270
vt 0.516195 0.817883
vt 0.516196 0.817876
f 971/1749/971 1419/1750/1419 2257/1725/2257
vt 0.321259 0.281267
vt 0.321274 0.281265
vt 0.321274 0.281267
f 2140/1751/2140 1001/1752/1001 2272/1753/2272
vt 0.323692 0.282251
vt 0.323700 0.282250
vt 0.323700 0.282251
f 970/1754/970 2273/1755/2273 2274/1756/2274
vt 0.999060 0.082262
vt 0.999056 0.082190
vt 0.999058 0.082195
f 566/1757/566 838/1758/838 2276/1759/2276
vt 0.544106 0.266356
vt 0.544104 0.266356
vt 0.544104 0.266354
f 2279/1760/2279 2280/1761/2280 2185/1762/2185
vt 0.520088 0.819244
vt 0.520100 0.819206
vt 0.520092 0.819237
f 2281/1763/2281 1833/1764/1833 2282/1765/2282
vt 0.998365 0.079935
vt 0.998367 0.079941
vt 0.998343 0.079988
f 2276/1766/2276 1516/1767/1516 1867/1768/1867
vt 0.049377 0.382507
vt 0.049374 0.382504
vt 0.049376 0.382498
f 1815/1769/1815 1816/1770/1816 2284/1771/2284
vt 0.049370 0.382500
vt 0.049368 0.382498
vt 0.049366 0.382481
f 1815/1772/1815 2284/1773/2284 1814/1774/1814
vt 0.011200 0.488373
vt 0.011093 0.488388
vt 0.011185 0.488358
f 3443/1775/3443 2286/1776/2286 2918/1777/2918
vt 0.010986 0.488403
vt 0.010880 0.488419
vt 0.010971 0.488388
f 2286/1778/2286 2822/1779/2822 1721/1780/1721
vt 0.752983 0.575348
vt 0.752956 0.575378
vt 0.752979 0.575348
f 2287/1781/2287 1368/1782/1368 2288/1783/2288
vt 0.650436 0.365585
vt 0.650513 0.365540
vt 0.650558 0.365524
f 2290/1784/2290 2291/1785/2291 2292/1786/2292
vt 0.523240 0.814306
vt 0.523243 0.814308
vt 0.523244 0.814314
f 2293/1787/2293 1576/1788/1576 2294/1789/2294
vt 0.774628 0.444790
vt 0.774612 0.444809
vt 0.774612 0.444805
f 2295/1790/2295 1910/1791/1910 2109/1792/2109
vt 0.184557 0.587883
vt 0.184561 0.587883
vt 0.184566 0.587891
f 592/1793/592 2296/1794/2296 700/1795/700
vt 0.768034 0.259884
vt 0.768039 0.259863
vt 0.768040 0.259858
f 230/1796/230 2298/1797/2298 2299/1798/2299
vt 0.995461 0.546860
vt 0.995510 0.546875
vt 0.995457 0.546860
f 1493/1799/1493 1499/1800/1499 1498/1801/1498
vt 0.998086 0.546304
vt 0.997986 0.546326
vt 0.998011 0.546320
f 2300/1802/2300 2864/1803/2864 2301/1804/2301
vt 0.769466 0.255867
vt 0.769466 0.255836
vt 0.769470 0.255829
f 2302/1805/2302 422/1806/422 2303/1807/2303
vt 0.010559 0.051849
vt 0.010498 0.051880
vt 0.010681 0.051666
f 2304/1808/2304 38/1809/38 2305/1810/2305
vt 0.634460 0.012512
vt 0.634491 0.012512
vt 0.634552 0.012573
f 3255/1811/3255 1212/1812/1212 3294/1813/3294
vt 0.634644 0.012634
vt 0.634674 0.012634
vt 0.634735 0.012695
f 3294/1814/3294 1625/1815/1625 2306/1816/2306
vt 0.187364 0.190497
vt 0.187363 0.190475
vt 0.187364 0.190482
f 2309/1817/2309 2235/1818/2235 2105/1819/2105
vt 0.236266 0.511609
vt 0.236264 0.511612
vt 0.236261 0.511617
f 2311/1820/2311 2313/1821/2313 2076/1822/2076
vt 0.879062 0.531250
vt 0.879061 0.531250
vt 0.879060 0.531250
f 2314/1823/2314 2283/1824/2283 1602/1825/1602
vt 0.769522 0.257107
vt 0.769521 0.257121
vt 0.769521 0.257106
f 2299/1826/2299 422/1827/422 2317/1828/2317
vt 0.536214 0.272902
vt 0.536212 0.272927
vt 0.536211 0.272909
f 2318/1829/2318 2319/1830/2319 112/1831/112
vt 0.252693 0.173325
vt 0.252686 0.173309
vt 0.252693 0.173294
f 2320/1832/2320 2321/1833/2321 2322/1834/2322
vt 0.536191 0.272773
vt 0.536193 0.272748
vt 0.536196 0.272741
f 2323/1835/2323 2292/1836/2292 2324/1837/2324
vt 0.455238 0.251152
vt 0.455208 0.251122
vt 0.455231 0.251129
f 1123/1838/1123 2279/1839/2279 1456/1840/1456
vt 0.004364 0.236206
vt 0.004242 0.236328
vt 0.004333 0.236206
f 2325/1841/2325 1783/1842/1783 2011/1843/2011
vt 0.390659 0.015049
vt 0.390663 0.015038
vt 0.390667 0.015041
f 79/1844/79 1872/1845/1872 1876/1846/1876
vt 0.798592 0.994541
vt 0.798584 0.994553
vt 0.798592 0.994526
f 2133/1847/2133 1183/1848/1183 2327/1849/2327
vt 0.431221 0.695003
vt 0.431202 0.695018
vt 0.431225 0.694996
f 2229/1850/2229 2330/1851/2330 2331/1852/2331
vt 0.000275 0.421906
vt 0.000259 0.421890
vt 0.000381 0.421890
f 389/1853/389 977/1854/977 2332/1855/2332
vt 0.643621 0.656082
vt 0.643622 0.656082
vt 0.643610 0.656097
f 1591/1856/1591 2287/1857/2287 736/1858/736
vt 0.523402 0.814425
vt 0.523404 0.814428
f 1577/1859/1577 980/89/980 2333/1860/2333
vt 0.006359 0.000004
vt 0.006121 0.000006
vt 0.006119 0.000005
f 946/1861/946 2335/1862/2335 2533/1863/2533
vt 0.469872 0.000317
vt 0.469925 0.000313
vt 0.469933 0.000317
f 2336/1864/2336 885/1865/885 3365/1866/3365
vt 0.176804 0.755951
vt 0.176804 0.755936
vt 0.176819 0.755936
f 2339/1867/2339 3263/1868/3263 2340/1869/2340
vt 0.543087 0.267115
vt 0.543083 0.267117
vt 0.543079 0.267111
f 2341/1870/2341 1434/1871/1434 429/1872/429
vt 0.470345 0.000309
vt 0.470299 0.000317
vt 0.470291 0.000313
f 2342/1873/2342 2336/1874/2336 1584/1875/1584
vt 0.309746 0.701050
vt 0.309731 0.701065
vt 0.309723 0.701065
f 1604/1876/1604 1853/1877/1853 225/1878/225
vt 0.002823 0.296906
vt 0.002857 0.296913
vt 0.002831 0.296921
f 13/1879/13 3309/1880/3309 2344/1881/2344
vt 0.643650 0.656052
vt 0.643640 0.656067
vt 0.643628 0.656082
f 2345/1882/2345 1019/1883/1019 2328/1884/2328
vt 0.989987 0.546180
vt 0.989987 0.546182
vt 0.989987 0.546180
f 2092/1885/2092 2348/1886/2348 2349/1887/2349
vt 0.989987 0.546185
vt 0.989988 0.546187
f 2348/1888/2348 1573/1889/1573 2314/1888/2314
vt 0.816307 0.772850
vt 0.816299 0.772842
vt 0.816303 0.772839
f 1522/1890/1522 159/1891/159 2350/1892/2350
vt 0.816292 0.772804
vt 0.816284 0.772781
vt 0.816292 0.772789
f 2351/1893/2351 2352/1894/2352 954/1895/954
vt 0.858013 0.995922
vt 0.857983 0.995831
vt 0.858002 0.995880
f 2353/1896/2353 2354/1897/2354 3237/1898/3237
vt 0.222473 0.999908
vt 0.222351 0.999924
vt 0.222534 0.999893
f 2820/1899/2820 3116/1900/3116 1981/1901/1981
vt 0.639395 0.004208
vt 0.639341 0.004284
vt 0.639397 0.004196
f 1234/1902/1234 662/1903/662 1011/1904/1011
vt 0.639580 0.005417
vt 0.639610 0.005356
vt 0.639633 0.005341
f 1322/1905/1322 313/1906/313 2358/1907/2358
vt 0.798855 0.985397
vt 0.798847 0.985367
vt 0.798874 0.985413
f 2359/1908/2359 2038/1909/2038 1286/1910/1286
vt 0.984375 0.562881
vt 0.984375 0.562866
f 2360/1911/2360 1601/1911/1601 1570/1912/1570
vt 0.631550 0.782288
vt 0.631550 0.782291
vt 0.631548 0.782288
f 664/1913/664 2361/1914/2361 1750/1915/1750
vt 0.246056 0.363434
vt 0.246071 0.363403
vt 0.246063 0.363434
f 266/1916/266 1401/1917/1401 2037/1918/2037
vt 0.631546 0.782280
vt 0.631544 0.782265
vt 0.631544 0.782257
f 1559/1919/1559 2361/1920/2361 1550/1921/1550
vt 0.999163 0.082235
vt 0.999157 0.082249
vt 0.999166 0.082186
f 2275/1922/2275 1260/1923/1260 1518/1924/1518
vt 0.164896 0.267484
vt 0.164894 0.267475
vt 0.164904 0.267457
f 2363/1925/2363 2364/1926/2364 2365/1927/2365
vt 0.684332 0.448618
vt 0.684337 0.448621
vt 0.684342 0.448630
f 2366/1928/2366 2328/1929/2328 2187/1930/2187
vt 0.237893 0.509437
vt 0.237847 0.509513
vt 0.237869 0.509476
f 2466/1931/2466 2367/1932/2367 1198/1933/1198
vt 0.790217 0.997763
vt 0.790145 0.997754
f 2136/1934/2136 1900/1935/1900 985/93/985
vt 0.790086 0.997745
vt 0.790013 0.997736
vt 0.790020 0.997736
f 986/1936/986 2368/1937/2368 2369/1938/2369
vt 0.000008 0.489815
vt 0.000011 0.489971
vt 0.000004 0.489902
f 2370/1939/2370 2371/1940/2371 2372/1941/2372
vt 0.842613 0.424026
vt 0.842606 0.424026
vt 0.842613 0.424011
f 1895/1942/1895 2373/1943/2373 2326/1944/2326
vt 0.132324 0.550323
vt 0.132385 0.550323
vt 0.132385 0.550354
f 1237/1945/1237 2375/1946/2375 2376/1947/2376
vt 0.874429 0.399227
vt 0.874409 0.399250
vt 0.874444 0.399207
f 2377/1948/2377 2378/1949/2378 2379/1950/2379
vt 0.187476 0.194863
vt 0.187476 0.194894
vt 0.187476 0.194879
f 988/1951/988 996/1952/996 2380/1953/2380
vt 0.706497 0.624374
vt 0.706486 0.624355
vt 0.706516 0.624386
f 2381/1954/2381 439/1955/439 1087/1956/1087
vt 0.482118 0.429058
vt 0.482117 0.429054
vt 0.482120 0.429058
f 2382/1957/2382 2383/1958/2383 2384/1959/2384
vt 0.150049 0.872681
vt 0.150014 0.872742
vt 0.150048 0.872681
f 1967/1960/1967 1244/1961/1244 1966/1962/1966
vt 0.004967 0.798721
vt 0.004921 0.798752
vt 0.004974 0.798706
f 2340/1963/2340 1438/1964/1438 2389/1965/2389
vt 0.010307 0.924374
vt 0.010277 0.924389
vt 0.010239 0.924400
f 1028/1966/1028 2390/1967/2390 1265/1968/1265
vt 0.631052 0.410095
vt 0.631054 0.410095
vt 0.631025 0.410156
f 1312/1969/1312 1307/1970/1307 3217/1971/3217
vt 0.797966 0.995544
vt 0.798050 0.995239
vt 0.798012 0.995422
f 100/1972/100 1787/1973/1787 2329/1974/2329
vt 0.542400 0.267813
vt 0.542393 0.267809
vt 0.542427 0.267796
f 2396/1975/2396 2397/1976/2397 2398/1977/2398
vt 0.006317 0.074371
vt 0.006302 0.074341
vt 0.006332 0.074371
f 2400/1978/2400 2401/1979/2401 2532/1980/2532
vt 0.531749 0.280692
vt 0.531747 0.280696
vt 0.531743 0.280702
f 1468/1981/1468 2237/1982/2237 1469/1983/1469
vt 0.187447 0.188469
vt 0.187447 0.188377
vt 0.187447 0.188316
f 1505/1984/1505 2404/1985/2404 2405/1986/2405
vt 0.165085 0.267128
vt 0.165089 0.267115
vt 0.165089 0.267130
f 2406/1987/2406 2364/1988/2364 2407/1989/2407
vt 0.165092 0.267132
vt 0.165096 0.267118
vt 0.165096 0.267134
f 2407/1990/2407 1417/1991/1417 2309/1992/2309
vt 0.556618 0.705084
vt 0.556618 0.705076
vt 0.556625 0.705074
f 2408/1993/2408 2409/1994/2409 2056/1995/2056
vt 0.374362 0.453549
vt 0.374370 0.453541
vt 0.374367 0.453545
f 2410/1996/2410 3025/1997/3025 2218/1998/2218
vt 0.655770 0.364161
vt 0.655770 0.364155
vt 0.655771 0.364112
f 2324/1999/2324 2377/2000/2377 2412/2001/2412
vt 0.655771 0.364063
vt 0.655771 0.364057
vt 0.655771 0.364014
f 2412/2002/2412 218/2003/218 2413/2004/2413
vt 0.801075 0.702850
vt 0.801060 0.702881
vt 0.801071 0.702850
f 2415/2005/2415 3071/2006/3071 2416/2007/2416
vt 0.984375 0.562714
vt 0.984375 0.562729
f 993/2008/993 1745/2009/1745 2417/2009/2417
vt 0.430038 0.080719
vt 0.430038 0.080704
vt 0.430054 0.080704
f 1595/2010/1595 2418/2011/2418 2419/2012/2419
vt 0.855957 0.298851
vt 0.855965 0.298847
vt 0.855965 0.298855
f 1391/2013/1391 2420/2014/2420 1807/2015/1807
vt 0.855972 0.298843
vt 0.855976 0.298838
vt 0.855976 0.298845
f 2420/2016/2420 2422/2017/2422 2423/2018/2423
vt 0.249073 0.428875
vt 0.249065 0.428875
vt 0.249069 0.428871
f 1039/2019/1039 2425/2020/2425 2426/2021/2426
vt 0.766739 0.253029
vt 0.766741 0.253040
vt 0.766741 0.253048
f 2378/2022/2378 2429/2023/2429 2430/2024/2430
vt 0.620818 0.053191
vt 0.620811 0.053192
vt 0.620811 0.053191
f 2431/2025/2431 1210/2026/1210 1626/2027/1626
vt 0.004791 0.236267
vt 0.004700 0.236328
vt 0.004730 0.236267
f 2432/2028/2432 2433/2029/2433 2325/2030/2325
vt 0.621519 0.681766
vt 0.621521 0.681766
vt 0.621523 0.681767
f 3300/2031/3300 2434/2032/2434 709/2033/709
vt 0.243069 0.765125
vt 0.243077 0.765121
vt 0.243070 0.765128
f 2436/2034/2436 2437/2035/2437 2438/2036/2438
vt 0.187442 0.187870
vt 0.187442 0.187809
vt 0.187442 0.187832
f 2439/2037/2439 902/2038/902 2440/2039/2440
vt 0.187442 0.187817
vt 0.187442 0.187786
vt 0.187442 0.187832
f 2440/2040/2440 2441/2041/2441 1700/2042/1700
vt 0.156587 0.266170
vt 0.156583 0.266161
vt 0.156582 0.266160
f 2442/2043/2442 2246/2044/2246 2443/2045/2443
vt 0.208488 0.917778
vt 0.208535 0.917764
vt 0.208489 0.917779
f 1784/2046/1784 2444/2047/2444 2106/2048/2106
vt 0.174885 0.757965
vt 0.174889 0.757961
vt 0.174892 0.757961
f 2445/2049/2445 2125/2050/2125 2446/2051/2446
vt 0.960938 0.000000
vt 0.960571 0.000000
vt 0.960632 0.000000
f 2/2052/2 869/2053/869 868/2054/868
vt 0.959961 0.000000
vt 0.960205 0.000000
vt 0.959839 0.000000
f 2057/2055/2057 2448/2056/2448 2551/2057/2551
vt 0.220354 0.012483
vt 0.220352 0.012489
f 1734/992/1734 532/2058/532 2449/2059/2449
vt 0.631312 0.781466
vt 0.631311 0.781466
vt 0.631311 0.781461
f 1926/2060/1926 1091/2061/1091 2450/2062/2450
vt 0.208176 0.175797
vt 0.208221 0.175781
vt 0.208206 0.175797
f 1826/2063/1826 2380/2064/2380 1859/2065/1859
vt 0.774414 0.445154
vt 0.774414 0.445147
vt 0.774414 0.445152
f 2071/2066/2071 2455/2067/2455 2025/2068/2025
vt 0.774414 0.445143
vt 0.774414 0.445135
vt 0.774414 0.445141
f 2295/2069/2295 999/2070/999 2455/2071/2455
vt 0.682838 0.827915
vt 0.682823 0.827930
vt 0.682831 0.827919
f 2456/2072/2456 2450/2073/2450 2457/2074/2457
f 998/103/998 2461/102/2461 2183/104/2183
vt 0.682434 0.449280
vt 0.682474 0.449261
vt 0.682432 0.449284
f 2188/2075/2188 1018/2076/1018 2462/2077/2462
vt 0.682533 0.449234
vt 0.682526 0.449234
vt 0.682549 0.449219
f 2463/2078/2463 2462/2079/2462 2263/2080/2263
vt 0.251629 0.174843
vt 0.251637 0.174858
f 1861/2081/1861 2068/2082/2068 1000/105/1000
vt 0.181363 0.591576
vt 0.181365 0.591568
vt 0.181364 0.591576
f 2464/2083/2464 2465/2084/2465 2466/2085/2466
vt 0.181365 0.591560
vt 0.181367 0.591553
vt 0.181366 0.591560
f 2467/2086/2467 2253/2087/2253 2459/2088/2459
vt 0.473586 0.997125
vt 0.473581 0.997131
f 2034/2089/2034 2036/2089/2036 2197/2090/2197
vt 0.663490 0.999176
vt 0.663506 0.999146
vt 0.663528 0.999115
f 2454/2091/2454 366/2092/366 2470/2093/2470
vt 0.015572 0.285339
vt 0.015572 0.285339
vt 0.015572 0.285332
f 2174/2094/2174 2471/2095/2471 2472/2096/2472
vt 0.324941 0.283594
vt 0.324940 0.283593
vt 0.324941 0.283594
f 2473/2097/2473 2406/2098/2406 2220/2099/2220
vt 0.989975 0.233246
vt 0.989990 0.233276
vt 0.989944 0.233307
f 1009/2100/1009 2474/2101/2474 2475/2102/2475
vt 0.989044 0.232758
vt 0.989048 0.232735
f 2476/2103/2476 2477/2104/2477 1008/111/1008
vt 0.187441 0.189489
vt 0.187441 0.189493
vt 0.187441 0.189485
f 2439/2105/2439 2405/2106/2405 2478/2107/2478
vt 0.639740 0.003540
vt 0.639767 0.003502
vt 0.639751 0.003532
f 2306/2108/2306 2479/2109/2479 1011/2110/1011
vt 0.374836 0.453241
vt 0.374832 0.453245
vt 0.374839 0.453238
f 2480/2111/2480 2481/2112/2481 2482/2113/2482
vt 0.374828 0.453249
vt 0.374826 0.453251
vt 0.374833 0.453244
f 2481/2114/2481 3041/2115/3041 2483/2116/2483
vt 0.001740 0.613495
vt 0.001678 0.613434
vt 0.001709 0.613403
f 1719/2117/1719 2484/2118/2484 2485/2119/2485
vt 0.556435 0.704744
vt 0.556458 0.704735
vt 0.556450 0.704741
f 1955/2120/1955 2486/2121/2486 292/2122/292
vt 0.633480 0.407501
vt 0.633507 0.407471
vt 0.633488 0.407501
f 3256/2123/3256 548/2124/548 1300/2125/1300
vt 0.219068 0.012997
vt 0.219066 0.012985
vt 0.219069 0.012996
f 2490/2126/2490 2491/2127/2491 1633/2128/1633
vt 0.181587 0.592972
vt 0.181591 0.592957
vt 0.181599 0.592941
f 2492/2129/2492 3359/2130/3359 2464/2131/2464
vt 0.181595 0.592941
vt 0.181599 0.592926
vt 0.181606 0.592911
f 186/2132/186 2972/2133/2972 2493/2134/2493
vt 0.655763 0.364635
vt 0.655763 0.364623
vt 0.655764 0.364611
f 2413/2135/2413 1908/2136/1908 2494/2137/2494
vt 0.620902 0.053145
vt 0.620905 0.053145
vt 0.620897 0.053148
f 693/2138/693 2496/2139/2496 2431/2140/2431
vt 0.766756 0.253170
vt 0.766760 0.253178
vt 0.766758 0.253181
f 2497/2141/2497 1630/2142/1630 2498/2143/2498
vt 0.620787 0.053183
vt 0.620774 0.053185
f 1632/2144/1632 2496/2145/2496 1012/114/1012
vt 0.620768 0.053186
vt 0.620761 0.053187
f 1013/115/1013 693/2146/693 2499/2147/2499
vt 0.874370 0.399293
vt 0.874383 0.399277
vt 0.874382 0.399280
f 2501/2148/2501 2502/2149/2502 1822/2150/1822
vt 0.874379 0.399282
vt 0.874392 0.399265
vt 0.874388 0.399270
f 2379/2151/2379 2503/2152/2503 2504/2153/2504
vt 0.164385 0.268418
vt 0.164383 0.268425
vt 0.164373 0.268443
f 1657/2154/1657 2362/2155/2362 1021/2156/1021
vt 0.218901 0.014758
vt 0.218901 0.014750
vt 0.218903 0.014732
f 1015/2157/1015 2505/2158/2505 2491/2159/2491
vt 0.958801 0.009064
vt 0.958740 0.009155
vt 0.958775 0.009089
f 868/2160/868 5/2161/5 2506/2162/2506
vt 0.429947 0.699547
vt 0.429943 0.699556
vt 0.429941 0.699546
f 507/2163/507 2507/2164/2507 1951/2165/1951
vt 0.655767 0.370695
vt 0.655766 0.370686
vt 0.655767 0.370634
f 2230/2166/2230 2510/2167/2510 2511/2168/2511
vt 0.629982 0.412498
vt 0.629993 0.412468
vt 0.629986 0.412491
f 2411/2169/2411 2319/2170/2319 2511/2171/2511
vt 0.773549 0.448475
vt 0.773549 0.448477
f 2047/2172/2047 1017/119/1017 2108/2173/2108
vt 0.773551 0.448467
vt 0.773552 0.448465
f 1994/2174/1994 2514/2175/2514 1016/117/1016
vt 0.436693 0.078329
vt 0.436703 0.078327
vt 0.436724 0.078329
f 2518/2176/2518 3420/2177/3420 2519/2178/2519
vt 0.774765 0.444187
vt 0.774765 0.444183
vt 0.774780 0.444157
f 2024/2179/2024 2463/2180/2463 2520/2181/2520
vt 0.047163 0.375929
vt 0.047161 0.375896
vt 0.047167 0.375933
f 1225/2182/1225 2175/2183/2175 1707/2184/1707
vt 0.998421 0.997066
vt 0.998413 0.997070
vt 0.998299 0.997066
f 2521/2185/2521 2522/2186/2522 2516/2187/2516
vt 0.804573 0.984489
vt 0.804565 0.984467
vt 0.804573 0.984459
f 1231/2188/1231 2523/2189/2523 2521/2190/2521
vt 0.676975 0.450851
vt 0.676979 0.450851
vt 0.676960 0.450867
f 2266/2191/2266 1018/2192/1018 659/2193/659
vt 0.187447 0.188286
vt 0.187447 0.188133
f 2404/1985/2404 2122/2194/2122 2524/2195/2524
vt 0.984375 0.562809
vt 0.984375 0.562824
vt 0.984375 0.562820
f 2525/2196/2525 2526/2197/2526 2527/2198/2527
vt 0.995689 0.229919
vt 0.995651 0.229980
f 1023/2199/1023 2528/2200/2528 2529/120/2529
vt 0.327621 0.735214
vt 0.327591 0.735229
vt 0.327606 0.735214
f 2006/2201/2006 1046/2202/1046 2530/2203/2530
vt 0.682332 0.449331
vt 0.682370 0.449316
vt 0.682350 0.449326
f 2189/2204/2189 2184/2205/2184 637/2206/637
vt 0.128819 0.551449
vt 0.128742 0.551464
vt 0.128784 0.551453
f 2534/2207/2534 2881/2208/2881 2045/2209/2045
vt 0.310104 0.689995
vt 0.310089 0.690002
vt 0.310104 0.689980
f 2685/2210/2685 2535/2211/2535 2536/2212/2536
vt 0.542988 0.267500
vt 0.542992 0.267498
vt 0.542995 0.267504
f 236/2213/236 3257/2214/3257 2537/2215/2537
vt 0.174829 0.761103
vt 0.174824 0.761127
vt 0.174826 0.761099
f 2538/2216/2538 2539/2217/2539 2540/2218/2540
vt 0.623899 0.679136
vt 0.623922 0.679129
vt 0.623924 0.679131
f 2541/2219/2541 1747/2220/1747 2542/2221/2542
vt 0.768018 0.259234
vt 0.768029 0.259188
vt 0.768031 0.259183
f 2543/2222/2543 1819/2223/1819 1695/2224/1695
vt 0.958496 0.000000
vt 0.958496 0.000000
vt 0.958008 0.000000
f 3193/2225/3193 2544/2226/2544 2448/2227/2448
vt 0.003448 0.621002
vt 0.003464 0.621048
vt 0.003433 0.621017
f 2484/2228/2484 2545/2229/2545 1722/2230/1722
vt 0.631310 0.781484
vt 0.631311 0.781485
vt 0.631311 0.781487
f 2456/2231/2456 2546/2232/2546 2547/2233/2547
vt 0.878937 0.791161
vt 0.878937 0.791222
vt 0.878906 0.791199
f 2548/2234/2548 1004/2235/1004 2352/2236/2352
vt 0.994514 0.729782
vt 0.994522 0.729767
vt 0.994576 0.729691
f 2549/2237/2549 855/2238/855 2550/2239/2550
vt 0.250495 0.684422
vt 0.250498 0.684532
vt 0.250497 0.684536
f 3248/2240/3248 602/2241/602 1094/2242/1094
vt 0.752441 0.576151
vt 0.752439 0.576153
vt 0.752454 0.576132
f 1579/2243/1579 1157/2244/1157 1027/2245/1027
vt 0.542994 0.267488
vt 0.542995 0.267485
vt 0.542997 0.267489
f 2398/2246/2398 2537/2247/2537 2552/2248/2552
vt 0.993256 0.999969
vt 0.993286 0.999985
vt 0.993256 0.999973
f 2553/2249/2553 200/2250/200 2554/2251/2554
vt 0.184596 0.588757
vt 0.184595 0.588758
vt 0.184597 0.588751
f 2555/2252/2555 2492/2253/2492 1197/2254/1197
vt 0.768438 0.256939
vt 0.768436 0.256950
vt 0.768435 0.256947
f 2261/2255/2261 1695/2256/1695 2557/2257/2557
vt 0.370127 0.398108
vt 0.370113 0.398106
vt 0.370129 0.398106
f 2561/2258/2561 775/2259/775 1796/2260/1796
vt 0.802813 0.700600
vt 0.802794 0.700645
vt 0.802807 0.700607
f 2562/2261/2562 1763/2262/1763 2563/2263/2563
vt 0.802708 0.700851
vt 0.802702 0.700859
vt 0.802717 0.700829
f 449/2264/449 2564/2265/2564 2563/2266/2563
vt 0.801098 0.702835
vt 0.801090 0.702850
vt 0.801094 0.702835
f 2564/2267/2564 1482/2268/1482 2415/2269/2415
vt 0.766808 0.252464
vt 0.766815 0.252457
vt 0.766823 0.252464
f 2565/2270/2565 2566/2271/2566 1535/2272/1535
vt 0.768435 0.256870
vt 0.768435 0.256886
vt 0.768433 0.256882
f 2567/2273/2567 2557/2274/2557 779/2275/779
vt 0.768272 0.259811
vt 0.768280 0.259796
vt 0.768282 0.259800
f 556/2276/556 2543/2277/2543 2569/2278/2569
vt 0.101768 0.998196
vt 0.101761 0.998192
vt 0.101784 0.998188
f 2570/2279/2570 1659/2280/1659 3319/2281/3319
vt 0.532745 0.273282
vt 0.532746 0.273274
vt 0.532745 0.273283
f 2571/2282/2571 708/2283/708 3036/2284/3036
vt 0.184466 0.587543
vt 0.184460 0.587524
vt 0.184464 0.587536
f 2572/2285/2572 2367/2286/2367 2573/2287/2573
vt 0.623964 0.679415
vt 0.623991 0.679411
vt 0.623966 0.679417
f 2562/2288/2562 3219/2289/3219 916/2290/916
vt 0.532416 0.275201
vt 0.532409 0.275239
vt 0.532408 0.275239
f 2692/2291/2692 2575/2292/2575 2576/2293/2576
vt 0.532417 0.275200
vt 0.532410 0.275238
vt 0.532409 0.275239
f 2577/2294/2577 1841/2295/1841 2575/2296/2575
vt 0.244528 0.758321
vt 0.244531 0.758314
vt 0.244529 0.758319
f 116/2297/116 2438/2298/2438 2016/2299/2016
vt 0.522993 0.815685
vt 0.522998 0.815687
vt 0.522992 0.815691
f 2579/2300/2579 2580/2301/2580 3222/2302/3222
vt 0.523005 0.815678
vt 0.523014 0.815681
vt 0.523008 0.815685
f 1832/2303/1832 1988/2304/1988 3386/2305/3386
vt 0.000092 0.122498
vt 0.000061 0.122559
vt 0.000092 0.122375
f 2158/2306/2158 1032/2307/1032 2582/2308/2582
vt 0.000031 0.122620
vt 0.000000 0.122803
vt 0.000000 0.122681
f 1032/2309/1032 704/2310/704 2583/2311/2583
vt 0.768464 0.256533
vt 0.768473 0.256519
vt 0.768474 0.256521
f 2585/2312/2585 1098/2313/1098 2586/2314/2586
vt 0.433344 0.081123
vt 0.433346 0.081161
vt 0.433344 0.081184
f 2588/2315/2588 2589/2316/2589 2590/2317/2590
vt 0.433348 0.081078
vt 0.433349 0.081097
vt 0.433347 0.081120
f 2591/2318/2591 2592/2319/2592 2589/2320/2589
vt 0.620129 0.052706
vt 0.620128 0.052706
f 2588/2321/2588 79/2322/79 569/127/569
vt 0.735710 0.467783
vt 0.735744 0.467771
vt 0.735706 0.467788
f 2190/2323/2190 2968/2324/2968 2593/2325/2593
vt 0.842329 0.436075
vt 0.842323 0.436068
vt 0.842337 0.436085
f 2593/2326/2593 3413/2327/3413 2594/2328/2594
vt 0.177119 0.757502
vt 0.177114 0.757505
f 2587/2329/2587 1037/131/1037 2154/2330/2154
vt 0.804596 0.984398
vt 0.804611 0.984398
vt 0.804611 0.984406
f 1232/2331/1232 2578/2332/2578 362/2333/362
vt 0.996788 0.917816
vt 0.996719 0.917877
vt 0.996681 0.917908
f 3283/2334/3283 2595/2335/2595 362/2336/362
vt 0.996813 0.917786
vt 0.996737 0.917847
vt 0.996811 0.917786
f 2596/2337/2596 3283/2338/3283 1010/2339/1010
vt 0.249083 0.428888
vt 0.249081 0.428890
vt 0.249079 0.428885
f 2599/2340/2599 2600/2341/2600 2601/2342/2601
vt 0.249075 0.428881
vt 0.249073 0.428883
vt 0.249071 0.428877
f 955/2343/955 2601/2344/2601 2602/2345/2602
vt 0.994475 0.545455
vt 0.994452 0.545463
vt 0.994444 0.545465
f 2603/2346/2603 2604/2347/2604 1801/2348/1801
vt 0.994491 0.545451
vt 0.994468 0.545458
vt 0.994460 0.545461
f 2638/2349/2638 69/2350/69 2604/2351/2604
vt 0.707172 0.624554
vt 0.707169 0.624557
f 2605/2352/2605 427/2353/427 2606/132/2606
vt 0.876411 0.377136
vt 0.876415 0.377151
vt 0.876408 0.377151
f 3204/2354/3204 2613/2355/2613 2608/2356/2608
vt 0.532751 0.273256
vt 0.532754 0.273245
vt 0.532752 0.273256
f 2609/2357/2609 796/2358/796 615/2359/615
vt 0.872997 0.401756
vt 0.873007 0.401745
vt 0.873011 0.401752
f 1692/2360/1692 2612/2361/2612 1313/2362/1313
vt 0.872990 0.401741
vt 0.872999 0.401730
vt 0.873003 0.401737
f 1824/2363/1824 2608/2364/2608 2612/2365/2612
vt 0.640549 0.000947
vt 0.640541 0.000994
vt 0.640541 0.000994
f 164/2366/164 2615/2367/2615 1234/2368/1234
vt 0.995358 0.545104
vt 0.995342 0.545109
vt 0.995339 0.545108
f 2603/2369/2603 2094/2370/2094 2616/2371/2616
vt 0.249672 0.429611
vt 0.249680 0.429611
f 1412/570/1412 2425/2372/2425 2172/2373/2172
vt 0.534801 0.277573
vt 0.534801 0.277576
vt 0.534798 0.277576
f 1702/2374/1702 2384/2375/2384 2617/2376/2617
vt 0.456825 0.253319
vt 0.456818 0.253326
vt 0.456795 0.253288
f 2618/2377/2618 2619/2378/2619 2620/2379/2620
vt 0.456017 0.251015
vt 0.455940 0.250969
vt 0.455948 0.250961
f 2620/2380/2620 2621/2381/2621 2622/2382/2622
vt 0.455902 0.250946
vt 0.455971 0.250999
f 2623/2383/2623 2621/2381/2621 1455/2384/1455
vt 0.011757 0.486031
vt 0.011726 0.486015
vt 0.011780 0.486038
f 2625/2385/2625 2626/2386/2626 1720/2387/1720
vt 0.011742 0.486015
vt 0.011734 0.486008
vt 0.011787 0.486031
f 2627/2388/2627 2924/2389/2924 2918/2390/2918
vt 0.535030 0.277311
vt 0.535029 0.277312
vt 0.535023 0.277316
f 2628/2391/2628 2249/2392/2249 1596/2393/1596
vt 0.859123 0.993309
vt 0.859123 0.993279
vt 0.859131 0.993256
f 2629/2394/2629 2595/2395/2595 2164/2396/2164
vt 0.245079 0.364830
vt 0.245094 0.364815
f 2599/2397/2599 1041/137/1041 732/2398/732
vt 0.245102 0.364761
vt 0.245110 0.364769
f 1040/136/1040 2630/2399/2630 2631/2400/2631
vt 0.640541 0.000992
vt 0.640545 0.000970
vt 0.640537 0.001016
f 164/2401/164 2635/2402/2635 2615/2403/2615
vt 0.842804 0.436455
vt 0.842819 0.436478
f 2192/2404/2192 1097/179/1097 2636/2405/2636
vt 0.534670 0.276621
vt 0.534670 0.276625
vt 0.534668 0.276615
f 2576/2406/2576 2637/2407/2637 2644/2408/2644
vt 0.323582 0.282682
vt 0.323576 0.282682
vt 0.323572 0.282680
f 2622/2409/2622 2611/2410/2611 2051/2411/2051
vt 0.843324 0.437025
vt 0.843332 0.437038
vt 0.843328 0.437033
f 1096/2412/1096 2638/2413/2638 2639/2414/2639
vt 0.619858 0.680847
vt 0.619873 0.680824
vt 0.619858 0.680855
f 2640/2415/2640 2408/2416/2408 2641/2417/2641
vt 0.482579 0.429149
vt 0.482579 0.429149
vt 0.482581 0.429148
f 2642/2418/2642 2797/2419/2797 2643/2420/2643
vt 0.995286 0.545131
vt 0.995293 0.545128
vt 0.995309 0.545123
f 2616/2421/2616 2624/2422/2624 2639/2423/2639
vt 0.000031 0.124146
vt 0.000000 0.124146
f 704/2424/704 1044/140/1044 2645/2425/2645
vt 0.473778 0.997197
vt 0.473743 0.997227
vt 0.473720 0.997247
f 2646/2426/2646 1834/2427/1834 2127/2428/2127
vt 0.984375 0.569357
vt 0.984375 0.569359
vt 0.984375 0.569345
f 2647/2429/2647 2648/2430/2648 1496/2431/1496
vt 0.984375 0.569384
vt 0.984375 0.569386
vt 0.984375 0.569372
f 873/2432/873 2649/2433/2649 2648/2434/2648
vt 0.997066 0.542122
vt 0.997070 0.542175
vt 0.997066 0.542183
f 3240/2435/3240 3223/2436/3223 2636/2437/2636
vt 0.996975 0.084217
vt 0.996967 0.084194
vt 0.996971 0.084175
f 2167/2438/2167 2650/2439/2650 2651/2440/2651
vt 0.472459 0.998425
vt 0.472432 0.998445
vt 0.472420 0.998451
f 2652/2441/2652 2126/2442/2126 2653/2443/2653
vt 0.051205 0.382748
vt 0.051186 0.382790
vt 0.051182 0.382786
f 1327/2444/1327 2656/2445/2656 554/2446/554
vt 0.993683 0.546722
vt 0.993668 0.546707
vt 0.993729 0.546707
f 875/2447/875 2647/2448/2647 1497/2449/1497
vt 0.015488 0.282502
vt 0.015488 0.282498
vt 0.015488 0.282497
f 2658/2450/2658 2659/2451/2659 2173/2452/2173
vt 0.015488 0.282510
vt 0.015488 0.282508
vt 0.015488 0.282518
f 2659/2453/2659 2111/2454/2111 2660/2455/2660
vt 0.015489 0.282552
vt 0.015489 0.282554
vt 0.015489 0.282559
f 2660/2456/2660 493/2457/493 2661/2458/2661
vt 0.876331 0.377335
vt 0.876312 0.377380
vt 0.876301 0.377396
f 2662/2459/2662 1823/2460/1823 2663/2461/2663
vt 0.620115 0.052710
vt 0.620116 0.052710
vt 0.620118 0.052710
f 2664/2462/2664 2657/2463/2657 2590/2464/2590
vt 0.005859 0.235840
vt 0.005859 0.235779
vt 0.005981 0.235718
f 713/2465/713 1043/2466/1043 2665/2467/2665
vt 0.249519 0.429672
vt 0.249531 0.429665
vt 0.249523 0.429680
f 2385/2468/2385 2666/2469/2666 2667/2470/2667
vt 0.369725 0.397979
vt 0.369715 0.397978
vt 0.369720 0.397977
f 1571/2471/1571 1471/2472/1471 2669/2473/2669
vt 0.013316 0.921897
vt 0.013175 0.921896
vt 0.013271 0.921896
f 1056/2474/1056 2670/2475/2670 2671/2476/2671
vt 0.013034 0.921894
vt 0.012893 0.921892
vt 0.012989 0.921892
f 2670/2477/2670 863/2478/863 1932/2479/1932
vt 0.875849 0.378883
vt 0.875834 0.378887
vt 0.875833 0.378880
f 1973/2480/1973 2673/2481/2673 1971/2482/1971
vt 0.431156 0.695062
vt 0.431137 0.695078
vt 0.431141 0.695072
f 2343/2483/2343 2331/2484/2331 2674/2485/2674
vt 0.323423 0.281556
vt 0.323421 0.281555
vt 0.323420 0.281554
f 2678/2486/2678 2679/2487/2679 2677/2488/2677
vt 0.516004 0.815343
vt 0.515999 0.815361
vt 0.515998 0.815362
f 2681/2489/2681 2680/2490/2680 2682/2491/2682
vt 0.431084 0.695073
vt 0.431023 0.695127
f 3306/2492/3306 2674/2493/2674 1045/141/1045
vt 0.005859 0.923561
vt 0.005857 0.923562
vt 0.005857 0.923554
f 2686/2494/2686 2687/2495/2687 2688/2496/2688
vt 0.009964 0.921989
vt 0.009933 0.921989
vt 0.009888 0.921982
f 2072/2497/2072 3321/2498/3321 1047/2499/1047
vt 0.006056 0.922530
vt 0.006069 0.922529
vt 0.006060 0.922532
f 3343/2500/3343 2074/2501/2074 1932/2502/1932
vt 0.011864 0.923626
vt 0.011826 0.923637
vt 0.011848 0.923618
f 1057/2503/1057 1433/2504/1433 2687/2505/2687
vt 0.515996 0.815367
vt 0.516002 0.815348
vt 0.515997 0.815365
f 2681/2506/2681 1651/2507/1651 110/2508/110
vt 0.532412 0.275213
vt 0.532407 0.275241
vt 0.532405 0.275250
f 2571/2509/2571 2399/2510/2399 2689/2511/2689
vt 0.532398 0.275288
vt 0.532393 0.275315
vt 0.532392 0.275325
f 2689/2512/2689 1135/2513/1135 2577/2514/2577
vt 0.001968 0.613541
vt 0.001953 0.613403
vt 0.001968 0.613419
f 2625/2515/2625 2690/2516/2690 2691/2517/2691
vt 0.998795 0.732941
vt 0.998787 0.732956
vt 0.998772 0.732925
f 3330/2518/3330 2549/2519/2549 2693/2520/2693
vt 0.008583 0.485634
vt 0.008614 0.485603
f 1946/2521/1946 1386/2522/1386 1050/145/1050
vt 0.532960 0.278758
vt 0.532942 0.278803
vt 0.532937 0.278811
f 2695/2523/2695 2696/2524/2696 2692/2525/2692
vt 0.532924 0.278848
vt 0.532906 0.278893
vt 0.532901 0.278901
f 2696/2526/2696 2085/2527/2085 2697/2528/2697
vt 0.387630 0.122315
vt 0.387636 0.122319
vt 0.387642 0.122324
f 3180/2529/3180 2241/2530/2241 3360/2531/3360
vt 0.046883 0.131237
vt 0.046881 0.131227
vt 0.046881 0.131196
f 2698/2532/2698 2123/2533/2123 457/2534/457
vt 0.010071 0.203003
vt 0.010040 0.203125
vt 0.010040 0.203064
f 2699/2535/2699 457/2536/457 3357/2537/3357
vt 0.323494 0.281868
vt 0.323521 0.281879
vt 0.323528 0.281887
f 2239/2538/2239 2704/2539/2704 1383/2540/1383
vt 0.323549 0.281893
vt 0.323519 0.281878
vt 0.323517 0.281876
f 2618/2541/2618 2705/2542/2705 3203/2543/3203
vt 0.296875 0.992310
vt 0.296879 0.992424
vt 0.296879 0.992546
f 2707/2544/2707 2706/2545/2706 53/2546/53
vt 0.235139 0.514202
vt 0.235134 0.514210
vt 0.235133 0.514212
f 2066/2547/2066 2708/2548/2708 2709/2549/2709
vt 0.387735 0.122374
vt 0.387737 0.122379
vt 0.387709 0.122355
f 2710/2550/2710 3180/2551/3180 2711/2552/2711
vt 0.235423 0.512900
vt 0.235405 0.512932
vt 0.235412 0.512919
f 2774/2553/2774 1777/2554/1777 3277/2555/3277
vt 0.003619 0.621179
vt 0.003623 0.621190
vt 0.003613 0.621189
f 1726/2556/1726 2545/2557/2545 2712/2558/2712
vt 0.049049 0.130161
vt 0.049034 0.130154
vt 0.049042 0.130142
f 181/2559/181 1461/2560/1461 2713/2561/2713
vt 0.405663 0.624123
vt 0.405649 0.624113
vt 0.405634 0.624098
f 1925/2562/1925 2715/2563/2715 2716/2564/2716
vt 0.525906 0.813793
vt 0.525909 0.813782
vt 0.525921 0.813778
f 1560/2565/1560 2294/2566/2294 2753/2567/2753
vt 0.181110 0.592880
vt 0.181112 0.592876
vt 0.181108 0.592892
f 2717/2568/2717 1663/2569/1663 2253/2570/2253
vt 0.462658 0.678328
vt 0.462643 0.678347
vt 0.462646 0.678341
f 1963/2571/1963 1984/2572/1984 1965/2573/1965
vt 0.534678 0.275965
vt 0.534678 0.275962
vt 0.534678 0.275966
f 2084/2574/2084 2719/2575/2719 2720/2576/2720
vt 0.001587 0.424271
vt 0.001572 0.424301
vt 0.001572 0.424286
f 2721/2577/2721 2722/2578/2722 744/2579/744
vt 0.735699 0.467797
vt 0.735695 0.467802
vt 0.735661 0.467814
f 2238/2580/2238 2594/2581/2594 2723/2582/2723
vt 0.769943 0.000107
vt 0.769791 0.000076
vt 0.769989 0.000092
f 545/2583/545 1779/2584/1779 2724/2585/2724
vt 0.172203 0.994057
vt 0.172176 0.994129
vt 0.172192 0.994083
f 1725/2586/1725 2729/2587/2729 2730/2588/2730
vt 0.482141 0.429030
vt 0.482140 0.429029
vt 0.482141 0.429028
f 2731/2589/2731 2732/2590/2732 2733/2591/2733
vt 0.769333 0.000107
vt 0.769379 0.000092
vt 0.769547 0.000076
f 1320/2592/1320 1891/2593/1891 1778/2594/1778
vt 0.836575 0.429173
vt 0.836632 0.429146
f 2726/2595/2726 2300/2596/2300 1280/391/1280
vt 0.247738 0.428677
vt 0.247726 0.428680
f 1295/416/1295 2631/2597/2631 1810/2598/1810
vt 0.181389 0.591461
vt 0.181387 0.591461
vt 0.181398 0.591431
f 2568/2599/2568 2459/2600/2459 2734/2601/2734
vt 0.773453 0.448807
vt 0.773453 0.448776
vt 0.773468 0.448730
f 1973/2602/1973 1866/2603/1866 1987/2604/1987
vt 0.997208 0.084793
vt 0.997200 0.084831
vt 0.997200 0.084801
f 2736/2605/2736 3324/2606/3324 2737/2607/2737
vt 0.984375 0.564461
vt 0.984375 0.564453
vt 0.984375 0.564430
f 2738/2608/2738 1543/2609/1543 3412/2610/3412
vt 0.245789 0.364594
vt 0.245781 0.364601
vt 0.245750 0.364601
f 1581/2611/1581 2727/2612/2727 2600/2613/2600
vt 0.245735 0.363708
vt 0.245758 0.363678
vt 0.245766 0.363678
f 1582/2614/1582 732/2615/732 1294/2616/1294
vt 0.049435 0.382488
vt 0.049433 0.382502
vt 0.049433 0.382486
f 2740/2617/2740 2442/2618/2442 1816/2619/1816
vt 0.768493 0.256716
vt 0.768492 0.256725
vt 0.768491 0.256727
f 2742/2620/2742 2303/2621/2303 1693/2622/1693
vt 0.245432 0.755417
vt 0.245434 0.755421
vt 0.245430 0.755415
f 2445/2623/2445 3266/2624/3266 3235/2625/3235
vt 0.172134 0.994324
vt 0.172132 0.994333
vt 0.172129 0.994337
f 2729/2626/2729 984/2627/984 2911/2628/2911
vt 0.527483 0.627935
vt 0.527496 0.627945
vt 0.527491 0.627943
f 1603/2629/1603 2744/2630/2744 3144/2631/3144
vt 0.523396 0.815147
vt 0.523403 0.815151
f 1848/2632/1848 1851/2633/1851 1852/1140/1852
vt 0.433369 0.693868
vt 0.433460 0.693780
f 2745/2634/2745 1854/1143/1854 73/2635/73
vt 0.840895 0.434586
vt 0.840950 0.434631
vt 0.840963 0.434647
f 2746/2636/2746 2514/2637/2514 2723/2638/2723
vt 0.999996 0.851284
vt 1.000000 0.851318
vt 1.000000 0.851440
f 825/2639/825 584/2640/584 2748/2641/2748
vt 0.008034 0.486183
vt 0.008057 0.486145
vt 0.008064 0.486153
f 2627/2642/2627 2626/2643/2626 1049/2644/1049
vt 0.000004 0.300514
vt 0.000000 0.300415
vt 0.000002 0.300404
f 272/2645/272 598/2646/598 3181/2647/3181
vt 0.181347 0.593235
vt 0.181348 0.593235
vt 0.181344 0.593239
f 2750/2648/2750 2014/2649/2014 2751/2650/2751
vt 0.532130 0.280300
vt 0.532149 0.280265
vt 0.532139 0.280285
f 2754/2651/2754 2701/2652/2701 1641/2653/1641
vt 0.525774 0.813692
vt 0.525784 0.813686
vt 0.525778 0.813696
f 2753/2654/2753 479/2655/479 2755/2656/2755
vt 0.543364 0.266948
vt 0.543365 0.266947
vt 0.543364 0.266949
f 2341/2657/2341 2756/2658/2756 3368/2659/3368
vt 0.324686 0.283624
vt 0.324687 0.283628
vt 0.324688 0.283630
f 2143/2660/2143 2078/2661/2078 2365/2662/2365
vt 0.737213 0.466496
vt 0.737244 0.466473
vt 0.737274 0.466454
f 2757/2663/2757 2461/2664/2461 2746/2665/2746
vt 0.532798 0.273128
vt 0.532801 0.273111
vt 0.532799 0.273123
f 3192/2666/3192 964/2667/964 2399/2668/2399
vt 0.220345 0.012436
vt 0.220337 0.012440
vt 0.220345 0.012432
f 2758/2669/2758 2490/2670/2490 2759/2671/2759
vt 0.227547 0.999992
vt 0.227613 0.999987
vt 0.227543 0.999996
f 652/2672/652 2760/2673/2760 2761/2674/2761
vt 0.228502 0.999998
vt 0.228516 1.000000
vt 0.228027 1.000000
f 596/2675/596 760/2676/760 2760/2677/2760
vt 0.684342 0.448638
vt 0.684341 0.448639
vt 0.684335 0.448630
f 637/2678/637 2762/2679/2762 2741/2680/2741
vt 0.984375 0.563721
vt 0.984375 0.563713
vt 0.984375 0.563698
f 1478/2681/1478 2527/2682/2527 1484/2683/1484
vt 0.046906 0.379395
vt 0.046902 0.379452
vt 0.046902 0.379421
f 2763/2684/2763 2764/2685/2764 1387/2686/1387
vt 0.482183 0.429169
vt 0.482180 0.429165
vt 0.482181 0.429165
f 2765/2687/2765 990/2688/990 2382/2689/2382
vt 0.220365 0.012469
vt 0.220351 0.012485
f 2758/2690/2758 1346/2058/1346 2449/2691/2449
vt 0.181359 0.591587
vt 0.181354 0.591606
vt 0.181356 0.591595
f 2467/2692/2467 2465/2693/2465 2493/2694/2493
vt 0.235139 0.514206
vt 0.235139 0.514206
vt 0.235138 0.514207
f 733/2695/733 2768/2696/2768 2767/2697/2767
vt 0.985474 0.999512
vt 0.985352 0.999512
vt 0.985840 0.999268
f 2596/2698/2596 690/2699/690 2769/2700/2769
vt 0.985912 0.234207
vt 0.985924 0.234192
vt 0.985874 0.234268
f 1688/2701/1688 2770/2702/2770 2771/2703/2771
vt 0.994530 0.729752
vt 0.994583 0.729675
f 1003/2704/1003 1403/2705/1403 2550/2239/2550
vt 0.237758 0.509661
vt 0.237735 0.509700
vt 0.237758 0.509662
f 2572/2706/2572 2772/2707/2772 2156/2708/2156
vt 0.244531 0.758316
vt 0.244533 0.758309
vt 0.244532 0.758312
f 2016/2709/2016 682/2710/682 3248/2711/3248
vt 0.532744 0.273292
vt 0.532744 0.273286
vt 0.532745 0.273283
f 3192/2712/3192 2777/2713/2777 1464/2714/1464
vt 0.367310 0.458864
vt 0.367325 0.458862
vt 0.367325 0.458864
f 2778/2715/2778 2779/2716/2779 2063/2717/2063
vt 0.000999 0.246456
vt 0.001022 0.246452
vt 0.001015 0.246494
f 2781/2718/2781 2782/2719/2782 2700/2720/2700
vt 0.534798 0.277565
vt 0.534797 0.277566
vt 0.534796 0.277565
f 1704/2721/1704 1703/2722/1703 3345/2723/3345
vt 0.120392 0.635438
vt 0.120331 0.635453
vt 0.120422 0.635430
f 1716/2724/1716 3266/2725/3266 1717/2726/1717
vt 0.235217 0.513149
vt 0.235216 0.513153
vt 0.235218 0.513144
f 1606/2727/1606 1804/2728/1804 73/2729/73
vt 0.247541 0.428682
vt 0.247538 0.428686
vt 0.247532 0.428677
f 2375/2730/2375 2784/2731/2784 2785/2732/2785
vt 0.001572 0.424255
vt 0.001541 0.424347
vt 0.001556 0.424286
f 1920/2733/1920 2763/2734/2763 2790/2735/2790
vt 0.369717 0.397976
vt 0.369714 0.397975
vt 0.369721 0.397975
f 2669/2736/2669 2791/2737/2791 2779/2738/2779
vt 0.106171 0.999741
vt 0.106232 0.999710
vt 0.106262 0.999725
f 1127/2739/1127 1658/2740/1658 1976/2741/1976
vt 0.007996 0.113945
vt 0.007874 0.114037
vt 0.007935 0.113983
f 2792/2742/2792 2793/2743/2793 918/2744/918
vt 0.515644 0.813164
vt 0.515644 0.813194
vt 0.515640 0.813171
f 1952/2745/1952 2794/2746/2794 2251/2747/2251
vt 0.645771 0.656235
vt 0.645775 0.656235
vt 0.645763 0.656250
f 2607/2748/2607 2795/2749/2795 2796/2750/2796
vt 0.645821 0.656227
vt 0.645821 0.656235
vt 0.645813 0.656242
f 2795/2751/2795 318/2752/318 1155/2753/1155
vt 0.534792 0.277571
vt 0.534795 0.277570
vt 0.534793 0.277572
f 1670/2754/1670 2797/2755/2797 2798/2756/2798
vt 0.007009 0.925326
vt 0.007047 0.925314
vt 0.007057 0.925312
f 3157/2757/3157 2799/2758/2799 921/2759/921
vt 0.335541 0.935677
vt 0.335571 0.935699
vt 0.335526 0.935680
f 446/2760/446 445/2761/445 2800/2762/2800
vt 0.203392 0.050552
vt 0.203400 0.050537
vt 0.203392 0.050613
f 2801/2763/2801 2121/2764/2121 2356/2765/2356
vt 0.984375 0.564278
vt 0.984375 0.564270
vt 0.984375 0.564247
f 1540/2766/1540 2738/2767/2738 2802/2768/2802
vt 0.991287 0.857422
vt 0.991203 0.857414
vt 0.991219 0.857414
f 982/2769/982 2803/2770/2803 2100/2771/2100
vt 0.528023 0.627913
vt 0.528020 0.627913
vt 0.528018 0.627913
f 2804/2772/2804 2427/2773/2427 2805/2774/2805
vt 0.233185 0.998871
vt 0.233337 0.998962
vt 0.233246 0.998932
f 2806/2775/2806 1878/2776/1878 2706/2777/2706
vt 0.216949 0.172729
vt 0.216919 0.172760
vt 0.216888 0.172760
f 2269/2778/2269 3238/2779/3238 2807/2780/2807
vt 0.768773 0.255503
vt 0.768778 0.255482
vt 0.768779 0.255484
f 2808/2781/2808 2809/2782/2809 2810/2783/2810
vt 0.985813 0.234222
vt 0.985821 0.234222
vt 0.985802 0.234253
f 2811/2784/2811 2812/2785/2812 1687/2786/1687
vt 0.000919 0.298714
vt 0.000912 0.298698
vt 0.000893 0.298660
f 2813/2787/2813 1223/2788/1223 2814/2789/2814
vt 0.125069 0.554125
vt 0.125168 0.554028
f 298/2790/298 1124/2791/1124 1714/961/1714
vt 0.245433 0.755417
vt 0.245436 0.755422
vt 0.245432 0.755417
f 2815/2792/2815 2816/2793/2816 2460/2794/2460
vt 0.220434 0.012362
vt 0.220436 0.012363
vt 0.220427 0.012374
f 2817/2795/2817 531/2796/531 60/2797/60
vt 0.906525 0.002167
vt 0.906525 0.002197
vt 0.906494 0.002289
f 2818/2798/2818 533/2799/533 459/2800/459
vt 0.523336 0.815159
vt 0.523336 0.815155
vt 0.523338 0.815159
f 1803/2801/1803 1653/2802/1653 2293/2803/2293
vt 0.247561 0.428694
vt 0.247551 0.428688
vt 0.247545 0.428679
f 2656/2804/2656 1810/2805/1810 2784/2806/2784
vt 0.390739 0.014893
vt 0.390732 0.014908
vt 0.390724 0.014908
f 2244/2807/2244 2591/2808/2591 1876/2809/1876
vt 0.211004 0.914625
vt 0.210993 0.914629
vt 0.211006 0.914619
f 2820/2810/2820 1979/2811/1979 1997/2812/1997
vt 0.999955 0.850259
vt 0.999956 0.850344
vt 0.999953 0.850333
f 612/2813/612 1918/2814/1918 1919/2815/1919
vt 0.126602 0.550865
vt 0.126793 0.550816
vt 0.126656 0.550854
f 1266/2816/1266 2822/2817/2822 2823/2818/2823
vt 0.664032 0.996680
vt 0.664062 0.996670
vt 0.664032 0.996684
f 2824/2819/2824 3281/2820/3281 2825/2821/2825
vt 0.681793 0.451004
vt 0.681747 0.451035
vt 0.681717 0.451050
f 2787/2822/2787 2826/2823/2826 2827/2824/2827
vt 0.534678 0.275960
vt 0.534678 0.275957
vt 0.534678 0.275956
f 2719/2825/2719 2695/2826/2695 245/2827/245
vt 0.646391 0.655573
vt 0.646389 0.655575
vt 0.646387 0.655569
f 3232/2828/3232 1155/2829/1155 2828/2830/2828
vt 0.391113 0.011551
vt 0.391121 0.011547
vt 0.391121 0.011562
f 2418/2831/2418 3400/2832/3400 2395/2833/2395
vt 0.391132 0.011488
vt 0.391127 0.011487
vt 0.391130 0.011477
f 1064/2834/1064 3400/2835/3400 2766/2836/2766
vt 0.249538 0.429680
vt 0.249527 0.429688
f 2667/2470/2667 1411/2837/1411 1572/2838/1572
vt 0.323553 0.281897
f 2053/2839/2053 2704/2539/2704 2705/2542/2705
vt 0.001572 0.424316
vt 0.001556 0.424347
f 2722/2840/2722 2832/2841/2832 2764/2734/2764
vt 0.908278 0.004578
vt 0.908272 0.004608
vt 0.908270 0.004608
f 2812/2842/2812 2821/2843/2821 2651/2844/2651
vt 0.532149 0.280255
vt 0.532153 0.280251
vt 0.532151 0.280253
f 2833/2845/2833 2720/2846/2720 2701/2847/2701
vt 0.187353 0.189760
vt 0.187353 0.189700
vt 0.187353 0.189752
f 940/2848/940 2245/2849/2245 2834/2850/2834
vt 0.120377 0.635442
vt 0.120285 0.635465
f 2460/2851/2460 2816/2852/2816 1715/2724/1715
vt 0.236289 0.511579
vt 0.236285 0.511583
vt 0.236287 0.511580
f 2845/2853/2845 1133/2854/1133 2313/2855/2313
vt 0.204612 0.049773
vt 0.204619 0.049804
vt 0.204617 0.049793
f 2357/2856/2357 1460/2857/1460 1503/2858/1503
vt 0.324757 0.738106
vt 0.324755 0.738102
vt 0.324766 0.738094
f 3288/2859/3288 116/2860/116 2835/2861/2835
vt 0.203519 0.057714
vt 0.203523 0.057737
vt 0.203526 0.057762
f 1634/2862/1634 1685/2863/1685 1117/2864/1117
vt 0.236762 0.511338
vt 0.236771 0.511322
vt 0.236773 0.511319
f 2836/2865/2836 2837/2866/2837 2773/2867/2773
vt 0.184854 0.588522
vt 0.184862 0.588491
vt 0.184860 0.588501
f 2157/2868/2157 2836/2869/2836 1197/2870/1197
vt 0.106018 0.999969
vt 0.105804 0.999985
vt 0.105682 0.999985
f 1127/2871/1127 381/2872/381 2840/2873/2840
vt 0.782578 0.999565
vt 0.782661 0.999516
vt 0.782555 0.999584
f 2369/2874/2369 2866/2875/2866 1352/2876/1352
vt 0.203381 0.050606
vt 0.203388 0.050591
vt 0.203377 0.050644
f 1818/2877/1818 2841/2878/2841 2801/2879/2801
vt 0.823261 0.018154
vt 0.823265 0.018150
vt 0.823269 0.018162
f 2811/2880/2811 2102/2881/2102 2842/2882/2842
vt 0.187353 0.189707
vt 0.187352 0.189655
f 1689/2849/1689 118/2883/118 2834/2884/2834
vt 0.997247 0.084300
vt 0.997239 0.084308
vt 0.997246 0.084297
f 2830/2885/2830 2167/2886/2167 459/2887/459
vt 0.247522 0.428671
vt 0.247513 0.428665
vt 0.247507 0.428656
f 2785/2888/2785 2145/2889/2145 2843/2890/2843
vt 0.015582 0.285403
vt 0.015582 0.285403
vt 0.015582 0.285401
f 2471/2891/2471 2848/2892/2848 2849/2893/2849
vt 0.763123 0.250355
vt 0.763092 0.250359
vt 0.763153 0.250347
f 1084/2894/1084 989/2895/989 1213/2896/1213
vt 0.252708 0.173279
vt 0.252705 0.173271
vt 0.252712 0.173271
f 1065/2897/1065 3317/2898/3317 2320/2899/2320
vt 0.431166 0.695054
vt 0.431170 0.695048
f 625/2900/625 1488/2483/1488 2851/2901/2851
vt 0.431171 0.695045
vt 0.431164 0.695050
vt 0.431175 0.695039
f 2851/2902/2851 2086/2903/2086 215/2904/215
vt 0.443405 0.085705
vt 0.443405 0.085690
vt 0.443420 0.085693
f 1770/2905/1770 2852/2906/2852 2565/2907/2565
vt 0.218769 0.000446
vt 0.218800 0.000385
vt 0.218781 0.000427
f 2853/2908/2853 2854/2909/2854 2855/2910/2855
vt 0.470287 0.000341
vt 0.470284 0.000340
vt 0.470387 0.000330
f 2519/2911/2519 2308/2912/2308 689/2913/689
vt 0.243120 0.765104
vt 0.243127 0.765100
vt 0.243129 0.765100
f 2530/2914/2530 502/2915/502 2835/2916/2835
vt 0.367317 0.458872
vt 0.367325 0.458870
vt 0.367332 0.458872
f 2668/2917/2668 2778/2918/2778 2780/2919/2780
vt 0.015582 0.285400
vt 0.015582 0.285398
vt 0.015582 0.285400
f 2739/2920/2739 1698/2921/1698 2849/2922/2849
vt 0.631011 0.781253
vt 0.631006 0.781257
vt 0.631008 0.781254
f 2857/2923/2857 2858/2924/2858 1425/2925/1425
vt 0.106003 0.999992
vt 0.105957 1.000000
vt 0.105713 1.000000
f 2840/2926/2840 382/2927/382 2860/2928/2860
vt 0.132385 0.550377
vt 0.132446 0.550404
vt 0.132385 0.550381
f 2376/2929/2376 2861/2930/2861 2862/2931/2862
vt 0.203517 0.057687
vt 0.203524 0.057735
vt 0.203523 0.057736
f 1116/2932/1116 1502/2933/1502 2863/2934/2863
vt 0.335510 0.935684
vt 0.335464 0.935665
f 2800/2762/2800 889/2935/889 2489/2936/2489
vt 0.126900 0.550793
vt 0.126709 0.550842
f 2823/2818/2823 2049/2937/2049 1138/2938/1138
vt 0.782623 0.999557
vt 0.782669 0.999519
vt 0.782700 0.999504
f 2865/2939/2865 2866/2940/2866 1355/2941/1355
vt 0.219229 0.012959
vt 0.219226 0.012944
vt 0.219230 0.012956
f 2867/2942/2867 2868/2943/2868 1733/2944/1733
vt 0.437622 0.091259
vt 0.437744 0.091156
vt 0.437866 0.091061
f 1534/2945/1534 3401/2946/3401 3408/2947/3408
vt 0.000011 0.489544
vt 0.000004 0.489719
vt 0.000008 0.489571
f 977/2948/977 2370/2949/2370 2872/2950/2872
vt 0.236220 0.511672
vt 0.236218 0.511675
vt 0.236218 0.511674
f 2458/2951/2458 1924/2952/1924 2845/2953/2845
vt 0.185146 0.586014
vt 0.185146 0.586029
vt 0.185143 0.586044
f 2873/2954/2873 2843/2955/2843 2874/2956/2874
vt 0.233177 0.998955
vt 0.233231 0.998978
vt 0.233192 0.998970
f 596/2957/596 959/2958/959 2806/2959/2806
vt 0.482140 0.429022
vt 0.482141 0.429023
vt 0.482141 0.429023
f 2838/2960/2838 2831/2961/2831 2021/2962/2021
vt 0.007690 0.072021
vt 0.007706 0.072037
vt 0.007698 0.072060
f 290/2963/290 1843/2964/1843 3267/2965/3267
vt 0.219223 0.012947
vt 0.219222 0.012940
vt 0.219223 0.012944
f 2875/2966/2875 1635/2967/1635 2863/2968/2863
vt 0.766941 0.000324
vt 0.766907 0.000305
vt 0.766880 0.000263
f 1323/2969/1323 1204/2970/1204 1892/2971/1892
vt 0.007751 0.072144
vt 0.007736 0.072159
vt 0.007751 0.072113
f 809/2972/809 1793/2973/1793 3267/2974/3267
vt 0.171959 0.995155
vt 0.171959 0.995171
vt 0.171951 0.995178
f 1974/2975/1974 1523/2976/1523 3196/2977/3196
vt 0.484390 0.990250
vt 0.484375 0.990234
f 2033/2978/2033 212/2979/212 1991/2979/1991
vt 0.639904 0.004692
vt 0.639900 0.004654
f 1214/2980/1214 949/62/949 1316/2981/1316
vt 0.176949 0.756065
vt 0.176941 0.756058
vt 0.176949 0.756050
f 2876/2982/2876 2424/2983/2424 348/2984/348
vt 0.526352 0.813309
vt 0.526344 0.813309
vt 0.526344 0.813293
f 2457/2985/2457 2755/2986/2755 1426/2987/1426
vt 0.185146 0.586044
vt 0.185150 0.586044
vt 0.185146 0.586060
f 2772/2988/2772 2874/2989/2874 2118/2990/2118
vt 0.433349 0.081106
vt 0.433348 0.081148
f 2592/2319/2592 2877/2991/2877 2878/2992/2878
vt 0.523139 0.815816
vt 0.523146 0.815823
vt 0.523140 0.815820
f 780/2993/780 3222/2994/3222 2871/2995/2871
vt 0.015489 0.282564
vt 0.015489 0.282565
vt 0.015489 0.282571
f 2848/2996/2848 2661/2997/2661 2248/2998/2248
vt 0.006031 0.922525
vt 0.006035 0.922527
vt 0.006030 0.922529
f 2670/2999/2670 2686/3000/2686 863/3001/863
vt 0.645966 0.656059
vt 0.645969 0.656059
vt 0.645962 0.656067
f 1569/3002/1569 2879/3003/2879 2828/3004/2828
vt 0.185101 0.585968
vt 0.185104 0.585968
vt 0.185101 0.585999
f 2861/3005/2861 2873/3006/2873 2881/3007/2881
vt 0.820971 0.016258
vt 0.820959 0.016281
vt 0.821008 0.016182
f 2810/3008/2810 325/3009/325 2882/3010/2882
vt 0.752941 0.575531
f 2827/1104/2827 1827/3011/1827 2884/3011/2884
vt 0.660217 0.998266
vt 0.660217 0.998264
vt 0.660278 0.998240
f 2885/3012/2885 2886/3013/2886 2887/3014/2887
vt 0.818082 0.021938
vt 0.818084 0.021935
vt 0.818141 0.021824
f 2888/3015/2888 2883/3016/2883 2061/3017/2061
vt 0.433365 0.693886
vt 0.433403 0.693850
vt 0.433388 0.693865
f 563/3018/563 2745/3019/2745 2889/3020/2889
vt 0.236617 0.511620
vt 0.236614 0.511623
vt 0.236653 0.511557
f 3402/3021/3402 1937/3022/1937 794/3023/794
vt 0.798565 0.985886
vt 0.798542 0.985916
vt 0.798561 0.985870
f 2890/3024/2890 2891/3025/2891 2869/3026/2869
vt 0.839260 0.427982
vt 0.839314 0.427959
vt 0.839256 0.427986
f 2864/3027/2864 2725/3028/2725 2892/3029/2892
vt 0.005676 0.798004
vt 0.005661 0.798004
vt 0.005692 0.797974
f 2876/3030/2876 2389/3031/2389 1442/3032/1442
vt 0.172098 0.994898
vt 0.172102 0.994902
vt 0.172092 0.994907
f 2570/3033/2570 2730/3034/2730 1523/3035/1523
vt 0.219228 0.012921
vt 0.219226 0.012916
vt 0.219225 0.012906
f 1504/3036/1504 2868/3037/2868 2875/3038/2875
vt 0.244304 0.756976
vt 0.244303 0.756984
vt 0.244301 0.756983
f 2894/3039/2894 2895/3040/2895 2015/3041/2015
vt 0.798866 0.985474
vt 0.798882 0.985443
vt 0.798889 0.985443
f 2890/3042/2890 2359/3043/2359 1275/3044/1275
vt 0.752994 0.575470
f 1369/1103/1369 2884/3045/2884 1462/3045/1462
vt 0.321930 0.281258
vt 0.321930 0.281256
vt 0.321938 0.281257
f 636/3046/636 2069/3047/2069 2896/3048/2896
vt 0.663200 0.999496
vt 0.663216 0.999496
vt 0.663193 0.999512
f 2898/3049/2898 1774/3050/1774 1153/3051/1153
vt 0.364349 0.990120
vt 0.364334 0.990120
vt 0.364365 0.990112
f 2899/3052/2899 2900/3053/2900 1753/3054/1753
vt 0.364334 0.990116
vt 0.364319 0.990124
f 2901/3055/2901 2900/3053/2900 2227/3056/2227
vt 0.005432 0.487030
vt 0.005417 0.487015
vt 0.005447 0.487015
f 2371/3057/2371 2897/3058/2897 2691/3059/2691
vt 0.235079 0.514310
vt 0.235081 0.514308
vt 0.235078 0.514313
f 2385/3060/2385 2668/3061/2668 2903/3062/2903
vt 0.387764 0.122398
vt 0.387776 0.122405
vt 0.387791 0.122417
f 723/3063/723 2710/3064/2710 1594/3065/1594
vt 0.206383 0.050652
vt 0.206413 0.050652
vt 0.206390 0.050659
f 784/3066/784 2867/3067/2867 2855/3068/2855
vt 0.424446 0.702765
vt 0.424438 0.702763
vt 0.424442 0.702762
f 1650/3069/1650 1166/3070/1166 3314/3071/3314
vt 0.535058 0.277410
vt 0.535055 0.277414
vt 0.535056 0.277412
f 2634/3072/2634 2628/3073/2628 3202/3074/3202
vt 0.244316 0.756913
vt 0.244319 0.756913
vt 0.244321 0.756916
f 2894/3075/2894 2776/3076/2776 2905/3077/2905
vt 0.000000 0.673096
vt 0.000008 0.673210
vt 0.000000 0.673218
f 152/3078/152 1251/3079/1251 2906/3080/2906
vt 0.187441 0.189505
vt 0.187441 0.189509
vt 0.187441 0.189508
f 2841/3081/2841 2880/3082/2880 2524/3083/2524
vt 0.526354 0.812745
vt 0.526339 0.812745
vt 0.526352 0.812744
f 2409/3084/2409 2857/3085/2857 2908/3086/2908
vt 0.755676 0.251720
vt 0.755737 0.251709
vt 0.755798 0.251705
f 2912/3087/2912 2888/3088/2888 2809/3089/2809
vt 0.184550 0.587879
vt 0.184560 0.587887
vt 0.184553 0.587883
f 2913/3090/2913 592/3091/592 2573/3092/2573
vt 0.327614 0.281368
vt 0.327621 0.281368
vt 0.327614 0.281372
f 2914/3093/2914 1115/3094/1115 2561/3095/2561
vt 0.401337 0.000374
vt 0.401306 0.000385
f 1586/783/1586 1062/3096/1062 2915/3097/2915
vt 0.535890 0.273707
vt 0.535889 0.273705
vt 0.535890 0.273700
f 2290/3098/2290 1400/3099/1400 1676/3100/1676
vt 0.172995 0.993048
vt 0.172984 0.993056
vt 0.172988 0.993052
f 1524/3101/1524 468/3102/468 1547/3103/1547
vt 0.000004 0.490147
vt 0.000000 0.489990
f 2372/1941/2372 2392/3104/2392 2920/3105/2920
vt 0.619705 0.137375
vt 0.619659 0.137390
vt 0.619675 0.137375
f 2703/3106/2703 2388/3107/2388 2386/3108/2386
vt 0.004807 0.676926
vt 0.004799 0.676888
vt 0.004799 0.676826
f 36/3109/36 1443/3110/1443 2921/3111/2921
vt 0.244249 0.757006
vt 0.244249 0.757009
vt 0.244249 0.757011
f 631/3112/631 2922/3113/2922 2905/3114/2905
vt 0.187441 0.189507
vt 0.187441 0.189510
f 2374/3115/2374 1706/3116/1706 2880/3082/2880
vt 0.779566 0.899894
vt 0.779570 0.899896
vt 0.779572 0.899899
f 3371/3117/3371 2923/3118/2923 2208/3119/2208
vt 0.999863 0.233215
vt 0.999832 0.233276
vt 0.999847 0.233215
f 1052/3120/1052 2925/3121/2925 277/3122/277
vt 0.011986 0.485756
vt 0.011932 0.485748
vt 0.011894 0.485725
f 1380/3123/1380 1105/3124/1105 2924/3125/2924
vt 0.210916 0.916726
vt 0.210958 0.916708
vt 0.210959 0.916709
f 1147/3126/1147 1529/3127/1529 2178/3128/2178
vt 0.004341 0.495613
vt 0.004352 0.495612
vt 0.004356 0.495613
f 434/3129/434 1711/3130/1711 1333/3131/1333
vt 0.000275 0.685089
vt 0.000271 0.685123
vt 0.000263 0.685131
f 1264/3132/1264 2921/3133/2921 1441/3134/1441
vt 0.000061 0.684143
vt 0.000061 0.684174
vt 0.000046 0.684158
f 431/3135/431 2926/3136/2926 1264/3137/1264
vt 0.768769 0.255510
vt 0.768774 0.255505
vt 0.768771 0.255514
f 2584/3138/2584 2808/3139/2808 2742/3140/2742
vt 0.132416 0.550394
vt 0.132446 0.550411
vt 0.132416 0.550398
f 2862/3141/2862 2910/3142/2910 1107/3143/1107
vt 0.766756 0.253162
vt 0.766757 0.253160
vt 0.766757 0.253168
f 2497/3144/2497 2430/3145/2430 2396/3146/2396
vt 0.321953 0.281257
vt 0.321945 0.281258
f 2896/3048/2896 2788/3147/2788 2272/3148/2272
vt 0.041000 0.999992
vt 0.041016 1.000000
vt 0.040771 1.000000
f 2928/3149/2928 72/3150/72 2929/3151/2929
vt 0.326801 0.281322
vt 0.326809 0.281322
vt 0.326805 0.281326
f 2932/3152/2932 1381/3153/1381 2933/3154/2933
vt 0.523176 0.815899
vt 0.523178 0.815903
vt 0.523169 0.815899
f 2934/3155/2934 1831/3156/1831 2454/3157/2454
vt 0.322842 0.281567
vt 0.322872 0.281582
vt 0.322845 0.281570
f 2711/3158/2711 3360/3159/3360 2935/3160/2935
vt 0.048867 0.381146
vt 0.048866 0.381142
vt 0.048867 0.381116
f 2937/3161/2937 1846/3162/1846 939/3163/939
vt 0.768026 0.259208
vt 0.768036 0.259164
vt 0.768037 0.259161
f 2498/3164/2498 1681/3165/1681 2503/3166/2503
vt 0.462923 0.677969
vt 0.462921 0.677971
vt 0.462954 0.677931
f 1950/3167/1950 1925/3168/1925 2938/3169/2938
vt 0.463007 0.677865
vt 0.462988 0.677888
vt 0.463001 0.677872
f 2939/3170/2939 2940/3171/2940 2844/3172/2844
vt 0.804650 0.588597
vt 0.804645 0.588602
vt 0.804649 0.588596
f 2941/3173/2941 1485/3174/1485 1483/3175/1483
vt 0.367859 0.458618
vt 0.367867 0.458611
vt 0.367867 0.458614
f 746/3176/746 2942/3177/2942 2943/3178/2943
vt 0.871437 0.402931
vt 0.871391 0.402962
vt 0.871445 0.402924
f 2927/3179/2927 2947/3180/2947 2569/3181/2569
vt 0.006729 0.055077
vt 0.006683 0.055130
vt 0.006668 0.055138
f 3268/3182/3268 649/3183/649 2919/3184/2919
vt 0.174529 0.761481
vt 0.174520 0.761510
vt 0.174516 0.761514
f 2538/3185/2538 2598/3186/2598 142/3187/142
vt 0.535023 0.277323
vt 0.535023 0.277324
vt 0.535020 0.277326
f 2633/3188/2633 2948/3189/2948 1840/3190/1840
vt 0.176043 0.760164
vt 0.176041 0.760167
vt 0.176038 0.760171
f 2949/3191/2949 2950/3192/2950 2951/3193/2951
vt 0.244250 0.757002
vt 0.244250 0.757007
f 2598/3194/2598 2949/3195/2949 2922/3113/2922
vt 0.374565 0.453345
vt 0.374562 0.453348
vt 0.374558 0.453352
f 2214/3196/2214 2942/3197/2942 2833/3198/2833
vt 0.522966 0.816015
vt 0.522964 0.816013
vt 0.522959 0.816004
f 780/3199/780 2934/3200/2934 2850/3201/2850
vt 0.646465 0.655441
vt 0.646469 0.655441
vt 0.646465 0.655457
f 1830/3202/1830 1414/3203/1414 2879/3204/2879
vt 0.047035 0.131191
vt 0.047028 0.131149
vt 0.047035 0.131130
f 2713/3205/2713 2698/3206/2698 2782/3207/2782
vt 0.048871 0.381120
vt 0.048870 0.381100
vt 0.048871 0.381089
f 2937/3208/2937 1385/3209/1385 2954/3210/2954
vt 0.954025 0.356415
vt 0.954014 0.356430
vt 0.954029 0.356400
f 1697/3211/1697 2946/3212/2946 2955/3213/2955
vt 0.476091 0.992708
vt 0.476089 0.992706
vt 0.476091 0.992693
f 2435/3214/2435 2226/3215/2226 2956/3216/2956
vt 0.779568 0.899889
vt 0.779573 0.899894
f 2923/3118/2923 2137/3217/2137 2957/3218/2957
vt 0.374567 0.453344
vt 0.374571 0.453340
vt 0.374568 0.453343
f 2754/3219/2754 2217/3220/2217 2215/3221/2215
vt 0.476084 0.992739
vt 0.476086 0.992718
vt 0.476088 0.992712
f 2956/3222/2956 640/3223/640 2198/3224/2198
vt 0.000671 0.612045
vt 0.000671 0.612030
vt 0.000732 0.612137
f 2485/3225/2485 2391/3226/2391 2690/3227/2690
vt 0.482583 0.429147
vt 0.482584 0.429147
vt 0.482586 0.429146
f 2643/3228/2643 1709/3229/1709 2958/3230/2958
vt 0.482587 0.429147
vt 0.482587 0.429147
f 2644/3231/2644 2958/3230/2958 2702/3232/2702
vt 0.175959 0.760302
vt 0.175955 0.760305
vt 0.175957 0.760300
f 2951/3233/2951 2155/3234/2155 2895/3235/2895
vt 0.660370 0.998199
vt 0.660370 0.998198
vt 0.660400 0.998186
f 2824/3236/2824 2887/3237/2887 2952/3238/2952
vt 0.619743 0.052628
vt 0.619743 0.052628
vt 0.619745 0.052628
f 123/3239/123 2581/3240/2581 761/3241/761
vt 0.953987 0.356445
vt 0.954010 0.356384
vt 0.954018 0.356384
f 2955/3242/2955 2130/3243/2130 1544/3244/1544
vt 0.583784 0.000009
vt 0.583717 0.000012
vt 0.583784 0.000009
f 1737/3245/1737 1741/3246/1741 2152/3247/2152
vt 0.812962 0.778942
vt 0.812965 0.778954
vt 0.812969 0.778996
f 1288/3248/1288 461/3249/461 2959/3250/2959
vt 0.309605 0.690428
vt 0.309601 0.690430
vt 0.309620 0.690405
f 728/3251/728 2535/3252/2535 476/3253/476
vt 0.048888 0.381312
vt 0.048888 0.381365
f 1847/1131/1847 2961/3254/2961 2962/3255/2962
vt 0.310074 0.690002
vt 0.310066 0.690006
vt 0.310074 0.689999
f 2964/3256/2964 2965/3257/2965 3359/3258/3359
vt 0.768437 0.256929
vt 0.768441 0.256922
vt 0.768440 0.256927
f 2966/3259/2966 2586/3260/2586 778/3261/778
vt 0.842310 0.436049
vt 0.842314 0.436054
vt 0.842312 0.436052
f 2762/3262/2762 2757/3263/2757 2967/3264/2967
vt 0.758437 0.570091
vt 0.758429 0.570099
vt 0.758435 0.570091
f 2741/3265/2741 2970/3266/2970 2366/3267/2366
vt 0.842320 0.436062
vt 0.842319 0.436062
vt 0.842317 0.436058
f 2967/3268/2967 3413/3269/3413 2944/3270/2944
vt 0.364265 0.989914
vt 0.364265 0.989929
vt 0.364258 0.989914
f 1939/3271/1939 2901/3272/2901 2035/3273/2035
vt 0.879416 0.531250
vt 0.879416 0.531250
vt 0.879406 0.531250
f 2971/3274/2971 2944/3275/2944 2969/3276/2969
vt 0.181342 0.593242
vt 0.181342 0.593243
vt 0.181340 0.593246
f 2751/3277/2751 2972/3278/2972 2960/3279/2960
vt 0.768435 0.256865
vt 0.768434 0.256861
f 2966/3280/2966 2567/2273/2567 2973/3281/2973
vt 0.182566 0.588310
vt 0.182547 0.588356
vt 0.182568 0.588303
f 298/3282/298 299/3283/299 1715/3284/1715
f 1268/652/1268 2090/652/2090 2974/653/2974
vt 0.999832 0.221352
vt 0.999840 0.221333
vt 0.999825 0.221386
f 2975/3285/2975 3189/3286/3189 1024/3287/1024
vt 0.048889 0.381339
vt 0.048889 0.381348
vt 0.048889 0.381400
f 2783/3288/2783 2962/3289/2962 2752/3290/2752
vt 0.432200 0.080706
vt 0.432148 0.080737
vt 0.432188 0.080712
f 2902/3291/2902 2878/3292/2878 2976/3293/2976
vt 0.912045 0.001926
vt 0.912014 0.001926
vt 0.912031 0.001925
f 2977/3294/2977 2236/3295/2236 3334/3296/3334
vt 0.173704 0.763128
vt 0.173706 0.763123
vt 0.173727 0.763090
f 2978/3297/2978 2414/3298/2414 3229/3299/3229
vt 0.520428 0.818584
vt 0.520432 0.818573
vt 0.520443 0.818554
f 3318/3300/3318 2979/3301/2979 2980/3302/2980
vt 0.175486 0.757540
vt 0.175491 0.757537
vt 0.175496 0.757535
f 2981/3303/2981 1035/3304/1035 2982/3305/2982
vt 0.998768 0.732964
vt 0.998760 0.732979
vt 0.998756 0.732956
f 2694/3306/2694 2802/3307/2802 1588/3308/1588
vt 0.912077 0.001940
vt 0.911997 0.001944
vt 0.912013 0.001943
f 906/3309/906 2963/3310/2963 3243/3311/3243
vt 0.855963 0.298829
vt 0.855972 0.298828
vt 0.855978 0.298829
f 2984/3312/2984 1394/3313/1394 2936/3314/2936
vt 0.041622 0.999937
vt 0.041866 0.999937
vt 0.041626 0.999939
f 2930/3315/2930 3404/3316/3404 2114/3317/2114
vt 0.767162 0.256340
vt 0.767159 0.256355
vt 0.767162 0.256332
f 2986/3318/2986 2973/3319/2973 1629/3320/1629
vt 0.758414 0.570122
vt 0.758418 0.570118
vt 0.758415 0.570126
f 669/3321/669 2970/3322/2970 1592/3323/1592
vt 0.755066 0.251690
vt 0.755127 0.251686
vt 0.755066 0.251698
f 1100/3324/1100 544/3325/544 2912/3326/2912
vt 0.855965 0.298840
vt 0.855968 0.298841
vt 0.855961 0.298845
f 2984/3327/2984 2987/3328/2987 2422/3329/2422
vt 0.156991 0.266585
vt 0.156982 0.266571
vt 0.156980 0.266566
f 2988/3330/2988 1815/3331/1815 2783/3332/2783
vt 0.048887 0.381972
vt 0.048887 0.381967
vt 0.048887 0.381965
f 1699/3333/1699 2988/3334/2988 2990/3335/2990
vt 0.754944 0.251705
vt 0.755005 0.251694
f 1678/3336/1678 2388/3337/2388 1099/3324/1099
vt 0.236354 0.511582
vt 0.236351 0.511585
vt 0.236353 0.511583
f 12/3338/12 1924/3339/1924 2716/3340/2716
vt 0.989868 0.233795
vt 0.989899 0.233795
vt 0.989899 0.233826
f 1366/3341/1366 2475/3342/2475 1393/3343/1393
vt 0.522934 0.816032
vt 0.522937 0.816034
vt 0.522932 0.816032
f 812/3344/812 2993/3345/2993 2994/3346/2994
vt 0.173814 0.762910
vt 0.173807 0.762918
vt 0.173812 0.762908
f 1241/3347/1241 2509/3348/2509 2978/3349/2978
vt 0.236216 0.511679
vt 0.236219 0.511675
vt 0.236218 0.511677
f 2996/3350/2996 2995/3351/2995 302/3352/302
vt 0.176771 0.756092
vt 0.176777 0.756088
vt 0.176775 0.756092
f 2982/3353/2982 2337/3354/2337 2997/3355/2997
vt 0.184428 0.587765
vt 0.184429 0.587769
vt 0.184424 0.587765
f 2913/3356/2913 2734/3357/2734 2917/3358/2917
vt 0.172982 0.993058
vt 0.172979 0.993061
vt 0.172985 0.993056
f 2998/3359/2998 308/3360/308 2168/3361/2168
vt 0.556572 0.705089
vt 0.556580 0.705090
vt 0.556576 0.705091
f 2999/3362/2999 2640/3363/2640 3298/3364/3298
vt 0.172991 0.993052
vt 0.172984 0.993056
f 1524/3365/1524 1958/3366/1958 468/3102/468
vt 0.000313 0.422234
vt 0.000313 0.422234
vt 0.000320 0.422226
f 1342/3367/1342 1920/3368/1920 2332/3369/2332
vt 0.387408 0.122154
vt 0.387409 0.122157
vt 0.387395 0.122146
f 2935/3370/2935 3001/3371/3001 2321/3372/2321
vt 0.387431 0.122178
vt 0.387432 0.122181
vt 0.387425 0.122176
f 3001/3373/3001 3002/3374/3002 2140/3375/2140
vt 0.984375 0.572327
vt 0.984375 0.572266
f 2974/3376/2974 1402/3376/1402 2548/3377/2548
vt 0.555933 0.705078
vt 0.555931 0.705080
vt 0.555928 0.705082
f 1951/3378/1951 346/3379/346 3003/3380/3003
vt 0.184441 0.587753
vt 0.184446 0.587761
vt 0.184443 0.587761
f 1152/3381/1152 2046/3382/2046 2296/3383/2296
vt 0.220133 0.001713
vt 0.220133 0.001714
vt 0.220116 0.001695
f 2817/3384/2817 3004/3385/3004 2759/3386/2759
vt 0.172901 0.993137
vt 0.172898 0.993138
vt 0.172899 0.993138
f 2911/3387/2911 3194/3388/3194 2998/3389/2998
vt 0.839563 0.427847
vt 0.839560 0.427848
vt 0.839569 0.427844
f 3007/3390/3007 1192/3391/1192 3008/3392/3008
vt 0.469406 0.000023
vt 0.469391 0.000015
vt 0.469498 0.000008
f 2342/3393/2342 3009/3394/3009 3010/3395/3010
vt 0.984375 0.572006
vt 0.984375 0.571960
vt 0.984375 0.571884
f 3011/3396/3011 3012/3397/3012 3014/3398/3014
vt 0.998859 0.732933
vt 0.998840 0.732910
vt 0.998829 0.732872
f 1589/3399/1589 1406/3400/1406 882/3401/882
vt 0.469238 0.000000
vt 0.469360 0.000000
vt 0.469254 0.000008
f 180/3402/180 3013/3403/3013 3010/3404/3010
vt 0.984375 0.562786
vt 0.984375 0.562801
vt 0.984375 0.562790
f 1553/3405/1553 1551/3406/1551 2525/3407/2525
vt 0.175429 0.757567
vt 0.175429 0.757567
vt 0.175440 0.757562
f 3015/3408/3015 1718/3409/1718 3016/3410/3016
vt 0.631312 0.781486
vt 0.631313 0.781489
f 2546/2232/2546 2858/3411/2858 2999/3412/2999
vt 0.631315 0.781486
vt 0.631317 0.781491
vt 0.631315 0.781489
f 2547/3413/2547 1902/3414/1902 1927/3415/1927
vt 0.998962 0.357666
vt 0.998947 0.357635
vt 0.998940 0.357616
f 334/3416/334 3017/3417/3017 1192/3418/1192
vt 0.485336 0.992828
vt 0.485329 0.992722
vt 0.485344 0.992813
f 2653/3419/2653 3018/3420/3018 3019/3421/3019
vt 0.766724 0.252731
vt 0.766731 0.252716
vt 0.766731 0.252731
f 3020/3422/3020 2852/3423/2852 3045/3424/3045
vt 0.766701 0.252838
vt 0.766701 0.252853
vt 0.766693 0.252853
f 3020/3425/3020 1631/3426/1631 2552/3427/2552
vt 0.681289 0.827549
vt 0.681290 0.827545
vt 0.681300 0.827534
f 2898/3428/2898 2149/3429/2149 1164/3430/1164
vt 0.473883 0.997105
vt 0.473875 0.997113
vt 0.473843 0.997140
f 1990/3431/1990 922/3432/922 2646/3433/2646
vt 0.482194 0.429168
vt 0.482195 0.429168
vt 0.482196 0.429169
f 1705/3434/1705 1340/3435/1340 2765/3436/2765
vt 0.556572 0.704733
vt 0.556580 0.704735
vt 0.556572 0.704741
f 292/3437/292 2081/3438/2081 3021/3439/3021
vt 0.633029 0.408390
vt 0.633027 0.408396
vt 0.633020 0.408405
f 56/3440/56 3250/3441/3250 1108/3442/1108
vt 0.556229 0.705004
vt 0.556213 0.705015
vt 0.556229 0.705002
f 2452/3443/2452 3023/3444/3023 3024/3445/3024
vt 0.556198 0.705042
vt 0.556183 0.705055
vt 0.556168 0.705065
f 3023/3446/3023 3021/3447/3021 2908/3448/2908
vt 0.367750 0.458610
vt 0.367754 0.458604
vt 0.367756 0.458605
f 3025/3449/3025 2791/3450/2791 3026/3451/3026
vt 0.236717 0.511405
vt 0.236717 0.511404
vt 0.236726 0.511389
f 3027/3452/3027 2904/3453/2904 2996/3454/2996
vt 0.236719 0.511401
vt 0.236711 0.511414
vt 0.236718 0.511403
f 2837/3455/2837 3402/3456/3402 3027/3457/3027
vt 0.763703 0.564680
vt 0.763697 0.564682
vt 0.763695 0.564680
f 3028/3458/3028 2971/3459/2971 3029/3460/3029
vt 0.367751 0.458599
vt 0.367756 0.458597
vt 0.367755 0.458601
f 3026/3461/3026 1797/3462/1797 2216/3463/2216
vt 0.432036 0.080794
vt 0.432072 0.080772
vt 0.432101 0.080756
f 2419/3464/2419 2307/3465/2307 3030/3466/3030
vt 0.783020 0.999176
vt 0.782997 0.999180
vt 0.783028 0.999165
f 6/3467/6 3031/3468/3031 1353/3469/1353
vt 0.556175 0.705050
vt 0.556190 0.705042
vt 0.556168 0.705055
f 2333/3470/2333 3024/3471/3024 1427/3472/1427
vt 0.174816 0.761120
vt 0.174822 0.761095
f 2540/2218/2540 2587/3473/2587 2950/3474/2950
vt 0.323639 0.282649
vt 0.323645 0.282650
vt 0.323634 0.282648
f 2273/3475/2273 3052/3476/3052 3032/3477/3032
vt 0.004098 0.495634
vt 0.004116 0.495633
vt 0.004113 0.495633
f 1730/3478/1730 836/3479/836 434/3480/434
vt 0.432123 0.080750
vt 0.432175 0.080719
f 76/3293/76 3184/3481/3184 3030/3482/3030
vt 0.522865 0.815688
vt 0.522865 0.815688
vt 0.522873 0.815689
f 380/3483/380 2579/3484/2579 2282/3485/2282
vt 0.000061 0.683899
vt 0.000000 0.683838
vt 0.000061 0.683838
f 432/3486/432 433/3487/433 3033/3488/3033
vt 0.000092 0.683929
vt 0.000092 0.683868
f 36/3489/36 3033/3488/3033 2559/3490/2559
vt 0.203202 0.061965
vt 0.203201 0.061981
vt 0.203198 0.061973
f 2786/3491/2786 3035/3492/3035 2789/3493/2789
vt 0.176695 0.756618
vt 0.176696 0.756614
vt 0.176697 0.756613
f 1731/3494/1731 2150/3495/2150 3037/3496/3037
vt 0.177504 0.756857
vt 0.177507 0.756853
vt 0.177506 0.756859
f 3038/3497/3038 2539/3498/2539 1245/3499/1245
vt 0.218777 0.014739
vt 0.218777 0.014735
vt 0.218777 0.014728
f 1415/3500/1415 2714/3501/2714 3073/3502/3073
vt 0.802185 0.984497
vt 0.802200 0.984497
vt 0.802200 0.984619
f 2262/3503/2262 2523/3504/2523 3234/3505/3234
vt 0.532753 0.273249
vt 0.532752 0.273251
vt 0.532751 0.273254
f 2274/3506/2274 2609/3507/2609 3040/3508/3040
vt 0.497713 0.509402
vt 0.497712 0.509406
vt 0.497711 0.509405
f 3041/3509/3041 3042/3510/3042 2005/3511/2005
vt 0.001222 0.114989
vt 0.001283 0.114928
vt 0.001252 0.114959
f 528/3512/528 3043/3513/3043 3044/3514/3044
vt 0.527551 0.628093
vt 0.527549 0.628095
vt 0.527548 0.628092
f 1334/3515/1334 56/3516/56 1301/3517/1301
vt 0.784801 0.998915
vt 0.784775 0.998924
vt 0.784756 0.998922
f 2135/3518/2135 2865/3519/2865 3242/3520/3242
vt 0.767349 0.253857
vt 0.767351 0.253856
vt 0.767349 0.253864
f 2585/3521/2585 3045/3522/3045 1679/3523/1679
vt 0.532751 0.273257
vt 0.532750 0.273262
vt 0.532749 0.273262
f 2697/3524/2697 3040/3525/3040 3036/3526/3036
vt 0.990078 0.230591
vt 0.990051 0.230652
vt 0.990047 0.230652
f 1519/3527/1519 3046/3528/3046 2477/3529/2477
vt 0.857475 0.986427
vt 0.857452 0.986420
vt 0.857445 0.986336
f 1233/3530/1233 2629/3531/2629 3363/3532/3363
vt 0.784424 0.999146
vt 0.784401 0.999149
vt 0.784454 0.999100
f 383/3533/383 3048/3534/3048 3047/3535/3047
vt 0.879109 0.531250
vt 0.879107 0.531250
f 3049/3536/3049 3050/3536/3050 2826/3537/2826
vt 0.988892 0.232941
vt 0.988876 0.232941
vt 0.988907 0.232910
f 1365/3538/1365 1059/3539/1059 2476/3540/2476
vt 0.999054 0.232544
vt 0.999023 0.232483
vt 0.999054 0.232483
f 2495/3541/2495 2597/3542/2597 2528/3543/2528
vt 0.521477 0.818039
vt 0.521477 0.818008
vt 0.521484 0.818024
f 2281/3544/2281 2979/3545/2979 1996/3546/1996
vt 0.485336 0.992706
vt 0.485344 0.992691
f 3019/3421/3019 788/3547/788 1248/3548/1248
vt 0.666656 0.997375
vt 0.666565 0.997345
vt 0.666595 0.997345
f 3034/3549/3034 3048/3550/3048 383/3551/383
vt 0.532929 0.272464
vt 0.532925 0.272476
f 2623/3552/2623 1120/3553/1120 962/72/962
vt 0.555232 0.705615
vt 0.555206 0.705635
vt 0.555202 0.705638
f 3051/3554/3051 2451/3555/2451 979/3556/979
vt 0.485168 0.996277
vt 0.485199 0.996155
vt 0.485199 0.996216
f 1356/3557/1356 1101/3558/1101 3018/3559/3018
vt 0.327072 0.282055
vt 0.327072 0.282059
vt 0.327057 0.282070
f 3052/3560/3052 440/3561/440 3053/3562/3053
vt 0.000061 0.114563
vt 0.000031 0.114563
vt 0.000031 0.114502
f 3421/3563/3421 3054/3564/3054 810/3565/810
vt 0.999985 0.226135
vt 1.000000 0.226074
vt 1.000000 0.226196
f 3055/3566/3055 166/3567/166 3056/3568/3056
vt 0.984375 0.564621
vt 0.984375 0.564697
vt 0.984375 0.564682
f 3012/3569/3012 2649/3570/2649 3057/3571/3057
vt 0.323605 0.282639
vt 0.323604 0.282639
vt 0.323612 0.282639
f 2052/3572/2052 615/3573/615 3058/3574/3058
vt 0.015581 0.285324
vt 0.015580 0.285324
vt 0.015580 0.285323
f 2472/3575/2472 2990/3576/2990 2752/3577/2752
vt 0.999992 0.224579
vt 1.000000 0.224579
vt 0.999992 0.224609
f 2495/3578/2495 3061/3579/3061 3055/3580/3055
vt 0.984375 0.572998
vt 0.984375 0.572632
vt 0.984375 0.572876
f 1187/3581/1187 1802/3582/1802 3057/3583/3057
vt 0.523067 0.813921
vt 0.523067 0.813927
vt 0.523067 0.813936
f 1655/3584/1655 3063/3585/3063 978/3586/978
vt 0.000031 0.114594
vt 0.000031 0.114624
vt 0.000000 0.114594
f 3054/3587/3054 2400/3588/2400 2089/3589/2089
vt 0.010609 0.075562
vt 0.010555 0.075623
vt 0.010658 0.075500
f 1624/3590/1624 3064/3591/3064 2088/3592/2088
vt 0.208417 0.917798
vt 0.208440 0.917790
vt 0.208418 0.917799
f 3448/3593/3448 3065/3594/3065 3066/3595/3066
vt 0.984375 0.572235
vt 0.984375 0.572479
f 2819/3596/2819 3014/3377/3014 1802/3597/1802
vt 0.119270 0.635712
vt 0.119202 0.635728
vt 0.119209 0.635726
f 3016/3598/3016 2446/3599/2446 2981/3600/2981
vt 0.875589 0.378746
vt 0.875596 0.378750
vt 0.875588 0.378750
f 805/3601/805 3067/3602/3067 3204/3603/3204
vt 0.659059 0.998916
vt 0.659012 0.998933
vt 0.659013 0.998933
f 2993/3604/2993 1913/3605/1913 2980/3606/2980
vt 0.416260 0.990707
vt 0.416248 0.990715
vt 0.416264 0.990700
f 2008/3607/2008 3069/3608/3069 807/3609/807
vt 0.416260 0.990723
vt 0.416252 0.990723
vt 0.416260 0.990715
f 447/3610/447 3070/3611/3070 3069/3612/3069
vt 0.252674 0.173218
vt 0.252678 0.173233
vt 0.252674 0.173233
f 808/3613/808 2322/3614/2322 2788/3615/2788
vt 0.176767 0.756099
vt 0.176765 0.756100
vt 0.176766 0.756099
f 262/3616/262 3037/3617/3037 3015/3618/3015
vt 0.176771 0.756097
vt 0.176769 0.756098
f 262/3616/262 2997/3619/2997 3428/3620/3428
vt 0.001953 0.060547
vt 0.001709 0.060791
vt 0.001770 0.060699
f 38/3621/38 3074/3622/3074 3072/3623/3072
vt 0.706025 0.623736
vt 0.706018 0.623732
vt 0.706023 0.623731
f 3075/3624/3075 3076/3625/3076 241/3626/241
vt 0.706035 0.623734
vt 0.706028 0.623730
f 709/3627/709 241/3626/241 646/3628/646
vt 0.327637 0.281281
vt 0.327639 0.281292
vt 0.327637 0.281296
f 3405/3629/3405 1115/3630/1115 3444/3631/3444
vt 0.010387 0.076061
vt 0.010391 0.076057
vt 0.010387 0.076069
f 3064/3632/3064 2582/3633/2582 3077/3634/3077
vt 0.984375 0.562826
vt 0.984375 0.562815
f 3071/3635/3071 2526/2197/2526 2417/3636/2417
vt 0.010395 0.076057
vt 0.010403 0.076050
vt 0.010399 0.076057
f 810/3637/810 3077/3638/3077 3044/3639/3044
vt 0.583982 0.679268
vt 0.584015 0.679260
vt 0.583998 0.679268
f 1567/3640/1567 2605/3641/2605 1424/3642/1424
vt 0.218754 0.001312
vt 0.218754 0.001320
vt 0.218750 0.001305
f 1794/3643/1794 3078/3644/3078 26/3645/26
vt 0.707174 0.624537
vt 0.707159 0.624521
vt 0.707169 0.624527
f 1424/3646/1424 3075/3647/3075 2641/3648/2641
vt 0.528008 0.627917
vt 0.528007 0.627918
vt 0.528005 0.627918
f 3279/3649/3279 3187/3650/3187 2804/3651/2804
vt 0.497718 0.509072
vt 0.497716 0.509100
vt 0.497715 0.509093
f 3079/3652/3079 3080/3653/3080 2480/3654/2480
vt 0.798927 0.985229
vt 0.798946 0.985214
f 2891/3655/2891 2803/3656/2803 2268/1744/2268
vt 0.311333 0.688869
vt 0.311334 0.688868
vt 0.311360 0.688843
f 2964/3657/2964 3081/3658/3081 3197/3659/3197
vt 0.879154 0.531250
vt 0.879152 0.531250
vt 0.879149 0.531250
f 353/3660/353 3029/3661/3029 3049/3662/3049
vt 0.403297 0.000027
vt 0.403290 0.000015
vt 0.403328 0.000011
f 3083/3663/3083 1149/3664/1149 3084/3665/3084
vt 0.798748 0.985336
vt 0.798737 0.985352
vt 0.798717 0.985336
f 2267/3666/2267 2315/3667/2315 1886/3668/1886
vt 0.462339 0.678646
vt 0.462345 0.678642
vt 0.462336 0.678654
f 2715/3669/2715 1845/3670/1845 3087/3671/3087
vt 0.523996 0.630164
vt 0.524010 0.630152
vt 0.524019 0.630143
f 817/3672/817 3079/3673/3079 2019/3674/2019
vt 0.225319 0.007133
vt 0.225311 0.007111
vt 0.225349 0.007103
f 3086/3675/3086 935/3676/935 3085/3677/3085
vt 0.323424 0.281555
vt 0.323424 0.281555
vt 0.323425 0.281555
f 2976/3678/2976 2678/3679/2678 1593/3680/1593
vt 0.955963 0.345886
vt 0.955933 0.345947
vt 0.955948 0.345886
f 1667/3681/1667 516/3682/516 3091/3683/3091
vt 0.210719 0.916804
vt 0.210719 0.916804
vt 0.210742 0.916796
f 2747/3684/2747 2437/3685/2437 1710/3686/1710
vt 0.984375 0.564360
vt 0.984375 0.564339
vt 0.984375 0.564314
f 3011/3687/3011 1800/3688/1800 1494/3689/1494
vt 0.706054 0.623769
vt 0.706051 0.623768
vt 0.706050 0.623757
f 1038/3690/1038 3092/3691/3092 3076/3692/3076
vt 0.235232 0.513201
vt 0.235222 0.513216
vt 0.235224 0.513213
f 3089/3693/3089 205/3694/205 2991/3695/2991
vt 0.468876 0.000017
vt 0.468849 0.000019
vt 0.468807 0.000013
f 3009/3696/3009 1585/3697/1585 3083/3698/3083
vt 0.876970 0.378151
vt 0.876963 0.378120
vt 0.876968 0.378113
f 3093/3699/3093 3094/3700/3094 3095/3701/3095
vt 0.876974 0.378166
vt 0.876968 0.378174
f 3096/3699/3096 3094/3702/3094 3097/3703/3097
vt 0.433472 0.693787
vt 0.433456 0.693802
vt 0.433430 0.693828
f 563/3704/563 2889/3705/2889 3087/3706/3087
vt 0.876974 0.378288
vt 0.876976 0.378265
f 1666/3707/1666 3093/3702/3093 2663/3708/2663
vt 0.433349 0.081141
vt 0.433349 0.081144
vt 0.433349 0.081174
f 3098/3709/3098 2877/3710/2877 3099/3711/3099
vt 0.433424 0.693833
vt 0.433371 0.693884
vt 0.433418 0.693838
f 1804/3712/1804 819/3713/819 2889/3714/2889
vt 0.959351 0.344788
vt 0.959335 0.344849
vt 0.959343 0.344788
f 3100/3715/3100 321/3716/321 2285/3717/2285
vt 0.497715 0.509305
vt 0.497714 0.509305
vt 0.497714 0.509303
f 1956/3718/1956 3042/3719/3042 3080/3720/3080
vt 0.387613 0.122303
vt 0.387622 0.122309
vt 0.387626 0.122312
f 2240/3721/2240 1199/3722/1199 3002/3723/3002
vt 0.234791 0.514398
vt 0.234788 0.514407
vt 0.234790 0.514402
f 2410/3724/2410 3101/3725/3101 3102/3726/3102
vt 0.323424 0.281556
vt 0.323424 0.281556
vt 0.323425 0.281556
f 1122/3727/1122 2679/3728/2679 3098/3729/3098
vt 0.175020 0.760959
vt 0.175018 0.760957
vt 0.175020 0.760958
f 426/3730/426 3103/3731/3103 3038/3732/3038
vt 0.959293 0.345001
vt 0.959291 0.344986
vt 0.959303 0.344955
f 571/3733/571 3097/3734/3097 2285/3735/2285
vt 0.995270 0.350861
vt 0.995239 0.350830
vt 0.995270 0.350739
f 332/3736/332 3100/3737/3100 2097/3738/2097
vt 0.453720 0.250549
vt 0.453682 0.250542
vt 0.453697 0.250542
f 2280/3739/2280 3099/3740/3099 2243/3741/2243
vt 0.990025 0.230728
vt 0.990036 0.230713
vt 0.990040 0.230728
f 2975/3742/2975 3046/3743/3046 1262/3744/1262
vt 0.996967 0.084255
vt 0.996964 0.084213
f 2737/3745/2737 2770/3746/2770 2650/2439/2650
vt 0.798470 0.994591
vt 0.798462 0.994599
vt 0.798470 0.994591
f 3106/3747/3106 2316/3748/2316 2171/3749/2171
vt 0.481826 0.429234
vt 0.481825 0.429235
vt 0.481824 0.429235
f 3108/3750/3108 3109/3751/3109 2199/3752/2199
vt 0.150622 0.871605
vt 0.150622 0.871605
vt 0.150627 0.871597
f 3112/3753/3112 3113/3754/3113 2799/3755/2799
vt 0.999977 0.224533
vt 0.999977 0.224564
vt 0.999969 0.224579
f 402/3756/402 1022/3757/1022 3061/3758/3061
vt 0.243058 0.765139
vt 0.243062 0.765137
vt 0.243058 0.765140
f 3111/3759/3111 2436/3760/2436 3114/3761/3114
vt 0.798592 0.994503
vt 0.798592 0.994503
vt 0.798592 0.994495
f 3106/3762/3106 2327/3763/2327 3115/3764/3115
vt 0.798584 0.994537
vt 0.798588 0.994516
vt 0.798588 0.994516
f 3115/3765/3115 1789/3766/1789 3449/3767/3449
vt 0.222412 0.999969
vt 0.222351 0.999954
vt 0.222656 1.000000
f 74/3768/74 3116/3769/3116 652/3770/652
vt 0.798954 0.985428
vt 0.798952 0.985420
vt 0.798964 0.985405
f 3107/3771/3107 1276/3772/1276 2959/3773/2959
vt 0.218899 0.014655
vt 0.218900 0.014649
vt 0.218900 0.014650
f 3252/3774/3252 934/3775/934 1648/3776/1648
vt 0.534000 0.270016
vt 0.534016 0.270061
f 1839/1120/1839 3118/3777/3118 3119/3778/3119
vt 0.813877 0.768597
vt 0.813885 0.768559
vt 0.813881 0.768608
f 953/3779/953 2839/3780/2839 3107/3781/3107
vt 0.532925 0.267765
vt 0.532921 0.267738
vt 0.532932 0.267757
f 3118/3782/3118 1434/3783/1434 1435/3784/1435
vt 0.373064 0.454972
vt 0.373061 0.454975
vt 0.373063 0.454973
f 3411/3785/3411 3109/3786/3109 3101/3787/3101
vt 0.516041 0.815503
vt 0.516042 0.815503
vt 0.516039 0.815509
f 3120/3788/3120 605/3789/605 2259/3790/2259
vt 0.373067 0.454969
vt 0.373040 0.454998
vt 0.373054 0.454982
f 591/3791/591 2931/3792/2931 3241/3793/3241
vt 0.875820 0.378891
vt 0.875804 0.378887
f 2673/2481/2673 3440/3794/3440 3095/3795/3095
vt 0.235129 0.514220
vt 0.235131 0.514216
vt 0.235127 0.514223
f 3121/3796/3121 2780/3797/2780 2709/3798/2709
vt 0.997681 0.999725
vt 0.997559 0.999786
vt 0.997681 0.999695
f 1919/3799/1919 2522/3800/2522 2210/3801/2210
vt 0.235115 0.514245
vt 0.235116 0.514242
vt 0.235113 0.514247
f 2903/3802/2903 3121/3803/3121 3088/3804/3088
vt 0.879076 0.531250
vt 0.879066 0.531250
vt 0.879068 0.531250
f 3050/3805/3050 2212/3806/2212 1911/3807/1911
vt 0.515720 0.817008
vt 0.515724 0.817001
vt 0.515720 0.817009
f 88/3808/88 3292/3809/3292 3122/3810/3122
vt 0.815079 0.773293
vt 0.815086 0.773315
vt 0.815086 0.773323
f 3350/3811/3350 1272/3812/1272 2203/3813/2203
vt 0.298538 0.702950
vt 0.298531 0.702950
vt 0.298508 0.702942
f 215/3814/215 3123/3815/3123 2684/3816/2684
vt 0.009033 0.112885
vt 0.009033 0.112885
vt 0.009033 0.112854
f 2781/3817/2781 1945/3818/1945 3124/3819/3124
vt 0.003174 0.119873
vt 0.003326 0.119690
vt 0.003326 0.119690
f 3124/3820/3124 1942/3821/1942 3125/3822/3125
vt 0.218801 0.001355
vt 0.218802 0.001360
vt 0.218801 0.001359
f 3078/3823/3078 3278/3824/3278 1792/3825/1792
vt 0.324759 0.738111
vt 0.324746 0.738114
vt 0.324752 0.738112
f 3123/3826/3123 3110/3827/3110 3288/3828/3288
vt 0.012833 0.073822
vt 0.012909 0.073792
f 3125/3829/3125 1071/3829/1071 181/3830/181
vt 0.958759 0.009111
f 3126/3831/3126 1255/3831/1255 2506/2161/2506
vt 0.837257 0.430084
vt 0.837250 0.430084
vt 0.837227 0.430054
f 3127/3832/3127 3128/3833/3128 2373/3834/2373
vt 0.002823 0.297455
vt 0.002808 0.297485
vt 0.002762 0.297455
f 3309/3835/3309 2012/3836/2012 1058/3837/1058
vt 0.533979 0.270021
vt 0.533978 0.270008
vt 0.533991 0.270041
f 1136/3838/1136 2181/3839/2181 1837/3840/1837
vt 0.047146 0.378536
vt 0.047146 0.378475
vt 0.047150 0.378510
f 1489/3841/1489 2961/3842/2961 3129/3843/3129
vt 0.999329 0.233398
vt 0.999329 0.233521
vt 0.999268 0.233521
f 2597/3844/2597 3130/3845/3130 3131/3846/3131
vt 0.953278 0.352661
vt 0.953247 0.352661
vt 0.953278 0.352539
f 1184/3847/1184 2232/3848/2232 3131/3849/3131
vt 0.396484 0.002243
vt 0.396423 0.002274
vt 0.396423 0.002258
f 870/3850/870 2915/3851/2915 1190/3852/1190
vt 0.984375 0.571899
vt 0.984375 0.571869
vt 0.984375 0.571945
f 2819/3853/2819 1542/3854/1542 3014/3855/3014
vt 0.326683 0.281281
vt 0.326675 0.281296
f 1200/301/1200 1382/3856/1382 1617/3857/1617
vt 0.640617 0.014175
vt 0.640617 0.014145
vt 0.640625 0.014191
f 1318/3858/1318 1321/3859/1321 3132/3860/3132
vt 0.837311 0.430145
vt 0.837288 0.430115
f 1362/3861/1362 3127/3832/3127 3230/3862/3230
vt 0.620957 0.052314
vt 0.620972 0.052307
vt 0.620911 0.052338
f 829/3863/829 884/3864/884 3133/3865/3133
vt 0.649750 0.365906
vt 0.649734 0.365921
vt 0.649673 0.365952
f 2429/3866/2429 1677/3867/1677 3134/3868/3134
vt 0.649666 0.365974
vt 0.649635 0.366005
vt 0.649628 0.365997
f 2397/3869/2397 3134/3870/3134 1436/3871/1436
vt 0.767853 0.260620
vt 0.767841 0.260658
vt 0.767849 0.260628
f 230/3872/230 1313/3873/1313 2298/3874/2298
vt 0.164797 0.267037
vt 0.164795 0.267029
vt 0.164801 0.267024
f 3269/3875/3269 2602/3876/2602 3253/3877/3253
vt 0.007305 0.925283
vt 0.007339 0.925270
f 1429/593/1429 1701/3878/1701 3112/3879/3112
vt 0.994251 0.545528
vt 0.994267 0.545522
f 160/3880/160 1495/668/1495 1493/3881/1493
vt 0.804733 0.588509
vt 0.804747 0.588492
f 1574/768/1574 2941/3882/2941 449/3883/449
vt 0.534542 0.269962
vt 0.534546 0.269958
vt 0.534573 0.269993
f 1836/3884/1836 3119/3885/3119 3136/3886/3136
vt 0.534481 0.269871
vt 0.534500 0.269882
vt 0.534512 0.269901
f 3136/3887/3136 3117/3888/3117 1597/3889/1597
vt 0.374566 0.453399
vt 0.374567 0.453399
vt 0.374560 0.453406
f 1672/3890/1672 834/3891/834 2482/3892/2482
vt 0.620092 0.052711
vt 0.620090 0.052711
vt 0.620091 0.052711
f 1033/3893/1033 1643/3894/1643 3394/3895/3394
vt 0.621140 0.052200
vt 0.621140 0.052199
vt 0.621147 0.052197
f 412/3896/412 3133/3897/3133 884/3898/884
vt 0.582026 0.001657
vt 0.582027 0.001649
vt 0.582029 0.001656
f 3135/3899/3135 1081/3900/1081 1755/3901/1755
vt 0.775536 0.000053
vt 0.775517 0.000050
vt 0.775677 0.000057
f 974/3902/974 3137/3903/3137 3138/3904/3138
vt 0.775379 0.000034
vt 0.775421 0.000031
vt 0.775501 0.000034
f 3137/3905/3137 3431/3906/3431 905/3907/905
vt 0.527679 0.627863
vt 0.527675 0.627864
vt 0.527673 0.627864
f 1674/3908/1674 910/3909/910 304/3910/304
vt 0.839691 0.428142
vt 0.839722 0.428129
vt 0.839813 0.428094
f 3364/3911/3364 1972/3912/1972 3128/3913/3128
vt 0.705856 0.623718
vt 0.705811 0.623703
vt 0.705826 0.623703
f 3139/3914/3139 268/3915/268 3239/3916/3239
vt 0.047136 0.379030
vt 0.047134 0.378922
vt 0.047136 0.378908
f 3129/3917/3129 2954/3918/2954 2832/3919/2832
vt 0.522885 0.631813
vt 0.522887 0.631813
vt 0.522865 0.631821
f 1948/3920/1948 2083/3921/2083 3140/3922/3140
vt 0.522855 0.631824
vt 0.522847 0.631828
vt 0.522835 0.631832
f 3140/3923/3140 2486/3924/2486 3141/3925/3141
vt 0.527170 0.627923
vt 0.527163 0.627928
vt 0.527172 0.627921
f 3250/3926/3250 56/3927/56 3039/3928/3039
vt 0.590038 0.674438
vt 0.590048 0.674431
f 1162/1375/1162 1673/3929/1673 3233/3930/3233
vt 0.994049 0.231079
vt 0.994064 0.231079
vt 0.994064 0.231140
f 668/3931/668 3143/3932/3143 2131/3933/2131
vt 0.003380 0.302643
vt 0.003391 0.302658
vt 0.003384 0.302689
f 1058/3934/1058 3145/3935/3145 1224/3936/1224
vt 0.870159 0.404205
vt 0.870167 0.404190
vt 0.870171 0.404190
f 3146/3937/3146 3147/3938/3147 2000/3939/2000
vt 0.462421 0.678612
vt 0.462421 0.678608
f 2182/1596/2182 2222/3940/2222 2277/3941/2277
vt 0.251363 0.174372
vt 0.251353 0.174383
vt 0.251356 0.174374
f 995/3942/995 3148/3943/3148 2070/3944/2070
vt 0.879136 0.531250
vt 0.879135 0.531250
f 2212/3945/2212 842/3945/842 2159/3946/2159
vt 0.203137 0.060302
vt 0.203138 0.060315
vt 0.203137 0.060325
f 3068/3947/3068 3148/3948/3148 2807/3949/2807
vt 0.879086 0.531250
vt 0.879096 0.531250
vt 0.879087 0.531250
f 3149/3950/3149 2213/3951/2213 2247/3952/2247
vt 0.879077 0.531250
vt 0.879068 0.531250
vt 0.879067 0.531250
f 3149/3953/3149 2096/3954/2096 2283/3955/2283
vt 0.210656 0.917054
vt 0.210654 0.917055
vt 0.210653 0.917055
f 3070/3956/3070 1475/3957/1475 3150/3958/3150
vt 0.631509 0.782280
vt 0.631509 0.782280
vt 0.631508 0.782272
f 2334/3959/2334 1929/3960/1929 1554/3961/1554
vt 0.816299 0.772827
vt 0.816303 0.772823
f 2350/1892/2350 1269/3962/1269 2351/3963/2351
vt 0.374368 0.453542
vt 0.374370 0.453540
f 2410/3964/2410 391/3965/391 3025/1997/3025
vt 0.775328 0.444109
vt 0.775330 0.444107
vt 0.775328 0.444124
f 1999/3966/1999 1909/3967/1909 3151/3968/3151
vt 0.775387 0.444014
vt 0.775387 0.444006
vt 0.775391 0.444008
f 3152/3969/3152 3151/3970/3151 1922/3971/1922
vt 0.429934 0.699534
vt 0.429939 0.699535
f 126/2165/126 2507/3972/2507 1371/3973/1371
vt 0.476052 0.992753
vt 0.476060 0.992730
vt 0.476048 0.992771
f 606/3974/606 3150/3975/3150 1066/3976/1066
vt 0.237312 0.510206
vt 0.237292 0.510238
vt 0.237296 0.510231
f 2555/3977/2555 3348/3978/3348 3154/3979/3154
vt 0.706623 0.624401
vt 0.706638 0.624416
f 3139/3980/3139 3092/3981/3092 1088/170/1088
vt 0.006714 0.238434
vt 0.006592 0.238556
vt 0.006714 0.238403
f 2654/3982/2654 2655/3983/2655 2432/3984/2432
vt 0.010078 0.202942
vt 0.010086 0.202881
vt 0.010094 0.202942
f 2699/3985/2699 1621/3986/1621 846/3987/846
vt 0.008258 0.924966
vt 0.008294 0.924954
vt 0.008295 0.924954
f 1440/3988/1440 1431/3989/1431 1028/3990/1028
vt 0.999184 0.546852
vt 0.999222 0.546844
vt 0.999199 0.546852
f 3007/3991/3007 2725/3992/2725 3155/3993/3155
vt 0.208561 0.917743
vt 0.208571 0.917739
vt 0.208606 0.917727
f 2728/3994/2728 2444/3995/2444 3373/3996/3373
vt 0.908203 0.004517
vt 0.908205 0.004520
vt 0.908203 0.004524
f 501/3997/501 3156/3998/3156 2818/3999/2818
vt 0.908207 0.004509
vt 0.908209 0.004513
f 3156/3998/3156 3389/4000/3389 3138/4001/3138
vt 0.007874 0.114052
vt 0.007812 0.114090
f 846/4002/846 2433/4003/2433 2793/2743/2793
vt 0.999359 0.232849
vt 0.999359 0.232819
vt 0.999390 0.232819
f 1031/4004/1031 827/4005/827 2925/4006/2925
vt 0.007606 0.925113
vt 0.007547 0.925130
vt 0.007565 0.925124
f 3157/4007/3157 428/4008/428 2688/4009/2688
vt 0.327648 0.281254
vt 0.327644 0.281265
vt 0.327641 0.281269
f 3382/4010/3382 2170/4011/2170 3053/4012/3053
vt 0.462980 0.677897
vt 0.462975 0.677904
f 2112/4013/2112 2938/4014/2938 2940/3171/2940
vt 0.876427 0.377090
vt 0.876426 0.377089
vt 0.876431 0.377083
f 574/4015/574 3301/4016/3301 2196/4017/2196
vt 0.535023 0.277325
vt 0.535019 0.277328
f 2948/3189/2948 2642/4018/2642 2637/4019/2637
vt 0.310059 0.690010
vt 0.310066 0.689999
f 2965/3257/2965 2536/4020/2536 186/4021/186
vt 0.999863 0.221245
vt 0.999855 0.221279
vt 0.999847 0.221306
f 276/4022/276 191/4023/191 3189/4024/3189
vt 0.220142 0.001723
vt 0.220125 0.001705
f 2854/4025/2854 1349/4026/1349 3004/3385/3004
vt 0.989990 0.233398
vt 0.989960 0.233398
vt 0.989971 0.233391
f 668/4027/668 2474/4028/2474 3143/4029/3143
vt 0.359425 0.991375
vt 0.359430 0.991354
vt 0.359426 0.991388
f 2468/4030/2468 3392/4031/3392 2469/4032/2469
vt 0.323603 0.282638
vt 0.323610 0.282639
f 2064/3573/2064 3058/4033/3058 3032/4034/3032
vt 0.590052 0.674427
vt 0.590036 0.674435
vt 0.590042 0.674431
f 2039/4035/2039 3144/4036/3144 3323/4037/3323
vt 0.311335 0.688867
vt 0.311362 0.688840
f 3081/3658/3081 3154/4038/3154 2983/4039/2983
vt 0.515728 0.816993
vt 0.515728 0.816992
vt 0.515732 0.816985
f 3292/4040/3292 847/4041/847 2258/4042/2258
vt 0.247444 0.429337
vt 0.247452 0.429329
vt 0.247459 0.429329
f 2767/4043/2767 2146/4044/2146 1811/4045/1811
vt 0.046945 0.375085
vt 0.046947 0.375072
f 992/98/992 878/4046/878 2814/4047/2814
vt 0.994209 0.730362
vt 0.994186 0.730392
vt 0.994194 0.730377
f 1587/4048/1587 2202/4049/2202 1004/4050/1004
vt 0.416164 0.990700
vt 0.416149 0.990700
vt 0.416168 0.990692
f 3205/4051/3205 1752/4052/1752 3065/4053/3065
vt 0.655838 0.372910
vt 0.655830 0.372902
vt 0.655830 0.372871
f 2265/4054/2265 1310/4055/1310 2510/4056/2510
vt 0.843136 0.436745
vt 0.843140 0.436752
f 1159/666/1159 3227/4057/3227 1160/4058/1160
vt 0.997290 0.084566
vt 0.997284 0.084564
vt 0.997282 0.084543
f 1515/4059/1515 2736/4060/2736 3160/4061/3160
vt 0.584885 0.003719
vt 0.584808 0.003746
vt 0.584854 0.003727
f 2614/4062/2614 860/4063/860 2635/4064/2635
vt 0.795792 0.999977
vt 0.795593 0.999969
f 1788/4065/1788 3161/4066/3161 2393/1062/2393
vt 0.681755 0.828011
vt 0.681767 0.828007
f 1928/1234/1928 33/4067/33 2225/4068/2225
vt 0.555938 0.705072
vt 0.555926 0.705082
vt 0.555927 0.705081
f 551/4069/551 3162/4070/3162 3051/4071/3051
vt 0.520447 0.632711
vt 0.520464 0.632706
vt 0.520470 0.632704
f 1964/4072/1964 3172/4073/3172 1959/4074/1959
vt 0.543545 0.266924
vt 0.543545 0.266926
vt 0.543541 0.266928
f 3163/4075/3163 2142/4076/2142 2989/4077/2989
vt 0.543362 0.266941
vt 0.543362 0.266939
vt 0.543365 0.266939
f 2756/4078/2756 1007/4079/1007 3163/4080/3163
vt 0.167366 0.268198
vt 0.167374 0.268188
f 2147/1539/2147 2143/4081/2143 1758/4082/1758
vt 0.367859 0.458603
vt 0.367863 0.458601
vt 0.367874 0.458603
f 746/4083/746 2943/4084/2943 1457/4085/1457
vt 0.856361 0.299461
vt 0.856355 0.299457
vt 0.856367 0.299463
f 514/4086/514 3164/4087/3164 3327/4088/3327
vt 0.856352 0.299456
vt 0.856345 0.299451
f 3164/4087/3164 3165/4089/3165 1808/4090/1808
vt 0.432636 0.694459
vt 0.432632 0.694462
vt 0.432697 0.694398
f 2207/4091/2207 1370/4092/1370 2403/4093/2403
vt 0.655871 0.365836
vt 0.655869 0.365834
vt 0.655870 0.365831
f 3166/4094/3166 1921/4095/1921 218/4096/218
vt 0.528491 0.626944
vt 0.528560 0.626894
vt 0.528492 0.626944
f 3167/4097/3167 2846/4098/2846 3022/4099/3022
vt 0.769520 0.257119
vt 0.769521 0.257105
f 2317/1828/2317 3165/4100/3165 1690/4101/1690
vt 0.046940 0.375095
vt 0.046940 0.375065
vt 0.046944 0.375099
f 2721/4102/2721 25/4103/25 879/4104/879
vt 0.417448 0.988865
vt 0.417433 0.988880
vt 0.417435 0.988876
f 2468/4105/2468 3396/4106/3396 3391/4107/3391
vt 0.874374 0.399289
vt 0.874385 0.399275
f 3166/4108/3166 2504/4109/2504 2502/2149/2502
vt 0.297188 0.999222
vt 0.297195 0.999176
vt 0.297203 0.999252
f 904/4110/904 3366/4111/3366 3168/4112/3168
vt 0.235136 0.514210
vt 0.235137 0.514209
f 2768/4113/2768 729/4114/729 3088/2697/3088
vt 0.482097 0.429025
vt 0.482096 0.429024
vt 0.482098 0.429025
f 2383/4115/2383 2271/4116/2271 2847/4117/2847
vt 0.430698 0.698732
vt 0.430698 0.698736
vt 0.430695 0.698734
f 3169/4118/3169 1129/4119/1129 2250/4120/2250
vt 0.007470 0.925229
vt 0.007450 0.925234
vt 0.007466 0.925227
f 1432/4121/1432 1430/4122/1430 3170/4123/3170
vt 0.000015 0.672256
vt 0.000000 0.672241
vt 0.000015 0.672134
f 1252/4124/1252 3173/4125/3173 2488/4126/2488
vt 0.820968 0.016258
vt 0.820955 0.016281
vt 0.820958 0.016273
f 1809/4127/1809 2302/4128/2302 3174/4129/3174
vt 0.002499 0.297050
vt 0.002491 0.297035
vt 0.002541 0.297073
f 2153/4130/2153 2813/4131/2813 1344/4132/1344
vt 0.871367 0.402986
vt 0.871329 0.403008
vt 0.871330 0.403008
f 3175/4133/3175 3146/4134/3146 3152/4135/3152
vt 0.871370 0.402981
vt 0.871378 0.402973
vt 0.871376 0.402977
f 2947/4136/2947 3175/4137/3175 1821/4138/1821
vt 0.555923 0.705086
vt 0.555921 0.705087
f 3003/3380/3003 2794/4139/2794 3162/4140/3162
vt 0.753216 0.250376
vt 0.753242 0.250378
vt 0.753239 0.250380
f 1536/4141/1536 3257/4142/3257 3258/4143/3258
vt 0.303032 0.984634
vt 0.303032 0.984604
vt 0.303040 0.984650
f 52/4144/52 3168/4145/3168 3066/4146/3066
vt 0.004829 0.799133
vt 0.004852 0.799103
vt 0.004860 0.799103
f 3113/4147/3113 426/4148/426 282/4149/282
vt 0.482142 0.429026
vt 0.482143 0.429024
vt 0.482143 0.429025
f 3142/4150/3142 3167/4151/3167 2859/4152/2859
vt 0.003403 0.302673
vt 0.003407 0.302719
f 3145/3935/3145 944/4153/944 2658/4154/2658
vt 0.870152 0.404205
vt 0.870157 0.404198
f 866/4155/866 3289/4156/3289 3147/3938/3147
vt 0.820942 0.016312
vt 0.820940 0.016312
vt 0.820948 0.016296
f 3174/4157/3174 2882/4158/2882 1389/4159/1389
vt 0.359434 0.991381
vt 0.359428 0.991402
f 3310/4032/3310 3159/4160/3159 2513/4161/2513
vt 1.000000 0.346924
vt 1.000000 0.347168
vt 0.999939 0.346985
f 90/4162/90 331/4163/331 867/4164/867
vt 0.999939 0.347107
f 278/4165/278 867/4164/867 331/4163/331
vt 0.963684 0.000275
vt 0.963562 0.000336
vt 0.963501 0.000305
f 868/4166/868 869/4167/869 5/4168/5
vt 0.226471 0.007782
vt 0.226456 0.007736
vt 0.226501 0.007751
f 870/4169/870 364/4170/364 18/4171/18
vt 0.999170 0.082258
vt 0.999188 0.082175
vt 0.999176 0.082245
f 644/4172/644 3335/4173/3335 156/4174/156
vt 0.837807 0.428612
vt 0.837799 0.428619
f 871/397/871 872/4175/872 136/4176/136
vt 0.993088 0.546616
vt 0.993164 0.546631
f 375/417/375 873/4177/873 283/4178/283
vt 0.994995 0.546265
f 55/4179/55 874/1/874 876/3/876
vt 0.994690 0.546204
f 874/1/874 1296/4180/1296 875/2/875
vt 0.994965 0.546234
f 876/3/876 874/2/874 377/4181/377
vt 0.000061 0.610168
vt 0.000000 0.610352
vt 0.000000 0.609863
f 314/4182/314 58/4183/58 385/4184/385
vt 0.007080 0.421875
vt 0.007034 0.421890
f 388/4185/388 877/4/877 3191/4186/3191
vt 0.838715 0.431763
f 881/7/881 400/4187/400 1362/8/1362
vt 0.838730 0.431763
f 881/9/881 1362/8/1362 872/4188/872
vt 0.999985 0.848251
vt 0.999985 0.848007
vt 0.999992 0.848198
f 421/4189/421 3332/4190/3332 882/4191/882
vt 0.999985 0.847763
f 3332/4190/3332 249/4192/249 882/563/882
f 421/4191/421 882/563/882 1405/562/1405
vt 0.475891 0.000031
f 123/4193/123 761/10/761 884/12/884
vt 0.475830 0.000000
f 884/12/884 883/11/883 412/4194/412
vt 0.474670 0.000031
f 885/13/885 252/4195/252 886/14/886
f 887/15/887 886/14/886 67/621/67
vt 0.335938 0.935852
f 512/4196/512 888/16/888 890/18/890
vt 0.335815 0.935883
f 888/16/888 68/4197/68 889/17/889
vt 0.335815 0.935822
f 890/18/890 889/17/889 445/4198/445
f 256/19/256 891/19/891 893/20/893
f 891/19/891 443/19/443 892/20/892
vt 0.984375 0.562500
f 893/20/893 892/20/892 419/4199/419
vt 0.400391 0.000618
f 3313/4200/3313 894/21/894 896/23/896
vt 0.400513 0.000580
f 894/21/894 415/4201/415 895/22/895
vt 0.400513 0.000587
f 896/23/896 895/22/895 787/4202/787
vt 0.203442 0.057106
vt 0.203444 0.057102
vt 0.203446 0.057127
f 293/4203/293 1684/4204/1684 3207/4205/3207
vt 0.203445 0.057098
vt 0.203447 0.057125
f 2269/4204/2269 841/4206/841 3207/4207/3207
vt 0.955231 0.353577
f 516/4208/516 899/24/899 901/26/901
vt 0.955246 0.353546
f 899/24/899 44/4209/44 900/25/900
vt 0.955276 0.353607
f 901/26/901 900/25/900 517/4210/517
vt 0.187442 0.189435
vt 0.187442 0.189442
vt 0.187442 0.189435
f 3374/4211/3374 902/4212/902 1689/4213/1689
vt 0.187442 0.189450
f 902/4212/902 1706/4214/1706 3337/939/3337
vt 0.187442 0.189435
vt 0.187442 0.189435
f 1689/4215/1689 3337/939/3337 118/4216/118
vt 0.248428 0.765549
vt 0.248367 0.765549
vt 0.248405 0.765541
f 68/4217/68 903/4218/903 2489/4219/2489
vt 0.248344 0.765541
vt 0.248383 0.765533
f 2489/4219/2489 903/4220/903 522/4221/522
vt 0.296906 0.998474
vt 0.296906 0.998596
vt 0.296890 0.998566
f 3176/4222/3176 904/4223/904 3353/4224/3353
vt 0.775223 0.000015
vt 0.775185 0.000008
vt 0.775345 0.000015
f 3243/4225/3243 905/4226/905 906/4227/906
vt 0.775146 0.000000
vt 0.775307 0.000008
f 905/4226/905 1781/4228/1781 906/4229/906
vt 0.484497 0.985962
f 908/29/908 3403/4230/3403 907/27/907
vt 0.007599 0.071930
vt 0.007568 0.071899
f 39/4231/39 909/1125/909 290/4232/290
vt 0.527681 0.627863
vt 0.527672 0.627865
f 316/4233/316 173/4234/173 910/3909/910
vt 0.208588 0.175873
f 564/4235/564 911/30/911 913/32/913
vt 0.208679 0.175842
f 911/30/911 1861/4236/1861 912/31/912
vt 0.208710 0.175873
f 913/32/913 912/31/912 30/4237/30
vt 0.703918 0.624268
f 826/4238/826 914/33/914 916/35/916
vt 0.703949 0.624298
f 916/35/916 915/34/915 541/4239/541
vt 0.002228 0.120789
vt 0.002258 0.120728
f 917/4240/917 666/4241/666 918/1247/918
f 1967/1271/1967 919/36/919 921/38/921
vt 0.149443 0.873718
f 919/36/919 3199/4242/3199 920/37/920
vt 0.149479 0.873657
f 921/38/921 920/37/920 428/4243/428
vt 0.473485 0.997261
f 576/4244/576 922/39/922 923/41/923
vt 0.473503 0.997237
f 922/39/922 128/4245/128 1989/40/1989
vt 0.473506 0.997237
f 923/41/923 1989/40/1989 3274/4246/3274
vt 0.773529 0.448537
f 271/4247/271 924/42/924 926/44/926
vt 0.773529 0.448536
f 924/42/924 3437/4248/3437 925/43/925
vt 0.773560 0.448472
f 926/44/926 925/43/925 613/4249/613
vt 0.250534 0.685364
f 927/45/927 486/4250/486 928/46/928
vt 0.250519 0.685181
f 929/47/929 928/46/928 189/4251/189
vt 0.814240 0.779022
f 108/4252/108 930/48/930 932/50/932
vt 0.814240 0.778992
f 930/48/930 472/4253/472 931/49/931
vt 0.814270 0.779083
f 932/50/932 931/49/931 372/4254/372
vt 0.218880 0.014866
f 610/4255/610 933/51/933 935/53/935
vt 0.218884 0.014830
f 933/51/933 803/4256/803 934/52/934
vt 0.218884 0.014845
f 935/53/935 934/52/934 301/4257/301
vt 0.618462 0.053459
vt 0.618458 0.053463
f 499/4258/499 936/1415/936 937/4259/937
vt 0.618462 0.053463
vt 0.618456 0.053465
f 937/4259/937 3379/4260/3379 3399/4261/3399
vt 0.051544 0.381927
vt 0.051506 0.382011
vt 0.051533 0.381947
f 938/4262/938 171/4263/171 939/4264/939
vt 0.212906 0.918594
f 1877/4265/1877 941/54/941 943/56/943
vt 0.212738 0.918671
f 941/54/941 386/4266/386 942/55/942
vt 0.212814 0.918625
f 943/56/943 942/55/942 547/4267/547
vt 0.015479 0.283223
f 272/4268/272 2009/57/2009 945/59/945
vt 0.015478 0.283163
f 2009/57/2009 750/4269/750 944/58/944
vt 0.015478 0.283136
f 945/59/945 944/58/944 2012/4270/2012
vt 0.000244 0.001221
vt 0.000122 0.000610
vt 0.000305 0.001282
f 656/4271/656 3344/4272/3344 946/4273/946
vt 0.000366 0.001343
vt 0.000244 0.000732
vt 0.000488 0.001465
f 946/4274/946 1026/4275/1026 655/4276/655
vt 0.639900 0.004715
f 313/4277/313 947/60/947 949/62/949
vt 0.639870 0.004654
f 947/60/947 35/4278/35 948/61/948
vt 0.639893 0.004639
f 949/62/949 948/61/948 99/4279/99
vt 0.780518 0.902214
f 950/63/950 573/4280/573 951/64/951
vt 0.780426 0.902176
f 952/65/952 951/64/951 20/4281/20
vt 0.815414 0.773956
f 824/4282/824 953/66/953 2201/68/2201
vt 0.815430 0.774017
f 953/66/953 620/4283/620 954/67/954
vt 0.815414 0.773987
f 2201/68/2201 954/67/954 639/4284/639
vt 0.164751 0.267625
vt 0.164749 0.267616
vt 0.164759 0.267598
f 2172/4285/2172 231/4286/231 955/4287/955
vt 0.164761 0.267607
vt 0.164768 0.267580
f 2172/4288/2172 955/4287/955 3407/4289/3407
vt 0.619312 0.053135
vt 0.619295 0.053144
vt 0.619297 0.053143
f 957/4290/957 956/4291/956 558/4292/558
vt 0.210746 0.914758
vt 0.210747 0.914757
vt 0.210773 0.914739
f 958/4293/958 386/4294/386 959/4295/959
vt 0.819414 0.019928
f 961/4296/961 232/69/232 960/71/960
vt 0.819536 0.019684
f 961/71/961 960/70/960 101/4297/101
vt 0.532921 0.272491
f 962/72/962 295/4298/295 963/73/963
vt 0.432655 0.694422
f 473/4299/473 3320/75/3320 965/77/965
vt 0.432739 0.694336
f 965/75/965 751/4300/751 625/76/625
vt 0.374599 0.453364
vt 0.374586 0.453378
f 500/4301/500 3361/1680/3361 966/4302/966
vt 0.374579 0.453385
vt 0.374572 0.453392
f 966/4302/966 2020/4303/2020 834/4304/834
vt 0.842735 0.436340
f 399/4305/399 967/78/967 968/80/968
vt 0.842758 0.436371
f 967/78/967 320/4306/320 638/79/638
vt 0.516204 0.817847
vt 0.516207 0.817838
vt 0.516207 0.817844
f 3274/4307/3274 969/4308/969 1889/4309/1889
vt 0.323669 0.282253
vt 0.323677 0.282253
vt 0.323677 0.282255
f 435/4310/435 970/4311/970 2085/4312/2085
vt 0.516188 0.817928
vt 0.516191 0.817909
f 220/4313/220 640/81/640 971/4314/971
vt 0.516202 0.817850
f 972/83/972 971/1749/971 3285/4315/3285
vt 0.634521 0.012573
vt 0.634674 0.012665
f 1150/4316/1150 3255/1814/3255 3290/4317/3290
vt 0.769058 0.000504
vt 0.769028 0.000504
vt 0.769081 0.000496
f 599/4318/599 973/4319/973 974/4320/974
vt 0.995945 0.546848
f 377/4321/377 975/84/975 876/86/876
vt 0.995949 0.546852
f 975/84/975 1297/4322/1297 976/85/976
vt 0.995800 0.546825
f 876/86/876 976/85/976 161/4323/161
vt 0.000031 0.421906
vt 0.000137 0.421890
f 849/4324/849 977/4325/977 389/1853/389
vt 0.523401 0.814419
f 480/4326/480 978/87/978 980/89/980
vt 0.523403 0.814415
f 978/87/978 551/4327/551 979/88/979
vt 0.523405 0.814426
f 980/89/980 979/88/979 255/4328/255
vt 0.991631 0.857384
f 577/4329/577 981/90/981 983/92/983
vt 0.991867 0.857407
f 981/90/981 187/4330/187 982/91/982
vt 0.790224 0.997764
f 573/4331/573 985/93/985 987/95/987
vt 0.790079 0.997745
f 985/93/985 665/4332/665 986/94/986
vt 0.790158 0.997755
f 987/95/987 986/94/986 148/4333/148
vt 0.187477 0.194832
vt 0.187476 0.194848
f 658/4334/658 988/1951/988 253/4335/253
vt 0.482178 0.429165
vt 0.482174 0.429161
f 2487/4336/2487 3256/4337/3256 990/2688/990
vt 0.046951 0.375076
f 359/4338/359 991/96/991 992/98/992
vt 0.046947 0.375134
f 991/96/991 451/4339/451 854/97/854
vt 0.984375 0.562683
vt 0.984375 0.562698
f 664/4340/664 993/4341/993 994/4341/994
vt 0.215363 0.173355
f 841/4342/841 995/99/995 897/101/897
vt 0.215454 0.173340
f 995/99/995 635/4343/635 996/100/996
vt 0.215485 0.173355
f 897/101/897 996/100/996 898/4344/898
vt 0.960205 0.000000
vt 0.960083 0.000000
vt 0.960449 0.000000
f 1862/4345/1862 3193/4346/3193 565/4347/565
vt 0.960083 0.000000
vt 0.959961 0.000000
f 2057/4348/2057 565/4347/565 3193/4349/3193
f 684/103/684 997/102/997 999/104/999
vt 0.774414 0.445183
f 997/102/997 32/4350/32 998/103/998
vt 0.774414 0.445198
f 999/104/999 998/103/998 603/4351/603
vt 0.251625 0.174850
f 264/4352/264 1000/105/1000 1002/107/1002
vt 0.251640 0.174881
f 1000/105/1000 636/4353/636 1001/106/1001
vt 0.251633 0.174896
f 1002/107/1002 1001/106/1001 424/4354/424
vt 0.994225 0.730331
vt 0.994217 0.730347
f 1003/4355/1003 855/4356/855 1004/4050/1004
vt 0.543289 0.266960
f 1005/108/1005 1838/4357/1838 1006/109/1006
vt 0.543303 0.266955
f 1007/110/1007 1006/109/1006 295/4358/295
vt 0.989044 0.232788
f 229/4359/229 1008/111/1008 1009/113/1009
vt 0.989052 0.232742
f 1008/111/1008 408/4360/408 54/112/54
vt 0.985107 0.999756
vt 0.984375 1.000000
vt 0.985229 0.999634
f 2553/4361/2553 42/4362/42 1010/4363/1010
vt 0.639778 0.003494
vt 0.639763 0.003525
f 1011/2110/1011 483/4364/483 164/4365/164
vt 0.620792 0.053181
f 499/4366/499 1012/114/1012 1014/116/1014
f 1012/114/1012 693/2146/693 1013/115/1013
vt 0.620779 0.053183
f 1014/116/1014 1013/115/1013 492/4367/492
vt 0.218901 0.014766
vt 0.218903 0.014740
f 532/4368/532 1015/2157/1015 692/4369/692
vt 0.773550 0.448471
f 613/4370/613 1016/117/1016 1017/119/1017
vt 0.773552 0.448467
f 1016/117/1016 32/4371/32 997/118/997
vt 0.773550 0.448475
f 1017/119/1017 997/118/997 684/4372/684
vt 0.676983 0.450851
vt 0.676964 0.450867
f 1018/2192/1018 1019/4373/1019 659/4374/659
vt 0.164436 0.268330
vt 0.164421 0.268360
vt 0.164417 0.268366
f 694/4375/694 1020/4376/1020 1021/4377/1021
vt 0.164413 0.268375
vt 0.164412 0.268378
f 1021/4376/1021 1020/4378/1020 3291/4379/3291
vt 0.995636 0.229980
f 1022/120/1022 402/4380/402 1023/121/1023
vt 0.995682 0.229858
f 1024/122/1024 1023/121/1023 54/4381/54
vt 0.006836 0.000000
vt 0.006596 0.000001
vt 0.006353 0.000002
f 2163/4382/2163 1025/4383/1025 1026/4384/1026
vt 0.006356 0.000003
vt 0.006114 0.000003
f 1025/4383/1025 655/4385/655 1026/4386/1026
vt 0.752452 0.576134
vt 0.752466 0.576113
f 1027/2245/1027 319/4387/319 659/4388/659
vt 0.008335 0.924944
vt 0.008331 0.924942
f 158/4389/158 1028/3990/1028 248/4390/248
vt 0.999756 0.233643
f 1029/123/1029 1620/4391/1620 1030/124/1030
vt 0.999817 0.233398
f 1031/125/1031 1030/124/1030 214/4392/214
vt 0.620124 0.052707
f 518/4393/518 1033/126/1033 2588/128/2588
vt 0.620126 0.052706
f 1033/126/1033 3394/4394/3394 1034/127/1034
vt 0.620125 0.052707
f 2588/128/2588 1034/127/1034 79/4395/79
vt 0.177119 0.757503
f 119/4396/119 1035/129/1035 1037/131/1037
vt 0.177111 0.757509
f 1037/131/1037 1036/130/1036 624/4397/624
vt 0.707130 0.624535
f 103/4398/103 2606/132/2606 1038/134/1038
vt 0.707039 0.624504
f 1038/134/1038 2607/133/2607 2381/4399/2381
vt 0.245071 0.364822
f 1607/4400/1607 1039/135/1039 1041/137/1041
vt 0.245087 0.364777
f 1039/135/1039 489/4401/489 1040/136/1040
vt 0.245102 0.364792
f 1041/137/1041 1040/136/1040 663/4402/663
vt 0.000061 0.124268
f 3236/4403/3236 1042/138/1042 1044/140/1044
vt 0.000061 0.124512
f 1042/138/1042 666/4404/666 1043/139/1043
vt 0.000000 0.124268
f 1044/140/1044 1043/139/1043 713/4405/713
vt 0.431107 0.695051
f 460/4406/460 1045/141/1045 1046/143/1046
vt 0.430984 0.695158
f 1045/141/1045 717/4407/717 2684/142/2684
vt 0.431030 0.695114
f 1046/143/1046 2684/142/2684 502/4408/502
vt 0.296875 0.992188
vt 0.296883 0.992294
vt 0.296879 0.992302
f 724/4409/724 53/4410/53 1048/4411/1048
vt 0.008591 0.485641
f 1049/144/1049 588/4412/588 1050/145/1050
vt 1.000000 0.232910
vt 0.999939 0.233032
vt 0.999939 0.232971
f 330/4413/330 3434/4414/3434 1052/4415/1052
vt 0.842133 0.424042
f 267/4416/267 1053/147/1053 1054/149/1054
vt 0.842102 0.424072
f 1053/147/1053 572/4417/572 1896/148/1896
vt 0.842102 0.424042
f 1054/149/1054 1896/148/1896 136/4418/136
f 690/4361/690 1010/150/1010 1055/4362/1055
f 1055/152/1055 4/4362/4 690/150/690
vt 0.002686 0.297363
vt 0.002777 0.297424
vt 0.002716 0.297424
f 864/4419/864 392/4420/392 1058/4421/1058
vt 0.988647 0.231567
vt 0.988617 0.231567
vt 0.988647 0.231506
f 227/4422/227 1059/4423/1059 3435/4424/3435
vt 0.400146 0.000549
f 1061/156/1061 1191/4425/1191 1062/157/1062
vt 0.400116 0.000572
f 1063/158/1063 1062/157/1062 3425/4426/3425
vt 0.333572 0.934616
vt 0.333557 0.934631
vt 0.333496 0.934631
f 3208/4427/3208 606/4428/606 1066/4429/1066
vt 0.333511 0.934616
vt 0.333435 0.934631
f 1067/4430/1067 1066/4429/1066 512/4431/512
vt 0.204742 0.050049
vt 0.204758 0.050049
vt 0.204758 0.050110
f 436/4432/436 1068/4433/1068 1070/4434/1070
vt 0.012878 0.073608
vt 0.012909 0.073547
vt 0.012970 0.073547
f 221/4435/221 1511/4436/1511 1071/4437/1071
vt 0.995464 0.857174
vt 0.995361 0.857178
vt 0.995342 0.857174
f 1072/4438/1072 405/4439/405 1073/4440/1073
f 1074/19/1074 256/19/256 893/20/893
f 1074/20/1074 893/20/893 419/4199/419
vt 0.125702 0.553490
f 303/4441/303 1076/162/1076 1078/164/1078
vt 0.125671 0.553513
f 1076/162/1076 122/4442/122 1077/163/1077
vt 0.125824 0.553368
f 1078/164/1078 1077/163/1077 140/4443/140
vt 0.324984 0.283617
vt 0.324985 0.283617
vt 0.324985 0.283618
f 1757/4444/1757 3384/4445/3384 1079/4446/1079
vt 0.324985 0.283617
vt 0.324985 0.283616
vt 0.324986 0.283617
f 3384/4447/3384 203/4448/203 1079/4449/1079
vt 0.582024 0.001513
vt 0.582024 0.001497
vt 0.582027 0.001512
f 1080/4450/1080 628/4451/628 1081/4452/1081
vt 0.296997 0.993408
vt 0.296997 0.993530
vt 0.296936 0.993530
f 724/4453/724 1048/4454/1048 1082/4455/1082
vt 0.296936 0.993652
vt 0.296875 0.993652
f 1082/4455/1082 3176/4456/3176 204/4457/204
vt 0.762451 0.250549
f 96/4458/96 1083/165/1083 1085/167/1085
vt 0.762451 0.250519
f 1085/167/1085 1084/166/1084 756/4459/756
vt 0.706635 0.624420
f 2381/4460/2381 1087/168/1087 1088/170/1088
vt 0.706558 0.624374
f 1087/168/1087 915/4461/915 914/169/914
vt 0.706604 0.624390
f 1088/170/1088 914/169/914 826/4462/826
vt 0.682800 0.828003
f 168/4463/168 1089/171/1089 1091/173/1091
vt 0.682785 0.828003
f 1089/171/1089 586/4464/586 1090/172/1090
vt 0.682800 0.827988
f 1091/173/1091 1090/172/1090 681/4465/681
vt 0.250504 0.684998
f 602/4466/602 1092/174/1092 1094/176/1094
vt 0.250504 0.685242
f 1092/174/1092 189/4467/189 1093/175/1093
vt 0.250488 0.685059
f 1094/176/1094 1093/175/1093 702/4468/702
vt 0.842804 0.436447
f 638/4469/638 1095/177/1095 1097/179/1097
vt 0.842850 0.436508
f 1095/177/1095 452/4470/452 1096/178/1096
vt 0.842834 0.436493
f 1097/179/1097 1096/178/1096 710/4471/710
vt 0.754883 0.251755
f 275/4472/275 1098/180/1098 1100/182/1100
vt 0.754883 0.251740
f 1098/180/1098 510/4473/510 1099/181/1099
vt 0.755127 0.251694
f 1100/182/1100 1099/181/1099 2703/4474/2703
vt 0.484497 0.996826
f 788/4475/788 1101/250/1101 51/249/51
vt 1.000000 0.233398
f 41/4476/41 1174/183/1174 1102/185/1102
vt 0.999878 0.233643
f 1174/183/1174 1620/4477/1620 1029/184/1029
vt 0.999969 0.233398
f 1102/185/1102 1029/184/1029 3434/4478/3434
vt 0.999878 0.354370
vt 0.999817 0.354431
vt 0.999817 0.354309
f 867/4479/867 1103/4480/1103 1104/4481/1104
vt 0.999756 0.354492
vt 0.999756 0.354370
f 1103/4480/1103 1893/4482/1893 1104/4483/1104
vt 0.130493 0.549561
f 281/4484/281 1105/186/1105 1107/188/1107
vt 0.130493 0.549500
f 1105/186/1105 280/4485/280 1106/187/1106
vt 0.130615 0.549561
f 1107/188/1107 1106/187/1106 1238/4486/1238
vt 0.632431 0.407593
f 56/4487/56 1108/189/1108 1110/191/1110
vt 0.632401 0.407593
f 1108/189/1108 285/4488/285 1109/190/1109
vt 0.632477 0.407471
f 1110/191/1110 1109/190/1109 284/4489/284
vt 0.644325 0.654785
f 322/4490/322 1111/192/1111 1113/194/1113
vt 0.644333 0.654785
f 1111/192/1111 315/4491/315 1112/193/1112
vt 0.644249 0.654907
f 1113/194/1113 1112/193/1112 37/4492/37
vt 0.219017 0.012447
f 183/4493/183 1116/195/1116 3398/197/3398
vt 0.219009 0.012428
f 1116/195/1116 509/4494/509 1117/196/1117
vt 0.219017 0.012432
vt 0.219017 0.012417
f 3398/4495/3398 1117/196/1117 293/4496/293
vt 0.543579 0.266579
f 1120/200/1120 1119/199/1119 295/4497/295
vt 0.245850 0.363647
vt 0.245865 0.363617
vt 0.245911 0.363586
f 843/4498/843 1121/4499/1121 418/4500/418
vt 0.455307 0.251236
f 2675/4501/2675 1122/201/1122 2619/203/2619
vt 0.455246 0.251175
f 1122/201/1122 66/4502/66 1123/202/1123
vt 0.455322 0.251221
f 2619/203/2619 1123/202/1123 177/4503/177
vt 0.120239 0.635469
f 122/4504/122 1124/204/1124 1126/206/1126
vt 0.119995 0.635530
f 1124/204/1124 298/4505/298 1125/205/1125
vt 0.120117 0.635498
f 1126/206/1126 1125/205/1125 523/4506/523
vt 0.106140 0.999725
vt 0.106110 0.999771
vt 0.106018 0.999786
f 505/4507/505 1127/4508/1127 216/4509/216
vt 0.430862 0.698759
vt 0.430847 0.698759
vt 0.430847 0.698757
f 1128/4510/1128 1129/4511/1129 865/4512/865
vt 0.580566 0.003540
f 1080/4513/1080 1130/207/1130 1132/209/1132
vt 0.580444 0.003571
f 1130/207/1130 543/4514/543 1131/208/1131
vt 0.580566 0.003418
f 1132/209/1132 1131/208/1131 558/4515/558
vt 0.236149 0.511921
f 2067/4516/2067 1133/210/1133 2995/212/2995
vt 0.236113 0.511984
f 1133/210/1133 12/4517/12 1134/211/1134
vt 0.236121 0.511966
f 2995/212/2995 1134/211/1134 302/4518/302
vt 0.533997 0.270081
vt 0.533981 0.270035
vt 0.533995 0.270067
f 80/4519/80 1135/4520/1135 1136/4521/1136
vt 0.533966 0.269989
f 1135/4520/1135 550/4522/550 1136/3838/1136
vt 0.184454 0.586128
f 365/4523/365 1137/213/1137 1138/215/1138
vt 0.184443 0.586113
f 1137/213/1137 303/4524/303 1078/214/1078
vt 0.184464 0.586121
f 1138/215/1138 1078/214/1078 140/4525/140
vt 0.661667 0.997964
vt 0.661606 0.997987
vt 0.661591 0.997993
f 1139/4526/1139 1140/4527/1140 213/4528/213
vt 0.497734 0.509293
f 1408/4529/1408 1141/216/1141 1143/218/1143
vt 0.497731 0.509314
f 1141/216/1141 305/4530/305 1142/217/1142
vt 0.497729 0.509287
f 1143/218/1143 1142/217/1142 3187/4531/3187
vt 0.150073 0.872658
vt 0.150091 0.872627
f 984/4532/984 1144/219/1144 3194/4533/3194
vt 0.150141 0.872543
f 1144/219/1144 133/4534/133 1145/220/1145
vt 0.150146 0.872536
f 3194/221/3194 1145/220/1145 308/4535/308
vt 0.481875 0.429298
vt 0.481876 0.429298
f 1669/224/1669 3361/4536/3361 500/4537/500
vt 0.210598 0.916836
f 1147/225/1147 630/4538/630 1148/226/1148
vt 0.210644 0.916821
f 3260/227/3260 1148/226/1148 201/4539/201
vt 0.398438 0.001465
vt 0.398376 0.001511
vt 0.398376 0.001480
f 18/4540/18 1149/4541/1149 870/4542/870
vt 0.398315 0.001556
vt 0.398315 0.001526
f 1149/4541/1149 416/4543/416 870/4544/870
vt 0.638046 0.006195
f 662/4545/662 313/228/313 1150/230/1150
vt 0.183872 0.586105
f 299/4546/299 1151/231/1151 2917/233/2917
vt 0.183880 0.586075
f 1151/231/1151 303/4547/303 1152/232/1152
vt 0.183891 0.586090
f 2917/233/2917 1152/232/1152 592/4548/592
vt 0.681519 0.827789
vt 0.681526 0.827789
vt 0.681519 0.827820
f 1154/4549/1154 1153/4550/1153 406/4551/406
vt 0.646370 0.655716
vt 0.646378 0.655716
vt 0.646362 0.655731
f 1155/4552/1155 1156/4553/1156 749/4554/749
vt 0.646393 0.656097
f 319/4555/319 1157/234/1157 1158/236/1158
vt 0.646400 0.656097
f 1157/234/1157 37/4556/37 1112/235/1112
vt 0.646393 0.656128
f 1158/236/1158 1112/235/1112 315/4557/315
vt 0.842697 0.436172
f 1095/237/1095 320/4558/320 1159/238/1159
vt 0.842705 0.436188
f 1095/239/1095 1159/238/1159 452/4559/452
vt 0.842712 0.436195
vt 0.842716 0.436203
f 452/4559/452 1159/4560/1159 1160/4561/1160
vt 0.527504 0.628151
vt 0.527496 0.628151
vt 0.527500 0.628147
f 2039/4562/2039 1161/4563/1161 1162/4564/1162
vt 0.527493 0.628147
vt 0.527496 0.628143
f 1162/4564/1162 1161/4565/1161 1830/4566/1830
vt 0.677917 0.827103
f 357/4567/357 1163/240/1163 1165/242/1165
vt 0.677734 0.827087
f 1165/242/1165 1164/241/1164 323/4568/323
vt 0.428711 0.823242
f 288/4569/288 1166/243/1166 1167/245/1167
vt 0.428467 0.823486
vt 0.428558 0.823364
f 1166/243/1166 847/4570/847 3292/4571/3292
vt 0.428833 0.822510
f 1421/4572/1421 1067/246/1067 3122/248/3122
vt 0.429199 0.822266
f 1067/246/1067 512/4573/512 1168/247/1168
vt 0.428772 0.822632
f 3122/248/3122 1168/247/1168 88/4574/88
vt 0.484497 0.997070
f 3406/4575/3406 1169/251/1169 1101/250/1101
vt 0.484375 0.997314
f 1169/251/1169 3406/4575/3406 328/4576/328
vt 1.000000 0.091064
f 329/4577/329 1170/252/1170 1171/254/1171
vt 1.000000 0.091309
f 1170/252/1170 191/4578/191 276/253/276
vt 1.000000 0.233154
vt 1.000000 0.233276
vt 1.000000 0.233154
f 330/4579/330 1172/4580/1172 1102/4581/1102
vt 0.999939 0.233398
f 1172/4580/1172 41/4476/41 1102/4582/1102
vt 0.999756 0.346924
f 1173/256/1173 90/4583/90 1174/257/1174
f 90/4583/90 1173/256/1173 331/4162/331
vt 1.000000 0.354248
f 331/4584/331 1175/258/1175 278/260/278
vt 1.000000 0.354492
f 1175/258/1175 137/4585/137 1176/259/1176
vt 1.000000 0.354980
f 278/4586/278 1176/261/1176 1103/263/1103
vt 0.999878 0.355347
f 1176/261/1176 333/4587/333 1177/262/1177
vt 0.999756 0.355225
f 1103/263/1103 1177/262/1177 1893/4588/1893
vt 0.999268 0.354248
f 90/4589/90 867/264/867 1619/266/1619
vt 0.999268 0.354492
f 867/264/867 278/4590/278 1103/265/1103
vt 0.999146 0.354370
f 1619/266/1619 1104/265/1104 332/4591/332
vt 1.000000 0.357910
vt 0.999939 0.357971
f 137/4592/137 1178/267/1178 333/4593/333
f 3017/269/3017 333/4593/333 1178/267/1178
vt 0.842529 0.423401
f 3230/270/3230 267/4594/267 1054/271/1054
vt 0.842499 0.423370
f 872/272/872 1054/271/1054 136/4595/136
vt 0.999542 0.850861
vt 0.999550 0.850807
vt 0.999546 0.850895
f 421/4596/421 1180/4597/1180 3332/4598/3332
vt 0.999573 0.850647
vt 0.999573 0.850891
f 763/4599/763 1179/273/1179 1180/4600/1180
vt 0.999580 0.851143
f 1180/4600/1180 1179/274/1179 3336/4601/3336
vt 0.999680 0.851120
vt 0.999687 0.851067
vt 0.999687 0.851128
f 249/4602/249 335/4603/335 3329/4604/3329
vt 0.999687 0.851189
vt 0.999695 0.851135
vt 0.999695 0.851257
f 1181/4605/1181 2693/4606/2693 239/4607/239
vt 0.857239 0.999939
vt 0.857208 0.999969
f 1182/277/1182 279/4608/279 3000/4609/3000
vt 0.856934 1.000000
f 279/4608/279 1182/277/1182 157/4610/157
vt 0.798340 0.995056
vt 0.798370 0.995026
vt 0.798340 0.995087
f 157/4611/157 1183/4612/1183 279/4613/279
vt 0.953339 0.352539
vt 0.953308 0.352539
f 214/4614/214 1184/3847/1184 827/4615/827
vt 0.955933 0.345825
f 820/4616/820 3091/279/3091 1186/281/1186
vt 0.955811 0.346069
f 3091/279/3091 516/4617/516 1185/280/1185
vt 0.955811 0.345947
f 1186/281/1186 1185/280/1185 214/4618/214
vt 0.984375 0.569824
f 1187/283/1187 342/4619/342 1188/284/1188
vt 0.984375 0.569946
f 342/4619/342 1187/283/1187 3057/4620/3057
vt 0.011810 0.923752
vt 0.011719 0.923828
f 248/4621/248 1189/287/1189 158/4622/158
f 1189/287/1189 248/4621/248 1057/285/1057
vt 0.396484 0.002197
vt 0.396423 0.002243
f 610/4623/610 1190/3852/1190 1191/4624/1191
vt 0.395996 0.002319
f 610/4625/610 1191/288/1191 933/290/933
vt 0.395874 0.002411
f 933/290/933 1061/289/1061 803/4626/803
vt 0.839806 0.427742
vt 0.839859 0.427719
vt 0.839737 0.427780
f 1192/4627/1192 3190/4628/3190 334/4629/334
vt 0.995972 0.546753
vt 0.996216 0.546753
f 376/4630/376 344/4631/344 1193/292/1193
f 2301/293/2301 1193/292/1193 344/4631/344
vt 0.094849 0.999817
vt 0.095093 0.999817
f 143/4632/143 1195/296/1195 216/4633/216
f 1195/296/1195 143/4632/143 1194/294/1194
f 1196/294/1196 216/4632/216 1195/297/1195
vt 0.095032 0.999786
f 3295/298/3295 1195/297/1195 72/4634/72
vt 0.184875 0.588501
vt 0.184872 0.588486
vt 0.184883 0.588470
f 629/4635/629 1197/4636/1197 1198/4637/1198
vt 0.184879 0.588455
vt 0.184891 0.588440
f 1198/4637/1198 1197/4638/1197 2492/4639/2492
vt 0.326660 0.281311
f 3417/4640/3417 2893/299/2893 1200/301/1200
vt 0.326660 0.281281
f 2893/299/2893 2139/4641/2139 1199/300/1199
vt 0.326675 0.281281
f 1200/301/1200 1199/300/1199 244/4642/244
vt 0.640625 0.001465
f 145/4643/145 1201/302/1201 2614/304/2614
vt 0.640625 0.001709
f 1201/302/1201 146/4644/146 1202/303/1202
vt 0.640610 0.001556
f 2614/304/2614 1202/303/1202 860/4645/860
vt 0.640625 0.005371
f 146/4646/146 1203/305/1203 1205/307/1205
vt 0.640625 0.005615
f 1203/305/1203 570/4647/570 1204/306/1204
vt 0.640610 0.005219
f 1205/307/1205 1204/306/1204 349/4648/349
vt 0.640610 0.005463
f 1205/309/1205 860/4649/860 1202/310/1202
vt 0.640598 0.005287
vt 0.640594 0.005066
f 2615/4649/2615 860/4650/860 45/4651/45
vt 0.640594 0.005554
vt 0.640610 0.005707
f 349/4652/349 45/4649/45 1205/4653/1205
vt 0.865601 0.201965
f 352/4654/352 1206/311/1206 1319/313/1319
vt 0.865723 0.201843
f 1206/311/1206 192/4655/192 1207/312/1207
vt 0.865723 0.201904
f 1319/313/1319 1207/312/1207 96/4656/96
vt 0.866089 0.201477
f 192/4657/192 2042/314/2042 1207/316/1207
vt 0.866211 0.201355
f 2042/314/2042 3183/4658/3183 1208/315/1208
vt 0.866211 0.201416
f 1207/316/1207 1208/315/1208 96/4659/96
vt 0.618408 0.137695
f 1209/317/1209 351/4660/351 1210/318/1210
vt 0.618164 0.137695
f 1211/319/1211 1210/318/1210 726/4661/726
vt 0.620193 0.139175
vt 0.620117 0.139160
vt 0.620239 0.139160
f 1212/4662/1212 756/4663/756 1213/4664/1213
vt 0.634460 0.012573
vt 0.634445 0.012543
vt 0.634491 0.012573
f 313/4665/313 949/4666/949 1214/4667/1214
vt 0.634476 0.012543
f 1214/4667/1214 3255/4668/3255 1150/4316/1150
vt 0.655815 0.371422
vt 0.655807 0.371445
vt 0.655811 0.371403
f 1217/4669/1217 34/4670/34 579/4671/579
vt 0.677551 0.828049
f 355/323/355 356/4672/356 1218/324/1218
vt 0.677490 0.828033
f 1345/325/1345 1218/324/1218 357/4673/357
vt 0.677368 0.828018
f 357/4674/357 1218/326/1218 1220/328/1220
vt 0.677429 0.828049
f 1218/326/1218 356/4675/356 1219/327/1219
vt 0.677368 0.828033
f 1220/328/1220 1219/327/1219 3251/4676/3251
vt 0.474182 0.997986
f 688/4677/688 3281/329/3281 1222/331/1222
vt 0.474121 0.998047
f 1222/331/1222 1221/330/1221 85/4678/85
vt 0.010071 0.300537
f 359/4679/359 1223/332/1223 1225/334/1225
vt 0.009766 0.300781
f 1223/332/1223 864/4680/864 1224/333/1224
vt 0.010010 0.300537
f 1225/334/1225 1224/333/1224 324/4681/324
vt 0.999878 0.724121
vt 0.999908 0.724121
f 250/4682/250 49/337/49 3228/4683/3228
vt 1.000000 0.724121
f 361/4684/361 1226/337/1226 1227/339/1227
f 1226/337/1226 361/4684/361 273/335/273
vt 1.000000 0.724609
vt 0.999878 0.724854
f 1228/341/1228 361/4685/361 1230/4686/1230
vt 0.999878 0.724609
f 361/4685/361 1228/341/1228 273/4687/273
f 1230/344/1230 14/4685/14 1229/345/1229
vt 0.857910 0.987061
f 94/4688/94 1231/346/1231 1233/348/1233
vt 0.857910 0.987305
f 1231/346/1231 697/4689/697 1232/347/1232
vt 0.857788 0.987183
f 1233/348/1233 1232/347/1232 362/4690/362
vt 0.585449 0.004028
vt 0.585388 0.004044
vt 0.585571 0.003937
f 45/4691/45 2358/4692/2358 1234/4693/1234
vt 0.585327 0.004059
vt 0.585510 0.003952
f 2358/4692/2358 662/4694/662 1234/4695/1234
vt 0.225830 0.007080
vt 0.225525 0.006897
f 150/4696/150 3188/4697/3188 1235/350/1235
f 1236/351/1236 1235/350/1235 3188/4697/3188
vt 0.225708 0.007019
vt 0.225670 0.006996
f 532/4697/532 1734/4698/1734 22/4699/22
vt 0.131470 0.547791
vt 0.131409 0.547760
vt 0.131409 0.547699
f 554/4700/554 1237/4701/1237 1239/4702/1239
vt 0.131348 0.547607
vt 0.131332 0.547646
f 1240/352/1240 1239/4703/1239 1237/4704/1237
vt 0.150703 0.871582
f 50/4705/50 1241/355/1241 1243/357/1243
vt 0.150631 0.871704
f 1241/355/1241 3249/4706/3249 1242/356/1242
vt 0.150700 0.871582
f 1243/357/1243 1242/356/1242 133/4707/133
vt 0.150841 0.871338
f 50/4708/50 1243/358/1243 1245/360/1245
vt 0.150768 0.871460
f 1243/358/1243 133/4709/133 1244/359/1244
vt 0.150837 0.871338
f 1245/360/1245 1244/359/1244 282/4710/282
vt 0.236641 0.511574
vt 0.236605 0.511637
vt 0.236559 0.511713
f 188/4711/188 1246/4712/1246 490/4713/490
f 788/361/788 51/364/51 1247/362/1247
vt 0.485352 0.991272
f 1248/363/1248 1247/362/1247 367/4714/367
vt 0.485107 0.991455
f 549/4715/549 1247/362/1247 1249/365/1249
f 1247/362/1247 549/4715/549 367/4714/367
vt 0.000122 0.672974
f 769/4716/769 1250/366/1250 1252/368/1252
vt 0.000061 0.673035
f 1250/366/1250 312/4717/312 1251/367/1251
vt 0.000000 0.672852
f 1252/368/1252 1251/367/1251 152/4718/152
vt 0.006348 0.234375
f 153/4719/153 1253/369/1253 1254/371/1254
vt 0.006592 0.234375
f 1253/369/1253 715/4720/715 2654/370/2654
vt 0.006348 0.234619
f 1254/371/1254 2654/370/2654 134/4721/134
vt 1.000000 0.078125
f 535/4722/535 1255/372/1255 1257/374/1257
vt 0.999969 0.078278
f 1255/372/1255 154/4723/154 1256/373/1256
vt 1.000000 0.078126
f 1257/374/1257 1256/373/1256 838/4724/838
vt 0.999817 0.079041
f 154/4725/154 1258/375/1258 1256/377/1256
vt 0.999741 0.079300
vt 0.999756 0.079224
f 1258/375/1258 155/4726/155 2297/4727/2297
vt 0.999725 0.079254
f 1256/377/1256 2297/376/2297 838/4728/838
vt 0.999189 0.082132
vt 0.999165 0.082272
vt 0.999184 0.082146
f 1260/4729/1260 1259/4730/1259 95/4731/95
vt 0.999084 0.082703
vt 0.999062 0.082756
f 156/4732/156 1261/378/1261 644/4733/644
vt 0.999008 0.082962
f 1261/378/1261 329/4734/329 1171/379/1171
vt 0.999031 0.082909
f 276/4734/276 1262/378/1262 1171/4735/1171
vt 0.999058 0.082806
f 1262/378/1262 95/4732/95 1259/4736/1259
vt 0.850830 1.000000
vt 0.851074 0.999756
f 206/4737/206 338/4738/338 1263/382/1263
f 1183/383/1183 1263/382/1263 338/4738/338
vt 0.010063 0.924465
vt 0.010101 0.924454
vt 0.010071 0.924469
f 1264/4739/1264 1265/4740/1265 431/4741/431
vt 0.125549 0.552475
vt 0.125610 0.552460
vt 0.125595 0.552467
f 1266/4742/1266 140/4743/140 1267/4744/1267
vt 0.815216 0.769028
f 742/4745/742 1268/384/1268 1270/386/1270
vt 0.815247 0.769073
f 1268/384/1268 15/4746/15 1269/385/1269
vt 0.815262 0.769112
f 1270/386/1270 1269/385/1269 159/4747/159
vt 0.815025 0.773117
vt 0.815033 0.773132
vt 0.815033 0.773140
f 1271/4748/1271 753/4749/753 1272/4750/1272
vt 0.815033 0.773148
vt 0.815041 0.773163
vt 0.815048 0.773193
f 1273/4751/1273 1272/4752/1272 3350/4753/3350
vt 0.813660 0.768494
f 2839/4754/2839 1274/387/1274 1276/389/1276
vt 0.813599 0.768433
f 1274/387/1274 764/4755/764 1275/388/1275
vt 0.813660 0.768372
f 1276/389/1276 1275/388/1275 821/4756/821
vt 0.836571 0.429176
f 1277/390/1277 98/4757/98 1278/391/1278
vt 0.836685 0.429123
f 1279/392/1279 1278/391/1278 371/4758/371
vt 0.836609 0.429138
f 98/4759/98 1280/393/1280 1278/395/1278
vt 0.836624 0.429123
f 1280/393/1280 141/4760/141 1281/394/1281
vt 0.836731 0.429077
f 1278/395/1278 1281/394/1281 371/4761/371
vt 0.837662 0.428696
vt 0.837669 0.428688
vt 0.837723 0.428665
f 334/4762/334 3190/4763/3190 1282/4764/1282
vt 0.837677 0.428680
f 98/4765/98 1277/396/1277 1283/398/1283
f 1283/398/1283 871/397/871 136/4176/136
vt 0.837692 0.428665
f 1277/4766/1277 1284/399/1284 871/401/871
vt 0.837708 0.428650
f 1284/399/1284 880/4767/880 881/400/881
vt 0.837814 0.428604
f 871/401/871 881/400/881 872/4768/872
vt 0.814240 0.778717
f 372/4769/372 931/402/931 1285/404/1285
vt 0.814209 0.778687
f 931/402/931 472/4770/472 1882/403/1882
vt 0.812958 0.779327
f 821/4771/821 1286/405/1286 1288/407/1288
vt 0.812950 0.779274
f 1286/405/1286 108/4772/108 1287/406/1287
vt 0.812958 0.779266
f 1288/407/1288 1287/406/1287 461/4773/461
vt 0.151054 0.871704
f 374/4774/374 1289/408/1289 1291/410/1291
vt 0.151024 0.871765
f 1289/408/1289 464/4775/464 1290/409/1290
vt 0.151029 0.871750
f 1291/410/1291 1290/409/1290 1611/4776/1611
vt 0.151009 0.871796
vt 0.151007 0.871796
f 464/4775/464 1528/4777/1528 1290/4778/1290
vt 0.150993 0.871826
vt 0.150991 0.871826
f 1528/4777/1528 2453/4779/2453 1290/4780/1290
vt 0.150505 0.872681
f 374/4781/374 1291/411/1291 2414/413/2414
vt 0.247711 0.428680
f 2656/4782/2656 1293/414/1293 1295/416/1295
vt 0.247726 0.428665
f 1293/414/1293 226/4783/226 1294/415/1294
vt 0.247734 0.428673
f 1295/416/1295 1294/415/1294 663/4784/663
vt 0.993149 0.546677
vt 0.993195 0.546661
f 1296/4785/1296 283/4178/283 875/4786/875
f 283/4178/283 1296/4785/1296 375/417/375
vt 0.993011 0.546600
f 873/419/873 342/418/342 3057/4787/3057
vt 0.995956 0.545822
vt 0.996002 0.545807
vt 0.996017 0.545822
f 1297/4788/1297 378/4789/378 1298/4790/1298
vt 0.998596 0.545593
f 378/4791/378 1299/423/1299 1298/425/1298
vt 0.998688 0.545563
f 1299/423/1299 371/4792/371 1281/424/1281
vt 0.998718 0.545593
f 1298/425/1298 1281/424/1281 141/4793/141
vt 0.633224 0.406372
f 315/4794/315 1301/426/1301 1302/428/1302
vt 0.633148 0.406494
f 1301/426/1301 56/4795/56 1110/427/1110
vt 0.633194 0.406372
f 1302/428/1302 1110/427/1110 284/4796/284
vt 0.633270 0.406250
f 315/4797/315 1302/429/1302 1158/431/1158
f 1302/429/1302 284/4796/284 1303/430/1303
vt 0.633240 0.406250
f 1158/431/1158 1303/430/1303 319/4798/319
vt 0.633179 0.406250
f 319/4799/319 1303/432/1303 1305/434/1305
vt 0.633102 0.406372
f 1303/432/1303 284/4800/284 1304/433/1304
vt 0.632202 0.407959
vt 0.632164 0.408020
vt 0.632187 0.407959
f 285/4801/285 1306/4802/1306 1307/4803/1307
vt 0.632126 0.408081
vt 0.632156 0.408020
f 1306/4802/1306 379/4804/379 3217/4805/3217
vt 0.632492 0.407349
f 285/4806/285 1307/435/1307 1109/437/1109
vt 0.632538 0.407227
f 1109/437/1109 1308/436/1308 284/4807/284
vt 0.632507 0.407227
f 1305/4808/1305 1304/438/1304 1309/439/1309
f 1304/438/1304 284/4807/284 1308/436/1308
vt 0.631241 0.409668
f 695/4809/695 1310/440/1310 1312/442/1312
vt 0.631248 0.409668
f 1312/442/1312 1311/441/1311 1308/4810/1308
vt 0.769043 0.258301
vt 0.769066 0.258224
vt 0.769058 0.258270
f 423/4811/423 1313/4812/1313 1314/4813/1314
vt 0.107422 1.000000
f 24/4814/24 1315/443/1315 1978/445/1978
vt 0.106812 0.999939
f 1315/443/1315 382/4815/382 381/444/381
vt 0.640625 0.014526
f 756/4816/756 1316/446/1316 1085/448/1085
vt 0.640610 0.014374
f 1316/446/1316 99/4817/99 1317/447/1317
vt 0.640625 0.014404
f 1085/448/1085 1317/447/1317 96/4818/96
f 96/4818/96 1317/449/1317 1319/451/1319
vt 0.640610 0.014252
f 1317/449/1317 99/4819/99 1318/450/1318
vt 0.640625 0.014343
f 1319/451/1319 1318/450/1318 857/4820/857
vt 0.640625 0.014282
vt 0.640617 0.014206
vt 0.640621 0.014229
f 352/4821/352 1319/4822/1319 857/4823/857
vt 0.640579 0.013702
f 99/4824/99 948/452/948 1321/454/1321
vt 0.640564 0.013550
f 948/452/948 35/4825/35 1320/453/1320
vt 0.640579 0.013580
f 1321/454/1321 1320/453/1320 309/4826/309
vt 0.639984 0.005310
f 313/4827/313 1322/455/1322 947/457/947
vt 0.639999 0.005463
f 1322/455/1322 349/4828/349 1323/456/1323
vt 0.639969 0.005402
f 947/457/947 1323/456/1323 35/4829/35
vt 0.664917 0.996490
vt 0.664917 0.996506
vt 0.664856 0.996490
f 3215/4830/3215 1324/4831/1324 1325/4832/1325
vt 0.664856 0.996460
vt 0.664795 0.996460
f 3215/4833/3215 1325/4832/1325 11/4834/11
vt 0.246033 0.363464
f 1239/4835/1239 1326/458/1326 1327/460/1327
vt 0.246017 0.363464
f 1326/458/1326 384/4836/384 1293/459/1293
vt 0.246033 0.363403
f 1327/460/1327 1293/459/1293 2656/4837/2656
vt 0.000244 0.610596
f 1329/4838/1329 1328/463/1328 2392/462/2392
f 1328/463/1328 1329/4838/1329 385/4184/385
vt 0.000183 0.610535
f 385/4184/385 1329/4839/1329 314/4182/314
vt 0.002502 0.621765
f 526/4840/526 1331/466/1331 3195/465/3195
vt 0.002625 0.621887
f 1331/466/1331 526/4840/526 747/4841/747
f 844/464/844 1331/467/1331 1333/469/1333
vt 0.002686 0.622070
f 1331/467/1331 747/4842/747 1332/468/1332
vt 0.002686 0.622314
f 1333/469/1333 1332/468/1332 300/4843/300
vt 0.527740 0.627960
f 193/4844/193 1334/470/1334 1336/472/1336
vt 0.527725 0.627975
f 1334/470/1334 315/4845/315 1335/471/1335
vt 0.527733 0.627960
f 1336/472/1336 1335/471/1335 87/4846/87
vt 0.211609 0.917664
f 1337/473/1337 547/4847/547 942/474/942
vt 0.211426 0.917725
f 958/475/958 942/474/942 386/4848/386
vt 0.482201 0.429199
f 287/4849/287 1338/476/1338 1340/478/1340
vt 0.482193 0.429199
f 1338/476/1338 645/4850/645 1339/477/1339
vt 0.482189 0.429192
f 1340/478/1340 1339/477/1339 2487/4851/2487
vt 0.001465 0.421875
f 165/4852/165 1341/479/1341 1342/481/1342
vt 0.001709 0.421875
f 1341/479/1341 388/4853/388 3191/480/3191
vt 0.001587 0.421997
f 1342/481/1342 3191/480/3191 25/4854/25
f 388/4185/388 1343/482/1343 877/4/877
vt 0.007324 0.421875
f 1343/482/1343 393/4855/393 1344/483/1344
vt 0.007141 0.421936
f 877/4/877 1344/483/1344 878/4856/878
vt 0.678009 0.826927
vt 0.677917 0.826920
vt 0.677994 0.826916
f 1345/4857/1345 390/4858/390 3390/4859/3390
vt 0.678055 0.826900
vt 0.677963 0.826893
vt 0.678040 0.826889
f 3390/4860/3390 1628/4861/1628 148/4862/148
vt 0.795288 0.999939
vt 0.795349 0.999908
vt 0.795334 0.999931
f 78/4863/78 100/4864/100 806/4865/806
vt 0.000671 0.296997
vt 0.000732 0.296875
f 392/4866/392 2153/486/2153 59/4867/59
vt 0.221924 0.003174
f 23/4868/23 1346/487/1346 1348/489/1348
vt 0.221710 0.002991
f 1346/487/1346 851/4869/851 1347/488/1347
vt 0.221802 0.003052
f 1348/489/1348 1347/488/1347 394/4870/394
vt 0.219376 0.000641
vt 0.219349 0.000618
vt 0.219355 0.000622
f 394/4871/394 1347/4872/1347 1349/4873/1349
vt 0.219322 0.000595
vt 0.219328 0.000599
f 1347/4872/1347 851/4874/851 1349/4875/1349
vt 0.219360 0.000610
f 394/4876/394 1349/490/1349 1351/492/1351
vt 0.219238 0.000488
f 1351/492/1351 1350/491/1350 61/4877/61
vt 0.788071 0.997688
vt 0.788162 0.997704
vt 0.788055 0.997696
f 355/4878/355 1352/4879/1352 395/4880/395
vt 0.783142 0.999115
vt 0.783035 0.999153
f 782/4881/782 1353/3469/1353 795/4882/795
vt 0.782898 0.999359
f 795/4883/795 63/495/63 1355/494/1355
vt 0.783081 0.999207
f 1354/495/1354 1355/4883/1355 63/4884/63
vt 0.663635 0.996817
vt 0.663696 0.996792
vt 0.663757 0.996771
f 1356/4885/1356 85/4886/85 1221/4887/1221
vt 0.663696 0.996796
vt 0.663757 0.996773
f 3185/4888/3185 1221/4887/1221 3281/4889/3281
vt 0.839539 0.432983
f 2119/496/2119 399/4890/399 1357/497/1357
vt 0.839447 0.432861
f 880/498/880 1357/497/1357 400/4891/400
vt 0.839523 0.432983
f 399/4892/399 1358/499/1358 1357/501/1357
vt 0.839508 0.432983
f 1358/499/1358 3437/4893/3437 1359/500/1359
vt 0.839417 0.432861
f 1357/501/1357 1359/500/1359 400/4894/400
vt 0.839096 0.432495
vt 0.839088 0.432495
vt 0.839043 0.432434
f 400/4895/400 1359/4896/1359 1361/4897/1361
vt 0.839035 0.432434
vt 0.838989 0.432373
f 1361/4897/1361 1360/4898/1360 3432/4899/3432
vt 0.837334 0.430176
vt 0.837326 0.430176
vt 0.837315 0.430161
f 1362/4900/1362 400/4901/400 1361/4902/1361
vt 0.999939 0.226562
vt 1.000000 0.226318
f 403/4903/403 1363/4904/1363 1052/503/1052
vt 0.988342 0.232178
f 3224/4905/3224 1365/505/1365 1367/507/1367
vt 0.988281 0.232300
f 1365/505/1365 229/4906/229 1366/506/1366
vt 0.988281 0.232269
f 1367/507/1367 1366/506/1366 677/4907/677
vt 0.752411 0.576050
vt 0.752384 0.576080
f 3244/4908/3244 1368/508/1368 1462/4909/1462
vt 0.752304 0.576172
f 1369/510/1369 1590/509/1590 611/4910/611
vt 0.515663 0.815628
f 409/4911/409 1370/511/1370 1372/513/1372
vt 0.515671 0.815521
f 1370/511/1370 126/4912/126 1371/512/1371
vt 0.515678 0.815536
f 1375/513/1375 1371/512/1371 507/4913/507
vt 0.515686 0.815918
f 507/4914/507 1373/514/1373 1375/516/1375
vt 0.515694 0.815933
f 1373/514/1373 410/4915/410 1374/515/1374
vt 0.644569 0.654419
f 1335/517/1335 315/4916/315 1111/518/1111
vt 0.644493 0.654541
f 87/519/87 1335/518/1335 322/4917/322
vt 0.001587 0.432739
f 171/4918/171 938/520/938 1376/522/1376
vt 0.001526 0.432678
f 1376/522/1376 3451/521/3451 280/4919/280
vt 0.001526 0.432922
f 938/4920/938 1377/523/1377 3451/525/3451
vt 0.001465 0.433105
f 1377/523/1377 1239/4921/1239 1240/524/1240
vt 0.001709 0.431396
f 171/4922/171 1376/526/1376 1379/528/1379
vt 0.001648 0.431580
f 1376/526/1376 280/4923/280 1378/527/1378
vt 0.001648 0.431335
f 1379/528/1379 1378/527/1378 1051/4924/1051
vt 0.001617 0.431427
vt 0.001587 0.431519
vt 0.001587 0.431396
f 1378/4925/1378 280/4926/280 1380/4927/1380
vt 0.323242 0.282555
f 144/4928/144 1381/529/1381 1383/531/1383
vt 0.323242 0.282551
f 1381/529/1381 771/4929/771 1382/530/1382
vt 0.323303 0.282562
f 1383/531/1383 1382/530/1382 244/4930/244
vt 0.012329 0.485718
f 171/4931/171 1379/532/1379 1385/534/1385
vt 0.012299 0.485748
f 1379/532/1379 1051/4932/1051 1384/533/1384
vt 0.012115 0.485687
f 1385/534/1385 1384/533/1384 477/4933/477
f 477/4933/477 1384/535/1384 1387/537/1387
vt 0.012085 0.485718
f 1384/535/1384 1051/4934/1051 1386/536/1386
vt 0.011902 0.485657
f 1387/537/1387 1386/536/1386 674/4935/674
vt 0.816635 0.024353
f 101/4936/101 960/538/960 1389/540/1389
vt 0.816612 0.024384
f 960/538/960 470/4937/470 1388/539/1388
vt 0.816643 0.024323
f 1389/540/1389 1388/539/1388 413/4938/413
f 470/4937/470 1390/541/1390 1388/543/1388
vt 0.816589 0.024414
f 1390/541/1390 414/4939/414 1391/542/1391
vt 0.816620 0.024353
f 1388/543/1388 1391/542/1391 413/4940/413
vt 0.816589 0.023499
vt 0.816574 0.023514
f 1392/545/1392 234/4941/234 783/4942/783
vt 0.816437 0.024292
f 2421/4943/2421 1394/547/1394 1395/549/1395
vt 0.816452 0.024292
f 1394/547/1394 414/4944/414 1390/548/1390
vt 0.816422 0.024353
f 1395/549/1395 1390/548/1390 470/4945/470
vt 0.399536 0.000710
vt 0.399536 0.000702
vt 0.399597 0.000687
f 1396/4946/1396 803/4947/803 1061/4948/1061
vt 0.401306 0.003937
f 738/4949/738 1397/550/1397 1398/552/1398
vt 0.401428 0.003845
f 1397/550/1397 415/4950/415 894/551/894
vt 0.401367 0.003906
f 1398/552/1398 894/551/894 3313/4951/3313
vt 0.535904 0.273972
f 645/4952/645 1338/553/1338 1400/555/1400
vt 0.535881 0.274025
f 1338/553/1338 287/4953/287 1399/554/1399
vt 0.535896 0.273979
f 1400/555/1400 1399/554/1399 261/4954/261
vt 0.048843 0.384354
f 1121/557/1121 226/4955/226 1401/558/1401
vt 0.048847 0.384251
f 384/4956/384 1401/558/1401 226/4955/226
vt 0.882904 0.787056
f 1003/4957/1003 1402/559/1402 1403/561/1403
vt 0.883148 0.786873
f 1402/559/1402 419/4958/419 892/560/892
vt 0.884003 0.786232
vt 0.884125 0.786140
vt 0.884048 0.786205
f 892/4959/892 443/4960/443 1404/4961/1404
vt 0.999992 0.848442
vt 1.000000 0.848633
vt 0.999985 0.848495
f 421/4962/421 583/4963/583 420/4964/420
vt 1.000000 0.848389
f 583/4963/583 421/4962/421 1405/4965/1405
vt 1.000000 0.847656
f 1406/563/1406 14/4966/14 1407/564/1407
f 14/4966/14 1406/563/1406 1589/4192/1589
vt 0.998596 0.733276
vt 0.998615 0.733299
vt 0.998592 0.733284
f 273/4967/273 1588/4968/1588 731/4969/731
vt 0.998634 0.733322
vt 0.998611 0.733307
f 273/4968/273 731/4970/731 3228/4971/3228
vt 0.522224 0.632019
f 1408/565/1408 207/4972/207 1409/566/1409
vt 0.521889 0.632141
f 3198/567/3198 1409/566/1409 81/4973/81
vt 0.249695 0.429626
f 3297/4974/3297 1410/568/1410 1412/570/1412
vt 0.249695 0.429657
f 1410/568/1410 676/4975/676 1411/569/1411
vt 0.249680 0.429626
f 1412/570/1412 1411/569/1411 762/4976/762
vt 0.589981 0.674500
f 37/4977/37 1413/571/1413 1113/573/1113
vt 0.589928 0.674530
f 1413/571/1413 317/4978/317 1414/572/1414
vt 0.590019 0.674469
f 1113/573/1113 1414/572/1414 322/4979/322
vt 0.589993 0.674484
vt 0.590038 0.674454
f 322/4979/322 1414/4980/1414 1161/4981/1161
vt 0.590012 0.674469
vt 0.590057 0.674438
f 1161/4981/1161 1414/4982/1414 1830/4983/1830
vt 0.218777 0.014776
f 1649/574/1649 803/4984/803 1396/575/1396
vt 0.218754 0.014780
vt 0.218752 0.014806
vt 0.218752 0.014791
f 289/4985/289 1063/4986/1063 3362/4987/3362
vt 0.218752 0.014775
vt 0.218751 0.014788
vt 0.218750 0.014771
f 1416/4988/1416 3362/4989/3362 738/4990/738
vt 0.164810 0.267281
vt 0.164806 0.267263
f 608/4991/608 1417/577/1417 3269/4992/3269
vt 0.164787 0.267300
f 1417/577/1417 425/4993/425 1418/578/1418
vt 0.164776 0.267309
vt 0.164785 0.267291
f 425/4993/425 2363/4994/2363 1418/4995/1418
vt 0.515701 0.818756
f 210/4996/210 1419/580/1419 1421/582/1421
vt 0.515686 0.818848
f 1419/580/1419 640/4997/640 1420/581/1420
vt 0.515686 0.818726
f 1421/582/1421 1420/581/1420 3208/4998/3208
vt 0.515701 0.816132
f 1371/4999/1371 1375/583/1375 1372/585/1372
vt 0.515694 0.816147
vt 0.515694 0.816132
f 1375/583/1375 1374/5000/1374 3293/5001/3293
vt 0.515694 0.816086
f 1372/585/1372 3293/584/3293 409/5002/409
f 409/5002/409 3293/586/3293 1423/588/1423
vt 0.583931 0.679291
vt 0.583948 0.679283
vt 0.583981 0.679276
f 712/5003/712 814/5004/814 1424/5005/1424
vt 0.526367 0.812759
f 790/5006/790 1425/589/1425 1427/591/1427
vt 0.526367 0.812767
f 1425/589/1425 683/5007/683 1426/590/1426
vt 0.526337 0.812759
f 1427/591/1427 1426/590/1426 8/5008/8
vt 0.007454 0.925236
f 831/5009/831 1428/592/1428 1430/594/1430
vt 0.007309 0.925285
f 1428/592/1428 115/5010/115 1429/593/1429
vt 0.007378 0.925259
f 1430/594/1430 1429/593/1429 3170/5011/3170
vt 0.007278 0.925270
f 248/5012/248 1431/595/1431 1433/597/1433
vt 0.007206 0.925295
f 1431/595/1431 831/5013/831 1432/596/1432
vt 0.007130 0.925318
f 1433/597/1433 1432/596/1432 757/5014/757
vt 0.543030 0.267242
vt 0.543030 0.267235
vt 0.543060 0.267227
f 859/5015/859 3258/5016/3258 1434/5017/1434
vt 0.543030 0.267227
vt 0.543060 0.267220
f 3258/5016/3258 430/5018/430 1434/5019/1434
vt 0.542969 0.267242
f 823/5020/823 1435/598/1435 1437/600/1437
vt 0.542999 0.267242
f 1435/598/1435 430/5021/430 1436/599/1436
vt 0.542984 0.267258
vt 0.542999 0.267258
vt 0.542984 0.267265
f 1436/5022/1436 430/5023/430 236/5024/236
vt 0.004639 0.677490
f 488/5025/488 1438/601/1438 1439/603/1439
vt 0.004578 0.677673
f 1438/601/1438 115/5026/115 1428/602/1428
vt 0.004578 0.677429
f 1439/603/1439 1428/602/1428 831/5027/831
f 488/5027/488 1439/604/1439 1441/606/1441
vt 0.004517 0.677612
f 1439/604/1439 831/5028/831 1440/605/1440
vt 0.004517 0.677368
f 1441/606/1441 1440/605/1440 1265/5029/1265
vt 0.001709 0.685791
f 176/5030/176 1442/607/1442 1444/609/1444
vt 0.001648 0.685852
f 1442/607/1442 488/5031/488 1443/608/1443
vt 0.001663 0.685776
f 1444/609/1444 1443/608/1443 36/5032/36
vt 0.001801 0.685089
f 176/5033/176 1444/610/1444 1448/612/1448
vt 0.001740 0.685150
f 1444/610/1444 36/5034/36 1445/611/1445
vt 0.001770 0.684998
f 1448/612/1448 1445/611/1445 65/5035/65
vt 0.001678 0.684967
f 312/5036/312 3426/613/3426 2559/615/2559
vt 0.001709 0.685059
f 2559/615/2559 1445/614/1445 36/5037/36
vt 0.000061 0.683777
f 3033/5038/3033 1446/618/1446 2560/617/2560
f 1446/618/1446 3033/5038/3033 433/3487/433
vt 0.000671 0.682800
vt 0.000641 0.682831
vt 0.000641 0.682770
f 434/5039/434 1447/5040/1447 1449/5041/1449
f 412/4194/412 883/11/883 1451/620/1451
vt 0.475647 0.000031
f 883/11/883 761/5042/761 1450/619/1450
vt 0.475586 0.000000
f 1451/620/1451 1450/619/1450 67/5043/67
vt 0.474609 0.000000
f 886/14/886 27/5044/27 1452/622/1452
f 27/5044/27 886/14/886 252/4195/252
vt 0.326935 0.281952
f 167/5045/167 856/623/856 1453/625/1453
vt 0.326950 0.281937
f 1453/625/1453 2932/624/2932 858/5046/858
vt 0.544006 0.266205
f 178/5047/178 1454/626/1454 1456/628/1456
vt 0.543991 0.266182
f 1456/628/1456 1455/627/1455 177/5048/177
vt 0.048096 0.130005
f 181/5049/181 1459/629/1459 1461/631/1461
vt 0.048035 0.130035
f 1459/629/1459 436/5050/436 1460/630/1460
vt 0.047974 0.129944
f 1461/631/1461 1460/630/1460 246/5051/246
vt 0.707779 0.624924
vt 0.707825 0.624939
vt 0.707764 0.624939
f 1462/5052/1462 3271/5053/3271 1463/5054/1463
vt 0.707718 0.624924
vt 0.707703 0.624939
f 2796/5055/2796 1463/5054/1463 439/5056/439
vt 0.323574 0.282683
f 179/5057/179 2610/634/2610 722/2410/722
f 2610/634/2610 179/5057/179 1464/632/1464
vt 0.007599 0.072052
vt 0.007584 0.072037
vt 0.007599 0.071991
f 327/5058/327 1465/5059/1465 1466/5060/1466
f 1466/5060/1466 1465/1126/1465 39/4231/39
vt 0.984375 0.563538
vt 0.984375 0.563568
f 765/5061/765 1467/5062/1467 443/5061/443
vt 0.370346 0.397964
f 2077/5063/2077 1468/635/1468 1657/637/1657
vt 0.370323 0.397957
f 1468/635/1468 676/5064/676 1410/636/1410
vt 0.370354 0.397957
f 1657/637/1657 1410/636/1410 3297/5065/3297
vt 0.531649 0.280844
f 676/5066/676 1469/638/1469 1471/640/1471
vt 0.531666 0.280819
f 1469/638/1469 444/5067/444 1470/639/1470
vt 0.531652 0.280840
f 1471/640/1471 1470/639/1470 442/5068/442
vt 0.333008 0.934570
vt 0.332993 0.934586
f 288/5069/288 1167/641/1167 1473/5070/1473
vt 0.333130 0.934570
f 1167/641/1167 88/5071/88 1472/642/1472
vt 0.335693 0.935608
vt 0.335693 0.935638
vt 0.335632 0.935623
f 288/5072/288 1473/5073/1473 1474/5074/1474
vt 0.335693 0.935669
vt 0.335632 0.935654
f 1473/5073/1473 445/5075/445 446/5076/446
vt 0.335938 0.935791
f 88/5077/88 1168/644/1168 1472/645/1472
f 1168/644/1168 512/4196/512 890/18/890
f 1472/645/1472 890/18/890 445/4198/445
vt 0.335693 0.935913
f 68/5078/68 888/646/888 1476/648/1476
vt 0.335693 0.935974
f 888/646/888 512/5079/512 1475/647/1475
vt 0.335632 0.935928
f 1476/648/1476 1475/647/1475 447/5080/447
f 1476/649/1476 447/5080/447 1477/650/1477
f 672/653/672 1478/652/1478 1480/653/1480
vt 0.984375 0.566345
f 1478/652/1478 770/5081/770 1479/652/1479
f 1480/653/1480 1479/652/1479 159/653/159
f 159/653/159 1479/652/1479 1270/653/1270
f 1479/652/1479 770/5081/770 1481/652/1481
f 1270/653/1270 1481/652/1481 742/653/742
f 448/655/448 1482/654/1482 1484/655/1484
vt 0.984375 0.565369
f 1482/654/1482 449/5082/449 1483/654/1483
f 1484/655/1484 1483/654/1483 770/655/770
f 770/657/770 1485/656/1485 1481/657/1481
vt 0.984375 0.565247
f 1485/656/1485 609/5083/609 1486/656/1486
f 1481/657/1481 1486/656/1486 742/657/742
vt 0.424744 0.702530
f 751/5084/751 1487/658/1487 1488/660/1488
vt 0.424805 0.702576
f 1487/658/1487 288/5085/288 1474/659/1474
vt 0.424683 0.702545
f 1488/660/1488 1474/659/1474 2086/5086/2086
vt 0.046997 0.375122
f 730/5087/730 1489/661/1489 1490/663/1490
vt 0.046997 0.375244
f 1489/661/1489 451/5088/451 991/662/991
vt 0.046989 0.375114
f 1490/663/1490 991/662/991 359/5089/359
vt 0.843353 0.437057
vt 0.843346 0.437042
vt 0.843357 0.437057
f 1491/5090/1491 452/5091/452 1160/5092/1160
vt 0.843365 0.437073
vt 0.843369 0.437073
f 1491/5093/1491 1160/5092/1160 378/5094/378
vt 0.843124 0.436737
f 320/5095/320 162/664/162 3227/666/3227
vt 0.843132 0.436737
f 3227/666/3227 1492/665/1492 371/5096/371
vt 0.995678 0.545048
vt 0.995710 0.545038
vt 0.995665 0.545053
f 539/5097/539 69/5098/69 1493/5099/1493
vt 0.994280 0.545516
f 1494/667/1494 832/5100/832 1495/668/1495
f 1496/669/1496 1495/668/1495 160/3880/160
vt 0.993977 0.545620
f 377/5101/377 1497/670/1497 975/672/975
vt 0.994009 0.545610
f 1497/670/1497 160/5102/160 1498/671/1498
vt 0.993950 0.545631
f 975/672/975 1498/671/1498 1297/5103/1297
vt 0.994101 0.545580
f 69/5104/69 1491/673/1491 1499/675/1499
vt 0.994133 0.545570
f 1499/673/1499 378/5105/378 1297/674/1297
vt 0.203445 0.053497
vt 0.203461 0.053406
vt 0.203476 0.053436
f 658/5106/658 253/5107/253 3209/5108/3209
vt 0.203461 0.053528
vt 0.203484 0.053452
f 2355/5109/2355 658/5108/658 3209/5110/3209
vt 0.203674 0.052368
f 183/5111/183 1500/676/1500 1502/678/1502
vt 0.203705 0.052185
f 1500/676/1500 453/5112/453 1501/677/1501
vt 0.203766 0.052063
f 1502/678/1502 1501/677/1501 455/5113/455
vt 0.204712 0.050049
f 453/5114/453 1503/679/1503 1501/681/1501
vt 0.204712 0.049988
f 1503/679/1503 436/5115/436 1070/680/1070
vt 0.204742 0.050110
f 1501/681/1501 1070/680/1070 455/5116/455
vt 0.204742 0.050079
vt 0.204758 0.050140
f 455/5116/455 1070/5117/1070 1504/5118/1504
vt 0.204773 0.050171
f 1504/5118/1504 1070/4434/1070 326/5119/326
vt 0.023499 0.191162
vt 0.023682 0.191132
vt 0.023560 0.191162
f 1505/5120/1505 1506/5121/1506 3210/5122/3210
vt 0.023804 0.191132
vt 0.023865 0.191116
vt 0.023911 0.191109
f 1507/5123/1507 3357/5124/3357 1505/5125/1505
vt 0.984375 0.573730
vt 0.984375 0.573608
f 184/5126/184 1508/682/1508 804/5127/804
f 250/684/250 804/5127/804 1508/682/1508
vt 0.012360 0.073914
vt 0.012344 0.073883
f 1511/5128/1511 1509/686/1509 3245/5129/3245
vt 0.012695 0.073730
vt 0.012634 0.073730
vt 0.012680 0.073700
f 221/5130/221 1509/5131/1509 1511/5132/1511
vt 0.012634 0.073608
f 1511/688/1511 3245/5133/3245 1512/689/1512
vt 0.012817 0.073486
f 1513/690/1513 1512/689/1512 1069/5134/1069
vt 0.013062 0.073486
f 181/5135/181 1071/691/1071 1459/693/1459
vt 0.012939 0.073486
f 1071/691/1071 1511/5136/1511 1514/692/1514
vt 0.013123 0.073364
f 1459/693/1459 1514/692/1514 436/5137/436
f 1511/5136/1511 1513/694/1513 1514/696/1514
f 1513/694/1513 1069/5134/1069 1068/695/1068
vt 0.013000 0.073364
f 1514/696/1514 1068/695/1068 436/5138/436
vt 0.997528 0.084381
f 3395/5139/3395 1515/697/1515 1517/699/1517
vt 0.997543 0.084427
f 1515/697/1515 169/5140/169 1516/698/1516
vt 0.997513 0.084457
f 1517/699/1517 1516/698/1516 458/5141/458
vt 0.997482 0.084488
f 458/5142/458 1518/700/1518 1520/702/1520
vt 0.997498 0.084534
f 1518/700/1518 95/5143/95 1519/701/1519
vt 0.997467 0.084564
f 1520/702/1520 1519/701/1519 227/5144/227
vt 0.997452 0.084518
f 458/5145/458 1520/703/1520 1517/705/1517
f 1520/703/1520 227/5144/227 3435/704/3435
vt 0.997437 0.084595
f 1517/705/1517 3435/704/3435 3395/5146/3395
vt 0.816406 0.773010
f 672/5147/672 1480/706/1480 1521/708/1521
vt 0.816406 0.773041
f 1480/706/1480 159/5148/159 1522/707/1522
vt 0.816345 0.772858
f 1521/708/1521 1522/707/1522 461/5149/461
vt 0.816406 0.773056
vt 0.816406 0.773071
vt 0.816376 0.772980
f 1522/5150/1522 105/5151/105 461/5152/461
vt 0.172180 0.995056
vt 0.172195 0.995071
vt 0.172180 0.995087
f 463/5153/463 3196/5154/3196 1524/5155/1524
vt 0.172211 0.995026
f 3196/5154/3196 463/5153/463 195/5156/195
vt 0.439453 0.088531
vt 0.439423 0.088547
vt 0.439438 0.088524
f 3272/5157/3272 1525/5158/1525 3399/5159/3399
vt 0.203239 0.055679
f 658/5160/658 1526/709/1526 988/711/988
vt 0.203247 0.055664
f 1526/709/1526 183/5161/183 1527/710/1527
vt 0.211472 0.916550
vt 0.211432 0.916571
f 786/5162/786 1528/712/1528 1529/5163/1529
vt 0.211479 0.916557
vt 0.211395 0.916595
f 1528/712/1528 464/5164/464 1529/5165/1529
vt 0.211351 0.916613
f 1530/714/1530 1529/5165/1529 3346/5166/3346
vt 0.984375 0.564331
vt 0.984375 0.564346
vt 0.984375 0.564342
f 3383/5167/3383 1467/5168/1467 1532/5169/1532
vt 0.984375 0.564362
vt 0.984375 0.564369
f 1467/5168/1467 765/5170/765 1531/5171/1531
vt 0.984375 0.564354
f 1532/5172/1532 1531/5171/1531 1799/715/1799
f 765/5170/765 114/715/114 1531/717/1531
vt 0.984375 0.564407
f 1531/717/1531 1533/716/1533 1799/5173/1799
vt 0.753204 0.250381
vt 0.753189 0.250374
vt 0.753208 0.250380
f 467/5174/467 1534/5175/1534 1536/5176/1536
vt 0.753304 0.250393
vt 0.753288 0.250385
vt 0.753307 0.250391
f 467/5177/467 1536/5178/1536 3258/5179/3258
vt 0.779724 0.900177
f 109/5180/109 1537/718/1537 1539/720/1539
vt 0.779694 0.900146
vt 0.779686 0.900135
f 1539/720/1539 1538/5181/1538 774/5182/774
vt 0.984375 0.564209
vt 0.984375 0.564255
vt 0.984375 0.564224
f 781/5183/781 16/5184/16 1540/5185/1540
vt 0.984375 0.564835
vt 0.984375 0.564857
vt 0.984375 0.564850
f 1543/5186/1543 3383/5187/3383 1542/5188/1542
vt 0.984375 0.564804
vt 0.984375 0.564819
f 1543/5189/1543 1542/5188/1542 2819/5190/2819
vt 0.953430 0.355591
vt 0.953369 0.355652
vt 0.953369 0.355591
f 517/5191/517 1544/5192/1544 339/5193/339
vt 0.176010 0.992584
f 468/5194/468 2050/721/2050 1547/723/1547
vt 0.176056 0.992615
f 1545/721/1545 597/5195/597 1546/722/1546
vt 0.176041 0.992645
f 1547/723/1547 1546/722/1546 463/5196/463
vt 0.813843 0.778809
f 108/5197/108 932/724/932 1549/726/1549
vt 0.813812 0.778809
f 932/724/932 372/5198/372 1548/725/1548
vt 0.813812 0.778778
f 1549/726/1549 1548/725/1548 469/5199/469
f 372/5198/372 1550/727/1550 1548/729/1548
vt 0.813782 0.778809
f 1550/727/1550 664/5200/664 1551/728/1551
vt 0.813782 0.778778
f 1548/729/1548 1551/728/1551 469/5201/469
vt 0.813843 0.778687
f 108/5202/108 1549/730/1549 1287/732/1287
vt 0.813812 0.778687
f 1549/730/1549 469/5203/469 1552/731/1552
vt 0.813812 0.778656
f 1287/732/1287 1552/731/1552 461/5204/461
f 469/5203/469 1553/733/1553 1552/735/1552
vt 0.813782 0.778687
f 1553/733/1553 672/5205/672 1521/734/1521
vt 0.813782 0.778656
f 1552/735/1552 1521/734/1521 461/5206/461
vt 0.681259 0.827637
vt 0.681271 0.827621
vt 0.681263 0.827637
f 3325/5207/3325 1537/5208/1537 1554/5209/1554
vt 0.814941 0.026855
f 471/5210/471 1555/736/1555 1556/738/1556
vt 0.815033 0.026733
f 1555/736/1555 2421/5211/2421 1395/737/1395
vt 0.814949 0.026855
f 1556/738/1556 1395/737/1395 470/5212/470
vt 0.632843 0.408936
f 647/5213/647 379/739/379 2271/741/2271
vt 0.632851 0.408875
f 2271/741/2271 1306/740/1306 285/5214/285
vt 0.779797 0.900324
f 1558/744/1558 1557/743/1557 294/5215/294
vt 0.779732 0.900234
vt 0.779748 0.900257
f 1882/5216/1882 3371/5217/3371 1285/747/1285
f 1558/745/1558 294/5215/294 1559/746/1559
vt 0.779762 0.900280
f 1285/747/1285 1559/746/1559 372/5218/372
vt 0.525879 0.813843
f 222/5219/222 1560/748/1560 1562/750/1562
vt 0.525909 0.813812
f 1560/748/1560 586/5220/586 1561/749/1561
vt 0.525879 0.813904
f 265/5221/265 1561/751/1561 1564/753/1564
vt 0.525909 0.813873
f 1561/751/1561 586/5222/586 1563/752/1563
vt 0.525879 0.813965
f 1564/753/1564 1563/752/1563 130/5223/130
vt 0.995323 0.857170
f 1179/754/1179 763/5224/763 1073/755/1073
vt 0.995079 0.857170
f 1273/756/1273 1073/755/1073 405/5225/405
vt 0.430115 0.699432
vt 0.430111 0.699434
f 625/5226/625 2229/5227/2229 965/759/965
vt 0.585922 0.677551
f 427/5228/427 1567/760/1567 1569/762/1569
vt 0.585999 0.677490
f 1567/760/1567 814/5229/814 1568/761/1568
vt 0.586090 0.677429
f 1569/762/1569 1568/761/1568 450/5230/450
vt 0.543701 0.266548
vt 0.543701 0.266552
vt 0.543694 0.266550
f 1120/5231/1120 1454/5232/1454 1118/5233/1118
vt 0.543701 0.266556
vt 0.543694 0.266554
f 1454/5232/1454 178/5234/178 1118/5235/1118
vt 0.984375 0.562759
vt 0.984375 0.562775
f 1570/5236/1570 114/3407/114 765/5237/765
f 256/19/256 1570/763/1570 891/19/891
f 891/19/891 765/763/765 443/19/443
vt 0.369719 0.397974
f 676/5238/676 1571/764/1571 1572/766/1572
vt 0.369728 0.397972
f 1571/764/1571 478/5239/478 113/765/113
vt 0.804764 0.588478
f 223/5240/223 1573/767/1573 1575/769/1575
vt 0.804726 0.588520
f 1573/767/1573 609/5241/609 1574/768/1574
vt 0.804752 0.588488
f 1575/769/1575 1574/768/1574 466/5242/466
vt 0.523392 0.814423
f 8/5243/8 479/770/479 1577/772/1577
vt 0.523388 0.814415
f 1577/772/1577 1576/771/1576 480/5244/480
vt 0.752644 0.575897
f 3179/5245/3179 2289/773/2289 1579/775/1579
vt 0.752670 0.575867
f 1579/775/1579 1578/774/1578 37/5246/37
vt 0.245728 0.363770
f 843/5247/843 1581/776/1581 1121/778/1121
vt 0.245697 0.363770
f 1581/776/1581 732/5248/732 1582/777/1582
vt 0.245758 0.363708
f 1121/778/1121 1582/777/1582 226/5249/226
vt 0.246002 0.363464
vt 0.245972 0.363464
vt 0.246017 0.363434
f 384/5250/384 226/5251/226 1293/5252/1293
vt 0.400391 0.000626
f 689/5253/689 1583/779/1583 1584/780/1584
f 1583/779/1583 3313/4200/3313 896/23/896
f 1584/780/1584 896/23/896 787/4202/787
vt 0.401245 0.000404
f 416/5254/416 1585/781/1585 1586/783/1586
vt 0.401245 0.000397
f 1585/781/1585 787/5255/787 895/782/895
vt 0.401306 0.000381
f 1586/783/1586 895/782/895 415/5256/415
vt 0.999561 0.849140
vt 0.999574 0.849145
f 335/5257/335 484/784/484 3330/5258/3330
vt 0.999611 0.849159
f 3330/786/3330 1587/785/1587 855/5259/855
vt 0.997810 0.730942
vt 0.997807 0.730949
f 249/5260/249 1181/787/1181 1589/5261/1589
vt 0.758308 0.570251
f 29/5262/29 1590/790/1590 1592/792/1592
vt 0.758282 0.570282
f 1592/792/1592 1591/791/1591 669/5263/669
vt 0.991802 0.857418
vt 0.991783 0.857414
vt 0.991943 0.857422
f 813/5264/813 982/5265/982 187/5266/187
vt 0.323135 0.281487
f 481/5267/481 1593/793/1593 1595/795/1595
vt 0.323105 0.281487
f 1593/793/1593 723/5268/723 1594/794/1594
vt 0.323090 0.281479
f 1595/795/1595 1594/794/1594 675/5269/675
vt 0.534561 0.270126
f 287/5270/287 1596/796/1596 1399/798/1399
vt 0.534515 0.270050
f 1596/796/1596 487/5271/487 1597/797/1597
vt 0.534576 0.270111
f 1399/798/1399 1597/797/1597 261/5272/261
vt 0.990058 0.546215
f 182/5273/182 1598/799/1598 1600/801/1600
vt 0.990057 0.546206
f 1598/799/1598 114/5274/114 1599/800/1599
vt 0.990059 0.546213
f 1600/801/1600 1599/800/1599 190/5275/190
vt 0.990052 0.546162
f 114/5276/114 1601/802/1601 1599/804/1599
vt 0.990052 0.546157
f 1601/802/1601 660/5277/660 1602/803/1602
vt 0.990054 0.546160
f 1599/804/1599 1602/803/1602 190/5278/190
vt 0.527842 0.627836
vt 0.527837 0.627838
f 1143/805/1143 3187/5279/3187 1603/5280/1603
vt 0.527833 0.627841
f 1408/807/1408 1603/806/1603 207/5281/207
vt 0.311676 0.689835
f 71/5282/71 1604/808/1604 1606/810/1606
vt 0.311653 0.689846
f 1604/808/1604 3410/5283/3410 1605/809/1605
vt 0.311707 0.689789
f 1606/810/1606 1605/809/1605 259/5284/259
vt 0.249079 0.428869
vt 0.249079 0.428877
vt 0.249077 0.428871
f 1039/5285/1039 1607/5286/1607 231/5287/231
vt 0.816326 0.024902
f 471/5288/471 1556/811/1556 2101/813/2101
vt 0.816407 0.024780
f 1556/811/1556 470/5289/470 1608/812/1608
vt 0.816327 0.024902
f 2101/813/2101 1608/812/1608 232/5290/232
vt 0.816116 0.025238
f 352/5291/352 3171/814/3171 1206/816/1206
vt 0.816158 0.025177
f 3171/814/3171 2102/5292/2102 1609/815/1609
vt 0.816139 0.025208
f 1206/816/1206 1609/815/1609 192/5293/192
vt 0.150608 0.872589
f 1610/817/1610 546/5294/546 3307/818/3307
vt 0.150547 0.872681
f 1613/822/1613 1612/821/1612 614/5295/614
f 614/5295/614 1612/823/1612 1615/825/1615
vt 0.150528 0.872711
f 1612/823/1612 546/5296/546 1614/824/1614
vt 0.150543 0.872681
f 1615/825/1615 1614/824/1614 597/5297/597
vt 0.528000 0.627914
f 87/5298/87 3323/826/3323 1336/828/1336
vt 0.527988 0.627918
f 1336/828/1336 1616/827/1616 193/5299/193
vt 0.167236 0.268311
vt 0.167221 0.268330
vt 0.167206 0.268341
f 771/5300/771 856/5301/856 1617/5302/1617
vt 0.956543 0.344238
f 1104/829/1104 1893/5303/1893 1618/830/1618
vt 0.956543 0.344177
f 332/831/332 1618/830/1618 321/5304/321
vt 0.956299 0.344238
vt 0.956238 0.344299
vt 0.956238 0.344238
f 90/5305/90 1619/5306/1619 1620/5307/1620
vt 0.015493 0.283030
f 40/5308/40 1621/832/1621 1622/834/1622
vt 0.015492 0.282985
f 1621/832/1621 1507/5309/1507 1686/833/1686
vt 0.015494 0.283059
f 1622/834/1622 1686/833/1686 493/5310/493
vt 0.010559 0.075684
f 221/5311/221 1623/835/1623 1509/837/1509
vt 0.010544 0.075684
f 1623/835/1623 494/5312/494 1624/836/1624
vt 0.010635 0.075562
f 1509/837/1509 1624/836/1624 1510/5313/1510
vt 0.620656 0.053212
f 485/5314/485 2499/838/2499 1627/840/1627
vt 0.620656 0.053213
f 2499/838/2499 693/5315/693 1626/839/1626
vt 0.620631 0.053218
f 1627/840/1627 1626/839/1626 351/5316/351
vt 0.779564 0.899830
vt 0.779545 0.899809
vt 0.779547 0.899808
f 390/5317/390 1628/5318/1628 3390/5319/3390
vt 0.767166 0.256317
f 2986/5320/2986 1629/841/1629 1631/843/1631
vt 0.767166 0.256287
f 1629/841/1629 498/5321/498 1630/842/1630
vt 0.767181 0.256226
f 1631/843/1631 1630/842/1630 745/5322/745
vt 0.439392 0.088470
f 291/5323/291 1632/844/1632 1525/846/1525
vt 0.439331 0.088501
f 1632/844/1632 499/5324/499 937/845/937
vt 0.219114 0.012973
vt 0.219116 0.012970
f 531/849/531 1634/5325/1634 60/5326/60
vt 0.219112 0.012976
vt 0.219111 0.012969
vt 0.219112 0.012945
f 60/5327/60 1634/5328/1634 509/5329/509
f 60/5326/60 1635/852/1635 1636/851/1636
f 1635/852/1635 60/5326/60 509/5329/509
vt 0.221191 1.000000
vt 0.221313 0.999985
vt 0.221680 1.000000
f 24/5330/24 1637/5331/1637 74/5332/74
vt 0.676750 0.827082
vt 0.676666 0.827080
vt 0.676662 0.827077
f 1345/5333/1345 357/5334/357 1165/5335/1165
vt 0.676746 0.827079
vt 0.676659 0.827074
f 1638/5336/1638 390/5335/390 1165/5337/1165
vt 0.481827 0.429245
f 147/5338/147 1639/853/1639 1641/855/1641
vt 0.481823 0.429249
f 1639/853/1639 500/5339/500 1640/854/1640
vt 0.481827 0.429237
f 1641/855/1641 1640/854/1640 196/5340/196
vt 0.580231 0.000198
vt 0.580231 0.000183
vt 0.580261 0.000153
f 829/5341/829 1642/5342/1642 123/5343/123
vt 0.580246 0.000160
vt 0.580238 0.000172
f 1643/5344/1643 123/5343/123 1642/5345/1642
vt 0.481842 0.429203
f 500/5346/500 1644/856/1644 1640/858/1640
vt 0.481844 0.429203
f 1640/858/1640 2500/857/2500 196/5347/196
vt 0.311272 0.688885
vt 0.311268 0.688888
vt 0.311266 0.688886
f 1605/5348/1605 1645/5349/1645 1646/5350/1646
vt 0.218889 0.012250
vt 0.218895 0.012203
vt 0.218891 0.012255
f 822/5351/822 75/5352/75 3262/5353/3262
vt 0.218880 0.012089
f 1648/861/1648 1649/860/1649 75/5354/75
vt 0.515640 0.816315
f 1423/5355/1423 1422/862/1422 1650/864/1650
vt 0.515636 0.816338
f 1650/864/1650 3311/863/3311 847/5356/847
vt 0.516016 0.815281
vt 0.516012 0.815289
vt 0.516018 0.815269
f 1651/5357/1651 1652/5358/1652 503/5359/503
vt 0.523056 0.813843
f 480/5360/480 1653/865/1653 1655/867/1655
vt 0.523056 0.813873
f 1653/865/1653 125/5361/125 1654/866/1654
vt 0.523052 0.813820
f 1655/867/1655 1654/866/1654 503/5362/503
vt 0.523067 0.813911
vt 0.523069 0.813908
vt 0.523069 0.813915
f 503/5363/503 1652/5364/1652 1656/5365/1656
vt 0.164459 0.268265
vt 0.164429 0.268311
vt 0.164436 0.268284
f 504/5366/504 1657/5367/1657 3297/5368/3297
vt 0.101257 0.998260
vt 0.101227 0.998276
f 1659/5369/1659 1658/869/1658 505/5370/505
vt 0.171394 0.266010
f 508/5371/508 1660/871/1660 1662/873/1662
vt 0.171387 0.266022
f 1660/871/1660 2347/5372/2347 1661/872/1661
vt 0.171387 0.265991
f 1662/873/1662 1661/872/1661 30/5373/30
vt 0.181110 0.592888
f 2815/5374/2815 1663/874/1663 1665/876/1665
vt 0.181118 0.592842
f 1663/874/1663 197/5375/197 1664/875/1664
vt 0.181122 0.592834
f 1665/876/1665 1664/875/1664 486/5376/486
vt 0.956787 0.351562
f 28/5377/28 1666/877/1666 1667/879/1667
vt 0.956665 0.351685
f 1666/877/1666 44/5378/44 899/878/899
vt 0.956665 0.351562
f 1667/879/1667 899/878/899 516/5379/516
vt 0.955505 0.353760
f 260/5380/260 559/880/559 1668/882/1668
vt 0.955505 0.353638
f 1668/882/1668 3438/881/3438 44/5381/44
vt 0.374573 0.453392
vt 0.374586 0.453378
vt 0.374580 0.453385
f 1671/5382/1671 591/5383/591 1672/5384/1672
vt 0.203453 0.057205
f 183/5385/183 3398/886/3398 1527/888/1527
vt 0.586742 0.676941
vt 0.586723 0.676956
vt 0.586700 0.676971
f 1674/5386/1674 1673/5387/1673 316/5388/316
vt 0.586502 0.677109
f 316/5389/316 1675/889/1675 2103/891/2103
vt 0.586464 0.677139
f 1675/889/1675 450/5390/450 1568/890/1568
vt 0.586441 0.677155
f 2103/891/2103 1568/890/1568 814/5391/814
vt 0.535892 0.273693
f 2291/5392/2291 1676/892/1676 1677/894/1677
vt 0.535889 0.273697
f 1676/892/1676 261/5393/261 3117/893/3117
vt 0.535889 0.273682
f 1677/894/1677 3117/893/3117 1437/5394/1437
vt 0.767334 0.253906
f 485/5395/485 1678/895/1678 1680/897/1680
vt 0.767340 0.253887
f 1678/895/1678 510/5396/510 1679/896/1679
vt 0.767349 0.253876
f 1680/897/1680 1679/896/1679 513/5397/513
vt 0.768047 0.259117
f 557/5398/557 1681/898/1681 1682/900/1682
vt 0.768044 0.259127
f 1681/898/1681 498/5399/498 779/899/779
vt 0.125366 0.553741
f 122/5400/122 1683/901/1683 1077/903/1077
vt 0.125336 0.553795
f 1683/901/1683 511/5401/511 1267/902/1267
vt 0.125244 0.553894
f 1077/903/1077 1267/902/1267 140/5402/140
vt 0.217529 0.172485
vt 0.217575 0.172455
vt 0.217560 0.172470
f 822/5403/822 3262/5404/3262 3282/5405/3282
vt 0.217712 0.172363
f 3282/904/3282 1685/5406/1685 3270/905/3270
f 1634/5406/1634 3270/904/3270 1685/908/1685
f 3282/904/3282 3262/5403/3262 1684/907/1684
vt 0.217651 0.172363
f 1685/908/1685 1684/907/1684 293/5407/293
vt 0.985733 0.234375
f 471/5408/471 1687/909/1687 1555/911/1555
vt 0.985809 0.234253
f 1687/909/1687 117/5409/117 1688/910/1688
vt 0.985748 0.234375
f 1555/911/1555 1688/910/1688 2421/5410/2421
vt 0.856049 0.299408
f 230/5411/230 1690/915/1690 1692/917/1692
vt 0.856033 0.299393
f 1690/915/1690 514/5412/514 1691/916/1691
vt 0.856140 0.299438
f 1692/917/1692 1691/916/1691 260/5413/260
vt 0.768478 0.256775
f 515/5414/515 778/918/778 1694/920/1694
vt 0.768478 0.256805
f 2260/920/2260 1693/919/1693 422/5415/422
vt 0.768433 0.257050
vt 0.768436 0.257011
vt 0.768440 0.257004
f 830/5416/830 1695/5417/1695 174/5418/174
vt 0.955109 0.353577
f 901/921/901 339/5419/339 1696/922/1696
vt 0.955170 0.353577
f 901/923/901 1696/922/1696 516/5420/516
f 339/5419/339 1184/924/1184 1696/926/1696
vt 0.955078 0.353516
f 1184/924/1184 214/5421/214 1185/925/1185
vt 0.955139 0.353516
f 1696/926/1696 1185/925/1185 516/5422/516
vt 0.955414 0.353638
f 1697/927/1697 517/5423/517 900/928/900
vt 0.955444 0.353638
f 3438/929/3438 900/928/900 44/5424/44
vt 0.157007 0.266607
vt 0.157012 0.266618
vt 0.157001 0.266599
f 800/5425/800 1698/5426/1698 1699/5427/1699
vt 0.015490 0.282610
vt 0.015490 0.282606
vt 0.015490 0.282614
f 1700/5428/1700 3210/5429/3210 1506/5430/1506
vt 0.177414 0.757004
f 115/5431/115 3263/930/3263 1701/932/1701
vt 0.534981 0.277382
f 310/5432/310 1702/933/1702 1704/935/1704
vt 0.534977 0.277393
f 310/5433/310 1704/936/1704 1705/938/1705
vt 0.534973 0.277405
f 1705/938/1705 3202/937/3202 287/5434/287
vt 0.187442 0.189404
vt 0.187442 0.189412
vt 0.187442 0.189412
f 3369/5435/3369 3354/5436/3354 3372/5437/3372
vt 0.000488 0.297852
f 730/5438/730 1490/942/1490 1708/944/1708
vt 0.000519 0.297913
f 1490/942/1490 359/5439/359 1707/943/1707
vt 0.000549 0.297974
f 1708/944/1708 1707/943/1707 520/5440/520
vt 0.482580 0.429142
f 147/5441/147 1709/945/1709 1639/947/1639
vt 0.482575 0.429144
f 1709/945/1709 1670/5442/1670 1669/946/1669
vt 0.482577 0.429140
f 1639/947/1639 1669/946/1669 500/5443/500
vt 0.248535 0.765503
f 630/5444/630 1710/948/1710 1148/950/1148
vt 0.248459 0.765518
f 1710/948/1710 522/5445/522 903/949/903
vt 0.248413 0.765503
f 1148/950/1148 903/949/903 201/5446/201
vt 0.009644 0.631042
f 1711/951/1711 434/5447/434 1449/952/1449
vt 0.009583 0.631042
f 312/5448/312 1250/954/1250 3426/956/3426
vt 0.009521 0.631104
vt 0.009537 0.631088
vt 0.009537 0.631096
f 65/5449/65 3426/5450/3426 1712/5451/1712
vt 0.125763 0.553383
f 511/5452/511 1683/957/1683 1713/959/1713
vt 0.125793 0.553360
f 1683/957/1683 122/5453/122 1126/958/1126
vt 0.125671 0.553482
f 1713/959/1713 1126/958/1126 523/5454/523
vt 0.125000 0.554199
f 303/5455/303 1151/960/1151 1076/962/1076
vt 0.125046 0.554150
f 1151/960/1151 299/5456/299 1714/961/1714
vt 0.125244 0.553955
f 1076/962/1076 1714/961/1714 122/5457/122
vt 0.120483 0.635416
vt 0.120422 0.635432
vt 0.120361 0.635447
f 298/5458/298 1715/5459/1715 1716/5460/1716
vt 0.120300 0.635463
vt 0.120239 0.635477
f 1716/5460/1716 1715/5461/1715 2816/5462/2816
vt 0.119629 0.635620
f 523/5463/523 1125/963/1125 1718/965/1718
vt 0.119507 0.635653
f 1125/963/1125 298/5464/298 1717/964/1717
vt 0.119385 0.635681
f 1718/965/1718 1717/964/1717 297/5465/297
vt 0.003815 0.621063
f 527/5466/527 1719/966/1719 1721/968/1721
vt 0.003906 0.621094
f 1719/966/1719 233/5467/233 1720/967/1720
vt 0.003876 0.621124
f 1721/968/1721 1720/967/1720 735/5468/735
vt 0.003605 0.621166
vt 0.003630 0.621180
vt 0.003609 0.621178
f 526/5469/526 1722/5470/1722 747/5471/747
vt 0.172218 0.994011
f 237/5472/237 1723/969/1723 1725/971/1725
vt 0.172241 0.993958
f 1723/969/1723 46/5473/46 1724/970/1724
vt 0.172211 0.994049
f 1725/971/1725 1724/970/1724 1968/5474/1968
vt 0.003998 0.494232
f 747/5475/747 1726/972/1726 1332/974/1332
vt 0.004227 0.494217
f 1726/972/1726 1266/5476/1266 1727/973/1727
vt 0.004120 0.494232
f 1332/974/1332 1727/973/1727 300/5477/300
vt 0.004349 0.495621
vt 0.004339 0.495619
vt 0.004360 0.495617
f 300/5478/300 434/5479/434 1333/5480/1333
vt 0.176689 0.756706
f 1266/5481/1266 1267/975/1267 1727/977/1727
vt 0.176687 0.756689
f 1267/975/1267 511/5482/511 1728/976/1728
vt 0.176693 0.756680
f 1727/977/1727 1728/976/1728 300/5483/300
f 300/5483/300 1728/978/1728 1730/980/1730
vt 0.176691 0.756662
f 1728/978/1728 511/5484/511 1729/979/1729
vt 0.176695 0.756666
f 1730/980/1730 1729/979/1729 836/5485/836
vt 0.176701 0.756626
f 3427/5486/3427 1447/981/1447 1731/983/1731
vt 0.176699 0.756609
f 1447/981/1447 434/5487/434 836/982/836
vt 0.205719 0.049652
f 326/5488/326 1069/987/1069 1733/989/1733
vt 0.205750 0.049652
f 1733/989/1733 1465/988/1465 327/5489/327
vt 0.220329 0.012508
f 22/5490/22 1734/992/1734 1735/991/1735
vt 0.583984 0.000000
f 7/5491/7 1736/993/1736 1738/995/1738
vt 0.583847 0.000008
f 1736/993/1736 534/5492/534 1737/994/1737
vt 0.583851 0.000006
f 1738/995/1738 1737/994/1737 622/5493/622
f 534/5492/534 1739/996/1739 1741/998/1741
vt 0.583710 0.000015
f 1739/996/1739 145/5494/145 1740/997/1740
vt 0.583714 0.000013
f 1741/998/1741 1740/997/1740 482/5495/482
vt 0.958923 0.008881
f 2058/999/2058 535/5496/535 1257/1000/1257
vt 0.958870 0.008930
f 566/1001/566 1257/1000/1257 838/5497/838
vt 0.417160 0.989136
vt 0.417175 0.989136
vt 0.417145 0.989151
f 3391/5498/3391 52/5499/52 1742/5500/1742
vt 0.417130 0.989151
vt 0.417114 0.989166
f 1743/5501/1743 1742/5500/1742 777/5502/777
vt 0.296875 0.998535
f 204/5503/204 3353/1002/3353 1744/1004/1744
vt 0.621277 0.682800
f 497/5504/497 1745/1005/1745 1747/1007/1747
vt 0.621246 0.682831
f 1745/1005/1745 185/5505/185 1746/1006/1746
vt 0.621262 0.682808
f 1747/1007/1747 1746/1006/1746 536/5506/536
vt 0.621216 0.682831
f 536/5507/536 1746/1008/1746 1749/1010/1749
vt 0.621185 0.682861
f 1746/1008/1746 185/5508/185 1748/1009/1748
vt 0.621201 0.682838
f 1749/1010/1749 1748/1009/1748 33/5509/33
vt 0.621170 0.682877
vt 0.621178 0.682865
f 185/5508/185 1750/5510/1750 1748/5511/1748
vt 0.621155 0.682892
vt 0.621162 0.682880
f 1750/5510/1750 358/5512/358 1748/5513/1748
vt 0.324982 0.283630
f 30/5514/30 203/1011/203 1662/1013/1662
vt 0.324976 0.283626
f 1662/1013/1662 1751/1012/1751 508/5515/508
vt 0.364685 0.990021
f 52/5516/52 1752/1014/1752 1742/1016/1742
vt 0.364655 0.990036
f 1752/1014/1752 3205/5517/3205 1753/1015/1753
vt 0.364624 0.990021
f 1742/1016/1742 1753/1015/1753 777/5518/777
vt 0.359390 0.990463
vt 0.359375 0.990479
vt 0.359375 0.990356
f 3392/5519/3392 537/5520/537 1754/5521/1754
vt 0.582031 0.001678
vt 0.582027 0.001664
f 1755/3901/1755 482/5522/482 833/5523/833
vt 0.165649 0.271301
vt 0.165611 0.271343
vt 0.165627 0.271320
f 30/5524/30 1756/5525/1756 203/5526/203
vt 0.165573 0.271385
vt 0.165588 0.271362
f 1756/5525/1756 264/5527/264 2205/5528/2205
vt 0.165375 0.271530
vt 0.165356 0.271551
vt 0.165352 0.271549
f 3226/5529/3226 3384/5530/3384 1758/5531/1758
vt 0.165337 0.271572
vt 0.165333 0.271570
f 1079/5530/1079 538/5532/538 1757/5533/1757
vt 0.165329 0.271568
f 1758/5531/1758 1757/5533/1757 3393/5534/3393
vt 0.297302 0.993042
f 1877/5535/1877 1759/1017/1759 1760/1019/1760
vt 0.297241 0.993164
f 1759/1017/1759 3176/5536/3176 1048/1018/1048
vt 0.297241 0.992920
f 1760/1019/1760 1048/1018/1048 53/5537/53
vt 0.804779 0.586838
f 581/1021/581 1761/1021/1761 541/5538/541
f 540/1020/540 1762/1020/1762 1761/1021/1761
f 1762/1020/1762 466/1020/466 1763/1021/1763
f 1761/1021/1761 1763/1021/1763 541/5538/541
vt 0.997236 0.084330
vt 0.997242 0.084316
vt 0.997241 0.084329
f 3160/5539/3160 127/5540/127 169/5541/169
vt 0.580444 0.003937
f 1130/1022/1130 483/5542/483 1766/1023/1766
vt 0.580444 0.003815
f 1130/1024/1130 1766/1023/1766 543/5543/543
vt 0.580200 0.003510
f 543/5544/543 1766/1025/1766 1767/1027/1767
vt 0.580139 0.003525
f 1767/1027/1767 766/1026/766 495/5545/495
vt 0.578857 0.005188
f 1132/1028/1132 558/5546/558 956/1029/956
vt 0.578857 0.005066
f 1080/1030/1080 1132/1029/1132 628/5547/628
vt 0.578613 0.005493
f 558/5548/558 1131/1031/1131 1769/1033/1769
vt 0.578491 0.005585
f 1131/1031/1131 543/5549/543 1768/1032/1768
vt 0.578491 0.005463
f 1769/1033/1769 1768/1032/1768 3272/5550/3272
vt 0.578125 0.005798
f 1767/1035/1767 291/5551/291 1768/1036/1768
vt 0.762207 0.250610
f 96/5552/96 1208/1037/1208 1083/1039/1083
vt 0.762085 0.250641
f 1208/1037/1208 3183/5553/3183 91/1038/91
vt 0.761841 0.250641
f 91/1040/91 3183/5554/3183 2883/1041/2883
vt 0.761841 0.250610
f 667/1042/667 2883/1041/2883 544/5555/544
vt 0.438477 0.090576
vt 0.438232 0.090775
vt 0.437988 0.090958
f 47/5556/47 1770/5557/1770 492/5558/492
vt 0.437988 0.090965
f 3408/5559/3408 492/5558/492 1770/5557/1770
vt 0.437744 0.091148
vt 0.437500 0.091347
vt 0.437500 0.091339
f 3401/5560/3401 1771/5561/1771 107/5562/107
vt 0.662903 0.999268
f 812/5563/812 2470/1043/2470 1773/1045/1773
vt 0.662857 0.999329
f 2470/1043/2470 366/5564/366 1772/1044/1772
vt 0.662842 0.999329
f 1773/1045/1773 1772/1044/1772 3212/5565/3212
vt 0.662827 0.999344
f 3212/5565/3212 1772/1046/1772 3358/5566/3358
vt 0.662796 0.999390
f 1772/1046/1772 366/5567/366 1774/1047/1774
vt 0.236134 0.511967
f 302/5568/302 1134/1049/1134 1777/1051/1777
vt 0.236116 0.512003
f 1134/1049/1134 12/5569/12 1776/1050/1776
vt 0.236107 0.512016
f 1777/1051/1777 1776/1050/1776 205/5570/205
vt 0.774078 0.000031
vt 0.773438 0.000000
vt 0.773739 0.000011
f 1778/5571/1778 247/5572/247 3211/5573/3211
vt 0.774380 0.000042
vt 0.773890 0.000017
f 309/5574/309 1778/5573/1778 3211/5575/3211
vt 0.773926 0.000000
vt 0.774006 0.000004
vt 0.773804 0.000000
f 1781/5576/1781 3431/5577/3431 1780/5578/1780
vt 0.773964 0.000008
vt 0.773682 0.000000
f 1780/5578/1780 1779/5579/1779 545/5580/545
vt 0.773560 0.000000
vt 0.773720 0.000008
f 1779/5581/1779 973/5582/973 599/5572/599
vt 0.775269 0.000000
vt 0.775391 0.000000
f 1781/5583/1781 623/5584/623 906/4229/906
vt 0.005371 0.236816
f 493/5585/493 1782/1052/1782 1622/1054/1622
vt 0.005127 0.237122
f 1782/1052/1782 2110/5586/2110 1783/1053/1783
vt 0.004883 0.237305
f 1622/1054/1622 1783/1053/1783 40/5587/40
vt 0.213043 0.916260
vt 0.213058 0.916260
vt 0.213028 0.916275
f 546/5588/546 1610/5589/1610 1337/5590/1337
vt 0.213074 0.916260
vt 0.213043 0.916275
f 1610/5589/1610 2453/5591/2453 1784/5592/1784
vt 0.212524 0.916382
f 597/5593/597 1614/1055/1614 1786/1057/1786
vt 0.212585 0.916382
f 1614/1055/1614 546/5594/546 1785/1056/1785
vt 0.212494 0.916412
f 1786/1057/1786 1785/1056/1785 958/5595/958
vt 0.212708 0.916382
vt 0.212738 0.916382
vt 0.212692 0.916397
f 546/5596/546 1337/5597/1337 1785/5598/1785
vt 0.212723 0.916397
vt 0.212677 0.916412
f 1785/5598/1785 1337/5599/1337 958/5600/958
f 575/4066/575 2329/1058/2329 1787/1060/1787
vt 0.795471 0.999908
f 2393/5601/2393 1787/1061/1787 1788/1063/1788
f 1788/1063/1788 100/1062/100 78/4863/78
vt 0.795898 1.000000
vt 0.796005 0.999992
vt 0.796143 1.000000
f 78/5602/78 806/5603/806 1790/5604/1790
vt 0.796112 0.999985
vt 0.796249 0.999992
f 1790/5603/1790 806/5605/806 1789/5606/1789
vt 0.796387 1.000000
f 1790/5604/1790 1789/5606/1789 206/5607/206
vt 0.218803 0.001297
vt 0.218811 0.001343
f 3278/5608/3278 1791/5609/1791 1792/1065/1792
vt 0.218750 0.001221
f 39/5610/39 1793/1067/1793 1466/1069/1466
vt 0.218758 0.001266
f 1793/1067/1793 124/5611/124 1794/1068/1794
vt 0.218750 0.001282
f 1466/1069/1466 1794/1068/1794 327/5612/327
vt 0.532945 0.272452
f 2180/5613/2180 964/1070/964 1795/1072/1795
vt 0.532954 0.272420
f 963/1070/963 295/5614/295 1006/1071/1006
vt 0.532945 0.272460
f 1795/1072/1795 1006/1071/1006 1838/5615/1838
vt 0.531660 0.280832
f 442/5616/442 1470/1073/1470 1797/1075/1797
vt 0.531673 0.280811
f 1470/1073/1470 444/5617/444 1796/1074/1796
vt 0.531664 0.280828
f 1797/1075/1797 1796/1074/1796 219/5618/219
vt 0.993752 0.545647
vt 0.993761 0.545645
vt 0.993738 0.545652
f 114/5619/114 1598/5620/1598 1533/5621/1533
vt 0.993771 0.545643
vt 0.993748 0.545650
f 1598/5620/1598 182/5622/182 1533/5623/1533
vt 0.993790 0.545639
f 1533/1076/1533 182/5624/182 1798/1077/1798
vt 0.993744 0.545654
f 1799/1078/1799 1798/1077/1798 832/5625/832
vt 0.993734 0.545656
vt 0.993721 0.545662
f 1799/5626/1799 832/5625/832 1800/5627/1800
vt 0.993664 0.545689
vt 0.993637 0.545700
f 832/5628/832 1798/1079/1798 539/5629/539
f 1801/1081/1801 539/5629/539 1798/1079/1798
vt 0.235183 0.513209
vt 0.235182 0.513215
vt 0.235179 0.513221
f 819/5630/819 1804/5631/1804 1805/5632/1805
vt 0.235178 0.513226
vt 0.235175 0.513232
f 1805/5632/1805 1804/5633/1804 1606/5634/1606
vt 0.429951 0.699553
vt 0.429939 0.699566
f 126/2164/126 1806/5635/1806 552/5636/552
vt 0.856140 0.298981
f 413/5637/413 1807/1082/1807 1809/1084/1809
vt 0.856171 0.298950
f 1807/1082/1807 678/5638/678 1808/1083/1808
vt 0.856201 0.298950
f 1809/1084/1809 1808/1083/1808 224/5639/224
vt 0.247562 0.428707
vt 0.247559 0.428711
vt 0.247543 0.428696
f 1810/5640/1810 853/5641/853 1811/5642/1811
vt 0.247547 0.428692
vt 0.247528 0.428680
f 1810/5643/1810 1811/5642/1811 626/5644/626
vt 0.049374 0.382381
vt 0.049377 0.382416
vt 0.049370 0.382378
f 266/5645/266 1812/5646/1812 418/5647/418
vt 0.049393 0.382523
f 1813/1085/1813 1815/5648/1815 1814/1086/1814
vt 0.049377 0.382446
f 1812/1087/1812 1814/1086/1814 418/5649/418
vt 0.205048 0.178726
vt 0.204994 0.178722
f 253/5650/253 3450/5651/3450 3209/1090/3209
vt 0.205078 0.178711
f 3209/1090/3209 1818/1089/1818 70/5652/70
vt 0.765945 0.264435
f 779/5653/779 1819/1091/1819 1682/1093/1682
vt 0.765957 0.264427
f 1819/1091/1819 556/5654/556 1820/1092/1820
vt 0.765896 0.264549
f 1682/1093/1682 1820/1092/1820 557/5655/557
f 557/5655/557 1820/1094/1820 1822/1096/1822
vt 0.765907 0.264542
f 1820/1094/1820 556/5656/556 1821/1095/1821
vt 0.765846 0.264664
f 1822/1096/1822 1821/1095/1821 2501/5657/2501
vt 0.878098 0.376343
f 260/5658/260 1668/1097/1668 1824/1099/1824
vt 0.878052 0.376465
f 1668/1097/1668 44/5659/44 1823/1098/1823
vt 0.878113 0.376221
f 1824/1099/1824 1823/1098/1823 805/5660/805
vt 0.187475 0.194788
vt 0.187475 0.194811
f 564/5661/564 1825/1100/1825 1826/5662/1826
vt 0.187476 0.194757
f 1825/1100/1825 3452/5663/3452 1817/1101/1817
vt 0.753021 0.575440
f 3271/5664/3271 1827/1103/1827 1086/1105/1086
f 1827/1103/1827 77/1104/77 1828/1104/1828
vt 0.752914 0.575562
f 1086/1105/1086 1828/1104/1828 581/5665/581
vt 0.753128 0.575317
vt 0.753075 0.575378
f 439/5666/439 1463/5667/1463 1829/5667/1829
vt 0.753048 0.575409
vt 0.753021 0.575439
f 1829/5667/1829 3271/5668/3271 1086/5669/1086
f 1829/5667/1829 1086/5669/1086 915/5669/915
vt 0.589783 0.674561
f 450/5670/450 1675/1106/1675 1830/1108/1830
vt 0.589848 0.674515
f 1675/1106/1675 316/5671/316 1673/1107/1673
vt 0.523193 0.815582
f 406/5672/406 1831/1109/1831 1154/1111/1154
vt 0.523186 0.815567
f 1831/1109/1831 265/5673/265 1564/1110/1564
vt 0.523193 0.815552
f 1154/1111/1154 1564/1110/1564 130/5674/130
vt 0.474114 0.997207
f 576/5675/576 1832/1112/1832 1834/1114/1834
vt 0.474192 0.997155
f 1832/1112/1832 380/5676/380 1833/1113/1833
vt 0.474110 0.997210
f 1834/1114/1834 1833/1113/1833 595/5677/595
vt 0.534149 0.270416
f 487/5678/487 1835/1115/1835 1836/1117/1836
vt 0.534103 0.270340
f 1835/1115/1835 80/5679/80 1136/1116/1136
vt 0.534119 0.270325
f 1836/1117/1836 1136/1116/1136 1837/5680/1837
vt 0.533981 0.269974
f 1839/1120/1839 1838/1119/1838 429/5681/429
vt 0.532364 0.275558
f 2634/5682/2634 1840/1121/1840 1842/1123/1842
vt 0.532360 0.275562
f 1840/1121/1840 850/5683/850 1841/1122/1841
vt 0.532379 0.275482
f 1842/1123/1842 1841/1122/1841 80/5684/80
vt 0.007568 0.072021
f 1069/5685/1069 1512/1124/1512 1465/1126/1465
vt 0.007538 0.071991
f 1512/1124/1512 3245/5686/3245 909/1125/909
f 1465/1126/1465 909/1125/909 39/4231/39
vt 0.007423 0.071815
vt 0.007446 0.071777
f 909/1129/909 3254/5687/3254 290/5688/290
vt 0.460766 0.680817
vt 0.460755 0.680828
vt 0.460749 0.680832
f 2715/5689/2715 1844/5690/1844 1845/5691/1845
vt 0.460749 0.680834
vt 0.460738 0.680843
f 1845/5690/1845 1844/5692/1844 1941/5693/1941
vt 0.460732 0.680847
f 1845/5691/1845 1941/5693/1941 563/5694/563
vt 0.048887 0.381338
f 266/5695/266 1846/1130/1846 1812/1132/1812
vt 0.048888 0.381251
f 1846/1130/1846 561/5696/561 1847/1131/1847
vt 0.048888 0.381356
f 1812/1132/1812 1847/1131/1847 1813/5697/1813
vt 0.523392 0.815170
f 1848/1133/1848 125/5698/125 1803/1134/1803
vt 0.523380 0.815136
vt 0.523381 0.815135
f 562/5699/562 3388/5700/3388 1851/1138/1851
vt 0.523392 0.815140
f 1851/1138/1851 1879/1137/1879 110/5701/110
vt 0.523384 0.815147
f 503/5702/503 1654/1139/1654 1651/1141/1651
vt 0.523392 0.815147
f 1654/1139/1654 125/5703/125 1852/1140/1852
vt 0.523407 0.815155
f 1651/1141/1651 1852/1140/1852 110/5704/110
vt 0.433380 0.693855
f 104/5705/104 1853/1142/1853 1855/1144/1855
vt 0.433533 0.693710
f 1853/1142/1853 71/5706/71 1854/1143/1854
vt 0.433350 0.693886
f 1855/1144/1855 1854/1143/1854 2278/5707/2278
vt 0.527739 0.627851
f 1856/1145/1856 81/5708/81 135/1146/135
vt 0.527735 0.627855
f 81/5709/81 1409/1148/1409 135/1150/135
vt 0.527729 0.627857
f 1409/1148/1409 207/5710/207 1857/1149/1857
vt 0.208344 0.175995
f 2347/5711/2347 1858/1151/1858 1661/1153/1661
vt 0.208313 0.175964
f 1858/1151/1858 564/5712/564 913/1152/913
vt 0.208435 0.175964
f 1661/1153/1661 913/1152/913 30/5713/30
f 564/4235/564 1859/1154/1859 911/30/911
vt 0.208557 0.175842
f 1859/1154/1859 635/5714/635 1860/1155/1860
f 911/30/911 1860/1155/1860 1861/4236/1861
f 30/4237/30 912/31/912 1756/1157/1756
vt 0.208801 0.175842
f 1756/1157/1756 912/1156/912 264/5715/264
vt 0.917480 0.000031
f 1863/1160/1863 1862/1159/1862 565/5716/565
vt 0.916748 0.000000
f 1864/1161/1864 208/5717/208 1863/1162/1863
vt 0.839111 0.428368
f 172/5718/172 3364/1164/3364 1866/1166/1866
vt 0.838989 0.428417
f 1866/1166/1866 1865/1165/1865 271/5719/271
vt 0.907410 0.007812
f 566/5720/566 1867/1167/1867 1868/1169/1868
vt 0.907349 0.007812
f 1867/1167/1867 169/5721/169 1764/1168/1764
vt 0.907471 0.007751
f 1868/1169/1868 1764/1168/1764 752/5722/752
vt 0.622257 0.052532
vt 0.622252 0.052534
vt 0.622250 0.052532
f 1869/5723/1869 741/5724/741 568/5725/568
vt 0.622264 0.052531
vt 0.622263 0.052530
vt 0.622271 0.052530
f 1869/5726/1869 568/5727/568 1870/5728/1870
vt 0.622272 0.052531
vt 0.622278 0.052530
f 3414/5729/3414 1870/5728/1870 1872/5730/1872
vt 0.622289 0.052526
vt 0.622288 0.052525
vt 0.622295 0.052525
f 3272/5731/3272 209/5732/209 3414/5733/3414
vt 0.622304 0.052526
vt 0.622303 0.052525
vt 0.622307 0.052525
f 3414/5734/3414 1872/5735/1872 1871/5736/1871
vt 0.622312 0.052526
vt 0.622311 0.052525
vt 0.622318 0.052525
f 1769/5737/1769 1871/5738/1871 558/5739/558
vt 0.622284 0.052521
f 1872/1170/1872 79/5740/79 1873/1171/1873
vt 0.622314 0.052521
f 1871/1172/1871 1873/1171/1873 558/5741/558
vt 0.621660 0.052751
vt 0.621660 0.052752
vt 0.621648 0.052755
f 2186/5742/2186 741/5743/741 1874/5744/1874
vt 0.390686 0.014893
vt 0.390701 0.014908
vt 0.390686 0.014923
f 741/5745/741 1875/5746/1875 568/5747/568
vt 0.390701 0.014893
f 1875/5746/1875 741/5745/741 776/5748/776
vt 0.390701 0.014923
vt 0.390686 0.014938
f 568/5747/568 1876/5749/1876 1870/5750/1870
vt 0.390701 0.014938
vt 0.390686 0.014954
f 1870/5750/1870 1876/5751/1876 1872/5752/1872
vt 0.208565 0.919197
vt 0.208527 0.919220
vt 0.208540 0.919210
f 1877/5753/1877 120/5754/120 368/5755/368
vt 0.208633 0.919144
f 386/5756/386 941/1173/941 1878/1175/1878
vt 0.208557 0.919189
f 941/1173/941 1877/5757/1877 1760/1174/1760
vt 0.208588 0.919159
f 1878/1175/1878 1760/1174/1760 53/5758/53
vt 0.516733 0.816029
vt 0.516732 0.816057
vt 0.516731 0.816055
f 110/5759/110 1879/5760/1879 243/5761/243
vt 0.779663 0.901825
f 373/5762/373 1880/1176/1880 1881/1178/1881
vt 0.779724 0.901840
f 1880/1176/1880 950/5763/950 952/1177/952
vt 0.779694 0.901840
f 1881/1178/1881 952/1177/952 472/5764/472
vt 0.812607 0.779068
vt 0.812611 0.779095
vt 0.812603 0.779102
f 93/5765/93 1883/5766/1883 1884/5767/1884
vt 0.812614 0.779121
f 950/5768/950 1880/1179/1880 1883/1181/1883
vt 0.812622 0.779175
f 1880/1179/1880 373/5769/373 1885/1180/1885
vt 0.812607 0.779190
f 1883/1181/1883 1885/1180/1885 1884/5770/1884
vt 0.812523 0.779091
vt 0.812527 0.779118
vt 0.812521 0.779108
f 93/5771/93 1884/5772/1884 3273/5773/3273
vt 0.812519 0.779125
vt 0.812523 0.779152
vt 0.812519 0.779156
f 1887/5774/1887 93/5775/93 3273/5776/3273
vt 0.516195 0.818066
f 1888/1182/1888 3274/5777/3274 1889/1183/1889
vt 0.516209 0.818001
f 1879/1184/1879 1889/1183/1889 243/5778/243
vt 0.769745 0.000824
f 570/5779/570 1890/1185/1890 1892/1187/1892
vt 0.769897 0.000854
f 1890/1185/1890 247/5780/247 1891/1186/1891
vt 0.769543 0.000790
f 1892/1187/1892 1891/1186/1891 35/5781/35
vt 0.995422 0.352234
vt 0.995392 0.352325
vt 0.995361 0.352295
f 1618/5782/1618 1894/5783/1894 321/5784/321
vt 0.842651 0.424011
f 1894/5785/1894 3303/1188/3303 1895/1190/1895
vt 0.842621 0.424042
f 1895/1190/1895 1053/1189/1053 267/5786/267
vt 0.842133 0.424164
vt 0.842133 0.424149
vt 0.842148 0.424179
f 136/5787/136 1896/5788/1896 1282/5789/1282
vt 0.842148 0.424164
vt 0.842163 0.424194
f 1282/5789/1282 1896/5790/1896 334/5791/334
vt 0.780609 0.902267
f 852/5792/852 1897/1191/1897 1628/1193/1628
vt 0.780670 0.902283
f 1897/1191/1897 573/5793/573 987/1192/987
vt 0.780640 0.902283
f 1628/1193/1628 987/1192/987 148/5794/148
vt 0.792023 0.999985
vt 0.792038 0.999977
vt 0.792084 0.999985
f 1898/5795/1898 2329/5796/2329 1899/5797/1899
vt 0.792480 1.000000
vt 0.792511 0.999985
vt 0.792511 1.000000
f 64/5798/64 1899/5799/1899 1887/5800/1887
vt 0.792542 0.999969
vt 0.792526 0.999985
f 1899/5799/1899 575/5801/575 1887/5802/1887
vt 0.792542 0.999985
vt 0.792542 1.000000
f 1887/5800/1887 1900/5803/1900 93/5804/93
vt 0.815170 0.773468
f 1271/1194/1271 577/5805/577 1901/1195/1901
vt 0.815170 0.773483
f 753/1196/753 1901/1195/1901 824/5806/824
vt 0.624283 0.679092
f 536/5807/536 1749/1197/1749 1903/1199/1903
vt 0.624329 0.679077
f 1749/1197/1749 33/5808/33 1902/1198/1902
vt 0.624336 0.679085
f 1903/1199/1903 1902/1198/1902 785/5809/785
vt 0.999023 0.357422
vt 0.998993 0.357422
f 1894/5810/1894 1618/1200/1618 3303/5811/3303
vt 0.998962 0.357391
vt 0.998901 0.357300
f 1053/1202/1053 3338/5812/3338 572/5813/572
vt 0.655762 0.371460
f 578/5814/578 1904/1203/1904 1906/1205/1906
vt 0.655769 0.371376
f 1904/1203/1904 34/5815/34 1905/1204/1905
vt 0.655762 0.371582
f 1906/1205/1906 1905/1204/1905 2520/5816/2520
vt 0.655777 0.370682
f 218/5817/218 1923/1206/1923 1908/1208/1908
vt 0.655769 0.370766
f 1923/1206/1923 34/5818/34 1907/1207/1907
vt 0.655773 0.370663
f 1908/1208/1908 1907/1207/1907 475/5819/475
vt 0.774628 0.444824
f 580/5820/580 1217/1209/1217 1910/1211/1910
vt 0.774628 0.444839
f 1217/1209/1217 579/5821/579 1909/1210/1909
vt 0.774597 0.444855
f 1910/1211/1910 1909/1210/1909 129/5822/129
f 540/4239/540 1761/34/1761 1911/1213/1911
vt 0.704010 0.624298
f 1761/34/1761 581/5823/581 1828/1212/1828
vt 0.704041 0.624329
f 1911/1213/1911 1828/1212/1828 77/5824/77
vt 0.995415 0.857384
f 1364/1215/1364 582/5825/582 981/1216/981
vt 0.994965 0.857391
f 187/5826/187 981/1216/981 582/5825/582
vt 0.995323 0.857414
vt 0.995361 0.857422
vt 0.995220 0.857418
f 582/5827/582 370/5828/370 1912/5829/1912
vt 0.995079 0.857414
vt 0.995098 0.857418
vt 0.994629 0.857422
f 582/5830/582 1912/5831/1912 187/5832/187
vt 0.661774 0.997926
f 1913/1217/1913 812/5833/812 1914/1218/1914
vt 0.661621 0.997982
f 1139/1219/1139 1914/1218/1914 1140/5834/1140
vt 0.661316 0.998093
vt 0.661331 0.998087
vt 0.661255 0.998116
f 1915/5835/1915 1916/5836/1916 3212/5837/3212
f 3212/5837/3212 1916/1220/1916 1773/1222/1773
vt 0.661285 0.998105
f 1916/1220/1916 1140/5838/1140 1914/1221/1914
vt 0.661133 0.998161
f 1773/1222/1773 1914/1221/1914 812/5839/812
vt 0.661438 0.998049
vt 0.661377 0.998072
f 3251/5840/3251 1915/1223/1915 1220/5841/1220
vt 0.661392 0.998066
vt 0.661316 0.998095
f 1220/5841/1220 3246/5842/3246 357/5843/357
vt 0.661331 0.998089
vt 0.661255 0.998117
f 357/5843/357 3246/5844/3246 1163/5845/1163
vt 0.661270 0.998112
vt 0.661301 0.998101
vt 0.661308 0.998098
f 1775/5846/1775 1163/5847/1163 3358/5848/3358
vt 0.661194 0.998140
f 1163/5845/1163 1775/5846/1775 1164/5849/1164
vt 0.996094 0.352112
vt 0.996063 0.352203
vt 0.996094 0.352051
f 1176/5850/1176 137/5851/137 333/5852/333
vt 0.999985 0.850204
vt 1.000000 0.850342
f 420/5853/420 583/5854/583 1918/1227/1918
f 1917/1228/1917 1918/1227/1918 583/5854/583
vt 0.999992 0.851372
vt 0.999996 0.851406
vt 1.000000 0.851562
f 825/5855/825 1919/5856/1919 584/5857/584
vt 0.046894 0.379108
vt 0.046895 0.379117
vt 0.046894 0.379139
f 744/5858/744 1920/5859/1920 25/5860/25
vt 0.706207 0.624115
vt 0.706200 0.624123
vt 0.706169 0.624092
f 541/5861/541 915/5862/915 581/5863/581
vt 0.706196 0.624126
vt 0.706161 0.624100
f 581/5862/581 915/5864/915 1086/5865/1086
vt 0.655830 0.368813
f 218/5866/218 1921/1229/1921 1923/1231/1923
vt 0.655840 0.368845
f 1921/1229/1921 3206/5867/3206 1922/1230/1922
vt 0.655846 0.368889
f 1923/1231/1923 1922/1230/1922 579/5868/579
vt 0.462559 0.678383
vt 0.462578 0.678360
vt 0.462574 0.678368
f 1924/5869/1924 740/5870/740 1925/5871/1925
vt 0.681866 0.827984
vt 0.681847 0.827995
vt 0.681862 0.827980
f 168/5872/168 1926/5873/1926 585/5874/585
vt 0.681770 0.828011
f 585/5875/585 1926/1232/1926 1928/1234/1928
vt 0.681747 0.828018
f 1928/1234/1928 1927/1233/1927 33/5876/33
vt 0.681915 0.827911
f 3325/5877/3325 1929/1235/1929 1557/1237/1557
vt 0.681877 0.827934
f 1929/1235/1929 585/5878/585 1930/1236/1930
vt 0.681908 0.827904
f 1557/1237/1557 1930/1236/1930 294/5879/294
vt 0.012283 0.921883
vt 0.012232 0.921884
vt 0.012213 0.921882
f 83/5880/83 1931/5881/1931 1932/5882/1932
vt 0.012180 0.921885
vt 0.012161 0.921883
f 1931/5881/1931 716/5883/716 1932/5884/1932
vt 0.682755 0.827530
f 168/5885/168 1933/1238/1933 1089/1240/1089
vt 0.682816 0.827530
f 1933/1238/1933 130/5886/130 1563/1239/1563
vt 0.682762 0.827538
f 1089/1240/1089 1563/1239/1563 586/5887/586
vt 0.005600 0.923637
vt 0.005623 0.923618
vt 0.005661 0.923607
f 428/5888/428 1934/5889/1934 1936/5890/1936
vt 0.236520 0.511823
vt 0.236502 0.511854
vt 0.236511 0.511837
f 1937/5891/1937 754/5892/754 1938/5893/1938
vt 0.364380 0.989868
f 777/5894/777 1939/1241/1939 1743/1243/1743
vt 0.364319 0.989868
f 1939/1241/1939 198/5895/198 1940/1242/1940
vt 0.364319 0.989838
f 1743/1243/1743 1940/1242/1940 587/5896/587
vt 0.462433 0.678566
vt 0.462440 0.678558
vt 0.462433 0.678574
f 563/5897/563 1941/5898/1941 258/5899/258
vt 0.003479 0.119507
f 221/5900/221 1942/1244/1942 1623/1246/1623
vt 0.003235 0.119751
f 1942/1244/1942 242/5901/242 1943/1245/1943
vt 0.003540 0.119385
f 1623/1246/1623 1943/1245/1943 494/5902/494
vt 0.002502 0.120483
f 2792/5903/2792 918/1247/918 1945/1249/1945
f 918/1247/918 666/4241/666 1944/1248/1944
vt 0.002563 0.120361
f 1945/1249/1945 1944/1248/1944 242/5904/242
vt 0.008453 0.485748
vt 0.008553 0.485664
vt 0.008530 0.485703
f 149/5905/149 1946/5906/1946 588/5907/588
vt 0.522940 0.631790
f 270/5908/270 1947/1250/1947 1948/1252/1948
vt 0.522947 0.631790
f 1948/1252/1948 1856/1251/1856 304/5909/304
vt 0.462791 0.678139
f 84/5910/84 1949/1253/1949 1950/1255/1950
vt 0.462723 0.678223
f 1949/1253/1949 3221/5911/3221 1844/1254/1844
vt 0.462784 0.678146
f 1950/1255/1950 1844/1254/1844 2715/5912/2715
vt 0.555931 0.705088
f 748/5913/748 1952/1256/1952 1953/1258/1953
vt 0.555923 0.705097
f 1952/1256/1952 1129/5914/1129 1128/1257/1128
vt 0.555885 0.705122
f 748/5915/748 1953/1259/1953 1954/1261/1954
vt 0.555878 0.705132
f 1953/1259/1953 1128/5916/1128 1955/1260/1955
vt 0.555847 0.705154
vt 0.555859 0.705144
vt 0.555862 0.705143
f 292/5917/292 2452/5918/2452 1955/5919/1955
vt 0.555870 0.705133
f 2452/5918/2452 1954/5920/1954 1955/1260/1955
vt 0.497715 0.509270
f 3187/5921/3187 1142/1262/1142 3349/1264/3349
vt 0.497716 0.509283
f 1142/1262/1142 305/5922/305 1956/1263/1956
vt 0.497714 0.509280
f 3349/1264/3349 1956/1263/1956 818/5923/818
vt 0.172997 0.993050
vt 0.172989 0.993057
vt 0.172986 0.993058
f 1524/5924/1524 131/5925/131 1958/5926/1958
vt 0.520476 0.632702
vt 0.520487 0.632698
f 1960/5927/1960 1959/4074/1959 643/5928/643
vt 0.520440 0.632713
vt 0.520429 0.632717
vt 0.520416 0.632721
f 1947/5929/1947 1961/5930/1961 269/5931/269
vt 0.521412 0.632324
f 307/5932/307 1962/1265/1962 1963/1267/1963
vt 0.521454 0.632309
f 1962/1265/1962 306/5933/306 1963/1266/1963
vt 0.521414 0.632324
f 1964/1267/1964 1963/1266/1963 1965/5934/1965
vt 0.521435 0.632317
vt 0.521414 0.632324
f 1964/5934/1964 1965/5935/1965 3213/5936/3213
vt 0.521456 0.632309
vt 0.521446 0.632313
f 1965/5935/1965 593/5937/593 1957/5938/1957
vt 0.521415 0.632324
vt 0.521425 0.632320
vt 0.521416 0.632324
f 1961/5939/1961 3213/5940/3213 269/5941/269
vt 0.521578 0.632263
vt 0.521599 0.632256
vt 0.521578 0.632263
f 593/5942/593 3178/5943/3178 1957/5944/1957
vt 0.149660 0.873352
vt 0.149642 0.873383
vt 0.149624 0.873413
f 282/5945/282 1244/5946/1244 1967/5947/1967
vt 0.149552 0.873535
vt 0.149534 0.873566
vt 0.149507 0.873611
f 132/5948/132 984/5949/984 3199/5950/3199
vt 0.149480 0.873657
f 3199/5951/3199 1968/1268/1968 1969/1270/1969
vt 0.149444 0.873718
f 1969/1270/1969 1724/1269/1724 46/5952/46
vt 0.149479 0.873657
f 1966/1272/1966 132/5953/132 919/36/919
f 3199/4242/3199 919/36/919 132/5953/132
f 428/4243/428 920/37/920 1934/1274/1934
f 920/37/920 3199/4242/3199 1969/1273/1969
vt 0.149406 0.873779
f 1934/1274/1934 1969/1273/1969 92/5954/92
f 308/4535/308 1145/220/1145 1970/1276/1970
f 1145/220/1145 133/4534/133 1242/1275/1242
vt 0.150213 0.872421
f 1970/1276/1970 1242/1275/1242 3249/5955/3249
vt 0.875595 0.378845
f 172/5956/172 1971/1277/1971 1972/1279/1972
vt 0.875549 0.378906
f 1971/1277/1971 341/5957/341 3096/1278/3096
vt 0.875488 0.378906
f 1972/1279/1972 3096/1278/3096 401/5958/401
vt 0.875576 0.378891
vt 0.875599 0.378860
vt 0.875603 0.378876
f 698/5959/698 1973/5960/1973 82/5961/82
vt 0.222107 0.999664
f 462/5962/462 1974/1280/1974 1976/1282/1976
vt 0.222076 0.999680
f 1974/1280/1974 195/5963/195 1975/1281/1975
vt 0.222046 0.999680
f 1976/1282/1976 1975/1281/1975 381/5964/381
f 381/5963/381 1975/1283/1975 1978/1285/1978
vt 0.222046 0.999695
f 1975/1283/1975 195/5965/195 1977/1284/1977
vt 0.222015 0.999695
f 1978/1285/1978 1977/1284/1977 1637/5966/1637
vt 0.221985 0.999725
f 597/5967/597 1979/1286/1979 1546/1288/1546
vt 0.221954 0.999741
f 1979/1286/1979 1981/5968/1981 1980/1287/1980
vt 0.221924 0.999741
f 1546/1288/1546 1980/1287/1980 463/5969/463
vt 0.221878 0.999756
vt 0.221863 0.999756
f 463/5969/463 1980/5970/1980 195/5971/195
vt 0.221893 0.999741
f 1637/5972/1637 1977/1289/1977 1981/1291/1981
f 1977/1289/1977 195/5971/195 1980/1290/1980
vt 0.221710 0.999748
vt 0.221695 0.999756
vt 0.221680 0.999756
f 1978/5973/1978 1637/5974/1637 24/5975/24
vt 0.497689 0.509482
f 306/5976/306 1982/1292/1982 1984/1294/1984
vt 0.497691 0.509485
f 1982/1292/1982 839/5977/839 1983/1293/1983
vt 0.497686 0.509503
f 1984/1294/1984 1983/1293/1983 593/5978/593
vt 0.869402 0.404240
f 271/5979/271 1985/1295/1985 1987/1297/1987
vt 0.869434 0.404213
f 1985/1295/1985 235/5980/235 1986/1296/1986
vt 0.869328 0.404305
f 1987/1297/1987 1986/1296/1986 82/5981/82
f 1988/1298/1988 576/4244/576 923/41/923
f 1888/1299/1888 923/41/923 3274/4246/3274
vt 0.473515 0.997225
f 3285/4246/3285 969/40/969 972/5982/972
vt 0.473504 0.997237
vt 0.473514 0.997225
f 972/40/972 3274/5983/3274 1989/5984/1989
vt 0.473524 0.997213
f 972/5982/972 1989/5984/1989 220/5985/220
vt 0.473481 0.997251
vt 0.473480 0.997251
vt 0.473486 0.997245
f 128/5986/128 1990/5987/1990 1992/5988/1992
vt 0.473479 0.997251
vt 0.473484 0.997245
f 1990/5987/1990 594/5989/594 1991/5990/1991
f 271/4247/271 1865/1300/1865 924/42/924
vt 0.773521 0.448552
f 924/42/924 1360/1301/1360 3437/5991/3437
f 613/4249/613 925/43/925 1994/1303/1994
f 925/43/925 3437/4248/3437 1993/1302/1993
vt 0.773560 0.448471
f 1994/1303/1994 1993/1302/1993 641/5992/641
vt 0.473097 0.998007
f 85/5993/85 1995/1304/1995 1222/1306/1222
vt 0.473232 0.997906
f 1995/1304/1995 595/5994/595 1996/1305/1996
vt 0.473204 0.997931
f 1222/1306/1222 1996/1305/1996 688/5995/688
vt 0.210794 0.914736
f 597/5996/597 1786/1307/1786 1997/1309/1997
vt 0.210745 0.914762
f 1786/1307/1786 958/5997/958 959/1308/959
vt 0.210796 0.914730
f 1997/1309/1997 959/1308/959 596/5998/596
vt 0.775238 0.444214
f 574/5999/574 1998/1310/1998 2000/1312/2000
vt 0.775269 0.444153
f 1998/1310/1998 129/6000/129 1999/1311/1999
vt 0.775269 0.444183
f 2000/1312/2000 1999/1311/1999 3146/6001/3146
vt 0.774414 0.445312
f 82/6002/82 1986/1313/1986 2002/1315/2002
f 1986/1313/1986 235/1318/235 2001/1314/2001
vt 0.774414 0.445297
f 2002/1315/2002 2001/1314/2001 574/6003/574
f 574/6003/574 2001/1316/2001 1998/1318/1998
f 2001/1316/2001 235/1484/235 2003/1317/2003
vt 0.774414 0.445282
f 1998/1318/1998 2003/1317/2003 129/6004/129
vt 0.497707 0.509431
f 305/6005/305 2004/1319/2004 2005/1321/2005
vt 0.497709 0.509434
f 2004/1319/2004 593/6006/593 1983/1320/1983
vt 0.497702 0.509449
f 2005/1321/2005 1983/1320/1983 839/6007/839
vt 0.497727 0.509406
f 305/6008/305 1141/1322/1141 2004/1324/2004
vt 0.497729 0.509409
f 1141/1322/1141 1408/6009/1408 3178/1323/3178
vt 0.497722 0.509424
f 2004/1324/2004 3178/1323/3178 593/6010/593
vt 0.181347 0.593208
f 2006/1325/2006 3186/6011/3186 3299/1326/3299
vt 0.181328 0.593231
f 460/1327/460 3299/1326/3299 476/6012/476
vt 0.210687 0.917043
vt 0.210683 0.917046
vt 0.210680 0.917047
f 1477/6013/1477 3260/6014/3260 201/6015/201
vt 0.210686 0.917046
f 447/6016/447 2008/1328/2008 1477/1330/1477
vt 0.210681 0.917049
f 2008/1328/2008 3373/6017/3373 2007/1329/2007
vt 0.210671 0.917054
f 1477/1330/1477 2007/1329/2007 3260/6018/3260
vt 0.000122 0.300049
f 2110/6019/2110 2009/1331/2009 2011/1333/2011
vt 0.000107 0.300140
f 2009/1331/2009 272/6020/272 2010/1332/2010
vt 0.000107 0.299896
f 2011/1333/2011 2010/1332/2010 134/6021/134
vt 0.000000 0.300537
vt 0.000008 0.300613
vt 0.000000 0.300781
f 598/6022/598 2013/6023/2013 13/6024/13
vt 0.000015 0.300446
f 134/6025/134 2010/1334/2010 1254/1336/1254
vt 0.000008 0.300491
f 2010/1334/2010 272/6026/272 3181/1335/3181
vt 0.000000 0.300293
f 1254/1336/1254 3181/1335/3181 153/6027/153
vt 0.181305 0.593262
vt 0.181314 0.593254
vt 0.181309 0.593262
f 702/6028/702 1093/6029/1093 3186/6030/3186
vt 0.181396 0.593170
f 189/6031/189 928/1337/928 2014/1339/2014
vt 0.181412 0.593155
f 928/1337/928 486/6032/486 1664/1338/1664
vt 0.181400 0.593170
f 2014/1339/2014 1664/1338/1664 197/6033/197
vt 0.250519 0.684937
f 602/6034/602 2015/1340/2015 1092/1341/1092
vt 0.250534 0.685120
f 2015/1340/2015 927/6035/927 929/47/929
f 1092/1341/1092 929/47/929 189/4251/189
vt 0.769196 0.000519
vt 0.769028 0.000534
vt 0.769123 0.000523
f 3370/6036/3370 352/6037/352 3377/6038/3377
vt 0.769039 0.000530
f 857/6039/857 3377/6038/3377 352/6037/352
vt 0.210291 0.916956
vt 0.210246 0.916972
vt 0.210291 0.916956
f 682/6040/682 2016/6041/2016 727/6042/727
vt 0.099426 0.998627
vt 0.099281 0.998638
vt 0.099152 0.998642
f 216/6043/216 1196/6044/1196 505/6045/505
f 505/6045/505 1196/1342/1196 2018/1344/2018
vt 0.482004 0.429379
f 817/6046/817 2019/1345/2019 2021/1347/2021
vt 0.482004 0.429394
f 2019/1345/2019 601/6047/601 2020/1346/2020
vt 0.482004 0.429381
f 2021/1347/2021 2020/1346/2020 3177/6048/3177
vt 0.010345 0.921982
vt 0.010239 0.921989
f 1659/6049/1659 2018/1348/2018 3319/6050/3319
vt 0.010010 0.921997
f 3319/1350/3319 2023/1349/2023 237/6051/237
vt 0.774563 0.445015
f 685/6052/685 2024/1351/2024 2026/1353/2026
vt 0.774559 0.445023
f 2024/1351/2024 2520/6053/2520 2025/1352/2025
vt 0.774540 0.445030
f 2026/1353/2026 2025/1352/2025 603/6054/603
vt 0.484680 0.990540
f 367/6055/367 2028/1357/2028 2030/1357/2030
f 2028/1357/2028 296/1358/296 2029/1358/2029
f 2030/1357/2030 2029/1358/2029 2032/1358/2032
vt 0.484497 0.990356
f 2028/1360/2028 367/6056/367 907/1360/907
f 549/6056/549 907/1360/907 367/6056/367
f 311/1362/311 2030/1361/2030 2032/1362/2032
vt 0.475189 0.995209
f 2029/1361/2029 296/6057/296 2031/1361/2031
f 2032/1362/2032 2031/1361/2031 3409/1362/3409
f 212/1364/212 2033/1363/2033 2034/1364/2034
f 2033/1363/2033 311/1362/311 2032/1363/2032
vt 0.475170 0.995190
f 2032/1366/2032 3409/6058/3409 2034/1366/2034
f 2034/1368/2034 3409/1367/3409 2036/1368/2036
vt 0.475128 0.995148
f 3409/1367/3409 198/6059/198 2035/1367/2035
f 2036/1368/2036 2035/1367/2035 2435/1368/2435
vt 0.051514 0.382019
vt 0.051544 0.381958
vt 0.051506 0.382042
f 938/6060/938 939/6061/939 2037/6062/2037
vt 0.051575 0.381897
vt 0.051537 0.381981
f 939/6061/939 266/6063/266 2037/6064/2037
vt 0.051437 0.382187
f 938/6065/938 2037/1369/2037 1377/1371/1377
vt 0.051498 0.382065
f 2037/1369/2037 384/6066/384 1326/1370/1326
vt 0.051422 0.382233
f 1377/1371/1377 1326/1370/1326 1239/6067/1239
f 108/4252/108 2038/1372/2038 930/48/930
vt 0.814209 0.778931
f 2038/1372/2038 373/6068/373 1881/1373/1881
f 930/48/930 1881/1373/1881 472/4253/472
vt 0.590042 0.674438
f 87/1374/87 322/6069/322 1161/1375/1161
vt 0.657593 0.999485
f 213/6070/213 1140/1377/1140 2041/1379/2041
vt 0.657532 0.999508
f 2041/1379/2041 2040/1378/2040 1324/6071/1324
vt 0.657501 0.999522
vt 0.657471 0.999535
vt 0.657471 0.999534
f 1915/6072/1915 3251/6073/3251 2040/6074/2040
vt 0.991226 0.857376
f 2099/1380/2099 824/6075/824 1901/1381/1901
vt 0.991264 0.857384
f 983/1382/983 1901/1381/1901 577/6076/577
vt 0.819330 0.020050
vt 0.819320 0.020065
vt 0.819323 0.020050
f 2043/6077/2043 3275/6078/3275 2042/6079/2042
vt 0.819344 0.020020
vt 0.819336 0.020020
f 2043/6080/2043 2042/6079/2042 192/6081/192
vt 0.187478 0.194656
vt 0.187478 0.194679
vt 0.187477 0.194695
f 2044/6082/2044 3452/6083/3452 1825/6084/1825
vt 0.187477 0.194671
vt 0.187477 0.194710
f 1858/6085/1858 1825/6084/1825 564/6086/564
vt 0.752888 0.575592
f 29/1104/29 611/6087/611 1590/3011/1590
vt 0.245140 0.755211
vt 0.245142 0.755213
vt 0.245140 0.755212
f 2815/6088/2815 1665/6089/1665 3235/6090/3235
vt 0.245144 0.755215
vt 0.245141 0.755216
f 1665/6089/1665 486/6091/486 2743/6092/2743
vt 0.184429 0.587723
f 303/6093/303 1137/1383/1137 2046/1385/2046
vt 0.184433 0.587708
f 1137/1383/1137 365/6094/365 2045/1384/2045
vt 0.184441 0.587738
f 2046/1385/2046 2045/1384/2045 2574/6095/2574
vt 0.773621 0.448346
f 235/6096/235 1985/1386/1985 2047/1388/2047
vt 0.773621 0.448346
f 1985/1386/1985 271/6097/271 926/1387/926
vt 0.773651 0.448282
f 2047/1388/2047 926/1387/926 613/6098/613
vt 0.129120 0.549561
f 2286/6099/2286 3443/1389/3443 2049/1391/2049
vt 0.129089 0.549561
f 2049/1391/2049 2048/1390/2048 365/6100/365
vt 0.150349 0.872986
f 597/6101/597 1545/1392/1545 1615/1394/1615
vt 0.150331 0.873016
f 1545/1392/1545 1547/6102/1547 2050/1393/2050
vt 0.150362 0.872955
f 1615/1394/1615 2050/1393/2050 614/6103/614
vt 0.323627 0.282642
f 465/6104/465 2051/1395/2051 2053/1397/2053
vt 0.323606 0.282640
f 2051/1395/2051 615/6105/615 2052/1396/2052
vt 0.323623 0.282641
f 2053/1397/2053 2052/1396/2052 144/6106/144
vt 0.619934 0.680725
f 31/6107/31 2054/1398/2054 2056/1400/2056
vt 0.619995 0.680664
f 2054/1398/2054 173/6108/173 2055/1399/2055
vt 0.619934 0.680756
f 2056/1400/2056 2055/1399/2055 712/6109/712
vt 0.907715 0.007690
f 566/6110/566 1868/1401/1868 2058/1403/2058
vt 0.907745 0.007629
f 1868/1401/1868 752/6111/752 2057/1402/2057
vt 0.000732 0.612305
f 616/6112/616 2059/1404/2059 2060/1406/2060
vt 0.000610 0.612061
f 2060/1404/2060 314/6113/314 1329/1405/1329
vt 0.817921 0.022247
f 3275/6114/3275 961/1407/961 2061/1409/2061
vt 0.818031 0.022034
f 961/1407/961 101/6115/101 325/1408/325
vt 0.234944 0.514472
f 2062/1410/2062 737/6116/737 2063/1411/2063
vt 0.326828 0.281326
vt 0.326824 0.281322
vt 0.326836 0.281319
f 2933/6117/2933 1381/6118/1381 2064/6119/2064
vt 0.326832 0.281315
vt 0.326843 0.281311
f 2064/6119/2064 1381/6120/1381 144/6121/144
f 499/4258/499 2065/1413/2065 936/1415/936
vt 0.618454 0.053467
vt 0.618465 0.053463
vt 0.618462 0.053467
f 209/6122/209 3379/6123/3379 1869/6124/1869
vt 0.618471 0.053461
vt 0.618473 0.053463
f 3379/6123/3379 3423/6125/3423 1874/6126/1874
vt 0.235803 0.512425
vt 0.235815 0.512403
vt 0.235813 0.512409
f 2066/6127/2066 2067/6128/2067 491/6129/491
vt 0.251617 0.174835
f 2068/6130/2068 2069/2081/2069 636/4352/636
vt 0.251343 0.174500
f 1861/6131/1861 1860/1416/1860 2068/1418/2068
vt 0.251343 0.174561
f 1860/1416/1860 635/6132/635 2070/1417/2070
vt 0.251312 0.174500
f 2068/1418/2068 2070/1417/2070 2069/6133/2069
vt 0.774780 0.444565
f 580/6134/580 2071/1419/2071 1217/1421/1217
vt 0.774780 0.444550
f 2071/1419/2071 2520/6135/2520 1905/1420/1905
vt 0.774796 0.444542
f 1217/1421/1217 1905/1420/1905 34/6136/34
vt 0.005234 0.921959
f 2072/1422/2072 57/6137/57 2073/1423/2073
vt 0.005310 0.921967
f 2074/1424/2074 2073/1423/2073 83/6138/83
vt 0.234806 0.514362
f 2079/6139/2079 2075/1425/2075 2066/1427/2066
vt 0.234808 0.514359
f 2075/1425/2075 618/6140/618 2076/1426/2076
vt 0.234791 0.514408
f 2066/1427/2066 2076/1426/2076 2067/6141/2067
vt 0.369476 0.397919
vt 0.369453 0.397926
vt 0.369495 0.397907
f 3433/6142/3433 1114/6143/1114 3446/6144/3446
vt 0.369431 0.397934
vt 0.369492 0.397903
f 1114/6143/1114 1020/6145/1020 1565/6146/1565
vt 0.369553 0.397873
f 474/6147/474 1565/1428/1565 2078/1430/2078
vt 0.369629 0.397827
f 2078/1430/2078 1020/1429/1020 694/6148/694
vt 0.372926 0.455070
f 2079/1431/2079 737/6149/737 2080/1432/2080
vt 0.372901 0.455098
f 2075/1433/2075 2080/1432/2080 618/6150/618
f 618/6150/618 2080/1434/2080 3102/1436/3102
vt 0.372942 0.455054
f 2080/1434/2080 737/6151/737 2062/1435/2062
vt 0.818676 0.021118
vt 0.818611 0.021240
vt 0.818705 0.021057
f 960/6152/960 232/6153/232 1608/6154/1608
vt 0.818769 0.020935
vt 0.818798 0.020874
f 960/6155/960 1608/6154/1608 470/6156/470
vt 0.585381 0.677795
f 31/6157/31 2081/1437/2081 2054/1439/2054
vt 0.585430 0.677765
f 2081/1437/2081 589/6158/589 2082/1438/2082
vt 0.585346 0.677826
f 2054/1439/2054 2082/1438/2082 173/6159/173
f 173/6159/173 2082/1440/2082 910/1442/910
vt 0.585396 0.677795
f 2082/1440/2082 589/6160/589 2083/1441/2083
vt 0.585312 0.677856
f 910/1442/910 2083/1441/2083 304/6161/304
vt 0.327408 0.281830
f 746/6162/746 1457/1443/1457 2084/1445/2084
vt 0.327415 0.281815
f 1457/1443/1457 435/6163/435 619/1444/619
vt 0.327435 0.281807
vt 0.327438 0.281799
vt 0.327446 0.281799
f 619/6164/619 435/6165/435 2085/6166/2085
vt 0.007080 0.071045
f 438/6167/438 2087/1446/2087 2089/1448/2089
vt 0.007050 0.071198
f 2087/1446/2087 1510/6168/1510 2088/1447/2088
vt 0.007019 0.071106
f 2089/1448/2089 2088/1447/2088 496/6169/496
f 419/1450/419 2090/1449/2090 1074/1450/1074
vt 0.984375 0.566132
f 2090/1449/2090 742/6170/742 2091/1449/2091
f 1074/1450/1074 2091/1449/2091 2349/1450/2349
f 2349/1452/2349 2091/1451/2091 2092/1452/2092
vt 0.984375 0.566040
f 2091/1451/2091 742/6171/742 1486/1451/1486
f 2092/1452/2092 1486/1451/1486 609/1452/609
vt 0.990093 0.546371
f 182/6172/182 1600/1453/1600 2094/1455/2094
vt 0.990095 0.546364
f 1600/1453/1600 190/6173/190 2093/1454/2093
vt 0.990098 0.546360
f 2094/1455/2094 2093/1454/2093 228/6174/228
f 2095/1456/2095 228/6174/228 2093/1454/2093
f 2096/1457/2096 2093/1454/2093 190/6173/190
vt 0.955322 0.345703
f 332/6175/332 2097/1458/2097 1619/1460/1619
vt 0.955322 0.345825
f 2097/1458/2097 820/6176/820 2098/1459/2098
vt 0.955200 0.345703
f 1619/1460/1619 2098/1459/2098 1620/6177/1620
f 820/6176/820 1186/1461/1186 2098/1463/2098
vt 0.955322 0.345947
f 1186/1461/1186 214/6178/214 1030/1462/1030
vt 0.955200 0.345825
f 2098/1463/2098 1030/1462/1030 1620/6179/1620
vt 0.991020 0.857384
f 2839/6180/2839 2099/1464/2099 1274/1466/1274
vt 0.991041 0.857382
f 2099/1464/2099 983/6181/983 2100/1465/2100
vt 0.991058 0.857391
f 1274/1466/1274 2100/1465/2100 764/6182/764
vt 0.816488 0.024658
vt 0.816509 0.024628
vt 0.816449 0.024719
f 471/6183/471 2101/6184/2101 2102/6185/2102
vt 0.816409 0.024780
f 2102/6186/2102 2101/1467/2101 1609/1469/1609
vt 0.816450 0.024719
f 2101/1467/2101 232/6187/232 2043/1468/2043
vt 0.816330 0.024902
f 1609/1469/1609 2043/1468/2043 192/6188/192
vt 0.619965 0.680725
f 712/6189/712 2055/1470/2055 814/1472/814
f 2055/1470/2055 173/6108/173 2103/1471/2103
vt 0.187361 0.190309
f 3369/6190/3369 2104/1473/2104 3380/1475/3380
vt 0.187362 0.190384
f 2104/1473/2104 106/6191/106 2105/1474/2105
vt 0.187361 0.190264
f 3380/1475/3380 2105/1474/2105 940/6192/940
vt 0.212940 0.918568
vt 0.212898 0.918587
f 2106/6193/2106 943/1477/943 547/6194/547
vt 0.655817 0.368914
vt 0.655813 0.368910
vt 0.655812 0.368905
f 579/6195/579 34/6196/34 1923/6197/1923
f 242/1248/242 1944/1479/1944 2107/1481/2107
vt 0.002167 0.120789
f 1944/1479/1944 666/6198/666 1042/1480/1042
vt 0.002525 0.120407
f 2107/1481/2107 1042/1480/1042 3236/6199/3236
f 129/6004/129 2003/1482/2003 2109/1484/2109
vt 0.774414 0.445263
f 2003/1482/2003 235/6200/235 2108/1483/2108
vt 0.774414 0.445267
f 2109/1484/2109 2108/1483/2108 684/6201/684
vt 0.015479 0.283206
f 2009/57/2009 2110/6202/2110 750/4269/750
vt 0.015485 0.283663
f 1782/1485/1782 493/6203/493 2111/1486/2111
vt 0.015484 0.283581
f 2110/1487/2110 2111/1486/2111 750/6204/750
vt 0.374733 0.453342
vt 0.374736 0.453339
vt 0.374730 0.453344
f 2112/6205/2112 2113/6206/2113 839/6207/839
vt 0.374726 0.453349
f 306/6208/306 84/1488/84 1982/1490/1982
vt 0.374724 0.453351
f 1982/1490/1982 2112/1489/2112 839/6209/839
vt 0.098450 0.998688
vt 0.098587 0.998680
vt 0.098442 0.998692
f 2018/6210/2018 1659/6211/1659 505/6212/505
vt 0.912354 0.001343
vt 0.912416 0.001310
f 623/6213/623 2115/1493/2115 906/6214/906
f 2963/1493/2963 906/6213/906 2115/1491/2115
vt 0.185394 0.586426
f 490/6215/490 1246/1494/1246 2117/1496/2117
vt 0.185379 0.586487
f 1246/1494/1246 1937/6216/1937 2116/1495/2116
vt 0.185379 0.586426
f 2117/1496/2117 2116/1495/2116 621/6217/621
f 621/6216/621 2116/1497/2116 2118/1499/2118
vt 0.185371 0.586517
f 2116/1497/2116 1937/6218/1937 1938/1498/1938
vt 0.839310 0.432434
vt 0.839279 0.432404
vt 0.839287 0.432404
f 162/6219/162 2119/6220/2119 3200/6221/3200
vt 0.839272 0.432388
vt 0.839264 0.432373
f 1284/6221/1284 3200/6222/3200 880/6223/880
vt 0.046890 0.131615
vt 0.046875 0.131592
f 2120/6224/2120 246/6225/246 2121/1501/2121
vt 0.046906 0.131516
f 454/6226/454 2122/1500/2122 2121/1502/2121
vt 0.046921 0.131538
f 2122/1500/2122 456/6227/456 2123/1501/2123
f 2121/1502/2121 2123/1501/2123 2120/6225/2120
vt 0.174713 0.758026
f 486/6228/486 2124/1503/2124 2743/1505/2743
vt 0.174721 0.758018
f 2124/1503/2124 624/6229/624 2125/1504/2125
vt 0.472521 0.998392
f 85/6230/85 2126/1506/2126 1995/1508/1995
vt 0.472528 0.998386
f 2126/1506/2126 594/6231/594 2127/1507/2127
vt 0.472599 0.998341
f 1995/1508/1995 2127/1507/2127 595/6232/595
vt 0.150444 0.872803
vt 0.150439 0.872810
f 1291/6233/1291 1611/6234/1611 1292/1511/1292
vt 0.150425 0.872833
f 1613/1509/1613 614/6235/614 441/1510/441
vt 0.150421 0.872833
f 441/1512/441 614/6236/614 2128/1513/2128
vt 0.150436 0.872803
f 2129/1514/2129 2128/1513/2128 308/6237/308
vt 0.590107 0.674332
f 135/6238/135 1857/1515/1857 3233/1517/3233
vt 0.590145 0.674301
f 1857/1515/1857 207/6239/207 3201/1516/3201
vt 0.590133 0.674313
vt 0.590139 0.674309
f 1162/1517/1162 3201/6240/3201 2039/6241/2039
vt 0.646420 0.656006
f 37/6242/37 1578/1518/1578 1413/1520/1413
vt 0.646423 0.656006
vt 0.646421 0.656013
f 1578/1518/1578 2289/6243/2289 1156/6244/1156
vt 0.646416 0.656036
f 1413/1520/1413 3232/1519/3232 317/6245/317
vt 0.993896 0.231689
f 560/6246/560 2130/1521/2130 2131/1523/2131
vt 0.993896 0.231812
f 2130/1521/2130 234/6247/234 1392/1522/1392
vt 0.993835 0.231812
f 2131/1523/2131 1392/1522/1392 668/6248/668
vt 0.784836 0.998894
vt 0.784874 0.998898
vt 0.784828 0.998905
f 356/6249/356 355/6250/355 2135/6251/2135
vt 0.784866 0.998909
vt 0.784821 0.998917
f 2135/6251/2135 355/6252/355 395/6253/395
vt 0.780579 0.902237
f 1883/1527/1883 93/6254/93 2136/1528/2136
f 950/63/950 2136/1528/2136 573/4280/573
f 20/4281/20 951/64/951 2137/1530/2137
f 951/64/951 573/4280/573 1897/1529/1897
vt 0.780457 0.902191
f 2137/1530/2137 1897/1529/1897 852/6255/852
vt 0.000397 0.930145
vt 0.000404 0.930168
vt 0.000393 0.930149
f 617/6256/617 2138/6257/2138 3415/6258/3415
vt 0.000412 0.930191
vt 0.000389 0.930153
f 2138/6257/2138 718/6259/718 57/6260/57
vt 0.321243 0.281298
vt 0.321228 0.281296
vt 0.321259 0.281296
f 2139/6261/2139 424/6262/424 2140/6263/2140
vt 0.509369 0.145599
f 178/6264/178 2141/1531/2141 1118/1533/1118
vt 0.509369 0.145569
f 2141/1531/2141 3355/6265/3355 2142/1532/2142
vt 0.509399 0.145630
f 1118/1533/1118 2142/1532/2142 1119/6266/1119
vt 0.165268 0.270313
vt 0.165268 0.270329
vt 0.165253 0.270332
f 2143/6267/2143 2144/6268/2144 3226/6269/3226
vt 0.246735 0.429184
f 621/6270/621 2145/1534/2145 2117/1536/2117
vt 0.246735 0.429199
f 2145/1534/2145 626/6271/626 2146/1535/2146
vt 0.246704 0.429199
f 2117/1536/2117 2146/1535/2146 490/6272/490
vt 0.167419 0.268143
vt 0.167389 0.268173
f 167/6273/167 2147/1539/2147 3393/6274/3393
f 2147/1539/2147 167/6273/167 3231/1537/3231
vt 0.676270 0.827026
f 109/6275/109 1539/1540/1539 2149/1542/2149
vt 0.676361 0.827034
f 1539/1540/1539 774/6276/774 2148/1541/2148
vt 0.676277 0.827032
f 2149/1542/2149 2148/1541/2148 323/6277/323
vt 0.011810 0.631042
f 836/6278/836 1729/1543/1729 2150/1545/2150
vt 0.011795 0.631042
f 1729/1543/1729 511/6279/511 1713/1544/1713
vt 0.011795 0.631012
f 2150/1545/2150 1713/1544/1713 523/6280/523
vt 0.581997 0.001504
vt 0.581995 0.001489
vt 0.581997 0.001489
f 628/6281/628 3381/6282/3381 2151/6283/2151
vt 0.581996 0.001481
vt 0.581997 0.001473
f 2151/6283/2151 3367/6284/3367 622/6285/622
vt 0.582001 0.001503
f 628/6286/628 2151/1546/2151 1081/1548/1081
f 2151/1546/2151 622/6285/622 2152/1547/2152
vt 0.582001 0.001472
f 1081/1548/1081 2152/1547/2152 1755/6287/1755
vt 0.000977 0.298828
vt 0.000961 0.298798
vt 0.000977 0.298828
f 2153/6288/2153 392/6289/392 864/6290/864
vt 0.245221 0.755540
vt 0.245218 0.755541
vt 0.245219 0.755530
f 2154/6291/2154 624/6292/624 2155/6293/2155
vt 0.245214 0.755522
f 2155/1549/2155 624/6294/624 2124/1550/2124
vt 0.245216 0.755501
f 927/1551/927 2124/1550/2124 486/6295/486
vt 0.236465 0.511912
f 629/6296/629 2156/1552/2156 2157/1554/2157
vt 0.236501 0.511849
f 2156/1552/2156 2118/6297/2118 1938/1553/1938
vt 0.236483 0.511883
f 2157/1554/2157 1938/1553/1938 754/6298/754
vt 0.002777 0.119934
f 494/6299/494 1943/1555/1943 2158/1557/2158
vt 0.002502 0.120239
f 1943/1555/1943 242/6300/242 2107/1556/2107
vt 0.002731 0.119965
f 2158/1557/2158 2107/1556/2107 3236/6301/3236
f 466/1559/466 1762/1558/1762 1575/1560/1575
f 1762/1558/1762 540/3952/540 2159/1559/2159
f 1575/1560/1575 2159/1559/2159 223/3954/223
vt 0.543344 0.266953
vt 0.543335 0.266953
vt 0.543350 0.266953
f 1007/6302/1007 295/6303/295 1119/6304/1119
vt 0.173527 0.763432
f 758/6305/758 2160/1561/2160 2162/1563/2162
vt 0.173533 0.763423
f 2160/1561/2160 374/6306/374 2161/1562/2161
vt 0.173441 0.763559
f 2162/1563/2162 2161/1562/2161 631/6307/631
vt 0.000000 0.003906
vt 0.000000 0.003662
vt 0.000488 0.003418
f 3344/6308/3344 2735/6309/2735 1026/6310/1026
vt 0.990967 0.993408
vt 0.991119 0.993347
f 632/6311/632 2165/1568/2165 2164/6312/2164
vt 0.819345 0.020050
vt 0.819318 0.020096
vt 0.819324 0.020081
f 2042/6313/2042 3275/6314/3275 3183/6315/3183
vt 0.457901 0.685333
f 3221/6316/3221 2166/1570/2166 3302/1572/3302
vt 0.457886 0.685364
vt 0.457880 0.685371
f 2166/1570/2166 307/6317/307 3261/6318/3261
vt 0.997266 0.084357
vt 0.997255 0.084356
vt 0.997260 0.084355
f 2167/6319/2167 127/6320/127 254/6321/254
vt 0.999958 0.850025
vt 0.999961 0.850017
vt 0.999964 0.850046
f 612/6322/612 763/6323/763 420/6324/420
vt 0.150307 0.873047
f 308/6325/308 2128/1573/2128 2168/1575/2168
vt 0.150330 0.873016
f 2128/1573/2128 614/6326/614 2050/1574/2050
vt 0.150314 0.873047
f 2168/1575/2168 2050/1574/2050 468/6327/468
vt 0.995605 0.545898
f 161/6328/161 976/1576/976 2169/1578/2169
vt 0.995712 0.545883
f 976/1576/976 1297/6329/1297 1298/1577/1298
vt 0.995728 0.545898
f 2169/1578/2169 1298/1577/1298 141/6330/141
vt 0.995842 0.545891
vt 0.995850 0.545898
f 344/6330/344 2169/6331/2169 141/6332/141
vt 0.995811 0.545891
f 2169/6331/2169 344/6330/344 161/6333/161
vt 0.325273 0.283617
vt 0.325274 0.283617
f 1566/6334/1566 3446/6335/3446 3214/1581/3214
vt 0.325281 0.283619
f 1453/1579/1453 858/6336/858 2170/1580/2170
vt 0.801575 0.988403
f 2134/6337/2134 2171/1582/2171 3378/1584/3378
vt 0.801605 0.988220
f 2171/1582/2171 407/6338/407 170/1583/170
vt 0.015572 0.285331
f 324/6339/324 2173/1585/2173 2175/1587/2175
vt 0.015572 0.285339
f 2173/1585/2173 759/6340/759 2174/1586/2174
vt 0.015572 0.285331
f 2175/1587/2175 2174/1586/2174 520/6341/520
vt 0.619326 0.053129
vt 0.619324 0.053131
vt 0.619308 0.053139
f 2176/6342/2176 199/6343/199 3381/6344/3381
vt 0.211174 0.916618
f 758/6345/758 2177/1588/2177 2179/1590/2179
vt 0.211170 0.916615
f 2177/1588/2177 630/6346/630 2178/1589/2178
vt 0.211214 0.916597
f 2179/1590/2179 2178/1589/2178 464/6347/464
vt 0.532927 0.272520
f 550/6348/550 2180/1591/2180 2181/1593/2181
vt 0.532936 0.272484
f 1795/1591/1795 964/6349/964 963/1592/963
vt 0.532927 0.272524
f 2181/1593/2181 1795/1592/1795 1838/6350/1838
vt 0.462425 0.678596
f 258/6351/258 1941/1594/1941 2182/1596/2182
vt 0.462433 0.678589
f 1941/1594/1941 3221/6352/3221 3302/1595/3302
vt 0.173435 0.763523
f 758/6353/758 2179/1597/2179 2160/1599/2160
vt 0.173485 0.763451
f 2179/1597/2179 464/6354/464 1289/1598/1289
vt 0.173538 0.763382
f 2160/1599/2160 1289/1598/1289 374/6355/374
vt 0.774467 0.445053
f 603/6356/603 2183/1600/2183 2026/1602/2026
vt 0.774441 0.445061
f 2183/1600/2183 661/6357/661 2184/1601/2184
vt 0.774479 0.445045
f 2026/1602/2026 2184/1601/2184 685/6358/685
vt 0.630203 0.411621
vt 0.630248 0.411530
vt 0.630264 0.411499
f 1308/6359/1308 1311/6360/1311 1309/6361/1309
vt 0.544117 0.266382
f 3355/6362/3355 2141/1603/2141 2186/1605/2186
vt 0.544113 0.266380
f 2141/1603/2141 178/6363/178 2185/1604/2185
vt 0.544113 0.266373
f 2186/1605/2186 2185/1604/2185 776/6364/776
vt 0.681858 0.449593
f 637/6365/637 2187/1606/2187 2189/1608/2189
vt 0.681931 0.449554
f 2187/1606/2187 1019/6366/1019 2188/1607/2188
vt 0.681944 0.449551
f 2189/1608/2189 2188/1607/2188 685/6367/685
vt 0.842667 0.436279
f 703/6368/703 2190/1609/2190 2192/1611/2192
vt 0.842674 0.436279
f 2190/1609/2190 404/6369/404 2191/1610/2191
vt 0.842690 0.436310
f 2192/1611/2192 2191/1610/2191 638/6370/638
f 404/6369/404 2193/1612/2193 2191/1614/2191
vt 0.842682 0.436279
f 2193/1612/2193 399/6371/399 968/1613/968
vt 0.842697 0.436310
f 2191/1614/2191 968/1613/968 638/6372/638
vt 0.430000 0.699505
f 553/6373/553 1806/1615/1806 2194/1617/2194
vt 0.429993 0.699493
f 1806/1615/1806 126/6374/126 2206/1616/2206
vt 0.999023 0.357727
f 1893/6375/1893 1177/1618/1177 3338/1620/3338
vt 0.999023 0.357758
f 1177/1618/1177 333/6376/333 2195/1619/2195
vt 0.998962 0.357635
f 3338/1620/3338 2195/1619/2195 572/6377/572
vt 0.876175 0.377625
f 574/6378/574 2196/1621/2196 2002/1623/2002
vt 0.876221 0.377563
f 2196/1621/2196 811/6379/811 2672/1622/2672
vt 0.876160 0.377686
f 2002/1623/2002 2672/1622/2672 82/6380/82
vt 0.473540 0.997190
f 212/6381/212 2197/1624/2197 1992/1626/1992
vt 0.473547 0.997178
f 2197/1624/2197 607/6382/607 2198/1625/2198
vt 0.473550 0.997178
f 1992/1626/1992 2198/1625/2198 220/6383/220
vt 0.374493 0.453470
f 834/6384/834 1672/1627/1672 2200/1629/2200
vt 0.374517 0.453443
f 1672/1627/1672 591/6385/591 2199/1628/2199
vt 0.374507 0.453455
f 2200/1629/2200 2199/1628/2199 2500/6386/2500
vt 0.998047 0.849731
f 753/6387/753 2201/1630/2201 2203/1632/2203
vt 0.998062 0.849747
f 2201/1630/2201 639/6388/639 2202/1631/2202
vt 0.998047 0.849854
f 2203/1632/2203 2202/1631/2202 484/6389/484
vt 0.321167 0.281284
f 424/6390/424 2204/1633/2204 1002/1635/1002
vt 0.321106 0.281281
f 2204/1633/2204 538/6391/538 2205/1634/2205
vt 0.321167 0.281281
f 1002/1635/1002 2205/1634/2205 264/6392/264
vt 0.432640 0.694456
vt 0.432571 0.694523
f 2206/6393/2206 126/6394/126 2207/4091/2207
vt 0.779537 0.899981
f 774/6395/774 1538/1636/1538 2208/1638/2208
vt 0.779526 0.899971
vt 0.779524 0.899968
f 1538/1636/1538 3325/6396/3325 3418/6397/3418
vt 0.779520 0.899962
f 2208/1638/2208 3418/1637/3418 3371/6398/3371
vt 0.996666 0.857170
f 763/1639/763 612/6399/612 2209/1640/2209
vt 0.996544 0.857170
f 1073/1641/1073 2209/1640/2209 1072/6400/1072
f 612/6399/612 2210/1642/2210 2209/1644/2209
vt 0.996582 0.857178
f 2210/1642/2210 337/6401/337 2211/1643/2211
vt 0.996460 0.857178
f 2209/1644/2209 2211/1643/2211 1072/6402/1072
vt 0.879138 0.531250
vt 0.879140 0.531250
vt 0.879139 0.531250
f 2212/6403/2212 627/6404/627 2213/6405/2213
f 2212/3945/2212 2213/6405/2213 842/6403/842
vt 0.481865 0.429207
f 219/6406/219 2214/1645/2214 2216/1647/2216
vt 0.481861 0.429209
f 2214/1645/2214 2833/6407/2833 2215/1646/2215
vt 0.481861 0.429207
f 2216/1647/2216 2215/1646/2215 634/6408/634
f 634/6408/634 2217/1648/2217 2218/1650/2218
vt 0.481859 0.429208
vt 0.481859 0.429208
f 2217/1648/2217 196/6409/196 3411/6410/3411
vt 0.324945 0.283597
f 3369/6411/3369 2219/1651/2219 2104/1653/2104
vt 0.324942 0.283595
f 2219/1651/2219 508/6412/508 2220/1652/2220
vt 0.324940 0.283592
f 2104/1653/2104 2220/1652/2220 106/6413/106
vt 0.359375 0.991943
vt 0.359379 0.991940
vt 0.359375 0.992065
f 537/6414/537 3310/6415/3310 2221/6416/2221
vt 0.359379 0.992062
vt 0.359375 0.992188
f 2221/6416/2221 3397/6417/3397 9/6418/9
vt 0.459473 0.685181
vt 0.459476 0.685162
f 2223/1654/2223 3261/6419/3261 1960/6420/1960
vt 0.459473 0.685150
f 2194/1656/2194 2223/1655/2223 553/6421/553
vt 0.995865 0.857376
f 2224/1657/2224 582/6422/582 1364/1658/1364
vt 0.995621 0.857376
f 1072/1659/1072 1364/1658/1364 405/6423/405
vt 0.681892 0.827888
vt 0.681885 0.827881
f 294/6424/294 1930/1660/1930 358/6425/358
f 2225/1662/2225 358/6425/358 1930/1660/1930
vt 0.473542 0.997190
vt 0.473541 0.997190
vt 0.473551 0.997178
f 220/6426/220 128/6427/128 1992/6428/1992
vt 0.476089 0.992752
f 606/6429/606 3208/1663/3208 2227/1665/2227
vt 0.476089 0.992722
f 2227/1665/2227 2226/1664/2226 2435/6430/2435
vt 0.655783 0.370802
f 34/6431/34 1904/1666/1904 1907/1668/1907
vt 0.655781 0.370823
f 1904/1666/1904 578/6432/578 2230/1667/2230
vt 0.655785 0.370720
f 1907/1668/1907 2230/1667/2230 475/6433/475
vt 0.880424 0.531250
vt 0.880428 0.531250
vt 0.880425 0.531250
f 2231/6434/2231 228/6435/228 2095/6436/2095
vt 0.997925 0.230835
f 560/6437/560 2232/1671/2232 1544/1670/1544
vt 0.997803 0.231018
f 2232/1671/2232 560/6437/560 340/6438/340
vt 0.839905 0.433472
f 641/6439/641 1993/1672/1993 2233/1674/2233
vt 0.839806 0.433350
f 1993/1672/1993 3437/6440/3437 1358/1673/1358
vt 0.839813 0.433350
f 2233/1674/2233 1358/1673/1358 399/6441/399
vt 0.656982 0.999722
f 3251/6442/3251 1219/1675/1219 2234/1677/2234
vt 0.158363 0.269005
vt 0.158375 0.269026
vt 0.158389 0.269055
f 3259/6443/3259 2235/6444/2235 608/6445/608
f 2500/4301/2500 1644/1678/1644 2200/1680/2200
vt 0.374613 0.453349
f 1644/1678/1644 500/6446/500 966/1679/966
f 2200/1680/2200 966/1679/966 834/5383/834
f 399/4305/399 2119/1681/2119 967/78/967
f 967/78/967 162/1682/162 320/4306/320
vt 0.370232 0.398117
vt 0.370239 0.398117
vt 0.370236 0.398118
f 2077/6447/2077 1021/6448/1021 3291/6449/3291
vt 0.841278 0.434814
f 399/6450/399 2193/1683/2193 2233/1685/2233
vt 0.841301 0.434845
f 2193/1683/2193 404/6451/404 2238/1684/2238
vt 0.841263 0.434814
f 2233/1685/2233 2238/1684/2238 641/6452/641
vt 0.387624 0.122313
f 411/6453/411 2239/1686/2239 2241/1688/2241
vt 0.387623 0.122312
f 2239/1686/2239 244/6454/244 2240/1687/2240
vt 0.387636 0.122320
f 2241/1688/2241 2240/1687/2240 721/6455/721
vt 0.005653 0.922562
f 46/6456/46 1723/1689/1723 2242/1691/2242
vt 0.005737 0.922546
f 1723/1689/1723 237/6457/237 2023/1690/2023
vt 0.005577 0.922577
f 46/6458/46 2242/1692/2242 3316/1694/3316
vt 0.453705 0.250519
f 776/6459/776 2243/1695/2243 1875/1697/1875
vt 0.453644 0.250519
f 2243/1695/2243 17/6460/17 2244/1696/2244
vt 0.453613 0.250488
f 1875/1697/1875 2244/1696/2244 568/6461/568
vt 0.843117 0.436661
f 371/6462/371 1492/1698/1492 1279/1700/1279
vt 0.843109 0.436646
f 1492/1698/1492 162/6463/162 3200/1699/3200
vt 0.843155 0.436707
f 1279/1700/1279 3200/1699/3200 1284/6464/1284
vt 0.158357 0.268988
f 725/6465/725 2245/1701/2245 2246/1703/2246
vt 0.158360 0.268996
f 2245/1701/2245 940/6466/940 2235/1702/2235
vt 0.158338 0.268954
f 2246/1703/2246 2235/1702/2235 3259/6467/3259
vt 0.880478 0.531250
vt 0.880489 0.531250
vt 0.880473 0.531250
f 2247/6468/2247 627/6469/627 711/6470/711
vt 0.015489 0.282620
vt 0.015489 0.282618
vt 0.015490 0.282629
f 1700/6471/1700 642/6472/642 3210/6473/3210
vt 0.620016 0.052698
f 79/6474/79 1034/1704/1034 1873/1706/1873
vt 0.620016 0.052700
f 1034/1704/1034 2176/6475/2176 957/1705/957
vt 0.620012 0.052699
f 1873/1706/1873 957/1705/957 558/6476/558
vt 0.535076 0.277378
f 487/6477/487 2249/1707/2249 1835/1709/1835
vt 0.535078 0.277376
f 2249/1707/2249 2634/6478/2634 1842/1708/1842
vt 0.535074 0.277388
f 1835/1709/1835 1842/1708/1842 80/6479/80
vt 0.459483 0.685252
f 2252/6480/2252 2250/1710/2250 3419/1712/3419
vt 0.459477 0.685277
f 2250/1710/2250 1129/6481/1129 2251/1711/2251
vt 0.459482 0.685251
f 3419/1712/3419 2251/1711/2251 552/6482/552
vt 0.459480 0.685219
f 1960/1713/1960 643/6483/643 2252/1714/2252
vt 0.459480 0.685188
f 2223/1715/2223 2252/1714/2252 553/6484/553
vt 0.459476 0.685192
f 1806/6484/1806 3419/6485/3419 552/6419/552
f 3419/1718/3419 553/6484/553 2252/1716/2252
vt 0.797699 0.989868
f 813/1719/813 187/6486/187 2254/1720/2254
vt 0.797653 0.989929
f 2255/1721/2255 2254/1720/2254 170/6487/170
f 187/6486/187 1912/1722/1912 2254/1724/2254
vt 0.797623 0.990051
f 2254/1724/2254 2256/1723/2256 170/6488/170
vt 0.007614 0.071609
vt 0.007629 0.071594
vt 0.007614 0.071640
f 3254/6489/3254 1510/6490/1510 2087/6491/2087
vt 0.007599 0.071655
vt 0.007599 0.071686
f 1843/6492/1843 2087/6491/2087 438/6493/438
vt 0.516201 0.817863
f 1989/4307/1989 128/6494/128 220/4315/220
f 3285/4315/3285 2257/1725/2257 2259/1727/2259
vt 0.516203 0.817837
f 2257/1725/2257 210/6495/210 2258/1726/2258
vt 0.516208 0.817831
vt 0.516210 0.817835
f 969/4308/969 605/6496/605 1889/6497/1889
vt 0.516212 0.817825
f 243/6498/243 1889/6497/1889 605/6496/605
vt 0.768539 0.257599
f 1693/6499/1693 2260/1728/2260 1694/1730/1694
vt 0.768532 0.257675
f 2260/1728/2260 174/6500/174 2261/1729/2261
vt 0.768532 0.257614
f 1694/1730/1694 2261/1729/2261 515/6501/515
vt 0.323669 0.282251
vt 0.323673 0.282253
f 435/4310/435 1458/6502/1458 970/6503/970
vt 0.323669 0.282249
vt 0.323677 0.282251
f 1458/6502/1458 3053/6504/3053 440/6505/440
vt 0.802948 0.984375
f 337/6506/337 2262/1731/2262 2211/1733/2211
vt 0.802902 0.984497
f 2262/1731/2262 370/6507/370 2224/1732/2224
vt 0.802933 0.984375
f 2211/1733/2211 2224/1732/2224 1072/6508/1072
vt 0.802917 0.984375
vt 0.802910 0.984436
vt 0.802887 0.984497
f 582/6509/582 2224/6510/2224 370/6511/370
vt 0.629128 0.413818
f 387/6512/387 2263/1734/2263 2265/1736/2265
vt 0.629185 0.413696
f 2263/1734/2263 2462/6513/2462 2264/1735/2264
vt 0.629131 0.413818
f 2265/1736/2265 2264/1735/2264 1311/6514/1311
f 1311/6514/1311 2264/1737/2264 1309/1739/1309
vt 0.629189 0.413696
f 2264/1737/2264 2462/6515/2462 2266/1738/2266
vt 0.629135 0.413818
f 1309/1739/1309 2266/1738/2266 1305/6516/1305
vt 0.657806 0.999404
vt 0.657700 0.999444
f 11/6517/11 2885/1740/2885 3215/6518/3215
f 3215/6518/3215 2041/1741/2041 1324/6070/1324
vt 0.798950 0.985229
f 407/6519/407 2267/1743/2267 2255/1745/2255
vt 0.798935 0.985229
f 2267/1743/2267 2870/6520/2870 2268/1744/2268
vt 0.798973 0.985199
f 2255/1745/2255 2268/1744/2268 813/6521/813
vt 0.215271 0.173431
vt 0.215424 0.173401
vt 0.215454 0.173401
f 1684/6522/1684 2269/6523/2269 3207/6524/3207
vt 0.433128 0.694101
f 3276/6525/3276 2228/1746/2228 2270/1748/2270
vt 0.433182 0.694050
f 2228/1746/2228 104/6526/104 1855/1747/1855
vt 0.433113 0.694117
f 2270/1748/2270 1855/1747/1855 2278/6527/2278
f 3285/4315/3285 971/1749/971 2257/1725/2257
vt 0.516189 0.817915
f 971/1749/971 640/6528/640 1419/1750/1419
f 2257/1725/2257 1419/1750/1419 210/6495/210
vt 0.482098 0.429024
vt 0.482097 0.429024
vt 0.482092 0.429020
f 285/6529/285 286/6530/286 2271/6531/2271
vt 0.321259 0.281269
f 369/6532/369 2140/1751/2140 2272/1753/2272
vt 0.321259 0.281265
f 2140/1751/2140 424/6533/424 1001/1752/1001
vt 0.321289 0.281265
f 2272/1753/2272 1001/1752/1001 636/6534/636
vt 0.323685 0.282250
f 970/1754/970 440/6535/440 2273/1755/2273
vt 0.323708 0.282251
vt 0.323715 0.282250
f 2274/6536/2274 2273/1755/2273 796/6537/796
vt 0.999058 0.082256
f 2276/1757/2276 838/6538/838 2275/1758/2275
vt 0.999054 0.082123
f 2276/1759/2276 2275/1758/2275 458/6539/458
vt 0.544106 0.266354
f 178/6540/178 2279/1760/2279 2185/1762/2185
vt 0.544106 0.266357
f 2279/1760/2279 66/6541/66 2280/1761/2280
vt 0.544102 0.266354
f 2185/1762/2185 2280/1761/2280 776/6542/776
vt 0.520081 0.819275
f 687/6543/687 2281/1763/2281 2282/1765/2282
vt 0.520096 0.819214
f 2281/1763/2281 595/6544/595 1833/1764/1833
vt 0.520103 0.819199
f 2282/1765/2282 1833/1764/1833 380/6545/380
vt 0.879074 0.531250
vt 0.879066 0.531250
f 223/1560/223 842/6546/842 2283/6547/2283
vt 0.998341 0.079983
f 566/6548/566 2276/1766/2276 1867/1768/1867
vt 0.998390 0.079887
f 2276/1766/2276 458/6549/458 1516/1767/1516
vt 0.998344 0.079994
f 1867/1768/1867 1516/1767/1516 169/6550/169
f 1816/1770/1816 555/1772/555 2284/1771/2284
vt 0.049374 0.382488
f 843/6551/843 2284/1771/2284 555/1772/555
vt 0.049362 0.382462
f 2284/1773/2284 418/6552/418 1814/1774/1814
vt 0.049366 0.382496
f 418/6552/418 2284/1773/2284 843/6553/843
vt 0.959381 0.344727
vt 0.959358 0.344788
vt 0.959373 0.344727
f 321/6554/321 1894/6555/1894 2285/6556/2285
f 1894/6555/1894 571/3716/571 2285/3715/2285
vt 0.011078 0.488373
f 2918/1777/2918 2286/1776/2286 735/6557/735
f 735/6557/735 2286/1778/2286 1721/1780/1721
vt 0.010864 0.488403
f 1721/1780/1721 2822/1779/2822 527/6558/527
vt 0.753006 0.575317
f 111/6559/111 2287/1781/2287 2288/1783/2288
vt 0.752953 0.575378
f 2288/1783/2288 1368/1782/1368 3244/6560/3244
vt 0.752693 0.575684
vt 0.752747 0.575623
vt 0.752722 0.575653
f 749/6561/749 1156/6562/1156 2288/6563/2288
vt 0.752748 0.575623
vt 0.752750 0.575623
f 2288/6563/2288 1156/6564/1156 111/6565/111
vt 0.650482 0.365570
f 645/6566/645 2290/1784/2290 2292/1786/2292
vt 0.650635 0.365479
f 2292/1786/2292 2291/1785/2291 102/6567/102
vt 0.633041 0.408325
vt 0.633017 0.408401
vt 0.632996 0.408447
f 285/6568/285 1108/6569/1108 286/6570/286
vt 0.799042 0.985229
vt 0.799040 0.985237
vt 0.799019 0.985260
f 407/6571/407 2255/6572/2255 170/6573/170
vt 0.523241 0.814312
f 222/6574/222 2293/1787/2293 2294/1789/2294
vt 0.523239 0.814301
f 2293/1787/2293 480/6575/480 1576/1788/1576
vt 0.523247 0.814316
f 2294/1789/2294 1576/1788/1576 479/6576/479
vt 0.774628 0.444786
f 684/6577/684 2295/1790/2295 2109/1792/2109
vt 0.774628 0.444794
f 2295/1790/2295 580/6578/580 1910/1791/1910
vt 0.774597 0.444824
f 2109/1792/2109 1910/1791/1910 129/6579/129
vt 0.184570 0.587891
f 700/1795/700 2296/1794/2296 2574/6580/2574
vt 0.768046 0.259832
f 2298/1797/2298 174/6581/174 2299/1798/2299
vt 0.768044 0.259842
f 174/6581/174 2298/1797/2298 830/6582/830
vt 0.995407 0.546844
f 160/6583/160 1493/1799/1493 1498/1801/1498
vt 0.995514 0.546875
f 1493/1799/1493 69/6584/69 1499/1800/1499
vt 0.995506 0.546875
f 1498/1801/1498 1499/1800/1499 1297/6585/1297
vt 0.998186 0.546282
vt 0.998035 0.546314
f 141/6586/141 2300/1802/2300 344/6587/344
f 2301/1804/2301 344/6587/344 2300/1802/2300
vt 0.769470 0.255859
f 217/6588/217 2302/1805/2302 2303/1807/2303
vt 0.769463 0.255875
f 2302/1805/2302 224/6589/224 422/1806/422
vt 0.010620 0.051819
vt 0.010742 0.051636
f 648/6590/648 2304/1808/2304 2305/6591/2305
vt 0.634399 0.012451
f 3255/1811/3255 756/6592/756 1212/1812/1212
vt 0.634705 0.012695
f 3290/6593/3290 3294/1814/3294 2306/1816/2306
vt 0.634766 0.012695
f 2306/1816/2306 1625/1815/1625 766/6594/766
vt 0.187364 0.190505
f 106/6595/106 2309/1817/2309 2105/1819/2105
vt 0.187364 0.190490
f 2309/1817/2309 608/6596/608 2235/1818/2235
vt 0.187363 0.190460
f 2105/1819/2105 2235/1818/2235 940/6597/940
vt 0.583611 0.000004
vt 0.583546 0.000006
vt 0.583553 0.000002
f 622/6598/622 3387/6599/3387 1738/6600/1738
vt 0.236270 0.511603
vt 0.236274 0.511599
vt 0.236268 0.511606
f 2310/6601/2310 211/6602/211 2311/6603/2311
vt 0.236265 0.511611
vt 0.236263 0.511614
f 2312/6604/2312 2311/6603/2311 618/6605/618
f 618/6605/618 2311/1820/2311 2076/1822/2076
vt 0.236269 0.511604
f 2311/1820/2311 211/6606/211 2313/1821/2313
vt 0.236259 0.511620
f 2076/1822/2076 2313/1821/2313 2067/6607/2067
f 660/1824/660 2314/1823/2314 1602/1825/1602
vt 0.879063 0.531250
f 2314/1823/2314 223/6608/223 2283/1824/2283
vt 0.879059 0.531250
f 1602/1825/1602 2283/1824/2283 190/6609/190
vt 0.798244 0.994415
vt 0.798292 0.994278
vt 0.798267 0.994354
f 1898/6610/1898 64/6611/64 2315/6612/2315
vt 0.798290 0.994293
vt 0.798241 0.994446
vt 0.798195 0.994568
f 2315/6613/2315 407/6614/407 2316/6615/2316
vt 0.798149 0.994690
f 1898/6610/1898 2316/6615/2316 3312/6616/3312
vt 0.769522 0.257092
f 230/6617/230 2299/1826/2299 2317/1828/2317
vt 0.769521 0.257120
f 2317/1828/2317 422/1827/422 224/6618/224
vt 0.536209 0.272934
f 548/1831/548 2318/1830/2318 112/6619/112
vt 0.252701 0.173309
f 3284/6620/3284 2320/1832/2320 2322/1834/2322
vt 0.252686 0.173340
f 2320/1832/2320 43/6621/43 2321/1833/2321
vt 0.252686 0.173279
f 2322/1834/2322 2321/1833/2321 369/6622/369
vt 0.536187 0.272822
vt 0.536184 0.272829
vt 0.536189 0.272798
f 3305/6623/3305 645/6624/645 2323/6625/2323
vt 0.536192 0.272791
vt 0.536194 0.272766
f 2318/6626/2318 2323/6625/2323 650/6627/650
f 650/6627/650 2323/1835/2323 2324/1837/2324
vt 0.536188 0.272779
f 2323/1835/2323 645/6628/645 2292/1836/2292
vt 0.536198 0.272717
f 2324/1837/2324 2292/1836/2292 102/6629/102
vt 0.455261 0.251160
f 177/6630/177 1123/1838/1123 1456/1840/1456
vt 0.455215 0.251144
f 1123/1838/1123 66/6631/66 2279/1839/2279
vt 0.455200 0.251099
f 1456/1840/1456 2279/1839/2279 178/6632/178
vt 0.004456 0.236084
f 134/6633/134 2325/1841/2325 2011/1843/2011
vt 0.004272 0.236328
f 2325/1841/2325 40/6634/40 1783/1842/1783
vt 0.004211 0.236328
f 2011/1843/2011 1783/1842/1783 2110/6635/2110
vt 0.875206 0.381958
vt 0.875191 0.382019
vt 0.875217 0.381897
f 401/6636/401 571/6637/571 2326/6638/2326
vt 0.390663 0.015053
f 569/6639/569 79/1844/79 1876/1846/1876
vt 0.798599 0.994514
f 2134/6640/2134 2133/1847/2133 2327/1849/2327
vt 0.798584 0.994568
f 2133/1847/2133 279/6641/279 1183/1848/1183
vt 0.798584 0.994537
f 2327/1849/2327 1183/1848/1183 338/6642/338
vt 0.643591 0.656136
vt 0.643576 0.656158
vt 0.643586 0.656143
f 736/6643/736 2328/6644/2328 669/6645/669
vt 0.995098 0.546200
vt 0.995123 0.546200
vt 0.995138 0.546202
f 55/6646/55 876/6647/876 161/6648/161
vt 0.431244 0.694981
f 104/6649/104 2229/1850/2229 2331/1852/2331
vt 0.431198 0.695024
f 2229/1850/2229 625/6650/625 2330/1851/2330
vt 0.431206 0.695012
f 2331/1852/2331 2330/1851/2330 717/6651/717
vt 0.431168 0.695044
f 717/6651/717 2330/2904/2330 215/6652/215
vt 0.000244 0.421875
f 654/6653/654 2332/1855/2332 977/1854/977
vt 0.000488 0.421875
f 2332/1855/2332 654/6653/654 165/6654/165
vt 0.643610 0.656097
f 669/6655/669 1591/1856/1591 736/1858/736
vt 0.523403 0.814430
f 8/6656/8 1577/1859/1577 2333/1860/2333
f 1577/1859/1577 480/4326/480 980/89/980
f 2333/1860/2333 980/89/980 255/4328/255
vt 0.631509 0.782280
vt 0.631510 0.782288
f 168/6657/168 585/6658/585 2334/3959/2334
vt 0.005882 0.000008
f 2335/1862/2335 648/6659/648 2533/1863/2533
vt 0.005879 0.000007
f 649/6660/649 2533/1863/2533 648/6659/648
vt 0.469879 0.000320
f 689/6661/689 2336/1864/2336 3365/1866/3365
vt 0.469864 0.000313
f 2336/1864/2336 252/6662/252 885/1865/885
vt 0.176788 0.755981
vt 0.176781 0.755981
vt 0.176788 0.755966
f 657/6663/657 2337/6664/2337 2339/6665/2339
vt 0.176777 0.755981
vt 0.176781 0.755966
f 2339/6664/2339 3326/6666/3326 2338/6667/2338
vt 0.176819 0.755951
f 657/6668/657 2339/1867/2339 2340/1869/2340
vt 0.176788 0.755951
vt 0.176796 0.755943
f 2339/1867/2339 2338/6669/2338 3263/6670/3263
vt 0.176819 0.755920
f 2340/1869/2340 3263/1868/3263 115/6671/115
vt 0.543083 0.267109
f 1005/6672/1005 2341/1870/2341 429/1872/429
vt 0.543091 0.267120
f 2341/1870/2341 859/6673/859 1434/1871/1434
vt 0.470337 0.000305
f 787/6674/787 2342/1873/2342 1584/1875/1584
vt 0.470352 0.000313
f 2342/1873/2342 252/6675/252 2336/1874/2336
vt 0.470245 0.000320
f 1584/1875/1584 2336/1874/2336 689/6676/689
vt 0.309753 0.701050
f 1604/1876/1604 71/6677/71 1853/1877/1853
vt 0.309692 0.701111
vt 0.309700 0.701096
vt 0.309723 0.701080
f 104/6678/104 2343/6679/2343 1853/6680/1853
vt 0.309708 0.701080
f 2343/6679/2343 225/6681/225 1853/1877/1853
vt 0.002838 0.296936
f 3309/1880/3309 392/6682/392 2344/1881/2344
vt 0.002892 0.296921
f 59/6682/59 2344/1880/2344 392/6683/392
vt 0.643639 0.656067
f 736/6684/736 2345/1882/2345 2328/1884/2328
vt 0.989987 0.546182
f 2092/1885/2092 609/6685/609 2348/1886/2348
vt 0.989987 0.546182
f 2349/1887/2349 2348/1886/2348 660/6686/660
f 660/6686/660 2348/1888/2348 2314/1888/2314
vt 0.989988 0.546187
f 2348/1888/2348 609/6687/609 1573/1889/1573
vt 0.989987 0.546187
f 2314/1888/2314 1573/1889/1573 223/6688/223
vt 0.816315 0.772858
vt 0.816307 0.772835
f 105/6689/105 2350/1892/2350 620/6690/620
f 2350/1892/2350 105/6689/105 1522/1890/1522
vt 0.816299 0.772812
f 620/6691/620 2351/1893/2351 954/1895/954
vt 0.816284 0.772797
f 2351/1893/2351 15/6692/15 2352/1894/2352
vt 0.816284 0.772766
f 954/1895/954 2352/1894/2352 639/6693/639
vt 0.204609 0.049763
vt 0.204599 0.049723
vt 0.204603 0.049738
f 453/6694/453 2355/6695/2355 3216/6696/3216
vt 0.204590 0.049683
vt 0.204598 0.049718
f 2355/6695/2355 70/6697/70 3216/6698/3216
vt 0.204607 0.049753
vt 0.204597 0.049713
vt 0.204605 0.049744
f 2357/6699/2357 2356/6700/2356 246/6701/246
vt 0.222290 0.999939
f 2820/1899/2820 2760/6702/2760 3116/1900/3116
vt 0.222412 0.999908
f 1981/1901/1981 3116/1900/3116 1637/6703/1637
vt 0.639450 0.004120
f 164/6704/164 1234/1902/1234 1011/1904/1011
vt 0.639343 0.004272
f 1011/1904/1011 662/1903/662 3290/6705/3290
vt 0.639235 0.004436
vt 0.639288 0.004360
f 1150/6706/1150 3290/6705/3290 662/6707/662
vt 0.639656 0.005325
vt 0.639648 0.005371
vt 0.639603 0.005402
f 2358/6708/2358 45/6709/45 349/6710/349
f 349/6710/349 1322/1905/1322 2358/1907/2358
vt 0.639664 0.005280
f 2358/1907/2358 313/1906/313 662/6711/662
f 821/3043/821 2359/1908/2359 1286/1910/1286
vt 0.798828 0.985352
f 2359/1908/2359 373/6712/373 2038/1909/2038
vt 0.798866 0.985382
f 1286/1910/1286 2038/1909/2038 108/6713/108
vt 0.984375 0.562897
f 2349/1911/2349 660/6714/660 2360/1911/2360
f 2349/1912/2349 2360/1911/2360 256/1912/256
f 256/1912/256 2360/1911/2360 1570/1912/1570
f 2360/1911/2360 660/6714/660 1601/1911/1601
f 1570/1912/1570 1601/1911/1601 114/1912/114
vt 0.984375 0.562660
vt 0.984375 0.562664
vt 0.984375 0.562656
f 664/6715/664 994/6716/994 1551/6717/1551
vt 0.631550 0.782295
vt 0.631546 0.782288
f 294/6718/294 358/6719/358 2361/1914/2361
f 1750/1915/1750 2361/1914/2361 358/6719/358
vt 0.792603 0.999878
vt 0.792660 0.999876
vt 0.792664 0.999878
f 575/6720/575 665/6721/665 1900/6722/1900
vt 0.246063 0.363403
f 266/1916/266 418/6723/418 1401/1917/1401
vt 0.246078 0.363403
f 2037/1918/2037 1401/1917/1401 384/6724/384
vt 0.631546 0.782272
f 372/6725/372 1559/1919/1559 1550/1921/1550
f 1559/1919/1559 294/6719/294 2361/1920/2361
vt 0.631542 0.782242
f 1550/1921/1550 2361/1920/2361 664/6726/664
vt 0.631538 0.782227
vt 0.631540 0.782234
vt 0.631542 0.782257
f 185/6727/185 993/6728/993 1750/6729/1750
f 993/6728/993 664/6726/664 1750/1920/1750
vt 0.999172 0.082172
f 458/6730/458 2275/1922/2275 1518/1924/1518
vt 0.999153 0.082298
vt 0.999155 0.082273
f 2275/1922/2275 2297/6731/2297 3335/6732/3335
vt 0.999161 0.082199
f 1518/1924/1518 1260/1923/1260 95/6733/95
vt 0.164890 0.267519
vt 0.164881 0.267537
vt 0.164888 0.267510
f 694/6734/694 2362/6735/2362 2363/6736/2363
vt 0.164871 0.267555
vt 0.164879 0.267529
f 2362/6735/2362 504/6737/504 1418/6738/1418
vt 0.164906 0.267466
f 694/6739/694 2363/1925/2363 2365/1927/2365
vt 0.164886 0.267502
f 2363/1925/2363 425/6740/425 2364/1926/2364
vt 0.164902 0.267448
f 2365/1927/2365 2364/1926/2364 2144/6741/2144
vt 0.149944 0.872875
vt 0.149960 0.872849
vt 0.149962 0.872845
f 984/6742/984 132/6743/132 1144/6744/1144
vt 0.149996 0.872787
vt 0.149979 0.872816
f 1966/6745/1966 133/6746/133 132/6743/132
vt 0.684338 0.448627
f 637/6747/637 2366/1928/2366 2187/1930/2187
vt 0.684326 0.448608
f 2366/1928/2366 669/6748/669 2328/1929/2328
vt 0.684347 0.448633
f 2187/1930/2187 2328/1929/2328 1019/6749/1019
vt 0.237870 0.509474
f 2466/1931/2466 238/6750/238 2367/1932/2367
vt 0.237823 0.509552
f 1198/1933/1198 2367/1932/2367 629/6751/629
f 573/4331/573 2136/1934/2136 985/93/985
vt 0.790211 0.997763
f 2136/1934/2136 93/6752/93 1900/1935/1900
f 985/93/985 1900/1935/1900 665/4332/665
vt 0.790092 0.997746
f 148/6753/148 986/1936/986 2369/1938/2369
f 986/1936/986 665/4332/665 2368/1937/2368
vt 0.789948 0.997726
f 2369/1938/2369 2368/1937/2368 782/6754/782
vt 0.000000 0.489746
f 670/6755/670 2370/1939/2370 2372/1941/2372
vt 0.000015 0.489883
f 2370/1939/2370 849/6756/849 2371/1940/2371
vt 0.000008 0.490059
f 2372/1941/2372 2371/1940/2371 89/6757/89
vt 0.842621 0.424011
f 1894/6758/1894 1895/1942/1895 2326/1944/2326
vt 0.842606 0.424042
f 1895/1942/1895 267/6759/267 2373/1943/2373
vt 0.842606 0.424011
f 2326/1944/2326 2373/1943/2373 401/6760/401
vt 0.187446 0.190483
vt 0.187446 0.190483
vt 0.187446 0.190514
f 671/6761/671 1818/6762/1818 1817/6763/1817
vt 0.132324 0.550354
f 1238/6764/1238 1237/1945/1237 2376/1947/2376
vt 0.132324 0.550293
f 1237/1945/1237 554/6765/554 2375/1946/2375
vt 0.132446 0.550354
f 2376/1947/2376 2375/1946/2375 691/6766/691
vt 0.874464 0.399184
f 673/6767/673 2377/1948/2377 2379/1950/2379
vt 0.874393 0.399269
f 2377/1948/2377 102/6768/102 2378/1949/2378
vt 0.874425 0.399230
f 2379/1950/2379 2378/1949/2378 194/6769/194
f 253/4335/253 988/1951/988 2380/1953/2380
vt 0.187475 0.194910
f 2380/1953/2380 996/1952/996 635/6770/635
vt 0.706467 0.624344
f 1087/1954/1087 439/6771/439 1829/1955/1829
vt 0.706505 0.624367
f 1087/1956/1087 1829/1955/1829 915/6772/915
vt 0.482121 0.429062
f 310/6773/310 2382/1957/2382 2384/1959/2384
vt 0.482115 0.429054
f 2382/1957/2382 647/6774/647 2383/1958/2383
vt 0.482119 0.429054
f 2384/1959/2384 2383/1958/2383 743/6775/743
vt 0.984375 0.564232
f 443/5185/443 1467/2766/1467 1541/6776/1541
vt 0.984375 0.564140
vt 0.984375 0.564194
vt 0.984375 0.564148
f 1404/6777/1404 1540/6778/1540 16/6779/16
vt 0.762939 0.250336
vt 0.762939 0.250343
vt 0.762878 0.250343
f 351/6780/351 1209/6781/1209 2386/6782/2386
vt 0.762878 0.250347
vt 0.762817 0.250351
f 2386/6782/2386 3356/6783/3356 667/6784/667
vt 0.619659 0.137421
vt 0.619629 0.137451
vt 0.619598 0.137451
f 2388/6785/2388 485/6786/485 1627/6787/1627
vt 0.619629 0.137421
vt 0.619568 0.137451
f 2388/6788/2388 1627/6787/1627 351/6789/351
vt 0.149979 0.872803
f 1244/1961/1244 133/6790/133 1966/1962/1966
vt 0.005020 0.798676
f 657/6791/657 2340/1963/2340 2389/1965/2389
vt 0.004913 0.798767
f 2340/1963/2340 115/6792/115 1438/1964/1438
vt 0.004929 0.798737
f 2389/1965/2389 1438/1964/1438 488/6793/488
vt 0.010345 0.924362
f 1028/1966/1028 158/6794/158 2390/1967/2390
vt 0.010208 0.924416
f 1265/1968/1265 2390/1967/2390 431/6795/431
vt 0.000061 0.494812
vt 0.000275 0.494232
vt 0.000031 0.494965
f 89/6796/89 2391/6797/2391 2392/6798/2392
vt 0.000488 0.493652
vt 0.000244 0.494385
f 2391/6797/2391 1329/6799/1329 2392/6800/2392
vt 0.631023 0.410156
f 695/6801/695 1312/1969/1312 3217/1971/3217
vt 0.631081 0.410034
f 1312/1969/1312 1308/6802/1308 1307/1970/1307
vt 0.790466 0.999969
vt 0.790253 0.999985
vt 0.790436 0.999954
f 3280/6803/3280 2393/6804/2393 2394/6805/2394
vt 0.790222 0.999969
vt 0.790405 0.999939
f 2394/6805/2394 1353/6806/1353 782/6807/782
vt 0.797928 0.995728
vt 0.797970 0.995575
f 806/6808/806 100/1972/100 3449/6809/3449
vt 0.391113 0.011581
vt 0.391115 0.011573
f 2395/2833/2395 1398/6810/1398 3313/6811/3313
vt 0.391144 0.011459
vt 0.391140 0.011469
vt 0.391113 0.011475
f 43/6812/43 3317/6813/3317 138/6814/138
vt 0.391125 0.011477
f 2766/6815/2766 138/6814/138 3317/6813/3317
vt 0.542435 0.267799
f 745/6816/745 2396/1975/2396 2398/1977/2398
vt 0.542366 0.267826
f 2396/1975/2396 417/6817/417 2397/1976/2397
vt 0.542419 0.267792
f 2398/1977/2398 2397/1976/2397 236/6818/236
vt 0.532803 0.273154
vt 0.532803 0.273159
vt 0.532798 0.273179
f 2399/6819/2399 964/6820/964 2180/6821/2180
vt 0.532799 0.273175
vt 0.532794 0.273199
f 2399/6822/2399 2180/6821/2180 550/6823/550
vt 0.006348 0.074402
f 438/6824/438 2400/1978/2400 2532/1980/2532
vt 0.006302 0.074356
f 2400/1978/2400 3341/6825/3341 2401/1979/2401
vt 0.006317 0.074341
f 2532/1980/2532 2401/1979/2401 656/6826/656
vt 0.531745 0.280698
f 676/6827/676 1468/1981/1468 1469/1983/1469
vt 0.531754 0.280685
f 1468/1981/1468 2077/6828/2077 2237/1982/2237
vt 0.531740 0.280706
f 1469/1983/1469 2237/1982/2237 444/6829/444
vt 0.425720 0.702438
vt 0.425705 0.702435
vt 0.425728 0.702436
f 288/6830/288 1487/6831/1487 3314/6832/3314
vt 0.425690 0.702431
vt 0.425709 0.702434
f 1487/6831/1487 751/6833/751 2402/6834/2402
vt 0.425713 0.702433
vt 0.425735 0.702435
f 3314/6832/3314 2402/6835/2402 1423/6836/1423
vt 0.425674 0.702427
vt 0.425659 0.702423
vt 0.425682 0.702425
f 3320/6837/3320 473/6838/473 2403/6839/2403
vt 0.425697 0.702429
vt 0.425690 0.702427
vt 0.425705 0.702427
f 2402/6840/2402 3320/6841/3320 409/6842/409
vt 0.203697 0.052292
vt 0.203728 0.052231
f 2355/6843/2355 453/678/453 1500/6844/1500
vt 0.203766 0.052185
vt 0.203789 0.052109
vt 0.203796 0.052124
f 1526/6845/1526 1500/6846/1500 183/6847/183
vt 0.187447 0.188408
f 1506/6848/1506 1505/1984/1505 2405/1986/2405
vt 0.187447 0.188530
f 1505/1984/1505 456/6849/456 2404/1985/2404
vt 0.187447 0.188225
f 2405/1986/2405 2404/1985/2404 2478/6850/2478
vt 0.165085 0.267143
f 106/6851/106 2406/1987/2406 2407/1989/2407
vt 0.165085 0.267113
f 2406/1987/2406 2144/6852/2144 2364/1988/2364
vt 0.165092 0.267117
f 2407/1989/2407 2364/1988/2364 425/6853/425
vt 0.165092 0.267147
f 106/6854/106 2407/1990/2407 2309/1992/2309
f 2407/1990/2407 425/6853/425 1417/1991/1417
vt 0.165100 0.267120
f 2309/1992/2309 1417/1991/1417 608/6855/608
vt 0.984375 0.564392
vt 0.984375 0.564445
f 3383/6856/3383 1532/6857/1532 828/2609/828
vt 0.556625 0.705082
f 712/6858/712 2408/1993/2408 2056/1995/2056
vt 0.556610 0.705086
f 2408/1993/2408 121/6859/121 2409/1994/2409
vt 0.556625 0.705067
f 2056/1995/2056 2409/1994/2409 31/6860/31
vt 0.374365 0.453546
vt 0.374366 0.453545
f 2410/1996/2410 2062/6861/2062 391/6862/391
vt 0.655434 0.370857
vt 0.655434 0.370888
vt 0.655432 0.370863
f 112/6863/112 2411/6864/2411 1300/6865/1300
vt 0.655434 0.370918
vt 0.655432 0.370893
f 2411/6864/2411 695/6866/695 3217/6867/3217
vt 0.655431 0.370881
f 1300/6865/1300 2411/6867/2411 3217/6868/3217
vt 0.655771 0.364118
f 650/6869/650 2324/1999/2324 2412/2001/2412
vt 0.655769 0.364204
f 2324/1999/2324 102/6870/102 2377/2000/2377
vt 0.655770 0.364106
f 2412/2001/2412 2377/2000/2377 673/6871/673
vt 0.655772 0.364020
f 650/6872/650 2412/2002/2412 2413/2004/2413
f 2412/2002/2412 673/6871/673 218/2003/218
vt 0.173719 0.763105
vt 0.173701 0.763133
vt 0.173722 0.763100
f 600/6873/600 374/6874/374 2414/6875/2414
vt 0.173811 0.762922
vt 0.173810 0.762921
vt 0.173820 0.762901
f 50/6876/50 142/6877/142 1241/6878/1241
vt 0.801064 0.702881
f 2415/2005/2415 448/6879/448 3071/2006/3071
f 994/2008/994 993/2008/993 2417/2009/2417
f 993/2008/993 185/2008/185 1745/2009/1745
vt 0.984375 0.562744
f 2417/2009/2417 1745/2009/1745 497/6880/497
vt 0.430054 0.080719
f 481/6881/481 1595/2010/1595 2419/2012/2419
vt 0.430023 0.080719
f 1595/2010/1595 675/6882/675 2418/2011/2418
vt 0.855957 0.298859
f 413/6883/413 1391/2013/1391 1807/2015/1807
vt 0.855957 0.298843
f 1391/2013/1391 414/6884/414 2420/2014/2420
vt 0.855972 0.298851
f 1807/2015/1807 2420/2014/2420 678/6885/678
f 678/6885/678 2420/2016/2420 2423/2018/2423
vt 0.855972 0.298836
f 2420/2016/2420 414/6886/414 2422/2017/2422
vt 0.855980 0.298840
f 2423/2018/2423 2422/2017/2422 783/6887/783
vt 0.009995 0.631615
vt 0.009979 0.631638
vt 0.009964 0.631645
f 1448/6888/1448 3427/6889/3427 2424/6890/2424
vt 0.009979 0.631622
vt 0.009949 0.631653
f 1448/6891/1448 2424/6890/2424 176/6892/176
f 489/5287/489 1039/2019/1039 2426/2021/2426
vt 0.249069 0.428879
f 1039/2019/1039 231/6893/231 2425/2020/2425
vt 0.249062 0.428871
f 2426/2021/2426 2425/2020/2425 762/6894/762
vt 0.528030 0.627922
vt 0.528037 0.627921
vt 0.528032 0.627922
f 2805/6895/2805 2427/6896/2427 2428/6897/2428
vt 0.528044 0.627920
vt 0.528039 0.627921
f 2427/6896/2427 818/6898/818 817/6899/817
vt 0.766739 0.253036
f 194/6900/194 2378/2022/2378 2430/2024/2430
vt 0.766739 0.253021
f 2378/2022/2378 102/6901/102 2429/2023/2429
vt 0.766743 0.253059
f 2430/2024/2430 2429/2023/2429 417/6902/417
vt 0.620817 0.053190
f 693/6903/693 2431/2025/2431 1626/2027/1626
vt 0.620818 0.053191
f 2431/2025/2431 726/6904/726 1210/2026/1210
vt 0.620804 0.053193
f 1626/2027/1626 1210/2026/1210 351/6905/351
vt 0.004822 0.236206
f 134/6906/134 2432/2028/2432 2325/2030/2325
vt 0.004639 0.236328
f 2325/2030/2325 2433/2029/2433 40/6907/40
vt 0.621523 0.681767
f 709/2033/709 2434/2032/2434 3298/6908/3298
vt 0.586449 0.677147
f 173/6909/173 316/5389/316 2103/891/2103
vt 0.474957 0.994595
vt 0.474964 0.994587
vt 0.474968 0.994591
f 2036/6910/2036 2435/6911/2435 607/6912/607
vt 0.243061 0.765133
vt 0.243069 0.765127
f 116/6913/116 3114/2034/3114 2438/6914/2438
vt 0.243076 0.765118
f 2436/2034/2436 522/6915/522 2437/2035/2437
vt 0.243078 0.765123
f 2438/2036/2438 2437/2035/2437 727/6916/727
vt 0.187442 0.187893
f 1506/6917/1506 2439/2037/2439 2440/2039/2440
vt 0.187442 0.187848
f 2439/2037/2439 1706/6918/1706 902/2038/902
vt 0.187442 0.187771
f 2440/2039/2440 902/2038/902 3374/6919/3374
vt 0.187442 0.187863
f 1506/6920/1506 2440/2040/2440 1700/2042/1700
f 2440/2040/2440 3374/6919/3374 2441/2041/2441
vt 0.187442 0.187802
f 1700/2042/1700 2441/2041/2441 2248/6921/2248
vt 0.156587 0.266169
f 555/6922/555 2442/2043/2442 2443/2045/2443
vt 0.156587 0.266171
f 2442/2043/2442 725/6923/725 2246/2044/2246
vt 0.156578 0.266151
f 2443/2045/2443 2246/2044/2246 3259/6924/3259
vt 0.208443 0.917793
f 547/6925/547 1784/2046/1784 2106/2048/2106
vt 0.208534 0.917763
f 1784/2046/1784 786/6926/786 2444/2047/2444
vt 0.174889 0.757965
f 297/6927/297 2445/2049/2445 2446/2051/2446
vt 0.174881 0.757965
f 2445/2049/2445 2743/6928/2743 2125/2050/2125
vt 0.174896 0.757957
f 2446/2051/2446 2125/2050/2125 1036/6929/1036
vt 0.960693 0.000000
f 868/2053/868 525/4345/525 2447/6930/2447
f 680/4347/680 2447/6930/2447 525/4345/525
vt 0.959717 0.000000
f 680/4347/680 525/6931/525 2448/2056/2448
f 2551/2057/2551 2448/2056/2448 525/6931/525
f 23/990/23 1734/992/1734 2449/2059/2449
vt 0.220367 0.012466
f 2449/2059/2449 532/2058/532 692/6932/692
vt 0.631312 0.781462
f 1927/6933/1927 1926/2060/1926 2450/2062/2450
vt 0.631312 0.781471
f 1926/2060/1926 168/6934/168 1091/2061/1091
vt 0.631310 0.781460
f 2450/2062/2450 1091/2061/1091 681/6935/681
vt 0.165295 0.271612
vt 0.165276 0.271633
vt 0.165291 0.271610
f 1079/6936/1079 2205/6937/2205 538/6938/538
vt 0.556244 0.704990
vt 0.556259 0.704981
f 255/6939/255 2451/6940/2451 2452/3443/2452
vt 0.556274 0.704971
vt 0.556244 0.704994
f 2451/6940/2451 1954/6941/1954 2452/6942/2452
vt 0.213120 0.916260
vt 0.213135 0.916260
vt 0.213089 0.916275
f 2453/6943/2453 786/6944/786 1784/6945/1784
vt 0.796371 0.999992
vt 0.796570 0.999969
f 206/5607/206 1789/6946/1789 338/6947/338
vt 0.523182 0.815910
vt 0.523190 0.815910
vt 0.523193 0.815918
f 366/6948/366 2454/6949/2454 406/6950/406
vt 0.208160 0.175812
f 564/6951/564 1826/2063/1826 1859/2065/1859
vt 0.208191 0.175781
f 1826/2063/1826 253/6952/253 2380/2064/2380
vt 0.208252 0.175781
f 1859/2065/1859 2380/2064/2380 635/6953/635
vt 0.774414 0.445160
f 2520/6954/2520 2071/2066/2071 2025/2068/2025
vt 0.774414 0.445148
f 2071/2066/2071 580/6955/580 2455/2067/2455
vt 0.774414 0.445145
f 2025/2068/2025 2455/2067/2455 603/6956/603
f 580/6955/580 2295/2069/2295 2455/2071/2455
vt 0.774414 0.445137
f 2295/2069/2295 684/6957/684 999/2070/999
vt 0.774414 0.445133
f 2455/2071/2455 999/2070/999 603/6958/603
vt 0.682846 0.827904
f 683/6959/683 2456/2072/2456 2457/2074/2457
vt 0.682831 0.827927
f 2456/2072/2456 1927/6960/1927 2450/2073/2450
vt 0.682816 0.827934
f 2457/2074/2457 2450/2073/2450 681/6961/681
vt 0.236220 0.511672
vt 0.236221 0.511670
vt 0.236221 0.511670
f 211/6962/211 2310/6963/2310 3218/6964/3218
vt 0.236222 0.511669
vt 0.236222 0.511669
f 2458/6963/2458 3218/6965/3218 2844/6966/2844
vt 0.236221 0.511671
vt 0.236221 0.511670
f 2458/6967/2458 2844/6966/2844 740/6968/740
vt 0.181305 0.592651
vt 0.181286 0.592682
vt 0.181284 0.592682
f 772/6969/772 2459/6970/2459 2460/6971/2460
vt 0.181265 0.592712
vt 0.181263 0.592712
f 2460/6971/2460 2459/6972/2459 2253/6973/2253
f 603/4351/603 998/103/998 2183/104/2183
f 998/103/998 32/4350/32 2461/102/2461
f 2183/104/2183 2461/102/2461 661/103/661
vt 0.682392 0.449303
f 685/6974/685 2188/2075/2188 2462/2077/2462
vt 0.682476 0.449257
f 2188/2075/2188 1019/6975/1019 1018/2076/1018
vt 0.682556 0.449219
f 387/6976/387 2463/2078/2463 2263/2080/2263
vt 0.682510 0.449249
f 2463/2078/2463 685/6977/685 2462/2079/2462
f 264/4352/264 1861/2081/1861 1000/105/1000
f 1000/105/1000 2068/2082/2068 636/4353/636
vt 0.181362 0.591583
vt 0.181363 0.591579
f 1198/6978/1198 2492/6979/2492 2466/2085/2466
vt 0.181364 0.591568
f 2464/2083/2464 686/6980/686 2465/2084/2465
vt 0.181366 0.591568
f 2466/2085/2466 2465/2084/2465 2568/6981/2568
f 2568/6980/2568 2467/2086/2467 2459/2088/2459
vt 0.181366 0.591553
f 2467/2086/2467 2717/6982/2717 2253/2087/2253
vt 0.417459 0.988857
vt 0.417446 0.988869
f 2468/4105/2468 2469/6983/2469 3396/6984/3396
f 212/2090/212 2034/2089/2034 2197/2090/2197
vt 0.473581 0.997131
f 2197/2090/2197 2036/2089/2036 607/6985/607
f 520/6341/520 2174/2094/2174 2472/2096/2472
vt 0.015572 0.285346
f 2174/2094/2174 759/6986/759 2471/2095/2471
vt 0.015572 0.285332
f 2472/2096/2472 2471/2095/2471 800/6987/800
vt 0.324942 0.283595
f 508/6988/508 2473/2097/2473 2220/2099/2220
vt 0.324939 0.283593
f 2473/2097/2473 2144/6989/2144 2406/2098/2406
vt 0.324940 0.283592
f 2220/2099/2220 2406/2098/2406 106/6990/106
vt 0.643545 0.656219
vt 0.643545 0.656219
vt 0.643540 0.656227
f 659/6991/659 319/6992/319 1305/6993/1305
vt 0.470062 0.000351
vt 0.470116 0.000347
vt 0.470016 0.000359
f 3313/6994/3313 1583/6995/1583 2308/6996/2308
vt 0.470169 0.000343
vt 0.470070 0.000355
f 1583/6995/1583 689/6997/689 2308/6998/2308
vt 0.470043 0.000357
vt 0.469971 0.000366
f 2307/6996/2307 2308/6999/2308 76/7000/76
vt 0.543281 0.266965
vt 0.543274 0.266968
vt 0.543282 0.266964
f 1005/7001/1005 429/7002/429 1838/7003/1838
vt 0.176819 0.756073
vt 0.176788 0.756088
vt 0.176800 0.756081
f 3427/7004/3427 1731/7005/1731 3428/7006/3428
vt 0.989929 0.233276
f 229/7007/229 1009/2100/1009 2475/2102/2475
vt 0.989960 0.233337
f 2475/2102/2475 2474/2101/2474 668/7008/668
f 229/4359/229 2476/2103/2476 1008/111/1008
vt 0.989044 0.232727
f 2476/2103/2476 227/7009/227 2477/2104/2477
f 1008/111/1008 2477/2104/2477 408/4360/408
vt 0.187441 0.189481
f 1706/7010/1706 2439/2105/2439 2478/2107/2478
vt 0.187441 0.189497
f 2439/2105/2439 1506/7011/1506 2405/2106/2405
vt 0.639725 0.003571
f 3290/7012/3290 2306/2108/2306 1011/2110/1011
vt 0.639755 0.003510
f 2306/2108/2306 766/7013/766 2479/2109/2479
f 1011/2110/1011 2479/2109/2479 483/4364/483
vt 0.374844 0.453234
f 601/7014/601 2480/2111/2480 2482/2113/2482
vt 0.374829 0.453248
f 2480/2111/2480 798/7015/798 2481/2112/2481
vt 0.374835 0.453242
f 2482/2113/2482 2481/2112/2481 1671/7016/1671
f 1671/7016/1671 2481/2114/2481 2483/2116/2483
vt 0.374821 0.453256
f 2481/2114/2481 798/7017/798 3041/2115/3041
vt 0.374831 0.453246
f 2483/2116/2483 3041/2115/3041 2113/7018/2113
vt 0.001770 0.613464
f 233/7019/233 1719/2117/1719 2485/2119/2485
vt 0.001709 0.613525
f 1719/2117/1719 527/7020/527 2484/2118/2484
vt 0.001648 0.613342
f 2485/2119/2485 2484/2118/2484 616/7021/616
vt 0.001617 0.613129
vt 0.001587 0.613159
vt 0.001526 0.612976
f 2485/7022/2485 616/7023/616 2060/7024/2060
vt 0.001556 0.612946
vt 0.001465 0.612793
f 2391/7025/2391 2060/7024/2060 1329/7026/1329
vt 0.880524 0.375122
vt 0.880432 0.375244
vt 0.880493 0.375122
f 783/7027/783 234/7028/234 2423/7029/2423
vt 0.880447 0.375183
f 633/7030/633 2423/7029/2423 234/7028/234
vt 0.556442 0.704739
f 1955/2120/1955 1128/7031/1128 2486/2121/2486
vt 0.556473 0.704731
f 292/2122/292 2486/2121/2486 589/7032/589
vt 0.633446 0.407532
vt 0.633465 0.407501
vt 0.633469 0.407501
f 379/7033/379 647/7034/647 3256/7035/3256
vt 0.633472 0.407501
vt 0.633492 0.407471
vt 0.633499 0.407471
f 3256/7036/3256 2487/7037/2487 548/7038/548
vt 0.633461 0.407532
f 379/7039/379 3256/2123/3256 1300/2125/1300
vt 0.633514 0.407471
f 1300/2125/1300 548/2124/548 112/7040/112
vt 0.002319 0.622070
vt 0.002335 0.622116
vt 0.002319 0.622131
f 1330/7041/1330 3195/7042/3195 3442/7043/3442
vt 0.331787 0.936920
vt 0.331787 0.936935
vt 0.331726 0.936935
f 3111/7044/3111 2489/7045/2489 522/7046/522
vt 0.331665 0.936920
vt 0.331696 0.936913
f 522/7047/522 2436/7048/2436 3111/7046/3111
vt 0.219070 0.013008
f 531/7049/531 2490/2126/2490 1633/2128/1633
vt 0.219065 0.012986
f 2490/2126/2490 692/7050/692 2491/2127/2491
vt 0.219067 0.012990
vt 0.219067 0.012983
f 3270/2128/3270 1633/7051/1633 1647/7052/1647
vt 0.879986 0.375122
vt 0.880028 0.375000
vt 0.880035 0.375000
f 802/7053/802 633/7054/633 234/7055/234
vt 0.879631 0.376038
vt 0.879608 0.376099
vt 0.879639 0.375977
f 1691/7056/1691 559/7057/559 260/7058/260
vt 0.181602 0.592926
f 686/7059/686 186/2132/186 2493/2134/2493
vt 0.181610 0.592896
f 2493/2134/2493 2972/2133/2972 2717/7060/2717
vt 0.655765 0.364585
vt 0.655764 0.364598
vt 0.655765 0.364573
f 2319/7061/2319 2494/7062/2494 475/7063/475
vt 0.655764 0.364623
f 650/7064/650 2413/2135/2413 2494/2137/2494
vt 0.655763 0.364648
f 2413/2135/2413 218/7065/218 1908/2136/1908
vt 0.655763 0.364599
f 2494/2137/2494 1908/2136/1908 475/7066/475
vt 0.999954 0.224609
vt 0.999962 0.224579
vt 0.999969 0.224609
f 277/7067/277 2495/7068/2495 403/7069/403
vt 0.620893 0.053151
f 2431/2140/2431 2496/2139/2496 495/7070/495
vt 0.766754 0.253174
f 194/7071/194 2497/2141/2497 2498/2143/2498
vt 0.766758 0.253166
f 2497/2141/2497 745/7072/745 1630/2142/1630
vt 0.766762 0.253189
f 2498/2143/2498 1630/2142/1630 498/7073/498
vt 0.620804 0.053177
vt 0.620798 0.053179
vt 0.620795 0.053179
f 107/7074/107 2065/7075/2065 3401/7076/3401
f 2065/7075/2065 499/4366/499 1014/116/1014
f 499/4366/499 1632/2144/1632 1012/114/1012
vt 0.620781 0.053185
f 1632/2144/1632 291/7077/291 2496/2145/2496
f 1012/114/1012 2496/2145/2496 693/2146/693
vt 0.620754 0.053188
f 492/4367/492 1013/115/1013 47/7078/47
f 2499/2147/2499 47/7078/47 1013/115/1013
vt 0.874372 0.399291
f 2501/2148/2501 3206/7079/3206 2502/2149/2502
vt 0.874394 0.399263
f 1822/2150/1822 2502/2149/2502 557/7080/557
vt 0.874375 0.399286
f 673/7081/673 2379/2151/2379 2504/2153/2504
vt 0.874382 0.399277
f 2379/2151/2379 194/7082/194 2503/2152/2503
vt 0.874401 0.399254
f 2504/2153/2504 2503/2152/2503 557/7083/557
vt 0.164375 0.268436
f 2077/7084/2077 1657/2154/1657 1021/2156/1021
vt 0.164394 0.268400
f 1657/2154/1657 504/7085/504 2362/2155/2362
vt 0.164371 0.268450
f 1021/2156/1021 2362/2155/2362 694/7086/694
f 692/4369/692 1015/2157/1015 2491/2159/2491
vt 0.218899 0.014776
f 1015/2157/1015 301/7087/301 2505/2158/2505
vt 0.218903 0.014725
f 2491/2159/2491 2505/2158/2505 1647/7088/1647
vt 0.958862 0.008972
vt 0.958809 0.009022
f 525/7089/525 2506/2162/2506 535/7090/535
f 2506/2162/2506 525/7089/525 868/2160/868
vt 0.429935 0.699545
f 2507/2164/2507 346/7091/346 1951/2165/1951
f 346/7091/346 2507/2164/2507 552/5636/552
vt 0.244247 0.756886
vt 0.244247 0.756882
vt 0.244251 0.756901
f 2856/7092/2856 600/7093/600 2509/7094/2509
vt 0.655769 0.370644
f 475/7095/475 2230/2166/2230 2511/2168/2511
vt 0.655766 0.370747
f 2230/2166/2230 578/7096/578 2510/2167/2510
vt 0.655766 0.370625
f 2511/2168/2511 2510/2167/2510 695/7097/695
vt 0.629974 0.412521
f 695/7098/695 2411/2169/2411 2511/2171/2511
vt 0.629990 0.412476
f 2411/2169/2411 112/7099/112 2319/2170/2319
vt 0.629997 0.412460
f 2511/2171/2511 2319/2170/2319 475/7100/475
vt 0.364304 0.989861
vt 0.364304 0.989853
f 198/5895/198 2512/7101/2512 1940/7102/1940
vt 0.364288 0.989845
vt 0.364288 0.989838
f 1940/7102/1940 2513/7103/2513 587/7104/587
vt 0.773548 0.448479
f 235/7105/235 2047/2172/2047 2108/2173/2108
f 2047/2172/2047 613/4370/613 1017/119/1017
f 2108/2173/2108 1017/119/1017 684/4372/684
f 613/4370/613 1994/2174/1994 1016/117/1016
vt 0.773552 0.448463
f 1994/2174/1994 641/7106/641 2514/2175/2514
f 1016/117/1016 2514/2175/2514 32/4371/32
vt 0.996094 1.000000
vt 0.996338 0.999985
vt 0.996216 1.000000
f 200/7107/200 2515/7108/2515 2517/7109/2517
vt 0.996460 0.999985
vt 0.996338 1.000000
f 2517/7109/2517 2516/7110/2516 696/7111/696
vt 0.436714 0.078331
f 768/7112/768 2518/2176/2518 2519/2178/2519
vt 0.436733 0.078327
f 2519/2178/2519 3420/2177/3420 76/7113/76
vt 0.774750 0.444214
f 2024/2179/2024 685/7114/685 2463/2180/2463
vt 0.774780 0.444153
f 2520/2181/2520 2463/2180/2463 387/7115/387
vt 0.047169 0.375965
f 359/7116/359 1225/2182/1225 1707/2184/1707
vt 0.047157 0.375893
f 1225/2182/1225 324/7117/324 2175/2183/2175
vt 0.047165 0.375900
f 1707/2184/1707 2175/2183/2175 520/7118/520
vt 0.998306 0.997063
f 697/7119/697 2521/2185/2521 2516/2187/2516
vt 0.998535 0.997070
f 2521/2185/2521 337/7120/337 2522/2186/2522
vt 0.173449 0.763549
vt 0.173451 0.763546
vt 0.173403 0.763617
f 374/7121/374 600/7122/600 2161/7123/2161
vt 0.856434 0.299496
vt 0.856398 0.299479
vt 0.856373 0.299465
f 678/7124/678 2423/7125/2423 633/7126/633
vt 0.774723 0.444212
vt 0.774719 0.444214
vt 0.774754 0.444181
f 2520/7127/2520 387/7128/387 1906/7129/1906
f 578/7115/578 1906/7129/1906 387/7128/387
vt 0.804581 0.984482
f 697/7130/697 1231/2188/1231 2521/2190/2521
vt 0.804565 0.984497
f 1231/2188/1231 94/7131/94 2523/2189/2523
vt 0.804565 0.984436
f 2521/2190/2521 2523/2189/2523 337/7132/337
vt 0.676956 0.450867
f 1305/7133/1305 2266/2191/2266 659/2193/659
vt 0.676994 0.450836
f 2266/2191/2266 2462/7134/2462 1018/2192/1018
vt 0.425690 0.702423
f 2402/6839/2402 751/6838/751 3320/7135/3320
f 2478/6850/2478 2404/1985/2404 2524/2195/2524
f 2404/1985/2404 456/6849/456 2122/2194/2122
vt 0.187447 0.188042
f 2524/2195/2524 2122/2194/2122 454/7136/454
vt 0.984375 0.562805
f 672/7137/672 2525/2196/2525 2527/2198/2527
vt 0.984375 0.562813
f 2525/2196/2525 994/7138/994 2526/2197/2526
vt 0.984375 0.562836
f 2527/2198/2527 2526/2197/2526 448/7139/448
vt 0.995758 0.229736
vt 0.995735 0.229797
vt 0.995720 0.229797
f 408/7140/408 1024/7141/1024 54/7142/54
vt 0.995712 0.229858
f 54/7143/54 1023/2199/1023 2529/120/2529
vt 0.995667 0.229980
f 1023/2199/1023 402/7144/402 2528/2200/2528
f 2529/120/2529 2528/2200/2528 567/4380/567
vt 0.327667 0.735199
vt 0.327652 0.735214
vt 0.327644 0.735214
f 3186/7145/3186 2750/7146/2750 3299/7147/3299
vt 0.327637 0.735199
f 3186/7148/3186 2006/2201/2006 2530/2203/2530
vt 0.327606 0.735229
f 2006/2201/2006 460/7149/460 1046/2202/1046
vt 0.327576 0.735229
f 2530/2203/2530 1046/2202/1046 502/7150/502
vt 0.682352 0.449322
f 2189/2204/2189 685/7151/685 2184/2205/2184
vt 0.682388 0.449310
f 637/2206/637 2184/2205/2184 661/7152/661
vt 0.015503 0.046875
vt 0.015259 0.046997
vt 0.015438 0.046906
f 649/7153/649 2531/7154/2531 2533/7155/2533
vt 0.015015 0.047119
vt 0.015194 0.047028
f 2531/7154/2531 739/7156/739 2532/7157/2532
vt 0.128860 0.551437
vt 0.128839 0.551443
f 365/7158/365 3333/7159/3333 2045/2209/2045
vt 0.128708 0.551468
f 2045/2209/2045 2881/2208/2881 2574/7160/2574
vt 0.310120 0.689972
f 773/7161/773 2685/2210/2685 2536/2212/2536
vt 0.310089 0.690018
f 2685/2210/2685 476/7162/476 2535/2211/2535
vt 0.310089 0.689987
f 2536/2212/2536 2535/2211/2535 186/7163/186
vt 0.542984 0.267494
f 236/2213/236 430/7164/430 3257/2214/3257
vt 0.174831 0.761074
f 347/7165/347 2538/2216/2538 2540/2218/2540
vt 0.174828 0.761131
f 2538/2216/2538 50/7166/50 2539/2217/2539
vt 0.174820 0.761124
f 2540/2218/2540 2539/2217/2539 792/7167/792
vt 0.623901 0.679138
f 268/7168/268 2541/2219/2541 2542/2221/2542
vt 0.623898 0.679134
f 2541/2219/2541 497/7169/497 1747/2220/1747
vt 0.623947 0.679123
f 2542/2221/2542 1747/2220/1747 536/7170/536
vt 0.768020 0.259230
f 830/7171/830 2543/2222/2543 1695/2224/1695
vt 0.768017 0.259239
f 2543/2222/2543 556/7172/556 1819/2223/1819
vt 0.768030 0.259185
vt 0.768042 0.259136
f 2557/2224/2557 1819/7173/1819 779/7174/779
vt 0.957520 0.000000
vt 0.958008 0.000000
vt 0.957520 0.000000
f 752/7175/752 565/7176/565 2057/7177/2057
f 2057/7176/2057 3193/2225/3193 2448/2227/2448
vt 0.958984 0.000000
f 3193/2225/3193 202/7178/202 2544/2226/2544
vt 0.958008 0.000000
f 2448/2227/2448 2544/2226/2544 680/7179/680
vt 0.003418 0.620972
f 616/7180/616 2484/2228/2484 1722/2230/1722
vt 0.003479 0.621033
f 2484/2228/2484 527/7181/527 2545/2229/2545
vt 0.003448 0.621063
f 1722/2230/1722 2545/2229/2545 747/7182/747
vt 0.631310 0.781487
f 1927/7183/1927 2456/2231/2456 2547/2233/2547
vt 0.631309 0.781481
f 2456/2231/2456 683/7184/683 2546/2232/2546
vt 0.631312 0.781488
f 2547/2233/2547 2546/2232/2546 785/7185/785
vt 0.878906 0.791138
f 15/7186/15 2548/2234/2548 2352/2236/2352
vt 0.878967 0.791183
f 2548/2234/2548 1003/7187/1003 1004/2235/1004
vt 0.878906 0.791260
f 2352/2236/2352 1004/2235/1004 639/7188/639
vt 0.994507 0.729797
vt 0.994511 0.729790
f 2550/2239/2550 16/7189/16 781/7190/781
vt 0.920044 0.001404
vt 0.920120 0.001335
vt 0.920097 0.001362
f 525/7191/525 535/7192/535 2551/7193/2551
vt 0.920158 0.001301
vt 0.920174 0.001293
f 535/7192/535 2058/7194/2058 2551/7195/2551
vt 0.920212 0.001259
vt 0.920227 0.001251
f 2551/7195/2551 2058/7196/2058 2057/7197/2057
vt 0.250492 0.684311
vt 0.250496 0.684540
f 699/7198/699 1094/2242/1094 702/7199/702
f 1094/2242/1094 699/7198/699 3248/2240/3248
vt 0.174850 0.757965
vt 0.174859 0.757964
vt 0.174858 0.757965
f 624/7200/624 1036/7201/1036 2125/7202/2125
vt 0.459481 0.685250
vt 0.459478 0.685263
vt 0.459480 0.685249
f 552/7203/552 2251/7204/2251 346/7205/346
vt 0.752484 0.576088
vt 0.752470 0.576109
vt 0.752483 0.576090
f 736/7206/736 2346/7207/2346 2345/7208/2345
vt 0.752463 0.576119
vt 0.752468 0.576111
f 2345/7207/2345 3179/7209/3179 1027/7210/1027
vt 0.752482 0.576091
f 2345/7208/2345 1027/7210/1027 1019/7211/1019
vt 0.752455 0.576130
f 3179/7212/3179 1579/2243/1579 1027/2245/1027
vt 0.752426 0.576172
f 1579/2243/1579 37/7213/37 1157/2244/1157
f 1027/2245/1027 1157/2244/1157 319/4387/319
vt 0.006351 0.000001
vt 0.006593 0.000000
vt 0.006352 0.000001
f 656/7214/656 946/7215/946 2533/7216/2533
vt 0.006595 0.000001
f 946/7215/946 655/4382/655 2335/7217/2335
vt 0.542995 0.267492
f 745/7218/745 2398/2246/2398 2552/2248/2552
vt 0.542992 0.267483
f 2398/2246/2398 236/7219/236 2537/2247/2537
vt 0.993225 0.999962
f 2554/2251/2554 42/7220/42 2553/2249/2553
vt 0.624464 0.679335
vt 0.624516 0.679325
vt 0.624466 0.679337
f 2556/7221/2556 826/7222/826 3219/7223/3219
vt 0.624414 0.679346
vt 0.624440 0.679341
vt 0.624415 0.679347
f 2416/7224/2416 3219/7225/3219 701/7226/701
vt 0.768436 0.256935
f 515/7227/515 2261/2255/2261 2557/2257/2557
vt 0.768440 0.256943
f 2261/2255/2261 174/7228/174 1695/2256/1695
vt 0.768434 0.256952
f 2557/2257/2557 1695/2256/1695 1819/7229/1819
vt 0.225372 0.007172
vt 0.225327 0.007156
vt 0.225365 0.007149
f 150/7230/150 3082/7231/3082 2558/7232/2558
vt 0.000397 0.681122
vt 0.000381 0.681198
vt 0.000381 0.681076
f 312/7233/312 2559/7234/2559 2560/7235/2560
vt 0.000366 0.681152
vt 0.000366 0.681030
f 2560/7235/2560 2559/7236/2559 3033/7237/3033
vt 0.370140 0.398109
vt 0.370133 0.398108
vt 0.370142 0.398108
f 2237/7238/2237 3264/7239/3264 444/7240/444
vt 0.370144 0.398106
f 1796/2260/1796 444/7241/444 2561/2258/2561
vt 0.802826 0.700562
f 701/7242/701 2562/2261/2562 2563/2263/2563
vt 0.802799 0.700638
f 2562/2261/2562 541/7243/541 1763/2262/1763
vt 0.802788 0.700653
f 2563/2263/2563 1763/2262/1763 466/7244/466
vt 0.802723 0.700821
f 466/7245/466 449/2264/449 2563/2266/2563
vt 0.802711 0.700836
f 2563/2266/2563 2564/2265/2564 701/7246/701
vt 0.801102 0.702820
f 701/7247/701 2564/2267/2564 2415/2269/2415
vt 0.801094 0.702850
f 2564/2267/2564 449/7248/449 1482/2268/1482
vt 0.801086 0.702850
f 2415/2269/2415 1482/2268/1482 448/7249/448
vt 0.324810 0.738060
vt 0.324778 0.738087
vt 0.324764 0.738091
f 3186/7250/3186 2530/7251/2530 702/7252/702
vt 0.766815 0.252472
vt 0.766811 0.252468
f 1534/7253/1534 3408/7254/3408 1535/2272/1535
vt 0.766830 0.252457
f 1535/2272/1535 2566/2271/2566 2537/7255/2537
vt 0.768433 0.256866
f 498/7256/498 2567/2273/2567 779/2275/779
vt 0.768436 0.256874
f 2567/2273/2567 515/7257/515 2557/2274/2557
vt 0.184557 0.587852
vt 0.184563 0.587860
vt 0.184566 0.587875
f 2568/7258/2568 238/7259/238 2466/7260/2466
vt 0.768288 0.259781
f 2543/2277/2543 830/7261/830 2569/2278/2569
vt 0.768291 0.259789
f 423/7262/423 2569/2278/2569 830/7261/830
vt 0.101791 0.998192
f 237/7263/237 2570/2279/2570 3319/2281/3319
vt 0.101746 0.998199
f 2570/2279/2570 462/7264/462 1659/2280/1659
vt 0.532743 0.273291
f 2777/7265/2777 2571/2282/2571 3036/2284/3036
vt 0.532746 0.273273
f 2571/2282/2571 720/7266/720 708/2283/708
vt 0.184471 0.587555
f 700/7267/700 2572/2285/2572 2573/2287/2573
vt 0.184462 0.587532
f 2572/2285/2572 629/7268/629 2367/2286/2367
vt 0.184458 0.587517
f 2573/2287/2573 2367/2286/2367 238/7269/238
vt 0.623940 0.679420
f 541/7270/541 2562/2288/2562 916/2290/916
vt 0.623989 0.679409
f 2562/2288/2562 701/7271/701 3219/2289/3219
vt 0.623993 0.679413
f 916/2290/916 3219/2289/3219 826/7272/826
vt 0.185112 0.586456
vt 0.185104 0.586472
vt 0.185116 0.586441
f 251/7273/251 700/7274/700 2574/7275/2574
vt 0.532415 0.275202
f 245/7276/245 2692/2291/2692 2576/2293/2576
vt 0.532416 0.275201
f 2692/2291/2692 720/7277/720 2575/2292/2575
vt 0.532401 0.275277
f 2576/2293/2576 2575/2292/2575 850/7278/850
f 720/7277/720 2577/2294/2577 2575/2296/2575
vt 0.532417 0.275200
f 2577/2294/2577 80/7279/80 1841/2295/1841
vt 0.532402 0.275276
f 2575/2296/2575 1841/2295/1841 850/7280/850
vt 0.244527 0.758326
f 699/7281/699 116/2297/116 2016/2299/2016
vt 0.244532 0.758312
f 2016/2299/2016 2438/2298/2438 727/7282/727
vt 0.993408 0.999947
vt 0.993469 0.999954
vt 0.993408 0.999954
f 2515/7283/2515 2578/7284/2578 697/7285/697
vt 0.522987 0.815689
f 780/7286/780 2579/2300/2579 3222/2302/3222
vt 0.522999 0.815681
f 2579/2300/2579 380/7287/380 2580/2301/2580
vt 0.522997 0.815693
f 3222/2302/3222 2580/2301/2580 562/7288/562
f 380/7287/380 1832/2303/1832 3386/2305/3386
vt 0.523010 0.815674
f 1832/2303/1832 576/7289/576 1988/2304/1988
vt 0.619748 0.052629
vt 0.619747 0.052629
vt 0.619743 0.052629
f 768/7290/768 3352/7291/3352 3328/7292/3328
vt 0.000122 0.122314
f 494/7293/494 2158/2306/2158 2582/2308/2582
vt 0.000061 0.122681
f 2158/2306/2158 3236/7294/3236 1032/2307/1032
vt 0.000061 0.122437
f 2582/2308/2582 1032/2307/1032 653/7295/653
vt 0.000000 0.122559
f 653/7295/653 1032/2309/1032 2583/7296/2583
f 2583/2311/2583 528/7296/528 653/2309/653
vt 0.768476 0.256510
vt 0.768488 0.256489
vt 0.768485 0.256498
f 1098/7297/1098 275/7298/275 2584/7299/2584
vt 0.768482 0.256508
f 2586/2313/2586 2584/7299/2584 778/7300/778
vt 0.768465 0.256535
f 705/7301/705 2585/2312/2585 2586/2314/2586
vt 0.768463 0.256531
f 2585/2312/2585 510/7302/510 1098/2313/1098
f 2586/2314/2586 1098/2313/1098 2584/7300/2584
vt 0.177066 0.757610
vt 0.177064 0.757622
vt 0.177064 0.757619
f 2587/7303/2587 792/7304/792 2387/7305/2387
vt 0.433346 0.081100
f 2588/2315/2588 569/7306/569 2589/2316/2589
vt 0.433346 0.081223
f 2590/2317/2590 2589/2316/2589 706/7307/706
f 569/7306/569 2591/2318/2591 2589/2320/2589
vt 0.433350 0.081055
f 2591/2318/2591 17/7308/17 2592/2319/2592
vt 0.433348 0.081139
f 2589/2320/2589 2592/2319/2592 706/7309/706
vt 0.735748 0.467766
f 2190/2323/2190 703/7310/703 2968/2324/2968
vt 0.842331 0.436077
f 2594/2328/2594 3413/2327/3413 734/7311/734
f 2587/2329/2587 119/4396/119 1037/131/1037
f 2154/2330/2154 1037/131/1037 624/4397/624
vt 0.804596 0.984390
f 1232/2331/1232 697/7312/697 2578/2332/2578
vt 0.996750 0.917847
vt 0.996769 0.917831
f 2578/7313/2578 3283/7314/3283 362/2336/362
vt 0.996887 0.917725
f 690/7315/690 2596/2337/2596 1010/2339/1010
vt 0.996738 0.917847
f 2596/2337/2596 2595/7316/2595 3283/2338/3283
vt 0.996735 0.917847
f 1010/2339/1010 3283/2338/3283 2553/7317/2553
vt 0.999908 0.724304
vt 0.999817 0.724731
f 239/335/239 1588/7318/1588 1228/7319/1228
vt 0.999939 0.724243
vt 0.999847 0.724670
f 1588/7318/1588 273/7320/273 1228/7321/1228
vt 0.999084 0.232544
vt 0.999023 0.232605
vt 0.999023 0.232544
f 567/7322/567 2597/7323/2597 340/7324/340
vt 0.174534 0.761509
vt 0.174520 0.761526
vt 0.174533 0.761493
f 2856/7325/2856 2509/7326/2509 2598/7327/2598
vt 0.174507 0.761543
f 2509/7326/2509 142/7328/142 2598/3186/2598
vt 0.249075 0.428873
f 231/5287/231 1607/5286/1607 955/7329/955
vt 0.249081 0.428883
f 1607/7330/1607 2599/2340/2599 2601/2342/2601
vt 0.249084 0.428894
f 2599/2340/2599 732/7331/732 2600/2341/2600
vt 0.249077 0.428886
f 2601/2342/2601 2600/2341/2600 257/7332/257
f 3407/2019/3407 955/2343/955 2602/2345/2602
f 955/2343/955 1607/7332/1607 2601/2344/2601
f 2602/2345/2602 2601/2344/2601 257/6893/257
vt 0.994467 0.545458
f 182/7333/182 2603/2346/2603 1801/2348/1801
vt 0.994483 0.545453
f 2603/2346/2603 2639/7334/2639 2604/2347/2604
vt 0.994421 0.545473
f 1801/2348/1801 2604/2347/2604 539/7335/539
f 2639/7334/2639 2638/2349/2638 2604/2351/2604
vt 0.994437 0.545468
f 2604/2351/2604 69/2350/69 539/7336/539
f 103/4398/103 2605/2352/2605 2606/132/2606
vt 0.707035 0.624508
vt 0.707077 0.624527
vt 0.707031 0.624512
f 2381/7337/2381 2607/7338/2607 439/7339/439
vt 0.876404 0.377136
f 805/7340/805 3204/2354/3204 2608/2356/2608
vt 0.876419 0.377136
f 3204/2354/3204 840/7341/840 2613/2355/2613
vt 0.876411 0.377167
f 2608/2356/2608 2613/2355/2613 1314/7342/1314
vt 0.532748 0.273267
f 240/7343/240 2609/2357/2609 2610/2359/2610
vt 0.532754 0.273246
f 2610/2357/2610 2609/7344/2609 615/2358/615
vt 0.532750 0.273265
vt 0.532749 0.273266
vt 0.532753 0.273255
f 722/7345/722 2610/7346/2610 2611/7347/2611
vt 0.532755 0.273245
f 2611/7347/2611 2610/2359/2610 615/7348/615
vt 0.873001 0.401764
f 230/7349/230 1692/2360/1692 1313/2362/1313
vt 0.872993 0.401749
f 1692/2360/1692 260/7350/260 2612/2361/2612
vt 0.873020 0.401741
f 1313/2362/1313 2612/2361/2612 1314/7351/1314
f 260/7350/260 1824/2363/1824 2612/2365/2612
vt 0.872986 0.401733
f 1824/2363/1824 805/7352/805 2608/2364/2608
vt 0.873013 0.401726
f 2612/2365/2612 2608/2364/2608 1314/7353/1314
vt 0.873123 0.401642
vt 0.873114 0.401653
vt 0.873039 0.401718
f 3289/7354/3289 2613/7355/2613 840/7356/840
vt 0.621515 0.681763
vt 0.621516 0.681763
vt 0.621514 0.681763
f 785/7357/785 2434/7358/2434 1903/7359/1903
vt 0.640549 0.000948
vt 0.640541 0.000995
vt 0.640541 0.000995
f 482/7360/482 1740/7361/1740 2614/7362/2614
vt 0.640534 0.001042
vt 0.640534 0.001042
f 1740/7361/1740 145/7363/145 2614/7364/2614
vt 0.640534 0.001040
f 2615/2367/2615 45/7365/45 1234/2368/1234
vt 0.995356 0.545103
f 2639/7366/2639 2603/2369/2603 2616/2371/2616
vt 0.995361 0.545105
f 2603/2369/2603 182/7367/182 2094/2370/2094
vt 0.995323 0.545113
f 2616/2371/2616 2094/2370/2094 228/7368/228
f 3297/4974/3297 1412/570/1412 2172/2373/2172
f 1412/570/1412 762/4976/762 2425/2372/2425
vt 0.249664 0.429596
f 2172/2373/2172 2425/2372/2425 231/7369/231
vt 0.534798 0.277573
f 1703/7370/1703 1702/2374/1702 2617/2376/2617
vt 0.534805 0.277573
f 1702/2374/1702 310/7371/310 2384/2375/2384
vt 0.534798 0.277580
f 2617/2376/2617 2384/2375/2384 743/7372/743
vt 0.456802 0.253281
f 465/7373/465 2618/2377/2618 2620/2379/2620
vt 0.456848 0.253357
f 2618/2377/2618 3220/7374/3220 2619/2378/2619
vt 0.456787 0.253296
f 2620/2379/2620 2619/2378/2619 177/7375/177
vt 0.456024 0.251007
f 465/7376/465 2620/2380/2620 2622/2382/2622
vt 0.456009 0.251022
f 2620/2380/2620 177/7377/177 2621/2381/2621
vt 0.455872 0.250916
f 2622/2382/2622 2621/2381/2621 722/7378/722
vt 0.455933 0.250977
f 1454/7379/1454 2623/2383/2623 1455/2384/1455
f 2623/2383/2623 722/7378/722 2621/2381/2621
f 1455/2384/1455 2621/2381/2621 177/7377/177
vt 0.995310 0.545118
vt 0.995311 0.545119
vt 0.995303 0.545121
f 2632/7380/2632 3240/7381/3240 2231/7382/2231
vt 0.995313 0.545119
vt 0.995316 0.545120
vt 0.995306 0.545122
f 3240/7383/3240 710/7384/710 2624/7385/2624
vt 0.995305 0.545122
vt 0.995296 0.545124
f 2231/7382/2231 3240/7386/3240 2624/7387/2624
vt 0.011810 0.486053
f 233/7388/233 2625/2385/2625 1720/2387/1720
vt 0.011703 0.486008
f 2625/2385/2625 588/7389/588 2626/2386/2626
vt 0.011749 0.486023
f 1720/2387/1720 2626/2386/2626 735/7390/735
vt 0.011795 0.486038
f 735/7391/735 2627/2388/2627 2918/2390/2918
vt 0.535024 0.277314
f 287/7392/287 2628/2391/2628 1596/2393/1596
vt 0.535036 0.277308
f 2628/2391/2628 2634/7393/2634 2249/2392/2249
vt 0.535023 0.277317
f 1596/2393/1596 2249/2392/2249 487/7394/487
vt 0.859116 0.993332
f 2629/2394/2629 362/7395/362 2595/2395/2595
f 2599/2397/2599 1607/4400/1607 1041/137/1041
f 732/2398/732 1041/137/1041 663/4402/663
f 663/4402/663 1040/136/1040 2631/2400/2631
f 1040/136/1040 489/4401/489 2630/2399/2630
vt 0.245117 0.364746
f 2631/2400/2631 2630/2399/2630 853/7396/853
vt 0.880414 0.531250
vt 0.880414 0.531250
vt 0.880413 0.531250
f 2095/7397/2095 2247/7398/2247 2231/7399/2231
vt 0.880415 0.531250
vt 0.880412 0.531250
f 2247/7398/2247 711/7400/711 2632/7401/2632
vt 0.706036 0.623753
vt 0.706047 0.623756
vt 0.706049 0.623762
f 3239/7402/3239 709/7403/709 646/7404/646
f 164/2401/164 833/2366/833 2635/2402/2635
f 2615/2403/2615 2635/2402/2635 860/2368/860
vt 0.842804 0.436462
f 703/7405/703 2192/2404/2192 2636/2405/2636
f 2192/2404/2192 638/4469/638 1097/179/1097
f 2636/2405/2636 1097/179/1097 710/4471/710
vt 0.534668 0.276611
f 245/7406/245 2576/2406/2576 2644/2408/2644
vt 0.534672 0.276630
f 2576/2406/2576 850/7407/850 2637/2407/2637
vt 0.534668 0.276619
f 2644/2408/2644 2637/2407/2637 521/7408/521
vt 0.323578 0.282681
f 465/7409/465 2622/2409/2622 2051/2411/2051
vt 0.323586 0.282683
f 2622/2409/2622 722/7410/722 2611/2410/2611
f 2051/2411/2051 2611/2410/2611 615/633/615
vt 0.843319 0.437019
f 710/7411/710 1096/2412/1096 2639/2414/2639
vt 0.843328 0.437031
f 1096/2412/1096 452/7412/452 2638/2413/2638
vt 0.843341 0.437052
vt 0.843346 0.437057
vt 0.843349 0.437065
f 2638/7413/2638 452/7414/452 1491/7415/1491
vt 0.843345 0.437059
vt 0.843353 0.437073
f 2638/7416/2638 1491/7415/1491 69/7417/69
vt 0.619843 0.680878
f 241/7418/241 2640/2415/2640 2641/2417/2641
vt 0.619873 0.680817
f 2640/2415/2640 121/7419/121 2408/2416/2408
vt 0.619873 0.680832
f 2641/2417/2641 2408/2416/2408 712/7420/712
vt 0.482581 0.429149
f 521/7421/521 2642/2418/2642 2643/2420/2643
vt 0.482576 0.429150
f 2642/2418/2642 3345/7422/3345 2797/2419/2797
vt 0.482581 0.429148
f 2643/2420/2643 2797/2419/2797 1670/7423/1670
vt 0.482590 0.429149
vt 0.482589 0.429148
vt 0.482589 0.429148
f 245/7424/245 2644/7425/2644 2702/7426/2702
vt 0.995270 0.545135
f 2616/2421/2616 228/7427/228 2624/2422/2624
f 2639/2423/2639 2624/2422/2624 710/7384/710
vt 0.619694 0.052629
vt 0.619687 0.052629
vt 0.619690 0.052629
f 768/7428/768 2519/7429/2519 3365/7430/3365
vt 0.000000 0.124023
f 704/7431/704 3236/2424/3236 1044/2425/1044
f 2645/2425/2645 1044/140/1044 713/4405/713
vt 0.473754 0.997217
f 594/7432/594 2646/2426/2646 2127/2428/2127
vt 0.473801 0.997177
f 2646/2426/2646 576/7433/576 1834/2427/1834
vt 0.473686 0.997276
f 2127/2428/2127 1834/2427/1834 595/7434/595
vt 0.984375 0.569344
f 160/7435/160 2647/2429/2647 1496/2431/1496
vt 0.984375 0.569370
f 2647/2429/2647 283/7436/283 2648/2430/2648
vt 0.984375 0.569347
f 1496/2431/1496 2648/2430/2648 1494/7437/1494
f 283/7436/283 873/2432/873 2648/2434/2648
vt 0.984375 0.569397
f 873/2432/873 3057/7438/3057 2649/2433/2649
vt 0.984375 0.569374
f 2648/2434/2648 2649/2433/2649 1494/7439/1494
vt 0.997063 0.542130
f 710/7440/710 3240/2435/3240 2636/2437/2636
vt 0.997070 0.542236
f 2636/2437/2636 3223/2436/3223 703/7441/703
vt 0.996979 0.084198
f 459/7442/459 2167/2438/2167 2651/2440/2651
vt 0.996971 0.084236
f 2167/2438/2167 254/7443/254 2650/2439/2650
vt 0.996964 0.084152
f 2651/2440/2651 2650/2439/2650 117/7444/117
vt 0.472446 0.998432
f 714/7445/714 2652/2441/2652 2653/2443/2653
vt 0.472471 0.998419
f 2652/2441/2652 594/7446/594 2126/2442/2126
vt 0.472393 0.998470
f 2653/2443/2653 2126/2442/2126 85/7447/85
vt 0.006592 0.238586
vt 0.006714 0.238464
vt 0.006592 0.238647
f 3265/7448/3265 2654/7449/2654 715/7450/715
vt 0.006470 0.238708
vt 0.006531 0.238617
vt 0.006531 0.238678
f 666/7451/666 917/7452/917 2655/7453/2655
vt 0.007568 0.234619
vt 0.007446 0.234619
vt 0.007690 0.234497
f 666/7454/666 2655/7455/2655 1043/7456/1043
vt 0.051163 0.382828
f 1239/2446/1239 1327/2445/1327 554/7457/554
vt 0.993744 0.546722
f 377/7458/377 875/2447/875 1497/2449/1497
vt 0.993622 0.546722
f 875/2447/875 283/7459/283 2647/2448/2647
vt 0.993713 0.546692
f 1497/2449/1497 2647/2448/2647 160/7460/160
vt 0.620109 0.052711
vt 0.620110 0.052711
vt 0.620107 0.052711
f 518/7461/518 2657/7462/2657 767/7463/767
vt 0.015488 0.282501
f 324/7464/324 2658/2450/2658 2173/2452/2173
vt 0.015488 0.282503
f 2658/2450/2658 750/7465/750 2659/2451/2659
vt 0.015488 0.282493
f 2173/2452/2173 2659/2451/2659 759/7466/759
vt 0.015488 0.282520
f 759/7467/759 2659/2453/2659 2660/2455/2660
f 2659/2453/2659 750/7464/750 2111/2454/2111
vt 0.015488 0.282516
f 2660/2455/2660 2111/2454/2111 493/7468/493
vt 0.015489 0.282557
f 759/7469/759 2660/2456/2660 2661/2458/2661
vt 0.015489 0.282557
f 2661/2458/2661 493/2457/493 642/7470/642
vt 0.876343 0.377319
f 2662/2459/2662 805/7471/805 1823/2460/1823
vt 0.876282 0.377441
f 2663/2461/2663 1823/2460/1823 44/7472/44
vt 0.620117 0.052710
f 706/7473/706 2664/2462/2664 2590/2464/2590
vt 0.620118 0.052710
f 2590/2464/2590 2657/2463/2657 518/7474/518
vt 0.473493 0.997233
vt 0.473495 0.997230
vt 0.473501 0.997224
f 594/7475/594 2652/7476/2652 1991/7477/1991
vt 0.473498 0.997227
vt 0.473503 0.997221
f 2652/7476/2652 714/7478/714 1991/7479/1991
vt 0.005859 0.235718
vt 0.005920 0.235718
f 2655/7480/2655 3265/7481/3265 1043/2466/1043
vt 0.006104 0.235596
f 2665/2467/2665 3265/7480/3265 715/7482/715
vt 0.249512 0.429688
f 113/7483/113 2385/2468/2385 2667/2470/2667
vt 0.249535 0.429672
f 2667/2470/2667 2666/2469/2666 762/7484/762
vt 0.367332 0.458897
vt 0.367325 0.458893
vt 0.367340 0.458893
f 2668/7485/2668 113/7486/113 478/7487/478
vt 0.369730 0.397978
f 478/7488/478 1571/2471/1571 2669/2473/2669
vt 0.369720 0.397980
f 1571/2471/1571 676/7489/676 1471/2472/1471
vt 0.369709 0.397976
f 2669/2473/2669 1471/2472/1471 442/7490/442
vt 0.013412 0.921898
f 139/7491/139 1056/2474/1056 2671/2476/2671
vt 0.013130 0.921894
f 2671/2476/2671 2670/2475/2670 716/7492/716
f 716/7492/716 2670/2477/2670 1932/2479/1932
vt 0.012938 0.921893
f 2670/2477/2670 1056/7493/1056 2686/2478/2686
vt 0.875690 0.378433
vt 0.875702 0.378418
vt 0.875687 0.378448
f 698/7494/698 82/7495/82 2672/7496/2672
vt 0.875847 0.378876
f 172/7497/172 1973/2480/1973 1971/2482/1971
vt 0.875851 0.378891
f 1973/2480/1973 698/7498/698 2673/2481/2673
vt 0.875818 0.378883
f 1971/2482/1971 2673/2481/2673 341/7499/341
vt 0.431160 0.695056
f 225/7500/225 2343/2483/2343 2674/2485/2674
vt 0.431152 0.695068
f 2343/2483/2343 104/7501/104 2331/2484/2331
vt 0.431122 0.695087
f 2674/2485/2674 2331/2484/2331 717/7502/717
vt 0.323421 0.281556
vt 0.323420 0.281554
f 2677/7503/2677 3220/7504/3220 2676/2487/2676
vt 0.323425 0.281558
vt 0.323425 0.281558
f 2677/7505/2677 2676/2487/2676 723/7506/723
vt 0.323421 0.281555
f 723/7507/723 2678/2486/2678 2677/2488/2677
f 2678/2486/2678 797/7506/797 2679/2487/2679
vt 0.323418 0.281553
f 2677/2488/2677 2679/2487/2679 2675/7508/2675
vt 0.515984 0.815414
vt 0.516005 0.815342
f 605/7509/605 2680/2490/2680 243/7510/243
vt 0.516004 0.815344
f 1652/7511/1652 2681/2489/2681 2682/2491/2682
f 2681/2489/2681 243/7510/243 2680/2490/2680
vt 0.515993 0.815380
f 2682/2491/2682 2680/2490/2680 410/7512/410
vt 0.005859 0.921875
vt 0.005391 0.921875
vt 0.005371 0.921875
f 83/7513/83 2073/7514/2073 2683/7515/2683
vt 0.005157 0.921876
vt 0.004903 0.921875
f 718/7514/718 2073/7516/2073 57/7517/57
vt 0.004883 0.921875
f 2683/7515/2683 2073/7517/2073 718/7518/718
vt 0.456665 0.253387
vt 0.456665 0.253418
vt 0.456650 0.253403
f 2619/7519/2619 3220/7520/3220 2675/7521/2675
f 460/4406/460 3306/2492/3306 1045/141/1045
vt 0.431061 0.695095
f 3306/2492/3306 225/7522/225 2674/2493/2674
f 1045/141/1045 2674/2493/2674 717/4407/717
vt 0.430908 0.695221
f 215/7523/215 2684/142/2684 717/4407/717
vt 0.309715 0.690357
vt 0.309704 0.690371
vt 0.309697 0.690378
f 3287/7524/3287 3410/7525/3410 3306/7526/3306
vt 0.309711 0.690359
vt 0.309700 0.690372
vt 0.309708 0.690361
f 2685/7527/2685 3287/7528/3287 476/7529/476
vt 0.005859 0.923553
f 524/7530/524 2686/2494/2686 2688/2496/2688
vt 0.005859 0.923569
f 2686/2494/2686 1056/7531/1056 2687/2495/2687
vt 0.005856 0.923555
f 2688/2496/2688 2687/2495/2687 757/7532/757
vt 0.009857 0.921982
f 1047/2499/1047 3321/2498/3321 3296/7533/3296
vt 0.369827 0.397949
vt 0.369841 0.397951
vt 0.369823 0.397949
f 762/7534/762 2666/7535/2666 2426/7536/2426
vt 0.369847 0.397952
vt 0.369837 0.397951
f 2426/7535/2426 3247/7537/3247 489/7538/489
vt 0.006073 0.922531
f 1932/2502/1932 2074/2501/2074 83/7539/83
vt 0.011887 0.923607
f 1056/7540/1056 1057/2503/1057 2687/2505/2687
vt 0.011841 0.923645
f 1057/2503/1057 248/7541/248 1433/2504/1433
vt 0.011810 0.923630
f 2687/2505/2687 1433/2504/1433 757/7542/757
vt 0.515991 0.815384
f 243/7543/243 2681/2506/2681 110/2508/110
vt 0.516001 0.815350
f 2681/2506/2681 1652/7544/1652 1651/2507/1651
vt 0.532410 0.275223
f 720/7545/720 2571/2509/2571 2689/2511/2689
vt 0.532413 0.275204
f 2571/2509/2571 2777/7546/2777 2399/2510/2399
vt 0.532400 0.275278
f 2689/2511/2689 2399/2510/2399 550/7547/550
vt 0.532396 0.275297
f 720/7548/720 2689/2512/2689 2577/2514/2577
f 2689/2512/2689 550/7547/550 1135/2513/1135
vt 0.532387 0.275352
f 2577/2514/2577 1135/2513/1135 80/7549/80
vt 0.002045 0.613617
vt 0.002075 0.613647
vt 0.002075 0.613770
f 2625/7550/2625 149/7551/149 588/7552/588
vt 0.001984 0.613556
f 149/7553/149 2625/2515/2625 2691/2517/2691
vt 0.001953 0.613525
f 2625/2515/2625 233/7554/233 2690/2516/2690
vt 0.001953 0.613281
f 2691/2517/2691 2690/2516/2690 89/7555/89
vt 0.534679 0.276653
vt 0.534679 0.276649
vt 0.534681 0.276655
f 720/7556/720 2692/7557/2692 708/7558/708
vt 0.998779 0.732910
vt 0.998787 0.732925
vt 0.998775 0.732918
f 335/7559/335 3330/7560/3330 3329/7561/3329
vt 0.998810 0.732971
f 3330/2518/3330 855/7562/855 2549/2519/2549
vt 0.998764 0.732941
f 2694/2520/2694 2549/2519/2549 781/7563/781
vt 0.998779 0.732971
f 239/7563/239 2693/7564/2693 2694/3306/2694
vt 0.998783 0.732994
vt 0.998772 0.732986
f 2694/3306/2694 2693/7565/2693 2549/7566/2549
f 588/4412/588 1946/2521/1946 1050/145/1050
vt 0.008575 0.485626
f 1946/2521/1946 674/7567/674 1386/2522/1386
vt 0.008652 0.485580
f 1050/145/1050 1386/2522/1386 1051/7568/1051
vt 0.532955 0.278767
f 245/7569/245 2695/2523/2695 2692/2525/2692
vt 0.532965 0.278749
f 2695/2523/2695 619/7570/619 2696/2524/2696
vt 0.532919 0.278856
f 2692/2525/2692 2696/2524/2696 708/7571/708
f 708/7571/708 2696/2526/2696 2697/2528/2697
vt 0.532928 0.278839
f 2696/2526/2696 619/7572/619 2085/2527/2085
vt 0.532883 0.278946
f 2697/2528/2697 2085/2527/2085 2274/7573/2274
vt 0.387623 0.122311
f 3180/2529/3180 411/7574/411 2241/2530/2241
vt 0.387649 0.122327
f 3360/2531/3360 2241/2530/2241 721/7575/721
vt 0.046883 0.131268
f 2698/2532/2698 2120/7576/2120 2123/2533/2123
vt 0.046879 0.131186
f 457/2534/457 2123/2533/2123 456/7577/456
vt 0.532968 0.272315
vt 0.532973 0.272287
vt 0.532967 0.272319
f 179/7578/179 722/7579/722 2623/7580/2623
vt 0.010071 0.203125
vt 0.010078 0.203064
f 457/7581/457 2699/2535/2699 2700/7582/2700
vt 0.010086 0.203003
f 2700/7582/2700 2699/3985/2699 846/7583/846
vt 0.532154 0.280254
vt 0.532156 0.280250
vt 0.532158 0.280251
f 2701/7584/2701 2702/7585/2702 147/7586/147
vt 0.619675 0.137360
vt 0.619614 0.137390
vt 0.619598 0.137390
f 544/7587/544 2703/7588/2703 667/7589/667
vt 0.323502 0.281876
f 244/7590/244 2239/2538/2239 1383/2540/1383
vt 0.323486 0.281860
f 2239/2538/2239 411/7591/411 2704/2539/2704
vt 0.323555 0.281898
f 1383/2540/1383 2704/2539/2704 144/7592/144
vt 0.323547 0.281891
f 3220/7593/3220 2618/2541/2618 3203/2543/3203
vt 0.323551 0.281895
f 2618/2541/2618 465/7594/465 2705/2542/2705
f 3203/2543/3203 2705/2542/2705 411/7591/411
vt 0.296890 0.992645
f 760/7595/760 2706/2545/2706 19/4409/19
vt 0.296875 0.992432
f 724/7596/724 2707/2544/2707 53/2546/53
f 2707/2544/2707 19/4409/19 2706/2545/2706
vt 0.235138 0.514204
f 2079/7597/2079 2066/2547/2066 2709/2549/2709
vt 0.235140 0.514200
f 2066/2547/2066 491/7598/491 2708/2548/2708
vt 0.235129 0.514219
f 2709/2549/2709 2708/2548/2708 175/7599/175
vt 0.387707 0.122349
f 138/7600/138 2710/2550/2710 2711/2552/2711
vt 0.387736 0.122376
f 2710/2550/2710 723/3063/723 2676/7601/2676
vt 0.235418 0.512907
f 3182/7602/3182 2774/2553/2774 3277/2555/3277
vt 0.235428 0.512894
f 2774/2553/2774 302/7603/302 1777/2554/1777
vt 0.235400 0.512938
vt 0.235382 0.512970
f 3277/7604/3277 1777/2554/1777 205/7605/205
vt 0.049118 0.130180
vt 0.049103 0.130203
vt 0.049103 0.130173
f 1461/7606/1461 246/7607/246 2120/7608/2120
f 1266/5471/1266 1726/2556/1726 2712/2558/2712
f 1726/2556/1726 747/5470/747 2545/2557/2545
vt 0.003616 0.621201
f 2712/2558/2712 2545/2557/2545 527/7609/527
vt 0.049057 0.130150
f 719/7610/719 181/2559/181 2713/2561/2713
vt 0.049026 0.130135
f 2713/2561/2713 1461/2560/1461 2120/7611/2120
vt 0.218755 0.014752
vt 0.218756 0.014724
vt 0.218757 0.014726
f 1416/7612/1416 738/7613/738 1064/7614/1064
vt 0.405647 0.624107
f 1924/7615/1924 1925/2562/1925 2716/2564/2716
vt 0.405621 0.624088
f 2716/2564/2716 2715/2563/2715 816/7616/816
vt 0.525917 0.813789
f 586/7617/586 1560/2565/1560 2753/2567/2753
vt 0.525894 0.813797
f 1560/2565/1560 222/7618/222 2294/2566/2294
vt 0.525925 0.813766
f 2753/2567/2753 2294/2566/2294 479/7619/479
f 2717/2568/2717 197/874/197 1663/2569/1663
f 2253/2570/2253 1663/2569/1663 2815/5374/2815
vt 0.244697 0.757761
vt 0.244700 0.757751
vt 0.244689 0.757789
f 727/7620/727 2718/7621/2718 682/7622/682
vt 0.000004 0.300575
vt 0.000011 0.300529
f 2012/6023/2012 2013/7623/2013 945/7624/945
vt 0.000002 0.300556
f 945/7623/945 2013/7625/2013 272/6026/272
vt 0.462654 0.678333
f 1963/2571/1963 306/7626/306 1984/2572/1984
vt 0.462631 0.678360
f 1965/2573/1965 1984/2572/1984 593/7627/593
vt 0.534678 0.275969
f 746/7628/746 2084/2574/2084 2720/2576/2720
vt 0.534678 0.275964
f 2720/2576/2720 2719/2575/2719 2702/7629/2702
vt 0.001587 0.424255
f 25/7630/25 2721/2577/2721 744/2579/744
vt 0.001587 0.424286
f 2721/2577/2721 854/7631/854 2722/2578/2722
vt 0.735664 0.467810
f 641/7632/641 2238/2580/2238 2723/2582/2723
vt 0.735733 0.467785
f 2238/2580/2238 404/7633/404 2594/2581/2594
vt 0.735657 0.467819
f 2723/2582/2723 2594/2581/2594 734/7634/734
vt 0.770142 0.000122
f 2724/7635/2724 1779/2583/1779 3211/2585/3211
vt 0.769745 0.000092
f 1779/2583/1779 599/7636/599 3211/2584/3211
vt 0.769836 0.000061
f 2724/2585/2724 3211/2584/3211 247/7637/247
vt 0.999161 0.546860
vt 0.999168 0.546852
f 98/7638/98 3155/7639/3155 2726/3991/2726
vt 0.999191 0.546844
vt 0.999207 0.546844
f 2726/3991/2726 2725/7640/2725 2864/7641/2864
vt 0.049427 0.382771
vt 0.049425 0.382784
vt 0.049426 0.382762
f 3259/7642/3259 1580/7643/1580 2443/7644/2443
vt 0.049424 0.382791
vt 0.049424 0.382775
f 2443/7643/2443 1580/7645/1580 2727/7646/2727
vt 0.049425 0.382753
f 2443/7644/2443 2727/7646/2727 555/7647/555
vt 0.208550 0.917748
vt 0.208527 0.917755
f 3448/7648/3448 120/7649/120 2728/3994/2728
f 237/5472/237 1725/2586/1725 2730/2588/2730
vt 0.172188 0.994102
f 1725/2586/1725 1968/7650/1968 2729/2587/2729
vt 0.172165 0.994156
f 2730/2588/2730 2729/2587/2729 131/7651/131
vt 0.482141 0.429029
f 755/7652/755 2731/2589/2731 2733/2591/2733
vt 0.769501 0.000092
f 309/7653/309 1320/2592/1320 1778/2594/1778
vt 0.769165 0.000122
f 1320/2592/1320 35/7654/35 1891/2593/1891
vt 0.769592 0.000061
f 1778/2594/1778 1891/2593/1891 247/7655/247
vt 0.000000 0.617920
vt 0.000061 0.618103
vt 0.000000 0.618042
f 58/7656/58 314/7657/314 1216/7658/1216
vt 0.000031 0.618134
f 1330/7659/1330 1216/7658/1216 314/7657/314
f 98/4757/98 2726/2595/2726 1280/391/1280
vt 0.836578 0.429169
f 2726/2595/2726 2864/7660/2864 2300/2596/2300
f 1280/391/1280 2300/2596/2300 141/4758/141
f 2656/4782/2656 1295/416/1295 1810/2598/1810
f 1295/416/1295 663/4784/663 2631/2597/2631
vt 0.247742 0.428680
f 1810/2598/1810 2631/2597/2631 853/7661/853
vt 0.181400 0.591431
f 238/7662/238 2568/2599/2568 2734/2601/2734
vt 0.181396 0.591431
f 2734/2601/2734 2459/2600/2459 772/7663/772
vt 0.773468 0.448761
f 82/7664/82 1973/2602/1973 1987/2604/1987
vt 0.773438 0.448853
f 1973/2602/1973 172/7665/172 1866/2603/1866
vt 0.773468 0.448700
f 1987/2604/1987 1866/2603/1866 271/7666/271
vt 0.998627 0.733337
vt 0.998631 0.733330
vt 0.998672 0.733368
f 3412/7667/3412 3228/7668/3228 731/7669/731
vt 0.005981 0.074280
vt 0.005966 0.074265
vt 0.005989 0.074272
f 437/7670/437 2735/7671/2735 3344/7672/3344
vt 0.006012 0.074280
vt 0.005997 0.074265
vt 0.006042 0.074280
f 2401/7673/2401 3344/7674/3344 656/7675/656
vt 0.997208 0.084763
f 254/7676/254 2736/2605/2736 2737/2607/2737
vt 0.997208 0.084824
f 2736/2605/2736 3395/7677/3395 3324/2606/3324
vt 0.015495 0.282827
vt 0.015495 0.282821
vt 0.015496 0.282830
f 2248/7678/2248 2441/7679/2441 2739/7680/2739
vt 0.245758 0.364594
f 732/7681/732 1581/2611/1581 2600/2613/2600
vt 0.245819 0.364594
f 1581/2611/1581 843/7682/843 2727/2612/2727
vt 0.245743 0.364609
f 2600/2613/2600 2727/2612/2727 257/7683/257
vt 0.245743 0.363708
f 226/7684/226 1582/2614/1582 1294/2616/1294
vt 0.245789 0.363647
f 1294/2616/1294 732/2615/732 663/7685/663
vt 0.049435 0.382504
f 2740/2617/2740 725/7686/725 2442/2618/2442
vt 0.049431 0.382500
f 1816/2619/1816 2442/2618/2442 555/7687/555
vt 0.758430 0.570099
vt 0.758439 0.570091
vt 0.758434 0.570099
f 97/7688/97 2741/7689/2741 651/7690/651
vt 0.768492 0.256718
f 778/7691/778 2742/2620/2742 1693/2622/1693
vt 0.768494 0.256714
f 2742/2620/2742 217/7692/217 2303/2621/2303
vt 0.768490 0.256737
f 1693/2622/1693 2303/2621/2303 422/7693/422
vt 0.208373 0.917815
vt 0.208395 0.917807
vt 0.208384 0.917811
f 368/7694/368 120/7695/120 3448/7696/3448
vt 0.245436 0.755423
f 2445/2623/2445 297/7697/297 3266/2624/3266
vt 0.245431 0.755417
f 2743/2625/2743 2445/2624/2445 3235/7698/3235
vt 0.172131 0.994328
f 131/7699/131 2729/2626/2729 2911/2628/2911
vt 0.172138 0.994320
f 2729/2626/2729 1968/7700/1968 984/2627/984
vt 0.527477 0.627934
f 207/7701/207 1603/2629/1603 3144/2631/3144
f 125/5703/125 1848/2632/1848 1852/1140/1852
vt 0.523399 0.815147
f 1848/2632/1848 562/7702/562 1851/2633/1851
f 1852/1140/1852 1851/2633/1851 110/5704/110
vt 0.433647 0.693609
vt 0.433609 0.693645
vt 0.433662 0.693594
f 2745/7703/2745 258/7704/258 2278/7705/2278
f 2745/2634/2745 2278/5707/2278 1854/1143/1854
f 73/2635/73 1854/1143/1854 71/5706/71
vt 0.840908 0.434601
f 734/7706/734 2746/2636/2746 2723/2638/2723
vt 0.840881 0.434570
f 2746/2636/2746 32/7707/32 2514/2637/2514
vt 0.841019 0.434692
f 2723/2638/2723 2514/2637/2514 641/7708/641
vt 0.244682 0.757810
vt 0.244690 0.757782
vt 0.244685 0.757799
f 2747/7709/2747 630/7710/630 2177/7711/2177
vt 0.244677 0.757827
vt 0.244680 0.757816
f 2718/7712/2718 2177/7711/2177 758/7713/758
vt 0.999992 0.851250
f 825/7714/825 2748/2641/2748 696/5857/696
vt 0.008026 0.486176
f 2627/2642/2627 735/7715/735 2626/2643/2626
vt 0.008087 0.486115
f 1049/2644/1049 2626/2643/2626 588/7716/588
f 3181/1335/3181 2749/2646/2749 153/6027/153
vt 0.181343 0.593239
f 728/7717/728 2750/2648/2750 2751/2650/2751
vt 0.181351 0.593231
f 2750/2648/2750 189/7718/189 2014/2649/2014
vt 0.181345 0.593239
f 2751/2650/2751 2014/2649/2014 197/7719/197
vt 0.484863 0.990723
vt 0.484802 0.990784
f 367/7720/367 2030/7720/2030 1248/7721/1248
f 2030/7720/2030 311/7720/311 1248/7721/1248
vt 0.015578 0.285631
vt 0.015578 0.285631
vt 0.015577 0.285601
f 2752/7722/2752 730/7723/730 1708/7724/1708
vt 0.015577 0.285601
vt 0.015577 0.285571
f 2752/7725/2752 1708/7724/1708 520/7726/520
vt 0.525948 0.813690
vt 0.525955 0.813690
vt 0.525948 0.813705
f 2753/7727/2753 681/7728/681 1090/7729/1090
vt 0.525940 0.813705
vt 0.525940 0.813721
f 2753/7730/2753 1090/7729/1090 586/7731/586
vt 0.532120 0.280319
f 196/7732/196 2754/2651/2754 1641/2653/1641
vt 0.532140 0.280280
f 2754/2651/2754 2833/7733/2833 2701/2652/2701
f 1641/2653/1641 2701/2652/2701 147/7586/147
vt 0.525768 0.813702
f 681/7734/681 2753/2654/2753 2755/2656/2755
vt 0.525787 0.813690
f 2755/2656/2755 479/2655/479 8/7735/8
vt 0.543362 0.266951
f 859/7736/859 2341/2657/2341 3368/2659/3368
vt 0.543365 0.266945
f 2341/2657/2341 1005/7737/1005 2756/2658/2756
vt 0.543364 0.266950
vt 0.543365 0.266949
f 3368/7738/3368 2756/2658/2756 862/7739/862
vt 0.324686 0.283627
f 2144/7740/2144 2143/2660/2143 2365/2662/2365
vt 0.324685 0.283621
f 2143/2660/2143 474/7741/474 2078/2661/2078
vt 0.324690 0.283634
f 2365/2662/2365 2078/2661/2078 694/7742/694
vt 0.737244 0.466476
f 734/7743/734 2757/2663/2757 2746/2665/2746
vt 0.737183 0.466515
f 2757/2663/2757 661/7744/661 2461/2664/2461
vt 0.737305 0.466431
f 2746/2665/2746 2461/2664/2461 32/7745/32
vt 0.532795 0.273140
f 2777/7746/2777 3192/2666/3192 2399/2668/2399
vt 0.220352 0.012428
f 851/7747/851 2758/2669/2758 2759/2671/2759
vt 0.220337 0.012444
f 2758/2669/2758 692/7748/692 2490/2670/2490
vt 0.220337 0.012436
f 2759/2671/2759 2490/2670/2490 531/7749/531
vt 0.643633 0.656067
vt 0.643627 0.656075
vt 0.643632 0.656067
f 111/7750/111 2346/7751/2346 2287/7752/2287
vt 0.643621 0.656082
vt 0.643626 0.656075
f 2346/7751/2346 736/7753/736 2287/7754/2287
vt 0.227576 0.999993
f 2760/2673/2760 760/7755/760 2761/2674/2761
vt 0.684349 0.448647
f 637/2678/637 661/7756/661 2762/2679/2762
vt 0.684334 0.448631
f 2741/2680/2741 2762/2679/2762 651/7757/651
vt 0.984375 0.563705
f 770/7758/770 1478/2681/1478 1484/2683/1484
vt 0.984375 0.563736
f 1478/2681/1478 672/7759/672 2527/2682/2527
vt 0.984375 0.563690
f 1484/2683/1484 2527/2682/2527 448/7760/448
vt 0.046906 0.379364
f 674/7761/674 2763/2684/2763 1387/2686/1387
vt 0.046906 0.379425
f 2763/2684/2763 744/7762/744 2764/2685/2764
vt 0.046898 0.379478
f 1387/2686/1387 2764/2685/2764 477/7763/477
vt 0.235086 0.514296
vt 0.235089 0.514291
vt 0.235091 0.514288
f 2666/7764/2666 2385/7765/2385 729/7766/729
vt 0.235086 0.514297
vt 0.235092 0.514286
vt 0.235095 0.514281
f 3247/7767/3247 729/7768/729 733/7769/733
vt 0.482183 0.429169
f 310/7770/310 2765/2687/2765 2382/2689/2382
vt 0.482182 0.429169
f 2765/2687/2765 2487/7771/2487 990/2688/990
vt 0.482178 0.429161
f 2382/2689/2382 990/2688/990 647/7772/647
vt 0.391121 0.011486
vt 0.391121 0.011517
f 138/6814/138 2766/7773/2766 675/7774/675
vt 0.220362 0.012471
f 692/7775/692 2758/2690/2758 2449/2691/2449
f 2758/2690/2758 851/6932/851 1346/2058/1346
vt 0.220341 0.012499
f 2449/2691/2449 1346/2058/1346 23/7776/23
vt 0.181361 0.591576
f 2717/7777/2717 2467/2692/2467 2493/2694/2493
vt 0.181356 0.591599
f 2467/2692/2467 2568/7778/2568 2465/2693/2465
vt 0.181351 0.591614
f 2493/2694/2493 2465/2693/2465 686/7779/686
vt 0.235139 0.514205
vt 0.235137 0.514209
f 188/7780/188 490/7781/490 2768/2696/2768
f 2767/2697/2767 2768/2696/2768 490/7781/490
vt 0.985596 0.999512
vt 0.986328 0.999023
f 2595/7782/2595 2596/2698/2596 632/7783/632
f 2769/2700/2769 632/7783/632 2596/2698/2596
vt 0.985863 0.234283
f 2421/7784/2421 1688/2701/1688 2771/2703/2771
vt 0.985962 0.234131
f 1688/2701/1688 117/7785/117 2770/2702/2770
vt 0.985886 0.234253
f 2771/2703/2771 2770/2702/2770 3324/7786/3324
vt 0.003387 0.621002
vt 0.003410 0.621040
vt 0.003403 0.621048
f 314/7787/314 2059/7788/2059 1330/7789/1330
vt 0.003433 0.621078
vt 0.003426 0.621086
f 2059/7788/2059 616/7790/616 1722/7791/1722
f 855/2238/855 1003/2704/1003 2550/2239/2550
vt 0.994629 0.729614
f 2550/2239/2550 1403/2705/1403 16/7792/16
vt 0.237781 0.509623
f 629/7793/629 2572/2706/2572 2156/2708/2156
vt 0.237736 0.509700
f 2572/2706/2572 700/7794/700 2772/2707/2772
vt 0.237735 0.509700
f 2156/2708/2156 2772/2707/2772 2118/7795/2118
vt 0.237355 0.510134
vt 0.237374 0.510106
vt 0.237374 0.510108
f 3348/7796/3348 2836/7797/2836 2773/7798/2773
vt 0.237354 0.510136
vt 0.237373 0.510109
f 2774/7799/2774 2773/7798/2773 791/7800/791
vt 0.326767 0.747543
vt 0.326736 0.747574
vt 0.326733 0.747570
f 2086/7801/2086 1474/7802/1474 2775/7803/2775
vt 0.326702 0.747601
vt 0.326715 0.747583
f 2775/7803/2775 1474/7804/1474 1473/7805/1473
vt 0.244529 0.758322
vt 0.244531 0.758315
f 699/7806/699 2016/2709/2016 3248/7807/3248
vt 0.244534 0.758308
f 3248/7807/3248 2776/2710/2776 602/7808/602
vt 0.532744 0.273290
f 179/7809/179 3192/2712/3192 1464/2714/1464
vt 0.532746 0.273277
f 1464/2714/1464 2777/2713/2777 240/7810/240
vt 0.367310 0.458866
f 737/7811/737 2778/2715/2778 2063/2717/2063
vt 0.367310 0.458862
f 2778/2715/2778 478/7812/478 2779/2716/2779
vt 0.367340 0.458862
f 2063/2717/2063 2779/2716/2779 391/7813/391
vt 0.367355 0.458862
vt 0.367348 0.458866
vt 0.367352 0.458863
f 737/7814/737 2079/7815/2079 2780/7816/2780
vt 0.000992 0.246498
f 2792/7817/2792 2781/2718/2781 2700/2720/2700
vt 0.001007 0.246414
f 2781/2718/2781 719/7818/719 2782/2719/2782
vt 0.001038 0.246490
f 2700/2720/2700 2782/2719/2782 457/7819/457
vt 0.837532 0.428734
vt 0.837566 0.428715
vt 0.837559 0.428722
f 1277/7820/1277 1279/7821/1279 1284/7822/1284
vt 0.323097 0.281715
vt 0.323090 0.281708
vt 0.323105 0.281715
f 3203/7823/3203 411/7824/411 3180/7825/3180
vt 0.534793 0.277565
vt 0.534794 0.277565
f 1704/2722/1704 3345/7826/3345 2633/7827/2633
vt 0.048883 0.381851
vt 0.048883 0.381840
vt 0.048884 0.381847
f 1815/7828/1815 1813/7829/1813 2783/7830/2783
f 298/5458/298 1716/2724/1716 1717/2726/1717
vt 0.120300 0.635461
vt 0.120361 0.635446
f 1716/2724/1716 2816/7831/2816 3266/7832/3266
vt 0.120361 0.635445
f 1717/2726/1717 3266/2725/3266 297/7833/297
vt 0.235219 0.513141
f 71/7834/71 1606/2727/1606 73/2729/73
vt 0.235215 0.513158
f 1606/2727/1606 259/7835/259 1805/2728/1805
vt 0.247536 0.428673
f 691/7836/691 2375/2730/2375 2785/2732/2785
f 2375/2730/2375 554/5643/554 2784/2731/2784
f 2785/2732/2785 2784/2731/2784 626/5644/626
vt 0.681702 0.451050
vt 0.681740 0.451027
vt 0.681686 0.451065
f 29/7837/29 2787/7838/2787 611/7839/611
vt 0.621745 0.052722
vt 0.621742 0.052723
vt 0.621742 0.052723
f 741/7840/741 2186/7841/2186 776/7842/776
vt 0.252548 0.173920
vt 0.252556 0.173935
vt 0.252510 0.173904
f 808/7843/808 2788/7844/2788 2789/7845/2789
vt 0.252518 0.173920
vt 0.252472 0.173889
f 2789/7845/2789 2788/7846/2788 2896/7847/2896
vt 0.001587 0.424194
f 389/7848/389 1920/2733/1920 2790/2735/2790
vt 0.001556 0.424316
f 1920/2733/1920 744/7849/744 2763/2734/2763
vt 0.001526 0.424377
f 2790/2735/2790 2763/2734/2763 674/7850/674
vt 0.369724 0.397976
f 478/7851/478 2669/2736/2669 2779/2738/2779
f 2669/2736/2669 442/7490/442 2791/2737/2791
f 2779/2738/2779 2791/2737/2791 391/5238/391
vt 0.999817 0.346008
vt 0.999786 0.346100
vt 0.999786 0.345978
f 90/7852/90 1620/7853/1620 1174/7854/1174
vt 0.106201 0.999756
f 381/7855/381 1127/2739/1127 1976/2741/1976
f 1127/2739/1127 505/4507/505 1658/2740/1658
vt 0.106323 0.999695
f 1976/2741/1976 1658/2740/1658 462/7856/462
vt 0.007935 0.113998
f 2792/2742/2792 846/7857/846 2793/2743/2793
vt 0.007812 0.114075
f 918/2744/918 2793/2743/2793 917/7858/917
vt 0.515640 0.813141
f 1129/7859/1129 1952/2745/1952 2251/2747/2251
vt 0.515648 0.813187
f 1952/2745/1952 748/7860/748 2794/2746/2794
vt 0.515640 0.813202
f 2251/2747/2251 2794/2746/2794 346/7861/346
vt 0.645760 0.656250
f 439/7862/439 2607/2748/2607 2796/2750/2796
vt 0.645782 0.656219
f 2607/2748/2607 2606/7863/2606 2795/2749/2795
vt 0.645767 0.656250
f 2796/2750/2796 2795/2749/2795 749/7864/749
vt 0.645813 0.656235
f 749/7865/749 2795/2751/2795 1155/2753/1155
vt 0.645828 0.656219
f 2795/2751/2795 2606/7866/2606 318/2752/318
vt 0.534796 0.277571
f 2798/2756/2798 2797/2755/2797 1703/7867/1703
vt 0.007019 0.925323
f 428/7868/428 3157/2757/3157 921/2759/921
vt 0.006998 0.925328
f 3157/2757/3157 3170/7869/3170 2799/2758/2799
vt 0.007095 0.925301
f 921/2759/921 2799/2758/2799 1967/7870/1967
vt 0.203384 0.050629
f 70/7871/70 2801/2763/2801 2356/2765/2356
vt 0.203400 0.050476
f 2801/2763/2801 454/7872/454 2121/2764/2121
vt 0.203400 0.050598
f 2356/2765/2356 2121/2764/2121 246/7873/246
f 781/5184/781 1540/2766/1540 2802/2768/2802
vt 0.984375 0.564301
f 1540/2766/1540 1541/7874/1541 2738/2767/2738
vt 0.585936 0.677544
vt 0.585884 0.677582
f 1569/7875/1569 318/7876/318 427/5228/427
vt 0.991302 0.857422
f 983/7877/983 982/2769/982 2100/2771/2100
vt 0.991272 0.857422
f 982/2769/982 813/7878/813 2803/2770/2803
vt 0.991135 0.857407
f 2100/2771/2100 2803/2770/2803 764/7879/764
vt 0.233093 0.998840
f 760/7880/760 2806/2775/2806 2706/2777/2706
vt 0.233276 0.998901
f 2806/2775/2806 386/7881/386 1878/2776/1878
vt 0.233398 0.999023
f 2706/2777/2706 1878/2776/1878 53/7882/53
vt 0.216919 0.172729
f 841/7883/841 2269/2778/2269 2807/2780/2807
f 217/3139/217 2808/2781/2808 2810/2783/2810
vt 0.768772 0.255501
f 2808/2781/2808 275/7884/275 2809/2782/2809
vt 0.768784 0.255463
f 2810/2783/2810 2809/2782/2809 325/7885/325
vt 0.985794 0.234253
f 471/7886/471 2811/2784/2811 1687/2786/1687
vt 0.985832 0.234192
f 2811/2784/2811 501/7887/501 2812/2785/2812
f 1687/2786/1687 2812/2785/2812 117/5409/117
vt 0.000900 0.298676
f 878/7888/878 2813/2787/2813 2814/2789/2814
vt 0.000938 0.298752
f 2813/2787/2813 864/7889/864 1223/2788/1223
vt 0.000885 0.298645
f 2814/2789/2814 1223/2788/1223 359/7890/359
vt 0.482564 0.429162
vt 0.482564 0.429163
vt 0.482562 0.429163
f 1703/7891/1703 2797/7892/2797 3345/7893/3345
f 299/5456/299 298/2790/298 1714/961/1714
f 1714/961/1714 1124/2791/1124 122/5457/122
vt 0.220425 0.012373
f 789/7894/789 2817/2795/2817 1636/2797/1636
vt 0.220428 0.012375
f 1636/2797/1636 2817/2796/2817 60/7895/60
vt 0.906555 0.002075
f 2818/2798/2818 848/7896/848 533/2799/533
vt 0.984375 0.572388
vt 0.984375 0.572449
f 250/7897/250 2819/3596/2819 804/7898/804
vt 0.523338 0.815163
f 222/7899/222 1803/2801/1803 2293/2803/2293
vt 0.523335 0.815155
f 1803/2801/1803 125/7900/125 1653/2802/1653
vt 0.523338 0.815155
f 2293/2803/2293 1653/2802/1653 480/7901/480
vt 0.247555 0.428684
f 554/7902/554 2656/2804/2656 2784/2806/2784
f 2784/2806/2784 1810/2805/1810 626/7836/626
vt 0.390732 0.014893
f 568/7903/568 2244/2807/2244 1876/2809/1876
vt 0.390747 0.014893
f 2244/2807/2244 17/7904/17 2591/2808/2591
vt 0.390717 0.014923
f 1876/2809/1876 2591/2808/2591 569/7905/569
vt 0.211018 0.914616
f 596/7906/596 2820/2810/2820 1997/2812/1997
vt 0.210991 0.914635
f 2820/2810/2820 1981/7907/1981 1979/2811/1979
vt 0.210995 0.914623
f 1997/2812/1997 1979/2811/1979 597/7908/597
vt 0.908281 0.004547
vt 0.908285 0.004539
vt 0.908278 0.004562
f 501/7909/501 2818/7910/2818 2821/7911/2821
vt 0.908282 0.004555
vt 0.908276 0.004578
f 2821/7911/2821 2818/7912/2818 459/7913/459
vt 0.999958 0.850269
f 612/2813/612 420/7914/420 1918/2814/1918
vt 0.999954 0.850418
f 1919/2815/1919 1918/2814/1918 584/7915/584
vt 0.126465 0.550903
f 140/7916/140 1266/2816/1266 2823/2818/2823
vt 0.126846 0.550804
f 2823/2818/2823 2822/2817/2822 2286/7917/2286
vt 0.664001 0.996695
f 397/7918/397 2824/2819/2824 2825/2821/2825
vt 0.664062 0.996666
vt 0.664062 0.996668
f 2824/2819/2824 2952/7919/2952 3281/7920/3281
vt 0.664062 0.996674
f 2825/2821/2825 3281/2820/3281 688/7921/688
vt 0.681763 0.451019
f 611/7922/611 2787/2822/2787 2827/2824/2827
vt 0.681824 0.450989
f 2787/2822/2787 353/7923/353 2826/2823/2826
vt 0.681671 0.451080
f 2827/2824/2827 2826/2823/2826 77/7924/77
vt 0.534678 0.275959
f 2702/7925/2702 2719/2825/2719 245/2827/245
vt 0.174861 0.757962
vt 0.174870 0.757961
vt 0.174870 0.757961
f 1035/7926/1035 119/7927/119 3326/7928/3326
vt 0.646389 0.655567
f 317/7929/317 3232/2828/3232 2828/2830/2828
vt 0.646385 0.655571
f 2828/2830/2828 1155/2829/1155 318/7930/318
vt 0.997293 0.084324
vt 0.997293 0.084318
vt 0.997294 0.084324
f 2829/7931/2829 127/7932/127 3304/7933/3304
vt 0.391113 0.011566
f 2419/7934/2419 2418/2831/2418 2395/2833/2395
vt 0.391113 0.011536
f 2418/2831/2418 675/7935/675 2766/2832/2766
vt 0.391121 0.011555
vt 0.391129 0.011559
f 1398/2833/1398 3400/7936/3400 738/7937/738
vt 0.391129 0.011497
f 1064/2834/1064 738/7938/738 3400/2835/3400
f 2766/2836/2766 3400/2835/3400 2418/6815/2418
vt 0.520117 0.819164
vt 0.520123 0.819145
vt 0.520123 0.819143
f 3318/7939/3318 1139/7940/1139 397/7941/397
vt 0.520119 0.819160
vt 0.520124 0.819141
vt 0.520126 0.819138
f 3318/7942/3318 2825/7943/2825 688/7944/688
vt 0.176811 0.756073
vt 0.176819 0.756065
f 3427/7004/3427 3428/7945/3428 2424/7946/2424
vt 0.176804 0.756073
vt 0.176811 0.756065
f 3428/7945/3428 348/7947/348 2424/7948/2424
f 113/7483/113 2667/2470/2667 1572/2838/1572
f 2667/2470/2667 762/7484/762 1411/2837/1411
vt 0.249542 0.429688
f 1572/2838/1572 1411/2837/1411 676/7949/676
f 465/7594/465 2053/2839/2053 2705/2542/2705
f 2053/2839/2053 144/7592/144 2704/2539/2704
f 2705/2542/2705 2704/2539/2704 411/7591/411
vt 0.482145 0.429026
vt 0.482143 0.429024
vt 0.482144 0.429025
f 2831/7950/2831 755/7951/755 2428/7952/2428
f 744/7849/744 2722/2840/2722 2764/2734/2764
vt 0.001587 0.424316
f 2722/2840/2722 451/7953/451 2832/2841/2832
f 2764/2734/2764 2832/2841/2832 477/7850/477
vt 0.010265 0.488750
vt 0.010254 0.488770
vt 0.010246 0.488701
f 2822/7954/2822 1266/7955/1266 2712/7956/2712
vt 0.010258 0.488682
vt 0.010239 0.488632
f 2822/7957/2822 2712/7956/2712 527/7958/527
f 117/7913/117 2812/2842/2812 2651/2844/2651
vt 0.908279 0.004578
f 2812/2842/2812 501/7959/501 2821/2843/2821
vt 0.908264 0.004639
f 2651/2844/2651 2821/2843/2821 459/7960/459
vt 0.532151 0.280253
f 2833/2845/2833 746/7961/746 2720/2846/2720
vt 0.532155 0.280250
f 2701/2847/2701 2720/2846/2720 2702/7962/2702
vt 0.187354 0.189813
f 118/7963/118 940/2848/940 2834/2850/2834
vt 0.187353 0.189692
f 2834/2850/2834 2245/2849/2245 725/7964/725
f 772/5458/772 2460/2851/2460 1715/2724/1715
vt 0.236291 0.511576
f 211/7965/211 2845/2853/2845 2313/2855/2313
vt 0.236287 0.511581
f 2845/2853/2845 12/7966/12 1133/2854/1133
vt 0.236284 0.511585
f 2313/2855/2313 1133/2854/1133 2067/7967/2067
f 453/6694/453 2357/2856/2357 1503/2858/1503
vt 0.204615 0.049784
f 2357/2856/2357 246/7968/246 1460/2857/1460
vt 0.204624 0.049824
f 1503/2858/1503 1460/2857/1460 436/7969/436
vt 0.324768 0.738098
f 502/7970/502 3288/2859/3288 2835/2861/2835
f 2835/2861/2835 116/2860/116 699/7252/699
vt 0.203522 0.057739
f 509/7971/509 1634/2862/1634 1117/2864/1117
vt 0.203529 0.057785
f 1117/2864/1117 1685/2863/1685 293/7972/293
vt 0.236759 0.511341
f 2836/2865/2836 754/7973/754 2837/2866/2837
vt 0.236782 0.511303
f 2773/2867/2773 2837/2866/2837 791/7974/791
vt 0.482141 0.429026
vt 0.482142 0.429029
vt 0.482142 0.429029
f 2731/7975/2731 755/7976/755 2838/7977/2838
vt 0.482141 0.429027
f 2731/7978/2731 2838/7977/2838 3177/7652/3177
vt 0.184853 0.588531
f 629/7979/629 2157/2868/2157 1197/2870/1197
vt 0.184855 0.588512
f 2157/2868/2157 754/7980/754 2836/2869/2836
vt 0.813629 0.768494
vt 0.813644 0.768509
vt 0.813629 0.768524
f 2099/7981/2099 2839/7982/2839 824/7983/824
vt 0.105896 0.999969
f 216/7984/216 1127/2871/1127 2840/2873/2840
vt 0.105469 1.000000
f 2840/2873/2840 381/2872/381 382/7985/382
vt 0.782471 0.999634
f 148/7986/148 2369/2874/2369 1352/2876/1352
vt 0.782684 0.999496
f 2369/2874/2369 782/7987/782 2866/2875/2866
vt 0.782639 0.999535
f 1352/2876/1352 2866/2875/2866 395/7988/395
vt 0.203369 0.050659
f 70/7989/70 1818/2877/1818 2801/2879/2801
f 1818/2877/1818 671/2763/671 2841/2878/2841
f 2801/2879/2801 2841/2878/2841 454/7871/454
vt 0.823265 0.018166
f 501/7990/501 2811/2880/2811 2842/2882/2842
vt 0.823257 0.018143
f 2811/2880/2811 471/7991/471 2102/2881/2102
vt 0.171391 0.265909
vt 0.171389 0.265920
vt 0.171390 0.265907
f 508/7992/508 2219/7993/2219 1660/7994/1660
vt 0.187351 0.189602
f 835/7964/835 2834/2884/2834 725/7995/725
vt 0.997253 0.084290
f 533/7996/533 2830/2885/2830 459/2887/459
vt 0.997240 0.084311
f 2830/2885/2830 127/7997/127 2167/2886/2167
vt 0.247517 0.428661
f 691/7998/691 2785/2888/2785 2843/2890/2843
f 2785/2888/2785 626/5644/626 2145/2889/2145
vt 0.247498 0.428650
f 2843/2890/2843 2145/2889/2145 621/7999/621
vt 0.842743 0.423859
vt 0.842735 0.423874
vt 0.842728 0.423874
f 571/8000/571 1894/8001/1894 2326/8002/2326
vt 0.462572 0.678364
vt 0.462563 0.678372
vt 0.462566 0.678368
f 2931/8003/2931 2844/8004/2844 3218/8005/3218
vt 0.236291 0.511575
vt 0.236295 0.511570
vt 0.236289 0.511578
f 2845/8006/2845 1924/8007/1924 12/8008/12
vt 0.520445 0.632711
vt 0.520439 0.632713
vt 0.520451 0.632710
f 861/8009/861 270/8010/270 865/8011/865
vt 0.482142 0.429024
f 286/7951/286 3022/4151/3022 2847/8012/2847
vt 0.482142 0.429024
vt 0.482141 0.429024
f 2847/8012/2847 2846/8013/2846 743/8014/743
vt 0.015582 0.285401
f 800/8015/800 2471/2891/2471 2849/2893/2849
vt 0.015582 0.285405
f 2471/2891/2471 759/8016/759 2848/2892/2848
vt 0.015582 0.285402
f 2849/2893/2849 2848/2892/2848 2248/8017/2248
vt 0.763184 0.250343
f 756/8018/756 1084/2894/1084 1213/2896/1213
vt 0.763107 0.250355
f 1213/2896/1213 989/2895/989 3356/8019/3356
vt 0.252716 0.173279
f 3284/8020/3284 1065/2897/1065 2320/2899/2320
vt 0.252701 0.173279
vt 0.252703 0.173275
f 1065/2897/1065 1064/8021/1064 3317/8022/3317
vt 0.252708 0.173264
f 2320/2899/2320 3317/2898/3317 43/8023/43
vt 0.522940 0.816040
vt 0.522939 0.816038
vt 0.522942 0.816040
f 780/8024/780 2850/8025/2850 793/8026/793
f 625/2900/625 751/7501/751 1488/2483/1488
f 2851/2901/2851 1488/2483/1488 2086/7500/2086
vt 0.431183 0.695034
f 625/8027/625 2851/2902/2851 2330/2904/2330
f 2330/2904/2330 2851/2903/2851 215/6652/215
vt 0.443420 0.085709
f 3408/8028/3408 1770/2905/1770 2565/2907/2565
vt 0.443390 0.085701
f 1770/2905/1770 513/8029/513 2852/2906/2852
vt 0.443420 0.085678
f 2565/2907/2565 2852/2906/2852 2566/8030/2566
vt 0.218750 0.000488
f 26/8031/26 2853/2908/2853 2855/2910/2855
vt 0.218788 0.000404
f 2853/2908/2853 1350/8032/1350 2854/2909/2854
vt 0.218811 0.000366
f 2855/2910/2855 2854/2909/2854 789/8033/789
vt 0.470184 0.000351
f 2519/2911/2519 76/8034/76 2308/2912/2308
vt 0.173453 0.763544
f 600/7122/600 2856/8035/2856 2161/7123/2161
vt 0.173405 0.763615
vt 0.173355 0.763687
f 2161/7123/2161 2856/8036/2856 631/8037/631
vt 0.243114 0.765107
vt 0.243131 0.765099
f 702/8038/702 2835/2916/2835 699/8039/699
f 2835/2916/2835 702/8038/702 2530/2914/2530
vt 0.367310 0.458870
f 2668/2917/2668 478/8040/478 2778/2918/2778
vt 0.367340 0.458870
f 2780/2919/2780 2778/2918/2778 737/8041/737
vt 0.015582 0.285402
f 2248/8042/2248 2739/2920/2739 2849/2922/2849
vt 0.015582 0.285398
f 2739/2920/2739 3308/8043/3308 1698/2921/1698
vt 0.015582 0.285398
f 2849/2922/2849 1698/2921/1698 800/8044/800
vt 0.631012 0.781250
f 790/8045/790 2857/2923/2857 1425/2925/1425
vt 0.631009 0.781256
f 2857/2923/2857 121/8046/121 2858/2924/2858
vt 0.631003 0.781258
f 1425/2925/1425 2858/2924/2858 683/8047/683
vt 0.106049 0.999985
f 216/8048/216 2840/2926/2840 143/7985/143
f 2860/2928/2860 143/7985/143 2840/2926/2840
f 1238/6764/1238 2376/2929/2376 2862/2931/2862
vt 0.132446 0.550400
f 2376/2929/2376 691/8049/691 2861/2930/2861
vt 0.203517 0.057688
f 509/8050/509 1116/2932/1116 2863/2934/2863
vt 0.203518 0.057686
f 1116/2932/1116 183/8051/183 1502/2933/1502
f 2863/2934/2863 1502/2933/1502 455/7972/455
vt 0.645935 0.656067
vt 0.645952 0.656063
vt 0.645943 0.656067
f 427/8052/427 318/8053/318 2606/8054/2606
vt 0.335480 0.935661
f 3111/8055/3111 2800/2762/2800 2489/2936/2489
f 2800/2762/2800 445/2761/445 889/2935/889
vt 0.335449 0.935669
f 2489/2936/2489 889/2935/889 68/8056/68
f 140/7916/140 2823/2818/2823 1138/2938/1138
f 2823/2818/2823 2286/7917/2286 2049/2937/2049
vt 0.126953 0.550781
f 1138/2938/1138 2049/2937/2049 365/8057/365
vt 0.185088 0.586296
vt 0.185088 0.586281
vt 0.185089 0.586304
f 2772/8058/2772 700/8059/700 251/8060/251
vt 0.996040 0.546791
vt 0.996063 0.546783
f 2864/8061/2864 345/291/345 2301/8062/2301
vt 0.782654 0.999542
f 62/8063/62 2865/2939/2865 1355/2941/1355
vt 0.782593 0.999573
f 2865/2939/2865 395/8064/395 2866/2940/2866
vt 0.782745 0.999466
f 1355/2941/1355 2866/2940/2866 795/8065/795
vt 0.219233 0.012971
f 327/8066/327 2867/2942/2867 1733/2944/1733
vt 0.219226 0.012947
f 2867/2942/2867 784/8067/784 2868/2943/2868
vt 0.219227 0.012941
f 1733/2944/1733 2868/2943/2868 326/8068/326
vt 0.798599 0.985413
vt 0.798584 0.985474
vt 0.798588 0.985428
f 373/8069/373 2890/8070/2890 2869/8071/2869
vt 0.175110 0.757370
vt 0.175106 0.757374
vt 0.175104 0.757372
f 2387/8072/2387 3225/8073/3225 2338/8074/2338
vt 0.175106 0.757366
vt 0.175117 0.757362
f 2387/8072/2387 2338/8075/2338 119/8076/119
vt 0.523149 0.815861
vt 0.523129 0.815849
vt 0.523137 0.815851
f 1562/8077/1562 1561/8078/1561 265/8079/265
vt 0.523167 0.815865
vt 0.523146 0.815853
vt 0.523163 0.815857
f 1562/8080/1562 2871/8081/2871 1849/8082/1849
vt 0.176804 0.755966
vt 0.176811 0.755951
f 348/8083/348 2337/8084/2337 657/6668/657
vt 0.000015 0.489395
f 654/8085/654 977/2948/977 2872/2950/2872
vt 0.000008 0.489693
f 977/2948/977 849/8086/849 2370/2949/2370
f 2872/2950/2872 2370/2949/2370 670/6755/670
f 211/6962/211 2458/2951/2458 2845/2953/2845
vt 0.236220 0.511672
f 2458/2951/2458 740/8087/740 1924/2952/1924
vt 0.185143 0.586029
f 251/8088/251 2873/2954/2873 2874/2956/2874
vt 0.185150 0.585999
f 2873/2954/2873 691/8089/691 2843/2955/2843
vt 0.185143 0.586060
f 2874/2956/2874 2843/2955/2843 621/8090/621
vt 0.233139 0.998947
f 760/8091/760 596/2957/596 2806/2959/2806
vt 0.233246 0.998993
f 2806/2959/2806 959/2958/959 386/8092/386
vt 0.482140 0.429023
f 3177/8093/3177 2838/2960/2838 2021/2962/2021
vt 0.482140 0.429022
f 2838/2960/2838 755/8094/755 2831/2961/2831
f 2021/2962/2021 2831/2961/2831 817/7951/817
vt 0.007721 0.072052
f 739/8095/739 3267/2965/3267 1843/2964/1843
vt 0.219225 0.012952
f 455/8096/455 2875/2966/2875 2863/2968/2863
vt 0.219221 0.012942
f 2875/2966/2875 784/8097/784 1635/2967/1635
vt 0.219222 0.012937
f 2863/2968/2863 1635/2967/1635 509/8098/509
vt 0.766914 0.000282
f 35/8099/35 1323/2969/1323 1892/2971/1892
vt 0.766968 0.000366
f 1323/2969/1323 349/8100/349 1204/2970/1204
vt 0.766846 0.000244
f 1892/2971/1892 1204/2970/1204 570/8101/570
vt 0.007721 0.072174
vt 0.007736 0.072144
f 1793/2973/1793 39/8102/39 3267/8103/3267
vt 0.171951 0.995163
f 195/8104/195 1974/2975/1974 3196/2977/3196
vt 0.171967 0.995148
f 1974/2975/1974 462/8105/462 1523/2976/1523
vt 0.997261 0.084343
vt 0.997260 0.084346
vt 0.997257 0.084347
f 127/8106/127 2829/8107/2829 1764/8108/1764
vt 0.997258 0.084350
vt 0.997257 0.084350
f 2829/8107/2829 3304/8109/3304 2508/8110/2508
vt 0.997257 0.084348
vt 0.997253 0.084351
f 1764/8108/1764 2829/8111/2829 752/8112/752
vt 0.484406 0.990265
f 311/8113/311 2033/2978/2033 714/2979/714
f 1991/2979/1991 714/2979/714 2033/2978/2033
vt 0.639908 0.004669
vt 0.639902 0.004673
f 756/8114/756 3255/2980/3255 1214/8115/1214
f 1316/2981/1316 949/62/949 99/4279/99
vt 0.176956 0.756058
f 657/8116/657 2876/2982/2876 348/2984/348
vt 0.176941 0.756073
f 2876/2982/2876 176/8117/176 2424/2983/2424
vt 0.526352 0.813293
f 683/8118/683 2457/2985/2457 1426/2987/1426
vt 0.526352 0.813324
f 2457/2985/2457 681/8119/681 2755/2986/2755
vt 0.526337 0.813293
f 1426/2987/1426 2755/2986/2755 8/8120/8
vt 0.185150 0.586029
f 2772/2988/2772 251/8121/251 2874/2989/2874
vt 0.185150 0.586060
f 2118/2990/2118 2874/2989/2874 621/8122/621
f 706/7309/706 2592/2319/2592 2878/2992/2878
f 2592/2319/2592 17/7308/17 2877/2991/2877
vt 0.433349 0.081158
f 2878/2992/2878 2877/2991/2877 797/8123/797
vt 0.523133 0.815813
f 265/8124/265 2934/2993/2934 2871/2995/2871
vt 0.523148 0.815826
f 2871/2995/2871 3222/2994/3222 1849/8125/1849
f 2848/2996/2848 759/7469/759 2661/2997/2661
vt 0.015489 0.282572
f 2248/2998/2248 2661/2997/2661 642/8126/642
vt 0.006039 0.922529
f 524/8127/524 863/3001/863 2686/3000/2686
vt 0.645958 0.656067
f 318/8128/318 1569/3002/1569 2828/3004/2828
vt 0.645973 0.656052
f 1569/3002/1569 450/8129/450 2879/3003/2879
vt 0.645966 0.656067
f 2828/3004/2828 2879/3003/2879 317/8130/317
vt 0.187441 0.189503
vt 0.187441 0.189500
vt 0.187441 0.189502
f 1706/8131/1706 2478/8132/2478 2880/8133/2880
vt 0.475555 0.000046
vt 0.475479 0.000038
vt 0.475601 0.000038
f 761/8134/761 3352/8135/3352 1450/8136/1450
vt 0.475525 0.000031
f 1450/8136/1450 887/8137/887 67/5042/67
vt 0.185104 0.585938
f 2861/3005/2861 691/8138/691 2873/3006/2873
vt 0.185104 0.585999
f 2881/3007/2881 2873/3006/2873 251/8139/251
vt 0.821020 0.016159
f 217/8140/217 2810/3008/2810 2882/3010/2882
vt 0.820995 0.016205
f 2882/3010/2882 325/3009/325 101/8141/101
f 611/1104/611 2827/1104/2827 2884/3011/2884
f 2827/1104/2827 77/1104/77 1827/3011/1827
f 2884/3011/2884 1827/3011/1827 3271/1103/3271
vt 0.660156 0.998291
f 2885/3012/2885 11/8142/11 2886/3013/2886
vt 0.660278 0.998238
f 2887/3014/2887 2886/3013/2886 398/8143/398
vt 0.818139 0.021828
f 325/8144/325 2888/3015/2888 2061/3017/2061
vt 0.818026 0.022049
f 2888/3015/2888 544/8145/544 2883/3016/2883
vt 0.433380 0.693871
f 563/3018/563 258/8146/258 2745/3019/2745
vt 0.433426 0.693829
f 2889/3020/2889 2745/3019/2745 73/8147/73
vt 0.236578 0.511686
f 3402/3021/3402 754/8148/754 1937/3022/1937
vt 0.619724 0.052629
vt 0.619721 0.052629
vt 0.619723 0.052629
f 887/8149/887 3339/8150/3339 885/8151/885
vt 0.798546 0.985931
f 2890/3024/2890 764/8152/764 2891/3025/2891
vt 0.798538 0.985901
f 2869/3026/2869 2891/3025/2891 2870/8153/2870
vt 0.839203 0.428009
f 345/8154/345 2864/3027/2864 2892/3029/2892
vt 0.839310 0.427963
f 2892/3029/2892 2725/3028/2725 343/8155/343
vt 0.325211 0.281403
vt 0.325226 0.281372
vt 0.325241 0.281372
f 2893/8156/2893 424/8157/424 2139/8158/2139
vt 0.005707 0.797974
f 176/8159/176 2876/3030/2876 1442/3032/1442
vt 0.005646 0.798035
f 2876/3030/2876 657/8160/657 2389/3031/2389
vt 0.005676 0.797974
f 1442/3032/1442 2389/3031/2389 488/8161/488
vt 0.172089 0.994904
f 462/8162/462 2570/3033/2570 1523/3035/1523
vt 0.172108 0.994892
f 2570/3033/2570 237/8163/237 2730/3034/2730
vt 0.172096 0.994911
f 1523/3035/1523 2730/3034/2730 131/8164/131
vt 0.219227 0.012911
f 455/8165/455 1504/3036/1504 2875/3038/2875
vt 0.219229 0.012931
f 1504/3036/1504 326/8166/326 2868/3037/2868
vt 0.219223 0.012901
f 2875/3038/2875 2868/3037/2868 784/8167/784
vt 0.244303 0.756975
f 602/8168/602 2894/3039/2894 2015/3041/2015
vt 0.244306 0.756977
f 2894/3039/2894 679/8169/679 2895/3040/2895
vt 0.244300 0.756991
f 2015/3041/2015 2895/3040/2895 927/8170/927
vt 0.798874 0.985474
f 764/8171/764 2890/3042/2890 1275/3044/1275
vt 0.798859 0.985474
f 2890/3042/2890 373/8172/373 2359/3043/2359
vt 0.798904 0.985413
f 1275/3044/1275 2359/3043/2359 821/8173/821
f 1369/1103/1369 611/1103/611 2884/3045/2884
f 1462/3045/1462 2884/3045/2884 3271/5664/3271
vt 0.000244 0.422302
vt 0.000252 0.422279
vt 0.000244 0.422333
f 149/8174/149 2897/8175/2897 1946/8176/1946
vt 0.000259 0.422256
vt 0.000252 0.422310
f 2897/8175/2897 849/8177/849 2790/8178/2790
vt 0.663170 0.999512
vt 0.663193 0.999481
vt 0.663177 0.999512
f 1774/8179/1774 366/8180/366 406/8181/406
f 109/8181/109 2898/3049/2898 1153/3051/1153
vt 0.663223 0.999481
vt 0.663208 0.999496
f 2898/3049/2898 1164/8182/1164 1775/8183/1775
vt 0.663208 0.999512
f 1153/3051/1153 1774/3050/1774 406/8184/406
vt 0.364380 0.990112
f 3205/8185/3205 2899/3052/2899 1753/3054/1753
vt 0.364319 0.990128
f 2899/3052/2899 606/8186/606 2900/3053/2900
vt 0.364349 0.990112
f 1753/3054/1753 2900/3053/2900 777/8187/777
vt 0.364319 0.990120
f 2435/8188/2435 2901/3055/2901 2227/3056/2227
f 2901/3055/2901 777/8187/777 2900/3053/2900
f 2227/3056/2227 2900/3053/2900 606/8186/606
vt 0.005463 0.487030
f 89/8189/89 2371/3057/2371 2691/3059/2691
vt 0.005402 0.487030
f 2371/3057/2371 849/8190/849 2897/3058/2897
vt 0.005432 0.487000
f 2691/3059/2691 2897/3058/2897 149/8191/149
vt 0.433347 0.081226
vt 0.433347 0.081244
f 706/7307/706 2902/8192/2902 3184/8193/3184
vt 0.433348 0.081230
vt 0.433349 0.081264
f 2902/8192/2902 481/8194/481 3030/8195/3030
vt 0.433348 0.081261
vt 0.433350 0.081299
f 2664/8196/2664 3184/8195/3184 3420/8197/3420
vt 0.235077 0.514315
f 729/8198/729 2385/3060/2385 2903/3062/2903
vt 0.235082 0.514306
f 2385/3060/2385 113/8199/113 2668/3061/2668
vt 0.387789 0.122412
f 138/8200/138 1594/3065/1594 2710/3064/2710
vt 0.387817 0.122437
f 1594/3065/1594 138/8200/138 675/8201/675
vt 0.206322 0.050629
vt 0.206299 0.050598
vt 0.206329 0.050629
f 2867/8202/2867 327/8203/327 26/8204/26
vt 0.206360 0.050659
f 789/8205/789 784/3066/784 2855/3068/2855
vt 0.206421 0.050659
f 2855/3068/2855 2867/3067/2867 26/8206/26
vt 0.235654 0.513087
vt 0.235653 0.513090
vt 0.235652 0.513092
f 2708/8207/2708 491/8208/491 2904/8209/2904
vt 0.424454 0.702765
vt 0.424446 0.702762
f 1423/8210/1423 1650/3069/1650 3314/8211/3314
vt 0.424438 0.702766
f 1650/3069/1650 847/8212/847 1166/3070/1166
vt 0.535058 0.277408
vt 0.535057 0.277411
f 1704/8213/1704 2633/3072/2633 3202/8214/3202
vt 0.535053 0.277416
f 3202/3074/3202 2628/3073/2628 287/8215/287
vt 0.244318 0.756917
f 679/8216/679 2894/3075/2894 2905/3077/2905
vt 0.244314 0.756910
f 2894/3075/2894 602/8217/602 2776/3076/2776
vt 0.000015 0.673325
vt 0.000000 0.673340
f 312/8218/312 151/8219/151 1251/3079/1251
f 2906/3080/2906 1251/3079/1251 151/8219/151
vt 0.187441 0.189505
f 454/8220/454 2841/3081/2841 2524/3083/2524
vt 0.187441 0.189506
f 2841/3081/2841 671/8221/671 2880/3082/2880
vt 0.187441 0.189512
f 2524/3083/2524 2880/3082/2880 2478/8222/2478
vt 0.236716 0.511413
vt 0.236709 0.511424
vt 0.236718 0.511408
f 794/8223/794 1937/8224/1937 1246/8225/1246
vt 0.236725 0.511397
vt 0.236721 0.511403
vt 0.236727 0.511393
f 2907/8226/2907 794/8227/794 188/8228/188
vt 0.526367 0.812744
f 31/8229/31 2409/3084/2409 2908/3086/2908
vt 0.526340 0.812746
f 2409/3084/2409 121/8230/121 2857/3085/2857
vt 0.526337 0.812744
f 2908/3086/2908 2857/3085/2857 790/8231/790
vt 0.132477 0.550446
vt 0.132492 0.550430
vt 0.132500 0.550438
f 365/8232/365 2048/8233/2048 3333/8234/3333
vt 0.132507 0.550415
vt 0.132538 0.550415
f 2048/8233/2048 281/8235/281 2910/8236/2910
vt 0.132523 0.550430
vt 0.132568 0.550415
f 2534/8237/2534 2910/8236/2910 2862/8238/2862
vt 0.520363 0.818748
vt 0.520359 0.818752
vt 0.520370 0.818733
f 213/8239/213 397/8240/397 1139/8241/1139
vt 0.172902 0.993134
vt 0.172902 0.993135
vt 0.172899 0.993137
f 2998/8242/2998 1958/8243/1958 2911/8244/2911
vt 0.172902 0.993136
f 1958/8243/1958 131/8245/131 2911/3389/2911
vt 0.755737 0.251717
f 275/8246/275 2912/3087/2912 2809/3089/2809
vt 0.755615 0.251724
f 2912/3087/2912 544/8247/544 2888/3088/2888
vt 0.755859 0.251694
f 2809/3089/2809 2888/3088/2888 325/8248/325
vt 0.580414 0.003944
f 483/5542/483 2479/8249/2479 1766/1023/1766
vt 0.580383 0.003952
vt 0.580414 0.003883
f 2479/8249/2479 766/8250/766 1766/8251/1766
vt 0.184544 0.587875
f 238/8252/238 2913/3090/2913 2573/3092/2573
vt 0.184563 0.587891
f 2573/3092/2573 592/3091/592 700/8253/700
vt 0.657700 0.999413
vt 0.657730 0.999402
vt 0.657623 0.999442
f 2885/8254/2885 3424/8255/3424 213/8256/213
vt 0.766747 0.253075
vt 0.766745 0.253063
vt 0.766747 0.253067
f 2291/8257/2291 2429/8258/2429 102/8259/102
vt 0.327621 0.281372
f 2561/3095/2561 1115/3094/1115 775/8260/775
f 416/5254/416 1586/783/1586 2915/3097/2915
f 1586/783/1586 415/5256/415 1062/3096/1062
vt 0.401367 0.000366
f 2915/3097/2915 1062/3096/1062 1191/8261/1191
vt 0.620105 0.052711
vt 0.620104 0.052711
vt 0.620108 0.052711
f 768/8262/768 3328/8263/3328 2518/8264/2518
vt 0.620107 0.052711
vt 0.620106 0.052711
vt 0.620106 0.052711
f 2657/8265/2657 3328/8266/3328 767/8267/767
vt 0.620109 0.052711
f 2518/8264/2518 2657/8265/2657 3420/8268/3420
vt 0.535891 0.273703
f 2291/8269/2291 2290/3098/2290 1676/3100/1676
vt 0.535889 0.273712
f 2290/3098/2290 645/8270/645 1400/3099/1400
f 1676/3100/1676 1400/3099/1400 261/5393/261
vt 0.165300 0.271600
vt 0.165298 0.271599
f 1757/8271/1757 538/6938/538 2916/8272/2916
vt 0.165308 0.271588
vt 0.165306 0.271587
f 1075/8273/1075 2916/8272/2916 3417/8274/3417
vt 0.184422 0.587769
vt 0.184425 0.587769
f 299/8275/299 2917/3358/2917 772/8276/772
vt 0.172998 0.993044
f 463/8277/463 1524/3101/1524 1547/3103/1547
vt 0.129150 0.549622
vt 0.129143 0.549637
vt 0.129143 0.549622
f 281/8278/281 2048/8279/2048 3443/8280/3443
vt 0.129135 0.549622
vt 0.129128 0.549637
vt 0.129124 0.549629
f 2918/8281/2918 2924/8282/2924 3443/8283/3443
vt 0.006592 0.055176
vt 0.006516 0.055260
vt 0.006531 0.055237
f 809/8284/809 2919/8285/2919 2909/8286/2909
vt 0.006439 0.055344
vt 0.006454 0.055321
f 2919/8285/2919 649/8287/649 2305/8288/2305
f 670/6755/670 2372/1941/2372 2920/3105/2920
f 2372/1941/2372 89/6757/89 2392/3104/2392
vt 0.619720 0.137360
f 667/8289/667 2703/3106/2703 2386/3108/2386
vt 0.619629 0.137390
f 2386/3108/2386 2388/3107/2388 351/8290/351
vt 0.165262 0.271642
vt 0.165253 0.271652
vt 0.165268 0.271629
f 2916/8291/2916 538/8292/538 2204/8293/2204
vt 0.165277 0.271619
vt 0.165283 0.271606
f 2893/8294/2893 2204/8293/2204 424/8295/424
vt 0.004807 0.676865
f 432/8296/432 36/3109/36 2921/3111/2921
vt 0.004791 0.676788
f 2921/3111/2921 1443/3110/1443 488/8297/488
vt 0.128735 0.551472
vt 0.128693 0.551483
vt 0.128700 0.551476
f 2881/8298/2881 251/8299/251 2574/8300/2574
vt 0.999298 0.232880
vt 0.999329 0.232849
f 1031/4004/1031 214/8301/214 827/8302/827
vt 0.244249 0.757004
f 631/3112/631 2856/8303/2856 2922/3113/2922
vt 0.244249 0.757013
f 2905/3114/2905 2922/3113/2922 679/8304/679
f 671/8221/671 2374/3115/2374 2880/3082/2880
vt 0.620631 0.053217
vt 0.620630 0.053217
f 47/5314/47 2499/8305/2499 485/8306/485
vt 0.779575 0.899900
f 2208/3119/2208 2923/3118/2923 774/8307/774
vt 0.130432 0.549561
vt 0.130463 0.549545
f 3443/8308/3443 2924/8309/2924 281/4484/281
vt 0.244576 0.758179
vt 0.244573 0.758188
vt 0.244577 0.758171
f 2905/8310/2905 2776/8311/2776 3006/8312/3006
vt 0.244575 0.758181
vt 0.244579 0.758163
f 3006/8312/3006 2776/8313/2776 682/8314/682
vt 0.462841 0.678089
vt 0.462845 0.678085
vt 0.462824 0.678110
f 84/8315/84 306/8316/306 1949/8317/1949
vt 0.999878 0.233154
f 403/8318/403 1052/3120/1052 277/3122/277
vt 0.012024 0.485779
f 1380/3123/1380 280/8319/280 1105/3124/1105
vt 0.011841 0.485718
f 2924/3125/2924 1105/3124/1105 281/8320/281
vt 0.210917 0.916727
f 630/8321/630 1147/3126/1147 2178/3128/2178
vt 0.211002 0.916691
f 2178/3128/2178 1529/3127/1529 464/8322/464
vt 0.004362 0.495611
vt 0.004372 0.495613
f 769/8323/769 844/8324/844 1711/3130/1711
f 1333/3131/1333 1711/3130/1711 844/8324/844
vt 0.000267 0.685097
f 1265/8325/1265 1264/3132/1264 1441/3134/1441
vt 0.000282 0.685081
f 1264/3132/1264 432/8326/432 2921/3133/2921
vt 0.000259 0.685165
f 1441/3134/1441 2921/3133/2921 488/8327/488
vt 0.000031 0.684174
f 2926/3136/2926 432/8328/432 1264/3137/1264
vt 0.000061 0.684204
f 432/8328/432 2926/3136/2926 433/8329/433
vt 0.873100 0.401657
vt 0.873112 0.401649
vt 0.873070 0.401688
f 3289/8330/3289 2927/8331/2927 2613/8332/2613
vt 0.873117 0.401646
vt 0.873081 0.401680
f 2613/8331/2613 2927/8333/2927 1314/8334/1314
vt 0.247543 0.429337
vt 0.247543 0.429344
vt 0.247536 0.429344
f 853/8335/853 2630/8336/2630 733/8337/733
vt 0.768766 0.255520
f 778/8338/778 2584/3138/2584 2742/3140/2742
f 2584/3138/2584 275/7884/275 2808/3139/2808
vt 0.768776 0.255508
f 2742/3140/2742 2808/3139/2808 217/8339/217
f 1238/2931/1238 2862/3141/2862 1107/3143/1107
vt 0.132446 0.550415
f 1107/3143/1107 2910/3142/2910 281/8340/281
f 745/2141/745 2497/3144/2497 2396/3146/2396
vt 0.766756 0.253155
f 2497/3144/2497 194/8341/194 2430/3145/2430
f 2396/3146/2396 2430/3145/2430 417/7072/417
f 636/3046/636 2896/3048/2896 2272/3148/2272
vt 0.321960 0.281258
f 2272/3148/2272 2788/3147/2788 369/8342/369
vt 0.040527 1.000000
f 2929/3151/2929 2985/8343/2985 2928/3149/2928
vt 0.041618 0.999935
vt 0.041737 0.999933
vt 0.041859 0.999933
f 2930/8344/2930 3295/8345/3295 2928/8346/2928
vt 0.041862 0.999935
vt 0.041742 0.999936
vt 0.041861 0.999934
f 3286/8347/3286 3331/8348/3331 2985/8349/2985
vt 0.373769 0.454292
vt 0.373786 0.454275
vt 0.373785 0.454276
f 591/8350/591 1671/8351/1671 2931/8352/2931
vt 0.326797 0.281326
f 858/8353/858 2932/3152/2932 2933/3154/2933
vt 0.326805 0.281319
f 2932/3152/2932 771/8354/771 1381/3153/1381
vt 0.523167 0.815895
f 2850/8355/2850 2934/3155/2934 2454/3157/2454
vt 0.523186 0.815903
f 2934/3155/2934 265/8356/265 1831/3156/1831
vt 0.523170 0.815903
f 2454/3157/2454 1831/3156/1831 406/8357/406
vt 0.322815 0.281555
f 43/8358/43 2711/3158/2711 2935/3160/2935
vt 0.322868 0.281578
vt 0.322870 0.281580
f 2711/3158/2711 3180/8359/3180 3360/8360/3360
vt 0.322876 0.281586
f 2935/3160/2935 3360/3159/3360 721/8361/721
vt 0.662109 0.997437
vt 0.662354 0.997337
vt 0.662140 0.997425
f 328/8362/328 3406/8363/3406 3185/8364/3185
vt 0.988312 0.232208
vt 0.988281 0.232239
vt 0.988281 0.232208
f 1367/8365/1367 677/8366/677 2936/8367/2936
vt 0.048868 0.381121
f 171/8368/171 2937/3161/2937 939/3163/939
vt 0.048866 0.381172
f 2937/3161/2937 561/8369/561 1846/3162/1846
vt 0.048866 0.381111
f 939/3163/939 1846/3162/1846 266/8370/266
vt 0.768027 0.259206
f 194/8371/194 2498/3164/2498 2503/3166/2503
vt 0.768025 0.259211
f 2498/3164/2498 498/8372/498 1681/3165/1681
f 2503/3166/2503 1681/3165/1681 557/5398/557
vt 0.583716 0.000012
vt 0.583716 0.000012
f 1755/3245/1755 1741/8373/1741 482/8374/482
vt 0.462955 0.677929
f 84/8375/84 1950/3167/1950 2938/3169/2938
vt 0.462891 0.678009
f 1950/3167/1950 2715/8376/2715 1925/3168/1925
vt 0.462952 0.677933
f 2938/3169/2938 1925/3168/1925 740/8377/740
vt 0.463020 0.677849
f 2931/8378/2931 2939/3170/2939 2844/3172/2844
vt 0.462994 0.677881
f 2939/3170/2939 2113/8379/2113 2940/3171/2940
vt 0.462982 0.677895
f 2844/3172/2844 2940/3171/2940 740/8380/740
vt 0.804654 0.588591
f 449/8381/449 2941/3173/2941 1483/3175/1483
vt 0.804646 0.588602
f 2941/3173/2941 609/8382/609 1485/3174/1485
vt 0.804644 0.588601
f 1483/3175/1483 1485/3174/1485 770/8383/770
vt 0.367874 0.458611
f 2942/3177/2942 775/8384/775 2943/3178/2943
f 775/8384/775 2942/3177/2942 219/4085/219
vt 0.871490 0.402893
f 423/8385/423 2927/3179/2927 2569/3181/2569
vt 0.871399 0.402954
f 2569/3181/2569 2947/3180/2947 556/8386/556
vt 0.006721 0.055080
f 649/3184/649 3268/8387/3268 2531/3182/2531
vt 0.686352 0.452579
vt 0.686378 0.452599
vt 0.686340 0.452576
f 651/8388/651 2944/8389/2944 2945/8390/2945
vt 0.763705 0.564674
vt 0.763706 0.564667
vt 0.763713 0.564671
f 2945/8391/2945 97/8392/97 651/8393/651
vt 0.174525 0.761485
f 50/8394/50 2538/3185/2538 142/3187/142
vt 0.174532 0.761477
f 2538/3185/2538 347/8395/347 2598/3186/2598
vt 0.535020 0.277326
f 2634/8396/2634 2633/3188/2633 1840/3190/1840
vt 0.535027 0.277321
f 2633/3188/2633 3345/8397/3345 2948/3189/2948
vt 0.535019 0.277327
f 1840/3190/1840 2948/3189/2948 850/8398/850
vt 0.176040 0.760169
f 679/8399/679 2949/3191/2949 2951/3193/2951
vt 0.176046 0.760160
f 2949/3191/2949 347/8400/347 2950/3192/2950
vt 0.176037 0.760174
f 2951/3193/2951 2950/3192/2950 2154/8401/2154
f 2856/8303/2856 2598/3194/2598 2922/3113/2922
vt 0.244250 0.757000
f 2598/3194/2598 347/8402/347 2949/3195/2949
f 2922/3113/2922 2949/3195/2949 679/8304/679
vt 0.661087 0.997885
vt 0.661011 0.997917
vt 0.661072 0.997890
f 2952/8403/2952 398/8404/398 2953/8405/2953
vt 0.374569 0.453341
f 2214/3196/2214 219/8406/219 2942/3197/2942
vt 0.374556 0.453355
f 2833/3198/2833 2942/3197/2942 746/8407/746
vt 0.522972 0.816025
f 780/3199/780 2871/8408/2871 2934/3200/2934
vt 0.646461 0.655457
f 450/8409/450 1830/3202/1830 2879/3204/2879
vt 0.646469 0.655457
f 2879/3204/2879 1414/3203/1414 317/8410/317
vt 0.047043 0.131172
f 719/8411/719 2713/3205/2713 2782/3207/2782
vt 0.047028 0.131210
f 2713/3205/2713 2120/8412/2120 2698/3206/2698
vt 0.047028 0.131088
f 2782/3207/2782 2698/3206/2698 457/8413/457
vt 0.048872 0.381109
f 561/8414/561 2937/3208/2937 2954/3210/2954
vt 0.048870 0.381130
f 2937/3208/2937 171/8415/171 1385/3209/1385
vt 0.048870 0.381069
f 2954/3210/2954 1385/3209/1385 477/8416/477
vt 0.309418 0.690666
vt 0.309402 0.690681
vt 0.309410 0.690670
f 2685/8417/2685 773/8418/773 1645/8419/1645
vt 0.954041 0.356384
f 517/8420/517 1697/3211/1697 2955/3213/2955
vt 0.954018 0.356430
vt 0.954020 0.356422
f 2946/3211/2946 3438/8421/3438 559/8422/559
vt 0.954018 0.356415
f 2955/3213/2955 2946/3212/2946 802/8423/802
vt 0.374745 0.453329
vt 0.374757 0.453318
vt 0.374754 0.453321
f 2939/8424/2939 2931/8425/2931 2483/8426/2483
vt 0.374768 0.453307
vt 0.374765 0.453310
f 2931/8425/2931 1671/8427/1671 2483/8428/2483
vt 0.374762 0.453313
f 2939/8426/2939 2483/8428/2483 2113/8429/2113
vt 0.476093 0.992695
f 607/8430/607 2435/3214/2435 2956/3216/2956
vt 0.476089 0.992691
f 1420/3216/1420 2226/3215/2226 3208/8431/3208
f 774/8307/774 2923/3118/2923 2957/3218/2957
vt 0.779564 0.899891
f 2923/3118/2923 20/8432/20 2137/3217/2137
vt 0.779572 0.899887
f 2957/3218/2957 2137/3217/2137 852/8433/852
vt 0.374564 0.453347
f 2833/8434/2833 2754/3219/2754 2215/3221/2215
f 2754/3219/2754 196/8406/196 2217/3220/2217
vt 0.374573 0.453339
f 2215/3221/2215 2217/3220/2217 634/8435/634
vt 0.476086 0.992733
f 607/8436/607 2956/3222/2956 2198/3224/2198
f 2198/3224/2198 640/3223/640 220/8431/220
vt 0.000732 0.612152
f 233/8437/233 2485/3225/2485 2690/3227/2690
vt 0.000610 0.611938
f 2485/3225/2485 2060/8438/2060 2391/3226/2391
vt 0.000732 0.612122
f 2690/3227/2690 2391/3226/2391 89/8439/89
vt 0.531691 0.280787
vt 0.531689 0.280790
vt 0.531686 0.280795
f 219/8440/219 1796/8441/1796 775/8442/775
vt 0.482586 0.429146
f 521/8443/521 2643/3228/2643 2958/3230/2958
f 2643/3228/2643 1670/7423/1670 1709/3229/1709
vt 0.482586 0.429146
f 2958/3230/2958 1709/3229/1709 147/8444/147
f 2644/3231/2644 521/8443/521 2958/3230/2958
f 2702/3232/2702 2958/3230/2958 147/8444/147
vt 0.175961 0.760296
f 679/8445/679 2951/3233/2951 2895/3235/2895
vt 0.175957 0.760307
f 2951/3233/2951 2154/8446/2154 2155/3234/2155
vt 0.175953 0.760303
f 2895/3235/2895 2155/3234/2155 927/8447/927
vt 0.660339 0.998211
vt 0.660355 0.998204
f 2824/3236/2824 397/8448/397 3424/8449/3424
vt 0.660400 0.998184
f 2952/3238/2952 2887/3237/2887 398/8450/398
vt 0.619745 0.052629
f 123/8451/123 1643/3239/1643 2581/3241/2581
vt 0.462807 0.678131
f 1949/8317/1949 306/8316/306 1962/8452/1962
vt 0.462786 0.678156
vt 0.462769 0.678177
f 2166/8453/2166 1962/8452/1962 307/8454/307
vt 0.953995 0.356445
f 517/8455/517 2955/3242/2955 1544/3244/1544
vt 0.953979 0.356445
f 2955/3242/2955 802/8456/802 2130/3243/2130
vt 0.954041 0.356323
f 1544/3244/1544 2130/3243/2130 560/8457/560
f 622/5493/622 1737/3245/1737 2152/3247/2152
f 1737/3245/1737 534/8374/534 1741/3246/1741
vt 0.583717 0.000011
f 2152/3247/2152 1741/3246/1741 1755/8458/1755
vt 0.812965 0.778984
f 821/8459/821 1288/3248/1288 2959/3250/2959
vt 0.812973 0.779007
f 2959/3250/2959 461/3249/461 105/8460/105
vt 0.173225 0.763588
vt 0.173210 0.763603
vt 0.173222 0.763584
f 3229/8461/3229 441/8462/441 2129/8463/2129
vt 0.173237 0.763569
vt 0.173233 0.763565
f 1970/8464/1970 2129/8463/2129 308/8465/308
vt 0.309624 0.690403
vt 0.309614 0.690415
f 3299/8466/3299 728/8467/728 476/3253/476
f 1813/5697/1813 1847/1131/1847 2962/3255/2962
f 1847/1131/1847 561/5696/561 2961/3254/2961
vt 0.048888 0.381373
f 2962/3255/2962 2961/3254/2961 730/8468/730
vt 0.912479 0.001278
vt 0.912448 0.001294
f 3340/8469/3340 2963/8470/2963 604/1492/604
vt 0.310081 0.689991
f 845/7163/845 2964/3256/2964 3359/8471/3359
vt 0.310059 0.690018
f 2964/3256/2964 773/8472/773 2965/3257/2965
f 515/7227/515 2966/3259/2966 778/3261/778
vt 0.768438 0.256924
f 2966/3259/2966 705/8473/705 2586/3260/2586
vt 0.842308 0.436047
f 651/8474/651 2762/3262/2762 2967/3264/2967
vt 0.842312 0.436050
f 2762/3262/2762 661/8475/661 2757/3263/2757
vt 0.842316 0.436058
f 2967/3264/2967 2757/3263/2757 734/8476/734
vt 0.879385 0.531250
vt 0.879387 0.531250
vt 0.879396 0.531250
f 2968/8477/2968 801/8478/801 2969/8479/2969
vt 0.879394 0.531250
vt 0.879404 0.531250
f 2968/8480/2968 2969/8479/2969 2593/8481/2593
vt 0.758444 0.570084
f 637/8482/637 2741/3265/2741 2366/3267/2366
f 2741/3265/2741 97/7688/97 2970/3266/2970
vt 0.758427 0.570099
f 2366/3267/2366 2970/3266/2970 669/8483/669
vt 0.842318 0.436058
f 651/8484/651 2967/3268/2967 2944/3270/2944
vt 0.842323 0.436066
f 2967/3268/2967 734/8485/734 3413/3269/3413
vt 0.782585 0.999554
vt 0.782623 0.999527
f 795/7987/795 2866/8486/2866 782/8487/782
vt 0.523105 0.815794
vt 0.523099 0.815790
vt 0.523098 0.815788
f 2579/8488/2579 780/8489/780 793/8490/793
vt 0.364258 0.989899
f 198/8491/198 1939/3271/1939 2035/3273/2035
vt 0.364273 0.989929
f 1939/3271/1939 777/8492/777 2901/3272/2901
vt 0.364258 0.989929
f 2035/3273/2035 2901/3272/2901 2435/8493/2435
vt 0.879407 0.531250
f 801/8494/801 2971/3274/2971 2969/3276/2969
vt 0.879425 0.531250
f 2971/3274/2971 2945/8495/2945 2944/3275/2944
vt 0.879406 0.531250
f 2969/3276/2969 2944/3275/2944 3413/8496/3413
vt 0.181340 0.593245
f 728/8497/728 2751/3277/2751 2960/3279/2960
f 2751/3277/2751 197/7719/197 2972/3278/2972
vt 0.181341 0.593244
vt 0.181339 0.593246
f 2535/3279/2535 2960/8498/2960 186/8499/186
vt 0.430033 0.699466
vt 0.430027 0.699461
vt 0.430029 0.699460
f 3447/8500/3447 2277/8501/2277 3445/8502/3445
vt 0.430031 0.699459
vt 0.430019 0.699450
vt 0.430023 0.699448
f 2270/8503/2270 3445/8504/3445 3276/8505/3276
vt 0.523081 0.815758
vt 0.523079 0.815759
vt 0.523077 0.815758
f 562/8506/562 1849/8507/1849 3222/8508/3222
vt 0.768435 0.256855
f 705/8509/705 2966/3280/2966 2973/3281/2973
f 2966/3280/2966 515/7257/515 2567/2273/2567
f 2973/3281/2973 2567/2273/2567 498/7256/498
vt 0.182549 0.588348
f 1715/3284/1715 299/3283/299 772/8510/772
f 15/653/15 1268/652/1268 2974/653/2974
f 1268/652/1268 742/5081/742 2090/652/2090
f 2974/653/2974 2090/652/2090 419/653/419
vt 0.999817 0.221405
f 408/8511/408 2975/3285/2975 1024/3287/1024
vt 0.999847 0.221298
f 2975/3285/2975 276/8512/276 3189/3286/3189
vt 0.999832 0.221367
f 1024/3287/1024 3189/3286/3189 1022/8513/1022
vt 0.048889 0.381391
f 2990/8514/2990 2783/3288/2783 2752/3290/2752
vt 0.048889 0.381287
f 2783/3288/2783 1813/8515/1813 2962/3289/2962
vt 0.048889 0.381409
f 2752/3290/2752 2962/3289/2962 730/8516/730
vt 0.181329 0.593253
vt 0.181332 0.593250
vt 0.181330 0.593252
f 2750/8517/2750 3186/8518/3186 1093/8519/1093
vt 0.181324 0.593259
vt 0.181325 0.593258
f 2750/8520/2750 1093/8519/1093 189/8521/189
vt 0.432240 0.080681
f 481/8522/481 2902/3291/2902 2976/3293/2976
vt 0.432161 0.080730
f 2902/3291/2902 706/8523/706 2878/3292/2878
vt 0.432136 0.080744
f 2976/3293/2976 2878/3292/2878 797/8524/797
vt 0.753639 0.250484
vt 0.753635 0.250483
vt 0.753651 0.250486
f 859/8525/859 3368/8526/3368 467/8527/467
vt 0.912079 0.001923
vt 0.912048 0.001923
f 848/8528/848 2977/3294/2977 533/8529/533
vt 0.173724 0.763095
f 3249/8530/3249 2978/3297/2978 3229/3299/3229
vt 0.173683 0.763161
f 2978/3297/2978 600/8531/600 2414/3298/2414
vt 0.520416 0.818604
f 3318/3300/3318 688/8532/688 2979/3301/2979
vt 0.520447 0.818542
f 2980/3302/2980 2979/3301/2979 687/8533/687
vt 0.175491 0.757538
f 530/8534/530 2981/3303/2981 2982/3305/2982
vt 0.175480 0.757542
f 2981/3303/2981 1036/8535/1036 1035/3304/1035
vt 0.175501 0.757532
f 2982/3305/2982 1035/3304/1035 3326/8536/3326
f 239/7563/239 2694/3306/2694 1588/3308/1588
f 2694/3306/2694 781/7566/781 2802/3307/2802
vt 0.998749 0.732971
f 1588/3308/1588 2802/3307/2802 731/8537/731
vt 0.235455 0.512844
vt 0.235448 0.512856
vt 0.235436 0.512876
f 791/8538/791 302/8539/302 2774/8540/2774
vt 0.911949 0.001945
vt 0.911929 0.001946
f 2977/8541/2977 2963/3310/2963 3340/8542/3340
vt 0.880407 0.531250
vt 0.880408 0.531250
vt 0.880408 0.531250
f 2968/8543/2968 703/8544/703 3223/8545/3223
vt 0.235183 0.513207
vt 0.235183 0.513207
vt 0.235181 0.513209
f 3182/8546/3182 3277/8547/3277 2983/8548/2983
vt 0.235183 0.513208
vt 0.235181 0.513209
f 3277/8547/3277 205/8549/205 3090/8550/3090
vt 0.855968 0.298830
f 677/8551/677 2984/3312/2984 2936/3314/2936
vt 0.855957 0.298828
f 2984/3312/2984 414/8552/414 1394/3313/1394
vt 0.040863 0.999924
vt 0.040771 0.999939
vt 0.040791 0.999933
f 2985/8553/2985 3/8554/3 3286/8555/3286
f 2930/3315/2930 3331/8348/3331 3404/3316/3404
vt 0.767159 0.256363
f 2986/3318/2986 705/8556/705 2973/3319/2973
vt 0.767159 0.256348
f 1629/3320/1629 2973/3319/2973 498/8557/498
vt 0.758421 0.570114
f 2970/3322/2970 97/8558/97 1592/3323/1592
vt 0.758415 0.570129
f 29/8559/29 1592/3323/1592 97/8558/97
vt 0.755005 0.251701
f 275/8560/275 1100/3324/1100 2912/3326/2912
vt 0.755127 0.251678
f 1100/3324/1100 2703/8561/2703 544/3325/544
f 414/6884/414 2984/3327/2984 2422/3329/2422
f 2984/3327/2984 677/6886/677 2987/3328/2987
f 2422/3329/2422 2987/3328/2987 783/2014/783
vt 0.855980 0.298832
vt 0.855984 0.298830
vt 0.855991 0.298834
f 783/8562/783 2987/8563/2987 1393/8564/1393
vt 0.855988 0.298828
vt 0.855995 0.298832
f 2987/8563/2987 677/8565/677 1393/8566/1393
vt 0.156989 0.266580
f 2990/8567/2990 2988/3330/2988 2783/3332/2783
vt 0.543541 0.266935
vt 0.543537 0.266935
vt 0.543541 0.266933
f 350/8568/350 2989/8569/2989 3355/8570/3355
vt 0.048887 0.381970
f 800/8571/800 1699/3333/1699 2990/3335/2990
vt 0.048886 0.381974
f 1699/3333/1699 519/8572/519 2988/3334/2988
f 510/8560/510 1678/3336/1678 1099/3324/1099
vt 0.754883 0.251709
f 1678/3336/1678 485/8573/485 2388/3337/2388
f 1099/3324/1099 2388/3337/2388 2703/8561/2703
vt 0.236355 0.511580
vt 0.236351 0.511584
f 2991/8574/2991 2716/3339/2716 816/8575/816
vt 0.989868 0.233826
f 677/8576/677 1366/3341/1366 1393/3343/1393
vt 0.989868 0.233765
f 1366/3341/1366 229/8577/229 2475/3342/2475
vt 0.989929 0.233826
f 1393/3343/1393 2475/3342/2475 668/8578/668
vt 0.522930 0.816032
f 2993/3345/2993 793/8579/793 2994/3346/2994
vt 0.522940 0.816036
f 793/8579/793 2993/3345/2993 687/8580/687
vt 0.523002 0.815695
vt 0.522999 0.815694
vt 0.523000 0.815691
f 1850/8581/1850 3388/8582/3388 3386/8583/3386
vt 0.523003 0.815689
f 2580/2301/2580 380/7287/380 3386/8584/3386
vt 0.523006 0.815697
f 1850/8581/1850 3386/8584/3386 1988/8585/1988
vt 0.173819 0.762899
f 3249/8586/3249 1241/3347/1241 2978/3349/2978
vt 0.173809 0.762920
f 1241/3347/1241 142/8587/142 2509/3348/2509
vt 0.173805 0.762917
f 2978/3349/2978 2509/3348/2509 600/8588/600
vt 0.236137 0.511939
vt 0.236135 0.511941
vt 0.236139 0.511934
f 2067/8589/2067 2995/8590/2995 491/8591/491
vt 0.236215 0.511681
f 791/8592/791 2996/3350/2996 302/3352/302
vt 0.236217 0.511678
f 2996/3350/2996 491/8593/491 2995/3351/2995
vt 0.176769 0.756096
f 530/8594/530 2982/3353/2982 2997/3355/2997
vt 0.176773 0.756088
f 2982/3353/2982 3326/8595/3326 2337/3354/2337
vt 0.176781 0.756088
f 2997/3355/2997 2337/3354/2337 348/8596/348
vt 0.184423 0.587761
f 592/8597/592 2913/3356/2913 2917/3358/2917
vt 0.184433 0.587769
f 2913/3356/2913 238/8598/238 2734/3357/2734
f 2917/3358/2917 2734/3357/2734 772/8276/772
vt 0.172986 0.993056
f 2998/8599/2998 2168/3361/2168 468/3365/468
vt 0.322906 0.281586
vt 0.322891 0.281586
vt 0.322884 0.281578
f 138/8600/138 2711/8601/2711 43/8602/43
vt 0.556564 0.705091
vt 0.556572 0.705092
f 785/8603/785 2999/3362/2999 2434/8604/2434
vt 0.556580 0.705086
f 2999/3362/2999 121/8605/121 2640/3363/2640
vt 0.172978 0.993061
f 2998/8606/2998 468/3102/468 1958/3366/1958
vt 0.000320 0.422226
f 165/8607/165 1342/3367/1342 2332/3369/2332
vt 0.000305 0.422241
f 1342/3367/1342 25/8608/25 1920/3368/1920
vt 0.000320 0.422226
f 2332/3369/2332 1920/3368/1920 389/8609/389
vt 0.387394 0.122143
f 43/8610/43 2935/3370/2935 2321/3372/2321
vt 0.387422 0.122165
f 2935/3370/2935 721/8611/721 3001/3371/3001
vt 0.387396 0.122149
f 2321/3372/2321 3001/3371/3001 369/8612/369
vt 0.387424 0.122173
f 369/8613/369 3001/3373/3001 2140/3375/2140
vt 0.387438 0.122183
f 3001/3373/3001 721/8614/721 3002/3374/3002
vt 0.387426 0.122179
f 2140/3375/2140 3002/3374/3002 2139/8615/2139
f 15/3377/15 2974/3376/2974 2548/3377/2548
f 2974/3376/2974 419/7897/419 1402/3376/1402
f 2548/3377/2548 1402/3376/1402 1003/3377/1003
vt 0.999795 0.851991
vt 0.999783 0.851986
vt 0.999792 0.851980
f 1180/8616/1180 420/8617/420 763/8618/763
vt 0.999788 0.852007
f 420/8617/420 1180/8616/1180 421/8619/421
vt 0.555932 0.705078
f 3003/3380/3003 3439/8620/3439 1951/3378/1951
vt 0.184437 0.587753
f 592/8621/592 1152/3381/1152 2296/3383/2296
vt 0.184444 0.587753
f 1152/3381/1152 303/8622/303 2046/3382/2046
vt 0.184448 0.587769
f 2296/3383/2296 2046/3382/2046 2574/8623/2574
vt 0.220116 0.001694
f 531/8624/531 2817/3384/2817 2759/3386/2759
vt 0.220150 0.001732
f 2817/3384/2817 789/8625/789 3004/3385/3004
vt 0.220117 0.001696
f 2759/3386/2759 3004/3385/3004 851/8626/851
vt 0.544096 0.266549
vt 0.544095 0.266550
vt 0.544096 0.266545
f 350/8627/350 3423/8628/3423 3005/8629/3005
vt 0.172901 0.993137
vt 0.172900 0.993138
f 2911/3387/2911 984/8630/984 3194/8631/3194
vt 0.172895 0.993139
f 2998/3389/2998 3194/3388/3194 308/8632/308
vt 0.244216 0.756944
vt 0.244218 0.756942
vt 0.244216 0.756945
f 3006/8633/3006 631/8634/631 2905/8635/2905
vt 0.244217 0.756951
vt 0.244217 0.756955
vt 0.244217 0.756955
f 2718/8636/2718 758/8637/758 2162/8638/2162
vt 0.244216 0.756951
vt 0.244216 0.756956
f 3006/8639/3006 2162/8638/2162 631/8640/631
vt 0.839572 0.427842
f 343/8641/343 3007/3390/3007 3008/3392/3008
vt 0.839555 0.427852
f 3007/3390/3007 3190/8642/3190 1192/3391/1192
vt 0.469513 0.000015
f 252/8643/252 2342/3393/2342 3010/3395/3010
vt 0.469299 0.000031
f 2342/3393/2342 787/8644/787 3009/3394/3009
vt 0.469482 0.000000
f 3010/3395/3010 3009/3394/3009 180/8645/180
vt 0.984375 0.571930
f 828/8646/828 3011/3396/3011 3014/3398/3014
vt 0.984375 0.572083
f 3011/3396/3011 1494/8647/1494 2649/3397/2649
vt 0.984375 0.571838
f 3014/3398/3014 3012/3397/3012 1802/8648/1802
vt 0.536308 0.273149
vt 0.536305 0.273147
vt 0.536310 0.273146
f 1339/8649/1339 645/8650/645 3305/8651/3305
vt 0.536312 0.273148
vt 0.536311 0.273147
vt 0.536315 0.273145
f 2487/8652/2487 3305/8653/3305 548/8654/548
vt 0.998848 0.732895
f 249/8655/249 1589/3399/1589 882/3401/882
vt 0.998810 0.732849
f 882/3401/882 1406/3400/1406 1405/8656/1405
f 27/8645/27 3010/3404/3010 3013/3403/3013
vt 0.469269 0.000015
f 3010/3404/3010 27/8645/27 252/8657/252
f 672/5237/672 1553/3405/1553 2525/3407/2525
vt 0.984375 0.562798
f 1553/3405/1553 469/8658/469 1551/3406/1551
f 2525/3407/2525 1551/3406/1551 994/7137/994
vt 0.181094 0.592901
vt 0.181095 0.592896
vt 0.181099 0.592880
f 2717/8659/2717 2972/8660/2972 197/8661/197
vt 0.175440 0.757563
f 530/8662/530 3015/3408/3015 3016/3410/3016
vt 0.175419 0.757572
f 3015/3408/3015 523/8663/523 1718/3409/1718
vt 0.175439 0.757562
f 3016/3410/3016 1718/3409/1718 297/8664/297
f 785/7185/785 2546/2232/2546 2999/3412/2999
f 2546/2232/2546 683/7184/683 2858/3411/2858
vt 0.631314 0.781490
f 2999/3412/2999 2858/3411/2858 121/8665/121
vt 0.631316 0.781488
f 2547/3413/2547 785/8666/785 1902/3414/1902
vt 0.631317 0.781494
f 1927/3415/1927 1902/3414/1902 33/8667/33
vt 0.998932 0.357590
vt 0.998947 0.357628
vt 0.998924 0.357578
f 334/8668/334 2195/8669/2195 3017/8670/3017
f 2195/8669/2195 333/3416/333 3017/3418/3017
vt 0.998932 0.357605
f 10/8671/10 1192/3418/1192 3017/3417/3017
vt 0.998917 0.357567
f 1192/3418/1192 10/8671/10 3008/8672/3008
vt 0.240705 0.761780
vt 0.240718 0.761787
vt 0.240704 0.761780
f 2453/8673/2453 1528/8674/1528 786/8675/786
vt 0.485352 0.992920
f 714/8676/714 2653/3419/2653 3019/3421/3019
vt 0.485321 0.992737
f 2653/3419/2653 85/8677/85 3018/3420/3018
f 3019/3421/3019 3018/3420/3018 788/3547/788
vt 0.766724 0.252747
f 2986/8678/2986 3020/3422/3020 3045/3424/3045
vt 0.766724 0.252716
f 3020/3422/3020 2566/8679/2566 2852/3423/2852
vt 0.766739 0.252716
f 3045/3424/3045 2852/3423/2852 513/8680/513
vt 0.766693 0.252838
f 2566/8681/2566 3020/3425/3020 2552/3427/2552
vt 0.766708 0.252838
f 3020/3425/3020 2986/8682/2986 1631/3426/1631
vt 0.766693 0.252869
f 2552/3427/2552 1631/3426/1631 745/8683/745
vt 0.681278 0.827560
f 2898/3428/2898 109/8684/109 2149/3429/2149
vt 0.681301 0.827530
f 1164/3430/1164 2149/3429/2149 323/8685/323
vt 0.473852 0.997132
f 594/8686/594 1990/3431/1990 2646/3433/2646
vt 0.473915 0.997078
f 1990/3431/1990 128/8687/128 922/3432/922
vt 0.473835 0.997147
f 2646/3433/2646 922/3432/922 576/8688/576
vt 0.235745 0.512938
vt 0.235747 0.512935
vt 0.235741 0.512947
f 2904/8689/2904 794/8690/794 2907/8691/2907
vt 0.235738 0.512950
vt 0.235734 0.512959
f 175/8692/175 2907/8691/2907 188/8693/188
vt 0.482195 0.429169
f 310/8694/310 1705/3434/1705 2765/3436/2765
vt 0.482194 0.429167
f 1705/3434/1705 287/8695/287 1340/3435/1340
vt 0.482197 0.429169
f 2765/3436/2765 1340/3435/1340 2487/8696/2487
vt 0.220108 0.001685
vt 0.220099 0.001677
vt 0.220073 0.001647
f 784/8697/784 789/8698/789 1636/8699/1636
vt 0.556580 0.704727
f 292/3437/292 589/8700/589 2081/3438/2081
vt 0.556580 0.704742
f 3021/3439/3021 2081/3438/2081 31/8701/31
vt 0.430000 0.699474
vt 0.429996 0.699476
vt 0.429996 0.699469
f 3276/8702/3276 3445/8703/3445 2206/8704/2206
vt 0.429993 0.699478
vt 0.429993 0.699471
f 3445/8703/3445 2194/8705/2194 2206/8706/2206
vt 0.633024 0.408401
vt 0.633015 0.408417
f 1108/3442/1108 3022/8707/3022 286/8708/286
f 255/6939/255 2452/3443/2452 3024/3445/3024
vt 0.556213 0.705017
f 2452/3443/2452 292/8709/292 3023/3444/3023
vt 0.556213 0.705013
f 3024/3445/3024 3023/3444/3023 790/8710/790
vt 0.556183 0.705051
f 790/8711/790 3023/3446/3023 2908/3448/2908
vt 0.556213 0.705032
f 3023/3446/3023 292/8712/292 3021/3447/3021
vt 0.556152 0.705078
f 2908/3448/2908 3021/3447/3021 31/8713/31
vt 0.367752 0.458611
f 634/8714/634 3025/3449/3025 3026/3451/3026
vt 0.367748 0.458609
f 3025/3449/3025 391/8715/391 2791/3450/2791
vt 0.367760 0.458599
f 3026/3451/3026 2791/3450/2791 442/8716/442
vt 0.236726 0.511390
f 791/8717/791 3027/3452/3027 2996/3454/2996
vt 0.236712 0.511412
f 3027/3452/3027 3402/8718/3402 2904/3453/2904
vt 0.236726 0.511388
f 2996/3454/2996 2904/3453/2904 491/8719/491
vt 0.364288 0.989853
vt 0.364296 0.989857
vt 0.364273 0.989861
f 3403/8720/3403 3416/8721/3416 296/8722/296
f 791/8717/791 2837/3455/2837 3027/3457/3027
vt 0.236712 0.511413
f 2837/3455/2837 754/8723/754 3402/3456/3402
vt 0.763701 0.564678
f 353/8724/353 3028/3458/3028 3029/3460/3029
vt 0.763704 0.564682
f 3028/3458/3028 2945/8725/2945 2971/3459/2971
vt 0.763689 0.564682
f 3029/3460/3029 2971/3459/2971 801/8726/801
vt 0.367750 0.458602
f 634/8727/634 3026/3461/3026 2216/3463/2216
vt 0.367752 0.458595
f 3026/3461/3026 442/8728/442 1797/3462/1797
f 2216/3463/2216 1797/3462/1797 219/8716/219
vt 0.432065 0.080778
f 481/8729/481 2419/3464/2419 3030/3466/3030
vt 0.432137 0.080734
f 3030/3466/3030 2307/3465/2307 76/8730/76
vt 0.766796 0.252445
vt 0.766790 0.252443
vt 0.766806 0.252443
f 2537/8731/2537 2566/8732/2566 2552/8733/2552
vt 0.782974 0.999184
f 63/8734/63 1353/3469/1353 3031/3468/3031
f 1353/3469/1353 63/8734/63 795/4882/795
vt 0.988541 0.231461
vt 0.988525 0.231476
vt 0.988525 0.231461
f 1060/8735/1060 3224/8736/3224 3324/8737/3324
vt 0.556152 0.705063
f 8/8738/8 2333/3470/2333 1427/3472/1427
vt 0.556198 0.705036
f 2333/3470/2333 255/8739/255 3024/3471/3024
vt 0.556183 0.705048
f 1427/3472/1427 3024/3471/3024 790/8740/790
vt 0.522943 0.816040
vt 0.522941 0.816039
vt 0.522944 0.816040
f 812/8741/812 2994/8742/2994 2470/8743/2470
vt 0.522942 0.816039
f 2994/8742/2994 793/8025/793 2850/8744/2850
f 347/7165/347 2540/2218/2540 2950/3474/2950
f 2540/2218/2540 792/7167/792 2587/3473/2587
vt 0.174812 0.761116
f 2950/3474/2950 2587/3473/2587 2154/8745/2154
vt 0.323628 0.282647
f 796/8746/796 2273/3475/2273 3032/3477/3032
vt 0.323650 0.282650
f 2273/3475/2273 440/8747/440 3052/3476/3052
vt 0.323640 0.282649
f 3032/3477/3032 3052/3476/3052 2933/8748/2933
vt 0.004095 0.495634
f 300/8749/300 1730/3478/1730 434/3480/434
f 76/8522/76 3420/3293/3420 3184/3482/3184
vt 0.432110 0.080757
f 3030/3482/3030 3184/3481/3184 2902/8750/2902
vt 0.522865 0.815688
f 793/8751/793 2282/3485/2282 2579/3484/2579
vt 0.522881 0.815689
f 2282/3485/2282 793/8751/793 687/8752/687
vt 0.656891 0.999757
vt 0.656891 0.999756
vt 0.656906 0.999751
f 2040/8753/2040 3034/8754/3034 1324/8755/1324
f 36/3489/36 432/3486/432 3033/3488/3033
vt 0.621147 0.052193
vt 0.621149 0.052193
vt 0.621145 0.052195
f 622/8756/622 3367/8757/3367 3387/8758/3387
vt 0.621151 0.052193
vt 0.621147 0.052195
f 3367/8757/3367 199/8759/199 1642/8760/1642
vt 0.203197 0.061989
f 2789/3493/2789 3035/3492/3035 808/8761/808
vt 0.532745 0.273284
vt 0.532746 0.273276
f 2777/8762/2777 3036/8763/3036 240/7810/240
vt 0.989937 0.233353
vt 0.989948 0.233345
vt 0.989964 0.233376
f 567/8764/567 2474/8765/2474 2529/8766/2529
vt 0.989975 0.233368
vt 0.989977 0.233387
f 2529/8766/2529 2474/8767/2474 1009/8768/1009
vt 0.176696 0.756618
f 262/8769/262 1731/3494/1731 3037/3496/3037
vt 0.176693 0.756618
f 1731/3494/1731 836/8770/836 2150/3495/2150
f 3037/3496/3037 2150/3495/2150 523/5487/523
vt 0.177503 0.756864
f 282/8771/282 3038/3497/3038 1245/3499/1245
vt 0.177505 0.756851
f 3038/3497/3038 792/8772/792 2539/3498/2539
vt 0.177509 0.756855
f 1245/3499/1245 2539/3498/2539 50/8773/50
vt 0.802185 0.984619
f 370/8774/370 2262/3503/2262 3234/3505/3234
vt 0.802185 0.984375
f 2262/3503/2262 337/8775/337 2523/3504/2523
vt 0.802216 0.984619
f 3234/3505/3234 2523/3504/2523 94/8776/94
vt 0.527554 0.628086
vt 0.527557 0.628098
vt 0.527553 0.628087
f 193/8777/193 542/8778/542 3039/8779/3039
vt 0.527555 0.628093
vt 0.527554 0.628090
vt 0.527556 0.628095
f 2805/8780/2805 2859/8781/2859 542/8782/542
f 2274/3506/2274 796/7344/796 2609/3507/2609
vt 0.532751 0.273257
f 3040/3508/3040 2609/3507/2609 240/8783/240
vt 0.497712 0.509401
f 839/8784/839 3041/3509/3041 2005/3511/2005
vt 0.497714 0.509402
f 3041/3509/3041 798/8785/798 3042/3510/3042
vt 0.497710 0.509410
f 2005/3511/2005 3042/3510/3042 305/8786/305
vt 0.001343 0.114867
f 3043/3513/3043 529/8787/529 3044/3514/3044
vt 0.001282 0.114928
f 810/8788/810 3044/3514/3044 529/8787/529
vt 0.527550 0.628090
f 315/8789/315 1334/3515/1334 1301/3517/1301
vt 0.527552 0.628096
f 1334/3515/1334 193/8790/193 56/3516/56
vt 0.203230 0.062107
vt 0.203229 0.062140
vt 0.203225 0.062147
f 75/8791/75 1649/8792/1649 799/8793/799
vt 0.953918 0.356323
vt 0.953918 0.356384
vt 0.953888 0.356445
f 234/8794/234 2130/8795/2130 802/8796/802
vt 0.784782 0.998913
f 356/8797/356 2135/3518/2135 3242/3520/3242
f 2135/3518/2135 395/6253/395 2865/3519/2865
vt 0.784729 0.998932
f 3242/3520/3242 2865/3519/2865 62/8798/62
vt 0.767348 0.253865
f 510/8799/510 2585/3521/2585 1679/3523/1679
vt 0.767351 0.253849
f 2585/3521/2585 705/8800/705 3045/3522/3045
vt 0.767350 0.253862
f 1679/3523/1679 3045/3522/3045 513/8801/513
f 708/8783/708 2697/3524/2697 3036/3526/3036
f 2697/3524/2697 2274/2357/2274 3040/3525/3040
f 3036/3526/3036 3040/3525/3040 240/7343/240
vt 0.990074 0.230591
f 227/8802/227 1519/3527/1519 2477/3529/2477
vt 0.990082 0.230591
f 1519/3527/1519 95/8803/95 3046/3528/3046
vt 0.990021 0.230713
f 2477/3529/2477 3046/3528/3046 408/8804/408
vt 0.857468 0.986343
vt 0.857456 0.986340
f 94/8805/94 1233/3530/1233 2353/8806/2353
vt 0.857483 0.986511
f 1233/3530/1233 362/8807/362 2629/3531/2629
vt 0.784378 0.999153
vt 0.784485 0.999054
f 3242/8808/3242 396/8809/396 3048/3534/3048
f 3047/3535/3047 3048/3534/3048 396/8809/396
vt 0.374768 0.453308
vt 0.374764 0.453312
vt 0.374766 0.453310
f 3041/8810/3041 839/8811/839 2113/8812/2113
vt 0.857605 0.986267
vt 0.857605 0.986389
vt 0.857597 0.986366
f 3237/8813/3237 1912/8814/1912 3234/8815/3234
vt 0.857590 0.986221
vt 0.857590 0.986282
vt 0.857574 0.986298
f 2353/8816/2353 3237/8817/3237 94/8818/94
f 353/3537/353 3049/3536/3049 2826/3537/2826
vt 0.879111 0.531250
f 3049/3536/3049 627/8819/627 3050/3536/3050
f 2826/3537/2826 3050/3536/3050 77/3537/77
vt 0.988922 0.232910
f 229/8820/229 1365/3538/1365 2476/3540/2476
vt 0.988892 0.232910
f 2476/3540/2476 1059/3539/1059 227/8821/227
f 402/7322/402 2495/3541/2495 2528/3543/2528
f 2495/3541/2495 277/7324/277 2597/3542/2597
vt 0.999023 0.232422
f 2528/3543/2528 2597/3542/2597 567/8822/567
vt 0.875837 0.378899
vt 0.875830 0.378899
f 698/7498/698 2672/8823/2672 3440/8824/3440
vt 0.875824 0.378906
vt 0.875816 0.378906
f 2672/8823/2672 811/8825/811 3440/8826/3440
vt 0.521484 0.818054
f 595/8827/595 2281/3544/2281 1996/3546/1996
vt 0.521469 0.818024
f 2281/3544/2281 687/8828/687 2979/3545/2979
vt 0.521484 0.817993
f 1996/3546/1996 2979/3545/2979 688/8829/688
vt 0.485352 0.992676
f 714/8676/714 3019/3421/3019 311/8830/311
f 1248/3548/1248 311/8830/311 3019/3421/3019
vt 0.768463 0.256638
vt 0.768464 0.256639
vt 0.768459 0.256645
f 2986/8831/2986 3045/8832/3045 705/8833/705
vt 0.666504 0.997314
f 1324/3551/1324 3034/3550/3034 383/8834/383
vt 0.555202 0.705636
vt 0.555218 0.705625
vt 0.555197 0.705641
f 3051/8835/3051 748/8836/748 1954/8837/1954
vt 0.532928 0.272465
f 179/8838/179 2623/3552/2623 962/72/962
vt 0.532929 0.272462
f 2623/3552/2623 1454/8839/1454 1120/3553/1120
f 962/72/962 1120/3553/1120 295/4298/295
vt 0.555227 0.705618
f 551/8840/551 3051/3554/3051 979/3556/979
vt 0.555237 0.705612
f 3051/3554/3051 1954/8841/1954 2451/3555/2451
vt 0.555176 0.705658
f 979/3556/979 2451/3555/2451 255/8842/255
vt 0.485168 0.996338
f 85/8843/85 1356/3557/1356 3018/3559/3018
vt 0.485168 0.996216
f 1356/3557/1356 3406/8844/3406 1101/3558/1101
vt 0.485229 0.996094
f 3018/3559/3018 1101/3558/1101 788/8845/788
vt 0.327057 0.282066
f 858/8846/858 3052/3560/3052 3053/3562/3053
vt 0.000000 0.114502
f 810/3565/810 3054/3564/3054 496/8847/496
vt 0.999969 0.226196
f 403/8848/403 3055/3566/3055 1363/4904/1363
f 3056/3568/3056 1363/4904/1363 3055/3566/3055
vt 0.984375 0.564606
f 1802/8849/1802 3012/3569/3012 3057/3571/3057
vt 0.984375 0.564636
f 3012/3569/3012 3011/8850/3011 2649/3570/2649
vt 0.323613 0.282639
f 2064/8851/2064 2052/3572/2052 3058/3574/3058
vt 0.323611 0.282639
f 3058/3574/3058 615/3573/615 796/8852/796
vt 0.515640 0.816360
vt 0.515638 0.816360
vt 0.515640 0.816353
f 410/8853/410 3060/8854/3060 1374/8855/1374
vt 0.515639 0.816353
vt 0.515640 0.816349
f 1422/8855/1422 3060/8856/3060 3311/8857/3311
vt 0.218901 0.014651
vt 0.218901 0.014644
vt 0.218901 0.014641
f 2505/8858/2505 301/8859/301 3252/8860/3252
vt 0.218901 0.014649
vt 0.218901 0.014640
f 1647/8861/1647 2505/8860/2505 3252/8862/3252
vt 0.015581 0.285323
f 520/8863/520 2472/3575/2472 2752/3577/2752
vt 0.015580 0.285325
f 2472/3575/2472 800/8864/800 2990/3576/2990
vt 0.999985 0.224609
f 403/8865/403 2495/3578/2495 3055/3580/3055
vt 1.000000 0.224548
f 2495/3578/2495 402/8866/402 3061/3579/3061
vt 1.000000 0.224609
f 3055/3580/3055 3061/3579/3061 166/8867/166
vt 0.033203 1.000000
vt 0.032715 1.000000
vt 0.032227 1.000000
f 163/8868/163 3286/8869/3286 3062/8870/3062
vt 0.984375 0.572754
vt 0.984375 0.572815
f 1187/3581/1187 184/8871/184 804/8872/804
vt 0.523066 0.813931
f 480/8873/480 1655/3584/1655 978/3586/978
f 1655/3584/1655 503/5363/503 3063/3585/3063
vt 0.523067 0.813942
f 978/3586/978 3063/3585/3063 551/8874/551
vt 0.000000 0.114563
f 496/8875/496 3054/3587/3054 2089/3589/2089
vt 0.000000 0.114624
f 2089/3589/2089 2400/3588/2400 438/8876/438
vt 0.010712 0.075439
f 1510/8877/1510 1624/3590/1624 2088/3592/2088
vt 0.010506 0.075684
f 1624/3590/1624 494/8878/494 3064/3591/3064
vt 0.010605 0.075562
f 2088/3592/2088 3064/3591/3064 496/8879/496
vt 0.208439 0.917789
f 3448/3593/3448 807/8880/807 3065/3594/3065
vt 0.208441 0.917791
f 3066/3595/3066 3065/3594/3065 52/8881/52
f 804/7898/804 2819/3596/2819 1802/3597/1802
vt 0.119278 0.635710
f 530/8882/530 3016/3598/3016 2981/3600/2981
vt 0.119263 0.635714
f 3016/3598/3016 297/8883/297 2446/3599/2446
vt 0.119141 0.635742
f 2981/3600/2981 2446/3599/2446 1036/8884/1036
vt 0.875603 0.378754
vt 0.875592 0.378750
f 3067/3602/3067 811/8885/811 3204/8886/3204
vt 0.659060 0.998916
f 687/8887/687 2993/3604/2993 2980/3606/2980
vt 0.659059 0.998916
f 2993/3604/2993 812/8888/812 1913/3605/1913
vt 0.658966 0.998950
f 2980/3606/2980 1913/3605/1913 3318/8889/3318
vt 0.203138 0.060353
vt 0.203135 0.060337
vt 0.203143 0.060380
f 2069/8890/2069 3068/8891/3068 2896/8892/2896
vt 0.416245 0.990723
f 2008/3607/2008 447/8893/447 3069/3608/3069
vt 0.416252 0.990715
f 3069/3612/3069 3070/8893/3070 3205/8894/3205
vt 0.443481 0.085785
vt 0.443466 0.085728
vt 0.443481 0.085724
f 485/8895/485 1680/8896/1680 47/8897/47
vt 0.443420 0.085739
vt 0.443405 0.085728
vt 0.443420 0.085724
f 47/8898/47 1680/8899/1680 1770/8900/1770
vt 0.443390 0.085716
vt 0.443405 0.085712
f 1680/8899/1680 513/8901/513 1770/8902/1770
vt 0.000488 0.060791
vt 0.000366 0.060883
vt 0.000305 0.060898
f 38/8903/38 3072/8904/3072 2909/8905/2909
vt 0.000244 0.060944
vt 0.000214 0.060951
f 2909/8905/2909 3278/8906/3278 124/8907/124
vt 0.252678 0.173218
f 808/3613/808 3284/8908/3284 2322/3614/2322
vt 0.252678 0.173248
f 2788/3615/2788 2322/3614/2322 369/8909/369
vt 0.176768 0.756098
f 530/8910/530 262/3616/262 3015/3618/3015
vt 0.176764 0.756100
f 3015/3618/3015 3037/3617/3037 523/8911/523
f 262/3616/262 530/8910/530 2997/3619/2997
vt 0.176773 0.756096
f 3428/3620/3428 2997/3619/2997 348/8912/348
vt 0.218777 0.014721
vt 0.218778 0.014719
vt 0.218778 0.014722
f 3073/8913/3073 3284/8914/3284 808/8915/808
vt 0.218778 0.014726
vt 0.218778 0.014730
f 3073/8913/3073 808/8916/808 3035/8917/3035
vt 0.203132 0.060404
vt 0.203135 0.060424
vt 0.203135 0.060429
f 2789/8918/2789 2896/8919/2896 3068/8920/3068
vt 0.203133 0.060410
vt 0.203135 0.060434
f 2789/8921/2789 3068/8920/3068 2786/8922/2786
vt 0.001465 0.061035
f 1791/8923/1791 3072/3623/3072 3074/3622/3074
vt 0.001587 0.060852
f 3072/3623/3072 1791/8923/1791 3278/8924/3278
vt 0.218754 0.001183
vt 0.218758 0.001175
vt 0.218758 0.001205
f 1793/8925/1793 809/8926/809 124/8927/124
vt 0.706020 0.623737
f 3075/3624/3075 103/8928/103 3076/3625/3076
vt 0.706017 0.623726
f 241/3626/241 3076/3625/3076 646/8929/646
vt 0.327642 0.281292
vt 0.327644 0.281281
vt 0.327644 0.281288
f 3382/8930/3382 2914/8931/2914 3433/8932/3433
vt 0.528009 0.627917
vt 0.528008 0.627917
f 2744/8933/2744 3187/8934/3187 3279/3649/3279
vt 0.528008 0.627917
vt 0.528007 0.627917
f 1616/8935/1616 2744/3649/2744 3279/8936/3279
vt 0.001252 0.114959
vt 0.001221 0.114990
f 528/3512/528 3044/8937/3044 653/8938/653
vt 0.327641 0.281303
vt 0.327638 0.281294
f 2914/8939/2914 3382/3631/3382 3444/8940/3444
vt 0.010384 0.076073
f 496/8941/496 3064/3632/3064 3077/3634/3077
vt 0.010391 0.076050
f 3064/3632/3064 494/8942/494 2582/3633/2582
vt 0.010391 0.076065
f 3077/3634/3077 2582/3633/2582 653/8943/653
vt 0.875594 0.378744
vt 0.875593 0.378748
f 3440/8944/3440 811/3602/811 3067/8945/3067
vt 0.875590 0.378742
f 2662/8946/2662 3067/8945/3067 805/3601/805
vt 0.218771 0.001156
vt 0.218769 0.001137
vt 0.218771 0.001141
f 3078/8947/3078 124/8948/124 3278/8949/3278
vt 0.984375 0.562817
f 497/8950/497 3071/3635/3071 2417/3636/2417
f 3071/3635/3071 448/7139/448 2526/2197/2526
f 2417/3636/2417 2526/2197/2526 994/7138/994
vt 0.010399 0.076050
f 810/3637/810 496/8951/496 3077/3638/3077
vt 0.010406 0.076050
f 3044/3639/3044 3077/3638/3077 653/8952/653
vt 0.583965 0.679276
f 814/8953/814 1567/3640/1567 1424/3642/1424
vt 0.584000 0.679260
f 1567/3640/1567 427/8954/427 2605/3641/2605
vt 0.584030 0.679260
f 1424/3642/1424 2605/3641/2605 103/8955/103
vt 0.218750 0.001297
f 327/8956/327 1794/3643/1794 26/3645/26
vt 0.218758 0.001328
f 1794/3643/1794 124/8957/124 3078/3644/3078
vt 0.707184 0.624542
f 712/8958/712 1424/3646/1424 2641/3648/2641
vt 0.707165 0.624531
f 1424/3646/1424 103/8959/103 3075/3647/3075
vt 0.707153 0.624512
f 2641/3648/2641 3075/3647/3075 241/8960/241
vt 0.879401 0.531250
vt 0.879403 0.531250
vt 0.879402 0.531250
f 3029/8961/3029 801/8962/801 711/8963/711
vt 0.528007 0.627917
vt 0.528007 0.627917
f 2805/8964/2805 542/8965/542 2804/3651/2804
vt 0.528006 0.627918
vt 0.528004 0.627918
f 2427/3651/2427 3349/8966/3349 818/8967/818
vt 0.497718 0.509066
f 601/8968/601 3079/3652/3079 2480/3654/2480
vt 0.497719 0.509079
f 3079/3652/3079 818/8969/818 3080/3653/3080
vt 0.497713 0.509121
f 2480/3654/2480 3080/3653/3080 798/8970/798
f 2870/6520/2870 2891/3655/2891 2268/1744/2268
vt 0.798920 0.985229
f 2891/3655/2891 764/8971/764 2803/3656/2803
f 2268/1744/2268 2803/3656/2803 813/6521/813
vt 0.311359 0.688845
f 773/8972/773 2964/3657/2964 3197/3659/3197
vt 0.311306 0.688894
f 2964/3657/2964 845/8973/845 3081/3658/3081
vt 0.311361 0.688842
f 3197/3659/3197 3081/3658/3081 815/8974/815
vt 0.311248 0.688906
vt 0.311247 0.688908
vt 0.311253 0.688898
f 1646/8975/1646 3197/8976/3197 815/8977/815
vt 0.311256 0.688895
vt 0.311254 0.688897
vt 0.311260 0.688887
f 1605/8978/1605 1646/8979/1646 259/8980/259
f 711/3662/711 3049/3662/3049 3029/3661/3029
vt 0.879145 0.531250
f 3049/3662/3049 711/3662/711 627/8981/627
vt 0.226379 0.007751
vt 0.226410 0.007690
vt 0.226410 0.007706
f 3082/8982/3082 364/8983/364 2558/8984/2558
vt 0.403336 0.000023
f 180/8985/180 3083/3663/3083 3084/3665/3084
vt 0.403259 0.000031
f 3083/3663/3083 416/8986/416 1149/3664/1149
vt 0.403320 0.000000
f 3084/3665/3084 1149/3664/1149 18/8987/18
vt 0.225540 0.006943
vt 0.225555 0.006989
vt 0.225510 0.006973
f 1236/8988/1236 3188/8989/3188 3085/8990/3085
vt 0.225494 0.006927
vt 0.225464 0.006958
f 1015/8991/1015 3085/8990/3085 301/8992/301
vt 0.225647 0.007019
vt 0.225616 0.006989
vt 0.225693 0.007034
f 364/8993/364 1190/8994/1190 2558/8995/2558
vt 0.798729 0.985321
f 2870/8996/2870 2267/3666/2267 1886/3668/1886
vt 0.798767 0.985352
f 2267/3666/2267 407/8997/407 2315/3667/2315
vt 0.798706 0.985352
f 1886/3668/1886 2315/3667/2315 64/8998/64
vt 0.798370 0.986206
vt 0.798367 0.986252
vt 0.798355 0.986267
f 1884/8999/1884 2870/9000/2870 1886/9001/1886
vt 0.462330 0.678658
f 816/9002/816 2715/3669/2715 3087/3671/3087
vt 0.462341 0.678650
f 3087/3671/3087 1845/3670/1845 563/9003/563
vt 0.523987 0.630173
f 817/3672/817 818/9004/818 3079/3673/3079
vt 0.524033 0.630131
f 2019/3674/2019 3079/3673/3079 601/9005/601
vt 0.482005 0.429356
vt 0.482005 0.429356
vt 0.482005 0.429354
f 834/9006/834 2020/9007/2020 601/9008/601
vt 0.225357 0.007126
f 3188/9009/3188 3086/3675/3086 3085/3677/3085
vt 0.225281 0.007141
f 3086/3675/3086 610/9010/610 935/3676/935
vt 0.225342 0.007080
f 3085/3677/3085 935/3676/935 301/9011/301
vt 0.323425 0.281556
f 481/9012/481 2976/3678/2976 1593/3680/1593
vt 0.323423 0.281555
f 2976/3678/2976 797/9013/797 2678/3679/2678
vt 0.323425 0.281555
f 1593/3680/1593 2678/3679/2678 723/9014/723
vt 0.880406 0.531250
vt 0.880408 0.531250
vt 0.880407 0.531250
f 801/9015/801 2968/9016/2968 3223/9017/3223
vt 0.880402 0.531250
vt 0.880405 0.531250
vt 0.880402 0.531250
f 801/9018/801 2632/9019/2632 711/9020/711
vt 0.235183 0.513209
vt 0.235182 0.513209
f 205/8549/205 3089/9021/3089 3090/9022/3090
vt 0.235182 0.513210
f 3089/9021/3089 819/5630/819 1805/9023/1805
vt 0.235182 0.513209
vt 0.235181 0.513210
f 3090/9024/3090 1805/9023/1805 259/9025/259
vt 0.955994 0.345825
vt 0.955963 0.345825
f 28/9026/28 1667/3681/1667 274/9027/274
f 3091/3683/3091 274/9027/274 1667/3681/1667
vt 0.210742 0.916797
f 630/9028/630 2747/3684/2747 1710/3686/1710
vt 0.210696 0.916812
f 2747/3684/2747 727/9029/727 2437/3685/2437
vt 0.210741 0.916796
f 1710/3686/1710 2437/3685/2437 522/9030/522
f 3011/3687/3011 828/717/828 1800/3688/1800
vt 0.984375 0.564293
f 1494/3689/1494 1800/3688/1800 832/9031/832
vt 0.706053 0.623758
f 103/9032/103 1038/3690/1038 3076/3692/3076
vt 0.706055 0.623779
f 1038/3690/1038 2381/9033/2381 3092/3691/3092
f 3076/3692/3076 3092/3691/3092 646/7403/646
vt 0.235234 0.513197
f 816/9034/816 3089/3693/3089 2991/3695/2991
vt 0.235230 0.513204
f 2991/3693/2991 205/9035/205 1776/3694/1776
vt 0.235214 0.513229
f 2991/3695/2991 1776/3694/1776 12/9036/12
vt 0.468834 0.000011
f 180/9037/180 3009/3696/3009 3083/3698/3083
vt 0.468918 0.000023
f 3009/3696/3009 787/9038/787 1585/3697/1585
vt 0.468781 0.000015
f 3083/3698/3083 1585/3697/1585 416/9039/416
vt 0.876976 0.378143
f 2662/9040/2662 3093/3699/3093 3095/3701/3095
vt 0.876965 0.378159
f 3093/3699/3093 28/9041/28 3094/3700/3094
vt 0.876961 0.378082
f 3095/3701/3095 3094/3700/3094 341/9042/341
f 571/9041/571 3096/3699/3096 3097/3703/3097
f 3096/3699/3096 341/9040/341 3094/3702/3094
vt 0.876972 0.378189
f 3097/3703/3097 3094/3702/3094 28/9043/28
vt 0.433388 0.693869
f 3087/3706/3087 819/3705/819 816/9044/816
vt 0.876976 0.378387
f 44/9045/44 1666/3707/1666 2663/3708/2663
f 1666/3707/1666 28/9043/28 3093/3702/3093
f 2663/3708/2663 3093/3702/3093 2662/9040/2662
vt 0.988373 0.231522
vt 0.988342 0.231567
vt 0.988373 0.231506
f 2771/9046/2771 2936/9047/2936 2421/9048/2421
vt 0.433349 0.081172
f 66/9049/66 3098/3709/3098 3099/3711/3099
vt 0.433349 0.081111
f 3098/3709/3098 797/9050/797 2877/3710/2877
vt 0.433350 0.081177
f 3099/3711/3099 2877/3710/2877 17/9051/17
f 73/3704/73 1804/3712/1804 2889/3714/2889
vt 0.433365 0.693890
f 2889/3714/2889 819/3713/819 3087/9052/3087
vt 0.955933 0.345886
f 274/9027/274 3091/9053/3091 820/4616/820
vt 0.959366 0.344727
vt 0.959351 0.344727
f 820/9054/820 3100/3715/3100 274/9055/274
f 2285/3717/2285 274/9055/274 3100/3715/3100
vt 0.497715 0.509303
f 818/9056/818 1956/3718/1956 3080/3720/3080
vt 0.497715 0.509307
f 1956/3718/1956 305/9057/305 3042/3719/3042
vt 0.497713 0.509304
f 3080/3720/3080 3042/3719/3042 798/9058/798
vt 0.387616 0.122306
f 721/9059/721 2240/3721/2240 3002/3723/3002
vt 0.387609 0.122301
f 2240/3721/2240 244/9060/244 1199/3722/1199
vt 0.387635 0.122317
f 3002/3723/3002 1199/3722/1199 2139/9061/2139
vt 0.235237 0.513191
vt 0.235226 0.513210
f 816/9062/816 819/3695/819 3089/9063/3089
vt 0.234793 0.514393
f 2062/9064/2062 2410/3724/2410 3102/3726/3102
vt 0.234787 0.514410
f 3102/3726/3102 3101/3725/3101 590/9065/590
vt 0.323424 0.281556
f 66/9066/66 1122/3727/1122 3098/3729/3098
vt 0.323423 0.281556
f 1122/3727/1122 2675/9067/2675 2679/3728/2679
vt 0.323425 0.281557
f 3098/3729/3098 2679/3728/2679 797/9068/797
vt 0.175023 0.760960
vt 0.175019 0.760964
vt 0.175022 0.760960
f 3103/9069/3103 2387/9070/2387 792/9071/792
f 282/9071/282 426/3730/426 3038/3732/3038
vt 0.175018 0.760956
f 3038/3732/3038 3103/3731/3103 792/9072/792
vt 0.959312 0.344910
f 3097/3734/3097 274/9073/274 2285/3735/2285
vt 0.959290 0.344971
f 274/9073/274 3097/3734/3097 28/9074/28
vt 0.995239 0.350952
f 332/3736/332 321/9075/321 3100/3737/3100
vt 0.995239 0.350708
f 2097/3738/2097 3100/3737/3100 820/9076/820
vt 0.453735 0.250549
f 776/9077/776 2280/3739/2280 2243/3741/2243
vt 0.453705 0.250549
f 2280/3739/2280 66/9078/66 3099/3740/3099
vt 0.453659 0.250534
f 2243/3741/2243 3099/3740/3099 17/9079/17
vt 0.990028 0.230743
f 276/9080/276 2975/3742/2975 1262/3744/1262
f 2975/3742/2975 408/8804/408 3046/3743/3046
vt 0.990051 0.230713
f 1262/3744/1262 3046/3743/3046 95/9081/95
f 254/7443/254 2737/3745/2737 2650/2439/2650
vt 0.996964 0.084274
f 2737/3745/2737 3324/9082/3324 2770/3746/2770
f 2650/2439/2650 2770/3746/2770 117/7444/117
vt 0.999872 0.221213
vt 0.999878 0.221191
vt 0.999817 0.221436
f 3104/9083/3104 191/9084/191 3105/9085/3105
vt 0.999811 0.221457
vt 0.999756 0.221680
f 3104/9086/3104 3105/9085/3105 166/9087/166
vt 0.798466 0.994595
f 3106/3747/3106 3312/9088/3312 2316/3748/2316
vt 0.798462 0.994598
f 2171/3749/2171 2316/3748/2316 407/9089/407
vt 0.816093 0.772175
vt 0.816105 0.772207
vt 0.816132 0.772293
f 620/9090/620 3107/9091/3107 105/9092/105
vt 0.481825 0.429234
f 591/9093/591 3108/3750/3108 2199/3752/2199
vt 0.481827 0.429234
f 3109/3750/3109 3108/9094/3108 3101/3751/3101
vt 0.481823 0.429237
f 2199/3752/2199 3109/3751/3109 2500/9095/2500
vt 0.243148 0.765088
vt 0.243146 0.765089
vt 0.243147 0.765085
f 2800/9096/2800 3111/9097/3111 3342/9098/3342
vt 0.150627 0.871597
f 3170/9099/3170 3112/3753/3112 2799/3755/2799
vt 0.150618 0.871613
f 3112/3753/3112 426/9100/426 3113/3754/3113
vt 0.150626 0.871597
f 2799/3755/2799 3113/3754/3113 1967/9101/1967
vt 0.999969 0.224548
f 3061/9102/3061 1022/3756/1022 3104/3758/3104
f 3061/3758/3061 3104/3757/3104 166/7069/166
vt 0.243054 0.765142
vt 0.243056 0.765140
f 3110/9103/3110 3342/9104/3342 3114/3761/3114
vt 0.243061 0.765139
f 3114/3761/3114 2436/3760/2436 2438/9105/2438
vt 0.798592 0.994495
f 3115/3764/3115 2327/3763/2327 338/9106/338
vt 0.798584 0.994537
f 3312/9107/3312 3115/3765/3115 3449/3767/3449
f 3115/3765/3115 338/6642/338 1789/3766/1789
f 3449/3767/3449 1789/3766/1789 806/9106/806
vt 0.226562 1.000000
vt 0.226780 0.999996
vt 0.226807 1.000000
f 74/9108/74 1637/9109/1637 3116/9110/3116
vt 0.540810 0.268452
vt 0.540752 0.268484
vt 0.540806 0.268450
f 823/9111/823 1437/9112/1437 3117/9113/3117
f 3116/3769/3116 2760/6702/2760 652/3770/652
vt 0.798965 0.985413
f 105/9114/105 3107/3771/3107 2959/3773/2959
vt 0.798943 0.985443
f 3107/3771/3107 2839/9115/2839 1276/3772/1276
vt 0.798962 0.985397
f 2959/3773/2959 1276/3772/1276 821/9116/821
vt 0.218900 0.014657
f 822/9117/822 3252/3774/3252 1648/3776/1648
vt 0.218899 0.014654
f 3252/3774/3252 301/9118/301 934/3775/934
f 1648/3776/1648 934/3775/934 803/8859/803
vt 0.875504 0.380363
vt 0.875504 0.380371
vt 0.875488 0.380371
f 3096/9119/3096 571/9120/571 401/9121/401
vt 0.534012 0.270065
f 1837/9122/1837 1839/1120/1839 3119/3778/3119
f 1839/1120/1839 429/5681/429 3118/3777/3118
vt 0.534019 0.270058
f 3119/3778/3119 3118/3777/3118 823/9123/823
vt 0.813873 0.768646
f 620/9124/620 953/3779/953 3107/3781/3107
vt 0.813881 0.768547
f 953/3779/953 824/9125/824 2839/3780/2839
vt 0.532936 0.267784
f 823/9126/823 3118/3782/3118 1435/3784/1435
vt 0.532913 0.267746
f 3118/3782/3118 429/9127/429 1434/3783/1434
vt 0.532928 0.267731
f 1435/3784/1435 1434/3783/1434 430/9128/430
vt 0.373058 0.454978
vt 0.373057 0.454980
f 590/3787/590 3101/9129/3101 3108/9130/3108
vt 0.516039 0.815510
vt 0.516040 0.815506
f 2258/9131/2258 3059/9132/3059 2259/3790/2259
vt 0.516041 0.815506
f 2259/3790/2259 605/3789/605 3285/9133/3285
vt 0.373013 0.455026
vt 0.373042 0.454996
f 3241/3793/3241 2931/9134/2931 3218/9135/3218
vt 0.232697 0.998810
vt 0.232708 0.998806
vt 0.232735 0.998817
f 2760/9136/2760 2820/9137/2820 596/9138/596
f 341/7499/341 2673/2481/2673 3095/3795/3095
f 2673/2481/2673 698/7498/698 3440/3794/3440
vt 0.235132 0.514214
f 3121/3796/3121 2668/9139/2668 2780/3797/2780
f 2709/3798/2709 2780/3797/2780 2079/7599/2079
vt 0.373059 0.454977
vt 0.373055 0.454982
f 591/9140/591 3241/9141/3241 3108/9129/3108
vt 0.373053 0.454983
f 3108/9129/3108 3241/9142/3241 590/9130/590
vt 0.997803 0.999634
f 612/9143/612 1919/3799/1919 2210/3801/2210
vt 0.997559 0.999817
f 1919/3799/1919 825/9144/825 2522/3800/2522
vt 0.997559 0.999756
f 2210/3801/2210 2522/3800/2522 337/9145/337
vt 0.235112 0.514250
f 729/9146/729 2903/3802/2903 3088/3804/3088
vt 0.235118 0.514239
f 2903/3802/2903 2668/9147/2668 3121/3803/3121
vt 0.879078 0.531250
f 77/9148/77 3050/3805/3050 1911/3807/1911
vt 0.879073 0.531250
f 3050/3805/3050 627/9149/627 2212/3806/2212
vt 0.879059 0.531250
f 1911/3807/1911 2212/3806/2212 540/9150/540
vt 0.515724 0.817000
vt 0.515724 0.817001
f 88/3808/88 1166/9151/1166 3292/9152/3292
vt 0.515724 0.817001
f 3122/3810/3122 3292/3809/3292 210/9153/210
vt 0.815094 0.773346
f 2203/3813/2203 1272/3812/1272 753/9154/753
vt 0.815098 0.773338
vt 0.815102 0.773346
vt 0.815109 0.773376
f 2201/9155/2201 753/9156/753 824/9157/824
vt 0.298523 0.702942
vt 0.298515 0.702942
f 215/9158/215 2086/3814/2086 3123/9159/3123
vt 0.298553 0.702957
vt 0.298538 0.702953
f 2086/3814/2086 2775/9160/2775 3110/9161/3110
vt 0.298523 0.702950
vt 0.298492 0.702942
f 2684/3816/2684 3123/9162/3123 502/9163/502
vt 0.515718 0.816832
vt 0.515717 0.816833
vt 0.515725 0.816787
f 605/9164/605 3120/9165/3120 2680/9166/2680
vt 0.515717 0.816833
vt 0.515721 0.816810
f 3120/9165/3120 3059/9167/3059 3060/9168/3060
vt 0.009033 0.112854
f 719/9169/719 2781/3817/2781 3124/3819/3124
vt 0.009033 0.112915
f 2781/3817/2781 2792/9170/2792 1945/3818/1945
vt 0.009033 0.112854
f 3124/3819/3124 1945/3818/1945 242/9171/242
vt 0.003174 0.119873
f 719/9172/719 3124/3820/3124 3125/3822/3125
vt 0.003174 0.119873
f 3124/3820/3124 242/9173/242 1942/3821/1942
f 3125/3822/3125 1942/3821/1942 221/5900/221
vt 0.326716 0.747576
vt 0.326712 0.747580
vt 0.326703 0.747583
f 3110/9174/3110 2775/9175/2775 3342/9176/3342
vt 0.218799 0.001352
vt 0.218800 0.001357
f 26/9177/26 3078/3823/3078 2853/9178/2853
vt 0.218801 0.001362
f 2853/9178/2853 1792/3824/1792 1350/9179/1350
vt 0.324772 0.738106
vt 0.324759 0.738110
f 502/9180/502 3123/3826/3123 3288/9181/3288
vt 0.324745 0.738113
f 3288/9181/3288 3114/3827/3114 116/9182/116
f 719/3830/719 3125/3829/3125 181/3830/181
vt 0.012756 0.073853
f 3125/3829/3125 221/9183/221 1071/3829/1071
vt 0.000397 0.681000
vt 0.000397 0.680939
f 151/9184/151 312/9184/312 2560/9185/2560
f 5/2161/5 3126/3831/3126 2506/2161/2506
vt 0.958778 0.009068
f 3126/3831/3126 154/9186/154 1255/3831/1255
f 2506/2161/2506 1255/3831/1255 535/2161/535
vt 0.837234 0.430054
f 267/9187/267 3127/3832/3127 2373/3834/2373
vt 0.837280 0.430115
f 3127/3832/3127 3432/9188/3432 3128/3833/3128
vt 0.837219 0.430054
f 2373/3834/2373 3128/3833/3128 401/9189/401
f 392/4420/392 3309/3835/3309 1058/3837/1058
f 1136/3838/1136 550/4522/550 2181/3839/2181
f 1837/3840/1837 2181/3839/2181 1838/1118/1838
vt 0.047150 0.378571
f 451/9190/451 1489/3841/1489 3129/3843/3129
vt 0.047142 0.378502
f 1489/3841/1489 730/9191/730 2961/3842/2961
vt 0.047150 0.378448
f 3129/3843/3129 2961/3842/2961 561/9192/561
vt 0.999268 0.233398
f 340/9193/340 2597/3844/2597 3131/3846/3131
vt 0.999390 0.233398
f 2597/3844/2597 277/9194/277 3130/3845/3130
vt 0.999268 0.233643
f 3131/3846/3131 3130/3845/3130 827/9195/827
f 827/4615/827 1184/3847/1184 3131/3849/3131
vt 0.953247 0.352783
f 1184/3847/1184 339/9196/339 2232/3848/2232
vt 0.953247 0.352539
f 3131/3849/3131 2232/3848/2232 340/9197/340
vt 0.396484 0.002228
f 364/9198/364 870/3850/870 1190/3852/1190
vt 0.396484 0.002258
f 870/3850/870 416/9199/416 2915/3851/2915
vt 0.396362 0.002289
f 1190/3852/1190 2915/3851/2915 1191/9200/1191
vt 0.174187 0.992455
vt 0.174271 0.992447
vt 0.174206 0.992458
f 46/9201/46 92/9202/92 1969/9203/1969
vt 0.984375 0.571991
f 3383/8648/3383 828/9204/828 1542/3854/1542
f 3014/3855/3014 1542/3854/1542 828/9204/828
f 3417/4640/3417 1200/301/1200 1617/3857/1617
f 1200/301/1200 244/4642/244 1382/3856/1382
vt 0.326691 0.281281
f 1617/3857/1617 1382/3856/1382 771/9205/771
vt 0.640625 0.014221
f 857/9206/857 1318/3858/1318 3132/3860/3132
vt 0.640610 0.014130
f 1318/3858/1318 99/9207/99 1321/3859/1321
vt 0.640625 0.014160
f 3132/3860/3132 1321/3859/1321 309/9208/309
vt 0.837341 0.430176
vt 0.837299 0.430130
f 872/9209/872 1362/3861/1362 3230/9210/3230
f 3230/3862/3230 3127/3832/3127 267/9187/267
vt 0.620943 0.052320
vt 0.620950 0.052317
vt 0.620850 0.052368
f 3387/9211/3387 829/9212/829 263/9213/263
f 3133/3865/3133 263/9213/263 829/3863/829
vt 0.649689 0.365936
f 417/9214/417 2429/3866/2429 3134/3868/3134
vt 0.649811 0.365875
f 2429/3866/2429 2291/9215/2291 1677/3867/1677
vt 0.649658 0.365967
f 3134/3868/3134 1677/3867/1677 1437/9216/1437
f 236/9216/236 2397/3869/2397 1436/3871/1436
vt 0.649673 0.365982
f 2397/3869/2397 417/9217/417 3134/3870/3134
vt 0.649597 0.366028
f 1436/3871/1436 3134/3870/3134 1437/9218/1437
vt 0.767830 0.260696
f 423/9219/423 2298/3874/2298 1313/3873/1313
vt 0.767845 0.260635
f 2298/3874/2298 423/9219/423 830/9220/830
vt 0.164804 0.267011
vt 0.164805 0.267015
f 1580/9221/1580 3259/9222/3259 3253/3877/3253
vt 0.164787 0.267056
f 3269/3875/3269 3407/9223/3407 2602/3876/2602
vt 0.164803 0.267002
f 1580/9221/1580 3253/3876/3253 257/9224/257
f 3170/5011/3170 1429/593/1429 3112/3879/3112
f 1429/593/1429 115/5010/115 1701/3878/1701
vt 0.007301 0.925282
f 3112/3879/3112 1701/3878/1701 426/9225/426
vt 0.994282 0.545516
f 832/5100/832 539/9226/539 1495/668/1495
f 1493/3881/1493 1495/668/1495 539/9226/539
f 466/5242/466 1574/768/1574 449/3883/449
f 1574/768/1574 609/5241/609 2941/3882/2941
vt 0.585205 0.003601
vt 0.585159 0.003616
vt 0.585144 0.003616
f 1130/9227/1130 1080/9228/1080 1765/9229/1765
vt 0.585114 0.003632
vt 0.585022 0.003662
vt 0.585052 0.003647
f 3135/9230/3135 833/9231/833 1765/9232/1765
vt 0.584900 0.003708
vt 0.584869 0.003716
f 833/9233/833 164/4063/164 1765/9234/1765
vt 0.584778 0.003754
vt 0.584839 0.003723
f 1765/9234/1765 164/9235/164 483/9236/483
vt 0.534569 0.269997
f 487/9237/487 1836/3884/1836 3136/3886/3136
vt 0.534515 0.269928
f 1836/3884/1836 1837/9238/1837 3119/3885/3119
vt 0.534576 0.269989
f 3136/3886/3136 3119/3885/3119 823/9239/823
vt 0.534492 0.269890
f 487/9240/487 3136/3887/3136 1597/3889/1597
vt 0.534470 0.269852
f 3136/3887/3136 823/9241/823 3117/3888/3117
vt 0.534531 0.269913
f 1597/3889/1597 3117/3888/3117 261/9242/261
vt 0.823544 0.016449
vt 0.823543 0.016445
vt 0.823549 0.016434
f 599/9243/599 3132/9244/3132 309/9245/309
vt 0.374559 0.453406
f 1671/9246/1671 1672/3890/1672 2482/3892/2482
vt 0.374560 0.453406
f 2482/3892/2482 834/3891/834 601/9247/601
vt 0.621141 0.052198
vt 0.621155 0.052193
f 884/3898/884 829/9248/829 123/9249/123
f 833/5523/833 3135/3899/3135 1755/3901/1755
vt 0.582024 0.001650
f 3135/3899/3135 1080/9250/1080 1081/3900/1081
vt 0.775375 0.000046
vt 0.775526 0.000051
f 974/3902/974 973/9251/973 3137/9252/3137
vt 0.775459 0.000038
f 837/9253/837 3137/3905/3137 905/3907/905
vt 0.527678 0.627863
f 135/9254/135 1674/3908/1674 304/3910/304
f 1674/3908/1674 316/4233/316 910/3909/910
vt 0.839600 0.428177
f 3364/3911/3364 172/9255/172 1972/3912/1972
vt 0.839844 0.428082
f 3128/3913/3128 1972/3912/1972 401/9256/401
vt 0.705872 0.623718
f 646/9257/646 3139/3914/3139 3239/3916/3239
vt 0.705841 0.623718
f 3139/3914/3139 826/9258/826 268/3915/268
vt 0.705765 0.623703
vt 0.705757 0.623711
vt 0.705742 0.623695
f 826/9259/826 2556/9260/2556 268/9261/268
vt 0.705750 0.623718
vt 0.705734 0.623703
f 2556/9260/2556 2416/9262/2416 2541/9263/2541
vt 0.047138 0.379017
f 451/9264/451 3129/3917/3129 2832/3919/2832
vt 0.047134 0.379044
f 3129/3917/3129 561/9265/561 2954/3918/2954
vt 0.047134 0.378799
f 2832/3919/2832 2954/3918/2954 477/9266/477
vt 0.522863 0.631821
f 270/9267/270 1948/3920/1948 3140/3922/3140
vt 0.522907 0.631805
f 1948/3920/1948 304/9268/304 2083/3921/2083
vt 0.522867 0.631821
f 3140/3922/3140 2083/3921/2083 589/9269/589
vt 0.522843 0.631828
f 270/9270/270 3140/3923/3140 3141/3925/3141
f 3140/3923/3140 589/9269/589 2486/3924/2486
vt 0.522827 0.631836
f 3141/3925/3141 2486/3924/2486 1128/9271/1128
vt 0.769087 0.000525
vt 0.769062 0.000523
f 974/6038/974 3377/9272/3377 3132/9273/3132
vt 0.769135 0.000519
vt 0.769073 0.000519
f 974/9274/974 3132/9273/3132 599/9275/599
vt 0.527179 0.627916
f 2859/9276/2859 3250/3926/3250 3039/3928/3039
vt 0.527166 0.627926
f 3039/3928/3039 56/3927/56 193/9277/193
vt 0.482142 0.429027
vt 0.482142 0.429026
f 2805/9278/2805 2428/9279/2428 3142/4150/3142
vt 0.482142 0.429025
vt 0.482142 0.429025
f 3167/4150/3167 3142/9280/3142 2846/9281/2846
f 1162/1375/1162 1830/6069/1830 1673/3929/1673
vt 0.994080 0.231079
vt 0.994080 0.231201
f 340/9282/340 560/9283/560 3143/3932/3143
f 2131/3933/2131 3143/3932/3143 560/9283/560
vt 0.590156 0.674297
f 2039/6241/2039 3201/1516/3201 3144/9284/3144
vt 0.590158 0.674294
f 3201/1516/3201 207/6239/207 3144/9285/3144
vt 0.003372 0.302673
f 864/9286/864 1058/3934/1058 1224/3936/1224
vt 0.003387 0.302612
f 1058/3934/1058 2012/9287/2012 3145/3935/3145
vt 0.003395 0.302704
f 1224/3936/1224 3145/3935/3145 324/9288/324
vt 0.870174 0.404182
f 2000/3939/2000 3147/3938/3147 3301/9289/3301
vt 0.462423 0.678602
f 258/6351/258 2182/1596/2182 3447/9290/3447
vt 0.462421 0.678610
vt 0.462418 0.678619
f 3445/3941/3445 2277/9291/2277 2194/9292/2194
vt 0.251366 0.174362
f 635/9293/635 995/3942/995 2070/3944/2070
vt 0.251360 0.174381
f 995/3942/995 841/9294/841 3148/3943/3148
vt 0.251347 0.174385
f 2070/3944/2070 3148/3943/3148 2069/9295/2069
f 540/3946/540 2212/3945/2212 2159/3946/2159
f 2159/3946/2159 842/3945/842 223/3946/223
vt 0.476086 0.992764
vt 0.476084 0.992769
f 2226/9296/2226 1420/9297/1420 2956/1664/2956
vt 0.476082 0.992775
vt 0.476086 0.992748
f 1420/9297/1420 640/9298/640 2956/9299/2956
vt 0.203135 0.060312
f 2786/9300/2786 3068/3947/3068 2807/3949/2807
vt 0.203138 0.060292
f 3068/3947/3068 2069/9301/2069 3148/3948/3148
vt 0.203138 0.060337
f 2807/3949/2807 3148/3948/3148 841/9302/841
vt 0.999056 0.082251
f 838/6538/838 2297/9303/2297 2275/1758/2275
f 2095/1559/2095 3149/3950/3149 2247/3952/2247
vt 0.879094 0.531250
f 3149/3950/3149 842/9304/842 2213/3951/2213
vt 0.879097 0.531250
f 2247/3952/2247 2213/3951/2213 627/9305/627
vt 0.879075 0.531250
f 842/9306/842 3149/3953/3149 2283/3955/2283
f 3149/3953/3149 2095/1559/2095 2096/3954/2096
vt 0.879059 0.531250
f 2283/3955/2283 2096/3954/2096 190/9307/190
vt 0.210656 0.917054
f 2899/9308/2899 3070/3956/3070 3150/3958/3150
vt 0.210657 0.917055
f 3070/3956/3070 447/9309/447 1475/3957/1475
vt 0.210650 0.917056
f 3150/3958/3150 1475/3957/1475 512/9310/512
f 2334/3959/2334 585/6658/585 1929/3960/1929
vt 0.631508 0.782272
f 1554/3961/1554 1929/3960/1929 3325/9311/3325
vt 0.682846 0.827500
vt 0.682830 0.827485
vt 0.682842 0.827496
f 1933/9312/1933 168/9313/168 2334/9314/2334
vt 0.682858 0.827511
vt 0.682854 0.827507
f 1933/9315/1933 2334/9314/2334 1554/9316/1554
f 620/6690/620 2350/1892/2350 2351/3963/2351
f 2350/1892/2350 159/1891/159 1269/3962/1269
f 2351/3963/2351 1269/3962/1269 15/6691/15
vt 0.374372 0.453538
vt 0.374374 0.453537
f 2218/1997/2218 3025/9317/3025 634/9318/634
vt 0.775326 0.444126
f 3146/9319/3146 1999/3966/1999 3151/3968/3151
vt 0.775330 0.444092
f 1999/3966/1999 129/9320/129 1909/3967/1909
vt 0.775330 0.444122
f 3151/3968/3151 1909/3967/1909 579/9321/579
vt 0.775383 0.444012
f 3152/3969/3152 3146/9322/3146 3151/3970/3151
vt 0.775391 0.444000
f 1922/3971/1922 3151/3970/3151 579/9323/579
f 126/2165/126 552/7091/552 2507/3972/2507
vt 0.429932 0.699524
f 1371/3973/1371 2507/3972/2507 507/9324/507
vt 0.792435 0.999809
vt 0.792450 0.999802
vt 0.792465 0.999809
f 2394/9325/2394 782/9326/782 2368/9327/2368
vt 0.515881 0.813942
vt 0.515881 0.813942
vt 0.515879 0.813946
f 3153/9328/3153 3436/9329/3436 2682/9330/2682
vt 0.515879 0.813946
vt 0.515877 0.813950
f 1373/9331/1373 2682/9330/2682 410/9332/410
vt 0.476065 0.992712
f 606/3974/606 2899/9333/2899 3150/3975/3150
vt 0.476055 0.992748
f 1066/3976/1066 3150/3975/3150 512/9334/512
vt 0.237315 0.510200
f 845/9335/845 2555/3977/2555 3154/3979/3154
vt 0.237309 0.510212
vt 0.237300 0.510225
f 2555/3977/2555 1197/9336/1197 3348/9337/3348
vt 0.237276 0.510263
f 3154/3979/3154 3348/3978/3348 3182/9338/3182
f 826/4462/826 3139/3980/3139 1088/170/1088
vt 0.706642 0.624413
f 3139/3980/3139 646/9339/646 3092/3981/3092
f 1088/170/1088 3092/3981/3092 2381/4460/2381
vt 0.006836 0.238281
f 134/9340/134 2654/3982/2654 2432/3984/2432
f 2654/3982/2654 3265/7448/3265 2655/3983/2655
vt 0.006653 0.238480
vt 0.006592 0.238525
f 2433/3984/2433 2432/9341/2432 917/9342/917
vt 0.010071 0.202881
f 2699/3985/2699 1507/9343/1507 1621/3986/1621
vt 0.010101 0.202881
f 846/3987/846 1621/3986/1621 40/9344/40
vt 0.001114 0.246216
vt 0.001129 0.246216
vt 0.001114 0.246246
f 2700/9345/2700 846/9346/846 2792/9347/2792
vt 0.049437 0.382505
f 2740/2617/2740 835/9348/835 725/7686/725
vt 0.008259 0.924967
f 1265/9349/1265 1440/3988/1440 1028/3990/1028
vt 0.008257 0.924966
f 1440/3988/1440 831/9350/831 1431/3989/1431
f 1028/3990/1028 1431/3989/1431 248/4390/248
f 3190/7638/3190 3007/3991/3007 3155/3993/3155
f 3007/3991/3007 343/7641/343 2725/3992/2725
vt 0.999237 0.546844
f 3155/3993/3155 2725/3992/2725 2726/9351/2726
vt 0.049423 0.382767
vt 0.049423 0.382736
f 555/7647/555 2727/9352/2727 843/9353/843
vt 0.208611 0.917725
f 3373/3996/3373 2444/3995/2444 1530/9354/1530
vt 0.792427 0.999836
vt 0.792450 0.999832
vt 0.792419 0.999847
f 3280/9355/3280 665/9356/665 575/9357/575
vt 0.482140 0.429028
vt 0.482140 0.429025
f 743/7978/743 2733/9358/2733 2617/9359/2617
vt 0.482140 0.429028
vt 0.482140 0.429024
f 2617/9359/2617 2798/9360/2798 1703/9361/1703
vt 0.908203 0.004532
f 3156/3998/3156 848/9362/848 2818/3999/2818
vt 0.908207 0.004524
f 848/9362/848 3156/3998/3156 837/9363/837
vt 0.908208 0.004519
f 837/9363/837 3156/3998/3156 3138/9364/3138
f 3156/3998/3156 501/3997/501 3389/4000/3389
vt 0.324940 0.283597
vt 0.324940 0.283597
vt 0.324941 0.283598
f 1751/9365/1751 2473/9366/2473 508/9367/508
vt 0.165237 0.267250
vt 0.165233 0.267244
vt 0.165236 0.267241
f 203/9368/203 3384/9369/3384 1751/9370/1751
vt 0.165228 0.267238
vt 0.165231 0.267235
f 3384/9369/3384 3226/9371/3226 1751/9372/1751
vt 0.007812 0.114105
f 846/4002/846 40/9373/40 2433/4003/2433
f 2793/2743/2793 2433/4003/2433 917/7858/917
vt 0.171388 0.265902
vt 0.171387 0.265908
vt 0.171387 0.265900
f 2347/9374/2347 3372/9375/3372 506/9376/506
vt 0.000031 0.672150
vt 0.000061 0.672058
vt 0.000076 0.672073
f 844/9377/844 2488/9378/2488 3195/9379/3195
vt 0.000275 0.422211
f 849/8177/849 389/9380/389 2790/8178/2790
f 2925/4004/2925 827/8302/827 3130/4005/3130
vt 0.999390 0.232788
f 2925/4006/2925 3130/4005/3130 277/9381/277
vt 0.007624 0.925107
f 757/9382/757 3157/4007/3157 2688/4009/2688
vt 0.007587 0.925119
f 2688/4007/2688 428/9383/428 1936/4008/1936
vt 0.007507 0.925140
f 2688/4009/2688 1936/4008/1936 524/9384/524
f 3053/4012/3053 2170/4011/2170 858/3629/858
vt 0.247540 0.429348
vt 0.247534 0.429346
f 733/8337/733 2630/9385/2630 3247/9386/3247
f 2113/8379/2113 2112/4013/2112 2940/3171/2940
vt 0.462967 0.677914
f 2112/4013/2112 84/9387/84 2938/4014/2938
f 2940/3171/2940 2938/4014/2938 740/8380/740
vt 0.876425 0.377087
vt 0.876434 0.377075
f 840/9388/840 811/9389/811 2196/4016/2196
f 2196/4017/2196 3301/4016/3301 840/9389/840
f 850/8398/850 2948/3189/2948 2637/4019/2637
f 2948/3189/2948 3345/8397/3345 2642/4018/2642
vt 0.535019 0.277328
f 2637/4019/2637 2642/4018/2642 521/9390/521
vt 0.310074 0.689995
f 686/9391/686 2965/3257/2965 186/4021/186
f 2965/3257/2965 773/8472/773 2536/4020/2536
vt 0.681793 0.450989
vt 0.681759 0.451015
f 29/7838/29 97/9392/97 3158/9393/3158
vt 0.681786 0.450996
f 2945/9394/2945 3158/9393/3158 97/9392/97
f 3189/3286/3189 3104/4023/3104 1022/8513/1022
vt 0.753628 0.250479
vt 0.753624 0.250477
vt 0.753643 0.250483
f 3005/9395/3005 107/9396/107 1771/9397/1771
vt 0.753647 0.250484
vt 0.753662 0.250488
f 3368/9398/3368 1771/9397/1771 467/9399/467
f 789/8625/789 2854/4025/2854 3004/3385/3004
vt 0.220134 0.001715
f 2854/4025/2854 1350/9400/1350 1349/4026/1349
f 3004/3385/3004 1349/4026/1349 851/8626/851
vt 0.681847 0.450958
vt 0.681862 0.450947
vt 0.681852 0.450954
f 353/9401/353 2787/9402/2787 3028/9403/3028
vt 0.681877 0.450935
vt 0.681873 0.450939
f 2787/9402/2787 29/9404/29 3158/9405/3158
vt 0.681858 0.450951
vt 0.681870 0.450943
f 3028/9406/3028 3158/9405/3158 2945/9407/2945
vt 0.989962 0.233387
f 3143/4029/3143 2474/4028/2474 567/9408/567
vt 0.359428 0.991341
f 3159/4030/3159 537/9409/537 3392/4031/3392
vt 0.359432 0.991367
f 2468/4032/2468 3159/4031/3159 3392/9410/3392
vt 0.857822 0.995625
vt 0.857830 0.995663
vt 0.857819 0.995636
f 2256/9411/2256 3378/9412/3378 170/9413/170
f 2933/8852/2933 2064/3573/2064 3032/4034/3032
vt 0.323597 0.282638
f 2064/3573/2064 144/9414/144 2052/4033/2052
vt 0.323608 0.282639
f 3032/4034/3032 3058/4033/3058 796/9415/796
vt 0.590057 0.674423
f 87/9416/87 2039/4035/2039 3323/4037/3323
f 815/8974/815 3081/3658/3081 2983/4039/2983
f 3081/3658/3081 845/8973/845 3154/4038/3154
vt 0.311363 0.688839
f 2983/4039/2983 3154/4038/3154 3182/9417/3182
vt 0.515732 0.816986
f 210/9418/210 3292/4040/3292 2258/4042/2258
vt 0.515726 0.816996
f 3059/4040/3059 847/9151/847 3311/9419/3311
vt 0.676702 0.827076
vt 0.676743 0.827076
f 1638/9420/1638 323/5337/323 2148/9421/2148
vt 0.676786 0.827078
vt 0.676826 0.827078
f 2957/9422/2957 2148/9421/2148 774/9423/774
vt 0.247452 0.429337
f 853/9424/853 2767/4043/2767 1811/4045/1811
vt 0.247437 0.429337
f 2767/4043/2767 490/9425/490 2146/4044/2146
vt 0.247467 0.429321
f 1811/4045/1811 2146/4044/2146 626/9426/626
f 359/4338/359 992/98/992 2814/4047/2814
vt 0.046946 0.375101
vt 0.046947 0.375087
f 992/98/992 854/9427/854 879/9428/879
f 855/4356/855 1587/4048/1587 1004/4050/1004
vt 0.994202 0.730377
f 1587/4048/1587 484/9429/484 2202/4049/2202
vt 0.994171 0.730408
f 1004/4050/1004 2202/4049/2202 639/9430/639
vt 0.655762 0.370728
vt 0.655766 0.370655
f 578/2167/578 387/9431/387 2265/9432/2265
vt 0.430862 0.698757
f 1128/4510/1128 865/4512/865 3141/9433/3141
vt 0.430847 0.698753
f 270/9434/270 3141/9433/3141 865/4512/865
vt 0.416153 0.990692
f 3065/4053/3065 1752/4052/1752 52/9435/52
vt 0.428741 0.822693
f 210/4574/210 1421/247/1421 3122/9436/3122
vt 0.428955 0.822510
f 1421/247/1421 3208/4573/3208 1067/9437/1067
vt 0.837673 0.428684
vt 0.837730 0.428658
f 3155/9438/3155 98/4765/98 1283/9439/1283
vt 0.837727 0.428661
vt 0.837784 0.428635
f 1282/9440/1282 1283/9439/1283 136/9441/136
vt 0.655838 0.372879
f 578/9442/578 2265/4054/2265 2510/4056/2510
vt 0.655838 0.372940
f 2265/4054/2265 1311/9443/1311 1310/4055/1310
vt 0.655823 0.372864
f 2510/4056/2510 1310/4055/1310 695/9444/695
vt 0.323669 0.282228
vt 0.323669 0.282229
vt 0.323639 0.282228
f 858/9445/858 2933/9446/2933 3052/9447/3052
vt 0.843143 0.436752
f 3227/666/3227 371/5096/371 1299/9448/1299
vt 0.843155 0.436768
f 1160/4058/1160 1299/9448/1299 378/9449/378
vt 0.997288 0.084545
f 169/9450/169 1515/4059/1515 3160/4061/3160
vt 0.997292 0.084587
f 1515/4059/1515 3395/9451/3395 2736/4060/2736
vt 0.997276 0.084541
f 3160/4061/3160 2736/4060/2736 254/9452/254
vt 0.997269 0.084549
vt 0.997265 0.084538
f 127/9452/127 3160/9453/3160 254/9454/254
vt 0.584961 0.003693
f 482/9455/482 2635/4064/2635 833/9233/833
f 2635/4064/2635 482/9455/482 2614/4062/2614
vt 0.676914 0.827083
vt 0.676834 0.827084
vt 0.676870 0.827080
f 852/9456/852 390/9457/390 1638/9458/1638
vt 0.516017 0.815264
vt 0.516022 0.815247
vt 0.516020 0.815254
f 3436/9459/3436 3153/9460/3153 3439/9461/3439
vt 0.523069 0.813923
f 503/5363/503 1656/5365/1656 3063/9462/3063
vt 0.523070 0.813917
vt 0.523071 0.813927
f 3063/5365/3063 3430/9463/3430 551/9464/551
vt 0.578125 0.005768
f 1768/1036/1768 291/5551/291 1525/9465/1525
vt 0.795685 0.999954
f 3280/9466/3280 1787/4065/1787 2393/1062/2393
f 1788/4065/1788 78/5602/78 3161/4066/3161
f 2393/1062/2393 3161/4066/3161 6/4863/6
f 585/5875/585 1928/1234/1928 2225/4068/2225
f 2225/1234/2225 33/5876/33 1748/4067/1748
vt 0.681763 0.828003
f 2225/4068/2225 1748/4067/1748 358/9467/358
vt 0.555937 0.705073
f 551/4069/551 3430/9468/3430 3162/4070/3162
vt 0.555916 0.705091
f 3051/4071/3051 3162/4070/3162 748/9469/748
vt 0.520453 0.632710
f 307/9470/307 1964/4072/1964 1959/4074/1959
f 1959/4074/1959 3172/4073/3172 643/5928/643
vt 0.543549 0.266922
f 3163/4075/3163 1119/9471/1119 2142/4076/2142
vt 0.543541 0.266930
f 2989/4077/2989 2142/4076/2142 3355/9472/3355
vt 0.326813 0.281326
vt 0.326813 0.281334
f 771/9473/771 2932/9474/2932 856/8353/856
vt 0.543365 0.266941
vt 0.543365 0.266940
f 2989/9475/2989 2756/4078/2756 3163/9476/3163
vt 0.543358 0.266941
f 2756/4078/2756 1005/9477/1005 1007/4079/1007
vt 0.543365 0.266937
f 3163/4080/3163 1007/4079/1007 1119/9478/1119
f 3393/6274/3393 2147/1539/2147 1758/4082/1758
f 2147/1539/2147 474/1538/474 2143/4081/2143
vt 0.167358 0.268204
f 1758/4082/1758 2143/4081/2143 3226/9479/3226
f 3164/4087/3164 633/7126/633 3327/4088/3327
vt 0.856348 0.299452
f 633/7126/633 3164/4087/3164 678/9480/678
f 678/9480/678 3164/4087/3164 1808/4090/1808
f 3164/4087/3164 514/4086/514 3165/4089/3165
vt 0.856342 0.299450
f 1808/4090/1808 3165/4089/3165 224/9481/224
vt 0.432701 0.694395
f 473/9482/473 2207/4091/2207 2403/4093/2403
f 2207/4091/2207 126/6394/126 1370/4092/1370
vt 0.432693 0.694401
f 2403/4093/2403 1370/4092/1370 409/9483/409
vt 0.655872 0.365833
f 673/9484/673 3166/4094/3166 218/4096/218
vt 0.655869 0.365838
f 3166/4094/3166 3206/9485/3206 1921/4095/1921
vt 0.768048 0.259828
f 2299/1798/2299 174/6581/174 2260/9486/2260
vt 0.768042 0.259853
vt 0.768049 0.259823
f 2299/9487/2299 2260/9486/2260 422/9488/422
vt 0.528423 0.626993
vt 0.528458 0.626968
f 2859/9489/2859 3167/4097/3167 3250/9490/3250
vt 0.528561 0.626894
f 3022/4099/3022 2846/4098/2846 2847/9491/2847
f 230/6617/230 2317/1828/2317 1690/4101/1690
f 2317/1828/2317 224/6618/224 3165/4100/3165
vt 0.769520 0.257118
f 1690/4101/1690 3165/4100/3165 514/9492/514
vt 0.247482 0.429321
vt 0.247467 0.429337
vt 0.247475 0.429321
f 853/9493/853 733/9494/733 2767/9495/2767
vt 0.046944 0.375130
f 854/9496/854 2721/4102/2721 879/4104/879
vt 0.046936 0.375061
vt 0.046940 0.375080
f 879/4102/879 25/9497/25 3191/9498/3191
vt 0.417450 0.988861
vt 0.417442 0.988869
f 587/9499/587 2468/4105/2468 3391/9500/3391
f 3206/7079/3206 3166/4108/3166 2502/2149/2502
f 3166/4108/3166 673/7081/673 2504/4109/2504
f 2502/2149/2502 2504/4109/2504 557/7080/557
vt 0.006094 0.922500
vt 0.006094 0.922499
vt 0.006104 0.922501
f 707/9501/707 3343/9502/3343 3316/9503/3316
vt 0.297195 0.999298
f 3396/9504/3396 904/4110/904 3168/4112/3168
vt 0.297180 0.999146
vt 0.297192 0.999199
f 904/4110/904 3176/9505/3176 3366/9506/3366
vt 0.297211 0.999207
f 3168/4112/3168 3366/4111/3366 368/9507/368
vt 0.006052 0.922528
vt 0.006048 0.922526
vt 0.006059 0.922528
f 863/9508/863 524/9509/524 1935/9510/1935
vt 0.001587 0.424301
f 854/9511/854 451/7953/451 2722/2840/2722
f 188/7781/188 2768/4113/2768 3088/2697/3088
vt 0.235135 0.514212
f 2768/4113/2768 733/9512/733 729/4114/729
vt 0.482099 0.429026
f 743/9513/743 2383/4115/2383 2847/4117/2847
vt 0.482096 0.429024
f 2383/4115/2383 647/9514/647 2271/4116/2271
f 2847/4117/2847 2271/4116/2271 286/6530/286
vt 0.430695 0.698730
f 643/9515/643 3169/4118/3169 2250/4120/2250
vt 0.430702 0.698734
f 3169/4118/3169 865/9516/865 1129/4119/1129
vt 0.007486 0.925221
f 757/9517/757 1432/4121/1432 3170/4123/3170
f 1432/4121/1432 831/5009/831 1430/4122/1430
vt 0.823263 0.018282
vt 0.823265 0.018272
vt 0.823265 0.018280
f 3389/9518/3389 501/9519/501 2842/9520/2842
vt 0.823263 0.018290
vt 0.823265 0.018288
f 3171/9521/3171 2842/9520/2842 2102/9522/2102
vt 0.520441 0.632713
vt 0.520441 0.632713
vt 0.520446 0.632711
f 1964/9523/1964 1961/9524/1961 3172/9525/3172
vt 0.520451 0.632710
f 1961/9524/1961 861/5929/861 3172/9526/3172
vt 0.520456 0.632708
vt 0.520462 0.632706
f 3169/9527/3169 643/9528/643 3172/9526/3172
vt 0.482141 0.429026
vt 0.482141 0.429025
vt 0.482141 0.429025
f 755/9529/755 2733/9530/2733 3422/9531/3422
vt 0.482141 0.429024
f 2733/9530/2733 743/9361/743 3422/9532/3422
vt 0.000023 0.672142
f 769/9377/769 1252/4124/1252 2488/9533/2488
vt 0.000000 0.672363
f 1252/4124/1252 152/9534/152 3173/4125/3173
vt 0.000008 0.672127
f 2488/4126/2488 3173/4125/3173 354/9535/354
vt 0.820971 0.016251
f 413/9536/413 1809/4127/1809 3174/4129/3174
vt 0.820965 0.016266
f 1809/4127/1809 224/9537/224 2302/4128/2302
vt 0.820946 0.016296
f 3174/4129/3174 2302/4128/2302 217/9538/217
vt 0.002548 0.297089
f 393/9539/393 2153/4130/2153 1344/4132/1344
vt 0.002449 0.297012
f 2153/4130/2153 864/9540/864 2813/4131/2813
vt 0.002533 0.297058
f 1344/4132/1344 2813/4131/2813 878/9541/878
vt 0.007092 0.925329
vt 0.007054 0.925341
vt 0.007128 0.925317
f 3170/9542/3170 3157/9543/3157 757/9544/757
vt 0.871368 0.402985
f 2501/9545/2501 3175/4133/3175 3152/4135/3152
vt 0.871367 0.402987
vt 0.871348 0.402997
f 3175/4133/3175 866/9546/866 3147/9547/3147
f 556/9545/556 2947/4136/2947 1821/4138/1821
vt 0.871372 0.402977
f 2947/4136/2947 866/9548/866 3175/4137/3175
vt 0.871384 0.402969
f 1821/4138/1821 3175/4137/3175 2501/9549/2501
vt 0.218994 0.000244
vt 0.218935 0.000187
vt 0.218933 0.000183
f 61/9550/61 1350/9551/1350 1792/9552/1792
vt 0.555925 0.705083
f 3430/9553/3430 3003/3380/3003 3162/4140/3162
f 3003/3380/3003 346/3379/346 2794/4139/2794
f 3162/4140/3162 2794/4139/2794 748/9469/748
vt 0.753212 0.250378
vt 0.753227 0.250378
f 859/9554/859 467/4141/467 3258/9555/3258
vt 0.753220 0.250374
vt 0.753231 0.250376
f 1536/4141/1536 1535/9556/1535 3257/9557/3257
vt 0.753265 0.250381
f 3258/4143/3258 3257/4142/3257 430/9558/430
vt 0.303028 0.984612
vt 0.303030 0.984608
f 52/4144/52 3391/9559/3391 3396/9560/3396
vt 0.303040 0.984619
f 3066/4146/3066 3168/4145/3168 368/9561/368
vt 0.235181 0.513210
f 3090/9024/3090 259/9025/259 815/9562/815
vt 0.004883 0.799072
f 1967/4149/1967 3113/4148/3113 282/9563/282
f 2805/9278/2805 3142/4150/3142 2859/4152/2859
f 324/9288/324 3145/3935/3145 2658/4154/2658
f 3145/3935/3145 2012/9287/2012 944/4153/944
vt 0.003418 0.302734
f 2658/4154/2658 944/4153/944 750/9564/750
vt 0.870148 0.404205
vt 0.870163 0.404190
f 3289/4155/3289 840/9565/840 3301/9566/3301
vt 0.870165 0.404190
vt 0.870178 0.404175
f 2000/3938/2000 3301/9567/3301 574/9568/574
vt 0.823271 0.018278
vt 0.823270 0.018277
f 3171/9569/3171 352/9522/352 3370/9570/3370
vt 0.820950 0.016296
f 413/9571/413 3174/4157/3174 1389/4159/1389
vt 0.820934 0.016327
f 3174/4157/3174 217/9572/217 2882/4158/2882
f 1389/4159/1389 2882/4158/2882 101/9538/101
vt 0.204758 0.050079
vt 0.204773 0.050110
f 1068/9573/1068 1069/9574/1069 326/4434/326
vt 0.296936 0.993591
f 1048/4454/1048 3176/9575/3176 1082/4455/1082
vt 0.007607 0.071632
f 3254/9576/3254 2087/6491/2087 1843/6492/1843
f 2/2052/2 868/2054/868 2447/6930/2447
vt 0.752475 0.576100
f 2346/7207/2346 3179/9577/3179 2345/7208/2345
vt 0.237364 0.510121
f 3182/9578/3182 2773/7798/2773 2774/7799/2774
vt 0.000248 0.422306
f 2897/9579/2897 2790/8178/2790 674/8176/674
f 12/3338/12 2716/3340/2716 2991/8574/2991
vt 0.528006 0.627918
f 3187/3650/3187 3349/9580/3349 2804/3651/2804
f 3078/3823/3078 1792/3825/1792 2853/9178/2853
vt 0.837702 0.428671
f 3190/9581/3190 1283/9439/1283 1282/9440/1282
vt 0.578186 0.005768
vt 0.578186 0.005753
f 1768/9582/1768 1525/9465/1525 3272/9583/3272
vt 0.226440 0.007690
f 364/4170/364 363/9584/363 18/4171/18
vt 0.532926 0.272471
f 3192/9585/3192 962/72/962 964/74/964
vt 0.204773 0.050140
f 1070/4434/1070 1068/9586/1068 326/5119/326
vt 0.842718 0.436203
vt 0.842720 0.436203
vt 0.842724 0.436211
f 1159/9587/1159 320/9588/320 3227/9589/3227
f 860/4650/860 1205/309/1205 45/4651/45
vt 0.620369 0.139198
vt 0.620270 0.139191
vt 0.620331 0.139191
f 1211/9590/1211 1625/9591/1625 3294/9592/3294
vt 0.000061 0.617981
vt 0.000031 0.617950
f 1215/322/1215 1216/9593/1216 3442/9594/3442
vt 0.815018 0.773102
vt 0.815025 0.773125
f 405/9595/405 1271/4748/1271 1273/9596/1273
vt 0.815029 0.773132
f 1272/9597/1272 1273/9596/1273 1271/4748/1271
vt 0.664917 0.996521
f 1324/4831/1324 383/9598/383 1325/4832/1325
vt 0.002106 0.621368
vt 0.002136 0.621277
vt 0.002197 0.621338
f 3195/9599/3195 1330/9600/1330 526/9601/526
vt 0.995195 0.857370
vt 0.995235 0.857372
vt 0.995174 0.857372
f 577/9602/577 1271/9603/1271 405/9604/405
vt 0.995245 0.857374
vt 0.995255 0.857376
vt 0.995193 0.857376
f 577/9605/577 405/9606/405 1364/9607/1364
vt 0.816574 0.023529
f 783/9608/783 1393/546/1393 1392/4941/1392
vt 0.882973 0.787016
vt 0.882996 0.787003
f 1403/9609/1403 892/560/892 1404/9610/1404
vt 0.883987 0.786251
vt 0.883972 0.786270
f 1403/9611/1403 1404/4961/1404 16/9612/16
f 2229/5227/2229 2228/757/2228 965/759/965
vt 0.430103 0.699438
vt 0.430099 0.699440
f 2228/9613/2228 3276/9614/3276 473/758/473
vt 0.218883 0.012050
vt 0.218880 0.012104
f 75/9615/75 822/9616/822 1648/860/1648
vt 0.015474 0.281930
vt 0.015475 0.281946
vt 0.015474 0.281929
f 1686/9617/1686 3210/9618/3210 642/9619/642
vt 0.177451 0.756949
vt 0.177464 0.756931
f 1701/9620/1701 3225/931/3225 3103/9621/3103
vt 0.997246 0.084328
f 169/5541/169 127/5540/127 1764/9622/1764
vt 0.775600 0.000042
vt 0.775591 0.000040
f 848/9623/848 837/9253/837 3243/9624/3243
vt 0.523331 0.815159
vt 0.523335 0.815159
vt 0.523331 0.815163
f 1849/9625/1849 1803/9626/1803 222/9627/222
vt 0.523333 0.815168
vt 0.523331 0.815170
f 1562/9627/1562 1849/9628/1849 222/9629/222
vt 0.460744 0.680840
f 1844/5692/1844 3221/9630/3221 1941/5693/1941
vt 0.917725 0.000000
vt 0.917542 0.000015
f 202/9631/202 3193/9632/3193 1862/1159/1862
vt 0.792053 0.999969
f 2329/5796/2329 575/9633/575 1899/5797/1899
vt 0.792068 0.999992
vt 0.792091 0.999996
f 1898/9634/1898 1899/5797/1899 64/9635/64
vt 0.521535 0.632271
vt 0.521557 0.632263
vt 0.521514 0.632278
f 3198/9636/3198 81/9637/81 269/9638/269
vt 0.521578 0.632263
vt 0.521579 0.632263
f 1957/9639/1957 3178/5943/3178 3198/9640/3198
vt 0.521599 0.632256
vt 0.521620 0.632248
vt 0.521600 0.632256
f 3178/9641/3178 1408/9642/1408 3198/9643/3198
vt 0.149498 0.873627
f 1968/9644/1968 3199/5950/3199 984/5949/984
vt 0.369505 0.397902
f 1566/6144/1566 3433/6143/3433 3446/9645/3446
vt 0.839256 0.432373
f 3200/6222/3200 2119/9646/2119 880/6223/880
vt 0.991089 0.993408
f 632/6311/632 2164/6312/2164 2595/9647/2595
vt 0.995781 0.545891
f 161/6333/161 344/6330/344 376/9648/376
vt 0.432693 0.694386
vt 0.432705 0.694373
vt 0.432735 0.694343
f 104/9649/104 2228/9650/2228 2229/9651/2229
vt 0.007599 0.071625
f 290/9652/290 3254/9576/3254 1843/6492/1843
vt 0.215088 0.173462
vt 0.215256 0.173431
f 3262/9653/3262 2269/9654/2269 1684/6522/1684
vt 0.752775 0.575592
f 1156/6564/1156 2289/9655/2289 111/6565/111
vt 0.010620 0.051758
vt 0.010864 0.051453
f 2305/9656/2305 649/9657/649 648/1808/648
vt 0.236267 0.511608
vt 0.236267 0.511607
vt 0.236266 0.511610
f 3218/9658/3218 2310/9659/2310 3241/9660/3241
f 133/6746/133 1144/6744/1144 132/6743/132
vt 0.631026 0.410156
vt 0.631027 0.410156
f 3217/9661/3217 1307/1970/1307 1306/9662/1306
f 3449/6809/3449 100/1972/100 2329/1974/2329
vt 0.203720 0.052277
vt 0.203735 0.052246
f 2355/9663/2355 1500/6844/1500 1526/9664/1526
vt 0.203762 0.052177
f 658/9664/658 2355/9665/2355 1526/6845/1526
vt 0.998295 0.997068
vt 0.998291 0.997070
f 2516/9666/2516 2522/2186/2522 825/9667/825
vt 0.998047 0.997070
vt 0.998173 0.997068
f 696/9668/696 2516/9669/2516 825/9667/825
vt 0.014982 0.047134
vt 0.014771 0.047241
vt 0.014950 0.047150
f 739/9670/739 1843/9671/1843 438/9672/438
vt 0.014648 0.047302
vt 0.014526 0.047363
vt 0.014706 0.047272
f 739/9673/739 438/9674/438 2532/9675/2532
vt 0.225342 0.007141
f 3188/7232/3188 150/7231/150 2558/9676/2558
vt 0.177064 0.757616
f 2587/7303/2587 2387/7305/2387 119/9677/119
vt 0.011738 0.486012
vt 0.011688 0.485992
f 2627/9678/2627 1049/9679/1049 1380/2389/1380
vt 0.880411 0.531250
f 2231/7399/2231 2247/7398/2247 2632/9680/2632
vt 0.535022 0.277322
vt 0.535024 0.277322
vt 0.535020 0.277324
f 3202/9681/3202 2633/9682/2633 2634/9683/2634
vt 0.322998 0.281616
vt 0.322990 0.281616
vt 0.322968 0.281601
f 3220/9684/3220 3203/9685/3203 2676/9686/2676
vt 0.322975 0.281609
f 3180/9687/3180 2676/9686/2676 3203/9685/3203
f 2013/7625/2013 598/6022/598 272/6026/272
vt 0.534678 0.275964
vt 0.534678 0.275961
f 2084/9688/2084 619/9689/619 2695/2575/2695
vt 0.000002 0.300526
f 3181/9690/3181 598/6022/598 2749/2646/2749
vt 0.532800 0.273119
vt 0.532800 0.273116
f 3192/9691/3192 179/9692/179 962/2667/962
vt 0.227539 1.000000
f 760/7755/760 19/9693/19 2761/2674/2761
vt 0.237345 0.510149
f 3182/9694/3182 3348/7796/3348 2773/7799/2773
vt 0.645771 0.656250
vt 0.645779 0.656242
vt 0.645775 0.656250
f 3244/9695/3244 2796/9696/2796 749/9697/749
vt 0.645784 0.656246
vt 0.645782 0.656250
f 2288/9697/2288 3244/9698/3244 749/9699/749
vt 0.534678 0.275959
f 2719/2825/2719 2084/9700/2084 2695/2826/2695
f 1562/8077/1562 265/8079/265 2871/8081/2871
vt 0.171951 0.995186
vt 0.171951 0.995190
f 3196/9701/3196 1523/2976/1523 1524/9702/1524
vt 0.761841 0.250633
vt 0.761810 0.250633
vt 0.761841 0.250629
f 3183/9703/3183 3275/9704/3275 2061/9705/2061
vt 0.000248 0.422337
vt 0.000244 0.422363
f 1946/8176/1946 2897/9706/2897 674/9707/674
f 706/7307/706 3184/8193/3184 2664/8196/2664
vt 0.011967 0.485744
f 2627/9708/2627 1380/3123/1380 2924/3125/2924
vt 0.325887 0.283262
vt 0.325871 0.283262
vt 0.325876 0.283260
f 1114/9709/1114 3291/9710/3291 1020/9711/1020
vt 0.871414 0.402946
vt 0.871403 0.402954
f 2927/9712/2927 3289/9549/3289 866/9713/866
vt 0.661156 0.997855
vt 0.661118 0.997871
f 3185/9714/3185 3281/8403/3281 2952/9715/2952
f 728/8467/728 2960/3251/2960 2535/3253/2535
f 2960/8498/2960 2972/3278/2972 186/8499/186
vt 0.857498 0.999924
vt 0.857330 0.999969
vt 0.857513 0.999908
f 3351/9716/3351 2164/9717/2164 336/9718/336
vt 0.656868 0.999766
vt 0.656876 0.999762
vt 0.656883 0.999759
f 2234/9719/2234 3242/9720/3242 3048/9721/3048
vt 0.857590 0.986343
f 3237/8817/3237 3234/9722/3234 94/8818/94
f 3204/8886/3204 811/8885/811 840/3603/840
vt 0.416256 0.990719
f 2899/8893/2899 3205/9723/3205 3070/3611/3070
vt 0.984375 0.562819
vt 0.984375 0.562828
vt 0.984375 0.562819
f 2416/9724/2416 3071/9725/3071 497/9726/497
vt 0.984375 0.562821
f 2541/9726/2541 2416/9727/2416 497/8950/497
f 1646/8979/1646 815/8977/815 259/8980/259
vt 0.226410 0.007721
f 363/8982/363 364/8984/364 3082/9728/3082
vt 0.175023 0.760961
vt 0.175021 0.760962
f 426/9729/426 1701/9730/1701 3103/9069/3103
vt 0.234789 0.514405
vt 0.234785 0.514415
vt 0.234785 0.514416
f 3102/9731/3102 590/9732/590 2312/9733/2312
f 1080/9228/1080 3135/9230/3135 1765/9229/1765
vt 0.705738 0.623699
vt 0.705719 0.623688
f 2556/9734/2556 2541/9263/2541 268/9735/268
vt 0.590056 0.674427
f 3201/9736/3201 1162/1375/1162 3233/3930/3233
vt 0.775389 0.444015
f 3206/9737/3206 3152/3969/3152 1922/3971/1922
f 2432/9341/2432 2655/3983/2655 917/9342/917
vt 0.247532 0.429348
f 3247/9386/3247 2630/9385/2630 489/9738/489
vt 0.999870 0.221218
f 3189/9739/3189 191/9084/191 3104/4023/3104
vt 0.989944 0.233398
vt 0.989952 0.233383
f 567/9740/567 340/9741/340 3143/4028/3143
vt 0.837698 0.428675
f 3190/9742/3190 3155/9438/3155 1283/9440/1283
vt 0.655841 0.368856
vt 0.655845 0.368861
f 3206/9743/3206 2501/9744/2501 3152/1230/3152
vt 0.006095 0.922498
vt 0.006096 0.922497
vt 0.006100 0.922499
f 1935/9745/1935 92/9746/92 3316/9747/3316
vt 0.203451 0.057148
f 898/887/898 3207/4205/3207 897/9748/897
vt 0.333534 0.934624
f 3208/9749/3208 1066/4429/1066 1067/4430/1067
vt 0.023956 0.191101
vt 0.023895 0.191116
f 3210/9750/3210 1686/9751/1686 1507/5123/1507
vt 0.620856 0.053179
vt 0.620847 0.053182
vt 0.620858 0.053178
f 1625/9752/1625 1211/9753/1211 726/9754/726
vt 0.311267 0.688887
vt 0.311263 0.688889
vt 0.311267 0.688886
f 1645/9755/1645 773/9756/773 1646/9757/1646
vt 0.661407 0.998061
f 1915/1224/1915 3246/9758/3246 1220/5841/1220
vt 0.521435 0.632317
f 1964/5935/1964 3213/9759/3213 1961/5939/1961
vt 0.325274 0.283617
f 3214/1581/3214 2170/1580/2170 1566/9760/1566
f 2357/6699/2357 3216/6698/3216 2356/6700/2356
vt 0.996399 0.999985
f 2515/9761/2515 2516/7110/2516 2517/7109/2517
f 2556/7221/2556 3219/7225/3219 2416/7224/2416
vt 0.323423 0.281557
f 2675/7503/2675 3220/9762/3220 2677/7505/2677
vt 0.003407 0.621044
f 2059/9763/2059 1722/7791/1722 526/7789/526
vt 0.462815 0.678121
f 3221/9764/3221 1962/8452/1962 2166/8453/2166
f 3243/3311/3243 2963/3310/2963 2977/8541/2977
vt 0.175019 0.760964
f 3225/9765/3225 2387/9070/2387 3103/9069/3103
vt 0.373054 0.454982
vt 0.373054 0.454983
f 3241/9766/3241 2312/9767/2312 590/9129/590
vt 0.324940 0.283597
f 3226/9768/3226 2473/9366/2473 1751/9365/1751
f 3227/4057/3227 1299/9448/1299 1160/4058/1160
f 3207/4207/3207 841/4206/841 897/9748/897
vt 0.323685 0.282256
vt 0.323685 0.282257
f 2085/4312/2085 970/9769/970 2274/9770/2274
vt 0.999939 0.723877
f 1226/337/1226 3228/9771/3228 49/338/49
vt 0.225632 0.006973
f 532/4697/532 22/4699/22 1236/9772/1236
vt 0.150480 0.872726
vt 0.150471 0.872742
f 3229/9773/3229 1292/412/1292 441/9774/441
f 1462/4909/1462 1368/508/1368 1369/510/1369
vt 0.335617 0.935871
f 68/9775/68 1476/649/1476 201/651/201
vt 0.335587 0.935894
vt 0.335571 0.935883
f 903/651/903 68/9776/68 201/9777/201
vt 0.203491 0.053467
f 2355/5109/2355 3209/5110/3209 70/9778/70
f 1532/5169/1532 1467/5168/1467 1531/5172/1531
f 1536/5176/1536 1534/5175/1534 1535/9554/1535
vt 0.752716 0.575806
vt 0.752687 0.575844
f 1578/773/1578 1156/9779/1156 3232/9780/3232
f 1603/5280/1603 3187/5279/3187 2744/806/2744
vt 0.620849 0.053180
vt 0.620852 0.053179
f 766/9754/766 1625/9781/1625 726/9782/726
vt 0.586784 0.676910
vt 0.586754 0.676933
f 135/9783/135 3233/9784/3233 1674/5386/1674
vt 0.217598 0.172440
f 822/5404/822 3282/9785/3282 1647/906/1647
vt 0.774040 0.000023
f 309/5574/309 3211/5575/3211 599/9786/599
vt 0.523381 0.815162
f 562/9787/562 1848/1133/1848 1849/1135/1849
vt 0.995230 0.857420
f 3234/9788/3234 1912/5829/1912 370/5828/370
vt 0.005634 0.923609
vt 0.005684 0.923588
vt 0.005653 0.923603
f 1934/9789/1934 92/9790/92 1936/9791/1936
vt 0.005646 0.923599
f 1935/9790/1935 1936/9789/1936 92/9792/92
vt 0.005672 0.923597
vt 0.005722 0.923576
f 1936/9793/1936 1935/9790/1935 524/9794/524
f 3213/5936/3213 1965/5935/1965 1957/5939/1957
vt 0.521436 0.632317
f 3213/5940/3213 1957/9795/1957 269/5941/269
vt 0.484726 0.990585
vt 0.484711 0.990570
f 3403/9796/3403 296/9797/296 2028/9797/2028
vt 0.245139 0.755214
f 3235/6090/3235 1665/6089/1665 2743/9798/2743
vt 0.656944 0.999736
vt 0.656921 0.999745
vt 0.656937 0.999739
f 2234/9799/2234 356/9800/356 3242/9801/3242
vt 0.370234 0.398119
vt 0.370228 0.398121
f 2077/6447/2077 3291/9802/3291 2237/9803/2237
vt 0.370235 0.398121
f 3264/9804/3264 2237/9803/2237 3291/6448/3291
vt 0.797657 0.990005
f 1912/1722/1912 3237/9805/3237 2256/1723/2256
vt 0.657829 0.999396
vt 0.657837 0.999393
f 3215/9806/3215 213/9807/213 2041/1741/2041
vt 0.215324 0.173412
vt 0.215260 0.173426
vt 0.215302 0.173416
f 3238/9808/3238 3262/9809/3262 75/9810/75
vt 0.752491 0.576080
f 2346/7209/2346 111/9811/111 2289/7212/2289
f 453/6694/453 3216/6696/3216 2357/6699/2357
f 3216/6698/3216 70/6697/70 2356/6700/2356
vt 0.655430 0.370869
f 1300/6865/1300 3217/6868/3217 379/9812/379
vt 0.801079 0.702835
f 701/9813/701 2415/2005/2415 2416/2007/2416
f 211/6962/211 3218/6964/3218 2458/6967/2458
vt 0.752631 0.575905
vt 0.752653 0.575882
f 2346/9814/2346 2289/9815/2289 3179/5245/3179
vt 0.996582 0.999969
f 2515/9761/2515 697/9816/697 2516/7110/2516
f 2550/2239/2550 781/7190/781 2549/2237/2549
f 2231/7386/2231 2624/7385/2624 228/7387/228
vt 0.880411 0.531250
f 3240/9817/3240 2632/7401/2632 3223/9016/3223
vt 0.049423 0.382797
f 1580/7645/1580 257/9818/257 2727/7646/2727
vt 0.235083 0.514302
f 3247/9819/3247 2666/7764/2666 729/7768/729
vt 0.003422 0.621090
vt 0.003418 0.621094
f 1330/7789/1330 2059/9820/2059 526/9821/526
vt 0.203199 0.061924
vt 0.203204 0.061953
vt 0.203205 0.061974
f 799/9822/799 3238/9823/3238 75/9824/75
vt 0.216965 0.172729
f 2807/2778/2807 3238/9825/3238 2786/2779/2786
vt 0.580124 0.003529
vt 0.580109 0.003593
vt 0.580109 0.003532
f 495/9826/495 766/9827/766 726/9828/726
vt 0.580078 0.003571
vt 0.580078 0.003540
f 2431/9828/2431 495/9829/495 726/9830/726
vt 0.646392 0.655576
vt 0.646393 0.655579
f 3232/9831/3232 1156/9832/1156 1155/2829/1155
vt 0.245430 0.755417
vt 0.245432 0.755419
f 2815/9833/2815 3235/7698/3235 2816/9834/2816
f 756/8114/756 1214/8115/1214 1316/2981/1316
vt 0.818141 0.021822
vt 0.818142 0.021820
f 2061/9835/2061 2883/3016/2883 3183/9836/3183
f 2927/8333/2927 423/7354/423 1314/8334/1314
vt 0.006714 0.055084
vt 0.006660 0.055141
f 3267/9837/3267 739/3184/739 3268/9838/3268
vt 0.462794 0.678145
f 3221/9839/3221 1949/8317/1949 1962/8453/1962
vt 0.173728 0.763087
vt 0.173729 0.763084
f 3229/9840/3229 2414/3298/2414 1292/9841/1292
f 542/8965/542 3279/3649/3279 2804/3651/2804
vt 0.225586 0.006958
f 610/9842/610 2558/8995/2558 1190/8994/1190
vt 0.225739 0.007050
f 2558/8995/2558 610/9842/610 3086/9843/3086
f 801/9015/801 3223/9017/3223 2632/9019/2632
f 3090/9022/3090 3089/9021/3089 1805/9024/1805
f 3059/9132/3059 3120/3788/3120 2259/3790/2259
vt 0.590041 0.674435
vt 0.590034 0.674438
f 3233/9844/3233 1673/3929/1673 1674/9845/1674
vt 0.049435 0.382489
vt 0.049435 0.382489
f 835/9348/835 2740/9846/2740 3308/9847/3308
vt 0.324940 0.283597
vt 0.324939 0.283597
f 3226/9848/3226 2144/9849/2144 2473/9365/2473
f 3250/9490/3250 3167/4097/3167 3022/4099/3022
vt 0.784539 0.998969
vt 0.784546 0.998962
vt 0.784515 0.999008
f 3242/9850/3242 62/9851/62 396/9852/396
vt 0.775581 0.000038
f 3243/9624/3243 837/9253/837 905/9853/905
vt 0.521515 0.632278
vt 0.521493 0.632286
f 269/9854/269 1957/9855/1957 3198/9637/3198
f 3188/7232/3188 2558/9676/2558 3086/9009/3086
vt 0.912053 0.001941
f 848/9856/848 3243/3311/3243 2977/8541/2977
vt 0.656860 0.999769
f 2234/9857/2234 3048/9721/3048 3034/8754/3034
vt 0.234785 0.514416
f 3102/9731/3102 2312/9733/2312 618/9858/618
vt 0.707771 0.624931
f 3244/9859/3244 1463/5054/1463 2796/5055/2796
vt 0.335663 0.935631
f 1473/9860/1473 446/5076/446 2775/5074/2775
vt 0.015348 0.046951
f 2531/9861/2531 2532/7157/2532 656/7155/656
vt 0.993439 0.999947
f 2553/9862/2553 2578/7284/2578 2515/7283/2515
vt 0.369830 0.397950
f 2666/7535/2666 3247/9863/3247 2426/7536/2426
vt 0.798576 0.985443
vt 0.798592 0.985382
f 2869/8071/2869 2870/9864/2870 1884/9865/1884
vt 0.173223 0.763586
f 3249/9866/3249 2129/8463/2129 1970/8464/1970
vt 0.244216 0.756951
f 2718/9867/2718 2162/8638/2162 3006/8639/3006
f 3250/3441/3250 3022/8707/3022 1108/3442/1108
vt 0.522943 0.816040
f 2994/9868/2994 2850/8744/2850 2454/8743/2454
vt 0.656876 0.999763
f 3251/9869/3251 3034/8754/3034 2040/8753/2040
vt 0.225517 0.006935
f 1236/9870/1236 3085/8990/3085 1015/8991/1015
f 3253/3877/3253 2602/3876/2602 257/9221/257
f 1689/4213/1689 902/4212/902 3337/4215/3337
vt 0.007553 0.071945
vt 0.007568 0.071930
f 3245/9871/3245 3254/9872/3254 909/1125/909
f 946/4273/946 3344/4272/3344 1026/4274/1026
vt 0.000031 0.122681
vt 0.000015 0.122772
f 1032/9873/1032 3236/9874/3236 704/2309/704
vt 0.633255 0.407837
vt 0.633179 0.407928
vt 0.633148 0.407959
f 990/9875/990 3256/9876/3256 647/9877/647
vt 0.164783 0.267282
f 1418/4995/1418 2363/4994/2363 2362/9878/2362
vt 0.707726 0.624916
f 3244/9879/3244 1462/5052/1462 1463/5055/1463
vt 0.753204 0.250374
vt 0.753197 0.250370
f 3257/9880/3257 1535/9881/1535 2537/9556/2537
vt 0.578125 0.005829
vt 0.578125 0.005859
f 291/9882/291 1767/1035/1767 495/9883/495
vt 0.049427 0.382832
vt 0.049429 0.382849
vt 0.049423 0.382828
f 1815/9884/1815 519/9885/519 1816/9886/1816
vt 0.622268 0.052532
vt 0.622266 0.052531
f 3414/9887/3414 209/9888/209 1870/5729/1870
vt 0.779701 0.901844
vt 0.779724 0.901848
vt 0.779709 0.901848
f 472/9889/472 952/9890/952 20/9891/20
vt 0.779732 0.901855
vt 0.779724 0.901855
f 1882/9891/1882 472/9892/472 20/9893/20
f 1887/5802/1887 575/5801/575 1900/5803/1900
vt 0.522954 0.631786
vt 0.522964 0.631783
f 1947/9894/1947 269/9895/269 81/1251/81
f 2223/6420/2223 2222/6419/2222 3261/1655/3261
vt 0.215347 0.173409
vt 0.215271 0.173424
f 2269/9896/2269 3262/9897/3262 3238/9808/3238
vt 0.176785 0.755966
f 3263/9898/3263 2338/6667/2338 3225/6669/3225
vt 0.663502 0.999161
f 2994/9899/2994 2454/2091/2454 2470/2093/2470
f 1633/7051/1633 2491/2127/2491 1647/7052/1647
vt 0.620901 0.053148
f 291/9900/291 495/7070/495 2496/2139/2496
vt 0.015284 0.046982
vt 0.015373 0.046936
f 2533/7155/2533 2531/9901/2531 656/9902/656
f 3264/7239/3264 2561/2258/2561 444/7240/444
vt 0.993408 0.999939
f 200/9903/200 2553/9862/2553 2515/7283/2515
vt 0.621517 0.681764
vt 0.621519 0.681765
vt 0.621516 0.681764
f 3300/9904/3300 709/9905/709 3239/9906/3239
f 3265/7481/3265 2665/2467/2665 1043/2466/1043
vt 0.322952 0.281593
vt 0.322952 0.281601
vt 0.322937 0.281586
f 2676/9907/2676 3180/9908/3180 2710/9909/2710
vt 0.049434 0.382480
f 519/9910/519 2740/2617/2740 1816/2619/1816
vt 0.244532 0.758313
vt 0.244533 0.758310
f 3248/9911/3248 682/9912/682 2776/2710/2776
f 3266/7832/3266 2816/7831/2816 3235/2725/3235
vt 0.174866 0.757961
vt 0.174870 0.757960
f 3326/9913/3326 119/9914/119 2338/7927/2338
vt 0.798580 0.985397
vt 0.798584 0.985352
f 1885/9865/1885 2869/9915/2869 1884/9916/1884
vt 0.007751 0.072083
f 290/9917/290 3267/8103/3267 39/8102/39
vt 0.327610 0.281372
f 2561/3095/2561 3264/9918/3264 2914/3093/2914
vt 0.325869 0.283263
f 1114/9709/1114 3264/9919/3264 3291/9710/3291
f 809/9837/809 3268/8387/3268 2919/3184/2919
vt 0.006775 0.055023
f 3268/8387/3268 739/9920/739 2531/3182/2531
vt 0.871369 0.402979
vt 0.871365 0.402985
vt 0.871367 0.402981
f 866/9921/866 2947/9922/2947 2927/9923/2927
vt 0.661110 0.997874
vt 0.661133 0.997864
f 3185/9924/3185 2953/8405/2953 328/9925/328
vt 0.173239 0.763571
f 3249/9926/3249 3229/8461/3229 2129/8464/2129
vt 0.156988 0.266581
f 2988/3330/2988 519/9927/519 1815/3331/1815
vt 0.244216 0.756947
f 682/9928/682 2718/9867/2718 3006/8639/3006
vt 0.656876 0.999763
f 3251/9929/3251 2234/9857/2234 3034/8753/3034
vt 0.218902 0.014638
f 1647/8861/1647 3252/8862/3252 822/9930/822
vt 0.218778 0.014727
vt 0.218778 0.014733
f 3073/9931/3073 3035/8917/3035 799/9932/799
f 532/4697/532 1236/9870/1236 1015/8991/1015
vt 0.210692 0.917045
vt 0.210692 0.917046
vt 0.210692 0.917045
f 2007/9933/2007 1530/9934/1530 3346/9935/3346
vt 0.164806 0.267019
f 608/9936/608 3253/3877/3253 3259/9222/3259
f 3253/3877/3253 608/9936/608 3269/3875/3269
f 3028/9403/3028 2787/9402/2787 3158/9406/3158
f 2258/4040/2258 847/9419/847 3059/4041/3059
vt 0.522975 0.631779
vt 0.522987 0.631775
f 1947/9937/1947 81/9938/81 1856/1251/1856
vt 0.236266 0.511609
f 2310/9939/2310 2311/6603/2311 2312/6604/2312
vt 0.520463 0.632706
vt 0.520458 0.632708
f 1959/4074/1959 1960/9940/1960 3261/9941/3261
vt 0.006653 0.055145
f 3267/9837/3267 3268/9838/3268 809/9942/809
vt 0.527557 0.628096
f 542/9943/542 2859/8781/2859 3039/8778/3039
vt 0.857435 0.986353
vt 0.857437 0.986374
vt 0.857430 0.986351
f 2992/9944/2992 3363/9945/3363 3351/9946/3351
f 3241/9660/3241 2310/9939/2310 2312/6604/2312
f 1167/641/1167 445/643/445 1473/5070/1473
f 1229/789/1229 239/788/239 1228/5261/1228
f 3270/848/3270 1634/5325/1634 531/849/531
f 1463/5667/1463 3271/5668/3271 1829/5667/1829
vt 0.812523 0.779121
f 64/5774/64 3273/9947/3273 1886/5775/1886
vt 0.473514 0.997225
f 969/40/969 3274/9948/3274 972/5982/972
vt 0.819333 0.020035
f 232/6077/232 3275/9949/3275 2043/6080/2043
vt 0.432638 0.694458
vt 0.432705 0.694392
f 3276/9950/3276 2207/4091/2207 473/9951/473
vt 0.916595 0.000149
vt 0.916565 0.000130
vt 0.916626 0.000153
f 2508/9952/2508 1863/9953/1863 565/9954/565
vt 0.244679 0.757818
f 2747/9955/2747 2177/7711/2177 2718/7712/2718
f 3072/8904/3072 3278/8906/3278 2909/8905/2909
vt 0.792450 0.999809
vt 0.792450 0.999817
f 3280/9956/3280 2368/9327/2368 665/9957/665
vt 0.520434 0.632715
vt 0.520428 0.632717
f 861/9958/861 1961/5931/1961 1947/9959/1947
vt 0.164803 0.267246
f 3269/579/3269 1418/578/1418 3407/9960/3407
vt 0.164776 0.267279
vt 0.164778 0.267272
f 1418/9878/1418 504/9961/504 3407/9962/3407
vt 0.993705 0.545667
vt 0.993716 0.545663
vt 0.993698 0.545670
f 1532/9963/1532 1799/9964/1799 1800/9965/1800
vt 0.622308 0.052526
vt 0.622308 0.052526
vt 0.622306 0.052526
f 1871/9966/1871 1769/9967/1769 3414/9968/3414
f 3273/5773/3273 1884/5772/1884 1886/5774/1886
vt 0.812515 0.779160
f 1887/5774/1887 3273/5776/3273 64/9969/64
vt 0.432707 0.694391
f 3276/9970/3276 2206/6393/2206 2207/9951/2207
vt 0.536213 0.272915
vt 0.536215 0.272921
f 2318/9971/2318 650/9972/650 2494/1830/2494
vt 0.655765 0.364610
vt 0.655764 0.364610
f 2319/9973/2319 2318/9974/2318 2494/7062/2494
vt 0.916595 0.000134
vt 0.916626 0.000137
f 752/9954/752 2508/9975/2508 565/9976/565
vt 0.804611 0.984402
vt 0.804626 0.984406
f 3283/9977/3283 2578/2332/2578 2553/9978/2553
vt 0.621517 0.681764
f 2434/7358/2434 3300/9979/3300 1903/7359/1903
vt 0.244674 0.757837
f 727/9980/727 2747/9955/2747 2718/7712/2718
f 373/8069/373 2869/8071/2869 1885/9865/1885
vt 0.007776 0.072092
vt 0.007778 0.072048
vt 0.007778 0.072079
f 124/9981/124 809/9982/809 2909/9983/2909
vt 0.041855 0.999931
f 3295/8345/3295 72/9984/72 2928/8346/2928
vt 0.235181 0.513209
vt 0.235181 0.513209
vt 0.235180 0.513210
f 2983/9985/2983 3277/9986/3277 3090/9987/3090
f 2353/8806/2353 1233/3530/1233 3363/3532/3363
vt 0.218777 0.014715
f 3284/8914/3284 3073/8913/3073 2714/9988/2714
vt 0.528008 0.627917
vt 0.528007 0.627917
f 193/8935/193 1616/9989/1616 542/9990/542
vt 0.516043 0.815500
vt 0.516044 0.815496
f 3285/9991/3285 605/9992/605 969/3789/969
f 3137/9252/3137 973/9251/973 3431/3903/3431
vt 0.792435 0.999817
f 3280/9993/3280 2394/9325/2394 2368/9957/2368
f 861/9958/861 1947/9959/1947 270/8010/270
f 3175/4133/3175 3147/9547/3147 3146/4134/3146
vt 0.462424 0.678606
f 2182/1596/2182 3302/9994/3302 2222/3940/2222
vt 0.993719 0.545662
f 1532/9995/1532 1800/5627/1800 828/9965/828
vt 0.235181 0.513209
f 2983/9996/2983 3090/8550/3090 815/9987/815
f 1959/4074/1959 3261/9941/3261 307/9470/307
vt 0.213043 0.916267
f 1610/9997/1610 1784/5592/1784 547/5590/547
vt 0.473483 0.997248
f 1990/9998/1990 1991/5990/1991 212/5988/212
vt 0.536190 0.272807
f 3305/9999/3305 2323/6625/2323 2318/6626/2318
vt 0.621516 0.681763
f 3300/10000/3300 2542/9906/2542 536/7359/536
vt 0.309692 0.690384
vt 0.309689 0.690386
vt 0.309702 0.690372
f 3306/10001/3306 460/10002/460 3287/10003/3287
f 2999/3362/2999 3298/3364/3298 2434/8604/2434
vt 0.515721 0.816810
vt 0.515724 0.816788
f 3120/10004/3120 3060/10005/3060 410/9166/410
vt 0.520451 0.632710
f 3169/10006/3169 3172/9526/3172 861/8009/861
f 3289/4156/3289 3301/9566/3301 3147/3938/3147
vt 0.634560 0.012589
vt 0.634598 0.012604
f 3294/1814/3294 3290/10007/3290 3255/10008/3255
vt 0.999969 0.724548
f 1589/4687/1589 1229/10009/1229 14/4685/14
vt 0.515688 0.815952
vt 0.515686 0.815979
f 3293/10010/3293 1374/515/1374 1422/10011/1422
vt 0.213028 0.916283
vt 0.213013 0.916290
f 1337/5590/1337 1610/10012/1610 547/10013/547
vt 0.473487 0.997242
vt 0.473490 0.997239
f 1992/5988/1992 1990/10014/1990 212/10015/212
vt 0.098866 0.998663
f 1196/1342/1196 3295/10016/3295 2017/1343/2017
vt 0.010193 0.921997
f 2022/1348/2022 3296/10017/3296 2023/1349/2023
vt 0.098373 0.998695
vt 0.098410 0.998693
vt 0.098370 0.998697
f 2017/10018/2017 3295/10019/3295 2930/10020/2930
vt 0.164738 0.267656
vt 0.164734 0.267670
f 3297/10021/3297 2172/4285/2172 504/10022/504
vt 0.359383 0.991966
vt 0.359390 0.991928
vt 0.359386 0.991955
f 3310/10023/3310 2513/10024/2513 3397/10025/3397
vt 0.005659 0.922562
f 2242/1691/2242 2023/1690/2023 3296/10026/3296
vt 0.005680 0.922558
f 3296/10027/3296 3321/10026/3321 2242/1690/2242
vt 0.393896 0.010417
vt 0.393860 0.010452
vt 0.393925 0.010388
f 2307/10028/2307 2419/10029/2419 2395/10030/2395
vt 0.536190 0.272816
f 548/10031/548 3305/9999/3305 2318/6626/2318
vt 0.621525 0.681767
f 709/2033/709 3298/6908/3298 241/10032/241
vt 0.989983 0.233261
vt 0.990021 0.233215
f 1009/10033/1009 54/10034/54 2529/2101/2529
vt 0.425713 0.702425
vt 0.425705 0.702423
vt 0.425720 0.702423
f 1423/10035/1423 2402/10036/2402 409/10037/409
vt 0.621515 0.681763
vt 0.621513 0.681763
f 1903/7359/1903 3300/10038/3300 536/10039/536
vt 0.706031 0.623746
f 2542/7403/2542 3300/10040/3300 3239/8928/3239
f 3287/7528/3287 460/10002/460 476/7529/476
vt 0.015496 0.282832
vt 0.015496 0.282831
vt 0.015496 0.282830
f 835/10041/835 3308/10042/3308 3375/10043/3375
vt 0.120331 0.635454
vt 0.120270 0.635469
f 2460/10044/2460 2253/10045/2253 2815/2852/2815
vt 0.997256 0.084350
f 2829/8111/2829 2508/10046/2508 752/8112/752
vt 0.041502 0.999938
f 2017/10047/2017 2930/3315/2930 2114/3317/2114
vt 0.556580 0.705093
vt 0.556576 0.705093
f 241/10048/241 3298/10049/3298 2640/3363/2640
vt 0.798592 0.994503
vt 0.798592 0.994507
f 3106/10050/3106 2171/10051/2171 2134/3763/2134
f 3060/9168/3060 3059/9167/3059 3311/10005/3311
vt 0.515728 0.816765
vt 0.515732 0.816742
f 2680/9166/2680 3120/10052/3120 410/10053/410
vt 0.324753 0.738113
vt 0.324746 0.738115
f 3288/10054/3288 3110/10055/3110 3114/3827/3114
vt 0.359424 0.991399
f 587/10056/587 2513/4030/2513 3159/4032/3159
f 865/8011/865 3169/10006/3169 861/8009/861
vt 0.359431 0.991391
vt 0.359436 0.991394
f 587/10057/587 3159/4160/3159 2468/10058/2468
vt 0.181325 0.593257
f 728/8517/728 3299/10059/3299 2750/8520/2750
vt 0.620392 0.139191
f 1211/9590/1211 3294/9592/3294 1212/10060/1212
vt 0.006487 0.055284
vt 0.006481 0.055288
f 2919/10061/2919 2305/8288/2305 38/10062/38
vt 0.621546 0.681778
vt 0.621550 0.681780
vt 0.621545 0.681778
f 2542/10063/2542 3239/10064/3239 268/10065/268
vt 0.006462 0.055309
vt 0.006470 0.055298
f 2909/10062/2909 2919/10066/2919 38/10067/38
vt 0.000355 0.930309
vt 0.000343 0.930290
vt 0.000351 0.930298
f 3296/10068/3296 2022/10069/2022 86/10070/86
vt 0.798592 0.994509
vt 0.798592 0.994511
f 3106/10071/3106 2134/10072/2134 2327/3763/2327
vt 0.462422 0.678611
f 3302/9994/3302 3261/10073/3261 2222/3940/2222
vt 0.157003 0.266604
f 1698/5426/1698 3308/10074/3308 1699/5427/1699
vt 0.995453 0.352264
vt 0.995407 0.352280
f 1893/10075/1893 3303/10076/3303 1618/5782/1618
vt 0.098454 0.998686
vt 0.098488 0.998684
f 2017/10077/2017 86/10078/86 2018/6210/2018
vt 0.997295 0.084330
vt 0.997294 0.084327
vt 0.997295 0.084327
f 2236/10079/2236 3304/10080/3304 3334/10081/3334
f 1339/8649/1339 3305/8653/3305 2487/8652/2487
vt 0.150627 0.872559
vt 0.150626 0.872559
f 2453/10082/2453 1610/817/1610 3307/10083/3307
vt 0.157000 0.266600
vt 0.156994 0.266590
f 1699/5427/1699 3308/10084/3308 519/10085/519
vt 0.984375 0.574219
f 804/683/804 1802/683/1802 1187/10086/1187
vt 0.000008 0.300735
vt 0.000004 0.300697
f 2012/10087/2012 3309/10088/3309 2013/6023/2013
f 3314/6834/3314 1487/6833/1487 2402/6835/2402
vt 0.997293 0.084331
f 2508/10089/2508 3304/10080/3304 2236/10079/2236
vt 0.997295 0.084324
f 3304/7933/3304 127/7932/127 2830/10090/2830
vt 0.218766 0.014704
vt 0.218767 0.014691
vt 0.218765 0.014748
f 1065/10091/1065 3284/10092/3284 2714/10093/2714
vt 0.954010 0.356445
vt 0.954017 0.356426
f 2946/8422/2946 559/10094/559 3327/10095/3327
vt 0.040718 0.999943
f 3286/8555/3286 3/8554/3 3062/10096/3062
vt 0.515640 0.816345
f 1374/8855/1374 3060/8857/3060 1422/10097/1422
vt 0.798592 0.994499
f 3312/10098/3312 3106/3762/3106 3115/3764/3115
vt 0.002815 0.297470
vt 0.002869 0.297485
f 3309/10099/3309 13/10100/13 2013/3836/2013
vt 0.049436 0.382497
f 519/9846/519 3308/10101/3308 2740/2617/2740
vt 0.167198 0.268351
vt 0.167183 0.268366
vt 0.167175 0.268372
f 1617/10102/1617 1075/10103/1075 3417/10104/3417
vt 0.359429 0.991378
f 3310/10105/3310 537/9410/537 3159/4160/3159
vt 0.911317 0.001861
vt 0.911347 0.001846
f 2027/1356/2027 1864/10106/1864 3340/10107/3340
f 1616/9989/1616 3279/8936/3279 542/9990/542
vt 0.309416 0.690662
vt 0.309418 0.690659
f 3410/10108/3410 1645/8419/1645 1605/10109/1605
vt 0.187352 0.189675
vt 0.187353 0.189698
vt 0.187353 0.189699
f 2834/10110/2834 835/10111/835 3322/10112/3322
vt 0.000626 0.682785
f 1447/5040/1447 65/10113/65 1449/5041/1449
vt 0.391121 0.011570
f 2307/2833/2307 3313/10114/3313 2308/6810/2308
vt 0.006105 0.922498
vt 0.006119 0.922493
f 3316/10115/3316 92/9746/92 46/10116/46
vt 0.218753 0.014748
vt 0.218753 0.014747
vt 0.218754 0.014719
f 3317/10117/3317 1064/10118/1064 2766/10119/2766
vt 0.167358 0.268196
vt 0.167343 0.268211
f 1075/161/1075 856/10120/856 167/10121/167
vt 0.999016 0.082863
vt 0.998993 0.082916
f 1259/10122/1259 1171/379/1171 1262/10123/1262
vt 0.681273 0.827621
vt 0.681282 0.827606
vt 0.681280 0.827610
f 1537/10124/1537 109/10125/109 3441/10126/3441
vt 0.916565 0.000023
vt 0.916534 0.000034
f 3340/10127/3340 1864/1161/1864 2236/10128/2236
vt 0.661751 0.997934
f 3318/10129/3318 1913/1217/1913 1139/1219/1139
vt 0.098518 0.998684
vt 0.098522 0.998682
f 3319/10130/3319 2018/6210/2018 2022/10131/2022
vt 0.000244 0.003418
f 2163/1565/2163 2735/10132/2735 21/1566/21
vt 0.391117 0.011564
f 2395/2833/2395 3313/6811/3313 2307/10133/2307
f 3320/6841/3320 2403/6839/2403 409/6842/409
vt 0.009987 0.921993
vt 0.009972 0.921993
f 3321/10134/3321 707/6051/707 3316/10135/3316
vt 0.527493 0.627944
vt 0.527504 0.627953
f 3323/10136/3323 2744/2630/2744 1616/10137/1616
vt 0.424438 0.702759
f 3314/3071/3314 1166/3070/1166 288/10138/288
f 2930/3315/2930 2928/8346/2928 3331/8348/3331
f 2985/8349/2985 3331/8348/3331 2928/8346/2928
vt 0.879406 0.531250
vt 0.879411 0.531250
f 2593/10139/2593 2969/3275/2969 3413/10140/3413
vt 0.912028 0.001927
f 2977/3294/2977 3340/10141/3340 2236/3295/2236
vt 0.879971 0.375000
vt 0.879963 0.375031
vt 0.879967 0.375000
f 3327/10142/3327 633/10143/633 802/10144/802
vt 0.879957 0.375046
vt 0.879951 0.375061
vt 0.879955 0.375031
f 3327/10145/3327 802/10146/802 2946/10147/2946
vt 0.815079 0.773300
vt 0.815081 0.773304
f 484/10148/484 3350/10149/3350 2203/3813/2203
vt 0.681274 0.827621
vt 0.681280 0.827614
vt 0.681278 0.827621
f 1554/10150/1554 1537/10151/1537 3441/10152/3441
vt 0.590034 0.674435
vt 0.590027 0.674438
f 3323/10153/3323 3144/4036/3144 2744/10154/2744
vt 0.484444 0.985695
vt 0.484497 0.985718
f 3403/10155/3403 908/29/908 9/10156/9
vt 0.015495 0.282824
vt 0.015495 0.282828
vt 0.015496 0.282829
f 3374/10157/3374 3322/10158/3322 3375/10159/3375
f 1537/719/1537 1538/5181/1538 1539/720/1539
f 2337/6664/2337 3326/9898/3326 2339/6665/2339
f 3328/8266/3328 2657/8265/2657 2518/8264/2518
vt 0.210692 0.917044
f 3373/9934/3373 1530/9935/1530 2007/10160/2007
f 249/4602/249 3329/4604/3329 1181/4605/1181
vt 0.999691 0.851040
f 1181/4603/1181 3329/10161/3329 2693/4606/2693
vt 0.999158 0.082328
f 1260/4172/1260 644/10162/644 1259/4730/1259
f 644/4733/644 1261/378/1261 1259/380/1259
vt 0.995295 0.857164
vt 0.995238 0.857165
f 3336/10163/3336 1179/754/1179 3350/10164/3350
vt 0.998955 0.357624
vt 0.998962 0.357651
vt 0.998947 0.357613
f 572/10165/572 2195/10166/2195 334/10167/334
vt 0.998940 0.357609
f 1896/10167/1896 572/10168/572 334/8668/334
f 2492/6979/2492 2464/2083/2464 2466/2085/2466
vt 0.879623 0.376099
vt 0.879616 0.376099
f 514/10169/514 3327/10170/3327 1691/7056/1691
vt 0.128780 0.551456
vt 0.128777 0.551460
f 2534/10171/2534 2862/10172/2862 2861/2208/2861
vt 0.735689 0.467794
f 404/10173/404 2190/2323/2190 2593/2325/2593
vt 0.842336 0.436084
f 404/10174/404 2593/2326/2593 2594/2328/2594
f 2693/2520/2693 3329/7561/3329 3330/2518/3330
vt 0.185099 0.585983
f 2534/10175/2534 2861/3005/2861 2881/3007/2881
vt 0.620104 0.052711
f 767/8267/767 3328/8263/3328 2581/10176/2581
vt 0.203203 0.061977
vt 0.203202 0.061972
f 2786/3491/2786 3238/10177/3238 3035/10178/3035
vt 0.001953 0.001099
vt 0.001923 0.000977
vt 0.001938 0.000977
f 21/10179/21 2735/10180/2735 437/10181/437
f 2086/3814/2086 3110/9161/3110 3123/9162/3123
vt 0.657532 0.999510
vt 0.657501 0.999521
vt 0.657501 0.999521
f 1140/10182/1140 1916/10183/1916 1915/10184/1915
vt 0.359385 0.992025
vt 0.359383 0.991997
vt 0.359386 0.991993
f 3397/10185/3397 2221/10186/2221 3310/10187/3310
f 3327/10095/3327 559/10094/559 1691/3212/1691
vt 0.911377 0.001831
f 2027/1356/2027 3340/10107/3340 604/10188/604
vt 0.000223 0.930254
vt 0.000211 0.930238
vt 0.000198 0.930222
f 3404/10189/3404 3331/10190/3331 163/10191/163
vt 0.916504 0.000046
f 2236/10128/2236 1864/1161/1864 2508/10192/2508
vt 0.041804 0.999937
f 3331/10193/3331 3286/8347/3286 163/3316/163
vt 0.528035 0.627922
f 2427/10194/2427 817/6899/817 2831/6897/2831
vt 0.132515 0.550423
f 2534/8237/2534 3333/10195/3333 2910/8236/2910
f 2977/3294/2977 3334/3296/3334 533/8529/533
vt 0.999055 0.082187
vt 0.999054 0.082184
f 3335/10196/3335 2297/9303/2297 155/10197/155
vt 0.999207 0.082092
f 3335/4173/3335 155/10198/155 156/4174/156
vt 0.999552 0.850885
vt 0.999550 0.850929
f 3332/4598/3332 3336/10199/3336 249/10200/249
vt 0.165848 0.269711
vt 0.165833 0.269730
vt 0.165802 0.269753
f 1565/10201/1565 474/10202/474 3231/10203/3231
vt 0.620096 0.052711
vt 0.620095 0.052711
vt 0.620096 0.052711
f 518/10204/518 767/10205/767 1033/10206/1033
vt 0.187442 0.189420
vt 0.187442 0.189420
f 3337/10207/3337 3354/5436/3354 118/10208/118
vt 0.187442 0.189416
vt 0.187442 0.189420
f 3372/5437/3372 3347/10209/3347 506/10210/506
vt 0.842644 0.424042
f 3303/1188/3303 3338/10211/3338 1053/1189/1053
f 2735/6309/2735 2163/1566/2163 1026/6310/1026
f 2275/1922/2275 3335/6732/3335 1260/1923/1260
vt 0.006287 0.074341
f 3341/6825/3341 437/10212/437 2401/1979/2401
f 3333/7159/3333 2534/2207/2534 2045/2209/2045
vt 0.184595 0.588759
vt 0.184595 0.588760
f 2492/2252/2492 2555/10213/2555 3359/10214/3359
vt 0.006051 0.922532
f 3343/10215/3343 707/2500/707 2074/2502/2074
vt 0.997297 0.084330
f 533/10216/533 3334/10081/3334 2830/10090/2830
vt 0.482146 0.429027
vt 0.482146 0.429027
f 2427/10217/2427 2831/7950/2831 2428/10218/2428
vt 0.475441 0.000034
vt 0.475502 0.000034
f 3352/8135/3352 3339/10219/3339 1450/10220/1450
vt 0.475464 0.000031
f 1450/10220/1450 3339/10221/3339 887/8137/887
vt 0.619714 0.052629
vt 0.619711 0.052629
vt 0.619717 0.052629
f 3352/10222/3352 768/10223/768 3339/10224/3339
vt 0.619717 0.052629
f 3365/10225/3365 3339/10224/3339 768/10223/768
f 3339/8150/3339 3365/10225/3365 885/8151/885
f 3333/8234/3333 2048/8233/2048 2910/8237/2910
vt 0.000046 0.114594
f 3421/3563/3421 3341/10226/3341 3054/3564/3054
vt 0.000046 0.114624
f 3054/3587/3054 3341/10227/3341 2400/3588/2400
vt 0.243145 0.765088
f 2800/9097/2800 3342/10228/3342 446/9098/446
f 3342/9104/3342 3111/3759/3111 3114/3761/3114
vt 0.326691 0.747589
f 3342/9176/3342 2775/9175/2775 446/10229/446
vt 0.208616 0.917723
f 1530/9354/1530 2444/3995/2444 786/10230/786
vt 0.999557 0.849167
vt 0.999570 0.849172
vt 0.999573 0.849182
f 3336/10231/3336 335/10232/335 249/10233/249
vt 0.006098 0.922502
vt 0.006092 0.922503
f 3343/10234/3343 863/10235/863 1935/9501/1935
f 3343/9502/3343 1935/9745/1935 3316/9503/3316
vt 0.999748 0.079262
f 1260/4727/1260 3335/10236/3335 644/376/644
vt 0.661148 0.997858
f 3185/9714/3185 2952/9715/2952 2953/10237/2953
f 3334/10081/3334 3304/10080/3304 2830/10090/2830
vt 0.009963 0.921991
vt 0.009962 0.921992
f 2072/10238/2072 2074/10135/2074 707/10239/707
f 3350/10164/3350 1179/754/1179 1273/756/1273
vt 0.001953 0.000977
f 21/10179/21 437/10181/437 360/10240/360
vt 0.009953 0.921991
f 2072/10238/2072 707/10239/707 3321/10241/3321
vt 0.857193 0.999985
f 336/276/336 3000/278/3000 3351/10242/3351
vt 0.211311 0.916634
f 3346/5166/3346 1529/5165/1529 1147/10243/1147
vt 0.374638 0.453321
vt 0.374639 0.453321
f 1146/10244/1146 1670/884/1670 2798/10245/2798
vt 0.662796 0.999374
vt 0.662781 0.999390
f 1775/10246/1775 1774/1047/1774 2898/10247/2898
vt 0.015489 0.282616
vt 0.015489 0.282614
f 642/10248/642 1700/6471/1700 2248/10249/2248
vt 0.184598 0.588749
vt 0.184596 0.588754
f 2836/10250/2836 3348/10251/3348 1197/2254/1197
vt 0.433343 0.081165
f 518/10252/518 2588/2315/2588 2590/2317/2590
vt 0.859127 0.993298
f 3351/10253/3351 2629/2394/2629 2164/2396/2164
vt 0.006049 0.922532
f 863/10254/863 3343/10215/3343 1932/2502/1932
f 437/7670/437 3344/7672/3344 2401/7673/2401
vt 0.528022 0.627913
f 2804/2772/2804 3349/10255/3349 2427/2773/2427
vt 0.763107 0.250357
vt 0.763062 0.250366
f 989/10256/989 91/10257/91 667/2895/667
f 484/10148/484 335/3811/335 3350/10149/3350
vt 0.999588 0.851028
vt 0.999596 0.851158
f 3336/10258/3336 3350/10259/3350 335/274/335
vt 0.857443 0.986376
vt 0.857439 0.986334
f 3351/10260/3351 3363/10261/3363 2629/3531/2629
f 3260/9935/3260 3346/9935/3346 1147/10160/1147
f 3346/9935/3346 3260/9935/3260 2007/9933/2007
vt 0.857433 0.986332
vt 0.857422 0.986328
f 3000/10262/3000 2992/9944/2992 3351/10263/3351
vt 0.619745 0.052629
vt 0.619744 0.052629
vt 0.619742 0.052629
f 3328/10264/3328 3352/10265/3352 2581/10266/2581
vt 0.619746 0.052629
f 3352/10265/3352 761/10267/761 2581/10266/2581
vt 0.620093 0.052711
vt 0.620094 0.052711
vt 0.620094 0.052711
f 2581/10268/2581 1643/10269/1643 767/10270/767
vt 0.187441 0.189509
vt 0.187441 0.189510
vt 0.187441 0.189510
f 2374/10271/2374 506/10272/506 3347/10273/3347
vt 0.296936 0.998535
vt 0.296913 0.998550
f 904/10274/904 3396/4223/3396 2469/10275/2469
f 1505/5125/1505 3210/9750/3210 1507/5123/1507
vt 0.580231 0.000168
f 1642/5345/1642 199/10276/199 1643/5344/1643
f 1209/6781/1209 3356/6783/3356 2386/6782/2386
vt 0.010040 0.203003
f 2699/2535/2699 3357/2537/3357 1507/10277/1507
vt 0.218755 0.014753
vt 0.218756 0.014754
f 1416/10278/1416 1064/7614/1064 1065/10279/1065
f 3176/4222/3176 3353/4224/3353 204/5503/204
vt 0.187360 0.190237
vt 0.187360 0.190232
vt 0.187360 0.190188
f 3354/10280/3354 3380/10281/3380 118/10282/118
vt 0.151020 0.871765
f 1611/4776/1611 1290/409/1290 3307/10283/3307
vt 0.023926 0.191101
vt 0.024017 0.191086
f 456/10284/456 1505/10285/1505 3357/5124/3357
vt 0.374638 0.453321
f 3361/10286/3361 1669/883/1669 1146/885/1146
vt 0.015474 0.281932
vt 0.015474 0.281928
vt 0.015474 0.281934
f 493/10287/493 1686/10288/1686 642/10289/642
f 3358/5566/3358 1772/1046/1772 1775/1048/1775
vt 0.621654 0.052752
vt 0.621648 0.052754
f 3355/10290/3355 2186/5742/2186 1874/10291/1874
f 3246/5844/3246 3358/5848/3358 1163/5847/1163
vt 0.661346 0.998084
f 3358/5848/3358 3246/5844/3246 3212/10292/3212
f 1611/6234/1611 1613/1509/1613 1292/1511/1292
vt 0.762878 0.250351
f 3356/6783/3356 989/10293/989 667/6784/667
vt 0.181597 0.592941
f 2464/2131/2464 3359/10294/3359 686/7059/686
vt 0.010010 0.203125
vt 0.010025 0.203064
f 456/10295/456 3357/10296/3357 457/2536/457
vt 0.218766 0.014711
f 1416/10297/1416 1065/10091/1065 2714/10093/2714
vt 0.763123 0.250351
f 1213/2896/1213 3356/8019/3356 1209/10298/1209
f 686/9391/686 3359/3258/3359 2965/3257/2965
vt 0.855983 0.298829
f 2936/10299/2936 1394/3313/1394 2421/8565/2421
vt 0.857502 0.999882
vt 0.857500 0.999887
vt 0.857479 0.999889
f 2992/10300/2992 3376/10301/3376 3363/10302/3363
vt 0.218777 0.014726
vt 0.218777 0.014727
f 1415/10303/1415 3073/9931/3073 799/10304/799
vt 0.235129 0.514219
vt 0.235123 0.514230
vt 0.235131 0.514215
f 175/10305/175 188/10306/188 3088/10307/3088
vt 0.235127 0.514223
f 175/10308/175 3121/3796/3121 2709/3798/2709
vt 0.235114 0.514246
f 3088/3804/3088 3121/3803/3121 175/10309/175
vt 0.297184 0.999184
vt 0.297180 0.999207
f 1744/10310/1744 3353/4110/3353 2469/10311/2469
vt 0.481875 0.429300
f 3177/223/3177 3361/10312/3361 1146/224/1146
vt 0.857481 0.999884
vt 0.857422 0.999878
f 2354/10300/2354 3376/10313/3376 2132/10314/2132
vt 0.620095 0.052711
f 1033/10206/1033 767/10205/767 1643/10315/1643
vt 0.000339 0.930272
vt 0.000351 0.930283
vt 0.000359 0.930290
f 2072/10316/2072 1047/10317/1047 3315/10318/3315
f 2374/10271/2374 3347/10273/3347 1706/3116/1706
vt 0.374586 0.453378
f 3361/10319/3361 2020/4303/2020 966/4302/966
vt 0.620255 0.139175
vt 0.620316 0.139175
f 1212/10320/1212 1213/4664/1213 1209/10321/1209
vt 0.218751 0.014803
f 1063/4986/1063 3425/10322/3425 3362/4987/3362
vt 0.165619 0.271332
f 1756/10323/1756 2205/5528/2205 1079/5526/1079
vt 0.208571 0.919192
vt 0.208578 0.919188
f 1877/10324/1877 368/5755/368 3366/10325/3366
vt 0.187478 0.194664
f 2044/10326/2044 1825/6084/1825 1858/6085/1858
vt 0.098372 0.998696
vt 0.098369 0.998696
f 3315/10018/3315 3385/10327/3385 3415/10328/3415
vt 0.000337 0.930282
vt 0.000345 0.930288
vt 0.000352 0.930297
f 86/10329/86 2114/10330/2114 3385/10331/3385
vt 0.857828 0.995638
f 2354/10332/2354 3378/9412/3378 2256/9411/2256
vt 0.676744 0.827077
f 1638/10333/1638 2148/9421/2148 2957/9422/2957
f 3361/10319/3361 3177/5383/3177 2020/4303/2020
vt 0.769077 0.000492
vt 0.769078 0.000493
vt 0.769066 0.000496
f 3138/10334/3138 3429/10335/3429 974/10336/974
vt 0.620300 0.139160
vt 0.620361 0.139160
f 1211/10321/1211 1212/10337/1212 1209/10338/1209
vt 0.218778 0.014740
vt 0.218777 0.014746
f 1415/10339/1415 1396/575/1396 289/10340/289
f 289/4985/289 3362/4987/3362 1416/4988/1416
vt 0.218750 0.014801
f 3362/4989/3362 1397/10341/1397 738/4990/738
vt 0.165298 0.271614
vt 0.165287 0.271624
f 203/10342/203 1756/10343/1756 1079/6936/1079
vt 0.470339 0.000337
f 3365/10344/3365 2519/2911/2519 689/2913/689
vt 0.857361 0.999878
vt 0.857399 0.999886
vt 0.857300 0.999878
f 279/10345/279 2992/10346/2992 3000/10347/3000
vt 0.208567 0.919191
vt 0.208554 0.919198
vt 0.208555 0.919195
f 1759/10348/1759 1877/10349/1877 3366/10350/3366
vt 0.857953 0.995748
vt 0.857943 0.995714
vt 0.857953 0.995743
f 2132/10351/2132 2134/10352/2134 3378/10353/3378
f 852/5336/852 1638/10333/1638 2957/9422/2957
f 3366/9506/3366 3176/9505/3176 1759/4111/1759
vt 0.416267 0.990700
vt 0.416271 0.990700
vt 0.416269 0.990704
f 3205/10354/3205 3065/10355/3065 807/10356/807
vt 0.798175 0.994606
vt 0.798153 0.994659
vt 0.798164 0.994629
f 1898/10357/1898 3312/10358/3312 3449/10359/3449
vt 0.988403 0.231497
vt 0.988373 0.231537
vt 0.988403 0.231495
f 3224/10360/3224 1367/10361/1367 2936/10362/2936
vt 0.857824 0.995619
f 3237/10363/3237 2354/10332/2354 2256/9411/2256
vt 0.857937 0.995693
vt 0.857934 0.995683
vt 0.857952 0.995739
f 2132/10364/2132 3378/10365/3378 2354/10366/2354
f 2834/10110/2834 3322/10112/3322 1689/2849/1689
f 120/1478/120 943/1477/943 2106/6193/2106
vt 0.581995 0.001482
f 3367/6284/3367 2151/6283/2151 3381/10367/3381
f 2315/6612/2315 2316/6615/2316 1898/6610/1898
vt 0.984375 0.564163
f 1541/10368/1541 1540/6778/1540 1404/6777/1404
vt 0.171389 0.265912
f 2219/7993/2219 3369/10369/3369 1660/7994/1660
vt 0.823264 0.018281
f 3370/10370/3370 2842/9520/2842 3171/9521/3171
vt 0.327362 0.281876
vt 0.327351 0.281891
vt 0.327360 0.281876
f 1457/10371/1457 2943/10372/2943 3405/10373/3405
vt 0.327419 0.281754
vt 0.327438 0.281738
vt 0.327419 0.281754
f 3444/10374/3444 1458/10375/1458 3405/10376/3405
vt 0.676812 0.827082
vt 0.676790 0.827081
f 390/10377/390 1345/5333/1345 1165/10378/1165
vt 0.523385 0.815135
vt 0.523384 0.815132
f 1850/10379/1850 1988/10380/1988 1888/1137/1888
vt 0.516204 0.818037
f 1850/10381/1850 1888/1182/1888 1879/1184/1879
vt 0.618467 0.053465
vt 0.618468 0.053466
f 3379/10382/3379 1874/6126/1874 1869/10383/1869
vt 0.581993 0.001474
vt 0.581995 0.001474
f 3381/10367/3381 199/10384/199 3367/10385/3367
vt 0.984375 0.564133
f 443/10386/443 1541/10368/1541 1404/6777/1404
vt 0.790237 0.999977
vt 0.790146 0.999992
f 2394/10387/2394 2393/10388/2393 6/6806/6
vt 0.171388 0.265911
vt 0.171389 0.265904
vt 0.171388 0.265911
f 3372/10389/3372 2347/10390/2347 1660/10391/1660
vt 0.621144 0.052196
vt 0.621146 0.052195
vt 0.621143 0.052197
f 3387/10392/3387 3367/10393/3367 1642/10394/1642
vt 0.988869 0.232956
vt 0.988873 0.232948
f 1365/3538/1365 3224/10395/3224 1060/10396/1060
vt 0.775667 0.000055
vt 0.775658 0.000053
f 3138/10397/3138 3137/3903/3137 837/10398/837
vt 0.015496 0.282827
f 3375/10043/3375 3308/10042/3308 2739/10399/2739
vt 0.000359 0.930305
f 3296/10068/3296 86/10070/86 1047/10400/1047
vt 0.790092 0.999996
vt 0.790039 1.000000
f 2394/10401/2394 6/10402/6 1353/6806/1353
vt 0.988533 0.231483
vt 0.988533 0.231499
f 2771/10403/2771 3324/10404/3324 3224/8736/3224
f 2441/7679/2441 3375/10159/3375 2739/7680/2739
f 3375/10159/3375 2441/7679/2441 3374/10157/3374
vt 0.015496 0.282827
f 3375/10405/3375 3322/10399/3322 835/10042/835
vt 0.416265 0.990700
f 3373/10406/3373 2008/3607/2008 807/3609/807
vt 0.218779 0.014731
vt 0.218779 0.014733
f 799/10407/799 1649/574/1649 1415/10408/1415
vt 0.187442 0.189414
vt 0.187442 0.189415
f 3354/10409/3354 3337/10207/3337 3347/10410/3347
vt 0.676748 0.827080
f 323/10378/323 1638/10411/1638 1165/5336/1165
vt 0.857498 0.999893
f 3376/10301/3376 2353/10412/2353 3363/10302/3363
vt 0.823263 0.018290
f 3370/10413/3370 3389/9518/3389 2842/9521/2842
vt 0.857460 0.999886
f 3376/10313/3376 2992/10414/2992 2132/10314/2132
vt 0.000366 0.930298
f 2072/10316/2072 3315/10318/3315 57/10415/57
vt 0.621147 0.052195
f 3387/10416/3387 1642/8760/1642 829/10394/829
vt 0.187442 0.189418
vt 0.187442 0.189416
f 3372/10410/3372 3354/10417/3354 3347/10418/3347
f 2354/10300/2354 2353/10302/2353 3376/10313/3376
vt 0.988529 0.231495
vt 0.988525 0.231491
f 2771/10419/2771 3224/10420/3224 2936/8736/2936
vt 0.618467 0.053461
f 3379/4260/3379 937/4259/937 936/10421/936
vt 0.619303 0.053141
vt 0.619311 0.053136
f 2176/10422/2176 956/4291/956 957/10423/957
f 956/4290/956 2176/10423/2176 3381/4291/3381
vt 0.984375 0.564842
f 1541/5186/1541 3383/10424/3383 1543/5190/1543
vt 0.984375 0.564827
f 2738/5190/2738 1541/10425/1541 1543/5189/1543
vt 0.165344 0.271561
f 3384/10426/3384 1757/5533/1757 1758/5531/1758
vt 0.000328 0.930275
vt 0.000330 0.930273
f 1047/10427/1047 3385/10428/3385 3315/10330/3315
vt 0.187361 0.190267
vt 0.187361 0.190249
f 3369/6190/3369 3380/10429/3380 3354/10430/3354
vt 0.619293 0.053146
f 3381/10422/3381 628/10431/628 956/4291/956
vt 0.583374 0.000000
vt 0.583370 0.000002
vt 0.583252 0.000000
f 7/10432/7 3387/10433/3387 263/10434/263
vt 0.779549 0.899807
f 852/5317/852 1628/5319/1628 390/10435/390
f 3388/5700/3388 1850/1136/1850 1851/1138/1851
vt 0.098377 0.998693
vt 0.098305 0.998699
vt 0.098361 0.998694
f 2017/10436/2017 2114/10437/2114 86/10438/86
vt 0.583492 0.000002
vt 0.583496 0.000000
f 1738/6600/1738 3387/10439/3387 7/10440/7
vt 0.187476 0.194886
vt 0.187476 0.194890
f 996/1951/996 1527/10441/1527 898/10442/898
vt 0.984375 0.564308
vt 0.984375 0.564285
f 1467/2766/1467 3383/10443/3383 1541/10444/1541
vt 0.208513 0.917772
vt 0.208524 0.917768
f 2106/10445/2106 2444/2047/2444 2728/10446/2728
vt 0.235654 0.513087
vt 0.235655 0.513086
vt 0.235653 0.513089
f 2907/10447/2907 175/10448/175 2708/10449/2708
f 562/7288/562 2580/2301/2580 3388/8582/3388
f 3386/8583/3386 3388/8582/3388 2580/2301/2580
f 2914/8939/2914 3444/8940/3444 1115/3630/1115
vt 0.875797 0.378889
vt 0.875805 0.378891
f 2662/10450/2662 3095/3794/3095 3440/10451/3440
vt 0.753635 0.250482
vt 0.753639 0.250483
f 862/10452/862 3005/9395/3005 1771/10453/1771
f 86/10078/86 2022/10131/2022 2018/6210/2018
vt 0.167328 0.268227
f 1075/161/1075 167/10121/167 3393/10454/3393
vt 0.203202 0.061979
f 3035/10178/3035 3238/10177/3238 799/10455/799
vt 0.184594 0.588761
f 2555/10213/2555 845/10456/845 3359/10214/3359
vt 0.235655 0.513087
f 2907/10457/2907 2708/8207/2708 2904/10449/2904
vt 0.187360 0.190226
f 3380/10281/3380 940/10458/940 118/10282/118
f 86/10427/86 3385/10331/3385 1047/10400/1047
vt 0.753637 0.250482
f 3368/10453/3368 862/10459/862 1771/9398/1771
vt 0.618469 0.053467
f 1869/10383/1869 1874/6126/1874 741/10460/741
f 1365/3538/1365 1060/10396/1060 1059/3539/1059
vt 0.769079 0.000494
vt 0.769085 0.000492
vt 0.769104 0.000488
f 3377/10461/3377 3429/10462/3429 3370/10463/3370
vt 0.788124 0.997692
f 355/4878/355 3390/10464/3390 1352/4879/1352
vt 0.417145 0.989143
f 3391/10465/3391 1742/5500/1742 1743/5501/1743
vt 0.165299 0.271599
f 3393/10466/3393 2916/8272/2916 1075/8273/1075
vt 0.620091 0.052711
f 3394/3895/3394 1643/3894/1643 199/10467/199
vt 0.620127 0.052706
f 3394/4394/3394 2176/10468/2176 1034/127/1034
vt 0.762390 0.250542
vt 0.762329 0.250549
f 1083/10469/1083 91/10470/91 989/166/989
vt 0.677498 0.828022
vt 0.677505 0.828026
f 3390/10471/3390 355/10472/355 1345/325/1345
vt 0.788170 0.997700
vt 0.788269 0.997711
f 3390/10473/3390 148/10474/148 1352/4879/1352
vt 0.417145 0.989136
f 587/10475/587 3391/10465/3391 1743/5501/1743
vt 0.359390 0.990341
vt 0.359375 0.990295
vt 0.359375 0.990234
f 2469/10476/2469 3392/10477/3392 1744/10478/1744
f 970/6503/970 1458/6502/1458 440/4311/440
f 731/2768/731 2738/5184/2738 3412/2768/3412
vt 0.763084 0.250361
f 1084/2894/1084 1083/10479/1083 989/10256/989
vt 0.437683 0.091208
vt 0.437592 0.091281
f 3401/10480/3401 1534/10481/1534 1771/2946/1771
f 794/8227/794 1246/8225/1246 188/8228/188
vt 0.165309 0.271589
f 3393/10482/3393 1757/8271/1757 2916/8273/2916
vt 0.988571 0.231461
vt 0.988556 0.231476
vt 0.988556 0.231445
f 3395/10483/3395 1060/10484/1060 3324/10485/3324
vt 0.620089 0.052711
vt 0.620089 0.052711
f 2176/10467/2176 3394/10486/3394 199/10487/199
f 2989/9476/2989 862/4078/862 2756/4080/2756
f 52/4144/52 3396/9560/3396 3168/4145/3168
vt 0.359421 0.991409
vt 0.359427 0.991395
f 3416/10488/3416 3397/10489/3397 2513/4161/2513
vt 0.325278 0.283617
vt 0.325278 0.283616
f 3214/10490/3214 3231/10491/3231 167/1579/167
f 209/9888/209 1869/5726/1869 1870/5729/1870
vt 0.325279 0.283616
vt 0.325279 0.283615
f 3214/10492/3214 167/10493/167 1453/1579/1453
vt 0.296921 0.998505
f 904/10274/904 2469/10275/2469 3353/10494/3353
vt 0.002198 0.114013
vt 0.002213 0.113998
vt 0.002205 0.114006
f 810/10495/810 529/10496/529 3421/10497/3421
vt 0.364296 0.989853
vt 0.364288 0.989849
vt 0.364288 0.989847
f 1940/10498/1940 2512/10499/2512 3416/10500/3416
vt 0.620789 0.053181
f 3401/10501/3401 2065/7075/2065 1014/116/1014
f 3399/4261/3399 3379/4260/3379 209/6122/209
vt 0.439453 0.088501
f 3272/5157/3272 3399/5159/3399 209/10502/209
vt 0.439438 0.088402
f 1525/846/1525 937/845/937 3399/10503/3399
vt 0.391125 0.011568
vt 0.391121 0.011578
f 3400/10504/3400 1398/10505/1398 2395/2833/2395
f 492/4367/492 3401/10501/3401 1014/116/1014
vt 0.437866 0.091057
f 3408/2947/3408 3401/10506/3401 492/5558/492
vt 0.543537 0.266936
vt 0.543533 0.266937
f 350/10507/350 3005/10508/3005 862/8569/862
vt 0.544098 0.266544
vt 0.544097 0.266543
vt 0.544098 0.266541
f 2989/10509/2989 350/10510/350 862/10511/862
vt 0.236708 0.511419
f 3402/8718/3402 794/10512/794 2904/3453/2904
vt 0.234789 0.514406
vt 0.234788 0.514407
f 3101/3724/3101 2218/10513/2218 3411/10514/3411
vt 0.203444 0.057117
vt 0.203445 0.057129
f 293/10515/293 3207/4205/3207 898/10516/898
vt 0.359379 0.992123
f 3397/6417/3397 3403/10517/3403 9/6418/9
vt 0.364281 0.989861
vt 0.364288 0.989868
f 2512/10518/2512 198/10519/198 2031/8722/2031
vt 0.327370 0.281860
f 1457/10371/1457 3405/10373/3405 435/10520/435
vt 0.475172 0.995192
f 296/1366/296 2512/10521/2512 2031/1366/2031
vt 0.984375 0.564240
f 2802/2768/2802 2738/2768/2738 731/10522/731
vt 0.437500 0.091354
f 1534/10481/1534 467/10523/467 1771/2946/1771
vt 0.203448 0.057139
f 3398/10516/3398 293/10524/293 898/887/898
vt 0.663696 0.996794
f 3406/10525/3406 1221/4887/1221 3185/4888/3185
vt 0.001617 0.431366
vt 0.001617 0.431305
f 1378/10526/1378 1380/4927/1380 1049/10527/1049
vt 0.663635 0.996819
f 3406/10528/3406 1356/4885/1356 1221/4888/1221
vt 0.001587 0.431335
vt 0.001587 0.431274
f 1051/10527/1051 1378/10529/1378 1049/10530/1049
vt 0.164778 0.267287
vt 0.164772 0.267292
f 3407/10531/3407 504/10532/504 2172/9961/2172
vt 0.000381 0.930130
f 617/6256/617 3415/6258/3415 3404/10533/3404
vt 0.309731 0.701057
f 225/1878/225 3410/10534/3410 1604/1876/1604
vt 0.481823 0.429238
vt 0.481824 0.429237
vt 0.481823 0.429238
f 196/10535/196 3109/10536/3109 3411/10537/3411
f 3408/7254/3408 2565/2270/2565 1535/2272/1535
f 3410/7525/3410 225/10001/225 3306/7526/3306
vt 0.984375 0.564426
vt 0.984375 0.564423
f 3412/10538/3412 1543/2609/1543 2819/10539/2819
vt 0.984375 0.572342
f 3412/10540/3412 2819/3596/2819 250/7897/250
f 3416/8721/3416 2512/7101/2512 296/8722/296
vt 0.622311 0.052525
f 3272/5736/3272 3414/10541/3414 1769/5737/1769
vt 0.621654 0.052753
vt 0.621648 0.052755
vt 0.621648 0.052755
f 3355/10542/3355 1874/10543/1874 350/10544/350
vt 0.364294 0.989855
f 3397/10498/3397 3416/10545/3416 3403/8720/3403
vt 0.002198 0.114013
f 529/10495/529 1732/10497/1732 3421/10546/3421
vt 0.000219 0.929914
vt 0.000221 0.929924
vt 0.000217 0.929913
f 3415/10547/3415 2138/10548/2138 57/10549/57
f 1940/10498/1940 3416/10500/3416 2513/7103/2513
vt 0.998588 0.733294
vt 0.998589 0.733292
f 3412/10550/3412 250/10551/250 3228/7668/3228
vt 0.000214 0.929901
vt 0.000217 0.929909
f 3315/10552/3315 3415/10553/3415 57/10549/57
vt 0.000224 0.930254
vt 0.000205 0.930230
f 617/10554/617 3404/10555/3404 163/10191/163
vt 0.098355 0.998697
vt 0.098363 0.998697
f 2114/10020/2114 3404/10556/3404 3415/10557/3415
vt 0.165265 0.271636
f 3417/10558/3417 2204/8293/2204 2893/8294/2893
vt 0.006943 0.421921
vt 0.006897 0.421936
f 879/10559/879 878/5/878 992/10560/992
vt 0.779815 0.900345
vt 0.779831 0.900368
f 3418/10561/3418 3325/10562/3325 1557/743/1557
vt 0.429955 0.699558
vt 0.429945 0.699559
f 553/10563/553 3419/10564/3419 1806/5635/1806
vt 0.218755 0.014767
f 289/10565/289 1416/7612/1416 2714/10279/2714
f 3318/7939/3318 397/7941/397 2825/7943/2825
vt 0.620111 0.052711
f 3420/8268/3420 2657/8265/2657 2664/10566/2664
vt 0.165275 0.271625
f 3417/10567/3417 2916/8291/2916 2204/8294/2204
vt 0.657501 0.999521
f 1140/10182/1140 1915/10184/1915 2040/10568/2040
vt 0.187478 0.194633
vt 0.187477 0.194667
vt 0.187477 0.194669
f 2347/10569/2347 506/10570/506 2044/10571/2044
vt 0.218777 0.014742
vt 0.218777 0.014740
f 1415/10572/1415 289/10573/289 2714/3501/2714
vt 0.482140 0.429028
vt 0.482140 0.429031
f 2732/10574/2732 2731/10575/2731 1146/9360/1146
vt 0.534792 0.277572
vt 0.534792 0.277571
f 2732/10576/2732 1146/10577/1146 2798/2756/2798
f 2114/10020/2114 3415/10557/3415 3385/10327/3385
vt 0.482140 0.429027
f 2732/10578/2732 2798/9360/2798 2617/9359/2617
vt 0.399567 0.000706
vt 0.399536 0.000713
vt 0.399597 0.000694
f 1063/10579/1063 289/10580/289 1396/10581/1396
vt 0.000626 0.682816
vt 0.000618 0.682838
vt 0.000610 0.682800
f 65/10582/65 3427/10583/3427 1448/10584/1448
vt 0.618483 0.053453
vt 0.618484 0.053452
f 3423/10585/3423 936/1413/936 107/10586/107
vt 0.618477 0.053459
f 3423/6125/3423 350/10587/350 1874/6126/1874
vt 0.187446 0.190881
vt 0.187446 0.190865
vt 0.187446 0.190850
f 671/10588/671 3452/10589/3452 2374/10590/2374
vt 0.660248 0.998254
f 2887/3014/2887 3424/10591/3424 2885/3012/2885
vt 0.657761 0.999390
f 3424/8255/3424 397/10592/397 213/8256/213
f 2824/3236/2824 3424/8449/3424 2887/3237/2887
vt 0.544094 0.266550
f 3423/8628/3423 107/10593/107 3005/8629/3005
vt 0.482141 0.429024
f 3422/9532/3422 743/9361/743 2846/10594/2846
vt 0.007011 0.421898
f 3191/10595/3191 877/4/877 879/6/879
vt 0.150616 0.872574
vt 0.150616 0.872574
f 3307/10596/3307 546/5294/546 1612/10597/1612
vt 0.150612 0.872581
vt 0.150616 0.872574
f 1611/10597/1611 3307/10598/3307 1612/10599/1612
vt 0.857344 0.999884
vt 0.857382 0.999891
f 2133/10600/2133 2132/10601/2132 2992/10347/2992
f 936/10421/936 3423/6125/3423 3379/6123/3379
vt 0.857379 0.999892
vt 0.857376 0.999893
f 2133/10602/2133 2992/10603/2992 279/10347/279
f 2410/3724/2410 2218/10514/2218 3101/3725/3101
vt 0.002201 0.114010
vt 0.002205 0.114006
vt 0.002198 0.114013
f 3341/10604/3341 3421/10605/3421 360/10606/360
vt 0.399536 0.000711
f 1063/10607/1063 1396/4946/1396 1061/10581/1061
f 2733/9358/2733 2732/10578/2732 2617/9359/2617
vt 0.002205 0.114006
vt 0.002205 0.114006
f 3341/10608/3341 360/10609/360 437/10606/437
vt 0.400146 0.000565
f 3425/4426/3425 1062/157/1062 415/10610/415
vt 0.218751 0.014819
vt 0.218750 0.014832
f 1397/10341/1397 3425/10611/3425 415/10612/415
vt 0.001701 0.684853
vt 0.001709 0.684814
f 3426/10613/3426 65/10614/65 1445/614/1445
f 1447/5040/1447 3427/10583/3427 65/10582/65
vt 0.009598 0.631058
vt 0.009583 0.631073
f 1712/10615/1712 1449/952/1449 65/10616/65
vt 0.176695 0.756634
vt 0.176694 0.756631
f 3428/10617/3428 1731/10618/1731 262/5487/262
vt 0.643622 0.656082
vt 0.643622 0.656082
f 1591/10619/1591 1590/7750/1590 1368/10620/1368
vt 0.769051 0.000526
f 3377/9272/3377 857/10621/857 3132/9273/3132
f 3425/10322/3425 1397/10341/1397 3362/4987/3362
vt 0.643627 0.656075
f 2287/10620/2287 1591/10622/1591 1368/1857/1368
f 988/1951/988 1527/10442/1527 996/1952/996
vt 0.481823 0.429238
f 2500/10535/2500 3109/10537/3109 196/10623/196
vt 0.367867 0.458599
vt 0.367864 0.458601
vt 0.367864 0.458601
f 2943/10624/2943 1115/10625/1115 3405/10626/3405
vt 0.681526 0.827774
vt 0.681526 0.827782
f 130/10627/130 3441/10628/3441 1154/4549/1154
vt 0.009628 0.631027
f 769/10629/769 1711/951/1711 1712/953/1712
vt 0.009567 0.631081
f 1250/954/1250 769/10630/769 1712/955/1712
vt 0.773842 0.000008
vt 0.773722 0.000008
vt 0.773721 0.000008
f 1779/10631/1779 1780/10632/1780 3431/10633/3431
f 3429/10335/3429 3377/10461/3377 974/10336/974
vt 0.837259 0.430086
vt 0.837258 0.430085
f 1362/3861/1362 1361/10634/1361 3432/10635/3432
vt 0.769091 0.000490
f 3389/10636/3389 3429/10462/3429 3138/10334/3138
f 3429/10462/3429 3389/10636/3389 3370/10463/3370
f 775/10624/775 1115/10626/1115 2943/4084/2943
vt 0.131409 0.547729
f 1237/10637/1237 1238/353/1238 1240/4702/1240
vt 0.515880 0.813944
f 3153/10638/3153 2682/9330/2682 1373/9331/1373
vt 0.523070 0.813925
f 1656/5365/1656 3430/10639/3430 3063/9462/3063
vt 0.775482 0.000031
vt 0.775543 0.000031
f 905/3907/905 3431/10640/3431 1781/10641/1781
vt 0.839760 0.428115
vt 0.839737 0.428124
f 3432/10642/3432 3364/10643/3364 3128/3913/3128
vt 0.000031 0.672089
vt 0.000000 0.672119
f 2488/10644/2488 844/9377/844 769/10645/769
vt 0.309713 0.690358
vt 0.309709 0.690364
f 1645/10646/1645 3410/10647/3410 3287/7527/3287
vt 0.839111 0.428370
vt 0.839066 0.428389
vt 0.839058 0.428391
f 1865/10648/1865 3364/10649/3364 1360/10650/1360
vt 0.416267 0.990707
f 3205/10354/3205 807/10356/807 3069/10651/3069
vt 0.327420 0.281754
f 3405/10376/3405 1458/10375/1458 435/10652/435
vt 0.309705 0.690368
f 1645/10653/1645 3287/10003/3287 2685/7527/2685
vt 0.681271 0.827637
vt 0.681275 0.827636
vt 0.681275 0.827636
f 1933/10654/1933 1554/10655/1554 3441/10656/3441
vt 0.999832 0.233276
vt 0.999832 0.233276
f 1052/3120/1052 3434/10657/3434 2925/10658/2925
vt 0.325889 0.283263
vt 0.325882 0.283264
f 3433/10659/3433 2914/10660/2914 3264/9709/3264
vt 0.325868 0.283263
f 1114/9709/1114 3433/10661/3433 3264/9919/3264
vt 0.988617 0.231537
vt 0.988617 0.231506
f 3435/10662/3435 1060/10663/1060 3395/4424/3395
vt 0.000092 0.672028
f 354/10664/354 3195/9379/3195 2488/9378/2488
vt 0.516010 0.815285
vt 0.516014 0.815273
vt 0.516012 0.815281
f 1652/10665/1652 3436/10666/3436 1656/10667/1656
vt 0.988640 0.231491
vt 0.988632 0.231476
f 3435/10668/3435 1059/10663/1059 1060/10669/1060
vt 0.839058 0.432465
vt 0.839062 0.432465
f 1359/4896/1359 3437/10670/3437 1361/10671/1361
vt 0.955437 0.353683
f 3438/10672/3438 2946/927/2946 1697/929/1697
vt 0.555930 0.705079
f 3430/9553/3430 3439/10673/3439 3003/3380/3003
vt 0.555935 0.705075
f 3439/8620/3439 3153/10674/3153 1951/3378/1951
vt 0.515881 0.813942
f 3436/9329/3436 1652/10675/1652 2682/9330/2682
vt 0.516018 0.815262
f 1656/10667/1656 3439/9461/3439 3430/10676/3430
f 3439/9461/3439 1656/10667/1656 3436/9459/3436
f 354/9535/354 3173/4125/3173 48/10645/48
f 1646/9757/1646 773/9756/773 3197/5350/3197
vt 0.875790 0.378891
f 2662/10450/2662 3440/10451/3440 3067/10677/3067
f 2347/10569/2347 2044/10571/2044 1858/6085/1858
vt 0.779331 0.899748
vt 0.779318 0.899732
vt 0.779318 0.899732
f 20/10678/20 2923/10679/2923 3371/10680/3371
f 3441/10628/3441 1153/4550/1153 1154/4549/1154
vt 0.681534 0.827759
f 1153/4550/1153 3441/10628/3441 109/10681/109
f 1779/10631/1779 3431/10633/3431 973/5582/973
vt 0.327646 0.281261
vt 0.327645 0.281263
f 3382/4010/3382 3433/10682/3433 1566/10683/1566
vt 0.000015 0.618149
f 1330/7659/1330 3442/10684/3442 1216/7658/1216
vt 0.000069 0.617973
f 48/322/48 3442/10685/3442 354/9593/354
vt 0.002319 0.622192
f 3442/7043/3442 3195/7042/3195 354/10686/354
vt 0.208395 0.917807
vt 0.208406 0.917803
f 3066/10687/3066 368/7695/368 3448/10688/3448
f 2277/9291/2277 2222/3940/2222 2194/9292/2194
f 1215/322/1215 3442/9594/3442 48/7656/48
vt 0.327643 0.281286
vt 0.327642 0.281289
vt 0.327641 0.281288
f 1458/10689/1458 3444/10690/3444 3053/10691/3053
vt 0.327423 0.281746
vt 0.327427 0.281738
vt 0.327431 0.281738
f 3444/10692/3444 3382/10693/3382 3053/10694/3053
vt 0.779747 0.900257
vt 0.779756 0.900268
f 3371/10695/3371 3418/10696/3418 1558/747/1558
vt 0.779762 0.900276
f 3371/10697/3371 1558/745/1558 1285/747/1285
f 1362/3861/1362 3432/10635/3432 3127/3832/3127
f 3382/4010/3382 1566/10683/1566 2170/4011/2170
vt 1.000000 0.233154
f 3434/4581/3434 330/4580/330 1102/10698/1102
vt 0.165833 0.269722
f 3231/10203/3231 3446/10699/3446 1565/10201/1565
vt 0.325276 0.283616
f 3446/6335/3446 3231/10700/3231 3214/1581/3214
vt 0.433132 0.694098
vt 0.433181 0.694052
vt 0.433186 0.694047
f 258/10701/258 3447/10702/3447 2278/10703/2278
vt 0.187446 0.190544
f 671/6761/671 1817/6763/1817 3452/10704/3452
vt 0.430038 0.699471
f 2278/10705/2278 3447/8500/3447 2270/8503/2270
f 3445/8502/3445 2270/8503/2270 3447/8500/3447
f 3447/9290/3447 2182/1596/2182 2277/3941/2277
vt 0.208563 0.917742
vt 0.208566 0.917741
f 2728/10706/2728 120/7649/120 2106/10707/2106
vt 0.369514 0.397896
f 3446/9645/3446 1114/6143/1114 1565/10708/1565
vt 0.798176 0.994598
f 1898/10357/1898 3449/10359/3449 2329/10709/2329
f 3364/10648/3364 3432/10650/3432 1360/1165/1360
vt 0.779318 0.899732
f 20/10678/20 3371/10680/3371 1882/10710/1882
f 1825/1100/1825 3450/1102/3450 1826/5662/1826
vt 0.131287 0.547638
vt 0.131317 0.547653
f 280/10711/280 3451/10712/3451 1106/354/1106
vt 0.001480 0.432877
vt 0.001465 0.432861
f 3451/10713/3451 1240/524/1240 1106/10714/1106
f 3450/5651/3450 1817/1088/1817 3209/1090/3209
vt 0.187475 0.194815
vt 0.187475 0.194834
f 1826/5662/1826 3450/10715/3450 253/10716/253
vt 0.187446 0.190789
vt 0.187446 0.190728
vt 0.187446 0.190789
f 3452/10717/3452 506/10718/506 2374/10719/2374
vt 0.515880 0.813944
vt 0.515881 0.813942
vt 0.515879 0.813946
f 507/10720/507 1951/10721/1951 3153/10722/3153
vt 0.752481 0.576092
f 1019/7211/1019 1027/7210/1027 659/10723/659
vt 0.482142 0.429026
f 2428/10724/2428 755/9529/755 3422/9280/3422
vt 0.482142 0.429025
f 2846/9281/2846 3142/9280/3142 3422/10725/3422
vt 0.171951 0.995193
f 1524/9702/1524 1523/2976/1523 131/10726/131
vt 0.171389 0.265906
f 1660/10727/1660 3369/10369/3369 3372/10390/3372
vt 0.482141 0.429025
f 2428/10728/2428 3422/9531/3422 3142/9280/3142
vt 0.515880 0.813943
vt 0.515880 0.813944
f 507/10729/507 3153/10730/3153 1373/9331/1373
vt 0.681274 0.827637
f 1933/10654/1933 3441/10656/3441 130/10731/130
f 1361/10671/1361 3437/10670/3437 1360/4898/1360
vt 0.416271 0.990695
vt 0.416269 0.990696
f 2728/10732/2728 3373/10406/3373 807/10733/807
vt 0.187446 0.190858
vt 0.187446 0.190850
f 3452/10734/3452 2044/10735/2044 506/10590/506
vt 0.999374 0.232834
vt 0.999374 0.232834
f 3434/10736/3434 1029/4004/1029 1031/10737/1031
vt 0.999382 0.232826
f 3434/10736/3434 1031/10737/1031 2925/10738/2925
vt 0.416264 0.990700
f 3448/10733/3448 2728/10739/2728 807/3609/807
# 6679 faces, 10739 coords texture

# End of File
